-22.25,56,-6.52,66.88,-22,-5.43,116,72.6,-10.87,141,-21,64.23,19.72,99,29,48.99,76,127,124,30,61.09,36,37,-5,56.52,13,-12,-23.5,16,133,25.48,45,41,71.42,52.31,68,43.24,10,27,-20.87
96,0,62.48,14.54,72.4,-21.84,112,-5,59.99,-13,80,46.88,137,59.1,141,-40,-15.24,28.96,122,-12.34,126,35.58,42.72,50,36,68.82,36,23,33.09,-11.21,124,-10,84,58.65,68.56,140,31,20.44,4.81,-31
59.98,91,51,102,0.91,126,-22,54,144,-7.58,32,-34,-19.59,-11,117,69.34,60,5,-1.58,-48,148,20.53,11.48,34,28.77,142,-12.13,25.39,-42,62,134,5.57,114,51,3.61,-15.81,37,32,23.16,99
91,88,32.98,96,5,0.9,44.54,52.83,-9.6,87,45,28.51,54,64,112,56.74,58.5,135,-19.58,29.24,134,3,-9.82,123,-25,14,14.63,20,123,73.15,-21,-18,-5.4,28.43,-34,-42,122,125,13,-13.29
-6.16,36.73,58.63,27,49.74,134,22.52,-20.75,139,9,12,-35,33.13,-11,114,146,-33,59,-34,45.08,63.03,40.19,-27,14,-18,47.75,21.62,30,38,23,24.63,143,30,134,24.53,-36,104,43,36.97,96
-20,-14.77,70,-10,6,0,67.45,14,28.06,58,21,14.51,69,64.58,145,11.32,93,84,140,67.06,-49,44.25,3,10,101,29,138,41.81,-1.75,61,-4.42,14,17,4.11,5,73.12,-5,76,107,-19.63
60.97,-5,55,52,23.13,38,106,-40,-14.03,0,60,55,-42,138,10,-24,71.81,20.54,87,13.83,59.15,66.19,138,71.96,62,115,31.55,-13,48.58,101,97,16,90,114,113,22.17,28.55,63.65,43.42,57.21
-15,-12.48,67,38.47,50.17,31,2,71.17,39.17,51.89,149,36.84,-50,93,58,-36,67.31,32,49.67,148,132,66,27,121,-9.03,-5.78,51.41,-18.51,37.78,70,5,-46,37.53,3.28,17,-21.77,35.17,122,-17.92,29
72.04,-15.77,34.78,33,36,33,37.03,120,100,88,-48,111,144,-18,-50,80,80,69,-43,-30,-4,53,125,-5.61,-32,10.19,128,17.05,-4,-4.36,-3,115,67.36,-11,2.55,92,-28,43.26,-20.94,-43
9,19,61,106,112,-35,44.37,94,95,-2.97,18,42,18,131,28.25,10.9,54.79,8,50,137,66,66.12,82,67.48,-18.63,63.21,143,89,-32,-5.86,17,54.77,108,-9.84,113,37,108,-13,120,53.83
-26,66,-23.53,-28,-35,23,-19.4,-15,124,69.57,48.26,138,102,0,51.75,-28,16,-39,47,-9.51,57.74,-14,34.59,-17,45.26,77,-4,59,17,137,-5.89,128,0.79,20.59,-27,18.11,101,1.28,97,28
-7,-21.95,136,113,52,-10.06,98,41.75,37.97,71.59,9.42,142,-9.85,104,123,-11.97,125,55,38,71.34,63.65,-5.8,44.41,22.17,13.06,14.37,10,-20.14,64.9,-0.76,35.18,68,16,14.8,-24.07,99,-21.76,-21,9,117
105,-8.58,29.22,29,-7.68,68.69,145,58.49,92,0.66,44,78,53.96,18,-15.27,64.85,-17,9,107,93,70.09,13.61,10.36,-6.29,-27,45.66,16.87,18,-40,58,-47,53,22.18,12.57,-3.33,-4.03,35.46,-38,50,86
57,67,104,-16,83,-3,137,68,120,123,99,82,-23.12,62,43.36,-4.66,-32,49,-48,-5,-4,-9.25,73.06,120,57.24,62.29,26.79,-19,132,72.13,-7.16,12.93,36.42,133,57.43,14,99,5.38,50,61
58.92,24.44,48.59,106,44.17,99,34,69.66,25,-35,65.28,6,-2.65,142,6,134,30,22,14.27,72,-13,11,18,-6,24.39,29.47,13,113,97,-25,42.64,19.26,40,54,60,-8.51,41,15.04,94,27.82
83,60.29,113,48.24,-4.46,140,38,149,-41,35,144,31.52,-16.77,-20,43.18,82,67.68,66.23,2,62.82,66.85,80,-11,2.04,66.33,71.19,14,70,31,24.06,47,144,-45,-8.07,15.3,1,66.82,67.48,-22.52,125
8,-13,33.94,69,-12,28.47,133,-2,39.95,66,73.04,23.83,26,-16.09,101,46.2,89,111,-1.83,24.28,11.76,115,123,65.2,147,61.8,21.41,35,-48,118,-40,-1.84,78,-1.46,86,111,122,-47,-16,-9
26,-17.19,9.46,63.67,16.74,105,-1.76,12.56,27.61,36.78,120,63.47,11.1,14,55.71,38.76,-12.1,86,65.12,-13,6.75,53,67.18,-42,-18.23,40,89,37,70,-24.15,-6.23,-40,4,3,-19.25,50.4,59.51,20,101,37
99,96,39.39,19.13,21.22,21.66,29.25,-6,-41,63,-2,59.67,-13.89,144,41,78,-17,60,-23,5.88,33.7,68.75,8.91,142,135,123,64.43,0.87,27.91,-13,145,3.74,-40,77,48.28,7,29,-1.46,-30,71.39
103,-26,52,51,148,-12,97,-0.23,81,107,-38,4,68.16,93,114,146,-18.42,17.66,-25,54,-47,100,50,-24.59,37.57,2.82,-0.93,35.04,64.77,90,79,70,11.8,-26,36,21.5,85,-16.55,29.41,-9.4
-19,12.18,-14.84,14.76,88,56.68,-23,-16.35,44.21,-24.2,-27,-15.17,33.29,-0.71,-29,8,59.08,50,84,-11,64.38,26,104,-42,-32,47.45,69.73,131,114,75,-39,75,-26,58.95,-35,6.13,23,13.06,135,79
24,9.57,21,18,15.56,12,123,26.37,-19.32,142,18,54.56,48.91,34,110,-14.08,56.5,42.21,53,-30,45,147,49.21,12.8,-18.85,63,66.5,91,99,17,90,56,66.25,12,70.75,-13.55,-29,33,137,149
44.72,9,-23,82,19.15,-37,131,29,51,113,-34,-23,133,90,108,17,22.46,1.83,2,5.32,101,19.35,115,76,-28,97,14.99,-22,5,8,-38,60.17,6,64.1,-13.35,102,3,79,62.95,-13.01
66.63,92,37.65,21.94,96,42.72,40,-18.74,57,10,20,-10,43.41,98,-10,40,35,61,-16.65,20,68,-17,7.51,-8,21.58,33,-9.46,61,43.64,22.1,89,8.69,74.3,30,44.25,65.07,-16,18,-26,-1
85,143,139,-19,-10,27,38,-17,-33,-9,-2.87,-30,76,-9,115,140,-35,138,26,26,-23,38.66,36.78,3,56,-2.49,77,117,34.25,63,92,29,-17,70.3,33,-1,128,25.05,63,32.69
52,-49,-4.18,135,14.09,74,-13,21,-24.32,70,-21,81,-10.75,-33,11,43,-46,66.21,-16.47,6.39,21,-11.1,10,-15,143,52.36,70.94,50.21,-40,110,69.66,72,39,-20,57,-6.87,-9,39.17,-20,35.32
90,59,-16.1,64.39,39.54,105,147,65,37.64,43,138,-9.7,38.82,9.06,66,115,110,6,93,39.7,33,41,59,70,-4.33,-6.62,107,8.14,72,-38,64.59,30.02,33.25,9.78,145,-18,-19.35,70,67.88,22
50,69.78,-7,78,19,43,78,31.11,72,41.54,29.39,142,15,-16,33.22,44,23.07,-19,57.39,-17.29,98,138,124,59.39,26,5.64,80,38.16,148,113,66.72,15.44,130,-11.81,-38,32,-50,-10.31,92,30
99,105,148,130,28.12,140,45,-25,-12.69,17.85,39,58.33,-49,27.66,60.34,75,93,31.85,36,-21,21,59,22.75,4.58,70,-12.82,57,1.06,58.26,34.51,65,43.69,127,33.53,-19,65,65.44,88,69.56,45
4.03,88,51.53,16,-32,31.95,31.26,122,-23,27.62,-10.82,46,90,5.91,16,149,26,18,-25,67.29,94,-22.61,103,19.09,110,93,106,54,69.41,88,29.83,28.89,82,-1,6.42,110,42,38,86,-9.93
58,51.41,-3.36,-48,102,-0.41,45.3,71.67,12,45.22,3.13,55.52,-6,77,54.41,-14.89,40,91,25.7,70.74,130,121,24,25,49.84,124,59.59,84,-9.63,-1.35,32,104,9.53,20.15,63.39,131,30,16.51,7,-47
60,129,146,42,-38,-16,-41,116,24.47,21,74,47,33,-18,86,127,-16.89,-2.42,59,-20.74,113,-22.7,24,29.88,48.07,-15.84,55,40,36,-15.34,82,138,3.31,136,-1.2,58,112,77,31,49.7
6.69,-13,62.57,78,99,67.49,-22,-3.13,11.67,68,41,25.59,-18.74,-22.33,105,88,90,49,145,33.7,12,97,55,98,-17.32,1.98,-44,113,138,114,62,-9.17,1,5,46,-8,94,58,149,5
30,73.66,102,33,-2.32,53.8,143,31,53.36,50.53,14.93,52,67.01,8.91,52,-2,-13,32,-4.29,-49,50.39,28.52,53,119,61.51,-21.93,90,74.99,57.04,50.08,-38,-49,52,48.28,62.11,-48,62.25,60.84,132,57.36
110,-3.65,0.43,-22,50.29,136,5,25,24.42,-29,1.17,-32,-4,73.27,14,2.58,24.17,20.03,2.91,148,128,-0.08,-49,-41,70.95,16,149,17,117,43.94,135,53.17,141,60.75,-22.78,51,20,104,44.46,-12.47
3,29.29,122,55,18,44.87,63,50.23,9,57.49,0.19,23,-7,67,-27,45,-6.56,-11.31,148,100,4.29,128,123,122,71.32,103,59,-42,67.05,51,58,25.82,146,134,40,78,84,1,26,11.47
66,3,81,117,112,-31,13.71,31.97,78,-11,105,127,97,88,30,-4,-6.42,-35,57,30,82,21,-12,-1,107,87,66,4.09,48,22,55,51,114,133,96,126,114,56,3,113
-37,-8.9,145,88,-26,-9,46.93,97,95,33.66,57.12,71,55.64,87,22,0,-19.88,-17.84,37,23.62,7,117,102,1,2,11,31,40.15,-24,36.16,141,90,97,75,33,3.98,20.64,141,43.75,-16
119,38.23,80,-4.41,21.69,16.1,58.52,65.19,63.85,70.94,35.17,-3.19,120,41.54,83,23.04,65,120,4,-28,35,56.11,28,-18.86,7.63,-19,30,-2,-33,24,-44,24.96,70.07,-19.7,33.28,-11.66,73,56.54,61.48,69.7
44.46,136,59,147,43,0.92,16,-32,134,71.17,-8.06,33,132,18.41,24.9,11,7,-45,42,53,74.96,109,8,8.71,122,-23.1,118,102,-14.09,49.19,36.46,10,51,-28,45.9,1.89,143,-39,141,130
17.14,-27,-44,103,126,49,-28,6,-16,-16.01,123,-20.64,3,49,25.61,-0.01,43.99,53.98,56.68,51.31,27.63,50,38,36.02,14.52,43,9,53.43,139,-50,-28,123,100,-9,19.03,23,16.78,29.26,-9,-5.02
-37,1.34,72,61,57.98,47.05,77,-22.3,-28,0.41,-7.1,-46,51,34.94,51.34,119,140,52,53,-34,124,3.74,7.21,16.96,-5,-48,-4,142,55.12,104,-5,55.11,47.49,45,24,24.85,91,6,9,-45
3.77,79,-2,37.1,-16.12,-22.2,20.62,131,69.15,-22.93,7.8,13.62,136,128,51.74,-11,73.15,-7.38,137,102,11.73,65.38,6,55.81,70.5,-49,74,78,35.35,-41,18.45,1.69,147,72,11,73.98,31,-1,-43,-5
52.36,69,69.35,43.44,-33,44.41,64,48.69,11.61,28,39,110,26.07,28,81,96,0.55,47.2,60.53,98,65.49,62,99,-43,6,70.15,38,47,14.58,35.6,67.09,36.86,42.25,-4,113,-4,32.92,121,79,63
3.74,33,29,2.72,5.01,-4.48,91,119,-7.05,47,114,-21,15.69,-17,86,58,55.44,73.66,126,-17,30.19,65.49,105,-9.99,145,41,118,-3.59,-19,13.32,118,-30,-15.63,48,30.02,2.76,-4,-35,-4,-5
-43,117,88,128,-6.7,-16.32,-12.85,14,-4.01,-14,-8.98,39.1,-15.13,80,49,95,21,74,21.15,23,58,-48,74.21,6,110,127,-33,61,47.53,-21.44,-20,100,60,29.4,-34,-35,-30,39,-48,55.26
82,58.33,56.8,-9.93,81,52,1,-40,9.35,20,85,23.67,6.25,55,0,21.74,13.49,-22,-46,133,3,33,-0.04,50,18.52,-24.24,17.3,34.24,-19.56,12.33,130,30,30,148,50.71,63.67,-3,-24,16,149
-22,63.82,-14.65,57,-35,90,78,110,76,-26,21,46.21,134,33.64,6,38,107,130,10,3,-11,-28,59,-18.28,97,37,-38,-1.79,44,60,60,50,109,12,48.73,46.2,11.39,-39,30.47,67.44
-39,23.89,74.35,44,6.02,-22,-10,67,15.04,54.43,74,68.51,48,55,-34,91,-22.79,42.5,48.81,63.96,7.41,116,-43,45.23,-36,-47,142,17,50.29,5,130,82,56,-28,-9.2,11,59.27,127,136,-5.33
136,47.08,45,-47,99,58,-0.68,135,60,81,125,-10,65.74,4,23.73,48.43,122,74.24,58,61,-29,30.16,117,41,76,139,37.61,144,63,11,-13.67,-12,24,123,56.54,20.76,28,18,21.02,-0.66
58,-47,-48,30.19,35.03,9,101,-35,27.39,31,49.97,-23.28,-1.38,35.67,52.36,67,1.1,-3.85,74.31,-26,69,-32,45.97,12.67,58.17,20.4,-44,80,28.16,111,24.37,73.69,-20,-20.78,88,-21,51.04,-9.64,116,-26
81,-20.38,-17.93,58,10.87,91,-1.97,45,-50,115,42,42,-22.99,48,-9,-12.93,9.62,-4,19,53.38,74,113,-15,-22.08,-21.27,56.04,18.89,78,-48,15.75,48.28,6.6,29.29,144,-43,61,95,-28,-5,64.34
3,134,140,16.77,63.1,-14.04,56.43,29,2.27,-23.48,43,137,-4,136,49.95,58.77,8.4,91,38.34,19.23,-35,126,-39,57.78,62.33,113,-47,-19.63,38.94,11.17,-10.97,-20.18,-38,91,59.06,117,74,96,78,26.89
142,9.89,121,-45,40,69,5.67,0,39.56,106,21.94,79,83,28.67,-23.97,23.1,17.07,81,51.73,2.26,74,35.87,118,90,64,72,17.85,51.62,71.07,126,-23.36,-8,-39,119,86,-20.03,44,73.74,98,43.99
-28,71,44,60,67.3,-38,79,54.83,32.99,148,31,149,26.55,65.64,-39,-10.58,51.84,22,-31,131,45,132,69.3,58,14,22.81,-39,-29,18.32,25.08,-8,7.03,126,29,-11,58.04,-36,-5,68.98,19.29
-5,42.97,99,136,-24,7.84,23,60,-24.7,26.08,-7.97,-23,-19,10,2.6,126,-29,-4.41,95,96,37.13,33.94,117,76,68,1.28,46.49,33.13,-4,-16,65,50,122,13.32,98,55.7,54,123,0,20
25,68,59.64,110,38,21,-15.97,10.31,6.85,-46,18,66.45,8.71,47.1,41,-25,69,56,73,74.51,65,-5,47,49,59,74.34,13.65,135,62,126,97,27,14.7,42,-10.42,-20,93,31.37,139,55
-11.31,7,38,33,-40,28,-10,-6,102,142,31.46,-42,74.02,13,34,91,21.45,148,52.19,-6.79,7,-17.47,77,2.4,98,7.23,24,-23.93,66,72,109,38.14,148,-22,117,67,103,143,83,36
-0.62,98,60.02,35,31,-46,32,-46,-17,17,11.46,-5.83,-39,-3,33.63,-8.98,-15.83,102,131,-34,148,6,-41,121,56,-22,7,93,-32,99,64.19,-25,16.24,-12,16,4.38,128,35,7,109
26.55,-46,135,3.18,27,-16,25.59,72.16,61.9,30.36,27.91,131,89,-17.4,136,44,95,58,-11,8,-20.41,61,-19,-13.89,14.74,66.62,103,-17.88,-34,-29,147,38.32,10,3.41,-24,42,-11.93,2.59,31,7
6.12,-20.66,69.45,21,90,9.72,46,-17,-16,37.13,114,69,46,27,15,-21.46,59,101,119,-14.11,-28,32,53,-0.37,149,-18.35,47.3,48.14,51,118,107,34.16,49.05,-29,28,69,32,32.04,3.88,5.35
24.47,22.21,41,35.86,72,39,75,135,59.35,12,-21.56,30.65,36,37,20.79,19,39.8,100,-41,36,142,68.54,145,64.43,-15.6,117,63,39.77,17.38,-15.83,25,57.46,42.17,-12.68,141,20,43.64,29,57,103
-1.19,-20.45,37,35,140,120,9.39,-1.25,44,45.58,110,135,-36,33.83,-36,29.57,82,58.61,16,48,-22,-5,25.06,119,55.9,142,1.61,34,82,-21.78,136,89,2,133,23.29,37.02,122,4.62,45.6,38.38
7.49,108,-28,-5.92,-46,61.59,75,91,54.38,120,12,52.45,-10,88,0.09,22,116,-29,-4.79,48,73.79,-9,11.66,54,60.6,-1,-32,137,61.18,40,52,74.92,-8.18,21,-6,9,144,51.82,35,41.86
25.85,3,102,43.01,143,19,-39,90,0,7,36,-15,38,61.87,-23,50.44,40,-25,122,129,-24,93,115,69,-9,18,19,123,50.11,45,68.11,24.21,107,76,19.86,142,-6,-21.6,47.68,82
116,43,-12,99,-23,63.08,-25,74.56,35.51,-2,-23.23,-0.55,47.01,1,94,-16.61,53,17.52,45.26,39,47.39,101,80,35.79,13.88,-8.04,-17,2,61,140,-9.47,144,24,137,108,134,39.56,-38,-23,0.88
43.58,12.85,20.73,90,55.85,143,104,1,15.62,27.82,0.43,93,-48,76,31.29,17,64,20,-6.96,147,-5,148,-18.15,36,18,62.92,84,13.48,-26,105,110,63,143,46.3,51,119,26,45.47,69,75
132,149,8.06,27.43,4.9,0,43.94,42.46,147,6,48,10.99,31,16,71,24.99,126,134,145,22.02,141,54,26.97,0,5.79,64,43,-44,72.98,-19,-21.89,65,137,70.77,4,21.1,3,2,140,14.19
41.42,51,51,22.13,-30,42.23,-19.78,-6.88,120,36.02,-1.02,2.59,9.38,68,114,43,-49,-9.38,145,89,10.33,-5.67,68.91,-2,98,-45,-20,-19,-8.45,124,-5,75,-0.77,11.58,67.25,2.45,125,-22.13,-11,-6
33.23,92,-34,74,-11.87,-10.28,68,127,-23,5,13.34,41,145,109,46,48,82,50.43,81,54,-28,50.06,44,9.58,11,106,-6.49,104,80,52.67,63.53,119,71.39,92,139,-0.03,-5,62.35,-14,11.27
83,-19.31,2,-10,82,57.71,14.94,127,102,34.25,16.51,97,58.04,46.46,64,140,34.61,58,25,69.41,84,87,38.95,26.98,59,36.53,22.14,-21.57,39.99,-49,47,84,6,13.3,3,40.17,-47,-19.07,92,53
113,121,-29,-23,28.62,42,-8.53,-38,57.67,46,7.84,54,-4.04,-1.57,37.61,84,85,44.57,32.47,-17,73,81,145,7,71.9,-14,50.13,46,75,27.59,7.59,112,62,118,80,40.18,67.05,-2.44,3.36,20.61
128,-7,-15,136,88,-11.6,59.46,47,135,101,9,15,-14,125,110,30.22,-28,100,55.18,58.47,-23.33,-2,146,12.87,5.49,-15.98,-14.31,6.33,73.77,56,-2,32.11,-18.86,64.16,1,2,-3,64,131,58.2
30.95,6.98,-5,-34,19.79,8.58,-42,17.68,92,-16.78,8.83,30,32,-16.06,-17,30.41,-5.16,76,-16,60.23,-8.76,-32,-24.02,99,63,142,-3.84,-7.51,14,29.84,49,-4.55,42,116,-26,-21.62,45,10.94,78,15.88
40.91,21,12,138,-9,46,72.06,-3,-16,1,11,27,9.8,-14,-9,64,86,42.56,-24.26,10,59,16.23,83,-44,47,78,23.04,99,45,45.68,86,32.17,-7.09,136,60,-21,46,102,0.67,4.25
50.13,31,114,100,32.77,48,62,-27,74.94,8.76,52.33,102,119,8.54,-19.97,138,40,-11.77,33.17,93,59.91,-16.78,-14,28,21,34.19,36.88,12.98,99,25.32,-47,16.25,132,53,-15.8,59.9,138,35.68,85,69.76
-32,-42,7,52.7,30,79,-41,118,77,69,43.31,-27,136,94,23,-5.8,98,75,71.07,-46,146,83,97,-22.88,-18,-48,139,-33,20.55,-17,-16,68.09,-33,114,17,-4.58,57,-39,18.54,70.27
44,-1,64,89,62.23,38,19,27,74.68,61,-1.43,24.36,125,13.94,82,145,41,72.31,55.66,-12.86,-47,67,-4.07,-48,81,-49,54.94,146,135,-20,73,37.66,104,5.18,29.69,73,21.73,-30,53.21,-30
36,138,-0.79,6.11,35.86,92,63,2,98,62.98,-4.02,7,12,9.78,63.02,29.83,86,67,133,5.02,23,40,35,-12.12,133,69.56,-6,-20,70,10,26.13,118,9.81,10,14.47,86,42.77,112,-15.02,-26
37,53.55,-35,70.22,1,-8.58,145,126,71.86,141,-18,-16,-15.38,137,44.49,67.87,51.11,35.78,49,108,98,15.86,-15,131,58.5,-0.3,28,90,143,89,-44,57.2,-23,8.37,27,-45,59,-46,41.52,145
137,120,86,37.65,-4.92,54.92,85,98,74,119,125,-39,60.1,12,3,6,115,22,97,123,134,-3.67,-10.81,-37,-48,46.3,73,21.73,30.96,102,17,91,59.33,107,24,-49,-24.93,84,82,13
1.52,16.26,130,1.58,61.12,32.41,74,33.15,45.24,81,-6.22,42,-31,141,70,3.84,-13,-44,-6.07,13.15,131,65,73.08,73.74,16,20.12,19.03,58.98,4,33.53,51,58.44,52.27,53,26,63.54,21,48,-23.42,-9
126,91,-1.69,129,73,17.92,122,97,-37,68.63,49.62,63,84,121,119,8,121,18.34,15,25.25,100,-45,13,70,-8.64,80,50.78,-8,101,62.82,59.85,139,5.65,55.35,111,60.6,129,56.72,-5.91,-4
26.72,42.46,122,-14.07,120,78,-45,-5.96,87,52.56,56,30,-2.71,19.56,29.27,61,-6.49,-19.52,65,-24,-37,-7.57,146,48,-12.07,-38,-20.47,97,-2.4,10,37.31,98,36,134,26.14,-14.48,50.57,22,5,68
-29,0,88,48,1.69,13.96,81,61.91,8,-28,0.91,56,19.4,52.16,6,-6.35,42,97,56.27,47.85,31.72,65.77,46,40.32,33.12,16,5,54.29,99,53,23,19.28,34.82,56,45.42,137,53.93,75,-12,103
114,73.91,60,129,-19.7,10,98,63.31,100,39,144,-12,9,-48,36.41,-40,65.98,51.65,51.09,134,66.61,-20.38,72,59,25.27,85,15.47,-29,10.38,71.65,-3,99,64.63,20,62,59.59,56,25.85,-19,-22.67
81,-26,71.98,21,131,51,26.35,-6,130,23,51.56,68,48,-12.51,74.16,11,127,-0.77,56.68,-33,109,18.47,85,130,64,42.1,29.88,-20,33,-3.79,80,76,15.79,31,17.45,144,32.93,-49,63,107
-48,90,92,-33,-11.3,64.95,-3.13,47,-30,59.81,51,40.1,95,16,26.59,46.83,54,146,103,117,28,60.15,31.53,46.55,-31,114,-13.13,-32,27,-31,25.84,63,22.68,84,98,86,78,8.14,140,134
-47,24,11,3,31.92,147,22.26,-10.98,117,46.96,54.4,-4.25,45,-26,-14.32,75,-4,-44,129,37.28,104,23.82,-34,16,106,74,5.06,100,56,66.66,68.06,4,92,62.83,-2.71,-33,-16,82,-40,106
131,58.82,26,119,-14.24,-10.58,57,143,55,63,11,-4.14,67,52,36.07,59.52,64.44,21,-23.53,72.3,-37,148,19.73,67.01,51,10.51,-49,21.58,44,137,93,62,33.29,50.52,6.16,15.25,132,39,74,52.76
48,90,53.49,-9.38,0,103,-14.86,134,0.8,-24,25,10,11.79,-20,41,11,40.23,50.11,37,-7.75,42,49.96,-39,25,124,-38,42,55,38.59,21,102,90,114,-11.86,28.22,137,38,6.98,73,22
-34,-5.56,25.43,46.51,67,-50,56.27,38,-12,41,29,-29,60.14,29,79,-4,-21.64,81,56,-48,82,-36,-13,-14.29,115,19.21,-8,129,-23.29,73.43,-4.78,2.67,-15,30.51,72.16,5,62.26,6.37,51.61,6.66
21.9,-18.81,50.91,-18,26,96,14,-34,34.81,9.87,-4,97,55,-36,-5,87,140,64.61,36.49,22.58,103,110,7.66,77,43.81,-26,-11,119,136,-18.49,48,45,13.05,3,7.87,-50,125,67.74,117,-45
19,-32,-43,116,129,-28,97,68.67,29,36,8.72,-6,149,83,34.54,69,35.61,73.41,71.9,-48,149,43.97,44.41,45,113,111,123,130,111,-20.22,113,60.11,91,-43,100,146,-2,35.95,-31,77
149,71,14,-17.21,-17,-25,36,36.3,-7,51.44,-15.43,69,37,-9.23,108,42,1,102,16,120,52.64,132,37.18,53.26,-6.46,29.31,83,46.42,55,51.73,34,65.63,140,-10,7.84,-18.13,-41,91,129,-32
9.89,-19,52.75,-7.11,56.59,132,18,87,-46,88,32.98,60,83,66.64,-19.19,30,-24,-8.58,0.68,-8,42,30.73,102,32,94,23.3,-12.56,107,-24,-14,5.18,-13,105,129,-23,43,31,-6.99,26.69,-1.99
93,95,56.27,-9,29.08,96,82,72,-8.78,57.64,71,-22.03,24.15,-11,112,36.78,36.93,44.1,46.12,93,21.56,34.69,38,-3.85,37.06,29,50,52.18,33.64,20.74,-18,-13.04,51,54.49,-45,-11,121,20,4.25,4.68
56.02,47,-18,-4.53,-24,45,-14.62,36.99,41.42,58.18,67.89,25.69,-49,100,139,50.25,39.21,105,-24,59.73,-16.11,-21,15,73.2,15,1,125,104,4.74,147,7.91,124,16.83,72.49,39.06,146,42.06,-1,3,65
50.8,45,-28,34.3,11,73.35,-11,40,27.43,20,15,51,63.76,42,-24,21.31,31.75,80,128,-31,59,29.41,81,3,-44,144,41,147,98,131,23,-8,-18.53,108,134,-5,-6.97,35.43,104,-10
137,-14.1,7,61.22,139,26,71,-18.51,120,-43,45.49,95,74.83,70.08,-36,-9,107,-14,76,41,31.14,73.45,14.03,19,105,10.83,-46,29.24,79,55.38,83,128,123,-11.7,19,-16,-34,-8.5,41,133
44.86,58.54,67.84,68,133,-10.21,-5,-5.6,29.68,61.74,-14.83,25.04,126,127,-3,1,27,9,63.17,-40,-12.12,-3.49,68.99,-9,-12.05,109,-15,-1,47,140,86,92,149,135,-13.42,63,-49,28.99,92,21.49
111,111,34,42.97,61,16.17,53.71,96,24,45.14,35.29,41,-32,-3.1,17.67,16.07,8.18,-38,-14,92,5.76,132,115,52.42,29.86,-8,26,-3.71,15,63.14,143,-14,77,26,-43,3.83,14,80,-11.54,148
91,119,133,54.93,115,145,97,-12,48,32.08,10,32,123,142,30,129,103,96,107,-47,56,-10.56,142,33,7,68.98,108,47.35,-12.39,42.51,-40,47,-6.39,44.54,29.01,64.33,18.41,-15,52,89
43.76,-45,18,56,56,125,-0.04,143,75,39.75,15.54,-4.06,66.07,40.27,26,-49,50,-18.39,92,49.6,131,-5.46,59.09,34.63,42.33,58.22,5,100,10.4,34,-27,145,3,98,-5.92,0.14,103,42.36,26,-28
8,11,10,21.61,11,70,81,11.71,-6.22,42.03,2,12.37,35.41,114,49.77,50.53,-34,-35,22.93,103,72,-1.51,56.88,16,70.16,141,71.44,79,-5.6,113,66.2,74.52,-48,63,1.41,123,61.78,9,97,-40
2,0.2,43.26,58,10,21.73,74,60,-36,-12,-1.26,44,44.39,74.65,53.54,-47,80,132,28,90,65.01,-22.4,25,30.28,13.94,83,-21.31,11,64,-15,15.96,-2,65.83,21.26,2.48,-19.77,-28,20.48,18,0.83
84,-13,-45,57.67,-2,48,-9.32,-46,91,-34,10,58.84,-21,92,-33,-37,2.39,145,38.18,31,-16,30,-8,-41,72,24.01,98,-19,141,1.36,-12.05,53.44,-27,1,-31,11,4.53,19.47,69.17,24
101,-16.92,12,133,-38,63,69.02,53.41,27,-49,32.84,37.4,-1.83,-8.6,18,68,49.32,41,-25,14.99,21,10.89,118,55,12.7,-8.72,-22.57,99,45,-28,53,81,-15.17,22,47.04,69.73,-32,48.64,49.52,101
121,54.17,-20.33,60.16,19.24,81,-14,51,78,75,121,22.42,46.39,48,25.9,27,38.74,21.95,114,-2.59,-32,61.69,2.77,-23.75,17,30.2,49.36,35.45,57.44,-7.83,112,-13.69,-19,64,3,-37,11.2,-19.43,-3.18,30
-28,1,61,53.51,16.4,68,-14.42,12.94,-26,24,68.66,-43,51,27.99,43.64,35,99,44,44.75,-15,10.85,149,13.2,70,122,48.49,72,33.05,31.5,0,-29,-30,135,-33,-37,-17,-43,82,113,145
20.05,74.46,18,20.94,81,74.08,47,18,24,6,13.09,-43,120,133,56,-1.8,62,37,96,-43,91,38.7,29,-4.86,57.16,16.79,69.18,83,-1,55,74.79,68.38,49.41,128,36.68,105,76,94,129,-10
17,90,49.14,45,47.8,14.11,20,67.26,-46,1.85,40.18,61,61,-46,26,67.2,55,136,51.78,-28,-39,13,36.71,53,-39,7,61.45,-40,111,33,-23.4,2.95,57.12,103,121,38,43,106,46.61,-2
69.11,79,37,13,135,4.94,59.72,24.37,24.31,7,112,11.01,99,7,72.09,-9.14,34.83,125,14,120,134,34.39,18,27.38,-39,23.01,-46,15.78,-9,-22.23,-26,-20.43,44.35,-19.79,51,103,53,47.69,28,98
7,113,-5.43,5.79,60,36.85,-9.16,-14.58,50.98,46.8,46.32,97,-35,61,-15,12.39,25.67,5,-17,35.53,44,4,116,81,78,39.06,106,114,-40,1,143,99,-32,16,147,77,28.31,18.53,49,-33
80,4.11,-4,62.57,126,-5.05,140,144,-8.16,-1,26.9,114,-11,66.03,15,-23,43,124,21.34,33.02,63.39,52.4,117,70,11.28,104,99,10,-31,-19,-12.42,26.1,-3.64,92,4,-8.53,59,10,57.48,108
125,60,127,-8,50,123,17,40,-2,16.68,125,74.65,16.85,66.89,23.97,16,18.92,123,84,105,-13,60,-19,138,43.72,31.36,43,91,42.99,37.32,50,13.4,91,52.08,1.16,62,-7.22,22.04,63,-34
9.05,4,118,111,3,-35,-11.13,-26,67,-47,17.95,54.99,59,89,122,43.14,-19.89,-5.84,59.49,-25,144,69,67.79,-40,-21,-4,49,18,81,-10,99,30,13.37,63.2,4,127,-15,50.54,54,70.34
-9,-17,3.99,17,53.6,30,33.25,142,-30,126,99,65,97,51,33,60.59,28,14,113,61,57.78,2.72,67,14.22,42,89,96,42,-23,29,14,-46,48.24,60,3.05,77,32.53,72,78,1
46,10,63.79,24,125,-48,83,79,20.08,32,51.69,17,79,25.02,11.19,-32,49,98,96,-44,-11.09,26.46,73.08,31.72,37.74,2,68.28,1,71,-19.39,15.23,74,-45,15,111,65,7.88,59,16,63
45,109,-11.21,11,101,52.99,-10.99,-11.69,-43,145,-21,21.95,13.91,124,59.99,33.45,78,61.96,65.51,22,149,-20.87,-36,65.02,144,142,121,61,-30,83,128,18.57,22.86,44.02,20,128,-9.08,-19,65,137
-49,-8.86,24.67,22.62,63,-41,37,124,-31,26,118,79,42.48,54.82,109,-27,-7.43,-11.52,22,73.81,-21.17,103,53.96,126,35,-6.7,68.71,27.42,44,18,-37,-24.04,73.66,56,-46,60,68.75,5,-40,71
-21.25,-14,94,24.75,48,70.66,81,65.22,-22.73,77,24.85,50,105,17,71,113,44,-4,10,120,2.84,58,-11.3,124,-24.53,57,64.35,47.4,104,6.78,98,6,49.23,-14,144,46,7,67.89,19,-18.82
-13.11,-50,117,70.56,28,74,26.54,144,-36,20,20,30.84,-14,68,-10,45.38,42,46.22,72,11,38.41,49,65,-0.02,-10,75,-40,134,145,20,31,-37,107,70.85,9,22.89,10.49,106,-25,-47
-35,62.4,72.66,-17,94,55,-12.53,144,29,34,5,3,-21.33,42,70,-7.65,116,-1,11.05,42,11.68,22,31,122,-21.55,149,-7.78,-39,25,84,130,88,0.45,-10.35,70,23.78,26,104,149,78
103,5.41,42,104,-35,-5,145,28,87,8.07,46.71,80,44,-13,-40,79,32,-17,92,55,40.18,45.16,21,30.7,65.47,-21.46,-23,84,-25,-8.66,130,49.9,-17.37,-23.36,43.42,30,-11,90,59,-45
9,74,-4.21,58.36,127,85,1.22,6.02,93,-1,-6,-34,54.7,-9.09,43.9,1.65,67,99,-35,9,141,126,23,-42,4,131,19.59,-20.21,37,26.5,147,25.34,11,142,-2,38,29,82,27.7,63.33
59,140,24.53,-11,-19,100,48,95,30.77,22,-42,12,21.53,-17.25,77,63.43,110,64,53.5,8.05,85,86,55,38,27.12,13,-15.55,27,52.1,120,138,-4.36,25,-19,89,125,-47,30.82,64.27,144
80,34.35,54,21.12,-32,63.46,126,-5.68,-8.12,6.73,10.55,-36,-23.02,127,-3,15,7,134,37,58,139,36,49.5,42,145,-0.07,52,-25,-34,66.35,-20.58,90,-14,8.85,58.92,53.01,-15.91,76,46.1,15.75
14.76,121,-17,112,103,135,17,54,69.63,132,147,72.24,106,-18,3,72,69.01,64.32,67,36.1,64,64,63.82,72.91,7.84,141,57.13,116,108,-43,58,49,10,85,31,11,72,13.41,143,37.96
-21,-30,142,8.68,37.48,64.02,126,34.49,4.27,52,126,93,-29,-35,10,137,11.24,123,-8.01,1.05,-36,-23,39,63.17,57.25,-20.82,65.5,143,17.7,58.84,-5.24,74.96,30,129,93,15.34,22,-2.7,143,36.03
140,-19.98,65,83,142,73.27,62.87,-7.41,40,72,45.33,104,84,26.09,102,115,3.88,-1.39,24.97,-27,36.14,34,14,26,59,0,-44,-11.75,-23.26,-44,56,72,133,106,14.66,47.62,21.72,26,26.18,-36
36,67.66,0.75,52.91,6,-44,-36,45.9,-45,53.24,62,62,80,132,1,-23.04,143,-49,72,44,-4,-29,-3.21,120,14.34,-31,65.11,70.7,86,47.72,-1.76,102,116,94,108,87,-45,4,140,51.06
33.82,125,23.58,-16.13,57,32,50.38,39,123,142,15,46,144,67,71,-1.86,123,-22,46.4,-20.96,-5.9,113,84,48,63.77,63,59.58,141,72,70.78,142,12.34,31.99,28.07,95,-17.58,-7.47,-10,57.67,5.53
50,101,149,-21,92,-12,46.8,32.36,79,-3.08,14,115,15,-14,-21.46,17.38,-21,16,-7.26,-22.48,111,0.83,5,-19.98,20.99,135,50.6,24.84,58,-8,97,65.36,42.68,4.73,0,107,54,82,73,57.87
63.96,29.5,11.52,88,63,12,61.74,90,-5.89,81,-19,57,49,98,-11,-2.07,31.53,-30,41,1.59,131,45,34.03,53,-48,-24,17,-10,21.68,14,-8.97,-18.35,74.08,72.04,-11.19,-19,25,25.39,33.68,117
27.67,34,72.72,0.22,118,69,-15,112,110,64,6,40,20.42,132,66,30.02,-35,-40,121,130,7.26,44.24,-12.45,27.45,-13.32,-49,67,51.87,25.77,23.98,67.91,142,92,14,66.18,63.14,36,-19.95,32.12,48.93
119,-25,145,71,-1,14,-15,-13.19,42.18,-4,-21.73,-19,73.44,133,25.62,-19.37,103,69.28,136,31,65.11,-22,130,-12.66,2.61,38.96,132,-23.62,1,46.57,145,67,79,66,-11,-41,-32,74.31,-50,57.29
99,32.98,13.9,-2.69,55.89,69,-5,35,143,55,84,111,-33,-45,117,-7.65,25,-13.04,50,90,102,34.3,149,139,12,-18.08,7,15,-5,66.07,-6,66.76,86,-49,48.7,-48,-23.3,-39,25,146
73.07,-1.62,21.16,-14.39,-39,72.76,118,33,31,109,84,-18.91,125,10.03,25,53.15,-24,45.33,45.23,43.81,1.19,33,-18,-13,93,-47,117,59.37,126,106,-7.74,-8.04,45.56,-14.62,99,-35,-31,149,14.68,48.2
8.63,35.31,80,-11.46,88,47,61.71,-33,3,32,21,-46,130,52,82,19,28.06,146,149,116,145,-2.54,63.06,101,-3.1,132,49,36.89,103,-26,40,3,10.57,8.24,60,137,-16.72,106,123,5.63
3.48,2.55,42.08,38,34.99,89,50,72.18,55,61,22,-23,38.22,64.6,135,32,0,39.73,41,68.03,-28,47.43,-17.12,23.93,-24,9,48.18,53,31.22,136,66.76,5,30,-6,-6.74,6.51,38,40.76,31.11,-19
-16,-18.86,72.19,25.41,78,34,132,30.83,116,91,125,-15.17,74.32,30.57,25.29,92,-37,13.35,113,-7.66,18.49,25,109,140,18,-2.31,5,69,-3,44,-24.83,-20.72,59,102,-22.59,-22,17.9,10.54,44,9
-34,20,71,18,32.47,59.12,-35,-23,45,108,-49,30.35,62.7,146,39.85,30.49,126,-45,-9,22,74.96,-22,43.73,23.91,69,22.63,-13,-7.47,56.04,-28,-24,103,-30,5,7,3.48,82,112,61.28,34.6
42.92,48,0.88,-36,-36,8.62,5.86,-4,57.47,95,54,68,61,-41,54,-34,-7.01,-2,62,27,67.38,26.38,56.37,108,-39,30,1.92,4.1,-10,62,91,41.43,40.1,128,63.23,3.14,81,22,126,133
66.58,51,5.46,50,126,-10,-16.83,72.25,-0.9,147,86,132,19.78,35.21,37.11,24,60.92,100,28.56,44.34,69,44,134,67,2,1,11,-19.94,106,22.03,8.04,56.46,70,46.38,70.84,113,116,62.08,-14,-6.25
91,73,3,14,117,12,40.29,58.91,56.87,52,55.49,47.56,3.94,63,23.24,113,-50,125,-9,147,62,59.29,2.12,85,122,5.27,109,-0.6,-7.95,110,127,146,-2.38,17.41,11.63,9.01,12.92,23,58,-19.73
148,35,-9,38.31,17,31,-48,60,132,96,2.18,7,74,38,6.53,57.94,102,-10.05,56.04,70.66,45,36.38,119,47.46,14.73,56.9,73,-22.71,-40,62,-10.34,107,25.01,-23,123,-18.45,28,34,-11.75,-24.62
13,-20.48,115,-40,106,-9,98,83,74.44,-5,117,53.65,-16,102,112,-22,17.5,-3.07,-24,-36,100,47,108,27.17,134,11.09,25,55.03,72.65,3.71,55.49,-8.9,60.8,-15.71,-32,96,83,-21,-9,148
89,33.19,127,-39,56,48,-20,148,45.54,46.66,-12.57,98,0.36,62,-5,56,104,4.8,127,118,88,-42,5,21,91,104,64,95,35,103,83,-15,-44,-18,-11.64,-20,50,-20.81,-34,50
52,116,37,68.9,46.88,-19,22.91,16,0,141,48.07,-28,29.46,79,23,93,-24,145,42,-22,128,-23.91,2.91,-18.05,37.86,14.95,30.2,-32,-34,20.71,-47,27.29,65.45,-8,67.49,66.36,70.53,19.25,63.62,59
59,131,-39,-3.14,66,93,-4,-32,89,51.51,105,24.53,90,83,59,79,142,73.79,87,52.71,25.75,-16,9.35,-48,20.92,-10,1.87,-6,30,23,-24.79,35.79,71.18,-6,120,-13,3.22,23,46,-39
26,-44,52.42,21.65,12.15,30,-9,66,41,23,-20.34,108,5.77,25,66,84,94,18,-47,81,18.45,123,19,1.69,-31,42.96,132,-4.36,-16,82,103,-43,-45,16.45,70.73,145,22.88,94,2,54.34
-21,-24,54,114,114,52,62.92,-26,59.93,20,39,16.17,52,64,115,62,49,49,-33,140,53.95,127,15,127,107,-34,78,43.21,58,-21.92,-47,31,125,103,4,101,39,-50,35,5
-37,147,97,101,-9.21,60,85,144,5,-44,-28,27,-35,66.96,-5,-28,42,5.94,97,33.43,73,-18.88,43.75,6,11,83,6,141,15.65,48,34.83,40.58,-22,68,-4.94,73.47,32.25,72.93,-41,94
57,17,13.28,34,69.72,-18.71,-37,41.48,-21,71.32,-37,73.49,98,24,25,48.17,43,-13.91,64.84,40.88,85,122,36.18,127,89,115,78,25,89,69,79,37,53.99,-12,75,42.22,-12.39,91,-4.9,93
-2.85,13.9,59,-23.06,4,33,-2.95,-33,74,139,89,-10.34,96,45.36,12.23,-4.09,39,-16.44,-15,62.94,-29,48,43.22,-19,-13,48.17,48.2,-21,68.94,135,131,80,23,98,65,111,127,49,1.54,5
115,32.62,-30,77,45,22.91,-4,96,59.31,15.67,38.52,-3.9,4,69.83,48.03,118,89,9.66,125,19,124,67.98,20,93,128,-36,-12,-6,-21,18.09,13.41,-28,3,14,41.25,9.59,-4.9,-16,140,-15
78,3,44,-40,-17.89,-5,128,45,17.39,-11.6,105,83,17.55,22.11,5,95,30,69,48,-34,-11.22,34,20.54,127,138,60.45,0,2,118,-5.75,99,65,-2,124,4,9.23,-28,41.31,39.11,46
117,17.29,72,140,93,82,61.57,91,26.39,43.33,141,74,-7,4.58,9.62,36.79,65,21.79,75,37,69,35,31.13,39.95,-20,63.38,-10,-24,72.57,32.02,-38,-13.34,38.25,-19,78,133,3,94,127,69
146,6,-48,-4,50,68.12,112,80,5,17.82,-29,109,77,57,6.42,19.7,33,-9.68,56.53,118,-23.48,67.78,124,44.68,75,-26,11,-39,-20.93,17,-18.5,144,66,46.44,3,-26,2,128,36.36,40.28
47,0.39,-4.46,73,-40,-13.01,69.86,35,11.16,27,30,21,19.21,23.46,13.14,42,-50,-40,73.98,137,33.31,-13.02,89,32.97,-19.67,15.33,86,-20.42,29.36,131,-48,65.68,136,11,32,14,90,23,42.81,31.73
-12.14,12,-24.72,-24.51,15.59,-16,22.38,50.64,-6.64,32.78,90,52,112,-12,45.68,88,-29,8,41.2,39.78,-37,-8.96,36,100,30.5,72.11,74,50.72,26,-37,60.32,59.05,32.48,-4.69,0.44,27.4,39,55.8,47,73.1
36.37,107,-22.29,21,-24.76,148,140,12.98,122,145,58,10,34,96,86,36.8,56.21,-34,-35,44.94,68,2,-23.08,8.68,-44,54.72,-9,6.26,139,133,10.07,115,-44,51.63,99,1,108,123,61.51,145
20.61,67.88,-40,-12,17.43,-15,111,62.93,11.04,33,98,-19.15,106,8.21,78,14.38,-16,57,131,56.85,-3.65,1,15,22.84,71,119,73,90,41.32,57.77,19.79,14.39,28,99,61,-24.12,83,102,-15.27,-20.07
-10.69,44.49,-19.2,57,51.08,-7.06,109,96,-35,40,-30,6.98,59,86,41.05,77,122,125,-7.2,68.1,15.96,122,4.43,10,2,6.96,-32,2.28,71.08,39.85,36.52,43,20,110,67.97,-1.39,73,40.54,4.21,15
-26,12,111,8,89,59,103,77,16,31.89,-34,126,40.55,87,75,32.49,7.71,10.54,32,103,39,48.8,120,5,59,121,18,49,-2.21,54.27,56,67.21,40,100,54.49,68,-49,72.5,-9,-1.44
61,69.47,25,62,-42,108,70.23,-24.21,37.71,9.81,-34,-0.53,-12.1,-11,20,20.67,60,130,108,116,-41,5,137,54,-3.43,-26,106,62,66.33,1,-20.7,58,120,66.45,-38,-1.89,43,23,82,42.23
-11.1,18.05,-11,95,-0.27,27.19,56.89,-11.59,33,51.23,57.41,0.64,-22,5,-15.16,7,82,45,33.55,71.85,109,-16,114,13.64,-33,-14.71,87,35,105,83,117,19,-9,-6,19,4,9.63,-6.96,141,31
29.29,66.34,108,12.45,57.06,18.55,77,18.55,16,62,103,19,107,7.47,-2.31,88,140,39,51.47,119,50.24,26.75,40.63,112,93,0.19,-46,27.46,35,-44,76,5.31,17.62,22.02,48.3,-20.19,-14.1,124,114,47
17.19,21,17.66,-37,58.61,125,52,-15,-2,20.05,66.96,16.22,-14.83,41,40,2.11,-24,101,145,131,129,41.44,19,-15.2,64,49.27,-5,42.76,19.78,-35,31.42,-11.15,92,144,36,-24.72,61.85,69,6.54,6
11,-12.42,-48,-3,-5.61,69,47.8,30,101,-25,42.94,-21,73,122,-18,115,118,80,127,144,30.01,35.13,33.13,-19,69,-9,69.27,16,31,115,54,-14,-43,72,30.05,-5,67.94,-1,23,58
126,-17,42,-40,6,69.22,92,6.04,-11.96,50,43,-38,33,13,-23.39,-39,7,-21.58,54,-15,148,-3.72,28.81,36,46,42,31.48,0,5.34,3.12,6.43,30.25,79,72,-0.51,149,15.57,65,63,31.21
45,42.76,22.93,66.32,119,17.27,22.11,20.4,34,14.33,-24.78,-28,64,21.65,37.94,118,-10,42,127,116,28.88,16.81,92,-9.33,57.68,-1,71.23,134,3,120,4.12,-47,52.95,46,10.09,68.06,39.91,128,-0.46,74
116,4.45,6,-6,14.1,140,-45,-22.44,7,147,9,54.94,24,71,27.95,42.8,109,133,36.25,12,65.06,66,36.28,2,-10,39.81,88,24,33.75,7,117,31.6,-45,16,107,15,26,58,59,9
131,33.17,81,124,99,78,116,50.8,81,-45,6.14,53.24,-48,60,8.89,36,41.54,124,110,138,12.44,84,103,60,71.91,60.78,-22.07,117,148,62,148,37.32,6.29,33.79,8,43.1,14,-49,26.37,-33
65.07,78,110,9.05,17,81,125,-44,7.64,30,-21,57.19,33,-23,-28,56.65,145,20.11,33,44.06,16.41,144,-20.74,76,34,44.95,93,115,27.63,-48,84,-30,101,30.6,-42,-21.72,64,66.37,12,48.37
-10.51,132,40.08,41,38,96,46.73,-1.72,-19.04,131,-25,-10,104,-20.16,63,-10.01,53,21.62,128,71,77,35.61,9.2,65,63.58,53.87,-20.51,7.29,53.36,44.76,-14.77,96,47.31,60,83,5.21,54.86,-6,55,17
54.08,48.33,28.84,46.67,2.22,-24,40.88,0,5,27.57,-14.78,72,-41,140,-37,69.73,20.3,42.95,74,14.76,16.47,7,33.86,67,-41,108,-12.5,147,14.43,8.29,42,63.33,18.57,-2.95,36.93,112,76,-48,46,-13
-23,3.27,26,4.42,-9.55,71.48,-23,138,50,98,8.22,109,80,58.32,58.38,64,-25,58.53,-50,24,47,74,63,43.38,113,-21.71,85,61.88,63.24,-20,102,-48,55.4,16,-13.45,96,70,-4,1.44,60
42.45,91,82,89,99,92,44.89,15.48,-49,146,-8.7,12.33,96,-11,62.03,-6,-26,103,-9,54.19,147,59.38,28,131,48,-8.96,85,75,138,20.4,132,-3,-24,65.23,42.34,71,113,88,46,6.54
65,49.22,70.58,-13.85,-27,-30,51.18,-47,-34,-34,43,90,74,73.79,124,45.53,65,-13,148,15.76,24.81,83,61.01,32.96,46,7.65,13.93,43.56,73.36,140,28.41,-13,51,66,19,38.6,62.22,-7.14,53.58,49.42
-30,73.89,-23,-21.39,-1,2.8,95,61,125,140,-14.64,18,-50,101,92,124,-4.69,7.63,47.46,35,63,146,-16,52.56,-1,-7.89,0.04,-5,97,72,101,18,59.73,67.73,91,82,61.26,105,-16.27,-8.06
23,49.48,136,27.5,43,2.77,137,12,139,53.35,-5.69,2.69,24,56,15.84,-21.37,25.64,8,29.34,60,50.76,15,147,126,-47,60.74,106,92,-27,40,94,48,73,33.85,1,42.94,59,72.61,64.28,120
135,-11,100,26.55,20,95,68.32,-29,51.28,115,-20,39.35,-11.62,-23,12.05,103,63.36,25,1.49,48.36,-22,31.61,148,135,57.52,4,-33,141,55,94,123,64,124,-29,18,52.86,16,13.56,84,39.04
39.14,133,36.74,-21,-7.33,50.84,16.93,59,124,132,60,39.18,97,35.39,-6.11,7.29,44.01,-26,37,11.64,25,-15,72.96,35.28,-20.28,8,49,55.47,48,7,-22.31,84,11.51,-40,15,-4,15.77,82,-48,119
65,5.5,-1,21,27.04,63,62.7,4,90,3.78,100,-37,8,-6,74,67.6,70,-34,3,95,-14,127,90,-10.38,23.7,-9,47,65,35,-42,135,43.78,9.24,62,39.13,95,80,73.29,61,123
98,93,22.36,31.28,-37,133,51.03,77,137,137,-44,-14.79,-44,12.09,73.18,-14.28,-11.25,-21,-6.91,11.44,25,43.17,62,-5.87,-17,135,6,75,-20.6,79,96,-15.68,-43,106,43,56.28,-23,-2,84,-5
21.13,20,27.33,-22.37,-22.85,26.41,37.07,74.02,10.43,28.91,-38,91,120,52,15.71,111,-12.31,16.28,61,110,-31,96,-18.31,45,54.55,37.22,57.56,12,51.07,12.26,71,71.42,33.95,18,-20.31,30.88,40.24,34.63,-2,66.82
54.28,143,-22.89,47,-41,31.43,-14,35,33.95,-46,-20.86,-25,1.12,-14,-7.78,134,-46,57,15.98,45.26,-20.52,-24,61.65,40.61,-27,133,64.23,60.02,28.64,54,28.33,74.69,47,55.93,52.85,9.15,57,32.92,78,30
123,-11.52,114,14.06,66.8,62.69,97,-6.33,-6.43,7.52,-6.79,-9.27,61.67,29.42,-1.96,-46,-23.84,109,59.19,-1.42,-7.68,0,43.05,-46,-5.4,2.32,-23.61,-3.79,-38,-15.9,89,2.11,59.73,-31,26.38,6,20,31,142,8.76
125,28.37,21,39,16,143,13.12,43.91,27.83,56.33,65,33.32,-19.46,27.9,19,-8,94,-10,83,24,144,-14.34,19.22,-9.29,27.89,109,4.5,59,-26,-14,43,30.74,13.83,107,109,11.21,57,142,6.13,25.5
84,142,29,34.22,44,64.47,77,9.98,118,53.78,135,149,120,118,144,17,5,118,-21.74,-21.34,27.47,22,-8,1.34,76,-4,-7.1,148,102,56,-3.49,41,9,3,147,49.28,144,49.52,-43,17.23
-14.6,9.57,50.12,24.11,-24,125,55,24.14,30,28.34,-2.18,-1.59,26.3,129,39.97,-8.19,14,14,90,55.49,89,5,-2.82,14.37,63.67,-7.53,77,-17.67,56.01,100,-10,46,33.06,13.46,-23,-2.16,-12,21,25,20
74,21,3.31,99,22.89,48.51,70,22,101,139,32.69,87,-38,52.75,24,6,72,38.08,24.03,-45,-46,106,48.29,-8.81,66,-6,-23,29.98,0,19,-15,23.12,37.88,45.78,62.43,103,126,42,17,139
117,-3,113,19,126,21.33,5.4,70.28,15.09,64.78,-25,63.85,128,-11,30,-16,138,63,-27,63.26,-41,62.95,35,141,-22,4,6.55,71,20.83,68,3,65,13,-37,-15,77,115,32.31,124,29
69.21,80,20.42,-27,24.81,47,74.73,-6,10,118,40.88,13,28.26,11,23.8,-14,81,-24.63,-26,83,-8,-27,24,18.37,3.61,54,-8.48,-10,21,-3,11,-16,88,126,116,-4.15,129,40.39,-50,43.43
6.36,127,8,53.55,28.07,-8.11,69,-6.17,63.29,8,96,95,106,63.07,132,116,143,54.04,24.86,54,69,39,64.68,130,7.69,2.12,65.42,97,41.96,36,129,68.79,71.55,-15.6,101,-2.51,100,54.61,74,27.73
-2.5,-12.09,-4,-9.43,134,32,5,133,-4.82,51,13.86,11.02,15,56.43,35.73,45,67,-20.73,22.75,44.59,-15.06,95,13.5,93,27.58,31.31,2.26,20.69,38,34.6,71.35,12,106,149,65.39,18,-12.04,44,94,80
-22,32.95,128,36.18,39,114,-40,57,0,35,74.39,-8,62.31,-17,26.44,52.62,-4,2,-7.23,142,51,-33,36.26,94,27,20,49,-24,-49,53.01,72,141,77,-20.05,29,39,32,109,28.25,33.18
8.25,22,69.45,47,145,42.19,33,74,126,19.78,27.18,73.63,48.51,61,46.83,25,-41,89,139,36.51,67.95,95,-17,14,-25,55.68,148,-48,58.9,40.19,-46,-36,-10.3,50.24,4.91,8.13,108,139,-35,-39
10.51,62,103,19,53.45,117,25,25,6.47,83,37.72,65,24,114,-3.6,20,63,116,31.49,-10,-12.22,39.4,-13.13,136,98,41.85,-31,-19.28,28.99,141,37.34,82,-2,-4.9,115,42,-24.95,23,116,9
-39,21.17,-23,33.45,5,146,29.39,1.34,35.83,1.41,-0.8,1.67,69.53,-42,55,-21,119,13,-22.84,-12.01,10,49,29,59,63.73,-34,3.79,-3.32,38,128,-37,-10.53,-10,31.22,15.48,10.32,22.07,88,53,5.17
-4,28,1,0,36,41.39,137,116,107,-33,-28,-14,42,73,23,-39,119,-4,64,48.61,26,32,51.51,43.74,21.6,67.05,-16,44.74,23.31,29.65,12,46.4,130,-22,78,-47,-18.67,99,30.95,142
8.85,-1.4,33,66,1,121,-6,-50,1,55.47,45.51,10,-12,108,-11,-12.79,68.32,56,5,69.01,91,19.94,7,28.07,65.57,5.94,-37,59,72.9,70,89,109,24,15,40,69.46,65.53,8.2,-18.25,18.85
89,-17.11,58,133,54,-0.08,5,17,6.26,-13,-4,13,47.54,-23.23,-21,7.18,112,-44,-15,39,5,33.48,-36,-9,-1.91,16.87,58,94,-7,1.37,-10,69.44,71.63,22,101,15,7,64.34,59.56,29.2
12.15,-17,6.18,84,69.38,24,8,-14,45,-47,134,-4.73,-24,-10.54,44.8,72.57,-10,-48,59.82,4,57,104,28,-29,33.79,16.21,-47,123,-7.44,41,65,-19.51,38,42.58,139,22,-22,42,98,74.72
95,80,-9.98,145,40,109,125,58.08,4,77,42,64.42,73,32,50.27,102,64,72,4,53,-7,85,-17,-9,45.51,68,6,59,55,56.64,2,-21.23,13,96,27.34,117,76,149,-15,135
-39,-39,138,-32,75,-24,34.93,-7,11.95,-13.74,53.04,59,135,46,17,-13.54,-12.75,58.56,16.67,134,111,139,102,9.02,-12.42,129,26,-15.42,57.77,66,78,12.64,30.96,59,117,-47,1.58,-13.44,53,39.31
49.8,55,25.73,-42,-24.82,47.5,125,36,-10.4,-45,6,98,-17,31.35,14.83,-17.91,66.47,145,5.13,111,123,-19.62,71,40.16,50.26,-3,-11.4,38,-23,69.84,-2,-49,137,51,79,35.88,4.7,70.15,94,106
-27,71.37,28.75,33.55,49.37,116,-16,32,145,97,-3.31,48,-18.34,100,42.3,-6,66,3.46,72.31,84,39.14,-10,24.03,7.44,128,32.53,-7,40.3,-30,-9.95,46,-43,44.09,68,41,57,-50,99,135,-27
100,48,-48,10,-22.96,-49,6,-18.13,11,133,-46,58,6.18,46,56,-21,87,-2.33,9,-6.39,3.94,-27,64.8,38,57,60.05,107,92,84,30,54.4,21.71,1,84,26.04,69,55,15.75,-1.69,38
63.29,-5.63,-1.51,-24,98,106,103,41,-9.1,-17.93,74.77,-6.75,42.16,34,105,-24.21,124,54.73,-44,-10,-36,-15.27,0,-24.61,59,-21,52,10.76,47.25,58,100,46.09,46.25,-8.36,93,-4.18,-24.89,87,66.32,-38
16.2,90,8,-44,123,25.11,48,-10.54,-16.24,51.21,38,44.99,32.36,-30,44.12,29.86,28.8,-18,-15.53,68,13.49,39.17,-46,54.42,35.17,20.88,88,5,-24,110,13,128,88,-2,51.54,80,47.48,-13,-28,4
106,98,126,-38,101,48,53,-49,-23,33,9,73,21,20,4.65,56.82,3.05,85,-50,14.06,37,24.99,13,33,26.17,14,18,3.94,34.54,36.83,-25,67,96,-27,69,-5.45,-5.51,7.02,95,-33
-21.82,3,20.44,69.88,37.44,-20.78,139,31.83,123,77,33.37,73.67,-10,-22.45,96,61,-24,12,-11,-17,23.27,-2,124,-19.99,99,126,48,13.22,11,29.54,26,7.07,-3.05,-24,44,73.11,29,54,11,97
-23,74,40.87,64.81,129,141,5.62,46.55,-35,-31,10,-44,21,12,7.75,-21,67.96,144,-8.05,84,56,13.2,100,0,12.38,103,-15.76,67.91,148,40.57,48,20,64.26,141,39.8,-36,10.87,6.14,142,73
59.59,20.01,-19.11,97,53.71,44,-17.45,72.74,7.46,97,-49,62.19,-25,84,10.84,77,-44,60.59,46,15.5,140,143,84,86,134,26,107,92,-33,18.96,26.66,5,6,83,145,102,60,136,-19,-26
48.76,124,37,15,-32,43.09,136,9.5,-14,80,33,53,42.44,18.02,36.8,117,138,96,136,78,-4.47,6.16,-17,-46,25,60.5,33.59,18.04,-17.79,62.44,93,60.33,-24,6.11,107,-29,102,52,136,96
134,-23.53,143,114,127,61.25,23.42,149,-12,88,98,98,0.67,11.33,8,61,94,113,1.34,55.34,113,68.83,11,115,-19.3,52.12,-45,28.53,87,27.85,92,99,20.73,25.11,9,89,88,-16.45,-9,2
140,31,-35,-44,57.29,11,114,53,23.81,1,8,6,14.76,-21.78,96,-10,15,71,25.89,29.04,35,94,134,15.85,97,94,62,48,96,31,106,127,33.22,80,23,46,-4.89,52,11.43,44.48
-11.08,56.54,73.09,66,35.69,22,128,14.12,111,48.08,139,146,49,58,58.12,-45,38,65,16.28,-25,148,58,48.76,-8,-23,56.3,42,17,64.04,-6.06,40.71,101,94,60,50,18.49,69,-18.41,13.26,65
55,15,64.99,35.63,63.7,-3,44,140,72,13,71.34,139,139,-44,-5,4.73,0,-2.62,123,-22,35.26,36,18.23,112,78,32,46,67,-19.49,105,11.45,5,3.34,1,66,66.96,45,15.8,77,22
96,38,-41,58.6,89,-7.53,115,35.11,28,-19,68.63,-15,-12.67,-15,70.61,106,-46,60,100,67.18,18.65,30,-11,146,9,69.67,-21.61,13.34,-30,79,-8,49,148,36,-4.09,42,77,41.53,37,59.37
48,90,36,100,-50,54.76,67.01,-12.52,143,14.71,11,-19,102,-35,15.73,58.53,53,59.42,132,-50,24.98,-27,41,134,-34,-37,-26,37.2,12,39.05,36,34,127,13,-27,74,86,42,32.13,3.56
101,13.13,67,-8,41.45,12.82,51.26,4,59,69,123,-22,113,18,62,24,-12,58.03,-6.28,8.81,-9.62,-43,139,6.22,-20.49,65.48,121,39,7.02,-5,144,39,62.62,8,-25,128,90,100,24.92,22.14
36.03,15.04,71.85,136,45.84,12.23,136,12.57,18.29,-11,-12,5,24.81,-49,5,98,111,56,38.26,-34,82,54,49.19,108,13,-20.73,75,9.87,63,-5.4,49,4,16.17,-45,131,56,44,60,70.48,14.06
38,44,83,-36,117,117,83,96,107,8,-27,35,1.64,45.79,99,14,-21,28.14,21.74,23,98,106,62.52,-13.06,6.26,61.76,-32,60.77,121,51,-25,57,107,43,121,102,-21.94,23.47,123,63.7
94,38,-6.37,3,33,82,-41,137,41.15,106,134,24.63,74.08,-22,76,123,118,36.11,-15.61,74.46,-13.6,45.95,7,65.33,-3.09,113,58.98,-36,64.17,20.08,-13,-48,-1.16,46,60,14.98,11.19,-2,5,75
45.48,71.55,-17.74,11.12,70,-23.96,115,-6,63.21,66,-8,-9.88,3,-13,72.96,66.67,126,-18,8.28,115,-30,129,148,66.65,45.58,109,85,18.07,103,103,-23,137,73,54.79,49,-16,1,63,34,69.44
-20.55,40.18,35,37,34,61,2,93,-0.69,-33,46.66,62.95,57,144,64.14,20.97,32.54,136,-48,-12.04,98,20.41,103,20.39,85,33,13,89,86,29.66,-14.47,11.51,-25,-1,137,-19.66,32.17,115,-34,-9
68.63,66,13,66,65.84,102,129,49.66,38.87,19,32.17,147,-9.78,2,74.08,-12.29,26.04,25.19,9.22,50,-18.99,-8.19,125,99,-1,99,142,0,98,-44,-32,13.16,26,-16.91,35,-24.84,72,31,108,117
18.09,-7,38.81,-44,136,-20,31.74,42,47,31.73,68,29.9,45,97,-6,113,7.06,21.91,9,38,68,140,-5,-1,6,65.5,32.35,-23,20,29.38,11.64,93,-28,-10.64,27.18,36,27,82,4,123
46,-16,55,117,-1.5,16,19.8,40,70.87,-31,66,48.76,23.25,82,-10,-2,23.19,95,15,133,67.84,20,-46,20,4,40.91,-13.29,32.63,37.18,56,-24,16,97,52.75,30.79,42.89,64,56.25,142,61
76,41.64,149,28,27.25,21,31.25,121,24,29.62,46.23,-15,45,95,-2.37,-9.24,-20.73,67.36,-50,36.74,-6,48,-7.99,126,-16.86,9.97,52,14.51,-42,-5.28,50.03,-26,70,-23,17.15,-11.76,46.12,18,-5.62,53.35
92,2,66.01,97,-13,75,62.99,-11.24,-11,41.07,95,43,13,-47,-50,58.26,92,95,67.68,30,-1,139,-46,53.41,85,-43,74,-37,-26,72.8,30,41,35.34,-45,47,55,57.65,23.55,39.5,10
50.13,143,149,27.6,2.61,128,3,-3,113,-11,1,-29,40.34,59.8,38,-41,54.55,77,71,-3,117,-11.45,15.79,28,67.63,-2.88,-17.46,75,42.82,91,42.34,41.54,-38,-40,-6,-20.98,34,64,148,28.76
51,-15,111,41.52,116,52,16.31,-14.07,56,29,128,41.74,148,60.04,67.96,57.45,61,44.34,140,20,47.85,35.21,-2,47.87,22,10,79,-7,96,33.3,16.33,133,8,30,109,-48,-40,126,-9,28.85
-23,-10,79,1.22,24.87,34,-7.99,106,108,17.18,40.51,57.31,144,49.07,-9,5.42,-5.24,114,-23.37,79,1.53,8,-22,-6.36,-21.56,132,-5.13,90,63,69.77,56,6,-22.46,110,67,124,149,38.93,149,97
25,6.68,117,23.76,20,101,26.11,-3,30.45,117,38.71,17,56.04,21.1,0.77,-4,7.36,49.67,-9,37.67,6,-49,56,-4.64,-48,-17,-0.07,41,31,9.81,49,-11.01,18.03,9.81,-11,12.2,19.41,-3.6,-7,78
56.31,5,-13,78,120,9,38.25,83,13.02,-47,-43,-5,60.09,45,21.06,-47,18.35,-41,-23,72,3.9,128,-3.57,-11,72,42.2,143,47,145,41,75,27,57,37.93,114,12.15,111,13.82,77,11.87
98,-7.24,-17.39,63.85,2.05,1.82,142,-16.74,46,45,18,52.71,24.25,-38,-1,135,4.19,44,65.38,56.14,32.51,11,-14.58,72.15,-25,2,-47,31.11,32.16,35,49.03,66,-24,31.63,-35,97,-0.14,34,23,2.63
-1.54,-23.53,133,36.96,-35,-15.04,-17,7.06,3.61,-29,126,20.34,38.99,69.08,131,81,88,9.52,23.43,65.96,47.71,19.2,17.53,122,-39,18,54,76,25.97,136,73.09,30.88,18,91,40,94,-17.37,-17.66,-22,-18.98
-37,6.01,3,25.69,131,59,49.43,39.93,74.08,55.25,-18,39,15.77,-11,-45,-2.05,66,46.37,-6.46,-4.17,22.52,58,25.74,8,107,56.62,5,-3.17,72,92,19,-21.12,61.49,72,136,3,-10,5,-14.49,25
52.18,-25,51,11,-5,-39,-9,-11.59,47.74,36.42,-4.24,1,-43,114,37.07,54.17,-10.31,-3,68.39,14.96,-20.75,88,92,16.86,16,-9,27,4.4,115,8,-40,28,126,52.87,33.91,58,85,15.93,-2.66,123
-33,-41,-3.66,32.77,89,54,14.4,67.1,75,42,16,-1.03,-7.03,77,75,46.27,-22.62,49,72,120,-2.96,66.95,-7.86,129,-23,-41,-17.39,-13.38,7,0,-25,4.07,103,140,-38,-15.86,-31,-19.16,-3.54,19.07
-4.71,3,15,26,45.41,-24.05,-14,43.31,0.88,-0.59,2,-32,45.19,8,-44,131,-1,53.14,27,70.69,3.63,43,60,20.07,-9,91,28,18.04,45.36,107,141,-30,-20.47,14,6.2,110,37.47,1.41,43.1,54.47
-11,74,62.74,-5,120,-24.58,92,99,90,-5.82,-2,-19.1,-0.25,-18.89,-32,105,-21.58,-42,45.25,78,121,-22.71,122,135,37,63.85,22.07,6.35,31.63,-10.15,26,66.06,83,121,31.29,89,4.15,81,42.53,-15
48.01,45.29,62,79,-14,143,-1.93,34,-24.4,62,31.59,74,58,-21,52.4,-24.32,-8,104,118,-5,43.24,104,134,108,-14,139,-3,46.06,-13,47,3.57,93,22.82,83,14,-24,43.81,30,106,-21
88,82,32,74.53,149,139,21.33,78,0,34,128,40,67.66,12,64,135,99,-23.28,62,128,51,11.96,-2.3,-14.18,33.76,-8.53,109,-13,69.2,130,-27,37,73,-7.07,2,87,71,27,11,71
6.92,69.77,71.01,9.56,-1,143,109,-12,-49,-19.81,2,99,50.95,-50,29.64,28,96,21,6.15,52.19,125,11.68,-24.6,-18.6,34,12,24.54,21.72,115,71.14,41.06,28.83,106,-49,60.44,57,131,-47,120,47.43
28.83,142,16.65,-15,-2,54.03,111,55,139,47.69,45.67,101,-20.58,144,-9.57,93,84,68,20.65,136,-8,13.35,75,147,27,19,45.99,45,126,33.1,130,43,18.64,10.06,2,30.1,6,-11,146,43
-40,74,131,39.4,84,14.59,86,27.4,-13,66,65.12,60.59,35.29,108,60.17,2.64,13,7,47,52,67,29.13,131,-41,19.27,-16.25,58.7,136,59.89,19,5.81,85,-18,43,46,91,80,47.43,142,123
67,65,80,107,38.92,-18.12,58.68,116,-31,-22,17.69,49,3.23,61.14,58.1,63.67,73.63,87,-44,-23.61,8.7,23,64.97,-28,26,8,37,62.8,39,-10.63,91,-30,13,-17.47,88,56,123,53.47,10.99,81
-4.84,111,84,14,-8.93,74.84,-25,-12,34,68,64.64,71,16.68,56.67,35.53,44,-45,21.52,-29,62,-7.48,140,125,39,-12.5,-11,140,2,-4.99,8.95,-12.21,21.21,47.1,121,112,-7,83,108,53.79,20.62
105,36.76,36,95,5,41.77,22,4,63.6,1.41,108,100,-10.31,109,68.89,61,72.1,134,70.2,71.25,44,38.01,73.38,34.64,-42,37,26,25.54,-38,-10.21,52,68,104,-8,17.56,136,45.38,7.51,19,-5
18.97,69,34,29.57,-14.35,-18,-40,25,-18,-15,9,111,-24,-46,15.85,68.58,71.33,34.47,136,-1,119,32,12.87,114,88,125,28,-17,137,107,51.49,17.13,17,68,30.98,73,63,104,-11,74
2.34,11.4,3,93,65,119,111,14,-28,-37,106,25,-26,40.87,37.55,25.47,60,53.95,61,-15.47,132,137,-20.05,22,37,141,33.66,76,36.25,43.12,38,32.58,23,-31,36.9,141,1.71,12.21,-33,25.13
105,8.08,46.34,34,51.98,24.73,69,3,-45,4,-23.62,92,47.39,-10,-24.48,98,21,28,73.38,66.36,72.3,114,46.39,116,128,66.74,-0.54,118,40,34,27,-5,-11,94,47,-11.27,-19,7,42.23,45.17
146,64,-45,24,40.46,53,-48,7.36,122,-14.52,37,8,48,28.84,53.53,7,25.46,105,63.27,69.66,37,11,14.33,-49,71,45,35.74,-49,141,-7.87,73.57,-8,-20.98,28.22,36,94,-21,13.64,-49,100
41.33,64.83,80,0,0.53,48.71,-33,59.63,-40,73,8.21,15.93,-17.22,73.19,17.34,0.04,-15,64.05,-1.96,-19.05,11.8,65.92,-42,49.18,36.19,-14,11.46,43.23,-19,27,89,24,102,25,-20,41,123,-21,-28,119
105,114,79,11.51,56,-19.07,98,67,108,129,-23,44.45,46.6,125,-32,-47,19.48,62,14,73,95,58.07,0,28.99,126,28.09,37.71,17,28.39,19.35,36.09,-12.67,50.8,-12,132,35.4,-32,31.1,118,-24.89
1,39,58,125,14.04,-24,32,126,-24.12,89,4.82,-44,101,67,-14.54,-40,-11.6,-34,111,10.82,-24,1,42.33,-14,1.46,2,-7.69,-9,71,15.02,119,56,90,130,35,55.02,-3,26.66,44.22,142
56.32,50.18,27,13,66.76,37.9,45,10.43,-13,77,11,-1.28,38.25,-29,130,112,-27,142,31.74,61,98,38,92,60,-48,116,38.41,58.31,47.98,-43,50.14,46.85,-10,93,-2,35,71,-22,118,74.6
-18.49,100,45,22.06,43,94,115,2.56,21.16,36,95,95,98,14.58,86,-12.31,-21,-9.17,-28,-3.36,75,-24,138,-6,38,-25,41.19,57.93,-18.33,119,12,140,-18.52,-2,50,19,117,-13.23,-22,7
20.42,6.09,142,2,-8.1,-30,-8.6,-9,-21,10.17,-12.6,117,12,-20.58,36,122,110,46.81,136,39,92,-32,78,59.79,77,16.5,1.31,123,-19.44,40.76,0,17.74,74.3,11,67,7.69,71,83,-11.56,30.29
74.19,35.37,73.38,-2.38,-48,26,110,1.49,28.3,113,54.84,133,45,90,70.04,62.11,-29,134,2.01,111,-27,42.94,34.12,123,56,33.02,39.45,75,73,35,102,108,91,32.18,-23,60,9.9,67.18,30,9.71
32.22,60.21,116,78,5.98,46.75,-1,-46,-32,2.91,4,125,47,47.96,34,3.1,-16.42,53,65.75,-35,135,5,-21.22,2,-6,-8,-36,0.28,20,111,63,-23.47,51,13.9,77,-41,75,46,80,-14.7
23,117,-23.68,29.08,60,28,48,-3.75,-31,-16,59.98,127,44.63,50.36,-48,137,44,93,-6.58,26,71.84,80,25.77,118,-36,-50,57.13,100,81,-9,-13.78,123,110,67,-3,88,97,39,2.4,-8.52
-19,-49,66,100,-32,101,69.99,31.84,30.27,41.89,11,-16,4,64.49,28.3,72,-1.56,7.86,107,145,46,-29,106,-9.48,38.65,39,65,111,-4.41,72,52.08,-1.01,72,17.59,-0.05,68.75,50.18,3,5,47.65
22,36.75,9,-29,49,67.61,35,27.67,36.93,61,124,-5.87,52.93,-17.22,-22.68,-4,107,5.52,-48,-31,8,42.18,38.79,-13.08,-6.41,52,58.55,148,-11.42,-6.93,103,25,-48,52,82,85,54,-18.2,13,45.08
119,112,149,43.93,91,37.81,-25,32,40,-40,45,35,22,56.3,46,-4,104,58,55.92,40,-1,22.51,-3.42,127,-15.43,3.32,-34,110,118,120,55.8,121,47,35.78,-21.2,42,48,25.91,96,-8.27
139,50,47,118,61.38,114,64,73.81,-2.8,-6.2,24,10.13,1.57,122,61.54,-4.69,72.17,59.82,-3.64,-21,9.52,93,90,71.78,-2.56,28.95,25,-16.45,140,50.01,96,79,-5.74,135,101,-6,-8.86,-20.86,134,7
-6,19.7,15.69,-29,47.16,49.84,116,31,-27,-17,39,106,-15,72.29,101,-48,93,50,-19,57.73,-16.61,32,-35,74.06,-0.79,56.21,79,33.2,15,42.72,50,89,15.31,121,-4,44.62,32,46.39,-36,72
34,141,-12.62,122,120,128,-6,18.75,-28,-11,56.89,71.33,84,43.67,-10,82,-45,-22.55,70,101,19,16,111,-5,7.49,-8.88,96,93,-21,33.66,36.97,28.02,139,131,55,143,89,44.55,25,74.5
97,53.16,5.07,103,-30,50,26.87,44.52,56.76,62.68,61,-16.62,1.77,127,-14.67,-25,52.67,31,35,60.77,57,100,-1.87,105,-42,-11.57,-26,148,41.41,15.47,27.27,6.23,-3,-9.51,20.41,81,68,41.96,-38,35.43
86,70,137,-17.19,71,-21.71,57,28,37.01,-9,-15.37,87,80,-42,137,70.8,101,104,69.1,47.4,147,92,140,2.89,-12,38.12,4.26,123,14.85,-14,28,16.55,41.34,24,55.51,-19.54,-18.84,-17.34,6.42,82
20,-11,30,53.02,-1.29,104,114,129,24.43,46.47,73.95,136,33,-13,18,94,23.13,-42,-27,73.19,38.91,-2.82,74,-7,0,129,-6,-25,53.72,-9,113,20.03,4,110,21.82,7.95,-14.15,3.69,105,129
26,8,-36,101,10,34.24,-2.22,7.67,53,66,-36,36,16.03,149,18.86,44.9,-47,32.11,78,62,79,83,48.4,93,-3.47,51.65,64.79,28,53,-0.87,-33,40.84,46.44,-21,0.95,-30,13.09,10.07,-10,-11
3.33,-37,114,-9,-14.41,142,-16.5,107,110,102,-8,24,76,-45,-8,59.31,14.85,-11.19,3,30.98,111,38,118,7.72,40.16,63,15.11,67,-11,-9,-36,10.47,39.41,52.98,-7,141,-33,60,116,-47
-30,139,40.56,37,149,82,19.52,47,63,21.36,135,1.99,-29,96,92,16,17.79,11.65,-1,113,-22.82,24,78,146,126,-49,72.02,-34,57,73,54,108,135,149,120,-24.87,27,-27,127,-19.79
63,63,-37,-6.61,68.45,-34,46,110,54.88,-20.86,104,137,48.99,19,-31,69,39,119,112,34.87,94,30.6,58.9,30,-2,69,100,39,37,-43,11.11,72.04,43.86,12,67,140,34,0.92,124,21
57,21,-10.67,82,27.48,25,92,-35,125,3,62,56.82,140,-29,57,8.65,62.23,18,-9.35,27.1,56.79,-35,-14,72.39,148,-24,119,13,-41,35,69.71,63,114,51,138,141,88,44.19,74,106
-13.14,74.77,74,99,144,-42,11.42,73,21,80,-41,-24.03,105,19,109,13.86,140,-21.92,1,124,34,-19.78,24.33,53,-9.76,28,124,41.01,32.42,76,24.01,-16.25,-5.41,38.73,-8,122,7.62,69.37,-1.97,30.86
45.81,36.82,6.66,-6.76,13.32,-15,81,96,97,90,-14.52,-23.63,58.72,-46,38,-19.15,113,134,-40,63.61,50.95,23.27,96,23.49,133,17.28,17.45,125,-9,17.56,-19,105,45.67,3,60.74,24.73,64.02,-26,81,33.16
-33,68,15,31.14,28.35,3.06,-10,57.15,143,25,63,39,37.59,-4,-4,58.33,36,67.59,-5,-15,91,5.34,6.21,-47,-4.83,3.66,-6,18,-15.11,-28,72,87,62.44,51.34,-24,29.22,124,22,92,46
59.39,100,55,-48,43,-18.56,85,-24.59,41,129,38,43,68.13,46.8,21,54,-12,22,54,9.96,19,70.12,36.55,39.44,107,14.47,54.97,33.58,-3,30.97,20,52,47.24,141,9.43,-17.11,35,73,102,31
88,32,-2.23,117,51.5,119,-6.67,105,-11.95,18.08,28,61.7,39,-8.47,-8.27,69,7.37,-3,-12.79,54.46,16,-25,35,61.45,121,12,23,-34,-1,63,17,106,7,52.34,-27,27.86,91,7.02,137,73
-8.79,28,43,-7.18,68.26,89,15,127,43,145,78,67.82,9.56,64.57,70,-17.65,84,-4,-0.75,22,-7.2,64,52.86,139,75,62,110,10,3,16.6,46,-18.47,134,107,32.58,26.05,89,9.26,-29,-20
41.78,49.8,4.92,44,104,148,27.4,126,60,-50,-36,-49,37.73,-29,4.91,-18,-31,-2.15,55,85,38,53.45,-21,24.47,73,-24,120,103,140,95,-24,49,23.31,-31,-4,-13.82,9,34,74.64,-22.79
119,26,60,25.65,-43,-12,31,91,-15.58,104,41,110,34,68.47,138,102,28.13,104,105,40,-18,55,-14.1,136,55.28,-3,51,-3.61,67,17.62,14,131,41,87,21.1,126,51.28,-19,103,4.35
71.18,24.38,14,-18.23,-13,-6.07,53,66,-0.53,75,38.75,17.75,2,64.24,4,64,33,57.93,17.24,-12,128,24.66,80,6,2,56.37,35.67,80,-33,-2.45,16.74,26.19,72.92,47.33,-6.61,109,-13,90,10.47,52.42
142,31.95,13.12,26.18,89,132,-15.56,92,45,-17.55,47,-44,29,63.45,81,8.99,53.16,91,145,-11.04,31.68,8.38,34.26,1.89,47.67,121,51,-10.65,66.58,-24.93,61.38,57,-16.15,54,100,-21.92,-31,113,1.54,61.22
-6,-44,-23.52,5,55,4,-10.63,10.74,70.62,-9.22,-47,14.78,64,27,22,7.53,133,90,8,63,71,85,5.66,74.48,56.42,-24,129,30,69,141,-23,29.02,82,50.84,10,49,-48,27.87,33.41,39
3.68,144,16.44,64,-10,100,-37,-44,26,107,101,60,47,50,8.97,-7.23,-13,-50,17.17,14,7.21,66.62,55,12.68,35.52,73,104,144,63,69,-24,-21.58,-16.36,33.34,2,149,136,91,107,61.13
4.53,74.02,34.18,0,-17.29,41,33.94,9.97,-50,-0.93,-0.8,34.05,-28,51.47,59.85,-32,-11.94,-10.72,-3.07,-29,-19,45.9,-21.63,89,41,62.21,7.55,54.06,100,60,68,-9.79,21,93,141,-1.03,-25,127,142,119
-22,22.4,16,-1.32,28.41,-19.13,84,43.06,27,38.6,26.67,-12,-25,-46,30.28,49.89,76,62,83,64.53,-21,131,-36,65,36,132,71,-23,-0.19,-18.92,18,72.37,15.74,-45,129,69,-7,-0.87,-16.04,-22.82
10,-38,8,-38,60.84,-17.52,118,25.61,24,72.8,-33,-24.29,133,22.67,114,33,-15.15,27.32,36.7,10.66,-20.39,19.23,73.63,90,123,112,-9.4,126,-39,10.9,112,114,-10.87,77,105,35,96,6,73.11,50.96
13,6.64,-44,28,5.92,57,30,74.66,-39,68.09,34.88,19,52.07,-1.3,41.14,60.69,141,-20.24,97,32.27,75,3,140,33.98,48.46,34.96,51.02,10,-33,86,-21.59,39,58.27,18,7,13,-18.17,-38,70.5,14
19,100,52.62,21,-20,5,-0.85,4.98,113,69.62,95,-31,15.01,-37,69,40,73,-15.51,100,112,92,122,-33,43,59.2,19.73,66,36,106,-8,36,22,-35,7.6,-20.84,29,15,50.43,3.61,0
-37,46,4,126,16,61,23.88,70,113,33.96,43.9,-39,8,58,45.55,-42,27.49,-2.13,147,4.08,-15.81,67,114,-14.09,26,-43,41.92,88,3.41,57,61.54,-43,-12.46,47,-5,-5.37,28.23,-14.58,63,20.62
-33,-17,70,-10,139,90,59,139,-0.88,127,134,29.01,49.01,-6,-48,-44,24.91,7,29.37,53,71.53,91,70,-26,36,-10,-4.02,39.75,-8,32.74,74,51.98,-50,32.62,15,3.18,-50,-1,79,136
24,-14.46,87,23,74.33,-0.25,88,136,-18,83,125,-35,-11.81,14.81,48.96,33.47,14.48,118,23.56,28.04,47.67,58.78,47,-20.65,146,119,83,-7.24,14,54,50.47,93,37.65,-4.78,101,-24,-24,-32,-48,100
2.54,51,124,-5.52,8,67,38,-33,-20,137,-11,-14,38,-3,84,105,146,36,92,81,-38,25,116,78,-3.33,-36,139,11.38,16,102,102,21.99,37.72,7,144,59,-23,45.55,46,5.42
15.03,145,42.86,55.14,-2,-4,46,13.59,84,-41,17.74,35,65.46,0.19,-14,121,40,39,31,122,57.02,56.99,147,131,44.57,23.31,77,56,-10,37.46,0,-40,94,66.23,79,-18,29,-34,23,65
-20,107,44,59.96,-18,-17,58,22,134,9,65.93,27.76,-2,91,100,13.3,36.96,146,-22.83,24,69,115,101,23.4,57,21.09,72.12,56.48,80,88,34.71,-5,119,-11.38,17.87,69,80,109,-49,-16.1
25,50.26,-1.76,-33,37.19,-11,29.81,65.02,73.82,6.38,-17.85,83,61.27,51.34,7.14,76,74.55,10.07,-3,-26,37.64,-2,146,56,56,-4.43,-26,2.28,62,130,-5,43.67,103,49.8,37,82,99,54.56,97,46.5
12.11,-17.42,61,132,105,63,-16.86,74.83,145,-21.4,117,13.64,-26,3,26,85,-49,143,66,-36,13,-6.69,69.11,26.08,94,144,-32,64.42,108,142,133,-46,142,127,-38,99,8.56,43.35,86,20.18
-1,119,48,141,62.06,-3,28.23,76,112,-34,50,-43,139,-4.4,11.59,11.91,7,6,-36,62.54,6.38,95,128,48.97,7.7,13,1.77,-3,81,-17.16,-1.7,8,-22.26,-9.64,65,-19.06,-14,18.73,117,77
68.73,55.14,33.69,19.77,68.09,1.03,-48,52.43,107,139,-39,130,71.77,-6.27,119,78,144,16,131,-22.99,-7,60.18,47,45.98,-19.04,106,-46,58.02,75,-45,69,25.64,30,-9.67,41.84,-30,15.06,-37,18.82,106
55.35,130,-4.08,93,30,49.97,124,30,22,-32,-9.78,45.97,-11.88,40.45,-3.73,40.34,0,64,118,111,134,127,125,114,92,-22.7,29,-12.81,62.47,77,40,54,17,12.39,1.59,-12,54.04,51,85,62.52
-14,6,-12,47.52,32.91,36.02,6.17,54,28,22,5,59.5,62,39.71,-20,72,-29,102,138,-29,39.36,6,88,26,31,23,-21.57,35.13,7.78,70.7,68.69,55,-45,-44,134,116,82,108,-14.25,68
-1,2,-8,2.27,90,83,47,56.09,54.52,118,84,-45,144,-7,-7,130,39,30.06,-49,60.06,-9,-44,133,128,8,1.1,30.22,61,-10,94,19.14,103,58.18,24,118,-20.84,19,-35,-17.06,47
36,25.92,-13.15,83,83,19.33,48,55,-35,62,8.77,93,64,-14,-23.56,31.07,37.34,-13.05,113,54,-50,-17,17.24,-43,-47,55,-16.03,-38,66,59.33,65.81,6.22,32.72,74.81,19.87,-10.04,-6,-28,23.74,14.43
61.53,-32,-3.13,30,28,32.25,-13,125,60.07,100,14,-0.6,48,-9,-7.3,-49,3,32,-26,-20.2,48,42,100,12.99,-44,90,72,-23,40.45,25,86,20.4,-19,140,77,27,80,18,59.46,31.4
-44,131,125,-49,11.52,23.7,38.92,140,7.19,-47,43,1.92,-39,-20,10.3,13.43,-47,-40,139,-2.56,57.89,-24,46.72,100,10,73.56,148,-31,48,-1,45,20.73,96,100,-44,3,145,-27,11.75,-47
148,63.3,30.83,63.89,29,10.47,28.44,29.29,-14.71,31,86,31,130,10.98,-32,85,79,37.99,123,-10.99,-20.06,28,61,-23.07,107,46,-4,73,49.92,57,44.85,128,68.49,2,8.89,46.86,43.56,96,-49,132
-42,44.64,-4.67,120,3.6,-10.76,-17.08,50.79,83,109,-23.06,8.06,-10.9,68.74,61,-26,90,35.21,51.6,73.09,67,61.29,30.54,-35,-6,-27,96,-19,55.63,138,20,67.4,-2,62.83,47,4.31,32.05,60.52,43.74,32.93
123,11.69,58.18,15.19,53.65,4,4.69,72.23,-48,100,-30,132,-40,-11,94,-4.26,16,-5.08,-19,-36,96,73.62,144,6,47,-16.54,-20.4,-30,71,-44,25.59,44.57,44.35,144,-50,-23.51,-49,54,-47,3.02
24,100,65,80,63.93,67,56.53,29.52,39.74,72.59,20.72,-2,125,51,82,6.12,24,-34,42.51,8,48,19.5,146,-0.89,22.26,51,69,69.22,73,-28,59,34,-8.52,136,-12,-39,29.78,83,121,17.3
46.01,9,-12,37.02,-18,78,115,9.93,-16.76,70,71.98,28,45,-12,62,130,124,39.38,36,-17.17,130,-21,22.09,-19,-11.45,84,24.3,98,20,22,18.46,36,38.62,45.52,31,-50,75,107,6.54,57.85
131,61.22,54,127,57.01,-21,149,31,15,2.05,3.21,88,83,-3,114,33,133,102,130,92,-26,42,-15.84,42.04,4.71,-20.08,-42,21,87,130,23,-19.56,49.87,52.56,32.38,105,9,-14,113,-13
30,68,-31,-20.88,10.23,7.83,-24,-10.66,35.48,115,128,28.1,43.39,92,142,40.64,51.08,86,66,56.75,24.19,90,135,56.61,-13,110,50.54,136,72,57.14,54,53.74,46.58,135,-1.53,81,99,52,53.25,141
48.18,-1.81,54,-18.04,70,44.09,135,67.42,51,70,104,126,10.96,10.64,43.49,76,61.98,40,20.11,63.35,127,17.59,51,21.72,20,24.24,51.61,-21,56,-10,13.1,53,48,9,62,-22.1,86,117,30.48,37
117,74,59.4,103,123,-11,-13,-5.13,49,50,59,16,60.09,-17,130,105,-23.78,64.29,50.86,118,0.47,54.88,-6.44,38,70.96,132,-41,41.75,-4,-15.98,54,93,35.99,146,27.66,21.78,-7,33.6,58.5,71
95,-27,63,133,17.57,18.74,-45,65,136,-12,19,-38,25.88,51.88,-32,-3.48,10.37,10,25.72,25,115,106,21.54,50.32,66,-18.08,20,69.38,72,38.85,-31,69.31,97,120,13.17,128,41.95,127,28.73,79
-8.23,111,110,73,15,65,-43,5,42.7,136,-32,33.6,128,72,38.73,16,-20.92,-4,129,60,20.53,-17,40.78,41.09,58.69,28.18,113,39.64,71,92,-28,12.88,81,138,-0.95,45,-44,51,-10.66,-4.09
114,137,-22.36,131,24.95,38,7.55,148,49.82,-20.68,6.63,54,-11.12,-20.06,-12.79,79,35,-1,25,53.62,74,6.24,6,38.09,61,37.74,99,-19,27.74,7,124,-48,-40,38.38,54,21,124,13.14,10.77,-26
30.66,1,16,5.06,41.89,-23.68,99,-29,59,-19.95,-40,-3,121,28.34,140,44.58,-5.92,20.84,-15,91,90,6,33,87,38,90,140,42,75,66.14,79,53.55,90,5,34.63,3.18,51.24,53,-21,25.78
114,121,-37,-13.53,133,-41,77,49,79,9,142,44.96,2.59,56.25,25,-14.96,17.93,51,46,70,-22,-14.42,118,-15,38,36.49,36,24.54,118,70,32,-7.17,66.14,53,104,9,8.98,60,28,109
16.84,80,84,6.3,49.41,20.8,65.62,35.25,34.25,82,74.14,-43,100,11.24,110,-9.93,41.94,51,-20.54,4,35.24,-28,0,136,-10,-44,59,-6,107,-11,-42,107,5.9,-19.93,-14.5,5.02,-24.61,141,57,89
23.12,23,42.09,64,36,-2,53,84,12.96,70.87,33,57,108,20,70.73,-17.64,6,3.78,42,-20.4,-11.07,1,53.75,96,-17,84,35.85,87,16.54,5,-9.2,-41,4.46,13.99,43,-2,74.41,83,14,66
12.7,68,136,37,9,3,-36,-13,5,-17.3,-31,104,63,-42,70.61,103,46.05,-15,10,-32,80,7.96,-22,45.44,9,50.05,96,53,132,18,-22,145,107,95,-35,40,70.38,-45,79,137
7.45,-23.76,4.49,66.47,10.55,-17,73.47,45.21,65.97,136,64.44,39.42,46,-25,145,65,20.37,-22,109,145,38,89,130,49.96,49.1,70.67,60.42,56.6,25.49,0.31,80,29.64,129,60,105,54.17,-6,114,148,33.94
-37,97,-19.64,-5.97,-48,71.66,79,26.95,39.53,-24,21,43.32,61,-28,49.9,48,26,109,127,68.22,-43,0.76,-5,-40,-18,0.43,10,29.9,42,11.08,-34,99,137,134,15,68.42,26.63,59.9,-23.87,77
-2.6,-20.98,46,27.63,114,42.07,0,36,-38,44.87,-14.93,52.66,47,40,-3.38,121,74,108,78,93,-36,26.16,52.05,26.39,42,-14.92,-36,-6.54,-12.43,61.93,23.63,57,124,43.41,17.91,82,31.26,72.62,146,51
5,64.57,131,49.26,64,1.15,86,29,-26,28.65,102,18.6,65.24,88,129,-13.83,142,25,-23.7,-23,-14,149,108,29.71,41.91,-44,71,52,75,-23.39,31.67,-13.74,136,131,114,131,20.71,-28,123,55
34.07,-29,6,105,2.07,20.26,89,67,17.51,96,-46,49.93,5,44.01,43,4.57,-31,-11.28,62,62.07,110,31.53,55,65,-5.17,-18.42,20,119,41.06,116,-16.95,37.86,-21.97,81,33,5,68,33.69,61.57,20
64,118,-7,115,-0.04,56,114,-6,-14,-33,-23,13,-4,51.65,3,60.19,120,36.91,-12,9,38,147,32.56,31,-49,14.1,31,73,72,14.89,3,-13.58,73,73,36.82,-26,41.73,-3.21,50,124
40.22,48,49,-10,107,56.49,71.05,12.18,74,16.31,23.53,119,0.35,120,-8.73,30,43,110,-7,65.69,1.4,39.52,-47,-14.61,26.23,-13,21,68,140,-43,144,114,20,52.83,-11,149,69,96,4,-11.78
15,-49,-6,11.06,40,81,-20,65,13,-8.69,-41,10.47,75,66.34,54.37,4.53,45,28,100,-11,69,35.01,41.6,-23,8.24,-1.32,70.91,-37,49,106,20.75,104,-31,-16.16,-14.53,90,57.55,-5,102,-46
42.46,-32,45.88,9,76,143,90,64,7,50,60,136,46.42,6.77,-29,113,73.83,-6.5,-15,15,23.73,24.11,-20.19,-10,72,37.15,11,44,-33,-9.17,110,39.6,76,146,27.67,61,29.06,-47,102,6.79
-11.6,25.25,105,18.67,43.54,-16,66.06,7,139,72,64,-11.61,4.36,7,-19.06,57,50,-42,33,19.31,-23,72.88,136,20.02,-40,103,31.9,105,-11.31,13,39.61,29,77,-13,35,139,78,-43,86,32
111,101,47,78,140,59,58.08,134,13.37,74,97,64.12,58.42,-1,136,56.81,149,31.69,5,44,52,39.6,8,77,23.29,-11,-43,42.02,42.41,26,-10.32,76,52.44,-2.06,30.29,-2.88,29.92,24,26,136
35.76,99,89,-1.34,43.47,8,68,46,-24.53,-10.61,10.59,-44,98,149,143,-15,8,29,56,99,110,-5,14.16,12.58,104,68,144,3,76,-31,99,90,49,0,51,-42,63,63,22.84,42.57
70.05,-30,80,-6,-26,-19,133,41.31,70.42,68,38,21.72,115,4.67,75,-1,55,115,14.71,-6,54,85,7.46,52.88,42,-40,45.6,72.96,7.66,11.49,32,54,-33,55.47,27.37,147,55,51,47.74,17
47.03,-8.44,-17.76,70.13,74.75,-4.18,2.74,-2.75,28.09,104,-14,-31,57,93,38.38,59.38,-1,72,39.17,22,-3,73,96,16.02,10,58.34,44,-1.04,73,61,-25,0.93,54,116,105,78,-2.96,56,143,32.18
28,4.69,-1.53,-23.72,122,-48,105,52.22,134,-30,-1.04,43,33.01,42.72,17.33,-36,-27,119,112,5.74,-12,10.99,-19.51,50.04,-4,67.66,-3,81,89,106,0.51,-45,88,24.62,85,52.44,62,85,71,11
24,109,11,49,43.88,143,49.13,-10.52,73,53,4,46,31.16,42.87,-19.06,27.85,40.27,25.54,6,65,-1.58,21.91,38,114,62,70.91,68.01,13,-21,-14.03,21,143,117,15.32,16.76,33.1,51.58,-34,-22,93
131,-18.79,33.78,38,24.38,-16,141,102,-5,-47,17.76,-3.46,41,-18,45.23,-18.88,-14.08,-4.78,19.22,-12.04,82,117,140,129,42,26.6,-17,9,23.23,50,11.84,1,-3,31,44.67,-46,0.13,141,12.4,59.48
35.24,67.69,33,103,-7.66,-28,-13,96,29.21,7.92,7.09,27.47,72,28,-1,126,63.62,-22,-9,48,2.26,2,81,92,-12.75,23.28,-35,63.34,-6,110,44.17,18.2,-29,-7,67.16,64,31,73.16,99,74
1,63.19,-8.96,-22.98,11,-2.9,-31,10,41.68,11.86,4,2.61,122,35,-11.49,54.86,-27,44.51,56.96,67.05,-18.59,57.15,43.54,-11,35.64,123,-10.77,41,-12.39,5,-26,41.25,-10,5,49.7,48,-31,21.94,47,-40
92,98,20.46,42,71,31.72,50.61,-14.78,75,7.67,-15,-37,-16.18,-17.21,63,123,113,93,17,136,136,51.36,69,55,148,51,2.59,1.12,139,77,-29,-20.94,137,12,-17.17,120,-2.08,45,118,-14
-38,37.67,9,-19,15,65.88,-22.18,47,129,18,-39,54.96,-19.81,10.4,101,75,47.09,16,59.16,-17,134,-32,-16,7.63,91,-8,-15,58,-15.08,63.03,33,143,69.82,38.2,78,124,69,39,-20.77,122
70.53,69.49,16.45,21,85,-0.7,94,95,56,120,-21.36,-5.31,19.04,-7.15,41,35,109,47.86,11.96,11.87,116,23.96,-10,-7.08,3,71.4,135,-46,29,69.8,-17.96,131,72.04,6.83,-37,26,18,63.45,-20.52,13
7,107,86,-1,27.9,-24.24,90,21.71,-18,53.67,69.92,68.61,35.12,30.68,42.71,41,-37,69,46,64.73,10.25,22,53.9,28.85,12,7.6,-7,-50,32.6,51,-3,73,51.18,-47,49.68,72.67,-17,30.04,-31,86
65.23,135,69,9.83,0,21,30,38.2,0,142,86,54,-48,59,-21.73,64,40.61,63.44,-11,144,70,110,91,-30,26,67.03,-18,91,70,55,30,2,81,30,50.59,-24.86,72.46,110,53.53,74.92
19,-29,39,25,45.57,15,131,71.88,12,10,52.53,-21,42.84,-48,91,-25,133,95,48.79,-12,-9.27,79,76,144,54.77,97,27.28,43,22.25,7,17.36,33.2,55.81,97,52.79,23.81,-17,1,89,42
125,15.23,142,42,-30,32,5.01,-16,109,47,23.72,22.72,73.55,-44,65.37,44,-12.45,37.03,74,0.79,-39,82,137,116,19,14.41,92,120,60.29,103,4.55,33,62,40.95,47,-0.73,23,-0.75,26,49
70.57,7,93,18,31.95,21.14,46.14,32,33,43.85,81,40,2,95,-3,-47,-34,8.59,82,59.7,-13.76,-17.57,63,63,-37,-11,62,20.61,-7,-34,66.44,-1,67.56,40.91,137,63,66,-15.35,50.49,26
-34,32.71,12,7.85,25.77,71,74,67.74,-30,54.15,34.03,63.14,-45,-30,70.6,51.21,57,111,41.3,81,69.29,120,-1,58.04,77,65.11,-47,24,9.69,64,108,31.25,-3,69.67,106,60.53,-19.41,10,-46,7.77
66.5,-20,126,-10.75,28.63,-27,51.54,90,-3.49,-27,11,126,-24,5,-6.49,6,26.4,-36,57,30.13,-1.28,-36,66,107,9.98,59,51,20.25,-40,56,61.65,5.66,68.84,57,-7.09,42,18,-3,22.98,70.84
-37,-18.81,40,70.67,70.69,115,79,79,-4.01,62,103,109,-5.48,47.14,-22,116,36.87,42.33,2.83,-23.88,32,29,43.58,10.57,28,-7.22,1.03,27,89,22,25,69,-15.07,-13.31,18.1,-15.08,39,-3.8,18,56
22,26.43,42.06,37,70,-36,90,18,66.21,23.59,50.94,83,-27,132,-36,-16,37,74,-21,49.99,10,-31,96,14.16,-20,56.67,-17.09,-6,3,10,21.82,-32,-34,-3.97,-27,108,-18,-11.42,21,-24.73
89,10.96,-12,24.65,54.98,45.77,127,147,-23,28.4,-38,-17.41,75,52.09,54,-7.55,-23,-38,-47,132,-24.25,16,96,48,59.43,-42,-47,53,64,55,36,-20.55,65.32,-11,123,27,15.84,-42,19.29,57
-13,17,-18,42.01,123,66,103,71.53,-23,84,20,24.78,-10,26.55,146,11,64.15,-15,126,100,97,126,114,-14.49,-48,17,16.29,0,41.54,62.7,68,5,-35,-17.27,-6.43,145,120,31,33,48
54,20.55,66.42,71.43,41.4,-3.55,71,90,-6.69,148,32.32,104,115,-11.33,121,63.46,48,77,3,92,-22.25,109,123,14.4,-8.65,104,55,-11,2.77,131,36,107,-50,85,21,113,-36,6,-19,70
13,4,42,23,-41,55,125,-32,50.99,40.43,0.25,88,44.69,27.13,64.85,102,149,-1,-49,35,-38,102,105,74.06,43,11,72,13.07,40,101,147,112,142,-13,146,132,28,42.95,-38,93
60,-22,-14,46,47,47.66,65.81,126,47.41,5.84,-47,-14.73,-3.99,-50,31.45,68.95,-10.35,-22.86,96,31,45,63.72,32.09,-22,-38,114,7,-3,-27,10.95,45.42,58,-31,40,53,17,-24,65.03,147,27.77
-10.7,55.87,50.05,9,91,46.41,-29,1,78,63.97,-10.77,11.48,-7.91,9.46,33.83,57.13,26,133,69.02,60,44,19,-29,8.46,125,42.86,-17,73.22,34,8,62,105,-38,51,-23,-32,81,22.17,-14.08,-0.97
68,20.64,28.76,131,75,9,62,43,126,4.17,15.54,71.19,104,45.8,107,83,50.27,-4,-16.42,10.17,80,44,137,110,66,24.25,29,22,51,-26,13.57,65.58,32.15,121,128,62.83,11.79,73,120,107
45,74.45,110,12,-35,92,128,-16,46,-47,76,7,128,101,74.63,36,-14,12,41,36.43,12.42,-39,47,53.05,-17,122,13,63.77,128,9.17,87,44.4,23,-25,-40,40.54,103,24.48,-3,49.68
23,-13,79,-26,9,66.29,-26,93,82,78,4,25.76,46.07,108,-33,-20,60.05,-16.28,72,133,84,46.19,56,64,60,40,-44,32,61,99,-13.73,17.19,-1,-9,65,95,127,44,104,117
68.08,129,93,55,105,-7,65.97,37,-8,149,-16.48,126,30.81,-23,23.15,-2.31,51,95,72.91,19,23.54,46,66,123,19.25,80,-17.28,6.68,-31,26,1,69,-12,82,38,35.32,35.78,0,-4,6.5
146,109,19,-4,129,-17.28,-2,14,133,62,31.9,66.5,60.14,108,43.15,42,-18,-37,31.74,-40,27.6,140,47,56.74,-12.48,-6.44,76,27,-25,115,32.4,48.07,133,-30,-5,31.23,-41,142,60.73,23
142,144,-21,59.91,25,-12,-11,0.6,-38,12.25,83,-14.44,130,-35,122,62.46,42.3,-45,57.31,-33,15.09,17,3.93,55,117,-17.3,114,17.23,34.86,66.54,7,41.17,149,62,14.27,73.29,2,-7,-34,44.59
-11.12,-16,63.4,-22,17.43,21,59.88,15.84,45,47,109,71.3,71.94,-34,105,-19.06,-32,48,-32,99,126,-22,142,-25,49.55,19,136,132,105,-10,26.53,13.46,-16,2.97,-34,115,-36,0,4.47,72.83
37,95,-27,22.03,15.89,-15,46.75,24.51,-20.83,21.47,-9,32,25,66,49,-23,11.52,49.25,97,62.01,43.84,7,10,54,47,-6.47,-25,25.03,-14,25,-3,35.76,8.29,8.37,-17.22,-15.28,40.31,130,-6,97
-28,-33,-6.33,47.18,33.04,-5.37,52.27,38,56,42,-7.01,-16.04,59,129,94,51.65,72.46,2.82,45,82,55.71,-0.21,6.49,144,116,-25,74.22,50.69,29.03,-49,124,26,64,67.72,-2,4.8,68,2.51,17,61.1
36.02,114,23.1,-25,20,7.85,61,119,1.63,-6.7,27.17,135,-35,-10,106,80,32.75,-10.28,59.41,32,22,80,57,148,21.84,21,31,68.66,58.66,16.43,-13,50,-36,68.66,29,139,51,-23.79,56.02,-33
21,-7.17,114,-15.65,109,39,28.66,1.39,-23,32.19,146,-31,-1,40.22,-25,-42,-10.55,129,31,-0.44,50.75,140,52,34,119,-6.41,58,13,55.71,35.88,99,9,14.72,48.37,24.88,4.22,69.69,2.46,26,114
45.19,73.47,114,-5.31,109,-20.91,49,-21,-15.39,68.89,70,73,104,29,31,39.28,94,108,-37,50.94,-9.5,35.28,4.24,-3,148,42.26,43.1,-9.64,96,4,-47,53,-35,13,79,12,54.13,68.23,127,84
47,53.19,71,84,6.47,58.13,61,34.45,-4,41.68,51.1,-49,63.72,23,12.69,-1,28,97,11,18.44,80,-46,65.94,148,112,59.11,33.85,69.83,-2,-37,-13.82,104,90,-41,21,5.3,1,-3.97,120,146
52.92,2.64,68.54,-48,97,99,46.9,-1,-39,139,119,68,61.45,96,35,6.62,133,-21.98,-4.72,7,23.63,132,5.09,-17.05,146,27.07,132,57.71,24.11,129,-14.3,-21.98,21.69,-14.87,-6.79,94,57.71,22.36,5.41,-26
121,134,45.99,44.76,57.65,23,32,-20.52,9,76,94,25,104,92,62,33.28,53.5,76,-6.18,-45,52,-24,53,-17,47.82,48.5,33,17.2,-27,-31,67,21.06,11.6,-37,66.92,52.78,42,63,69.93,118
40,26,146,-50,21.88,-23,-20,147,-38,17.69,-38,-21.48,-8,46,61.43,85,-13,-43,5,-12.56,51,-38,43.87,11.82,-15.05,149,147,41.79,38,64,52.82,92,5,39.95,10.3,89,-22,27,-11.25,62
-4.98,89,40,73,-33,30.5,127,2.41,63.08,53.11,109,-23,11,-15,5,35.24,3,6,30.95,129,43.82,-36,57.33,30.76,26.1,37.44,46.82,102,135,-44,32.19,43.91,-23.22,47.3,44.83,98,126,-6,-21.76,51
16,13.93,19,67,86,-38,-16.81,124,-11,137,10.34,132,38.74,132,-7,45.83,105,35.91,1.16,109,-1.75,-15,135,70.8,21,148,91,66.11,113,149,29.46,71,114,45.92,-16.67,101,59.03,-23.36,131,-4
8.9,-14,-16.15,124,58.68,6.97,32.39,73.87,68.46,57,90,-34,-9.89,-2,-6.49,-23,102,48,-12.08,-1.72,-11.22,108,-4.87,14.27,2.07,93,25.34,27.05,110,34.8,13,52.34,80,111,-10,22.23,2.36,-2.57,-14,11
-7.4,54.82,9,-10.43,74,91,31,-37,132,112,-14,27,48.24,52,-28,64,5.5,10,115,-8.31,-21,141,131,142,70,69,77,98,52,70,63.66,12.94,28,-8.69,36.76,72,1,1.04,42.58,-18
127,65.54,12.28,-18,35.25,48.31,16.33,36,20.4,39.24,129,-44,55,45,-25,133,-31,1.09,71.04,94,-1.26,127,136,-16.64,-5,15.89,23.34,16.04,12,-21.6,27.75,-15,86,39.02,136,45.54,42,7.27,19.04,7
22.5,55.29,-31,36.34,41,12,139,-38,131,61.04,13.33,68,-46,-34,-49,51,135,-49,-15.55,14.32,-5,60.56,93,47,52.04,-4,2,-42,82,42.5,-3,53.18,-32,4.51,-50,63.01,31,6,-32,113
37.56,113,10.64,-2.34,-12.95,149,87,45.6,135,136,100,41.11,-6,-47,-24,15,74.95,-0.46,107,-9.03,-16.59,75,120,120,146,51.39,141,22,-7.19,139,15.01,-48,40.28,-19.41,128,-30,-25,-42,97,92
109,80,42.91,67,9.1,-22,31,6,39,139,-38,89,4.29,42,-1.3,54.76,56.9,34.49,20,13.22,133,18,69.9,-28,116,19.52,-31,50.59,143,10.25,49,14.72,-23,-18.22,-9.46,10,-21,102,-30,46.03
116,44.18,126,49.67,12.14,-29,137,-46,112,5.06,-21,81,-13.47,53,-12,-5,-8.41,-9.06,21.18,14,-31,-4.99,46.31,74.59,-17.64,57.91,32,37.94,41.34,66,-15,26,-13,10.82,44.97,24,-27,111,8.86,69
57.66,70.98,-11,7.3,64.25,11,62,51.51,3,33,12,43.53,5.1,-7.65,115,91,37,48.75,104,132,-6.16,67.27,-7,73,60,-12.22,0,71,65.37,71.56,17.97,41,26.24,-40,-24.11,1.53,53.36,5.57,12,57.28
123,-5.62,-32,74.79,125,14.17,-40,-29,126,-32,37.22,8.28,-11.91,-43,91,46,-23,28.58,34.51,135,-30,-46,133,60.84,-42,64,52,35,29,-41,24.15,16,87,109,80,46.55,78,23.89,-9.9,79
72.68,111,92,6,48.91,132,41.32,0.46,56,32.84,134,-26,140,119,-4.54,-25,34.77,0.46,35.25,-16,35.64,59.17,89,18,101,-46,-21,-11.73,47.35,62,120,24.43,-0.38,113,-27,8.27,104,3,72,47.59
58.07,73,136,69.52,-12.23,22,90,47,59,-10.19,-42,-21,108,67,29,20,128,50.02,-21,16.02,14.45,53.16,130,-5.06,14.48,-23,44.65,23.66,-45,68.7,6.49,-33,-19.64,11.98,-37,-2.72,-21.82,21.18,85,92
-2,67,7,-11,21.84,-13.48,17.35,51.34,-22.7,21.6,146,-45,84,64,92,37.55,-36,56,33.84,-19,52.34,126,94,-32,87,51,-5.2,66.81,50.72,-8,47,-14.39,73,-16.99,74.96,-16,147,0.31,-7,34
122,28,-45,90,-1.12,49,-13,96,-15.38,55,16.6,37.13,117,149,57,31,-33,-25,-11.87,29,72.15,-13,47,73.58,2,47.8,-2,-7.6,8.93,38,52.99,148,34,88,95,-29,45.76,-20.82,-25,126
50,37,65.11,-34,82,142,71.65,122,-5,132,42,60.53,7.92,132,-43,92,-2.1,130,42,48,51.15,-49,65.16,31.07,63,-12.82,29.73,61,-19.91,20,18,142,-11,35.88,69,10,119,50.4,86,-45
8,25.06,-30,70.86,-49,-15,-49,129,-4.46,-47,148,62,29,-44,136,65,-8.66,35,5.19,44,68.46,29,-13.18,59,-24.5,39.84,112,-41,84,-24,31.5,57.66,54.71,0.1,134,51,111,98,2.84,90
68.66,59.82,43.77,-10,59.67,48,21.85,37,146,143,73,92,60,66.82,8,34.41,-26,123,62,7.91,40.15,2,-22.19,71.34,24,-5.91,-22.63,47.35,50,63,105,-2,-47,109,101,14.59,46.93,-11.6,10,72
57.62,15,-21,7.29,-3,12,26,140,-27,37,102,134,56.71,-8,126,95,20,70,-10,13,100,38.17,118,32,143,149,63,1.73,47.04,2.95,144,57.92,84,-8.89,29.53,9.32,-2.37,33.38,75,74.94
-9.16,62,27.76,9,63.29,47.78,149,6.29,74,134,66,-25,-20.52,-39,60.77,56.87,127,-19.76,-5.05,42.96,58.66,45,6,60.27,136,-16.05,29.35,7,20.57,148,-45,12.76,48,-19.01,40.96,36.04,34,-5,138,131
-11,62,-19.73,-3,132,77,3.31,91,78,138,141,106,50,-24.07,107,93,-44,-5,62.74,72,95,110,35,58.14,17,-18.26,-47,72,79,-15.23,6.7,-14,64.4,40.27,-39,-22.32,56,75,24,-15.93
31.03,41,121,-1,43,90,102,-18,19.16,82,-32,93,40.08,-19.79,-49,5.35,35,21,58,31,139,2,10.66,37,54.59,-4.07,24,68.29,33.04,134,-10.13,0.41,146,43,120,43.71,75,10,63,67
-9.43,45,-15.75,2.54,69.37,70.86,20,47.64,-47,77,-47,3,4,66.76,-2.7,19,148,38.06,125,43.04,60,39,62,65.92,-16.19,-23,147,89,-14.41,68.58,-6.08,18.33,134,41,137,59.72,116,-13.54,75,106
6,-24.29,-35,-2,9.94,0,36.03,59,77,31.48,-20.44,67.19,-42,22.12,16.98,16,16,68.5,101,149,60,67.88,48.86,61,129,119,15.26,61,123,19.59,-3.01,56.05,5,21,40.44,125,15,60.73,20.71,-29
50.46,104,141,-21.87,68.36,67,70,-12,58.68,130,-37,-5,37,68.55,-35,39,31,-0.76,83,12,72,141,56.04,-4,68,91,147,60,65.79,5.19,-10,98,14.01,73,12.21,130,29.54,-8.13,63,-45
27,8.61,138,-26,26,69,-8.8,-10.77,-47,122,138,11.6,-1.09,78,40,73,7,1.03,-46,91,-6,26.87,2,57.96,61,-9.71,128,10,25,133,139,-8,60.99,18,33,63,33.07,-13.58,54,-12.67
122,87,-34,116,120,-18,8,-23,14,1.57,64,60.47,103,111,-13.81,6,46,16.45,90,71,-41,-8,34,102,-13,-49,92,125,29.56,4.71,-6.62,110,49.5,-50,103,55.44,-4.16,38,47,58.71
-6,57,36.22,19,55,-19.58,-22.76,30,-1,7.58,50.73,-5,68.53,58.52,-21,21,-40,-1,49.94,30.03,35.57,40.4,-24,10.49,-43,-37,27,-10.92,111,-3.75,117,-13,69,32,30,-5.91,-20.27,6,6.28,15.74
27.77,-22.89,-0.36,50.15,27,55.28,54,-48,-23,75,104,-37,-20,-13.14,37,-23.07,111,30,45,46.5,-12,-26,107,-43,17.14,38.19,30,37,40.93,139,-7,39.01,-11.52,46.63,69.81,53.66,-8.67,-48,-24.34,42.39
94,28.83,119,33.86,108,78,37,0,79,20,27.49,64.27,134,-50,63.61,1.28,22.88,15,-17,40.62,-16,10.85,-10,6.18,35,-7,72.46,-20,-1,62.04,15.47,29,6,-42,120,41,128,15.79,107,140
148,39,-18,-24,140,14.11,47,-9.23,135,123,-1.3,-32,34,-6,82,97,144,32.31,68,24,146,-44,18.38,57.28,-18.3,-27,25.31,141,2,89,88,-18,134,39,42,122,-20,65,64,54
60.46,42.19,12.67,114,-20.38,-46,42,97,-23.3,-6.79,18,52.65,5,0.11,134,-24.44,31,24.36,24.44,99,9.69,29,-16.13,66,38,118,105,37,60,-35,-44,34.49,47,2.28,148,70,26,95,5,15
77,48,75,48,37,7,32.56,-15.69,54,-37,-22.63,43.9,12,-1.31,-17,8,61.86,-14.41,102,15,27.36,8.07,54.64,49,98,19.12,-21.65,-37,26,65,-19.01,55,74,79,13.68,36.02,66,91,35,71.89
-4,36,74.61,12,123,123,-20,33.38,15,128,112,6.36,90,12,-2.44,106,107,-45,12,17.45,102,36,-5.06,12,18,28.98,21.65,35,46,54.24,64.88,-6.88,11,139,89,54.55,100,61.18,45.81,142
-11,58,-30,12.91,-13,29.74,22.91,-29,69.75,42,-22.2,9.08,134,62.03,60.43,65.45,-2.92,5.7,129,-16.66,-5.52,68,11.43,13,4.76,5,98,29.22,28.45,111,59.51,5.61,1.32,116,62.06,120,124,-19.71,-18.04,83
-37,40.26,43,37,-18,29.84,11.08,24,-26,-11,102,125,31.06,95,125,5.89,-40,-38,64,147,114,26,-10.14,-11.01,63.44,14.71,51.63,14.67,70.15,22.41,100,111,117,16.55,37,68.75,6.97,66.46,118,-32
117,73.85,52.18,-15.42,29.87,97,70.02,-27,-9.38,108,30.37,72.09,47.36,77,9,28,111,46.4,-7,95,95,33.79,93,67.31,47,-10.36,-19,-34,88,63,51,149,124,4,-12,26,-10.42,-24,34.75,13.15
28.52,65,11.55,-14.47,3,131,4,-17.81,6.85,71,-12,74.68,16.23,28,24.66,-1.63,-12,78,3,82,-4.14,19.65,-11.84,33,25,-20,129,31.84,-1.84,30,-21.82,-10.01,132,35.95,13,-3,54.88,-28,37,75
-35,7.03,-17,20.21,-48,45.07,104,33,-14.89,9.85,68.54,-20.63,49,120,54,75,102,62.63,66.91,45.94,74.65,1.22,38.58,-17,55,-12.48,-43,98,54,18,-37,17,-41,65,-10,18.44,84,33.97,15,-4.13
19.32,3.35,-34,-8,31.84,-9,85,47,12,-42,72,71.63,2.07,97,9.39,128,34.2,52,124,-40,-17.37,21.52,129,49.61,-37,38.52,94,56,-46,53,-5.25,5.11,133,65,2,42.09,12,58.57,14.34,59
-31,135,27.5,53,-15.38,2,139,144,65.18,2,-10.54,23,-28,103,146,112,27,11.56,44.54,112,-42,29,38.38,73.55,-0.13,11.59,-11.44,105,42.99,73.47,108,41.38,-33,-4,77,100,143,-37,79,130
118,-23.7,-14,-4,20,2,-32,73.5,25.53,84,11.49,-20,17,33.46,-35,-8,43,-31,27,51.28,4,4,55,80,-47,47.57,41.85,91,-31,8,-42,90,129,-36,103,17.59,49.51,103,-20.86,71
53.64,-13,63.68,-22.93,9,25.29,146,99,51.38,90,-36,-46,0.92,40.55,-46,4,100,71.99,87,68.73,40.93,149,32,129,18.46,-42,28,39.1,16.13,-44,-36,-23,-11,74.62,-6,-43,6,-6.64,-48,140
-20,6.38,84,119,47,43.74,74,-2.48,19,-18.29,4.43,130,12,138,47,81,42,-5.77,83,-13,69,29,12,-38,-4.19,1,59.77,-5.52,135,17,106,-10.07,104,1,55.12,-18.89,-18.34,42.03,136,48.62
132,86,40.92,-21,-1.64,18,-9.14,59.13,-6.3,-16,-21,55.9,23.99,123,20,55,63,0,-1.64,3,-14,98,35,-20,41.84,-46,-36,73.35,8,90,44.72,51,20.02,-12,51.1,71.99,116,47.85,55,105
23.37,133,-5.18,19.86,-47,35.2,22.22,124,65,-19,-14.4,-26,135,99,46,-1.12,0,56,-12.84,-7,18,-26,2.39,23,-0.04,65.44,51.77,-16.78,33.45,38.82,-18.53,73.6,48,-6,91,87,9.75,-13.33,38.23,-8.63
107,44,62.79,-21,65.44,72,38.46,-5.97,-20.26,55.47,18.56,34.77,-22.93,85,26,-23.7,-27,26.96,37,128,58,13.56,64,-38,-27,37,132,-14.79,-17.04,16,33,45.47,137,119,127,94,41,39,22.45,1.62
136,-9.38,75,23,2.39,12,1.85,2.46,59,62,12.69,61,128,-14,28,61,-35,11.76,-35,71,72,48.62,16,40.39,-39,-47,-4,49.73,15.85,25,-8.43,73,87,-50,-9.33,-24.74,139,12,24.73,68.24
60.96,77,52.93,43.08,34.36,-11,14.71,132,101,68,73,12.7,23.41,135,61,23.36,24,84,10,65,-21,37.07,125,70.83,55.15,42.48,42.88,100,17.27,14.71,-9.86,49.92,-11,67.37,40,-21.82,106,34,34,61.97
14.67,103,124,-10.86,47,71.62,16.92,63,-9.15,34.78,75,59.68,77,38,-7.93,71.99,27.05,71.74,99,-33,14,93,-12.29,-11.25,-32,63,-24.75,30.02,31.53,-35,125,-22.55,31.97,131,72,-30,49,5.5,-24.28,-24.88
-43,65.05,87,21,144,38.78,97,-13,-48,12,33.38,-17.35,139,33,-25,127,2,55,25.96,-18.19,119,66.2,61,54,-10,57,-12.95,32,8.04,122,26.79,-13.69,114,67,67,79,3.09,-7.09,125,12.85
-5.03,26.57,-23.95,39.55,60.75,101,34.54,3,73.34,122,65.95,-14,-15.24,20.6,98,56,37.04,38,48,46,-1,59.24,39,-16,89,79,-5,32,20,23,-12,42.15,67.18,-20,-18,2.33,47.41,-22.13,-15.1,24
-19,-2.21,148,78,-2.04,118,26.05,37.41,3.62,13.31,-21.6,18,58,115,32.97,-20.5,19.1,112,-9.53,42.53,27.34,44.94,32,-29,33.15,60,-16.54,-15,1,123,124,79,149,-17,125,52.31,26,-10.02,22.99,-12.88
61.8,119,66,35,41.05,-30,33.98,-40,136,-11.04,-12.73,109,-12.02,57,146,2.17,57.46,-5.94,44,120,-33,26.64,31.2,26,55.64,-50,110,49.16,-48,22,16.06,47,109,49.15,-50,1.12,11,-15.35,76,53
-23.27,-13.69,54,57.97,21.28,86,-30,79,-5,4.15,18,67.88,-37,60.56,-28,-22.87,86,-35,42.07,4.06,40.29,33,50,71.48,-4,87,104,-15,76,23,2.8,-19,-34,17,-26,-14,34,1,59.74,115
60.73,46.87,-23.94,130,-23.7,51.74,72,59,-19.56,33,39.31,149,5,49.14,-12.16,-24,-42,127,104,61.96,52,20.11,113,75,41.8,119,7,-14.79,18,40.95,-18,-6.44,32.27,36,46.92,70.96,139,51.74,-8.68,90
149,-48,14,-1,114,99,98,5,0,69.33,118,-33,50.22,135,132,-18.99,-45,3,25.66,-34,-19,60.84,59.16,34.01,-9,115,-24.8,10.2,-7.85,-50,35.58,121,57,118,-1.3,2,-20.48,-22.01,66.94,98
-35,28,-42,68.89,93,11,92,18.33,101,51.59,-44,33.36,-8,-38,14.91,26,14.64,-23.22,-16.12,138,-1,139,86,54.48,-14,87,12.62,52,-21.12,87,36,25.45,14.48,64.95,85,-7,22,-6,33,102
-13.43,53.49,14,18.75,36.42,-16.83,139,-38,105,8.29,-5,125,55.55,26,44.67,77,59.94,53.09,56,43,-4,30,32.78,62,1.72,-21.36,107,-23.34,51,5.81,-0.14,35,24,36.41,11,19.75,135,20.72,19.55,52.86
-22.79,-42,-19.34,-10.76,-7,-31,48,-11.67,-33,-1.01,-14.08,50,40.35,12,149,34.41,38.76,63.84,57.29,-0.89,-42,56,50.99,-39,-16.37,108,22.92,41.83,42.4,69,68,-40,29,137,55,-7.15,-11.01,4.29,119,115
-22.01,21,-44,31.66,67.37,1,57.8,17,23.73,-44,-11.24,8,8.28,114,75,44.63,3,66,-22.99,-21,-15.38,32.9,22.06,14,-11.44,36.95,14.14,21,105,-19.23,67.72,4.61,-12.51,67.11,33.62,62,45.38,125,11,-32
-48,57.67,5,-2,26.63,-15,50.09,79,59,14.27,-20,28.15,15,58,60,37,93,-6,-9,68.52,-1.68,42,144,81,12.99,-29,39,54.7,16.72,70,148,7,20,-41,8.32,115,56,124,19.3,3
42.66,123,-1,58,141,-11,86,7.04,146,-22.14,73.2,119,-30,-2,76,146,65.81,-21,131,47.66,44,-48,22,62,4,99,69,41.49,9,109,140,11.08,30.65,74,-15,141,43.4,59,-9.45,129
141,-14,45,97,49,46.05,85,36,-18,66,78,52.28,77,-12,-33,41.99,6,3,35.32,147,51,33,75,28.16,144,-23.55,87,66,36.93,-12.34,38.03,73.04,-37,12.64,19,-2.27,21.57,23.1,63,-22.72
24.72,146,-15.98,29.3,139,56.09,34.4,43.95,70,-9.52,125,90,-10.32,-22,43.96,-12,27.41,65.59,146,43,-15.47,-9.36,124,83,136,64.48,-17,71,143,46.91,65,-15.74,26.09,6,5,-14.15,3,149,48.71,3
85,-46,132,-11,112,12.49,53,92,-19,-26,63.87,134,79,92,50,19.51,95,15.17,46.64,4,79,31.76,138,52.22,16,8,1.12,80,-8,147,71,33,32.92,0,-4.43,123,-4,55.1,21.93,55
122,44.1,-21.14,54.08,87,-6.34,67.57,-45,145,27.09,58,40.88,33.57,49,138,-17.62,65.07,9.9,132,-16,-29,54.69,105,140,13.85,39,-7.71,81,27.77,-4,56.32,95,48.09,39,81,137,83,8.31,25,115
86,69,128,97,30,74,115,43,94,110,-8.58,-45,122,-25,-11,118,-18,-43,106,33,94,-40,-50,27.09,57.22,38,-10.69,36.21,143,46.15,137,7,13.58,47.73,12.98,-16,146,40.53,-16,-12.85
5,70,-25,-4.59,51.14,-18,120,41,68,52.37,91,130,33.24,-24.74,-11,142,101,47,114,98,-3,-9.36,101,148,128,-47,33.09,147,141,135,39.27,53.81,-20.29,-23.56,12.37,-22.36,-30,-2,25.98,-39
3,-43,58,50.26,-25,2.72,16.94,55.85,127,95,-33,-14.13,4,33.34,55.8,50.56,73.47,-8,145,-0.99,97,71.87,30,122,70.14,32.32,26.77,48.25,-37,135,60,-11,31.15,37.38,24.03,83,1,131,42.4,91
-48,28,32.19,27.15,106,5.26,-19.31,0,137,93,5.92,140,147,-5.13,5.5,87,43,-16.5,5,104,-20,-8,24.83,142,94,20.67,89,51.63,-46,22.71,128,-28,65,19.04,-49,49.35,51,146,-22,71
49.73,70,31.74,37,-22,145,36,-9.4,84,62,45.4,56,-42,50.87,-2.15,18.21,-10,69,28.51,-16,103,-24,99,21.85,-15.09,8,32,147,3.97,93,41.56,-3,8.07,91,5.76,71,-28,72.94,-22.7,91
2,34.99,4,47.78,-14.67,129,-16,-5.77,37.88,-5,72,-16.72,45,107,50,25.12,68.83,-32,24.17,96,96,143,0.88,-12,-8,41.38,18.5,-44,36.08,33.81,39,67.5,46.19,101,51.05,-10,-49,-44,-10,77
20,1,145,19,-49,54.23,14,10.44,62,23,60.75,-15,50.09,69.31,108,-23.07,68.46,-28,23,91,106,-23.57,20,14.1,30.5,2,38,40.4,24,18,-22,56.99,-10.05,-47,75,98,146,63.19,20.73,-26
42,65.2,-12,-12,57.61,10,139,-24,131,45.1,-22,-43,36.37,44.18,79,2.49,20,15,28.68,41,50.17,26,79,112,67.75,-6.22,24,48.15,23,86,2.55,30.2,12.94,74,36.41,116,30.68,1.71,57,22.61
66.56,0,7,44,43.92,33.95,119,75,-10.13,-19.89,-23.64,104,9.2,-26,49,104,12,91,25.18,18.27,48,11.06,148,0.46,20.85,60.91,89,7.05,20,91,16.53,22.53,-11.41,3,9.14,36.29,104,76,118,36.65
-34,106,-4.41,71.47,-22.37,-42,-27,32,10,11,23.53,73,34,140,28,88,61,12.43,21,135,70.94,96,21,126,52,13.1,-5,-26,41,144,129,89,89,-5,-12,52.31,22,-36,-8,56
21.03,135,-9,63,61.45,15,59.72,15.36,-5.86,39.24,148,36.56,14.22,12.42,81,21.57,105,119,-28,20,10.85,-19.13,66.89,-19.53,42.7,-4,-24,63.54,71.19,100,-28,-13,13.61,-24,55,18,-19.46,34,19.35,117
9,-22,33.61,76,-11,143,36.31,22.27,29.92,7.19,-40,93,-10.1,7.78,58.61,-9.59,-28,49,45.72,13.45,23.43,128,34.41,63.02,109,7.86,60,133,28,124,46.26,41.56,-1.43,-22,127,-42,40.84,62.71,60,9.66
-7,19,3,52.37,35.8,105,52.83,112,17.8,35.78,43,33,-6,57.92,16.9,72.73,18,87,71.53,-6,37,113,4,-33,20,75,-21.56,98,45.05,107,20,59,99,-12.53,-27,-22.28,46,118,61,38.1
43.41,61.78,46.35,57,68.14,83,-10.54,33.73,73,57,-37,0.95,31.47,-24.37,-22,47,-44,0.46,39.87,44.63,101,147,84,58.89,123,-7,-46,74.4,14,-41,-31,-15.99,-39,5.3,7.9,65.09,46.47,91,4,-11
28.28,48.2,-9.01,45.96,37.05,-21.16,34.72,-19,-11.55,25.99,28,26,67.39,49,136,26,12,63.98,-24.32,5,90,128,65.09,8.78,34.71,92,-19.12,47.29,37,21.53,42.54,4,74.78,103,140,69.77,25.61,108,7,-16.9
130,-17,63.23,24.49,39,-46,58,17.58,64.31,124,46.57,89,0.95,28,35.41,86,-17.62,6,-46,43,93,7,81,56.4,-20,132,-5.05,57,75,49,-4,21.69,34,11.94,8,-14,69,148,106,-19
64,9.53,-18,-38,-7,26.01,18.98,-11,54.77,-5,143,-27,41.76,-44,34.8,17.76,-5.72,21.38,65,32.62,35,10,30,118,20.63,60,78,-6,52.81,76,56.99,61,51,45,20,-15,71,-25,120,49.5
-35,5.16,10.87,-6,20,18,24.06,7,29.17,-39,-7,81,35,37,-20.95,59,1,-42,73.33,24.73,-0.39,-8,136,50,-8.49,66.11,3.42,-37,124,-19.39,128,135,-20.25,75,41.75,60,0,60,9,36.4
65.76,-47,6,5.35,90,44.06,-8.87,116,16.99,47,12.51,97,16,83,98,92,49.69,11,-42,43,70,-5.14,12,-38,24,37,34,-19.37,139,108,28,2.57,4.09,-4,44,-8,-9,118,10.44,-27
-13,144,-0.17,27,75,119,64.2,37.01,45.06,-27,63.18,61.67,37.27,-0.18,64.61,-21,127,19,65.1,68,57.54,89,115,34.84,-20,53.11,61,59.41,11.77,72,44,3.66,-18,52.09,71.02,70.48,-1,57,-5,84
3,103,47.24,11.19,-46,-12.44,99,19.84,-22.1,70,47,-21.55,116,35,54,-23,35,36,97,61.17,147,56,25,-35,-29,67.1,12,18.97,25,53.41,79,16.68,-10,46,-13.43,8.49,96,65,32.95,33
27.63,114,18.05,35.15,109,-14.85,34.87,67,85,-46,72.36,13,-6.89,65,-45,14.66,146,33.77,102,147,60,46,100,-5.53,-15.3,24,12.57,82,67,-39,15.24,-8,-22,48.27,81,-35,10.85,96,44.6,-49
-12.64,90,118,-16,-44,55,66.69,21.04,-8.32,139,50.91,65.62,28.3,-21.23,77,70,-1.37,-16.63,-46,18.38,2.85,79,59,-8.41,93,-0.76,-11.71,19,-41,56,125,21.39,106,47.4,47.63,-30,81,19,69,114
55,-15.94,-29,42.89,-34,114,-31,45,-46,29,-41,-2.5,112,-36,19.73,19.23,-7.61,118,-13,23.67,47,39.11,101,37,39,49,20.65,64.21,86,95,46.83,25,53.02,101,72,127,-29,-35,-22,-45
2,78,92,-12,25,25,71.62,48.01,9.87,39.73,141,20.46,24.73,58.21,77,13,136,29,30,41,83,99,-27,125,107,50.13,53.44,52.23,106,59,-19.03,122,13,8.01,70.73,52.87,36.91,63.26,47,112
-2.52,52.49,127,7,-6,45.14,1,119,43,1.62,83,63,138,35.86,30.11,66,5.34,71.64,-20.59,85,53.48,96,10,2,72,-45,138,48.98,43.2,131,32.89,13,71,35.55,101,20.91,124,128,-30,34
13.54,61,129,148,25.67,23,26,92,-19.3,92,-33,140,147,30,-29,-23,82,41.37,35.97,60.72,122,23.27,72,-47,-23,33,7,-14,92,16.98,132,5,-28,57.77,-19,54.03,38,-23.74,116,143
127,71,49.3,-20,69.87,6,41.47,35,124,51,57,130,106,14.69,-23.87,23,106,-5.71,-2.4,-46,-21.59,-6,40.04,112,-47,-25,138,-41,86,147,125,91,42,19.44,105,31.26,-50,116,11,-50
51.19,72.53,71,40,19.48,49.43,72,44.04,-26,56.92,114,54.2,33.19,82,87,93,57,30.1,22.16,52.42,44.86,-14.56,-10,-43,55.7,144,-9.28,134,39,117,113,-11.02,-15.75,-20.71,51,-32,116,85,136,2.44
40.08,116,127,50,-50,68.82,148,-11.04,72.7,-4,3,132,-24.4,102,3.21,-16.16,54.07,50,106,32.56,62.37,64,127,75,-1.16,-34,117,126,43.4,137,56.78,53,67.31,126,-13.64,-25,49,35.23,-17,24.88
-6.4,100,3.26,140,11.84,88,2,12.62,-30,-46,38.26,6,116,55.83,-19.29,-47,55,49.2,-18,145,101,104,92,119,-19.95,-22.58,96,-26,22.87,64.64,123,14,51,49.2,7,124,28.19,45.76,31,0.37
31.11,-42,15.44,65.39,-14.86,54.26,-32,-5,108,47.96,36.17,39,21.24,49.6,60,18,-10.57,21.33,48.5,45.77,31,12.98,16.47,127,-4.45,92,44,70.33,23.17,102,48.81,1.28,21.39,10.54,124,-10.55,-9,66.87,-13,-17
8.46,118,0.99,-11.73,-19.69,-30,35.99,33.88,-45,-2.58,56,53,114,83,65.34,39,86,68.49,0,-4.31,-34,85,120,69,-2.02,127,-21.59,20,-15,-29,78,22,48.91,-10,92,63.4,120,107,35,142
-10.97,69.87,-43,-30,24.26,-15.93,-48,68,31,97,73.37,35,82,62.47,-26,43.17,-11.82,11,28.33,45.87,147,111,44.91,-24,-29,-21.23,119,54.09,-13.48,109,31.5,40,15,23.33,88,46.59,114,52.22,68.87,7
24,62.69,53.46,35.55,26.04,-31,-17,18,52.16,55,22,-4,16.25,58,-14,-20.29,-19.29,25,113,104,-10.03,-41,-17.04,-20,121,74,-1,44.29,-6.5,141,62.09,70,58.54,-24.6,7,50.28,19.56,29.09,-8.57,83
31,40,121,-7.25,67,-45,-30,14.36,-2.28,57.02,117,-5.03,20,-50,-3,-17.94,3.23,-10,-19.67,71,44,149,-15,99,8.62,53,42.66,-24.65,-19,102,131,45,-3,97,46,-12.96,47.94,65.49,-19.97,-14
-34,50.76,-16.1,124,30,-47,5.76,-23.85,71.53,62,144,3,-24.61,103,120,19.08,85,38.86,-9,17.58,73.99,22,138,2.84,1.53,46.91,44,58.4,-22,16.04,74,13,98,43,77,106,-36,28,47.83,76
-12.76,34,148,27.28,116,24,48.48,63.32,63.3,147,58.88,41,9.3,84,2.93,72.52,55,-7.7,-3,143,35.08,-7.86,21.74,73.57,-6,44.11,7.27,41.29,98,51.79,17,134,57.11,147,-3.92,19,56,-4,-35,23.72
73.22,7.11,-12.69,65,65.59,-21,141,54,149,24.64,9,118,20.25,56.05,-0.19,58.03,52.16,96,72,27.36,64,20.89,15.85,-37,28,146,-6.91,100,-10.47,137,29,-2.07,-42,100,-41,12.83,29.03,65.04,76,73.25
13.39,82,54,-12.86,-9,54.31,63.22,125,56.53,72,60,-1.43,59.74,20,47,47.13,38.52,12,134,-0.12,47,-18.81,-3.16,-22,-23.14,31,38.35,-23.52,15.58,65,-8,24,34,35,27,41.7,61.57,118,20,-20.69
-5,16,5.89,129,47,-4.89,27.86,-5.11,46.62,113,13.9,50.37,65.61,5,105,7,-16,122,110,122,54,-3.86,76,-9.6,50.59,4,-17,0.2,3.37,115,-18,13,19.03,114,64,40,12.69,65,-36,87
-10,-20.28,-7.12,-1.64,47.12,52.52,30.64,97,-12,-14,19,17.81,10,25.35,108,48,138,89,61.42,30.72,-12.6,74,-34,149,4.52,83,79,86,-20,31.06,43,22,-36,15.19,31,1.49,9.29,23.57,68.56,59
-17.43,-36,-19.7,-48,49.85,74.7,48,-7,10.21,95,22,63.1,7.44,-45,127,6.02,67,24.05,132,122,-13,-5,-14,39.87,78,-24.9,59.97,101,24,51,-21,-18.39,-4.28,18,41.01,129,67.32,-8.8,45,-42
31.7,32.54,-14,2,31.8,58.97,68.09,-1,57.95,-45,119,19,86,52.68,-50,-27,13,39.42,11,112,-8,6,-7.44,27.34,18.32,55.06,25,57.93,2,-28,29.43,24,82,102,34.4,-12.91,49.39,61.61,141,91
78,114,42,16.59,-11.74,114,21,149,-11,58.81,25.48,7.06,-20.52,117,65,69,105,28.93,29.29,40.07,110,-45,-16.95,57,5.79,34.12,60,24,61.59,11,-24.32,97,-27,38.54,108,-11.6,83,41.16,50,-4.87
103,31,36.97,4.87,16,50.6,51,81,-11.77,43,117,41,55,77,121,-2.19,36,141,-5,-3,70,23,-43,18,91,7,117,141,113,-21,71,-7,37,17.71,103,14,20.01,63,87,45.28
-12,59,3,9,10.23,-31,100,-19.43,138,60,9,13.55,140,4,113,142,41,-24,89,-40,65.55,-26,103,57.59,32,-6,75,48,73.45,94,-32,8.66,25.75,72,52,-19,68.06,123,-19.5,-41
-34,46,9.11,-24.79,147,35.2,65.97,121,-2.02,20.08,75,130,-13,-0.56,-43,74.02,90,32.2,133,99,60.38,-7.74,79,47.59,48.73,30.18,41,-17,12,117,120,140,137,35,110,8.24,91,61,22,33.59
48,51.16,53,-9,-21.46,37,21.42,82,80,145,135,55,95,64.5,18.74,13,98,135,-50,107,5.2,49.8,-43,55,52.18,2.39,34,142,-7.53,20.73,-7.53,66.14,35.31,29.3,94,-5,71.21,-13.17,38.41,-20
141,101,143,8.5,99,39,114,91,40,117,6,0.94,-0.77,-7,140,92,32,-27,-36,-26,23.19,7.42,26,131,73.22,-34,50,42,94,91,43.41,68,16.26,4.3,66.98,-2,36.31,-1,33.45,27.02
-10.38,-39,38.06,44,49,148,57.22,66.02,62.08,-43,9.71,-48,111,65.63,60.06,115,6.98,102,5,7,61.29,-19.18,-10.38,18.63,48.54,34,-7,103,123,100,82,72.22,61.86,83,58,-7.41,40.84,113,-27,1
143,99,4.79,4,62.72,43,-37,116,-11,57,101,21,55.47,70.9,0.95,69.01,63,-0.75,-10.73,-11,96,18,45.03,10.97,-45,135,4.91,-31,32,136,37,-16.98,-14,-7,-31,12.11,-9,24.44,27.51,67.14
51,23,91,80,61.36,20.32,110,42.59,-50,61.2,60.07,131,-49,60.41,133,-38,-14,74,138,48,59,119,48,-10.42,-14,-25,75,103,61,-28,148,57.07,7,-14,-0.82,56,-12,97,118,101
111,101,-7.75,-5,16.14,17,0.38,50.74,126,11,-4,141,17,-11,-17.81,25.86,-12,-2.45,55.65,-49,88,-32,-13.62,52,62.26,22.44,-13.47,67,86,-5,-18.95,-6,-23,73.48,66.76,49.52,-1.05,-17,-22.26,44.8
146,35.46,-17,71.23,103,-23.52,72,-10.48,-29,-6.32,-10.65,49.9,-17.75,21.62,6.3,55.34,-4.05,-21.31,-49,115,12.47,107,-10.56,44.35,-3.85,-36,145,-40,142,-13.32,45.24,45.15,31.13,56.75,9.96,10.15,30.71,7.13,-21,-21
89,34,24,74,112,131,144,-14,51.25,114,-17.5,127,88,42.1,105,-38,-8.12,0.74,117,-14,139,136,55,25.36,70.93,-21.57,17.68,33.79,31,65.14,146,13.13,35.69,51.67,49,18,49.17,-44,-1.14,-11
6.45,24,21.86,7,97,8.99,99,19,-43,17.11,149,112,-3.66,19.19,8.7,130,74.73,-12.32,49,-26,54,-25,24.78,96,-48,31.12,77,-46,-11,67,79,36,48.61,22.29,-12,-4,36.3,-31,83,28.6
43,-14.54,-7.15,15.91,-3.34,-42,13.49,144,20.17,30.71,69.33,32.4,109,42,93,63.11,-49,22.75,-17.19,125,85,33,48,-37,77,74.84,-4,0,17,-35,13,-1.44,138,99,-4,142,25.72,101,19,74
132,47,38.09,70,119,125,51.27,-35,60.14,106,30.13,20.32,51,45,40.67,78,89,-4.17,-39,120,-12.25,89,-33,35.15,58,38.6,129,-1,-7,-41,22.28,67,67,-10,-10,-26,12.75,-22.52,16.31,0
28,90,-5,14,-28,110,73,-27,66.2,17.98,-15.91,78,-37,138,40,50.72,21.24,38,53.4,45.26,-47,19.57,44,34,-36,128,78,7,21,92,72.37,-40,42,40.7,102,3.83,1.99,93,147,23.62
39.08,23.61,125,64,-8.12,36.28,68,113,27,7.3,-0.19,57,23.56,25.5,68.31,2.06,59,94,118,63,-21,-21.16,137,50,35,45,39,-3,-13.27,116,-8.72,-22,-21.4,121,-9,46.02,17,124,62,116
61,69.52,3.55,78,76,72.7,26.68,37,11,37.02,-5,18.94,138,-28,135,-28,-13,-16.88,14,-17.99,74,45,19,43.31,5,91,10,26.14,-2.7,81,68,29.33,42.08,73.64,40.87,51,-3.8,-47,19,16
-23,132,22,32.44,48.79,131,-15,-11.18,-39,147,74.44,96,68.65,-41,48.51,75,40,28.54,32.51,97,141,-21.47,-22,-9.7,-16,-20,117,-36,53,114,26.04,61,73,59,45,142,69,11,20.38,89
-30,-2,2.57,110,70.21,42.4,32,28.61,73,70.5,16.93,26,42.48,-36,59.48,1.99,45,47,-36,-7.44,57,-12,-43,-13,27.54,27.86,50.32,42.49,78,90,15,82,-24.33,115,39.35,-23.36,-6,43.05,15.04,114
130,99,47.13,31.01,-28,113,-41,2.24,-5,115,126,18,28.91,-17.19,-34,115,18.85,148,102,41,-22.21,77,101,134,18,-33,80,6,16,92,-36,90,42.36,113,-9.6,78,122,51.54,53.7,60.85
-8,149,21,140,28,21,149,9.29,1.44,77,84,35,28.28,15,50.08,1,-39,-12,27,100,88,123,90,28.28,40.77,-18.66,36,144,50,15,-1.99,121,-13,62.8,8,24.18,-9,5,-3,137
4.31,80,38,94,122,117,64.44,40.26,12.96,30.01,43.15,35.05,140,-8.72,-21,15.96,16.08,80,71.55,122,31.17,38,94,124,0.45,50,56.81,122,39.36,-9,45.15,12,-10,-6.16,3,131,3,29,46.05,38.02
-24.83,-50,24.13,24.83,21.54,-12,56,135,57.15,-24.12,0.58,13,16,48.08,67,47.63,-22.73,110,65.38,124,12,56.68,57,60.84,61.32,113,35.47,-24,50,83,6,2,56.39,17,-10,128,-45,-4.57,40,68.04
116,27.66,31,-23,-46,37,-33,72,58,-24.05,2,17.57,-44,64.22,-12.21,116,-4,18.37,74.75,69.22,-20,6.43,135,-11.79,12.38,26,22,56.92,70.37,-32,-26,33,65,29,56,-20,149,25,37,129
27.7,-15.58,14,-25,-22.14,70.98,15,-39,-31,21.54,64.33,-7.43,-8.18,17,58.92,-33,-22.88,-43,54,52,12.24,48.3,38.34,-47,-36,3.5,33,33.96,48,-10,5.23,64.68,3.52,111,55.82,-50,128,0,97,32
46,20.9,122,-9,48,57.71,141,67.15,9.77,22.16,40,26,131,49.47,109,130,52.33,23,41,5.85,-22,15.79,35.19,73,143,57,-12,11.64,18.23,114,26,-7.66,38,14,92,25,120,121,38.71,-14.17
44,63.23,70.13,-48,31.08,8.33,79,20,-21.14,121,33,30.53,-8,108,53.89,115,121,68.95,-9.15,12.63,39,50,-17.48,64,66,37.79,-20,45.04,81,60.68,-26,24,-15.92,63,25.15,97,-24.82,8,-42,114
-26,30.67,-23.5,11.51,-16,-35,138,-23.66,3.24,78,118,54,60,118,40,1.6,147,36,18.3,66.33,-18.93,27,116,33,98,91,116,36,-15.94,61,-9.19,72.97,-40,34,15,45,4,2,124,29
-2.27,69.69,4.69,-40,-20.43,33,32.84,-36,81,30,63.99,138,-4.38,-22,75,123,54.68,83,52,64.52,48,8.53,-8.04,-24,72,31.53,2.73,46,0,-21,72,17,50.21,67,-6.8,-20,86,-37,57,-17
119,96,115,-18.22,63.63,-29,18,-5,91,22,31,-29,140,2.52,19,2.3,94,110,-34,-3.27,-11,129,-23.82,55,-11.22,-13.51,-16,-18.64,9,121,55,58,36,3.32,-5,118,1,-5,-49,146
-21.34,133,-2.85,40.42,141,-32,51.74,136,30,-21.65,54.02,64,-18.15,-32,-42,27.62,-50,86,-36,42,148,126,-22,-5,47.08,105,21,112,-37,-46,55,21.89,34.68,72.92,-16.78,43.28,-33,116,41,-17.01
-26,-13.13,93,-8.1,133,82,-20.69,7,-6.12,-39,21.22,103,37,110,-16,49.63,25.55,8,80,-29,54,66,37,-35,-19,9,39,42.44,-22,92,84,43.82,43,78,43.78,-3.2,-18,21.77,68.85,25.25
110,-7,68,-5,125,133,70.78,122,132,-46,28.3,148,11.7,-14,-6.33,77,75,8.1,109,37,-42,30.19,40.66,32,38.48,-9,57.09,-20.69,5,-3,-4,27,136,-28,59,86,16,54.25,34.35,-37
115,38,-34,83,9,88,126,131,31,109,-6,-38,38.18,61,74.94,72.77,117,43,-13.57,9,22.04,23.84,41.85,56.04,-16,95,58.04,5,-1,84,30,-21,-42,65,27.33,23.94,-11.84,34.05,94,-6
91,12,111,4.32,66,21.57,-17.3,16.24,16,-21,45.32,70,-5,27.23,-18,62.11,-10,-18,-18.6,66,92,36.58,132,0.12,35.02,-38,12.2,89,-42,19.39,74,18.22,132,149,67.09,-38,-36,70.03,38.54,31.52
15.49,41,83,120,131,30,20.52,54,43.16,-38,-7.51,58.24,-38,8.64,87,144,37.37,3,-28,6.61,36.33,86,10,29.66,0.53,90,130,113,39,98,112,56.67,9.87,46.92,97,39,31.62,25,-21.71,-2.38
63.17,-14.81,64.05,54.12,25.92,-11.73,-19.46,-18,-47,-2.44,35.57,54.44,95,-18.76,87,97,45,65.91,-21.22,68.64,-8,-12,2,-9,140,-44,32,125,120,84,-4.6,13.44,-47,132,-37,-21.49,27.74,65.21,42,48.92
116,118,145,89,23,64.85,43.42,-21,19,30.72,128,18.45,73.38,60,9.94,40,66.54,82,40,24.89,51.83,24.02,54,115,24.23,43,14.63,28,37,30,12.58,46,60.03,8,31,145,2,117,74,30.96
-18.73,10.18,4.03,16.13,67,119,5.13,4.87,-18,-44,6,59.77,82,36.07,117,81,145,32.81,33.51,33,51.53,13,-23,65.72,147,-13.33,132,9,11,-23.1,45.38,62.88,5.4,116,141,26,-41,5.29,26.04,-26
-43,78,51.55,53,117,-18.07,59.66,58,59.77,134,11.12,39,70.79,27,53.38,40,-35,70.57,18.99,22,-19,32,6,11.6,-21,50.84,103,61.08,-4.86,46.29,140,49.91,-46,-8.94,102,-42,72,21,-20.24,-39
116,17.04,1.15,-27,46.86,66.6,125,-29,-4.65,34,43.73,68.99,-10,11,64.1,101,-23,40,-33,60,76,57,133,-20,141,70,64.42,7,42.9,139,64,65,-7,9.78,136,127,-17,1.85,47.87,-5.6
85,7.8,-4,-40,131,73.16,-9.44,71,-37,33.48,-7.04,39.69,67.94,33,30.6,65.61,-2,-25,-14,53.58,83,34.1,-45,8.44,-21,22,40.88,140,-11.84,87,45,36,-11,116,140,19.66,70.72,36,-19,-13.6
22,67,149,58,22,33.11,-22.47,10.18,112,98,47,-9.79,127,52,50.3,138,-23.25,69.76,50,50,75,-13,51,-49,-14,5,74,-47,34,-14,60.48,-10,126,89,14.54,-49,45.19,-6.74,-6.34,85
92,74.14,67.65,100,13.04,28,36.29,2.77,-0.65,17,110,-3.64,116,73.32,2,15.56,6,29.38,18.22,-44,25,47.32,29,42.82,62.15,58,-11.99,-14.74,72.74,33,67,35.4,35,-28,-24.83,100,-21.39,2.95,-5,69
-23,-20,15,112,15.33,131,-18.03,24.91,-6.83,79,52,57,87,13,-12.34,3.38,123,-1.66,-9.77,30.39,25.28,57.98,55.22,-47,81,140,37,117,131,48.55,-22,127,-29,-38,25,-14.44,26.46,73,-20.89,-5
74,-12,-16,83,49,110,-19.21,-3,62.59,40.79,13.29,-14,0.52,78,103,111,-31,-18,69.19,1.72,19.25,85,13.83,-5,31,35.19,37,45.14,90,128,128,30.63,-37,145,45.87,148,-38,83,14.06,20
49,16.5,-15.44,-27,76,10.82,10.95,75,45,117,-19,38,-2.73,10.91,53,53.61,10,31.73,140,-16.02,116,32.86,16.2,18,56.12,52.79,-5,-26,-14.59,21.89,1.31,67,54.6,-14,125,119,132,57.52,-6.64,32.99
70.35,1.15,-23.68,54.47,18.96,-0.96,-39,24,1.8,20.85,45,-9.19,-2.44,146,71,149,-19.75,64.4,19.97,52.97,46.44,83,66.91,27.97,117,39.01,14.47,63,-22,28,44,37.36,101,73,-24.52,96,88,101,-2.28,24.81
29.39,5,-35,55,44.42,-6.88,62,144,46.06,28.27,105,14.4,11,95,-25,9,59,3,134,119,77,-45,-14,105,58.04,51,139,-49,53,50,10,37,37.54,7,11.29,-6.11,14,111,56,73.92
-10.92,22.43,15.08,14.77,83,13.7,1.2,-5.85,-13,18.57,107,-23.4,25.5,-1,-42,52,2.68,4.19,26.3,14,119,43.77,77,74,-3,66.76,138,30,80,75,70.98,40.26,59.16,74,6,65.73,133,21.78,123,-14
72.26,-22.57,93,70,20.53,1,-4,97,-23,-8.69,119,-21,85,23.11,-23,-25,122,-3.83,16,-29,122,34,27,63,42.38,-5,-17.77,14,23,27.35,106,126,81,29.2,40.89,-8.07,30.86,18.81,-1,43
97,90,1,56,138,115,73.94,61.5,16,-7.76,18,66.75,-1.97,23,-44,98,-6.45,23,31.75,88,66,123,62.29,21,74,-19.14,74.68,60,38.15,-20.72,-18,9,50,-13.5,33,85,20.97,74.78,10.68,34.23
48.65,31,-9.17,42.68,20,42,50,-7,53.46,24,-33,53,26,88,18.29,-13.22,-35,-13.74,51,-27,130,39.24,105,-40,64,-43,30.31,2,23.71,120,132,65,51.17,27,68.33,75,23,-3.6,13.16,60
-35,1.96,41,96,-29,39.76,-22.21,15,-18,125,141,74,49.75,119,108,15.77,74,49.59,37,17.95,111,85,24,41.5,18,57.8,118,-0.41,-11.01,-27,34.87,39,109,105,82,10,-34,-23,0.56,-39
-13,40.84,69.26,-47,35,68.91,41,35,-20.23,-21.17,-44,66.02,12,-1.14,-44,122,-46,110,63.02,11.48,111,97,76,16.57,15,-49,39.1,11.67,40.85,23,-2.65,-33,-14.96,145,23.84,96,95,73,123,1.29
15.06,80,-12.75,72.78,39,144,-45,-23,-7.52,56,98,23,-17,-45,51,122,96,67.52,122,1.44,23,20.94,75,-43,105,22.27,116,97,127,46.12,144,-11,8.68,-47,42,31.33,101,132,34,-50
9.05,48,106,49,69.28,63,3,105,-46,45,23.62,91,1.74,85,51,140,68,-22.19,90,-17,19,-16.62,144,74.9,7.78,50.66,25,59.06,23.01,10.12,61.57,149,-12.78,2.84,135,7.84,6,35,-19.43,100
89,71,33,85,65,43.53,67.33,55,126,2.17,-11,-16.85,0.29,135,32.16,140,-44,1.59,65.91,61,-26,13.17,68,-37,61.61,13.49,-7,33,-13.47,92,3,126,1.22,-27,59,25.68,100,26,-8,-15.61
72.92,-4.38,63.09,41,68,50.42,22.86,47,29,67,-19.39,8,-23,73,-23,84,62,143,90,-37,32,59.73,-17.6,120,65.13,12.3,35,22,56.17,149,119,15.29,144,119,6.82,44.7,72.37,30.8,132,13.85
68,-27,19.24,67,18.67,-1.76,-49,30.9,103,-31,-17.42,-31,-32,-5,-43,-28,20,42.33,58.67,28,-0.8,16.38,-17.44,4,95,-27,-5,-23.04,3.55,83,33.21,52,-23.26,8.12,-9.85,63.33,90,57.94,129,7
22,108,42.98,21,46.72,95,52,0,-32,-17.13,23.59,87,43.08,129,58,78,142,-19,112,-20,-33,37.98,-29,32.33,6.4,10,-30,146,79,25.54,-33,59.44,0.51,90,78,-18,103,9.24,67,142
127,35.11,35,-43,-13.57,57,-18.88,109,141,72.04,30.69,69.09,25,-43,-34,-38,-12.01,-21.24,22,69,38.09,64.19,77,47,-9,48.88,95,148,3.65,1.26,50,-12.95,128,5,89,46.53,147,-17.72,134,119
73.24,-1.78,69.19,32,109,37.65,-36,24.23,50,-24.33,5,29.87,73.6,12.64,33,64,127,-36,-7.25,102,-22.43,32,135,8.37,102,77,-8.69,-18.78,148,38.47,59.91,29.16,74,20,-17.62,-36,-15,29,138,3
21.64,58.48,68.21,57.53,55,-42,25,59.1,58,42.03,1.9,59.33,-10,25.41,-18,19.12,16.8,25.03,29.01,41.39,48,-12,123,54.72,0.37,105,62.39,19.97,6,21.74,81,37.6,-25,50.31,101,14,26.95,55.61,36.17,-6
132,70.09,15,93,103,-42,85,60,32.57,114,72.95,38.69,118,7.35,62,45.35,-8,0.26,-6.83,-24.86,38.3,47.85,0,94,49.19,116,74.86,122,62,56,58.25,15,94,-17.99,46,61.79,7.21,53.81,14,27
117,108,132,1,149,73,-22.94,122,141,72.07,50,-10.16,-4.07,7.99,-21,62,7,119,37.2,22.31,10,-43,70.34,17,24.52,27.66,21,14.87,2.92,38.24,94,74,117,108,40,20.59,-21.95,121,115,5.53
115,32,122,14.29,104,84,-7,111,21,97,14.22,21.58,28.93,87,-24.78,49.34,11,-1,51,-32,98,136,10,-3,-1.38,70,12.62,-27,113,33.74,87,-9,7.47,60,114,53.4,92,-15,32,-24
18.1,-16,138,12,-8.41,61.69,14.46,147,54.14,130,-6,97,11.03,-5.23,-14.57,-12,56,-21.21,18,62.78,36,32.6,13,79,-35,-10.8,114,89,96,54,14.82,2.67,147,72,-18,28.51,-6,30,-3,96
57.08,32.71,-40,-6,37.85,127,113,136,45,17.81,-50,36,58.09,17.27,21.58,13.09,147,8,-42,55.49,24,54.07,36.22,44.74,62.91,-48,14.96,59,67.44,109,57,25.21,54,-12,-6.56,62.21,72,61.94,-25,39
80,128,23.47,-9.99,74,-40,-3,14,40,148,47.84,-3,-17.03,25,108,75,42.06,35,70,-46,-17.23,36.07,-6.04,46.94,104,-36,104,-18.84,55.12,5.79,-3.72,123,17,122,71,27.21,21.44,70.45,22.91,32
108,29.57,84,22,-0.31,136,23,-42,119,66,62.87,80,9.78,-3.43,38,-22.96,-8,-50,59.75,18,55.52,1,130,52.9,85,0,147,130,102,-34,114,128,53.47,134,73.12,-2,19.74,108,-17.16,130
6,69,11,133,39,38,6,21.03,33.1,40.8,-7.57,39.51,18.47,119,7,-15.72,52.4,16,-4,75,21.26,114,50,29.57,16.3,6,-8.74,28,54,145,32,16.67,62,2.16,26.57,-17.37,71,58.55,62,45.59
66.55,89,-11,54,112,26.75,84,135,144,10,116,60.55,59.91,48.73,45.8,32,135,32.05,26.75,-8.88,39,39,-1,108,61.02,29.2,14.2,68.99,12.21,-45,90,28.36,40,71.25,-45,53.35,3,-42,4.16,-46
61.04,-1.17,71,67.72,61.79,108,-6.45,31,117,108,19.57,71.99,-46,116,-19.75,37.53,27,34.44,98,-5,51.55,79,145,80,32.95,57.48,-31,33,70.6,-36,113,99,61,-5.9,-16.11,35.32,98,4.23,-48,18
116,14,56,15.09,68,139,-18,-24.7,143,60,-33,0,76,24,9,118,106,45.9,78,31.3,145,-47,31.81,149,26.76,-43,-2.66,141,46.12,7,62,115,11.38,46,46.53,101,62.46,-9.63,-31,2
37.04,-0.8,36,2.06,8,38,71.91,-40,26.24,112,98,29,93,70.81,-20.86,-44,103,128,37,-11.94,-20.91,105,2.27,94,23,15,45,20.24,35,28.44,34.13,-10,131,132,124,31.2,-20.61,26.64,48.08,41
-39,-16.88,61,-31,41.22,21.24,55.44,147,18.15,-18.61,15.91,86,25,69.14,51.54,147,36,-23.77,118,53.55,46,37,22,51.13,119,53,132,-22.11,50,1.44,-2,28.29,-41,-12.47,70,0,111,13.14,-7.7,-26
69.74,19.3,16.12,36.12,71,-40,144,-8.41,67.16,13,-3.25,25.32,105,2.99,109,-36,75,73.44,87,58.91,17.39,35.58,27,1,58.03,67.53,60,5.31,5.74,19.18,8,47.65,123,125,74.76,63,57,64.68,-11.25,-41
21.06,-12.05,-34,113,-1.06,90,64.02,66,89,73,-26,10.55,29,-50,90,120,28.43,49,-23.13,70.65,50.04,65.5,-33,124,25,-12.73,-42,-15,-8.43,-13,3.85,66,3.45,33.3,145,-16.27,58.41,4.44,-0.85,80
62.03,93,39.62,24.09,57.68,39.27,111,88,21,15.89,108,66.61,149,-5.18,28,91,108,28.72,105,33.64,-29,27,-2.19,-24.98,100,97,84,-1,24.49,52.48,36,-35,22,-4,74,50.06,57.07,-48,121,104
26.06,-5.3,149,93,-19.28,-21.57,75,97,34.75,-33,113,-37,7.91,73.66,28,-29,25.35,58.22,4,51.36,25,-33,122,48,148,82,105,128,118,72.2,94,28.81,136,143,-19,-6.2,18.31,64,3,68
33,129,-11.5,-4.28,135,2,10.06,-15.56,117,-24.34,-17.02,29.17,82,-36,47,-2.43,-10,52.69,-10,44.43,-42,80,11.3,119,147,65,47,147,136,6.34,-22.14,2.21,-48,-3.12,-50,-1,-6.17,36.24,22.63,37.97
12.23,2.11,-1,-12.73,117,54.98,-50,34,80,69.33,54,-20.25,-12.09,107,114,65.19,88,10,47.39,143,126,-13,-4,5,31.24,-39,66,64,-11.7,60.57,3,3.2,72,11.6,132,-13.47,114,98,45.47,3
-31,38,49,44,10,10,44.5,123,59,-20.91,125,50.11,128,70.2,-3,6,-21.82,128,-27,1.07,86,-9.36,26.87,39.23,66,67.67,64.36,71,15.18,-9.87,62,58,-19.45,36,-6,91,4.28,11.37,66,59.88
-4.2,113,7.48,64.7,39.86,125,56,26,101,65,-45,105,15,50,-48,63,-39,91,46.41,35.42,73.86,126,94,88,29.17,70,10,74,95,-35,-19,137,125,-32,59,51.75,60,-7,41.21,-6
47.87,124,32,50,79,-45,15,98,-16,-29,-36,25.68,10,68,0,129,-28,133,17,49.77,12.3,4,14.56,81,19,54.19,80,54.98,-9.71,14,40,12,69.9,43,25.78,-8.33,37.87,9,77,60
29.52,61.41,-42,-1,53.15,20,100,25.17,106,71.85,44.73,-18.2,1,15,72.16,36,73,64.07,64.42,-0.92,86,64.82,-32,-15.71,101,-48,71.97,114,71.95,-5.19,-5.02,33,30.93,73,46,51.01,137,6.76,-15,57.9
28.9,86,19,-11.4,40.32,47.25,41.47,97,34,-46,-44,31,3.98,33.97,36.11,71,61.29,9,-3,-3,59.86,48,4,6.29,90,31.18,-33,50,-0.06,-41,61.47,-23.97,34.79,41.67,41.94,1.94,111,11.9,111,-47
16,41,51,-6,35,41.74,39.69,9,54,33.07,55,112,10.53,120,66,91,-45,30,53,46.81,98,110,-16.63,101,55.17,125,139,70.8,113,-18,-22,-34,30.85,-39,5,58.72,77,-1,-0.95,67
117,45.7,115,66,37,15.31,12.81,-13.93,61,6.89,40.14,-20,144,-18.08,50.97,45,117,76,144,-32,67,83,116,82,-32,1.34,10,-4,-2,-0.19,43.77,9,81,-20.46,-3,20,148,140,143,142
118,103,-2,-6,16,53.7,25.79,53,-7,-21.1,-7.43,49.11,-15.52,70.48,26.11,141,-41,67.26,131,68.35,60.95,63.78,16,-7,-2,-45,37.36,142,-46,6.51,16.27,40,58.66,145,148,58,19.68,-3.89,100,2.13
149,-27,23,-44,31.07,-9.29,-29,-23,88,19.04,13,42,10,45,70,77,89,31,71,62.23,15.4,7,76,-29,22,4,-2,129,82,120,145,24,87,115,63.71,-38,24,70,66,53.07
122,-6.05,29.93,8.18,64,60,-22,43.38,7.52,-38,147,-32,7,-4.11,18,28.87,41.64,-29,16,-11.19,-20.78,119,52.69,66.67,65,29,-3.25,21,107,-2.03,33.79,-6.43,71,-12,91,-16,26.15,86,63,-21.05
28.62,43.01,70,82,46,135,-37,-16.72,36.48,146,118,58,-16,70,46,39,37.13,66,56,2.32,1,-36,112,42.32,-16.71,22.64,7,-34,113,132,-13.46,46,118,-37,89,115,32.83,121,-25,20.01
49,39.2,135,59,110,28.3,76,-42,77,99,-20.2,62.56,-20.63,-14,-28,24,132,53.83,48.85,13.61,40,62.73,-45,33.02,26.62,41,42.51,-19,62,-3,23.97,20.39,-46,32,106,48.86,14.36,19,-3.79,16
149,101,-29,7,36,35.87,6.65,51.03,-27,-6,136,29.67,0.8,-22,71,18.14,14.47,38.02,81,-28,117,24.13,63.28,17,39.3,-17.65,49.85,70,58,10.69,23,-12.31,19.55,-28,24.56,115,-29,132,39.22,40.53
-43,6,38.39,101,-19.19,-13.49,144,-46,70,53,39.62,40,-22.28,18.16,26,67,113,81,-19,42.84,-4.76,146,-2.95,106,27,114,6.79,-26,119,52,-27,-1.33,-30,52,-10.9,138,112,2.77,6.47,-41
26.55,132,68.17,10.83,-1.53,124,66.18,-10.66,84,89,148,65,-12.34,132,7.2,-22,118,16,65.97,112,130,-13.89,98,23,2.57,57.79,119,64,34,17,19.97,32.96,14,-22.38,14,-20.27,22.26,126,-24,141
5.19,95,107,56.73,58,8,-17.52,145,-17.12,108,27.7,-31,41.08,90,45,50.58,47,14,20,49.96,5.7,54.65,100,-20.14,-43,-20.78,42,10.67,134,17,59.04,117,41,-44,98,-11,51.8,-19.82,4.15,106
-4.04,35.36,58.66,114,-47,2,3.99,37.06,101,124,68,25.41,68.56,50.85,67,-8,1,-31,34.3,-6.59,38,-15,20.46,61.32,-38,20,113,120,43,-35,-7,68.62,97,102,-41,8,69.77,17,124,52.86
40,8.55,12.47,54.35,42.9,-29,147,75,122,45.12,59,69,2,-3,44,120,96,-23.03,27.26,-44,63.06,-48,73.86,68,-15.2,4.46,111,46,-46,131,1.7,18.6,3.7,-2,9,74,44.68,30,70.38,34
-42,114,28.03,-12.77,91,36.27,72,142,69.58,80,32,69.26,71.86,96,32,31.99,71.21,129,49,116,27.56,-2,64.41,136,87,26.26,48,-11,60.53,44.36,122,38.47,3.24,89,-40,147,26,77,136,-11.79
12.81,31,43,34,-22.02,77,131,38.12,59.51,23.5,19,-34,72.69,-37,91,54.85,-7.98,139,-11,-13,78,132,85,-9.18,25.82,133,-2,-37,-46,8,51,-41,53.07,64.22,113,26.54,114,25.51,36.51,34.23
105,18,-23.43,-19.42,53.29,-11.82,-1.11,116,-8,68,-42,51.73,-20.5,29,71,2,107,98,141,24,31.1,1.23,13,3.15,-1.23,6,37,41.98,-5.29,131,48.78,36.47,19.7,26,-15,-14,-19.69,-16,81,66
-5,-39,78,115,29.06,10.54,46,27.32,5.71,109,19.95,56.59,-38,29,20.01,56,-46,74,6.87,64.62,10.54,-19,-10,-49,121,66.21,57.33,-2.12,11.43,93,-14.15,49,2,78,-14.8,106,-4,98,33,40
109,71.65,-25,141,-39,24,104,-11,-4,43.85,10.55,107,-28,58.4,3,71.25,-19.68,68.89,115,25.41,122,-35,40,113,20,-24,56,41,66,136,74.56,20.52,92,-0.54,101,-29,-22.84,-29,33.98,114
9,134,-40,119,-4,51,103,132,70.02,35,110,55.05,108,145,56.72,19.81,111,38.51,130,-26,126,122,-15,9.68,67.34,67.24,-19,28,42.29,118,21,16.33,97,130,119,103,82,-22.52,-2,-23
-2,37.4,82,97,76,58,69.31,74,-22.99,45,-14.81,33,-23.19,13.2,-29,77,-3,108,51.94,58,59,-49,10.5,36,-14.62,15.91,104,9.91,69,3.24,20.41,78,-5.81,9,-0.22,114,80,-8,95,70.1
20.67,48.49,147,64.75,-42,12.46,47.14,-50,31,53.1,103,26,119,59.13,32,22.08,-6.16,87,-10.71,129,24,57.91,56.37,4.22,11,131,53.45,36.89,38,63,-24,58.6,75,114,63,88,-2.56,-2.16,17.34,117
65.42,60.96,62,147,58.1,130,112,-8.83,-49,45.04,-19.57,64,48.99,142,64.58,45.53,35.48,140,123,-23.09,108,-29,73,89,-43,43.22,63,-18,40.34,14.66,114,-8.43,-29,9.78,37.77,53.15,111,46,28.85,-24.32
-39,-19,-4.12,-10.68,-23,127,50,80,15.32,93,49.68,132,-6,-23.61,58.4,67.38,-18,42.45,55,-16.85,70.13,65.39,-15,52,65.62,-35,-18.52,41.37,135,77,-18,143,17,4,106,-21.34,10.38,44,137,-15
22.48,-45,-39,26.47,-2.53,-17.79,25.18,24.33,66.78,55.78,36,33.58,-25,49,3,-35,120,52.38,-22.55,-3,43.64,127,0.62,59.82,49,57.12,2,77,70.47,20,60.65,110,28.58,108,147,-39,3.66,1.6,25,68.98
55,9,26.01,10,140,21,70.82,10,72.64,-21,43.74,85,-4.62,-27,62.75,41,22.34,61.86,-21.83,-10,121,147,-46,-17.2,74,25,45,128,-34,30,70,2.15,14.3,89,42.61,29.89,27,147,5.22,116
40.9,21.05,1.33,60,17.27,-1.15,111,147,8.99,-8.51,-27,-3.01,109,52.55,32.27,72.69,-3.82,144,32,18,-44,92,-3,-9,103,83,14.63,70.93,25,28,70.01,4.23,77,17,41,126,43.67,-10,4.83,-1.15
-31,47,72.29,-32,31,67,66,67,111,-4,123,53,62,35.93,116,17.91,138,52,0.65,-15.11,79,67,68,22.58,-44,32,12,139,48,-10.57,54,51,15.79,1.07,55,103,-11.1,-21,112,49
3.35,68.09,-19,-2.37,145,34,18,67.49,-32,3,22.91,-26,-30,-19.88,28.1,48.49,13,-24.79,62.75,133,52.57,112,12.24,83,4.99,71.16,44.57,27.69,13.82,46.5,89,-33,11,-3,14.36,89,18.2,82,145,20
40,115,60,66,46,139,90,-26,-12.4,31,137,24,25,106,40.72,-3,56,10,-45,28,17.86,22.68,84,138,17.15,115,-10.71,27.24,136,66,115,-10,46.24,51.07,50,24,119,37.91,-41,15
63.23,76,-11.15,68.16,45.69,14.83,143,52.27,-47,34.53,146,38.55,77,118,24.39,-16.37,45.64,7,52,-36,93,4.51,38,-22,29,84,-20,65,-16.91,-3.95,15.85,71.38,47,36.93,4.73,143,2,124,71,39.45
-18.78,-24.94,61.82,73,18.18,67,62,37.81,-10.49,42,141,38,-7.43,25.3,1,68.7,-49,-18.09,-3.39,-17.5,-19,0,100,146,57.41,18.73,16,20.98,73.91,-10.64,7.12,8.56,16.95,130,-10,-3,66.93,54.66,11.53,-39
12.97,38.45,-2.12,122,54.58,25.95,-9.18,147,-24.31,74.7,70.28,40.25,21.05,58.64,-23,-17.86,50,124,3,-43,63.68,-12.19,-1.78,67.68,86,138,55.64,5,29.25,-40,-1,31.05,13.24,142,-4,4,4,-21.57,94,-20
85,10.99,76,-17,-17.19,7.01,-8.03,146,65.59,-50,125,-19.31,-42,-20,-2.21,43.22,-17.99,-47,25,120,-2.99,66.63,2.16,62.47,-1,149,73.39,72.06,-12,100,111,132,38,-17.41,146,74.51,-11.08,49.79,28.42,92
67,3.12,-48,70.44,16,71,123,22,52,31,120,-20,114,88,-3.57,-16.52,123,52,39.23,-3.17,111,5.72,4.37,30.7,59,-4.48,40,21.7,28,54,10.23,41.59,59.43,-7,-3,87,98,-18.52,7.36,-25
23.16,22,-36,39,4.96,34.08,34.54,11,11.72,122,65.28,-24.08,5.35,-49,85,65,-7,48.29,-18.26,-2.57,148,137,13.17,-20,70.64,19,23.27,49,-27,-33,39.92,14,65.94,-32,31.7,55,42.1,-15.92,9.39,-16.28
41,42.91,120,12.92,122,69,61,57,-11,12,24.74,120,58,-47,-45,25,47.41,78,-3,79,134,61,40,137,49,43.81,96,44.34,88,57,-2.7,60.53,-35,-19.67,52.34,120,64,29,80,118
-28,-11.24,-33,35.41,102,71,97,33,42,12,102,139,-10.23,32.52,58.97,34.12,127,133,13.72,-8.99,-45,34.71,119,-10.26,47.73,87,62,-2.77,81,5,33.77,-41,112,2.5,38.43,38.72,68.65,9,16,-33
-11.22,15.1,26.43,-45,34,128,14.59,26,82,-6.21,-35,100,-8,-16.74,97,20.12,64.64,85,15.63,59,21,70,19,8.51,5,117,56.3,-37,44,17,-0.15,86,19.02,-13,106,42.71,47.49,38.23,115,74
19.92,131,-25,-45,-44,-32,36,-50,-36,117,73,55.65,49,25,-12.37,128,6,71.08,-12.99,58.21,10,142,144,-24,31.55,142,74,131,21.95,72.14,-29,-50,-21,60.11,101,17.85,-21.74,66,-11,41.13
1.61,17,-15.35,50,-3,37.16,32.8,50.58,143,110,62,93,30.84,14,-18,87,121,18.91,41.08,2.97,10.16,35.79,69,10.06,23.67,-14,27.04,-3.54,-24.91,-33,-5.64,58.48,120,62,128,49,63.73,20.73,-38,52
3.84,49.51,4,7.57,28,55.52,29,-12,114,-8,4.84,68,-23.85,95,114,59.86,-45,141,31.47,55.1,21.63,22,148,27.36,32,-36,70.93,20.95,-45,36.05,34.17,14,34.42,-48,32,2.45,48,119,0.51,22
33,-17.71,57,4,117,42.37,-24.01,-15,-9.68,102,69,28,111,-11,-9,72,73.44,143,40.73,23,65.59,74.84,-29,0.1,67,114,113,96,22,8.12,-0.91,11,133,141,136,46,144,-10.23,14,9.28
72.63,60.41,23,130,25,53.43,-1.98,69.43,-3.74,48.19,25,73.64,9.25,60,111,-4.65,54,63,89,22.3,-28,-21,8,75,-50,35.43,84,38.21,63,1,-13,137,-22.07,30.42,47.78,112,-17.51,-46,47.62,-23.03
2.46,69.75,51,50.57,29,17,-11.65,-26,122,25.14,7.15,4.23,73,127,15.02,29.74,128,37.31,5,28,8.48,22,49.16,131,140,0,-16.79,74,33.18,68,1.32,125,68,-14.6,59,73.42,-5,145,46,50.22
93,72,139,6.09,40.61,59.07,52,23.63,-19.93,114,-6,-10.29,-13.62,125,73,54.52,141,85,4,53,37.77,126,137,30.04,58,22,15.75,42,41,97,39.18,96,0,-48,-33,55.15,30,-14,32.48,13.6
8,-1.38,142,104,95,105,-13.18,127,16.41,3,1,11,40.53,50.61,79,-9,82,67,28,39,0,79,27.21,-42,69.89,-10.92,45,59.91,-17.13,38,110,56.68,54.87,46,-10,90,124,29.94,62.4,15
9,38.75,-13,-19.99,7,106,-21.04,108,52,27,47,13,67.16,-0.82,61.71,49,40.21,4,103,15.17,1.81,-17.3,16.78,107,-7,21,-15,-14,57.35,55.11,60.48,59.18,67.76,117,29.34,138,45,83,78,22
27.15,71,44.73,56,143,-12.42,18,115,127,45,58.68,27.5,35.35,18,34.48,69.06,-13.51,119,132,24,11.15,-2,-10,-1.91,142,118,-17.91,87,11.32,-38,-50,-35,18,128,52,58,90,-29,110,103
-34,36.11,-2,12.85,100,49,131,-22.9,89,-9,9.03,103,148,14.79,9.94,26,62,94,37,20,-2.47,7,76,41.21,-31,-10,136,14.82,69.64,2.89,15.95,-27,40.03,74.4,136,22.44,2.65,-13.72,14.55,69
53.46,8,60.3,24,143,45,-22,28,144,0.44,40,-19,-20,31.45,-37,123,-45,146,66.72,72.7,-48,105,-10,75,-19,62.32,25,134,32.47,113,51,-23,103,-16,-2.04,-7.57,87,40.51,87,-21
60,70.01,7.59,84,60.59,77,-6.94,-10.06,72.15,126,14,40,145,136,-14,-1.02,147,121,148,-14.43,64.95,35.16,29,31,-25,-15,-16.86,116,10.96,124,-9.97,143,49.15,48,-4,-22,9.63,67.74,51.9,23
-12,-15.63,141,31,-48,126,17.21,46.11,68,11,23.73,30,19.22,80,24.68,-2,128,50,51,9,74.05,-3,97,144,8,88,51.26,-49,72.91,59.01,0.87,54,45.34,66.6,44.55,37.98,-19.67,80,138,-20.3
-17.56,6.74,130,75,48,46.93,45.21,25,1.3,7.39,104,-13.05,5.57,3,25.13,8.05,14.74,-45,-41,15.82,-6.23,-32,144,-44,48.88,68,107,61.83,-21.11,8.07,51.37,-15.09,-13.96,-40,58.95,47,49,26.06,17.77,54.68
121,3.29,147,16.38,132,94,8.54,90,-50,18.39,12.19,31.11,47.31,50,8,65.92,46.73,112,28,61.02,-34,-4,50.81,95,-7.27,137,35.86,17,139,32.32,-3.35,46.14,8,9,-4,35.7,120,22.53,13,56.27
2,108,68,142,36,81,106,-22.41,51.7,16,52.67,-17,89,8.2,73.23,132,58,114,56.64,101,40,61,24.8,46.3,119,15.87,-45,37,3.81,-28,21.02,58,59.51,136,-17.94,-13.19,70,57.31,102,119
-15.84,44.17,-1.56,97,42,19,99,63.04,140,6,80,-38,-6,20.96,147,66,79,-14.84,-50,6,52.86,16.54,-12.03,17.98,72.2,122,-21,50.07,-1,60.09,80,-1,-33,62.03,-49,110,80,87,16,20
38.64,81,112,-12.94,96,55,31,-23,20.15,56.18,67.04,74.11,-42,-11,66.75,-16.1,28.56,-18.17,-15,37.08,31.63,88,134,135,55.11,6,-26,48,-42,50,93,88,47.57,131,21.05,-9,35.02,-4,-12,5.62
18.53,54,142,120,-21,32.81,-36,-4,-15.24,48.65,88,32.24,146,73,16,-48,3,5.35,-6.67,53,107,-46,25.35,54,124,63.57,-42,68,-17,112,34,37,67.6,14,-25,4,-9.45,135,111,13.72
55.87,93,39.04,-19.86,-4,45.16,15.13,137,-22,83,-4,-12.03,47.09,10,25.12,9,73.57,61.61,-38,41,6.66,137,142,-10.95,-8,23.72,-1,127,50.54,-0.56,50.16,58,65,43,-5.63,26.59,72,12.25,59,20.07
-1,-24,8.52,25.25,50.09,23.78,-21.62,122,-47,-35,33.7,78,139,103,91,-2.36,-18.36,12.68,149,-7.08,144,8,130,6.72,-35,92,22.24,148,122,16.19,-25,-2.37,68,123,61.37,56.34,67,58.59,0.6,23.14
47.97,19.21,-33,7,30,42.08,135,53,23,35.69,119,-33,34.48,-29,107,73.63,-34,-6,35.5,-23.75,59.14,3.8,107,51,99,62,54.84,73.29,108,126,38,89,57.48,19.91,18.13,59,-7,65,-37,-17.23
71,46.09,133,18,56,-15.01,-4.6,-6.46,44,51.13,111,53,-11,90,-21,137,-34,75,-4,70,8,55,-21.53,1,-18,68.13,24,-45,92,-10.33,24.45,-21,-23.42,-43,6.3,53.22,69,-11.24,68.16,66
132,53,-20.51,-14.28,68.18,53,116,-15.91,135,-11,75,0.06,-23,-41,39.37,21,129,26.25,22,39.87,9,37.72,-10.09,-24,52.76,67.43,28.57,118,24,95,21.68,-1.15,16.01,89,-6,-27,-33,62.81,74,-14.33
105,19.13,24.69,117,2.22,34,144,65.81,106,103,-15.21,10,-26,-0.74,24,61.71,125,1.55,76,86,-10,47.37,67,31,121,66.97,43.26,69,107,65.75,31.75,0.93,125,99,88,-43,51,99,70.59,19
107,-34,-1,29.89,131,29.48,95,119,134,-33,33.39,25,9.64,131,100,65.81,67.15,33.47,1.47,24,-49,145,33.63,20.88,8.02,-44,61.62,30,-7.25,14.62,43.96,50,66,-10,-8,101,55,50.24,59.55,58
2,67.87,45.64,75,55.33,-48,27.7,-22,12.2,63,61.26,6,124,-18.39,147,119,-9.45,13.9,50,31.76,55,60,60,114,63,93,44.29,-45,-0.66,-20,89,-19,141,135,3,38.86,40,-28,8,16.45
35.17,-10.23,-50,86,70.4,14,139,-24.18,-47,54.97,-38,138,80,33.84,90,65,27,76,-20,124,2,42.34,87,86,-5.94,0.01,36,20.08,-20.31,66.58,-5.35,32.8,15.21,58.68,24,49.12,145,7.86,140,-45
107,-46,145,108,148,-20.71,14.03,136,-7,-23.96,2.26,59.7,-5.42,109,-39,-34,60,-28,73,-3,68.33,66,0,19.66,24.53,45.56,25,70.44,-12,19.45,133,-35,-28,149,74.24,26.68,14,124,65.08,-19.56
108,100,62,134,33,38,-6.8,36.64,57.06,99,33,10,110,127,100,-29,61,-36,106,-15,49.35,14,53.43,77,4,-28,119,44,137,101,44,-7,126,65.38,0.05,96,9.96,59,84,93
-12.29,-0.88,45.51,69,-11.84,67.14,19,94,43,92,37,82,-32,31.85,71,95,16,-46,53.9,35,60,56.83,121,19,-48,-46,58,107,43,-21.76,124,106,32.55,26.96,8,62,16.56,141,14,-12.91
64,117,29,65,100,10.59,-22.26,-5.1,108,29.01,137,-50,86,7,111,95,120,-36,-5.99,26,86,42,45.3,73.11,6.38,84,-4.46,145,108,18.81,5.09,51.31,-12.75,12,55.69,-16.3,85,-11.57,20,142
11.88,21.01,0,81,2,-20,-21.95,72.06,-16,56.14,-13.39,86,57.21,121,107,14,-24.46,17.87,13.81,17.73,-22,16,51,20.99,-10.62,50.87,21.13,29.09,54.98,-8.16,139,129,98,22.53,12.74,48.42,38.09,63,31,1.16
-13.71,22.48,4.18,132,70,40.4,146,63.35,94,111,137,76,-2.83,-6,63.21,41,10.72,66.14,99,141,146,-37,1.62,23,4.66,45.39,73,138,114,33.79,-7.25,43,-49,125,71,44,74.19,45.03,-11.31,23.93
-15.03,38.31,57,34.49,-3,55,96,-27,-29,133,20,99,55.13,19,33.28,78,31.43,6.45,49,147,6.69,-19.95,-42,55,56.42,107,5.66,109,36.61,14.17,-30,99,-39,83,-15.8,26.6,24,16,19,81
59,2,-5,-10,-26,-23,-45,0,112,50,58,-33,58,-11,3.03,74.4,34.87,52,-44,4,138,69.79,138,129,30,-12.92,-16.54,99,98,61.36,73.28,131,-2.27,70.09,20,64.86,-9,66.51,12.96,77
-17,33,20,-4.26,14,-25,11,17.52,80,4.55,149,-38,48.86,66.29,15.58,5.99,63.33,97,-21.51,-27,7.82,13.35,72,90,99,88,34,42.07,53,56,37,114,-28,117,91,-49,131,37.83,59.66,2.07
47,13.46,85,37,-25,126,14.95,10,-28,144,71.31,117,-44,136,69,65.59,17,-3.7,57.94,123,-4,17,62.47,52.39,67,124,2,83,-34,1.89,-5.2,145,59,26.22,-16,-21.43,65.07,11,53,21
9.83,120,74.34,120,41,4,79,4,45.79,-41,22.71,-16.78,114,23,27.97,-4,71,58,-14,50.47,36.68,34.9,-6,127,143,113,-17,-6,8.6,2.69,-48,21.05,-1.78,90,87,17.08,7,-12,127,-21.97
45.6,65.89,-5.22,22.35,64,42.12,140,145,-47,-30,68.04,38.57,14,-4,103,21.82,-28,63.96,68.36,-47,-32,29,37,-11,67.87,11.12,97,70,-27,7.65,-26,42.74,56,131,86,112,53.3,-0.56,66,143
46,39.6,25,30,-36,-6,70,16.37,-44,38.27,95,45.52,37,-13,1,35.12,-12.32,140,46,55.96,147,45,-26,54,137,-1.58,14.29,-1,26.67,9.31,93,36.96,-45,39,36.83,-7,-33,36.98,22.66,72.7
-1.48,86,35.64,32.44,36,134,28.39,-40,148,56.15,90,-36,20,-22.62,31,51.93,109,65,34.15,-0.95,96,23.91,72.78,141,-13.71,35,-17,-7.01,73,128,142,24,-20,61,-36,77,-35,113,-32,26
38,110,8,23.35,-17.09,-18,145,145,51.36,14.85,62.79,68.94,41.5,64.69,-14.27,24.06,141,-17.5,1,-2,-7.91,57,73,81,5.01,-37,68.52,-50,134,26.48,-13,90,19,29.73,-6.74,-13,-13,31.31,53.56,-6.68
-17,63.93,66.26,118,-27,-37,61,62.59,-8,6,123,-17.54,10,74.8,-6,15,-45,110,111,6.8,51.34,80,21,42,72,-13,99,38,0,42.54,67,22,81,43,-14.12,117,123,18.25,62,13.81
46.68,2.98,131,42.82,93,-9,122,-9.14,141,40.48,91,44.65,48.91,76,95,-48,31,53.39,51.94,-11.08,76,69.57,68,40.62,73.43,56.85,56.39,-14.06,11,38.01,12,15,75,44,95,21,94,8.42,44,3.94
88,20.81,-21.12,-32,86,58.34,136,82,43,7.75,73,18.98,-5.02,98,-18.12,138,148,54.2,53,148,141,-41,106,144,92,47,122,50,94,81,123,136,59.16,-39,139,129,25.98,43.23,-40,79
88,47,40,98,111,9,28.47,103,56,142,80,31,22.83,63,-9,38.16,-30,-14.75,10,-8,32.95,128,-37,-3,63.55,62,15.96,20,66,67,16.32,12.87,-17,-32,46,139,-4.36,31,-8.94,34
124,48,30.82,41,4.53,20,23,6,29,21,0.26,64,-12,-11.62,57.51,72.58,77,66,-9,5.13,9,139,8.23,32,25.62,40.58,-18.03,-7.87,-33,88,-5.65,120,149,104,28,33.9,-34,-13,49.23,23.95
48,-15,11,28.5,1,-35,79,54,68.55,40.05,-10.64,3.13,28,-3.49,59.72,-47,14,-0.27,-13.22,10,143,62.39,63,146,-32,76,-48,46.52,-21.78,62.93,-17,-11.83,78,88,-2.43,136,13.93,61,60.22,40.39
-18.56,27.68,1,53.96,-38,42,78,46.2,19,51,0,86,33.73,-5.18,91,106,15,16.96,65,90,13,30.57,109,92,82,43,65,67.77,74.39,79,-46,29.36,20,126,38.03,34.21,42.75,3,18,102
128,93,50.76,0.55,63.07,5.01,48.94,59.84,56,-2,-44,0.79,-18,26,31.09,36,-1.49,148,-22,-40,36.77,143,-2,39.19,80,138,23,8,140,57.42,142,21,98,-23.09,80,65.44,-12.52,136,-15,85
91,-49,24.47,6,-4.6,122,63.66,93,23,-3,18,38,-18.46,-17,67.34,69.63,112,64.89,0.86,120,-11,9,-9,5.67,-36,50.72,16,43,-23.57,75,112,-7,31,55.02,28.14,38.26,146,1.5,-9,47.74
-17,9.92,-16.32,68,3.04,9.44,16,82,54.14,68,19,104,-36,59.18,19,117,22.53,115,125,5.13,110,31.4,36.73,-20.79,64.15,-17,-37,8.93,129,28.16,-4,8,42.18,12.73,-13.11,-9,22,77,126,-26
-7.68,64.36,62.04,73,22,46.57,5.46,124,0,-7.09,-5.85,49,68.31,53.41,109,64,81,111,60.87,100,19.08,136,106,57.47,14,15,111,116,122,101,72.76,38.11,131,9.47,-23.57,149,-27,47,68.92,50.26
24,136,-27,55,-39,-21.86,35,138,55,-13,-14,125,23.73,-28,-13.56,-7.48,21.92,54.64,4.24,81,37,124,-21.53,28,-3.07,80,-13.22,49,64,-16.7,144,-21.96,12,101,-6,-21,-10.84,32.86,74.41,2
0,23.39,-39,66,-24.57,-13.63,32,86,147,69,-17.21,137,44,108,-8,-3,122,3,52.18,61,102,19,-12.81,99,30,-7.49,146,-22.71,46.61,121,5.67,95,112,63,47.91,91,32,-24,65.89,12.58
63.46,-48,100,-31,131,-32,-17.65,6,114,0,19,13.51,-31,-4,36,15.4,72.52,41.77,37.28,-20,72.36,108,-7,98,33.21,75,59.81,-18.59,112,39,58.18,-3.55,1.44,24,15.24,74,15,86,-36,14.65
80,57,32.92,47,-49,92,72,115,4,37.8,50,-14,-6.89,-48,36,-7.46,28,-19.84,-32,115,17.78,19.69,56,103,54,17,73.02,-10.78,16,19,-14.6,5,-24.64,16,119,26,-10.38,127,-8.16,63.65
22,37,-35,61,138,22,140,58,13.69,-6.46,-15,7,25.93,24.93,72.65,9.8,-22.78,60.36,27.47,120,15.45,137,99,127,131,57,72,52.37,6.74,48,93,-3.01,82,39,60,30,-3.15,-22,101,68.82
50.6,69.57,25.49,23,127,67.59,54.99,-3.35,28.47,23.08,-21.08,39,-50,-22.19,55.23,-13,85,69.76,-7.33,125,65,46.2,118,44,3,104,13.45,-17,-4.27,22,116,86,128,42.16,2.76,55.8,40.68,43.75,127,69.51
-20,-36,-5,54.86,-2.05,78,66,57,55,-1.87,-17.5,60.84,65.98,106,52,13.93,33,38.07,-8.77,-11.54,-24,56,-49,46.17,-3.95,59,-5.27,17.48,22,32.7,22.32,-17,-31,-43,59,29,-6,134,137,-37
49.89,11.77,29,0.23,-19.44,133,39,87,59.96,-10.47,50,-23.74,-48,117,83,76,6.9,12,74.79,65,11.65,24.37,40.27,66,31,-39,85,47.49,14.14,39.68,87,60,26,13.79,64.2,5.14,42.2,56,100,130
-25,24.22,35.29,72.64,39.88,6,41,56.15,-38,-39,17.42,22,-5.06,26,-8,-2.07,-20.43,143,-38,60,37,109,45,34.12,29,35.27,57,63,4.13,-8.06,68,31.63,69.46,3,102,-17,78,38.63,48,-5.78
9,72.18,103,41.47,-18.69,-44,107,8.72,127,-41,129,115,-50,39,11,12.12,51.55,111,127,131,54.81,88,65.21,-48,33,17.67,106,-9.83,15,-24.57,35.13,103,90,91,14.11,-15.96,49,105,-16.54,141
128,1,129,36.07,57.65,-48,28.35,66,20.78,11,42.97,65.37,141,36.56,24,-37,45,-16.01,45.95,-38,-20.06,-1,42.66,57,-14,98,-16.46,17.03,20.21,31.34,101,32.68,17,-7,32.77,38.89,141,51,0,65
65.63,6,126,7.69,22.17,-4.28,141,19.25,-2.21,-41,83,-21,39,38.45,-23,27,46.25,116,62.93,13,-32,29.89,5.4,1.58,10.74,-25,-8.54,70.95,-36,107,2.98,76,71,84,9,11,13,39,18.08,41.96
130,-17.92,10.55,-25,-5.57,-1.5,54,41.35,60.45,-2.67,-18.68,68,45.71,-25,141,-17.59,53,142,64.16,125,-22.14,-7,32.13,126,-13.48,8.6,137,-0.98,143,57.24,141,59,-48,84,124,62.67,53,45,12,-28
12.47,71.15,51,-38,73,34,77,-39,-45,104,142,11.99,26,-0.77,49,32,35.7,-50,45.65,34.29,28.21,18.53,55.46,109,95,23.71,64.61,-0.48,-29,143,12.51,-21,128,116,69.62,144,-32,-48,1,31
59,19.98,-24.18,142,21.36,-25,39,-18.11,69.12,41.2,69,48,62,51.94,-22,65.01,-8.12,-8,81,64.36,-27,60.63,29,143,-31,-17,144,-20,116,24,-13.94,-7,42.66,-17,-14,64.03,84,-22,127,58.05
-5.79,19.84,85,52.94,34.56,-13.52,92,1.59,8.53,15,52,13.07,11.39,124,102,61.65,45,-27,115,22.16,12,70.86,44,27,32.06,62,47.91,-7.99,20,52.73,-16.7,1,34.52,33.45,55,45,-46,19.43,-8,2.96
94,73,13.24,11,19.99,-38,-43,24.89,97,132,57,28,-14.71,-13,33.99,1,-1.23,125,-8,67.92,81,-9,67.69,127,90,67,2.88,71.58,58,-12,24,131,94,48,-5.91,100,14.38,7,84,145
13.59,-25,12,32.93,63.33,16.42,-26,76,-10,67.12,118,-6.79,-5.76,27.63,67,32.73,68,4,126,49,1.11,88,-15.11,1,133,61,-45,0.7,29.41,21.31,66.22,8.44,11.27,135,78,117,-1.75,-45,2,7.47
-17,115,3,79,131,-44,5,-19,73,35,-12,25.99,72.99,74.48,25,147,19.44,112,-37,-18.15,-14.24,38.29,-18,20,-4,54.29,-18.82,-37,125,129,66,55.01,-20.29,50.87,31.25,61.76,32.41,7,39.41,61.59
-18.56,62,4,19,134,143,73.21,74,137,55,118,49.07,78,-7.01,45,-8,64.34,6.24,142,-1.46,63.04,59,-21.3,0,-8.3,49,55.5,43.24,-37,34.53,-44,18.82,77,123,-1,60,37,123,70.17,46.43
17.57,53.11,37,30.45,72.4,101,103,41.06,69.74,14,38,20.52,87,47,-46,5,-18,15,137,-15,101,52,54.94,-24,11,90,69.47,108,31,-20,19,46.05,33.4,73.05,-1.3,32.72,60,58,-4.65,144
10,12,-7,-12.43,12.9,46.33,1.97,58,46.16,61.74,11,61.43,70.48,73.12,28.93,25,105,-34,57,-0.7,0.87,0.34,-9,99,43,21,-39,100,52.83,-3,-39,56.95,30.4,52,44.09,38.07,-8.15,44,148,36.38
-28,111,39.71,85,53,13.02,54.16,66,53,-12.51,43,53.15,15,36,-20,-4,52,129,89,9.27,14.66,68.3,-11.8,65.48,17.85,33.12,134,-13,124,-40,109,-14.47,-2.06,120,43.59,8,71,-3.62,102,-3
19.28,83,56.7,-20.31,48,30,64,6,23,5,26.15,15.59,20,-37,-13,131,126,16.58,-26,145,41.11,59,43.29,0,18.55,41,-8,-36,-13.53,6,-32,139,39.1,70.96,128,-1,-38,41.05,-47,31
62,42.89,57.19,35,114,117,91,124,59.79,82,8,-22.01,84,47.64,-7.14,133,87,12,-20,44.28,21.59,-2,-13.89,15,19.24,74.52,34,144,-9.52,-5.77,129,60.49,43.37,36,47.51,137,53,-0.33,28.55,18
59,50,27.61,69,63.33,-21,109,-41,69.43,3.45,-49,124,136,46.74,25.45,61.27,69,25,32.54,146,46.02,97,70,33.92,109,49.85,124,-11.92,145,-6.63,2.51,-44,48,87,141,0.66,73,-26,-19.08,54.1
29,79,-1,117,27,35,105,40,-8.66,67.43,-27,41,74.38,-43,74.93,119,49,-2.4,54,128,42,68,48,79,40,60.77,66,52,144,66,-12,47.07,61,43,-34,32.78,139,-21,35.88,17
50,-34,-47,97,-13,108,58,10.79,69.12,113,62.69,50,-24.36,142,-6.22,-23,-23.06,-29,38,36.55,71.04,4,116,44,-17.51,10.36,36.56,64,-2.22,-3.99,113,45.13,134,108,69,-37,56,4,36.44,-4
134,34,54,128,-40,-28,59,-9.8,-13.38,29.99,58.39,29,-28,149,30.7,13,72,-50,-42,-11.88,-36,130,149,49,56,50,-13,7,25.65,42.18,21,-12,48.04,64,133,14,29.36,1.18,23.93,7.37
138,74.61,18,-37,38.93,64,55,-50,59,-17.02,22,-39,22.44,46.93,57,-1,30,134,-20.82,26,38,11.35,-18,-33,100,-11.08,-4.33,113,115,-31,46,-48,111,29.35,45,58,-25,30.24,114,60.79
8.5,-12,9,127,-10.88,-26,-22,11.15,17.18,93,8.85,102,22.28,29.03,-23.2,32.88,58,12.65,-7,-7,-50,86,-14,24,26,-38,-1.69,12.74,24.96,38,70,65,-9.25,41.48,17.4,127,68.14,-38,-3,74.51
20,15.25,3,89,132,-5.58,115,20.39,11.5,-12,-21.46,-18.74,-42,91,37.98,50.34,-20,146,137,56.94,49,10.08,-46,-19,-18.79,17,37.81,93,34,-40,70,31.83,74.58,2,56.14,104,-47,146,-3,-23.45
69.76,123,32.36,61.44,-28,38.47,46,37,112,33,64.68,30.42,65.96,8,74.65,-43,105,100,9,106,8.21,45,87,13,122,53,72,-5,73,-1.89,24.84,-21.82,5.96,-12.33,77,-2,1.42,-33,3,-13.1
15,142,13.71,-8.8,50.65,-1,23.66,94,21,72.99,4.89,-19,-18.06,23,107,59,2,26,50,-20,-0.16,2.12,84,48.15,30.9,90,5,38.83,-22.36,110,-17.32,17,117,-45,-32,84,56.59,94,55.94,16.16
131,116,28.44,123,114,14,34,59.29,20.73,125,-10.6,8.9,-40,-22.62,111,-16,-11.96,38.48,24.56,5.78,137,20,65.44,1.78,110,99,28,47.12,25,-47,55,5,32.37,-48,9,58.12,71.99,-9.45,37.32,21
111,6.49,52.57,-18.41,82,-19,49,4.11,-23.31,17.77,61.75,81,12.16,-47,73,59.67,56.6,62.5,122,69.16,38,5.38,60.71,56.7,75,31,-2.01,9,75,111,-18.61,-44,49.07,31.01,3.01,61,26.44,20,74.72,-23.35
71,29.74,126,-14,-0.83,86,28,-0.89,8.62,0,50,98,33.37,5,-16.27,8.86,58,20.08,111,57.66,10,140,31,-46,71.83,114,76,96,84,68,-10.92,-21.5,69,120,-34,12.09,12.11,48,26.47,84
54,37,35.3,145,73,118,10.98,49,-23.61,32.22,61,86,37.41,64.93,15.05,101,3,16,64.66,-11,48.13,142,22,98,44.09,73,43.29,-17,-32,31.02,32.54,15,26.66,47,27.76,56,33,-13,26.73,42.18
-12,28,142,50,73.64,1.07,94,0,119,70,-5.93,135,58.66,66,70.37,53.64,52.33,128,71,28,126,59.61,-44,55.66,5,-15,-18.34,-7.42,98,10,-17.19,-21,-13,-39,-20,91,-35,116,-12,47
28,102,-15,11.01,34.68,111,35,120,28.09,149,51,-38,-13,124,71,-1,31,56,40,36.16,-8.43,4,42,59.2,30.44,44.28,137,139,97,14,34.1,-48,60,-4.97,34,11.43,106,107,24.41,74
10.65,32,49,54,120,6.27,17.97,73.45,-18.29,40,90,-15,-40,71.44,142,132,72,85,35,28.42,22.18,43,20,30.03,-25,71,12.67,-36,22,-12,74.56,59.64,16.83,21.53,69.83,17.63,55.52,-7.85,-50,-22.13
83,24,-1.83,31,35,41,12.94,14.55,49,42.86,-37,-31,-25,81,36.36,-32,-49,47,33.42,123,62,14,28,129,136,48.57,-4,52.8,110,74,-29,59.15,46,24.05,-37,-9,-1.87,29.21,-28,-20
-1.01,42,59,3,126,-1.09,142,13,35.24,86,20,63,-11,1.54,73,114,53,109,-11,67.16,79,121,3.45,135,73,28,-4.09,55.47,-30,-16.04,119,-15.45,29.68,18,56.47,0,-14,148,31,-14.42
144,-9,-5.32,18.57,-7.58,16,-18.7,16.27,-6,29,42,69,42.04,120,2.44,45,60.6,38,34,145,-3,90,41.84,144,-4.34,61,29,18.96,66,40,62.14,142,27.29,71.71,18.37,26,-6,52.73,-23.73,30
1,42,96,119,87,40,-13.13,107,-46,112,61.87,49.44,-3.33,8,33,-6,22,71,37,-31,29,-48,59,-23,88,72,53.42,36,63,29,-14,1,58.34,-24.61,73.62,53.53,48.71,-6,111,96
89,84,87,20,136,-14.3,-17.73,-20,0.77,72,48,-30,10.35,2,-21,30.92,31.88,52.36,27,-29,-2,66,114,57.91,34.52,11.76,4.85,3,4,88,111,144,49.84,-22.31,49.8,39.28,77,1,75,6.08
24.93,94,24.89,-17.3,-17,100,36.48,-19,-30,72,107,136,64.28,146,60,20.44,99,22,143,-8,-9.39,-11,-1,-16,3.63,45.34,-6,38,-19,14,127,119,-3.2,23.95,45.61,100,-9,46.24,-8,9.6
146,-10.3,-45,71,19.76,42,-20.07,71,2,74,-6.82,15.95,-33,20,126,-12.04,-20.06,-13.13,53,88,141,107,132,50,-12,68,25.1,43,71.07,-8.45,30.27,57.18,27.14,137,71.57,133,51.84,46,92,101
81,-8,70.99,29,-3,3,-50,21.62,-1.47,65.75,8.67,109,115,108,111,-6,39.93,58.59,8,45.04,43,42.81,34.91,8,-3.04,31.57,49,40.14,74.37,55,43,58,-21.17,16,-5,-4.1,82,6.23,30.7,124
113,34.81,-18.59,15.9,90,21.1,44.99,-6.9,47.94,-8,61,73.53,12,137,-35,72,19.77,85,24.77,4.03,-20,56,98,80,139,-35,39,46,-29,76,-49,39,55.11,-6,39,100,20,41.29,36.94,-33
74,37,43.44,59.19,96,-45,84,148,-18.7,40.11,100,103,31.53,40.73,35.19,103,145,122,91,-13.68,42.4,1.97,-32,33.41,-22,43.11,42.14,42.25,-37,-3,-41,-24.36,18.48,37.29,98,40.61,34,113,95,81
20.33,61.94,-3.47,-14,-9.91,73,141,25,1.04,-16.08,57,-23,67,81,54.98,28,56,40,7,-28,72.07,-0.46,-33,71.27,17.16,84,82,69.3,122,10.89,-36,-24.34,13.81,55,148,48.58,142,-27,65,10.91
22,37.38,18,74,22.27,-24.99,-22.3,37,68,18.96,15.71,48.76,79,103,63,-36,82,62.82,122,102,-14.92,-20,88,63,63,19.2,67.64,109,48,112,-40,45,57.28,14,-10.39,92,1,145,113,65
46.06,-7.68,31.08,113,40,61.73,86,64.05,67.66,3.24,59,42,127,41.62,149,8,-30,111,146,-37,75,63,122,-4.41,-13.99,-6.31,-43,0.33,24,106,115,-25,5.65,11,25.5,104,88,27.49,-11.16,-19.18
-22.15,-7,1,117,-30,125,68,-14.01,-34,-50,-44,56.71,128,22.91,18,48,140,84,-7.41,46,66,15.27,42.08,66,2,32.12,68,63.36,53,38,6.88,83,49.43,123,16.79,-43,109,55,41.55,104
20,34,143,128,0,70.34,138,45.65,69,107,37,58,47.72,1,47.35,-8.42,-45,20,72.2,18,-26,-0.6,6,80,58.26,126,-28,80,-29,42.05,1,5,1.31,-30,102,74,30.32,-10.74,14.24,89
-37,60,16,2,94,21,-14.22,15,149,90,-12,13.44,-18,100,11,-8,24.89,88,16.89,45.17,43,118,143,53.14,129,-18,4.69,95,128,-34,84,100,61.34,-28,26,-3.89,-40,67.68,-22.42,8.6
22,54.07,121,22.71,103,-14,11,58.33,-17,6,123,-20.55,135,70.38,90,129,111,72.87,65.44,31,99,101,58.34,-27,137,67.6,17.5,7,16,73.96,39,125,37.58,78,46,114,85,51,-12,-6
-2.61,-8,127,14,61.74,61.54,125,20,13.36,-34,124,-27,-3.24,-3,35.66,13.32,64.5,69.52,74.01,0,20.71,5.54,-13.33,-3.22,3.97,47,-12,87,-31,42.94,-10,8,32.2,-21.93,40,58,57.21,66,30,25.24
50.02,29.99,28,-7,43.69,4,7.44,48.96,83,2,26,-42,-2.82,51,86,41,110,50,149,100,63,74.35,119,-48,67.45,-46,55,53.1,27.63,62,65.48,80,81,52.08,58,131,138,-44,52.05,33.85
142,1.53,4.25,-23,-33,30,43.85,72,114,120,116,-12,145,57,-17.86,4.23,63.6,60.04,-24.58,70,99,-7,-38,59,24.57,145,69,0,-16.48,20.87,-9,11.2,18.14,38,57.37,67.02,0.39,-41,76,98
112,96,44,62.55,106,-0.74,141,9,-4.76,66.39,71.92,19.49,40,-40,97,-8,80,80,-6.52,23.57,102,-39,108,-3.69,52,-8,131,2.89,45.57,82,32.18,64.54,74.11,24,61,45,-20,139,70,-47
131,-9.72,18,37,72.2,-6.4,6.26,-3,-39,76,70,74.6,80,29,-9.5,67.69,-21,129,93,126,47.65,136,59.42,55.47,46.66,64.24,7.31,10.72,-12,59.7,8,-26,63.63,-21,91,34,79,42.07,109,52.86
-17.76,138,35,132,28,61,-14.26,17.66,-21,57.96,-5.34,69.66,112,72.03,125,101,40.89,5,9.22,-6,66.6,63.41,-10,79,69,35,-17.44,-14,0.89,-38,56.41,1,116,32,57,127,90,41,133,53.65
-50,45.99,-1,23,83,73.55,41,23.52,-24.95,52,143,29.47,-17,88,13.69,-32,148,-2,31,54,17,123,110,61.67,16,17.17,24,-14.62,144,10,79,54.77,72.03,15,-10.58,-44,37,1.22,-10.7,26.84
134,129,16,106,88,120,-24,115,-13.75,-4.04,120,45.44,44,37.13,22,-24.58,42,1,139,21,145,-33,-17.27,53.17,60.27,-43,103,73,-21,69,24.94,-8.18,19,2,44.94,12.76,44,58.54,52,-2.81
60,96,113,-7.83,13,-29,64.7,71.96,1.94,70.83,97,33.48,24.82,5,-15,18,55,-17.42,6,92,149,140,113,62.07,3,107,61,95,31.55,-2,49,89,109,9,36.51,11.07,1.89,-2.93,27,73.13
126,38.22,-10,-48,-13,21,11,9,-13,-27,-7.84,93,23,19.13,0.31,-11,-46,-23.95,-17.85,25,-19.12,6,123,38.39,23,90,146,144,114,41.91,142,46.68,-49,10.07,-47,103,46.03,40,73,-9
59,-3,115,74.75,-20,30,32.72,44.24,92,19.57,-20.01,64.15,-8,61,-23,60,26.64,3,43.67,-25,-31,17,127,29,9.27,116,26.55,40,-0.46,-12,-22.22,27.9,20.43,69.76,-19.36,43.52,84,65.62,-10,128
20,-18,-0.58,62.19,29,35,30.08,118,24,-21.87,29,118,59,22,26,-15.88,54,51.3,25.36,78,4,149,43.73,4,34.99,6.38,89,64,61,26,82,7,134,8,47,45,-16.61,145,69.9,107
77,58,-10.71,5.32,-7,-13,53,-40,148,28.13,-6,119,36.28,47,58.26,9,13,29,19.3,123,17.58,90,-7.04,22.46,-15.46,-41,29.11,140,39.63,65.44,146,33.79,-8,-19,-8,41,-26,83,86,-24
14,32,72.98,-5.12,26.85,68.78,-21,18.86,23.72,9.22,2,-20,19.42,-22.34,35.55,12,-13.54,65,72,-17.11,15,144,15,-8,134,69,122,51.22,42.76,-39,18.74,132,81,47.83,56,-24.69,-21.32,12,81,-4.62
59.94,62,74.27,20.14,65.77,14,115,-24,128,-6,17,-37,93,-26,-41,18,102,45.87,30.88,111,75,56.49,22,128,-21.41,62,90,120,11.22,-16.97,39.49,-14.04,-12.89,65.84,-3.75,53.23,2,76,87,25
-15.47,68.74,-48,137,46,42.94,101,-16,69.33,25,-48,37,128,-31,140,73.83,-34,99,-8.55,38.91,73,55,63.76,1,2,106,134,64.53,87,0,-39,-15.55,43,-2,125,2.94,-19.78,0.48,47.65,-49
-14.71,-25,41,69,19,48.01,53,-7,58.59,64,45,-47,134,56.18,71,21.48,113,62.59,-18.29,97,0,-45,59,62.62,83,77,44,2.12,21,54,149,139,25,58,29.53,66.74,98,22,37.37,-6
-47,5,83,37.02,2,29,13.72,14,3,94,88,130,25.69,126,-11,17.96,130,95,24,-28,4.13,28,72.47,31.69,51.69,1.54,140,139,-17.44,81,124,36,131,20,2.35,9.68,94,90,-10,-11.33
68.6,31,-10.77,21,142,6.8,76,122,109,90,55.39,139,45.41,71.6,72,-16.04,50.96,-12.29,2,22.13,68.05,10,134,113,45.5,58,28,95,53.24,13.7,137,31.01,-11.17,113,43,-17,-21.05,129,-4.61,-17.49
40,-0.08,80,7.54,29,29,69,-16,37.67,22.91,14.47,73,20,92,65.27,52,4,11.89,71.58,-4,42.96,118,96,-8,4,37.8,69,12.45,50,-23,47,77,-11.45,97,-45,16,36.35,83,70.12,-48
-18,-11.11,120,39,32.9,68.9,14.49,-33,29.25,76,91,22.8,-13.28,25.2,-38,8,30.14,53,40,71.23,-0.32,3.73,30.64,75,40.04,66.74,73.87,-10.4,1,19.58,67,47.66,112,47.1,43.15,17.36,91,-33,93,12.31
-13,36.93,75,35.04,134,21.74,71.47,10,69.47,-24.01,-19,110,55.81,17,100,-4.28,5,46.76,-18.97,-8.33,9.26,50.46,145,22.8,138,47,-13,-3.46,16.97,66,-15,114,116,129,47.87,-17,22,56.31,24.83,141
128,-11.29,80,55.44,31.13,17,33,-14.24,149,20.53,-32,23,89,57.18,44,127,63.28,-5,133,40,20.94,-31,109,-45,122,20,5.99,72.54,4.39,-43,66.33,-37,58.65,35.62,69.89,84,111,16.76,-10,99
53,7,2.13,100,-7,11.78,10,-28,10.47,26,63.51,-10.75,-9,104,0.45,5.57,-11.29,146,31,114,100,141,60.47,101,50,49.86,121,74.69,82,51,67,-8,65.31,35,25.32,-21,-4,15.24,-43,58.63
103,2,88,0.07,43.04,42,19,-22,73,48.82,125,117,35.17,133,23,99,134,58.54,-2.22,-29,-21.43,71.82,70.56,90,25,119,75,-11.55,81,66.72,7.08,-17.89,64.62,71.91,39,-46,-19,100,48,12.77
-23.06,-35,39.33,132,30,59,8.32,72,-25,35.53,56.09,68,141,14.28,51.01,120,9,8,141,-19,-34,46.15,85,23,116,41.09,-16,120,58,53.77,129,69.2,5,29,125,63.48,44.78,79,-42,-21
-5,-9.05,-46,23,137,62,64.04,23.75,101,-4,114,58.93,64.64,43,-33,15.77,92,-8.52,81,137,51,46,-4,56,7,67.55,-13,130,79,15,19,34.98,63.91,-19,57,60.83,-14,-36,130,-16
31.87,-12.78,72.55,50,92,14.1,51.13,7.32,21,145,3.98,140,-9,13.46,113,132,-0.23,38.98,31,64,-19.78,68,97,127,38.4,-6.5,-8,68,-10,4,144,133,74.58,49,21.45,70.28,102,39,47.44,13.26
40.87,32.22,-10,60.66,-8,141,4.07,20.63,47.94,59,28,146,70,2.45,77,109,48,-8,117,35,95,108,70.58,101,-24.82,-16.11,-12,15.46,122,66,60.31,-38,54,59.33,-14.98,-39,70.71,134,-10,97
-16.16,94,54.96,136,20.09,136,-14.58,84,65.16,142,16,14,50,68,86,60,70.59,139,-23,42.63,93,108,147,9.05,-15.42,-8,95,99,57,92,-8.8,-42,-26,-2,-4.6,95,69.98,-47,22.91,29.81
5.39,71,149,-6,35.94,79,79,97,142,94,82,-22,27.19,118,21.11,10,22,48,35.23,43,72,-40,133,58.11,24,128,-28,135,61.38,74.85,-39,23,75,83,4.57,7,40.34,-16,-13.81,-5.68
-25,-8.88,96,64,62,93,13.29,16,140,-20.77,72.45,27,57,36.68,31.65,-19.94,-20.6,55.34,59,139,52,11.27,77,69,4.59,60.1,5.05,60.23,113,56.43,68.31,65,39.11,-46,67.94,-28,118,7,56.44,16
35,58.23,55.17,31.32,6.01,86,-14,54.89,99,-24.45,57,85,66.51,25,53,-21.74,49.41,-13,60,0.86,27.61,-49,18.21,-42,70,72,147,61,58.21,104,132,72,38,9.73,89,21,112,27.97,123,97
102,52,105,-24.33,-29,49.03,-6.66,65.25,38.99,-5,3,116,-11.5,121,41,18.86,128,29,5.04,51.68,11.09,142,67.75,-46,57.55,17.73,73.24,58.56,13,-5.59,-6.55,94,131,58.61,65,135,126,-4.05,-31,136
-21,17,86,68.65,44.1,124,48.62,122,-39,22,1,-37,13.74,56,-17.01,139,71.05,24,-20.18,16.04,-45,80,142,129,20,47.07,38,-8.98,59,20.61,21,68,128,64,-22,131,69,72.2,146,-47
15,7.98,24,14.59,-23.21,59,80,92,6,5,-5.24,6.66,-37,9,90,10,71.08,-24.61,-46,76,7,33.43,121,30.23,27,99,-14.34,110,-13,-16.13,87,147,62,-34,21.55,31.18,33,-17.75,82,119
-15,10,-39,45,31.67,71,50,54,140,122,114,10,3.93,31.47,-15,39.53,-34,51,-22.91,-13,142,-43,-4.73,17.98,36.62,135,29,129,47,102,0,64.74,36.24,65.9,127,124,50.54,-36,141,99
82,30,4,144,-24,83,-12.75,1.68,115,-12.4,-1,46.36,3.27,20,-17,58.87,17,38.95,-41,86,145,6.16,98,-42,22.82,48.39,134,69.36,56.69,71,19,70.03,-3.38,34.07,88,42.64,13,70,16,71
72,-36,60.24,27.63,63.23,-8.68,78,14.56,38.64,-3,-28,42.14,142,20.68,104,52.11,-46,38,29,57.45,17,108,15,30.12,90,6,136,111,135,-6,110,101,-10.29,-32,34.47,15,8.75,66.21,-30,40.29
-34,40,-34,54,-2.92,8.75,10.95,53,-3.96,-3,92,71,-1.02,92,14,-19.08,70,23.26,26,90,102,6.88,59.6,69,50,17.55,67.33,-29,-11.19,66,79,83,-24,119,47.9,13.48,-50,66.65,142,112
-20.83,29,78,50.26,-34,-42,-19.24,108,103,-43,88,27,-16.99,4.03,-42,1.54,56,14,4.46,-30,101,90,69.08,4.43,-9,39.82,97,119,-6,31.73,73.01,67,-18,-22,-15,149,110,132,31.12,-15
59.42,-21.57,-11.46,-1.08,20.44,120,-15,55.55,-32,-13,-50,41.44,80,131,101,-9.04,143,71,-23,-27,8,-6,112,28.86,149,59.86,42.92,133,80,58.82,-17,43.99,73.99,33,-13.75,18,3,-8.94,142,-25
30.7,-6.69,5.59,61,102,40.61,-34,24.18,135,-9,-30,62.69,18.36,26.56,-7.56,135,9.95,32,35.19,146,12.93,-34,36.82,124,109,131,-1.5,104,64,10,63,36,111,1,141,78,46,3.49,33.17,-0.25
88,-19,-21.47,19,-34,-33,4,-5.31,38,-9.67,138,23,6,68,74,89,10,12,33,-19.67,32.7,146,7.44,-42,84,135,21.97,24,12.06,65,6,-15.21,53.33,125,83,-1.41,30,74.81,62,64
144,-2.17,21,-0.63,62,50,64.19,-7.2,97,7.94,-4,-33,44.34,6.72,30,30.6,97,44,120,123,19.31,103,9.04,93,1.1,10.94,128,111,10,14,72.67,-22,20,0.06,44.84,74,60.27,-41,20,72
-2.57,8,109,57.05,24.46,84,68.72,-10,27.49,83,28,-9.79,87,85,141,140,-8,102,-12,118,19,28,111,32.49,47,128,-19.64,-3.41,61.32,111,44.72,133,3,9,14,134,-47,80,104,111
-2.76,116,7.46,-29,78,-42,18.55,-29,16,64,75,3,40.42,21,5.56,51,109,-8.98,52.81,98,14.94,15.86,70,74.05,67,16,52.77,58,-1.49,69.43,63,73.07,31.65,-6,48,-30,-21.59,140,3,97
-6,90,49.11,9.92,-17.57,-22,48.96,50,-7.92,-16.61,45.6,111,104,36.14,59.91,43,76,14.84,50,75,105,2,133,-6.31,20,133,0,91,52,28.3,-39,35.07,56.59,21.41,135,-20,103,-37,-31,92
-5,0.49,56.79,30.22,-13.99,-23.74,16.53,122,58.99,93,50.72,115,21.23,-17,-42,70.92,31.31,102,-17.33,132,19.06,48.22,57,25,62,-43,33,63,-2,109,56.51,95,96,-23,58.06,91,141,0,86,11.01
-13.51,-46,64.43,33,95,42,122,79,105,117,-6,37,50,32.74,14.04,63,71,16.42,-7.76,32.71,146,64.81,37.2,48,137,-16.79,51,47,105,-12.57,96,51,37.42,101,-21.63,59,-44,74,48.96,64
143,15.61,135,48.83,44,26,-16.73,38,80,5.35,-8,88,3,119,55.78,91,64.68,87,-44,72.81,-1,47.76,71.53,41.84,109,56.72,125,-3.38,44.09,140,100,-9,88,33.23,-22.98,-33,55.61,14.89,0,44.5
59.89,59,-18,12,94,71.95,66,142,147,61,4.54,31,-44,2.02,13.74,38.5,-6,92,94,72,69,55.51,142,92,133,-10,-36,46.45,118,20.26,42.04,53.97,-6,-41,-46,122,71.26,49,-31,37
7,6,40.02,50.07,45.27,75,55.49,-5.37,80,24.07,125,50.62,-5.61,33,106,7.28,-22.88,-11.8,-23.52,31.91,122,34,28,118,4,68,-31,1.5,19.05,69,102,28,-7,-43,12.33,104,25,147,56.93,27.39
39.46,112,-4.31,8.26,65.99,27.43,36.87,-24,-10.19,24,-42,29.64,25.75,131,16.48,93,62,-9.06,67,145,4,28,-1,-21,50.91,-18.62,60.95,64.81,133,12,-47,65,47,67.9,131,63,59.56,147,32.36,42.91
-35,120,-30,51.03,122,-16,12.64,11.26,-15,142,147,39,31.43,25,68.72,58,2,53.09,-20.11,55,122,-27,-39,20.16,45.7,69,73.74,11,45.73,91,4,44.95,0.57,50.1,-22,46.77,131,80,23,12
59,-35,3,75,12,20,50,44.81,-15,71.85,62.47,93,-43,-42,26,23.72,21,52,13,33,32,116,19.71,-47,84,45.44,63.65,142,138,52.64,22.48,-19,146,108,-15.8,48,136,34.64,64.19,-14
17,28,63.29,-23.36,123,47.92,50,-10.16,122,65.01,54,-48,-49,-7.07,132,44.3,68.52,11.61,111,-19.82,118,18.77,-1.31,10.11,-23,-17,137,55,-33,-44,-6,68,110,-21.59,-50,53.63,22,73.88,84,52.59
50,118,16,89,19.88,46,30,62.69,-5,11.81,54,70.93,5.25,93,53,13.25,70.43,131,143,-10.02,1,138,73,54.79,59,87,68,-24.09,92,55,71.4,61,-12.96,-0.05,67,4,31,108,5.06,-42
-14.9,-20.24,147,136,71,14.06,-31,73.05,14,132,-45,57,147,126,115,93,-30,116,12.18,-22.95,12.91,49.04,92,62.92,54.69,107,51.58,-20.68,44.57,29.95,25.21,40.29,32.18,31.49,124,85,-23,142,124,-15.92
67.25,-24,80,47.36,87,114,122,-20.03,16.02,27,-0.54,-33,4.55,26.95,11,68.13,113,63,8,-19.53,69.31,-4,-2.56,-34,-15.14,35.73,57.8,-9.83,110,-18.54,-12,32,51.79,78,20,43.43,42.57,54.12,6.33,51.83
80,100,-23.59,79,70,-24.91,131,-17.75,77,21.36,66,61,90,69.74,44,25,49.51,86,46.95,33.78,37.46,-44,96,84,14,34.67,133,8,-5.15,95,-32,105,73,-14.26,102,21.93,90,9,98,60
46.88,91,97,29.24,-22.95,-13,-8,-6,3.69,67,49.85,4.02,-18.8,50,12.69,7.87,19,-36,-20.82,-26,30.84,58,-8,143,28,110,12,22.02,41,34,70.7,57,47,45,-31,112,149,132,71.94,37.97
27,60.33,120,97,98,70,-18,-49,-20,-30,98,112,-7.26,6,-10.73,63,28,43.89,99,136,68.09,-49,52.22,47,-5.72,103,-34,122,-24.92,16.75,-9,46.78,65,7.04,75,13.98,11.89,16,96,21.69
4.98,-36,146,21.35,57,46.52,144,18,-5.93,110,-1.58,-15,-36,41.82,28.36,18,96,-41,-0.73,-12.89,36,140,25,-32,12.06,77,-12.96,-22,45,142,14.57,-33,109,68.31,12.61,69,-19,24,66.44,-48
-20,58.17,74,38,44.87,23,52,72,-4.28,46,-9,-3,51,57.43,74,26,21.3,-46,35,74.87,-16.23,10.23,31,146,22.55,48.88,42,-34,73,89,112,37.37,36,139,128,57,-5,78,25.23,68
38.72,-21,-6.53,19.94,74,-31,94,9,84,19.53,-50,148,4,70,-24,38,-36,21.69,-27,140,67,50.53,134,136,142,-28,33,121,76,51,22.8,134,3,13,55.69,10.14,23,-10.54,61.9,129
71.72,24,-47,7,85,-20.87,-6.9,82,5,-1,-50,-43,69.15,18.49,48.76,67,137,102,112,-41,36,83,137,112,17.56,62,3,-20,-32,-17,106,138,52,56.45,120,58.87,91,12.5,47.1,45.04
-40,0.06,-9.37,33,21.09,146,105,11,112,19.7,46.78,29.85,-15.83,63,35.47,41,138,-12,-20.47,-23.04,99,46,136,42.27,-35,53,-31,111,-32,103,57.08,-28,-24,-11.14,31.7,47.19,44.43,116,73,129
36,37.26,59.75,29.84,6,-18.43,113,30.71,63.22,105,-34,-21.66,47,-15.63,-20,146,28.23,114,125,60.79,9.1,74,46.39,69,139,60.28,33.8,6.6,-22.1,74.16,55,72.65,34.68,83,60,-21.4,-6,-36,-3,-10.88
40.97,61,45,32.3,17.74,31.06,138,-13.32,-18.74,41,25.96,44.28,-46,16.68,-28,-14,14.95,33,127,121,17.46,-16,41.08,57.37,45,-23,-9,-5,60,14.52,-28,-21.7,-29,76,95,104,-50,80,43.87,94
63.43,35.88,51,-16.35,131,34.83,84,92,54,-39,30.51,2,98,-2.85,-42,1,-5.51,125,10,140,90,78,44.49,38.7,50.84,114,6.79,-3.3,32,75,64,-26,18,104,37.76,118,51.88,8.58,34.66,-28
-43,88,-13.37,6.47,115,-33,45,4,41,-17,47,-33,9.91,1,-4.27,-48,140,-15,47,27,21.84,30.82,141,93,70.49,75,72.86,44,127,61.75,60.03,28,91,63.44,32.86,16,1.12,47,37.87,38.02
6.38,-37,56,8,18.19,30.64,33.61,47,-26,80,8.5,55.05,57,87,48.76,-4,6.64,59.38,59.83,11,33.64,104,-15,21,50.69,131,-24,53,62,113,55.64,37.3,38.69,20,0,18,137,139,28.21,129
134,124,77,11.56,-30,48.49,99,66,138,63,-12,103,-15.71,0.86,61,-46,-44,28,53,65,0.45,-11.95,11,70,41.99,56,39.32,15.61,-17,69.86,134,6.42,-30,12,-12.17,-19,-12,105,-5.89,48.56
61.17,94,9.66,82,0.14,18.1,39.84,1,42,117,67,-3.93,-25,70.78,47,120,89,-15.55,102,-48,-10.55,141,71.84,47.44,80,114,38.91,136,43.07,88,74.67,65,45.57,-34,-42,69,46.98,63.2,-5.01,3.71
21.16,145,25,128,97,56.53,3.62,56.29,131,-14.45,-18.24,41.19,35.15,48.18,53.58,9,-20.3,39.25,57.39,23.63,121,147,-33,119,-33,-7,-24.56,6,1,36.94,-42,57.57,-17,69.21,14.05,-18,66,56.02,38.76,145
-9.44,34.66,120,120,-8.01,-50,106,-5.8,9.7,87,66.06,106,87,-9.32,7,-40,37.94,24,36.39,-3,-30,121,40.92,61,64,6.68,15.08,11.98,-47,12.3,-21.54,92,71,-19.51,49.38,-14,11,148,13.76,64.02
89,113,64,-17,63,29.25,60,100,-7,56.06,95,-16.07,147,36.96,51,9,1,47.22,52.9,-13.64,13.06,109,0.26,16,68,-22.85,38,23.4,40.93,46.84,-26,-43,118,25.55,12.39,141,-31,18,-3,27.47
1,71,11,16.95,39.52,23,48.31,30,55.56,106,6.87,13.04,91,131,53,25.15,29.46,132,39.24,16,40.14,113,83,57.69,30,-7,58,35.56,-50,79,51.28,147,50,68,24.61,116,19.73,24,14,56.58
135,125,23,113,-9.73,126,100,32,-11.65,12.17,62.6,-12,73,72.6,5,-49,-40,63,38,44,141,65,51.34,25,109,-23.78,66,53.06,-11.82,6.75,11,-13.56,44.09,-17,111,96,-4.42,-11,89,-49
-22.7,32.25,68,51.43,98,-11,-43,114,82,-43,126,35,34,18.59,34.56,100,-29,75,52,-8,-39,46.9,12.33,75,33,17.94,-11.99,-28,-35,65,146,48.19,-5,75,-15.19,-8.62,8,126,35,117
-37,36,-22,20,1.52,17.81,58.91,16,-22.41,46,138,-20.48,22.99,3.02,109,-24,7.98,63,11,51,-1.06,7,52.05,71.97,81,68.09,31.98,23.65,-26,-12,-18.22,12.14,33.45,31.67,65.72,29.04,43.05,13.39,98,21.2
148,108,-2.38,45.17,35.61,-36,13.59,-11,92,46,52,32.46,67,127,24,9,78,-30,-8,49.12,74.96,72.15,114,103,65.36,72,-39,126,-33,55.29,148,20,89,-1.79,-1.29,4.41,-21.4,-26,147,47
28.7,54,24.35,-20,99,-29,36,53.8,70.87,15,48,-48,-19.31,68,32,-37,11.02,32,51.82,127,83,114,15.96,27.86,108,78,-23,-35,-10,58,-20.97,61.9,59.36,-18.69,-16.58,19.72,101,57,-35,77
35.79,-31,10,-14.15,67.69,16.09,68,-40,-22.78,41.82,123,32,37.74,13,20,12,-2,-4.98,26.91,68.77,39,-30,-2.13,94,61,69.08,-4,10.56,44.44,91,44,43,-19,-36,82,53,82,125,-20.48,38
50,111,1.55,39.78,-44,-40,-18.87,122,48.88,17.39,24,-6.91,29,-20,71.2,99,45.13,-32,19,148,-6.4,24.81,10,16,-0.43,146,69,52.3,-47,45.89,50,5.23,33,66,99,125,-7.61,121,14.14,21.01
1.87,14.2,144,113,47,110,129,31,29,121,47.32,59,20.71,7,4,3,110,66,-8,72.59,-27,-10,146,10.89,-35,9.94,-17.84,17,2,44.5,39.3,-22.83,11.22,142,49.42,-6.36,-8.08,-19,25,-10.65
55,78,8,15.89,144,140,124,68,64.31,75,59,6,5.53,8.04,66.64,139,-44,94,11,57,4,108,44.23,-38,57.68,15.89,26.89,72,85,-4,4.14,-11.91,-10.34,126,34.69,43.28,25,48.11,-5.89,73
31,138,28,-7.1,81,59,1.23,137,-6,29.18,33,24.56,80,23.64,30.67,-48,-1,30.35,-10.92,30.88,-10.32,35.9,32.34,72,1,-2,-13,-24,-1.5,21,12,16.44,-19.9,8,-27,137,105,33,35.09,-29
-9,123,24.67,-22.41,65,26.4,140,-35,117,1.81,6,57.84,54.63,2.43,143,76,-12.43,61,71,55.09,30.31,47.92,84,74,13.62,-44,5,70,-19,-1.5,4,104,53,-19.22,127,-26,26.4,42,-7.47,66
21,71.27,126,65,31.72,123,36.11,139,-40,63,22.21,135,71.05,111,50.19,15,34,89,-25,29.35,-5,40.76,71,74,-15.84,6.85,-18.01,34.3,78,-49,-12,140,17.25,45.27,51.34,21,52,-10.57,84,0.2
62,16.47,-9.58,83,72,-42,116,89,-50,-24,-4,3,-40,-48,133,117,8.53,24,138,38.54,63.03,2,23,-25,-5.6,39,59,70,142,124,-46,20,-14.9,91,-35,116,80,57.48,-21.92,110
123,-19.85,129,36,54.46,2,141,64.65,-37,-50,-0.9,80,-42,141,16.8,148,119,106,72,121,84,85,7,35.97,-49,3.53,118,59.11,11,44.43,-5,11,125,93,24,11.01,88,-23.45,88,50.31
40.63,47,-23.26,53,-6,-32,-1.03,-2.95,82,80,42,35,11.95,113,50,72,44,-26,-37,44,9,15.94,140,67.27,3,-1.85,29,-46,12,72.5,6.23,48,88,2.18,-41,114,-5.3,-2.91,62.7,29.66
11,22.19,7.56,68.38,-8.08,147,84,44.95,-34,96,2.39,50.8,-48,110,146,-13,20,-47,15.4,137,127,8.43,108,71,-50,7.89,-39,49.12,60,25,23.43,21,14.29,-23,39,22.5,68.96,80,-45,36.72
42,18.02,104,52,-10.11,-0.09,-36,37,47,8.93,27.13,-38,-16,52,25,69.99,28,39,14,-47,93,18.98,101,-19,-3.05,8.41,-3.5,31.88,98,131,132,44,142,88,147,52,66.09,139,46,-15.9
6.41,-9.71,67.17,37.6,59.94,-17.63,-16.45,39.8,93,-19.84,42.2,141,-49,115,138,98,-9,-34,48.32,69.15,24,56,7,45.53,-20,2,-11.24,8,67,55,69.64,55,132,61,40.86,102,96,137,69.06,-6.75
41.87,40.12,149,-11.68,37,4.96,74.23,146,42.38,130,81,79,115,-33,-13,138,54.24,38,21,-2,52.11,87,139,-18,34,60.01,141,4.37,23.38,-17.41,72.3,26,78,75,-2,-1.43,29,14,-44,-33
19.15,36,62.48,-23.4,41.95,2,13.14,-10,-33,125,35.21,31.58,108,-6.15,-11.56,148,-27,72,9,30.41,32,120,26.28,61.19,-9,30,-31,16,63.67,27,-12.72,25.03,149,0.67,74.76,20,60.38,121,15.94,3
40,57,11.18,0.68,-17,11,-8,58.79,20,48,78,23.98,35,57.91,67,81,78,54.04,-20.68,16.18,86,35.45,-9,39.39,135,43,23.44,148,32.76,86,43,61.91,-22,-46,55.35,47.97,36,-6,96,-15
40,55.51,133,49,133,8.04,63,23,101,82,34.43,137,70,28.11,104,5.97,87,8.6,31.47,-24.02,120,35,105,67.6,139,54,-24.02,53,104,102,118,69,-38,-14.5,-18,93,36.4,37,48.26,-43
28.99,8,70.25,22.99,49.02,56.78,51,102,69.53,27.13,-22,19,36.52,20,21.29,2.17,19.53,44.81,-20.16,123,77,-45,45.17,-12.31,-35,2.2,-4.06,-15.28,67,15.53,-6,52.2,-15,106,33.09,36,53,2,-7,82
2.47,-30,-49,-49,-44,-9.45,2,-9.55,9.55,4,40.67,22.23,5,24,41,3.29,-0.04,6,136,30.08,-19.89,56.29,34.58,86,70.01,52.09,72.01,13,0,46.71,75,7.99,-7.6,30.87,3.96,-22.75,-22,110,11.62,-15.11
-7,110,9.38,64.5,83,120,74.23,80,61.27,74.55,23.81,-46,-36,149,-44,-14.75,-41,-19,35,55,25.98,-42,55,-0.55,127,83,57.31,84,51.51,1,-27,-13.77,104,45,66.88,117,144,-6,145,8.7
-12.55,14,49.12,-10,43.71,43.9,20,57.51,126,40.09,14,45.46,92,30.1,2.25,-12,133,-1.32,48.17,5.85,-3.79,-17,31.05,72,11,34.4,0.35,137,59,38.31,-7.62,39.72,136,70.33,64.85,87,-4,65,70,48
-25,59.24,-1,114,-21,137,132,-4.24,-29,30,126,59.4,-17.32,16.29,12.07,78,144,41.58,-11.24,30.38,39.72,2.31,74.23,3.35,3,65.85,33.7,-30,36.05,26,5.39,7.68,-43,-9.73,103,30,43.33,-27,-38,101
17,-33,61.22,59.04,109,37.99,136,50.22,67.72,78,93,18.32,68.9,120,43.53,133,-7.21,130,58,88,147,44.47,41,44.25,41.55,58.37,53.13,-10.56,121,-12,44,24,-50,96,49.17,33.83,27.3,109,38.54,18.55
-45,-2.55,74,-0.77,136,41.11,11,-21.65,35,-20,37,23.99,66.86,60.93,84,49,51.97,-4.54,62.03,5,19.97,54,-7.31,26.14,22.16,46.69,84,36,38,8.35,-12.41,110,111,93,19,52.7,63.85,31.29,-7.94,11.92
-23,-25,1.68,118,11.75,-5,14.7,97,57.71,27.07,22.63,-28,46,64.74,46.33,28.32,38,104,59,56.95,-39,62,74,-42,110,12.08,-18,46.72,51.21,26,37.33,79,-0.59,107,27,128,33.23,54,5.6,106
14,15.08,-22,8.06,22.35,-4.92,25,71.37,-22.44,104,57.93,34,87,116,-14.14,18.22,33.01,6,52,-22,-11.56,46.68,1.3,90,-44,-43,53,77,102,22,-15.44,88,-10,0,-41,57.73,34.61,32,61.69,7.74
-6.87,72.7,71.93,-7,101,-1.19,113,3.63,108,-12.61,61.98,-23,25.13,-41,25.54,57,-0.5,1.02,52.57,32.04,27.07,64.5,-13,-41,0,39,-9,90,-46,5,63,10.32,33,29.44,-38,69.31,-6.52,14.1,-36,40
125,20,44.9,-39,58,140,5.48,-3.11,-24,37,27,115,82,141,65.63,74,8,-33,45.1,42.05,121,87,36.45,15.82,40,-0.49,22.47,88,53.93,11,-19.95,-5.29,-27,23,32.96,3,56,28,81,-23.42
136,46,-11.5,35.64,130,39,3,65.57,49.05,-31,43.94,-6,-28,-16.51,-13.15,15,-19.67,-49,71.41,-19,22,42.64,-50,-4,43,106,-21,28.86,67.42,-30,9,40.85,116,-39,10,-14,80,33,129,13.47
-18,69,50,42.39,73,118,-21.23,27.31,62.96,28.48,117,55,52,147,23,0,18,-22,64.29,112,32.64,17.91,47,89,51,22,67.64,5.69,70,149,133,-33,72,54,70,19,59,-9,74.2,77
-46,35,129,51.03,47.96,59.07,95,33.15,56.1,97,55.97,106,109,33,-6,41,17,60,-35,-46,69.97,18.19,0.67,-23.36,3,-0.52,23.43,42.51,64,122,47.63,67.82,22,145,60,-3.41,32,21,-19.97,34.23
-45,39,115,38,-17.93,-6.45,-12,30.76,-7,25,30.07,37.09,7.46,-15,30,-45,-13,45.97,38.89,47,-44,24.71,-12.73,23,39.48,-5.56,69.34,8,6.93,16,97,-25,-27,47.72,112,108,76,60.45,-5.01,19
21,-49,142,-1.3,2,24,44.24,76,1.01,119,68.01,15.47,18,122,135,38,74,143,43.37,-6.68,57.44,78,-15,-6.15,39,132,64.95,-23,27,52,144,13,43.13,-1.31,5.89,144,102,47,-1,50
-48,3.2,-43,-13,-44,62.61,85,24,48.49,120,-12.13,89,6.53,29.05,111,29.79,138,48.93,73.88,-49,0.29,86,-13.8,102,93,39.9,11.35,50,111,70,32,129,135,10.13,-19,99,102,61.2,19.7,11
73,13.69,37.41,-6,69.48,-6,-30,85,96,6.57,-39,-17.83,80,-11,42,46,-31,145,101,-41,36.34,44,-10.35,87,130,33.76,52,141,36,-0.42,16,131,36.79,-2,-12.39,64,-25,42.32,45.68,21.86
14,67.68,146,57,8.64,5.75,78,87,58,28.32,-4.9,147,53.02,58.07,115,101,20.33,-18.58,101,-3,6.35,76,105,81,23,12,48.9,116,26.07,127,7.51,41,68.66,-17.87,92,-14.8,125,-25,-11,101
23.88,133,28,93,63.33,-39,46,-18.56,7,130,60.57,10.61,53,-5.72,3.98,-15,-38,-21,3,133,91,21,-10.31,16.97,70,61.45,23.66,51.42,-6.4,61.61,33,33.52,-5.37,74,-1.16,20,37,34.34,27.17,-10.25
56.52,49.49,-9.37,128,-28,9,7.36,69.32,56.58,-15,-22,-14,134,40,-27,27,-9.46,62,34,-42,-26,135,-26,144,-29,42,-4.19,55.19,39,-11,38,4.53,12,-41,-8,105,20.76,-20.5,38.59,-17.38
-4.47,73,86,50.41,2.94,66,135,3.41,-39,40,57.26,86,-16.4,39.03,148,-4.06,42,26.72,15.35,-3.09,-45,81,-42,87,11.4,3,123,123,34.36,-40,75,140,27.11,129,34,-43,-39,57,98,115
74,134,36,47.63,-23,20.6,-23,116,-42,18,31.07,111,38.35,-22.26,-14,51.96,119,43.01,27.75,-14.73,1.67,62,84,147,29.59,-22.01,24.92,87,4.24,73.44,-37,54,-37,73,-14,58.06,-2,6,-9.87,-22.45
49,106,57,-35,48.49,-13.26,-5.76,-40,72,28.64,16,62,119,149,68.28,50.22,62.55,62.02,-6,61.87,-11,64.16,69,25,-27,-4.32,70,-12.42,42,15.91,73,27,51,70.3,2,-34,-21.65,66,66.6,136
112,-14.48,142,-15.77,64.91,41.83,54,68,10.63,13,37.37,126,46,107,7.99,17.25,61.25,9.28,36.93,1.75,-24.71,-8,4.13,20.94,65.6,28.24,-18.8,14,-2.84,66.18,7.42,-9,-14,-30,62,5,8.97,70.15,65.52,-30
62.37,-5,98,-13,120,69,-31,-19.77,140,-40,26.3,116,89,-21.53,-18.23,56,21,-25,23.67,28,118,-10,50,42.19,23.74,8,39.71,75,2,127,139,-5.51,4,50,-34,-3.35,65.67,28.8,7.61,72.18
40,4,63,-5,-12,-18.65,81,149,86,-39,50.04,65.5,75,14,21.98,-35,53,13.67,110,147,34,31.96,85,-20,62.83,8,9,64.48,32,22.31,95,-49,95,30.9,64,65.81,78,136,18.83,-18
26.21,26.43,-24,-32,85,-12.08,16.11,-22.51,-44,20.68,4.62,37.02,67,2.75,25.55,69,44.6,105,83,-30,-45,-42,97,-29,118,47,30,10,30.81,68,-42,59,65,11.94,0.26,98,-35,50.49,-15.74,41.23
75,103,-10.81,11,65.83,75,-13.17,140,16.13,120,13.8,51,139,-3.17,52.43,51.35,4.1,123,-7,13,62.15,138,61.83,59,9,-22.59,64.89,58.57,118,-4,74,103,25.6,-26,27,-19.11,0.83,113,42,-48
28,-41,110,-9.78,14.87,-25,65.71,118,-12,100,-9.52,-7.67,20.66,33,-4.59,-21,-37,73.22,38.76,-8.44,-34,-16.95,-0.54,67.05,138,35,26.51,133,59,103,34.95,-36,24,-20.63,139,58.55,55,-26,109,148
135,-42,36,-6.22,-18.96,-34,134,1,-45,20,0.09,98,102,128,38.65,-33,63.71,144,8,30.06,127,-21.28,130,56,-23.87,15.43,1.26,17.78,36,34.09,-13,67,11,1,29.5,10.91,3.1,28.02,63,52.05
70.2,25,-21.65,125,52.45,14,-46,0,-2.2,53.86,-37,-41,20.83,59,88,15.2,46,23.83,37.06,7,-44,93,99,-24,25,-12,19,67.35,22,60.09,137,105,9.17,1,-43,133,-15.17,-22.55,26.46,13
10,23,53.5,-31,-6.89,-2,147,122,-22,53.66,70,25,53.86,121,43,53,70.69,-30,-34,4.75,39.37,-9.82,-14,20.7,-26,-5.3,53,49.47,-10.35,34,103,141,45,-8.23,6.06,53,-13.24,112,-4.92,147
61,44,-25,-4.53,38.62,27,93,131,73.67,-3.81,3,13.58,66,14.4,67.39,1,45,-49,-25,123,-38,53.89,60.29,108,-2.91,13,14.83,38.97,-15,52.82,60,114,39,41.29,96,34,127,147,92,149
-37,-19.31,-4.29,23,3,47,105,120,68,84,11.98,-7,8.82,111,139,12.02,-10,109,117,26.08,38,32.26,44,-30,59,49.57,127,3.42,28,71,-17,70.15,135,-16.58,-22,67.49,-24.54,-34,56.23,102
66.32,121,109,78,123,-40,55,-18,63,-9,104,42.44,124,-27,-42,-6,-21.29,136,95,-6.97,39,120,-45,3,86,38.95,54.62,31.45,78,23.37,-5,72.01,21,38.31,57.01,149,87,38,61,-12.31
-45,97,61,10.28,86,-20.67,69.87,146,2,23.33,88,11,120,-16,-33,45,67,109,86,90,126,53.92,-11.05,79,-41,-46,149,48,53.55,47,13,135,87,89,22.92,62.83,11.05,-5,-29,38.06
38,111,84,76,119,32.03,62.95,-4.83,14.33,13,-5,35.59,7.64,46,-48,5.06,17.81,26.26,28.36,-22.72,1.94,57.12,-42,39,-34,-46,-19.65,-27,143,47,50.21,62,102,66,-36,47.27,138,64.71,42.89,40.13
119,-8,-15,143,53,120,38.98,135,131,69,-38,5.64,-36,2.89,-18.95,96,5.57,-11.58,49,-30,24,117,13.45,87,9.34,13.53,-27,65,15.26,44.61,-18.12,77,36,34.88,-8,66,38.3,36,71,-16
69,-10.86,110,-20,-18,130,60.09,7,76,51.22,54.21,123,-24,-49,-24,49.87,91,22,10.32,-3,-4.13,38.75,66,-31,27,10,32,22.58,-49,73,145,28.22,98,125,3,100,-21.83,72,12.36,-22
1.08,8.2,36,-14.6,10.54,130,-4.98,-5.03,63.05,99,63.86,147,40,-7.54,67,52,92,-15.84,32.82,-41,71.55,3.81,62.77,46.93,35.7,42,54.38,59,10.45,97,142,87,149,48.39,68,5.15,-7.28,62.94,-10.47,-0.82
57,4.87,28,53.68,23.18,59,-1,72.35,9,50.83,-5.84,-23,-20.09,-44,41,130,84,74.59,25.8,101,-20.34,-16.34,65.25,73,62.3,23.03,36.74,-1.83,135,13.39,10,96,62.9,17.93,-4.61,-27,131,98,62.56,57.13
99,27.13,50,-50,74,138,6.62,74,74,132,124,86,-5.05,73.8,29,142,43.88,44.41,60,42.09,52.81,60.14,57,-38,22.66,2,2,-50,11.18,4,29,73.17,111,80,37.53,135,120,9,67,74.32
94,73,-4.51,-22.49,21.78,-25,26.04,4.76,147,-43,-30,36.52,42,74,32,-27,-7,69.38,123,74.36,27,-16.82,50.04,17.61,141,74,-5.3,-11,-10,13,0.26,-31,19,-41,69.09,26.56,35.99,105,-30,51.25
32.16,113,101,43,86,38.67,-43,42.46,8,43.07,-1.34,30,17,45.91,119,45,-17.09,11,86,19,-2.71,58.03,143,-15.31,38,-9.09,17,16,67,9.84,38,119,3.95,56,111,101,-50,111,25.3,-18
58.35,-19.09,58.94,30,32.78,58,53.25,22.71,23.09,67,-2.97,41,114,43.47,96,11.2,-6.65,-44,110,124,30.07,123,21,51.39,131,-15,148,15.18,17,0.23,-45,65,-3.33,-5,49.24,-16.19,3.87,85,-7.35,69.69
40,33,99,49,15,26.66,9.11,35.04,139,11.1,-1.69,107,-3.28,77,131,61.08,-1.37,64.54,-18.36,-27,98,4.82,54,81,-45,43.49,93,-16.1,-3.86,7.28,10.34,74,23.98,134,112,26,2,97,127,4
70.21,-28,-46,48.79,49,9.6,10,123,39.46,91,146,-32,37,-11.21,70.35,68,61.33,113,23.16,-38,37,15,-8.51,58,122,-42,6.22,125,-13,-3,22.54,-7.31,15,18.48,143,-43,-18,45,18,113
18,138,35.99,11,-33,-44,2.25,99,-49,25.51,13.24,78,19,-3.69,57.23,6.43,35.45,-8,-8,10.18,-18,62.68,145,14,61.14,74,127,-37,114,36.71,-40,25,43,59.51,140,-9.68,127,35.42,6.97,-19.48
-26,35.12,39.99,-32,138,-7.24,50,29.96,28.16,149,11.76,57.36,-33,116,0.4,-21,-47,55,-39,-35,42,149,-12.87,71.5,-13,31.53,-27,145,34,17.6,-24,-38,-25,18,61.02,57.82,74.55,62.4,-35,-32
25.21,-12.06,124,30,35.89,44,-4.83,96,-43,59.97,-15,-23,144,-10.74,24,129,140,85,109,-39,12.75,28,134,136,35,136,122,-40,91,110,135,17.7,62,50,146,-5.19,37.31,25,126,18.62
86,12.61,58,16.23,63.98,-18,-17,88,71.11,144,58.5,-11.5,68,54,38,-24.71,96,-8,-33,58.29,50.97,47,-23.28,-7.08,43,51,15,72.19,50,126,-8.12,76,21.37,-19.09,37.68,3.03,56.43,47.78,42.96,131
29,9,-16,43,112,47.64,149,24,68.87,-11,53,-17.78,20.79,14.13,67.37,22.23,101,-10.83,117,65,-21.89,55.59,88,61.44,11,-14.81,-35,131,39,16,-31,-17,18,66.33,-31,109,87,97,-45,12
-29,8,147,71.02,-34,-3,43.85,-13.04,-9,147,-34,-4,92,-46,-27,44.9,9,149,69.91,114,61,56.62,85,11.72,37.37,-17,-31,12.05,65,64,55,128,74,65.85,-9.08,19,60.24,4,56,79
6,11,-21,146,63.51,29,14.45,1.19,27.56,89,65,2,-8.77,113,98,-18.19,-19,-6,-49,30.69,-30,-31,119,7.13,46,55.67,-6,-17,59.89,39.96,4.69,-14,-21,21.18,85,31.72,-21.05,36.3,138,-20.11
41,82,66,-20.81,22.68,71,129,98,119,-26,29.65,6.22,34,57,42.33,121,-43,74.71,60.17,86,57,72,-13.19,-2.27,126,144,-24.21,-28,29,49.91,7,57,120,124,14.51,-2.93,-41,8,38,52.85
136,-24.84,131,134,-1.78,73.69,-18.85,55.52,18.38,53,49.14,43,139,-13.49,50.6,19.1,-46,-10,-2,59.12,20,54.29,59,28.3,113,51.37,17,-29,45,18,120,-0.36,-13,66,119,64,-1.26,40.91,66,-31
-34,82,-40,-11.98,-23,-11.17,110,95,28,-20,99,-16.95,42.66,54,32,87,-29,142,135,25.33,8.21,66.67,1,-16.18,-37,21,29,19.39,58,-24.56,70.62,23.3,-21.67,1,38.09,139,51.18,-7,43.64,-7.49
8,115,29.97,-2,1,8.43,92,59.46,5,2.29,2.95,-31,3.69,113,124,-1,-11,97,36.17,38,19,-22,-45,24,-21.48,20.74,28,67.96,63.72,129,-20.93,5,120,-10.42,98,-13.58,3.27,-1,33.48,24.03
58,98,-17,0.1,-20.32,-1.34,90,77,35,71.84,21.98,-12.74,66.58,-35,23.64,25.39,6.94,103,58,139,98,135,88,66.13,128,-36,143,20,90,33.38,53.87,50.21,-30,-1.85,-8.29,-10,4.77,95,-20.28,137
68,103,43,-11.54,21,-7.26,-12,52.77,12.68,-15,72.75,-18.26,18.41,-19.25,103,-5.94,48.63,1.29,-42,52,101,29,71,43.18,40,50.12,115,-8.7,41.77,-30,24,42,-46,-10,6.06,8,48.08,64,14,106
-42,52,15.35,31.43,55,-2.67,41,83,104,53.08,-7,12.26,-7.45,10.41,14,4.97,-21,-18.27,135,45,0.72,147,-28,90,73.27,24.7,15.04,138,-14.54,6.99,-43,51,123,30,-5.24,111,-1.56,16,73,16.02
84,139,110,-20,-1.21,66.11,33.08,52.11,-32,86,28.4,120,-4.01,16.08,45.46,-20.26,36.61,64,28.85,45.84,-18.74,131,57.62,-17,8,-44,-8.15,89,45,51.44,38,63.22,-34,-13,14.01,-1.79,109,8.47,5,-2.16
42,56.25,149,3,24,8,71.69,46.74,-19,41,12.83,-15.02,66.31,14.47,54.02,26,83,134,1.89,138,41.51,73.33,57,-20,65,38.7,18.71,32.52,30,42,33,80,4.77,-19,102,68.87,-2,27.79,33.67,15.72
109,65,60.85,-38,73,58.77,10,25.26,-39,132,96,1.84,-6,-0.06,134,32.11,26.28,37,149,26.21,33.16,18.36,72.24,62,101,-32,69,117,71,-5,28,148,56,113,-12,91,-28,65,68,-7
-17,80,17.06,15,-43,6.48,142,-6.66,63.33,17,145,32.48,22,-26,10.69,-4,16.64,-16.19,8.18,70,-13.4,-5,10,93,42,5,0.64,39,-39,40.03,146,145,71,53,-15,132,66,41,-15.14,121
-16.62,-10,102,14.7,36,68,68.4,14.36,34,50.94,97,140,-6.41,-36,5.31,105,28,8.75,122,142,88,28,147,-29,-10,55.99,47,138,28,54.92,18.48,-12.95,6,70,43.33,49.08,7,1.63,72.43,83
15.28,147,39.13,132,31.25,130,-43,53.97,-30,89,27,-10,1,29,14.53,-22.32,-23.16,117,105,-46,-41,58.61,30.3,5,30,89,53,20.57,-34,63.79,29.79,116,135,18,118,57,99,38.5,60,-9
-8,-10,122,101,75,52.88,6.59,-23.07,131,3.71,64.51,-17,4,-17.54,51.78,84,148,56.34,44.86,87,52.19,56,77,39,143,36,39,2.15,69,120,84,10.54,-22,42,1.93,73.34,134,79,13,68.6
26.47,53.96,-24,93,128,30.21,115,20,66.32,-17,70,61.36,-3.66,-5.6,129,28,5,-12.35,88,35.39,75,20.9,-42,81,-45,124,33,56.76,-10.84,109,-45,10.93,60.8,31,72.24,59.72,10,104,59.08,-3.75
31,144,31.96,19,-32,1.81,63,-37,114,-17,15.14,3,-22,43.64,-23,48.64,35.89,67.19,-42,-23.2,-2,0.2,-22.76,126,76,-4.59,-19.42,-4.62,31.72,19.94,4.64,143,24.95,10.85,0,73,72,-35,4,-18.71
20.65,-11.93,2.13,36.21,132,142,26.83,19,17.52,105,40.92,32.28,51,55.49,21.41,-9,28,53,14.25,-18.16,46.8,73.34,31.21,71.77,4,-13.5,101,-31,47,16,20,26.52,10.04,31,-9.77,19.65,109,32,46,40
73,-8.52,120,38,37.61,107,34,67,4,137,-32,84,-49,12,27.75,46,36.91,31,73.03,64,-6,106,105,22.24,144,94,2.67,53.59,37.63,-23.94,37,78,48,55,97,-23.25,13,54.98,-42,-33
-38,31.68,64,137,144,-0.18,69,-15.41,47.7,-5.05,107,64.21,-5.37,-8,50,19.97,-23.04,-18.58,139,-3.48,87,87,125,36.2,29,20.19,-29,56,46.02,46.6,143,-14.55,28,59,89,99,64.57,27.21,-23.5,58
46.07,7,-43,45.98,-14.74,36,140,24.87,24.84,38.26,51.07,15,-48,-1.57,33.64,65.64,-35,32.59,44.19,22.53,96,96,20,60,46,101,1.2,60.72,64.04,-10.36,-15,-47,76,48,27.65,66.47,122,-17,42.61,-17.31
-1,-19,36.55,-14.2,-21.28,-21.94,11.17,22.99,-11.03,101,11.54,37,135,48,-26,146,-24.19,50,32,62,108,87,4,33,35.63,3,59,18.22,33.35,-21.88,5.74,58,-3.43,23,11.65,111,52.23,132,70.21,12
49.32,-9,64,10.89,75,25.42,45.3,68.63,53.05,-14.28,132,135,70,-11,4,10,119,-9.77,16.98,16.73,140,34.28,13.93,33.63,12.31,-33,8.44,6.31,-2.84,35,69.8,55.22,40,149,7,-14.85,64.13,115,106,31.71
1,0,26.68,-10.1,133,30.51,6.95,22.58,-44,58,5.23,66.04,-4.25,66,34.07,-33,1.96,44.28,-24.32,34.3,-3.46,-2.26,20.03,77,21.19,-8,43,46,48,-36,112,40.14,12.88,4,24.05,145,45.99,8,19.02,60
23.04,146,92,144,65.94,46.86,90,36.91,-7.48,130,42,129,47.92,-44,-6,20,49.4,8.25,38.38,-5.19,51.05,119,24.87,76,76,31.46,-21,79,-17,142,-1,-7.1,-6,28,50.84,55,88,7,52,70.51
-8,127,74.51,50,144,55,29,29.11,72.26,57.15,41.52,64,23.24,45,149,-15.07,-3.22,60.69,-15,-24,149,64,146,14,-8.46,111,19,54,28.68,-9,38,49.72,-10.84,71,-37,72.98,109,36,42.61,-1.35
50.11,73.3,51.86,21,9,63,16.8,83,10,126,43.18,143,12,1.36,-39,147,56.01,24.15,146,54,-31,23.49,17,37.9,91,75,-21.53,76,149,59,5.41,53.43,135,-25,2,77,-26,15.82,58,-40
116,12.56,59.04,62,31.89,-49,105,-23.01,125,-8.2,79,105,21.28,20.7,107,-38,60.38,43.81,-2.84,-25,78,6.51,34.42,71,118,9.3,70,52,1.16,-8.67,79,69.82,34.44,-23,-46,50.7,-30,149,86,57.41
-1.33,41,130,48,18.37,-14.62,-28,46,70,49,65,66.02,52,65,17.72,130,46,72,-23.95,100,-46,48.2,8.95,32.08,-0.58,73,116,-1,-6.3,54,63.17,77,-24,144,-20.32,87,50,-41,17.14,12
45.86,73.79,-2.53,-42,-12.3,64.96,125,-18.25,11.5,-16,64,41.62,-1.41,94,-11,-50,63.94,120,-14.71,16,110,83,8,18,113,14,58,107,-24.34,-13.66,15,62,86,-42,-4,24.93,72.43,21,113,33
-30,34.97,-38,99,72.06,43.73,63,114,-9.31,55.07,1.35,55.3,57,127,-35,11,146,-36,56,33.42,-6,58.39,112,-15,63.85,39.26,39.96,37.38,54.48,23.87,120,-23.89,3.27,23,-47,20.44,62.34,-25,23,-45
48,-23,95,76,-38,131,10.97,95,117,71,77,96,30,103,80,6.09,21.75,22.21,133,63,34.7,42.09,46,-25,37,59,16,114,-40,11,5,106,45,50.55,12.64,32.08,101,22.08,-21.42,48
-20.37,106,-9.84,-15,79,-39,-15.97,-19.93,15.11,6.01,56,-2,129,136,63,93,115,120,119,16,-21.26,11.57,-10.02,4.78,53.75,17.41,-43,-43,-13.13,-16.49,140,55.91,-13.74,-48,135,-24.02,17.34,42.63,58,3.7
90,68.47,52,-24.57,92,-29,31.55,7.01,23,144,17.59,40.78,0,-14.34,63.24,42,71,123,-21.14,32.03,145,-4.19,46.98,64.97,-14,-15,81,75,57.22,-12,-33,41,62.75,-22,48,132,49.82,54.25,2.88,132
18.61,-12,61,16.63,-10.25,10.27,6.64,-2.01,37,-15,53.38,-22,131,61.93,139,34.17,37.91,-45,61.15,53.48,7.45,38.17,-17.04,-9,56,-15,15.41,-28,87,20,64,9.51,48,56,-9,59,46.47,138,127,-18
51,63,107,122,29.49,69.42,40,145,26,25.34,42,-27,97,13.33,63,69,10.86,30.19,46.51,34,44.39,-42,63,86,140,-18.94,144,-4.45,-3,39.34,68,5.21,93,-21.31,74,61,-29,27.85,-8.42,55.81
54,121,41.36,4,95,39.81,19.89,29.65,63.76,36.47,73.23,4.54,-8,51.37,106,-49,31.97,74.21,118,-12,52.62,10.79,46.32,42.78,-11,88,18.41,105,25,-12,114,-32,97,104,-13.48,-27,141,-49,-5,69
70.33,10,11.97,124,118,-11,38.4,47.61,68,126,5.85,-12,82,-35,34.07,-44,44.6,149,131,23.37,33,5,-30,122,111,-41,-5.5,-5,53.27,-18.14,-9.18,29.82,15,107,23,-1,56.89,-19.84,124,102
34.15,6.96,15.25,55.3,56,66.64,105,76,14,31,17,145,62,44.11,17,116,28,14,106,9,38,140,49,24,114,6.47,35,40.4,-10.75,-33,77,18.4,130,142,0,39.6,-5,124,108,37.15
104,107,14,-14.34,10,-24.28,-28,144,14.16,-13.49,-50,92,31.29,21.79,134,95,57.98,10,20.03,-45,74.12,10,102,15,-23.69,1.43,9,52.87,-24.03,-22.7,38.55,3.79,-18.05,123,57.72,60.96,18,46,23.73,54.87
50.51,-1,77,-20,73.29,108,90,-34,147,50.21,-41,24,4.91,145,51,122,-17.53,64.99,-21.93,52.41,14,141,89,-1,52,49,145,28,2,40,17.53,127,58,20,114,40.18,-3.17,-0.6,-50,-7
-24.67,-5,-2.46,-16.66,9.05,8.96,25,37.91,56,72.73,70.27,-44,-3.67,-20,24.55,11.46,143,120,-2.28,145,17.91,26,38.75,28,49.35,78,19.67,58,-26,54.77,-36,-26,94,83,0.31,13,98,60,32,86
-12,8,111,136,-6,39.37,38,65,118,72.87,-41,-35,20,50,36,38.55,22.7,0.33,12.3,112,42.94,62.38,19.38,113,56,4.3,49.7,17.52,89,73,115,72.26,144,76,45.23,7,23,139,111,65.57
-30,24.32,120,115,39.59,-24.59,-18.12,10,123,136,5.72,12.52,-15.09,-33,-41,70.87,14,46.68,-37,0,67,9,123,7.22,-20,-2,-10,111,-15.72,51.06,-33,45,46,-8,-13,-10.12,2,12,3.72,73.46
55.23,-3.95,-9.73,14.47,60,33,39,31.79,28.32,-31,87,7,-35,-7.8,0,-8,86,-37,69.18,-13.56,105,79,38.54,3,74.1,41.11,-1.6,62,-36,71,67,12.44,-9,86,83,63.03,5.99,-32,125,-41
39.39,34,-21.34,5.93,-21.15,51.82,31.66,48.64,60.98,13,82,-17.93,50,63,-1.25,9.07,1,-23.91,52,24.04,2,66,140,-5.19,-34,-16.28,-8.04,27.86,106,144,50.68,33.04,29.65,40.81,-49,-1,73,1.28,38.54,-38
97,-19.03,71,45,61.61,-6.78,-27,-10,8,-47,46.74,130,41.77,21.91,65,-1.57,82,78,51.6,20,-0.69,61.41,-3,-32,44.87,-10,17.92,58,20,112,-25,-5,70.23,110,9.2,66.77,-6,-1.97,71.54,134
28,57,55.2,92,56,-4.14,-29,-13.71,-7.68,11.96,37,144,62.26,30,74.32,142,-31,-45,67,-2.98,13.91,50.27,-16,15,24,100,-24.37,2,16.93,0,97,30,2.34,-40,77,96,57,-10.83,-8.28,54
116,-20,-37,-9,55,30,114,-2.78,-22,35.6,144,104,45.64,59,-10.53,64.39,-25,9.69,-15,-40,94,70.98,54.47,-18,91,62.11,17,126,140,52.48,-25,38,11.25,24.7,29.76,28.66,32.06,-8,-34,74
0.95,36,90,113,35,-12.64,66,41.92,-16,25,5.78,7.65,20,149,44.74,14.37,51,-5,-37,31,32.43,49.91,101,53,116,-21,80,1.28,102,72,50,-23.58,116,77,84,30.09,104,-44,21,-23.45
55,0.4,-3,16.62,138,72,64.97,-24,58,45,73,-49,8.69,54.85,8,19.94,-6.09,21,22.84,133,-3.2,1,28,72.71,61.53,52,91,-50,117,-42,-24.23,-3,-49,36.77,-16,140,3.54,11.15,-14,27.23
63.68,65.73,86,49.48,16,20,99,41,-2,6.26,71.74,-50,-25,73.92,-1.4,-15,145,-39,62,15,27,26.74,-13.93,107,72,142,70.15,11,142,124,30.9,-3.37,104,-47,55.77,99,56,47.68,126,-19.48
30.38,29.43,47.3,-4,-16,88,71,-36,64.58,-8,43.12,75,-24,-19.69,62.32,1,72,-19.31,-10.59,103,-23.26,84,129,4,2,-21.46,59,23,54.15,14.8,100,18.28,141,20.55,13.4,119,56.04,23,7,55.44
121,47,56.95,-21.5,17.15,48,-28,27.76,-0.17,-3.67,55.11,133,-7.43,10.07,5.99,20,-3.28,58.28,122,123,-2,99,46.63,6.16,-30,84,26,40,-2.35,-18,-5.78,38.11,123,24,63,15,-30,27.36,99,70
31.4,86,146,-27,53.88,46.7,69,54.04,30.09,-26,104,-21.16,-44,35.36,-9.11,25.14,126,52.31,114,24.2,50,30.55,-45,92,-5.25,67,-8.26,-9.67,49,-18,-47,127,33,83,31.03,29.33,25,40.6,-7,34.11
125,19,126,16,-9.24,113,13.65,46,73,-8,22.48,79,-33,139,18.68,12.56,93,27.13,73,54.93,81,18,39,129,98,12,74.32,18.05,86,72,32,133,118,-22.65,104,42,102,13.04,127,142
99,131,-25,-12.94,27.98,62.76,-28,66.4,103,28,122,104,103,79,111,-44,-4.43,-12.39,63.9,17.27,-49,70.34,68,66.66,74.44,-14.1,-48,-22.66,-11.22,-38,-27,54.05,-17.36,47,59.97,104,91,-8,85,107
40.41,55.69,-33,50.08,126,36.6,30.69,13,76,-2.38,-20.48,42,-12.82,30.57,18.59,47.14,-42,-39,27,37.94,125,147,-17.33,65,19.12,-18,33.52,69,39,56.79,28.65,0,12.13,92,-4.75,39.95,-30,37,59,4.89
112,28.2,75,60.62,98,58,-16.7,121,34.54,-21.28,40.88,37.69,25,49,64.04,112,125,145,38,37.91,130,-3,-39,108,140,55,102,84,146,-2,25.03,-13,28.84,68,-7.87,34,-2.04,-23.63,71.92,-21.88
-38,56.87,-50,-23.57,88,129,43.79,49,129,-7,36.87,69.51,6.5,-46,-5,27.96,135,-1.61,-20.63,1,1.3,-24,73,-44,28.34,-33,136,146,146,55.69,136,71,-50,28.72,-0.97,-39,11.47,57.49,-4,21
44,-37,65.95,75,46,-9,116,54,40.45,-23.12,113,54.07,122,9,-43,52.93,26.73,144,-49,74.03,-7.91,-21.93,-6,19.73,38.76,123,-13.71,-19.85,35,23.14,53,-22,109,62,11.03,-2,24,36.64,17.86,-13.19
139,103,46.73,12,17,-48,-34,0.06,115,107,34.77,79,39,42.51,12.19,50,44.35,138,-35,8.6,26.65,5,0.14,-7,4.65,18.36,-20.13,-13.49,22,26.1,27.42,57,-17,60.32,52,88,98,-5,65,45
-32,-17,31,78,-11.44,27.21,81,-13,101,56.67,19,20,46,-18.09,58,54,74,49.2,111,38.6,72,127,-1.03,74,81,66,69.23,82,-22.77,25.22,55,-5,17.48,12.57,-33,36,0,39,-3.04,22.78
72.11,59,108,57.65,55.62,6.94,70,48,52,16.96,7,74.72,66.52,32,125,41,-5.91,-1.15,147,58,65,-2,51.77,2,29,-37,-21.33,72,-8,17,42.98,101,4.12,-5,27.14,6,-12.57,114,33.43,37.06
45,-34,-9.2,74.88,69.69,136,-34,12,-28,118,67,149,67.67,130,27.99,58.94,53.57,42,107,35,43.93,98,-15.78,58,-5,72.31,130,50.44,67.08,-4,89,123,24.53,63,69.23,50.68,62.03,-28,24,-22.18
69.73,15.09,46,68,60.72,83,-3,49.98,80,25.37,148,82,-24.53,89,148,58,52.53,53,13,-8.59,144,33.66,18.7,126,25.76,-16,56,-23.56,73,126,-4,-8.29,-13,112,-44,-49,42,-1,6.09,-5
32,7.39,3.82,36.15,90,133,55.5,67.65,54,100,118,42.35,82,121,89,-22,54.4,41.65,122,59.02,25,76,106,30.55,56,148,54.14,15.53,27.5,1,-27,-22,135,-26,77,41,54,132,-1,55.81
68.44,21.95,117,68,56,94,5.76,9,-7,77,73,103,91,115,130,37.7,13.28,-15.67,1.08,20,-20.32,44.75,-16.54,41.76,70,-26,21,60,4.68,57,69.29,51,-19,23,87,43.81,38.16,140,63,-0.85
-8.83,-6.26,28.38,-44,2.75,-0.59,0,16.94,14.43,56,8.64,39,-2.4,63.38,-17,52,108,130,38.76,-23,-46,75,64,-24,43.31,42,73,-8.83,35.73,28,17.77,17,59.92,139,17,-33,96,-24.86,60.85,36
11.76,114,78,80,2.98,115,9,34,-19,51.25,71.52,120,4.4,19.13,43.11,72.01,46,-9.42,101,-12.98,14.05,20,55.45,43.63,10,139,-32,39.93,19.36,82,-4.31,-23.43,38.37,146,137,45,43,119,33,18
6,43,132,14.63,20.66,148,147,40.34,-34,28.21,46.87,2,84,19,-18,137,68,71.21,149,98,70,107,49,14,-7,79,63.87,45,85,37,8,48,65.71,-21.55,-29,130,71.31,23,-16.47,68.17
13,-6.24,9,-39,-45,-17.3,-1,120,-33,-31,38,124,51,-50,-41,86,-33,-8.54,0,8,-27,46.13,-49,100,-23,74,-38,16.58,143,-18,81,41.53,-16,77,135,45.18,27,122,-29,-11
-35,73.44,17,33.04,30.34,-27,108,-10.7,59.71,33.91,48.01,45.01,2,141,43.67,-5.76,1.66,35.84,54,52.94,97,-8,1.17,40,-9.12,61,142,-39,55.9,121,32,99,-42,-14,29,-0.27,123,-43,-6.5,-40
24,3,52.46,-3.29,65.64,69.78,85,39,74.74,31.26,66,21.11,-18,-3.43,-17.59,5,79,17.36,65.42,112,102,69.89,6,79,-18.24,-11.96,29,50.45,-10.01,15.96,140,92,-11.81,31,1.21,-35,32,50.67,116,-10
0.62,141,58.2,102,-7,149,6.7,33.64,123,-24.28,24.18,-7,108,3,-4,9,17,7,27.09,36.21,62.71,68,5.73,26,12,91,3.29,64.62,141,15.93,-11.46,-41,86,55.97,99,29,5,66.91,44.81,0.93
62,-7.64,56,39,59,6,72,-22.4,102,143,-16.63,24,42.45,20.04,-2,117,2.67,16.01,45,60,93,7.77,5,114,10,46.05,53.23,31.99,35,25.21,24.67,92,49,-23,-17.67,57.64,113,30,27,-12.49
-41,72.01,104,71.45,30,24.73,-0.96,18,73,65.25,34,41.09,-46,-13,46,15.52,59.71,-17,44,21.2,-10.12,33.91,1.46,40.08,54.82,64.78,13,98,94,-24,25.74,139,39.36,-24.06,31.77,-50,45.41,39,-47,23
41.07,63,22.17,129,6.46,101,-12.87,53,101,66,109,48.86,136,35,80,17,44,2.29,105,26.52,4,49.54,29,23.58,18,42,-20.58,55.62,17,34,74.57,-49,42.47,35.41,-3,36.17,-43,49.9,55.76,35
67.13,-11.33,125,80,5.49,108,113,-41,129,22,38.52,43.13,-17,102,28.59,15.26,86,68,7,-27,81,-16,39,32,106,-19,22.11,-14,85,25.26,59.27,103,66.05,48,129,85,21.87,47,59.56,9.21
133,89,-40,37.93,38,69.13,42,12,-7,55.53,68.35,-23.13,123,45,8.08,-41,100,17,58,-34,124,76,-13.52,-27,62,55.69,134,34,89,105,13.84,37.17,4.01,115,60.11,67.67,61.48,80,74.8,59
90,42.52,133,7,88,147,2,58,134,63.81,-39,60,63.57,-47,52,103,2.67,16.97,-45,143,19.54,42,60,105,-1,53.11,-23.1,0.7,86,7,19.19,66.25,-18,-23,46.43,55.83,131,41.56,103,88
96,-17.36,-5,5.44,27.97,23,97,67,59.29,65.51,3,124,7,-13,10,0.67,-3.78,65,-27,45,65.27,27.61,-6,22,66.49,-23.09,24.43,90,79,-16.64,40.18,99,24.6,60,71.62,44,12,-40,-47,61
96,1.24,114,-0.07,-38,40.89,25.57,21,79,48.21,-0.14,-19,145,52.66,-23.29,72,-0.92,74.12,5.72,54.87,78,107,27.12,68,85,129,77,21,125,-1.97,129,-1.92,13,13.53,82,101,11,-8.18,127,29.47
71.01,93,66,56.66,-20.62,54.08,84,-4.37,2,33,113,56,13.15,137,30.37,82,111,-18.77,56.34,74,62.07,38.82,8.42,67,87,54.06,63.92,-16.16,-10,-27,96,91,31,41.39,45.6,27.63,-0.27,-5,-44,-5.39
87,-20,-23.02,21,0.92,23,107,83,23.28,-48,53,31.24,36.63,-11.24,2,11,-37,49,59,-11.56,86,18,85,-10,32.09,114,59,59,15.65,61,43.63,149,81,49,133,-10.66,50,114,-14,40
-21.62,70,70.21,39,1,-49,52,-22.1,38,31.38,-21,129,-14,-12,55.8,9,74.73,112,-28,27.85,120,44,35,23.76,31,73,124,65,25.83,6.6,122,114,15,-16.95,-20.17,134,42.18,91,93,125
-49,22,-9,12.35,31.46,42.67,-43,-45,9.39,53.71,48.42,37,38.4,13,91,-43,-4,13.63,0.2,0,73.34,71.92,-40,16.88,81,25,-17.28,100,15.25,43.52,103,64.65,27.28,0.2,13.13,69.61,3,-31,128,26.98
17.7,117,36.57,-8.2,11,27,7.99,68.19,-21.12,130,-13.02,50.15,46,13.72,67,-9,-30,28.16,-30,2.89,104,62,22.7,52,19,70,63,121,11.63,18,-15.69,8.43,-22.35,64.79,39.95,42,-36,94,74,31.24
107,43,21,-6,42.1,59.79,67,38,40.81,112,71,25,81,100,129,90,15.94,39.19,114,67,-6.88,-3.01,10.88,70,-6.13,96,30,52.98,-48,79,15.54,17.89,-25,22.28,58,51.96,102,-14,-22,-13.6
56.44,-46,-13,37,53,16,7,52,62,-30,24.56,48.26,8,-17,57,63.41,32.41,38,143,25.1,3,-33,68.97,60.22,-8.48,68,107,55.38,-23,28.44,-13,66,33.9,-18.29,27,132,21,-20.83,116,24
10,15.3,27.07,134,101,53.15,4,53.02,1,-29,148,-19,64.44,-24.03,-26,144,39.36,99,105,24.52,-22.08,8.97,-40,134,-8,80,43,49.84,108,38.83,33.76,6.74,39.79,-21,68,1,37,80,102,138
-37,105,11,96,125,43.93,3,31.85,14,49.81,-10,81,-33,-33,35.9,61,16.84,-38,119,-15.4,15.32,5.47,98,46.97,-39,8,90,-19.46,-24,103,43.76,31,26.42,70.02,-15.74,-16.28,-47,75,-15,28
139,-15.28,130,-15.7,-36,120,125,89,-30,25.61,145,-24.78,3,40,69.15,22.06,-8,72.64,0.31,-42,19.42,71,89,-19.38,20.89,-29,127,29.9,-20,43.3,111,31.68,59,22.37,1,-33,-31,58.34,-35,57
124,112,44.24,-11.15,44.09,44.01,44.14,52.42,60.16,1.06,2.12,1,10.2,-14,15.4,17,-49,114,-12,116,33,20,24.87,-30,83,-19.25,50.67,92,11.67,109,53.1,6.19,65.58,77,5.39,36.31,72.66,-34,109,27.44
43.18,109,25.96,72.45,105,-2.85,-25,67.79,49,145,67,-4.84,122,11.06,119,48,25,132,126,28,76,46.83,107,30,137,2.48,12,14,144,4.97,-23.61,97,63,-16,111,81,64,84,3.51,54
-1.33,47,-17,-16.94,-13.63,63.88,137,-30,143,0.16,15.37,66.21,26,3,40,8.24,17.18,-39,1.89,96,75,102,46.34,48.86,126,23,60.86,67.92,149,-28,87,-7,62.97,79,5.09,97,26,-9.97,29,26.92
107,9.67,-6,61.2,42.67,48,106,148,141,56,50,-14.34,4,6,-16,5.63,52,45.17,145,-4,66.29,20.69,-18.23,55,-10,31,50.31,94,15.69,71,72.24,54,51.37,14.66,4.23,-0.12,98,64,8.67,38.74
90,126,136,21,23.61,-23.9,-10.59,83,111,-24.54,62.12,68.79,26.15,-0.11,-19,145,82,-21,101,52.39,93,50.11,50,34.26,-5.6,56.81,-7.16,146,47.31,73.98,105,32.21,-20,117,110,-22.11,76,45.33,60,-8
-13,-44,-24.24,36,-11.65,62.11,106,92,-47,36.95,63,32.66,62,141,64.73,69,37,17.08,-2,67,47,17.39,-17.83,-17.83,134,108,51,5,-22.52,86,133,111,-2.98,3,19.31,148,55.91,49,7,-5.02
69,148,149,78,87,137,-10.71,-21,-22,-37,125,64,4.31,-29,50.74,-50,135,5.09,-5.87,11,125,48.26,65,74,93,100,25.73,11.64,56.82,56.25,57.75,32,50.27,130,-14.66,26,52,-18.01,39,14.77
-34,87,-19,10.4,116,2,68,21.7,8,138,62.27,-24,63.92,10.12,44.32,126,35.56,22.06,57.21,11,-15.83,136,34,24,78,0,70,27.78,-3,79,124,78,21,43,-14,147,89,2.3,-15,17
33,54.13,49.75,118,49.41,17,47.55,137,49.26,12.47,145,15,-21.81,85,81,61,101,116,58.38,29.09,-9.56,-48,28,42.42,69,72,47.99,-8.29,-16,145,-10.03,88,3,127,-20,136,-21.23,66.7,-33,90
-22,132,1,5.13,-4,65.7,7,32.15,104,7,0.31,19.08,55,7.06,63,89,55,-31,75,-44,48,-16.8,-10.2,-41,33,129,107,53.74,-6.28,117,-17.79,6,1.77,52,35.87,52.3,63,43,52.89,-2.26
57,74.42,16.7,107,24,117,-15,-25,-26,53,88,141,53.68,138,-11.16,-23.85,41,-45,133,100,43,5.15,108,-23.63,55.07,-39,31.7,25.62,-36,-4.28,-5,66.57,84,131,141,122,18,-3.19,74.16,-38
9,39,8.65,-43,-10,3.77,72.79,146,4,82,10.24,2,-26,-48,42.46,145,124,72,0.99,94,-42,57.16,58.16,18.36,66.45,9.16,69.45,79,-31,50,22,53.54,115,44,33.43,45.31,-50,-41,-40,-15.72
103,56,37.76,44.42,122,68,132,135,-16.82,-3.63,45.63,-22,105,133,42,1.1,31.65,48.86,98,100,70.37,137,-19,113,26.68,39,-0.78,-10,25.52,-18.58,127,16.69,71.65,-9,31.85,28,107,82,20,-16.93
55,-15,143,18.94,45.32,-0.02,19.38,5,101,28,146,67,-15.51,45.09,69,85,19.61,23.76,28.65,33.59,64,-12,-21,65,144,71.61,41.05,112,-21,73.67,-9.34,-7,28.21,52.59,125,-48,34.23,131,59.66,36
8.16,57,-23,-24,84,58,74.36,110,59.26,13.92,2,136,10.15,-1,132,-42,-20.16,53.46,68.46,104,120,69.84,-46,5.26,31,56.21,-7.96,-12,12.17,67,23,37,-10.73,53.12,60.43,-6,-39,97,35.49,21.92
114,11.61,56,8.61,-5,-9,7,91,-20,117,69.41,24.95,135,64,55.88,10.34,47.08,1.61,54.94,1.57,72.29,82,39.29,-49,57.16,71.79,72,54.14,124,31.8,36,-7.84,-11,-32,48,62,-14,74.56,-15.12,69.94
139,69,62,135,147,81,-12.12,25,57.38,30.29,95,82,-18,108,15,64.66,-11,94,55,-0.59,23.5,29.74,11,-13,-19.13,-8.99,38,54.63,78,66.07,35,-36,80,9,60.89,71.24,29,59.15,54.67,63.89
128,-45,72,111,-27,54.14,58.13,20,-41,45.69,-45,52.93,115,1.72,33,83,119,49.34,-25,23.07,47.03,140,63,35.08,46,11,25,9,55,90,95,3.02,26.2,46.2,61.88,36,21.66,42.97,72,76
99,45,123,30.78,-20,65.16,49.98,-21.37,-33,57,73,-6.86,98,79,40,-12.99,147,145,-13.27,41,126,13.71,0,-8.36,53,-9.83,58,8.41,-34,-13,28,-17.39,-15,106,77,30.6,68.81,6,26.99,75
58,18,-18,74.49,70.65,18,20,38,16,35.05,72.64,129,-36,6,72.15,-0.78,28,136,32,37.39,18,46,30,-39,-48,60.53,-27,42,-8,121,61,44.27,68,13.52,5.82,58.49,50.44,8,25,34
-4.63,86,63,34.58,-34,23.54,110,-20,111,142,92,37,-4.05,81,59.72,18,40,147,25.51,0.58,93,-20,117,-14.73,119,18,57.36,1.56,52.38,60.36,38,-48,55,-41,32,-31,71,39.37,3.09,57
95,127,17,60,29.75,9.7,-40,42,134,35,62.9,-1.24,-25,11.37,40.52,67,12.98,73.75,-5.27,-23.9,2.19,26,74,116,31,-32,44.44,31.79,11,-14,-1.84,-14.08,34.88,20.89,72.14,74,8.37,25,-33,56
-19.67,48.05,33.21,-37,30,-19,103,105,38.48,12.37,58,59.55,50.05,85,67.13,-48,-13.94,11,84,37.63,51.12,14,128,0.23,41.45,57.95,30,6.26,95,139,8,135,53.18,-2.5,63,-43,31.39,-0.17,2.11,91
-24,-8,83,112,50,80,126,14.37,-19.78,44.88,135,49.08,136,110,-8.58,96,12.38,18,1.78,1.06,74,-7,-24.24,64,34,46,97,10.97,-4,-39,125,-26,-2.86,-20.77,42,106,16.98,29.67,59.45,63
90,54.51,43.58,7,97,147,147,122,36,148,111,138,45.31,-50,101,35.4,40,118,-4.91,32.63,57.48,-21,57,82,-13,-20,20.11,109,33.03,59,98,32.66,96,-22.13,-19.82,59.53,73,18.29,-20.92,118
121,-4.59,10.73,24.89,46,39.95,121,134,16.29,-31,45,7.72,9.74,50.73,31,-17,-22.49,117,-50,-22.85,53,28,51.94,-7.13,46,52.98,-44,-30,86,149,26,-11,67.79,-22,108,-22.39,14,30,108,-15.07
56.27,-28,18,-20.43,38.15,-0.52,-11.51,-15,68.42,20.08,149,-16.07,67.12,8.82,9,-7,44.9,41.03,102,-16,24.05,15,126,47,29.68,50,-38,-2.15,41,2.93,83,24,-12,16,66.92,58,-18.28,119,1.67,3.12
20,38,64.67,33.07,58.43,36,100,-13.49,56,102,13.38,-9,50,115,26.16,64.07,-8,123,-25,72.29,-10,44,58.36,-24,6.74,-13.52,85,-38,74,-12,116,125,28.33,42.52,0,71,8,-19.7,51,29
119,32.26,-31,36,28,20.86,11,44.95,54.11,-23.66,9,59.95,95,114,117,101,-10.68,24,91,134,69.66,11.39,81,-9.64,14.39,15,46,37,32,-19.65,91,-17,14.26,44.48,91,6.33,56.36,54.69,33.28,-5
41.64,53.4,72,137,37.1,37,-12.11,-8.23,108,22.6,-11,-45,-41,23,65.87,-5.11,-27,-27,-18,-50,23,-8.72,8.93,39.22,-10.33,36.67,7.99,-34,67.54,19.14,-9,-10.21,61.43,144,12.39,9,14.09,99,17.38,14
102,-0.16,-9.99,97,-4,138,36.58,142,20.51,58,27.36,10.53,-18.18,22.51,118,-41,68,106,4.32,65.36,33,25,-24.98,-38,-8,118,62,118,103,18.87,26.65,12.15,14.31,-15.86,-28,61.06,148,44.64,51.08,22.53
23,-11.75,40,125,53.22,126,-50,22.26,38,0.5,91,56.2,147,70.78,97,-49,149,31,50,136,56.56,14,16,-8.99,-16.72,24,2,111,-24,0,45.83,1,39.36,104,-28,70.08,83,41,37,69.82
47.17,142,8.19,39.03,118,63.93,8,11.08,0.98,11.43,34,47.22,-10,72,79,144,49.89,91,60,143,14.83,138,-13,99,22,68.32,65,30,70.23,145,136,149,-6.2,-9,117,6,25,-26,147,26
17,6.5,147,97,-8.84,70.64,69.9,-7.67,9,-16.01,-20,69,106,74.17,52.33,60.46,6,34,-45,35.15,69.26,-40,-23.97,130,0,12.77,50,9.75,96,80,-1.68,68.89,26,118,127,99,48.68,101,66.05,34
-33,26.55,52.38,143,17,116,114,-0.98,96,142,62.05,124,70.81,-17,-6.83,26,72,49,67.63,72,64.65,10,53,14.67,-14,-24.39,-11.63,-23.06,44,148,73.81,9.78,-11,45.26,-28,20,56.46,75,-35,9.61
28,68.77,75,9,49.8,46,17,72.4,-1.57,43.33,98,2.95,-24.84,42,29.65,-3.96,126,56.04,109,-9,21,73.77,121,6.56,-8.89,51,42.5,43.24,-50,31.94,-2,91,73,35.44,43.03,123,64,49.53,85,128
35.81,44.73,22.89,5.96,24.41,1.17,-22.49,120,42.25,58,-12,12,33,83,34.33,15,86,81,-32,14,14,77,-8.74,22.32,9.81,136,78,107,4,4,37,53,23.21,4,47.42,52.81,65.03,67.65,86,-4
87,24,98,0.36,-26,-39,33.32,31,14.03,76,-20.44,116,126,126,-23.41,85,73,49.35,-17,-19,2,33,-14,-50,-32,59,-23,-21,68,96,-19.2,107,-13.47,47,38,136,30.87,127,75,72.58
126,0.16,93,87,-15.01,41,97,54.16,-2.15,67.57,-34,55,69.39,62.49,25,-3.89,137,58,49.44,90,136,92,55.61,81,8.31,23,-22,4,-20,119,46.84,110,136,76,35.41,127,-11.83,13.08,100,8
24.32,-27,32.83,96,-11.59,69.04,-35,6,9.86,88,74.74,25.2,97,61.77,38,-50,68,35.81,142,-35,-5.35,109,146,6.41,129,-11.84,17,72.68,37.74,88,25.78,23.25,96,-8,45.34,62.01,-9.09,111,30.75,-13
77,88,-36,11.61,18,68,62.77,-3,-8,33,57,137,84,72,-26,70.28,100,-15.76,7,64.19,106,80,9,53.17,65.96,40,126,-34,-11.8,74.43,-8.92,3.22,34,78,52.4,44,-36,-3.35,-5,-8.06
127,-15.64,27,-33,-17.71,38.16,128,13.4,16.23,-3.31,48.48,118,110,53.88,100,18,12,26,36.2,-36,15.22,55.75,144,74,63,69.28,9.79,31.6,67.72,59.65,38,73,68.45,-45,70.61,-29,12,61.51,-35,-24
7,5.84,-18.24,78,-10,140,44,-11.22,-21,42.01,-17.38,7.62,33,26.41,52,-24,-16,128,116,114,9.91,44.51,-4.39,59.84,23.52,132,54.26,47.94,35,125,140,-48,3.96,141,76,33.34,134,-22,73.18,-22
-5.41,71.04,75,-13.71,-45,-2.28,54.13,63.6,-49,48,10,40,1.11,-21.34,41.49,67,11,18.13,66.89,65,57,99,-9.05,42.18,2.63,-18.47,11,85,2,35.34,145,137,79,-6.21,-28,62.94,50,-18.73,45,-47
134,-4.71,45.22,2,125,13.48,23.03,46.5,16.07,139,72.17,-24.77,85,-3.12,-12,41,10,-30,-10.31,-17.88,-0.77,45,17,-31,63.56,2,123,69,60,18,19.96,-7.75,-23.44,-1,-38,23.97,35,60.07,118,66.3
21.1,26.51,57,71.66,16.11,101,-12,65.9,33.5,-36,145,82,10,16.77,20.98,21.75,130,-1.8,54,7,93,8.15,38,38.09,54,100,33.93,81,36.31,-2,-13,61.29,33,70,74,91,-14,-19.17,38.34,-43
23.55,41,14,75,19,86,64,24.14,139,99,4,19,-21,-46,68,2.3,30.49,60.91,100,32.73,-6,60.35,36.94,40,-25,20.57,143,144,52,16.63,120,4.24,-16.34,61,24.96,49,73.4,23,73.44,145
-8,108,63.22,29,-29,17.53,-48,101,-24.74,4.27,-7,-26,11.74,-12,61.17,-16,-0.04,109,9,-40,84,-46,73,132,122,64,45,14.75,93,69.59,-6.24,137,43.85,-22.72,11.68,107,-12.79,35,-9.94,39
-33,38,-22.33,123,138,51.05,-3,63.62,40,26.74,135,39,-20.96,-24,46,-22.71,-35,2,-18.99,6.72,53.75,18.41,107,79,63.93,3,36,91,21.77,48.54,3,-20,-3.02,-3,-17.96,-28,72,-14,44,5.48
36,10,60.85,43.47,-30,123,-34,-45,13.88,36,12.87,23,100,112,93,-20,93,61.13,0.94,141,15,46.11,87,-20,64.22,-2,57.55,20,-37,3,-0.73,95,54,-8.52,30,127,21.19,13.22,102,90
67.74,56,36,113,7.87,43.83,20,87,103,27,10,25.2,133,132,133,14,-37,62,27.23,149,76,3.34,-2,87,129,0,52.61,-9,99,14.95,-39,4,42.95,-11.14,56.49,21.94,111,73.13,20.08,58
20.13,72,-6,74,-0.95,115,-22,1,10.04,24,56.66,146,108,-34,56,47,23,40,40.72,-41,-1,50.56,65.02,107,12,73.23,0.8,67.4,-24,-10.55,112,112,-15.02,-41,-13,63.55,-15,133,24.36,42
33,-10.27,42.84,-18.93,-4.19,-34,-6,132,140,-2.21,138,-15,-42,-1,66,-1,73,12.96,135,-46,78,47,50.21,41,-10,-6,36,-16.68,99,-40,80,27.4,10.73,20,37.76,4.98,31.99,128,-6.49,44.49
9.52,69.14,11.72,68.6,99,32,129,103,-17,137,25,123,47.04,-2.3,43.15,4.24,28.17,-48,21.44,92,113,89,14,72.53,14.38,-32,132,28,8.1,-19,74,37.06,96,116,3.58,46.88,-18.67,107,52,48.27
25,31,70,66.13,92,-46,112,-47,63.86,98,37.92,121,31,-7,-34,28,137,-9.74,62.7,25.94,-35,149,3,81,99,32,133,66.03,110,-16.49,-11.4,-21,-19,105,-37,-16,-1,136,53,-16.02
69,-42,92,60.1,24.05,60,104,112,-1.13,95,14.24,9,-23,-3.61,-32,39.4,63,-9,-11.13,61,8,40.59,-23.23,71.16,33.34,-10.01,5,35.24,8,-23,10.89,10,-8,-0.84,-17,142,58.63,12,74,-4
-3.1,3.61,145,51,49,-45,148,62,1.56,48.4,73.92,13.94,63.71,27,74.2,127,95,-50,-21.41,121,74.21,55,13,-7.75,-6.99,115,-15.15,10.89,22.28,47.23,26.78,114,117,12.1,61.23,-49,93,-13.86,25.61,57.36
18.13,143,-20,0.25,53,60.61,7.42,-6.41,-25,92,78,96,43.23,43,73,103,13.47,17,136,-42,122,19,148,64.68,16,-20.03,17.22,11.08,-14,-43,-10,1.48,139,149,130,2.77,4,-0.41,50,9.25
14,136,37.39,115,59,93,40.98,82,2.73,33,-15.29,51.01,-29,7.21,-11,58.19,-23,136,142,-5.21,116,-1.79,62.57,-22.29,57.69,12,128,-44,97,29,79,-4.59,83,11.02,100,138,17.51,6.41,12.68,39.51
106,66,123,22.55,-12.48,-27,26.53,45.97,72,73,75,22,86,147,25,-20,134,59.39,-20.83,109,90,113,36.96,-15.94,1.51,35.27,106,146,93,41.45,139,-24,137,-12,50.17,35,4,143,-4.56,22
36.2,122,17,20,0,-31,-13.53,62,45,39,-24,55.82,117,2,43,31,65,37.37,41.65,144,52.75,133,-7,34,85,138,98,54.32,23,-21,21.33,64,68.75,-8,-6,123,-17.89,-24.72,-34,46.85
51.29,87,20.01,0.74,39,14.99,113,75,86,11,-11.36,48.43,74.18,82,2.06,149,44.08,-28,-7,2.52,110,22.52,-6.14,37.83,37.2,139,-35,112,10.9,52,-17.7,41,45,-43,59,-15,8.82,90,1,-50
73,68.27,75,1.03,31,129,145,-27,16.85,-2,19,63.14,105,-22,-13,61.42,36.23,71,12.2,-13,127,19,78,28.19,73.56,146,-44,125,74,136,70.25,45.68,39,42.84,-21.46,34,38.46,105,31.69,77
114,-18.02,14.93,9.91,116,13,-3.8,82,8,24.07,14.69,116,-11,74,-39,3,-8,127,-21.64,11,85,12,57,28.83,34.19,28.85,-6.45,-18,-19,86,-23.62,-50,84,83,135,122,108,-43,57,-7.63
46.43,25,83,76,14,70.91,45,53,-16.13,60,82,-2.02,-36,12.9,29.75,-20.65,54,4.7,-19.37,123,71,92,38,66.42,53.86,-9.84,111,32,-30,39,-10,62,125,72.26,69,18,2,-46,-8,44.34
112,122,97,92,20,9.34,68.72,2,18.39,-15,19.68,108,21.9,48,61.78,77,44.37,65,70.74,68.73,111,50,111,26.08,-2.46,-6,71,29.52,-8,133,40.49,78,142,4.29,48.86,13.2,133,-17,11.94,46.3
107,72.17,-16.46,-30,18,19,125,8.92,23.24,58,64,41.57,-17,54.67,27.55,29.06,60.17,60,-22.13,139,-6,27,-22,69,39.19,87,66,28.29,-6,31,77,24,19.01,39.54,26.82,7.33,18.25,-45,42.06,87
-38,-12.02,47.97,-20,-35,107,7,106,-10.94,-34,-12,-4,130,124,-18,51.87,60.62,48,39.77,141,-42,34,38,58.12,0.7,1.21,-25,-36,64.46,-4.79,38.41,24,20,148,91,-49,-17.54,80,22.41,6.5
49,-2.63,34.76,66,29,36,-29,7.96,70.71,0,8,33.05,20,79,3.53,142,-5.83,147,94,13,70,49.24,20.96,23,-29,40.72,49,46,120,-23.91,40,33.84,30.53,78,147,43,58,34,17.26,104
96,-44,64.27,147,99,146,5.75,71.63,56.93,36.5,130,-12,13.9,-49,6.32,48.36,122,-19.39,-20.36,18,16,148,44,49.38,58,39.63,-22,103,14.79,139,6.28,111,-3,140,71.78,40.04,2,77,96,126
-19.97,48.74,100,89,22,25.49,-16.48,52,110,2,-28,142,-6.33,143,68,60.19,-8.22,115,-29,48.25,3.4,-22.3,120,-9.33,19.66,110,104,53.07,-20,40,40.95,11,-37,71,67.91,-16,30.9,46,-27,-34
26,2,128,-30,94,10,-41,0.86,31,124,-19.04,49.99,138,66,19.32,36,73,-5,59.01,18,18.12,-48,55,-21,3.45,-37,-34,141,58,120,71,45.29,33,-14,124,-40,135,64,120,130
63.19,16,49.56,-8.69,56.44,67.61,-9,-22.33,64.51,-10.3,43,31.6,-46,98,54,73.56,56.18,83,64.68,-15.56,31,99,1,-7,-5.54,47.31,-29,-21,-30,148,57.48,6.8,99,23,46,-36,9,0,-42,70.89
-4.37,49,-11,-20.19,94,39.21,47.35,11,12.7,103,16.55,113,43,-13.18,-19.55,-21.01,-21.03,68,-19,59,-19,33.12,49.89,-36,8.16,47.23,-47,-9.53,31,-41,9.91,27.34,42,-17.78,51,56,-2,50.91,-20,-8.85
64.88,90,-16,-43,9,20,-16,71.67,56.61,131,21.92,-3.5,61,36.87,60.29,14,45.45,123,-33,10.59,-40,20.77,88,114,-4,39,-32,36,-9,-48,-14,14.36,139,117,70,85,76,-3.76,37,64.14
-38,-18,48.57,3.77,6.49,58.75,33,6,-17.26,95,112,4.85,34.21,68.74,85,126,25.7,47.7,57,26,104,11.15,53.3,39.75,2.5,59.99,76,-45,-7,74,-8.12,14.74,55.55,9.55,115,67.3,52,73.93,4.91,-13
53.58,66,6.18,42.65,142,6,8.43,26,10,65,55.95,-11.3,84,17,20.53,-11,-4.56,-4.91,-2,25,-25,123,-14,21,91,29,85,69,78,136,-13,28.78,7.52,132,-13,-13,69,51,-17.53,18
63,118,-37,74.73,46.14,-13,17,40.4,31.34,74,-5,95,58.58,26,107,94,65,33.77,64.13,51.58,-13,49,63.92,27.15,-35,58.57,14.36,-49,30,-4.03,34.78,47.2,2,53.06,-0.88,28.4,129,58,41.54,22
-6.64,24,1,-12.2,81,57,62.15,-31,39.69,97,-46,41,10,12.84,37.58,22.79,86,132,-11,62,30.39,26.85,-35,76,1,103,31,31.63,116,-25,119,4.53,7.59,143,33.29,78,4,11,-22.88,107
138,117,129,43,6.49,15.17,34,56,-8.86,82,102,-11.99,77,-23.19,-50,116,97,15.5,137,-0.21,58.91,51,30,6,47,29.98,2.2,131,127,118,-28,1.64,-13,28.22,60,105,95,131,72.26,109
-32,88,-6.52,-27,-1.44,-23,-31,-43,53.09,32,19,67.46,76,-9,-48,-14,-10,19.27,79,-5,99,17.19,-32,-3.39,36,19,77,33.48,26.56,9.84,-16.84,52,-44,58,142,-18.92,137,50,52,22.18
131,-48,-14.19,61,-21,33.05,37,50.42,93,-13.52,45.13,78,75,12,45,79,-10.65,-30,63,81,-24.41,-37,-11,14.33,102,126,-28,103,83,55.33,-13.32,-23.44,-13.31,133,-20,-21,56.95,-20.2,7,10
22.7,-24,113,88,119,146,122,68.4,6,-5.56,64.7,12,146,-36,-10.77,2.33,38,89,29,-30,49.94,14,120,-42,51.14,33,71.34,-1,69.93,13.34,-50,42,36.68,85,91,30,-50,115,92,23
71,73.36,70.3,103,63.42,-1.89,21.61,-19,28.13,60,-0.46,-20.07,3.31,36.53,25.42,132,43,139,-37,12,-14.74,110,-6.63,-1,45.57,70.98,-28,-47,132,-6,-33,88,-3.59,28,142,61,60.59,29,-6.93,-8.26
108,72.74,61.37,-41,41.89,26,-30,-24,17,15,7.39,130,15.57,77,48,10.11,62,10.27,-37,44,133,52.02,66.32,3.5,-45,94,104,116,24.67,-4,15,33.77,65.54,113,66.05,-14.58,65.17,67,-22,35.47
13.83,53.45,-10.28,45.81,61.98,-13.1,141,33.9,6.7,64.1,82,-43,25,67,54.54,124,89,64,-27,-33,51.86,145,64.39,61,3,83,16,37.61,48.5,67,-6.05,125,69.44,4,89,-15.2,69.12,118,44.37,61
-1,97,149,125,-6.43,16,69,-20.79,26.87,4.25,111,-16.88,-39,-15.75,29.47,-8.56,9,74.99,25.69,69,125,9.64,74.12,33.84,-23.16,-14,83,27.01,71.54,66,28.3,-4,27,-10.33,48,-25,4.2,47.87,-9,60.82
69.15,11.63,-6.91,31.71,56,55,-20.4,135,103,136,-26,66.31,5.72,21,-20.15,14,-40,-2,69,-3,-26,28.49,102,5.26,140,-24,79,73,90,39.01,76,-21.65,43,-2,-23.87,139,-43,63.74,65,119
58.85,-35,-45,84,-46,38.88,63.71,-24.67,41,-9,41.69,124,68.18,128,86,59.6,41.14,69.67,-45,12,68.22,26.63,47.43,47.71,95,-26,-18,12,21.5,56,17.38,18,-24,-16,128,84,47.86,-23,32,24
34,97,-33,17.72,-43,114,107,46.45,35,125,43,123,79,47,-2,74,90,6,106,137,78,72,65,-3,-26,-34,-42,-24,-27,136,46,-10,133,-25,-47,22,26.76,87,-39,115
106,-5.37,68.76,36,123,-16.63,131,-20.21,19.04,122,1,100,82,-16.47,4,16,140,36.3,14,26.9,-42,25.23,9.79,27,89,11.99,25,126,4,39,37.23,102,-34,62,33.87,-40,27.97,100,68.07,-17
30,117,85,38,-16,30.15,30.02,42.25,17,53.94,20,39,54.32,7,-38,-28,31,-4.19,31.44,69,67.16,41.33,-41,56,59,27.34,31.87,-4.54,79,27.19,146,63.6,-36,42.75,25.56,42.69,-17,-37,-25,-46
-19.24,38,-15.45,19.48,11.26,18,27.18,108,-6.19,6.51,-41,34.88,20.77,45.82,-36,74.96,-20.83,68,-48,74.34,42.6,36.36,121,-5.87,54.2,104,91,24,45.35,23.12,55,2.8,68,-41,4,54,70.46,26.03,106,-12.07
107,49,-1.45,112,97,52.06,-49,-14,9.83,31.61,54.7,-16.03,30.74,-0.69,-9,66.58,-37,37.82,109,23,67.41,-36,-33,65,26.61,43.13,-39,38.39,113,59.29,28,61,111,-4,65,36.13,18.29,-6.18,91,-21.04
-39,14.51,71,130,116,129,6.57,54,23.04,-4,120,45.87,95,97,104,16.2,-12.87,36,26,30,-19.89,68,-19.71,83,127,52.01,55,74.71,-12.01,-27,-20.35,70,94,-11.81,100,84,22.42,-45,141,-42
26,129,59,53.84,66.84,-17,-34,34.89,-4,13,14.19,24.37,0.08,43,64.94,48.57,-39,43,58.34,44.36,84,-17.28,44.7,82,29.41,-1.12,-49,142,74,76,3.5,-11.49,15,16.99,110,-20.63,40,101,102,43
71.35,-8,41,12.89,95,61.26,0,54,17.39,38.32,-22,-24,19.11,-13.11,57.12,87,82,111,40.63,64.64,61.73,46.24,52.18,80,3.22,-32,6,27,64,2,22.81,-25,28,-19.4,136,-6,66.64,100,147,18.47
25,-27,76,-4,71,5,25.98,36,-3.61,-6,66.33,115,-10,-41,27,92,9,40,-25,-14.97,102,64,-12,-11.32,-7,-19.04,-13.21,3.13,40.72,20,67,3,-5,-0.48,-19,56.26,55.56,-28,6,60
40.36,-28,146,124,21.31,-41,42,7.84,-12.76,94,23,126,47.98,131,69.04,138,92,-5,-22.04,8,10,47,-42,27.52,67,11,50.45,13.67,15,10,35.04,58.52,52,70.91,127,26.79,136,-13.62,125,0
68,58.85,-5.49,102,99,-40,-4.11,116,-31,23,-36,113,55,-19.76,48,51,59,51,47,135,72,31.8,129,-2.76,19.35,-18.03,69,66.3,27,51,73.85,-8,7,24,146,83,44.9,47,127,119
74.3,8,54,54.86,23,38.6,48,56,92,25,46,38.97,84,43.19,132,6.34,-13.74,122,-16,-22.29,45.05,128,112,145,102,54.55,141,-2.8,114,53.56,-8.53,-36,6.6,1,73,2.88,30,104,133,58
24.97,71.11,124,70,69,-13,-1.15,30.34,4.63,134,41,5.5,41.1,40.4,136,84,27.45,-11,-1.13,61.78,5.74,-45,34,-22,63,113,53,-8.57,-1.18,35,119,88,13,41.55,66.04,1.67,54.55,51,4.31,46.14
16.5,-3.3,49,39.58,-5.66,131,5,-13,52.7,-50,31.9,-16.11,-44,21.79,49,14,65.91,122,-12.08,66.52,55,19.87,55,-16.07,-23.37,33.41,-0.61,10,47,-19,59.06,1.88,62,-23.41,42,8.16,10,-41,37,35.74
123,-17.93,-39,-41,36,51,55.23,58.2,-11.77,141,138,-29,34,-44,14,-19,91,-44,122,29.19,110,50,55,12.39,-14.19,26.03,-19.86,-15.04,61,127,113,-23.23,116,78,129,37,6.46,67.3,-15,138
0.03,-16.18,104,37.85,-5,74.57,96,123,132,28.14,3,21,63,20,0,39.7,91,111,63,99,-25,0,19.31,19.5,66.22,-1,-23.09,58.91,1.86,7,131,58,115,-1.74,65.92,146,-41,-12.47,106,22
128,62.58,23,35,52.84,68.11,67,33,65.92,-47,119,-11,58,39,45.61,15,33,19,-20.91,-44,70.05,59,57.88,-48,63.52,133,22,39.22,19.49,20.72,25.59,21.36,23.26,-40,52,19.28,-0.03,15,68,61
-1,-48,60,100,-48,90,120,95,6.5,38.39,136,21,-49,-43,-14.69,77,-5.12,18.15,94,40,-8,9,107,93,50.87,-32,70.73,149,47,27.64,66.91,-2,123,38.23,1.22,-17,83,21.66,128,-17
-24.74,-8.59,86,55.77,86,97,30.28,32.16,9.23,13.64,-15.62,41.25,5.64,-5,-7.28,9.51,47.77,-2.74,79,127,50,-12.64,17,126,120,101,52.7,-42,81,-45,-19,130,44,-26,-23,-15.97,10,128,83,57
119,117,3.7,-33,80,-8,-16.86,62,-24,107,140,-5,59,-13,126,33,-19.2,99,31,106,55.88,6.87,65.88,-30,-11.5,42.08,90,146,96,74.58,-0.64,85,142,26.6,44.29,60.23,-1,28.28,38.69,-15.35
124,61,-3,50.24,86,-2.31,-18,52.89,-21.31,42,38.66,-29,91,145,119,26.5,15,149,37.23,31.26,55,-18,52.11,130,64.23,28.65,64,143,29,148,54.98,66.23,-10,144,119,34.87,0.74,34.13,19.81,124
38.31,80,68.68,116,22.93,81,38.22,75,112,145,-8,47.19,-6,35.35,62,141,34.48,-12.75,45,34.32,-50,120,69.84,66.75,2.18,52,50,6,70,50,116,145,32.48,27.5,31.38,39.39,112,58.6,91,80
7.54,85,69,51.83,-11,112,5.28,121,134,-17.94,61.38,97,84,-16.96,73.22,69.87,39.16,52.94,-35,-12,58.96,-45,-30,44.64,62.14,135,53.65,61.03,-11,4,73.03,7.26,42,42.23,27,81,25,17,-30,79
25,59.72,-26,63.5,53,-2.4,-2.11,48,25.45,78,-10.83,133,104,94,73,-18,66,118,75,-11.8,0,-32,68.97,112,73.27,141,91,75,59.43,-23,140,56.41,87,52,68.76,0,120,106,63,81
14.87,54,46.52,68,148,61,70.49,39.04,67,-12,23,55,115,10,134,78,55.21,133,43,48,-27,59.88,52,54.72,72.62,-30,29.61,-14,15,7.67,61.78,-15.92,-14,68.25,103,115,124,131,61,-36
35.55,-7,119,54,76,-17,70,-42,61,49.81,143,56.08,59.35,-21,-45,-25,102,-13,20.1,131,-44,52.87,8.99,36,-14.3,51,36,35,-15.8,26.76,56.95,17,84,58,-10.94,104,96,53.74,10,106
-36,40.62,-22,-4.72,37,73.83,-45,72,21,-3.22,39.64,136,55.15,-19.18,141,66.72,31.43,17.78,-19,0.33,146,-22.9,-26,149,82,-12.26,-14.68,-3,132,61,-19,88,128,86,113,-27,64.55,117,144,51
-7.44,9,4,47.14,-7.58,134,75,58,42,48,136,-2.46,105,86,59.4,69.53,73.46,75,-3.19,63.83,-3.47,-27,28.63,13.73,-18,25,-45,10,91,73.68,42.13,70,74.76,0.91,17,8.69,37.91,14.74,82,4.83
83,98,111,-3,69.35,-23.31,124,4,44,65.22,7.52,40.03,70,62.18,66,-46,15,23.18,46.31,36,-9.53,35,44,4,112,-20,38,83,22,84,28.08,78,-4.78,26.55,-17,54.6,37.22,59,-23,54.48
-16.29,63.01,2,48,1,-44,116,67,-33,54,15.46,25,99,64,147,42,56,119,8.5,123,-11.77,56,72.26,27.22,-24,103,31,-40,141,39.98,62.41,-22,9.04,18.93,-41,36.24,73,91,-40,23
44,29.87,103,120,20.13,15.45,141,-8.41,39,-6.96,123,-15.84,-24.04,-3,123,9.8,32,115,131,134,-7.89,72.29,25,108,-1.69,59,-22.35,5,4.54,48.44,84,-40,56.42,-13.67,-5,67.08,-14,-7,64.05,59.44
50.19,13,149,100,-0.93,67.32,102,-18.35,-41,74.69,144,74,-11,78,-1,110,-37,-14,71,144,-5.07,103,32.03,12,19,106,66,51.16,25,21,-14.53,59.79,-21,134,-40,25.41,69,81,-12,138
44.4,-19.18,108,55.05,56.29,58,-29,55,139,-28,130,18,-8,-22.77,135,3.79,35,-16.04,48.39,108,83,119,14.75,-8.96,45.63,35,-21.7,-12.29,31,-8.69,121,4,-42,50.12,-36,-15.56,50.86,-13.07,-33,10
69.36,19,-21.23,5,71.99,-41,118,28,14.46,-21.97,3,16,113,59.34,19.4,-12,78,9,63,52.3,21,143,-4.41,58,-12.16,-24.17,-10,7.01,14.38,3.41,10.39,-27,144,65,142,15.4,-8.77,-40,4,29.99
-13,73,-22.4,45.38,-23.17,-9.12,48.65,121,26.7,68.96,24.33,66.34,34,38.95,-19,43.69,-10.55,26,67.32,51,147,-7,102,-45,8,144,111,-5,57.83,-14.71,-19,147,73.74,56,8,24.17,55.85,38,-14,4.11
38.97,6.55,-14.33,73.53,-48,-3,-23.5,34,19,139,137,16.32,52,-17,85,-3.18,51,135,15.16,42.76,46,-10,49,60,45.09,-4.59,51.08,83,-11,70.51,15,70.79,17.02,12.63,-16.05,-26,100,74.16,10,-37
27.84,53.1,30,-22.52,74,11.89,140,-43,25.12,-50,21,64.84,50.51,24,18.65,114,83,-23.98,50,-4,-32,38,61,57.24,55.82,6.62,90,103,55,122,-44,105,39.53,18,141,142,46,-30,-0.96,56
-27,-48,72.21,16.26,-27,82,120,76,-15,-10.84,24.55,-45,-7,63,105,-9,-15.41,-3,61.48,-46,-19.56,17.5,-33,-32,-20.33,96,-27,125,15,85,18,60,1,104,43,-30,-44,7.84,107,45.37
0,61.72,37,45.29,69,115,22.86,113,29,9,40,31,115,-18.47,8,-18.94,7.55,71.61,56.68,-17,-24,107,1.1,26,38,12.27,-5.06,21.21,74.73,32.56,47,65,9,53.24,38.54,-5.54,-34,25,55.43,17.82
30.58,14.19,104,22,70,25.99,120,-34,26.65,104,-22,136,-39,51,59.19,6,-37,-3.04,140,23.62,21,32,71,-24,23.52,27.44,-48,-45,55,29,37.08,22.83,-39,47,116,136,24,13.63,42.38,89
-3,32,-28,64,52,134,5.38,44.98,119,76,-8.32,9.12,124,17,39,143,15,60.65,11,122,31.73,-34,38.79,144,64.88,4.02,-39,5.42,12,100,70.14,-6,102,64.06,113,89,49.91,111,121,104
48.39,113,70.59,0.6,32,56.74,39.78,19.23,142,88,0,115,74.35,82,57.87,48.05,53.5,-10.5,-12,32.11,54,-0.12,12,93,67,34,45.82,100,22,-35,26,-1,72.58,20,51,10,144,56.52,42.87,46.03
32.18,-9.41,35.79,-25,-5,54.12,62,-2.07,64.9,140,70,34,79,55.92,126,8,-1,-49,-23,69.42,101,-4.36,72,-46,-8.65,46.79,60.06,54,-12,-3,53,-26,73.77,53.61,102,91,93,64.63,4.77,30.16
-1,4,19.17,106,53,111,45,34,-19,-47,39.48,140,23.29,-22,10,-37,28.98,13,68,88,38,-22.62,65.12,16.28,42,-0.52,140,47.63,55,21,-24,-40,9,43,0.78,117,125,28.11,142,-37
8.57,92,39.17,1,19,-40,-41,136,55.53,37.56,45,50,-46,15.78,75,-13,59.52,-16,25.39,44,-20,25,119,68.47,65,-5.22,41.5,20,65.59,-45,-25,104,9,55,-17,-17.96,97,65,67.36,2.96
47,-31,40.74,-20.77,63.69,-44,148,69.56,119,107,145,99,118,-45,-50,49,4.75,-24.4,-12.28,-27,-6,9,-13.56,45.29,68,-24,140,112,-4.79,-33,5.97,41,23.29,32.35,56.77,143,-6,121,89,-2.02
-19.65,49.63,61.75,84,38.87,-6.58,40,-40,-41,135,29,143,66.37,10,-0.66,122,106,-10,16.17,5,42.21,38.38,149,-38,1.67,91,50.82,13,-22,33,147,27,76,5.37,36.25,47.73,15.77,89,14.64,54.76
-17,13,15.47,35.3,141,4.57,145,-16.19,2.63,33,137,22.09,130,47.79,63.12,82,117,39,-40,63.74,-32,37,37,51.13,-21.4,21,-21,53.48,-21.34,142,88,121,27.75,19,41,-1.44,22.6,118,-15.15,-9.93
-17.56,15.56,58,48,3,-0.37,-32,27,-4.19,-38,11.27,106,27.07,118,26.18,65,71.89,52.29,33,11,-4.52,23,-20.05,57,5,39.38,81,33,63.56,128,13.79,49,34.27,-26,39.17,93,65,3.91,-22.95,83
33,-22.72,66,43.59,-24.26,-12,36.57,7,14.09,36,27,51,17.54,56.46,57.88,-26,84,117,-44,35.03,41.36,26,28.21,130,33.66,54.82,6.72,55.2,54.89,-12.43,20,2.94,38,34.97,55,32,-6.76,99,56.08,74.58
96,44.25,104,122,48,-23.56,56,11,122,124,48.95,9.63,120,116,84,50.26,22.04,25,-0.79,68,100,-32,37.1,27.15,33,45,36,70.43,14,-49,-47,54.35,41.27,-7.06,114,126,6,-24,21,3.82
-49,-9,15,49.45,44.39,80,-14.42,57.21,7,16.42,109,-19.96,-19,20,73.68,139,75,10,74,26,8,-49,80,-11,129,-29,80,14.11,37.31,80,53.83,64,18.35,58.82,50.04,18.55,95,57,115,34.13
141,34.65,88,61.06,33,75,62.62,75,80,-42,21.56,9.01,50.19,23,12.82,36.94,-13.29,38.11,32,-8,63,39,18,33,40,17.29,52.95,-10.71,46,3.88,63,44.22,-22,-3.34,106,49,-6.67,118,54.49,-9.1
64,79,-40,-20.43,21,136,125,141,56.76,36,-9,75,51,22,112,33.86,44.29,36.51,19.1,-3.39,106,146,148,137,148,33,-2.47,127,9.6,19,108,-38,-38,4,37,54.2,80,67.51,-47,100
2,99,-47,-20.25,4,15,-22.12,20,98,67,-16,46,126,123,133,41,67.84,61.13,17.94,116,32.27,96,68,-13.85,1.38,39.32,22.7,142,-3.12,32.44,-49,81,-35,30,-3,-4.35,114,64,20.13,8
11,-45,42,135,-30,20.46,36,-16.45,118,36,17.16,25,103,66.14,3.77,-11.54,8,64.35,89,18,36,40.52,31.75,-11,63.67,90,59,-21.88,103,64,-10,2.44,18.92,-16,7.79,-1,-15.31,101,-50,-50
-17,31.67,3.94,-24.02,134,15,72.89,-17.83,-22,40.57,116,123,97,33,12.2,13.24,84,-33,36,57,119,-17.92,41.21,42.97,-4,34,1.85,-20,57,54.6,46.14,49.02,86,57.38,56,-15.77,107,12.44,-35,35.49
63.58,131,-35,62.65,34.78,-16.24,46.19,56,8.47,83,76,138,112,12.91,135,36,-42,17,41.74,75,55.72,20,119,-11.96,-40,135,-8,-19.89,109,60,65.56,44,4.38,-21.2,137,-18.18,16.27,116,-9.06,113
149,60.34,131,9.61,46.44,34,130,18,4,118,83,52.57,27.75,1.28,-25,27,38.56,-17,40,131,70.83,-35,58.8,-10.37,126,112,135,27,46.26,66.52,19.33,22,43,22.76,-20.32,98,4.41,41.04,-29,30.99
-1,-29,89,-42,139,-49,6,46,70.59,78,135,56,57.3,28,10,12.63,-43,2.5,128,0.28,72,64.49,25.31,54,-23,-25,50,121,117,105,148,12.62,-17,18.87,7.82,-17.49,-50,44.25,136,30.03
49.4,22,-9.19,114,54.84,96,118,74,3.16,-18.67,75,74.9,-28,28.33,30,13,57,105,146,120,85,53.66,141,137,-43,52.98,-14.86,-35,-41,103,29,99,138,79,-14.07,25.16,63,27.04,143,47
-7,106,64.17,24,70.66,25.78,98,-43,-14.66,37.41,143,59,70.45,-48,59.2,43,132,144,-27,63.59,61,69.45,147,140,102,-24.22,67,0,57.02,-38,88,75,87,137,34.6,-47,-6.09,-13,-5.1,65.44
4.84,-3,79,68.84,13.13,25,122,-22.82,-24,109,40.45,-14.1,-3.25,-2.82,59,6.84,20.42,-4.53,111,76,-2.81,29,-36,-19.25,5.81,62.22,-41,52.98,-49,95,9.87,33.28,1.24,70.63,85,64,-15.47,-13.74,60,41.17
-28,11,70.47,-6,49,-18,74.66,-15,-11.76,105,53,39,127,145,44,14.56,94,-21,8.45,64.65,-16.25,-35,12,14.83,63,49.07,97,142,-44,110,116,40.95,-8,82,14.56,116,96,46.1,49.67,-2
12.18,43.92,43,13,43.43,-49,54.03,38.46,65,94,111,-20,25.31,-15,-50,25.17,130,135,72,62,122,42,-13.45,49,-9.42,13,145,23.08,64.52,-10,110,-10,33.95,131,-19,16.22,43,96,-46,66.31
-5.47,-31,109,29,33.12,140,57,-20.32,-7.35,45,26,129,-3.57,39.73,107,114,69,60,31.9,-32,17.03,-23.21,139,59.85,58,10.86,22,58.14,60.03,-15,71.71,93,-11,71,143,59.93,-48,61,138,7.17
42.3,11.37,-27,-14,31.57,-12,15.76,-40,-15.76,-23.23,-11.2,-21,69.52,-40,121,134,123,40,5,61,48.57,61.8,147,52.17,76,3.34,10,-25,90,34.3,11,41,51.45,114,45.77,4.47,46.03,-7,132,-19
-49,31,-21,66.04,33.41,-2,-13.03,8.54,56.89,-28,47.55,47.69,62.04,97,115,140,62,13.31,62.96,63.15,58.93,-49,12.81,37.75,-8.36,-21.62,-47,26.33,1.57,5.61,-10,15,57,128,101,25.52,72,95,4.01,-20.94
121,-3,1,102,66.8,76,19.76,-16.73,38,87,42.49,149,35.71,40.89,51,4.32,110,63.99,-14.08,132,-3.91,62.64,52,110,-18.31,5,23,140,120,-6.35,-21.94,58.92,40,10.39,-20,134,17,63,41.61,68
128,84,-46,130,-1,27.54,121,51.14,-11,109,-10.32,18.01,62.94,70,54,68,6.28,-25,-31,5,-9.82,17,47,-0.88,66,142,-33,9.19,52.57,-2.71,49,48,-2.99,-15.99,125,-28,64,72,-21.02,26
14.46,114,-5.76,45,36,43,137,-10,65.43,115,16.54,31.85,21.89,-39,0.45,-17.04,36,2,-10.55,80,37.29,80,-19,85,-7,31,-39,-47,33.58,64,125,78,54,6,-6,-4.97,30,74,60,68
55,-32,0,51.46,64,78,144,-48,89,-42,9,58.01,-33,77,78,54.75,-6,53.86,-18.18,35,28.89,74,8.72,47.56,19,-19.46,81,-21,146,34,110,-23.14,-5.59,21.02,-12.05,143,33,29.62,74.4,39.73
62.29,-28,-8.12,132,-2.96,49,-12,52.7,34,51.94,7,1,-15,22.91,116,38,89,90,33.57,86,-50,18,-17.8,-18.64,70,-5,-30,49.47,114,122,66,13.04,50.22,6.6,69,11.59,23.09,31,11.13,46
4,23.47,120,-3.89,106,41.4,59.61,127,71.19,29,139,28.28,117,74.56,19.13,104,114,-4,64.56,-12.54,-27,138,29.58,13.85,140,58,-44,-15.47,128,-33,71,116,89,34.45,-5.65,139,-10.6,-6,119,-8.31
-24.56,98,134,24.96,69,106,-44,72,55,51.8,40.79,-6.29,-2.46,-42,148,-0.6,-13,-28,52,-7.91,-21,-23,147,-13,40.24,3.61,65,56.19,57.99,17.93,-40,20.34,124,32.77,20.34,29.24,121,59,18.47,63
-48,44,28.84,-12.68,31,95,128,66.07,69,-39,-10.52,71,49.56,99,136,-11,-1,66,21.43,59,72,55,85,21.93,-2,51.1,57,25,4.18,-20,68,46.24,140,63.99,-2.84,-23.24,82,16.45,4.4,17.74
90,-35,61.3,118,6,-7,120,84,140,76,15,125,68.94,108,-28,3.4,127,-24,-13,43,87,-5.97,-40,115,-14,59.06,-50,143,-37,23,57.7,-0.48,66.89,33.88,86,138,129,71.55,15.3,47.35
-15.72,145,-14.11,13,13.87,-10.58,48,59.89,57.33,41.44,2.35,-9.57,123,125,-35,57,27.56,52.28,8,-23,56,6.19,18.97,137,-47,-30,22.64,119,2,43.9,83,94,18.64,80,41.4,-4.91,9.91,70.29,139,50
-15,42,-1.91,93,56,8.65,8.13,24.92,105,92,68,69,58,35,22.28,63,-13,67,40.52,35.97,6.78,82,33.53,37.2,19.29,-11.33,-6,28.26,-36,66.2,60.46,97,5.05,87,44.17,63.25,37.57,84,13,-5
53.98,18,77,74.28,115,-18,26,7,-5,63.74,36,72.58,56,7.5,62.63,130,7,148,-8.18,44.8,76,-49,64,30,56.44,14.85,32.55,84,-11,147,9,-26,30.41,-45,88,-8,6,149,100,77
-42,85,29,-17.4,106,-29,-14.18,95,85,-4.32,-2,136,15.87,-22.3,-2.56,7,-21,18.63,66,-17,14,34,-20.53,31.36,-8,25.62,12.62,108,31.42,53,124,68,-20,-6,-5.72,0,86,37.05,43.76,35.99
106,97,120,19.02,62,11.18,-18.07,-21.88,58,-46,9.14,-23,-36,31.4,18.79,115,134,36.18,85,25,1,68.32,68.64,72.44,99,35,125,-10,-1.01,35,-22.22,-14,-50,-12.39,2,0.73,137,5.88,70.01,47.47
78,74.11,37.47,22.52,71,-25,-5.36,66,19.68,73,29.68,12,62.54,118,-10,37.69,67,56,45.13,-17,40.54,-18,107,65.16,48.96,12.81,-5.05,130,48.61,-14.01,64,74.61,51.15,0,7,54.1,-4.03,144,128,133
28.38,-5.98,0.06,-16,119,-39,-11.41,54,32,63.23,148,-20,11.16,121,43,43.39,18,54.23,141,-9.8,15.25,4.06,-29,13.51,25,77,13,94,-4,135,92,24.43,91,22.55,31,136,-6.53,66.71,29.68,136
57.3,27.41,31.23,-19,9.32,98,-18.26,22,-6.62,55.1,87,-40,41,131,43.87,52.25,31,101,94,84,59,13.83,70,124,21,47.74,5.27,5,132,16,19.86,37.68,4,5,124,83,35,11.99,55.2,-0.15
70.64,15.8,-18.53,10,60.87,66,-41,9.28,114,44,17,86,-43,-13,28.47,-42,-7,-39,57,-4.87,80,20.94,78,78,14,1.88,12,114,34,145,-46,88,49,-40,148,-9.71,12.08,44.16,16.34,-1
110,44,28.61,-4,22,102,138,89,6,-6.37,-32,56,60.48,1.24,1.4,-39,0,147,124,6.04,149,19,-25,-12.74,10,110,18,-44,26,144,0,24.86,-39,27.97,36.87,14,-15,10.07,95,89
60,60,60.69,-26,58.21,141,20,14.35,-23,-22,143,33.93,26.08,25.35,11.73,3,57,11,45,57.77,52.71,104,33.97,33,14.62,25,-39,34,2,-19.83,30,39,58.27,67,37.92,131,40.8,-3.46,47,-25
36.44,49,-19.71,36,79,7,-15.5,-2.43,-19.93,75,-12.89,113,-23.11,70,141,49.06,50,60,-9.04,-22.82,15,45,10.77,41,58.81,36.17,-4,67,67.65,-36,-9.79,22.6,58.48,7,71,44.2,30.52,-6,123,73.24
51,22.55,6.42,109,100,-17.68,84,-1.79,101,-3,47,70,111,14,-48,10,15,-24.51,70.13,50,38,13,45.19,-6,79,15.19,32.21,12.71,30.24,58.47,-14.36,-46,35.3,140,121,66.23,60,45.07,-10.2,112
115,38,137,30.61,21.75,16,16.05,36,-3.99,-24.92,39,-21.7,113,48.7,-14.33,14.53,-21,2.58,39.12,137,26.69,133,-45,34,73,52,-22.47,51,55.05,30.71,-19.33,53.8,125,82,7.34,-5,12.75,69.36,46,49
30,79,70.5,-6.73,23.41,-46,22,1.62,-18.46,31.51,66.72,17.95,-2,140,-40,21.48,47.33,-7.27,-25,13.86,-50,23.7,24.71,88,72.12,53,13.83,23.74,-35,73.31,-5,97,46.67,25,73.35,122,96,-27,29.35,56
117,-4.93,58,46,51.88,-10.15,16.55,-38,-23,-3.77,56.64,56,6,29,-32,6,32.15,-8,72.96,-26,107,45.15,22,123,99,-8.71,-6,46,-14,45.36,119,83,103,54.88,97,93,-17.87,76,127,-2.93
31.92,49.31,63.27,57.3,71.33,0.04,46.71,-21,129,44.26,-8,49.23,69,-31,81,-7.53,53.55,69,-32,1.36,62,-5.3,48.11,16.28,28,9,-8.7,52.02,30.96,2,45,23.32,39.97,122,-16.05,13,115,89,-14.8,49
1,-12.34,40,53.19,28.07,129,41,-29,-16.46,3.85,47.55,-15,124,-4,67,12,74,-13.5,51,118,124,67.73,69.28,39,-30,-22.58,-44,40,11.21,73.54,46,24.1,127,-28,86,-7,149,-9,68,5
-16,135,148,138,59,6.5,117,14,112,9.61,-31,62,73.81,-14,8.57,-40,-28,-22.44,71,6.6,60,-8.12,120,61.89,16.09,35,75,-8,-35,19.24,-45,22.34,126,26.95,-3.49,68,25,40.44,-35,109
39.06,-13.82,84,54.37,22.27,28,-14.72,-22.73,-9,-14,16,84,126,142,44,70,86,74,11,-20,70,109,76,17.13,11,-8.28,-9.27,113,65.74,66,8.83,-44,137,-24.2,27.04,55,67.16,22,56.6,67
47,-24,-1,45.59,-9,-8.12,112,109,42,-14.64,37.3,138,99,144,-45,4,-41,59,16.4,54.11,124,44,9.97,16.89,46.72,41,-19.23,-21,-50,-23,-17.93,57.56,46.23,5,-4.89,45,63,53.65,73.65,123
-8,115,36.92,34.16,-7,-9,-19,26.09,46.56,48.57,-7.42,95,20,16.89,58.84,-16.3,147,114,2,116,-9.17,61.27,-50,19,-29,3.65,112,-5,42.93,17.41,-28,24.63,110,3,-37,46.34,63.15,46,-18.82,88
31,5.95,-36,16,112,12.72,121,14,0,-14,86,142,15,69.07,-15,59.16,72,140,78,-18,4,36.5,17,-14,35.6,78,-9,73.3,127,4,111,-5.13,18,59,82,-39,-38,125,-5.41,12.05
7.46,92,49,95,29.68,74.05,100,16,101,29.86,58.55,9,112,-27,-22,13.22,-11,48.31,39.85,7.79,-7.22,34.62,-32,47.07,29,145,60.11,-18.77,119,-31,42.29,17.63,37.42,47.56,62.72,24.87,87,2.9,-6.49,7.97
30.39,21.05,-9.3,29.02,-49,17.43,0.01,-4.46,-7,-43,133,106,48.27,-47,48,108,-47,117,32,9.71,67,8.9,-24,87,48.42,49,28.06,103,19.54,15,-14,-14,67,69,-17,-5.1,11.61,33.67,-50,-20.87
26.93,82,-6,-33,19.44,101,122,68,22,40.55,103,17.17,-0.22,-32,-4.96,79,-5.55,36,61.14,-23.87,71.27,5.5,12.6,149,58,-22,-6,-9.42,65,-17.97,-10.42,45,62.56,43,74.62,65,131,-33,-18,134
24,-30,38.02,16.17,73,27.08,5.44,46,-4,71,33.54,-45,91,-13.37,81,83,10,94,93,7.55,113,122,59,-4,59,-19,16.43,46.56,-38,19,23,88,51,28,-45,25.33,33,-46,-5.07,6.97
50.65,-9,-3.74,71.06,107,118,49.88,30,6.86,-49,127,57.01,127,62,-34,-14,66.24,132,62.44,69.51,67.69,21,-49,37,20,145,96,20,-35,-18.11,21,-8.64,32.15,40,38,-22,29.66,57,-0.8,78
74,51.54,49.17,16,126,52,126,6,129,3.38,122,-26,72,130,83,46.47,16.06,38.67,50,-18,23.02,-20.48,32,3.2,119,68.24,134,117,132,33,9,16,140,-48,-19.91,62,-28,27,149,-16.46
-21,112,48.13,45,84,8.4,-22.92,-4,101,3.16,-5.33,-45,3,-16,24,129,48.73,116,-34,-5.75,5.4,-24.36,-12.35,-15.24,45.43,64.36,77,-25,75,33,72,27,148,-27,70.33,60,123,36,72.35,44.93
12,53.11,146,51.57,61.8,38,99,41,133,78,82,146,9.79,103,3,-35,-11.98,-46,87,-6,41.31,65.48,51.44,1.44,10,44,36.59,-21,27.82,40.01,1,47,18,-7.2,117,-36,86,50,36.16,47.28
147,8,20,20.33,35.87,46.05,10,-49,-5.82,60,33.12,-13.58,15.02,109,-2.03,-50,-16.65,11,-46,47.6,77,-33,10.42,25,-41,93,54,127,-18.46,48,-29,19,-18,45.41,142,-4.54,101,93,30.49,66
-33,-26,2.15,66.03,-12,78,-8.46,51,71.02,-0.71,7.16,-18,126,68.45,60,38.88,92,59,-3.5,20,112,37.4,-19,-6,-2,57,-16,67.13,14,6.56,113,30.73,-0.63,-44,41.92,70,-1.24,44.15,-26,87
64.4,95,117,-1,-18.39,61.08,54,61,-17,-5,46,36.98,11,-25,123,8,43.68,-5,-7.81,108,1.42,58.21,32,39.72,97,8.3,131,-23.08,118,49.42,22,86,44.37,2.92,121,46,-22,32.23,8,128
2.97,21.41,89,52,-11.82,59.08,74,88,55,2.46,43.12,139,144,67,5.79,123,127,89,53.81,-11,41.44,1,147,47,-9,31.75,50,52,122,-10,78,-10,-21.59,21,32,49,109,60,72.23,-6.12
82,42.78,-6,-25,-5.36,61.55,-9,22.37,97,-26,61,-16.27,31.64,125,59,-12.35,18.62,5,-13,96,94,78,-16,-12,46.37,-23,31.97,68,55,-21.82,113,12.31,75,-6.14,22.22,40.22,-8.88,62,137,61
14,13,-0.45,34.66,139,-1,60,2.41,65.39,131,72,21,13.91,62.8,-32,40,110,99,135,56,3.1,2,121,-10.76,54.69,94,-46,14.69,5,143,-22.09,13.2,-4.38,27.33,20.8,0.81,-6.35,27,37.37,68
1,106,110,-20.65,-11,15.12,13.07,34.03,131,27.97,144,-34,1,45,-40,91,5.04,38,82,-18,53,68,41.01,137,29,129,112,78,79,66,66.77,42,-19,94,117,46.86,85,-2,100,41.78
4,149,49.2,-1.08,22,38.44,56.68,-3.9,21,25.94,-9.06,108,18.21,124,47.98,25.19,22,-16.11,-4.55,15,145,60,3.62,148,-10,145,0.05,5.52,46,93,28,61.07,20,11.34,57.25,13,-25,69,33.8,-18.28
149,78,-8.9,76,38.63,50,119,117,56,-7,72,63,-45,-23,88,61.24,102,-30,43,-39,10.94,26.67,71.88,33,-22.67,53,26.35,31,85,64.5,-22.82,-46,46.72,-13,73,-30,-0.21,5.76,37.62,11
34.56,72,-0.19,140,-14.79,120,58,21,20,-13.4,43,-18,33.88,59,67.48,-21,21,-45,-8,122,36.07,-3.68,115,72,-34,8.89,56.99,-5.83,48,4,4.45,136,148,-26,15.05,-37,130,32.7,67.02,19.7
-24,-22.57,51.77,101,-9,-1,42.34,146,52.55,108,-26,26.57,135,-11,-48,42.24,28.13,53.6,60.59,55.56,50,143,10.81,48.47,117,71.17,-21.66,138,74.34,0.18,-7,105,11,42.82,28,-18,9.69,71,49.87,41.85
-1,-12.29,106,16.24,26.76,59,15.25,77,9.83,80,67,-7.62,11.15,-34,-5,-21.64,43,65.1,1,20.88,42,-10.26,14.7,41.97,90,-24.02,-7.02,102,10,47,44.52,42,137,26.48,148,10.61,12.88,141,1.84,139
-44,22,83,70,12.42,51.05,-21.56,26.48,129,43,141,22.85,2,9.07,42,35,-29,60.77,40.49,3,131,52.78,35.75,18,-10.11,87,-23,129,49,29.3,97,16.49,39.29,-6,73.21,8,27,38,72.54,90
89,68.22,14.09,-23,93,118,23,-8.01,-19,-49,9.12,-31,-11.97,32.36,-7.12,-23,78,88,9,44,118,-33,62.19,50,49.71,20.59,-30,-4.42,0,144,1,11.29,97,22.18,57.19,27,11,47.45,80,35
95,91,-6.31,36,65.18,28.87,-7,2,70.48,86,-39,-28,72,87,137,-5,-47,77,15,32,-45,-6.58,8.33,16.9,29,81,72.27,-29,10.53,58.76,60.03,52.98,55,-49,52,-25,82,41,5.77,61
81,72.04,46.24,-14.16,-15.66,78,8,32.88,-6.5,57.98,66,16,65.19,67,149,8.45,-43,22,-16,5,142,65,19,-20,7,105,81,47.66,89,140,98,33.31,-34,6.9,-8.23,34,-14,34.88,69,75
9.43,55.49,32,62,-4.96,-42,89,57,37,31.43,43,75,24.35,-45,71.73,40,46.68,-5.49,69.4,-15.52,47,131,-16,46.24,90,-39,56.94,78,52.21,-11.6,76,127,105,111,6.9,91,44,13.98,-8,-10
2,40.46,32.95,-13.29,-30,5.29,40,84,59.45,36.45,110,64,-26,133,61,-2.1,99,41,-4,107,-28,37,-21,86,66,16,-23,50,-23,69,35.54,-7.05,-45,127,-13.91,32.24,-21,100,-14.02,17.58
24.66,69.24,50.43,17.02,-11.06,50.59,120,44,-40,46,94,109,61.62,144,148,122,138,145,123,65.05,-12.81,-12,104,11.37,103,111,-24.74,82,123,-15,-8.41,87,89,-45,58.67,105,2.97,11,35.37,109
-40,58,110,38.42,64,134,-3,49.88,5.72,2.41,13.5,-32,128,-11.34,74,3,20,53.08,17.05,-4,-42,26.49,-25,-9.7,148,100,114,35,-4,7,23,-35,35.54,-4.64,-29,43.6,107,46,30,62
23,-23.05,37.15,-24,45.49,106,-14,124,12,-50,121,23,145,-9,-22.03,73,24,13,68.01,30.43,-12,51.67,31,-42,-47,0.13,77,41.76,-19.72,134,-15,37.47,12,133,127,138,117,-12,113,93
4.67,142,-3,49.19,37,18,-25,-12,-13.36,12,-34,-7.85,50.61,124,125,78,25,40.33,6,44.57,79,52,125,10,-36,36,46.22,11.26,74.29,89,144,-10.23,-31,145,10.2,-3.04,136,25,-16,18.88
83,62,59.39,71,112,25.75,73.73,52.44,-35,48,-43,-45,40.54,51.53,134,142,34,141,13,16,39,133,-35,54,-14,76,-26,23.17,14.81,30.5,105,53,47.39,-5.21,132,79,-42,74.69,1.45,57
59.73,57.07,65.64,30.59,-29,14.14,7.59,101,41.34,126,92,91,-21.01,12.6,106,35.17,13,97,118,65.24,83,11.35,-2,51,87,2,111,-34,38,28,66.95,140,51.52,-41,70,4,2.6,-10.71,55.53,26.72
-0.76,37.42,56,88,-12,-6.81,83,117,52,69.12,23.51,11.53,38.7,70,49.81,-2,-46,69.93,32,128,41,147,45.47,134,69.73,-0.51,31.26,60,112,126,37.52,71.82,136,11.7,115,95,-2.34,15.3,18.27,115
149,82,-6.96,54,135,4.54,54,138,57,-41,66.34,146,14.41,3,-10.96,13.91,93,43,107,-11,50,43.9,69,7,31.58,-40,49,29.05,98,-11.62,55.25,64.41,62,73.84,17.97,46.56,-7.12,45.84,54.7,101
15,-39,102,18,36.17,143,-17.1,42,49.58,105,117,-19,80,57,134,18,26.36,104,22.66,-19.85,19,100,5.78,-28,54.92,20,2,0,29,14.44,41.42,23,25,22,148,-12,-47,37,-20,-10.1
-11.92,-48,-16.71,71.14,-46,23.61,25,23,39.42,-49,43.64,-5,18,-16.2,88,19,-9.27,108,16,24,22.11,-37,78,-1.96,49.67,93,16,21,-14,9.21,142,17.55,102,-48,20,-43,27,73,48.72,30.29
37.22,23.63,44,-50,57.63,142,-35,-45,98,24,36.76,72,-15,37.52,-13.12,-19,-6.16,32.11,15.5,117,-8.55,56.85,117,-19.06,72,-16,2.4,-3,116,-23.11,74.02,127,56.8,57,94,143,59.26,69.84,12.65,5
124,-4.01,8.77,49.7,38,-2.81,94,26.93,-32,-1.44,55,42.66,-39,-6,-22,5.85,23,-8,73.4,54,-21.2,4.34,-16,12,69,145,-3,22.65,30.07,45,83,34.53,67.54,-2.46,136,36.81,65,101,76,25
84,10.79,-26,68.4,35.92,2.84,147,21,41,49.04,36.1,-19,-7,17,8,23,70,62,24.84,66.51,21.27,67,80,-14.9,7.84,6,10,-19.78,19,63,54,100,37.87,49.84,-49,29.78,42.17,-35,-15.38,9
26.78,-10.53,100,68,23,67,-17.45,54,35,16,61,-28,67,61,-3,61.94,128,-21,18,18.87,-2.27,25.02,-5.03,15.84,-32,21,40.33,-47,144,147,35,6.2,92,63.14,140,16,75,9,15,43.31
-31,48,65.66,-19,81,-11.25,145,59.54,40,-15.94,36.01,59.65,0.81,84,46.62,67.9,-10.21,-5,-1.59,124,-41,-29,60.59,43.72,77,-19,26.74,7.22,80,38.12,6.2,-22.8,55,35.13,74.25,-36,133,127,62.5,107
79,57,-7.75,33,9,44,1,109,-6,63,23,129,-15.36,123,-3.86,70.54,130,28.98,-38,-0.24,43.9,119,94,37,124,86,41.74,16,-14.73,54,-2,71.49,41.82,31,25,-43,53.91,-6.92,70.85,9.52
71.79,-4,-36,91,86,-45,-33,73.86,56,31,42.33,148,-41,-9.39,-43,4.51,21.97,0.73,2,18.97,99,17.43,24.04,122,13,147,-1.11,45.61,12,49,-46,-48,10.71,39.17,-16.56,125,52.76,91,-2,-14
-23.54,49.02,37.71,58.25,149,134,9.18,-14.43,-5.85,45.29,18.44,139,56,37.64,-12.08,1,101,95,63,112,-12.81,80,28.62,33,45,133,67.46,31,52,22,-11,68.32,0.77,31.38,20,-19.02,-10,-7,7,130
12.77,65,22.69,1.02,-3.84,21.5,4.67,6.21,74,139,-48,104,84,10,-29,105,53.87,-11.99,142,39,-8.31,130,-21,-5.54,-34,122,-10.13,24.68,-8,-20,106,19,103,-2,-1.53,70,67,84,42,2.79
48.17,-23,140,-18.62,34.07,52.2,-35,-23,-25,-18,74,68,25,14.57,67,-29,126,-11.62,15,40.98,-7.86,-27,-42,25.62,0,58.08,48,-37,27.26,30.36,96,52,76,13.51,-22.08,76,56,102,52,105
41.45,-7.55,16.27,88,110,55,19.8,87,81,-12,18,57.36,27.78,81,-4.92,-15,66,29,102,-12,128,-50,146,137,-13,112,10.72,58,31.46,23,-5.72,17.95,55,62.13,10,68.22,-13.22,-20.51,-28,101
54.28,-43,70.88,38,33,-14,136,52.56,88,147,70,127,-4.28,14,59.93,13,-23.07,13,22.78,67.7,-11.65,-16,108,9,-10,51.36,12.9,74,67.36,11.21,84,-16.51,-37,76,34.19,126,77,110,36,37
67,-10,120,22.21,97,82,83,-31,63.35,85,116,39.93,108,49.09,54.61,39.94,11,29,112,42.17,-11.07,1,102,-2.79,55.55,-20.11,131,129,96,102,-16.61,-19.89,-13.22,23.31,60.84,-25,39.15,133,21,-50
144,-1.06,51.18,57.32,33.38,-4.47,51,36.54,20.47,2,-27,63,-32,-24.59,-33,60.75,79,113,-42,-37,-14,34.3,36.24,27,115,28.4,70.8,5.21,24.13,5,31,-15.32,19,35.62,72.59,-0.71,47,46,2,56
43,5,32.19,54.5,49,117,145,112,30.73,-5,56.54,124,-21.53,124,67.91,48.23,31,86,27,-12.56,0.14,36,-22.56,11,59.04,-44,108,34,20.43,43.78,43,-48,-19.03,125,-1.79,103,90,2.37,15.31,-18
26.14,3.56,-18,8.84,2,107,114,113,47.87,10.94,23,38,-2,37,70.99,-6.23,63.22,59,14.78,19,-11,-12.52,93,-18,1.97,-36,61.93,-21.53,1.87,53.3,59.94,17,7.44,-23,-24,-33,40,116,137,50.53
94,3,27,51,40,16.84,25.37,53.76,51,26.03,-48,32,72.82,-3.53,21.16,100,0.22,-14.88,87,-46,53.95,15.72,-30,20,40,-7,102,22.89,136,70,-4.25,114,30,43.88,31,-34,95,28.64,82,44.29
89,-0.55,42.34,63,13.38,11.79,-26,4,22.54,132,16.08,-18,22.39,35,-21,38.28,-8.43,92,17.39,141,79,29.5,24,109,58.46,11,-1.77,21,-3.89,-5.19,-39,40.56,-14.27,-12.14,129,-5,102,121,-10.89,16.83
28.78,65,0,48,59,78,-15.1,-23,34.73,-15.71,58.03,97,11,31.38,-16.9,-1,119,27,-6.9,20,115,71,-27,132,-34,56.24,28,80,-44,94,0.48,-18.07,118,-17.27,-36,-9,75,44,16.93,17
64,130,57.86,30.95,12,-14.89,8,12.79,-8.83,126,11.7,26.2,91,-20.16,-3.49,86,0.71,124,14,67,100,85,74,36,42.93,45,-38,137,-7,-39,95,47.95,142,74.25,-8,69,51.7,-6.11,63,-24.16
141,25.53,144,20.13,-19,45,14.96,6.93,133,11.7,143,47.43,28,112,88,-15,63.77,11.85,55.84,-48,-11,45.77,37.58,33,5.69,16.42,53.78,26.76,14.36,-35,27,8,25.15,5,30.47,135,29.6,99,71.76,-12
-2.52,22.99,64,-31,68.59,40.71,62,63,82,34,32,15,58.85,12,51.78,-15.02,26.39,72.85,111,-32,81,76,72.13,109,32,-18,-33,13.76,16.29,-12.9,-45,49.15,37,78,36.77,47,1.44,67.04,-12.97,24
67.46,118,-7.49,3.44,-19.54,-20.37,-5,5.56,41.61,119,118,-28,8,44,-30,115,3,138,149,50,2,56,57.14,134,85,20,11,140,48,50,-44,-44,-16,20.02,97,123,71.64,19.1,96,29.45
62,124,67.53,75,-45,-19,15.17,71,96,24,-10,1,20,57.66,6,12.21,0.2,47.49,11.52,2.89,126,57.84,20.89,0,138,48,33.15,72.61,92,29.19,146,21.59,147,105,102,116,59.74,13,118,128
119,72.84,51.96,31,-16.74,-25,-16.74,94,142,19.96,33.41,120,36.19,119,40,139,19.1,145,28.44,52,-27,-22.61,42.45,8.43,46.21,75,10,59.24,54.1,-6.98,74,23,66.57,-22,125,18,32.21,88,18.4,143
-1,-49,-22.6,141,29,77,27.8,70,-48,47.18,128,1.14,9.42,98,-7,5.19,-34,133,76,40,15.37,20,-6.37,16.71,112,-47,43,4.88,147,104,-18.94,44.71,6,-49,80,-5,0.83,46.4,70,13.15
40.19,-22.64,4.24,-48,47,26.21,34,46,70,-11,-22,-17.06,-28,118,86,-46,51,36,-8,148,105,14.21,39,74,19,8,16.61,50.39,78,116,-50,23.75,88,57.16,114,105,-17.1,57,32,-39
17.81,-12.02,-7,67.54,37.45,50.11,1,149,-1.85,-8.02,-18.88,43,116,45,71,25,-33,99,-31,-11,40,48.88,132,37.4,21,137,101,66,14,59,1.18,3.64,64,-8.05,-2.69,89,126,-20.2,4.61,5.76
21,-42,-20,44,54,39,29.49,47,18.34,10.69,107,110,125,45,48.54,37.4,13.92,25.89,60.22,-16,29.42,54.89,41,-23.86,-42,94,44,-24,61.8,29.16,27.52,80,-4.55,72,-0.52,35.82,39.69,119,11,39.24
24.51,18.61,51.67,5,3.73,4.91,38.34,-11.34,-8,103,8,65.81,-7.9,64.95,147,71,10,21.5,-2.12,-37,14,89,-16,-26,-19.1,-6,19.83,66.16,57.61,-13.08,58,136,8.69,48.63,24,110,10,-14,17.76,44
-12,132,74,127,107,-13.14,146,47.36,36,46,13.75,-20.68,-10,66,-40,74,67,29,92,64,31.48,-22.39,-49,23.81,114,91,47.69,30.17,100,-42,24,-18.2,18,43,52.13,43.45,15.78,-27,18,72.09
123,35.3,21.1,31,-3.85,-5.74,69,110,62,7,57,10.55,129,136,74,41.22,74,17.28,1.94,18,76,71.21,24.33,23.85,24.73,104,53,102,119,124,66,42.67,115,51.02,116,8,64.58,-11.96,-20,61
75,-2.46,8,19.27,6.57,0,33,43,5.29,-27,13.07,-37,81,69.64,8,5.86,28,99,102,71,-18,-4,136,11.79,-14,10,113,64.07,27,29.48,19,144,63,25.99,31.27,61.2,146,60.54,-11,42.38
-31,147,-13,-15,-18,94,-2.69,21.37,74.22,65,-29,73.23,-22.52,70.99,75,89,94,4.74,-44,128,6,139,70.57,62.23,-3.89,-14.3,140,102,-12.95,30,-10,11.54,83,44,66,35.23,47,142,-11,10.61
63.36,32,19.05,30.25,137,124,36,35,22.54,141,-27,-22,26.63,15.68,14,24,43.88,24,93,-1.45,26,30.48,30.99,54.66,-2,28.04,42.15,16.98,136,144,69,3,-15.01,-9.2,2.16,18.89,-10,-7.52,6.87,72
21.57,18,132,134,-9.18,35.56,133,88,5,75,21.44,45,19.87,-6.46,-49,12,41,67.21,106,32.85,46.86,134,100,106,141,-37,73.18,51,50.05,128,149,-34,138,24,142,-21.47,124,64,-22,-19.45
-5.69,98,8,-25,59.2,54,26.22,-28,91,74,25,-18,47.54,-12.55,59,94,15,77,123,5.25,32.47,23,-23.98,-19.92,-7,71.79,-9,146,-11,54,129,41,52,65,68.53,30.96,80,2,39.35,52
-1,133,57,80,-49,-41,106,-2,140,72.66,-5.18,-15.43,38,22,-37,26.78,-19.76,16.52,147,23,128,128,-17,-30,50.95,54.75,11,28.77,51,51,61,-10,37,3.86,-6,-9.44,-8,41,71.51,16.89
-21.73,46.7,35.18,73,148,-16,19.37,22.55,55.06,137,109,61,-19.71,136,-50,-11.13,-14,-27,67.63,-42,28.63,-49,100,62,119,80,107,-42,7.75,148,120,63.1,-12.99,-45,43,146,51,-18.72,120,-32
58.64,25.86,37.91,-41,9.35,1,67.6,23,66,9.26,35.73,60,104,37.44,-8.28,-5.82,96,34,11,53.82,-4.76,-4,22,-11,64.87,23.76,5,60,29.88,39.33,89,3,100,42,38,-6.32,18,-36,56.01,72
43.98,75,-34,26.94,60.85,93,142,51.52,-16,93,52,57.33,38.5,-22,71,16.03,-1.26,39,148,-17.63,-14.63,-46,-39,97,61.78,15.96,124,68.98,140,2.98,67.24,-13.27,132,45,51,31,49,135,-12.54,65.64
49,-13.79,-16,140,43.54,128,-45,28,52,21.85,2,6,2.81,35,23.67,66.95,9,123,112,25,114,26,-8.55,119,98,42.59,-0.13,101,7,132,40.57,24,129,-23,-8.84,15.9,54,-4.63,6.7,9.94
54,-36,50,63,59.58,33.16,5,138,44.05,52.16,76,64.35,-18.18,-5,-13,41,26.96,112,45.21,51.46,65.36,-43,41.98,117,123,-8.81,60.08,5.31,-17.08,93,5.86,51.42,40,-19.95,38.34,14,44,24,108,48.84
95,-16.4,62,94,99,40.48,-36,38.63,-19.48,23.39,-8.99,68,143,74.09,136,0.33,81,-20,-25,56.98,49.41,27.54,25.24,6,126,-6,-24,12,-3.86,-8,68.47,107,71,132,-45,75,-14.77,59.64,-18.31,73
-3,43,43.33,-21,1,34.56,112,-27,18,38.27,123,-43,27.15,67.07,112,123,42.18,54,9,14.53,-24.84,65.36,63,-9,95,-48,24,-12,-22.29,1,47.55,103,73.78,28.34,9.93,15.03,130,6.99,123,52
33,52,73.01,38,96,37.4,-37,27.27,17.55,32.22,54.14,-26,24.02,-10.29,112,40.09,100,32.92,32.48,52.46,34.61,-16,37.92,29.32,-2,51.71,92,14.47,80,63.78,135,95,141,-2.1,-16.46,63.84,-12.19,74,-8.3,77
145,48.89,89,52,18,13.24,-27,106,138,106,-1.1,144,100,12,38.41,-31,143,5.38,127,124,64,0,118,-22,7.42,-16,-44,-22,78,18.15,60.18,39.49,-0.94,111,126,-31,-16,101,-12,51.75
60,35,-4.44,79,60.58,-23.47,-41,40.54,133,-16.27,-11,-30,-46,50,-7.94,36.75,27.44,25.49,25.57,-28,-11,-2.12,145,148,24.91,-1.28,15.14,40,56,23,109,-11.47,29.57,39.84,141,40,-37,-20,8,56
63.96,-31,27.02,142,53,74.96,117,84,-43,-24,41.27,5.08,20,0,23,47,48.58,104,62.9,79,3,60.16,46,2.84,-11.06,79,-7.71,-24,82,62,147,119,116,132,-2,64,39.55,11.4,-18,53.66
97,-0.39,5.05,29.22,0.31,62.49,30,114,95,13,-5.9,2.83,6.84,90,50.57,96,-21,149,69.54,11.59,31,1,-3.14,-13,10,7.13,120,46.16,13.58,61,18,32.37,21.19,13,132,55.12,61.35,-28,64.37,94
56.58,-22.13,107,21.22,91,32.71,-24.7,-21.1,15.9,33,35,14,25,47,36,63,33.52,136,2.25,-9,149,135,49.05,63.12,6,23.31,24.2,75,-23,133,13.16,40.72,94,-2,-16,127,56.85,67.72,26,19.44
111,0.92,44,67.21,-8.94,69.78,118,68.04,27,68,72.75,11.19,50.82,9.39,4,87,-21,9.38,73.43,10.5,125,64,92,-18.83,27.42,53.16,125,134,68.02,30.55,2.45,49.2,53.3,73,43.17,104,41.34,136,-11,139
-48,-44,-43,17.21,45.85,23.58,3,6.82,66,29.92,26.99,126,92,-21,-34,60.73,-1,-4,-2.57,-34,14.55,56,50,60.13,-27,-45,18,19.96,134,-11.66,31,13,12,126,72,-24.6,72,9,23,37
-1,-17.94,-6,-0.99,62,53.36,14,89,7,66.69,-9.86,121,-30,138,-48,138,120,46.47,-45,36.87,40.84,127,0,38,60.87,7.82,127,14,15,14,32,-2.54,-36,125,-9,-33,-36,80,143,-7
68.14,17.41,98,-3.35,-21.18,71,77,2.87,79,72,93,49,127,6.77,8.23,26,99,-3.68,-20.74,38.28,29.07,8.28,50.47,88,82,-6.6,137,36.81,-9.5,-47,11.82,62.13,70.64,-14.67,149,-15.17,79,-37,12,143
85,-33,-17,-3.53,-50,-13,70.86,-5,16,65.61,-26,35,95,33,-6.92,-36,-7.39,36.02,-37,28.12,84,146,82,6.34,-4.2,5,92,-9,53.54,47.37,41,23,83,109,53.74,14.77,-37,47.41,-17,47.58
-24,62.38,105,-10.11,-10.49,-10.55,135,112,-5.82,-8.37,17,-38,36.96,45.71,4.21,41.53,100,-46,37.26,-23,27.99,106,149,-44,57.95,65.51,57.78,-23.75,24.11,46,115,-22,-2.72,115,-27,70,-6,142,-21,43.88
-1,44,-23,23.85,144,137,11,38.66,36,139,132,59.18,22.88,53.25,58.44,35,-13,51,48.34,-13,131,104,46,-41,128,-34,38,62.07,48,30,13.5,49,24,14,-48,-46,-14.46,-34,-1.35,-32
54,51,20.2,134,-50,34.66,18.04,58.26,-6.44,55,46,55.93,106,53.7,118,23.13,32.54,42,68,88,-16.64,36,-12.42,78,40.68,20.58,102,-20,-25,61,50,27,-9,12,71.17,-5,139,37.48,40,95
74.04,44,96,18,141,141,93,71,82,-12.44,-20.36,71.41,141,145,-9.05,32.87,-0.93,36.73,68,27.74,-47,102,1.13,83,11.87,72,78,105,46,38.99,141,74.76,-32,138,70,76,49.08,-25,78,95
70,100,143,-9.02,93,148,7.74,21,73.58,25,-31,-14,73,78,20,-20.04,138,-44,26.62,145,-0.55,73,-4.38,35,17,-17,-40,92,-21.2,-2,21,131,130,71.12,78,87,101,14.97,3.37,17.12
70,7.25,21.87,31.88,15,49,49.9,-23,71,66,48.67,21.09,-46,72,-2.67,-2.89,112,126,-34,39.24,34.81,76,-11.77,13.24,-1,35,-31,114,-6.4,81,91,66,-46,4.99,-10.41,31.58,64,75,-6.68,-17
72,138,49.83,83,-33,114,54.45,-16,51.5,53.29,64,106,68,43,53,56.22,-29,77,-9.7,-37,-3,-20.43,130,130,96,-16,-2,34.59,38.58,64,34,6.99,36.77,56.44,-26,-46,116,18,107,-47
56.01,134,41,96,-0.75,-6,19.11,42.63,-48,29,79,78,142,11.22,62.51,9,71,-46,22,-21,148,43,47.21,66.73,135,0.24,-7.49,35.12,56.45,45,32.92,144,33.4,16,-20,71,62.39,65.57,44.58,8.32
99,-49,99,-4,92,81,-6.18,49.56,61,56.1,87,13.46,-27,122,139,127,30,65,149,58.99,21,112,5.99,74.12,97,71.32,55,-6,-10,27.99,28.53,65.68,-26,44.92,30.72,42,67,113,34.3,27
-22.67,-34,136,87,24.13,-20,58.46,94,30.14,-9.9,130,144,109,29.74,-9,119,86,-21,113,72,35,-14.71,-11,23,47,17,125,67,0,-14.44,20,64.1,32,139,-34,72.14,48,-33,12.03,32.86
-28,97,-26,9,37,-21.04,43.73,78,88,-16,57,44,27,-0.37,27.42,48,-37,123,134,10,-17.27,27.68,56,31.79,41.84,61.3,60.36,121,1.16,13,53,47.63,89,84,18,-18.29,78,130,23,-35
-5,49.41,-36,67,-23,85,22.75,-40,57.6,-14.45,102,46.51,-9,136,53,-32,20.23,52,75,37.33,-7,-21.43,39.39,65.62,48.56,29.74,23,119,-12.6,8.01,131,-12,82,51,47,-33,-3,26,109,139
16.87,-32,69,-42,-14,22.43,70,-24,87,17,90,142,103,102,-19.31,11.2,69.99,-35,-5,52.28,52,-4.45,-17.35,74.01,121,37,55.73,62,2.67,-5.99,15,-47,106,49,0.31,-14.37,-14.74,27,34.07,-31
7,-31,-15.77,22,38,39,-25,-15.44,76,145,103,135,87,-19.81,148,-23.04,-40,16.41,74,54,35,96,-17,106,-18.77,75,109,100,81,34,-20.39,-17,71.5,15,49.23,1,97,148,48.29,56
-1.24,-3,-15,-10.36,-8.2,-40,134,-43,118,25.27,22.98,117,-16.15,-16,-19,68.85,129,59.32,111,86,61,15,44.21,-21.65,-42,74,135,49.03,55.36,37.34,106,38,87,71.34,94,22,31,15.23,-41,112
131,49.72,128,23.35,11,40.01,38.54,1,74.26,11,66,48,137,53.34,29.02,42,116,8.09,21.06,67,20,9,-21.34,136,-8.51,2,118,-19,38.44,43,40.92,81,52.2,17,46.53,141,92,32.43,-2,140
85,-4,113,47,8,17.85,39.25,58.62,10.6,130,49,75,-42,51.82,-24.72,5.48,-8,97,-14,24.47,-15.7,72,-14.7,3.56,-6,-21,-2.91,16.38,3,72,32.18,92,120,7,72.29,35.24,52,124,40.54,33.01
53,96,-3.57,12,-5,71,-13,-39,-22.69,37.24,8.01,117,-25,128,69.85,116,72.46,16,13,-6,20,83,21.37,45.72,8,-41,62.23,16.45,21.44,34,19.18,69,-11.73,-41,95,-0.33,4,40,46.24,-35
38.88,73.11,28.04,132,7,12,66,-21,-25,19,-14,-8,124,-5.39,82,-20,-21.52,76,35.28,119,101,28.73,27,-45,71,30.59,93,25,18.78,23,51,22.21,44,-31,135,77,48.86,18,-13.24,126
28.84,82,-4.5,91,62.01,18,22.99,-35,74.67,78,74.46,-11.1,-21,18.43,-15,32,-8.31,106,109,99,6,20.07,-19.74,-12.03,56.78,19.23,138,64.96,34.92,46,-21,44.44,26.94,60,38.7,-23,96,47.71,115,71.68
109,57,49.94,47,51.21,71,95,118,139,75,35,16,11.54,4,109,-20,40.26,-22,49,-10.77,4,28.69,8,97,67,-21,6.94,-17,22.42,73.53,13.24,-3.2,46,-15.76,65,42,-9.66,52.19,119,-11.05
-44,-33,79,40,42.34,117,-25,-24,27.24,131,76,50,1.18,-7,85,-13,54,121,52,80,70,85,123,40,46.84,30,47,15,-7.14,43,44.69,88,41,22.54,121,-46,19.9,30,10.88,-10.54
33,120,65.38,37,71,-17,27.31,135,50,69.11,56.23,-4.56,-19,64,-5.23,4.38,-25,21,-17,-23.24,89,-10.77,18,133,73.45,6,13,20,-6,22,71.47,-30,-28,51.27,106,122,110,-22,148,-30
25,31.98,63,110,2.28,38.7,60.19,8,105,18,-17.35,55,41.78,-15,-14,139,69.6,-28,-21.49,45,-48,52.91,44,9.64,50.12,19.2,-34,75,56,59.61,35,68,-48,32,62,3.58,68,46.73,70.62,52
22.73,48,54.19,46.19,-31,39,63.71,29,15,126,101,48,72,0,-3,-42,3.11,52,-28,-32,-26,64.21,62.89,63,50,148,39.19,-6,21.03,0.91,44.18,128,94,29.92,4.36,36,4,4.81,35,31.98
19,75,1.98,139,88,86,58.76,-1,-7.92,46,36.86,58.52,-50,-41,8.44,22,14.4,63.45,46,67,63.59,46.98,-28,74,-0.53,68,60.92,31,104,70,4,135,33.57,-49,46.98,-40,131,95,52.4,50.09
-47,3.61,-19.29,-12.25,21.81,122,-3.78,-19,135,-46,-50,20.2,91,59,77,143,4.94,139,10.94,-34,21.3,138,47.92,44.01,-39,137,11,52,53,-23.65,-17.52,53.72,-1.92,106,137,48.22,-41,134,-36,118
4.92,70,31,79,37,-31,54.04,9.66,43.56,86,60.09,28.37,142,-38,76,78,71,5,2,-21,65,46.52,-9,18,39.06,49,8.96,-41,-6,43,53.03,66,35.6,-44,46,74,-33,32.6,35.31,76
-16.51,48.02,-43,145,23.78,10,30.44,56,133,-6.18,-43,103,11.76,58,20,-10.71,56.94,30.69,-1.74,92,17.15,19.21,-7,117,-12,125,65,62,0,17.92,20,59.31,25.54,-17.18,-24.24,144,19,-23.41,90,72.99
31.5,145,-15.9,43.83,35,36.28,106,36.22,128,-23,85,57.23,57.29,36.17,27.65,14.47,56,68,86,11.38,-33,31.02,-48,66,147,19,71,26.3,129,43.44,25.51,64,46.59,12.01,69,133,126,71,21.95,140
-6.73,50.88,56.04,19.98,-21,28.73,93,6,51.08,87,-6,0,28.5,8.32,37.33,54.2,-16,14,-2.11,8,-46,-16.38,51,66.89,28,110,-34,-39,53.61,102,-25,16,-2,12,-13.58,117,31,-2.56,-19.72,55.62
129,62.84,-21.07,44,-17.51,-19,75,51,97,53.22,-28,20.81,76,50,-45,66.22,5,-44,100,19,20.69,142,-0.3,108,119,58,-33,69.46,-20.18,-28,22.65,-39,22,77,120,50,24.02,15.67,-6,14
29.51,40.56,32.55,110,-2,56,61,54,-8,-12.21,-19.36,-14.75,63.15,-15,5.97,116,30,-22.02,84,19,-0.02,99,-20.35,-27,19.99,60.48,72,-13,23.59,123,40,128,-20,-27,60,-24.08,2.34,145,0.62,-33
0,-9.11,40,21.33,47,-19,64.47,49.51,25,-20.16,62,133,-4.68,142,-50,-33,71.99,-2,-24,101,49.68,68.65,73.81,-25,68.51,58,16,41,85,12.91,126,51,-38,53.44,146,71,28.72,44,19.49,96
50,-7,-3.26,-33,-22,22,118,79,128,113,-50,30,51,-33,76,114,-2.29,61,10.99,112,0,19.58,0,-11,-3.68,17,63.43,39.73,-16.64,52,143,118,17.46,83,67.83,44,46,28.7,29.27,18
65.71,56.11,95,109,27,48,63.74,58,135,5,-21.02,55.47,88,14.38,51.11,59.37,131,-5.43,72,24,38.6,-1,131,4,21.68,5,20.05,122,118,-13,34.83,41,-22.45,-12,-47,69.21,66,12.61,-1,16
3.89,33.6,69.33,34.2,-16.74,-26,12.4,68.34,49,125,17.27,127,-15.33,58,73.8,25,145,24,12,23.46,30,19,48.11,113,51,119,-15.01,55,64.66,30.99,60,53.86,-37,149,6.96,-14.66,26,145,-9.36,-19.61
36.69,125,17,-2.53,33,10.04,-31,126,-2.01,40.75,41,48.53,-15.52,-2,12.87,51.49,35,-50,53.92,111,8.7,76,56.55,34.25,49.43,-16,-41,18.9,0.58,-40,-3.71,54.47,-23.36,73.38,65.08,41,44.92,41,64.35,-17
136,19.14,34,-23,40.06,120,62,6,142,70.72,139,5.9,-23.24,69.24,78,122,64.58,11.96,129,24.16,32.16,63.75,-20.67,98,-19.85,142,-3.59,-24.11,-36,53.32,48,0.62,15.68,-16,64,76,11.59,59.75,-23.77,-6
-14.91,76,-23.11,11.08,81,46,30,35,94,53.52,146,-23.06,51,101,49,85,103,33.5,41.73,35.5,34.72,131,142,71.37,37,-6,52,61.13,115,77,38,102,40.16,28.54,41.47,-5,18,-18.12,49.45,30.78
72.86,43.82,29.86,-15.32,-41,-3,20,87,101,8,-7.72,63.78,-17,-8,114,5.57,70.66,31.6,103,79,-13,4,-6,129,64,86,127,56.97,-37,16,23.21,-18.46,5,-4,137,53.56,-25,48.32,5,5
-4.01,144,58.22,-14,105,-3.89,-2.53,-40,55,76,45,33.27,5.32,63,26.25,65,58.69,2.55,88,29.87,3,28,73.85,-11.93,15,17.3,-50,59.71,110,-19,103,-15.85,148,25,1,60.97,11.7,-40,54,-43
49.75,-0.17,7.92,10.92,106,-42,55,99,81,4.05,-10.48,0,-11,127,-30,-9.34,-23.13,60,54,47.96,-27,63.71,111,-38,19.76,63.15,104,18.56,-50,37.37,31,44,33.42,-11.05,48,38.53,73.2,29,97,28.43
81,55,10.75,15,-7.77,124,44.99,85,-14,115,28,16.35,73,120,-25,-30,-13.51,-39,72.41,52.8,48.28,-13.52,43.41,66.73,85,-20.47,114,-24,-38,10,34,-21.97,53.53,6.95,125,45.97,102,64,40.95,-48
-24.8,-2,51.64,36.23,57,93,-2.13,54.87,118,17,-14,51.85,-28,43.24,118,-1.53,8.75,2,-16.2,123,133,12.07,-17,5,55.44,41,95,88,6.51,-16.82,11,-44,18.3,42,96,-4,23,64.75,13,-4.69
-45,74,-48,30.68,-21,-4.42,89,64.71,-19.04,16.56,54.88,25,76,144,-49,19,127,27.6,116,-1.87,101,-33,-13.29,12.21,-20,-18.66,72.43,138,85,122,114,17.05,50,53,31,27,58.02,-10.67,-26,53.53
75,-11,105,75,-18.56,147,32.03,-17.56,64.85,75,132,126,140,131,89,10,24.72,12.97,-17,139,-25,130,12,15.95,22,10.84,9.62,72,27,3.07,48.41,120,13.84,20.76,-27,51.02,-37,28,109,79
41.94,72,15.65,4,-18,54.81,112,141,-9,-24,-27,40,16.37,-2.33,-7,138,117,-29,0.7,70.32,-50,54,5.17,128,57.84,31.09,18.92,22,-26,36,-9,42.54,-18.64,17.03,135,58.78,67.42,70,30,133
72.17,17,60.68,26,66.17,-3.44,104,33.11,80,-24.54,131,-30,24.78,-7,31,6.51,121,-9.45,8,32,145,31,82,-18.99,-22,14.99,41,34,-20.83,132,57.12,60.37,3.34,60,66.99,1,67.49,8,107,-22
-7,-35,88,-23.54,60,49.14,23.33,63,128,55.42,41.28,15.51,88,10.34,51.95,48.34,-41,36.85,-7.74,-39,-19.23,53,-48,-7,56,25,-22.16,-8,105,17.54,-4.72,-11,72,33,71.29,3.62,81,93,10,5.68
26.18,-11.23,78,-3,30.17,138,-18.91,37.33,-14,-10,31,71,-46,17,95,-3.04,74.57,7.47,-4,-4,84,-11,66.42,121,-30,0.82,102,9.42,24.62,96,25.21,10.72,71.88,45,43.78,18,34.91,113,102,-21.47
-34,10,114,77,7.63,50,-19.69,21,17,-1.84,36.51,-11,-7,58.6,-29,67,115,66,37.28,11.63,-6.24,-50,-3.71,-5,112,31.49,20.91,70,49.52,-14.04,-35,33.37,39.02,65,95,-28,-14.74,-9.83,38.55,15.66
-4,147,64.32,30,7,14,3.29,149,-20.08,39.87,33.27,37.42,-10,120,43.04,73.86,15,70.56,5,97,-10.44,-35,50,65,-1.41,6,16.82,104,29.11,-18,54.3,111,-20,4.05,108,73.67,72.18,4.95,35.41,81
-2.6,48.52,8.43,-20,123,103,95,19.64,-41,42,53.6,-4,7.33,26,-13.94,-42,72.59,-17.59,141,132,129,6,48.23,18.53,125,27.02,-4.14,24,36.23,56.44,63.94,36,50,15.84,23.76,36,80,72,-49,48.29
29.34,115,44.77,65.76,-3.51,40,40,94,67.11,-29,99,23,8.89,66.9,11,-12,87,27.8,47.69,-43,-28,-8,34,19.92,45,37,60.25,8.28,31,48.38,-18,14,56,60,-10,-2,110,50,35.83,-23
51,70,63,-21.27,-20,69.62,-10.1,71,-4.41,123,-5,-46,12,89,18.92,144,-5.26,8,-46,124,90,48.57,24,27,13.12,104,-26,111,21.73,120,45,144,95,0.92,148,-50,58,28.66,56.32,111
46.39,-19,-24.25,96,-4.41,110,93,35.03,90,129,0.17,-24.64,66.64,121,49.13,-15,50.49,-13,142,83,47.5,0.07,105,62,-30,0.3,145,-4.76,134,63,50.42,5,-4.51,53,13,35.79,19,30.82,75,21
7.77,58,-48,17.99,107,73.14,121,-20.05,23,12.01,100,-21,71.64,59,42,36,5,-9.58,-24,9.81,-6.99,22,68.06,55.78,30.81,0,140,12,66.67,6.27,127,-21,99,46,122,-0.42,32,45.58,-16.29,32
111,-29,86,5,76,8.73,18.53,23.19,-37,-3.42,129,75,76,72.84,11,52.01,-4.94,62,48.24,9,12,54.77,-6,61,127,-26,21,-32,50.39,12.69,73.43,120,72,-9.4,-37,105,-19,48.7,94,78
49,134,56,-2,101,-20,39,120,20,95,10.97,54.9,21.86,26.46,148,29,-37,43,31,93,-11,-38,-11.52,46.8,39.35,43.82,69,18,68.92,143,49.26,117,69.68,-2,-31,133,22,63.2,69,114
-22.22,68.49,18,80,78,98,112,104,92,0.2,-13,11.51,91,97,-27,32,2.49,-9,12,14.36,3.3,12,-17,14,-43,20.69,147,-8,12,32.22,118,0,-35,7,135,30.6,-18,34.57,51.61,53.5
-7.84,5.82,74.97,-14,137,31,101,-21,41,109,51,41.8,114,81,36,5.54,55,-17,41,-29,70,22,84,-21,50.96,-28,82,-15.97,16,-5.19,12,146,-18.08,13,62,149,65,29,23.82,78
149,-21,45,131,-4.6,56.65,45.88,39,28.14,127,35,37.79,-22,38.04,-4,113,125,122,105,-22.49,12.28,100,69,45.18,145,108,144,42.33,3.2,51.59,145,37,46,23.51,7.12,26.76,88,11.55,-41,125
-31,-6.16,-22.83,12.91,48.34,17.72,38,77,38.81,61,30.15,57.6,9.09,-5.14,2.1,26,4,85,62,-15,-12,16,48.76,-41,-17,-19.39,41,106,-18.04,59,-40,73.5,16.6,-17,51.89,66.12,17,37,-12,-28
68.99,88,50.48,67.24,72,126,-37,7,116,-22.94,41.11,111,139,21.11,-17.18,-18.11,5,17,30.32,15,68,28,28.51,-21,59,78,148,121,-8,37,0,-24.36,-6.77,63.34,9.64,19.5,139,83,32,37
20,-15,29.06,53,12.62,57,-1.74,40.72,-28,41,-1.66,25,53.59,8.39,53.27,39,35.81,122,-43,75,32.56,-42,7.23,29.92,28.08,34,-16.99,80,26,1.07,-24,134,34.61,-20.23,81,-20,30.19,38.62,25.37,-24
-31,42.62,0,-28,28,58,101,143,37.24,14,-29,4.25,38,-20.16,29,2.73,133,36.87,65,-36,127,71.58,18.89,31,50.87,68,138,71.16,133,73,-8.35,68.72,78,-4.2,57.95,47.05,55,33.23,25.07,143
10,-19.81,-23,-0.97,46.73,31.33,-47,5.52,45.96,110,-11,25.61,74,20,-9.09,-12.58,41.9,-37,53,61,78,-26,131,54.48,55.46,0,27.1,36,100,38.46,-45,-12,56,-8.97,75,66,27,69.23,4.27,48.97
66,-24.09,47.41,38,19,-10.58,100,25,101,12.23,83,-25,52,-6.66,-8.11,123,26,136,58,33.01,54,62.44,105,-15,-35,32,61.12,24,94,33.36,92,-9,-16,-22,25,68.73,93,67,9,-24
-10.37,42.79,21.4,23,35.36,-43,87,-2,94,-4.69,64.27,19.96,53,71,94,130,-17.9,122,73,-6.25,1,13.04,102,22.74,8.48,59,-17.59,-1,14,55.66,7,33.06,55,-7.32,0.48,32.92,46.54,25,65.83,126
42,116,-18,-12.09,-20.61,31,-5,-23.65,81,65.85,25,27.29,35,74.49,-4,8.73,71,18.65,66.22,60.01,-22,68.24,123,129,49,92,-12.03,70,72.06,-8,34.64,69.56,140,15,131,28,-14,122,83,61.71
142,-3,87,-48,-35,132,61,127,3,66.86,85,41,-40,142,-48,136,94,-10.95,132,49,25,30,51.16,-16.59,41.36,45.2,39,21.37,102,108,37.76,8.61,6.65,60,21,37.19,63,135,114,-10
-5,136,108,20.45,-31,11.92,49,145,72,25,13.37,54.16,-22.71,66.32,64,36.49,49.46,-9,-32,56,109,19.51,79,88,79,106,-18,74,68,95,138,56.07,149,69,50.71,62.21,25,20.99,133,30.36
11.64,62,-6.61,52,119,-8,7.67,68.29,117,-39,48.46,-6.96,72.37,15.26,-19,7.54,61.84,8.39,40.13,-11.54,18,137,68.4,-23.12,110,78,43,53.43,58.68,73.11,-22.09,18.69,-42,146,144,12.18,114,-1,8.38,84
111,50.77,41.77,55,96,60.66,7.13,63.35,103,110,3,100,14.6,90,144,38.05,53,9.62,126,46,30,4,-13,-27,59.66,-46,14,12,-17.32,28.37,52.82,-27,0,59.53,-21,46,43.83,-17.18,83,42.68
71.74,91,15,124,-5,-23.96,52,32.75,-24.21,41.88,-21,48.07,-24,133,36.05,31,-49,140,0,141,7.45,76,34.2,-33,27,1.24,-15.47,27,125,144,-31,29,88,44.02,42,63,109,58.74,-47,57
38.08,139,114,37.39,68.9,143,51,41,3.84,79,55,27.03,19,65.39,109,-9.37,135,-15,43.44,15,23,75,-14,40,-9.28,-9.01,-1.04,9.12,-13.23,15.39,23,33.5,90,-25,58.76,72,29,58,110,58
14,11,140,80,31,4.61,-22.42,26.5,19,-46,8.06,-50,57,-29,23,-49,-24.12,116,9,-17,55.94,124,32,-9,-16.17,115,70.54,39.17,-27,90,140,-35,53.83,27.18,-18,146,-17.36,-17,5,47.38
22,53,-11.67,2.02,51,107,12,59,46,2,8,35.29,72.29,-50,115,6.62,47.33,64.8,126,105,51.95,4,4,-8.63,40.6,-11,-24.9,15.51,-8.91,-6.59,62.34,50.32,103,27,26.04,14,3.95,-8.59,44.65,105
38,12.71,48,18,-42,120,-21.64,-41,-48,44,17,-36,22.45,42,50.26,83,49.83,43,-23.7,-11,88,83,-33,94,57,-11,68.82,29.15,85,30.16,30.93,-16,25.6,53,3.28,-12.2,10,35.03,-14.13,2
97,69,-5.62,25,-15,128,-42,48.03,48,13.34,-27,67.45,39.67,55,5.78,4,2,37.16,78,75,17,10.34,94,29.83,19,-18,126,28,71.82,5.77,10.5,126,-33,39.47,-24.82,-24,-34,-7.27,22,22
85,44,82,144,72,36.26,52,41,41.94,-5.36,115,13.44,9,127,57.21,83,43,5,41,49,76,-12.43,-21,47.24,-39,74.88,-50,-2,13,65.02,34,-10.35,-15.73,126,100,9.86,-5.78,-12.84,-34,13
38.59,-0.94,139,63.51,62.49,58.8,2,18.01,99,29,-22.63,-21.61,50.51,131,124,73.9,-24.69,75,24.63,33,27,124,88,68,9.4,107,32,-6.42,-12,16.74,-27,4.23,74,80,30,-6,20.94,93,-3,145
14.49,62,18.45,20,47.19,53.83,88,-29,-18,4.61,-23.7,60,11.43,31,18,-14,-45,8.46,63.01,21,125,5,-0.47,132,104,-29,66,59,24,-34,-22.66,90,146,116,27,52,-18,126,-0.85,133
30,58,126,46,64,56.31,32.64,99,-24,-15.34,17,-50,85,83,-22,-45,-32,74,-44,30.08,31.6,-13,126,85,67.15,-47,31.11,36.05,25.86,44.02,76,-24,4.89,66.99,104,134,84,66.9,-22,53
76,-25,2,16.31,54,67,148,21,119,48.59,91,75,50,-1.62,60,-21.12,64,-16,74,148,-1,-25,49,24.43,-20.23,-11.25,149,22,85,54.28,6,62.11,-2,110,24,42,-26,38.96,8,55
53,0.79,12.05,13.93,46.35,-12,126,112,125,8,57.18,51.46,-3.74,106,101,-23,-19.95,145,-9,-24.35,113,17,35.89,54.92,16,-45,16,73,92,-9,51.85,-9,-46,39,71.87,74,24,19.14,76,38.11
-10,64.1,-37,-17.98,57.09,71,122,13,57.69,58,97,112,108,143,69,-29,16.65,128,126,-4.17,67,70,-41,-7,85,-8,16,38.34,94,44,-26,6,73.84,16.26,24.34,113,65,-18,61,132
66,48.92,77,1.45,-2,52.39,120,47,100,121,6.78,110,-19.54,55,-43,-17.34,54.29,88,53,-29,-46,65,42.03,-4.11,-19.18,52,28.17,4.14,82,26.37,-42,81,43.98,0,-19,144,-40,45,88,104
68.44,22,67,-35,3.13,82,74.18,88,-45,-20,-8,95,-0.75,28.86,-47,30.39,10,37.59,148,-42,-45,92,-20,38.83,54.66,-15.21,-6,2,1,4.14,-48,42.07,56,-39,9.39,72.09,36,38.87,65,-33
-7.5,-7,40.75,71.37,-27,-36,113,132,105,15.04,3.27,117,-32,67.57,-23.5,5,53.01,-15.46,31,63.24,40.5,60.2,50,72,39,9,-2.9,-11,-15,2,35.92,39,-4,127,-28,-19,-21.21,1.8,145,17
30.32,-1.25,24,-47,16,8,71,-21.89,118,8,36.29,66.08,52,-36,49.73,-21.19,37.74,36.14,33.44,51,71,114,146,145,58.21,70.67,59,47.23,116,7.79,35.43,36.98,74.99,-46,19.73,61,22,-11,29.06,29.56
-49,21.04,122,61.67,2.04,57,41.36,22.17,-17,69.97,112,126,98,17,22.91,-7.22,-13.62,120,88,110,26.17,15,7.74,111,32,48,-30,138,36,113,-17.47,-31,-7,-15.8,121,76,-19,56,-36,68
27,28,56,-31,30.74,7,64,91,122,-13.58,27.87,26.68,-9.53,14,-11,71,32.63,-23.11,-27,84,72.34,-7.2,-7,10,25,51.99,124,91,67,34.5,-22,4,1.69,57,39.15,-4.06,112,-18,37,-0.93
12.46,43.14,34,72.4,140,96,43.12,-21.96,22.62,42,16,48.82,148,-17.28,2.86,-28,28,53,-31,-0.78,41.43,119,107,43,20,-1,1,104,-2,142,110,117,3.6,-11.68,58.26,-46,55.71,16.96,8,72.18
-20,40,4,5.48,38.55,23,26,-13,-11,120,39.21,-48,-16,63,101,-47,93,62.09,-50,23.9,-10,24,121,135,5,1.53,41,40.21,31.4,32,31,47.28,135,72.6,-13,118,-39,28,49.58,-16.24
-23.24,-23.51,58.8,60.86,114,49.81,55.41,-13.19,10,72,124,-8.97,-38,3.41,43.05,-4.04,43,109,56.51,35.71,-45,-40,-1.98,67,48.87,34.2,46.58,-20,-34,22.69,70.03,-9,6,-36,-20.8,127,81,-21.53,94,69.64
-45,144,-37,13.95,59.67,-4.15,3,13,56,147,117,-13,55,-15,18,4,11,59,141,-33,59,-1,67.49,128,55,-9,113,116,51.77,101,129,-3.47,135,71,-46,2.1,13,-2.04,73,19
46.86,-41,-28,60,-13.08,33,-32,-19.93,114,17,36.17,-19,51,-2.62,59.01,54.81,-25,128,-30,44,64.39,94,-31,70,47.27,84,-13.07,15.9,35,42,11,68,109,15.38,94,-43,70.03,24.67,126,46
39,60.2,-31,33.53,-6.63,102,92,17.3,62,49,61,47,140,-17,19.69,107,110,44.18,29.91,2.9,5.21,-2,67,-10,62,29.51,19.83,105,31.6,-4.69,3.24,68.52,128,16.38,23.82,71.21,56,42,40,31
-38,-43,26.18,-42,40.79,149,3.49,14,5.5,16,114,61.79,16,-49,-44,135,-13.73,53,19.55,127,79,9.43,-27,53,-16,18.2,45.03,136,44.2,-13,44.7,52.81,15,146,21.22,-10,49.95,96,117,78
92,41.07,71.94,-48,38,47.1,36.19,30.34,80,148,8.53,-18.31,41,53.08,15.92,-38,-18.79,44.85,-45,32,-26,142,102,49,74,60.91,-0.09,13.81,31.75,12.31,132,0,-2,17,13,95,64,3,44,26
34,74.31,138,-47,40,-5.68,100,67.9,-1.12,-4.54,-6.25,105,91,55,14.9,-48,-5.72,-22.18,18,33,-4,-20,23.79,56,125,121,-29,-32,-11,-17,26,58,106,-10,26.58,-50,-7,-17,-22.74,33.79
68.31,65,96,23.34,-11.8,-4,28.76,95,-13.28,-41,144,-23,53,124,-2.02,90,42,110,69,5,87,54.09,91,31.52,15.26,51,-6.07,-2.3,-16.52,-6.53,-7,133,9.34,10.66,-11.21,145,50,1,-19,52.12
-24.92,54.24,26,116,7.83,53.45,-38,41.94,89,123,17.34,-19.28,89,147,144,22.26,39,-36,54,95,94,-7.43,25,66,-10.21,83,66.82,-25,148,58,-44,-17,75,-1,140,29.82,94,-5.82,-47,21.36
76,0.04,17,2.53,-45,-33,-40,15,-15,28,24,-3,-41,48.69,68,46,47,61,21,86,-45,20,-15,36,31,-2.42,24,19,88,55.52,-9.21,125,100,17.61,-13.66,58,46,19.86,44.32,40
24,-46,48,34.62,-1.95,9,40,-28,111,36.4,15.7,16.79,21.87,-19.26,-7,80,18,48.09,124,42.09,-13,6,37.39,11.95,33.36,-3.67,-43,117,-24,9.7,63.83,74.42,72,52.96,-9.39,37.99,-12.13,-10.87,40,21.21
40.76,73.13,52,1.49,-23,25,133,-47,47.65,-1,-25,-13,73,-44,-18.34,19.8,26.62,-2.18,-23,8.31,34,113,59,3.9,-33,50.14,59.6,1.56,-5.41,-13,112,85,-18.31,0.67,20.36,15,32.48,101,36,23
21,122,93,35.42,94,33,85,42,-22.03,8,107,-19.16,-6.84,131,-13.81,101,27.33,110,70.34,58,144,-22,6,45.71,59,1.67,108,40.91,33,7,79,112,25,87,27,38.9,43.02,-29,28.64,72
19,-17.78,58.29,70.48,101,62,-4.95,-45,-49,13,-29,94,29,145,2,97,2,86,70.81,-14.97,-4.06,-49,2.49,6.77,8.67,137,15,27,31.31,-7,-8.57,92,-2.52,-6.84,-14.4,147,45.73,33.38,5,13
72,142,63,-22,-13.92,72,1.73,36,19,61.64,91,4.82,24,68.56,-20.29,64.6,8,18,-3.54,67.28,-17.27,-24.24,24.96,47,112,4.27,27.43,88,114,70,53.66,10.74,59,33,126,-16.25,13.52,49.28,77,62.28
60.3,-19.4,36.17,5.18,-21.67,107,-19.09,87,51.64,34.51,7.53,24.79,30.11,111,-16.82,57.5,20.46,126,34,65,59.92,116,33.55,32.7,-9.5,70,28.83,-13,71.64,68.95,-13.2,22.07,-5,55,-15,21.49,140,-14,121,47
19.79,32.59,54,43.36,-7.55,143,56.59,56,138,119,-16.05,46.29,13.25,-25,25.11,134,-6,69.02,7,-14.18,64,1,106,56,74,31,9,20,-23,91,-11.8,14.13,-24,-29,145,137,-31,40,-9,101
-11,67.73,-15.94,53,56.32,72.26,39.31,86,41.43,33,-0.6,108,88,50.32,30,64,-41,-25,-24.96,84,129,-32,76,46,33.71,26.1,89,49.4,8,38,-3,79,-10,46,120,-8,-17,131,74.8,2.21
53,-11,21.87,32,2.09,35.72,25,-7,-15,133,95,17.37,3,-31,37.22,-1.42,-26,25,20.2,23,3,7.71,122,-17,45,-14,29,5,-26,66.09,22,66.6,58.72,-16.8,71.7,51,-0.11,8.23,48.08,142
69.63,88,34,55.45,-20.87,31,44.85,70,62.24,-2,55.96,-10,-34,86,-8.58,44,17,85,-6.37,10.28,55.08,84,4,50.49,-25,56,25,148,23.8,48.51,24.55,-32,8,71.61,78,139,33,122,2.52,37.57
128,23.44,-8.82,67.18,-16.62,-41,108,17.37,59,-10.04,0,140,-14.94,-17.61,39,-41,3.56,9.03,-34,18.19,91,4.26,33,6,20.76,-1.46,26.33,139,90,32,55,45.04,114,71.44,-41,28.58,16.39,-34,18.75,42.14
101,-17.71,3.6,100,-11.29,112,128,50,74,52.99,10,144,50.33,65.45,-34,-48,6.5,101,53.88,-2.76,125,61,123,141,69.44,49,147,78,33,-19.93,117,82,-29,72.15,-8.74,144,63,58.12,108,94
79,-7.24,-9.45,20.76,51,-20.58,135,49.37,146,-44,67,-18.79,60.91,58,13,71.17,74.36,92,26,-32,3,44,122,29,29,55,49.66,-4,39,-43,-13,30,34.82,4,-44,27.56,-45,-13.09,-1,-10.19
47,110,25.13,23,75,49,121,9.64,112,-8.58,46,74.81,-12.48,74.87,81,10.65,43,137,36.34,-20,22.75,65.85,-31,37,-9.23,-20.06,7,130,-3,6.74,62,86,137,-24.75,32,56.5,132,121,71.8,82
72,11.72,-13.53,126,42,49,3,25,43,123,-38,9.68,-38,2.28,-29,52.15,60.31,-12,20,-49,15.17,-13,-8,103,45,13.65,-9.35,5,102,67.77,-11.53,96,21.82,-47,29.73,-8.62,80,84,10,-3.33
-34,21.58,-30,147,-25,49,88,-46,-5.82,-20,89,6.29,8.96,120,24.75,47.78,-12,50.64,-23.53,5,-26,14,61,66.25,55.98,22,84,25.28,-19.16,66.68,-38,103,65.6,133,-23.63,0.76,39.21,91,130,87
-22,-4.92,-18,-3,-46,121,-31,141,57.42,31.22,100,118,-41,143,64,70.44,53.75,45,117,11.76,12.27,-9,57.18,93,-11,7.77,-7,41,36.14,20,14.7,57.91,13.06,26.44,-23,60.8,5.29,45.02,55,20
-8,-47,31.74,60,29,-20.29,-5,-5.74,40,115,-20,-39,-1.09,55.84,-34,18.54,70.33,104,43,-47,140,83,91,99,-49,95,-12.35,-7.21,30,33.9,34,15.75,99,-9,92,22,64.03,41,5.7,-23.03
125,64.58,60,57.72,-14,128,134,46.29,2.77,-49,27,78,59.24,6.87,40.74,135,37,29.62,56,39,94,39.3,-9,15.15,24,24,59,-21,132,49.64,56.47,25,13.98,73.72,53,60.59,87,52.01,74.05,-39
43.14,20,50.82,39.39,122,21.54,8,48.75,38.42,-11.64,3.5,17,-9,29,9,63,44.13,27.57,141,130,69,80,129,43,-12,-7,56,64.03,-30,24.33,93,7,33.6,-18.05,80,55,118,-1.21,48.4,-8
9.01,140,81,56.6,-27,8.64,21.01,38.77,-5.92,118,-5.67,-17,50.13,60,133,23,-15.61,-25,32,-6.78,94,132,-20.6,7,53,52.59,-16.68,74.15,59.91,55.01,-38,101,59.01,8.77,-24,-13.69,129,-15.56,25.02,37.73
146,-28,84,16.69,-24.63,-5,-17,118,138,11.64,127,6.77,69.34,32.99,-12.69,67,81,65,33.58,-14.12,23,143,0,36.97,69,10.53,23,32.4,66,-17.26,62.41,-14.91,32.54,50.28,22.28,103,112,-2.48,31.72,4.33
131,8,11,133,-23.41,37.04,13,-48,50,68.19,73.89,-48,29.11,73,-12,-29,-8.54,-20,32,105,74.64,-4.09,6.66,69,63.23,24.62,77,18,48,69,51,-26,24.47,7,-24.11,13,56.29,1.88,23.98,130
51.68,39.58,-2,-3.25,87,30.31,-2.01,21.05,-34,106,122,57.81,2.72,-8,57,135,28.98,-20.16,124,27,134,47.79,41.7,11.67,39.13,99,1.88,44.56,-7.33,146,36.38,37,55.43,23,0,13,36,55,46.08,-14.19
47.02,-11,43.13,29.7,19,0.91,135,-15,55,67,57.73,73,19,56,56.51,26,13,63,58,62,17,141,95,76,93,91,-14.72,93,58.52,11.41,5,133,22.39,55.81,45,4,35.73,124,37.15,-38
-0.22,38,67.91,121,139,28,13.61,140,-14.3,59.16,39,33.86,-6.05,-4,-19.17,115,-27,33,-31,16.2,58.37,-39,-24.93,-23.52,64,-24.57,-11.11,89,85,-47,9,-8.49,-47,-0.18,-34,39,135,35,25.45,-28
130,27.89,52,50,12,21.65,-11.03,111,-39,-7,36.34,17.67,84,9.16,-19,91,140,114,-14.32,14,64.28,-3,71,-4,1,100,-20,56,73.84,-18,-12.7,-4.1,77,10.02,-16.47,-48,-45,111,70.46,12
88,-42,61,122,145,89,3.77,121,77,48,149,31.99,-6.34,-4.08,-4.92,16,37.45,123,15,116,46.15,43,-17,28.58,-3,17,-21,-4,90,-17,-19,60,15.35,31,-13,55.87,111,30,90,-5.19
69,14,3.5,26,-32,13,55.26,16.38,4.89,69,21,30,-23.41,13.33,66,25,101,-43,49.62,132,20.1,-26,2.14,43,60.65,-25,24.55,52.79,61.46,148,9,55.13,111,37.87,-10.51,116,65,54,-47,61.79
51,125,54,31,-24,8,49,103,12,72.58,-13.2,2.23,-10.83,55.98,43,-9.05,-36,113,-17.96,81,-4.79,46.34,29,1.45,46,142,-41,48,-17,105,52,66,18.73,55.59,-8,-10,128,-15.83,18.91,35.48
53.49,48.26,-41,-22.17,-13.7,-45,-5,24.1,-47,14.69,44,64,33.34,-3,70,-21.41,40.89,60.54,3,19,23.27,137,42.25,20.14,30.59,-16.67,13,-43,9,54,73,11.71,72,48.95,24.01,27.57,-24.08,3.1,54,-50
36.59,100,32.36,-49,59.12,-13,43,-20,61.87,49.57,46,145,17.8,-1,89,11.43,-35,108,44,-12.07,47.37,-12,-11.51,31,40,19,48,147,127,137,-6.35,29,-10.95,59,46.88,18,-42,63.54,15,60
104,13.62,130,-35,9,131,61.24,77,32.48,142,51.79,-9.96,14.53,34.92,112,49,112,9.02,141,55.71,12.94,41,-4.07,68,13,53.89,22,2.59,-19,-2.42,135,-4.97,-38,-28,36,53.63,60.14,107,-38,13
15.41,-48,4.36,41.91,112,-4,84,49.52,19.53,72.37,25.24,48.57,22.17,114,32.5,15,-3.28,-26,-21,144,135,-1.87,0.51,79,70,4.42,48.54,68.19,-34,133,19,112,22.17,-39,30.57,89,34.6,75,62,-15.08
79,28,21.79,7,-22,11.95,28,-26,67.67,11,81,45.92,62,118,128,68.32,98,4.63,-31,28,35,27.55,-50,27,124,-9.48,133,44.98,93,127,30,13.23,58,47.62,22,-45,-15.36,-36,49.98,66.86
5,-17,-2,65,139,-10,36.98,-3,66,38.68,73.38,-34,97,50.84,-8.21,44,68.71,130,-22.73,58,43,53,8,19,9.98,-16.94,5,-3.25,-28,73.79,35.5,14,132,125,46.78,123,93,36,62.6,40.99
40,107,130,49.87,121,51.3,-4,37.31,22.91,56.65,22.3,1,22,62,3.02,57,44,89,83,72.46,-9.2,60,100,95,-2.49,-4,62.41,41,36.72,46.33,118,-24.22,91,-36,77,19.59,45.51,-6.24,-50,101
9,2,-8.71,-24,17.59,72,61.82,48,41.24,-10,102,-14.18,129,-4,-3.92,90,-6.83,117,-22.17,139,23.61,145,41.43,11.52,74.69,114,40.95,33,6,36.35,10.38,20,40.28,-45,80,-6.74,133,-12,12.48,39.18
5.02,30,13.15,44,-35,43,-44,-49,55,-24.68,0,45.45,111,57.28,110,148,-5.3,15,55.67,58.18,6.3,121,30.77,81,61.62,76,8.82,94,115,78,87,129,29.62,-42,50.81,-5,-12.49,46.61,44.69,5.15
38.27,35.95,-6.26,40,-6.31,27.55,105,74.26,127,-27,41.51,123,97,-7.24,-6.23,6,66.32,39.19,146,25.83,84,95,11.87,18.23,3,79,24,88,57,-39,-6.93,51.75,44.91,53.41,29.38,138,8.8,112,107,-47
67.09,7,-20,40.12,-32,142,-41,-18,46.52,-37,137,95,6,73.56,-20.64,44.62,-16,104,26.65,53.86,148,37,138,47.86,93,53,66.05,128,141,26,-8,-24.21,-27,110,35,63,46.94,9,-2,-14.88
-7,80,26.42,72.91,144,106,-19,4,62.18,13,-2,60.63,-44,-31,3,18,70.82,26,102,-49,50.02,67,5,48.34,33.53,87,3.39,55.57,2.64,72.63,38.6,40.77,47.16,112,-37,51,45.86,66,89,54.68
19.26,25.75,23.23,-48,-6.07,18,-12.9,9.26,11.46,24.88,-7.53,71.02,2,-13.32,-42,6,36.21,35.03,-21.15,19,-8,44,74.8,96,-3.38,65.94,69.56,35.71,-24,68,19,58.44,49.56,65.38,0.81,42.96,-4,70.02,19.5,-1
41,37.62,85,-3,106,-10.66,-11.79,-43,-9,-23.28,127,64.44,1.15,31.48,116,-37,2.5,35,115,-44,16.53,0,59,57.36,-6.51,128,62.64,-39,122,11,-15.59,66,102,112,35,-13,71,-14.4,49,-6
58.46,-17.72,133,1.59,20.28,39.78,47.88,-38,45.74,15,83,72.66,-24.96,64,-24.19,109,28,-40,83,141,-9,144,67,69.79,74,135,62.65,20.26,63,94,33,29.78,31,-32,72,-6.79,27.1,128,130,-40
57,149,-30,-12.73,6,-30,73,125,108,35.15,-6,49.27,54.93,82,48,16.76,122,77,-47,6,139,31.54,72.23,-6.52,-8.83,63,-8,33.53,-47,-24.41,18.72,44,84,66.1,87,75,58.87,80,0,-47
149,124,115,40,-9.91,68.56,68,41,-22,33,16,62,8,87,47.39,63.96,29,135,138,66.81,112,55,54.29,46.17,-11.21,61.48,48,43,1,60,-22.02,-18.19,21.31,122,56.12,-7.26,3.54,-10,47.94,31.25
60.07,-11.95,125,15.34,11.9,130,6,37.62,0,16,71,42.7,-18,-21.79,40,5.56,-5,-15.4,-29,88,5.4,-34,88,-3.4,141,113,22.61,35,115,-22.97,62.28,-40,134,97,6.92,-26,95,120,-30,-17.01
-50,130,62.12,128,147,100,85,30,41.77,-17.2,42.82,-20.38,70.92,17,112,-35,54.18,-4.29,-14.36,-25,-29,54.65,-48,-35,141,-8,-24,-23,15.73,147,43,1,73.78,42.68,43.19,117,69,106,-43,40
45.09,-10.94,55.59,65.62,15,-21.85,40.1,30.44,89,96,-9.63,15.63,130,46,37,95,-26,47.96,147,68.03,4,6.11,5.3,17,38,67,125,139,-6.37,6.08,52,28.94,50.72,77,146,89,9.06,67.9,94,52
5.04,73.74,21.19,-23,38.8,49.75,-26,136,-24.19,-3,84,82,-15.23,-27,-19.45,22.41,134,8.2,26,-23.86,-1,117,126,-36,23,50.94,104,44.11,-27,-21.5,90,147,66.22,-11,145,22.53,24.33,28.27,-22,98
49.88,40,30,55.14,5.23,67.23,55.8,41.54,-6,19.74,-43,-5.25,16,-30,-38,-10.46,63,67.96,50,25,-40,70.53,27,106,120,-20.1,95,30,10.62,64,-7.18,144,129,54.63,71,96,10,29,78,51.69
-3.99,57.79,144,-16.23,55.94,38,10.28,37.18,45.97,-14,1.86,145,-17.66,31,34.49,78,-38,24.53,2,-21,34.24,57.66,88,-12,104,107,-20,37.71,68,-50,20.41,139,-5,141,2.96,58.23,2.41,40.63,55,24.51
-37,84,16.1,12,87,141,-6,116,7,6,149,114,8.34,74.53,43,48.96,121,-20,-29,40,-6,15.56,-15.98,-17.44,-14,-23.47,-11.1,41.78,-16.91,1,-17,69.19,46,12,51.43,-11.28,-37,53.53,-39,57.54
40.24,118,-5.55,78,20,57,5.24,130,11.61,57,74.58,116,0.2,-7.41,73.01,-41,-18,-37,5.28,18.11,17.93,82,64.52,-44,102,68.99,29.16,13,40,52.48,35.2,29.5,9,120,53,66.07,147,33.26,17,72.01
107,37,-31,-13.78,21,69,-25,-20.67,44.96,14,41.14,110,-12.19,34,-10,61.91,27,140,-30,43,101,4,71.29,73.54,8.23,38.93,38,36,-22,91,22.27,15.98,114,-11,-3.66,62,133,65.45,-23.57,120
40.14,124,147,16,43.73,-10.78,22.47,-11.55,74.91,-4,11,-15.01,-28,32.13,100,21.02,100,43,-34,107,125,52,33.42,144,9.22,104,-23.4,-48,139,99,90,67.85,8,25.39,77,10,45,-47,45.82,55.55
-17.4,68,130,-1,11,72.94,-43,24,53,70,6.36,0.88,-18,-35,-8.53,52.24,-2.41,45.67,98,50.59,8,14,64.59,98,46,74,60,86,110,65.07,-15,22,3.43,26,11.59,80,24,4,99,37.08
83,55.88,-13.95,-6.08,-16.85,6,13,41.91,140,80,53.74,12.93,31,81,90,60.48,94,72,75,138,148,56.79,-20.67,93,34.7,28.74,145,42,54.78,-34,28.14,145,49.04,76,3.69,27,31.17,11,-27,66
121,29,145,-7,7.2,42.19,-41,75,-29,5.01,36,15,-21,-37,21.12,10,70,112,57.3,63.02,5.34,48.06,49,65,18.46,92,9,-18,112,-14.17,82,5,20.71,119,-24,101,-49,-6,-47,15
139,-8,38.74,64.51,-13,118,98,33,-18,19.02,-16.56,-22,147,-18.03,54,71.34,72,72,13,25.28,-1.19,21.91,65,29,89,42.81,61.76,66.48,-35,41.41,44.48,14.27,123,-29,34.07,-13.64,116,4,122,-37
-23.73,82,-27,15,58.92,106,-13,55,54.47,57,-43,81,110,22,-8,13,149,67.82,96,129,79,-0.25,65,-21,127,82,19,133,12.9,-21,-19.94,57.99,12.14,74,117,85,5.21,-17,26,65.01
-48,85,72.62,27.18,48,-22,4.32,46.97,76,51,-46,138,25.13,-0.98,31.15,-2.74,41.75,-18.75,95,23.48,-2,33.58,-3.62,-20.68,35.05,141,129,99,-11.68,34.74,19.17,41.29,20.58,-3,-1,53.64,26.78,35,0.9,-42
-2.58,100,28.4,38,-25,31,136,20,147,46,55.99,105,7.56,22,47.04,129,118,13.18,12.93,51,-3,-19.99,36.65,-10.59,27.34,29.15,68.75,100,93,-37,-42,-15,69,29.05,-8.84,-9.25,-31,123,99,40
-12,81,47,64.57,13,-18.71,21.7,64.96,9,-2.75,31.03,54.17,36.41,67.72,-21,-2.66,149,0,-18.91,14,-43,50,127,-18.28,48.93,60.92,12,0,32,62,-8.22,-19,65.23,140,-36,20,-20,62.16,149,67.94
-8.21,65.79,135,123,16.45,16,-39,29,-4.37,145,38,148,89,48.93,-10.67,138,0,127,47,28.87,-37,-13.64,12.41,9.66,-11,-29,99,4,-1,59,94,26,55,61.59,129,106,38,-13,138,50.63
59.76,62.73,4.81,47.88,68.42,1.87,106,-23,17,19.89,95,122,28,82,13.71,64,146,66.35,103,-17.57,-0.83,24,15.23,67,22,146,28.41,15,-36,30.88,123,41.61,-50,12,99,-5.26,63.32,38.33,96,-16.9
1.69,123,18,52,52,33.32,51,-34,22.93,20,22.05,-14.27,76,-22,70,34.82,-15.65,-2.01,-4.75,82,2,83,93,87,4.18,-9.39,-24.67,-34,64.16,-13.92,-30,3,-7,102,-36,149,25.64,-12.11,32,22
61,73.54,0,15.58,88,-31,5,11.37,14.78,-12,99,147,66.63,-18,105,32.86,-16.12,-4.28,41,-19,-24.97,51.46,50.3,11,-50,-6,26.35,73.54,-18,57,29.82,25.5,72,89,-9,38.7,130,-21,43.32,59.64
23.52,-6.66,48,145,-2.52,50.1,59,70.16,16.79,144,25,23.9,65,8.71,75,93,5,65.31,82,68.16,12.24,74.71,22.6,-9.41,44,-39,145,68,19.78,-13.34,15.41,105,29,-6.8,32,79,77,23,90,52
22.33,57,-5.67,70,39.83,36.22,1.42,61.76,-42,59.93,119,10.59,146,-45,7,-25,5.18,57,92,9,74,2,57,-10,129,53,14,141,-0.51,-13.95,11.11,-22.87,50.49,42,39.84,18,1,39,121,-43
100,27,-3,-32,5.01,-8.96,44.39,-22,33,22.3,17.45,2.06,61.27,-20,-11,-24,142,37,26.7,-14.45,50,123,142,-9,-17.6,141,7.48,-11.58,35,47,35.4,6,-18.74,-32,41,71,12.31,17.78,-6,65
139,79,149,-26,58.01,57,110,-14.7,54.95,-33,-24.49,75,39.73,127,-32,85,75,-17,53.75,71.73,28.33,66,88,41,-22.83,-24.31,-4.92,98,27,-23.34,45,52.96,-20.61,71,39.95,-15.7,4,54,10,21
-41,30.43,47,46.12,59,53,-4,82,37.52,-16.01,61,149,103,9.72,40.08,-13.5,59,105,103,13.17,32.18,-27,18,19,-21,121,34,36,-50,-7.09,46.68,-14.82,148,94,35,149,-6.55,82,16,72.27
43.94,52,48,112,62,82,12.4,18.1,38,65.28,24.74,3,-46,15,58.74,66,3,52,52,10.84,42.22,26,88,93,-0.85,19.33,-1.84,-5,68.01,128,43,93,-32,69.57,-23,32.87,-10,125,-1.04,77
137,1,43.18,-7.3,-24,25.19,10,148,122,27.38,-4,131,73,29.54,-14.71,63,40.88,-14,127,143,18.61,39,50,-26,-2,108,9.71,-4,-44,66.84,64,64,52,32.89,117,46.57,95,48.89,-15.98,-29
99,-5.29,-2,24.26,71.37,110,12.68,98,44.14,32,-15.93,-6.7,109,30,8.5,7,52.17,149,40,15.24,73.39,71.12,99,23.04,-11.48,38,39.23,17.85,24,-44,-17.93,-3.56,33.55,64.33,70,61.88,-22,-14,31.34,33
61.64,-47,-25,11,-37,56.04,74,-36,114,74,64,-40,134,63,94,149,-3,-24.18,64,14.24,119,63.94,63,79,119,-21.96,134,35.4,59.51,18,18.91,3,113,50,-15,26.5,145,10,86,56.14
43.22,34,2,131,86,16.67,51.63,14.96,-22,79,34,20.9,-8,68,65.89,68,121,-38,-15.38,5.85,127,51.51,147,14,67,-7,71,91,4.41,113,28,-43,26.89,7.58,24.3,-48,-28,42.58,-10,40
35,85,62.13,18.58,45,-17,-16.94,19,112,119,-5,-16.67,-7.12,30.78,-14,14.21,110,32.59,10,51,-39,-19,-15.42,-11.23,136,90,83,20.8,44,69.62,-21,53,79,37.35,44,18,20,-24,89,-8
142,94,144,-37,71.32,47,-16.93,136,71.22,41.87,15,-26,18,135,25,63,8,68.04,63,64.47,69,37.01,-11.67,90,19,126,-34,-23,63,-20,69,47.49,42.69,82,-34,-20,23.89,39,98,110
10,-21,25,64.06,142,-35,-9,-4.62,42,83,-36,108,67.23,145,71.04,-35,31,83,-17.86,55.84,21.28,69.98,35,130,24.53,21,133,74.34,5,-38,-20.51,7.56,-12,73.51,50.31,24,37.89,24.77,55.96,74.74
105,-9,135,117,32.57,58,47.92,147,127,57.58,4,73,17.48,97,40,9.55,62,63,19.11,26,-32,45,33,43.68,33,66.13,63,-24,-25,69,54.9,65,108,118,19.9,76,29,128,4.14,20
34,-17,-28,45,27,41.11,83,-24.38,17,149,37.07,47,-43,27.24,-46,7.71,89,48.95,13,74.49,9.16,3.89,-16,70.29,96,117,36.18,57.26,30,109,-33,25.67,62.52,73,1,66,20,-9.45,33,62.03
70.67,116,22.46,-4.49,17,110,20.73,5.29,144,139,-19,145,47.36,146,5.09,67,43.31,37,139,15,46.58,14.99,22.45,20,40.06,-47,-12,9,51.08,-24.52,73,92,73,-8,51.95,49,-22,45,25.81,132
-3.12,-7.64,32,143,-35,51.99,0,20,138,36.32,56.16,129,9,16,125,49.24,33.46,69,140,6.19,56.52,57.76,46.24,32,41.36,9,-8,65,46,146,119,127,-21,3.34,76,110,145,27,23,3
39,99,149,107,5.47,-19.15,36.69,74,73,70,124,73,15,-37,67.33,47.9,0,34,21.98,-21,35,20.57,22.48,94,63,95,8.38,59.6,-16,-23,59.21,121,95,43,21.56,149,-31,0,29.53,146
20,98,55.7,-6,61,116,101,137,7.18,109,11,20.93,3.95,61.52,53,-36,14,56,2.99,47,-16,-19.59,11,48.81,-5.79,52,-18,77,95,16.98,108,26.39,51.43,50,74,15,66,72.22,0.35,36.63
73,74.2,16,69,-45,61,111,74.74,42.76,71.54,136,29,17.97,124,0.43,4.08,-16,122,64.42,-0.21,66,116,11.79,103,44,64.26,119,70.89,28,-20,86,129,58.49,33,-48,-17.19,70,57.25,33,95
138,9.68,1,144,78,31,55.28,61.89,-9,6,-30,58,-14.57,64.88,87,-13.48,15.87,-32,108,32.26,20,18.02,41.04,-12,-5.35,-41,35.18,60.59,68.4,-38,0.57,65.91,10,-20.47,120,9,65.63,145,82,5.96
144,76,47,37,-11.82,130,145,-12,-17.01,-6.57,13.74,-30,40.6,33.17,36,36.44,9.57,41.32,80,-9.16,53.38,36,74.43,62,-7,-33,73,53,-3.7,-11,-24,27,-1.49,39.67,-10,-1.41,70.76,67.01,129,5.02
30.83,71.15,47,104,98,-11,51,-17,32,-2.68,-29,60.4,81,13.94,-18.94,25,88,-3,64.85,-16.2,68,20.32,143,42.41,83,69,-15,46.05,-20,13,68.09,110,-11.24,-49,59.82,-38,72,148,66,-6.9
-3,49.85,-20.74,-12,144,79,7,27,104,-32,116,110,43.24,47.67,36.31,142,26.52,111,-17.08,43.83,-16.15,32.62,53.58,41.03,70,-28,92,146,-6.25,128,10,-23.2,18,68,44,-2,33.91,70,-4.96,46
18.34,-25,28,9.33,63.54,68.36,-46,73,14.24,67,-3.41,31,148,72.78,-34,64.38,56,30.41,149,65,71,117,18.24,-19,34,3.33,-48,106,-3.73,-38,144,138,40,71.36,20.61,131,64,3.74,117,143
-10,-8.46,140,-19.09,70,141,-18,-6,108,-2,61,-2.83,43.74,50.58,9,-9,5.11,82,20,84,-21.8,145,2,74.29,137,-17.96,21,37.75,-48,55.56,102,53,-48,10.07,120,-7,-10.5,7.55,83,134
36,9,-5,39,-39,-7,12,42.32,95,135,-0.25,23.27,69.58,1.25,23,17,5.47,70.16,14,-3.46,-48,20.35,48.37,144,136,-47,59.35,38,-45,32,25,140,95,11.63,56.09,19,54.88,57.7,74.01,-1.34
-11.65,-3,66.84,75,5,105,-39,52.58,0.08,2.11,22.77,6.02,64,-19,1,61.26,63,125,40.43,9.83,99,71.34,17.07,-17.14,-41,58.67,63.59,36.87,85,-42,37,110,-18.73,-37,2.39,-48,-8.4,-25,0.22,80
7,94,-18.63,-10,-19.02,54,14.35,-17.68,30,-5,111,118,51,24.65,18.12,74,61,51.73,142,10.46,1.16,50,135,44.17,38.82,85,62,-50,6.33,38,-3,3.77,16.36,134,146,25.78,36,-8.91,91,-3.99
91,-27,-1,70.27,49,48,-47,-21.45,40,111,119,110,-42,130,16.7,37.95,0.92,-20.33,37,76,29,41.88,74.35,13.12,70.06,2,18,84,-40,53.79,7,34,53,54,59,12.9,8.44,125,34.63,22.11
1.19,73,105,23,-16,70,145,8.28,80,26.86,9.92,122,16.71,90,-46,111,37.56,41,59.45,126,-19,148,10.5,-22.42,32.33,-40,68,64.78,39,-13,-6.76,54.47,43,19,113,126,-14.8,-24.95,104,28.37
16.39,20.9,74,147,-10,50,14.64,144,101,51.32,137,-4.77,-6.05,110,4.9,145,2,59,17.17,74.55,-47,33.64,50,51,141,14.13,147,-31,48.89,14.74,142,135,-24.79,51.8,-2.24,44.44,115,70.57,15.07,50.88
-5.21,42.26,-1,3.22,33,119,64.67,-18,117,57.86,-25,63,29.09,96,33.41,143,95,39,70,-10.78,72,-1.27,134,-22,62.92,145,121,-18.08,87,-45,3,53.82,105,89,60.51,80,71,-49,-13.81,78
34.32,65.47,91,43,47,67,-49,0,46.67,17.57,25.21,-17,59.83,58,-24.15,21.57,82,56.29,-36,-13.52,-16.69,1.09,-11.03,145,37.54,56.47,24,66,107,73.2,60.15,37,-32,18.18,115,89,115,61,62.74,42
47.49,23,5,39.07,100,-14.82,119,23,33,35.12,33.69,81,6,107,59.77,47.63,18.14,58,7,26.87,41,-11.18,48,50.58,-33,72.63,29,31.68,105,-20,16,49.79,33.75,50,27.31,99,-30,86,89,66.88
72,37.49,143,105,90,135,-32,-20,20,-15.97,72,12.74,-39,67.97,35,141,44,76,21,109,63.12,35,-11.56,70,30.26,-10,37.03,121,23.12,129,134,1.58,102,118,11,112,65,78,65,-13
93,59.98,-37,47.95,24,5.58,22.29,109,20,64,52,38,30.62,-38,60.97,50,15,3,117,64.53,44,-48,10.36,95,29,104,-29,27.44,70.44,105,-11,42,52,-37,-5.09,66,83,-40,23.39,63.05
-24.56,20.37,22,126,73,14,95,149,66.77,40.17,-5,-6.95,53,29.7,9.23,58,5,111,62.53,73,-24.69,-14.05,130,74,21,13.52,82,3.16,-6.34,10.59,-8,-2.25,125,63,106,30.88,45,131,98,146
12.25,47,-21.7,-10,-29,147,14,116,40,111,45,41,70,-30,-47,25,-7,72.62,-44,67,-23.31,117,4,54,34,-37,9,130,0,-40,-47,55.24,15.09,101,27,43.26,52.7,5.09,32,53
-12.19,-47,22.7,-15.55,25.83,98,9.86,-33,56.24,33,70,36,118,72.54,134,81,44.32,-18.5,30.6,-2,29.16,0.22,-10,-7,41,6.99,-12.41,14,149,40,-23,62,53.11,-19.46,73.95,69.57,43,17,-3,72.36
-18,70,35.29,104,105,135,41,25.19,122,78,40.32,-2,51.19,84,43.28,28.79,42.21,1.62,54,54.65,-10,66,0,147,6.49,145,-10.54,54,115,70,-29,-14,41.22,29.63,23,-1.56,100,96,-42,-3
58.92,0.03,63.58,30.15,119,-1,-21,112,103,-7,136,-20.66,1.45,23,-2,128,2.01,25,43,13.11,71.12,132,134,-18.12,84,48.98,42.93,85,-17.03,22.67,-10.06,10,12.97,-30,63,-18.57,52.05,138,57,-2.81
20.63,7,-46,117,67.22,8,83,9.32,46,147,80,-0.59,87,114,12.36,14,28,18.3,-32,-14,50.41,50.77,11.56,-13.82,68.15,128,95,24,7,4,72.04,46.32,-25,17.31,32.3,103,43.18,95,148,43
55,25.21,88,44.87,57.7,98,-38,-17.05,59.94,-47,-24.26,109,-18.74,89,38.47,51.97,-19,74.77,-19,26,-2.93,8.93,47.39,49.58,0.23,-9,42.13,41.33,-22,36.37,106,137,79,12.13,-33,107,40,141,-2.84,16.47
29.12,84,51,2.74,-27,74.75,8.98,56.95,53,-48,-11,141,127,2.32,66.16,104,-32,-2.64,73.35,134,2,-36,-12.79,5,-19.05,18,138,128,-14.07,-17.48,64.77,83,132,-2,73.54,56.64,31.16,32,-0.02,93
6.53,49,6.58,6.62,-25,96,-36,50.76,33,64,55,-21.77,29,40.94,81,-3,-11.53,44,135,19.72,131,-8,91,42.49,29.56,36.93,59.44,76,-3.11,73,-23.6,-14.43,91,123,107,-44,104,66,68,63.87
36,11.67,107,-14.53,144,142,-18.89,13.11,67.1,5,93,55,-29,-3,-15.86,69,-22,-21,49.16,48.74,-23.05,4.93,-23,10.5,-1.02,91,86,20.59,9,66,127,100,28.12,50.15,2.52,36,37,130,49,83
39.94,148,57.09,100,70.24,5,-16,-9.02,62.29,50,23,69.09,103,55,74,10,0,99,-47,-3.1,70,84,129,120,2,75,16,112,-19,83,54,123,2,40.85,51.21,108,-19,9,-41,119
11,3.93,-21,92,14.77,64.44,-35,-48,82,59.73,101,36,65,54,27.9,26,137,142,68.66,-27,3,59,0.24,8.96,88,-21.1,41,16.29,125,70,-7.36,73,-11,106,21.39,69,40,70,-32,64
63.35,-24,54.51,17.36,34,48.38,26.06,45.57,91,81,51.64,72.51,113,67.61,133,73.93,-41,-16.33,-46,46.23,70,35,86,54.52,86,19.42,120,7.78,123,85,56.41,116,54,83,91,73,-22,145,13,44.27
110,7.65,87,54.58,13,105,83,0.98,72,5,86,95,33.63,52.31,43.53,12.98,3.95,137,2.69,-4.93,27,-23.22,15,104,-25,4.01,34.31,5,32.86,-1,1,22.03,127,104,37,96,-3,18,91,32.68
-19,48,-19,37.12,-9.23,-28,43,75,59,17,91,99,63.86,91,47.11,71.62,-29,56,123,21,41.71,100,24,76,34,90,80,-11.41,134,137,19.59,57.43,87,62.81,-48,-18,81,59.85,139,4
61,-45,0.45,-18,-24,20.77,-3.33,-13,75,85,146,-3.44,23,78,-33,-17,-6,60.89,11.25,-22.79,118,66.78,74,131,47,32,26.09,12,45,45,135,33,118,12.4,107,47.78,69.07,114,28,39.97
73.3,4,141,28,-28,67.68,41.8,-37,125,52,-37,80,-38,-23,68.98,129,21.78,51,93,6.27,41.8,119,0.54,128,19,55.3,124,12.93,111,122,41.8,-30,139,27.51,-41,25,-6.59,-23,21.77,42
64,17,7.32,68.65,12.73,-12.05,44.09,112,86,-17.06,-2,25.66,73,46,16,41.86,147,31.6,52,12.81,36.97,11.58,81,-25,71.96,60,9.69,-1,98,47.53,141,-48,-0.71,93,41,100,67,73.7,47.37,73.79
40,-13,-37,-42,117,47.73,50,21.03,132,146,-10,72,-14,-16.59,53.01,64.92,82,-17.49,56.91,148,-17,-6.49,24.15,128,-1.89,38,96,120,78,-41,130,31.01,71,108,128,87,-9,-10,21,26
1.7,4,-16,82,-6,51,67,31.24,22.26,53,74,2.32,96,52,-7.11,139,4,142,9.97,26.22,89,68.54,127,47,44.52,28,57,-6,127,-31,17.33,-12,-13,-6.83,49,-6,6.76,86,19,129
139,68.34,123,98,147,-20.08,129,65,132,1,44,53.73,132,59,-1,57.01,36.05,105,-7.25,92,112,-15.4,69,-13,36.22,23,90,-17.84,-6,5,19.21,4.66,7.52,-22,-10.48,9.82,-45,68.17,102,77
74.55,73.65,45.12,17,99,-7,10,45.18,136,70.95,148,123,61.61,-38,17,-4.16,2.05,-5.88,68,-29,-21,17.76,-25,26.41,51.44,76,63,44.97,69,66.77,-35,69.83,-7,74.88,-23.99,75,59.13,3.8,-22,39.56
30.72,11,29.1,52,107,12,64.5,14,45.95,69.95,88,111,106,87,-37,59,59.62,101,40,19,56.82,57,55.56,84,30,126,22,10.68,-3.11,-23.33,24.32,105,-37,8.23,77,55,-42,133,70.32,-33
10,53.88,5.49,-4.12,36,16.86,-9.78,14.99,-29,-28,37,43.99,-8,44,128,93,91,30,131,8.93,11.68,-48,-36,2,73,57,40,29.82,53,37.91,12,79,134,28,90,-8.47,16.46,0.04,86,100
-42,59,77,-11.41,18.72,65,61,-22,67.45,60.26,-12,107,-16.52,115,23.06,23.09,123,42,114,35,125,136,71,23.23,54,100,40.59,25,-22.13,61.6,45.59,31,115,15,-30,4.58,-6,-14.14,8.23,4
34,-38,-15,83,38.55,105,11.5,-20,74.95,129,60.65,42.68,22,-23.74,-1.88,86,-35,-30,36.48,-30,-47,120,-18,-18.89,80,98,8.74,62.77,104,-28,22.06,31,136,139,-22.45,-29,10,95,14.87,1.55
101,13,-38,38.07,37,88,137,146,96,55,22.14,102,131,88,19,15.18,11.78,78,3,-36,45,44,69.58,25,101,89,-50,26,19,-15,89,32.42,36.5,43,3,18,27,-40,44.38,83
36,68,108,-21,-5,-8,66,48.22,-24.16,-47,101,114,-50,-17,64.41,88,32,97,2.38,10.89,17.9,35.09,84,-40,-4.59,-17.8,67,51.45,46.3,45,-12.54,-36,30.34,-8,-8.59,27,74,-20.21,57.62,120
73,-7,51.64,146,-26,47.23,10.19,-6,124,33.88,-2.73,21,22.4,-11.06,68.75,96,15.63,32.16,42,95,46.02,-34,14,68.34,58,127,6,37.93,21,-38,62,117,73.21,145,132,85,-24.47,3.89,33.5,11
52.45,61.54,53,16,69.78,43.37,-31,85,5,60.3,147,-2.21,-14,-18.91,136,83,51.19,136,46.75,147,13,116,8,-33,-14,146,-0.57,53.08,-7.54,35,82,15.77,119,94,51,123,19,97,52,-22.11
-17.84,-25,46,65,47,7.73,110,29,45.78,-29,-7.71,-40,125,-11.27,74,121,51,44,-3.6,24.87,26,74.7,-47,118,124,84,-23.88,31.11,119,-8,42,101,121,-23.87,130,43.69,43,61.32,143,40
65.45,68,0,98,-37,16.37,-29,-33,121,5.37,-4.14,68.2,-6.91,-43,-20,127,69.01,144,39.39,22.02,57.05,145,36,136,-13.01,59,129,-13.57,72.53,49,60,70,87,95,-49,7.75,51,-22.27,3.33,-8.91
-17,-18.86,34.56,37.6,112,-16,67.71,3.7,52.72,115,92,59,-7,5,8,6.7,-22,50,50.27,19.56,30,108,58,43.89,96,-19,56.04,25.17,46.17,45.55,26,147,64,-1,100,65,32.1,-15.76,72,89
0,-10.03,23.48,56.97,-26,31.12,59.81,98,71.95,110,64.88,55,-0.2,128,18.25,73.37,-43,16,67.72,-17.85,-48,82,-44,42,30,48.17,63.75,15,-38,54,-18.15,106,134,21,42,127,0.55,43.94,78,73
72.45,77,3.95,37.82,-32,43.47,-14.2,84,30,-35,15.32,-17.77,92,24.24,-9,114,-44,78,6,26.93,64.36,14.23,-3.11,4.87,26.67,23.49,39,74.43,-15.16,49,-30,-4,9.2,50,120,55.87,28,-31,-47,140
11.56,118,100,34.36,20,61,110,-4.05,126,14,-10,19.75,89,-6,-23.6,39.3,74,-41,34.25,-39,12,101,-17.78,-12.59,70.86,21,32.89,-30,73.33,56.3,-26,111,-18,97,71.13,54.6,125,74.18,45.25,16.02
-10,70.77,138,5.48,128,92,43.95,27.01,-24.07,6.3,75,-4,7.88,24,62.43,81,118,-7.8,112,1,2.45,14.44,58.21,1,-22.75,14.87,81,20.73,16.82,24.41,11.26,89,129,82,-1.67,-26,90,66,0,-19.02
87,-17.1,139,39.43,18.2,9,99,82,-40,31.32,-17,127,133,4.5,15,15,-37,124,55.02,32,18.34,140,130,-17.03,31,23.45,111,64.09,141,70,59,-12.84,65.07,62.16,55.89,86,59.68,-22,-9.29,104
-4,-22.21,52.96,-13.82,22,44.03,14.02,-18,124,10.33,128,-19,66.5,148,-1.5,59,39.1,139,88,36.6,20.7,54.75,132,114,83,50.92,38,8.78,133,-37,76,35,67.48,-27,71.75,52.82,45.78,74,-9.27,10
15,74.52,14.71,85,33.34,-16,12.34,100,46.37,49.98,42,-46,28.87,-24.28,3,8,-29,-40,29.8,55,7.87,-7.09,50.41,61.72,12,-17.96,106,59.73,-31,120,57,85,133,11,20,77,-23.19,63,69,143
133,37,23,19.99,-18,60,2,39.49,44,-12,-9,-1.07,-38,-6.12,-12.62,64,48.24,73,31,74,57,146,-22,107,24.66,110,5,-2,107,26,19.86,-17,12,-10,5.49,-9.05,64.05,77,55,1.45
-3.26,100,59,-23.03,57.99,34,54.54,-5.03,2,-22,76,33.54,21.88,97,-21.41,-9.19,-8,72.37,-45,100,79,93,102,105,-15,-16,-1,-14.6,10,94,8.84,-17,58,0,2,-37,21.03,120,-11,56.76
-4,36,-36,2.2,4,-16,142,0,53.36,67.59,10,22.04,46.66,56,2.06,-16,-49,101,115,9.81,93,105,-19.67,-1.23,146,50.76,-22,-24.29,11,41,53.69,28,55.01,-34,49,-12.04,-20.99,-11.78,67,25
52.18,17,12,12,-8.43,62.32,148,123,-46,35.46,-41,7,-14.49,34.53,119,-10.3,46.41,76,22,40.7,62,23.79,121,47,82,17,83,-0.82,113,30.12,136,48,31.27,-11,-24.42,85,-32,102,61,-39
-18.92,49,94,4.58,38,100,125,-24.53,20,-4.39,6.75,22.45,44.33,-8,66.75,-4,61,58,9.37,35,87,118,25.44,63,13.68,-20,42.43,42.09,81,-44,142,-18,-1.39,60,46,11.99,-8,23.41,145,-6
75,-38,136,148,-17,82,8.98,-31,129,-45,-2,-0.93,29.67,-20.61,23.67,87,145,5,49.25,36.33,-14.42,12.98,-13.38,133,107,4.35,130,22,40.01,46,75,75,7.83,-1.79,64,139,69,-17.18,32.77,-22.74
103,125,72.42,47.4,-8.06,12,77,30.13,29.04,71.57,115,103,72.19,-17.65,0.49,30.62,-10.25,72,71,104,115,-4.85,-38,-33,-45,-18.87,95,65,13,117,113,87,21,-12,76,26.44,31,104,-26,-30
27,68.94,32.37,143,45,5.78,123,58,121,121,10.02,35.38,-6,21,26.86,125,-2.64,0.4,34.28,112,40.11,10,26,36,46,-15,74,15,21.39,12.13,49,15.4,73,-34,46.82,-16,104,92,15.39,-6.33
99,50.89,53,7.52,-45,133,-33,35,1,-22,43,20.15,114,100,71.28,-24.35,58.24,-14.01,-19.58,15,69,47.77,-45,110,-8,18.7,-41,90,97,21.92,89,41.41,67.74,-10.81,61,60.77,20.02,3.29,-13,149
-35,-9.72,144,76,78,-35,88,53,0,28,81,45.25,-17.66,39,131,29,38,116,40,-8.21,-3,19,23,65.84,29.83,56.69,-23.27,-14,0.01,22.04,114,-9.42,132,-23,13.59,60,-21.79,-12,23.73,66
-14.42,30.62,117,141,-22.43,14,19.85,-15,8,88,23.32,45,-4,-34,101,33,135,97,88,66.99,19,24,84,148,-16.24,-22,64.8,66.54,112,12,148,69.21,98,39.68,57.18,7.95,-20.89,9.53,-12.06,25
22.21,-20.85,6,73,49.24,99,5.24,-30,58.57,42,103,36,58,14.86,-28,61,57.45,-15,-15.04,39.6,-12,62,6,-6.21,-14.72,59,-45,26,35.92,30.6,14.19,81,-11.99,115,60.83,118,-4.26,58,24.43,31.18
21.45,25,35.3,68,127,34,23.7,-43,54,25,55.78,139,45,-24,8,7,79,130,46,103,-7.46,-13,100,43.37,149,-12,49,133,30,40.07,17.97,56,-47,73,118,121,97,-14,21.43,119
44,-12.41,-18.78,-20,-13,31.26,-1.53,-18.96,79,21.57,61,-28,-13.1,0.02,-8,-37,144,-0.53,29.24,-27,52,45.67,-40,59,13.88,73.05,41.71,33.52,11.58,71.7,17.13,142,106,66,-39,-42,41,0,-22.03,63
-18,28,-40,-22.08,-7.68,143,141,102,24,-20,132,14.55,97,35,-11,-18.66,101,75,32,48,14,-7.45,2.27,33.3,23.65,83,43,-8.2,71.59,-0.49,137,144,124,63.42,-39,-8,-17,-33,-11,18
26,-12.86,55.94,47.71,54,44,55.29,-49,96,45.63,125,137,112,-39,102,-8.95,-4,6,22,47,109,48.27,144,69.31,88,87,42.85,32,7.91,24,-27,140,39.11,26.23,76,6.44,-24.08,19.17,3.07,5.02
19,100,50,59.84,36,57.4,59.64,0.57,16.76,2.43,134,60,82,54.41,55,43.21,-7.98,140,134,85,44,17.71,43.06,42,40.36,129,67.93,74.99,135,-35,26.68,12,-6,-14.48,92,24.78,-5.82,64.25,3.44,19.2
20.93,149,111,69.62,-48,120,28.18,-12,5,64.69,94,58.3,72,90,52,53.36,21.01,8,-50,-32,113,62.93,-23,15.2,34,47.21,17.63,-3.99,36,-39,8.19,34.49,47,49.92,26.4,127,0,85,-43,-35
-6,109,127,-7.95,111,34,8,-6.76,89,-8.03,-11,96,25,15,-9,38.06,72.75,-44,6,69.09,47.52,139,145,19.25,10,23,11,-48,24.08,50.16,-4.1,0.28,39,-23.58,-28,142,34,-42,68.1,5.97
61,-4,-46,-10.72,-14,-34,39,64,-0.65,65.32,36.96,126,-21,56,48,129,131,147,51,94,46.44,4.22,49.11,48.71,-19.85,25,68.86,80,65,-2.49,-40,50.16,73.81,13.5,3.46,109,120,118,3.46,-2
-14.36,31.4,131,43.29,-22.37,-43,34.01,56.13,-33,25,-16,68,8.25,23.14,82,11.03,34,59,-6.72,69.19,2,41.23,-4,56.19,17.46,9.26,16,10,-22,60.35,128,58,95,-11,13,66.3,53.37,35,9,-49
9.52,17.8,70,-37,32,-32,-5.01,90,76,95,44.05,46.69,-23.27,145,44,43.73,-37,-10.45,-4.74,90,12,87,21.09,107,6,-45,140,-45,-48,16.65,34,41.13,101,6.71,29.19,19.53,28.69,-7.49,13,38
34.67,140,123,71.31,63.9,30,19.45,29,49.3,27.93,123,-29,-31,63,17,-35,6.41,-24.92,21.12,75,7,132,60.73,49.96,141,-16,130,97,-34,12,34,145,54.94,-2,51.92,49,22.53,7.66,103,18
82,-39,82,70.83,45,57.68,-7,0.94,-37,23.03,132,9,141,-12,71,68,9.13,94,18,14,-26,2.8,-3,106,5.02,72.7,96,-7.09,146,46,34.98,-48,-29,-3.02,51.7,63.83,26.28,22,117,76
39,107,-6,20.88,21.46,137,30.39,72.69,-22,-7.05,35.95,135,74.19,58.55,139,95,137,51.99,59.32,61.11,-2.25,76,43,3.17,19.41,56,100,57,11.17,63,65,149,46,51,45.67,-8,56.14,31.77,-41,110
-22,2,96,112,22.33,-22.74,113,98,4.68,-11,-9.11,48.6,134,31.21,113,-7,37.05,47.63,49.35,33.45,145,34,6,121,134,14,104,139,45.22,-18.21,-17,26.1,84,53.3,30,-36,-18.2,-46,2,26
33,41.04,-23,-22.11,67,-11,30,-5.23,3,85,16,58.91,-14,16,-48,116,134,22,66,55.8,77,54.84,-21,-15,-28,5.3,-45,-42,-8.92,11,85,46,1.9,-22,43.89,123,19.08,22,-41,-46
59.41,54,143,3.18,22.09,145,-24,127,12.27,49,-3,35,-17,128,-30,45.99,-5,149,111,39,95,42.82,47.01,97,115,68.46,-11,72,38,61.68,71,11,74,-20,112,-13,39.5,-38,138,109
8.73,-8,92,27,-41,26.72,-25,59.31,127,-17.26,-1.42,3.58,1.51,39,81,70.26,63.78,-29,-33,118,96,93,45,81,138,77,4,106,13.08,-10.26,9,71.93,7.19,38.94,-24.73,38.85,146,13.92,39.22,33.26
106,71,-14,130,58.69,104,107,60.14,-1,-9.72,-39,135,141,114,80,-43,-24,-19,41.75,53.13,-12.97,5.62,23,3,81,-43,14.76,145,-5.65,21,-39,0,7.69,78,86,19,76,-22,72,68
115,72.2,-21,123,92,66,-41,4.02,31.05,65.57,88,44,70.14,78,-15,72,-21,149,38.9,74.69,39.8,25,75,116,138,140,34.66,28.34,-13,26.74,97,85,69.84,-13,58,-44,-34,92,79,59.82
9.75,-18.78,72.09,52.7,1,4.6,25.53,108,41,7.26,61,3.36,101,61,-43,133,58.4,-6.05,-22,-42,63.65,65.51,37.28,83,-17.16,60.53,-5.11,58,13.36,28.37,31,114,49.39,2.48,12,103,95,-19,-15.74,135
50,33.9,43,5.61,20,-5.79,-21.56,-5.77,0.03,5.09,25.34,-33,45,99,61.41,-3.1,40,133,-45,59.62,64,13.63,-2.92,41,32.07,147,48,68,74.38,-12,-22.51,-4.93,33,-31,-3.29,-41,-13.39,63.54,-50,58
-23,37.23,38,56,-13,5,28.38,141,57.18,29,70.34,76,-38,59.15,120,19.3,82,46,41,85,40,58,28,139,23.23,12.88,-31,56.56,32,94,33.79,9.3,-24.8,67.3,119,121,139,4.38,60.98,60.15
2.22,7.17,81,100,44,-5.68,111,137,-6,39.36,32,-4.06,19.64,14.27,121,54,-42,35.74,97,-18.57,60.98,-23,92,22,63,105,84,-8,90,63.1,8,-20.11,129,21,-15.76,-9,61,68.9,50.87,122
80,-23.66,7.09,-35,-7,22,26,34,-17,27,31.77,1,10,60,127,54,128,76,-39,110,50,9.47,108,125,-29,5.84,69,136,-17.83,-15.79,106,130,81,-38,-43,61,14.8,-29,32.98,-16.3
110,54,-9,91,35,5,19.78,80,55,-17.94,51,84,-5.15,148,139,27.98,-18,-14.68,61.98,-18,-11,-14,39.41,19.33,48.37,54.23,133,66.8,-36,53,141,-6.98,24.75,18.73,68.47,18,64,-22,55,27.85
-34,49.37,19.74,74,-1.64,9.16,73,-25,66.86,77,11.29,28,77,67.69,5.23,28,45.09,-15.2,41.18,62,-12.12,25.11,49,107,-16.14,-17,41.74,92,-17,130,19,38.49,73,73,90,98,-39,-16,26.32,34.43
88,26.83,90,84,38.3,67,46,143,-30,75,41.62,14.94,27.36,44,5,69,65.18,9.25,-23.31,95,-2,109,-12.34,-30,85,33.58,33.86,120,55,16,43.7,-23,-0.41,24,-4,71,-47,51.1,-14.32,-14.9
62.26,-18.02,126,51.5,113,145,-34,42,41.79,69.1,5.78,27,25.46,-6,11,132,61.47,38.29,16.73,111,-1.59,40,-9.37,91,66,127,29.58,-5.2,-36,27,113,99,44,98,21.83,15,51.35,10,-33,71.6
-12.47,68,-44,37.1,-21,0,98,15.25,-48,2.13,-48,147,32.22,18.32,50,90,18.2,65,75,82,67.37,20.83,44.95,68,8.06,116,82,-10,146,30,77,-28,27.51,4.74,91,62,35.25,60,-14,-3.11
40.25,-14,36,14,-24.29,85,-2.43,46.93,110,40,20.18,4.25,-10.43,26.2,147,96,2.15,-7.37,116,-1.05,85,-19.18,65.68,108,-4.6,69,149,34,-32,71,31.03,69.64,148,-48,72,107,30,139,66.25,69
-19.28,45.42,-1.12,-16,19,74,76,-46,43.24,106,73,35,25.53,16,34.77,95,-3.01,-33,7,129,143,8.58,8.29,-7,16,-5.14,141,-5,19,30.78,96,38,63.05,-9,38,-23.1,25.55,10,-42,0.21
137,-11,-1,116,142,80,13.99,55.16,77,68.7,101,63,148,-42,-5,141,73,54.07,87,109,-21,73,-44,77,68.07,17,-2,-6,14.54,45,15.85,39.88,-49,-25,64.97,83,17.58,50,-11,107
34,91,-11,49.55,12.98,88,27,-20,89,123,52,142,-2,131,18.25,-3.13,67,28.07,41,58,16,117,3.64,71,115,64,13,7,36.75,23.12,44.16,76,8.95,62,144,3,-5.88,62.79,7.91,-32
-7.95,-28,69.54,48.86,-47,-17.36,-7,74,-14,68.32,23,135,16.36,25.95,104,45,49,79,2,-2,-13.98,36.67,62,-48,-6,49,65.46,40.29,122,-6,11.04,111,-17,-17.15,59.07,3,4.3,45,104,68
58,51.82,-50,-16,133,-41,15.85,27,62,19,14.41,-18.87,27.46,-1,112,49,51.05,0,-14,67.15,107,66.38,56.34,92,63.17,-20.43,117,87,-39,121,3.24,106,-24.1,110,59.81,74,-24.56,2,13,95
10,16.61,91,82,28,88,-20,138,7.89,99,48.39,1,30.57,31.57,87,49.56,3.69,112,36.36,47.95,-47,-6.83,-7.19,37.54,57,-8,111,61.09,145,54.15,4,43,1,-23.05,22.72,11.5,63,61.46,-15.38,21
9.24,25.34,121,17.45,42.32,34.16,80,22.67,146,44,45,55,24,2,146,-1,92,-24.36,103,0.51,65.91,13.3,-35,62.02,71.85,11.25,7,2,127,-13.09,6.64,-17.23,-20.22,-41,118,26.53,-18,9,74,20.69
44.42,22,100,-42,37,45.25,130,-48,29.39,14,-7,-19.76,9.41,-17.69,-19,82,49.09,47.74,70.16,-41,59.28,40.82,76,73.18,103,-9.46,38,56.2,33,121,97,70.35,-26,-22.2,9,-11.21,38,22.31,33,74
149,-14,47.45,16.71,106,-45,-19.28,-7.46,-37,134,72,-14,32.73,78,57,9.88,145,87,4,21,58.9,78,-23.59,-1.06,40.28,68,34.02,23,41.07,-24.15,133,25,46,50,69,42,-20.15,93,100,-3
21.78,-17,-26,-24,131,36,22,27.37,-8.8,51.09,-16.93,-43,100,37,119,16,80,62.5,95,-3,36,83,55,36.09,31.39,114,107,133,142,80,144,102,13.89,33.59,134,-45,90,-14,-22.61,21.64
59,18.46,6,25,43.36,-9.93,-21,45.72,128,0,91,76,-20.99,50.49,-2.84,-7,51.62,23.9,121,-20.69,72.56,137,65,72.18,8,31.52,28.88,52,14.58,-21,26.47,54,70,4,31.23,94,27,66,18.73,9
15.09,106,-19,75,119,-40,5.33,59.17,103,-11.94,12.5,32,60,30.2,12.73,61.34,18,-8.59,110,18.65,37.03,15,50,32,98,-15.9,-28,4.92,100,74,-1,-0.6,42.36,5.12,1.08,71.83,19,21,4.03,22
-3.89,-23,46.6,51.49,46,79,-16,72,14.1,-6.29,-11.88,58,-29,1,40,2,18.02,149,66,-17,10.28,-33,131,138,119,38,61.75,9,140,52,71.53,-24.94,60.59,64,63,2.96,128,-11,-40,126
50.51,130,47.08,66,105,-7,-43,82,62,-25,0,-45,-6.61,14,-25,22,-17.92,35,-1.17,108,117,22,-37,33,-20,51.61,47,67.48,11.47,-31,0,-8,98,26.12,121,-14,111,137,37,49
30.92,108,88,45.71,70.94,-3.64,-31,25,-48,10.88,24.66,-13.78,3,1,1.47,73,36.81,-1.89,51.15,-14.92,-3,53.97,17,-12,139,-1.13,10,18,15.65,4.91,40,59,18,71,23.42,54,-15.2,27,-9.16,7.99
-8.4,94,36.73,30.88,38,95,-6,7.56,124,65,55,10,112,62,-8.8,131,116,-3.2,20.36,-0.37,-29,144,53.72,-15.42,18,-16,-2,15,-1,-2,67.21,38,35,120,131,117,111,109,-46,-17
-5,42,58.06,77,18,23.62,-35,29,55,-19,59,116,54.9,-16.77,11,23,107,135,138,17.22,-7.05,34,90,82,57.1,22.26,40,-12,133,139,84,96,25,-3,61.43,56.79,48,27,0,35.64
71.65,-3.97,20.46,86,67.08,-10,54.93,9,61,68.94,110,29.25,-8.74,-23,28,-34,2,-32,-22.82,32,-21.84,24.14,-24.68,-21.47,14,58,60.89,-22.56,-15,36,129,26.71,148,21.6,56,25,-5.32,39.65,22.83,113
100,-50,42,60,57,90,29.68,46.2,9.04,7.15,-13,67,-33,-11,33,38.36,-8.06,-4.51,62.09,36.03,-26,-34,96,122,23,43,41,-17,-7.08,52,101,21.95,91,58.92,107,4.39,31,69,14.38,50
-38,-25,130,-24.2,2,-9.46,-3.16,62,15,14.44,-20,89,-41,-6.88,-20,67,11,-1.75,69.75,61,116,29,-19.11,-37,92,128,43,-48,142,18.3,135,47.23,52,32,31.46,61.66,-6,-27,-6.45,-17.3
-4,23.56,39.14,54.47,53.49,36,21,10,34.48,133,89,49.4,107,73.15,10.71,-3.03,38,21,55,3.85,53,70.24,22.14,-18.15,51,30,13.22,129,72,49,35.07,120,-50,52.12,-48,33.98,25.37,-2.89,22.58,2.98
48,128,63,66.53,23.37,-5,45,59,67,95,-21,15.34,100,55,74.53,48.45,13,23,52.97,22.87,102,147,-24.05,134,75,-11,-1.98,61.75,77,5.77,55.99,-16,15.09,30.4,58.06,104,52.68,106,64,115
-14,-2.8,111,53.03,-11.3,75,-10.16,91,79,18,139,-19.77,2.36,40.32,108,-12.75,38.47,103,143,94,61,16,25,-13.42,29,0.3,100,31,-15,91,-5,-46,39.16,67.96,68.64,121,-39,31.32,6,-2.09
3,78,94,128,66.87,57.51,13,108,-6.82,143,-45,-0.19,42.06,58,138,-16,9.48,-13.02,28,46.54,13,34,65.4,22.49,-12,97,65.42,36.22,48.56,-2,-44,100,-11.9,3.43,18.72,13.2,71.72,47.78,101,-12
19.42,45.32,33,50.51,74,105,38.5,-13.31,56.96,132,-14,52.82,-13,1.93,-5.57,58,23,71.02,52.67,-12,13,-23,1.24,0,132,-10.86,15.09,72,27,0,57.55,33.33,-17.16,18,65.88,74,28,111,83,-6
-36,36.81,79,26,38.43,22,25.11,34,62,130,-45,-49,93,45.84,12,-20,27,5,-15.97,144,-21.85,8.25,97,-28,-13.47,13,5.34,56.3,144,-41,58,-7.34,54.18,-2.3,67,54.84,56,96,-5,104
-4.28,48.93,-15,90,44.03,-24.84,38,-16,115,41,-43,29.56,7.05,21,-12,-16,11,97,148,68.85,-37,39.17,71.83,133,63.05,3.55,34.11,68,63.84,127,-22.06,96,131,51.07,88,-43,101,14.18,41.94,-8
130,58.17,0,143,49.28,53,-17.77,48.22,102,-41,68.59,30,79,-15.48,-10.55,6.96,10.5,34,44,14,26,113,9,-18,34,62.99,104,-38,-29,-2,14,39.68,-24.08,41,56,-28,38.41,34.99,21.28,-31
114,83,11.73,-43,33,25,78,80,131,90,67.68,121,126,4,49,32,114,58,69.35,59,110,-22,28.05,39.91,47.47,-38,-14,11,-19,70,45.91,-33,15.16,-0.6,145,-4,-5,83,-3,33
-1,129,1.18,85,19.23,7,56,65.71,-50,76,96,25,102,1,17.33,61.46,26.84,23.68,45.53,58,54,96,93,57,32,-11.6,138,74.94,15,94,-2,53.31,53.66,41.51,21,146,111,30.25,143,-25
-1.97,29.34,82,44,62.56,-4.58,64.05,-20,101,-22.74,137,91,37.59,-45,-42,138,53.95,70.69,63.67,-46,47,87,64.9,20,27,15.83,-12.58,8.04,-16,114,122,-17,71.71,-14.74,15,27,3,17.2,7,93
136,8.59,12.71,43.52,61.29,13,36.26,21.14,11,43,39,131,13,-20.6,60.3,-7,31,-36,19.63,-3.06,25,11.84,-25,132,32.03,29.23,-10,-10.49,13.11,56.82,6,140,128,59.96,80,-13,62.41,23.15,3,54.09
16.96,57.77,142,114,-21,30,128,106,60,-13.46,-41,60.61,131,121,-16.92,98,-42,0,22.77,14,36.56,-13.95,84,23.7,29.81,148,53.45,24.18,20.68,48,111,51.3,-8.95,108,-5.27,-3,48.77,48,29.55,17.31
120,-12.91,120,-25,61,135,127,59,74,68,25.26,119,35,-2.24,50.2,126,65.95,-48,63.93,21,59,74,73.2,94,34,-8,32,58.22,46,-45,-21.58,18,34.49,-40,64.29,-8.04,-25,68,28.37,106
68.94,81,56.58,-31,-0.29,-39,38.13,-6.14,115,123,147,42.3,-3.9,28,-7.97,58.69,9.17,95,-14,-19.9,134,54,67.68,127,42.56,-1.47,-50,-38,69.78,56.9,69,13,63,37.53,-41,-34,79,59.46,28.37,65
115,-4.35,45,142,50.42,93,21.95,142,-27,14.29,45,108,18.61,71.65,-2,20,50,130,50.21,-8,132,13,-20,46,127,108,101,59,-47,-21.22,-3.18,3,105,49,72.22,48.79,54,-3.97,37.21,-28
-13.94,-33,-34,35,-32,27.15,21,48,-28,-18,147,-20.21,-13.98,23,14.69,113,124,25.16,36.55,68.79,4.88,-4.88,-20,54.99,-15,7.09,103,131,-4.98,64,41.06,71.94,-20.9,111,-36,80,23,48.15,98,-18
-7.08,63,40.87,-7.12,29,20,43,-49,94,23.96,137,2,75,62,67.96,74,47.16,89,3.88,117,48,61.86,-16,61.88,-20,58.04,99,-31,148,7.32,135,123,124,27,128,50,97,78,6.11,69
-5,-9,102,67,129,-6.9,-18.91,-5,48.36,-18,37,-32,102,34,123,-1,119,14,0.16,-8.72,90,73.04,6,71.56,23,114,-26,28.24,68,82,3,36.43,25.45,16,-25,10.62,59,108,6.07,2
-44,24.31,74.66,65,40.5,24.37,-16,100,-7.7,43,149,-44,41,41.42,52.7,-20,125,-10.54,-20.94,-4,126,-38,34.02,30.21,67.6,65.2,55.69,149,87,37,-17.25,65.79,95,-12,-43,-5.45,22,7.42,-27,18.27
21,81,50.82,-35,-16.07,-0.12,89,50.68,68.16,56,11.68,126,51.87,67,81,71,-6.09,-4.24,139,-18.05,-33,42.38,14.33,23,56.1,-16,40,16.73,45.82,13,62.79,-16.36,139,-17.2,32,78,2.64,-21.62,57.94,-33
118,129,-16.29,-5.08,79,51.3,47,69.04,59.48,60,143,12,6.92,-48,18,43,-28,101,145,132,16,7.46,45,136,81,-24,147,97,23,54,14.19,18,20,7,19.29,66.8,59.66,29,137,-23.46
-14,70.43,59,-14.88,7.29,54,76,116,11,89,-12.18,0.56,-4,120,-9.85,37,-14,93,-1,-11.11,-2,-38,95,61.27,24,36.66,66.7,5,106,128,50.69,24.49,-2.82,-47,109,-5,141,-16,-34,-20.97
19.43,96,-7.25,88,27.99,5,68.96,61,-16.98,-35,48.7,21.66,10.86,-19,-19,15,-17.9,6,79,-4,33,-2.37,-17.86,-34,90,66,15,107,57,30.1,10,54,-10.57,39,90,75,147,45.2,119,97
126,16.63,69,-36,38.2,-31,-22.84,-30,54,27.91,-48,61,85,70.25,14.99,131,-15.33,20,10,9.28,38,19.37,23,121,139,-15.37,103,60,65.18,14,-12.48,16,38,-17,28.11,24,-17,57.99,83,104
90,69.11,-14.34,-7,6.66,-2,59.6,34.95,53.3,92,89,-23,116,103,73,50,34.5,40.5,101,28,0.81,-27,64.69,35.96,65.97,19,142,18.78,58.69,26,37.69,66.76,31.11,70.87,-8.84,56.84,133,-10,25.87,63
-20,45,-4.07,-22,-2,65.3,46,-1,72,123,79,102,71,-21.02,20,53.29,40.4,13.57,22.1,76,48.66,-23.33,62,110,80,101,-8.74,3.88,42.44,64.97,55,23.18,31.67,148,-19.64,4,11.5,-4,73,130
57.52,88,130,-17.92,27,-18.66,88,25,116,35.83,141,69,64,74,16.3,53,-7.32,14.68,142,64.44,-10,6.94,51.66,-3,-49,118,85,47.99,92,85,27.77,127,-11,-23.82,-23,107,57.75,105,41,31.86
-29,82,148,148,-7.99,29,-2.35,4,62.19,-11.48,-19.35,49,5.83,-8,61,-9.7,50.93,48.79,74.94,2,10,60,42,-28,43,50,20.54,31.64,105,31,148,44.19,60.5,51.65,56.56,-20.26,-7,71,-21.19,66
38,-24.57,59,51.11,-45,-13,57.07,69,123,86,100,66.95,53.76,115,-6,44.36,98,10,42.95,71.71,-7.52,0,-50,52,-19.56,73,79,-2,26.47,56.47,115,130,92,46,126,-15,15,-23.7,38.64,61.44
128,118,-34,-10,44,-1.8,-1.22,99,71.11,52.96,-23,46.96,10,52.2,141,7.13,19.67,59.21,65,-21.65,65.04,113,-3.89,-42,-24,13.89,-9,-10,37.4,2.9,33.81,109,137,-40,73,69,39.9,20.95,18.35,11.53
64,14,-8,-1.2,32.86,143,41,38.28,73,114,-6.65,98,69,44,-28,65.71,38.05,117,66.8,-9.57,77,63,64.03,44,-11,-23.25,79,3.53,11.25,30,66,-18,-25,67,57,136,50,55.46,38.37,20
9.21,62.09,32.56,139,143,127,45,74,53.25,129,30.07,136,12.3,-24,66.51,103,-17.16,14,-8,88,78,54,58.79,63.8,29,65,14.01,2.9,26.66,-28,109,54.43,33.72,37,37,-27,14.03,71.32,-12,68.57
10,29.87,136,138,-0.35,7.08,-30,18,35.75,109,45,131,19.46,-10.29,-34,110,112,45.4,147,122,-13,126,21.72,78,42,49,67.24,-23,139,-32,26,102,-15.3,40.09,-49,108,90,35,8,48.36
-23.37,147,-19,-44,-4.91,-33,71.09,-14.11,10,-6.15,-32,-17.17,5.74,28,82,-37,137,43.3,101,-12,54.13,40.52,-42,-5.93,3.61,59.65,95,69.52,77,64,21.69,40,107,19.74,83,136,-20.99,89,-24,-47
135,-23.91,89,59,84,27.11,-1.89,16.72,-4,53.44,1.19,113,45.74,-33,91,-22,1.83,90,21.59,116,46.38,35,45,23,39,-2.33,20.56,1.15,12.55,37.27,140,81,6.95,14,135,-26,20,-40,3,107
-10.77,144,19.97,134,73.31,27.1,-16,102,-22.52,147,6.33,53,-15.19,126,123,-3,129,-48,-10,-32,51.04,-16.04,59.52,14.68,1,-46,89,16.8,3.05,37,58.12,-21,-46,-50,146,60,66.03,23,44.07,22.14
50.98,-2,-5.71,119,-4,19.15,48.22,72.96,53,70,71.92,-25,127,120,6,7.89,18,35,16,111,48.48,89,68.79,9,92,139,117,52.62,1,57,17.95,69.12,115,13.57,-25,41,84,-26,42,14
-25,-8.55,-4.76,69.82,46.55,69.84,25.49,-38,49.35,57,61.01,71.04,4,-10.94,85,-10.01,110,119,102,71,-34,23.51,11.22,59,32.85,-37,146,26.14,41.46,74.58,50.82,46.71,73,-49,83,-27,105,43,43.4,54
-11.06,40,44.54,145,7.85,-28,4,1.72,111,13.76,96,100,55,48,62,72.27,-22.41,-22.2,95,-13,102,86,42.97,40,-49,-45,9.9,64.07,-36,-19,33.35,-5,61.22,66,66,107,129,19.22,85,37.38
-39,-12.3,73,7.19,-13,64.52,5,-2.32,41,78,39.09,26.35,23,-21.54,-39,-7.35,56.63,-29,13.52,142,46,-44,36,82,-21.71,62,63.98,69.96,20,-3.55,58,40,-21,133,60.42,48,141,72.27,-17,111
4.39,148,41.67,54.76,47.68,-0.79,38.98,-32,73.96,71,60.2,30,2,-41,115,149,-11.76,65.44,36,-2.12,-15.43,-17.71,-34,112,71,-3.7,67,-34,-45,107,45,32,23.36,54.88,46.71,19.6,133,-24,-15.37,1
-8.41,12.48,111,68.97,74.33,52,39.03,-12,124,90,26.71,48.84,21.14,25,39.64,74.11,-15,41.02,74.34,24,122,20,8.21,7,-23.46,90,19.61,41,-16,-3.18,125,119,-48,36,27.5,-3.91,20,21,74.48,-5.91
64,139,41,51.58,52,99,12.71,15,-10.91,100,-9.93,26,71.93,5,-39,53.32,36,77,65.63,-43,8,14.18,5.34,137,43.19,48.52,141,6.29,69.48,30,29.74,22,-4.78,-15.98,44.01,68.68,-15.87,-30,72.2,21
123,103,-3.34,81,113,19.01,4.67,-40,118,-11,71.27,-18.16,144,-23.96,-17.06,30,53.07,-44,-7,62,2.51,30,-39,70.67,66.19,-23.34,-8,64,14.08,-7,23.42,-20.71,106,148,2.98,47.02,102,46.94,18,-34
-14,45.19,93,18.07,68,61,19.1,96,30.24,54.3,-20,114,83,14,55,66,108,136,16.24,25.37,47.78,100,7,-12,7,3,13,-3,116,105,58.77,45.02,-23.16,34.24,68.04,64.7,58.84,29.4,95,127
-35,99,3.94,53.29,32,19.05,76,8,74.61,54.24,-43,-4,-24,-4.26,-38,-2.44,-5.67,-7.35,145,64.88,79,69.18,-3.14,6.45,127,10.55,-27,-14.9,19,6,25.29,-26,130,-3,-23.12,144,55,2.92,-11.5,63.53
-14.34,146,70,105,74.75,-1.31,-8.51,-47,114,39.8,-14.31,45.58,42,-0.83,34,68.14,-8,-40,46.38,-22,78,68,90,61,53.27,-36,135,142,80,88,59.56,117,50,-22.94,-29,18.68,-28,20.17,16.08,-21
-44,56.27,27,3,109,53.98,-18.78,55.94,-28,-30,-26,-10.2,37,-2.66,-0.95,25,33.19,27,120,-34,12.63,60.28,89,64,126,-44,84,42.69,-45,115,148,113,78,-29,51.86,76,-17,-21.26,149,17
54,-2,-14.59,97,23.02,-29,17,82,-3.13,-0.17,138,45,61.61,141,109,18,37,97,15.73,131,90,-32,-13,136,25,-15,33.61,30,46,-48,53,4.3,22,7,5.24,4.51,-26,70,-45,2
-28,130,-5,-15.56,20.51,19.91,145,-23.18,40,-18.72,31.6,-0.92,7.88,-37,78,61.68,45,39.2,-1.53,-13,19,1.38,28,51.63,104,80,56.35,126,-1.1,144,73.99,17.66,26,125,108,30.62,-10,52,27.36,57.36
38.77,100,-12.03,23,56,20.62,72,90,59,11.09,13.84,70.42,66,17.71,-4.28,-40,116,46,115,104,89,73,25,64.68,-23,-40,46.89,30.19,48.5,21.29,126,-32,88,69,94,58,29,96,89,21
-49,24,-9.71,6.9,55.8,8.37,-22,88,93,121,27.35,8.91,92,79,51.18,62.68,-36,79,62.15,32,35.13,123,39,21.96,16.3,119,69,99,-5,-13.22,84,-9,-17.09,30,41.83,13,47.87,75,134,0
15.89,-14.87,-45,130,0,60.38,56.1,61,113,-35,1.21,132,-22,-28,-18.09,8,29.08,49.12,121,80,81,118,27.34,107,46.84,29.9,62,-10.48,-26,112,9,-12.19,7.59,12.93,130,85,100,5,43.94,62
-19,51.15,120,70,-4.04,0.12,12.14,-1,148,-4.13,49.7,110,104,38.6,112,88,-10,18.48,48,52.59,57,69.23,30.96,-31,0,-29,27.09,70,-45,71,-18,23.9,56,107,63,77,61.83,17,7,-15.94
118,58,127,-12,42.42,98,93,25,31.57,11,23,25.79,26.1,8.95,26.65,62.75,22.21,-15.44,60.11,53.18,73.24,56,26.92,112,18.77,30,98,-17,-4,69,149,61.32,50.56,57.28,10.85,-31,5,13.99,143,28
56,122,104,14,3,118,1,31,-11,14,54.03,119,-46,130,34.68,24.13,-33,37.19,12,29,51,9,28.01,80,1,18.22,-20.57,56.24,-12,67,72.15,123,9,4.95,-14.81,25,-49,41,-8,92
64.67,-10.04,72,134,3,-32,-15,14.08,69,47.38,-24.06,-41,112,77,54.01,-48,-15,67,-47,43.53,47.52,69.14,13.82,84,-33,-48,33,109,79,-43,57.04,8,-10.11,90,137,55.98,114,38.42,35.44,25.17
77,40,-46,-20.98,64.54,21,57,88,55.41,-27,73,36.18,35.45,-39,5.36,74,49.36,12.48,5.43,109,36,-2.85,93,16,109,74.31,60.85,26,71.48,9,134,45,48,33,-2.54,-17,28,7.85,-27,57.38
83,47,83,-28,-3.92,24.2,39,9,57.27,85,-6.54,121,10.17,105,-33,149,72,-47,-6.79,-22.88,14.85,12.61,86,89,7.13,29,41.58,21,-5.97,54,142,17.5,57,59.1,59,62.03,38.27,41.62,20.49,129
-13,65.52,140,78,46.24,-22.59,2.2,58.03,133,-39,-17,-12.67,103,69,71.99,53.14,-41,15.13,98,64,31,24.19,-18.96,97,57,74.68,14.28,52.09,140,117,-31,62.89,3,100,49.74,61.89,30,-13.22,74.47,126
1.89,40.82,-9,-23,59,145,3.04,52.69,7.45,28,-50,-33,-25,53.22,-22,59.17,1.45,62.32,48.36,143,17.83,54.1,18.58,118,13.62,148,-25,49,105,-13,89,120,100,8.79,-4.09,31.42,60.35,-17,3,18.54
97,-15.08,46,73,-17.3,48.71,89,45,109,-21.24,34,45.65,56.06,5.52,-32,-31,-7.03,108,-14.67,-0.04,116,65.62,-24.97,35.62,116,80,54.53,-11.49,149,82,20,42,50,21,64.84,119,130,47,69.38,-10
45,118,-16.17,93,20.8,95,33,-47,111,63,112,53.39,99,8.9,133,25.81,0.13,-21.47,46,124,-1.54,34.95,48,97,20,-27,44.97,8.95,41,-17.49,1.64,-13.77,17.45,-33,-14.48,-31,37,34,34,42.22
88,96,62.99,117,49.73,34.47,95,48,-9.35,125,147,35,48.61,34.63,-15.87,12.32,24.11,3.81,-2,35,59,62,-43,31,9,46,-39,-49,7,133,4.95,21,32.24,55,139,112,77,-13,68.76,111
-22,15,130,80,-3.62,58.37,60.09,36.47,73.92,-40,85,-13,-8.28,-40,84,4.97,-15.09,73,112,148,68.19,32,44,112,68,-10,-17.03,132,71.05,-23.29,-4.33,62.63,5,43,68,43.27,46.16,-10.57,-13.05,-11
129,-15,61.74,72.99,73.53,-44,25.86,108,130,31,86,-3.96,44,5,19,16.46,-50,109,80,-41,-24,13,-41,25.58,-15,-7,57.92,78,-10.75,60.51,126,68,13.79,50,42,-31,-10,134,8.68,125
136,-9.29,-41,-18.46,43.37,31,5.73,66,63.86,145,14.56,52,-23.59,9,62,53.28,72,136,24,71.75,63.54,63.73,74.35,24,129,19.28,72.18,-47,33.07,56.41,-36,148,17.58,12.86,120,65,39.78,6,59.19,3
146,2.3,58.02,-12.18,44.1,9.9,80,16,-43,141,50.44,74,70,-37,42.46,-23.13,80,-28,33.52,53.8,-45,14,20.97,6.15,138,-28,50.01,64.3,-26,82,98,-0.16,-6.06,34,8.62,107,51.62,22,-10,-25
-3.65,45,130,-10.45,85,-10.45,54.1,75,-43,-16,34,99,29.73,32.16,-32,18.02,32.79,60,-26,-14,-45,24,-3.48,87,49.54,-26,26.05,-9.02,2.75,11,128,44.38,16.18,54.26,38.5,-16,61.45,118,147,16.42
34,27.41,4,-16,149,121,120,-34,149,45.89,126,7,53.05,58.26,46.03,43.71,43,114,54.15,66.66,0.91,27.36,3,60.3,40,56.44,38.31,52,20.81,91,2.44,71.51,41,124,103,16,65.96,20,-31,9
-40,73.31,46,29,114,19,44.02,28,57.96,19,29.43,52.77,139,61.54,25.14,21,-14.05,-44,34,-8.56,0,68,-8.63,54,27.29,65.92,16.31,-11.81,136,19,33,64,56,115,112,142,62,26.3,-6.87,8.63
-7,12.35,121,117,46.3,30.99,128,-27,-42,97,93,68,54,25,62,-37,92,15.37,-28,102,20,45,66,37,49,72.06,63.21,24.57,51,-13.82,41.8,59.62,110,55.29,65.3,107,20.38,20.96,32.68,-3.84
138,-22.28,10.44,60,19.71,38.36,83,148,-17,133,12.83,-6.83,8.16,-4,13,96,43,-22.78,-30,4.77,-24.05,107,62,21.21,81,68,100,-10,42,23.37,66,35,73,31,-12.11,4.03,67.88,6.41,11.28,67.75
1,55,-35,-24,42.87,-14,-17.06,-48,30.29,105,-11,20.67,-4.5,9.03,64,53,71,-29,26.39,127,23,-10.55,21,107,67.21,148,46,129,63.86,55.73,38.95,136,115,34.09,105,-20.94,-49,40,-35,-22.44
25,48.19,55.17,1,61,-21.75,71.24,-16.48,47,76,110,64.04,30.23,129,74,-8,66,128,-22.45,114,33.29,11.43,138,61,-14.39,6,4,4,25.97,49.64,-44,12.58,123,106,149,-9.71,64.16,37.47,8,114
74.29,32.02,122,-10,-22,-7.6,-17.2,39,-12.59,-3.86,-49,67.03,-9.14,10,-13,95,27.12,23.2,-39,101,4,-11.91,133,11.82,123,-17.33,64.64,44,143,25.71,1.08,68.84,23,21,93,11.39,123,-46,18.82,-29
6.71,-24,63.4,61.41,24.21,51,27,-3.55,117,103,134,0.51,28,-20,30.82,38.91,6.2,62.19,47,-28,67,-21.18,34.88,67.43,47.53,51,32,27,57.98,-4.64,81,-40,50,-14,102,147,49,148,11.92,60.53
145,-10,1.77,-12,48,20.57,-30,-1,39,20.98,-38,10.78,-12.25,115,-13,-16,106,46,127,102,-12.95,108,-9,49,95,-7.97,9.81,58.34,129,73.91,128,-6.52,76,22.78,70.84,132,23.19,46.18,48,42.28
56,135,-4.49,36,-16.92,76,-34,-18.52,39.9,74.5,-12,78,145,7.14,32.64,-7.18,53,141,50,51,33,92,86,30.31,25.66,2.8,120,137,13.61,69.75,-26,7,-18.67,107,64.9,33.72,137,22,12.37,12.39
50.24,138,-40,23,68,97,14,51.6,60,81,5,7,56,50.58,85,131,3,75,-20.2,136,82,92,51.03,73,109,60.55,22.35,32.35,55.74,59,22,15,25,40.8,72.4,63.32,14.26,87,25.33,36.81
-42,58.17,78,-1.67,115,83,124,75,51.9,-34,36.81,18,0.49,-15.83,119,36,141,36.44,-1,14,11.44,-35,-17,14,15.85,46,92,37.58,12,78,59,67.69,-7.62,29.93,-35,39,18.18,70,15.52,97
-6.19,-9,37,60,72.33,-10.67,32.15,57,30.55,39.08,-50,130,28,118,19,-15.89,86,35.05,-32,65.04,124,86,41,-3.76,123,-14.94,13,113,27,-50,-46,32,51,127,32.79,58.71,14,-0.77,40,130
-22,-21.67,0.8,0.09,-36,119,26,127,89,22.12,-0.03,59,46.43,-3,67.1,-12.86,-49,59.24,3.46,95,120,39.27,-43,-22.54,52.99,61,133,8,19,3.93,55.87,128,-17,-44,75,72.14,141,68,52,-8.14
-9,50.11,57.94,-12,68.45,38,-41,-14,30,-21.05,2.15,139,50,1,4,-23,-34,-19.18,-47,2.12,31,102,-49,-2.96,12.33,-1.55,84,37,49,37,61.86,-19.77,23.48,53.4,73.16,-39,-13.32,71,134,-19.61
47.26,14,35,-9.73,-19.32,35.99,71,131,132,63,-33,87,56,110,62,15.2,31.47,40.98,21,-40,27,6,15.37,32,-37,60,96,-18,9.26,-34,-30,65.03,113,-20,1,35.25,-36,53,46.58,56.06
123,-49,-22.53,0,63.38,129,-48,76,116,77,41.98,81,55.44,110,-17.08,-19,20,50.48,108,6.38,11.98,-18.33,74,-20,66.5,33,64,21,42.94,-16,26,33,25.88,-9.64,71.43,-10,23.43,-12,120,39.71
131,70.26,139,-9.36,-12.23,36.85,12.48,24.32,62.57,49,41.76,14,-4,123,104,83,31,18,77,17,49,-13.7,-19.79,74.61,74.43,71.68,10,79,35.21,36.62,41.55,55,148,-10.59,53.49,82,-24.37,43.25,87,68.12
13,-40,4,90,-29,61.39,-15.35,113,15,69.41,76,49,96,-6,24.8,51.67,69,24.45,12.76,46,10.17,82,147,39.94,53.57,137,135,22.3,-18,143,31.77,133,2,33.24,42,118,129,6,86,51.84
91,53.43,66.26,32.73,62,-8.28,6.39,-15,-42,34,-47,31.88,16,24.89,37.49,97,10,125,125,2,63.31,91,37,-23.51,-35,108,59.55,145,55.49,-15.47,90,145,6,32,61,32,89,-0.45,137,48
18,32.65,92,62.99,-20,-12.2,20.48,96,-15.38,75,149,29.17,30.81,126,99,6,27,20.4,13,40,72.94,17,133,109,129,42,30.27,40.19,7,34.74,8,15.89,48.5,64,48.09,124,38.5,53.43,120,19.61
105,67.36,141,26.99,49,79,70.91,121,-17,69,86,27.23,9.88,-24.8,80,59,-11.73,97,40,26.67,15.31,48.41,41.75,1,-33,64,65,34,2.78,36.38,146,27,-18,98,-17.61,126,119,11,111,8.08
40.33,-9.02,22,69.33,70.47,9,-42,5.85,-20.85,80,-15,148,-9.23,12.23,88,-12.56,53.89,-18,148,59,126,13.61,147,21.58,41.53,72.18,68,-7.24,102,8.16,-0.49,132,-6.48,117,87,13.48,38,20,35.77,43.51
-24.22,-19,63.48,18.71,-1.84,-34,-3.7,59,50.23,-41,121,8,-43,11.97,-2,84,71.77,30.37,65.91,141,-18,-36,52,42.73,-49,-31,18,42.01,60.74,-9,146,51.13,100,71.91,138,9.76,-42,65,-22,-4.03
17,-17,72,18,140,116,92,-19.89,-28,145,97,108,36.55,-41,85,115,70.23,148,88,141,67,-2.21,24.04,18,53,101,-22.34,27,63.41,79,111,110,34,-0.76,141,25.02,-20,1.25,74,140
48,-18,14,38.55,-24.89,-21.02,132,-43,59,-10.76,63.59,3.89,-44,62,103,-37,30,41,84,-6.71,110,127,19.69,67,54.73,-3,27.46,56,-10.34,116,64,-19,123,102,86,146,1.3,-9,76,-49
76,2,13.68,139,103,46.56,49,54.98,-7.35,149,34,35,-38,145,53,7,124,4,107,14,-7.16,61,7,-16.25,10.97,72.38,91,27,-13,52.08,-24,57.69,46.48,-14.33,-32,-4,4.75,-13,90,72.55
59.64,146,22,61.81,43,-23,50.37,138,9.14,63.47,57.3,34,96,68.25,89,61.09,-22.26,102,-41,28,77,-12,23.69,-1,148,23.47,13.23,26.98,-19,65.25,90,95,-15.76,-17,-42,-31,-3,-1,-42,68
-15,44,67.69,-34,74,108,52,145,-17,20.23,20.93,48.78,141,10,22,98,99,6.41,-31,62,-18.92,141,-2,-16.31,60,59.55,40.03,-10.29,68.67,24,53.89,71.41,-0.18,-8.15,-41,127,15,-4,100,44
23.58,31,36,-18,59.82,19.95,22.26,81,-23.81,60.51,-48,72,-22,117,96,47,-14,39.83,-5.48,-32,138,-28,11.72,95,17.24,13.01,33.23,149,6.05,18.69,-5,45.94,-17,49,98,-41,69.8,143,49.47,106
24,70.23,2,6.72,15,88,-16.66,-39,49.15,50,98,24.84,27,71,38.14,-15.83,22.29,67.84,141,-9,-4.78,37.7,73.44,103,56.72,55.71,-45,31,11.55,40.17,-22,37,96,56.49,23,-3.08,80,-5.28,33,41.55
-5,128,58,84,-22,10,104,52,41,128,40.6,43.41,-19.67,71,74.42,58,66,49.5,108,98,60.9,-50,111,73.92,144,-0.47,38.08,5,0.21,59.39,138,98,-19.49,-25,81,-20.01,-24.36,4,-10.03,13.69
4,-23,149,126,-21,-20.96,70.31,72,127,110,33,139,70.57,5,69.66,15.32,42,69.71,55,50,44,10,13.04,82,-11.31,-1.67,49.95,-34,-14,117,49.92,-0.62,-1,56.38,135,94,-46,64.95,-44,50.95
58.96,2,107,-2,30,1.3,55,8,139,84,-8,137,-14,-9.76,-13.6,-3,137,123,126,56.47,-15.41,32,38,83,50.97,-9,4,55.41,73,23,-19.86,61.36,-13,11.01,57,34.44,146,55.83,18,48.18
-13,64,78,-28,67.8,17.37,-5,29,86,133,11.43,-49,117,59.64,48,-21.64,8,15,17.15,88,-25,-35,127,-18,-45,121,-44,70,67.1,-20.97,119,-16,40.61,107,-2.36,15.05,10.84,22,-27,131
144,-5.93,10,42.2,-35,-12,49.69,-45,115,130,75,70,8.14,49.58,101,-39,132,-9.01,24.33,17.41,-2.02,34,-37,16,56.54,9.08,10.13,32,-48,78,125,1,22,-24,61.59,12.87,145,138,15,19.12
91,21,54,114,132,60,10,100,129,-40,-1.83,-21.74,-46,22.82,31,42,40,-2,-50,-6.11,10,145,2,12.99,72.86,-43,120,76,-10,11.3,84,-24,14,32.47,127,-33,108,-22.51,143,64.9
142,85,-34,-38,35,109,-29,80,50.71,43,6.21,21,97,20.26,18,26,-11.3,67.11,70.22,98,12,40.23,15.32,87,-13,84,43.4,-16.59,16.69,-10,35,46.13,147,37.3,33.4,-7.76,23,-19,84,-47
28.13,83,-39,66.54,115,-16,60,132,1,0,22.45,52.39,48,67,48,32.31,84,69,-16.1,127,32.8,-24,9.65,11,-7.56,-49,52.78,122,8.9,136,-26,-3.82,-21,-43,-41,110,1.19,122,85,-7
101,53,81,-41,144,145,5.31,-14.77,44.57,44,138,103,69.28,79,52,-35,97,36.96,-9.6,-16,-31,-3,70,-27,52,135,36,24.55,45.63,18.92,-24,98,4,7,10,18,5.41,111,40.11,34
-16.88,32,-11,62.75,-18.57,-21,6,2,35.13,37,4.88,-5,61,110,141,68.63,23,-23,73.48,0,93,13.8,-35,-49,135,123,23.06,105,33.83,-5,-0.78,-18.75,85,65.06,-19.54,49,-17.66,19.9,100,80
12,-19,9.66,73,7.1,65.9,107,38,45.22,-15.7,119,121,91,28.95,-17.8,13,61,67.43,74,-7.45,115,60.28,-23.82,32,-47,84,62,12.27,63.6,29.52,-0.34,9,47,142,112,88,59,-11,-15.98,119
-20,31.4,52.92,21.24,51.45,20,-42,118,109,7,77,63.3,113,74.1,145,145,-26,45.21,17.47,111,38,134,35,45,118,5.28,15.72,112,-5.36,66.34,51.52,9,-21.93,10,52.34,94,2,46.04,63.09,70.12
25,136,24,6,77,28,139,47,52.92,-22.51,51,-30,73.26,93,33.05,37.4,92,32.9,-14.88,66.38,-9,95,-30,103,-30,102,25.04,-43,95,-13.03,59.24,128,143,60.43,138,12.04,54,4.59,23.08,81
61,135,68.06,74,7.47,-24.55,37,117,-5.76,-14.41,51,39,53.47,5.16,143,-4.3,141,66.42,-7.54,96,-2.69,-24.48,81,135,-42,38,54,54,32,-43,87,145,-4,-34,58.57,45,3,-23.3,57,73.44
-32,-4,122,71.85,96,83,57,103,19.12,121,66,81,-10.64,74,-31,66,43,-23,27.96,-27,149,53.32,44.55,9.35,19.72,43.74,120,50.33,88,122,120,31.89,-46,3.73,9,128,22,135,105,33.48
47,133,24,29,50.18,60.63,43,49.94,1,18,74.89,-1.86,-5.28,34.95,42.45,44,109,11.52,38.88,-14.79,46.44,24,-22.47,69.32,145,17.4,64,98,25,65,22,105,18.5,-13,63.09,40,65.37,53,20.64,65.83
-29,68.51,55.33,18.72,-6.81,-21,-21,77,62.7,75,55.95,-12.74,8.12,61,149,86,138,54.45,58.61,40,-3.62,51,67.54,-1.93,34.17,-46,-26,18,35,66.96,16.67,63.84,-5.69,54,3.65,47,-24.11,-27,-24,15
38,7,44.94,45.34,1,60.04,132,-14.03,69.04,21,-37,34.11,69.46,-4.09,64.22,57,22.11,-22.61,30,-21,98,68,32.73,10.15,63.18,-10.25,23.07,11.9,81,52.48,69.44,65,-13,10,-5,-5.25,142,41.02,-35,117
57,27.44,16,54.38,65.83,93,57,12.4,12,76,-16.83,13,54.44,-3.95,27.92,98,36.31,11.53,-4,38,3.14,37.16,37.87,41.01,-10,35.17,-43,0.94,38.39,45.53,-22.74,77,-11,122,9,17.65,-16,-9.33,-50,11
54,52.94,8.48,53.8,-46,-40,131,14,33.27,84,99,15,9,87,4,-25,22.48,-34,64,66,72.22,91,73,117,-2,-21,12.9,64,-3,-16.08,130,16,55,1,41,37,39.02,-3,52,11.33
-30,85,-17.08,99,-6,73.76,58.85,55,128,14,-5.24,68,6.77,38.01,93,-16.01,144,12,71.73,56.91,61.5,32,42,72.37,-44,-8,29.25,94,27,-22,68,61,-17.4,79,112,-16,134,139,66,132
-1,55.11,103,8.75,50.03,55.02,44,-49,128,126,129,-1.56,60,32.39,47.76,104,-41,-29,21,52,124,65.81,109,47,5.96,6,105,97,95,104,6,-14.76,10.7,41.56,29.62,137,-0.83,-49,87,139
122,-18.71,50.68,87,33.46,125,88,25.48,149,48,77,-20.74,31.46,-3,20.12,-32,-29,-23,144,113,-9.34,74,101,25,4.78,148,-22,-8.05,63.2,71,8.35,34.28,-26,138,-12.18,17.7,-10,-7,0.24,-25
17.87,89,-19.95,19,15,114,5.64,-23,-23,-5,32.04,61,63.89,25.11,123,53,65,12,45,-35,56,36.99,31.51,87,5.69,14.46,74.31,57.07,16.16,27.91,-11.64,-23.58,33,45.22,117,21.22,111,42,-24.55,100
100,35,44,-42,10.12,-11.38,74,71.06,63,82,8.63,3.42,62.82,-16,-17.35,8.4,15.8,-7.6,16.52,102,77,124,-8.46,-14.18,29.6,56,8.88,53,78,44.67,-10.09,49.96,-10.2,4,57,2.67,13.26,50,102,86
54.13,30.51,-11,43,68.61,14,22.28,17.64,64.21,-39,148,8,-10,20,101,141,-9,5,32,-9,68.14,142,106,-37,-16.61,45,-37,-3,40.15,-14.74,12.3,63.52,102,5,-3,65,-35,-20.67,138,48.82
142,44.9,66.92,51.49,42,64,-12,38,49.28,-12,108,144,8.59,62,48.28,-19,-9.55,95,13,-2.15,-7,64,7,15.52,129,-47,99,61.91,48.68,98,0,67.17,-39,83,73.09,-1.01,73,-50,-37,2.48
-22,5.54,-44,90,50,1.66,48,125,104,140,-20,-45,-10.49,27,43,95,5,77,59,-45,65,86,110,116,-47,36.4,78,7.66,55,63,-15.71,126,58,85,34,129,32.26,-7,30,-3
39,24.29,-49,14.06,35.34,133,-16.9,-9,-26,27,14.51,28,35.92,104,22,-6.35,104,-2.93,78,-7.33,38,47.14,59.62,123,60,-14.11,60,44,-46,142,74,22.96,33,48,80,73,138,144,7.6,-30
127,9.52,-6.73,59,-4.39,31.98,1.64,21,23.33,34.03,69.47,62,41.23,101,-4.5,-33,64.81,52,22.25,119,65,66.73,42,33.09,20.73,-28,82,74.67,4,8,20.97,-48,3.62,134,62,-41,63.79,72.15,41,75
-5,65.83,20.88,13.49,48,3.71,-21,27,80,0.47,137,65.24,27.84,89,38.13,24.9,24.23,-21,67.11,40,-24.38,22,43.04,-15.68,33,18.41,52,-11.67,134,-32,-42,75,90,-14,25.97,-13,48,107,104,131
120,145,127,128,139,73.74,-30,65,20.72,143,53,0.34,36,130,-5.95,48.87,119,-49,15,3,-9,132,17.07,-21.71,-9,-43,-10,-29,108,-12,66,51.97,-32,66,140,26.01,136,-7,64,-5
-31,-24.8,-10.32,-6.08,111,61.43,-7.47,61.78,-34,-19,143,-11,7.83,56.7,4,23.46,54,11.59,-1.76,-38,47.08,-18.29,34.26,127,34,48,19,9.86,-16,33.27,56,55.48,135,132,38,55.27,-1.63,112,-13.88,41
-15,72.86,11,-9.32,43.15,-5.1,123,42,71.04,-15,27,-19,104,147,99,140,125,75,51.99,9.4,52,-32,89,139,-13,62.55,2.14,61,0,120,27.32,137,67.83,64.98,12.55,117,96,73.99,32,105
73.81,17,33,30,-16,7.57,120,89,24.4,-3,-33,-10,63.45,-26,62.6,-10.56,74,43.39,27.79,57.58,38.09,14,136,-46,83,5.26,69.67,23,36.31,0.62,109,1,11.4,-15.86,59,-24.57,3.52,119,147,119
101,-0.39,87,106,25,54,121,22,130,145,-7,-14,-7.06,-26,-23.27,-35,33,36.79,121,-1.16,13.52,20.65,17,-15.24,22.21,36,-15.87,49,109,79,-29,-24,-8,58,60.05,25.78,58,34,15.26,-2
-27,25,142,81,8,16.39,-10.97,37,73.63,41.94,45.21,138,32,-13,133,40.33,85,16.42,72.6,-30,-28,35.04,46,23.77,45.62,-14,133,22,-13.94,138,44.48,55,144,68.27,46.45,74,44.23,55,84,63.49
23.96,61.73,50,49,37.45,91,39,-11.62,126,49.4,73.18,62.69,-3.96,94,13.8,-14.75,10.72,126,89,-33,-14.39,113,1,43,74.09,-24,51.17,-1,38.85,99,-11.21,39,-29,48.97,49,14.65,37.28,106,-49,-37
65.46,102,56,79,-10.26,21,-27,54.36,25.11,142,79,86,20,15,116,39.99,-18.5,143,43.19,38.94,91,135,9.7,82,145,40.66,135,29,-17.63,-3.89,132,99,50.74,7.77,53.71,90,11.64,112,-35,108
6.77,-1.64,-15,49.95,-0.81,13.4,-6.99,53.43,-22,35.03,93,35.32,35.53,-33,67,28.68,50.82,-10.79,98,69,74.56,17.85,74.87,-40,54,79,76,27.23,115,99,22,45.64,24.69,37.88,78,109,53,-16.12,-16.65,47.09
44.85,41.39,66,147,47,132,124,93,74.47,57.37,138,-21.64,53.07,97,9,31,37.62,29,120,5.33,128,-4.12,105,-20,51.82,47.9,73,45,50.63,13,-46,53,-4,-10.09,-17.51,33,57,-28,22,47
141,-11,10.11,69.94,8,68.38,16.64,52,-19.54,53,127,60.24,62,-17,-21.03,-8.56,121,67,-4,123,16,46,-9.25,0.98,66,-2.17,148,-35,118,34.33,43,59.59,71.48,6,116,87,16,50.25,-24,44
-29,12.83,0.56,57,139,24.4,-3.54,113,62,2.41,-18.57,143,17.05,99,-33,127,144,93,123,100,68.88,-49,32,13.25,7,149,-17.33,92,67.29,87,71,69.31,12,96,70,14.19,65,-34,53.57,41.05
145,-19.18,27.99,105,40.76,41,132,69.85,-15,-24.82,119,99,16,95,46.12,148,147,73.95,-6,58.58,65.45,8.85,65.49,-21.96,47.88,108,64,30.03,49.3,37.53,22.73,137,-16,40.95,22.35,65,55.38,49.16,55.9,141
112,42,44.75,-30,12,39,59,-12.33,-8,24,-4.47,2,-16,10.78,58.69,79,69,82,5,82,-7,-37,-17,-15.5,1.63,15,0.07,73.95,-7,33.87,-3,4,18,56,27.18,-17,-21,73,113,122
51.42,18.15,6,67,38,50.17,14,54.73,72,43.73,130,56.87,-43,8.66,-21.96,141,1.52,-4.02,101,96,41.18,-12.54,127,-16.41,-35,58,74,27,34.49,-5.92,147,119,-22.33,104,45.39,10.71,-11,10,-7.22,9
-45,126,-4,8.62,1.62,73.09,-30,60.16,68,91,-46,88,51.23,16.81,45.81,28.63,56,-37,0,129,21.25,30.84,-33,7,57,57.06,135,7,134,6.95,15.05,65.7,38,-27,2.53,23.73,30.74,131,27.14,44.68
-38,-25,66,-14,127,28,-23.93,-32,144,112,122,136,22.65,28,7,85,-0.54,-10.4,132,96,102,58.49,6.54,99,120,88,39.5,72.01,88,-9.05,-6.35,142,30,6.47,-14,143,28,41,32,6.5
65,16.53,97,124,98,100,-3.6,14.54,-43,-40,-9,-15.05,133,56.59,68.41,-16.29,24,49.13,106,-29,-39,44.6,59.79,123,62.76,3.35,146,-44,95,129,13.62,92,128,-23,-4.91,9,116,-19.58,37.45,50
54,1,-18,51,41.36,74.04,-20,83,37,68.86,-17,39,-7,16.28,44,68.61,-19,14.35,60,82,3,-4,-28,-17.93,25,36,70.64,81,-33,-6,72.94,129,124,70.11,32,-29,73.03,-1,14.3,24.13
49,-5,2.94,50.54,-18.89,0.24,66,107,-15,123,63,34,-2,128,-28,55.48,114,-2.11,-20.53,-19,-7.66,45.23,11,-4.82,-15.7,69.95,0.14,58.28,107,43,-14,4,-13,45,93,-23,36.14,33,69,7.66
76,126,17.24,72,62.01,-33,75,118,3,34,107,35,128,-11.81,34,104,30.91,-29,93,133,82,15,39.02,116,-24,18,58,112,-3.51,65.24,43.23,69,-12,49.73,72.65,147,22.05,3,97,63
71,26.94,24,65.93,120,30.28,22.03,47,20.05,31,121,-34,85,0,30.17,50.99,73.08,73.05,102,-16,142,-6.05,137,12.06,16.51,44,72,38,13.07,-6,16.41,-32,2.75,64.76,-13,-11,21,117,101,129
59.57,45.73,-0.15,29,29.29,43.71,111,40.83,-16.52,85,79,-4,69,-41,56,-10,130,-3,9.19,113,32,63.93,-5.01,91,2,-49,47.97,12.51,-11,34.22,-4.82,103,-4.23,115,12,134,-2.15,141,3.72,125
10.2,-28,-15.49,-8,28,96,106,-43,85,48,16,76,75,50,80,73,-5.53,117,137,46,36.67,-37,87,-11,57.94,-34,-9.28,28.9,6.34,111,43.59,123,105,59.1,-19,56.17,119,47.64,-41,-12
74.24,139,10,113,-14,105,-44,107,16,97,63,84,-43,-23.01,64,6.31,42,57.28,34.1,1.88,11,12,135,41.08,125,12,-39,86,-19,-50,7.07,141,-8.73,16.27,144,91,61,38,22,38
53.46,36.28,3.74,118,-31,-10.9,-6,30.94,19,0,131,-7.83,-9,44,-15.2,-4.58,12.49,-47,1.21,41.7,67.35,86,16.88,30,69,48.81,25,133,-39,65,-20.32,-2,29.65,-20,-6,124,126,-50,16,19
22,-2.32,8,23.53,56,4.06,-11.26,55,-15,63.56,62,21,29,135,32.28,13,43.08,99,66,15.27,-2.59,-14.33,58.8,14.92,10.79,7.74,15.6,57.85,19.3,14.87,118,-23,129,-40,41.39,42,-5,63.95,3,-2
45.06,59.7,-44,131,-16.8,-2.56,131,-11,38,28.7,25.41,90,-38,87,69.5,136,76,-10.55,-24.74,-5.32,9.98,51.05,55,67,41.4,105,21.12,-20.46,15,17.53,-3.26,118,-12,76,120,67,-24,97,46,15.48
60.64,69,6.19,13,-3.18,87,127,-16.02,47,109,66,77,40.41,140,30.92,68,88,143,-6.96,16,-22.03,-15,32.65,31.05,117,13.49,-32,49,54.67,69.4,145,-24.76,37.58,22.41,63.5,99,141,118,72.84,127
20,36.08,38.47,67,67.76,-8,51.27,38,52.64,-14.62,20.44,29,25,34,44.76,-44,32,132,30,-5,118,68.62,-14.41,69.93,57,39.88,100,124,-38,126,-0.43,-9.59,28.58,-18,-37,33,60,70.54,30,50.44
61.75,34,46.77,-7.97,63.34,14,-12,-20.73,14.56,-24.72,-38,44.93,42.4,-39,3,85,1.57,48.18,66,19,84,25.18,6,25.08,60.95,16,-11,117,1,132,-2,100,86,98,10.08,51,3,124,-8.23,-20
79,87,120,97,-14.38,91,77,46,30,22.99,45.77,63.51,87,104,57,-10,22.35,65,60.61,-0.04,17.6,54.99,129,92,60,20.62,-43,-8.17,-50,97,64.11,73.06,46,68,-22.1,87,6.61,7,14,40.92
35,-9.66,7.01,10.04,-42,38.02,-17,142,69.18,138,66,137,34.61,114,22.33,-22,-41,36.97,-31,-48,-4.88,38,16.83,-9,-35,35.67,-23,-8,135,17,1.72,-19,60,57,-50,109,54.65,127,108,62
145,-38,42.67,104,-48,-7.67,77,39.62,-16,33.72,-19.32,-5.96,23,-45,56,74,39,74.22,-38,34.28,46.23,-16,17.82,54.25,83,36,6.95,59.79,135,-15,4,-21,5,142,143,66,-20,-6.83,128,2.55
29,130,-46,28,1.99,32.18,74,74.17,72,-4.1,-15,-41,37,72,40.64,45,58,25,56,-14.9,7.47,73,47,93,72,50.1,10,-23,31.54,25.49,136,10.29,51.14,35,-40,-9.09,95,62.27,-22,28.08
-8.78,-5.37,-16.04,13.65,64,-1,11.58,28,0.76,-33,-27,110,-13.86,-20,-17.7,14,-48,74,65,117,28.61,86,-14,67,-10.34,39.7,39.78,95,116,55,7.8,19.19,101,18,35.22,2.88,24.63,137,118,126
7,-28,40,11,118,85,-10.83,73.6,114,52.05,69,69.8,-19.52,130,73,60,108,74.15,-49,-33,-9,70.66,6,84,142,-1.71,-46,138,42,-43,-22,54,-5,86,35,-37,52.8,-2.69,43.46,63.78
73.36,-22,57.81,57,56,23.43,116,97,1,122,24,-38,30,108,25.97,8.56,105,-16,-1.61,3.94,57.77,28,64.53,125,114,48.28,29.51,129,64,9,7,54.82,-6,73.27,49,57,68.86,123,-27,92
116,116,20,9,8,111,-45,-17.24,0.69,117,-4,-10.01,-8,9.12,130,75,112,103,2.93,7.39,32.26,2,92,56,44,36,60,-9,69,-42,83,30.87,-16.17,103,-50,60,-50,124,107,80
2.52,128,102,31.57,-34,24,118,-27,53.65,26,11,61.29,-49,61.24,2.68,115,138,-20,55,113,20,31.16,55.34,76,7,-1.99,107,52.57,16.76,24.14,-14,103,19.41,59.72,-2.61,26,60,53.86,103,38.76
72.64,48,81,-34,36,37.83,15,65.57,-1.42,142,51,-33,35,3.67,35,45,53.33,-17.98,95,9,-31,20,13,95,114,0,129,25,30,-50,99,-21,57,124,-4.46,70,142,-21.12,102,126
64.11,-12,-10.22,21,4,-46,21,70.06,61.19,18,33.09,38.55,60.59,57.62,27.36,28,25,13.28,-1.88,110,62,3,-8.95,-8,122,75,90,-43,5.38,18.27,-21.94,145,65,95,62.65,-50,-11.95,65,-0.51,42
5,31.41,99,5,71,32.82,121,-26,48,9.8,38,-22.56,12.44,-2,118,74,74,15.7,48,-1,-38,21.44,48,-22,-32,14.65,27.29,2,85,45.8,98,45.91,78,149,37.49,133,-0.95,7,102,-15
20.27,-35,-24,104,26.46,9,106,53.76,54,53.52,33.76,-5,12.16,89,-23.21,23.28,-47,72.56,51.96,5,-10,55,131,-19.42,-22.73,-20.91,114,73.69,46,3,74,140,-18.72,-22,-47,26.64,124,137,-12,-31
73.88,-44,3,-35,43,36.68,10.82,-17.19,66.84,66.85,15,4,-32,129,5,4,78,-21.64,-36,-14,-20,5,42,30,89,46.79,36.54,5,-45,-14,48,37.17,2.54,120,116,15.94,11,114,73.99,4.4
54,17.34,-9,84,69,-35,116,58.87,37,31,50,37.4,94,69,-38,123,38.13,142,-18.32,133,86,117,77,25,42,47.49,-20.93,-21.01,22,74,65,108,-36,39,99,40.07,-22.3,29.1,24,63.25
28,-8,57.66,42.18,-30,116,49.6,125,-32,19.55,-1.6,5,7,101,19.47,-10,4,130,55,57.35,65,-8.61,64.26,107,33.44,50,-17,21,127,-12.63,54,101,26.69,62.85,-3,-13.8,144,72,18.76,39.56
75,73.26,147,-43,76,31.41,125,-6.76,58,54,5.96,12,95,40,35.73,-19.4,76,77,-8.27,135,-11.62,-13,-4,43.01,71.5,35.6,45.95,119,51,84,80,63.14,-18.77,-16,110,103,-15,118,6,90
35.49,92,22.19,25,108,-40,-11,89,15.92,33.03,125,37,0.59,65.2,30.11,52,47,57.92,62.66,124,13,-11,-19.08,13.34,20,144,84,-6,91,40.04,75,-16.47,46,-48,-22.77,20.18,-6.96,17.93,139,128
-10,107,-12,93,-22.89,116,58,41,1,32.99,10.06,61.2,-18,60.03,-46,67,69.42,123,131,-9,11.25,52,46.28,-12.07,62,15,-46,-32,33.46,-28,42,-5.11,47,4.25,-40,83,128,43.83,131,60.84
-18,89,46,140,31.72,-23.54,57.16,132,-24.45,73,142,104,65,-17,100,-22.13,68.01,4.3,35,54.07,-9.43,-8.75,148,-29,8.09,11.29,0.06,38.02,99,140,32.69,7.33,-42,118,98,-17,117,-16,-18,74
-9,16,84,75,105,39,4.45,58.17,86,125,21,-2.83,-29,27,50,-34,51.94,139,24.74,-14,0,95,19.57,-45,73.81,-6.58,39.86,53.35,47.71,104,9.91,72.43,105,46.41,-22,58.69,120,130,117,70
26.25,6.38,-10.09,101,-5.87,54.29,112,97,-14,67,114,13.5,-38,4,-4.19,80,54,69.24,47.72,73,68.98,50.5,51.4,58,-1.37,30.13,101,5,26,107,-28,47,137,-40,-19,103,146,95,-5.2,-19.34
51.14,42,106,106,15.21,33.72,12,80,9,56,-19.64,1,-40,13,2,-46,-0.57,31,146,-19,-30,42,133,14,72.83,20.94,14.4,90,20,-10,3,-32,56,2.02,30,-17.4,70,-24,138,20
87,41,8.39,57.24,25,11.18,8.32,16.77,13.94,40.54,8,41,107,-28,106,55.38,45.26,2.09,46.6,5,-4,109,9.03,37,119,75,19.93,30.6,70.42,43,-46,31.64,63,59.66,121,40,34.75,-13.72,42,-35
57.37,40,25,127,-15,131,77,-38,35,2.56,37,2,81,69.07,-23.61,-24.78,54.24,46.9,30.99,49.57,31.13,30.49,19.29,42,27,27,17.07,-14,-15.77,57,37,94,76,-42,-28,39,-47,79,131,36.21
24,-14,127,-39,-14,-47,41,61,7.94,71.78,-22,38,56.13,46,82,45,43,2.89,56.18,-20.14,59,-15,-38,-7.96,94,54,-11,-22.72,46,45,54,3.62,17,48.58,38.39,97,26,20.27,-14,-13.98
136,129,51.12,53,92,51,-3.19,33.17,99,148,68.79,112,82,52,3,94,-50,-16,-39,66.08,112,26,-35,-42,28.95,12,69.43,38.86,63,63.53,102,65,7.35,32.5,73.95,33,72.18,24.27,-2,70
85,5.95,51,46.04,41,10.99,-9.74,-34,92,42.8,66.21,6,-2,89,39.87,109,50,66,24.42,-19,14.91,65,60.62,149,89,-25,-29,12.79,41,143,-30,28.85,101,65.3,128,-3,47.01,3.34,42.68,42
-6,-43,76,39.94,-26,6,9,-5.24,85,132,-42,14.62,55.98,84,10,122,84,107,81,75,36.22,16.55,10.84,126,42.26,113,50.28,51.2,-22,-4.47,42,60,55.52,-9,11.64,-5,103,74.88,-34,87
70.45,-31,19,23,118,15.96,46,-6.28,-5.4,144,143,147,25,17.47,-49,62.91,145,-15.67,16,63.63,138,72.15,111,20.26,27.38,15.69,140,1.69,-50,-18.6,54,12,-35,42.53,-40,-23.14,43.31,29.07,62,-12
7.15,26,-14.51,127,52,115,79,62,65.68,42,97,56.36,14,13.45,-9,6.11,22,70,0.98,64,40.24,-25,119,0.2,39,24,-20,58.23,-30,-4,-5,-25,-11.72,52.84,10.93,129,80,19.75,-45,53
22,66,-20,17,42.21,140,18,34,-6,15,42,-20,-23.9,127,73,24.55,67.28,-46,52,31.9,72.67,-13.57,44,43,85,136,133,-13.65,53,13.58,-18.05,55.99,57.42,76,32.86,-12.22,61.12,108,45.68,27.77
110,-5.05,54.67,-30,47.07,102,-41,-24.23,133,13,22,4.39,73,74,17,60,56,40.06,-43,34.45,24,44,56.49,20.3,29.08,39.62,47.17,-25,112,32.46,-26,-3,16,-33,87,134,132,29,135,63
127,25.69,12.85,50,-46,49,-25,-20.45,-10.92,45,-14.31,28,23.23,2,16,-28,-49,73.91,63.99,-16,54.68,128,-25,87,69,86,-12,123,141,30,14,11,75,-7,76,119,57,59.06,-0.07,-15
105,64,120,-21,134,145,59,90,113,-3.06,20,141,72,34,56.3,-7,-7.2,-7,149,-25,-16.02,92,-44,-15.71,5,115,101,144,23.77,32.7,56.51,25.94,21,-13,43.92,119,52.3,55,53.28,92
-18.27,94,62.53,125,-9.47,-35,-14,86,5,60,45.45,97,28,106,26,-12.74,69,-34,52,86,79,-2,44.29,59,55,74,8.21,61.14,66.71,83,77,45.97,-2,114,5.54,-35,52,2,40.65,118
-7.47,-16.89,-6.61,109,2.68,119,-2.27,-48,57.57,123,-44,64,-20,33.43,40,13.02,38,9,22.6,52.71,-14.99,115,38.23,116,-35,24.76,57.02,109,39,11,34,-16,106,60,-9.56,-40,121,65.73,8.01,73.44
71,50.82,147,47,20,-37,131,122,-28,19.62,58.5,28.8,-42,114,70,72.98,136,35.33,63.38,61.84,-11,67.42,-9,3,30,131,32.35,-44,88,-22.81,-20,44.88,6,32,3.44,74.57,-9,-43,80,71
32.66,67,-18.01,120,50,13.84,92,47.77,70.91,50.08,110,11.08,123,105,9.61,71,109,-0.83,112,15.74,63,-21.01,141,72.82,20.55,40.28,134,103,64.97,8,53.74,30.53,21,25.25,50,76,87,52,54,73.36
-17.04,125,7.21,-9.81,15,37.55,47,-18,-20.59,81,148,33,50,27,-45,128,35,18.21,79,48,64.06,40.88,81,25.34,61,-23,74,-14,-41,54,50.23,54,106,68.55,1.42,10,61,60,46.6,58.27
141,53.52,67.26,-11.54,6,5.41,56,74.57,137,14.63,136,55.48,4,34.47,-14,23.62,-12,136,-23,-12,27,50,110,-6,55,-19.38,54,51.86,123,61,-21,-49,-34,-38,14,56.16,52,16,19,66.23
29.64,127,74.58,130,-0.21,67.38,-49,52.56,134,5.41,58.94,42.38,-14.81,104,13,-12.77,32,-6.87,-23,15,-32,-48,50,149,40.11,14.38,69.4,-12,31.72,-49,60,127,-49,-18,134,22.88,-21,3.15,47.16,61.67
22,126,-33,28,11,-0.87,-9,142,-4,-29,-24.23,40,41,135,16.52,91,64.14,-29,-36,121,20,28.08,87,-7.17,-39,4.71,7.06,14.87,-5.67,143,-22.46,-2.55,38,49,103,107,-22.56,-6.66,79,52.29
3.01,68,18.62,-16,16,-45,33,34.21,40,-13,135,27.05,9,9,-8,112,80,81,1.93,-15,82,2,-25,-30,133,62,-7.75,-26,140,90,41.72,29.63,31.27,90,11,26,61.85,6,50,17.93
8.33,26,-40,40.42,56.13,146,-24,65,14.82,113,-19.07,-14.11,66.86,-23,34,1.51,52,14.37,-26,37.78,132,20,23.47,11.09,54,105,54,45.25,-38,-10,-20.02,-17.12,35,18.67,110,-27,66,37,139,-27
38.52,-15,-30,27.89,-29,-33,28,9,110,82,45.1,99,-10.29,-25,-24.73,7,143,143,72,18,121,78,58.05,54,14.54,69.96,-49,67,7.54,127,-28,31,122,-23.31,42.19,-12,26.78,24,118,86
119,-14,115,138,79,31.44,52.87,145,8,20.23,-48,25,7,14,124,71.45,-46,-11,71.8,19.64,50.96,-19.59,19.83,-41,48,-18.42,63,43.2,56.12,-13.01,-14,82,-8.41,131,-28,-19,-40,131,-45,57.92
42.16,45.79,73.37,-43,-23.88,120,21,71.49,90,24.21,-31,131,-6.01,-19.3,91,-10,102,32.09,2.87,-10,123,-30,61,33,11.46,23.01,27,-3,-22,-26,12,9,-17.88,70.32,4,95,-19,4.77,-14.45,65
-22,10.61,29,12,46.16,35.17,20,120,30.08,25.14,111,-6,135,74.9,-46,74,13.1,-0.73,-3.19,-3,88,-21.05,-33,-14.59,-6.5,147,71.56,-24.22,28.94,34.49,69.2,7,70.68,2,34.12,60.17,-13.74,38,19.57,16.74
-9.39,65.37,53.79,147,-5,39.88,3,58,-5,110,36,43.58,49,28.03,-13.12,0,-16.47,25.07,45,6.82,27.02,56,-44,-22,93,-2,63.44,64,11,130,60.99,72,71.69,32,85,-12,86,-2.63,0.52,64.28
-12.26,-10,64.78,15,94,65.99,-39,4.75,-40,82,-30,-25,-29,62.09,21,30.32,36,-1.76,33.32,58.63,-25,115,41.33,-35,66.34,73,10.48,5.88,10,65,3,-10,85,27.47,53,25,69,19.69,58.85,52.15
56.67,88,132,48.65,-48,48.13,125,54,118,-8,-40,23.9,67,5,13.09,47,123,-16.21,78,19,-12.38,25.23,144,24,74.12,20,100,69.79,2,54.89,44,-12.24,-3,63,-10,-1.71,101,48.38,52.63,-35
50,17.12,40,131,51.3,118,5.36,-9.33,2.22,-40,1,133,47.36,-35,-38,5,67,138,68.76,74.32,144,117,5.36,69.38,28,44.58,17.15,-17,7,-8,-25,-18.49,-16.87,118,-19.91,-29,66,2,112,51.4
24.21,69.08,-13.16,55,12,28,-15.33,35.72,81,133,109,32,83,34.04,2,57,92,38.27,142,46,47,-24.15,-17.43,75,81,33.02,-9.14,14.06,146,39.19,16.89,3.21,41.29,103,-44,-50,-50,-18,42,71
51,-1,107,24.19,68,71.5,5,47,-38,37.67,66,24.77,48.2,124,50.58,79,-8.29,-36,42,107,13,-44,55,74,-8,61,5,-34,114,34,9,-44,-21.8,-5.01,116,112,57,-36,47,-18
-21,17,-9,50,135,95,49.45,-15.38,-43,55.41,51,16.71,137,67.35,-4.92,76,27.6,19.58,149,-22,-15,126,-3.61,-10,-6,138,-42,-11.54,-48,29,139,-44,33.87,95,93,25,92,-30,25.07,71.69
-17.39,39.74,40,-5.35,7.02,-31,-46,-11.44,145,-47,62,18.35,-14.18,7.15,-19.29,52.82,-10,33,-23.52,119,147,49,79,26.03,-28,29.66,82,37.43,10.89,116,110,57,-20,-11.4,-27,-14.27,117,63,11.86,30.93
98,0.62,45,106,9,-20.03,10.94,-1,-17.29,62.41,55,141,52,129,74,73.41,3,107,20,-2.35,53.22,-15,40.92,-35,44,33.89,20.3,127,67,101,77,119,32,-11.86,-2.55,79,41.09,67.94,137,90
87,62.16,41.25,128,35.28,-24,1,141,55.47,-10,72,40.4,32,89,38.44,40.78,-19,15,-43,1.26,66,115,136,68.41,52.67,47,-25,24,19.47,134,94,31.98,41.57,54.26,91,8.31,24,79,94,58
27.16,82,-9,134,13,128,56.14,-16,-45,15.66,79,39.23,42.53,91,33.05,67.28,22,40,9.02,39,6,51.41,71,49,104,29,69.97,108,37,-20.39,123,-27,106,103,-24,19,67.02,41.92,1,-48
65,18.02,60,-20.85,-33,89,102,3.5,6,41,10.61,30.22,60.5,11,-7.34,113,22.81,42.1,11,29.98,51,21.92,-9.63,-44,72.6,51,39,54.98,1,-2.62,73,147,-42,66,147,37.37,21.4,7.18,76,-24.75
-29,15,-40,43.55,-2,21.31,23,47,29.72,14.13,48.14,-43,-5.58,21,96,57.46,125,14.85,76,23.68,4.55,67,62.11,-33,28.54,47.55,52.55,18,20,31,68,8,3,83,-19.94,19,2.26,5.26,17.55,130
105,57.4,44.07,111,-29,49.75,72.94,-36,-30,10.73,22,15.11,66,149,11,125,131,117,-3.26,-28,-2.54,-14,-36,32,42,102,-20.09,122,40.59,13,82,-46,-28,-13.04,142,-4.54,144,21,22.97,43.64
97,-1.14,34,115,26.75,35.53,61.88,139,134,-20,-1,67.43,137,35.25,41,81,12.29,79,69.77,53.01,41,70,69.04,56,75,98,14,-24.02,-24,128,58.75,46.62,52,-41,-7,27,-36,-18.17,-38,19
100,3.81,110,62.65,33,45,136,22,44.08,52.17,39,-9.13,38.86,43.29,-1,-8.74,95,20,103,138,63,83,111,13,-7.8,18,111,-6,44,65.2,12.39,69.99,48,139,-25,13.81,59,109,42,30
49.45,58,62,-5.55,-24,-9.96,15.98,14.36,136,-26,64.5,65,-3.91,4.76,-3,38,77,23,45,95,61,50.63,8.72,72,18.78,57.01,40.92,65,19.19,111,73.59,91,91,5,49,51.98,109,51,136,21
45.3,-16,37,3,-14,42.12,147,47.34,35.59,71,22.35,102,46.19,43.21,0,50.71,123,-27,116,11,73.5,-10,84,-24,-41,-13,139,-44,58,-18,-2.25,108,102,11,-15.66,8.01,53.32,-22,-37,60.78
-6.04,111,106,14,17.79,2.65,45.26,31,144,31,39.93,59.68,17.51,66,-15,-19,51.4,63.95,-31,48.1,149,-35,114,4.06,-20.75,128,109,-5.85,69.7,43.98,84,27.14,-48,117,137,-50,130,125,-3.81,86
120,-25,22.15,90,5.19,146,62.4,145,-20.21,111,-36,100,-17,37,-50,143,88,44.5,28.91,-18,36,41,-15.8,0,114,109,64,35,-47,38,71,-19,103,32.16,-50,39.71,-8,40,51.01,30.53
15.66,93,35.24,23,91,21.04,105,69.45,37.97,30,-10.15,78,-39,-21,135,25.71,18,-48,-11,53,30,103,49.11,-18.92,124,140,24.05,-8.05,-16.67,-50,-42,98,10.37,61,-8,75,38,84,-38,-13.49
106,-10.6,137,101,45.41,-44,53,142,73,93,31,42,36,-28,-13,115,-10,19.76,29.1,-13.52,141,18,25.5,99,-6,120,126,56,-33,84,14.27,38.43,23,67,28,11.71,133,34,53.62,-3.99
-35,69.5,9,149,115,92,9.48,12.66,85,3,100,38.19,18.35,19.67,41.39,23,34.06,115,33,-12.46,0,62.78,65,60,102,-35,-11.04,65,86,5,-5.86,-20,22,80,128,40,97,7.07,-18,11.27
99,5.38,85,0.24,10.71,-44,-27,26,67.5,54,24.08,-17,-14,-47,24,22.41,36.79,-13.18,-39,21,4.6,2,-29,-20,64,43,67.93,42,149,66,-42,72,73,52,13.02,45.47,81,-34,-0.71,-15.16
-24,130,45.85,126,95,48,80,2.34,34.86,94,15.73,108,-5.76,-4,86,-22.39,20.49,-27,17.98,18,37.99,33.53,-42,74.2,66.99,38,-4.61,-30,130,64.81,21,31,142,21.38,-30,106,34.14,65,140,-1.48
140,-14,74,49,49.69,105,84,68,-9,-29,-2,50,110,55,56,121,3.17,-47,-21.72,62,-27,49.05,77,43.35,45.52,47,-28,32,2.15,-5,73.72,7,33.16,56.17,29.82,-39,35,-20.7,7.67,25.18
-9.47,36,-13,-7,128,136,-35,-20,12.8,118,142,-20.58,-13.78,50.41,7.43,90,-21.39,23.31,142,-1.78,42.45,-15.4,53.49,139,71.29,63,17.42,-42,40.66,74,83,101,8,72,-2.67,103,29.36,26.15,48.16,21.68
59,60,38,49,70,12,56,47.97,-37,-8,48.29,97,135,79,61.95,-5.71,50.24,105,-2,136,139,27.68,100,67,37.74,65.52,43,-12.52,30.44,-35,26.57,30.84,118,56.47,35.19,13,104,52.65,37,15.27
-20.9,128,-40,46,-0.96,20,95,-23,92,120,89,-23,26.5,39.75,-8.57,144,20,-1.56,137,43,15,50.92,104,-13,130,19,140,-47,95,90,68,-10.37,-19,58.55,66,-45,20,23.84,40,29
58.07,53,17,41,20,10,82,62.59,33,18.44,99,145,46.15,-49,122,56,27.04,-28,57,111,77,78,50.09,-34,68.7,16.68,31.96,17,44,7,-43,-21.59,103,-17.31,-24,18.82,125,26.32,-9.76,4.71
14,65.13,-25,25,25.75,21.03,126,69,54,1.28,72,44,13,-22.52,139,67.07,131,38,137,22.47,66.93,96,-43,-13.83,-47,35,-9.71,-31,29.25,-44,50.39,-49,-2,82,96,54.8,72,23.48,33,34.31
-50,146,21.6,48.04,16.01,67.94,-47,12.32,41,96,70,55.22,-43,10.69,125,34.34,4,71,144,-41,-9,59.59,84,54.38,130,-15,54.52,-7.97,68,135,111,74,1.27,75,-17,32.11,29,83,117,54
-1.8,142,108,71,38,126,17,112,57.43,63,32.85,93,-2.59,24,22,13,85,44,77,27,43.48,65.29,-19,-9,3.94,10.96,-0.94,68.41,12.29,135,31,42.97,74.51,49,-23,-21,49.87,85,-21.98,-27
105,-6,-36,66.99,70,-16,126,8.15,108,142,-18.48,62.17,14.72,82,55,69,16,137,64.23,-32,38,-11.53,106,36.18,37.61,62.42,73.56,65.52,102,28.96,-6,44,-7,-36,92,-12.51,61.34,76,10.11,17.08
57.15,-47,-31,124,65,42,2.29,28,143,66,41,97,53.82,21.7,-8.93,-29,-35,18.4,14.73,51.77,42,28.79,-22.43,61,12,37.75,23.29,103,27.28,148,137,32.64,27,-21.28,-38,-7,-7,75,19,-2.53
15.93,55.39,95,-15.87,-3,30,-22.57,63,-10.87,16,-46,-17,20,-6,-50,81,110,66,26,64.46,69.87,117,41.33,24.68,15.99,33,-15.45,2.15,129,-24,30,58.75,24.67,-11.18,127,43,4.68,123,43.03,33
40.51,115,-3,24.75,17.04,20.97,131,19.77,-29,79,-6.88,-7,52.13,26,78,52,-21.9,58.72,120,58,39,38,126,52,-13.02,0.34,62.95,57,-30,-24,39.31,49,-30,25.98,24.88,73.89,73.73,-14.35,51,72
64,45,21.78,101,26,-3,46,105,-15,54.46,5,15.38,53.39,-5,34,21.13,62.33,61.51,74.76,73.16,24.79,-1.9,16.22,95,57,6.28,-25,45.74,4,67.66,-5.72,80,-4,17.93,-26,62,117,-46,70,31.68
24.66,56.23,45,4,-28,42,-29,-3.51,-11,134,10,129,66.73,-48,93,4.92,-33,9,138,31,3.48,-22.8,-28,-31,-26,4.3,-4.22,145,-30,22.51,52.48,16.74,74,61,-22,-16,-8,-36,138,21.81
26.9,-13,61.12,-12,5.53,120,-1.05,34.3,16,-12.45,60,-42,127,143,143,-7,9,60,-23.08,143,-35,-31,22.52,72,49,56.79,0,35,18,7,-2,1,-38,-5,28.91,-17,38,14.85,145,66
120,74,27,29.48,25,81,50.13,-17,9,149,8,122,41.28,-11.44,94,137,12,58.01,121,145,44.37,123,76,68.43,43.65,-46,51.58,91,118,3.36,32.84,41.12,139,-15,-33,-49,67,72.99,85,93
75,81,139,-21.75,-12.29,-18,39.04,53.17,-23.12,63.46,52,61,124,22.13,109,19.74,14,140,-26,43,36.14,22,18.81,60,47,26.14,-10.85,35,-9.87,74.9,142,137,122,-41,-22.75,-17,56,-20,1.43,6
-10,67.55,-13.83,126,40.59,38,139,111,61.61,22,47,8.31,19,136,75,61,2.42,-12.25,137,135,57.71,-23.69,47.95,76,120,-47,12,19,21,70.77,-38,115,103,-37,-40,61.11,25,102,135,10.25
59,21,18.21,63.56,57,76,-13,46,60.65,88,-27,33.47,110,28.48,-19.2,56,-19.85,1,149,81,56.91,137,77,22.54,55.7,16.37,92,-35,49,-12.54,83,143,33,-17,44.75,-11.3,33.07,16,18,-25
63,109,-1.37,-31,57,9.97,-5,148,36,8,26,-21,16.22,77,96,-46,-8.78,24,-11.88,40,51.76,25.82,51.25,38,-6,68,-23,-12.43,50,28.1,149,-46,18.13,-22.65,82,-36,-5,7.75,-17.41,113
119,125,31,126,62.07,18,128,30,68.87,138,39.67,48,-13,115,-11,49,1,17.59,-15.38,11,42.07,21,75,81,-22.67,3,-37,71.12,46,-12,-7.54,124,34.45,148,40,-8,-28,-23.16,9.09,36
-23.87,126,-20,95,97,127,86,97,19.1,-40,-13.23,26.34,34.61,54.77,56.52,1.75,-18.57,33.14,-21.34,135,28.85,-23.64,45,-4.24,49.82,58,45,11,119,48,44.98,132,62,-17.26,69.17,61,74.25,144,92,-14.2
66.63,57.23,-19.78,141,149,-23.08,12.32,3,3,4.31,57.76,-24,6.18,57.13,-4.98,34.5,143,58.75,100,63.71,58.38,-4.65,68.15,-1.51,-44,20,27.14,16,58,121,5.12,67.87,32.07,-11.43,-27,132,16,146,15.22,-10
-11,32.66,123,8.98,48.19,1.84,-26,40,-42,-5.82,2,115,27.47,39.26,52.1,-17.14,44,-0.98,121,66,136,17.84,-5,6.28,-12.28,50.16,47.94,28,4,117,16,-2,18,102,3,59,72,41.15,79,-15.95
-11,29,71.34,-12,89,104,51,10.04,26.06,76,39,86,74.25,25,-7.33,65.65,7.42,55.23,10.89,109,-14.2,-17.65,40.33,39.89,37.81,41,14,-12.8,68,-2,128,44,93,64.71,-4.82,47.68,5,-13,53.28,3
66.75,82,23,-20.84,116,87,25,59.47,42.38,76,51.15,3,62,131,38,1.93,50.5,-5.33,28.37,33,-17.51,-6.71,69.04,-36,36.82,55.28,47.5,-5,-4.59,-3.55,17,-32,38,67,56.98,18,119,62,-44,73
-5.35,60.04,58.35,51.47,-8.15,38,9.03,10,-3,-18.59,45.13,60.38,127,-20,52.43,142,117,128,43,107,38,105,-6.84,-10.16,140,43.49,58,71.8,-1.66,76,-27,-8.88,63.79,35,55,3.74,29,-17,140,-1
61.92,-5,-1,68.1,0.16,-10,43.67,15.2,36.08,127,-6,134,-6,93,3.53,108,-28,-19.43,149,67.82,-23,74.64,-14.47,-4,-38,44.93,114,98,-37,-44,42,11,-18,75,-11,61,-1.97,121,-16.82,23.31
47,46,131,73.65,23,149,9,130,54,7,-27,91,101,67.79,23,6,-21.97,45,101,66,43,119,90,64.95,127,131,32.37,41.47,-19.19,58.72,-11,70,11.93,-1.98,50.51,6.25,25,54.15,2,134
4.21,96,-9.26,123,65.42,149,5.7,135,12.93,99,100,48.32,22.29,-19,67,139,34,112,51.47,18,55.81,-25,-47,-7.59,-36,-22.37,-12.03,82,-28,40,100,48.89,42,80,75,127,10.04,-2,98,88
29,-40,42,-15.49,28.99,-3,117,73.16,128,-18,7.5,92,50.71,23,64,125,-18,65,-48,-15,27,-5.47,62.32,44.45,-20.87,6,60,91,-6.12,4,-10,101,63.41,26.84,21.48,3,6.34,35.76,-2.69,71
120,21.65,29.57,1.76,-38,94,-32,107,-1.02,-13.6,-9.78,48,106,4,124,-47,134,37.97,69,-12,61.42,47,124,-19,144,50,15,75,55,149,96,-3,133,76,131,60.29,49,38,-36,2
5.01,-47,-3.73,39.12,46,10,43.63,28.05,16,58.95,-34,-22,10,44.4,-20,89,125,148,4.03,7.62,-27,-46,-25,-18,67.27,102,84,145,-15.15,-35,44.16,39.92,22.25,-30,57.61,4.81,40,-18.75,44,6.27
64,69.48,76,-40,4.82,92,-4,111,15.72,12.67,102,104,10.12,46.28,65.03,11.07,54,27.52,-2.51,-14.79,28.12,-12.19,80,-46,1.2,45,10.64,1,79,72,142,6,129,-7.63,13,71.35,-11.48,-8.82,-5.66,50
79,37,49,32.63,146,76,-49,-1.8,-29,71,61.29,-15,-16.86,-4.37,-26,-29,10.83,41.94,89,0,23.88,79,26,122,5,3,-49,55,33.99,147,107,-17.08,124,44,-4.63,-11.16,16,3,-17.2,115
24,35.47,81,51,-50,147,81,94,138,65,60,67.56,-19,110,14,32.37,-8,9.28,63.5,-3.89,-1.57,-2.88,103,51.14,28.28,37.8,56.96,111,-4,147,62.52,1,69,30,116,35.02,73,104,-43,19.07
22.38,9,-23,43.52,-34,-3.35,34.58,-22.97,56,1,1.7,4.91,68.01,123,17.67,115,17,96,20.45,71,-25,91,-17.1,-39,3.44,-33,36.57,73,81,90,-9,73,23,106,97,67.42,144,99,136,10.46
12.11,-23,-25,80,66.18,-11.73,107,1,36,91,12.31,13,91,141,-18,95,54.77,93,68,39.52,133,42.77,33,45.92,26.84,-23.81,4.75,17.9,114,-13.75,42.05,3,123,69,29.42,-15.87,7,-45,-15,7
71,37,-16.39,40.18,2,17.47,46,25.82,43.51,148,20.99,102,28.96,25.52,-19.52,-24,-10,22,19.16,-22.04,145,148,-12.57,-1,34,-6.36,13.4,123,-7,43.6,9,-18,62.83,46.5,18,30,-17.85,62,112,-22.62
-22.35,8.81,-5,4,46.5,-5,34.21,95,114,27.73,143,5.52,36.19,18.88,87,-46,-9.77,58,-18,-21,84,1,32.94,72,88,40.52,124,19.4,-4,122,32,63.09,127,86,-23,8.2,71.61,73,28.57,41.39
14,63,26.04,69,-6,39.94,8.94,24.15,32,55.39,30.8,82,-6.73,23,129,-3.11,31,130,51.93,19.91,69.7,6,145,22.49,44.06,91,117,38.94,13.23,18.47,20,113,39.14,-49,63,62.73,29.4,26.87,31.82,63
-0.96,-34,-39,21.7,95,49.02,24.74,72.82,25.79,38.04,41,-5,-4.42,47,12,100,-42,53,98,42,-31,40,16,62.45,52.33,-21,44.41,58.94,91,9.23,117,76,30,119,32.84,11,18.31,-17.57,92,43
49.81,73.33,-14.22,69,72,1.31,62.07,65.21,25,116,26.83,54,101,-5,104,135,-15.38,25,-20,68.62,72,95,132,135,68.83,-49,134,-22.5,140,43.17,63,24,0,-12,27,99,13.05,131,146,-49
50,102,-20.85,14,-24,0,42,47.92,116,9.03,65,149,-45,14,48.12,-10,-2.28,24,17.18,1.66,146,74.82,-20,70,10.15,76,138,71.69,-7,59.57,52,-22.21,14,42.44,61,43,84,16,58.52,74
115,-29,86,66.74,7,119,29,16,35.7,58.16,-21,-6,50.36,-13,108,7.03,-36,148,94,54.93,20,92,-22,118,-21,-22,52.82,68,4,72.48,3,1.39,8.71,18,122,24,100,141,137,69.9
16.11,70,63.01,76,37,-10,137,68,19.98,114,101,147,50.74,2,12.56,128,-0.54,144,53.24,23,33.05,-21,-41,107,82,64,7.79,32.17,116,128,-7.98,-8,-4,137,64.74,92,54,33.74,98,-23
26.26,9.23,1,-48,50.81,78,64.5,40.15,-1.82,105,16.64,125,24,58,18,51.4,50,-11.14,139,-15,39,36,29,-21,32.44,134,-44,24,87,140,41,20,-19.38,70.9,15.9,-39,40.8,-8.76,62.78,4.18
29.82,130,-23,61.03,40,10,47,60.23,80,-9.15,149,-48,67.62,114,-49,68.79,-36,-12.25,21.92,13,104,38.44,63,24.44,-20,107,129,-14.35,16.41,149,62,68.62,-23,7.24,74.67,-6.51,16,12.29,119,16.69
-5.82,85,73.3,148,24.71,-44,23.25,123,-3.6,48.33,17.83,20.56,-4.22,34.28,-14.5,53.25,3,32,-50,-20.71,21.03,69.11,-5,75,-16.41,69,136,30.21,-12.18,49,11,38,47.33,11.96,57,33.68,-23,34,94,-5
44,74,-13.03,-33,146,139,146,-9,78,-13.25,105,4.56,9,34.97,-15,44,-14,84,36,58,71,-14,-1,-15.13,34.11,28,-26,-50,-17,95,-14,-12,26.2,77,47.57,41,3.52,53.47,134,9.91
52.2,69,-8.97,-31,5,-8,62,126,-16,16.82,148,-10,12.54,147,1,-20,39,76,146,46,-25,145,25,-39,70,68.33,-22,97,104,13.83,136,-19,24,84,128,39.67,56.62,35.6,35.41,19
143,-3.68,16,22.71,-16.65,-8.09,108,136,-18,37.14,-28,48,90,24,-17.54,135,66,18.47,142,65,-15.44,27.03,5.85,59.26,63,117,129,-46,63,97,45.51,3.8,-22,-49,36,-14.97,146,71,23,112
110,41.31,36.18,73,7,15.43,23,32,-1.84,111,1.27,22,114,-8.62,87,29.64,-23.11,-4.9,106,37.06,135,-17.25,87,136,-13,79,15.7,-11,39.35,27,56.56,-17.59,66,-16.01,52,66.16,77,-17.43,7.1,132
14,105,79,100,127,56,-9,12.01,-30,-17.17,101,72.94,26,74,17.16,57,58,138,4.61,72.06,63.78,33,45,89,19,-5.21,69,-33,51.97,-13,-13.07,-32,67.37,73.21,99,26,94,35.95,66,97
10,-23.94,49,36,120,47.73,134,-9,47.46,-38,74.06,134,89,25,58.42,105,22.17,24,6.89,35.87,19,-22.45,-12,36.25,-18,126,40.12,80,70.29,2,3.46,11.89,-46,23.14,54.54,91,20,70.22,49,125
25,-2,73.1,-13,68,51.49,17,44,95,45.7,49.12,-6,-7,82,60.41,40,43,39.5,-14,57.06,94,-2,37,5,-39,-19.85,35.51,108,-12,110,4.51,-24,137,55,77,69,0.92,-32,130,29
16,72,27.71,7,-6.13,58.46,7.43,-17,34.83,-19,-19.32,-18.42,50,-42,-19,43,-4,109,-35,78,38.85,52.36,63,-10,6.34,32.07,-44,51.89,47.57,126,30,101,52,-42,41.4,15,33,56.92,57.22,147
16.13,39.69,63,68.03,49,143,23,-48,88,10.14,52.48,-46,49,140,70,33,74,124,-14.79,-24.11,57.92,70,104,58.47,26.69,48.27,134,-3.92,-19.33,28.38,16,0,129,26.6,6.5,130,99,66.71,146,32
2,142,-41,33.09,19,3,25.4,34,45.22,-16.82,71,-35,107,53,-15.2,1.86,89,-11,71.87,7.81,127,-4,-10.99,38,87,133,7.54,73,-19.32,107,-40,143,41,6.18,33.65,104,68.01,-9.23,5.18,68.87
17.86,64.61,120,-26,-34,62.9,-36,30.59,49,96,128,103,30,12,6.5,24.23,5.18,48,57.12,-20,65.93,139,69.1,99,85,62.91,38.2,4.92,6.29,63.59,-18.67,97,-21.49,43.87,-41,47,27.94,3,67.39,9.61
113,69,31.75,-45,14.99,115,24.7,93,54,-11,63.64,10.11,104,-42,59,71.79,17.02,-8,67.24,6.47,-43,-4,30.08,65,-4,-24.21,49,111,48.95,123,48,-40,61.96,58.28,48,5,76,4.33,-19,-28
-2,49,38.31,46,80,27.77,111,-34,-31,30.4,53.4,139,28.87,28,-21,138,59.7,74.49,10,-20,93,146,144,0,32,135,11.3,53.14,11.78,71.36,-23,58.91,-20.54,52,113,132,46,12.01,-22,84
59.8,99,-45,23.52,-3,108,-10.39,109,-19,107,85,62.5,-9.4,147,36.69,-4.43,19.07,20,22.85,62,-26,27.1,92,135,147,11,-48,74.5,14.19,-29,111,69,-10.76,44,59.04,59.97,3.28,32.9,38.18,81
-9.09,-17,-24.02,139,129,-11,69,-25,6.72,7.98,71.19,17,18.16,3.69,-18,43.9,-39,94,8,73.37,10.04,-8,6,131,-11.89,-32,61.26,89,16,-1.18,74.42,30,68,-49,21,44,-14.63,88,82,-22.21
67.15,136,77,40.83,116,75,19.18,52.3,42.81,31,136,74,24.01,136,72.43,40,116,39.37,41.09,-4.07,93,-41,78,11,-2.84,75,30,78,48,45.76,33,-20,148,11.79,74,5,14.75,104,-5.56,73
109,-15.6,12.23,87,36,72,36.45,109,47.97,-16.74,-8,27,16.46,48,61.17,6,53.47,19.17,-15,60,147,100,-18,-23.79,110,11.41,12.22,68.62,134,81,116,35.24,142,38,38.24,27.78,31.4,9,3,-12
73.75,31.89,45,113,77,-1,71.33,-37,-10.9,-20.38,112,104,108,-10,144,-20.83,43.17,86,45,60.66,118,-8.72,60,36,1,101,-31,-35,84,136,13.51,-35,16,-15.93,-10.12,56.78,77,96,5.54,40.24
-12,97,39,29,74,-5.67,-22.9,18.84,28,-16.08,31.3,148,65.51,47,112,103,-20,24,22,18,-0.32,-16.37,5.14,61,43.41,22.62,48.4,35.41,12.44,3,-19,-12,65.48,128,126,-13,84,-48,57.86,21.74
-7,-22.34,36,-18,-10,17,53.96,130,125,55.09,63,-7.43,-10,107,-23,62.86,-23.78,104,39.72,-12.28,1,16,66,140,138,-5.58,20.11,52.76,30.65,-3,126,-5,61.51,122,46,126,43.23,-3.31,126,44.89
15.36,80,36,59.31,71.46,55,23.01,8.25,85,30,54.61,3.73,-31,25.86,-50,-9.75,31,7,-50,71.09,22.75,86,62,48,-0.48,-14.14,31,42.94,-46,106,-19.38,-8,54,43.92,48,78,50,52,79,62.4
82,-31,17.12,133,68.22,129,17,121,-9,-31,-20.62,140,19,58,-5.53,60.2,67.19,34.95,88,38,91,97,65.23,31,-0.49,-44,-5,26.74,2.4,4,8,-49,117,124,64.96,90,-13.77,73.76,-27,57.16
63.8,-1.93,7,10.89,8.3,101,45,-22.81,100,48,57.03,71,30.32,4.43,13,1,-49,142,74.69,30.49,-18.86,-29,69,18,97,-7,-45,71.94,145,107,43.91,23.02,-13,-12.39,51,-14.55,3,105,4.06,-27
101,26.77,45,-5.55,-38,54.56,-8.5,73.32,57.13,48.44,22.02,71,-46,69,88,0.03,71,-1,-7,3.23,69.05,42.44,-13,35.45,-31,-2,-40,68,53,-29,103,106,18.59,-32,73,68,1.62,109,67,-3
-48,-1.09,-16.45,48.96,14.93,148,20.19,-48,128,86,66.18,-43,28.09,-42,74.09,115,84,98,68.86,134,-16,7.35,45,16.6,3,123,88,-37,20,110,96,-23,86,66.25,1,79,-1,11,2.43,140
31,22.03,15.37,-16,0.04,142,-2.18,57,-6.31,-4.01,41.76,-44,18.63,64.79,43,39.55,-21,33,76,137,37.58,2.25,66,90,14,9,-24.62,-47,8,1.49,45.65,108,66.75,65.05,-10,105,138,53.61,-7.99,60
58,86,43,16.66,53.81,-1.29,-5.57,-47,0.4,113,63.13,-12.82,33.87,18.65,10.85,100,-29,129,-13,35.14,85,15,35,-29,-44,72.44,116,-10,33,133,-46,36,50,55,46.83,49.6,0.5,102,135,131
42.19,126,-40,14.68,144,72,101,-14.68,-31,-36,69.68,22,67.89,49.76,-20,140,97,34,52,86,20.34,115,31.19,41.68,146,17,61.69,26.55,6,-41,24.55,55.19,62.19,50,126,73.05,23.62,61,-17,48
33,148,66,4,29,58,25.56,-10.41,87,-18.16,120,105,39.04,28.75,34.88,125,-26,15.18,46.53,14.55,-3,20.92,30.89,67,66,-18,7,49.36,7.18,27.96,88,55.82,87,83,-5.46,51.26,21.2,99,9.42,29
-17,32.68,87,142,37,13.47,10,-39,-45,62,69.33,71.4,138,68,10,45.98,80,55.13,-30,15,67.03,-5.02,102,-42,11.91,70,-23,65.69,43.41,50.16,87,57.56,40.28,-2,44.24,146,-45,63,53.67,20
106,-21.8,123,68.53,116,6,70.77,-26,34,5.12,23,25,57,27.81,33.15,72.74,68,88,36.46,62.02,19.94,38.88,-14,33.89,128,36,-28,27.95,-25,10.28,-7.8,19.32,-30,13.15,135,0,16,54,120,-24.67
56,-24,61.6,103,-26,99,74,-14.79,-27,43.96,-34,-15.27,-40,46.75,49.93,67.46,26.89,11.82,81,23.01,59,15.78,102,126,23,8.27,128,0,128,30,73,20,16,74.91,7,-10,-25,19.01,52.79,64.87
30,130,44.35,107,73.65,67.53,32.63,25.78,-6,-22,147,42,43.99,31.53,48.51,62.11,140,23.93,50.97,50.22,-3,21,119,112,15.35,53,73,-24.39,95,-7.71,109,55.45,-22,42.3,-20,-26,16.03,149,58.17,60
96,26.09,49,72.68,4,9,-2.63,70,-3.87,99,89,73,-12.67,36.09,-22,70,121,47.49,67.13,33.13,72.7,61.33,39.72,112,25,-28,37,61.76,-21,16.12,11.17,-46,62.38,-12.11,49.87,66.89,60.02,-9,-47,77
116,-20,101,-1,-2.33,77,32.07,-20.57,101,25.93,57.42,45.01,4.41,1.36,39,74.85,91,-37,34.5,95,40,9.86,28.48,139,123,-1,63.03,-22.55,107,6.36,58.17,89,12.65,-15.4,67,29,-11.37,70,73,23
45.02,110,4,59,124,26.26,-9.15,7.11,75,1.39,55,3,-14.63,-16,130,64,27,-6.1,3,-20,83,82,8,45.22,-10.34,32.14,108,29,23,16,53,93,-29,70.11,4.89,57.92,73.66,35,77,-7.8
27.69,16.03,42.77,-9,46.8,104,32,49,113,16,26.08,84,105,16.73,-34,-8,-5.87,7,69,25.16,100,-26,47,-8,-30,96,94,132,108,15.45,44.36,113,-28,-5.55,62.49,4.23,69,51.31,-14.2,27.55
30.7,69.69,14.9,103,-36,-1,95,9,-13.21,103,61.6,35.7,-9,7.57,35,-28,66.27,148,18.42,-49,10,139,86,91,3,-20.39,74,-41,-49,-32,122,-50,-5,59,69.51,-9.11,52,11,17.38,22
74.17,-38,-29,10.4,39.06,1,131,146,17.48,15.5,94,0,-34,95,-4.59,47,26.11,58,19,118,-35,13,18.76,127,64.67,24,87,48,-8.29,-24.38,13.44,68.39,-5.43,18.03,139,23.78,109,91,29,-45
64.06,11.91,51.25,12.49,-11,-45,-38,10.75,-19,51,100,68.96,25,-40,21,-7.83,60,134,88,16,23.32,7,33.34,39,26.99,-13.28,137,63,-23.75,50.82,-3.06,54.62,-37,100,12.91,49.23,58.48,40,129,17
29.67,-26,61.02,15.07,3.23,34,26,115,-5.35,-10,73.22,49.38,63,58.15,98,-34,-21.29,29.97,95,70.35,137,46,-26,31.4,-43,57.05,27.47,9,-22.26,32.21,101,57.21,102,28,60,12.95,3,54.65,-6.02,-4.99
51,17.26,1.45,-17.33,28,131,56.57,71,117,14.2,98,-23,-33,66,-20.5,-41,-8.48,122,-28,58.18,10.42,54.76,85,34.58,148,21.75,52.67,18,-11.21,-27,39,-13.1,-15.84,-20.19,109,17.01,70.66,-28,0.79,-26
-41,58.93,35.35,88,13,114,6.26,3,47.91,64.92,42.33,8.47,17.24,75,43,55,-21.2,79,-6.62,72.84,8,-23.45,53.76,12.14,-1,40.64,121,33.74,-20,64.52,123,64.94,4,53.63,74,-13,-9,121,22.71,19.66
-4.41,36.6,-19.33,72.31,5,29.95,-41,97,106,23.27,52,15,44.84,92,30,21.54,28,41.08,-5,23,-18.37,72,-19,57.6,30,-4,39.08,140,-21.64,-22,40,147,32,69.07,91,10.64,31.63,25.53,88,-18.69
44.5,11.56,19,73,35,54.5,124,93,-21.36,48.69,-0.44,-35,77,27,-20.59,144,124,33,139,-34,27,53.25,90,70,98,59.44,-32,125,18.48,68.73,10.15,-5.07,121,9,73.35,26.92,125,34.52,-3,66.3
45,-8.03,21,80,-25,113,101,60,51.4,98,-17,-50,-32,-23,94,48.08,-47,30,47.42,51.36,-1,-22,32.87,72.87,3.35,90,38.2,6,23.03,103,127,-4.1,133,13.26,45.1,24.4,13,-23.93,128,11
50.23,38.34,111,37,43,18,61,-10,110,-24.55,-16,42,35.39,-9,18.38,-33,17.57,-1.85,-24,122,16,-14,102,110,-33,-16.47,40,-1,64.77,95,67,34.11,-38,112,55,-18.32,61,78,4,95
-45,21,110,128,-20.04,48.14,-44,126,28.1,-24.52,-11,15.08,83,58.16,141,4.81,132,72,23,3,37.9,101,-8.98,51,7,14,-21,-10.39,0,52,-41,26,40,-3.47,58.56,-17,103,-26,37.58,30.44
49,19.69,122,-3.72,-49,144,140,-18.5,20.4,96,63,6.85,55.97,-11.24,-38,40,4,125,51.07,75,32,13,84,54,-10.7,58.95,-21,-37,25,17.01,58.74,142,-8,113,-13.14,34.81,115,-43,32,-10.72
65.06,110,29,-17,-11,53,130,10,16,102,71.53,5.39,68.62,72,56.96,-8.24,91,62,2,62.79,9.26,47,-32,62.95,101,-20.92,-11,93,-39,-1.85,98,65,58,17,135,59.95,99,19,136,20.61
143,27.93,55.03,118,36,127,27.68,61,-17,97,12,-19.96,10.37,0.61,23.09,-17.73,99,89,22.28,-16,118,-10.38,25.71,4,19.41,132,-29,41,103,-31,-21,84,149,27,-14.67,113,-30,42,-23.38,-16.48
54,40.16,46,60.12,64.09,-1,123,43,74,72.52,47,-2,20.39,37.1,7.99,7.66,69,-46,18.64,-2.68,-15,-41,103,17.68,118,32.74,120,25.15,20.48,32.56,64,12,66,38.67,28,-3.39,115,148,74.87,21.18
85,3,105,25,90,134,105,9,-39,-15.06,-14.66,41,0,13,92,101,19,68.4,95,109,-43,44.61,120,30.64,86,124,44.1,135,137,120,20.6,32.58,64,45.9,-38,40.91,55,0.95,117,14
111,132,27.41,113,-3,48.55,37.76,72,35.55,41.33,29,84,-14,44.96,28,71.68,-21,-41,106,145,132,51.55,-20.42,18.87,-18,59.34,88,-16.98,20.02,129,4,1,94,-3.21,21.92,-47,48.05,48,99,5.39
-25,51.53,67.87,26,23,129,144,51.42,132,32.06,77,13.86,60,71,100,-47,-19,38.41,118,83,130,118,43,26.01,60,18.96,46,-11.99,14,46,41,-47,-29,73.96,73,-11,29.97,-6.08,48.54,70.71
57,-10,-42,43,42,-6.99,1,32,14,6,73,12,17,42.29,14.66,11,44,103,12,-5.48,-0.43,41.28,7,64,46.31,51.25,145,72,100,136,2.62,-37,30,67.93,55,-22,76,55.29,31.26,15.16
128,11.71,52,-42,65.12,76,-36,54.02,2,-42,147,-21,129,24,57,70.9,55,-35,3.52,56.11,15,88,125,-11,-16.74,105,101,-20,11.1,43.09,-9.54,-17.56,85,41.6,-14.88,48.73,80,-17,17.59,89
20.04,80,-6.26,10.11,56.17,89,44.88,-2,116,110,14,13.14,-7.98,28.25,59.1,56,9.44,53.25,24,47,35.75,-26,43,20,39,2,70.67,63,-10.73,70,146,-4.43,67.23,7.87,17.59,36.71,18.55,38,-10.65,144
-24,110,135,133,7.88,60,-22.71,126,-18,129,97,133,72.88,17,19,-38,48.69,67,51,12.6,62,36,32.89,-17,-9,45,28.58,-7,11,36,-40,60.3,-11,43,126,10,-5.21,46.94,63,124
43,58.04,-13,33,-18,14,112,105,146,-2.03,8.81,-6.44,-47,-0.47,122,59,-21,91,4.74,-4,25,5,7,63.59,38.94,129,17.18,37,-11.76,58.09,-45,35,31.77,70.69,-10.76,122,71.36,93,41.19,37.81
-18.78,-1,14.23,15.15,101,29.46,66.69,135,-44,0.25,62.26,140,-16,44,20.42,-6.17,16.75,30.38,100,130,61.5,-6,82,-35,46,71.76,5.66,149,22.89,33.5,10,-45,27.85,40.86,71,-7,-31,8.46,32.32,65.39
125,13,10.35,28,2.9,21,98,49.44,72,78,28.56,27,4.15,50,60.9,39.89,-17.46,-36,26.45,24,21,108,19.79,9,-6,25.49,104,29.29,31.67,30.51,41.96,66,12,-22.8,-24.09,13,-3.69,28,136,47.1
-5.97,64,13.37,8,-14.2,147,-23,-16,6.28,87,64,25,98,-1.33,42,66,-4.94,13.08,106,74.13,117,115,48,96,65,-19,34,-8.55,4.54,35,77,149,39,-12.9,64.72,-0.14,30,-43,42,124
146,50,118,88,113,6.81,77,34.81,40,66.63,63.92,-2.17,31,-2.56,139,-6,49.16,-49,68.34,-26,70.37,124,105,-43,36,-7.82,18,110,-31,66,-16,6.56,139,80,68.27,148,-44,91,140,47.22
61,55.29,97,88,95,133,124,-15.44,-10.86,25,24,17,134,29.87,12.23,-17,44,-30,-41,-41,66,-20.65,-0.48,14.63,-46,72.9,44,68,12.46,33.22,122,66,-43,21,2.27,59,73.44,15,134,-43
1,120,64,60.99,-16.03,54,33,-7,68,11.09,110,50.65,41,-8.83,34.07,138,-0.56,71,27,73,-22,27.5,67.77,10,141,-25,60.44,139,21.61,-14.6,128,104,131,60.18,41.64,47,56,-49,98,10
3,130,30,63.92,-6.55,60,-25,93,3.68,-17.47,-19,31.96,52.06,61.3,90,67,-15.48,102,-21,23,51.46,144,43,74,-13.74,41,24.66,19,10.25,-18,-3.96,32,69.09,29,17,-32,6,16,34,50
-48,31.81,10.75,-24.39,-19.2,107,84,72.54,125,-15,-16,3.99,104,30.05,57.84,-40,-30,138,33,-5,-18,-20.42,15,18.57,3.54,-36,-24.52,46,-5,29,68,-1.45,-27,131,47.57,84,22.55,9.24,4.13,24.1
-20.98,-26,-8.8,54,122,-1.53,53.61,13.57,-12.68,113,33.47,41,-42,72.56,64,68,107,56,-42,58.58,19.97,105,105,-20,-24,1.89,90,35.16,73.28,3.3,94,112,33,-23.85,18,141,-22.6,17.63,36,12.3
59.54,-9.11,55.99,23,125,103,37.07,34.86,24,71,141,66.88,6.33,-6.77,40,62.49,-2.69,39,136,49.15,-16.49,41.15,53.78,10,-22,55.34,24.49,-17,62.3,44.29,20,-35,121,58,54.72,25.96,87,50.48,74,-21.23
86,79,18.39,61,58,16,84,21,0,148,45,144,-19.25,63.27,42.6,-20.19,-19,64.82,-21,8.76,-9,-49,-48,-6.46,24.94,58,-21,-8.3,59.5,31.85,20,-24.58,52,-30,58,-11.06,27,-16.28,52,23.25
-3,20,37,113,129,20.53,-23.34,-5,3,0.44,-47,46.8,131,-7,20,39.83,3.2,64.59,129,-20.92,138,-26,117,109,-9.7,69.89,-27,8.93,135,69.83,13,-37,22,-20.46,57.78,103,0,78,90,114
133,4.06,15,-27,-23,11.72,39.75,29,8.99,56.26,59.32,28.65,-3.56,42.62,-23.39,-5.45,8,20.69,47.9,88,67.98,88,91,49.82,26.05,-17.7,-36,65.56,31.79,29.5,24.6,133,86,-17,43.04,-46,56,69,-23,-47
-2.17,53,-1.3,17,142,140,110,43,36,11,-15.42,120,132,137,59.3,3.61,18,40,-11.92,74.37,95,9.66,29.99,29,97,-32,102,107,94,62.55,37.06,4.68,28,16,18,-11,19,64,6.05,67.64
-15,74,64.3,16,7,132,-34,22.81,35,136,26.64,18.65,1.79,44,86,22,11.75,33.84,147,33.8,-16.87,-21.06,96,115,-16,124,73,8.63,81,18.62,10,-16,5,97,145,-1.31,-3,108,5,5.54
52.48,59.47,55.84,64.05,64,6,31.92,96,-0.18,-5.13,30,48,29.99,130,-37,29.65,70,64.92,51,42,19,133,-35,20,73,119,-1,149,31.42,131,53,46,-18,-23.71,-9.09,23.81,67.15,137,57.1,-13.89
21,122,-50,26.69,133,23,56,-27,56.57,67.35,96,109,-23.75,37.73,111,25,-6,27.07,22.4,5,49,6,59.58,59.86,124,1,-5,8.24,88,16,59.43,31.65,133,52,121,47.41,30.23,94,9.5,15.52
70.94,18.97,20,50.05,30,67,-25,60.36,-34,6,12.5,59.83,101,21,115,70,141,120,53,134,143,92,-49,-8.31,97,91,8.3,93,48,111,128,54.63,99,125,72,17.56,5.34,27.95,-33,46
-3.41,139,-2.69,57,134,-15.36,60.27,56.21,43.6,24.6,62.56,36.71,-1,53.01,131,7,128,62,-17.58,-2,-6.9,-14.56,-45,-12,43.95,8.28,-18,52,34.47,-17.58,-30,5.59,46,70,69,78,-0.71,-16,29.49,69
89,14.55,-9,71,40,10.74,39,111,56.83,0.8,102,135,124,-34,132,-7,7.05,22,-2.2,77,80,134,-36,32,64,95,-1,56,-38,-21,70,-11,33,43.98,62.22,51.24,21,51.23,29.16,3
67.94,52,17.14,-20,51,-37,-18,75,51,124,10.94,86,-28,27,70.32,28,8,6,121,65.78,135,-1,-48,148,103,-18.67,135,-4,56,133,-18.45,62,60,94,-42,66,44.88,-20.57,-17.76,18.44
26.32,134,129,127,-4.81,64.18,130,18,-2,3.41,-22,14.38,-43,32,72,27,44,78,16.02,-36,27,33,47.77,-28,123,56.43,93,77,64.34,8.3,-41,115,86,16,125,16.78,129,-21.85,4.67,-25
6.78,108,10.79,46,68.64,65.48,80,27,71.62,70.17,50,66,-8.39,52,24.83,-17,66.28,-16.44,54,-16,-1.68,138,143,45,47.45,21.35,39.39,67.86,92,-22.12,130,66,103,134,9.75,-19,89,65.88,57,-47
46,-12.47,141,-20.38,31.17,-22.43,-28,-9.24,47,59.15,-22,16.67,-19.49,45.05,30.56,136,36.55,6,127,80,42,5,51,105,89,39,68.61,52,13.5,44.42,25.37,40,99,114,25.84,21,-8.99,14.23,-11.81,-29
24.45,-22,85,126,73,88,50.52,-5.84,42,-11.87,43.56,34,35.19,-3.88,142,6,24.79,-47,-7.98,97,-5.66,36.98,58,80,99,9,-3.06,-30,107,30.01,-27,106,1.86,71,-26,122,-33,7,58,98
17.75,-10.03,147,60.38,36,46.34,-5.43,40.34,-11.91,23.15,67.44,47.66,122,11,-39,54,7.76,-28,3.52,65.77,50,7.01,-17,-6.2,120,70,18.79,57.54,47.24,25.33,-6,6.2,56,40,120,-7,28,21.27,114,42
-11,66,-36,111,-39,69.88,27.46,12,53.08,46.19,-20,124,108,79,74.96,60.06,9.71,-17.99,54,84,11,6,15.7,119,74.5,29.34,-1.09,25.76,26.64,55.15,22.88,88,16,12.98,113,-18,-28,53.83,53,0.43
68.99,29,32,-17.98,33,-8,59.75,-21,-39,130,-18,65.15,-4,-14.02,77,1.86,-45,139,12,145,13.58,-32,127,-48,58,42.49,-14,69,69.98,53,6.3,74.63,27,118,43,1.76,13.08,35.04,68,8.6
105,116,-34,-8.21,-5.07,25,64,127,43,44.52,39,51.37,63.29,-26,25.94,-17,-1,3,42,-38,108,69,58,-2.1,29.35,47,82,-16,130,101,109,-15.13,58,67.85,14.88,19,-30,13,102,-45
72.69,-38,-22,-7.12,33.47,8,9,55.63,80,-25,0.49,3,48.99,-9.04,36.13,-20,55,2.43,-22,-18,-15.51,109,-38,64,-31,4.25,-43,138,129,115,149,65.41,52.22,-22,51.44,68,42.26,95,-11.1,-40
53.05,42,71,40,-21,72,66,-21.07,-12.09,-11.88,24.77,-27,84,24.79,7.56,25.34,0,99,-9.37,138,-9,4.81,71.8,18,1.92,57.97,130,52,16.51,44,38.41,-4,34.42,133,23,22.57,54,129,71.85,101
43,26.92,-4,3.28,-0.38,6,13,28.35,22.27,124,56.47,58.54,12.01,50.56,52.6,40,104,48.3,23.79,147,78,21,71,94,30,43.22,64,-27,141,21,55,54.42,106,69,19.01,39.18,47.21,14.83,3.09,32.73
-40,60.93,74.78,-28,-22,12,-33,42,31,53.3,14.99,49.18,33,82,9.49,118,27.04,140,90,-44,-16.9,-8,110,-16.85,113,-10.72,28,66.22,35.81,84,-7,4.72,-14.64,20.63,-4.76,28.42,34.41,33.73,52,-6.22
112,14.13,-7,82,51,91,56.35,135,2.28,33.82,47,-21,10.56,-19,-21,52.85,-12,53.39,29.17,33.68,23.62,106,-18,61.82,-18.06,107,139,-19.99,99,90,44.02,103,42.29,47,2,0,139,1.15,33,-15
-7,86,-17.03,51.9,11.41,-3,104,144,114,-31,142,22.54,-6,-3.64,29,83,92,26.74,17,37.72,62,70.28,-3.8,68,-24.08,-11,-19.17,-28,73.98,23,141,-10.25,-3,123,57,33.7,5.09,44.34,-12.83,74
53.67,20,62.25,1.85,-27,4,12.98,25,-35,-23,-7.37,-46,39.83,22,83,59.35,46.89,5.56,98,133,-18.3,-15,35.81,-7.33,61.32,148,-17.8,140,-18,22,59.12,2,47.08,65.63,-22,-19,140,-13,-1,85
72,127,125,70.03,-34,-47,64,45.25,-17.42,139,58.31,59.97,142,31,38.93,16,18.71,1,65.22,-10.28,15.46,8,68,55.3,36.17,58.71,50.91,118,-36,16.21,12.37,56.35,19.22,29.63,28.58,-7,146,5.72,-18,54.08
20,-18,-15.57,37,-18,74.45,-6,69.71,109,-29,50,147,40.92,36.17,18,-22.31,-46,74,-45,27.45,56.86,55.01,-46,-6.96,139,26,9,84,74,-1,107,103,-46,64.31,25,46.25,33.02,-33,19,49
65.24,61,115,-25,39.15,61.1,128,135,5.47,40.07,59.64,133,34,80,14.67,4,1.38,14,-10,36,122,31,69.11,-16.55,-20.99,-15.8,121,66,41,-18.22,127,-17.49,-19,5,30,14,9.48,-28,-24.54,74.65
121,134,105,-24,130,17,-14,-26,17.98,25.25,-0.69,66.17,58.73,56,-15.5,-6,32,6,40,-42,49,11,132,139,12.04,-49,44,4.1,37.46,66.66,72.48,37,41.12,101,121,31,16.93,26,60.11,-25
11.67,72.25,-18.24,58,-7.97,47.01,48.91,21,111,45,52,131,15.66,6.44,105,-14,-39,39,-14,-18,42.86,-29,-15,93,-18,58.28,39,43.37,40.63,15,23.89,67,23,-23.53,-10,85,72,89,28.84,-13.67
67.4,-42,-5,96,13,29.45,14,69,36,3,65,60,-23.69,50.25,93,-7.34,-14.78,55.52,21,114,106,55.59,83,-4.98,71.16,-35,134,107,80,4.67,46.32,61.8,33.94,34,136,12.82,51.9,73,13,64
31,125,65.36,63,40,-49,-36,18.22,-48,33.8,-10,53,129,42,58.88,5.11,94,-5.72,55.85,148,17.38,47,-23,-18.11,145,26.15,117,24.11,-21,-20,33.07,56,-8,59,5,-20.46,13,-23.07,59,41
12.07,-7.24,-43,44.68,29.73,7,31.03,108,-7.01,16.93,33.24,43,141,121,125,-11,22,-16,34.2,69.89,16,4.21,92,7.71,-5.84,83,47.81,0.6,92,137,62,130,39,135,30,-5,5.71,32.25,-16.98,29.17
147,69,-3,125,42.49,144,92,79,-23.89,132,62.42,73.08,83,2,110,79,-22,-47,131,100,-36,-43,61.56,26,109,36,101,-21,70,28.74,-14.8,31.95,126,147,7,1.67,0.46,7,7,30.48
-20,37,137,58.71,124,39,-8,109,68,41.88,56,94,16,62.88,0.6,-8.06,56.77,39.51,72,23,-16,-19.23,40.07,10.12,-35,63.76,34.74,-6,132,60,56,68.51,-16,67.79,69,28.17,44.57,-32,1.42,33
83,-6,6,4.03,77,123,57.43,51.87,102,15.92,141,-38,147,53.52,53.4,58,19.69,34,-30,24.6,114,57.64,76,15.39,65,-24,54.15,-38,86,3,36,51.39,-15,16.96,37.66,23,31.75,-26,82,63.37
23,107,109,-34,144,119,47.93,35.47,103,33,117,96,46.03,121,34.11,96,11.4,-29,54.62,145,47,57.14,147,-8,0.02,66,25,33,0.64,102,16.02,-42,21.07,30,-2,-44,-10,14,-20.9,80
25.86,50,30.29,-8,-6.65,121,-15,76,62,5,4.87,21.19,18.81,145,123,90,42.32,80,12,28.16,-9.23,41.46,75,111,111,-14.05,53.56,29,19,57.63,-16.98,-10.47,105,13.97,0,146,11,85,122,72.07
30.83,-19.93,38.26,37.41,-21,66,23.59,-50,-41,40.55,95,21,47.26,44.17,46,54,46.19,6.15,3.98,13.92,-16,145,-21.69,23.18,104,-11.78,93,-9,44,50.97,38,-5,36.62,-23.68,48.14,-22,3.32,106,120,33.69
-6.65,-12.83,33.29,41.99,5,108,17,-35,96,0.16,76,68,69.31,75,-42,66.44,17,71.66,-8.05,-1.06,125,3,-18.23,68,-14.07,6,98,123,-4,-2,80,-47,17,-6.55,-14,4.88,2.37,44.19,19.61,123
110,0,6.6,71.88,-22.6,54,-10.24,99,21,111,7.72,-26,44,55,144,28,-46,20,-7.92,128,-42,-50,43,10.43,7.76,-33,124,101,3.84,45.94,50.59,-50,29,74,-8.96,22.64,45,20,89,-44
97,72.05,12,52.62,-17,19.83,-27,42,-1.42,41,-2.65,4.3,-46,30,18.46,108,146,13,111,116,4.2,86,-6,61,13.84,59.42,-21,104,71,1,141,31.97,73.09,120,147,136,36,-17.09,87,55.32
-6.67,64,69,47.72,127,47.27,76,-26,65,-39,-1,109,33,55.3,148,84,28,27,88,146,5.96,70.6,48,-9,12.38,5.62,70.14,-19.3,55.49,52,-29,74,96,63.57,-18.44,-36,-2.62,60.19,40.04,93
91,-3.23,23.29,-0.53,-2.57,26.24,53,98,123,62.44,21.53,49.52,86,74.71,115,98,70.01,110,24.99,-4.78,21.97,71,39,-29,94,38,107,103,99,17,42,51,128,42.56,6,121,-15.45,143,-5.55,70
66.52,34.58,29.23,6.23,1,-45,61,22.25,-50,19.12,1,1.07,142,62.85,-45,105,149,112,84,46.82,100,-27,-26,53.73,7.82,140,56,-50,-24.59,37.89,74.41,35,88,22,122,9.78,64,21.91,-11,111
-29,21,45,-18.3,5.54,3.93,-11.89,-14.92,132,-13.72,5,16.43,5,74.91,97,71,-6,8.85,7,75,-2,103,61.73,20.08,-27,63,35.46,41.45,8,-18.2,43.11,-29,2,-27,64,-40,-15.44,6.97,88,27.72
138,28.3,-49,-6.15,120,-5.84,-24.51,-38,14,-21,45.76,25.49,39.9,-5.28,51.84,140,-8,13,52.82,9,7,52.51,50,146,-19,63.61,-17,-49,125,64.4,51.28,39.53,32,42,86,76,93,29.91,37,133
133,88,15.84,-39,-19,91,33,-5.14,39,147,89,92,89,79,66,61.05,73.38,5.93,27.39,13,54.44,51,-37,66,105,48.95,32.59,41,0.69,-43,80,19,13,43,141,19.95,-41,80,137,-22
15.68,51.3,61,-44,54.1,144,32.57,-22.5,103,61.77,-5.42,-35,103,-13.85,92,27,55,34,25.38,24,66.43,94,17.81,-27,9,71.42,50,19,-6,50,17.21,-18.06,-50,-5.64,31,52.25,83,-6.79,129,146
108,111,120,-23,68.62,39,110,31.63,-10,91,-23.24,50,2.17,-44,-10,142,-31,87,-17.21,-50,16,40,28.9,29.84,33.67,-11,27,89,18,11,46,57.3,-15,87,47.07,100,-13,-12.72,-5.72,-3
-47,69.34,59.37,-25,-3.22,-7,-24.22,105,-19.63,21,56,141,37.54,38,68,94,-15.54,126,82,46,-30,45.11,-19,84,41.68,34,75,41.93,41.51,71,-12.84,42.44,-2,100,91,124,20.28,66.92,28.51,106
81,-29,100,76,36,-6.73,69,65.6,50.08,67,12.56,80,-4,75,-20.9,35.6,45,-3,-4.03,-16,7.18,41.91,131,55,64,111,48,140,118,131,36,34.06,-3.94,30,-17.35,113,-2.61,-1.31,-2,-50
52,57,27,68.75,65.38,28.46,-6,-5,110,149,73.52,2,19.42,9,-29,9,53.96,-13,7,99,-42,81,101,21.16,45.63,46.52,13,-24.48,-10.34,31.43,-23.28,73,25,98,38.22,92,56.55,42,97,-17.35
69,-35,47.68,22,45,101,67.79,61.2,-20.62,29,89,11.3,5,85,66,16,109,61,40,40.77,55,41.67,145,31,-21.33,40.77,-3.53,35,54,71,69.65,-16.87,38.97,1,60.02,1,64,-48,-37,49.36
22.43,-4,86,32.45,7,4,30,27.77,-40,36.32,104,-22,-4.06,39.72,-9,-9.16,44.91,72,123,23,87,-8,-1,-2.51,113,89,7,66,145,72,74,-23.65,28.55,56,19.76,54,21,23.64,19,96
55.59,73,-10,42,-18.34,9.38,27.56,141,-12,7.11,-15,-33,62.87,-21,8,37,34.57,-24.46,-21,136,7,6.31,16,59,46.49,57.83,19,74.84,-32,18.38,83,-15,59,51,-39,124,63,37,138,43.52
-8.62,-45,27,-44,74,-21.2,38,37.62,55,23.5,86,40.89,113,65.28,127,-9.77,-22,37,5.22,22,86,-7.58,39.79,136,-28,96,-14.44,-6,-24.38,102,55.69,53,73.47,-34,-21,13.34,0.27,7.17,-3.39,-33
73.49,32.99,-18.06,68,56.82,35,26.5,-3,76,20.57,74,-24.18,88,59,92,26.75,79,96,5.7,129,6,66.18,126,54.68,-23,137,37,-7.83,28.86,4.87,48,-19.36,35.06,-36,-21.83,65,26,-18.7,-46,25.85
18.43,-35,-12.51,-20.81,-12,-18,-35,-16,70.01,32.52,36.09,50,-41,12.82,148,138,-32,64,28.37,2,57,21.3,19,58,25,72,-24,63.82,67.48,-5,-15.4,11.84,-35,-24,51,19,15.58,-18,92,64.62
36,123,-18.48,-12.86,37.45,-10.4,64,-10,23,46.38,68,52,107,32,20.8,-3.06,-13,59.82,34.27,-2,127,57,44,10.78,11,57.99,57.23,12.11,36.73,97,115,27.74,115,47.45,147,-17,-5.79,93,45.74,-7
-17,132,45.25,-20,26,73.94,18,66,66,15.37,34.5,-45,29,-42,86,23.69,28,44,36.89,-22,-21.01,102,116,15.9,68,15.59,22,-12,17,15.53,39,-5.72,60,-32,75,69.33,132,6,16.09,104
77,135,69.99,20,-21.64,-4,125,57.22,60.38,93,-35,37.41,54.94,30.01,86,14.37,114,-11.54,12.57,73,21.86,41,15.52,-45,114,14,30,118,145,92,21,69.18,129,35,-0.95,70,67.42,53,54.79,-41
15,73,62.09,-35,7,-36,-26,74.71,54.28,41.82,34.31,90,81,119,-14.58,48.76,47,118,-4.99,127,39,-4,-15,70.57,22,-12,14,26.95,24.38,-9.66,38.93,7.27,65,60,90,42.89,121,50,60,-26
59.33,58,96,37.41,38.23,146,-42,35,-15,111,-30,67.56,57,57.35,70,-3.93,11,3,113,-29,85,62,-5,23.29,29.57,72.05,60.9,37,18,14,46.38,55,12,108,76,-18,-39,47.5,-9,-16.57
20.21,-17.76,63,69,-18.15,66.83,146,-13.32,73,125,-11,18.92,-49,-12,-28,54.7,0.82,73,115,45.59,6.75,-31,-21,113,45.97,-25,-10.31,-45,10,-19.38,-49,42.74,81,-24,79,30,134,-12,-17,-8.76
93,27,54.97,34,-44,138,1,83,0.55,131,-2.42,-4,120,74.58,-23,144,9.57,-40,17.23,104,22,122,18.11,-26,43.96,35,81,45.15,-18,53.88,35.09,115,107,-17.22,27.04,26,11,102,56,88
28,121,-48,-15,6.33,-36,143,133,-26,21.47,58.96,-46,56.75,-22,-15.62,44,124,54,4,87,-16.41,20.67,40,10.57,30.67,11.63,12.38,11.58,44.98,135,63.24,65.27,-3.79,-8.28,18.27,-11,-12.97,100,46.61,50
39,40,68,12.05,68.19,-7.32,-8,-33,25.25,-33,15,-24,64,92,68,-12,51,-9,51.04,62,32,54.63,43.96,27,74.63,18,135,86,60,-34,-34,-7.22,-12,-20,56.89,3.56,0.64,63,-15.5,82
61.86,-14,87,66,22,109,90,-38,83,132,-18,43,3,27.34,25,84,-24.64,79,117,24.15,60,86,-12.99,28.74,79,46.49,128,64.18,88,-7,-23.26,53,77,-2,-4,95,-7,-22.11,112,-32
85,-5.44,46,18.77,28.35,-19.87,-36,-38,69,134,20,58.78,30.37,127,-6,-5.59,23,19.51,130,-22.36,-10,50.51,56.73,-43,119,55,-49,133,72.46,43,13,89,-49,-1.77,-1.81,32.36,54.34,105,69.55,-5.6
37,79,74,-37,47.29,-21,70.01,-1,56.49,0,41,131,82,-8.02,-18.52,49.93,12,48,63,26.48,-12,54.1,31,38.73,69.57,86,-10,52.37,43,-19.27,-40,67,-8,11.4,104,46,19,-5.7,138,-15.15
62,-20.34,108,-15.18,126,19.27,46.89,19,-42,2.82,43,60.05,101,-12.38,127,53.72,97,-5,126,36,50,12,43.27,52.45,-25,33,60,126,146,-15,-6.84,63,57,45,1,28.5,-22.7,14.63,18.56,-24
14.7,32.9,119,147,-17.22,-20,73.26,-6.83,59,100,5,56,64,50.36,-23,25.02,144,-12,64,-12.15,16.4,124,-44,50.12,22.78,42.34,-18.17,11.66,68,-43,72,25.18,39,46,-17.15,132,89,110,35.06,57.56
124,-21.84,22.59,5.52,31,-8.74,-34,70.11,47,7.01,73.21,143,-26,38.2,-9,16.01,-22.97,-28,66.79,-13.09,54,99,11.18,48.14,105,37,103,-30,-25,15.03,50.14,-13.52,62.17,16.29,1.9,65,-16,124,-43,92
-4.46,87,-1,67.02,59,-31,100,31,31,111,116,31,115,-8.41,126,59.38,14,-7.44,48.8,26.43,3,109,51.46,0.96,41.3,15.31,-20.15,131,9.35,121,84,147,-20.57,48.05,59.55,66.74,56,-22,1.18,102
-21.81,54,77,29.96,-9.46,-10,-35,27.06,62.78,-45,-15.62,84,71,1,14,-1.41,42.71,-35,141,-11,28,-5,-12,80,143,-17,67.82,131,87,43,39.74,53.1,-44,34,50,-37,36,131,94,18.35
-22.08,27.66,59.37,120,46.1,137,-5,15,104,94,57.2,70,128,49.63,-31,25.84,68.46,85,80,0,1,17.24,37,39,135,70.12,17.2,118,-4.36,-17.9,32.03,93,64.59,124,142,19.97,-15,72.67,71.9,48.54
-24,70,42,121,38.62,-45,25,-17.57,67,42.63,117,100,-41,15.57,9,29.09,63,-8.18,-9,-18.33,62.43,32,30.52,-8.03,36,45.95,42,43.62,46,-7.82,11.92,-13,34.45,-30,66,42.73,105,-35,11.78,-18
41.88,-40,13,-12,27.06,30.35,48.23,39,26,96,-2,-6.51,-3,29.48,5.12,28.97,48,147,33,56.57,65.71,109,2.81,87,70,56.61,113,-21.57,-10.95,-16.91,2.44,69.34,26,31.06,16,0.77,-41,32,129,-26
25,-0.34,91,8.13,19.94,64.06,134,-13.21,126,144,92,7.41,90,57.5,35.61,-22.45,17,81,146,31.3,32.4,90,-22,54.58,62,117,-47,46,28.43,0.6,55.54,-2.07,122,137,25,78,14.34,5.27,122,-46
20,43.25,125,10.91,46.05,122,-12,-19,52.87,73.51,127,16,40,26,134,-28,37.96,54.47,66.43,-6,39.77,26.54,85,28,-6,49,52.07,0.96,-45,56,-19,131,26,-7.4,-37,-24,111,115,114,51.03
-16,59,46,118,20.88,53,-22.83,-16.99,-21.11,42.75,-49,48,-20.7,34.63,41.03,-6.54,44.29,102,46,63,9,146,109,37,2,-18.81,17,-22,138,57.06,-4.42,-7.67,144,62,7,-4,-22.45,77,-9.09,-2
63.53,92,106,10,5,8,33.77,54.94,22.71,-21,16,-29,38.24,29.49,108,-3.77,19,-33,36,52,-3.82,110,83,55.43,4.94,23.42,4.34,40,-2,141,36.14,98,27.74,2,-9.03,47,29.95,10,61,28
73,8.29,23,-14.94,107,3.63,56.48,56.27,-9.2,0.81,-1,-0.2,11.6,-7.08,80,97,87,119,-48,10.94,132,-34,21.08,17.22,38.49,-37,42.09,58,49,-31,34,-6.79,-2.4,12.08,45.5,31.54,39,82,-20.7,82
70,3,34.88,18.31,10.62,-40,-35,82,15,-38,116,-4.7,-21.63,60.33,108,-7.77,93,52.24,57,45.99,-43,118,26,3.55,47.23,99,65.21,-24.07,1,111,17.07,81,43.91,60,140,110,-39,97,31.87,90
41,132,73.39,90,88,121,137,-28,57.41,114,-44,32,-23,30.32,108,-47,45,112,43.59,60.02,61.6,34.42,-18.99,-0.11,-8.45,138,68.47,20.56,20.78,29.22,-36,1.67,63,17.27,107,18,17,-49,34.58,19
117,123,-36,28,35.47,9,100,53.42,-14,68.15,85,98,-22.95,-16,126,23.86,20,13,-21.97,39.89,-14,61.1,6.56,1.9,40,132,5,28.39,140,8,29.68,-22.79,-20.32,29.12,62,24.54,98,15.74,38.05,-14.69
56,-12.36,4.11,33.59,53,112,32,116,6,57.85,-8.59,-47,5.89,-5,27,97,134,-27,-19.56,54,40.35,142,11,20,-42,-1,143,46.07,24.4,-7.31,62.43,59.67,59,122,67.25,135,7.78,-1.99,39,-18.7
85,-37,-15.8,24,-8.07,30.88,-16.53,105,-2.61,-39,5,-9,6.73,109,39,-42,83,67,42.38,6,100,46,27.55,15,57,104,116,-37,17.83,38,124,-6.34,137,-14.16,32.13,-5.28,112,43.99,90,82
47,105,-50,-1,-18,5.83,45.64,15.3,147,12.18,73.07,103,48,-25,55,-3.39,57,-36,26,-2,9.88,-2,41.43,143,72,40,-19,-14.73,60,-13,12,23,93,-39,62.63,12.58,-6.54,-34,81,36.27
69,68.4,-16,64.8,54.42,19.23,41,34,-19.43,-13.33,90,61,22,101,46.86,-4.36,57,-18.05,-24,29.74,24,51,19.24,15.56,39,-23,33.3,27.21,-44,1.94,-29,69,70,42.63,82,-46,-40,-39,138,-35
110,-45,19.69,117,5,36,21.83,71.97,10,149,73.58,49.56,30,51.15,23.98,93,-23.65,25.42,-19,-9.02,3.14,-27,-35,52.32,68,0.69,-14.77,70.63,28,-9,-49,23,131,-13,74,-7.05,-13.97,143,-49,39.26
141,16,112,-34,81,11.75,45.62,9,-50,7.02,-2.65,70.23,81,-8,42.96,95,20.69,41.26,31,-14,109,141,126,14.36,41.47,15,64,79,-20.26,-9,105,62.39,34.9,87,88,-45,46.88,64.13,28.48,69
117,106,-19.61,-21.68,114,7,-10,134,-5.21,68,62.76,1.34,11,129,114,-8,-1.49,-14.83,73.83,50.86,2.68,106,81,-34,53,48.46,43.83,7,69.2,6.32,74,-38,-27,71.48,59,105,44.3,-6.76,77,93
68,115,28,-50,76,23.97,-35,-46,12.55,37.71,1.86,100,-13,-4.41,38.89,-32,-15.73,108,134,-23.08,10.21,99,93,7.42,-15.45,23,122,28,133,0.21,57.32,50,80,31,71.03,107,93,149,104,57
89,11,23.63,-15.5,-0.54,5.33,32,137,16.08,-43,-22.96,-29,107,13.01,45.97,-48,25,107,-17,76,24,127,15.95,-5,-20.78,-18,113,5.19,-3.15,48.14,27,1.71,34.85,-18,11,-12,-0.16,15,4.94,-14
40,85,29,69.79,73,13,25.77,-15.43,69,28.46,6.87,7,62,80,16.82,-19.09,49,108,66,128,105,-13,-36,-26,28,48,-9.3,86,-3.6,-4.76,12.89,69,84,45,109,52.1,9.68,21,137,41
83,143,13.02,-22.28,-3.32,-6.81,17,116,-13,63.48,-1.37,-1.73,11,-12,30.01,38,-13.21,1,-48,-8.65,89,26.93,-29,1,-4,-49,1,-2.1,142,-15.5,-37,39.37,64.78,106,21.04,75,-18.5,56.8,57.29,26
-23,-20.93,-21,51.63,127,70,53,64.26,-2.43,-22.69,106,3,53.49,89,4,-12.77,135,-21.93,73,-7.71,57.74,-16,71.35,8.09,52.18,1,30,-14.29,40.07,-20.59,-19,0.19,84,120,14,27,11.15,22.86,70.2,23.13
49.29,-16.72,98,-14.64,39.77,38.77,62,20,100,-21.38,140,91,-15.43,51,-22,73,68.78,127,-12,48.56,90,147,-9.67,-8,-27,62.42,53,39,58.65,10.71,25,59,79,116,113,47.13,-37,110,-11.77,-16.48
81,2,26.79,57,70,61,137,48.95,49.28,45.09,-41,125,12,107,124,84,-47,22,68,114,-19.75,101,116,-14,60.09,20,35,54,-22,20,36.6,51,1.98,32.2,33.64,128,133,4.18,-23.43,6.31
47.36,58,105,-10,56.64,66.58,52,-3.04,131,-48,-39,-35,-12,60.94,123,41,16,37.81,93,73,-8.57,46.26,58.96,-1,-12.38,-8.4,96,61,58.08,-2.53,20.63,51,60.95,8,40.02,45,69,-1.45,43,116
52.6,-1.04,6,68,1,75,125,26,111,47.98,51.14,67.64,136,-22.52,59.34,-6.52,-18,-11,3.94,33,17,-14.62,139,137,44.73,-18.58,43,6,-3.84,45.73,-6,139,14.74,-19.61,93,101,1,139,-22,0
41,4,51.32,-5.8,5,130,147,43,-3.13,108,143,-33,3,-23.78,-15,98,-50,32,133,-13,-10,60,129,-5,123,12.4,-21.92,13,-2,41.98,62,27.95,56,64.79,31,-27,74,67.62,-44,22
22,11,22.71,75,44,28.4,64.74,36.74,114,27.34,-22.02,-43,-7,0.47,-15.85,22,4,99,-29,-13.38,32,145,105,51,-23,28.82,1.74,59.03,115,21.23,11,55,70.57,62.89,-20,46,96,-6.01,80,10
60,78,-7,9,53.96,8.53,62.62,1.84,121,0.83,24,71,26.67,13.07,24,58.47,-21,-39,9.41,107,62,138,-4,135,42,87,1.52,57,105,39.43,-46,35,-24.19,45,55,66,27.52,-4,42.85,-9.91
12,59.6,-18.8,57.25,46.28,76,-22.33,-36,61.12,-46,12,25,44.63,41.09,66,88,130,50.5,-10,-17.47,-5.24,1.96,60.28,48.81,-48,61,106,67.46,29.02,22.74,-10.22,130,6,96,2.89,6,40.22,68.87,12.93,139
57.13,123,22.69,-0.93,19,41.25,2.44,-12,83,-34,-12,130,114,102,46.97,144,38.31,-42,131,37.73,27.78,41.62,47,88,32,42.9,-25,22.96,12,1,41,56,62,23,-8.78,-33,8.9,-25,64,73
2,-27,121,127,117,-16,104,134,9,-19,-8,72.02,-21,16.48,12,52.1,76,9,-44,56,28,18,2,104,-16,-38,81,27.9,-15.39,141,-6,28,18.41,140,87,145,-5.29,118,41.62,49
-29,18,-22,53.81,99,85,121,61.22,100,72.17,23.88,91,-12.07,52,6.63,-15.95,-19.53,137,90,83,3.02,4.9,73.24,-18,-28,145,148,69.59,69.23,3.7,39,68.26,97,-37,-41,75,4,65.67,68.13,84
-35,121,-38,-22.58,27.56,89,106,-26,-16,-48,45,137,49.11,73.91,61,35,-6,48,84,1.68,38.91,-23.95,140,48.61,18,96,139,7,50,20.88,94,-10.79,-27,24.69,23,61.07,-38,-43,53.35,54.35
-12.03,-29,16.95,45,-28,56.17,-14.07,-17,52.03,2,103,-21,48,106,42.11,-38,-28,63.53,-40,13.41,113,24,68,-32,23,-35,-15,16,-4.3,45.34,81,136,127,80,69.58,-4.89,-10.35,36.72,16.53,-20.11
73,116,15.16,-40,57,-4,-7.32,39,23.37,14,24,-11,90,-18,78,29,59,14.65,-24.08,-18.6,70,99,103,-2,101,84,-4.57,-8.98,54,126,15,98,11,56.88,117,62.12,-10,143,108,106
42,48.92,134,126,-30,148,-15,29.76,98,-41,52.66,-18,36.5,88,131,56.58,15,65.91,74.74,97,116,16,62.2,60,66,25.41,8.44,137,58.84,75,11.92,128,38.71,62.41,115,52.17,27.66,-14,139,42.38
95,16,-33,43.6,-9,66.13,125,-5,73.61,20.58,25,-25,43,-7,123,127,37.75,-9,51.58,-19,44,-20,139,43,124,130,73.79,-17.64,101,121,72,59.69,77,60.12,35,69,26,2.25,36.01,-37
53.22,-9,61.97,60,-11.21,66.89,59.07,26.84,43.31,55.46,14.26,50.33,-23.05,8.3,149,82,-36,34,30.49,61,-4.19,39,65,36,80,88,63,44,142,-7.03,91,-24,143,-21.27,135,-35,94,96,59.84,58.32
32.86,74,149,140,26,42.64,20.5,124,37.35,59.98,84,4,7.3,133,117,144,5.58,148,148,-1,-2,69.5,-21.58,20.36,3.12,26,58.09,21.06,100,74,32.58,58,-7.27,3.2,17.23,41,65,126,71,9.93
59.47,11,-18,42.84,34.33,147,13.83,74,-6.81,-38,-36,-16,-37,110,100,73,71.39,16,80,108,4.79,146,33.15,0.85,28.87,16,129,131,83,139,111,123,112,-45,5.4,104,-14,-24,106,46.7
138,63.9,26.29,14,94,124,42.21,87,27,49,-8.74,49.53,35.88,70.88,39,-19,-29,4.5,28.52,26,43,142,85,5,103,51.05,123,37.87,84,-40,62.58,-15,110,-40,-22,-23.82,117,37.87,72.95,-22.65
17,13.71,111,-8,79,97,-3.06,27.99,56.93,3,4.22,69.46,147,59,24.24,21,38.19,53.59,49.02,-24,41.37,115,86,-4,-7,47.2,49.73,31.83,-6.97,108,-17,22,36.42,70.14,54,7,88,48,-44,1
-10.42,9.72,97,-1,85,37,42,7.98,126,148,-22.3,63,9.63,-6.81,66.7,49,47,-39,-16.27,33,-39,98,0.99,83,-27,-5,60,37,72.9,-30,99,7,72,-46,16.58,106,102,45.36,45,-13
30,94,63,116,7,-11,34,63,-16,69.01,63.52,-30,-23.92,-12,68.17,78,-2,-16.42,8.03,35.79,60,111,72,13,-33,-17.87,-20.51,-31,34,108,-17.37,124,-44,122,97,-6.46,-17,64,-6,42
108,116,57,120,-2.93,93,144,45.09,87,7.19,53.93,42.5,-15.2,-4.2,46,65,-5.28,57.41,0,44,33,53.99,41,24.97,-2,137,20.6,51,35,113,128,-1.68,101,70,69,36.45,136,149,24.13,92
4,75,106,128,1.61,21,-19.44,93,-23,40,47,-23.92,31.51,125,-36,115,65,107,129,14,11.08,-9,49,128,4.01,70.84,-10,-47,89,131,-37,1,147,-17,-6.42,60.81,42.64,104,-19.94,29.89
88,53.45,-20,-49,74.46,22,38.8,117,52.89,32.57,93,121,1.43,86,128,-5.01,54,60,-25,136,28,-29,99,120,37.52,35,55.26,68,140,98,76,128,11.26,119,72.03,-20.92,22.33,-11.36,19.78,108
-43,89,-31,97,-6.03,98,97,82,103,15,5.57,-26,-18.59,35,61.83,71.7,-10,68.98,113,5.44,4.24,95,-40,-34,112,52.13,22,21.55,98,10.35,-14.68,-11.65,107,23.79,-24,-26,116,50.79,117,38
-14,28.7,62.17,-16.88,4,107,41.52,100,73.27,-23,115,49.52,4,128,63,30.23,11.83,9.62,138,51.02,61,142,-35,79,-20.62,14.06,119,132,-27,-48,58,-7,-5,68.97,52,28.42,-26,-13.14,50.3,15.52
24.29,-5.95,86,81,-14.83,-6,-9.07,22.11,76,4,37.1,128,29.14,56.7,17,18.73,33.36,28.19,46.13,21.86,-9.93,-10,54.96,26.01,-17.21,47.24,-49,73.45,-2.36,-22.2,-38,9.48,50,25.66,2,49.65,-12,75,52.3,54.29
119,39,65.18,-32,39.75,17.35,137,42.74,38.81,51,24.77,45,115,29.58,92,30.19,18.22,-4.43,-15,46.58,49.87,36,6,67.29,58,72.14,97,1,149,-19,-42,50.86,-13,147,29.84,59,4.16,24,72.71,-8
-44,45.87,26.5,-19.71,48.16,1,-16,29,27.53,50,19,47.05,55,-16.79,-16.8,2.8,103,-11.66,49,62.75,109,-8.14,130,-50,100,-14,-1,-41,61,96,-43,-17.76,-2.54,24.61,38,50.81,36,4.97,53.27,11.41
141,-6,110,49.83,1.34,76,77,138,52,31,7.17,-20.42,2,-8.77,-21.21,61,-42,56.15,73,56.21,-13.86,127,68,47.62,122,71.21,70.06,61,26,49,-3.89,38.6,15,2,16,-35,38.92,-50,-50,79
-43,84,-1.22,-16.34,47.99,-15.53,95,-23.29,86,79,23.33,12.31,60.21,3.09,58,19.14,92,71.41,15,16.57,106,-40,44.9,36.03,10.29,-32,134,122,58.76,-10,135,72.82,37.93,132,67.65,48,40.12,21.2,94,-19
-30,137,-19.1,126,9.46,0.88,75,4,111,63.16,62,149,112,45,61.22,-19,21,110,58.18,48.29,-15,61.22,144,144,149,-5.43,113,40.54,139,68,-23,15,36,-4,36.98,54,58.11,42.61,123,45.61
10.13,37.74,-19.82,43,-6.91,144,-15.46,0,-22.93,35,-36,64.06,63,98,88,90,68.32,-5.47,43.04,-1.04,38,21.98,1.91,34,-17.15,41.31,76,100,46,29.4,2.17,4,-22.27,129,60.76,-17.35,31.43,12.74,137,27.68
53.91,-24.96,36.9,-5,5.82,24,45,56,78,-32,113,-48,33.16,-50,101,105,128,-13.64,-4,-24.37,101,48,67,71,29,62.31,62.59,30.67,25.84,-6.88,-14.55,101,47.11,68,109,22,27.94,69.85,44,40
-15,51.09,117,59.63,4.76,17,31.16,22.22,7,129,-28,37.06,27.02,74,-38,34,119,-11.99,109,14.55,134,132,38,135,47,-36,15.33,22.99,6.04,-16.01,-45,39.93,78,-29,35.56,36.3,17.7,25,31.07,-23
26.67,-37,136,15,126,123,35,68.16,-49,-16.3,135,123,49,29,-4.05,-16.12,-15.05,47,116,49.64,-44,-0.73,-9.32,119,-16.29,53.11,53.29,-0.88,39,76,28.26,58.46,-27,-49,109,95,51.15,-5,47,92
49,38.1,64.88,84,-1.82,12,30,16.12,94,-9.72,10.72,92,65.2,-5.51,117,45,110,-18,8.58,111,35.75,23.48,24,65,-0.82,13.75,-17.29,136,26.93,82,14.59,-19.48,11,80,93,116,-24,-19,-21.31,48.1
109,-18,12,57.47,110,129,66.2,-20.04,61.9,54.56,21,18,-44,82,-42,-30,-6.32,33,143,58,6.3,18,55.92,62.55,19,99,52,4,55.3,116,-4.96,-23.07,20.83,37.2,94,100,62.29,-46,37.78,110
4.8,112,63.16,-12,136,35.56,64,8,-9,61,70.56,74.09,117,37.02,38,-15.17,34,83,98,-22,-21.25,77,-4,57.32,104,17.67,85,11.43,101,62,8,54.36,34.83,12.76,57,26.71,-40,108,55.85,42.5
-6.91,17.35,-17.2,53,-15,50.39,67,-6,-11,42,125,88,42,-46,-27,-25,94,-23.45,-19.79,52.31,107,51.96,137,-38,6,-31,5,23,79,69.24,-4.27,40,-31,-7,48,72,33,85,47.1,-7.67
-16.64,91,-46,26,85,45,-19.79,31,103,146,77,4.76,72.35,84,141,96,62,142,-4.28,117,91,-27,-21,71,-2.56,78,118,77,123,76,31,-13.01,48.86,-39,-13,25,-8,36.57,42.02,85
2.43,-49,-25,43.31,-19.55,46,43,93,28,97,18.49,-12,17.59,32.98,-3.97,20.53,33,-25,6.32,-20.01,15.55,65.61,97,42.47,71.66,109,142,23,-25,141,131,17.9,-45,-37,135,108,111,12,41.87,-10
8.65,14,26,131,76,-8,-49,15.06,4,3.8,-15,40.5,-9,94,-2.82,56,49,10.95,146,87,143,102,4.84,66,-2.82,33.93,28,21.01,94,-23.3,3.74,24,118,-2.38,47,144,146,136,7,11.21
19,1,134,35.61,1,-24.31,14,21.52,-33,92,-44,42,55,-19.33,43.3,145,73.23,-35,39,148,131,30,-17.78,17.22,-14,80,21.98,80,88,30.52,1,63.65,-8.58,-5,64.66,18.7,-6.78,68,1.96,47.46
23.6,15.73,26,15,30.3,12,40,8,62.83,3,53,65.73,40.19,-13.21,2,35.07,139,10.06,127,135,32.6,32.65,96,40.93,58,49.95,59,30,40,-27,-5.27,48.58,42.37,-22,29,15,50.57,-17,-28,105
72,87,-26,-38,4.97,7,39.25,71.2,-15,49.64,-17.04,121,36.71,12,55.48,63,7,-23,134,101,1.54,-1,3,-10.64,28.58,-0.05,-31,114,60.59,-9.83,63.32,-24.68,121,-6.03,145,17.55,91,143,11.76,48
18.98,6.51,6.62,8,52.02,-8.62,7,-16.23,133,22.35,30.03,45.72,7.29,11.48,117,51.84,23.74,110,70,55.89,113,59.84,79,148,50.57,14.45,3,75,106,28.13,21.62,85,47,0,99,144,105,62.52,-23,36
37.49,77,46.03,-21,77,23.95,10,-30,5.51,130,10,1,40,87,-27,18.37,27,34,26.79,2.61,87,-7.74,8.12,18,7.57,32.11,21.16,21.99,92,56.28,68,35.84,18,109,-42,141,56.82,-34,-15.53,148
30,35,149,145,6,-45,-17,148,116,35.9,1.67,-13,-15.46,-20,22.57,12.07,52.08,74.39,-24.5,99,6,91,-39,62.26,-11,-33,67,-13.76,147,59.86,106,18,130,4,26,29,31,7.36,-30,134
49,139,74,57,-19,85,67.75,-38,42,44,-20,-11.41,70,-10.02,132,22.84,7.58,-49,57.76,137,81,96,28,43.3,83,51.61,125,-19.73,139,6,73,4,73.78,47,49.35,66.96,73.13,44.47,64,100
85,-12.97,15,43,57.62,-18,144,127,44,114,22.94,64,-9.15,61.96,-1,53.5,49,19,68,42.16,-22.31,-13,63.31,43.58,39.66,19,106,72.84,-32,133,115,-16.23,48,81,-6.99,-23,100,35,128,71.88
-22.74,115,-35,-30,67,136,27,100,49,-13.11,52.5,89,-48,65,-22,44,-17,33,-18.77,28.8,40.31,111,-31,137,127,-9.14,36.21,-50,128,-17.05,45,53,26,21.69,-36,4,-7.74,132,-9.85,42
12.36,36.48,71.3,9.52,6,95,72,43,75,-7,146,-14,61.1,29.7,23.84,131,-21.89,149,104,110,4.28,33.17,-7,141,6.11,126,50,103,117,-36,42.12,73,-23.51,55.68,86,92,25.48,3,-18.79,140
77,9,46,-31,63,13.86,-15,-22.91,1,4.76,32,49.47,34,61,46.19,143,69,14,41,40.35,11,40.93,4.63,-5,29,141,-23.89,35,37.1,-19.58,23.36,11.8,39,83,44,2,64.97,-29,1,63.01
145,-8.49,23.17,-9.62,47.53,92,71,61.54,50.09,53.39,132,61,49,-36,62,-43,108,-22,22,24,24.73,18.16,49,54,-27,71.3,30.68,93,38,115,16.26,131,14.71,-33,68.12,48,60,53.86,-5.47,109
29.44,93,39.31,-10.99,106,-30,80,50,-42,24.38,50,-24.78,59.47,-6,80,143,-12,38.63,-4,36,94,35.03,71.64,19,56,-8.71,23.06,114,137,72,-5,-42,31.49,96,13,54.53,59.06,97,86,-24
44.75,76,-30,64.42,-13.91,-7.08,55.52,-8.37,63,-20.52,-8,124,60.66,2.1,35.45,55,34,62,-3.62,51.83,-21,73,59.38,77,-11.33,41,38.2,-44,4.77,32.96,130,-43,120,47.2,125,80,98,43,48,9.83
4,120,116,71.32,148,-12.73,115,-8.51,109,115,130,-12,63,-29,-41,89,93,46.06,94,149,-47,-39,-20.86,105,74,13,141,12.98,47.79,58.23,52.63,-23.5,135,16.83,20,17,-11.5,17.28,-17,14
53,-14,72,-35,19.28,139,7.79,-23,87,-29,50.29,49,41.43,-7.03,-16.6,52.33,68,25,20.8,58,-13.03,-44,107,62.28,146,117,115,55.08,92,110,-0.16,31.85,68,67,-5.5,146,6.65,15.11,33.74,125
82,20.11,-25,59.1,-0.74,16,33,11,7,65,39.91,36,104,22.52,-23,42.99,91,63.8,15.88,12,-20.19,55.67,-40,47,8.7,-15,11,23,57.58,60.99,34.14,80,57,11.31,40.18,-47,63,46.62,2.35,22.45
14.42,-22.22,73.81,-25,68,20.7,-13.06,-13.88,41,63.74,-32,54,122,-1.83,25.82,86,14.62,42.94,134,33,104,14.88,5,73,127,136,21.56,48.28,16.2,140,93,60,-21.77,-42,44,111,35,-14,18.2,45
-15.31,3.74,48,-30,9.43,72.37,39,-21,32.06,-20.15,47.37,37.57,32.54,50.3,-26,13.42,70.91,-21.67,142,11,97,-34,139,37.91,59.06,90,30,62,64,-26,48.45,-5.12,91,68,-5.48,12,129,94,147,-18.51
46,47,37,54.34,0.05,69,66.25,25,18,-5,11.23,112,20,20,139,23.5,117,145,-3.72,46,73.87,-3,55,30.95,61,27.47,59.78,30,-0.88,26.41,-21,42,-7,69,141,-9.66,-36,58.31,21.53,85
121,-23.33,7.43,6.23,16,124,-2,55.09,72.12,119,20.78,93,56.34,95,36,18,-20.78,8.67,22,93,-1.71,81,33.28,37.8,12.86,29,66.38,122,40.06,37.95,7,87,13,123,34.37,93,26,-36,107,69.99
46.96,43.49,136,-34,52.31,22.6,21.62,-16,-11,50.25,93,12,143,69.17,32,10.64,44.25,7,74,11,2,18.9,-47,-1.91,11.55,62,92,52.93,4.96,25.89,-27,68.55,8,62.99,9.03,41.8,-13,-28,40.14,79
84,-35,-3.52,-20.37,52.02,7,-3,60,-17.22,58.19,36.46,-23,63,38.97,-12.7,37.05,74.86,123,35.26,81,-30,9.57,71.86,-34,133,16,60,88,32.56,53,23,36.11,54,51,74,9.65,93,-7.14,-50,61
-47,7,57.45,57.05,1.02,26.37,52.6,12.54,-29,128,-18,16.57,69.15,-9,-26,103,79,62.42,123,21.44,-13.23,36,53,59.48,-44,-16.71,-20.78,48.36,9.74,1.14,66,25.92,50,13.98,83,10.61,-14,51,31.18,70
53,7,97,8.59,71,22,-43,109,-4,124,59,22,-9.2,63,-15.24,18.52,126,-38,-0.07,78,-46,91,112,1.68,-12.28,65.02,95,16,-2,-21.53,146,29.03,31,49,78,98,53,-9.14,52,69.75
-17,99,42,65.05,-47,119,55,108,-8.85,18.85,-13,70,58,-43,35,57,92,75,56.67,0,-12.56,120,61.89,18.02,-20.46,31.42,99,77,57.39,51,-23.95,-5.93,16,36,-39,122,89,77,49,-13
25.2,123,38,5,86,124,24,85,27.32,145,-23.57,92,79,-13.59,-20,13,-49,-35,47,24.96,6,8.98,59.13,28.4,115,44.12,-24.1,78,102,-12,107,62.7,35.63,71,-48,-10.37,25.92,33,18,15.99
-17,-32,23.58,25,12,48.64,3.25,73.06,12.12,5,69.49,-15,36.09,106,106,66.96,103,-29,7.3,16.81,72.62,-43,3.28,18.7,78,56,11.8,44,-9,39.92,85,-11.98,32,30,117,-20.07,147,56.38,2,38
72,12.85,-28,29,-2,4.66,135,120,112,65.64,29.13,62,21,70,9,127,41.7,8,0.15,48.28,63.91,78,-21,-10.28,106,43.57,46.47,24,-14.52,27,8.03,114,108,43.93,14.79,96,-28,-15.37,17.55,9
-24,-39,100,-5.58,-44,-33,63,11,41,-15.96,44,37,52,71.72,42.1,-14.83,102,22.49,19.91,72,63,70,31,66,111,58,55,36,-26,25.75,3.75,117,-39,110,42.53,34.51,-44,66,50.2,57
113,36.21,-8,-21,-0.91,95,48,0.09,98,54,74.66,13.76,2,37,37,50,9.83,21,43,107,53.98,-15.51,89,32.19,3.01,33.39,20.12,62,58,101,110,100,21.98,72,38,37,10,116,57.15,52
87,5,33,89,78,119,61.34,-12.03,56.94,40.59,99,34.16,77,-14.99,69,-18.61,148,-18.01,57.14,74,24,50,40,46.03,95,-12,59.37,-43,58,14.41,91,-24.48,-17.07,33,50,-33,-14,53,32.58,36.16
44.08,-11.45,50.07,57,11.04,112,-4.83,-17.87,7,6,42,54.65,19.92,113,62,133,0,144,-36,21.88,52.83,122,47.31,57,103,-15.13,142,105,27,44,79,-45,134,28,123,41.57,130,22,5,47.54
-47,19.44,44.79,54.81,130,69.02,35.19,145,-1,116,22,21,71.92,-33,72,16.96,49,30,57,33,0.42,142,29.48,98,40.99,-10,140,126,102,72.11,147,-24.16,125,-15,-13.05,70,142,137,55.85,62
16,39,-2,5,43.18,-20.17,27,132,35.29,147,-17,49,125,13,-13.6,21.83,2.19,28.99,45,19,12.69,72.77,-7.08,43.44,141,10.28,71.81,112,38.44,24.2,-10.25,-7.35,128,31.39,109,11,32,53,-23,-3
146,5,-15,99,80,-11.7,-19.68,-15,35.29,-25,84,109,102,58.65,-28,-32,117,-18,20,37,-22.26,-15,-8,16.62,-23,69,130,17,-16.12,26.73,-32,-5.22,-9.12,-8.51,143,-9,-19.09,15.36,-24,49.01
52,-4.92,0.34,13,50,6,108,72.97,36.47,87,30,22.49,-50,-19,24.49,-46,-21.71,-15.06,146,31.89,-29,-11.48,-25,26,-39,140,-2,31,-12.42,43.89,93,42.01,81,116,29,79,17,135,60.76,128
-22,29.55,-21,-24.13,-1,47.44,-27,49.93,97,-4.98,135,63,105,-15,72,2,-10,-31,13.05,-15,75,-9.91,1,136,85,32,26.71,73.85,130,126,51,15,45,-19,46.65,23,9.67,-30,6.7,53
69,0.25,-24.66,31,-7,18.53,14,-17,29,14,113,15.78,31.18,70.71,-38,39.47,14,111,81,99,3.09,-9.04,53,126,101,79,102,144,34.06,37.64,4.94,-42,-24.97,17.57,37.4,45,115,7.69,101,99
27,61,51.33,-22.64,-24.67,67.62,-34,101,-19,71.23,124,-4,49,149,27.31,114,16.44,-16,110,119,117,113,-26,-50,79,109,42,-50,22,3.42,-20,136,-46,97,40,-43,73.86,1,144,-14
48.5,-14,-7.9,46.56,22,-6.2,62.12,11,26.37,124,68,71,-31,6.77,73.58,139,64,126,0,85,33.51,55,70,14,100,82,55.75,111,14.48,16.17,37.67,126,51,13,13,48.91,18,53,32.16,28.49
22,33.95,62,49,121,11.69,141,21.59,104,148,-16,-24.29,44.96,37.04,106,-10,-14,-23,18.47,110,94,12.14,54.13,65,25.65,71.89,19.39,135,56.7,-21,118,127,96,-10,124,94,10.3,116,32,135
-24.02,-27,84,-37,30,3,33,71.82,-15.61,5.34,1.82,-0.24,-31,48,18.04,70.8,56,67,0.34,62,-45,23.07,61.68,86,69,39.29,-10,33.06,72,-16.89,10.57,62.27,61,58,52,125,60.72,8,-27,-48
95,28.11,102,59,-34,64.44,30.02,17.8,-2,8,74.17,59,41.89,13.62,41.31,25,31.44,49.8,133,64,25.91,5,145,30.44,-25,93,-22,5.52,50,109,30.9,20.82,-11,71,-23,23.12,10,80,112,-29
35.12,67.32,-9,-6.93,72.18,44,109,68.05,45,49,55,-4,70,65,-21.68,-7,19.03,128,41,-40,35.39,18.97,123,33.09,40,59.44,-28,62.05,-5,70,39,60.62,51,-13,-21.02,42.34,1.58,35.23,69.16,38.94
62.78,18,99,9,-20.64,-6,22.58,37.92,-25,135,105,41.93,48,82,116,36.18,18,1.83,36,44.5,-33,62.97,61.63,129,33.99,52,41.98,-22.1,-11.77,1.86,60,107,-11.55,71,61.23,39,121,-18,57.24,-1.49
142,11.75,83,118,-18.79,133,8.56,5.26,11,148,2.45,119,33,74.26,-24,53,34.6,-6.23,111,-26,22,67.41,19,-7.14,67,29.27,-37,23,31,60.31,90,8.61,-5,-30,149,60.1,34,91,61.01,74.32
104,-6.69,18,50,32,68,0,-29,52,149,-37,7,130,6.26,-39,-22,104,-21.25,87,-34,-24.4,5.4,-49,14,64,54.57,29.8,34.59,6,74,107,-23.56,63.07,10.2,146,-19,-24,15.76,112,27
134,66.56,33.94,110,-30,61.95,107,-8,27,69,23.06,56,-13,-9,119,94,52,46.1,31.96,65,-14.2,-2.02,-37,72.62,105,40.1,54,149,142,46,-13.32,90,65.6,62.01,-38,32,81,67.58,86,10.91
149,-10.03,-24.56,30,75,28,67.94,59.54,-17,123,-0.42,11.97,34,83,21,43,148,4,110,40.42,63,-46,43.12,129,76,13,36.89,18.31,-3,140,31,53,8.82,-15.25,34.76,84,71,-11.71,53,32.78
101,-15,78,54,67,-38,-22.97,49.61,5,-30,7.92,106,-44,35.23,15,-4.89,-26,103,48.87,-2.71,30.57,-28,62,58.54,-38,-2.48,57.09,74.24,-35,2,4.32,13,31.01,-10.51,84,147,6.25,-46,38,-10.55
34,-2.89,-21.22,64.45,-23.25,9.97,70,35.66,57.71,123,-4,117,62,17,36,-43,19.1,22,68.82,118,141,2.83,-39,66,12,10,30.16,-11.81,-27,64,125,63.69,13.03,4.4,59.37,136,26.29,-22.44,68,2.79
51.17,-3.43,139,-16.17,78,-15.1,-17,99,46,29.42,34,17.26,126,-6.49,119,13.63,-18.5,-42,64,27,108,145,-20,13.83,63.47,-6.66,0.32,-44,-19.71,103,71.49,68,-10,67.89,-37,19,-2,17.16,141,89
3.88,50.79,74,40,38.62,-20,130,126,41,25,12,56,24.29,-45,-28,66.69,2,57,26.37,132,57.13,-44,94,-24.48,39,124,125,124,62,99,134,24.24,74.1,-6.24,76,15.74,-11,-0.3,63,72.53
67,53.71,-19.43,51,72,-12.9,45,10.41,53,107,112,108,92,32.86,-7,133,40.6,51.61,69,25.01,144,35.79,70,110,39.1,144,12,28.69,111,71,33,50,22,22.54,4.54,49,39,21.3,-16,-10.79
-32,72.38,24,127,131,-4,133,-22,5.16,10.9,-16.94,-4.38,12,128,15.27,51.1,1,25,20,36.87,55.06,3.8,54.51,-23.51,-25,-50,3.15,57.09,56.73,19,-3.72,18.2,48,106,-38,-34,79,86,-15.54,6.92
129,23,-0.89,14,92,50,23.87,-3,69,136,115,-3.53,39,54.99,-31,-8.35,59,-10,29,0.85,122,-10.1,54,-33,118,11.91,64,19.96,6.85,-31,133,-31,103,-9,-4.2,29,74.07,-35,37.72,-11.5
-29,-8.97,-9.22,111,100,119,28.73,4.6,93,126,73.04,63.17,125,-23,73.03,1.54,-8.23,64,32,30.29,60,41,77,34.58,-11,20.41,20.18,78,-15.32,123,-26,55,45,-8,35,63.65,0,57,19,-3.85
69,144,45.21,106,53.96,21,-10,-12,-18,-17.41,67.94,97,55.05,117,-14,28.25,-9,87,140,90,-13,67.56,129,-18,-23.84,-17,-13.18,54.09,76,37,21,36.03,142,58,-23.36,-18,3.12,-18,-24.25,63.45
60.39,69,72.14,-23,35.14,13,-20,2.93,60,-24.56,55.87,-22,44.99,-22,23.22,113,23,71.62,69.79,55,55.73,117,-49,54.72,-27,50.33,88,74,-19,11.7,13.3,36,54.18,67.48,147,-23,-3.3,-22.06,126,29
69,71.42,128,90,-46,87,5,37.28,6,28,0.49,57.81,-7.38,-25,33,-12.79,143,-7.1,52,-6.24,138,55,32.55,-18.69,138,57,-12,17.88,105,68,131,65,-19.07,64.63,3.1,64,-3,5.59,3.93,73.25
135,47.89,66,23.11,49.62,42.77,10,-8.12,98,-25,129,67,74,25.64,6.05,108,16,-24,-11.85,-20,15.31,-21,81,140,99,130,56,126,57.35,39,99,63,78,-8.25,142,70,19,-18.14,47.85,15
70.2,-31,36.51,2,42.19,6.76,-34,-11.47,33,18.61,20.59,47.83,13,12,126,-0.32,-1,-22,23,10,-3.67,-2.44,17,37,-31,34,-12.48,18,11.85,-24,-15,-36,-43,-3,-12,46.6,145,45,66.2,-31
56,142,43.7,-14.23,89,29,-28,143,69.23,146,111,18.99,108,14,11,-1.36,88,45,64.93,-45,127,69,-40,36.22,-21.36,35.85,-30,49,-29,50,22,70,109,79,-16,-16.34,36.09,74.3,-23,85
108,88,67.63,-6.49,61.29,-37,33.72,92,0.4,22,-34,143,1,1.55,115,-19.36,-11.28,-0.61,1.57,15,15.34,72,149,49.02,6.51,59,-4.87,-26,-21,63.44,23,84,14.48,2.13,29,19.81,-5,62.9,114,-7.88
48.85,-36,43.44,7.75,-18.21,72.03,50.67,26.34,70,97,-33,51.69,20.71,-11.15,77,14.11,120,120,46,50,42,39,42,53.01,-10,14,47,-19,149,22,27.41,115,21.7,-19,-30,-36,49.63,-50,68.66,135
-4,45.48,84,119,24,38,67.89,-29,1,85,25.62,124,21,74.46,82,-22,-1.19,0,-31,-15.12,-37,-15,-19.16,-12,16.85,67.7,59,37.36,107,71,107,68.19,77,-4,37.99,-27,145,127,-18.16,3
58,0.21,34.21,56.81,75,17.15,57,109,121,128,55.05,49.25,66.16,117,15.06,70,36,13,27.57,39,-30,43.12,-46,113,34.12,15,18.27,74.44,46,2.65,-1.83,18.38,34.61,46,11.53,50.32,135,95,149,-24.52
143,27.53,149,129,-17,27.14,95,133,15,-25,35.61,65,59,-34,-44,121,56,86,11.85,-18.18,89,50.04,56.3,62.09,52.17,13.2,84,-8.48,-16,107,16.25,24.02,-28,-17,64,12.96,-47,30.68,65.73,45.48
35.44,75,-21.18,-37,7.2,82,41.24,46,35.48,113,71,85,-22.53,69,0,134,17,-14,23,-13.16,71,34,46,-15.96,113,10,93,113,93,-46,12,14.15,18.27,-4.8,30.63,72.85,11,112,5,125
7.5,17.32,142,7.47,48.3,14,43.27,74,47,61.35,39.55,139,128,73,78,112,8.8,120,9.68,-23.91,-26,36.72,53.94,137,17.16,20.95,-32,12,-4.79,-47,141,65.4,124,25.48,-6,143,11.67,39.65,-12.79,-12.2
7.8,49,38.09,45,8,63.89,62.66,8.18,1.1,-49,61.14,2,144,60,92,-7,73.6,-3.23,42.5,99,73,-38,19.05,33.67,-27,36,-10,27,-7.13,124,71,22.12,38,-42,-34,58,72.88,55,0,-2.21
10.08,-50,73.67,109,126,60.25,64.47,39.31,6,13,3,32.22,69,83,37,16.03,18,120,149,106,-16,-8.52,-32,33,96,-13,61,-49,118,108,12.47,70.7,-47,-14,17.8,66.13,36.93,-7,143,13.78
-7,-37,44.29,107,5.97,146,13,56.08,-13.59,34.88,4,80,40.33,21.01,116,53.57,-0.94,52.34,2.13,17,72.99,-13.51,-21,69.14,78,119,-17,88,26,-50,54.17,40,50.4,-12.03,-6.49,21.68,36.03,64.43,50.74,29.37
-24,122,55,15.82,-41,-48,120,88,-29,9.06,-34,50,49.46,13.45,63.07,6.37,13,40.12,38.47,69.89,64,91,8.98,20.86,-25,-41,85,86,73.71,-46,-49,67.99,31.55,101,-4,27.39,-1.55,35.8,8,48.92
56.93,-5,40.2,89,68.27,53.55,132,110,121,47.84,39.13,133,68.48,101,-7.58,148,19.6,31.88,-10.65,65.91,52.52,-10,129,25.25,110,1,9,126,-40,60,64.88,26.82,-5,-10.33,61,6.9,50.24,-1.01,101,102
69.69,63.34,1.43,-27,-40,113,-5,24,75,14,69,63.62,13.53,72,63.89,30.95,19,16.59,-1,48,45,-17,-29,84,-32,48.55,-21,11.13,-37,-27,38.07,42.31,49.92,149,-48,-43,38,-22,-27,62.31
11.64,95,43.98,58,30.85,48.46,147,103,22,47.11,15.98,-6.18,131,-4,-9.05,39,30.06,23.79,-16.87,105,-1,-36,20.48,107,123,7.52,68,142,8.25,10.61,105,-13.36,-26,-14.01,-10.9,58,-0.81,64.96,31.48,149
-22.42,-18,9,12,73.63,-21.16,-44,142,62.32,41,-8,37,134,5.87,13.42,-24.9,-39,20,4,73.35,13.95,26,63.97,133,105,145,-7.7,12,101,-47,-8.35,68.74,57.75,-2,32,43.05,111,-14,129,-14.93
92,88,-45,47,23,146,-3.14,-25,63,-10.39,68.5,-15,7.21,-8.12,56.55,-4.14,35,61,84,74.38,40.34,39,14,59,115,15,96,25,8,5.31,-23.91,52,-46,-12.5,-15,67,125,133,86,38
56.69,12.28,3.78,61.77,143,1.27,85,71,5.76,27.85,40,117,-0.95,25,102,-31,-32,18,36.86,90,131,-21,57.04,8.19,-2,119,-14.55,-47,42,-13.19,18.3,80,124,145,27,18,5.66,45.03,94,44.33
21.29,94,30,61.66,20,88,33.97,38,86,-9,32,112,52.79,58.82,9,74.07,17,-2.68,69.18,-10.03,70.4,134,9,45.06,91,120,-1,59,125,115,-9.84,-45,64.98,15.13,-21.17,118,12.2,22,146,76
-2.32,-1.77,141,12.66,4,-19,-46,40,65.81,10.68,40.48,48,98,98,137,9.27,149,59.19,-15,95,57.75,103,7.46,13.88,57.05,54.41,140,-44,53,44.04,102,-41,32,28,-42,144,39.84,63,13,54.58
10,88,61,49,104,122,65,11,-21,-9.79,55,25.28,-13.66,-5,54,-14.67,72.04,34.81,0.49,36,84,-45,22,31,-48,-19,-47,72,1.97,38.31,43.45,75,-46,61,137,-3,32,61.62,-3.8,100
84,-47,140,8.14,84,-14.65,72.93,55,-12.72,14.31,82,97,-15.65,-20,79,62.36,13,78,51,12.19,42.7,115,4.78,-17,51.95,112,0,62.62,68.97,57,-1.18,30,15.66,-7,57.7,-13.48,134,4.23,88,116
41.89,74.03,44,69.75,71.57,19,43.28,29,132,63,23,57.92,127,46.18,45.21,3.68,16.17,49.61,71,13.47,17.59,36,3,16,76,29.4,66,25.72,4,-22,-2,67.52,63.89,-35,99,52,101,16,-27,-8.98
-47,38.24,87,24,18,55,88,-6.07,62,2.34,118,35,144,-4.65,98,109,-0.72,38,18.62,38.63,72.95,59.48,-45,2,53.79,-24,36.48,57.39,-15.66,6,106,65.3,53.64,57.1,41.15,29.42,6,23.88,59,107
-4,136,132,104,40,123,102,13.47,70.67,-38,99,22,30,60.46,44.17,74.67,-11.99,19.85,148,30.41,-39,-15.44,67.55,52.37,90,139,6.81,-7,0.34,-28,61.62,-10,48.45,74.36,18.51,44,-8,12.74,47.61,14.95
137,-36,65.05,130,23,-37,125,44.93,30.58,75,23,131,-8.21,65.95,62,-35,82,73,88,-10.14,43.7,-18.64,47,40.62,-24,29,44,2.37,4,-19,82,16.93,67.09,-15.73,-25,-10.04,125,-16.5,113,17.24
49.38,140,-48,69.55,52,148,-5,0.78,123,28,44,17.61,27.2,22.53,115,34,-3.03,95,31,-3.61,-9.54,17.55,18,147,112,110,60.7,97,87,96,56.54,65.39,48,126,69.65,66.5,46,128,89,141
78,-9.72,83,-12.42,14,30,112,-50,103,-45,40.51,128,44.59,53,54.78,-21.5,-43,-21,93,128,73.79,125,59.59,10,78,44.14,-11,31,-9,51,6.82,-12.17,-47,-48,42.42,12,8.57,39,57,118
33.07,45.68,3.1,117,91,20.84,21.75,77,-10.81,-21,111,35.86,0.59,68.11,-3,-19.2,136,53,-25,114,7,77,99,-21.74,62.4,38.74,44.76,53.53,82,-19.86,23.54,55.56,8.99,34.68,23,-15.39,-7,108,88,11.5
8.44,149,25.27,-19.58,3.13,-9.23,3.26,34,119,57.76,141,50.84,67,21,14.95,37.78,-15.42,123,64,29,-10,143,-7.52,86,-17.47,65,37.49,74,27.18,-44,-25,114,-22,109,67.17,7.41,50,-2.47,37.69,135
27.13,9.74,49.27,74.58,131,99,-17,42.76,63,60,-7,18.7,147,20,70.38,86,-24.16,30.86,115,57.69,11.9,61,49.37,-1,18,58,99,18,11.77,-39,-15.47,-4.45,48.73,86,13.85,23,-17.42,17.66,57,98
61.9,120,48.25,0.2,99,15,53.11,-7,108,-21.48,77,23.06,-16.5,-13,9,104,14.28,-3,63,46.78,36,-40,6.7,120,44.38,65,97,111,144,72,73.34,-23,131,12.88,16,68.04,11,-3,29.11,53
122,48,46.03,107,19.85,144,105,95,-43,107,113,141,-35,34.51,-5.32,20,106,-3,-17,67,39,9,0,89,40,19.52,54.88,144,39.94,56,-3.9,50,-10,81,-10,-9,17.15,108,0,40.91
125,59,138,-40,18.41,61.44,-43,-28,41,132,-22.36,109,-41,-0.54,77,-21,29.42,37.58,-10.78,-50,77,129,87,137,-30,29,47.8,16,73,22,-30,81,16.42,-19,89,82,52.54,-45,3,75
62,117,-14.01,36.84,28.59,52,133,67.52,17,17.33,17.79,-4.88,-23.34,-33,136,50,65.71,15.74,38.4,33,-7.62,119,42.44,5.6,69,4,-34,60.09,-48,7.47,31,34.68,123,31,67,52.28,43.8,102,20.68,-47
66.66,40.69,64,41.91,134,141,23.92,6,19.54,40.1,1.63,-8.65,6,92,15,51,148,86,45.53,56,27.87,-0.52,-14,149,52.05,30.17,55,45.45,-10.3,-42,46,71.03,91,40.52,3.3,11,4.36,90,12,121
140,79,98,-10.1,36,50,64.13,128,-25,8,-20.84,63.11,-6.5,-38,35,97,-17.41,16,108,-7,148,21,141,66.91,-21,32,123,128,62.93,118,75,68.04,-5.62,27.16,-13.14,-1.43,59,-17.33,47.77,141
98,102,-35,119,117,4.62,51.87,21,38.47,-13.83,17,5.02,54.38,-26,-16.32,59,26,4.18,50.28,60.36,93,35.99,23.77,74.57,19.52,0,59,46,38.24,-18.35,-3.74,20,119,-18,0,103,-5.75,65.87,-15,66.45
70.28,114,100,-17,22,-29,102,21.58,6.17,-24.25,-26,-6,80,103,6.89,37,8,70,28,56.57,6.6,-6.92,110,53,-20,-18.03,65.12,6.97,8,7,-18,23.73,12.76,21,109,-10.28,57.4,107,125,-9
-6,24.44,70,64.53,-17,45,90,-18.75,23.19,-25,1,51,48.16,49,-35,38.73,42,-43,42,59,-8,103,72.96,52,32.56,55,-44,122,145,-16,136,-8.66,67.13,-50,39.96,75,-25,133,149,18.62
3,49,-33,61,36.4,27.48,52,-19.13,132,30.61,55,115,2.57,-2.17,39,59,-4.59,-3.48,23.85,-28,121,-16,-1,-6.49,54.84,-19.87,-2,79,9,36,43.74,39.36,55,24,5,3.29,18,7.65,132,2.34
72,-16,57,-4.69,18,-15.89,45,-18,67,0,16.29,50,-16.43,-50,-39,38,93,62,27,109,-29,20.32,-20,16.85,-14.03,148,74.89,-8,18.54,-15.92,8.26,33,-38,65.05,-27,116,-1.6,45.41,-4,-7.83
118,57.15,82,39,58,47,-19,31.89,47,142,4,-14.51,25.88,38.35,2.43,20.03,82,-11.89,-4.88,39,-10.83,75,59.83,129,135,33.12,76,-23.95,33.92,37.58,-28,110,104,70.68,33.76,46,70.27,18,-19.5,-4.22
20.89,68,90,33.03,-5,38.56,8.96,89,4.39,-0.35,102,-46,112,34,67,85,-16.2,29,14.66,-12.47,-13.69,120,62.05,69.19,-6.38,87,34.32,69,23,38.19,141,45.88,-1.82,55,-19,48.65,-31,138,55.92,-23
1.97,-37,-0.66,31,127,-15.21,8.91,72.41,44.22,52,38.66,129,-15.34,66.88,65,109,-17,61.63,-30,6.42,24.62,59.25,19.49,-8.96,16,-24,48,91,-39,38.56,43.5,121,-43,56.07,-14,44.56,99,-37,-14.42,33
90,-44,142,-23.08,55,135,41.92,54,22,142,77,0,79,23.84,33.66,40.23,-13.17,6,-10,-17.81,92,41,0.47,5,69,32.81,-24.47,55.04,78,24.96,-20.38,-22,13.83,72.77,-22.17,46.98,81,43.89,1,41.55
116,-10.57,59,71,-13.59,-18,26.57,18.32,41.75,46.34,-38,3.62,77,50.11,49.16,135,48.98,41,66.32,-20.43,-21,8.71,-15,19.7,11,97,-45,28,43,1.28,-20,22,27,61,61.96,29,40.42,114,5,42.53
145,-9,144,108,46.48,-9.43,92,-2.94,43,-19,-6,8.38,48,24,12.25,97,-36,3.31,39,25.54,91,50.56,66.08,68,145,25,-4.55,18,47.54,88,119,126,-11,5,44.84,41.63,14,-7,74.74,45
55.72,23,-47,-48,32.46,45.05,-42,67.04,35.69,67.95,13,-16.97,74.01,22.1,44,85,-22,70.01,130,33.45,48.78,2,128,-7.91,7,-9.66,52.77,128,146,-50,37.06,46.89,117,127,29.75,21.23,-50,59,-31,143
7.84,105,-13.15,-12.45,-3.94,132,0,-37,14.11,7.14,39,97,59.02,149,39,59.07,106,14.51,86,105,95,-33,-2.69,-11.55,-49,-47,-25,121,-22,-34,65,105,43.03,32,113,12.59,14,31.81,127,35.47
-19,91,68.02,0,28.83,44.05,-17.94,5.96,35,92,37.41,53.36,126,24.54,68,60.24,58.71,25.78,112,92,74,-15.17,-4.11,20.99,-18.96,50.17,85,40.97,-48,124,108,34.55,60.32,65.47,2.04,42.91,39.84,-21.46,27,-22
44,40,6.11,8,45,7,44.42,56.84,-32,67,34,12.61,-1,142,-49,-15.12,72.76,-3.35,-21,46.86,78,108,133,117,63.87,100,96,129,67.1,-50,-44,-3.1,43.42,10.09,37.62,-8.2,17.34,88,-14,122
-15,41,40,12.31,32,-27,106,15,74,25,126,2.51,-9,-39,122,111,42.37,53.56,25.68,64,21,-22.33,133,147,-28,131,32,32.62,5.06,-2.54,-7,34,-19.04,86,66.45,133,48,-23,39.44,-17
0,-19.19,17,7,-14,1,10.45,35,51.16,60.32,29,94,25,94,94,78,-12.47,49.96,34,65,-2.94,16,-48,27.23,8,8.02,49.25,90,-4,149,17,108,34,61,-21.9,72,46.5,28.24,106,32.77
9.43,60,-31,27.7,35.49,16.6,38,-24.53,38,40.77,47.86,17,17,25.84,50,56,134,-12.29,68.54,61.97,-3.95,44,-19.71,125,43.44,61.73,93,23.3,-30,106,16,139,124,22.08,14.16,32.01,8.59,9,111,45.18
9.11,-6.78,80,61,25,93,-28,32,-16.11,10.81,89,61,59.47,87,124,103,43,72.92,126,93,37,93,-25,4,4,62,-44,-5,-38,52,139,56.86,149,11.49,12.11,14.09,111,19,61.48,34
45.21,38,-23.62,20.11,61.6,64.38,-14.24,21,-7,39.5,142,16,0,75,41.49,82,75,138,52,109,-42,91,-23,12.45,12.18,21.59,-9.41,85,-0.58,-17,17.58,-34,27,-20.06,105,80,129,29.75,116,69
-19,65,144,56.87,2,140,-49,114,141,32.95,114,23.74,51.01,83,6.75,27,146,50,146,40,47.33,110,61,19.49,12.94,111,139,0.57,-30,16.07,79,71,11.53,76,33,84,-3,10.22,104,5.38
70.3,32.29,-22.01,-36,87,39,111,-47,149,140,-22.57,6,42.77,26,58,76,14.06,-44,-16.65,80,106,57.02,-3.28,-17.71,-12.96,77,113,142,22.56,33,132,12.3,-7,39,120,65,21.38,81,67.85,3.86
18.63,27,109,144,42.7,83,57.73,55,28,25.67,47.38,147,17,40.24,61.51,79,35.07,-18.26,74,86,56,46,49.22,92,104,34.96,-7.64,17,29.66,130,47.67,-14.81,78,-2.05,140,34.66,52,65,-23,29
33,17.69,76,70.83,-9.84,59.06,-4.69,-16,135,79,70,-26,42,8.13,-5,15.89,147,27,-13.19,-13,19,-19.37,112,141,-9.18,-24.08,104,136,142,45.65,-33,134,4.63,141,52.61,22.58,62,2,68.12,59.09
40.62,17.25,115,113,141,116,15.51,97,-12.23,-6.2,-32,6.69,-7,-48,9,113,64,58.3,100,0,7.34,-45,111,106,73.34,-4,89,74.11,24,137,13,56.76,143,32.89,140,-16.53,148,-46,71.59,-45
2.48,69,-5,65,-18.83,21.4,99,-4.57,128,132,-20.06,26.56,-2,60,100,56,0,20,8.61,72.72,90,81,49,-2.64,-0.39,41,-2.39,42.06,22,39.79,61.61,46,140,-8,42.41,39.07,-44,11,23.65,-3.19
146,19.02,-4.9,3.72,-19,67,102,-49,70,103,100,14,17,95,87,35,-15.98,23,81,147,27.2,25.14,31.92,130,24.34,33.4,3.55,46,96,27,-15.59,30.53,148,-22.22,49,98,72.18,-47,-30,42
0.52,-3.31,131,-40,47.21,17,6.4,-50,4.46,40.56,94,144,30.09,-50,18.82,19.82,18.51,136,38.43,67.83,142,131,-19.64,12,-5.12,16.57,62,122,60,35,-8.63,-41,-2,39,142,-20,54,-45,-41,63.64
80,28,146,19,49.83,149,5,112,70.05,-18,-10,3.42,-28,-9.89,28.03,20.72,77,-8.71,24.58,101,110,-46,35.35,64.42,37.48,-37,-11,35,112,110,-8,47.96,28,15.25,-40,30,12,128,33,-18
-47,102,142,-14,-43,147,88,28,13,21,35.43,-8,47.21,20.5,105,74,80,52,18.68,114,65.06,-24,23,-24.76,3,-30,8,89,85,45.54,41,-23.06,48.31,-20,98,58.14,-17,-45,66.51,90
-38,93,42.72,-7.87,-13.69,62.97,5.11,95,93,-49,2,94,34,-22,144,-7.57,-11.14,-13.12,99,149,-43,86,49.52,-4.25,-21,105,143,-47,-41,131,7.73,87,72,-11.19,-28,24.89,35,-5.57,101,81
51,-9.56,-43,89,-10,-19.92,-8,123,90,27.36,55,-39,142,56.33,8,129,-31,45,142,-12.4,-3.04,-0.23,141,142,109,-37,32.6,115,25.49,50.75,59,-7.25,-9.27,2.12,142,17,-4.85,27.36,-13.55,90
-45,-2.73,-19,64.87,-22,77,64.11,-33,73.65,31.81,-15.78,36.8,85,57.41,128,108,14.87,19.46,36.62,69,132,-38,45,44.22,35.01,148,7,56,47.95,59,58,125,55,135,112,-19,3.01,29,5.1,51
133,63.32,3,24.63,52,-14.62,68,111,29.18,96,11,6.67,70,50,11,-46,3,41.72,114,-10.21,100,85,41.2,45.55,105,-45,29,71,-3,120,-2.28,-9,25.72,131,81,123,11,69.46,36,109
1.25,20,113,8.51,5,-16.18,17.7,37.25,-36,-2,56.5,21.09,12.47,16,15.15,71.87,49.41,82,14.81,-5,18.86,128,138,48.18,138,103,10.59,31,40.1,36,3,44.61,138,50.16,58,44,69,61.21,13,65
-13,60,113,57,99,108,80,6.82,39.85,77,137,33.81,46.84,28.12,44.44,-34,-17,16,17,52.07,42.97,-15.35,13.18,87,16,54,44,138,78,13,58,74,-22.56,2,79,147,56.28,21,0.56,66.49
126,18.83,21,83,5,59,-35,-1,114,11,140,59.35,66,-1,36.09,0.2,-41,55,27,-6,19.32,-2,132,-31,58.74,-8,109,63,37.81,51,127,-22,92,1,100,73.22,72,-5,61.08,-25
-40,89,60,51,62.16,17.09,-12,133,146,-10,-50,-7,71.89,-48,56,-15,113,7.27,64,12,103,-50,46,4.91,-15,-13.49,36,-13,143,-3,51.23,17.98,-17,7,5,124,71.47,18.82,3.49,74
-22,149,25,14,31.31,135,-4,41.96,19.14,81,39.84,127,8.33,3,15,12,22.06,14,37,36,-40,-12,135,136,56,86,25.62,74,58.34,6,70,9,21,134,141,-2,65,42,-3,47
120,48.16,119,67.88,-46,17,144,106,-43,144,100,110,47,82,52,42.6,23,34,140,-3,134,108,102,5,67,8.09,102,26.18,10.2,131,67,87,-35,103,70.21,110,-20.83,-41,10.99,36
62.27,-20,39,57.56,31,103,-50,60.08,5,70.67,-26,132,126,18,97,103,89,55.53,47.77,136,116,121,83,26,107,75,99,139,-43,39.59,83,-35,13,-22,44.14,62.19,5.63,72.6,30.84,-8
55,-11,58,37,15.46,11,1.17,144,19.29,117,53.55,42.2,69.82,38.74,45,80,-42,81,60,63.74,-6,18.71,47.2,-21,58,31,8,-19.84,120,27,70.35,25.39,43,70.05,72,-9,-10.96,-14,-34,-16
97,30.04,-4,118,9,45,76,33,-44,28.32,13.21,76,61,127,-7.8,61,107,3,50.99,-25,33.66,-9.88,-49,39.81,45.2,-32,142,34,18.59,-7,111,34,7.15,-23.18,-16.98,49.12,-21,-44,-31,137
-12,116,77,0,3,87,70.63,46.84,10,107,-19.13,66.07,135,41.27,118,-15.96,15.8,24.06,42,11,39.71,40.28,128,82,106,18.79,101,105,23.45,48,30,62,30.23,113,13,91,-15,14.92,54.15,105
-24,35,22.93,-39,4,-1,13,117,22.26,108,74,-4.44,36.88,138,54,58,-0.91,-2.97,1.39,28,23,38,-8.83,2,30,7.35,98,-27,0,42.31,-24,71,19,5,114,15,30.23,77,29.74,-7.77
64.97,37,52,-5,97,70.29,-35,-19.81,68,44,32.02,0.47,80,44,3.44,130,18,87,32.72,68.98,40.77,-13.86,12,23,42,23,103,-6.06,-11.19,-0.43,36.1,-46,-0.61,38,17.6,58.88,132,122,46,4.62
38,54.86,64.16,144,27.57,-1,45.35,27,7.27,127,65.68,68,-21,47.84,94,-13,72,-9.82,-15,97,34.62,-2.43,5,-23.61,64,109,-36,23,62,31,48.95,67.31,32,-6,-37,-33,-42,7,2.74,40
-27,-9.54,15,-25,-18.23,-13.48,39.29,108,-36,-22.98,-45,-6.75,73,-33,-29,21,50.44,12.04,33.32,13.81,-20.27,66.65,112,-4.92,3,147,74,136,68.77,7,64,42.83,59.34,9.26,30.04,2,92,-42,122,140
133,53,134,-4.49,102,31,18,71.07,-25,48,-5,15,15,108,112,107,61.79,7.19,92,38.72,67.2,102,61.87,4,25,9.34,5.86,54,5.93,32,8,22,-44,-9,72.7,20.02,33.98,109,34,102
6.31,54.42,-4.39,-37,76,134,-28,-9,36,-40,-47,-24.72,83,31,96,36,15.22,53,82,43.06,6.4,8.24,-9,11,71.65,-20.55,60,-42,127,77,143,-1.28,38.04,62,-4.15,13,32,13.59,69,-26
-0.99,-9,47.59,120,56.22,42.97,93,-24,111,27,126,-11.67,-15.11,50.73,33.21,106,140,46,9.35,15.46,142,6,128,17.21,71,17,11,10,58.81,-43,-16.4,91,-21,1.86,146,56,-34,63,10.55,149
-11,44.93,12.27,36.9,143,96,-21,51.59,147,-19,-3.16,30,113,103,41.47,-28,105,52.68,67.18,0.81,57,-1,68.59,61,92,-42,67,-45,0,82,137,17,13.19,-34,28,-29,28,128,59,145
54,61,99,-18,143,76,1.7,32,135,149,7.8,76,35.18,18,-11.54,43.16,10.03,30.2,40.11,26.13,95,-35,54.96,62.48,113,100,37.78,125,50,9,80,56,52.63,-9.16,72.69,-50,63.16,-6,-35,49.18
109,5.51,1,-15.24,3.51,50.75,132,22.07,62,23,14,117,-35,63,103,58,41.25,1,125,32,47,39,14.61,-21.05,-2.1,3.93,93,27.17,-12,30,141,50.15,104,122,1,22.96,91,-3,66,86
-0.31,52,16,53.43,66.27,101,-0.1,129,-1,-34,69,68.14,30,-6,30,-18.14,39,38.03,-26,58,14.95,7.31,-1.96,-28,23.5,51.15,23.69,145,19,5.37,74,13,-20,25.02,80,15.96,69,63,44.58,110
131,24.14,16,-9,-46,30.1,24.79,47,-15.26,65.1,40,52.61,80,-16.26,13.83,-44,33.1,57,49.41,-27,-2,108,63,51,42.34,21.26,-44,28.86,32,121,4.76,-18.95,63.67,135,121,-37,43.01,139,-15,17
104,-1.64,-1,58,58,15.62,-13.62,16.8,73.33,72.6,12,149,40,-12,-39,41,-11,-43,-24.21,135,68,59,-3.47,88,20.88,-24,13.48,76,-15.34,61,48.19,73,-14,17,-13.29,50.2,23.43,-47,-7,70.12
-10,45.17,127,22.29,-40,131,45.93,135,70,145,94,121,36,107,3,66.61,8.27,45,0.42,-3.7,42,18.52,109,-4.35,109,69,74.7,142,40.04,52,25,132,128,65,61.09,-38,6.46,41.91,-31,119
15,72,23,22.54,24,-14,118,16,8.3,36,130,-22,120,41.14,5,70.44,-5.22,105,80,-24.28,82,-41,92,122,92,90,23.93,5,12.5,60.65,3.02,65.73,90,62.08,-46,10.8,-50,27,36.8,-4.62
28,17,80,48.97,65.07,-7.63,81,42,1,25,31.07,11.38,21.44,33,22.13,123,27,10.11,13.16,31.18,13,69,52.94,111,33.61,-44,75,-4.87,53.87,129,36.58,-11,92,112,74.02,-17,65.25,-36,39.51,72.83
124,92,-35,131,-0.86,60.88,-21,89,12,110,-7.87,3.06,11,12,59.47,25.92,21,120,-29,-7.62,89,56,-50,-0.03,-7.9,106,69,134,33,92,-23,36,4,46.96,-9.92,-16.95,-23,-17,-36,69
48.74,72,15.78,94,69,-16,88,-11.52,-9.24,-30,34,69.28,109,130,-41,100,105,84,-5,17,21,-43,25,142,-27,-10.43,-6,5.21,138,62,-13,-30,33.25,-28,38,-7.55,62,79,54.79,42
149,93,8,29,28.5,-20,89,72,136,110,135,97,65,63,-41,30.19,135,-21.21,144,-5,-22,-7.41,50.25,-20.08,137,113,140,54,134,59.67,51,-37,18.62,59,46.81,21.53,80,-14,30.81,29.31
22,14.71,143,126,-5,54,-2.51,-10,119,-4,-27,124,39.25,79,59.15,73,16.82,-4.34,25.59,114,63,27.06,51.39,32.79,103,-28,143,27.02,12,22.37,47.43,56.33,4,85,28.71,53.95,39.57,99,-14.24,65
47.17,51.03,-0.28,11.41,10,129,119,-22,72,-26,142,120,54.83,47,-6,6,107,-14,-20,44.74,69,28.95,88,23,100,23,61.93,10.8,6,51,49.54,-22.38,1,-13.61,-41,121,72.87,2.1,-5.72,49
57,57.38,-20.13,57.16,1.21,22.65,16.28,47,46,10.57,-0.67,24.6,12.6,44.15,9,45,21,-19,48.72,83,-44,9.21,-8.16,-29,47.45,13.45,6,31,-21,20,-6.32,121,55.29,19,-46,103,80,50.84,-19,-29
8.32,57.39,11,75,-8,93,-20.78,18.15,-35,-18,133,50.21,-19,-17.71,135,25,-8.43,102,85,22.46,32,65,136,-7.52,-46,-42,16.43,9.93,53,16.12,-25,32.85,44.48,62.45,-11.27,-3,56,133,9,71
-6.81,14,123,-1,11,133,66.17,-50,9.29,28.3,73.35,9,50.94,119,14.87,64.24,9.1,54,-20,47,-14.65,62.4,144,-30,73.86,138,-6.52,67.1,2,51.11,71.4,3,22,147,31,41.64,-37,4.19,64,-12
52.87,13,63,-7.28,-19,-22.13,-23.07,111,23,12.48,72,44,51,18,8.41,134,-7,59.53,-19,74,-14,-1,5.15,-20,39,131,28.09,-0.57,91,10,50,36.88,21.43,-21,21,58,-28,22.54,111,38
3,-19.23,104,29.69,83,50.64,103,14,106,-4.44,-22,37,-5.8,148,46.49,-3.65,-38,139,-3,63,20.75,87,100,55,-19.59,-11,101,-16.75,41,-9,77,65.76,69,-14.25,20,49.49,14.22,30,58.61,-17.11
126,133,109,75,77,87,105,51,35,20.72,61,39.78,-49,17,24.05,30.68,-2,3.26,58.31,136,15.16,-1.7,112,-8.74,-43,49,-12,55.49,-16.63,53.63,17,21,-33,5.53,117,33,-18,17.23,48.93,42.93
11,12.14,119,-11.57,65,-41,40,-21,23.61,44.31,-29,-48,77,-18,105,57,0.54,37,31,-14.77,-9.39,47.5,11.55,108,-31,109,31.58,21,-48,26,-9.23,-14.5,78,73,79,23.81,58,132,20.87,104
107,-3.88,-10.01,8.02,24,-38,134,5.17,149,121,-2,-45,-16.19,-28,87,122,-24.48,42,31.56,108,61,-44,93,-44,3.32,72,46.57,-19,69.92,-29,-8,-14,-3,35,36.64,12,139,114,74.77,65
18.26,-6.6,-10,87,9,58,5.48,32.91,67.92,137,25.9,-23.47,63,138,140,-6,25,125,17,70.95,40.56,91,61.59,-13,112,84,4,100,-40,23.41,39.79,32,123,35,-17,28,45,130,6.25,-49
-16.2,-41,146,-35,46.69,-2.45,-16,44.7,14,-49,-37,12.8,63.79,40.64,33.46,57.24,139,-7.44,100,19.11,95,5,4.91,-5.66,19.1,69.62,64,-12,-20,-47,92,32,-15.47,27.48,116,102,-27,68.82,57,-7.09
123,62.52,-27,3,91,4.57,87,91,117,32,82,138,18.91,9.03,-12,53,32.03,13.19,79,-17,56.03,104,-13.41,-48,41.79,-17.01,41.17,17,20,53.83,46.64,-43,106,-4,52.02,93,111,-9.3,131,130
42.09,139,39.99,19.14,-4,97,61,29.86,65.16,115,-38,39.25,19.57,42,-13.67,27.19,52.08,50.39,19,133,-3.01,-48,-50,-30,34.98,29.57,18.19,49,46,123,-17,56.21,69.73,-36,131,-16,-31,8,11.03,-34
-24.92,59,-12.67,120,-13,7,98,39,86,-11.56,76,64.37,121,108,92,9.22,98,95,5,94,119,132,8.85,10.33,125,65,59,105,-15.64,82,9,69.64,11,64.83,68,-13.04,-6.4,73,-18.98,63.25
123,51.95,52.82,-47,29.17,22.68,19.42,112,20,58.96,112,-2,14.09,70.54,82,-14.92,73,136,148,82,-6.77,-50,89,65.34,26,133,-17,74.97,-17,-34,142,148,125,64.83,135,66,54,-21,-15,103
-4.72,72.46,122,24.77,-26,69,13,16.79,69,60,29,-15.81,82,66,-2,58.88,138,57.94,15,46.96,117,81,27.17,39.54,24,139,69,25,114,-22,125,1,127,67.99,106,-38,115,-1,61,-10
142,31,-14,65,148,62,-4,-17,-1,19.98,-42,61.89,-22,3,11,118,2,-10,-7.33,14.97,26,85,134,93,-2.28,-2.15,-42,95,21,115,-37,69,-47,35.6,-14.13,-11.86,31.96,-8,-20,62
-15.4,-40,-21.02,23,51.26,-27,-18.83,-24.64,-50,-16.62,60.42,135,61.6,70.07,59.48,-10.25,41,-7.18,48,97,-48,43,-39,-41,33.13,123,-20.59,39,137,117,16,55,63,7.78,62,71.09,37,27.56,97,-13.18
50.06,55.33,135,27.07,115,11,-14.86,66,53.91,-3,-6.71,135,-1.58,111,46.56,94,46.43,45,74,-2,-3.46,70,60.19,43,39.13,91,119,138,-11.04,-19.5,106,70,29,-17.01,112,-21.95,19,69.29,40.05,-29
-4.98,-14,86,111,31.25,23.72,15.12,37.19,0,-9.11,-4,-1.13,0,76,82,109,74.3,-23.31,6.49,13,-9,3.92,64,19.79,24.17,125,-14,29,63.69,-30,124,70.41,-12,24.36,56.19,-50,68,71.76,73.11,42.32
131,-27,-25,95,-14.82,67,59,9.48,-15.69,80,64.71,87,50,0.07,-15,23.68,23.83,78,-14.71,-13.49,50.18,30,7.67,-1.03,-45,90,115,40.1,14.56,14.29,38.54,-11,114,9.12,50.14,134,40,135,-11,18
1.96,124,-26,67,-1.29,139,24.79,13,131,3,62,139,22.83,1.43,32,26,138,41.92,71,71,40.76,7.72,-49,55,78,-10,35.15,31.88,-14,-8,10.14,-42,-10.62,17.29,114,145,45.87,95,-40,-39
-14,104,35,13.14,38,71.74,102,126,26,-18.62,149,15.94,-13.28,-7.74,23,-24.45,17.91,65,33,117,0.5,59.69,-37,40,66,58.69,132,80,59.34,114,31.61,60.21,17.97,23.21,-10.08,14.77,-11,81,81,0.3
107,75,-24,-18,-22,89,-9,67.46,123,77,143,51,2.46,13.59,31.51,55,44,132,119,-47,69,19,65.64,54.54,110,19,-8.9,130,20,46,115,109,-24.94,19,25.09,93,58.83,47.92,67.43,-29
-1,143,-25,-18.75,12,11.5,-25,-49,138,17,79,-21.15,7.72,41.66,58.1,62,30,118,70,56.89,43.4,0.33,142,-15.06,42,51,26.3,-21,27,34.37,15,-4,59,24.78,-11,39.83,45.75,11,14.89,38.08
1,112,34.87,64,0,119,144,13.5,53.6,32,43,85,12.23,90,106,89,-40,-12.42,41.58,50.86,-2.72,139,2.06,71.61,-22.54,139,62.03,18.15,74,62.48,-22,92,148,138,50,96,10.84,20.86,-35,21.61
44,51.81,13.54,-41,-28,69.94,58,-15.64,31.89,76,53.39,-9.94,-16,44,96,-23,82,6.8,8.76,-21,-8.32,20.45,140,125,61,-5.52,11.85,46,35.66,-10,15.73,18.38,29.11,70.28,-9.43,34.76,5.88,1.42,-45,-6
71,53,149,53.52,32.22,6,19.53,5,101,11.01,104,-8.98,8,44,86,45.62,8,47,40.06,16.95,68.08,-16.29,2.64,116,119,39,47.82,24.09,-23,52.66,-39,-18.03,-2.69,39.1,113,71.76,11.34,-34,24,7.81
-19,-44,19.64,133,16.07,-30,-31,73.41,-16.86,16.29,145,58,-21,39.99,78,-17.88,-8.69,64.65,27.73,63.4,56.51,110,35,5,148,8.6,69,-32,18.29,-42,-20.62,53.99,19,80,136,73,5,30.14,144,57.04
29.83,128,-2.51,-30,-14.32,11.78,128,18.33,28,-0.48,9,34,11,67,63,-50,54,129,7,50.13,-0.24,17,-38,36.96,39.68,73.08,-14.06,-18.89,-2,52.98,50.27,86,39.21,0.04,75,33.21,27,-5,49.54,118
54,55,-12,44.86,-8,144,3,23.75,50,103,135,-18.12,120,50,7.04,30.38,50,104,0.28,-48,114,67,24.95,52.24,13,-41,73,56.56,26,87,99,81,83,72.45,12.69,54.24,-41,121,109,13.88
107,28,58,61,129,63.89,-12.81,74.92,21,-25,31.85,1,4,51.43,23,26.45,17.5,8.94,-35,-47,17.64,133,97,4.45,59.05,6.09,95,6.74,41.19,61.77,-1,35,131,10.13,-47,56,48.05,71.52,42,144
71.9,129,3,63,4,60.38,27,70,50,-3.49,-46,29.73,25.25,-22.86,-25,29,-22,5.82,56,86,46.92,49,87,29,-15.47,86,32.96,45,55.72,-11.51,7,-25,30,60,-39,86,25.32,133,107,-37
43,132,-20.63,14.49,-16.05,12.76,130,-46,55.37,34.38,59.2,6,96,144,-14.3,67,113,36,144,38.39,-17.52,147,53,59,131,27,142,-11.21,35,-0.47,81,72.55,-22,130,63,47.84,15,95,38.42,-28
125,0.91,-21.54,69.03,21,29.05,-24.51,-42,-19.85,77,46.58,-7,75,-10,23,49,55,-20.82,122,73.94,-35,-16,42.05,52.05,-19.45,84,16,11.81,-20,36,133,77,53.1,23.42,145,-1.81,29.65,112,73,56.55
63,147,69,57.66,65,86,52,135,141,37.55,21.47,55.85,-14.87,44,-1,-11.82,67.01,73.08,106,41,147,-34,-35,-21.93,135,39.95,52,-20.55,-13.51,60.52,0,66,6.71,-49,-36,-23.99,71.5,50.33,16.36,127
-40,-1,-44,68.45,-48,11,0,57,-5.37,20.37,-8.61,-1,60,-11.05,40.73,98,4,56.76,-4.44,74.17,9,-18,132,-26,1,5,58,18.85,-41,9,38,59.15,28.34,39.35,-14.8,28,40.76,108,129,5
99,53,98,69.94,-4.08,43,-22.43,113,-31,31.03,26.55,-42,106,1.32,-2.38,25.62,-24,52,26.65,41.16,58.59,6,27.56,55,40.36,49.63,41,84,63.41,143,33,136,-24.89,5.95,58.32,3,81,-21.41,95,-40
-19.56,43.16,50,9.22,59.5,34.15,49.03,115,82,-5.95,8,61,62.4,119,-39,69,6.93,48,123,58.51,14.47,52.86,13.92,0.43,43.59,-23,42.32,46.39,50,-28,64,-26,83,38.17,62,101,-45,52.46,137,119
5,19,10,-7,-18.75,-1.05,62.82,126,-5,-21,-11.58,44.88,-24,-5.43,67,72,111,87,-13.15,56.23,63,-19.68,110,56.29,14,20.34,7.52,-0.37,49.57,19.18,-2.16,-4.1,105,56.94,-7,72,-35,-3.91,60,64.48
25,84,7.73,56,-4.52,-50,-18,40.99,43,-6.36,-35,39,11,-7,29.25,-46,97,125,-9.91,-25,59.97,29,-40,-31,31.78,-16.5,-45,-1.61,117,-42,148,30,136,-23.72,12.65,35.14,-46,5,1.41,9.88
58.37,14,50,23.82,20,-23.14,1.38,-29,-49,35.78,146,83,0.41,53,12.53,114,38,7.98,71,109,25.9,13,31.21,59.79,114,102,79,66,39,36.53,-33,59.72,71,79,-38,61,-15.69,57.38,69.96,-14
125,39.93,27,13.86,-33,92,36.25,54,57,-9.33,121,135,94,137,-11,-2,13.62,92,-45,49,-37,-11.79,-13.67,32,-18,7,62,131,-22.81,43,58.73,41.21,117,38,19.15,124,89,5,41.84,-14.6
0.81,-11.13,-24.49,28,135,28.76,72,-1.98,33.57,13.59,30.28,-15.84,2,1.32,145,-0.21,141,47,6.31,6.15,-26,-13.75,32.78,-8,-2.2,121,-24.04,74.07,10.32,-24.7,-48,-4.75,63,49.34,-3.31,33.08,99,2.17,112,33
38.43,18,19.05,129,63,-18,-11.31,36,-47,95,128,72,65,90,35,-6.34,74.22,10.13,60,52,143,52.1,117,144,42.3,53,74.84,147,67.69,125,58.23,66,-32,-8.64,86,134,120,55,94,21
16.35,11,52,126,143,96,-37,76,37,102,-12.82,-12.57,34.63,31,115,119,33.35,-21,68,-9,37.24,-2.39,95,64,22.72,4,138,123,39.1,132,33,10.66,-39,56,73.05,60.87,106,64,-18.94,132
137,-21,-8.64,71,99,15.44,18,24.23,92,16.05,112,49,60,119,-20.61,53.86,5.46,76,7.4,47.64,17,11.81,-20.7,31.8,148,94,51.08,-13.34,43,37.05,123,17.94,-26,140,-34,-29,48.05,-47,92,-40
43,-22.61,86,134,19,45.25,37.52,-20.07,38.43,131,17.13,92,110,69.09,134,79,33,134,89,-18.55,62,-17,-29,-15.1,25,68.39,106,106,-24.82,26.64,42.53,63.18,37,17,140,76,18,41.59,51.51,14
-12.93,46,10.86,-3.76,127,32.23,74.94,-24,131,66,33,54.38,43.05,66,129,66.6,111,9,0,48,33,87,14,-20,96,14.21,63,4.84,88,113,-14,79,74,98,-19.97,41.64,38.37,44.85,140,98
16.82,97,77,53.32,86,26,-34,35,47,21.09,19,33.27,149,46.15,122,23.64,58,-5.36,67.53,-50,19,127,-19,121,9.77,26,68.96,52.35,60.02,90,-9.16,0,-13.73,57.12,14,34,4.26,60,12.3,7.21
-41,21.78,-13.39,89,32,-33,56.34,-43,148,-21.59,-27,7.68,42.32,129,146,24,124,78,-32,-23.72,68,-5.88,74.27,120,-10.73,44.94,-29,-43,2.53,-10,40.36,89,37.94,60,1.14,120,3.46,51.26,121,49
109,49,-13,37,17,20.3,4.28,-48,11,84,57.96,-40,17,-45,25.35,2.95,3.5,-42,33,-23.29,140,-18.74,144,-10,62.68,-46,56.14,63.16,-12.23,49.87,-45,5,-32,110,66.94,13.32,74.2,-22.17,-24,7
82,103,38.26,10.64,62.81,19,12,24.43,-14,27.01,-3,113,16,7.36,31,29.94,22.55,125,100,17,-30,-11.64,-16,17,48,74,26.14,0.75,47,108,-14,34.36,-15.8,18.15,42,-0.09,-47,13.24,-24.14,54.43
51.72,134,60.04,14,46,47,43,7,32.04,54,-44,134,-22.87,-4,94,30.47,7.77,11.32,43.53,127,131,40,-24.98,66.79,58.06,138,-3.74,2.17,24,40.84,0,29,18.61,8.93,10,10,40,67.31,33,24.32
-20,50.81,31,62,64.43,85,66.88,-15.04,-7,76,-16.9,10,149,56,0,52.55,43.42,33,-43,6.27,24.7,3,-11.38,15.23,72.77,-19,3.78,-22,-20,-23.03,10,11.1,68.75,-36,89,-33,-12,73.38,94,-0.12
105,-17,27,3.93,31.38,83,-14.65,24.36,70.91,-25,-39,2,-41,147,39,-40,48,1.96,50.69,94,59.83,45,134,-13.12,10.44,0,13,7,137,35.16,-44,97,44.82,-18.45,48.44,38,-43,47.81,21.67,1.27
-2.92,140,7.03,51.1,-47,-0.44,35.1,24,-6,-0.65,0,43,73.56,-20.44,130,-28,79,-40,-39,-9,7.08,-19,146,17,-47,31.63,59.9,122,15,-5,57,57,13.83,2.38,57,3.57,11,13,112,128
-38,117,4,-7,41.53,-11,25.52,131,17,-19.12,17.93,31.35,94,-48,66.05,2.77,103,63,-14.9,38.44,5.42,-13,-9.42,39.31,107,102,85,-12,-43,132,55.77,114,116,35,25.71,54.68,-17,67.33,18.11,30.43
84,13.72,10,76,25.62,26.23,-6.4,109,12,130,109,52,-39,138,132,14,113,56.36,-2,41,75,93,1,-17,103,60,16.25,32.89,4.89,-49,127,57.82,72,92,135,14.46,24,45,20.98,112
-16.51,75,6.38,77,36,52.78,-23.41,9.76,48.37,11.19,-3.12,-13.76,71,139,95,126,58,0,40.6,111,29,13.31,55.69,-24,148,17.82,126,-12,1,31.14,-15,-8.61,136,43.69,-6.26,59.84,69,29.24,20,-8
-24.87,-36,-37,73,36.83,58.56,40.53,-14,-24.5,62.78,-39,32.54,75,51.87,119,-9.14,-36,113,-14.71,147,31,11,11.83,57.1,122,119,-19.18,-5,91,98,40,0.19,149,145,23,25,65.92,40.44,-34,50.1
147,2.08,126,15.2,61,73,26,-9,-13,147,47.44,-20.39,-1.17,55.15,-13,148,27,-19,57.11,2.19,114,61,21.3,149,60,46.33,18,21.83,-7.56,-45,-2.83,42.59,62,34.42,28.52,-41,2.71,-23.64,-34,-47
73,45.97,105,20,144,-32,23,-17,16.2,50,57,105,63,-5.34,37.75,-18.55,-10.35,-41,10.47,50.09,84,70.91,-13.86,64.65,-14.63,37.11,38,11,74.57,36.55,144,21.16,23.94,40,5,-11,64.16,128,24.26,77
-22.42,134,-3,-14,43.66,40.76,112,89,-10.27,62.1,73.28,41.68,87,-5,12.11,45.07,-3,-13.59,-28,-50,60.69,42,4.22,141,-4.65,71.31,-34,-7.67,109,71.78,6.79,-12,-7,40.23,62.75,-1,114,-19,-6.38,49.97
147,17.61,79,106,69.31,93,4,7,-3.04,12.15,107,21,37.49,117,81,88,125,-9,9.12,27.13,66,-24.87,129,2.76,57,-20,71,-3,-23.44,45,13.57,65,64.15,56.33,147,138,-4,-5,73.61,12
136,-26,5,51.99,24.59,15,15.28,64,-1.15,18.9,-28,12,-4.78,-22,142,64,100,5,54.61,106,-17,145,-27,31.89,26.64,-11.43,-45,-22,106,78,136,74.86,7.76,-16.37,88,-43,-34,39,66,23
57.99,58.92,-18,4,92,-35,-14,0.18,133,86,69,-34,48.87,91,38,-3.83,26,5,57.89,-21.5,-48,130,-6,-28,-1,-15,95,73,130,88,105,100,38.79,9.07,31.1,-5.26,1.96,-1,36.38,-41
-14,101,87,110,21,-15,57.07,64,-23,42,44,-3,23,-10,113,-6,66.18,55.07,82,34.13,-7.09,-9.47,121,-11,95,9.27,57.04,66.33,113,-7.54,51,13.01,145,102,-9,12.21,26.2,-11,48,127
137,91,53,-2,-34,-0.69,136,4.61,57,69.03,70.08,-21.92,125,25.44,148,-9.85,81,-19.44,12.38,41,56,-13,4.8,98,-13,-26,147,117,55,27,-7.11,16,11,46,-14,14.1,82,6.33,-11.95,36
36.22,57,10,74,-5,106,28.82,-39,112,83,-3,55.57,98,92,61.7,68.3,106,14.99,144,-44,136,54,124,89,-1,-23.57,127,8,45,35.51,-15.15,-28,99,55.16,-9,-30,48,105,74,73
9.27,-23,-15,95,27,77,16,84,-46,95,-7.08,12.2,33,44.56,42,132,-9,59.98,50.56,91,-34,8.79,37,3.78,18.48,-3.8,108,97,3.88,10,-19.27,42.59,57.72,-10.85,53.94,57.46,-21,4.61,42,27
62,139,136,-48,2,2,29,68.04,53.78,16,-11,125,126,140,57.12,52.51,111,101,42.61,80,-15.3,-26,145,116,-19.65,57.93,57.4,49.16,123,139,79,103,-26,-0.67,149,25.03,64.1,57.54,131,64
47.42,143,18.67,51,77,71.55,-17.93,65,8,-21,53.77,-18,9.9,-24.93,84,-47,42.44,-27,-7,141,39.67,85,-4.94,-1,81,63.87,53,54.65,23.66,-45,9,-23,34,1.13,123,-8.29,11.91,106,137,-34
13.32,102,-16.15,36,-8,126,96,143,-0.84,13,-0.11,23.25,61.53,54.76,103,123,-3.41,14.97,88,39,43.27,98,-18.97,12.84,-19.58,35,27.3,0.06,45,-32,52,80,22,114,8.66,37.26,43,21,-0.74,79
-11.31,112,12,42,43.87,65,-22,63.6,-21.4,-7,48.42,-21.17,65.61,71.22,-17.51,70,53.53,-23,-37,72.63,-3.15,-49,-21.2,93,0,15,122,-3.78,85,121,15.91,-22,-17.14,142,133,24.54,102,148,97,45
129,52,-38,-32,56.78,19.35,58.94,-29,26,130,65,21.87,49,18,68.53,66,45,-18.85,104,130,71,0,36.33,65.22,71.15,127,12,94,-39,124,13,6.86,20.16,-8.95,32.44,38.47,-36,-3,22.37,99
-49,-32,47,116,24,-13,135,78,141,3,66.04,-6.96,101,8.14,54,2.08,108,24.07,97,5.84,-30,59.39,89,139,-23.34,66.2,23.37,79,49.97,82,30,-26,-1.09,74.47,21,92,35.29,62,48.67,82
58,10.87,46,-40,79,-0.88,0.87,102,-2,51.76,7.19,35.52,-23,90,31,104,28,-25,119,-10.94,-15.14,25,22.4,70.69,6,15,-9,-19.04,116,52,144,78,133,-6.24,111,39,144,31.88,93,71
130,24,16.93,53,-6.28,117,-14.33,56,20,74.99,63,4.58,62.77,83,72.46,-9.62,17.12,52,33.5,-13.61,-50,61.9,63,23.03,99,117,17,76,49,129,95,-20,33,101,116,115,28.58,-14.9,16.09,120
66,67,54,-10.86,103,128,54.1,116,44.84,76,-11.22,3.08,-18.2,-32,51,66.97,8,134,78,-7,-14.18,101,64.44,65.74,67.92,142,1,77,-37,121,-50,22,68,105,-9.51,-11.87,43,104,67.91,-10.37
113,31.94,-9,55,43.74,69.12,113,-26,19,-37,80,41.83,26.99,-26,35.77,33.54,98,-22,54,-21,43,-9.75,67,-20.08,91,66.97,19,26.69,-23,23,119,-24,116,103,108,-50,97,69.28,27.17,31.49
83,31.47,1,-42,24.83,40,58,-21.2,117,-48,100,63,0.66,-11.55,41.87,147,22,56.95,12,2.49,33,6.32,16,92,8.9,-7.5,42.64,-38,44.8,6.23,-21,53,-40,74.42,-49,-34,-6,43.64,-42,73.12
66,74.67,101,-23,56.87,33,143,71.73,-4,-1.13,-8.03,72.07,44.94,54,65.99,71,88,111,114,41,-25,-45,44.02,112,49,6.57,53.84,38,-11,46.05,-7,-39,1.16,58,92,36,25.52,-16.22,145,44
60.43,60.54,134,8,69.78,12,87,72.62,69.73,24.77,49,-44,73,13.07,-6.71,28.68,26.69,97,-45,24,55.31,47,-9.68,87,49.89,-14,-8,68,13,-39,15.07,-3,61.37,60.46,-16.51,122,28,49,17.14,119
60.49,-7,47,68,113,133,38.62,50.83,26,63.24,-6.35,-12.62,24,63.75,-10.17,103,32.86,107,66,-18,45.98,109,25,18.39,-24,41.36,0.41,29.34,-10,30.72,119,143,-10,-9.47,23.59,34,-8,27.77,65.93,25.26
62.3,39.92,2,0.73,-5,10.36,-37,54.93,53.42,43,1,-28,-12,136,-20,37.33,-11,-16.08,-20,7.21,48.01,51,51.58,10,35,4,79,76,38,78,33.52,-3.26,-9.83,14.42,-6.26,1.7,55,37.34,37.57,129
-7.21,92,46.18,-33,-5,17.03,-33,-35,10,16,23,94,45,74.5,58,41.28,-11,32,-16,30.05,62,60,59.99,55,47,64.86,102,-18,19,10.51,-9,27,107,80,46.04,-2.96,29.51,62,-37,59
56,91,-19.07,97,44,-18.56,121,131,24,41,8,29.93,-39,25.07,43,-24,39.18,-17,11.56,-43,55.49,86,27.41,90,-16,11.61,-24,45.46,-12.26,91,31.27,76,15,-12.07,64.8,-36,25.93,-18,98,132
14,-2,-7.78,59.68,-13,1.44,47.97,61.09,-38,135,42,20.91,-5,1.37,51.11,-49,-39,41,15,6.86,-30,68,7.38,65.03,25.35,16,-6,13,97,28,-4.77,73,129,83,129,18.99,3.15,122,-5,15
-50,-7,28.61,74.35,143,55.49,66,72,76,105,81,-6,-20,63,19,112,15.16,-37,61.68,31.7,87,-44,54,11,51.16,127,-21,30,74.15,89,45,14,36,74.66,68,38.25,-47,36.7,123,50.45
13.25,72.34,53,37.06,38,43.28,33.25,-22.83,65.16,28.57,3.21,-22,29,15.67,20,72,68,23.17,120,-12,-37,13,61,117,3.07,49.03,144,10.26,86,-6.8,29.38,0,-20.56,-48,15.46,115,67,-15.94,90,59
5,28.57,70,40.76,-10,12.6,42,90,69.01,24,-8.86,-43,116,34.86,16,11,20,52.21,-28,148,59,57,56.36,87,36.78,19,57.62,50.14,-3,-9,90,48.67,35,63,18.16,55.61,5,30.51,141,68.6
25.74,77,-20.35,-27,78,71.74,80,57,-7.98,65.8,15.64,103,-24.23,51,43.62,-20,60.33,93,63,15,48,14,17.03,10.61,-16.75,7,94,-10,1.27,27.75,16,34.66,-26,59.68,58,82,54,55.12,55,74
-49,45.95,-17.58,-8,38.84,147,137,1.91,-18.43,-10,-50,-14,9.5,-2.01,6,-17.23,-42,112,-16.35,149,109,4,124,21,34.52,-48,11.97,63,-16,33,-15.4,17.82,69,-28,58,23,62.84,-3.66,61.56,126
25,49.83,123,41.52,68,44.06,9,68.22,29.58,5.32,110,68.93,10.13,29,117,-8,72.57,14,59,-35,17.3,46,35,130,32,3,116,22,23.13,19.48,84,49,38.85,105,40.2,62,11.79,63.88,59,-26
-7.85,80,61.21,40.37,121,87,66,46,46.16,21.68,116,50.09,48.53,-17,127,65.48,-42,69.94,-31,28.38,15.61,17,49,125,45.65,13,36,58.86,-26,-12,-12.89,64.02,138,142,-43,8.59,139,40.38,-48,67
61,-10.12,31,-38,-3.12,-23,43.98,31.89,105,88,37,79,13,89,50,49,-17.33,36,34.38,50.31,132,30,46.56,20.48,36,62.69,55,70.14,73.68,-19,90,115,52.36,22,33,17.58,30,70,-1,34
42.41,26,-17.08,102,69.44,43,125,-3,65,56.21,73.49,16,60,10.72,131,57,-5,109,73,-14.06,98,-32,-12.28,8.45,25,41.95,-20.7,73.18,-10.23,-47,49.32,-28,53.24,-22,35,-15,-5,98,35,-1
146,146,122,-18.03,116,109,88,29.12,44,2.32,68.79,16,28,60,119,135,16.16,133,50,54.01,134,51,89,3,66,135,138,-13,-26,88,92,-11.18,-18,69,145,-20.8,115,-33,67.27,-13.07
10.41,81,6.39,27.23,136,102,53.1,64.52,119,44.59,20.53,27.15,-25,93,-17.75,37.87,-7.22,68.6,-15.17,-21.56,4.93,45,73.22,89,144,-12,14,13.13,52.43,12,14,141,14,-17.54,49,12.88,20.55,-21,66.76,72.88
-11.43,12,-24,51.68,-7.5,-42,-44,0,58,5,-50,110,-7,68.61,113,142,9.16,-19,135,-17,29,-46,67.86,134,72.05,60.81,-46,53,27,137,78,40.49,139,24.51,-4,37,114,-18.76,38,79
142,36,-28,142,-22,8.75,30.28,-42,-13,110,-8.75,111,2.65,116,71,58,69,28,124,133,83,125,9,103,99,-21.51,113,47.6,-16.59,-16,30.71,83,51,69,13.83,105,27,25,53.42,-4
114,19.27,-17.68,-12.7,-50,32.2,-42,68,-16,20,145,8.13,43,-7.4,79,25,-7.21,41.9,8.51,49.27,92,55.2,119,113,10.91,100,6.56,58,22.23,102,-15.03,45.44,33.26,148,74.29,-35,26,73.42,-9.58,6
1.54,21.64,-6,-29,8.25,40,-20.4,137,12,59,29,18.34,-6,26,36.16,118,4.71,24.69,39,41,62.65,73,133,142,16,85,27.27,-22,35,39.18,116,-13.2,17,-28,134,53.23,46,13.04,104,58.29
123,130,-40,93,-31,90,61.9,-26,42.58,57,-5.6,68,18.48,-1,-40,35,104,55.99,46.22,21.52,62.21,-20,65,16,-46,-29,44,59.47,118,-7,23.41,113,-1.2,-0.54,148,146,4,145,46,67
20.94,9.25,12,-2.32,1.37,80,30.77,15,29,66.58,123,100,141,144,-44,64,108,94,135,149,134,34,124,146,-28,28.39,12,-1,127,64,-25,82,-13.72,133,-8.38,24.8,50.64,11.19,25,31.99
111,-22.47,119,-41,47.57,67.67,119,77,3,-33,-24.68,5,148,19.5,30,15,50.89,5.54,69.04,86,-16.74,33.39,90,41.45,-5.17,9,-20.88,52.16,46,90,5,107,63.03,-1.46,68,26,2.15,-8,98,12.35
61,2.4,51.32,97,6.87,-12.94,-28,66.42,26,-33,109,78,99,-25,73,43,5.52,32,134,46.34,-40,-12,-16.65,54,32.26,-8.43,-19,80,64,143,-28,-18.89,84,-12,-7.1,18,-2,-1,115,-42
-29,-16.37,63,60.28,130,40,60,113,-15.96,28.94,25,-48,46,52.73,29.38,-4.88,-7.24,54.37,129,-1,-18,16,-40,28.55,86,34,53,18.36,-14.68,25.97,37.17,51,1,140,116,59.36,100,94,-35,-1.53
93,-45,32,147,46.35,-11.58,2,62.75,-3.75,24.46,68,4,78,-26,41,26.59,60.78,-46,52.54,-17.6,65.94,12,11,40.53,-2,64.69,9,4,57,90,109,105,-22.03,39,108,96,22,52.79,84,45.18
36.71,13,5,72,3,-12.23,135,1,-34,-10,11,38,36,35.6,43.9,24.2,50,-19,86,111,146,-26,-44,34,90,49,61,135,39,-19,72.54,37.56,95,82,106,51.6,20.09,36.97,89,-1.22
91,-32,47,21.84,-3,25,-6,66.45,32,70.02,-32,42,-35,132,-50,-13.34,56.13,45,-22.8,90,-6,15,12.44,133,84,8.3,103,15.29,140,117,-10.76,32.38,1.45,108,121,48,60,6.38,118,97
-14.15,8,-24.09,104,23.97,38.26,44.3,42.52,149,-40,8,64.39,41.62,123,22,62,58.01,67,46.53,61,5.54,123,51.06,33,36.85,13.61,78,-12.25,65,133,41.96,62,-18.48,39.68,21.67,3,114,54.96,60,58.37
80,48,-3.01,-15.27,74.45,53.25,-6,-16,11.33,134,66.18,0.65,9.1,99,10.01,-8,147,136,-21.64,85,97,-9.88,26,-2.58,129,18,-15.56,6,-26,30.58,122,-32,114,118,4.14,134,58,50,-18,13.11
-20.23,42.27,108,140,44.96,26.5,9.4,79,70.2,-0.36,39.92,33.91,44.88,31,66.97,61.02,10,63,108,70,134,-25,59.22,-14,9.53,70,-47,70,-16.04,14,105,87,41.84,14,19,49.83,43,135,112,114
-23,34.91,-26,89,47.92,-1,-0.55,-21,51,71.85,18.63,-12,4,35,134,56,120,9.18,112,72.31,-12.15,-41,63,18,16.59,42.16,68,140,115,72.95,55,47,100,148,135,48.89,-15.19,-10.51,24.46,56
34,123,37,36.93,-4,71.5,34.11,6.05,-38,30,-41,42,142,48.84,143,73,28.54,42.43,65,147,34,124,58.95,-23.65,61.79,52.37,-4,-22,12.07,53.56,12,62.49,-11,-10,70.42,64,20.11,25.29,46,113
23,-2,3,15.81,121,50,105,44,-7.19,-24.86,-19.64,34.27,20.77,35,36.5,144,61.54,58,61.37,34.89,55,70,-25,-18.54,89,1.25,1.02,67.78,19,-46,-6.19,-23,44,44.62,-5.69,149,61,27,105,58.45
136,-48,27,-49,74.62,78,136,95,-16.1,18,-1,-6.04,98,31.2,48.66,137,15.12,3.9,72.35,127,-9,67.85,143,53,135,35,145,34.11,-19.19,45,11,79,84,-36,87,15,-42,6.66,-24,51
9,54.09,-23,132,120,-5,11,44.47,-50,56.19,-6.68,69.44,5.14,10,31.47,122,67,-4.8,45.81,-42,-37,11.9,15,-18.69,85,17.23,65,-50,143,64,63.42,70,145,55.7,-13.35,90,-16.37,-0.47,48,64.25
72,14.43,23,63.64,14,61.81,25,33,-1.68,58.5,35.89,102,108,86,-30,-38,-11.87,73,62.74,32.47,43.64,39,-44,-14,69,89,131,10.48,-45,68.49,-17.99,30.25,-49,-19,-21.56,75,146,37,-29,-23.63
6.73,4.48,143,-21,50.99,-5.71,146,135,-11.89,51,-8.75,67.76,2.43,-13,148,117,138,-22.27,63,-17,36.35,11.08,55,3.52,53.04,112,35,4,55,-14,26,134,67.62,3.66,-20,9.08,-1.66,-40,-23.23,29
-12,46,62,134,44,17,109,-19,-29,-40,-16,134,16.92,35,53,-21,-22,30,73,42,63.12,128,-28,-46,33.38,16,50.46,27.83,6.16,-14.85,143,-18,-22.42,140,11.39,63.65,46,-10.4,26.67,23.56
69,141,107,143,-47,16.71,107,145,21,40,80,-4,-17.04,71,96,10,110,-16,-8,17.72,84,44.15,124,39.01,26,58.53,-49,-6.78,3.01,33,19.54,63.03,4,81,46.58,40,96,-21.66,103,90
65,41.79,37,130,53.87,-39,51,71,148,43,145,-26,-2.73,-22,72,53.93,141,11,-4.17,-48,32.85,-4.89,59.44,55.75,32.9,-8,-14,103,137,135,125,39.8,83,106,-2,39,23,140,61,20.83
93,-22,29,22.1,13.78,131,-11,-11,61,121,21,48,135,8.13,120,116,149,39,66,92,-9.24,110,56,-29,81,43,11.95,33,12,75,10.62,49,24.15,115,10,68.96,66.1,-9,18,62.24
-34,109,113,-0.85,37.24,126,-1,9.37,81,135,-19,16,90,-12,52,130,89,1.29,98,-3,109,107,21,-18.72,50.41,36,94,46,72,12.75,-21.45,-36,18,100,66.19,83,17,108,-48,101
4.21,137,49,70.05,-33,101,137,33.41,104,74.33,46.13,48.15,86,11.95,107,39.79,41.99,29.15,10,20.53,115,114,77,63.17,-33,1.12,57,74.2,-27,-13.22,28.49,18.47,107,-8.6,37,58.07,41.6,85,43,129
117,54.77,130,20.42,54.02,123,26,138,41,-19,49.64,81,-2,11.11,58.41,-28,43.4,47,-34,93,43,115,-12.93,6,27,71.48,57,20.47,-3,109,2,62.5,-18,5.92,45.14,112,90,2.28,5.03,5
99,19,135,-13.17,67.39,38,11,-5,67.77,-8.93,119,17.65,105,-37,-30,-12.55,-27,27,35.66,62,32.76,59.49,48,-17.63,18.51,-7.25,73,72,0.61,67.22,31.36,84,4,122,-42,12.95,10,111,26,-22
46.25,-18,64.25,-39,72,149,18,-22.26,8.28,12,124,-4,109,-7,-40,90,137,98,114,-28,-26,-6,69,79,111,8,15,-9.46,-26,-35,124,9,59,27,0.33,35.5,63,52.15,-16,73.38
21,92,67,102,-46,3.99,121,-20.8,1.44,46.17,92,129,-34,30,37,11.14,130,63,-48,40.07,72.64,38.05,14.96,-31,51.14,-28,29.92,37,39,17,-38,-0.88,22,50.24,36.76,91,-48,-42,14.75,90
54.71,28.06,34,0,18,50.99,6.8,-17.53,122,-46,16.24,16,83,71,20.92,131,-13.79,100,90,54.08,29,124,134,-37,144,4.92,98,67,72,-24.41,-28,-25,106,-19.03,74,124,63.84,-1,135,-12.21
61,99,43,61,-26,-24.47,120,3.78,146,101,81,122,58,103,4,-4.36,120,122,-18,118,145,0.81,108,-29,71.4,59.7,-11,15,127,-40,-24.15,0.15,3.72,35,96,-15.84,35.55,0,-14,19
30,-22.42,70.83,35,113,56,-36,66,33,28.83,-33,58.12,135,-42,-4,5,104,146,121,91,4.64,79,-19.48,22.59,-42,29,20,60,140,18,-21.65,-36,5,-7,-23.62,76,6.88,7.75,-9.7,17.03
115,0.7,-17.89,72.13,-37,-4.37,133,109,116,0.4,-36,54.37,124,-13.64,11.82,-23.52,17.94,22.73,46,82,34,9.77,17.04,-30,-35,106,132,47,33,134,52,28,39.27,141,-4,-33,74.26,45,-4,57.23
1.3,140,107,94,48,-24,37,94,88,-43,133,-21,118,17,-5,145,-35,-4,-23,11.26,16.91,3,33.44,69.67,27.57,2,37.99,20,-35,20,39.86,45,119,-46,3,72.32,45,-38,103,-24.69
74,108,24,-7,56,94,-14.52,10,62,12.08,134,70,-14,10.88,49.6,1.33,60.31,126,-10,-1,-11,31,24,-11,-25,44,-5.99,-11,65.61,138,15.51,37.46,50,-33,54.83,93,47,36.83,-48,15
119,49.55,31.89,26.47,61,32,14.08,143,-40,-13,-28,-13.01,-39,19.74,-20,69,69,25.51,74.19,19.86,109,97,-9,105,19.4,-23.23,84,14.09,65.06,62.97,121,79,-36,55.41,13.09,51.95,102,23,104,82
37.82,-5.81,-26,67.92,142,87,-12.76,13.64,59,21,-21.5,142,-0.2,99,46.3,51.2,129,37,48,-9,23.5,36.78,44,-46,66,135,16,79,-17.08,86,-27,94,62.76,46.47,-5.5,17,36.19,-4.59,74,12.65
-31,141,-32,14,-48,15.35,30.82,14.06,16.68,35.29,79,126,53,45.47,139,-13.33,17.86,128,40.56,-39,15.42,53.62,-5.82,49.42,70,14,-8.54,82,-17.71,41,40,60.54,63,-6,-8.86,25.81,4.43,14.81,105,14.31
-7.18,13,143,120,63.74,129,18,67,49.41,-1.87,-0.99,19.24,-24.16,115,-28,34,134,53.91,128,-19.53,60.6,36.87,34,57.46,-14.62,64,-0.93,92,53,57.9,133,99,48,4.46,27.75,46.95,41,-45,40.04,143
-6,47.78,118,24.71,49,22.69,-43,57.64,77,55.28,67.03,-1.48,24.26,42.45,-11.22,52.67,19,-47,-31,58.5,42.5,47,24.57,-22.87,2,135,22.05,-5.39,50.46,65.93,74.81,-10,-16,13.64,44.74,54.04,31.47,-26,126,16.37
49.02,62.23,54.2,-31,-47,29,4.85,82,80,77,4.93,34,66,57,149,81,41.3,9.24,22.22,63.3,70.03,141,126,23.92,91,-10.79,57.8,64.51,16,117,138,45,-23,0,24.01,50.12,30.76,39.77,-10.46,8.09
121,69.52,3.19,89,58.87,6.98,52,90,-3.49,105,-47,59.17,144,-16.2,1.82,74.02,56,-17.99,3.6,-8,-6,79,-16.22,131,-3.01,-1,30,-21.52,147,67,61.28,-15,-47,114,6,67,34.98,24,1,-35
134,57.27,-38,141,149,11.51,-11,66,148,41.38,67,50,32.57,29,-47,-42,43,-5,119,145,20.75,84,-41,49,-23.19,89,42.96,-3.91,128,99,61.37,76,73,-33,-6.01,71,41,12.17,47.99,18
100,58,-13.96,67.61,122,52.77,-18.54,24,-24.67,-20,46.91,75,46.74,46.35,76,-30,39.56,15,102,-6.23,52,71.03,-19.7,67,89,67.62,123,63,124,62.06,25,109,18.38,22,67.94,-1.12,61,106,14.16,58
148,87,52.68,49.82,41,43.56,55,74.42,-0.33,7.73,5,25.44,24,27,-5.73,140,59,44.31,79,21,96,64.92,28,47,74,50.74,136,-17.81,133,5,25,-12,23,1,-2.39,-43,61.02,-21.17,57.01,24.29
87,-8.53,94,126,-47,57,22.1,64,48.56,55.46,-7.73,-18,66,-1.38,43.63,58,62,22,117,113,39,9,60.39,45.98,103,4.8,-12,134,-10,37.94,0,29,27.61,-45,18.69,118,-4,30.28,57,-20.09
-35,44,-16.78,-20.22,44,37,9.86,70.8,-10.14,93,67.59,29.83,107,12.21,-9.63,97,-34,88,40,50.96,100,-14,13,117,-12.75,-1,22,125,96,73.85,54.16,66,89,53.5,128,5.51,57.35,62.83,-14,-15.83
48,5.53,26.05,-16,6,-35,109,-21,123,93,55.06,74.3,10,59.63,111,-19,116,32,64.75,122,143,136,-4.93,95,70,46.79,-25,-5,-49,57,132,44.68,37,33,122,-33,37.09,99,32.19,-33
73.52,20.42,103,86,90,13,-1,-3,55.88,51.25,14.86,-24.2,30.72,48,50,63.06,51,46.5,8.8,41,-39,111,0,39,-22.22,-39,-13.88,6.19,56,22.53,12,-10.78,26,-1.92,45.75,24.91,60,6.21,87,132
90,138,35,119,49.59,75,-12.57,-3.57,59.62,57,102,13.66,-9,1,120,75,72,44,30.64,30.53,-7,59.81,-38,-14,39,30.22,145,20,3,141,15,59,39.25,35.7,-16.96,61.48,86,11.76,9.34,-15
-22.7,37,72.69,126,49.06,30,-40,23.94,22.44,18,-15.44,-8,22.23,22,61,16,54,20.26,53,18.51,17,18.91,26.89,21,7,52.96,1.36,47.74,8,77,62,118,134,60.55,-40,9,80,100,146,-23.35
64,69,77,31,25.07,33.93,-15.06,-40,24,12,92,63,55.53,42.44,-1.74,6.72,125,-26,-20.52,63,20,74.75,88,66.3,132,89,50,12.44,51.09,-49,0.46,0,90,34,-45,148,145,85,43.19,54.16
51,21.01,119,108,145,15.18,10,71.13,30.8,43,9.1,129,72,64.03,2.5,-25,43,48,146,52.58,109,97,-12.35,30,44,111,52,-2.54,45.21,63.62,75,140,65.27,71.29,-46,104,-4.83,-9.87,3.7,142
-2.7,-6.74,-3.96,73.81,47.58,60,24,55,45,104,4,-15.22,61.05,34,41,64.04,-5,-39,-8.58,12.86,68,43.72,-34,58.77,44.42,-15.17,24.82,29,42,99,42,0,107,-17,36.77,-24.46,-21.76,23,-16,73
-28,134,28,-1.13,-5.29,-1.83,56,32.66,13,66.52,90,-9.12,2.56,-13,-13.47,-14.2,71.04,42,-17,63,-6,43.57,-19.99,-14,-5,34.95,66,0,-22,44,90,105,26.09,47.87,11.6,56,25,39.02,84,56.28
135,-45,30.84,-12.75,12.76,-40,63,-10,118,48.57,-7,0.28,14.11,34.16,-1,94,140,114,57.6,32,27.39,113,147,-1.37,53,42.64,77,54.74,-33,73,25,103,-6.33,-16.84,61.89,26.39,23.62,-33,-8,-44
-20.11,-30,74.42,-19,17,-37,67.83,26,135,70,21.44,-8.82,54.1,-13.04,57.25,37.74,-12.95,60.45,72,-0.01,8,14.76,142,12.37,42,29,124,110,2,107,83,69.62,1,63.46,30.28,-48,121,-7,36.46,15
70,92,112,115,16,-9.47,-27,56,22,139,6.86,113,6.32,45,-14,62.06,15,129,13,109,65,-6,18,126,30.89,59,-33,34,87,108,76,107,-3.6,3,-22.8,-6.64,80,3,24.38,129
28,-6,49.78,39.17,-19,111,59.54,57.93,37.2,22.47,0.58,132,140,15.37,112,29.87,71.38,138,142,27,56,105,83,38,-23.54,-49,56,44.54,65,-44,143,27.14,21.19,125,104,69.58,53.22,-20.17,43,-13
67.92,68.89,101,70,-30,-35,-1,8.76,2.78,57,60.41,141,-41,90,118,91,26,109,113,56.2,-15.49,39,57.26,-13,71.1,21,-23,97,46.09,86,71,39,59,35.73,99,-39,32.07,131,104,58
90,22.1,74.47,105,103,-24,2,67.34,17,22,144,132,25.36,-5.31,110,69.12,19,18,90,30.92,84,80,-9.39,-49,-40,-4,2,34.89,42,-1,47,-24.97,66,13.13,55.1,46,74,122,6.45,-17.09
3,117,-15.29,-9,-18,77,74.43,63,52,14.17,74.45,42,-29,86,7,32,23.18,38.52,-47,-20.97,116,18.61,14,-4.54,-0.23,-14.87,111,110,-12,90,16,39,36.17,-28,14.82,-20,-9,-23,33,-12
42,11.86,10.09,-7.6,43,88,-5,111,116,61,74.38,-36,93,21.13,50.91,40,-14.17,-16,15,49.23,85,59.61,8.21,108,-16,43,-40,41,73.44,36,-22,-6.34,-27,45,57,-22,83,74.27,-28,37.68
44.05,-1.82,-15.01,49.1,-38,72.28,49,53,112,-11.56,-30,-1.14,-20,26.88,116,54,52,-31,105,55.73,68,45.56,27,-41,3,-2,72.76,24.66,99,2.64,53.45,-7,30,7.51,-37,2.6,110,90,34.79,60.93
-3,69,83,46.57,-50,30.68,63.88,35,118,-23,41.18,0,60.67,-21.88,19.71,56.45,-29,-19.75,63.64,1.2,96,16.6,-15,68.01,17,11.97,11.24,-21,33.42,62,-24.99,123,57,-38,29.63,22.64,145,90,22.93,143
70,64.7,110,21.11,50.55,121,103,78,119,-16,-8.99,30,71.18,90,4.49,36.98,25.6,143,55.72,-10,33.87,110,44.82,16,5,43.22,42.33,-7.27,-11.3,36.64,0.22,-19.72,6.02,74.51,6,-9.47,12.88,102,55.16,28.16
27.25,129,63.96,61,56.84,-32,-18.84,13.52,5,-5.13,-33,72,65.8,34,-0.64,84,73,-8,40,45,7,63,49,-10.61,-14.42,17.02,69.07,33.48,54.83,83,41.47,55.81,37.16,-20.43,1.79,33.54,119,-14,77,4.34
12.18,61.1,40.67,19.95,55,-21,57,66.31,1,30,3.88,-4.25,-22,-19,-46,108,34,0.55,-33,68,107,-19.8,19.1,-43,-16.5,-21,-19,-20,18.49,-1.18,34.53,34.42,43.9,71,119,0,-18.53,92,4,-11.97
-16.51,0,26,23,41.58,-12.86,-21,146,138,51.2,13.23,-25,10.24,-50,49.5,41.75,68.62,-40,52.17,124,120,7,8,21.51,32.33,56.77,-24.43,73.58,107,106,131,3.34,35.01,32,1.41,44.48,60.31,82,73.88,109
103,-6.51,26.93,81,-23.2,17,97,11,63.41,73,-22,-14,-27,-26,88,67.32,118,-6,59,39.8,-22.65,-8,143,39,28.05,-24.58,-21.77,57.76,-46,51.85,81,37,-11.49,35.79,26.01,49.11,11,100,42,-4
46.28,-16,-0.64,27,-10.03,24.24,-6.21,94,72,-24.3,137,-18,145,113,9,97,145,58.94,-10,-10.48,110,-16.22,1.74,19.94,45.58,58.96,52.09,69.58,36,52.87,-19.45,25,-14.27,-20,-19.24,-12,147,-7,97,-49
-29,-6.59,-11,-21.46,95,44.39,41,2.34,-2.53,127,-9.85,135,-0.93,-23.41,112,108,53.23,-44,131,131,81,-13.57,-20.25,-13,71.48,94,36.28,17.87,34.48,9,72.6,12.54,43.37,-49,83,10.67,9,17,35.53,88
129,-10.33,-18,6.42,-28,50,105,20.13,59.18,66,64.55,98,-15.28,-4,127,11,-10.36,106,43,53,10.8,135,38,65.75,72.99,84,-6.62,39,53,59.84,62.1,34.16,144,-31,-40,69.13,-19.53,14.11,92,7.64
7.68,3.2,-23.03,82,1.2,48,-20,139,31.93,-2.15,56,-29,144,98,7,-9.24,58.26,-4,-4,113,115,36,-13.08,64,7.28,52,19,32.22,97,-5,-17.24,72,118,84,-25,1.04,90,-45,31.85,65.18
6.61,115,3.57,-39,7.25,-2,39.13,112,9,6.79,72,24.86,128,-7.44,100,74.07,11.14,146,57.95,32,40,54,51,3,58.69,71,-11,-46,29,-6.44,58.88,23.02,10.12,131,-24.77,47.74,19,10.4,36.19,-9.13
119,81,134,-8.68,-21.44,135,107,112,63,37.11,-31,14,136,26,16.36,-45,-43,50.02,-0.03,79,52,-18.39,-22,1,31,52.6,-49,61,66.51,122,45.85,-14.34,1.12,43,56,35,23,53.69,73.97,28
-34,-0.26,7,19.29,35,38,86,-25,12.38,81,86,142,94,-18.81,9.94,70,68,11.13,93,68.36,73.51,77,60.99,51.17,67.13,57,5.54,-3,71,52,65,58,19.01,-17,75,116,67.44,147,-37,39
113,20,59.05,30,73,-46,-32,107,92,79,39.14,55.38,-22.12,13,148,71.64,-8,101,-47,10.51,7.33,-1,-3,92,31.79,60.51,67.79,4.7,8.16,46,23.58,57.3,4.64,7,50.14,100,21.99,-37,-8.76,133
11.81,-42,46.41,87,122,121,-22.27,147,88,100,49.36,-14.4,28.71,22,41,26.2,141,-11.52,123,1,-8.57,-7.26,52,124,23.23,123,127,-24,72.13,18.57,62.55,15,14,101,-5,63.4,-12.21,71,-9.85,51.63
-1.53,125,108,64,67,-25,109,4.42,93,123,-37,22.44,78,125,56.26,45.93,37,16,133,49.4,16,149,69.29,69.33,-19.52,140,-24.91,38,12.67,51.87,-14,22.97,56.49,15.87,-35,56,90,-37,-43,71.49
11.13,20.16,-47,94,1.28,-9.17,131,27,48,-5.95,43.73,57.75,41.95,56,22.92,66.91,57,25.77,44.51,70.31,62,-18,14,6.92,74,102,102,20.03,71,76,17,56.96,40,13,-9.8,92,51,-23,34,-19.52
74.14,-16.22,89,-17,28.74,73.47,-40,-23.7,3.16,-15.96,11.68,38.08,-18.35,98,38.09,60,46.02,146,40,101,68.81,16.64,73,73.8,132,9.05,33,9.92,-16.16,41,-14,-50,136,-18,82,4.06,-21.86,-16.98,20.48,137
31.67,72,3.55,-23.2,51.41,34.99,-22,77,35,-6,80,70.91,112,11.07,59,-40,66.72,61.07,57,56,74.7,62.69,25.34,-23.3,25,60.16,-12,-43,58.86,42,27.58,-5,46.38,10.06,70,84,81,-33,3.39,73.97
17.12,0,19,56.29,141,95,-21.63,137,-5.43,38.79,36.81,-19.85,-35,79,51.77,9.24,61.9,116,-36,56.47,-48,13,47.09,44,146,37.19,104,108,5.04,40,19.94,99,50.35,118,51.99,7.64,88,42,81,-27
26.18,102,51,22.36,107,46,55.26,-14.61,44.73,20.87,59,58.09,79,85,26,27.77,66.49,137,-4.74,27.53,-46,28.09,58.09,38,57,-14.69,36.75,57.29,114,19.05,-40,-32,26.5,17,78,-5.03,22.07,131,-29,25.42
108,39,130,51.01,14,-33,63.53,99,64,24,146,16.66,144,-48,42,5.08,14,37,-6.88,-15.76,68,-32,-31,-8.9,94,-3.36,25,-37,69,118,-10.91,85,-0.9,73.21,36,124,18.09,-50,108,67
104,63,-12.7,35,10,83,62.07,-5,-11,-40,-14.68,28.14,110,54,51.63,60.84,0.66,9,108,-16,46,5.5,-1.23,-46,95,89,-29,70,42,25,21,35.84,107,10.45,-49,91,-12,79,-7,106
149,37.92,80,10,-19.15,117,-12.32,68,32.87,6,148,-5.74,15,-17.86,85,53,81,-3.57,-6,20,61.46,58.77,102,104,33.2,28.32,29,49,127,20.72,-19.6,16.89,-13,117,70.93,85,87,58.33,69.14,-10.08
99,139,8.51,-10,-24.99,115,3.76,-36,62,100,89,33.77,87,12,-22.37,30.93,7.93,76,-16.03,94,55,24.85,-14.85,62,135,3.07,106,56.43,5.98,34.53,-33,22.46,-40,-21,1,46.28,120,-37,29.06,98
12,23,49.29,-6,66.38,-21,19,17.3,33.46,40.8,-5.16,40,9,-16,-46,28,95,72.24,18,42.38,-22.5,59.85,-14.8,-5,-15,48.62,-31,3.7,-21.44,85,107,47.12,13.47,88,53.13,-41,-6,71.89,21.93,58.46
50,18.52,38.03,31,-7,130,-2,68.47,56.29,44,127,136,56.89,93,75,21.17,2.15,67.04,65.95,103,-41,44,23,26,0.74,140,-3.77,-18,128,32,50.27,-49,72,10.38,-28,36,102,-46,9.45,35.11
6,21,27,-2.54,20.61,123,-36,-3.09,-22,104,16,81,141,42.37,56.72,127,115,22,136,74.27,67.61,-40,15.78,-23,149,77,41.01,41.97,50.06,49.43,1,128,-8.19,33.37,21.45,39.75,-1,59.51,49.87,112
52.69,30.26,71,99,-13.74,-12,104,-39,46.97,30.48,-27,90,27,34.7,-8.1,31,-5.92,125,7,-22,15,113,8,1,80,71.78,38.57,42,-1.15,31.94,88,-35,64.83,113,32.02,33,-0.56,138,66,18.08
144,103,132,4.02,142,-16.13,5,117,37,-25,36,49.74,-25,-7.58,-44,85,32.73,41,51.93,13,23,117,-38,-12.52,54,18,63.7,71.63,-45,54.01,52.57,41.31,82,39.74,-24,30.06,3.7,87,107,107
-37,69,26,53.28,-24.34,79,-2,54,120,17.98,11.04,84,-6.27,0.15,38.17,14.63,-20.28,-5,-2.72,-41,23.09,-33,114,67,5.52,-7,94,3,71,-43,65,-6,35.57,-24.83,29,-47,10.81,116,-22,93
78,111,98,-44,9.04,112,66,56.16,29,137,47.26,61.94,49.53,58.26,56.38,70.14,52,97,46.78,-15.55,45,-15.58,4.9,44,-13.3,-7.55,7,103,-35,-2,20.94,9.42,78,-7,-14,72.42,-38,-38,22,136
42.15,8,-17.64,146,42.36,149,136,112,45.5,-9.9,7,134,28.83,36,68,-34,148,-11,130,121,53.79,94,34.6,36.07,21.23,-10,-36,-18,114,6.17,3,-10.5,12,24,-10,-22.93,41.25,133,-11.8,122
-2.06,2.9,32.72,50,-22.42,6.04,136,-3,131,60.88,-23.62,27.95,134,35,95,-17.13,67,62,-7.93,111,49,124,14.47,44.15,42.9,66,51.02,7.08,43.5,68,-2,-1,15.13,41.37,85,-19.15,2,140,-12,63.5
13,5.85,45.58,9,38,4,-15.55,34,65,119,34.13,-2.5,-8.89,97,53,69.77,141,27.5,16.32,50.6,71,55,23.51,8.32,5,-41,80,-29,15,65.59,8.53,58.75,55.31,15,91,-12,124,80,21,40
9,9,97,122,107,72,44.03,-13.85,27,-13.96,78,24,12.16,-18.3,143,13,26.68,93,67.13,57,29.43,29.62,31.77,0,20,115,47.06,-0.17,49.32,4,32.28,135,-3,16.38,36.76,-31,-25,11,102,39.89
88,13.07,48,-12.86,73.6,16,60.01,-44,119,-43,14.99,81,119,57.34,6,8,60,135,13,30,6,50,14.91,73.01,120,-13.28,4,27,21.69,29,17.18,137,59,39.1,41,124,-14.61,72,56.75,50.79
142,13.34,93,80,28.44,63,112,136,-23,24.86,137,32,23.25,29,57,14.42,-7,127,59.28,69.56,-12.67,129,60.23,-14,20.92,5.22,115,27.75,113,5,-48,76,10,29,8.02,97,54.94,-5,-11.91,8
-9,109,0,38.63,68,71.3,50.7,-33,-7,25,134,39.67,-27,55.88,17,8,49,-3,79,-24.44,19.68,57.62,-41,68,-49,100,-28,26,16.73,-39,-22.79,49.52,2.44,-13,43.96,27.03,24,104,-29,45
46,133,62.31,19,-4.48,11.3,-21.36,50.31,-8,4.5,-10.83,100,15.57,-12.08,91,14.91,57,54,-9.86,-18.94,-3.55,-16,57,54,67.81,28.43,6.75,-2.98,52,31.81,69.08,-8.96,-4.35,3,118,32,-14,37.33,-5,-2.33
53,6.84,-13.16,105,43,27,6.94,-17,-44,38.55,10,46.02,31.07,39,33.79,129,-35,42.43,-44,2,10.08,21.43,71.01,105,-21.42,119,-41,28.46,-21,-5.92,-12.84,17.9,-13.74,27.78,-5,103,63,58,3.31,120
40,70.1,118,44.47,96,15.92,50.25,-12.72,5.48,140,50,53.41,117,60,-23.59,-23.71,65,-44,10.26,13.57,119,25.02,77,115,-23,71.22,-27,42,74.66,40,30,99,131,50,38,26.95,39,68.5,86,-14
45.48,-32,19.04,89,49.81,35.32,72,72,90,143,-47,140,-31,50,81,46.09,66,62.27,61.35,58.18,20.14,32.73,149,-28,20.34,148,-9.1,35,74.07,2.93,41.65,61,-3,31,-12.96,16,42.13,92,116,-2
145,140,11,-48,22,-13.91,-44,80,-5,37.81,26,8.02,61,15.22,-3.75,28.17,42,65,45,144,-18.2,82,72.43,34.07,-45,-4,18.83,-3,77,147,118,-2.15,126,68,65.61,67,-7.84,-7.86,-6,124
105,105,-15,-2.75,-0.79,24.53,-23.04,124,55.78,22,25,-14,-24.22,2,30,16.47,61,108,104,-1.74,28,16,120,122,118,125,46,5,126,86,4,93,140,34,3.46,89,-36,-18.63,121,11
-35,120,-25,24.16,-42,52,-0.18,25,41.13,141,-16.91,97,72.83,-9.14,60,-2.77,-21.03,54.86,35,15.55,102,1,21.07,102,31,-6.71,110,39.28,-7.08,-16.14,-47,33.75,48.83,120,-35,37.2,126,-17,37.47,26.59
-24,71,23.93,46,-14,132,17,39.79,95,-17,5.09,35.25,67,17.77,-24,17.18,40.39,139,63,58.37,-46,109,55.88,56.17,-3,80,-2.15,-24.3,91,46,32.22,57.32,-6,27.46,86,-3,-45,43,50.09,8.72
-39,-11.21,-12.15,30,30.95,-1.29,-21.08,124,-9,-22.03,-14,-8.37,121,136,4.75,127,62.72,-26,70,11.05,-1.5,62.85,-5.1,46,110,45.59,139,126,115,-46,-50,42,84,59,-2.11,138,57.12,72.2,95,125
50.19,35,-16,73.52,124,128,122,31.25,88,113,-34,59,12,6,43.61,53.35,48,33.66,17,65,-25,35,-2,119,73.01,51,65,53.93,-23.95,-29,149,122,-5,-21,-22,31.97,43.23,2.17,85,97
-8.93,32.03,121,26.52,-42,67,26.48,18,1,89,-7.54,31,103,-13.68,-35,82,102,-34,60.42,4.04,84,24.99,57.19,49.18,41.23,149,47.02,27,113,100,65.84,46.65,98,57.29,69,129,92,-4.06,-16,-26
-24.86,-46,130,73.56,0.55,70,51.49,-24.76,65.85,107,23,128,71.21,77,0.7,-9.29,-36,16,-5.05,130,64.73,25,38.52,32.35,45.17,44,96,28,-10,124,49.92,67,110,21,-30,29,119,140,61.37,42.15
23.03,46.61,54.08,59.47,-21,-6.35,-23.63,36.25,7.28,43.24,-18,6.26,-31,147,-18,-13,-48,-37,29.79,94,135,-0.86,0.97,-18.77,2.05,59.29,15.23,68.41,-18,51.26,5.58,-8,40.6,133,-1.1,6.27,142,50.37,76,136
69,49.76,32,9,149,42,35,67,44.16,-2.9,-23.51,3,21.09,8,39.09,73,-18,15.7,121,-8,64,38.39,68.08,44,5.21,120,142,14.88,137,85,142,60,-22.98,1.13,69.22,31.78,71.01,-2.11,18,-10.44
-29,-46,42.2,57,30.48,17.16,143,114,36.69,-16.56,-7.73,-42,14,88,122,-5,-34,-2.74,0.31,31.57,3,51,134,140,138,-15,29.79,14.68,101,61,89,107,92,71.86,-24.94,-12,-15,143,50,115
92,101,-35,63.95,-3.22,72,105,46.48,24,12.59,-16.61,67.28,-20,25,15.29,-6,117,99,102,17,16.37,18.89,17,-9.76,51.58,81,128,3.46,57.3,14,73.31,-18.61,54,6.52,18.95,36.26,146,88,144,0.11
-24,-0.74,67.99,136,8.27,-8.41,107,25,51,-41,28.9,23.49,36.68,26.83,100,49.12,-6.69,-39,29.66,67.63,90,54,35.17,6.15,120,35,61.05,-39,115,16.66,-34,-33,16,93,-46,145,11.3,-10.98,-24.81,20
68.13,-15,-3,-25,-18.2,30.81,85,51,0,79,28,2,-40,129,60.94,31.16,130,86,93,36.13,35.86,3.27,22,110,-0.34,-39,13.26,40.89,62,59.55,77,44.7,86,-14.61,-13,142,48.51,29,17,7.83
-15,16.87,36.05,-24,-1,99,38,11,99,145,50,-36,29,65.86,37.53,19.18,128,64,-18,-19,115,24,108,52,60.52,85,38.55,136,39.84,74,-19.91,-2.5,39.86,-17.59,38,66.03,12.36,126,122,42
-5.01,33,42.85,130,133,102,134,-5.5,87,-21,2,69,54.56,74,93,1,37.36,37,11.47,131,6.14,13.42,36.35,60.78,42.05,25.3,-18.09,40,128,103,16,26.13,22,-50,39,-22.08,63.81,146,68.29,86
-47,44.44,-4.17,72,83,28,68.57,43.65,17,-44,-4,8,149,-24,34.93,-16,-7.02,20,74.98,-8,42,139,146,22,3,145,67,139,15,-9,-12,43.6,53.55,65,14,-6,47,-2,-50,22
-41,84,118,-9.14,50.31,39.98,97,60,12,100,14,66,79,-18.51,-2,107,71.63,-15,57,85,98,57.52,-20,58.33,100,34.11,-17.85,62,-9.61,45,101,38.92,77,69,90,129,-15.13,96,38,134
122,-3.8,73.9,33.16,-20.51,6,55,-17.97,48.05,28,96,25.3,32.9,-18,-4.26,33,-29,99,68.78,56,-49,7,30.21,13.4,39.95,5.78,-40,33,34,8.57,-4.54,122,-3,47,-11,8.26,57.33,107,14,58.16
9,-19,-1,-16.8,61,74.22,-27,0,29,105,12.35,132,107,22,-7.56,15,-22.05,71.87,-5.17,78,12.87,61.67,40.79,16,87,-6.95,37.46,71.21,130,108,4,-25,17.02,58,69,27,13,39,-18.14,105
50,149,85,-29,-47,7,52,70,123,21,-29,-22.72,121,58.68,-19,148,-26,53.72,-22.94,-47,62.44,23,48.52,129,104,126,124,62,112,61,89,72.35,-25,94,6.24,-23,11.37,119,107,65
138,-36,120,-31,42,27,36,28.39,24.97,-43,111,-12.33,-35,130,-28,46,48,45,-10.16,-1.62,101,116,28,119,-7.41,136,-35,-13.63,15.6,-20,24,69,-23.97,18.5,141,-6,145,38,-27,32.7
-19.3,22,122,50,57,50.03,141,107,39,138,26,127,51,-2.74,69,70,-30,-20.09,57.26,143,-8,-50,19,39,76,71,13,6.29,-3,72.17,-46,8.25,-17,139,7.36,-16.18,22,-8.27,-47,31
-2,-19.67,8.13,42.53,116,75,-13.35,29.87,73.5,-26,-10.04,-23,6.55,-9,93,60.52,-20.17,-4,-17.58,-14,5.53,49,107,50.79,96,140,-14.59,23.63,26.93,-10.91,-15,53,84,53.8,-28,11,-14,124,126,96
135,-24.6,10.82,74.38,141,44.63,55.84,-50,19.66,148,109,18.91,-44,14,-2,21.47,64.29,5,-43,-9,72.76,48.34,42,-32,69.5,18.89,78,22.77,7.95,142,-29,62,-8.56,30,6,-40,-28,-12,108,16
84,24,114,56,108,-10.39,21.63,17.87,-13.1,-8,-29,125,22,-19,54.49,18,-15,59,20,51.39,-42,62.64,-13,29.62,-24,-4.97,122,69,61.99,69,53,20,67.69,63.55,0.78,37.2,-22,2.82,68,45
77,-32,-5,77,49,10.41,32,81,-6,74.81,47.33,89,71.87,92,18,18.63,58,80,53.59,37,28.86,-26,-45,-15,35,92,61.07,90,-15,67.53,19.33,70.47,94,28.03,53,122,49,52.85,22.92,42.09
29,-23.02,3.08,61.69,-36,28.15,100,21.87,-5,27,-7.2,-28,-20,101,135,18,74.85,-25,-22,-35,6.47,32.5,43,66.97,28.39,145,64,141,21.83,-47,55.99,56,17.41,55.1,39,-45,102,48,115,22.71
2.13,32,59.66,66.47,116,9,16,-7,-5.44,-19.75,-20.05,-17.28,-4,-20.67,80,59.52,52.83,-6.52,23.44,30.05,60.36,2,30.3,-49,30.8,86,146,-49,117,56,120,8,-18.11,72.86,-13,-7.65,-33,-13,10,50
15.17,117,-39,97,124,129,84,2.63,141,52.76,32,35.62,66.71,19.15,-6.59,59.28,-34,98,44.53,7.76,121,-26,2,2,55.96,22,137,-7,7.55,-7,138,58.27,89,-19.93,-31,103,-43,75,-2.31,40.94
90,14,119,86,72.55,97,65.7,-33,2,106,104,30,-48,12.05,65.55,72,75,58,64,50.46,78,66.79,73.63,-24,63.87,58,-18,43,70,52.04,95,26.79,46,129,-21.92,129,25.57,31,122,-46
134,16,46,-1.22,-25,23.18,66,-5,19,28,-50,99,133,70.43,46.18,130,53,74.32,-17.65,87,148,-26,114,-16,-42,59.14,-15,9.76,55,58,-45,87,30.4,-6,43.29,64,70.13,37,33.12,15.76
38.64,51.92,-23,34,49.55,-9,57.06,35.7,137,53,59.65,52.64,15.16,-14.79,50,15.86,-6,121,16,31,142,105,-26,125,63,8.03,19.57,102,1,38.13,39.99,45,123,38,108,53,10,-6,35,4
-47,-16,-43,-29,27.84,147,-3.68,38,49.78,-43,135,63.53,103,68.27,51.52,-39,105,-8.65,141,-46,16.31,-12,60.23,82,43,-12,67.03,92,97,66.76,22,70.77,74.64,62.85,132,-6.89,137,50.98,64,-45
24.14,4,68,-32,-4,60.45,68,72,140,-31,-8.92,-3.32,33,20,-28,23,102,118,62,30,8,-23.08,-8,-2,24,-8.05,65,147,8.26,-20.73,-24,-27,64,-19.48,-13,70.37,95,78,-0.77,64
-20,31,6.91,60.09,-12.56,43,137,-48,12,119,-18.03,144,-1.89,27,15,73,34,-49,29,128,140,66,-8,-11.49,-11,62,50.12,93,114,48,-6.51,103,-37,15,-4,61.34,36.4,80,-40,26
53,-0.61,-37,-45,59,-18.2,6.51,90,-22.4,-28,3.52,-17,65.37,-46,-43,71.9,75,30,19.8,51.98,41,21.62,-34,-19,98,13,44.67,41,55.29,47.95,-49,-36,22,37.69,51.93,-8.86,40.84,19.4,13.75,136
114,1.31,7,-17,16.17,-11.89,62,56.18,-8.47,126,38,65.84,67,38.52,41,-10.1,-16.28,7.17,42.93,20.43,-21,72,69.97,-4.31,115,83,74,-49,-6.32,71.12,30.49,8.41,-13.47,-41,-3,24.26,-11,-17.24,-6,141
75,24,29.39,59.65,62.5,32,71,86,49,130,39.66,47,33,-16.59,139,-25,-47,124,130,62.81,-22.32,20,-20,61.76,38,-50,26,59,-17.03,-47,-13.38,61.71,64,64,48.13,12.2,73.31,6.85,39.97,-14.85
58,-23.28,-7,112,137,20.79,92,41,-45,-21,67,-27,60,-5.07,68.64,-10,67,136,114,60.25,104,40,-25,17.73,37.97,-10.81,30.37,33.46,133,-19,-5,-8.71,35,72,96,64.69,22,-17,51,28.11
44.37,-27,24.39,39.13,108,36,17,65,-20.72,34.53,118,67.01,-4,143,4,-33,18,101,44.9,31,61.63,36,2,60,6,67.61,131,142,-20.42,56.2,-24,1,18,-31,-33,41,123,-36,45.1,33.54
39,47,99,89,-7.92,-14,102,56.69,137,-35,146,131,145,11.75,7,86,54.78,73,-17,15.66,54,3,60.75,-42,-29,-8.9,7,54,141,8.19,91,31,74.55,2.26,-21,58.94,58,41,16,-40
-24.38,34.51,141,13.06,73.59,65.04,-9,32.17,-48,70.84,105,37.3,-7,44,62.33,36.34,58.32,11.36,-20.96,85,75,-3.23,25.11,-9,-35,66,44.21,-28,141,71,71.86,33.4,74.49,32,26.03,59,95,9.25,48,19.41
-40,24,9.16,21,-0.72,6,122,-24,116,81,69,99,11.72,0,-30,90,-50,37.11,38.89,6,26.03,52.34,32,118,-29,113,-39,38,114,13.11,143,-15.65,22.93,13,-28,24,8,125,-19,52
-32,23.25,141,98,141,57.37,91,-38,72.5,-10,39.81,62.59,108,-18,18.71,45.71,33.9,145,59.2,-10.69,-21.4,38,24,73.71,-4.69,-20.34,-6,-19,58.27,-18.78,-35,56.42,-19.15,-50,27.99,21,30.55,109,149,53
36,88,-11.56,18.04,95,131,71,121,36.24,69,24.53,-8,46,-19,5,93,14.43,47.83,116,-7.31,134,-27,91,112,117,120,10,-7.01,145,29.79,29.05,21.64,-3,-7.91,64.48,108,-6,19.82,145,106
9.53,-44,-9,82,53.01,52,35.32,-4.12,17.03,24.55,95,64.37,86,-3,-21,-14.19,31.67,101,49,7.5,6.21,8,21.09,59,6,127,72,33.47,12,14.02,-42,25,71.74,141,0,-34,70.76,72.36,37,15.65
118,3.1,113,-30,5.45,-28,-49,-3,94,4.56,-33,64.61,29,72.69,-35,18.99,52,53,-3.79,-17.81,-42,-46,-46,36.88,61.16,68,43,52,-5.63,-11.61,65.59,70.14,17.88,47.46,38.7,32,20,20,32.33,0.88
25.9,49.11,135,112,51.68,-42,76,81,15.43,24,-36,-4,-21.82,19,101,117,57.04,21.11,53,-10.61,3.93,45,105,125,-20.79,-10.12,-42,-31,41.39,-12.59,70,-6,0.68,42,31.01,135,103,-0.08,122,138
59,49.48,125,22.78,-11.3,17.54,33.27,-24,0,-50,-36,108,33,34.39,48.59,9.23,62.09,128,57,18,33,131,27.25,-16.08,122,43,62,-35,0.04,-36,147,1.05,0.86,14,4.8,144,46.12,16.78,37.66,-15.87
35.08,47.36,61.54,78,11.18,116,139,43.79,23.61,57.19,12,127,-22.53,41.56,75,115,60.69,67.72,95,139,-1,68,-41,-8.69,66.37,28.82,65.88,68,41.97,48,12,-6.75,77,59.88,-24.49,1,60.36,110,-2.28,63.37
37.25,-13,52.09,23.36,130,25,70,89,110,3.28,-6.73,12.9,2.37,114,9,39.79,94,116,78,27.63,-23.77,-42,10.39,39,17.18,37,-5.48,143,65.6,22.86,31,122,-9.29,77,13,10.94,48.53,54.71,-1,-6.39
-15.66,38.78,20.85,125,-13,116,86,111,72.75,118,15.24,39,-12.62,58,51,3.45,22.52,19.17,60,84,-21,63.28,121,146,51,22,-19,122,90,65.37,-3,38,38.71,16.56,26,28.85,105,52.16,45.33,-11.01
105,45.76,114,116,5,12.13,-30,0.56,-13,18,-10,53,147,34,11.64,101,28,39.09,121,12.66,39.84,-22,-49,24,17.69,71,134,53.86,108,28,-29,36,47.71,121,68.88,-16,61,74,31.47,44
14.59,36.5,93,92,136,23.28,61,64,3,30,74.86,124,-23,90,148,57.28,27,42.32,28.45,63.19,-14.97,8.04,-16.85,110,-24,3,90,-7,-18.78,-7.45,68.24,86,-10.18,33.64,68.07,-17,-13.2,24.73,141,68.44
143,19,29,99,18.7,44,47.86,-12.21,-50,5,145,21.53,30.55,12.19,-16.97,93,110,-31,-7.37,29.97,90,18.55,110,37.76,-14,30.36,67,42.4,6.52,13.34,36,-16,65,-13.61,18.15,111,67,-25,70,44.51
130,52,32.12,132,149,-26,90,-24,-21.92,-21,49.56,32,-32,126,1.72,-4.96,-35,106,106,3,28,22,46.42,-21,96,125,73,51.22,-32,59.39,50,-32,52.57,135,11.47,-8,71.43,45.52,139,71
44.09,36.84,-30,66.88,136,-44,-10,-11,-22,20,72.08,-18.16,62,13,72,9,27.83,97,43,26.44,-14,6.08,-5,23,12,63.73,20.53,-4.35,26.21,-42,124,11.32,-24.61,27.63,78,8.95,18.61,52,-47,93
41.31,135,50,139,141,74.92,41,19.03,58,62.17,-17.56,24,86,0.91,74.94,-18.25,14.9,22,15,64.07,148,-6,40,28,-8.7,122,74,136,32,18,10.7,21.57,86,137,29.93,49.26,7,-34,43,66.93
23.91,87,18,26,103,23,65,25,-8.15,27,22.25,88,25,123,36.27,-8.82,-34,-20,31.36,22.74,79,141,28,48,109,31.35,113,-8,114,116,-30,-2,-16.71,131,68.43,52,-4,29.85,-12,0.14
-5.92,64,142,-15.62,69.63,-11.05,134,-19,52.29,-8,66.9,-15,-9,-9.86,5,-19.38,54,-12,61.64,74.08,64.47,-31,-20.33,22,38.31,13,45,16.73,13.86,66,35.76,23.35,85,-28,15,74,99,-1,81,17
79,116,17,-13,-38,74.47,38,15,123,139,-2,31.43,93,116,43,124,39.19,136,71.28,118,-42,108,12,127,20,1,28,38,70,-7.53,-20,64.25,-10,59.34,-28,109,40.37,61,42.28,17
30.55,48.22,63,9.37,130,41,13.02,14,17.45,149,53.5,53,-23.07,-37,132,147,-16.58,-41,57.74,-34,128,45.48,-4.66,11.66,123,-14.2,-33,84,118,14.9,101,79,45.75,107,56.44,25.73,121,53.61,49,74
-22.93,-16.64,28,62.29,126,-14.56,101,-7,42,-7,29.84,1.81,11.97,96,-19,138,36.24,103,29.3,57.31,0.14,16,-25,71.49,36.47,40,118,27.48,75,69,53.63,-5.49,59.61,33,36,-49,-14,-15.9,-15.59,-13
24.13,42,87,-12.01,8,1,146,-23.54,-6.41,62.66,47.16,35.99,43.19,137,-32,147,58.95,137,74.8,128,-4.44,-10.54,-31,-2.11,96,31,8.48,46,30,-14.94,57.7,4.15,8,-17.75,-23.34,15.84,39.32,69.27,6,45.68
-34,4.62,32,126,136,-19.33,117,65.41,25.47,65.37,121,19,147,-30,-5,135,38.52,45,10.42,46.69,85,30.64,7.53,26,110,57.93,53,145,145,67.79,127,128,19,21.57,59.58,60.15,98,25.5,4.47,79
-28,94,54,9.82,33,136,-8,75,107,42.22,-38,72.11,63.78,39,26,49.41,94,-18.85,-17.9,13,37.52,-6.47,-16,-20.41,86,-45,-15,30.21,83,-14.66,-42,23,102,67.93,93,63.86,-21.66,92,33.92,19.31
-39,54.73,74.2,-18.77,21.28,96,43.21,-19.59,120,15,-16.32,15,10,109,49.46,21.81,42.56,72.22,143,-42,44,25,126,57,-9,34.27,30,-5,-16,48,-5,38.92,68.59,18.37,-5.62,49,58.11,28.21,36.88,53
2,140,26.23,47,31,-35,-44,60.56,39.47,70.96,27.33,-27,43.09,-46,-18.48,15,43.52,119,11,28,113,42.84,103,-9,64,-12.2,100,-40,26.01,-33,29,131,3,34,-3.93,-15.89,39.87,15.3,71,51.52
-11.17,24,24.19,1,-5.83,149,2.11,60.91,62.25,59,85,77,49.75,-14.7,33.97,-10.81,107,93,-16.21,110,0.36,50,-31,97,19,58.13,40.87,123,39,102,-16.83,70.8,107,-29,12,8,104,51.25,78,43.6
65,27,112,61.67,46.6,-8,-9.25,21.05,8,25,21.71,142,118,45,9.68,-22.76,96,25.94,9.62,111,104,100,71,76,-29,62.29,31,49,83,142,87,-23.86,62.69,-9.44,149,17.44,-34,-48,34,136
17.62,26.01,-43,73.95,57.37,-47,26,143,72,2,49.29,33,-9.02,-10.02,86,25.79,119,-6.56,49,46.33,9,31.81,12.74,-46,-19.45,60.55,59.11,19,142,18.53,119,135,118,-5.81,13,-12.34,22,17.33,41.03,-13
-37,-5.51,46.7,-11,21.78,34.17,1.99,87,-24,30.89,130,60,-4.77,119,48.42,147,-32,-6.99,13.53,-11.48,-7.62,92,50.12,21.46,27.12,-18,-21,105,16.17,100,-6,120,-3,-31,37.82,-43,108,22,27.75,100
61.88,-5,23.57,67,46.06,28.87,-8,135,3.03,8,-5.22,31,47.05,70,-24,-21.84,19.37,51.47,15.4,96,-27,58.3,-48,-14.03,69,83,109,-43,-47,146,8.33,73,134,132,124,35.1,-0.27,10,-50,-15.53
48.99,-20,5.99,138,101,112,56,73.94,6.52,0.43,82,52.05,60.02,75,106,31,35.16,5.96,60.49,11,12.15,28,-34,-23,52,108,-23,-44,7.56,43.25,31,68,46,80,87,99,10.04,-2.25,1.92,-17
2,20.5,72.29,27,-24.29,148,-3.81,-13,29,51,-11,-14.79,12,50.84,6,115,55,106,50.95,55.01,69,-1.46,68.7,-18,35.58,123,33,101,118,129,-2.1,135,105,-23.68,-22.24,37,35,-6,-19.49,51
33.61,41.43,37.69,10.89,143,-46,140,29,52,89,129,33,-10,-18,72.41,56,75,61,-7,35.41,-30,140,11,132,35,65.69,13,97,72,28,-49,137,-34,-4.32,3,136,61.61,142,20,-6
-22,29.43,18.55,27.8,73,64.31,74,85,3,20,107,-19,42.45,62,39,60.23,25.59,11,9,13,-10.72,55.21,121,-14,9.83,62.44,-8.58,-35,145,147,59.1,4.26,64,74,-18.56,-8.77,-21.22,132,23.57,-15.62
58,93,55,-11.38,-17,70.88,90,-35,73,58.91,64.28,31,85,35.06,15,40.66,76,110,-13.25,51.98,117,40.96,88,-15.35,62.84,18,59.34,-15.72,7.8,-14.41,-5.97,-4,56.92,-46,136,89,49.75,-12,92,117
130,73.77,89,102,35.24,106,131,91,-16.67,46.78,97,139,94,50,44.7,4.05,60.39,136,62.3,96,12,132,115,76,64,18.12,135,-46,-14,60,37.93,44,-48,140,5.26,-6,-3,1.97,14,49.94
-12,49.42,48,-12.76,29,1,-35,-2.81,-5,32.56,66,137,-27,33.23,118,12.95,121,128,29.75,-36,47.71,-18.2,51.62,137,-2,116,127,-39,-20.32,7,17,126,18.46,146,40,72.78,-16,103,39.81,-4
118,-16,30,78,126,-12,55.09,3.35,108,20.84,45.38,-0.61,-20,19.97,41,81,147,-17.64,27.47,-42,31.17,69.92,20.35,79,15.5,48,19,38,3,-17.45,42,104,43.32,24.19,-19.28,-14,26.9,105,38.8,-8.89
50,2.41,139,99,51,90,-23.4,45,146,82,-5,61.22,44.35,91,148,20,5,62.45,98,66,79,149,3.57,0.34,101,-48,116,60.65,-42,22,76,80,-48,88,25.65,-15.45,-22,-20,50.17,2
19.67,32.13,138,46.16,95,-48,-7,-3.63,106,101,-22.76,-0.48,44.46,55.81,105,44.32,16.65,-15.99,43.2,-7.5,39,55,-41,42.45,138,46.09,83,-37,-2,139,7,46,-45,139,-7,71,39.94,33,-19,97
53.87,76,78,29.65,15,50.5,95,-21.83,30.08,42.53,107,45.97,146,60.48,125,8,-11,-23,7,-29,23,-4.54,63.11,118,54,76,67.34,-14,148,8.15,-40,87,11,17,15,40,42.39,65,16,61.91
0.83,33,32,54.53,-5,-31,46.35,141,19.4,5.93,135,-20,89,129,7.72,17.74,20.99,11.02,17.97,140,29.4,-46,35.6,24.83,108,-13,4,66.32,-5.84,17.67,89,134,-40,-17.79,4.67,-0.79,31,42.94,-31,16.3
81,-7.85,-16.38,71,94,47.87,33,-9.48,13.44,57.12,-8.64,5.2,58,39.41,44.75,57,-18.06,51.66,3,13,-21,-2.09,67.67,14.64,52.48,20,-26,45,80,36,39.46,73.31,-25,75,100,47.24,10.01,34,59.53,-12.82
38.68,37,65.95,130,23,18.91,83,1,-6,-15.44,141,2.97,6,67.72,28.25,28,43.28,45.37,21.36,3.65,-17,9.43,19.76,-9,114,-30,-48,66,-2,27,109,103,120,-46,-14,74,-48,59,-44,9
27.42,79,94,45.12,143,46.59,80,140,17.35,31,-9,66.04,18.56,-20.59,42,65,15.96,68.53,129,-39,71.93,51.61,15.1,121,36,-9.56,17.09,98,0.89,69,50.4,21.15,11,35,21.87,7,72.04,18.01,59.5,22.66
54,30,10,133,71,-4,18,103,-42,-32,-18.5,31.18,-19.48,-2.53,-19.56,84,-4,29.71,42,139,-11,7,-5.16,17.53,-23,104,19.64,49,103,27,123,99,58,115,94,56.35,-1.33,42.99,113,53
-29,-15.69,23.78,-23.89,-3.92,96,65.41,149,13.87,65.26,51,16,124,53.65,7.97,63.63,11,30,72.07,-15.48,95,137,7.38,27,11.2,-45,18.4,1,50.6,5,15.33,-31,27,62.95,147,-43,-5.69,92,22,11.73
9.12,2.83,143,36.2,61,63.74,-2.04,149,101,-48,11,88,64.01,21.51,149,-6,134,145,-37,37,-4.17,18.37,47,81,-12.51,147,-11.65,-32,47.99,84,82,66.12,127,-17.01,-24.34,39.33,115,-15.98,38,-37
60,50.67,43.23,-38,47,-22.28,33,60.99,60,-27,35,44.99,-26,49,1.26,-3.9,59,24,63,-17,50,118,44,64,-18.84,-21.16,92,24,103,-26,132,118,57.23,129,33.26,37.83,9.08,1,11.84,52.56
-47,52.23,3,67.21,15,70,37,47,119,55.25,-16.91,34,112,12.65,-18.77,-31,38.8,39.87,64.61,95,61.44,77,26.92,-18,-13,37.46,28,60.73,33.52,96,69,45.25,-15.75,144,81,16.78,100,-41,138,-31
-10.05,47.29,79,135,-18,146,-3,69,59.38,-33,96,105,32.85,-33,32.1,2.77,7,29,1,62,-8.91,53.85,42,15.94,-2,27,15.61,70.44,-20,-11,-33,23,144,149,74,-15,127,34,25,28.97
11,2.9,22.97,-7,21.51,108,9,82,7.15,45,-13,12,99,14,66.55,21,42,51.42,54.32,120,39.9,125,138,5.97,20.84,42,43.5,-9.78,92,122,41,91,-15,105,135,10.44,61.52,-41,148,53.51
132,8.52,15,-2.41,3.45,99,-14,83,6.95,-16.36,25.68,125,74,-10,-35,-21.78,84,54.02,21,87,32,55,6.07,-9,-3,29.62,-17.25,16.64,122,58,-24,121,6,-2,75,87,24.91,130,1.64,17
-16,-14,-12.73,125,114,53.69,26,-2,148,-9.39,52.78,11.5,-14,91,74.65,-50,-15.44,52.17,3.58,120,72.22,32.29,84,50,110,27,5.26,37.31,49.37,3,-13,144,45.97,142,-49,-42,44.85,57.59,-18.82,-27
-12.61,24,27.41,-21.19,43,141,44.86,7,3.33,143,-3,-12,51.81,11,-18.78,-10.9,-29,64.9,99,88,53,66.29,-5.19,69.96,49.58,12.5,135,41,37,13,25,-21.9,127,-4,29,31.4,-3.86,46.22,-20,146
115,6.15,22,109,8,19,-12.95,62.33,59,65.22,-5.78,34,105,3,-5.62,19.85,149,19.71,148,138,39.75,44.81,101,28,50.83,148,55.02,39.05,-13,34,-8.97,22,28,12.06,-6,27.54,-8.9,-14,-21,3.62
133,38.88,14.12,17,-25,-35,44.02,39,46.89,-26,-14.71,68,113,51,55.51,10.89,-13,61,-6.51,144,42.76,57,-13,101,95,30.16,52.17,-15.88,36.27,16.75,26.18,-49,40.48,106,13.62,52.25,66.43,13,-18.46,48.55
48.89,18,24,-28,67,26.98,-36,-22.73,139,84,104,-39,46,117,130,7.57,128,21.15,49.7,34.71,53,51,-16.54,87,27.13,8.72,64.67,15.23,-36,67.55,62,-8,3,18,-29,68.66,-16.23,41.18,99,-23.42
16.85,72,0,86,-1.47,7,130,64.7,128,12,-34,8.93,14,129,51,70.8,44.25,-29,61,64.4,52.75,113,5,6,18,-44,-33,-15,71.32,10.14,-50,101,81,42.67,6.3,32,-13,-41,-20.81,12
-19,35.74,118,-23.45,-10.09,-50,128,0,15.44,-34,11,-23.43,-5,111,-19.95,118,118,99,-37,66.24,37,123,16,21.09,39,-4.9,-3.77,131,60,79,67.24,-47,-17,142,-22.77,38.16,-16,-18,17,144
-1,-12,-7.81,72,139,82,5.96,-15.56,7,-39,39,28.39,78,147,100,61,93,112,-39,-3.8,47,65.15,9,13,17.43,39,-45,54.04,13.76,17.11,43,101,-20.76,78,132,56.78,-49,-17.4,15.31,63.8
141,113,28.4,17,-14.31,-11.7,-27,149,46.63,138,107,-0.25,14.17,-47,56,80,-20.24,11.69,20,93,50.58,49,88,-24.92,60.97,44,4.42,-5.06,71,69,19,-20,127,70,-8,11,125,96,132,15
7.69,-33,64.84,148,-49,-43,43.2,133,32.44,-46,96,15,112,6.91,94,90,10.23,12,10.23,-29,-44,-32,59,-19,7.66,109,35.36,58.65,94,84,-1.65,73.82,117,-2,132,-7,-38,25,31.88,28.77
-23.96,34.65,-34,-13,20,95,73.55,76,100,66,-32,23,149,17,-37,18,35,107,-5.92,29,42,59.24,26,91,66,20.36,71.36,28,-8,72,112,113,67.98,46,10.18,-5,-7,108,50,-39
63.84,59,108,143,32.15,113,66,70,47.74,-20,71,20.76,53,63,-17.3,142,-26,86,32.43,11.49,118,-45,98,25,86,96,126,-22.43,139,45,57,-48,-37,14,113,81,32,98,17.12,37.69
-19,126,120,51.21,43,-11.49,-20,7.79,-34,9.47,6.67,127,1.05,-20,20.32,27,116,43,116,-29,7,12,15,-11.6,-1.08,-4.59,140,42.6,59.37,134,102,6.94,-8.41,12,-46,-15,53.58,132,24,-14
0,-3.19,-19.72,73.84,70,105,34,-7,23.48,43,19.54,14,27.39,-22.89,72,27.73,39.35,108,-33,49.3,-17,8.68,44.97,42.45,72.05,64.78,40.22,120,-1.36,58.15,44.83,22.84,47,49.53,49.29,-38,44.81,42.92,-5,7.46
5.96,21,124,125,85,-5,27,86,3.91,59.52,146,40.55,149,4.36,0,-23.88,-24.31,8,96,11.62,72.13,45.74,30,-20.79,59.73,73,125,127,16,32,9.66,8.75,28,-8,66.6,-1.19,13,76,-8.59,-20.14
58.06,46.61,50.12,44.09,67,-39,13,36,3,8.49,-29,-3,135,15.51,73,109,64,46.94,91,142,83,-32,-15.78,-14,51.02,57.99,89,49.88,57.42,7.75,-3.62,144,127,117,67.01,-41,89,128,2.96,79
36.58,55.26,47.9,-13.97,-23,2.85,146,-2.4,-11.33,25,8,-5.84,64.52,85,58.11,59.02,-18.18,88,118,-16,-9.24,-6,5.95,74,1.92,60.32,-4.77,51.63,57,64.97,35,37.13,-5.48,-1.74,-2,-18.47,-45,14,-20,139
127,-21.53,64.37,64.83,63,-4,57,-3.61,53,60,-21.66,-16.3,58,-0.57,-11,2,126,42,117,2,25,48,127,107,52,75,49.31,-13.63,35,57.33,-22.06,37,-32,57.26,74,116,53.34,59,15.45,39
16.16,-29,67,35.98,-37,-5.59,55,43,62.13,23,53,67.07,61.04,-29,140,45.1,-49,-45,22.69,71,14,58.99,53,46.03,71,-23,-50,44.41,121,136,-30,23.44,63.72,42,-41,30.78,-4,-14,-23.62,-44
-11.08,20.27,34,72,23,130,25,-48,20.74,-26,28.54,13,69.36,104,59,11.98,7.35,72,-3,55.86,5,16,104,4,1,-5,50,147,119,-19,-35,98,-49,14,13,138,70.64,80,54.87,136
73.73,58,-24,69.84,13,63.96,-15.53,22,49,31.43,83,0.35,72.26,133,24.21,51.95,16.45,33.24,-9,130,66.16,59.23,61,-44,120,6,24.64,20.25,59.96,-29,133,82,16.35,81,94,132,143,144,6.27,-50
5,-19,-4.77,27.93,-16.2,36.03,41.72,109,124,50,30.83,69.65,149,72,23,1.46,28.98,48.51,94,-44,19.06,-7,31.61,145,134,-44,4.44,33,84,34.74,-35,29.17,-2.44,-7.51,31,66,71.56,-0.85,36.38,148
62,126,122,70.85,-13.06,-29,16,88,-42,57.97,-7,56,32,68,-10,3.14,44.41,-26,36,-1.88,1,5,18.67,17.67,-15,44,24.85,81,35,-38,41.72,19.4,27.22,138,106,48,46.75,-22.27,3.62,-18
72,51.34,21,28.88,78,-46,33,1.54,35,-5.81,133,101,103,74.21,-19.35,63.36,67.58,-43,100,1.73,97,102,38,57.2,-19.52,96,141,73.97,10.11,138,-20,-12.9,47,38.95,48,38.16,21,31,55.57,42.05
28,48,65.09,-38,113,-12.31,7,-46,-37,38.3,90,33,32.05,28,35.17,-43,112,0.25,-29,26.27,91,20,119,11,17,-30,-44,-42,146,116,67.75,66.56,88,-14,72,72.82,64.16,22,10.33,109
0.68,-19.9,-8.77,131,18,-10,69.09,-42,35.1,15,91,39,-10.71,45.01,65.69,18,101,50.68,124,-11.75,-50,-3,36.81,-22,65,19.1,23,139,61.41,-14,8,-20.16,56,87,14.07,-20.62,68.15,39.24,12,17
12.87,51,0.02,3,-2,-34,68,-10.21,2,-28,-37,-19,65,64.41,40.9,34,-33,28,9,15,52.33,32.06,139,58.27,5.06,23.41,62.65,48.21,24.9,124,146,67,78,-28,73.56,115,62,137,28.7,36
54.86,4,47.06,58.47,90,53.57,77,54.45,1.69,132,37,143,-42,6,9,136,47.89,29.48,43.76,129,116,-14,-3,96,39.63,-49,47,32,-20.02,99,-28,-39,30,87,96,73.98,-2,46.18,-24.41,71.84
30.56,144,114,7.23,30,47,71,-10,-4,-43,59.2,129,-3.23,-12,62.29,40,72,34.95,34.55,33.45,29,8.11,1,40.75,-12.4,60,42.87,-4.81,28.15,145,5.31,30,20,2,-10.6,65.73,-5,41.1,-31,31.03
86,38.29,-11.75,68.44,31,-16.47,17.12,-19.39,26.53,87,124,11,109,101,127,-29,-29,145,17,87,134,14,14.94,46.03,109,43,21.49,77,95,8,10.97,16,31,45,13,117,51.47,141,30.25,-23
-36,63.62,-3,28.94,-13,-27,-9,71,-32,59.47,87,25.24,39.73,55.59,12.21,-43,149,-32,49.43,-17.29,-39,-19.23,-37,-45,-9.3,30,60.47,39,65.47,23,27.68,30.41,-5.06,96,-9.5,23.16,100,-0.34,54.88,106
97,69.26,21.86,31.11,-37,44.49,-20,77,68.91,22,67.79,33.46,5,-18,37.34,19.22,18,-18,19.88,41.39,47.28,50.21,124,143,-19.56,63.04,72.63,62.26,52.21,56.34,-26,88,74.56,16.76,40.28,78,7.11,-0.97,112,4.31
-32,132,103,108,11.34,-23.78,59.1,78,45.72,23,-16,42,-22.22,8,92,64.98,86,57,114,1.73,14.9,10,14,16.5,38.33,59,61.2,12,70.49,46.01,37.5,21.09,-44,6.54,-12,73.65,12.97,100,121,127
55,11,79,-23,12,125,39,16.36,4.37,99,74,129,17,-46,37.9,116,-2,4,59,55,63,123,66,5.75,-26,-42,135,29.6,17.38,101,125,-0.23,130,84,-39,-2.65,-45,51,37.83,106
119,-5.85,59,87,38.54,21.06,-50,10.63,63.81,111,7.25,95,67.02,6.92,24.4,137,23,61,-33,-18.55,-35,-13.41,10.92,74.46,8,6.22,10,-16,64,75,38,-2.1,54,-25,-2.05,119,93,18.61,114,132
27.28,-47,-44,59.55,5.11,45.41,27.94,-45,46.9,-22,40,123,110,131,-2.68,121,30.78,51,69.17,-38,48.71,74,31,16,78,105,-24.8,143,50,67.1,-1,41,-49,-6.49,3.47,-35,27,53.36,67.6,115
104,21.93,35,71.92,138,40.35,47,68,-5,-16,35.32,87,140,20,19,132,39,85,-24.47,44.89,-3.53,90,65.07,4,46,-12.68,-3,60.96,90,6.21,70,36,-4,123,-0.95,111,37.69,17.09,36,114
134,1.1,137,-14.09,91,-49,-15,3.04,0,41.98,62.53,18.15,-24.16,11,62,69,73.29,-6,141,34.99,123,46.95,-25,22,58,61,118,91,63,28,21.99,74.46,108,-27,101,4.7,81,23.79,29.27,-44
119,48,-3,1.67,7.08,45.34,12.89,25,62.53,4,74.78,20.54,-47,-6,74.3,87,-25,89,56.84,47.76,68.69,71.24,81,40.39,45,31,57,43,146,44.68,148,3.84,63.44,98,62,-1,47.22,34,-18.7,139
6,0,72.35,-23.44,127,38,26.95,12,45.4,139,95,28.18,21.18,-15.08,-35,94,47,36.51,133,59,-6.8,52,-15.47,33.1,68,8,17,-20.05,1,-8.28,-21,13.45,-16.32,46,35,16.14,-13.38,123,52.49,114
-18.45,-15.26,-37,109,42.9,25.77,-3.24,137,-25,-2.19,-1.2,68.37,62,-1.22,3,45.75,21.8,20,149,93,61,-18.58,82,18.88,-35,-23.27,-18,77,-10,54.94,11,148,16,-39,132,-3,69.14,-4,-11,58.16
103,23.22,-5,148,-30,60,20,141,36.28,-24.84,11.81,12,4,89,23.53,50.94,71.59,16,-39,-10,29.31,49.64,17,133,-7.99,91,48.13,-29,9.94,77,111,101,105,55.69,79,42,80,53,-38,49
131,-33,-24.4,13,9.12,78,44.91,-16.25,-19,115,-18.29,40,58.39,-50,-23,16,22.71,-22.44,119,-9.6,53.34,143,139,21.71,13.28,148,56.3,-4,52.18,50,98,44.06,122,-34,25,63.43,50.29,50.56,97,68.24
-4.29,15.27,34.88,-21.74,70,86,70.78,3,72.85,98,43.12,-1,121,59,66,-13,-21,72.42,-5,38.59,47.36,-2.19,124,-5.32,101,10,-2.24,2.99,71,70,45.96,76,135,-17.1,-20.05,125,40.04,40.14,60,72.99
51.54,149,8.35,61.26,41,62.96,5.58,1,29.73,2.74,7.91,63,11.15,17,89,106,36.77,132,48.05,70.92,136,48.45,11.36,78,100,33,97,-34,17.66,15,73.51,103,27,-5,-9.21,-30,-37,57,4,-13
49.69,-17.6,107,112,6,8,89,49,20,68.1,37.74,80,-21.54,31.86,25,63,-37,-44,55.84,29.41,91,1.49,47.24,-7,62,17,54,-43,20,-15.89,-8.92,-18,54.87,22.12,-9,47.49,106,119,109,-13.96
30,28,13.12,47.35,106,108,69,96,6,-1.72,36.34,50.55,-28,55.5,118,123,-8.76,111,105,95,-16.14,-36,51.9,33,47,7.76,44.94,33.48,122,-4,-5.96,-4.79,106,-7.91,123,99,73.11,66,98,47.28
-32,70.57,-15,-21,135,118,51,65.02,140,-23.74,28,-15,28,29.29,64,15.01,86,-14,123,61,-9.24,42.48,-1,39.17,14,53,80,-42,130,-36,32,-19,38,73.93,147,40.96,-0.95,12,23.53,21
69.32,107,-16.5,-4.83,20.62,134,-6.68,57,-32,139,49.29,-14.01,-7.8,107,146,-22.67,89,-27,143,6,12,4.2,-8.14,122,43.28,135,104,-9.5,133,129,-0.1,-12,0,36,29.67,-41,66.33,-11.55,45.46,66
-22.3,102,13.44,65,-31,75,17,55.73,14.61,5.69,69.29,118,59.88,-44,71,125,19.46,-22,39.24,94,23,-3,93,49,-6,-49,-2.75,2.83,-41,-37,7.86,134,-9,28.55,143,137,38,37,5,73.16
25.16,-17,53,8.95,23,51,66.02,109,38.56,117,50,13.19,114,71.63,111,72,3.64,17.07,-29,54,43.3,48,82,-22.8,144,139,7.88,4.8,50,22.37,64,64,12.38,130,36.35,-13,43.98,120,6.73,14.92
-5.28,-37,52,36,149,48,18.82,66.69,122,116,34.1,86,98,7,41,22.29,-17.26,-24.1,60.46,37,76,43,-34,24,-23.14,74.11,11,8,-41,-31,123,28,92,94,55,-50,61.35,146,60.93,24.12
71.75,39.05,-5.03,112,87,119,70,20.05,124,35.14,47.72,-0.62,141,36.16,74,51.22,-15.05,28.81,-4.15,23,70.3,-2.32,-9,10.64,0,132,49,53.27,34,134,-25,15,-16.24,46,82,72.13,41.64,100,-21.46,128
138,12,75,-15.01,-17,3,35,-32,-24.61,59,146,5,-4.2,76,-45,-12,-24.19,-4.84,56.72,106,-21.68,-11.29,49.6,106,20,27.24,134,-22,55,21,79,61.85,60.93,28,53.99,59.71,55.64,36.03,41.43,-13.96
-12.17,126,105,136,112,88,71.17,73,121,3.04,-6.44,-16.54,15.31,148,-4,-44,74,71.77,16,55,-42,122,42,106,56,25.68,13,-42,-45,88,-13,-19.92,36,62.72,83,22,20.73,4,-42,91
63,59,14,120,4,71.11,45,-4,131,62,-28,115,-25,-6.89,130,-20.34,-25,-5.66,126,-45,127,79,5.83,10.56,131,64,-8.14,107,-17.69,-12.71,25,-50,24.62,116,96,20.1,72,84,-5.5,28
-15.16,48,141,-24,-5.88,-9,15.23,148,25.49,-11.42,-23.77,-48,25.05,-2.86,47,117,35.54,-20.09,15,17.7,20.08,24.49,64,3,63.64,30.08,-21,-0.32,85,-34,53,0.5,-9.81,58.68,3,44,-39,71.75,-6.19,50
14.57,-9.35,-16.6,8,21.91,33,49,0,-10.11,88,31.71,31,90,104,12.97,-50,12.06,-15,54.06,-32,78,74.23,-20,-30,41,-6.3,-32,-13.96,41.57,-45,16.65,31.63,-13.95,50,79,-0.21,53.67,61.68,98,20.86
61.46,49.47,43.85,98,46.74,-22.01,23.35,-1.18,29.41,142,33.86,84,88,10,138,-19.72,-23.41,66,38.81,29,-7,124,48,-28,6,-10,29.95,-15,64.98,-26,29.54,127,57,-0.45,74.33,31,-7,71.61,142,48
-42,133,38,-22,101,88,64.64,-7,0.37,7.14,-45,81,139,57.61,10,-8.54,-21,-11.37,0.95,26,39,-13.86,116,147,44.55,32,66.35,25.14,71,109,-6,51.52,67.08,81,99,55.55,18,9.99,-17.6,92
89,-22.28,-38,-45,28,-42,12,17,6.55,111,-49,74.54,0,37.15,64,2.52,-14,-8,-16.14,123,28,-8.93,73.99,-5,89,128,115,60,149,-5,19,122,42.7,73.41,-19,25.17,29,-15.79,2.63,26.09
137,112,129,137,-4.03,20.15,92,-11.9,65.74,38.18,76,31.6,120,36.13,99,-16.7,25,-8.26,79,-29,87,130,55,107,0.17,29.35,62,139,85,120,49,-47,74.86,53.05,134,3,93,-19,56.2,73.54
42.82,-0.31,-6,13,-6.24,-22,-19,2.23,24.73,49.99,-20.89,134,-5,26.32,50.58,95,47,71,-14.08,28,20.48,114,65.02,27,121,-14.37,33.6,-13,101,-1,-24.9,98,23.9,49.17,-10,45,110,-35,96,50
-15.29,-23.39,-24.37,74.97,50,-18.85,21.51,120,109,23.7,-7.15,129,12,38,141,138,-8.58,68,59,44.85,116,58.43,-0.55,64,0.91,47.21,-20,9.75,12.69,16.93,60.51,35.9,124,43.23,139,16,57,60.7,6.13,48.31
89,55.45,131,-24.84,-21.71,8.5,25,-20.68,11,24.45,26,41,-15.77,60,147,-29,60,119,-45,36.04,21,-47,95,23,96,46,105,13,58,22.46,17,61.37,-3,-11.06,56,-23,16.95,-3,9.7,71
114,9.2,-8,-31,122,66,4.96,-12,69.09,42.73,18.51,17,31.22,73,59,80,11,-20.89,66.6,54,-4.91,-2.12,145,44.57,-5.69,-8,56.5,11,71.54,3.07,9,2,109,37,149,68,-5.85,96,-15,6.1
121,134,-4.43,95,53.98,-24,-10,28,60.75,131,-18.88,-1.11,20,22,-32,58.38,-30,42.04,51,38,26.81,20.91,138,54.98,-17.32,-36,-18.34,39,-10,11,-3.04,30.23,66,-33,74.9,-13.64,74.22,56,144,68.04
57.75,92,-24,33.94,-37,-4,120,47,-17.59,104,42.84,27,-8,-44,-27,73,-6.01,26.82,24,44.06,74.97,84,11.49,102,66.9,23,59,109,-3.79,32.34,43,98,-13,24,-34,110,53.01,32,-21.39,2
-13,5.36,58.93,-4.9,148,43.26,37,-13,58,-22,-26,-2,22.66,69.8,86,13.48,-19.68,-16,16.73,102,53.46,124,58,30.82,-8.43,50.89,9,60,110,2.31,-26,36.83,43.27,-16,88,122,-1,-38,64.74,34.09
-13,-18.23,70,95,-3,-11.7,36.32,-23,90,35.71,-17,59,57.21,22,72,37.2,-7.74,92,62.57,0,-16.94,50.73,49.36,60,5,99,59.41,-6.68,142,28.7,122,115,95,21.52,52,58.6,22.04,-10.87,132,96
-15.05,29.94,25,106,-13.62,-24.08,67,35,91,29.9,-6.42,19,71.63,12.86,17.38,-5.95,26.44,80,82,142,5,-19,148,85,-3,37.65,51,81,-7,125,39,-33,22.75,-31,-21,-22.97,10,48.47,63.85,50
32.37,90,-15.03,113,6,-27,11,66,42,133,-50,-1.71,-13,7,9,122,25.62,52.46,62.06,42.16,24,11,35.25,40.77,14,4.53,10.03,121,29.32,3.4,52,112,24,22.29,74.89,71.31,51.03,1.13,-32,117
-21,97,22.22,50.67,48.49,83,69,-21.88,128,53.25,0,113,149,117,77,44,25,1.9,-26,53,23.48,-15.77,19.59,-46,109,14,-34,51,46,-4.2,-11,12.22,143,14.73,37.68,25.41,29.73,10,106,52
67.61,142,-10,18.45,28,82,67.19,0.83,140,52,21,44.3,115,40,20.23,19.74,-23.24,66.73,55.37,21.24,-13,104,26,97,76,121,78,65,-14.77,47,10.76,41.66,56.12,-10,73.57,17,82,-2,65,124
18.76,18.84,54.41,-1.79,85,-20,15.03,25.8,110,-20.29,130,35.44,54.9,-20.42,-29,46,33.18,-1.24,40,-34,80,20.46,45.45,-50,23.8,4.63,8,64,-47,5,27,43.06,64,73,43,-43,-46,-0.77,41,68.11
74.8,-16.89,101,40.44,121,95,-2.62,45,101,109,26.38,73.38,7.42,104,18,64.52,5,34.83,70,94,31.9,77,-1.58,57.86,144,3,-32,36.56,15,-34,56.53,39.07,141,43,56.96,-5.75,-22,65,-38,121
-48,-26,3.32,48,-47,55,21,23,-37,98,-16.35,3,-34,20,63,33,73.29,-11.46,15,112,8.82,26,5.13,64.54,127,54,29,142,36.85,38,60,-46,43,72.29,141,6.13,-5,66,21,-18.66
44,-42,32.04,5.45,58,46,26.43,-20.53,-2,46,-45,63,18.17,64.95,-14.67,40.05,53.27,73,130,114,59,94,68.77,18.19,-24.58,65.96,-16,-41,-50,19.21,54.95,26.16,30.71,74,-20,102,40,0,102,40
139,113,11,-0.4,42.83,-11.66,44,8,76,-1,26.85,13,21,3.62,40,42.14,62.97,128,38.52,94,-7.45,8.8,55.18,48.8,31,-24.28,33.82,81,60.67,5.48,115,-12.73,22.54,118,130,128,48,116,15,51
71,104,-23.49,36,-4.82,36.33,25.38,3.38,33.89,36.49,4.86,68.77,-12.18,128,68,-5,96,72.9,98,9.92,6.53,-3,24.81,149,-40,60.58,9,65,-23.84,-19.22,11,28.1,45.52,77,53,24.46,47,-38,65.95,-9.46
-16,60.39,33.8,64,-38,-34,138,147,3,49,77,95,24.82,42.01,16.01,20.63,-22,71.03,-14.04,76,138,18,-22,118,3,-24.28,14.4,-47,63.88,134,29,37.98,135,-21,20,-18.41,40,113,30.83,6.58
37.36,-17,3,39,14.36,-28,40.89,54,-1,14,7,28.33,63,63,133,33.47,-22.44,-25,-5,-8.1,-4.39,36.84,42,23,-41,60,-3,-45,52.72,-35,8.76,44.39,96,93,107,27.12,52,19.89,19,23
55,82,-45,5,-12,34.65,90,-33,0.5,125,145,68.86,73,113,30,-1,43.42,38.28,-38,73.26,20.81,22,136,45.01,19,73.66,20.1,-47,-2.45,-12.06,-27,58,-10.02,44.61,-37,124,101,-2.99,7.38,93
52,-40,3.67,29,7.72,75,148,97,75,72.65,6,40,61.86,-37,-17.66,0.86,65,106,7.94,16,59,40,70.72,18,34.1,82,34,108,-15.56,-24,108,54.01,54,18,-24.14,47,67.3,119,56.06,93
57.91,72,-6,7,124,-43,139,49.51,-46,86,8,119,-19.82,-50,2.98,-21.27,63.49,62,142,29.06,-9,5.03,121,-1.07,5,65.95,-24.1,147,46.39,36.08,71.98,-8,108,57,17.8,-32,1,70.55,128,38.17
-7.63,-41,62.76,65,13.8,0.45,50.72,132,16.17,85,62,88,107,65.6,-43,41,107,19,-49,6,18,67,-14.18,94,-9,94,-24.45,2,63.11,-4,90,41.29,-13,-3,-20.6,37.28,93,111,123,43
54.54,-23.51,30.76,78,33,1,15,57.37,74.89,139,110,24.78,77,-7.61,16.3,-14.66,14.87,114,-2,-42,62.19,-43,113,141,2.35,43.18,15,134,-50,11,101,40,56.69,136,19.41,-4.03,53.1,-3.2,29.53,35.2
-16.47,14.43,-45,95,83,100,-14,41,91,65.6,5,143,93,-27,73,51.31,59.59,46.36,-16.14,16,-9.93,-13.34,105,2,63.88,55,-30,38,7,40,34.96,17.07,-19,18.31,94,130,-28,130,30,24.49
65.2,-16.82,51,-27,30,10,63.5,-17.2,59.15,67,65,29,21,-44,19.77,39.51,-23.55,134,8.86,-29,114,-44,-42,-24,135,17.52,64,131,115,-13.88,-13.69,46,136,-18,-6.96,-7.1,135,60,-6,-13.29
102,52,66,121,22,-1,33,7.05,91,37,52,74.57,15,50,-24.85,53.38,89,38.56,-4.6,-11,-39,52.9,-46,1.76,32.12,87,82,56.15,63.08,33,-26,42,-9.79,47.56,25.78,84,11,111,69,118
68,66,103,-11.79,101,-20,90,101,32,-16.52,74.98,108,62.15,-14,-30,41,-33,69.28,-3.2,-25,22.26,80,87,10,28.63,-4.61,-15.6,13,57.29,34.27,-0.33,52.65,41,49,-39,19.86,127,82,1,117
121,135,59,52,53.18,100,49.56,-39,-40,47,36,-0.72,100,52.59,17.51,-17.94,64.02,-4,-19.57,24,45,51.87,113,60,-16.13,-44,-5,46.57,87,51.35,2.19,73.19,94,-20.87,2,57.51,70.62,85,97,-17
30,51,14,63.15,9,112,-23.56,58.75,-0.21,69.85,-17.22,135,-26,32.74,76,37,63.76,90,128,-15.39,97,53,79,7.13,19.37,34.9,-13,38.06,20.29,-35,73,111,27,76,15,28.47,17,-43,22,-17
17,39,43.2,1.48,108,78,54.88,61.19,4,46.1,36.67,74.4,137,32.36,64.38,97,45.91,116,9,4.28,45,27,30.68,9.19,59.57,29.75,16.26,33.32,109,19,-28,68,52,102,147,11.24,0.99,23,91,28
47,69.6,60,53.14,25,57,28.58,-14.9,33.72,-23.04,118,-21.68,-8,40,47.61,-21,93,-43,-36,-6.98,-1.16,-8.88,52,41,0,17,75,16.7,45,11.8,103,41.31,57,-14,130,37,12,-1.73,88,-10.97
69.49,60.67,79,12,2.25,-2,34.05,11.96,36.87,31.86,36.91,35.52,146,50,33,9,20.82,49.69,134,56.21,61.59,32.43,140,145,-5.07,-48,71,-44,-14.75,54.56,138,21,-20,-12.21,56.82,67.55,5,-14.65,6.64,117
47,-21.87,-32,100,-43,25,15,-7,5,6.56,10.37,122,108,82,71.63,2.38,33,6.72,-49,67,29,69.05,30,-15.25,5,42,-18,113,56,72.52,117,131,103,25.42,-35,51,-0.47,2.13,7.73,93
137,33,51.61,125,12,60.68,39,107,106,-18.46,131,55,72.44,34,99,59,141,-20,-23,0,51.25,137,139,42,10.83,134,79,114,13.16,-10,32.49,63.95,-6,36.01,1,145,48,-34,148,22.59
4,120,72.38,34,-10.44,-15.98,76,-10.98,-13.41,67.98,68.97,22.86,66.33,49,16.24,119,128,56,68,75,147,25,116,12,-5,148,59.97,106,-14.89,45,-25,38.39,101,123,113,5,-24,79,105,90
105,27.83,6.12,64.36,44.26,136,135,-4,135,71.55,-16,31.75,69,21.72,131,105,13.44,-3.6,3,-30,11.47,101,21,132,31,19.01,93,-6.88,95,-27,122,71,-49,35.22,59,-37,54.51,66.24,-50,50.33
53,48.14,-23.68,25.25,24.22,-2.4,17.82,135,11,4,-32,15.31,106,-40,90,-25,133,-6,87,-50,63.32,75,23.48,66.22,131,-16.78,60,-6.48,-33,-6.89,55.72,5.52,92,34.94,-19.08,-12.67,9,59.42,23,58.18
63.95,91,81,0.16,10,64.99,-1.99,-15,19,111,-19.49,-21,34.69,111,61,-18,-23.93,9.95,106,119,-19.16,-24,-6,-44,93,68,-13.51,101,13.06,29.87,121,-17.54,51,29.2,51,136,30,60.22,20.4,13.48
116,46,-12.69,70.96,-6,10.77,2,76,79,131,57,70.31,57,3.9,63.41,89,122,129,130,-23,102,16,73.83,97,36,61.9,10.75,-22.64,19,-23,-9.75,53,52.11,113,83,-2,-17.96,16,39.38,139
25.28,137,20.75,-22,14,59.53,36,5.4,-7.78,-6,2,36.83,62,62,-16,80,50,19,-38,-23.62,55.76,97,24,49.8,69,-48,-4.21,38.75,41.21,-12.54,120,-11.98,11,0.71,144,-14.84,12.43,-24,19,-7.9
128,-7.55,41.58,110,88,-19,22,149,-29,64.11,30.13,108,-16,66.35,-40,72,-13.8,2.22,32.28,-8,-38,66,-8.22,138,119,-21,-44,59.73,47,29,10,136,25.73,105,58.83,13,8,48.94,88,55
-13.31,77,61.06,101,71.18,32,-31,56,36,60.74,102,-12,-2.56,31.03,29,10.64,115,97,57.56,-5.55,16.71,14,147,72.57,39,-46,119,-8.21,64,63,132,44.47,28,-14.81,-14,-12.32,65,98,2.18,46.38
72.13,14,85,104,89,38,62.76,4.32,0,107,144,84,142,64.67,91,-6.39,-26,22.7,119,22.51,-8.45,-5,78,53.09,29,10.37,-13,11,112,34,110,54.06,-20,-20.13,91,-7.13,-45,116,2.33,-10.16
22.66,1,35,3,-36,35,26.56,-44,142,64.62,106,1.65,47.93,17.65,54.76,145,16,44,46,59.56,-37,117,47,-22,49.94,144,-21.99,3.55,31.7,18.81,-5,12,40,-3.17,68.57,12.94,-13,115,15,-21.96
8,47.47,93,-4.78,67.22,125,143,-50,51,53.54,-17.23,-16,51.83,79,8,66,138,7.99,85,51,35.78,-19.74,107,-49,93,62,109,74.76,67,31,63,-21.83,107,-49,-10.46,29,139,49,-5.74,42
123,-10,-50,-32,-16.74,100,67.63,13,33.79,87,13.84,59.18,-0.25,125,44.5,101,49.9,-46,33,39.01,62,55,-3,61.78,57.23,35,-10,20.81,71.39,-24.91,59.51,29.6,-5,-1.53,99,-38,53,51,14.41,61
140,81,62,38.73,61.29,49,-7,36.07,104,4.19,41,-21.64,-24.7,24,-23.46,136,28.88,51.61,23.55,10.09,47,-13,65,109,98,36.19,83,21.67,-49,26.37,-22.5,35,59,46,41,43.36,45.93,10.31,38.41,25
42,30,-16.81,4.96,-44,-23,28.84,134,-8.6,15,61,45.32,93,21.26,33,72.12,-36,-8,69,-23,24.55,124,141,34.53,124,-11,26.97,106,0,36.5,54,-16,75,102,148,112,-6.78,-42,-1.42,11
31,119,-17.26,66.18,-1,-13.67,13,49,68,-48,-15,25.15,97,38,63.59,10.76,43,1,27.25,-19.63,24.89,51.95,16,19.02,40.55,73.26,74,63.84,-37,-10.77,94,17,-4.02,16.26,25,106,3.1,22,-39,40
-15,11,27.12,145,142,7.57,-34,21.68,-23.83,52,130,127,0.56,97,12.67,52,119,144,-22.34,59.4,-20.53,57,-4.45,69.81,18.02,-29,122,34,46,143,2.31,100,126,-11.97,83,16,36,41,71.1,40.55
-50,52.92,149,41,145,-3.72,64.41,62.73,73,36.69,55,-2,100,66.25,34.41,-9.32,32.63,-34,64.35,2.53,102,49.02,10.56,-14.64,109,-11.28,-48,79,76,72,14.79,117,17,76,91,-9,71,-24.11,-7.44,-50
22.77,120,67.33,65,122,68.67,42.88,46,60.96,49,79,76,72.94,141,131,-0.92,32.13,-23,135,47.58,114,49.84,55.38,139,9.13,60,68.09,19,-34,-36,146,64,74.8,14,27,-11,9,124,24,136
86,0.35,141,-16.46,46.09,2.12,-8.07,-13.56,34.43,-15,2.1,9,-48,113,-4.75,132,71.81,67.85,140,115,68,-34,29.49,142,-21.98,7.42,33,26,1,15.47,57.19,61.15,29,128,54.1,-48,-6,123,66.86,126
8,38,3.28,10.97,-8,-35,77,52,113,57.93,137,-3,1.49,3.17,63.53,128,128,27,66.01,122,59.5,45.58,17,97,8.25,-18,9,49,142,33.85,-36,128,4,113,32,88,69.17,30.36,87,-7
-16.6,70.56,64.13,-13,28.54,-7.82,37,-25,107,-30,-17,29.68,33.3,71.72,23.55,19.97,38.01,-0.65,-31,101,53.71,130,-2,-9,128,85,14.7,61.86,13,-45,40.95,-3,-44,52,5.04,91,38.75,6,82,63
37.95,52,38,-16.17,-19.24,86,-40,-38,114,-10.38,106,74,61,4,29.65,50,56.25,-13.83,9.66,32,-46,102,80,4,52.94,-8.52,79,110,12.23,30.99,62,-16.15,-7.14,40.41,28.15,42.12,49.88,-22.2,-18,12.56
65.17,47.23,10.95,43,24,66.52,-30,72,14,67.08,86,67.12,12,-9.3,-38,-14.66,76,-9,106,78,63.66,34,-11.91,27,48.89,29,53.47,65,63.54,73.36,71.9,51.31,79,-11.58,66,-24,7,-1,121,-24.52
54.7,81,84,110,132,45,137,-38,-31,35.03,77,27,55.58,23.62,30,116,-11.26,-10.41,131,100,77,-42,123,53.64,-47,2,37.54,14,22,81,69,137,48,7,-17.86,53.1,55.65,-15,19.99,131
63.86,-12.6,1,40.62,142,-49,3.46,69.34,64,37.34,67.37,19.39,-34,32.07,31,-34,18,-24.69,125,47.77,131,-6.41,16,44.11,-42,146,34.07,132,-38,-4.85,55.07,38,119,25.7,18.96,13,9.81,8,30,103
27,53.82,66.99,-1,-23,-2,78,55,16,20.91,41.8,23,122,37.38,0,104,68.16,89,20,2,28.69,12.02,-7,-18.24,35,-7.91,119,52,54,53.17,-3.02,21.17,41.39,95,-15,47.17,-37,-7.1,72,26.68
-19.14,67.08,-45,27.8,45,120,52.21,23.48,32.77,13.18,52,0.59,21.8,-45,121,67.82,117,14.86,-7.23,-9.19,15.14,111,106,52.81,20.33,143,55,32,-15.59,-4,74.11,-17.38,6.56,82,84,6,69.72,82,-38,-22.11
21.63,61,48,19,70,83,17,32,127,68.24,-49,8,130,13.83,118,57.38,4,2.34,-19.64,0.86,67.36,19.78,30.85,3,48.68,58.57,9,-7.66,67,-41,126,12,114,-2,-11.6,76,127,20,33,43
35.08,30,36,66,-2.31,91,-21.78,33.64,42,44,42,71.4,120,148,-46,50.09,62.18,120,98,28,-40,47,16,-30,24.64,128,72,-19.45,9.14,20.93,-32,30,83,67,64.54,-18,8,36,52.05,5
-13.1,111,6.35,2,-34,-41,-9.18,77,72.72,103,26,30,-17,67.77,57.14,39.49,55,11,-10.15,95,-5,-48,56,71,7.58,73,115,39.38,74,116,5,8.16,-45,23.39,13,-8.06,108,-35,51.67,136
45.15,22,-20,54.35,69.02,50,-20.44,-33,23,30.55,13,-10.53,4,68.12,35.4,93,-36,53,36.28,147,72,42.87,63,85,-34,1,40,-23.12,17.54,70.09,17.41,9.38,61.25,1,134,-22,9,47.14,127,47
141,6,73,106,-1.66,42.09,15,71,28.07,51.69,-18.61,-1.93,121,-40,-44,42.08,-36,-15.16,-26,5,-24.12,-12,23.85,135,-15,58,68,45.1,-12.09,65,61,34.57,98,54.06,-38,15.44,-13.67,70,63.59,19
81,-40,142,94,30.92,74,28.31,54.47,96,42.67,38.8,70.47,-26,24,13,58.2,6.8,66,87,49.42,77,24.59,8.55,-21,-35,146,20,36.88,-11.62,31,89,-7,56.98,21,134,24.3,5,86,75,1.05
56.44,40.36,70,87,66.27,141,88,39,44.22,3,11.2,63,124,71.19,7,63.96,-1,120,135,21.98,68.18,68.35,-6,22.77,53.82,55,-30,108,-13,33,-39,79,-7.43,-26,42.82,44.66,17.06,99,74.05,73.13
7.74,-10,55.05,50,47.87,26.27,88,-15,32,8,47.99,119,-7.35,52.23,-18.86,70,61,5.04,57.97,14.92,70.82,69.7,19.42,66,62.62,22.26,56.62,22.45,24.61,37.02,85,129,107,43.99,95,25.25,91,10.38,66.48,8
-10,33,65,-10.08,-37,58.44,6.18,42,127,-18,32.49,67,100,19,144,105,16,9,38.29,22.14,23,35.35,40.01,71,112,2.79,103,55.39,129,53,58.36,69.32,72.12,60,-12.13,146,2,52,-47,3.23
62,-2,70,36,141,76,14,104,134,136,61,129,68,-40,106,8.75,109,46,30,5.04,-25,56,-6,61.9,38,9,1.44,-21,69.02,127,-47,-42,55,92,2.78,56,9.97,43.14,40.66,84
-3,38.56,82,-27,4.89,39.92,83,-34,37,112,98,-12.6,74,35,130,48.27,60,12.17,94,-49,39.28,46,59.68,-19,127,-19.47,98,-27,48.73,11,70.24,17.64,7,-50,-2,66.87,21.44,17.13,89,62.02
30,84,67.76,1.37,97,103,6.4,120,72.01,-36,139,10.36,99,30.71,-11.02,4.21,-9.06,-31,-32,-5,143,16.43,65,-20,74.13,25.72,53.17,24,32,108,-14.98,15,16.97,53,112,48,5,129,40.67,110
8,36.63,-18.18,74,-32,-6.22,103,14,50.92,86,69,40.1,-6.13,73,31,57.1,29,-12,69,13,122,48.45,128,13.85,-8.21,-13,45,31,65,58.83,-26,93,52.94,-2.63,-4.86,133,5.85,26.31,36,-36
84,67.76,41.74,95,-32,4.95,10,74.88,29.23,3,110,147,-20.74,31,128,-49,-10.08,49,97,96,79,13,55.85,136,-18,78,22,95,53.24,-15.6,9,67.17,-13.99,27.23,13.24,-35,134,29,119,-11.18
74.94,3,70.2,-6,-3,52.86,6,-30,-11.29,-0.14,77,39,74,41,45.45,63.31,23.65,-0.07,-22,6.15,114,86,-22.5,141,-7,23,14,27,26.99,52,45,-23.24,64,66,63,72.8,40,44,128,90
31.02,7.82,46.47,144,38.09,-11.5,-36,32.6,56,-14.96,-24,26,43.6,114,-19,16.31,-4,-18.57,-9,-14,96,19.5,141,-32,27.08,-39,1,-5.31,-1,-12,50,-19,49.48,-10.73,84,57.44,-4,38,139,37.04
140,-18,76,-41,137,107,54,6.93,65,6.79,118,0.39,27.19,-21,24,85,6.54,9,-23.22,35.35,49,0.03,72.63,94,57.03,74.97,67,139,110,96,126,48,134,61,31,16.35,38,33.31,87,122
71.59,-31,97,74.18,16,84,144,12.35,147,-17.6,71.56,-3,76,-12.69,45.25,121,65,20,30.18,-38,-12,118,-5.85,141,16.33,-46,36.87,92,34.88,120,144,-22,4.44,9,-42,10.86,-9.35,20.94,-16.18,100
30.2,7.61,-21,13.81,21.37,42,108,67.47,134,121,35,29,80,15,65,72,10.87,144,-9,7.4,43.65,87,-41,42.37,26.34,83,44.31,-39,-17.01,40.45,26,113,63,-26,12,70,27.22,-7.14,149,148
52,64.78,-3,138,-14,-21,74,9,0.61,2.2,71.56,54.52,56.29,-5.42,8.11,-11.96,14.58,138,-22.62,25.18,71.89,-12,66.33,126,85,32.06,86,-1,112,-5.57,145,108,4.94,-42,145,69,-23.42,26,-10,69.04
48,36.48,45,9.43,142,104,-19,12,64.57,105,58.17,86,102,111,-16.54,72.8,54.44,70,31,-49,26,34,71.63,-20.96,52,30.01,59.99,-37,9.78,-8,147,84,7,65.26,17,136,21.4,74,12,80
27,32,70.98,24,44.67,3.85,52,-3,62,121,94,-4.09,114,147,44,37,26,32,56,1.56,43.69,-27,-29,63,3,66.5,38,-10.24,-33,-16.02,-2,88,36.09,115,26.98,4.85,-11.92,106,122,-18.83
73.53,139,46.9,69,15,-21.29,55.15,10.21,55.19,30,131,129,36.43,41,72.51,34,-13.91,-49,-21,-24.74,142,-6.46,-30,70,123,126,11,123,35,20.96,25,38,109,71.26,47.03,-5,-49,-44,-16,140
-38,-13,72,50.84,84,-43,49.24,18,54.33,-32,119,115,-11.23,45,17,69.89,15.57,145,27.58,-6.51,67,127,32.87,49.08,13,38,100,59.09,45.37,-19.13,140,5,78,62,25.75,57.34,-14,41.79,119,124
12.52,62.99,32.4,0.22,-3.4,90,5.84,68.33,4,22.27,-21,86,82,0,-18.37,46.5,-6.3,125,144,57.54,-4,42,-10,45,90,45.31,94,33.1,67.25,-2,63,110,64.97,60.66,75,-43,145,108,7.97,11
-10.48,124,3,-17,15.7,74,113,-24,-8.65,-0.74,-13,32,30.49,44.85,29.6,100,-32,-19.88,68.96,-39,50.21,113,105,-40,54.45,147,-32,55.03,131,120,1,9.31,42.16,74.9,9,-10,-35,83,104,62.08
30.77,28.17,53,90,20.92,17.05,-14,72,39,112,35,20,23.37,-10.09,27,38.78,93,121,74.48,48.08,16.15,48.08,-26,-32,48.44,28.71,135,35,60.82,35,37.14,24,-20.15,68.33,35,64,-9,-36,44.42,-8.34
-3.58,25,98,47,20,-4.14,-11,6.74,53,13,-2.07,84,-23.68,-36,45.73,8,31,57.46,62,-35,-21,-7.85,148,-10,40.61,-21.54,-2.11,-20.67,-22.36,-10.08,38,8,26,135,29,15.14,95,-7.31,-22,-23.13
110,27,-50,12.28,139,3.21,-11,63,23,82,39.83,31,45.93,145,80,0.55,-45,10.85,23.43,147,4,55,31,113,33,49.95,49.28,-13.27,-23,79,72.6,98,39,89,81,32,4.6,117,20.73,23.39
11,50,-8.43,-3,38,47,22,46.24,52,42,73,140,138,13.33,116,14.01,49.82,80,100,50.53,63,66.53,54.69,-7.62,7,122,-22.15,41.4,101,83,27,137,40.92,10,-16.82,59,24,55,-6,16
0.06,132,46.11,-26,53.95,133,93,113,79,23,63.03,20.33,135,59,110,75,114,71.93,52.1,130,59,1.06,-5.62,59,71.51,1,-20,44,112,45,11.99,-24.35,45.84,79,7.07,4,40.17,-22,139,63.32
9.6,17.69,131,-9,68.64,0.72,-3,-30,105,32.52,18.73,68,58,38.6,69.03,45,68,19,71,97,55,17.31,44,58,14.21,-20,109,28.36,140,74,51,93,20.31,12.84,10,132,54.74,-12,103,-12
-32,45.33,140,28.48,145,20,-32,-17.08,-4.39,20.61,-23,10.07,72,-23.98,18.29,71,17.75,-28,-34,104,69.16,10,13.22,-48,-18,25.49,16,28.61,146,10,115,-23.53,65.52,3.18,14,-15.96,-46,64,-19.06,139
57,130,58.84,136,72.74,31,127,-26,46,0,20,79,37,51,66,56.88,9.77,37.03,39.01,109,72.35,-14.68,27,69.25,5,-50,-44,53.72,1.83,50.46,-20.14,-44,42,-40,23,90,20.43,27,33.41,136
61,-6,143,47,-5.39,134,2.04,23.15,7,30.72,-36,84,32.34,114,104,-38,4,-25,19.44,-5.27,139,61.55,61,54,119,-44,142,-4.81,33.27,-16.08,-2.09,-12,19.93,24,70.07,-1.82,51.56,37.16,24.22,62.37
58,-33,42,114,-42,4.02,58.64,-11,-16.5,54.9,27.1,58,8,11.5,52,33.19,95,-5.09,37,-39,68.76,6,21,48,-12,71,55,129,24.26,50.67,0,27.55,45,68,-40,15.24,43,-0.58,37.46,69
-16,60.52,55.67,11,72.36,52.51,114,30.41,21,6.62,33.41,59.45,53.31,109,-21.44,49.85,-4,47.93,4.71,121,65.98,0.8,-4.94,29,-1.97,78,30,16,71,34,34,26,144,-20.19,8,-45,4.28,30.95,40,13.83
40,57,103,19,33,3.91,-11.02,-30,116,-3.14,69,19,81,25.93,8.14,-41,10.43,149,129,67,-41,69,18.05,42,126,6.19,23,17,75,53,-27,84,63,37.57,45.83,11,43.35,62,32,49.78
145,-7,61.85,-2.17,38.31,115,9.3,-24.27,146,-12,145,64,-7.8,138,12.69,17.25,25.45,138,120,15.22,23,-12.59,-9,4.9,-27,34,71,-8,36,-0.05,-48,56.74,37.34,66,-6.94,111,87,-14,101,-14
17,72.56,134,-31,-40,-34,26,20.75,69.7,21,-9.13,-46,25,10,127,-49,-29,-35,5,7.15,42.22,73,42.5,128,8.55,36.9,-7.43,20,37.84,-8,-12,126,121,29,89,129,6,50,9,81
37.33,-12,-21,96,61.35,48.38,23.92,127,104,-6.49,31,-3.85,73,-18.6,110,133,55.31,51.83,126,49,-39,77,61,21,133,21.32,8.34,61,43.58,37.37,-7.36,48,69.04,116,71,61.34,-8,55,126,68
61.94,10.81,14.29,63,62.01,144,96,91,20.94,-24,39,74.3,-14,64,2.67,-20,-35,50.68,-24.23,10.86,20,65,73,108,-32,56.1,31,8,50,35,1.7,138,61.82,-10,139,-39,42,49,-15,52
-1.55,-23.16,23.62,-4,70.67,132,119,60,138,75,-17.03,16.24,84,1.86,62.99,22.21,-36,81,-13.32,-36,-11.88,-43,58.81,112,-0.27,14.31,57.26,-17,54,53.48,40.21,124,75,89,138,44.12,61,122,51.81,57
8.74,5.43,111,135,60.51,27.73,34,3,142,32,-21,22.25,47.52,51,-12.38,122,54.67,41.81,56,1.83,93,142,133,-33,56.89,43,73,17.9,5,36.21,87,41.94,122,-15.08,83,1,128,140,53,-47
-24,25,34,12.3,103,-42,91,22,34,-12.79,97,-49,34.54,34.92,-18.83,88,11,-10,73,19,-11.24,97,56.62,131,46.02,50,-4.01,-48,21.13,16.54,-24,75,21,-3.69,103,37.52,16,40.69,-6.29,120
15,14.49,45.41,-18.01,63,90,146,65,130,90,26,-14,55.96,61,44,-31,18,67.67,41.62,-14.39,32.05,-46,66,-2.54,30.81,-29,8,78,-13,15,37,78,63.87,4,24,15.56,-21.79,-15,-48,52
50,-19.13,74.67,51.35,22.64,95,121,33.39,22.2,3,142,19,89,-13,105,53,-23.91,39.08,-19.19,-3,101,39,6.78,14,31.86,72,-13,37.6,143,51.64,-21.36,31.74,50,15,101,56,9.88,45.84,24.9,2
110,73.05,34,37.55,0.61,54,-43,-16,64,61,70,-1,126,117,126,-13,135,55,64.81,-19.8,89,-18.42,-9,-39,18,14,43.96,144,139,-50,8,42.32,-18.39,135,112,36.91,73.95,67.94,143,35.89
67,2.34,-13,65.41,117,-12.53,87,46.56,123,-6.1,1,136,30,52.7,78,18.72,0,89,20,6,35,-24,-24,111,12.02,-11,24,23.7,20.37,52,71.38,50,133,67,2,107,17,47.03,23.68,28
58,37.86,14.58,129,-6,70.76,44.73,145,5.82,-9.43,21,-16.79,-3.83,11.09,40.96,24,62.84,73,50.77,8.68,59.54,50,127,21.36,57,13,21,-15.43,11,3,74.11,10.82,73.34,6.19,102,126,-12.33,68.71,53,105
34.64,114,-23.73,111,70,81,18.74,101,-24,92,-24.15,-48,104,-26,34,39.25,35.58,20,41,72.85,8.59,-46,27.38,-36,119,64,-23,25.37,53,126,75,146,17,10.28,71.78,63.9,132,-7,117,79
-1,63,143,8.75,39,78,79,-27,70,-23.88,14.07,-21.12,-15.97,-21.71,50.58,42.93,-42,-35,-4.33,15,-10,136,27.84,69,58,96,98,44.84,-14.66,-39,70.57,57.91,142,-10.03,56.19,1,55,53,90,19.21
48.74,111,38.67,24.57,-6,90,-3,12.66,-32,11.18,26.39,-23.41,37.2,17.99,70.84,137,71.95,68,53.08,-23,63.73,142,1,136,75,48.68,10.11,4,13,-6,55,-23,14.32,54.82,12,-22.34,-24.28,121,21.91,27
0.47,138,73.4,73,-19.47,-35,57.18,-38,24,50.99,-21.41,138,-15.87,47,137,10.16,-15.35,73,58.08,118,65,3.2,43,148,-11,21,18,63.97,43.72,40.62,-31,8,45,-28,145,31.43,14.59,12.87,21.56,30.43
2,16.17,0,61.49,-27,30,30.95,100,38,75,3,-14,57,-0.57,59.79,135,146,-48,-5.28,139,63.99,112,3,61.08,3,53.6,65.26,-35,-12.65,94,-21,101,-21.79,-33,29.27,9,13,96,35.63,5
58,138,39.48,71,68.56,146,114,-1.25,8,-24.82,-4,74,27.85,44.08,58,39,23,53.01,147,127,29.55,35,104,101,94,32,96,92,-23,-1.92,43.3,78,28.9,62.75,38.91,54.25,58,-34,96,18
-22,24,71.12,28.22,-21,69.59,28,139,-28,63,79,65.2,90,23.33,17,104,66.78,-2,-5.34,0,19,-16,20.6,34.07,108,68.79,25,143,106,-29,124,56.35,51.59,18.16,138,-40,-48,5,-12,-19.29
-9.09,72,54.99,-3,133,66.96,-33,35.45,56,-28,63.02,19.44,2,48,13,2,-12,130,40.51,-15.78,108,45,69,10,44.28,-20.93,16,72,76,147,-7,82,45.49,46,112,62.7,-24.72,137,98,25.82
61.99,64,73.49,0.44,25,68,19.53,132,39,126,81,78,28.02,35.32,54.34,-20.52,84,4.59,87,48.67,84,89,19.89,-22,61.55,38,-42,4,60,-48,72.35,-0.82,4,119,91,31,-3.93,35.52,68,88
125,33,-39,8,6,-16.37,122,70,120,111,24.21,46.73,-46,11,19,0.65,48.21,11,9,24.77,-19.58,-21,-3,-21,104,94,147,-47,19,-5,112,-0.11,26.38,-21.25,143,-21.33,1.16,73.37,22.58,56
39,-42,84,130,123,52.76,2,31.46,50,20,-24,-20.34,140,52.82,-2,26.42,39,56,136,-12.87,-6.36,-20.71,33.39,66,118,63.14,-5,57.33,12,97,116,6.28,145,57.44,32.33,35.37,-25,12,25,114
94,33,-17,70,118,-11.49,122,46,60.85,38,23.09,26,33,98,52.47,-25,107,-41,35.82,29.11,63.06,45,105,129,35.63,20,103,108,5,107,-4.97,7,111,-18.26,71.43,62,1,57.42,-35,77
32.11,-42,63,-23.58,149,74,10,57,58.83,118,134,78,94,31,34.91,-7.92,-24,-3.84,49.78,33.81,-15.12,63,133,-23.79,40.8,9,34.96,12.4,36,-9,58.99,-4.55,72.04,-40,37.21,-23,33.07,36.53,46.26,138
3,58.49,56,-19,-16.76,14.93,26.72,6.89,64,-19.53,138,-43,45.91,-23,62.16,10.3,93,-12,-21.45,37,6,32,24.42,110,-21,-11.27,50.65,16,-0.7,0.91,4,-24.99,117,-4.14,141,-44,48,66.66,-16,76
67.72,6,9.29,52.64,74.41,103,19.54,135,17,-13.16,-12,50,51.17,54,30,-19,21,10.32,74,55,84,-3.01,124,-22.88,39.99,-4.07,-18,63.64,30,110,-44,-19,8.44,20.39,33,49.53,-11.79,-39,1,12.09
76,61.43,59.73,137,50.59,131,124,36.7,-1,19,-26,59.68,-14,-3,-47,46.26,15.3,-17,22.9,-7,118,-22.62,79,-6,94,0.18,-23.65,129,108,24.08,-10,-7,50,60,54,69.85,116,97,37,50.59
71.75,140,54.97,142,33,44.36,62,-24.88,50.58,126,50.28,-14.66,63,13,16,106,-28,54.19,58,-3,11.48,48,-8.29,95,-26,147,77,31.04,105,35.88,62,29,14.73,118,64.63,113,72,101,63.09,11.27
-50,89,-5.46,143,-23,116,119,57.63,101,124,61.27,16.6,73.52,-47,-15.31,42.27,42.08,-5.22,-8.08,45.49,95,35,63,28,139,42.23,-15.68,25,24.17,12.88,45.72,56.35,70,49.65,-16.11,108,40.85,46,35,105
93,105,10,17.58,24.83,39.77,43.81,-7.34,41.91,33,4,56.49,-42,61.3,-41,26.61,135,112,14.88,0.62,104,-8.52,27.56,46,32,-42,54.3,72,-17.51,148,79,5.07,2,-30,132,-43,6,38.37,20,107
45.37,139,3.75,-5.39,-9.09,41.77,44.42,-18.38,-20,-4.18,-15,16,69,24.79,98,29,113,4.01,-39,-26,62.6,9,120,40.24,-16,4,54,21,7.66,68,22,-2.03,56,11.41,99,22.18,-12,-19.39,134,101
85,11,57,69,-35,72,-9.81,33.68,-49,51.32,8,27,51,136,58.84,129,122,-4,-37,-37,-34,66,25,122,-7,20,-26,31,50.24,13,-20,81,-7,27,31,27.14,1.13,-44,-5,114
5.8,25.66,28.57,-17.05,20.73,60.77,62.54,-19,37.05,42.95,0,15.71,23.84,11,19.73,18,57.84,41.67,-1,41,128,117,-12,91,56,-14.89,100,10.62,62.21,28.47,25,112,-16.67,65,-6,116,97,134,-22.61,-5
48.57,64.11,15,65.83,-34,6,-8.18,-4,84,23,54,58.74,-22.05,57,69.46,-9,115,61.71,26.02,-9.37,54.24,48,22,-13.53,8.6,-1.89,60.06,100,-28,49,-38,25.9,148,-22.08,-5.66,-6,73.69,72.19,72.06,-8.88
23.06,42,-29,44,30,18.94,-27,29,-5,28,-28,-15.58,104,71,41,-9.76,60,119,-2.13,49,124,142,30,17,22,102,-2,-0.16,25,-12,-42,-17,5,28.17,108,28.36,58.86,7,118,123
-7.38,69.35,65,-14,107,136,-22.26,32.33,126,44.02,-21.16,22,109,58.62,90,52.96,75,8,-19.7,8,-49,-20.39,101,84,87,-0.09,115,46.95,58,34.44,1,45,11,92,73.75,72,20,22.78,52.71,66
18.68,-38,-26,-42,24,98,79,-50,56.29,-1,-37,137,-8,64,112,97,71.42,68.84,3,-3.52,85,-12.22,30,-26,62,27.58,-44,41.17,28,24,5.17,98,117,27,72.8,6,70.56,71,91,35
5.76,100,28,87,67.88,-7.48,-4,-7.43,25,123,-16,-16.81,65.39,136,-22,-20,40.01,124,73.91,-4,31.92,-15,54.11,81,47.5,41.99,12.22,-22.29,36.12,5.9,58,74,23.67,32,117,11.59,33,42.71,116,64.03
34.71,-6.67,129,73.08,-14,4.67,50.92,-19,-10.86,-19,-44,68.75,39.74,-18,37.48,64,33.79,96,122,34.1,-12.28,34.41,96,18,83,71,10.06,53.21,-35,45.28,70,36.33,97,25.4,51,129,70,64,-2.72,-4.66
-1.2,-50,43,61.71,43,41.76,-17,107,-20.45,20.96,76,-11.51,42,95,69,3.04,46.54,29,50.47,-1.14,-1,42,13,-18,117,74.98,16.13,-49,140,-16.21,87,61,144,-2,2,48,-23,38.63,-18.67,52.3
13.62,18.6,43,54.5,12,50,107,74,-14.6,-8.46,-25,24,-17.59,123,-33,0,30.28,-23.98,-2,48,8.18,147,126,24,-14.17,42.93,110,32.35,40,-18,0.23,20.11,-16.65,-6.68,130,-43,-22,131,105,-7.92
64.35,-3.17,77,-18.11,74.74,27,92,118,6,-3.17,-22,-5.12,6.81,7.9,19,98,115,55,15,11.48,-0.62,65,50.29,44.12,140,-15.46,-16,143,-38,105,-31,-3.51,13.6,-23,-28,-0.1,-35,3.68,98,64
135,26.75,-41,2.9,47.33,10,12.5,17.44,9,-11,-6,32.15,-9,45.71,54.45,-13,4.62,95,73,138,6,60.8,104,19.58,131,59,23.14,101,21,70.26,37.11,124,129,103,-15,23.66,-19.06,-7.05,130,-24
-21.89,30.91,28.03,50,51.21,78,67.97,12,1.34,33.43,-38,103,39.02,89,134,116,74,149,-22,-11.05,64.85,52.69,-34,23.83,-23,-26,89,-1.16,-38,-31,14,36.92,17.16,4.52,1.65,-7.24,45.69,-19.4,18,34
41.25,-18,118,38,-33,-10,-4.57,101,51,61,-14,-21.33,-24.52,52,121,5,64,99,129,21.28,101,73,47,-15,60.85,-13,47,121,132,0,-20.12,86,-8.4,49.82,19.72,47,33.32,64,-30,38.18
18.91,-7.01,13.57,52,44,-17.65,131,9.93,109,45.88,70.69,124,91,149,-17.36,33,22.19,-16.82,2,40,44,-13.39,129,-16.75,14,9.39,100,88,103,51.76,139,57.77,63.02,-6.59,32,21,17.81,4.61,39.07,110
47.35,145,143,41.07,21,131,51,24,-5,55.51,-15,57.55,7.93,6,55,116,-19.03,15,48,23.69,74,41.58,129,-21.59,57.72,9,-17,65,60.43,112,2,130,23.94,104,-12.25,38.12,19,32.59,-20.67,-6
69.73,11.96,-39,15.2,-47,112,-31,90,131,24.09,-19,11,106,29.81,24.61,64.61,-3.97,88,54.35,-13,3,83,8.33,63.74,103,49.68,-34,144,-45,6.81,-48,81,66,120,-33,82,4.55,41,-22.9,58.97
27.11,32.25,68.49,121,45.08,68,113,38.2,44.93,6.19,72,51.08,-17.25,116,58.53,-6,5.54,63.68,21.29,71,18.96,16,25.79,46,100,119,146,7.08,46,56,44.52,127,55,79,56,8,59.17,32,1,13.85
-37,29,-20.28,-38,97,9,48,74.52,74.42,53,-8,61,-6.42,64.36,32,70.75,40,3,-7,79,27.16,65,26,73,39.41,97,59,40,15.46,48,35,132,55.43,6,25.25,123,15.51,-23,42.53,5
32,-42,43.4,-0.4,51,37.57,139,30.69,62.79,94,145,4,13,55.08,-7,-20.27,8,1.44,43.78,39,122,110,60.75,69.51,20.03,59,-15,6,144,-14.14,124,-18,13,92,61.82,24,56,19.52,96,140
18,60,67.81,106,62.46,83,20,-13,5.17,12,71.77,19,-0.03,110,22.59,75,-16,18,145,139,-20.96,26,71,24.8,122,-30,42,9,-16.74,32,64.48,-6,146,119,44,90,40,7,108,55
35.4,59.78,-31,52.4,115,-44,27.68,31.04,105,40,-45,18.52,-17,123,32,75,43.43,33,112,4.41,-2.81,-24.42,14.21,54.61,74.21,68.34,-30,57.22,69,6,-13.59,64,145,-8.07,15,52.75,-5,18.74,129,135
-7.6,69.03,3,61.22,58,-26,94,74.11,-20.25,135,22.12,48,26,-4.16,143,75,54.04,-9.4,17.95,38.51,74.96,53,55.84,124,-20,22.47,15.13,94,-29,-20,54.41,34.27,134,13,0,129,13.74,120,108,107
68.96,108,149,-43,65,121,9,37.23,96,-8,77,19.47,-48,43,-10,18,-15,27,68,65.41,40,1.34,-1.46,-16.95,2,-24.41,63,35,21.52,60.24,-15,18,77,-46,61,1,71.75,39.7,22,-10.58
-41,-26,-24,98,25.78,2.9,-39,8,11,2,25,27.58,82,45.61,74,-32,2,42.04,74,70.46,47.75,134,65,57,144,148,-21,-35,17.17,113,-41,-2.04,37.09,122,25.03,-8,5.52,66.81,64,-46
105,80,20,54.29,-14,-10,11,129,73,107,74.87,147,-31,70,65,131,69.21,46.24,110,62,112,94,-22.56,138,-5,2,64.85,-45,17,119,96,118,71,99,62.93,86,75,74.16,45.38,70.57
146,149,4,56.4,59,54.42,41,15.67,23.6,-7.23,27.04,134,26.57,51.2,69,33,47.55,51,147,2,42,60.5,71,83,-10,98,34.94,-50,-18.5,69,109,-21,26,-50,-5.88,6.37,126,131,47,14
0,-8,69,13.08,111,-49,38.83,74.55,96,-24,9,66,69,9.05,-4.82,-16.03,72.55,18.48,60,78,-22.96,-50,145,58.81,72.59,-3.37,47,43.33,-7,43.7,-21.2,15,138,98,114,-1,23,82,-28,28
-11,-47,3,121,106,-1.66,32,-16,95,92,46.71,54.48,82,115,-22.99,-5.82,8.39,-35,-48,-19,81,75,58.26,-41,16,23,42.57,39,40,15,-13.81,39,36,33.61,-8.72,63,-23.62,10.82,126,75
43,-18,137,26,63.92,49.94,-17,48.06,42.77,33.41,-8,36,81,-41,4.76,18,-4.4,83,43,3,9,-4.14,16,129,-20,-6,8,83,8,-31,32.05,-17.95,33,43.72,51.6,96,57.73,25.86,-31,14.89
-3,-2.05,61.09,-21.63,4,79,41.11,68.01,17.71,-17.94,19.06,-6,65.28,38,62,65,17.25,-4.87,-18,-0.93,53,-4.88,41,94,54,82,1.68,7,48,22,147,46.4,42,3.72,39.49,-13.13,10,24.48,-18.63,144
32.02,-13,36.33,54.04,21.47,67,67.68,70,89,-13.66,21.88,74.67,-42,-7,9,142,40,147,29,0,-31,-47,79,97,90,-2.32,49.46,11,-11.25,58,46,-14.34,15.68,-1,7,10.4,-32,115,6.74,-16
-8.95,70,126,-35,88,78,53,55,14.75,32.23,8,68.56,28.46,44,14.06,18.05,67,-6,-6,-6,-26,7.12,97,13.93,-38,-11.18,96,50.61,65.38,76,69.32,64,-18,103,-45,42.37,115,50.21,-44,-1
122,110,94,84,70,-6.62,18,-48,-35,47.14,44,15.03,17.2,-6.84,-6.47,66.38,136,-5,37.25,54.44,74,25,52.67,51.74,92,16.5,2.87,56.72,-6.62,131,2.26,68,-8,71.15,41,-2,40.34,35.66,46.01,62.1
57.15,86,60.91,139,-2,50,48,-0.56,-13,59.86,29,-6,-33,53.89,-12.05,70,65.86,-15.86,69,21,2.72,-8.11,-30,54.77,-20.84,0.03,17.32,148,-13,15.68,-4.09,15.06,33.82,43,16,-10,-14,58,17.32,20.92
52,-38,33.99,32,66.57,4.32,2,-10.57,128,47.34,-9,-17.65,-12.44,49,52,42.36,-22.93,33,-5,-41,57.78,95,55.24,97,26,18,113,1.89,-15.82,15,50.84,-24,74,25,72,-23,-5,23,144,0.41
91,31.33,76,83,-2.53,-0.01,64.08,87,-20.05,92,141,-27,83,-9,-17.62,61,55,115,1.94,50,59,47,-2,-24.55,76,-33,-38,96,89,-32,7.19,142,49.15,14,143,-22.44,-29,-46,99,24
135,5,29.48,-14,-11,64.06,60.89,55.53,10.03,31.38,58,-16.22,-48,48.53,61.38,96,4.35,-7.52,12,-9.71,4.65,98,-4.15,61,-8,41.71,-31,-22.51,2,42.01,-24.19,-29,25.03,133,26.83,15.14,57.59,71.04,-22.34,68
98,17,-7,46.37,29.26,-12.54,122,41,27.4,17.7,-18.39,52,9.32,65,2.62,74,57,-1,-5.46,60,67.41,15.96,-26,53.5,114,38.02,-40,14,135,139,-20,-25,23.11,4.23,29,91,51.38,68,1.33,86
132,86,0.05,26,28,35.65,32.15,17,-15.81,49.81,-8,-40,91,9,111,0.9,1.57,-30,50,117,61.29,113,48,2.14,45,76,73.13,91,118,51.97,148,123,38,36,-3.05,1.62,32,27.57,64.53,22.86
-7,133,19,-3.6,51.46,125,88,29.59,38,115,5.19,31.34,-13.5,106,45.7,14,107,135,130,61.75,144,10,131,94,64,23.37,16.52,-22,-26,53.64,48,29,-17.94,89,25.71,-13.37,-9.25,64.47,2.26,-18.23
110,-41,63.43,97,119,38.69,30.16,9,126,83,-22.94,119,52.12,85,-40,-1.23,13.65,56,-18.2,72,145,-12.2,-9,148,-37,-23.91,112,-3,39.19,-6.1,-30,11.96,87,24,103,-32,0.22,138,-25,-14
-43,5.02,64.51,-19.62,-17.63,54.4,-1,-7.54,-22.63,33,21,57,13,6.49,55,-14,21,67.62,-44,56.42,144,9,-29,68,22.11,57,-10,96,-21,138,72,-29,55.54,-10,-41,104,-6,-19,116,68.7
42.36,-18,59,36.84,43,73,5.68,-11.11,93,-47,95,54.25,82,95,2.72,4,34.27,62,28.43,118,-23,102,61,28.27,29,68,51,114,-10.02,0.18,78,18,33,43,18.14,-3,32.56,111,-8.9,40.93
140,5,28.92,-20,18,10.43,-16.91,133,112,-8,67.66,82,-38,-37,14,130,38.14,-27,72.72,71,147,16.68,54.82,-16,-6,77,45,16,-3.82,106,78,45.54,73.6,-30,-18.14,85,29,70.51,131,100
-6,-36,7,55.34,44.65,70.89,-31,6.67,69.54,54,43,70.7,78,125,-10.52,-49,41,58.96,105,-13.17,74.38,19,-12.92,-15,17,133,148,1.15,-11,36.85,50,-11.88,-5.61,78,50.93,115,75,8,1.22,93
-47,42,37,98,68.57,122,-3.46,127,34.32,104,59,13,59,-29,137,-8,30.49,95,70,17,3,117,18.53,-3,148,106,22,76,29,-12.63,0.05,48.7,35,36,-14.94,123,91,12.65,-3,-23.47
-49,10.27,67,-0.55,89,24,1.38,-41,88,63,48,65.95,78,-49,50.9,-33,20.96,75,60,-23,-23.65,-10.01,-13.09,31,40,127,7.43,118,112,-44,64.56,-13.06,-16.7,-10.52,89,103,26.71,110,-4.74,51
26,49,-33,36,76,-38,4,22.81,31,-9.59,96,43,48,135,-41,2.52,15.89,31.01,17,50,45,-3,-34,-21.78,-48,64.96,53,144,-21.92,26.43,47,116,-17.66,16,-29,-16.48,34.82,-48,30,131
38.57,81,33,82,32,-24,34,43,46.74,60,19.69,43,44,120,61.44,55.32,67.09,46.47,38.74,-24.49,-23,112,24.76,135,70,6.02,30.35,40,20.75,3.08,-9,-28,-5,35.55,-31,46.4,66,-14,19.29,74.88
-33,62,23,39.85,-22,-49,57.66,-25,-15.18,32.84,-5.57,40.59,69.01,97,-11.56,-3,37.1,93,37,94,13,67,69,149,52.53,22,3.67,61.72,109,35,18.39,50.59,86,6.9,80,5,23.4,34.38,59.84,46.17
16.83,122,145,117,55,53,69.45,51.45,69.95,-1,16.45,29.6,95,111,-15,-11.89,-10.17,34.89,-24.68,-14,86,94,121,37,84,13,70.11,-33,85,66.04,127,5,119,-6.08,14.58,24.38,29,39.72,-12.2,76
8,70.77,-13,10.23,-24,17,7.23,94,72.3,0,81,71,78,72.49,-48,6.33,23.4,61,52.5,-13.64,37,148,40.67,-18.76,21,56.77,39.16,-39,-11.49,103,-18.34,-10,67.75,125,70.39,30.34,-11.13,71.99,4,-16
59,24,18,59.02,-40,27.73,10.73,115,-5,0,60.7,31.87,-2.58,17.69,54.51,50.71,9,30.2,106,63,35.47,56.82,77,104,33.6,-5.68,71.96,60.66,35,-8.44,7,44,52,3,-13.51,63,-15,74,17.97,19.5
92,63.66,53,-8.49,79,57.11,86,24,24.76,-20,96,81,-24,4,17.23,125,-28,34,81,68.66,33,-8.32,46.81,5.79,8,-1,8.69,53,-5.83,-8.53,-38,-18,140,118,50,149,42,22.89,55.01,-12.55
17.24,-9.48,15.46,57,-2,-27,140,135,146,101,-31,66,132,-20,-19.93,98,63.04,132,-15.34,-0.19,66,117,13.58,-4,64,-21.84,-24,-23.11,26.8,6.17,23,-15,12.08,104,-28,-7.54,16.89,-8,-13.48,110
77,36.21,-12,26,54.1,50.37,-20,53.38,-45,-34,-27,41.19,46.29,122,31,49.32,57.24,-2.16,149,11,67,40.09,113,40.94,-40,-22,-46,14.14,32,68,60,24.96,-44,33.07,-29,74,10.31,16.58,125,72
43,103,2.4,-20,42.44,32,57.99,3,-18,15.92,129,106,141,-9.78,13.4,41,24,-30,91,45,107,61.57,72.16,102,55.94,-13,64,11.71,7,5.07,148,105,16,-19.29,74,75,86,62,122,107
96,73,-23.73,-24.17,-8.51,69,26,-26,52.5,1.75,67.73,4.18,25.31,17.29,-26,4.97,130,36,134,87,-2.97,148,59,9.99,53.06,8.4,113,45,-23.94,70,120,72.24,6,58,-32,114,-22.01,-9.21,16.84,52
-30,-9.78,149,71,50.01,39,41.42,76,11,-6,-47,137,54,63,9.25,148,21,61,147,67.85,-3.06,-30,-19,-29,37,-43,-32,-49,23,116,9,95,-20,81,57,119,42.51,-38,122,33.71
56.2,59,95,28.48,99,20,5,48,125,146,105,58,-8.88,116,71,52.45,45,-4.81,132,20.72,106,-14,74.95,-0.28,74.78,-25,-22.86,44,142,-5.56,-15.98,-19,7,73.66,45,5,3.66,46.51,130,67
87,56,85,147,-28,-41,74,37.46,16.49,103,19,-21.66,41.49,-4,68,39.49,-13,77,26.73,132,51,51.24,112,48.73,-47,-10,-7.28,9.28,55.77,-27,100,4,148,22.26,12.67,-29,81,44.44,-34,56.12
24.45,-24.28,51.4,-39,-3,115,37.28,99,126,29,26.19,115,1,114,-10.98,103,38.04,49.74,72,30,60.3,-21.15,98,18,80,67,-24.17,87,36,-9.37,24,-19,-11.7,1.51,125,56.35,4,145,118,65
-2.23,55,68,62,46,78,-9.67,143,5,49.81,29,87,3.39,58,82,36.75,28.29,-45,-14.46,-39,6,1,-11.88,45,49.28,49,91,108,22.46,103,51.61,53.8,-14.86,69,146,63.62,137,10.8,83,65
65.72,54,4,-44,53,25,33.27,53.14,-12.8,-16,-6.5,48,-5,-49,28,19.86,82,1.93,-1.11,-21.29,-11.67,103,-6,24.09,69,59.41,-18.69,142,53,10.2,-5.12,-13,116,62.32,112,53.67,-33,-17,8.35,-34
22,25,103,91,72.59,-11.07,-23.35,43,40,-5.89,98,26.97,4.73,-16.87,47.26,11,71,5,3.72,53,79,-45,-13,-38,32.98,-14.95,103,39,-23.74,21,-16.51,123,43,2.71,144,8,138,10.9,92,39
9.29,144,39.37,67,7.76,86,-33,-3,18.19,31,15,-18.09,47,-24.3,6.61,104,-8.81,76,-8,61,6.33,27,-23.97,-42,-22,77,-19.63,90,94,62.82,90,0,147,-38,103,-19.6,-41,98,-26,26
14.47,62,-29,-20,61.16,137,65,-3.71,49,82,11,6.91,6.45,-17.57,134,59,55.72,84,-7.26,-6.08,21,27.91,17,38.1,41,-13.07,69.43,116,-9.72,12,42,118,76,23.54,-18,5,107,125,56.24,-22
35,-43,-9.7,1.04,122,-25,48,131,102,31,100,26.9,76,-3.69,-22,24,35.98,-37,4,25.01,-1.02,60.79,61,22.48,110,41,13,34.88,-9.7,129,49.48,38,28.89,106,-34,116,21.58,-45,-22,-49
-36,45,71,38.76,22,133,56.26,9.93,14.23,134,0,-34,8,65.66,42.34,47,41.15,46.02,-16,24.68,-22,-33,-10.11,-19,48.67,97,92,50.32,-16.29,148,52.91,32.69,126,13.75,64.93,43.91,4,111,64.62,116
60.83,63,1.11,-1.5,-12.86,74,20,53,-7.89,-14,134,-19,61.82,144,-14.46,39.94,59,83,-1,-5.8,130,120,29.05,119,-35,-4.98,-2,-4.91,40.25,-41,28.07,136,89,19,59,28.34,40,131,144,75
48.41,25.03,17.77,33,-2.59,-12,61.15,46,-20.76,44.45,69,110,-1.1,49.82,47.96,22.31,65,26,34.48,-3,6,15,116,84,-23,-28,-19,111,-22.31,70,-20,-37,60.8,71,-44,-1,132,-2.51,142,56
18.79,63,50.65,63.03,91,19,5,34,33.77,50.73,23,0.39,-18,0,46.5,33,-24.03,73,31.64,107,40,141,21,43.86,-39,-42,-3.81,3.37,83,-29,9,17.63,-50,145,59,25.85,28.31,45,18.88,-7.86
31,92,74.66,110,65,145,16.4,15,-15.52,59.73,77,20,132,138,66.41,52.33,106,-19,33.48,107,13.49,46.47,-16.85,46,2,66.1,-33,50,135,5,49,65.28,94,136,7.36,31.77,-3.24,63,-29,58
28.96,50.72,-46,-16,11.89,-20.35,54,-16,4.14,-45,18.07,-19,105,25.66,-32,57.66,95,4,120,48,41,149,-44,6.09,116,133,-19,-18,-16.94,10.74,145,-40,57,-23.86,-15.14,29,101,-41,-22,15
-34,73.37,130,120,-30,-36,-11,-6.3,47,71.7,142,6.05,20.46,13.38,149,-44,73.2,53.96,70.19,-23,32.26,54.63,63.71,-14.23,18,9.27,-36,113,-49,144,-3.15,-12,67.01,-35,-2.02,23,64.65,141,24.99,-1
97,59.74,133,114,60.74,73.14,116,-5.59,11,34.27,39,58,-19.38,-14.57,30,-8.95,-47,20,111,23,78,44,54,80,113,-4.63,26.86,52.63,13.35,13.89,68,0.79,62,-8.05,136,33.75,55,102,130,34.64
33,-11.89,72.91,-11.32,2,-30,63,1,38,37.32,-39,66.4,34,123,134,16.7,14.68,-17,5.42,62.61,125,110,-19,1,19.72,28,115,39,44.82,45.99,-22.71,15.77,21.42,142,-19.11,11.46,7.56,11,19.23,75
46,54.82,-31,72.38,20,23.72,22.45,123,-26,-15,76,144,43.7,54.15,-32,3.7,59,67.21,111,72.59,15.18,-11,10.02,-36,149,50.19,7.06,36.26,15,42.9,27.9,30,116,23.57,42.32,114,26.12,143,12.36,148
58.82,30.2,1.81,21,57,119,53.35,55.98,56.76,-32,-1,-7,-1.9,-6.45,149,-49,139,24.32,131,114,136,44,146,8.62,12.39,108,116,1.93,26.61,66,12.45,13,124,30.01,-31,149,65,-0.35,-15,62
126,96,71.73,12.45,108,119,91,-4.07,37,-8,120,108,13.09,94,-19,19.56,-10,-22,107,42,114,96,129,113,12.5,-2.28,28,83,-6,3,-20,10,1,90,5,130,33.85,69.23,54.3,19.47
120,41.15,142,87,14,75,147,22,-15,32,12.25,37,13.38,-40,45,-8.32,42,62.08,114,43.73,64,2,56.69,108,51.91,12,134,-30,-8,-23.63,105,-4.62,41.53,-49,-11.13,8,-7.52,52.77,4.46,19.34
18.91,106,89,-12.97,32,42.12,28,47,23,-7,85,45.73,-15.61,33.61,13.41,-22,70.59,-36,37,66,65.21,-14.29,57,63.68,58.88,30.07,32.15,70,18.89,-49,-13,-48,83,46,43,116,10,32.22,102,137
66.11,-33,33.4,-11.99,-42,109,2,61.16,95,57,-46,-10.71,-15,137,76,63,57,-34,129,-7.35,97,55.72,-5.58,-9,3,101,9.1,49.61,-27,21,90,19.13,7.17,38.81,62,55,19,148,114,-9.4
-46,-3,72,-25,65.64,-35,115,110,35.48,36,3.85,85,-7.46,9.75,-9,33.71,74.08,141,100,54,66,20,14,71,63,39.85,26.63,-24.42,53.41,64,-10.06,136,60,37,54.42,29,16,64,96,32.19
-38,50.15,73.47,9,42.52,-50,47.19,56.07,127,-17.62,83,35.87,-26,2,115,40.35,31,-6,-13,30,128,124,88,29,108,9.17,41.39,103,72.34,127,57.3,122,86,40,63,-13.62,33.95,93,22.11,51.01
21,-35,119,42,38.12,-22,-42,-6.67,-40,18.8,3.74,-2,-4,-49,88,4,57.71,36.18,55.41,85,113,-1,70.08,16.85,4.93,-14,17.59,30,73.06,11.23,-14,14.94,1.7,9.23,-14.63,147,4.4,-9.2,-5.93,-1.32
73.04,44,140,24,91,58.01,-5.21,10,4,96,-12,73,132,-48,26.06,16.87,-15.26,60,65.15,110,60.12,32,42.92,-8,86,2,109,21.46,49,82,43.98,-8,80,3.56,4,117,18.54,10,22.1,7
47.74,135,-44,10.44,96,73,65.14,23.78,-24.7,70.79,-41,-17.11,85,117,1.5,86,0.56,62.83,73,130,-46,140,-41,-24.42,5.23,13.76,11.47,40,84,18.11,51,24.53,9,95,18.02,-7.86,85,81,61.87,54.54
80,34.42,-7.23,7.55,96,147,129,-17.2,84,3.1,117,9.6,64,77,22.49,64.04,83,121,125,0,132,-7,32,17.22,69.22,39.65,42.49,66.05,117,13,115,51,15.31,-13.99,-32,130,144,35.59,133,49
-45,72.48,76,-42,-37,24,149,5,-16,101,64.14,58.68,-8,75,19,88,90,-11.02,-49,56,50.85,-1,111,-30,76,-13.21,37.83,95,98,-13.64,4.37,25.42,0.43,19.08,92,-12.51,148,73,11.4,-41
101,39.26,73.78,-7,-22.57,-27,113,-8,-9.39,-18,137,-23.42,57.48,6.5,12,111,-49,88,34.15,44.9,66,54,133,42.91,-46,23.21,107,53,62.18,-11,59,18.53,39.01,12.73,67.63,60.91,85,63.12,42,1.58
112,-15,4.79,2,62.91,129,29.54,74,16.24,114,24,124,-46,12,-44,38,85,-42,66.15,117,0,71,73,140,44,-24,-5,63.75,-7,97,-24.16,122,-13,75,7,74.04,-24.39,67.97,-39,106
82,4.3,66,56,-15.48,-48,124,65.72,-25,26,72.55,42,80,-48,67,17,60,101,98,-3,25,36,12,-6,48.13,112,14,16.14,1.27,-15,41,17,40,-0.82,60,98,134,39,127,69
-29,29,137,7.44,60,-6,48.13,83,9.21,-2.54,-15.66,-18,40.08,146,-6.42,147,43.95,-20.47,66.43,-32,62.5,54,-16.35,8.66,130,70,136,41,-23,110,56.19,44.66,139,18.79,28,65.58,4.79,22,108,133
56,55,-15.95,137,73.93,8,-21,46,31.03,-8,10,-12.67,-4,135,88,-29,65,37,105,42,54.55,106,-3.51,0,-6,-30,54.13,-11.01,88,-19,118,127,60.49,-16.11,-5.81,-14.66,9.84,16,25,48.95
-49,33.99,28.7,74,35.55,31.48,-5.23,-2.33,-30,28,60,14.11,3,75,29,29,-21.3,66,28.82,58.23,94,66.83,94,32,27,58.66,-32,32,146,-48,-12.23,77,69,46,36.93,-28,-29,47.07,116,95
15.35,-26,-22,117,-6.8,-15,52.39,43,137,145,-36,95,102,32,145,94,-47,71.19,-34,50.26,-19.23,56.39,11.17,100,10.21,-17.45,-5.87,-40,-28,-14.63,-17.15,14.05,29.64,106,35,-50,54.65,29.36,-11.4,114
25.07,133,145,77,25.09,10.04,-40,86,57,17,39,20,-5,35,139,61.67,19.04,44.48,-28,69.56,123,115,78,142,-49,34.93,127,66,124,-8.12,13.8,64.94,35,11,93,65.67,2,64.21,-23.29,46.42
40.44,-21,14.61,57.38,102,21.6,98,66.83,-40,132,-32,62,69,113,11,-19.92,41,91,70.23,25,65.64,95,55,-5,4.25,0,52.32,45.56,24.31,49.25,95,-36,-20,100,46.04,51,-4,135,2.43,60
86,141,-20,-8.31,117,3.04,51.64,128,88,-3.4,-2,90,-35,17.85,95,-36,-24.03,55.38,112,27.15,115,136,64.78,125,47.5,-0.81,-12.36,-6.98,-50,22.98,63,71.23,-46,52,-13,-4,-3.51,-21.02,-37,71.04
7,-38,-38,53,62.13,-14,-15.09,-15,68.24,70.1,63.91,-19.99,-24,40.73,85,38.99,-12,62.02,46,-4,-1.25,27,46,53,-1.38,107,86,29,39,6,-33,-28,104,139,24.25,-9.31,-49,60.51,59,-5.16
128,89,48,115,87,14,5.41,148,0,50.23,-8.78,4.19,-34,6.78,14.6,-43,110,27,-11.25,2.15,42.1,51,10.83,-30,10,-20.57,7,45,0,40.57,27.19,126,14,-43,36.82,29.68,137,-37,-13,-22.33
23.05,88,28.58,-20,21.59,61.8,29,-19.93,-23,-23.73,-10.91,9,54.29,97,101,-25,66.68,105,25,107,62,6,39,-1,20,51,80,70,47.76,48,113,134,21,-38,21.45,-2,13.31,-20,-41,74.96
63,14,49,-25,75,106,27.66,-5,98,92,-22,6.1,90,34.13,141,-20,-0.09,9,77,-16.22,0.86,139,49,-22.62,23.81,-50,59,78,103,66.1,46.53,-39,38,23,44.15,-3,-22.22,19,-24,63
18,28,-6,-13.62,54,11.79,74.87,65.79,-2,44.1,26.37,63.95,-13.14,130,75,24,5.43,104,20,119,86,60.2,38.76,67.53,-5,20,-2,-6,-20.24,21,-10,-5,-39,-18,38.89,57.2,126,68.08,-5.49,143
60.51,-8.72,118,-47,141,64.79,34,-1.7,-1.38,45,-28,27,107,26,-45,10,110,-14.52,35,-22,-14.59,75,49.9,58,83,-2,29.78,128,67.53,64,110,-3.06,77,29.94,-12.75,-47,-16.29,-21.1,67,100
-24.18,-49,-10.6,61.27,-22,110,-26,138,-2.48,32.62,54.25,44,-32,74.18,73,98,-34,69.43,81,140,-29,18.82,117,100,67,105,128,8.5,-4,-39,-46,43.84,37,119,6,-7.66,42.53,29.55,28.79,-17.59
94,48,131,133,-27,-13.38,-19.48,55.96,116,129,15.01,62.28,-6,67.8,-37,1.1,40,55,-7.93,20,-9,-4.97,74.5,131,-9.79,20,130,-35,-10.31,40,115,52.07,55,115,57.09,84,38,106,-10,58.7
16,76,147,-48,58.23,47.96,5.04,37,-20,44,17,-17.23,48.77,142,89,-22,25.12,98,-9.84,29,33,17.14,25,65.82,-18,87,56.61,32,51.76,-18.22,29.94,22,51.32,44,2,-9.91,72,24,25.21,-43
25.85,-21.18,30.31,32.67,16.63,67,105,31.25,68,5.07,66,100,145,-15.75,35,61.27,32.28,56.24,85,69,13,80,145,139,56.68,20,74.8,61,36.19,-6.65,40,3.27,53.61,5.85,58,83,54.53,-5.03,20.02,54.73
-31,97,-27,27.04,40,55,-22,37.23,59.24,0,43.02,-37,-10.9,83,23,78,96,-24,-2.06,29.67,129,26.9,40.87,93,47.71,49.66,35.64,16.92,141,114,-15.96,2.22,51,58,28,21.4,69.14,13.39,101,122
134,102,39.42,139,-17.31,-48,-5,55.57,36.21,-7.62,49.4,102,7,122,-22.2,94,-12.7,-16.95,-50,2,0.77,3.85,24,-8.37,72.77,18.74,101,-14.2,45.22,-29,29,-8,78,-40,144,117,60.36,-0.53,146,10.87
130,-21,140,37.74,-8,11.56,-25,30,-41,35.4,8,-12.61,50.19,141,113,-25,-1,28.19,119,-26,-15,73.38,133,41.6,58.69,143,13.14,-33,60.6,14.99,145,124,-29,133,54,137,102,78,90,20.74
65,16.19,32.58,110,-0.02,30,8,20,65.37,37.96,-28,6.48,36,15.88,106,-3.08,28.54,-8.45,1,-20.95,73,-34,142,78,-2.32,-37,44.72,50.26,-0.14,31,-41,55,36.63,3,143,86,24,-30,134,73
63.99,4,56.34,68.46,72.76,36.47,41,5,7,65.79,85,35,128,8.05,127,28,84,5,-17.73,-15,-43,32.77,78,-5.82,114,-47,95,-11.5,-18,35.86,62,-32,55.21,52,65,82,-10.75,61.88,107,61.16
14,20.65,-9,36,61.54,-20.9,22.06,-20.16,125,4,10.22,79,38,-6,118,114,66,1,-5,116,3,-14.37,19.35,38.82,19,117,126,-2,8,3,18.58,-9.51,144,5,97,0,19,41,129,11.35
-22,-16,58,-19,-15,11.52,85,-29,-16,-15.44,59,66,-24.08,37.77,17.18,-5.27,67,58,-40,134,-17,13,-43,30,55.65,110,62,-2.21,84,-50,-3.8,145,6,139,56.91,74.22,6,-26,48.87,106
41.26,5.9,-10,73,86,26.61,123,33,56,-20,20.33,32.69,-3.73,35,42,35.19,10,99,70.6,26,-22.33,51.28,22,103,104,-26,58,130,-11.03,26.5,-22.46,69,-17.93,48.99,25.46,-24,65.66,89,133,47
8.18,130,43.93,88,4.41,13.6,13.64,40.29,12,51.06,100,69.31,38,37.15,97,-5.37,11.25,41,111,65,49.56,-12.66,81,-48,-1,9,100,31.42,44.78,15,64.75,149,15.81,64.38,54.63,90,-42,73.34,142,123
67,141,20.63,-14.86,-24,5,84,25,82,40.24,11.08,29,69.58,73.85,-26,70.13,25.76,19.52,55.62,17.4,17.42,1.34,81,17,48,108,-6.29,134,59.15,-13.37,73.73,77,21,35,33,-3,47.54,39,-12.59,122
-29,7,28.07,73,49.25,109,14.6,-5,3,114,-21,143,95,141,78,-11.66,143,69.42,20.57,-2.33,30,21,8,10,-21.67,-7,-21.78,125,95,7,108,55,74.33,-42,9,0.4,60.87,55,66,-4.98
126,114,-4,-29,3.37,116,13.12,55.44,-10.8,50.68,53,-8,7,132,-32,-29,-14.62,42.97,29,55.84,40.51,82,-22.14,30,-50,61.33,27.25,-7.16,72,65,72.02,-43,47,37,23.18,69.64,114,-1.78,118,-16
-37,24,-1.13,64.35,33.69,-3,20.58,46.5,140,4,-43,-30,54,30.15,-40,110,43.56,36.36,-33,0,15,-23.71,61,56,44,-44,113,74,71.43,58,24,133,58.82,115,34.68,31,144,79,3,49.56
93,-4.27,-7.14,44,68.53,93,23,-19,111,142,73.79,-7,102,47,-9.89,94,58,71,88,20,10,-7,20,50.66,36.52,66.56,130,134,-36,-49,31,117,66.03,79,-1.59,3.37,39.51,74.02,24,55.08
43,68.31,15.41,121,-17,133,111,52.65,27.24,149,-36,-21.91,49.71,57,-17,5,68,2,23,3.72,72.15,106,-17.63,3.7,9,73.71,5,61.19,101,91,-17,-25,-32,81,12.18,31.69,87,99,26.01,80
15,58.79,143,51.91,-14.36,33.6,29,134,43,47.04,104,74.47,109,30.87,38.11,6.03,26,-38,-0.39,-34,-39,40.26,-5.74,5.14,19,-22,-15.63,-39,14.8,-24,-18.32,8,147,3.84,65,9.36,38.69,90,-21,147
77,-48,79,28,133,132,-49,29,58.61,6,-23,102,81,-34,-40,-4.86,137,71.25,-21.98,91,68,21.01,50.75,149,-41,88,-0.72,17.37,3,85,-15.45,-14.73,86,43.65,33.98,62,97,95,-22,-22.45
147,72,17.1,50,136,54,-12,94,40.25,27.27,47.4,28,55.75,46,-6,67,-32,-20,51,42,70.59,2.25,-18,-15,-3,36,75,37,37,-13,122,7.47,20.08,-24,135,112,127,148,94,-11
59.08,131,-15,144,32.99,101,-6.65,59.03,33.3,-50,87,-8.46,10.19,51.49,147,104,34,41.93,-15.57,79,10,129,3.43,26,107,-13,110,99,131,12.89,85,77,72,17.99,-30,10,32.13,33.96,-16,33
41.34,-21,38.96,3,-16.31,35,32,32.15,45,66,62.54,113,41.67,-28,-8,5.1,130,45.96,-11.18,4,131,50.92,49,144,1,119,106,107,60.6,66.96,84,72.95,114,68,41,50,60.39,-19.05,14,58.99
-13,8.98,15,59.58,122,73.6,118,69,16.46,-15.2,117,-34,-2,15.9,71,-20,18,0,-2.08,132,92,-8.47,16,-22.41,88,90,-30,111,99,87,102,79,57.06,-19,14,-30,16,-2.79,86,124
4.87,-35,73.71,62.41,-35,51.07,-31,7,55.17,68.9,-5.56,38.76,116,-14.55,71,47.71,133,49.44,147,75,14,-14.59,-4.1,105,88,17,4,-9.59,7.82,93,-47,63.22,37.18,107,9.82,-8,40.8,0.18,-5,25.96
-43,31.65,68,123,115,13,39.24,133,-14.86,109,-46,87,93,48,38,63.81,5.21,16.44,-1,43,-24.8,-11,44.77,97,73.87,28.8,69,48,75,37.44,-35,20,59.71,21,53.38,-42,44.45,50,26,-41
32.67,59,-18.66,31.37,70.64,27.14,50.14,6.39,23,105,38.58,134,17.55,27.47,12,88,15,38.17,5.28,33,5.14,96,-23,146,139,17.69,64.52,-17.22,128,105,44.2,-0.86,30,31,52,33,-31,62,102,9.28
31.71,-4,-22.87,40.98,37.02,-36,-4,53.63,-33,56,31.95,72.59,36,-12.97,67,-48,61,44.87,16.49,78,41.37,45,145,125,53,48.88,84,55.38,48.96,143,-2.18,64,13.16,-33,123,149,63,149,20.73,60.42
120,110,63.75,118,79,-0.48,108,5.99,-33,129,9,135,111,-22.99,28.94,130,-19.29,-10.46,69.78,101,24,120,10.52,141,132,-17,64,11,51.77,-11.36,99,56,85,79,18.71,-41,27.58,42.41,13.54,148
84,113,15,40.6,15,-18,16.45,143,0,67,-32,64,-9,49,41,-24,56.86,45,0.55,24.38,42.9,-24.67,118,45.9,-19.94,1.74,131,-19.85,11,-20.65,147,-16,99,50.52,31,60.24,70.43,49,45.95,86
131,96,21,60,28.03,-42,50,127,-45,-14,-45,92,41,36.44,65.72,43.87,50.28,4.09,73,7,24.97,142,-30,16,43.65,78,107,-35,54.48,-28,34.07,111,90,53,129,-13,65.17,118,144,2
64.24,-10.99,123,-25,5.04,40,-20.69,70.87,-4.26,51,-44,9.6,64,102,17.45,-34,51,124,91,81,11,-25,109,95,109,139,37.44,58,54,108,-14,31.31,20,57.47,70.03,100,51.61,149,21.05,52
-39,123,51,88,58.6,65.46,55,41.3,22,-13.45,30.84,-17.5,56,0.16,10.89,68.21,63,29.34,115,41.63,58.46,18,18,133,-38,89,9.63,-32,12,141,4,56.2,120,-48,47.15,142,53,100,75,57.23
35,1,30.46,-12,56.71,125,34.59,-12,8.13,6.5,64,101,63.17,60.27,-49,-23.97,-17.18,72.58,61.63,7,-16,7,96,92,44,125,-12.49,-37,-4.9,141,-3.11,127,52,-23,73,73.75,44,15,66.15,139
125,-24.62,-23.58,63,14.01,113,41,119,0,82,35.46,142,10.31,129,-0.64,58.21,129,71.68,139,46.88,47,28.13,-18,0.63,100,0,1.41,11,55,13,-12,9.86,0,72,131,45,118,81,61,77
102,-15.98,45.12,-8,35,35,-1,22.63,-17,-21,11,4.48,-14.24,147,128,8.6,22,117,12,122,3,74,107,-4.3,129,17,-19.9,77,112,47,-5,-9,106,-38,72.95,110,60,36.38,23,54.99
66,64,144,64.13,3,68,-42,0,-4,24,-8,85,39.5,47.13,140,1,5.48,-18,139,25,135,78,23,14,65.2,54.69,-10,36,52,59,71.87,128,76,64.15,95,2,17.5,19,137,20.41
148,-1.37,19.44,-14.25,142,68.37,24.98,-2.97,18.3,38,146,20.3,-4.18,66.18,131,62,-28,76,65.72,47.94,63.14,1.1,-17,12,139,10.45,-29,6.58,8,-37,120,51,101,-18.35,74,139,42,14.41,22.98,-12
-12,23,-20,-25,57,22.7,-40,-4.67,-6.23,-20.46,-15.69,56.43,-1,143,92,1.21,1.91,5.13,123,50.96,79,-12,108,-22,3.6,68.51,-39,26.34,-15.34,71.9,76,74.04,45.89,16,138,106,123,53,39.88,42.26
31.1,32.9,10,126,16.14,-47,40.56,47.1,69.57,90,20.08,126,-48,41.98,-9.03,111,-41,59.26,-21,28.73,-0.79,76,96,31,24,22.95,78,26.92,-14.78,144,-41,82,5.62,-49,77,6.33,22.08,22.64,-42,69
96,91,86,-0.26,-18.18,62.28,6.18,-33,79,-6,36,43.57,-11,52,1.09,140,-15,-22.81,60.61,38.33,38.06,56,-31,34.11,94,48.43,31.91,117,-6.3,5,22,-12.43,96,49,23,13,-39,7.5,-8.45,-35
4,12,10.21,74,16,-4,-2.2,-13.16,9.46,60.22,-8.41,63,68.42,79,11.53,104,-46,36,32.14,-10.45,101,-8,7.44,-6.46,18.21,55.72,107,53,18,31.43,18,103,53,127,102,109,45,86,105,-24
131,-29,28.58,82,44,101,13,-46,-37,66,140,12,0,7.86,70.78,-21,-17,121,-44,93,108,-21.5,-41,24,106,88,12,83,16,51.59,82,74,37.66,42,39.26,-15.51,125,92,-37,16
62,35.64,30,103,39,10,64,-45,-3,64.83,67,61.32,33,-5.42,73.42,23.5,39.58,17.02,43.46,41,118,-4.29,120,104,-37,10,15,6,-19.2,46,79,42.63,110,-15,14.45,74,70.1,49,97,115
102,60.06,19,125,-49,149,15,21.78,-42,92,110,-10.67,17,8.7,40.72,22.52,11.38,14.38,-19,17,28.47,23.91,41.88,63.64,-16.99,62.21,121,-20.8,70.97,25,34.94,-5.87,49.66,36.23,-43,63,34.58,-21,-3.61,-50
61,64.78,139,130,-17.04,56,1.44,-22.13,-11.51,38.62,144,57,22,34,73,47,-22,-26,40,42,-1,68.11,-4.73,113,-12,-18.54,-3,-14.25,149,30.72,32.64,-18.4,68.19,-1,20,29.54,137,137,76,2.39
10.96,52.15,-45,41,89,105,55.88,92,77,55,10,-42,14,-34,40.37,7.59,35.2,3,44.81,32.02,60,4.66,72,-1,122,50.01,39.51,70.19,-6.51,122,34,138,57.6,-22,-12,40,-38,71,129,41
51,30,93,123,29,33.75,123,-15,-4.45,-23.17,54.37,-44,67,100,73.22,24,140,5,33.59,24.38,22,105,-9.41,-42,118,-19.19,117,116,17.59,-21.97,31.06,41.65,-21,34.73,-21.91,134,104,-32,26.22,17.67
42.59,55.3,78,23,-12.05,50,30.75,68.98,142,-18,-23,30,50,57.46,-6,-2,-24,-5,-24.49,10,52,-34,-13,-3.83,7.53,127,58.3,53.76,57.5,71,-6.51,-27,-19,25.38,-44,146,64.05,53.02,-4.79,23.78
68,0.5,-37,112,11,-7.2,14.21,61.2,109,138,44.92,38.76,77,142,116,57,28.39,40.08,126,102,29.25,1.34,36.01,57,-17,-9.2,94,24.68,22.62,53.91,76,81,71.99,-21.38,48,44.23,1.02,-45,-18,124
114,-2,19,132,37,-7,6,141,54.33,-1,67.44,71,101,29,34.48,34.22,146,56,75,10,-13.74,12.5,7,-24.33,-3,12.75,9.06,9,4.16,124,-3.86,-44,126,143,25,74,-12.53,109,20,36
32,13.45,-20,114,145,74.37,15.29,-24,47.84,32,56.44,56.85,-16.67,-10.16,149,45,66.71,103,5.98,-25,40.06,-11,5,-47,52,144,-30,70.83,42,58.42,139,34,42,104,10,122,-20,88,-21.43,50
69.18,6.01,-17.38,84,-50,3,130,91,85,103,-12.8,70.09,17,-1,48.67,10,103,3.46,26,61.26,56.42,119,6.24,49.6,18.56,-6.94,-3.34,19,136,4.03,114,35.39,69.5,11,133,144,112,18,91,-48
-49,69,104,23,136,51,13.38,73,-16.76,30,73.1,121,44.06,-3,37,-26,86,4,-18.03,17.17,105,-38,6.43,-31,33.57,9,-40,6.43,113,-18.27,-0.22,54.04,105,-24.74,142,-3.02,-40,-15.22,8.25,135
67.02,111,63,5.18,-39,62.37,0,-33,-31,27.75,7,69,10.27,24.37,26.52,55.13,34,141,14.5,13,80,-34,9.74,47.39,62.71,87,5.86,51,43,23,19.1,28,24,65.81,-3,-1,-26,-24,-23,-18
51.58,132,0,-18.56,140,7.79,4,-34,32.25,48,31.16,-17.06,-30,101,20.44,28,10,73.3,-16.33,48.74,6.05,-22.14,-21,141,-5,-30,69.81,75,-14.15,-7,75,74.77,93,-10.5,-39,67.8,71,44.36,26.63,-7
65.94,-15.84,37.76,10.87,69,-11.7,43,-17,-1.56,37,40,53,13,2,-26,-41,-7.82,13.95,-18.24,-13.96,13,81,48.58,29,38.72,114,5.86,0,21.88,116,35.35,31.1,29,65,101,29.98,-5,48,39,107
104,74,-9,11.89,49.64,53.49,5.35,31.77,60,-0.97,119,-39,73.8,-29,122,-4.05,23.3,141,62.72,-24,42.46,55.31,79,55.61,42.6,-49,-17.06,-4,65,-22.76,-6,145,-39,18,24.45,-49,8.91,-28,23.26,107
-18.78,-14.13,98,-7.78,84,18.46,120,-22.91,-45,20.61,20,64.87,50.42,86,61.31,57.36,-19,128,2,132,59,60,58,-15.35,-37,113,2.64,57,-39,91,-13,14.22,128,129,38,60.9,70.79,-27,-10,25.14
103,93,8,-24,115,18.9,-12.43,5,-5.7,114,23,138,-15.88,73,1.84,71,-40,32,-29,50.4,62,102,145,8,-3,-46,124,6.1,12,-18,-1,138,44.03,141,54,42.55,-6.71,63,128,-30
135,-24,131,-26,137,43.87,135,12,90,43,-1,40.25,10,-19.63,69,137,115,32.71,56.01,64,74,55.69,1.26,-8.73,6,-8,50.2,47.31,11.33,46.57,-7,-42,-12.57,-9.31,2,-41,58.82,29,23.95,36.55
35,14.84,95,122,144,105,97,44,30,-8.58,98,-6.01,66,-5.1,25.54,65.46,79,-15.99,-39,40.41,5,147,89,72.32,55,-2,109,131,5.42,61,7.86,122,124,147,110,51.05,2,-26,19.06,43
7.43,-43,10.68,72.76,-15.24,-16.21,37,-9,-30,-22,93,57.34,7.08,46,45,-42,66.22,68,49,54,-19.3,74.01,129,0.51,71.27,129,80,67.81,92,76,21.27,-15,30.72,62.73,-14.19,135,24.32,47,34,121
26.1,83,44.61,2,-17.15,45.87,-19.54,41.07,110,111,96,69,121,17,43.66,71.27,12.98,74,80,53,-11.98,46,-12.69,52,26,61.64,72,39,16,41,21.47,107,8.6,119,53,82,2,64,-42,45
35.03,23,71,22,67,110,140,58,-1,35.1,18.17,139,0.41,97,21,-16.58,36,53.32,18,27.03,48.2,49,39.26,-5.11,-8.51,-30,146,34,74.33,24,54,119,16,144,101,141,58,89,11.77,86
1.87,16.96,-22,-11,148,27,37.28,-44,-9,79,-4.27,20,-19.66,5,106,65,124,53,54,147,5.62,38.43,43,52.97,61,142,69.18,62,66,106,29,-0.26,32,-18,36,36.69,58.29,-21,16,36
-27,104,126,-46,27.97,76,66.26,131,-6.17,119,23,66.14,97,3.65,122,-17.19,37.15,66,-19,54.05,120,14.18,-0.52,6.79,133,-6,48.79,38.75,85,79,47.39,96,146,-39,79,4.15,1.05,11.85,23,79
74,102,12.19,106,31.74,26,75,50.26,139,142,-28,-7.12,24,-2.39,65,135,-21.7,-7.32,23.07,45,96,109,70,81,47.01,58.62,-48,25.56,31.88,51.98,-48,-17.22,-46,28.89,10,-21.06,-6.45,8,62.49,30.56
17.6,-9.64,23.95,-38,53,119,40.47,30,18,69,102,34.89,79,45.46,4,50,17.78,144,64,66.44,75,21.21,79,83,-23.91,30,-11.35,-3,58.84,-14.31,148,132,26.01,112,36,131,94,12.71,134,29.12
57.7,120,121,107,34,95,117,-36,44,-11,139,124,114,122,99,-0.5,-49,78,-12.37,48.32,115,-19,18,64.4,28.33,-13.03,68.89,149,70,15.47,-1,122,54,100,28.96,19,43.9,-30,113,148
24.48,44.93,26.36,34,116,19.11,21.66,59.28,11.61,24,-7,41,58.06,111,123,147,38.79,48.95,58,24.06,102,52,64.57,102,-8.02,124,26,57.69,-11.71,1.89,29.36,17.31,16.27,-27,71.45,-6.34,53.84,57,-27,48.64
5.97,-17,84,58.99,143,-20,53.06,46,-39,-28,88,50.98,22,41,52.6,51.49,-8,75,18.47,-49,78,33.18,-3,34.66,-2.61,92,-4,129,65.57,58,95,112,0.38,-7.43,42.48,41,-18,26.55,15,-11.11
14.03,70,-50,45,12.34,4.53,-7.2,147,-0.89,119,19,38,19.83,26,73.81,-20,-13.77,35,-16,23,54,22.8,-21.5,-29,101,50.11,-17,63,53.84,144,53,32,7.72,18,48,46.45,121,16.88,44,120
66,9.78,57.64,54.96,29,-39,-21.04,23,66.17,20.91,0,4,24.53,70.08,-16,20,19.61,33,-19.44,-12.35,24.55,2.48,41,36.08,68.6,70.47,-30,57,25.29,30,-22.56,-50,130,51,74.85,-42,0.43,-45,34.56,-37
124,130,-47,148,-16.61,129,-13,-23,49.21,30,63,-49,50,117,-20,24.82,62,-4.49,2.19,-12.5,48.17,36.76,-45,46,51.35,62,38.19,29,-27,63.07,27,40.56,-34,-2.77,-9.02,-29,68.51,146,-49,144
1.29,56.7,-0.79,70.72,124,41.12,-23,-50,149,90,-9.96,52,67,-1,-28,-30,-20.95,67,1.88,-10.27,-15.93,93,32,21.66,55.34,49,2.77,123,-1,127,19.88,102,-11.92,-48,-5,93,-20,33,2,-31
52,-21.87,111,2,122,-41,91,27.55,31,70,138,-32,-48,34.51,148,9,10.63,97,97,14.71,-15.14,19.59,95,-10.39,38.62,-14.25,25.43,-5,19,52.76,54,3,21.73,88,2.5,42,-47,-18.66,140,27.88
-21,125,95,-21.22,6.71,-26,26.49,26.1,-1.04,115,-14.19,-0.8,87,53.27,45.78,45.32,-22,59.84,71,24.78,108,83,6,-0.16,-24,-17,-18.04,-18.23,35,-31,59,23,87,74.93,45.64,24,17,79,27,6
-22,-15,54.64,123,70.27,43.02,-22,55.56,25,-13.43,53.86,46.2,36,-8.68,74.81,38.35,42.31,-18.31,83,14.02,145,8,19.64,104,77,61.07,49,56,-20,19.44,25.81,55,142,76,62.31,94,-24.01,10,39.68,52
22.18,-5.2,64.5,26.05,58.56,16,68,11.95,94,-7.55,35.78,-40,134,62.96,117,40.56,87,-3,8,110,-6.54,125,43.7,128,42,68.89,-19.61,49,38,-19,101,144,129,125,66,-7,126,108,-20.67,22
19,104,40.92,33,24.4,79,43.56,70.07,13.65,6,86,110,74.62,-20.91,48.26,45.8,14.58,12.29,107,26.96,114,5,59,-14,-24.98,79,139,54,29,-37,5,52,19.72,113,133,37.97,28.85,43.41,100,56
31.17,-19,22,-6,30.1,-5,53,7.9,-2,95,1.93,11.48,77,121,56,63,-18.53,20.17,-3,35,93,101,-18.11,12.95,63.77,91,114,65.42,39.98,105,89,20.23,-31,-40,9,-17.44,141,51.8,54.62,21.46
23.04,92,131,23.64,-15.25,2,90,-10.01,68.62,-6.89,142,50,105,0.74,-2.42,111,50.51,-44,106,40,-20,37.93,14,69.71,12,40,77,-39,-29,79,39,52.09,-49,50.64,4.44,-23,-38,41.23,34,-17.12
-30,13.33,49,-30,-35,8,66,71.28,22.27,126,-48,16,-7.95,48.46,-43,64.94,3,60.32,54.39,-29,15,-23.1,13.42,28,120,132,14,31.23,-24,74.29,-30,53.81,19.93,81,-18,40,66.9,149,114,14
53.09,15,-8.22,44,8,58.97,114,-19.68,129,38,-43,-19.78,26.17,32.58,61,19.08,138,54,-13,-28,27,50.34,21,89,43.15,144,16.85,73,-9.81,95,-44,80,69,0.26,24.2,-14,34,128,3.7,52
-41,75,70.85,25.53,-1,4.38,30,5,67.74,26.73,32,46,-25,9,97,11.25,-22,67.22,118,32,0.14,-37,60.48,47.33,-26,46,-13.48,26.03,42.08,110,-11,14,43.99,125,-7,105,114,29,70.81,-49
54,10,21.89,102,140,61,21.02,31,-6.68,123,-7.67,34,134,-8.6,-2.33,148,-2.57,61.36,73,15.65,149,60,-24,53,6,68.84,-17,-20.64,26.29,-14,36.12,-15.27,55.15,50.04,115,75,16.96,108,108,91
39.81,-16,72.29,114,138,34,65.94,-32,33,29,90,16,4,-20,91,14,5.24,75,142,95,116,13,28.5,103,-1.02,23.09,59,135,48.33,-39,26.25,6,71,141,17,40.96,68.14,49.83,149,61
61.82,78,38,-2,129,41.02,121,-5,-22,145,47,46.98,50,130,139,-1.58,22,-13,59.91,140,17.81,-11.36,24,18.06,9.82,-17.19,51.13,-15.68,5.11,66.76,21,65.88,3.23,-35,29.92,85,44,139,-29,107
27,-1.93,-50,17,12.08,-3,69.44,17.89,126,8.72,-2,-27,-36,65.55,-39,30.63,124,148,40.77,87,-12.99,-48,22.73,137,135,-7.09,128,55.53,60,-6,-1.92,-18.26,-11.77,-38,103,44.73,33.97,14,43,37
41,-16,105,-40,96,-0.03,38,40.54,74.54,114,85,61.38,19.73,106,29,128,90,-2,46,4.54,-6,-17,130,-48,48.17,128,-3.99,-11.23,-18.19,59,28.59,54,115,28,84,-22,32.19,25.76,54.43,-7.61
3.79,5.96,149,52.67,105,2.49,49.96,35.44,139,136,-29,42.7,40.66,60.83,84,147,124,122,147,-27,-4,118,29.1,27,62,26.75,3.81,-9,50,53,51.31,43,99,110,57.13,0.51,-9,65.63,81,77
85,19,87,124,33,18.43,30.69,53.15,-14,43.65,-8,-30,143,-4.62,40.35,132,83,-49,87,92,-29,67,-1,-15,32,-15,48.03,31.52,130,65.1,-9.79,2.42,0.87,33,4.24,91,59,-8,44,93
42.42,130,3.7,14.8,74,61,120,1,40.99,68.49,57,45.31,12.92,64.75,43,-1,17.37,-22.33,-0.42,80,124,137,109,57,19.18,-17,46.97,115,54.07,-14,65.73,69,127,-34,110,141,37.23,54,49.58,74
-10,0,-9.91,13.76,144,47.06,4,-29,15.4,21,64,89,43.16,45.92,6.81,-24.49,3.68,15,66.37,90,61.9,-3.68,37.57,111,91,18.2,54.32,138,62,76,52,-16.61,-45,10.18,24.04,4.53,79,80,134,35.81
41,19.55,-12,15,66.04,-6.22,64.31,-40,53,73,59,-16.27,67.53,72.44,134,50.77,37,4.11,53,105,91,94,64.68,-29,15.73,66,59,3.36,103,47,13.97,41,-15.73,108,-1,42.35,59.6,-31,43.69,-19.03
67.47,141,87,130,60,58,119,12.86,136,139,43,98,36,64.58,90,71,32.93,15,4.35,38,-18,80,53,-7.59,121,-2,37,64,96,16.96,134,2.15,1,-5,-23.14,-25,67.81,39.43,17.82,-21
-20.72,20.64,-14.24,70,0.46,-50,7.85,71.4,-7.14,107,-33,48,135,-15.38,-31,8,31,112,11,32.76,-15.42,-45,3.73,17.43,136,122,58,-2,16.22,-20.46,23.51,84,146,-9.58,37.13,36.42,17,68,64.49,13
-2.88,22.34,-9.39,42,120,-2,143,71.29,71.41,36,148,64.54,122,-24,42.67,70,-44,55.44,124,53.06,56.22,-1,17.78,5.62,16.62,42,-2.32,-24.21,16,55.13,1,45,55.67,128,-43,-5.99,10,-37,119,-0.08
61.2,47,20,-19,64.56,117,51,-38,-42,-1,65,41.98,15,-13,-24.98,79,6,-34,146,37,26.95,-13.96,47.53,-15.49,-4.13,1.89,-9,46,-35,48,30.86,-15.48,127,-6.17,63,140,90,49.44,36.08,108
-7,-47,9,60,115,63.43,69.26,62.06,121,-45,-43,-11.13,-20.2,-48,-10,11.23,37.69,118,-43,41,-5.83,11.07,-47,136,101,3.31,1.15,31.66,-27,73.56,4,76,126,7,29,115,2,3.87,-13.32,113
119,145,20,23.75,146,53.85,91,38,28,73.58,17,62,57.7,141,-24,30,36,66.72,-42,126,-4.58,92,62,44.52,-3.09,-13,72.35,19,-1.57,93,31.93,8.14,118,-49,15.96,77,50.16,135,130,-15
100,47.85,25.66,60,-9.21,45.74,-1.7,110,67,93,7,17.07,17.16,-32,80,1,60.3,-50,-13.96,10.18,116,116,-19,-45,70.42,23.77,87,22.34,10,88,26.71,115,140,53.96,53.37,30,7.86,-15.58,122,58.41
58,136,78,-31,-10.16,118,16.72,-27,-24,53.67,43,31.81,-45,0.68,67,-11.77,72.51,57,53.62,41.16,10.33,57.12,-7,24.51,139,-49,63.13,10,128,117,-45,36.63,95,-20,105,86,-10.49,12.31,58,130
42,56,14,136,-30,33,29.13,47.17,133,37,-0.11,74.23,53.24,47.03,-42,-25,77,-24.93,19,-47,-23.14,105,140,93,-24.72,29,84,127,-7.81,54.94,25.82,-24,83,96,139,94,99,39,89,24.3
67,-32,98,95,-24.06,41,-10,102,147,85,13.18,30,-4,30,-15.45,38,37.39,42,-29,70,13.17,-5,-12.64,-20,131,-38,2,55.57,142,67.21,31,122,19.59,-20.04,38.43,-27,8,-14.49,-25,71
7.17,112,110,10.02,79,27.98,-0.99,-7,64,46,79,47,56.14,26.15,-22,64.06,69,53.67,49.5,112,-21,-22.14,68.32,-11.37,33.05,14.32,-12,43.55,35.35,143,116,21.04,32,-20.12,-12,49.64,77,71.3,-5,31
46.88,71.84,132,67.86,-2.26,-44,8.18,18.2,53.36,86,113,-20,58.12,115,38,22.2,-19,57,96,125,58.24,74.65,18,10,58.17,110,100,-12.47,20.75,94,-50,7.83,-8.15,-48,-3.5,0,64,40,35.16,22.86
-5.21,-3,34,140,5,-42,131,45.17,44.88,37,87,94,56.94,50.4,-7.66,50.09,49.64,-6,86,15.06,10,-42,23,-2.09,138,72,144,35.23,149,126,57,-11.35,-16,10.96,-3.98,-38,-4,10,13,57
18.54,130,1.01,45.39,109,145,-7,107,63,116,17.32,71,24.88,-23,-17.08,-45,-33,-43,36.54,69.57,70,149,44.17,-24.17,0,-30,-8.51,-9.39,123,105,6.53,67,-39,5.94,64.34,148,-27,66,32,6.85
3.74,128,-4.99,14.2,-48,32,94,110,146,55.77,-15.18,69.05,56,140,50,48,129,58.9,-9,38.27,-19.27,-0.95,-10,34,50,58.19,32,-20.86,99,68.42,33.06,38.44,40,-1,12.95,59,62,14.47,126,136
-17,33,-4.73,74,22,51,-22,59,32.07,46,41.72,-3,20,87,65.04,18.73,23,5,77,66,73,-12.55,58,49.4,52.52,35.98,-10,-18,97,67.32,58.92,-49,144,112,62,-12,2.62,-36,30,4.39
72.82,120,-35,-14.87,51.22,-6.86,-43,26,-25,139,53.8,-32,131,-21.61,17.73,134,52,-22,59,102,56.29,109,44.19,-8.49,2.02,-29,138,72.58,59.34,71,-8,25,89,-30,34.25,5.56,11,68.62,41.97,7.99
27,44.68,61.57,9.91,62.39,8.14,4,73.41,128,-17.11,37,61.1,35.01,-13.14,73,31.9,71.46,131,3.55,-28,6,51,133,-7.45,41.67,136,-16,5.26,45,138,-14.43,39,109,3.43,2,12,57,-24.52,30.94,18.43
55.54,33,72.99,-48,-47,40,123,69,52,57.44,23.82,-3.4,32,53,126,60.47,70.02,58.85,-40,104,48.44,-49,18,-46,-18,144,45.57,13,4.81,-9.31,113,130,43,93,44.63,143,32,49,19,50.54
15,0,-49,-21,32,11.07,34,15.49,127,13,149,131,22.64,-9.23,33.37,108,59.59,73.79,-45,-8,87,-3.61,6.88,82,21.59,39,103,24.76,74.61,50.74,137,146,145,55.7,9,-26,-28,-6.19,-6,49.1
-15.35,27,-27,37.99,62,126,-26,55.97,-5,-20,-11,24.77,27,55.42,-44,91,31.26,127,41,71.77,95,26.48,34.79,88,47,74.83,13.56,5.23,79,64,10,19.69,22.77,14.53,-18.96,-3.97,43,125,68.24,29
-43,32.91,27.18,19.71,6,-8,22.92,-32,76,91,-7.78,129,7.01,52.39,-17.57,73.54,67.56,17,65.54,20.54,42,100,-32,23,142,73.89,57.88,30,137,31,65,46,102,-25,-2.37,72,-48,138,-15.74,111
62.16,46.64,-11,3,-34,60.76,7.05,38.39,126,33.59,-8,-1,-12,-20.92,56.04,18.37,-42,22,11,-24.21,58.2,136,51.9,-5.17,42.52,33,33.72,-7,82,75,13.13,16,24.8,-9.99,11,67,6,69,128,148
72.13,56,-19.74,13,8.37,148,66,-22,69.14,-8.27,70,91,-34,54,5.2,-7,36,-16.14,-37,-42,137,40,30,0,-22,121,-47,97,-25,-23.15,13,-43,12,58,137,12,-21.17,41,-15.16,65.38
-42,120,72.98,58,-22.4,14.46,22.81,106,92,35.1,-29,95,54.32,-10.25,-1,11,118,72.16,49.7,29,52,6,0.13,-22,26.38,-24.38,47.07,56,-5.93,38,66.2,3,43,-15.99,8.96,37,1.65,57.62,40.33,66
-11.24,43.75,-34,20.48,-48,7.15,-18,35,126,-4.24,17.78,33,-4.01,43.04,134,66,93,68.46,-16,5.91,122,71.4,16.45,85,-12,10,-25,40,-25,-19.5,1.66,94,50.28,73.66,-23,5,96,3,65.2,31.63
117,122,35,85,-7,22,74,56,7,89,54.72,30.15,48.38,9,130,-23.16,118,40.97,5.67,56.78,71.43,76,-40,-9,-34,2.96,87,19.63,-38,21,11.9,60,-24,16,15,80,-7.25,31.54,29.21,21.58
55,42,125,103,95,4.39,145,85,-17,-42,92,1,13.71,19,-19.32,-11.41,-37,32.31,-3,-34,65,40,70,48.08,131,-6.86,50,48,61.51,60.31,74.88,98,-26,67,53,-9,135,34,65.08,19
57.9,-7,-1.01,52.17,13.04,135,131,72.31,39.29,40.27,-5,7.84,144,56,-48,-6.97,-6,41.84,40,-38,-5.35,-11,86,86,-11,-10.15,31,10.81,-13.18,-3,-9,-30,60.5,13,114,-7,16.88,62,50,142
149,51,44.39,-23.96,46,63,129,89,-42,105,-4,66.55,-10,23.99,42,-42,46,110,35.01,33.02,-21,64.96,28.7,34.58,144,43,-31,44.32,6,-7.4,89,47.51,64.73,-21.09,47,8.46,75,-46,2.42,103
61,49.08,8,45.52,141,-5.36,23,12.83,12,-5,29,-30,43.53,108,-42,129,54.85,19.67,-0.45,45,-31,36,-5,13,74.02,29.58,-32,26.18,105,29,56.41,104,-23.2,127,8.75,31.81,142,127,43.44,35.7
23,32,57.99,16.08,73,22,45.34,57,-35,-11,-9,2.11,4,-19.8,48,-14.89,50.76,-2.59,-21,75,56.21,71.32,102,53,39.76,73.4,85,-11,61.55,14,138,33.54,142,94,116,-39,18,52,23,37.03
90,21.31,28.26,2.21,41.48,-49,0,-44,28.53,42.07,124,24.92,7,-35,-16.32,12.26,51,21,-24.7,10.36,4.85,5,35,38,76,64.32,-9.04,44.1,-23,111,11.56,56.69,6.29,62.09,12.03,45.94,74,43,94,53.69
-24.08,112,61,-28,68,52,105,79,12,13.36,-45,-43,103,-18.94,-44,62.96,-16,-12.29,143,109,9,5,47,7.3,95,29.49,146,6.29,-8.96,-47,25,-13,16.95,90,95,3.58,-10.26,75,43.67,73.05
-2.94,60.7,53.32,74,141,-1.73,47,-15.74,37,78,2,35.95,15,68,121,9,57.82,64.69,114,14.6,77,-5,99,105,66.64,-46,-13.59,35,66.72,133,28.44,-7.06,86,-11,-7.34,58.08,54.28,0,-2.07,-15.46
113,59,66,-48,74,-0.55,15,61.45,31,132,-35,4,-1.01,19.53,71.77,90,-9,64.47,7.78,-26,16.35,49.18,1,90,12.45,13,72.17,44.75,-19,37.14,111,29.99,22.06,9,23,64.62,62,67,-26,4.35
-21.31,47,-10,-6.37,118,-16,28.89,50.34,103,62.46,24.57,114,31,-11,119,79,-11.86,-13.91,38,117,-6.77,-11.85,130,65,30.96,148,2.08,130,74,133,-43,-3,-33,-5.59,-8,7,4.01,74,65,-27
139,-46,7,-43,143,20,71.24,67,16.17,-11,15.91,27.18,-1.23,-17,72.44,58.29,24,65,35.91,54.96,-16.37,56,-21,-17,-27,-9.18,125,4.42,-47,85,58,149,-5,86,4.12,-33,112,55,42.84,138
57,-40,-16.38,-19,-20,-15.35,70,3,140,0,-7,67,68,88,79,-8.1,-6,-16.55,14.04,37.28,37,30.54,1.25,15,-24.97,98,15.54,4.76,42.65,68,69.84,29.53,62.02,8,69,41.95,30,34.48,-4,27
-47,27,-1,-1.18,16,46,17.02,-13.95,22.71,122,43.51,68,86,-7.18,47,69.51,47.47,-10,0.06,7.09,5.42,102,-21.23,-32,90,62,100,143,144,126,13.65,119,111,-42,29.82,18,31.91,109,114,121
-14.34,47.15,63,80,70.21,-23,-14.84,148,52,144,77,5,-2.17,26.7,128,74.62,37.48,-14.68,20.36,80,65.7,11,67.35,36.29,16.2,8.81,12,0.98,62,-46,46.58,53.27,44.5,49.2,1,-21.04,128,137,-16.5,22
121,8,72.16,30.43,43.89,35,75,-20.34,44.9,6.4,39,-5,16.42,75,56.04,-30,70,-28,33,11.81,-18.95,-20.39,-10.31,46.95,54.91,146,62,87,19,87,-25,42,119,-46,109,103,28,17.69,66.1,37.76
55.1,-50,23.77,114,32.33,86,-22,62,31,19,-6.19,8.79,-50,-12.71,58.99,24.8,87,40.47,68.78,-6,106,-17,39.76,47.27,17.65,58.97,52.53,-17,-23.72,13.04,-9,28.94,81,14,-24.12,20.67,3.84,3,73,2
-9.18,17,49.15,-8,87,36,-13.48,19,-3,42.98,61.14,24,-5.59,31.02,-5.36,30.72,34.16,-31,27,-34,63.19,60.77,100,16,124,6.63,136,23,38.95,114,80,39,117,10,-13.54,-19,73,62,3,90
10,-32,-1,132,135,92,118,64.44,-13,-49,-30,85,-37,-29,11,49,56,131,37.56,12.71,-3,19.15,116,71,67.47,3.79,28,134,66,107,37.28,104,145,-14,50,35.62,10.46,51,26,41.67
-8,58,81,-32,72.91,31.69,110,50,131,71,-12.95,-23.56,-49,102,115,30,53.28,31,50,7.85,-13,74,5.24,74,141,25.03,27.84,138,-28,-16,145,55.46,8.45,126,-6.5,51.21,38.62,7,42.69,68.38
44,87,84,78,117,9,125,20.52,108,137,57,28.03,-20.76,45,28,-19.7,81,-6,-19.98,124,-40,7,71.06,-4,2.68,4.93,78,27.37,-16,-24.71,13,15,-43,-30,43,-22,137,55.13,9,21.23
-22,122,-7.22,43.1,53,4,83,2,-13.22,13,-32,-16,74.57,-35,-1,45,19,127,15,3.44,140,115,122,112,10.45,79,139,63.3,114,-11.5,57.48,38.12,19,6,135,-1,141,-29,108,-23
-3,12.14,33.57,3.76,143,48.34,14.83,75,14,29.27,16.67,49.62,63,-2,29.45,44.54,38.47,15,44.84,-32,21.22,142,-12,123,23,35.74,-42,45.05,-33,68.47,-50,127,-14.27,80,5,19.96,91,64.45,11.63,47.83
31,3.31,68.14,-10,73.97,19,4.17,48.66,37,4.92,82,33.21,119,-7.26,3.81,25.77,138,50,123,-6.82,34,123,10,11,80,-13.21,16,7.88,22,28.64,9.96,-36,60.16,19.93,-4,36,66,15.24,47.79,37
52.27,115,-20,18,-43,1.86,-23.4,123,-15,-3.14,-29,24,134,112,-4.73,38,43,-50,38.82,41.44,62.7,43.28,38,14,69,47.81,142,87,102,123,66.91,15.61,23.73,-19,33,67,149,5,137,-1
3.3,6.58,131,47,70.47,69,60.19,41,41.17,69,127,74.71,47.53,42,-33,22.38,-17,88,141,47,83,-46,57.72,65.62,53,57,4,63,127,-20.45,-22,-28,-39,137,-22,88,47,87,13.66,-28
-4.64,56,-24.72,25,-47,12,35,-44,-7,52.1,78,-18,16,19.26,101,107,73.79,-22.1,59.88,31,-34,40.05,93,79,10.22,52.13,119,-50,19.62,66.47,45,104,52.34,14.85,146,-1.27,28.08,58,59,112
90,8,-37,55,73.05,-7,11.21,114,24,-49,-19.48,90,36,52,37.59,29,73,76,57,48,-10.3,39,-24,17.8,86,58.11,66.26,102,-44,44.53,2,60,48,10.23,22,52.79,26.18,-1.88,14,141
56,-20.89,9,27,79,-23,-17.65,106,66,39.66,134,98,106,75,71,9.97,42,-21,18,100,91,14.32,-10.01,100,-8.93,19.75,42.43,-47,99,21,57.61,78,92,117,91,136,38.1,18,118,-19
58.56,135,51.77,100,23,-50,60,98,77,-15,38,4.92,85,98,40.5,39.35,70,19,83,16,60.12,110,58,47.13,-6,43.27,-18,27,-24.66,-15,-28,149,-16.75,76,-8,-11,89,141,39.35,45
61,20.5,55,122,57.11,82,12.1,57,23.01,51.65,37,-50,34.63,140,38,32,60,63,48.16,91,95,56.05,77,-16,-21,123,76,33.05,19,-8.8,109,-15.95,-11,105,144,65,72.72,19,0,64.94
61,5.78,122,13,18.72,61.42,148,84,42.48,97,-1,-6,32,-25,58,49.05,17,50,31,126,-7,77,42,-22,2.3,60.74,-18.01,12,43.08,3.21,39,10.18,-3.13,105,15.63,144,-40,147,-7.83,33.41
132,9.92,79,40.28,26,52,136,23,97,22.19,-43,62.08,-5,-19.75,136,35,26,99,101,7.09,30,3,58,74.03,-37,-27,61,-2.48,94,25.16,91,61.41,11,87,8.3,59.15,135,57.52,13.39,132
-10,65.45,-3.93,49,-3,-48,63,0,-16,-3.49,49.84,121,99,10.39,62.37,-6.99,-7,64,-32,80,27,59.61,102,1,65.89,1.29,20.29,53,52.2,44,-30,29,123,65,-20.34,3.23,47,4.79,7.89,-19
43,113,1.59,144,18,48,5.92,101,-35,22,44,72,-20.48,-12,56,-23,21.39,145,122,0.62,5,78,40.7,0.16,29,-18.44,-35,40.51,-5,41,115,70.94,126,10.34,70,72.82,-50,71,125,17.25
47,50,57,106,133,4,34.13,4,137,140,92,-0.18,-46,-19.38,20,133,8.89,18,91,-9.01,52,0.4,16,-9.77,5.39,72,11,34.75,90,32.2,1.59,-11.31,57.24,32.83,35.34,63,121,-17,75,-15.62
148,66.49,-21.02,-3.22,119,95,14,-5,80,76,84,-33,83,29.58,39,65.87,63,95,-36,135,122,-22,18.62,105,22,-29,16.03,32,-34,44,41,-7,8,76,41.79,85,109,70.98,82,72
71.46,28,128,91,50,48.69,-4.17,70,73.51,-28,-44,74.9,-30,10.69,125,-23.84,24,110,38,110,-31,49.32,72,28.51,53,81,-4.39,66.08,30,62.98,70,71.77,99,74,60,29,119,49,-15,35.52
58.72,71.99,51,-36,49.42,130,122,42.42,51.96,75,-14,83,64.63,11,43.63,100,2.41,36,103,39.15,43.1,-34,97,43,4.88,21,47,124,-4,23.57,-12.7,26.71,70,37,-12.78,35.02,-44,114,-14.61,6
94,109,-13.64,-3.03,30.63,48.95,-24,149,-12,88,-7,-17,30.7,128,67.41,4.08,11.24,33.54,19,28.19,67.89,-26,50,47.72,3,-9.18,12.48,51,60,-35,75,29,-32,-8.3,34,20.28,19,58,140,-2.05
-14,65.9,-25,86,78,114,53.8,-5.65,94,61.08,-3,-33,111,-0.25,36,118,-0.67,-8.88,65.39,47,139,-48,-16.73,20.23,55,-2.55,-7.62,28,24,50,-1.7,35.46,106,43,12,54.14,58,148,68.36,22
36,61.13,23,21,56.35,56,134,3.72,53.67,-42,-19.37,70.4,-4,-20,16.26,-16.87,-23,60.91,76,26,30.38,117,121,-6.76,-8,8.5,140,68,4.47,-22,20,0,8,-6,11.53,0.76,-4,-40,96,29.82
58.48,40.77,4.96,144,8,144,69.49,72,19.54,-17.34,51,-11,106,61,61.24,-14,138,48,45,-10.96,32,42.39,12.95,-8,-1.12,76,16,1.29,71.04,124,99,-33,29,87,-6.13,-5.35,68.73,-48,77,-20.54
48.29,-8.35,113,92,26,60,35.01,129,144,137,-37,108,23.82,22.7,29.76,13.12,-48,-16,19.54,15,-37,89,147,-5,48,46,130,23.75,110,-24.36,-2.91,21,60.89,-20.01,-20.67,-16.33,87,14,28.05,26
76,34,-17,-24,-39,85,60.52,-5.05,41,10.31,-18.71,72.29,77,67,-10,31.83,-5.14,3,59,64.86,71.62,38.39,-10,47.65,58,45.32,74.66,58,40,24,131,86,-50,91,-48,-3,-4.34,43.6,32,81
-20,-14.92,20.83,58.31,136,34,-18,24.12,-10,56,124,28,-35,24.14,40,-11,144,100,-20.77,50,121,110,137,62.62,112,4.72,86,76,138,23.32,0.84,-6,-24.17,24,-4,30.81,-40,89,84,40
17.9,14,133,34.95,19.84,8.68,58.84,-18.28,14.87,3,74,107,41,-5.86,-29,80,-33,122,37.3,108,92,51,82,-49,-23.31,-8,69,54.35,30.91,144,10.51,-6.05,51,-49,2.3,38.9,63.91,19.01,112,-35
-47,97,12,-33,2.08,70,8,57,-11.08,18.71,47.64,38,2.63,41.02,-5.86,9.71,36.36,87,54,95,22.8,123,111,1.87,56,-20.33,33,23.5,-16,0,-25,5.12,-37,43,24,-3.31,3.78,42.4,30,78
10.65,61.13,0,-8.24,4,134,25,-31,64,70,104,63.05,145,48,74.93,63.53,52,105,-20,-16,43,-45,138,-19,-42,15,29.14,94,34,59.65,27.42,34.4,28,117,11.69,26,132,30,-2.89,-30
132,70.42,147,108,-12,-38,-12.64,75,55.85,22.22,54.36,130,76,-7.07,11.91,50.64,31.77,-41,67.9,20,48.27,10.86,81,18,-13.93,-20.79,36,109,25.6,-23,49.16,72,10,0,10,136,25.4,-48,141,-21
-4,85,82,-21,58.34,31,121,56.13,-21,56,73,-18,52,2.56,66.85,6.33,0,55.18,87,136,37,119,59,68,-18,5,82,67,-19.05,18,132,60.24,108,-43,115,89,-11,20.05,66.85,29.61
46.35,9.61,26.18,149,10,22.58,12,140,-37,-7.32,-3.54,35.29,68,80,140,43,42.45,-49,-2,53.93,48.97,147,-5,140,103,14.11,-21.06,27.07,20.59,90,104,3,74,-38,-27,53,-14.53,-23.4,-25,26
145,58.73,50,-25,130,72,25.28,15,-48,107,60,33,60,100,60,132,26,16.81,69,18.22,-15,53,11,87,-3.42,62,60,-27,-5.9,-1,5.32,125,45.62,122,4.15,145,-18.8,15.57,-15,20.68
136,112,43,28.18,-50,40,45.23,98,46,92,60,33.06,7,59,85,140,-23.09,113,27.47,102,24,7.61,88,16.23,57.91,-24.88,141,64.36,-38,-13,44.09,136,6.51,43.95,25.64,-20,18.52,54.4,70.65,2
-31,12,13,64.28,95,43.52,63.5,65.01,136,96,24.31,7,14,-15,96,67.09,138,56.19,8.69,-10.28,46,15.25,146,-6,63.94,114,4,1,37,149,132,73.64,144,55.81,21.59,8.29,46,60.05,52.96,59.76
138,54.79,34,138,41,-9,-16,32,49.92,-14,-22.54,79,-34,115,38.09,55,-8.22,37.6,-13,-49,82,13.99,54.33,79,25,137,3,61,130,-16.5,-19,32.32,67,-5.38,-15,33.87,129,89,90,81
72,146,116,56,34.36,124,-32,-6.63,145,30,75,-19.54,17.46,55,-47,22,-4.95,27.6,50.5,39.48,42,84,28.31,52.89,99,27.67,-8.9,-1,134,35.54,28,-24.95,107,45.21,-16.98,21,45.54,114,42,4
119,148,134,138,-41,37,74,25.25,88,137,69.88,2.3,43.31,136,16.38,9,27.69,-22.57,43,-10,17,89,0.93,8.71,-19.95,-38,-2.42,-45,66,113,64.28,36.98,148,-39,70.72,-10.4,8,9,29,-18.17
-0.06,42.04,66,25.64,-9.57,0,-33,137,124,71,-29,44,35.51,73.4,147,131,114,15.19,8.59,108,114,-39,-23.44,145,74.58,-14,44.58,11.02,31,26.23,-18.55,61.97,-31,71.74,43.49,23.63,104,31,36.28,113
22,68,-12,46.26,73.02,65,-7.62,-20,-12,95,34.9,110,-15.1,37,111,20.16,-18.04,47,51,56,9.76,39,47.97,55.66,-31,44,31,-0.84,10.35,74.02,54,129,49.05,106,5,19,40.26,53,33,-18
15,71,74.8,62.91,-25,105,0,-11,-16.52,17.62,21.34,119,91,33.82,32,137,64.38,-21,-37,107,79,-48,-13,71,13.36,17.05,-7,-44,21.66,-45,-1,53,6.6,30,-26,61.5,43.65,-8.16,1,-30
-15.19,63,-26,109,-17,-17.51,21,61.18,57.3,63.13,-50,69,39,-14.15,-20,24,12,2.3,70.02,-25,134,33.48,28,69.13,26.8,-20.93,-9.49,-8.94,139,114,95,95,59,-10.93,24.76,-10.52,-21.89,41,-24.7,146
-6.51,14.85,26.28,36,99,41,129,28.99,-1,31.06,60,108,73,51.65,-1.51,31.22,28.95,105,-21.32,48.97,122,12,-45,-19,36,111,57,-33,59.44,19.32,19,4,33.91,109,109,47,-27,62.7,-46,51.13
1,60.13,37.34,101,89,50.56,-31,144,58,48,44,-5,137,20.95,109,0.66,44.25,21.32,74.77,17.01,56,12,143,14.85,-20,-2,32.25,-4,-8.13,105,49,-16.26,53.64,130,53,-4.67,80,114,-13.6,-29
-10,122,31.09,51,-8.39,31,9.45,-12,-0.25,42.7,69,-44,3.56,94,-24.67,17,95,-41,116,-10.95,-37,-5.89,29.03,46.33,8.36,124,47,135,16,30.09,49,50.92,20.09,-22.69,56.5,-19.72,-50,138,139,59.6
-2.37,-12.25,53.31,107,130,67,27.11,29.54,113,59,96,117,26.19,9.02,38.76,-14,121,-3.28,107,20.63,59.5,12,5.19,-46,72.13,141,148,35.39,-13.39,20,13.09,23.57,19,45,-29,-47,-10.72,139,24.63,38.35
71.11,-50,-27,21,17.62,-10.64,-5.28,36,96,16.91,6,120,60,8,71,84,79,-10,33,72.58,17.23,37.96,131,94,-12,135,15,33,110,-0.12,96,107,-17,34.94,-5,137,25.86,3,13,67
45.47,50,57,-32,24.14,52.36,89,6,95,93,47.03,13.58,56.54,110,4,80,-43,116,46.97,31,8.34,-43,61.68,29.4,3.64,52,-8,-15.51,28.08,47.95,-22,18,-1.96,128,-24,63,-23.35,18,-14,-24.35
34,60,73,51.16,26.62,83,66,19.57,107,-5,-11.77,96,60,-11,-12,22,-12.58,50.21,148,35,52,-49,94,57.77,-33,5.2,-43,65.32,148,141,109,78,42,116,93,74,-7,-36,85,59
6,21.53,58,42,112,26.11,1.52,60.33,-38,130,-18,117,43.13,2.18,48.4,35,52,-47,34.33,-21.89,63,140,140,-17.67,14.03,-10,37.85,-4.56,36.64,-42,63.88,127,-19.75,51.62,-9.72,104,66.13,23.12,68.28,34.43
144,95,54,50,-12.62,-22,41,53.95,24,38,55,126,-23.43,-3,129,133,67.07,54.71,-39,-44,3.33,32.74,-21.11,120,136,-14.53,-16.51,10.16,103,-33,39,-9,75,93,79,75,34.76,78,-15.26,40.1
125,-1,59.32,112,96,33.38,-2,41,93,64.38,92,-15,-6.75,45,129,-1.91,114,-7,3.16,10.95,88,119,0,52,99,55.88,-45,84,-28,17,15.79,10.77,-34,-7,-10,-14,-50,115,15.65,-6
8.83,13.08,1.59,-11.2,46,104,69.63,61,-1,112,33.6,-22,-1.09,-1.77,73.94,17.68,73.23,30.83,80,37,45.09,-18,18,40,-24.37,-5.95,34,123,116,38.04,145,94,114,106,61.05,-44,20,1.49,6,-22.44
47.9,19.78,-50,54,57.02,33.23,20,81,69.54,46,-17,15.93,118,9,29,60.34,143,8,-41,24,44.46,73.27,138,52.39,88,77,-1.32,96,58.73,146,7.54,37.47,41,55.29,43,-6.03,32.06,131,34.89,-9
46,-42,109,61,41,-8.71,7,-32,-24.16,-12,8,77,-14,24.51,139,-29,-21,46,25.06,90,78,77,-26,22,-45,1.83,60.39,46.53,68.04,61,-11,29,51,57.49,94,66,68,32.16,31.82,39.43
-17.16,35,75,1.53,43,146,29.13,64,29.95,45,135,141,32.72,36,100,142,90,99,51.65,77,59,111,112,-13.57,18.47,-10,-0.05,20,4.6,109,146,41,7,95,17.24,134,127,12.13,56,101
49.48,-5.21,20.27,30.43,35,-2,10,0,21.47,23.76,89,47,-10.26,26.58,34.2,14.3,37,148,22.42,23,-42,84,42.04,32,35,32,-21.06,17,35.52,55.24,113,112,126,40.63,0,35.04,-15.62,77,18.97,24.6
31,-11,89,44.96,30.34,-40,143,32.58,79,-49,5.83,-24,71,61,61.76,1.83,14.9,16,141,60.04,118,63,20.91,45.69,-8.58,-20.19,44,28,-33,6.71,50.12,-24,29.06,-23,83,147,-30,55.1,-12,58.92
59,-15.02,95,89,-0.82,8.33,63,112,64,83,-22.68,105,-29,32,-13.06,-14,76,102,-16.62,1.07,94,93,-12,-6,106,33,107,12,-21.15,-19.72,121,-11,126,110,142,61.8,-47,111,0,58.33
14.91,58,-41,-16,140,-43,-19,4.02,-46,57.22,121,-34,53.17,107,23.21,110,-9.16,74,81,-8,61,46.58,84,7,0.29,38,53.75,28,48.63,84,55.1,54,-14.84,120,63.62,74,26.51,59,57.6,123
61.41,29,54,52.38,87,146,69,61.46,47.41,63.72,35,51,33,14.92,55.83,84,76,117,3.93,80,51.47,-31,-47,50.32,146,-4.01,30,26,15.04,130,116,-13,39,126,-15,-13.05,20,18.82,68.97,-16
41,-19.76,95,8.48,-22.02,48,58.96,32,16,83,-2.95,97,0.74,98,82,55.65,-9.85,-22.93,84,-14.41,134,112,53.69,128,-37,71.52,73.54,70.96,20.71,130,50.31,72,59.06,39.38,3,12.34,37.95,-14,0.56,21.02
70.23,52.95,2.61,1.63,12.17,-37,52,15,61.26,-2,73.85,-13,46,-27,22.2,15.5,62,37.65,133,-15.61,20.49,137,22,19.83,55.61,-29,24,-47,11,34.98,-3,35.18,54.65,-18.42,47.71,-30,68,-40,-2,-35
11.28,64.87,73.67,52,8.19,105,10.51,41.47,130,57,61.17,126,4.72,135,126,34,86,-45,114,45.99,112,-29,-3.55,149,120,15,120,-30,54.2,-13.89,142,55,-12.49,-15,8.49,124,70,142,1,57.18
123,-47,25,57,23,84,3,74.35,1,21.77,-3.08,86,18.95,124,115,-15.16,77,47.29,53.85,32,39,-46,-47,-15,15.07,47.84,67,-19.48,75,39.3,30.93,2,67,15.07,119,96,16.8,-11,70,-39
127,-2,-48,115,68,43.73,66.17,129,49.81,125,56.76,-36,-15.79,40,28,61.6,70,12,6,13.31,-47,99,-20.58,136,137,78,-13.5,80,109,99,-16,61.74,26.02,-21.5,7.74,35,9.69,20.77,122,-10.16
35,-47,68.11,54,105,3.65,14,69,-19.66,14.2,74.04,57.35,69.13,8.26,32.15,-4.96,-19,46,11.8,-8,70,65.72,-28,95,-32,7,15.78,39,40.34,68.29,-4.78,70,105,44.18,19.84,69.26,17.26,21,48.65,120
-21,54.12,128,-39,-17.14,104,-45,43,-10.43,-15,44,63.26,20.21,105,1.2,-17.83,-21.8,5.13,18,145,-19,33.21,-37,65,-29,4.38,3,5.17,58.17,129,19,62.75,-20,40,-7.93,45.46,-10.69,59,36.54,-38
-15,16.2,131,-24.2,49.17,32,51,27.43,123,71.63,-8,-5.89,46,17,86,9.69,141,55,-4,9.32,84,56,50.17,147,-12,48.74,30.01,65.86,84,56.56,32.39,65,39.82,81,50,-17.89,-6.72,-9,14.48,67.81
-30,78,-5.28,45.88,21.08,80,107,97,14,-15,-35,0,-48,66.54,-45,125,33,16,8.2,94,122,9.06,39.74,-11.55,2,141,49.16,117,98,68,19.49,-48,20,-18,7.08,80,-3,-1,22.99,35.23
44,112,-41,30,0.62,6.73,106,138,-31,105,63.48,-39,41.27,87,25.88,39,-14,-46,87,17,93,-3.2,122,31,-15,34.24,60.93,148,143,-11,149,36.68,0,13.8,74,69,53.51,50,10,99
34.16,83,28.9,10.3,10,18.33,70.74,120,80,115,57,2,45,77,64.01,64.62,-16.95,-35,-0.92,51.25,-21.94,25,107,12.34,36,69.59,112,42.35,31.19,55,125,70,95,109,32.5,-40,-12,45,51,44
-49,-0.24,24,26,25,3.42,19,57.59,72,-18.64,113,90,20.04,54.64,17,75,-9.12,30.57,62,8.74,20.46,133,102,112,49,68.06,-15.73,51,-11,-48,148,41.31,38,20.96,63.5,53,-30,131,62.81,21.12
141,1.66,126,-31,27.49,106,-15,50.88,-13.56,59,83,57.59,69.66,5,-13,69.36,86,10.54,140,124,52.36,30.78,-18.82,64,22,-28,41.82,42.62,47.42,-22,143,89,66,55.45,7.24,13.8,39.34,58.52,107,129
123,59,79,43.5,4.3,56.35,48.53,122,20.64,74,58.4,54,84,84,139,62.31,43,100,7.87,16.09,59,-5,113,124,8,40.58,-19,-8.18,4,-16,72,33.45,119,1.07,44.17,61.71,-34,97,22,0.54
64.61,-49,71.08,54,125,11,-23.52,7.85,58,23.07,60,-39,-17,73,114,31.15,-31,-42,111,141,21,27,-47,6.68,32.4,131,95,-5.3,10,-10.03,-11,41.06,38,-32,-9.84,92,-39,93,86,137
115,123,24,48.59,40.94,-10.29,15.73,-2.43,138,34.02,113,35.17,35,106,59.28,103,34.26,27,127,69.43,-16.72,-3.19,-16,68.6,-3.59,13.14,-4,31.12,137,28.85,-9,-12.53,116,63.47,132,42.71,132,140,-20.84,-44
-26,-23,7.12,-7,118,23,34,62,109,-15.42,40.83,110,68,10.86,73,-23.12,64,3,90,96,138,43,55.9,96,23.23,11.85,138,133,25,57.99,43.86,-0.05,19,74.45,96,70.68,69.74,135,34.01,59
34.21,23.65,38,90,-19.81,50,46.59,32.48,61.68,7.68,119,93,-22.39,124,45.63,-10.09,-5,51,110,47,81,64,-24,27,69.09,51,106,35.49,16,15,33,43.75,-30,17,28,-23,57.45,102,61,69.21
49,-40,107,17.58,107,87,130,15.95,52.39,11.1,48,1,129,4.83,-11,96,78,112,16,101,134,43,-11.28,88,88,-4,-3.9,50,138,35.48,53,14,57,35,24.92,25.88,55.52,105,79,129
12,-1.04,78,4.43,-11,122,76,72,136,-0.21,63,11.14,108,14,21.15,17.19,38,95,64.2,6.57,62,-4.69,59,-4.68,-45,72,64.29,43.26,62.01,32.85,23.64,126,-23,27,-6,15.38,-15.91,90,104,37.69
-33,22.17,135,-2.79,11,1.88,-20.36,4.02,4.74,71,32.07,149,79,54.01,119,4.66,100,52,69,136,-6.32,124,-22,130,143,-49,122,18.47,44.73,35.85,-17.21,9,-6,97,12.08,40,-48,47.8,23,20
-37,102,67,18.61,72.94,18,28.02,33,83,-4.62,13,23.62,-34,29.27,-7,29.15,52.35,-20,45.92,99,129,88,17.71,36.95,41.56,82,24,-18.7,43.68,-24,1.76,73,145,114,63.39,54,71,139,-22,129
105,55.49,-7.38,12.97,95,53,67.04,86,22.11,13,38,17,15.94,73.74,122,41.02,149,-16.64,14.9,-2,41.54,8,73.01,68,-44,16.27,-24,27.48,2,-6,41,19.91,54.13,40,20.41,57.14,-20.05,12.12,92,67.25
89,105,50,10.05,87,25.37,-8.43,25,20.22,29,147,95,85,3.47,140,54,138,9.12,-11.82,146,24,-15.5,-4,2,-47,102,-21.71,16.86,-1.28,144,-13,115,-17.95,-5.8,129,51,-22.52,45.82,16.44,143
68.55,67.44,-2,37.25,131,-2.86,-2.25,103,-44,64,73,103,52,-7,10.83,-10.17,52,48,22.46,7.18,79,20,-21.97,135,-24.82,-21,133,46.85,75,89,-1,65.75,94,126,-25,28.96,87,33.46,73.31,-0.62
64,114,145,33.43,21.86,57,-31,2,28.26,142,116,115,50.31,38,59,34.17,67.76,12,24.01,18,22,124,65,-46,-8.45,-10,108,53,147,9.14,62.12,13,3,-33,127,96,16,62.5,-23.53,-39
112,-25,-8,141,133,9.3,3.56,-5.44,53.45,37,-9,27.26,72.03,50,-34,-13.87,70.12,92,-17.79,41,62,59,14.14,106,21.12,81,21,35.72,1,41,43,78,11,121,-8,66,51.69,16.84,-15,94
-7.87,4.02,5,10,6,19,34,23,137,103,2.16,87,-28,3.31,-39,64,-1.52,46.53,85,2,-1.34,45.87,-22.51,42,-5.2,36.27,120,-47,41.21,35.91,113,22,56.88,0.35,-26,28,-22,-22.95,-10.58,2
11.26,59,76,15.82,140,39.1,102,134,30.9,148,65.96,49.52,-46,-14,5.41,0.87,36,-29,51.5,18,88,53.84,-17.12,148,-26,39.3,14.23,28.27,122,44.91,50,30,121,36.96,106,136,70,24.56,54.75,-6.28
138,17,78,134,-48,-2,-1,149,58.15,62.23,91,-24.29,61.23,51.19,72.27,55.58,78,-11.03,79,41.38,-7.71,-5.65,65.69,68.14,-20,-8.45,140,81,79,72,61,81,78,28.78,5.02,30,129,66,31,-14.47
38.11,1.5,16.12,74.85,65.45,95,36,37,-44,27,-46,100,62,121,34.19,135,5.03,8.57,38.11,71,-19.92,41.31,29,25,-13.65,-20.13,30.49,126,74,81,19.44,-12.92,5,17,-9.05,16.5,30,39.78,-6,39
42.85,-17,41,-14,106,-9.25,-20.97,6,-47,28.65,-11.19,-3.87,107,104,-0.1,-27,99,-4,64,69,5.81,56,80,-17.3,-2,78,20,-49,72.78,-24.49,73,6.87,-40,101,16.37,54.43,42,34.29,14.72,-43
-47,82,65.13,-12,-24.74,68.66,-13,23,56,106,34.01,-19,-21.77,112,66.09,41.95,-41,-39,-23,-18.26,60.49,82,-3,-41,-3.26,62.58,-47,74,58,5.19,88,-22.69,55,140,45,136,-38,53.17,13,36
146,-21.93,52.51,76,47.26,-46,50.42,0.92,45.04,9,52,-15.62,138,64.1,64.78,104,-20.98,62.85,125,-20,45.82,54,38.77,-22.47,-48,6.86,20.82,11.73,2.59,37.59,119,32,64.47,46.95,19,128,135,63.7,66,-13
23.05,136,69,-13,115,12,45,52,73.77,-21,136,11.26,53.33,7,34.47,124,56.4,-16,111,-7,40,78,57,-22.11,-44,56.45,55.1,-20,17.01,37.83,73.16,132,135,63.47,21,41.12,64.28,1,92,-38
-20.97,67.44,102,-5,12.9,73.85,146,51.72,30,148,-47,86,121,-16.35,2,51,3,-5.58,131,11,36.78,-47,74.68,132,5.43,-41,19.34,14.4,-37,61,26,127,45.3,85,147,15.68,77,-33,-3.64,-12
25.65,69.11,104,41.53,28.13,26,46.61,26,111,66.29,-20.08,81,28,61,54.41,36,9.1,-2,24.38,-12.41,85,45.2,56.83,-16,42.63,14,10,66.02,50,44.52,-4,87,33,66,90,19.74,127,-24.21,2.65,77
44.5,-20.3,-7.49,143,51,146,12.92,43.17,80,138,57,22.8,-29,92,16.06,13.11,90,110,-1,11.15,-13.83,30,58,13.05,-13,104,-7.7,44.29,44.74,84,13,50,76,26,13.47,-27,-18.51,93,59.53,110
73,29.54,106,50,15,132,56.17,14,43.36,42,-22.18,-23.86,-24,-13.63,111,91,68,70,128,117,33.46,-13,23.3,-25,-14.44,17.44,-34,62.7,112,93,100,127,-22,1.12,44.93,78,-9.63,80,39.42,-12
-18,16.51,85,126,-43,-5,24,113,142,-23,115,64,65,38,149,-13.13,-18,67.99,-33,31,2,108,-8.76,-0.53,22.17,-31,38.27,30.51,12,21.37,44,80,21.12,109,50,140,15,1.6,33.34,95
72.35,-39,68,69.39,-13,62,-12.39,94,-19.32,45.98,-15,36,-19,99,148,80,138,-40,135,33,82,-16,8.27,90,19.54,126,76,-20.7,-41,-36,32,72.72,64,6,12,147,-9.42,-7.19,18,-14
-21.41,7,24.49,112,3,49.04,5,11,74.71,15.83,122,148,-20.29,-20,132,99,3,-48,26.8,61,50,5,93,-19,22.3,63.6,-22.62,-4.93,21.18,-11.78,140,131,36,55.17,-46,1,-6,116,107,130
11.47,89,-9.28,-10.21,10.66,-49,57,-14,44.37,78,-13.96,113,14.08,-16,25.19,44.11,-19.17,127,-23.87,-40,-17,33,60.13,34,18,28.77,52,59.21,-8.97,-17,-5.36,15.32,-3.82,70,-24,109,-29,-12.21,85,134
10,66,30.24,-19.53,72,33,-7.28,123,-14.02,106,87,69.96,56,15.23,74.5,84,65.04,108,-9.5,107,108,-40,55,121,-28,45,-38,30,46,-27,-24.86,100,89,44,49.02,-46,-20,-19.42,11.71,1
54.54,144,-20.58,-13,-5.73,33.89,51,58.54,66.4,5,-1.32,95,47.61,46,103,52.86,55.37,131,10.4,52.53,6.48,-5,33,27.1,-2.86,114,13.39,21.44,49.41,129,-0.54,88,17.2,141,58.51,42,40,1.27,138,2.1
95,-15,-7,11,50.67,98,82,135,44,117,-44,45.02,91,47.22,68,78,88,54,11,25.67,-9.4,43.06,98,-50,29,61.61,121,40.33,56.88,63.18,20.72,-7,70.59,-1.14,-3.95,110,61.42,23.24,33.86,89
10,-18.15,0.66,5.22,25.63,43.83,144,100,-38,-31,20.92,47.4,-48,70,61.35,44.26,39.47,119,61.15,76,-23.55,56.67,85,91,-17.21,-12.11,135,-27,94,122,67,-21.53,22.12,-30,46.93,107,59.72,43,-20,143
35,-49,-6.79,34.3,109,35,27.51,80,-16,123,46.58,-44,74.4,-49,-31,71,40.4,-22.38,-8,51,-6.63,73.19,78,6.97,10.51,63,52,-15.62,11.97,20,135,16.92,11,-48,88,139,29.83,52.99,-34,-0.73
58,148,-3,141,-21,-17.76,23.63,66,34.86,-37,59.81,120,111,22.02,70,14,117,57,107,-15,13.18,110,55.32,-0.7,149,44,69.95,53.85,43.05,66.9,138,77,68.62,-15.39,31.89,38.14,134,53.01,20.77,38.04
21.73,118,-15,-22.43,40.23,14,78,67.9,10,69,-43,60,-38,-25,57,148,0,-4.42,-1.82,-19.49,31,134,-40,132,-4.91,18,8,20.77,-15.61,46,29.96,-16.64,30,107,-6.69,138,71,-14.82,61,73
-5.38,-42,20,-33,80,74.31,13,53,-16.11,10.77,26.57,0.19,-10,112,-22,60,80,29,50.36,12,10,148,63,27.42,63,78,-12.73,30.66,121,40.47,103,-7,137,96,60.57,65.52,148,42.5,-40,41
-1,19,54.07,-2,15.37,20,109,132,-7.89,130,39.63,44.94,1,-11,56.2,103,20,84,47.07,42.96,15.44,-16,-15.2,146,-34,65,-43,104,57.48,17,-7,84,69.92,-34,137,64,21,-33,139,66.44
11,38,45.81,-9.05,47,145,133,6.03,-13,-12,-0.56,-14.9,28.39,-6.85,75,18.47,64,15.07,59,129,94,67.63,7.8,21.95,39.68,50.48,-7,-21,139,-1.82,68,14.8,42,26.95,38.02,97,90,4,118,-7
31.85,-15.78,50.6,62.56,-21,103,17.94,74,56,36.44,73.77,43,143,96,44,56,84,7.24,64,105,-43,6,12.94,26.94,27.35,40,1.96,-9.98,63.66,-44,19.97,101,96,-23.11,64,41.11,45,-8.96,-11,87
74.84,-40,47.27,5.45,17.79,133,89,78,11,-1,3,-27,48,-8,-24,17,139,85,11.39,18.16,-26,13,95,33,-4.25,38.16,26.63,39,45.53,43,66,124,25.36,69.82,133,-26,61.75,-13,-34,70.54
-15,84,41,63,32,4,56.11,39.83,7.36,111,-24.06,41.29,58,109,99,23.65,132,17.41,73.2,36,67,135,-20,-26,31.15,72.53,40.7,-11,18.25,72.1,51,34,111,104,66.76,68.58,15.61,-14,55.37,-19.55
33,6,130,19.12,-11.62,74.78,22.33,1,128,50,-20.54,51,12.64,-5,69,64,138,53,12,-13,58.77,31.68,91,118,-42,82,40,71.92,2.21,20,39,14,9,3.64,-7.88,52.84,4,38,-13,18.74
52,104,134,94,-35,47.9,39.9,68,14.61,-16.59,17.46,117,-3.97,51,10.84,-14,-14,16.74,18.59,23.3,-18.68,6.49,94,36.27,109,28.1,46,140,85,0.94,27,19,-38,31.97,139,53,67.99,17.98,36,32
-30,74.99,62,73.51,-1.75,24,69,12,35.63,-14,113,-4.9,70.23,0.4,51,59.86,70.05,-47,72,-42,-49,9.17,101,92,67,-6,117,89,119,14.41,64,61,28,1.5,19,46.42,0,48,41.68,-48
33,63.26,18,-9.13,141,25,58.03,64.9,63,24.93,-6.05,42.45,-11,39,-23.32,67.78,74.55,50.33,-43,70,-15.3,82,39,31,94,111,24.83,48.81,66.7,26,-20.24,-30,39.05,114,148,59.87,60,-10.35,81,117
31.79,26,39,78,-21,110,22.11,-18,-31,109,59,-2.97,32.96,73.57,65.05,85,57.84,-34,99,-29,54,-2.71,63,20.58,60.8,17,23,-11,34,55.02,51.58,37.32,148,-2.13,92,54.31,41,62.25,7.29,15
40.36,-21.11,58,-5,111,-17.25,139,142,-27,88,5.97,64,-9,52.85,65.67,-11,-15.32,6.91,50.09,44.36,69.85,16,68,119,81,66.27,-11,8,-43,88,-7.58,-17,18,-11.83,16.34,17.7,-49,26,0.4,16.39
11.32,15,120,54.5,-20.49,135,-2.52,58.49,141,79,14.94,17.71,24.55,88,-19,125,-1.04,-4,-21.34,73.45,27.24,73.92,95,44.62,30.64,57,35.94,111,140,70.29,148,44.07,39,22,4,18.73,85,52,-37,68.96
34,64.06,115,90,-3.84,33.34,139,-46,80,31,1,85,37,-37,14.06,25.75,-14.74,135,38,-17.18,19,132,62.2,-2,143,114,71,31,31.05,99,-14.25,-36,143,21.71,68.85,-19,112,-16,17.87,127
111,39.03,38,143,39,66.63,34,31,35.41,-22.27,12.35,74.17,105,102,129,36.4,-2,69.61,5,-24.01,40.22,115,-19,62,46.69,-30,115,73,5,60.58,49,57,-10.83,21,-11.91,82,46.34,45,112,-8
41,46,17.45,17,41,130,14.04,-16.67,129,102,0.97,90,-11,102,72.14,145,65,52.98,-45,-10.08,20.32,-47,31,-7,-48,12.7,70.4,93,53,-10,28.79,50,116,30,141,5.52,121,-9,88,51.48
104,-7.59,28.72,53,24,28,-22.03,133,76,0,11,-24,72.4,75,122,36.24,-12.67,6.41,29,-24.26,-0.79,146,-38,36,-38,15.28,38.74,-22,19.85,54.53,46.88,25.21,0,-1.2,123,-29,108,50,-9.31,-35
24,31,98,-10,9.15,101,7.81,47.37,142,13.75,30,-22.51,79,44.91,-1.97,121,59.7,11.74,-14,13.24,51,-10,59.19,125,0,31.86,132,42,149,7.93,111,103,39.67,-7.33,9,-13.74,-33,70.35,-10.28,132
132,28,-23,143,103,146,101,129,11.18,-3,-22.97,108,35,73.59,-36,40,83,75,77,55,-1.32,30,-45,-1,54.61,138,-23,47.36,-49,88,17,118,43.92,44,37,9,120,107,-11.45,-45
-16.36,-19.15,70.33,9,1.39,55,-31,24.48,54,56,22,20.68,-0.51,133,-38,-22.62,26,-40,47.38,53.6,-20,53.15,56,3,45,-23.87,2.65,128,12.78,44.94,65.95,42,-32,128,10,63.38,-0.9,-2,99,27
-5.59,43.61,12.44,17.93,28.49,97,148,46.04,128,38,-4.56,87,19,8,4,111,9.12,111,78,-3.99,6.54,27,-28,-0.14,37.61,-3.51,60,55.6,-33,-9,27.69,-48,68.62,-14,57.45,15,14,120,112,-30
50.72,131,122,80,58,86,-8.54,-13.78,-16,76,21.1,74,107,2.75,-6.37,128,56,17.43,3.12,28.25,133,44.54,-42,34.18,129,16,47.93,37.83,-8.02,27,9.75,-39,16.22,139,141,100,-36,37.01,57.71,54.93
11,72.51,-31,-17.91,-27,4,69,68,33,1.53,92,17.55,15,97,-5,15,46.64,18.02,135,61,110,41.44,-20.25,73,139,-4.26,43,62,148,50.5,142,35.17,-42,39.88,33.04,31.16,-41,-37,118,20.88
-2.13,-38,-24,55,-28,-17.27,62.2,64,3,7.53,22,7.6,24.86,130,-15,41,59.23,65.63,58.55,-1.49,92,142,54.13,-10.01,-12,-3.29,55,92,-24.51,37.48,30.24,74,141,88,-9.08,74,38,14.54,81,68
68,-16,-18.72,38,3.85,129,131,-42,-7.55,104,32,114,-26,34,29,-8,-36,54,12,31.07,58.67,-16.3,-20,7.27,48.92,50,32.48,-23.68,59,-14.34,47.23,27,114,143,54.33,16.31,-0.23,-10.9,-1.42,29.68
29.53,149,38,-15.8,26,-18,76,15.18,-5.61,136,11,-19,-4.15,23,44.2,-9.73,-18,-3.32,-17.85,-13,12,60.61,39.54,34.61,34.47,21,47.01,73.02,-19.43,125,52.07,65.22,25,57.96,126,34,18,23,-0.82,-5.3
-15,-16.82,37,44.46,-12,1.47,82,-32,148,33,37.76,89,47,118,18,13,18,28.05,-7,62,-24.07,138,74,130,47.83,31,73,134,43,3.11,102,12,12.56,39,-39,29,108,63.63,-24.6,137
-43,54.58,2,65,-47,67,104,24,-23.25,97,-7.42,71,19,5.91,24.04,19,19,134,-1.15,72,61.67,99,-8.37,-2,-7.94,-14.21,-1,110,20,-2.31,-12.81,-30,-15.45,0.63,71,102,48,-41,59.1,36.36
17,118,25.32,39,-31,-16,-37,33.78,46,-1.39,70,56.74,-19,15,21.03,59,-6,11,-32,-24.4,113,-9,20,33,52.51,64.31,-0.36,66.84,-40,55.7,46.73,-1,104,49,26.97,74.42,121,22.68,35.55,29.7
19,89,67.87,-45,138,44.07,132,-3.06,-42,62.84,50.68,97,38,-12,24.35,-21.48,56,43.56,38.36,5,56.35,-50,-10.55,41,84,36,-17,17.87,20.82,21,9.07,72,44,0.79,4.97,-24.16,-11,3.66,83,34
-8.8,37,26,31,143,-24,39.35,59.94,33,-8.63,134,9.13,-22,-1.65,-17.98,-10,30.17,134,76,142,29.54,3,-9.31,12,37,-10.16,139,27,9.39,12,16.06,133,-23.36,27,103,-31,47,6,14.45,85
-20.83,64,32.18,143,82,1.82,49,9.76,50.42,149,104,51,91,144,71.35,32.79,105,26,117,49.97,-35,104,39.34,33.64,-13,36.61,119,-13,12,38.85,27.59,50,63,7,147,9.02,31,17.92,25.22,62.68
19.84,35,117,3.86,10.27,60,-13,10.22,-6,6.25,41,30.94,-21.79,-6.32,103,46.07,-6.98,46,0.4,69,32.39,39.14,69.97,-16.59,52,123,104,0,69,20,-17,-15.88,-7,-41,57.11,10.53,26,31.13,21.83,-5.02
149,0.7,50,-7,73,62.31,142,133,-32,0.18,-15.62,79,143,34,82,106,41,73,125,40,22.48,16,-27,16.98,-21,105,2.57,-34,1,39,33,102,131,127,-3.62,141,83,-2.77,-1.84,40
60.19,91,12.12,136,3,-42,143,51,33.03,74,112,37.21,140,113,-33,0.51,-15.02,91,5,54.23,73,23.57,112,44,53,37,70,-18,-25,110,44,32.22,6,86,91,63.49,67,-28,56,-34
2,20.26,44.38,13.97,65,72.6,55,97,12,119,58.47,43.35,-4.87,16.42,132,-17,4.72,40.67,66.88,117,128,12,54.66,22.92,94,45,-39,93,16,11,16.83,-46,60.17,-1.61,7.96,67.25,149,-2.2,9.46,74.64
108,68.8,-39,-23,104,27,-30,112,-9,11,77,138,95,-6.24,39.32,61.72,3.21,134,91,39.66,59,29,66.71,29,-21,-3,65.27,8.94,-11,111,-50,-37,138,40.93,67.35,60.47,-14,64.8,131,17
66.14,-1.47,-42,2.8,118,74,121,14.01,54,64.89,19.36,72,7.62,45.65,44.11,119,7.9,134,99,82,13.94,0,68.42,31.64,41.03,3,-38,71.53,48.83,-34,56.32,-11.69,20.63,72,-11.91,32,130,116,31,45
31,-16,49.33,-12,59,-24,62.82,36,63,-3,61.63,-14.63,-32,-4,11.38,3,44.69,71.59,58.75,56.45,13.52,41,58,-21.93,63,42.18,14,130,79,18,129,136,-16.88,47,58.54,5.4,67.9,124,33,71
93,-24.11,44.55,148,-16.19,37.1,19,13.41,35.6,50.87,-49,21,128,125,-23,0.03,33.32,69,91,-35,71.91,82,89,47.88,-36,-0.76,41.54,15.95,-14,118,-29,-8.18,42,51.88,147,53.16,88,68.35,5,119
66,-19.59,22,34,45,121,118,72.54,74.79,28.98,24,148,0.87,52.32,9.35,54,33.76,4,40,-15.11,14.36,97,74.16,90,108,38,51.56,31,23.08,50.17,4,109,-1,11,-3,41.45,130,105,-37,33
64,-46,0.48,56.8,-15,-6,144,90,-14.46,59.87,19.76,-43,19.62,31.11,-18,-10.54,19.96,-8.06,135,-26,34,72,-25,117,52,106,77,46.75,1.13,28,115,-28,117,1,30.59,12,72.71,-20.82,28.57,-16.39
43,-7.28,137,121,36.21,10.13,139,48,41,-43,14,12,30.03,63.31,43.74,97,51.42,20.63,19.56,24,61.64,59,133,26.63,141,-6,43,129,106,-6,121,-27,116,78,-43,-5.42,96,-37,134,74.88
142,37,48.34,106,56.21,72.74,17,-15,59.85,39,72,55.33,2,114,48,101,16,-29,41.56,-46,17.01,-8,114,-3,18.47,-24.26,34,-9.6,2,66,-21,31.93,116,141,55,85,22.51,3.6,25,137
21.84,116,111,87,-2.25,4.71,137,25,19.27,129,114,75,70.77,98,54.07,37.2,37.14,141,139,53.58,16,54.55,97,111,-24,-36,-13,82,76,108,93,89,33.54,43,15,75,-8.22,28.94,141,23
-3,78,50.42,42.21,47,17,-21.18,39,144,78,63.66,25,29.92,31.01,67,30,135,3.92,-35,3.11,58.43,92,-6,-11,135,26,69,133,76,95,-42,134,-3,68.41,95,-20,28.26,71,135,82
0,69.15,54,107,51.58,15,-44,39.92,-38,80,4.4,-10.71,127,-46,48,-47,21.29,61.47,48.92,68.47,-7.69,18.29,18,46,36,148,10,-32,65,64.34,-5.9,31.24,28,78,-8,-1,-12.05,33,11,45
35,-0.48,47,50.4,33.92,5.29,46.68,62.35,10,18,7.51,122,-7,-6.85,56,9.24,29,7.44,-39,22.37,125,33,116,-48,-24.28,13,-2,44.67,9,14.95,20.32,100,36,75,-2.07,69,120,18,3.75,58.24
-45,63.24,33.41,43,32,-13,105,5,-22,-11.41,111,48,73,13,21.23,16.11,-22,5.67,-19.17,134,4.23,27.73,47,53.52,59.03,29.21,-1.52,44,71.67,108,120,16,-32,-40,34,41.19,-4,34,16.42,133
142,13.46,94,-43,28.07,64,118,130,7,112,28,-47,87,-7,10.71,50,-10.24,48,27.73,52.67,146,38,-14,9,50,26,43.68,68.88,49,29.91,31.86,147,34,41.94,106,30.97,56.98,98,14.68,-25
79,142,-14.03,46,5.71,37,-46,133,-18,77,58.89,-18.36,1.3,18,-38,142,-18.71,137,138,-30,-28,126,95,3.42,63,138,49.45,84,73.43,26.56,-9,136,71,-12,61,51.94,86,25,87,7.83
69,18,68.55,109,124,58.78,1.47,64,9.6,-10,90,17.44,120,142,135,61.25,-40,88,1,43,55.85,27.47,52,86,1.34,116,113,57,77,-49,72.06,20,6,-41,133,70.74,61.45,29,-30,74.38
-0.4,23.19,-33,95,60,50,118,21.81,68,53,37,54.39,54,-20,9.8,33,-33,7.27,-3,80,38,73.3,-6.96,24.39,46.44,46.4,7.92,71,17,131,149,20,-46,-38,63.57,23,38.02,103,143,-8
63.21,31,-17,33.46,62,134,108,10,86,-15.02,-23,140,14.79,39.59,32,116,28,36.14,29.75,14,6,84,129,0.02,67.66,-15.08,144,84,4.77,0,8.23,53.96,149,47.84,-23.67,-46,108,147,-21,49
1,12.3,104,41,115,-45,142,61,92,20,54.42,79,-31,37.9,73,-38,27.27,47.86,114,-12,5.51,142,58.53,-20,55.72,107,43.12,6,104,-8,125,43.11,85,66,59.38,-50,10.61,43.06,71,120
100,28.9,125,111,91,139,84,-24,14.76,-38,93,-4.11,38,113,47,-21.92,34,31,107,4.41,30.8,145,98,60,4.6,26.05,61.98,71.34,-7.34,45.25,58,51.67,56,-7.56,-13.68,44.6,88,15,-12,58
78,-9,42,122,-5.46,17,149,110,123,-36,66.22,106,4.05,9,6.73,-34,26,90,-19.6,39,79,48.94,35.82,74.34,71,-15,1.51,-21.6,69.92,33.76,80,-3,15,-37,31,-11,120,-22.81,-3.84,-17.17
-20,-4.21,-18.35,139,-7.06,68.51,50.59,60.28,-25,54,69,-2,109,70.38,132,70.71,-21.11,54.38,-30,79,15.43,70,-47,63,147,15,19,72.1,-46,29.78,59,8.53,-15,37,56.78,5.02,25,28.3,118,19.43
8.56,123,98,38.47,-13.65,80,105,18,106,48,141,9.61,71.66,-35,-19.18,128,24,10.66,109,140,33.24,-6.85,54.04,38,2,72.28,30,39.86,-1,71.21,41.54,40,143,71,136,-17,75,-8.74,54.9,84
-29,26.31,11.47,145,122,5,20.02,63.92,51,-22,109,72,79,-12.23,89,2,87,-14.26,61,-46,23.13,-4.98,-8.6,17,72.97,50.62,135,6.12,49,49,40.93,-19.65,109,100,-3.4,88,38.98,72.27,40,-28
75,140,39,144,111,3.91,49.31,60,125,-24.08,56,-10.06,6.55,110,44.86,95,110,112,63,38,22,-41,73,39,41,-24.09,4.59,96,124,39.74,-0.46,-7.12,21.51,19,30,-2.89,38,146,-31,-29
11.06,44,-12.94,51,-0.66,-26,63,126,-15,41.11,28.44,38.24,-20.15,50,-41,22.65,19,57.58,1,37.55,147,43.36,57.32,-24.99,2,74,48.06,-10.27,108,-5.98,40,38.57,-7,53.86,-44,45.64,49.2,18.14,26.19,-3.66
143,48.71,82,-21.04,-31,1.41,50,-4.19,39.04,40.4,-1.14,147,12.44,-16,5.66,62.93,143,103,15,-0.99,7.23,-17.18,45,68.61,49,89,62,-26,-13,148,-18,17.03,-38,-3.59,87,74.56,129,-50,147,49.51
32.84,93,12,-6.99,124,-36,60,56,130,-9.07,21,19,-16,146,-36,9,14,-3.13,11.77,14,7,100,-4,130,25,-32,56,-26,-19.99,-11,4,88,10.1,112,100,82,70,-11,-12,53.06
101,-43,147,2,80,69.38,16,131,-47,14.08,31.98,11,-17.54,-24,-23,75,-0.18,-17.56,-48,133,68.25,62,137,87,-21,74,0.49,96,13.82,28.31,14,-17.69,50.39,45,7.82,9.56,7.87,111,31,-39
30,25,-24.8,-23,5,8.02,87,-16.81,65.2,141,76,-0.47,-21,43,76,19.55,8,46,-12,-20,19,18.83,64,-17,52,47.5,-49,56.68,65.11,21.87,143,16.33,58,-50,81,130,57.4,111,36.65,116
110,135,145,58,38.14,51,81,-24.14,53.65,39,78,10,104,15,12.58,-37,88,-14.88,66.03,41.28,78,126,-24.98,-19,82,-3,-19.36,-10.34,92,11.88,35.92,35.75,7,15,-12.42,-6.2,-19.84,5,65.07,-4.5
16,66,18.41,-10,-37,29.6,-44,-17.04,-23,38.28,63.12,-24,16.41,-37,-45,31.17,-49,63,147,19,50.91,34,-11,126,71,52,9.08,37,95,42,95,104,65.65,-44,-13.33,16,15.34,32.77,55.36,27.11
75,64.7,128,82,115,93,148,-27,149,134,135,4,-9.63,138,73.81,148,-18,49.9,15.71,-44,53.43,-17,34.36,-24.74,-1.88,46,46.91,58,40,84,52,-22.19,21.97,2,15,13.7,-46,71,61.36,56
94,117,142,-42,46.94,-13.87,90,24,-22.07,-11.71,127,-10,89,44,29.06,-10,-19.02,0.38,51.22,-6,15.38,117,-16,-14.15,-16.99,83,-21,-16,16.35,14.12,6.13,109,58,29.91,19.64,-15,53.41,0.58,20.57,104
23,-42,14.72,8,9.07,29,42,63.08,80,-10,6,-10,54,9.75,-19.79,89,49,37.12,22.34,5,-11,32,-14,34.77,46.23,61.97,34.67,90,85,-24.91,144,-8.25,-24,-11,49.07,134,18.38,-24.03,7.38,-3
59,-47,35.17,-38,48.61,90,6,28.19,82,31.48,-16.64,37,-11,-48,39,-4,45.98,106,27,88,-34,1.59,28,120,133,22.59,2.01,11,133,-50,26.66,46.09,16,-50,62,80,27.82,19,100,66.1
-3.79,38,22.12,67.14,29,0.57,96,-31,49.35,-45,133,94,39,16.61,55.62,101,-15.97,115,128,22.36,84,33,10,43,63.27,-4,17,-3.21,67.68,117,-24.66,91,17,-6.98,36,-42,60.43,85,71,131
39.63,6,52.26,2,90,6,35.93,142,16.74,64,128,74,24,148,41.76,36.52,66.81,-17.68,-15,21,67,-14,14.3,-15,133,30,69,16.87,33,51,99,107,37.25,136,123,10,148,95,85,-2
41,47.74,70,108,8.96,-17,23.36,-5,49,-21.52,144,-9.06,-2,66,71.38,53.33,87,37.4,-1.37,103,56,62.34,32,73,-2,18.54,105,0.95,72,137,63,-25,56.73,24.62,53.72,61,4,11,35.32,-45
-1,27.74,-14,-3.14,-31,110,69.8,-2,-0.36,59,67,-13,57,38,41,24.63,147,72,83,35,-16,61,40.65,19,12.47,-18,52.28,57.44,22.03,26.48,8.82,20.64,-21.23,104,67.51,57.65,97,-1.3,-2.9,116
148,38.86,7,49.76,16,28.52,-16,106,4,60,141,49.72,14,116,9,110,64,38,26,31,38.95,13.92,26,22,33,47,72,58,19.72,34,51,60.66,52,116,84,31.01,31,45,79,34
49.46,-5,15.51,14,48.52,92,53.77,-14.45,-40,48.29,128,-11,98,-45,-11,-12.81,-2,57,45,4.57,-10,134,11.77,105,81,-21.31,2.73,106,-6.01,19,64.08,-10.4,18.19,142,65,-49,20,96,53,-43
20,-37,-30,-15,6.76,20,11,26,-10.93,47,-11.04,8,14,25,25,63.29,68.98,27.97,29,-31,-10,45.41,-14,9,-19,85,70,3,-42,79,68,96,-44,33.13,70,29,0.1,15.91,-32,141
28,72.17,93,95,67,46,88,-30,101,2.7,146,30.77,81,28,75,-6.68,60,56.35,-3,-3.55,-19.87,-6.86,47,41.84,50,-9.12,29.23,122,-1.75,-43,58.53,126,111,-24.61,105,-19.49,125,-41,126,1.54
103,-37,-20,119,91,137,-23.2,134,-10,-42,85,97,-8.9,106,23,-8.92,36.01,-42,70,-34,37,41.04,57,1.06,-27,65.57,83,56.86,50.7,77,2,83,-6.19,61.82,48.92,1,58,10.26,53,39.2
-17,134,54.89,138,89,-22.5,67,4.8,-39,48,-17.25,5.16,119,50,-32,10.5,53,28,108,70.92,-30,62.63,-35,84,61,69.57,-9,140,88,58.93,147,101,46,73.79,-32,-12,139,-13,59.82,121
-23,-23.75,56.02,33.42,-36,3.78,39,45.29,111,66,41,-17.83,133,-34,109,80,41,20,57.33,137,86,83,-6.43,5,4,105,13,71,-4.12,54.24,30.1,39,143,-2,36,27.17,22.53,76,121,47
52.5,28,-49,121,90,74.31,56,145,-12.84,22,43,73,53.41,-13.02,6.92,53.48,35.19,-29,55,43.64,26.65,104,1.02,113,63.42,-47,57,60.24,69.16,5.69,129,38.97,-24.97,96,127,149,112,-16.72,16.66,28
5,5.14,39,-44,102,-7,31.58,-13.87,123,30.41,93,64.41,72.21,133,105,4.77,53,24,2.54,55.3,64,-50,-16.23,63.62,26,138,-24.85,-9.38,41,92,-50,59.46,16.88,-39,42,22.55,1,-49,18,42
119,22.78,102,2,87,3.86,106,5,29,9,-25,83,115,23,25.93,17.11,-19,1,49.19,27,72.45,49.44,133,63,93,116,-15.81,38.9,-1.16,14,64.45,10,126,65.47,-32,18,133,-16,-20,99
14,-32,-22.94,14.59,-20.9,-5.33,22,35,144,140,-3,54.47,21,6.63,58.61,50,-16.37,34.26,68,54.32,1,6,44,110,62,-14,-43,-38,10.2,74,87,-11.41,-13,-22.7,84,4.52,-44,9,1.81,23
77,-3.25,4,-48,90,111,113,3,23,63.44,30,136,48.86,126,70.96,-6,125,30.52,1.25,44.87,40.03,114,58,146,107,103,16,28.96,70.84,33.38,27.21,24.83,13.23,145,24,64.8,142,79,-16.73,-4
28.93,21,86,99,116,73.28,143,-24,33,96,-2,38,63,123,110,14.82,-7,38.38,-22.35,39.4,59,99,39.63,19.43,-14,-28,1,-22.44,64,109,12.25,71.49,100,-3,69,49,-1.96,6.75,-1,29.82
-5.02,49,-47,29,-18,69,144,65.69,26.71,32.95,124,-4.13,135,69.03,58.62,80,20,49.91,44,-15.84,34.36,49.98,37.58,85,47.52,85,117,-39,72,-24.57,-49,0.7,33,-50,-31,106,10.17,-18.23,-16.68,11
31.25,63.08,129,66.57,13,56,50.36,-9.66,45,22.68,-20,140,33,-1,37.6,25.01,-20.62,25,106,116,59,138,66.42,44,118,2.08,29.11,140,132,29.94,103,67.07,64.53,-46,71,72,115,116,127,-14.51
-11.08,67.72,16,144,-48,1.8,14.53,140,-25,-23,30.61,-16,15.33,54.44,40.84,28.97,-12.77,94,-46,148,25.36,28,134,32.29,126,139,11,117,-18.55,31,-6.92,1,-17,-8.44,56.03,36.71,-12,34.3,87,15.54
-27,-21.91,10.97,35.37,134,-2.79,-15.42,46.03,132,52.6,59.96,19.33,4.31,135,31,51.82,-14,57,-10.4,64.56,-13.98,-29,36,-0.05,65.99,65.74,51.27,39.79,57,142,1,-23,0,-49,120,115,-21.14,25.93,-26,68.04
-15.29,19.79,149,34.41,84,-14,37.36,125,65.64,82,29,20,-14.81,84,18.41,31,-18,73.67,82,46.83,97,54.75,47.03,59,63.07,148,64,66,69,14.41,53.45,78,59.82,-48,74,-10.89,-47,27,138,54.35
75,-39,118,143,66,7.46,17.56,36.54,135,25,-17,33,46.63,-28,15.51,40.15,-10.92,48,0.29,-13.75,59,86,17,46.43,47.92,18.17,112,126,76,10,57,79,54,-24,41.14,52.46,-34,-4,90,65
92,7,110,27.07,-8,88,10,121,-22.59,0,33.17,30.65,-30,-20,26,98,21,-44,59.96,63.25,145,56,112,56.07,105,18.96,7,-22,109,138,-24,119,21.62,-13.41,60.68,-8,-8,-6.99,105,70.01
132,88,-23.87,66.67,-11.23,51,126,17,43,-19,40,28.24,62,23.67,21,33.31,34.65,10,101,10.03,95,-9.97,24.81,100,-35,-17.42,30,2,3.98,-35,9,-11,45,-43,53,-29,60,-24,-49,9.36
4.94,79,1.22,-11.27,22.59,71.23,23,94,19,77,42.08,50.47,70.48,56.46,-20,10.11,-13.06,113,-40,102,-19,-6,-49,104,133,-26,49.21,31.87,4.11,91,111,-24.41,-13,-20,44,-8.35,-23,-21,103,103
97,-26,46.28,29.81,51,17,23.13,42.78,-47,110,69.88,66,102,8.27,67.29,20,-14.34,-36,54,-24.45,-12,48.73,121,11.77,116,30.11,136,24.87,103,79,14,64,56.51,46,122,84,101,-19,49,139
28.93,72,-24,-1.22,-18,135,-5,-46,-47,-8,63.73,116,-19.7,108,55,67,68,-30,113,-46,51,-17.13,62.77,62,-5,-3.76,59,98,69.17,-46,-11.8,39.37,-20.24,56,21.74,72,23,53,8.65,-20.24
148,12,66,88,12.66,-4,147,49.38,142,45,-49,30.84,-3.37,61.83,-18.5,31,61.27,10.49,143,57.19,20,-15.59,52,-36,-43,-21,-0.26,55.92,-2.12,30.29,53.94,110,36,51.28,-44,73.25,13,-5.93,56.58,2
19,41,-14,-2,73.53,103,67,43.18,38.98,28,-11.03,25,56,-13,39.69,24,100,11.98,-27,61.54,-43,28.2,-6.42,38.56,37.05,-8.46,97,47.77,-5.39,2,-41,-37,-42,-13,115,31.58,-12.12,67,-48,18
139,28.52,31.32,34.64,74.18,146,99,8.32,-49,33.02,111,0.14,40,99,28.72,-21.2,-11.57,53,39.15,21.44,-7,5,25,25,7.37,-21,101,22.01,42,-6,1,139,112,112,128,0.53,-23.9,44,39.09,69
134,52.48,-39,24,-6.09,116,12.93,45,69,6,55.55,36,42.91,-5.29,46,44,78,3.82,77,38.92,-43,-12,-1.47,0.69,-18,134,-12.37,110,125,-18,99,-47,83,-46,-22,9,52.78,48,-25,5
-5,16.03,-20.35,-23.05,83,36,71.94,52.95,109,71.95,1.99,48.14,-20,-5,81,12,70.34,62,-19,6.43,12.76,-38,-35,-38,61,86,149,130,72,63.21,-26,-8,58,31.57,-19.94,-0.19,73,118,47,54.39
48.87,50,-24.68,133,123,31.95,22.43,97,-16.54,146,121,30,39.72,129,134,34.76,96,46.84,1.22,34.76,37,122,-43,46.11,66.97,100,-0.3,-24,-22,79,42.06,98,124,-4,74.79,105,128,47.75,44,10.62
41.92,-13.26,-11,83,69.52,50.07,-8.53,27.64,67.99,-25,19,57,23.99,33.07,131,133,62,-30,49,21,0.27,126,33,108,9,-3.7,6.35,-50,11.01,34,15,32.75,18.74,24.96,-22,14,103,-16.66,33.32,66.48
-3.65,46.56,-16.36,7,-31,33,23,13.69,-24,10.94,18.23,147,66,28,77,4.92,75,61,32.75,90,17,0,20.04,6,63,19.66,149,5.23,-4.07,9.12,75,7.13,-40,47,-22.34,123,50.41,146,67.99,122
-39,14.09,-8.6,42,59.19,0.99,65,36,23,126,-17.35,21,0,92,145,-38,136,62.54,131,42.6,143,144,-8,-10,72.53,35.1,18,40,71.98,103,15,116,63,-5,93,-43,-20.5,4.54,23.39,-4.18
61.45,2,49,59.81,25.5,68,-19,149,10,146,51.09,32.22,-8.2,22.04,-20.57,40,137,85,67.25,-5.75,84,11,31,126,43.58,79,-10.86,43.24,-6.93,-29,32.56,-4,108,-34,21,119,-15,96,-20.38,90
42.94,70.41,83,-22.46,76,27.4,-42,60.94,99,5.3,15,37.09,0,57.33,56,118,-6.42,-0.5,15,136,48.21,-4,45.21,72.92,-5,-5.98,141,39.62,18.22,54.88,39.25,103,-39,92,74.97,-44,29,48,66,37.86
1.73,21.5,93,149,37.33,24,63.5,0.72,14.79,68.32,27,13.51,-17,64,114,-7.4,47.31,69,32,47.01,102,-0.15,-7,75,62.79,28.92,-5,21,64,130,132,17.37,31.06,-2,56,-13.16,116,12.26,-7,25
69.12,14,147,66.56,23.55,-21,12.64,112,67.3,-49,29,-33,-23,-3.42,24.98,29.18,112,-2,99,13,52.41,5,9,103,52,108,133,42,84,90,34.32,43.23,33,-22,29.38,148,2,144,33,115
63.82,78,127,35.8,-24,114,3.96,-34,60,3.09,84,53.15,7.56,95,65,81,69.26,-43,3,29.71,31.52,69.18,-6.68,13.57,35,11.79,44.72,74.04,38.2,73,-45,-16.14,127,10,4,132,10.54,-2,46,61.74
48.46,-29,52.31,-50,50,-17.05,-20.13,137,69,49,138,39.41,-31,36.22,139,23.41,-28,0.78,-13.94,66.53,77,44,-18,45.95,-12.64,61.41,17,54,71.17,-17.24,-15.45,44,-2,-47,61.48,1.3,-17.79,93,-19.72,37.08
74,47.8,-12,3,22,31.39,115,58,26.09,22,-21.33,27.82,41.95,-4.2,-7,3,119,-15.25,-19.56,80,129,130,-18.49,-18,24.34,71.88,63.25,62.54,-43,39.53,-15.85,45.48,12.52,74.33,130,1.65,62.96,-29,-50,69
140,35,-16.8,-17.84,-12.26,64.15,-21.95,44.98,0.62,76,60,39,85,1.76,108,134,-15,87,89,2,41,-1.97,88,-19.6,36.35,52,52.67,49.16,6.97,-4,-2,-22.77,131,37.39,55,-29,35.09,5.21,-12,85
-42,57,-6,128,-13,135,4.84,-13.79,14,38.59,102,121,21.73,124,70,115,46,-24.23,-4,34,145,-23.36,39,59.86,-22.25,23,-23.39,14,95,73.16,94,135,-36,-5,128,13.64,-21,81,7.29,51.97
44,50,120,86,-13.73,94,16.03,0,66.11,61.39,-20.87,-18.36,94,25.6,-50,-16.34,15.8,9.76,131,-21.53,66.1,34.37,-13,10.54,22,94,78,3,44,-20.07,133,2,-7,71.51,-10.66,-9.79,10,-8.85,101,27
25,75,116,-5,118,23.49,-2.03,26,23,34.19,-7.16,-24,13.87,-10.31,74,65,44.75,-50,19,-3,17.78,-33,69.31,11.03,71.55,51.83,132,86,43.72,22.5,52,25,42.43,17,53,63,-11.52,140,61,23
2,56,130,68,35.86,12.06,-4.54,49,18,81,16.01,6,20,130,-50,48.62,-35,41,44,-4.51,101,67,19.76,63,12.11,-22.82,8.67,-19.74,68.84,-29,75,100,63.86,74.15,51.03,73,66,76,11.7,-20
72.52,80,83,0,81,46.12,62.96,-0.36,6.59,-7,-26,32.1,22.95,-47,3.55,123,2,-38,23,-1,74.33,135,-19,105,57.38,40.06,142,98,-7.33,136,56,13.87,48,121,14.6,-23,23.99,-5.73,68.07,60.23
126,67.93,85,-3.63,70,-47,30,58.52,144,34.72,11.57,62,-24.76,44,51,-12.08,147,59.23,46.8,26,36.48,57.67,-5,60,105,123,-3.28,-10.01,147,91,17.45,37,-14,-12.32,-9.95,5.33,59.3,-11,33.36,3
43.84,24.37,94,51,-11.89,6.97,65.07,58.61,132,5.1,34,111,3.4,89,28.84,131,34.64,17.55,65,-17.38,39,45,-20,-10.06,112,-5.65,146,58.15,83,2.2,88,36,28,69.23,22,-0.41,116,-1.51,96,-42
42,46.39,51,-30,116,30.54,5,72.72,-0.78,80,-34,2,66,14,7,-8.88,-3,96,39.04,70,-44,110,-6,123,-11,11,-7,43.45,63,-4,128,-17.23,89,83,-22.79,-8,121,135,32,22
104,20.78,91,-1.04,106,-15.22,60.45,63,17,110,142,7,41.11,20.8,16.03,-3.6,84,21,71.97,38,34.41,116,3,14,42.54,90,128,129,63,-18.36,-43,-37,28.84,19,-7.87,-30,-22.28,54.67,81,43.72
20.78,74.97,37,50,41.14,0,-15,11,-40,36.29,-3,-30,47.11,17,44,52.81,43,17,-42,20.44,23.46,26.64,87,130,28.56,-1.01,30,-22.93,71,127,81,139,148,-2,11,59,16.5,-22.84,13.85,-35
48,41.9,10.16,143,24,72.31,84,140,19,11,82,-1.2,-37,-43,-25,27,79,130,131,41.68,13,-23.64,63,102,26.92,132,-49,33,29.84,50,16.28,133,-26,33.52,2,27,31,59.81,-19.11,-3
44.48,141,-11,96,48.2,-6.49,139,-46,-6.82,-40,36.24,84,-14,19.78,29,135,104,10.34,34.4,23.37,-17.04,15,3.52,32,-13.92,57,76,27.33,93,81,46.73,-10.27,26.15,44.63,-9.49,106,19,-2,-9,-30
52.85,27,21.64,-46,38.22,-36,-18.38,46.53,40.49,95,-11.69,-4.77,-10.56,-20.45,42.34,11,47.69,37.82,-36,34,22.43,18,-21,92,9,34,73.59,70,39.94,-4.04,51.49,23.47,26.84,66.95,71.78,-21,75,11.36,19.73,-44
24,40.48,-16.31,-24,145,109,133,127,141,20.97,3,109,73,115,-37,-42,51,63,-36,99,-36,69,69.21,84,-15,-43,24.35,-34,-2,18.08,38.88,-23.05,55,127,68,149,114,28.04,6,53.34
114,-35,-14.02,-7,12,58.55,-11.05,4.98,13.24,-50,-47,67.99,108,29,35.83,-37,-13,64.52,-4,21.01,130,-33,1.27,17,72.33,-13.2,-29,43.12,110,-14,48.28,-10.63,16.09,7.52,0,54.42,35.56,-3.41,0,128
33.09,7.76,-12,26.04,23.97,-2.77,49,-21,-13.08,13,121,8.66,-9.11,69,40.1,89,55,43,8,-9.27,128,-50,33,-35,118,3.55,33,13.94,124,26.37,3.76,140,38.5,-22,3.76,136,-9,-11,30,73
33.3,46,104,43,127,82,-18,60,71.68,14,-21.32,91,35,71,1.53,105,27.31,83,123,-39,94,125,116,50,-38,13,-19.48,141,51.44,31,-3,-17.01,-3.92,-35,-20.38,35.44,8.5,74.46,11.49,-5.49
42,146,58.56,-40,96,95,32.57,77,-25,141,75,29,-3,149,36,6.24,-50,26,67.05,137,-10.28,15.67,-16.32,44.98,-4.24,-9,24.39,-1.33,-4.09,-13,121,-16,19.81,19.02,0,-17,14.91,127,-15.37,22
16.57,116,-34,-47,-5,40.78,23.59,54.66,58,14.94,123,-20.17,24.3,98,-41,69.72,-13,73.2,68,148,15.31,2,-7.3,8,-6,16.34,51.97,140,127,-14,10.68,33,62.5,64.62,54.62,10,71,102,132,43.44
-22.4,-9.96,93,15.85,-17,32,14,26,16,147,-13.08,41,1.49,-49,69.05,46.81,-10.02,73.91,7.13,28,42,13,-6.57,-13,-13,73.36,68.28,40.76,119,135,24.8,57,31,135,72.62,97,24.31,1,-44,-13
79,73.48,33.54,-46,11.81,53.74,-43,-29,66.89,113,-11.31,148,-27,35.42,-5.91,64.04,-10.32,10,15.99,65.35,-44,38.48,54,-27,87,69,4.67,49.43,64,19,-12.4,-20.28,72.02,-8.79,-48,26.14,49.17,67,37.23,117
32.8,19,-15.81,105,-1.76,71,-33,131,92,-6.88,37.78,65,-12,58,-19.49,9,-24.86,14,-14,59,9,-15.37,117,20.78,13,36,49.48,74.43,0.6,-7.96,118,39,-19.35,74.8,44,20.6,69.61,-3,-31,69.71
62.55,16,27,100,-17,0.34,110,-37,31,13,36.56,69,47.16,121,-13,53.18,-19,21.5,144,-5,14,18.98,109,68,31.83,99,-32,-7.26,30.17,29.7,32.32,52,112,123,-20.5,71.01,6.78,51.01,-13,42.8
109,74.51,-8.52,65,50.87,111,68,-42,43.65,33.07,52.27,36.51,-43,68.41,35.39,-37,79,90,-1,64.46,18.48,-19,15.55,-15.35,14.73,3.73,5.25,-7,106,-1,-45,-20.5,-23.87,75,117,-9,47.77,-0.54,70.98,31
47.65,-22,-46,47.5,124,0.8,-47,134,77,64.39,44,35.76,-24.89,72,126,93,-9,135,-30,33,38,61,127,-43,72,44.78,26,-13.59,52,-9,112,52.55,62,66.75,82,28.1,12.4,31,4.04,103
-15.45,66.8,5,-30,48,44,61.28,73.07,-11,63.54,134,28.61,67,73.67,8,12.43,-49,18.31,139,120,143,-20.17,119,-48,119,20.49,55,20,-6.78,17.28,39,92,-40,85,-1.85,0.78,-22.99,132,53.59,147
-47,72,-4.75,29,14.29,-6.27,68,33,54.44,-39,51.75,131,54,118,-1,-39,42.68,-36,60,135,121,148,15.6,-7.75,6,0.4,119,4.85,91,20,-2,145,48,12,66.1,55.76,83,15.77,95,50.17
58.27,42.16,46,56,54.36,46,35,-11,135,125,105,112,55.1,96,-49,10.38,-2,140,-1,-37,31.16,-21,-14,20,-37,13.36,-17,-45,36.21,112,-3,49,55,67,37,67.03,70.24,64,132,37
-36,15.72,-44,79,8.09,-22.39,21,20,-18.88,3.76,117,-38,-45,31.56,57.6,2.1,135,27,47,-2,31,142,-37,112,-19.15,17,71.95,84,42.74,26.71,52,107,53.46,29,19.41,70,-47,104,57.07,112
54,57.31,69.1,-35,2.06,113,-14.43,46,13.88,20,-32,27.08,48,4.46,20.95,33,-13.55,4.53,31.11,11,20.96,-16,-9.63,57.28,19.79,36,-9,-23,66,63.41,-17,84,59.95,4.67,-13,48.67,-34,141,73.88,71.73
23.39,-12.65,-4.3,42,4.46,48,21.68,33.92,143,95,108,-4.87,69,-34,74.21,-1.87,49.62,141,40.93,65,25.38,141,89,89,11.26,39.21,-34,2,-18.51,53,56.44,-12,130,1,70,74,20.54,34.45,29.4,86
20,52,50.28,17,-13,96,58,18.52,117,44,118,78,92,77,39.21,44,-1.52,-24.02,57,25.17,32.26,53,22,102,-19.47,-15.39,55,2.58,113,113,32,64.03,-19,48.61,-25,116,-29,0.54,108,87
2.76,72,-3,31.56,-28,-47,105,32.38,40.63,21.85,71,12,26.95,-15.62,113,-2,42.82,20,67.8,5.11,72,29.51,39.51,47.21,74,-26,65.86,-41,53,149,48.36,32.29,-37,103,123,6,104,134,-23,57.91
-1.61,54.76,108,1,-9.26,4.12,-42,2.65,8.66,29.76,-21,-15.16,-30,17.76,95,0.75,124,78,-27,78,115,11,59.76,-9,50.6,31.35,3,6,90,-7,123,-37,143,-47,75,4.62,42.06,25,19,144
-13.09,63.44,-2.77,42.93,11,-30,-34,99,-24,-13.3,-33,54.6,91,-39,-26,16.25,51.73,-40,90,73.41,48,117,44.44,136,32,136,53.4,67.19,33,-38,-24.44,147,69,24.94,67,1,1.79,56.45,146,-4
-14,134,67,143,17,100,131,-16,-31,10.21,63,-24.05,9,-24.43,-12.5,26.98,67.73,64.7,-25,60,-30,28,127,58,49.85,66,148,92,142,-4,38.23,121,9,117,2.53,110,56,43,45,114
-33,74,58,-33,101,43.39,10.32,27,74.55,4.76,-4.89,60.64,41.42,45.38,27.32,67.01,20.76,-8.43,27.24,-17.99,-7,140,-16.74,113,-37,-34,37,20,51.4,48,-44,70,54.54,72.77,10.05,13,71.34,-0.39,80,-46
39,13.99,-1.45,117,24.02,-33,-43,18,135,22,4,53.55,58.09,18,56,-46,57,47,-24.87,-4.75,30.58,56,63,36,-15.11,53.99,11.54,-18.73,55.62,71.02,-40,-0.52,102,77,99,45.09,34,-6.77,-1,12
107,54.19,1.86,5,102,-4.9,-5.7,18.15,-16.84,130,65,149,135,9,32,-21.44,6,1,126,81,77,57,106,-3.79,64.52,7.69,32.52,93,34.81,-46,7.47,-32,-27,-4,102,-23.54,62,74,-24.8,-19.7
53,48,-9,64.01,93,-30,16.04,14.62,83,-33,-33,27,88,59.98,16,17.83,47.14,74.76,146,-50,-19.64,36.94,-4.63,21,28.24,-11.22,6.45,129,23,60,62,-28,40.23,98,72.72,0.39,9.72,22.97,85,71.4
109,31.99,50.97,27.33,1.26,45.64,-7,-10,-12,104,-17.54,96,45.14,63.29,-24.6,20,-20.99,-41,7,1.52,50,41.9,-35,63,-10.49,27.11,53,25.11,-18,10.61,-5.64,19.8,50,71.16,66,-17.21,8.24,65.06,98,-21.6
99,128,58.95,65.29,23.71,9.63,81,41.78,20.25,-8.16,37.28,97,17,-19.74,46,-43,71,-10.22,-24.92,-29,29,-3,-40,102,126,8,0.69,44,42,69.8,68.53,8,-12.55,38.78,13.59,9,115,0,76,63
16,-21.24,-45,103,39,51,75,70.59,-17,44.12,138,75,53,88,35.7,18.38,6,4.93,78,0.48,-13,62.42,59,39.29,28.65,-1,43.27,128,20,-1,17.27,53.38,101,-33,-33,128,-12.99,129,6.89,88
-21,102,-20.86,-21.56,12,102,36,90,4.22,126,86,106,43,-38,47,149,73.91,-30,2.34,-11,-10,68.41,76,-32,89,95,18.21,68,59,14,131,62,52.58,-13,22.8,-5,125,120,-27,102
1,67,-9,67.32,74.2,139,19,33.33,145,44.57,41.74,43.73,24.95,-14.11,133,92,24.04,-44,67,-12.38,-25,-7.34,39,65.88,45.04,44.06,50.69,123,96,41,53,136,47.24,38.05,19,-33,62.6,-13,131,61.68
68.68,40,0,101,-24,91,62.5,57.34,113,96,53.23,-34,2.88,13.5,108,-16,32.01,143,45,131,134,-19.79,0.01,126,19.8,52.49,68.41,-3.81,132,-38,-11.77,-45,130,-3,-13.53,-33,-4,149,-22.92,-19.41
-16,27.72,71.92,102,8,90,82,143,129,104,149,-12,36,63,-39,-44,-24.67,-8.76,50.22,-15,62,78,27.28,50.74,-14,62.71,34.19,69.51,64.98,31.76,104,130,-30,-14.15,37.95,88,122,-18.58,31.61,37.69
62.88,126,48.21,63,-3.41,29,103,19.98,67.07,67.09,121,48,4.06,15.42,38,77,72,92,-38,98,48.22,137,-23.71,1.68,100,-10.38,47.21,10,38,45.47,127,13,93,-5.91,26.59,-15.42,15,3.91,35,75
-4.86,145,52,-10.87,90,-8.04,64,3,29,52.66,7,108,-47,36.4,15,50.82,-32,-26,108,70,84,-18.33,-46,-13.46,38,102,4.75,67.36,46,-5.07,80,-39,-39,32.02,19,112,44,-26,41.93,65.03
-48,138,2.81,58.61,-10.98,76,112,73,33.22,111,-12,-23,55.12,67,30,39,66.05,8,-18.22,14,-16.16,-14.5,-47,11.26,3.22,-24,139,5.8,10,50.53,58.83,64,28,34,29,75,68.35,27,-0.43,66.4
78,29,0.67,31.96,-33,9,-43,-8,55.56,89,-18.72,-4.11,-10.14,16.75,71.56,96,68,13,27,64.81,121,-2,-1.29,48,51,71,-10.67,2.16,124,13.48,0.83,29.72,-31,130,32.3,116,136,-14,53.79,6
91,-10.77,116,100,3,-25,-18,5.21,133,28.64,-14.35,4.93,-14.72,71,147,84,37.16,28.58,-50,38.31,-13,83,117,33,144,64,97,34.19,44.99,147,36.88,115,20,0,67,107,-18,30,61.59,17
115,-8.45,117,17.51,-45,112,-24.83,110,-46,20.74,9.15,-31,-23.46,103,141,68.89,-9.72,-47,56.07,139,-23.68,79,31,53,57.04,16,75,31,47,31.55,-1.14,51,106,-19.66,115,-35,20,-10,55.91,20
-35,67,0,63.37,12.65,-1.01,41.47,25.79,51,81,-34,104,23,78,104,31,140,-27,59.39,82,78,-24.22,34,17,3.37,115,22.71,-19.16,115,-20,58.68,69,48.29,69.25,37.13,-3,48,19,109,35.31
65.58,119,-26,41,52,-0.22,-34,-9.84,72.34,68.41,144,2.8,92,-30,-4.79,6,-4.68,5.37,2.12,24,91,26.04,-15.91,146,17.58,5.01,90,77,6,-43,-34,88,-31,20.3,134,-6.78,4.77,14,28.55,101
59.1,-43,0.18,-13.48,93,0.65,12.24,-35,28,29,-32,18,50,50.8,37.36,59.85,107,26,12.92,85,-14.98,60,43.55,60.18,46.33,41,-11,7.39,-20.94,48,61.63,30,7.33,-13.79,-16,104,-17,53.59,110,-18.56
81,39,-8.93,5.48,3.25,93,-19.02,-16,21.65,1,88,29.78,36.49,-43,57.67,37.91,15.06,76,131,134,55.08,-9.8,-18,98,-27,87,18.38,37,25.92,41,136,17,42,5,-19,141,-7.8,126,4,18.35
34.34,54.72,10.8,-24,40.8,28,94,-37,11,139,120,148,39,76,52.17,42,-41,32,27.7,-24,27,-11.5,52,40.63,-15,130,59,30.74,68.56,76,9,-17.67,87,49.44,77,29,88,5.99,-14.53,-25
147,130,68,73,66,-9.31,35.89,-14.96,39,60.13,94,-40,-21,-43,10.56,27.87,37,-18,121,1,132,83,-0.75,4,-4,74.63,32.94,-0.64,61.97,143,38,28,-13,-23,16,115,115,25.4,-38,18
76,54.85,26.1,31.99,46,-14,95,112,112,-21.15,-16,126,128,-3.77,11.26,-14,64,108,35.04,107,-23,-29,-24.66,11,39.38,-22,43,13.53,95,21.81,104,19.75,4.61,94,33,5.28,-18,-36,-10.62,25
26,-6.55,82,12,20,-13,69,16.68,-35,62,-22.74,113,28.64,-4.47,-15.92,-3,34,1.95,53.75,34,87,40.09,-0.42,-15.06,-10,119,21,41,7,72,-4,-6,-5.15,25,49,-1.6,143,70.18,71,71.28
69,17.18,87,141,19,22,19,57.99,63,14.51,26.72,-43,13.1,42,7,66,36,8,5.5,-1.09,26.51,11,73.06,-10.47,-50,27.18,43,48.26,44,-4.31,63.25,-34,56,22.73,148,20,-43,46.22,52.56,112
125,14,45,-41,26,86,13,102,117,-32,118,49,52.4,110,15.24,5.5,4,107,47,3,69.25,26,148,70.53,73.4,93,25.02,12.38,2,-3,-23,36.89,-46,87,-23,31,38,-23.05,-50,41.51
75,-47,37.57,9,85,-5.86,141,42.4,-2,70,59.72,43,124,52.99,59,-23,30.75,105,18.27,76,66.54,42,62,47.77,-22,41.4,111,23.55,129,52.31,145,83,-0.42,51.71,65.1,-26,48.22,139,-0.67,36.74
91,8,6.11,38.87,-14.65,-15.41,140,16,-21,-3.15,75,68,26,93,78,-10.48,2,31,34.53,38.03,40.96,31,-9.7,72.33,63.35,-9.87,107,85,27.24,-35,-12,60.49,-41,-31,130,127,-30,59.11,55,-13.84
100,58.94,38,6,148,34,11,15.2,-16,-33,50.03,-17,-17.76,-36,75,-44,-10.9,35,84,-5,78,105,54.7,14.44,-12,71,-35,-33,-2.81,122,35.95,-8.44,19,-43,35,-7,99,-15,-34,122
-3,19.85,22,67,48.27,-21.29,9.33,145,15,53,105,51.02,-44,-18.99,68.48,30.6,-50,19,-47,80,2,-2,8.92,61.18,-6,22,140,149,-1,-29,40,28.21,73.15,29.68,18,41,-25,4,145,-25
69.96,34,20,-12,56.1,3.7,79,-24,108,59,50,-11.92,120,127,-7,137,98,10,28.15,64.56,78,20.24,-16,62,136,86,66.16,47.48,14.82,51,106,48,106,39.85,146,97,-28,-9,65.24,19
23.79,56.89,-17,81,141,93,-16,-36,81,-2,-15.76,66.88,44.19,8.19,-44,-45,25.66,139,27,81,62,78,-23.57,14.71,25.85,-19,31.17,117,33,50.96,49.55,12,22.26,92,-36,-17.15,28,-18,-16.66,-21.89
50,86,-13,-15,-41,91,1,6.93,-48,34,31.33,10,-9.98,61,-24,43.82,9.37,-39,-7,20,20,31.2,15,-7.15,48.12,117,30.4,44,35.34,108,65.34,-20,25.33,61.26,-17.48,72.13,148,-20,75,53.4
136,147,27.43,2.44,22,20.51,147,-19,-49,17.47,39.78,83,24.93,63,-17,80,62.25,16,42,80,69.01,48,34,-50,71.4,51.87,-23,14.24,-18.83,3,41.19,98,73,-21.92,33.02,58.77,49,44,-18,80
107,-44,-15.14,-19.68,-49,34,51.15,43.88,127,-33,27.28,143,125,67.16,77,73,5.95,36,35,3,114,58,51,56.51,15,-12.49,83,131,61.73,65.26,23,30,20.44,14.59,-11,43,15.17,91,17,106
58,116,-22.91,68,-20.05,57.38,-27,-19.37,-16.92,-22.08,43.03,54.62,21,46.59,21,-24.74,73,109,37,38,99,115,36.55,37,53,41,-17.23,44.99,38.13,3,108,23,22.73,35,115,99,53.68,-43,-46,-19.68
90,61.76,48.36,31.62,36.61,-9.29,38.52,40.48,-14,115,24,89,106,96,-15,-22.02,33.8,38.28,81,36,67,129,62.65,3.46,27,16,-46,-23,31.75,147,11.3,116,-26,58.93,68.49,62,-47,25.43,-42,2.46
29.6,53.59,-40,61.03,60.42,52,127,-31,-48,-32,97,23,118,130,30,54,106,-23.11,100,65,83,17.93,31,13.85,137,48.55,69.45,15,60.86,-20.11,104,56,111,39.06,-24.62,89,39.37,-43,87,145
-3,76,70,21,40,118,83,3.14,58,-36,51,103,18,56,108,-14.84,4,-46,65.58,126,147,4,73,100,51.52,-13.02,24.55,99,48.74,3.26,142,-13,45.84,61.04,-13.49,39.85,47,101,138,-18.33
67,69.08,-24,-23.52,-6,39,122,40,11,-11.85,42.34,-7,3.5,31.91,13.94,22.24,-17.57,-34,92,3.22,52.53,3,70.1,18,-19.35,34.06,56,-7,-11.55,-21,55,-9,-3.12,25,149,45,52.91,100,22,37.04
42.71,41.34,16.56,59.84,47,34.72,62,9.26,114,52,67.86,-5.26,46.57,8.27,-17.07,147,-9,123,-23.06,91,135,35,16.12,51.52,51.26,13.78,28.53,36.87,135,120,136,63.41,-38,94,12.14,14.51,57,24,-16.36,-32
99,15.36,70.65,11.86,69,54.33,53.28,103,108,40,53,129,1,33.27,-11.11,84,4.23,9.63,144,62.89,7.15,33,-28,4,24.55,-48,38,23.18,95,138,4.17,51.6,-29,69,112,-6,0,117,101,145
5,-21,72.36,30.01,-22.69,10.48,25.25,-17.83,32,49.46,45.44,115,125,4.23,148,148,-1.27,-29,27,121,123,14,58.59,126,-9.95,103,127,0,138,57,40.28,67.17,-2.2,6.33,-17.45,32.76,149,41.79,-10.84,55.07
61.28,98,-24,-16.08,29,24,109,65.43,37.56,-14,51.45,88,51,79,59,129,59,-6.4,28,14,39,-1.22,-18.39,74,-15,121,102,14.01,-40,13.85,72.2,104,121,-10,22,-41,43.55,14.69,40,-28
6,137,43,18,-22,31.06,64.11,56.22,50.02,-11.71,49.25,72.91,8,36,134,0,-40,132,59.93,-30,73,60,-12,14.29,0.99,42,120,0,49.17,98,-13.24,129,31,26,117,38.62,43.57,-8,21.79,41.05
42.97,20,65,-43,-21.84,4.33,-15,51.4,-4.88,9.81,24,-12,-10,-20.53,34.37,74,129,8.79,42,148,129,115,10,84,85,26.45,7.11,85,67,-24,110,95,112,31,142,39.24,31,40,60,-14
130,29,16,129,65.25,15.98,121,63.44,133,15.67,12.54,-8.76,-3.63,6,-29,100,71,51.97,-19.66,26,135,84,70.83,65.1,-12.69,23.36,109,32.44,-42,126,-24.66,12.75,80,42,-5.71,26.5,57.71,-32,-10.69,-22
69.21,-4.58,111,2,6.31,-19,18.83,60,-42,-22.05,51.29,11,142,65.41,10.97,128,-18.43,76,59,68.98,-25,81,-35,40,11,96,47,41.22,-1.06,121,15,13.71,71.12,29.21,-7,122,82,73,74.41,-13.45
27.42,59,19,-45,54.34,7.02,55,-12.67,40.23,45.3,52.34,23.99,111,61.63,26.12,56,36.58,24.86,0.32,65,47,83,39,1.95,144,57.81,-21.78,27.71,53.88,19.39,111,108,-35,89,17,104,33,5.26,0.69,44.81
-44,69,36.02,12,10,-6,108,46.95,-20.58,5.37,146,2,140,30.48,93,-21.68,77,41,3.83,96,-8,20,50,6,30,142,5.99,27,35,71,94,111,86,53.49,48,22,105,24,15.73,26
67.66,113,-11.64,-13.43,5.18,-18.03,9.32,-45,22.03,-6.42,53,-29,40.57,34.11,92,60.56,-39,-10,44.98,84,144,93,127,-10.67,18,149,119,71.82,60,27,50.97,65,84,32,3,2,111,-40,37,84
127,149,-3,35.87,54,-40,65.81,-5.3,-14,56,58.78,88,31.75,-38,9.34,-21.61,73,5.88,-10.1,21,-38,-17,78,8.95,30.35,-6.37,26,-32,57.55,7,104,-5,140,105,-5,63,-33,56.61,39.26,-6.07
39.61,-38,114,99,56,-41,69,52.45,-7.7,37.17,-10,-17,-49,78,-22.62,29.6,-19.52,29,2,55.56,61,61,55.09,26.23,-32,110,101,-8.4,40.16,44.87,-35,53,10.75,63.37,-19.24,42.3,41.91,65.31,46.17,56.86
51.94,-16.92,-19,23,96,135,126,106,126,69,3.58,46,71.39,33,94,56.94,33,-14.03,52.91,61,35,87,56,59.15,108,-19,41,-9,49.92,-9,-6.42,84,147,11,137,120,72.06,-20.22,2,149
108,7.48,81,135,88,82,39.76,108,120,-43,145,139,70.63,111,85,41,120,14.96,-42,64.9,8.4,90,18.31,47,36.44,-15.94,-35,75,1,24.75,44,9.51,4.2,122,33,-11,4,136,-20,98
14.29,147,7,68,-40,137,16.04,58.36,92,144,-22.06,-9,89,-15.62,77,-27,40.78,144,-24.03,56.84,124,-24.27,48.9,-29,18,0.28,4,-50,-6,100,24.75,52.91,147,101,9,17,-37,-27,140,-11.88
67.85,102,-12,-9,24,-6.09,45.66,96,32,17.95,-7,-14.35,141,35.21,-1,11,28,-48,110,101,66,62,25.59,101,8.85,95,31,68,60,93,-21.55,34,70.46,112,44.47,25.49,9,56,19.88,58.48
-12,11.51,-27,-24.74,-40,82,-26,20.66,54,94,2.9,140,36,40,146,94,2.32,74.04,14,-44,109,129,-6,-45,14.11,9.55,-4.93,32.47,-12.82,51,-24.23,141,23.74,-2.09,-17,4,61.53,101,80,130
140,45,-9.86,5.02,-18,71,-10.78,55.47,22.04,-17,-11.37,14.1,15,-18.19,49.01,139,135,103,61,143,80,-0.32,143,64,37.95,-0.19,56.93,50.81,110,16.83,89,58.98,83,42.97,7.95,-1,-49,112,63.88,25.65
-3,24,93,3.35,70.3,18.02,-13.15,-7.43,115,21.17,96,50.95,50,137,95,22,42.99,147,100,-7.98,109,18,68,141,113,110,84,45.71,-4,147,84,71,28.05,79,-36,31,56.62,-7.67,67,72
93,137,42.2,6.01,117,-49,62,106,35,30.67,65,-26,-48,112,114,72,21,-9.75,50.78,-2,27.85,-13,14.31,-32,96,133,9,-42,-41,83,-16,15.53,60.91,-3.89,-7.17,44.73,19.02,40.74,-9,0
105,123,-14.63,-16.63,1.94,61.39,-42,24.98,82,79,112,59.22,125,35,41.63,68,58,-10.92,47.9,125,-18.54,52.58,-10,-25,51.71,55,65.21,83,8.55,17,12.51,41.33,-15.31,30,8,-33,-4,46,-8.78,43.81
-11,29.88,107,17.04,72,15,51.49,58.3,-14,6.6,50,18.89,133,7.74,89,100,-27,12.5,106,145,-3,58.03,-20,59,94,15.53,-3.96,34,60,68.08,-0.9,124,28.78,-6.38,78,40.22,120,118,-33,74.51
2.79,49.9,-35,-21.15,67.88,-29,104,6,57,61,7.13,85,-28,16.33,8.92,71.03,20,-10.48,57.91,18,25.07,84,85,6.81,58,23.47,4,62,109,62,59,24.95,72.96,13.54,-16,-47,-21.74,-3,6.22,26.56
67.07,-19.15,121,61.85,1.63,141,16.88,57,-2.51,-46,21.37,51.27,41.04,41.41,14,-22.94,42.8,112,128,95,15.26,36.79,8.5,-31,-33,0,58.25,39.89,55.6,111,38.9,-14.37,6,51.85,8,69,121,37.36,133,43.32
9.94,7.71,12,19.49,66,77,146,58,37,28,18,48.43,64,13,20,58,125,62.11,40.5,53.48,54,-13,75,-19,-7,106,-5,26,32.46,115,138,99,68,-4,74.75,-11.12,148,25,130,-5
111,23,46,6,27,99,30,38.38,11.58,95,49.05,30.47,15,94,-24.94,119,49,103,17,124,130,-41,-4.96,-38,144,23.83,32,-9,-7.2,-38,-48,49,51.74,43.46,149,59,34.34,-16.99,131,15.31
38.75,36.14,5.41,72.25,7,-6.09,18.17,62.23,44,72,57,36.19,91,-4.88,82,47.19,83,84,109,-45,16.3,-9,9,13.85,13,-48,91,73,20.95,-43,147,-4,122,21.09,53.45,47,127,66,53,41
27.22,13.41,58,45.97,-24,69.14,59,18.8,4,-25,126,-37,92,-12.95,49,25.38,39.5,33,66.89,21.26,37,44,36,51.29,120,131,-30,81,-16,49.01,1.42,41,120,1,-34,95,-19,-2,75,-21
24.79,-5,-26,43,62.91,-12.55,147,56.44,26,23.56,12,-27,99,-22,-26,69,-2.9,102,-3.15,31.49,18,52,45.67,11.13,63.84,-26,69.41,143,3.98,27.7,-1.85,35,17.03,71.15,49,46.98,39.17,-43,-2.86,-18
-5.34,-34,42,36.19,-13,-31,87,60.62,95,-19.34,9.11,-46,18.16,-5.69,134,-34,93,46.09,19,46,142,-3.61,-21.45,100,39,-3.48,93,105,53,1.81,-4,23.39,-0.09,-23.92,136,-11.08,-50,111,48.52,-6.74
87,12,86,121,53.65,44.99,41.67,70.94,18,18,42.35,43.02,80,53.77,122,110,147,-2.77,137,71,-9.44,120,41,11.69,12,71.81,16.34,13.27,-17,-24.86,38,109,-33,69,30,23.02,-25,133,24,19
119,42.65,69.68,67.51,104,45,-22,36,112,-14.99,79,-20.72,60,-50,23.27,22,93,56,60.97,99,11.9,75,-21.29,-23,55.95,19.49,28.24,-5.15,-26,51.31,22.44,38.92,55.12,-16.72,-41,15.24,5.7,-10,92,48
8,55.19,-18.64,55,6,-47,94,131,71,118,73,-15.55,104,54.86,-17.29,56.91,64,9.83,-10,24,6,28,38,-29,92,87,34,144,82,9,26.02,42,31,35.85,-4,82,-48,46.47,9,-20.94
83,0.22,72.43,-21,27,-23.9,40,103,-20.03,-6.19,-5,6,-31,-2.96,57.34,-1.65,-9,12,-11.4,-5,-38,23,14.47,95,134,-33,-15.85,38.52,106,26,77,34.58,40,-21,122,20,16.24,33,62.96,31
-1,103,-22.56,-30,149,93,55,-49,68,-8.89,4.39,-9.29,102,131,74,98,-48,41,-28,-13.23,36.41,-12.05,61.47,8.71,114,65.71,133,148,-38,-31,54,72.11,-5.72,-15.25,51,14.48,-9,0,139,38
66,62.66,120,40.32,-1.88,57,37.97,35,9,-6.85,27.63,48.18,1.65,67,108,38,6.14,-20.07,31.33,57.73,35,108,-34,113,-44,53.95,-11.6,-48,70.59,-3.48,-1,52.61,17.41,1.04,65,32,-49,2.77,43,23.7
142,67.59,49.89,-9.59,-30,43.97,134,25,124,33,9.56,-2,64.47,5,101,16.96,7,36,12.24,132,15.23,55,87,50.93,44,68,9.2,41.99,123,68.65,-44,25.16,62.7,60.63,104,22.43,-46,31.26,14,-36
-17,-2.28,-27,35.87,10,43.35,1.29,146,66.62,-8,65,59.04,-4.7,-18,-5,32.29,37,137,-6,100,68.53,-50,55.99,24.95,-32,89,94,24,36,22.69,-43,-35,-17,37.31,23.77,-34,121,1.2,16.55,-43
71.97,43.66,26.53,-2,-19,-34,-45,7,149,-5.8,105,112,-19.21,-7,49,63.59,18.91,-14,-48,64,45.07,-14.82,32,5.55,126,7,93,53,-17.44,20.49,53.31,-11,23,138,142,144,36,17,100,39.07
32.85,-31,132,16,113,44.89,99,32.74,56,58,23,9.77,37.21,39,144,37,-20.91,-50,63,57.64,77,-31,-17.59,90,-46,54.33,101,50.08,-47,107,-29,8,23.52,62.76,56,64,37,72.01,37.36,105
54,40.96,-7.74,45,143,-6,140,47.23,79,121,32.78,28.22,43.03,-23.54,57.35,13,24.53,63.93,49.7,73,-2.13,-16,56,54,51,-7.41,-10.47,99,55,-18,-14.79,-26,104,-42,17,15.09,18,31.4,31.03,14.39
-7,14.71,-0.85,16,7,36.87,99,7.23,72,-29,-4,14,55.98,3.78,-20.91,-12.06,54.77,-48,70.14,73.38,57,-38,27.53,46,8,-2.69,95,97,-2.84,-23.34,50,35.42,2.89,42.72,21,10.64,69,-17,47,42
64,1.45,121,88,-43,24.19,93,9,68.63,-6.25,59.13,61.73,-1.39,131,-23.77,10,53.11,-24.68,67,-28,22,31.57,83,80,111,-21,8.63,-8,39,-50,18,68.54,57,134,-17.87,40,52,64.05,38.19,59.14
31.38,33,22,0.79,40,107,32.29,-7.41,27,25.61,22.17,-47,61,50,-17,90,129,90,-46,6,-15,-24,74.99,-29,89,19.61,4,81,-20.1,22,5.13,44,73.55,35,-18.86,12.93,97,-16.78,-20.55,-50
-1.14,4,24.66,47,47,137,29.67,102,8,-13,20,-34,27,-8.83,-3,49,103,-46,-18,55.04,66,59,107,54.79,48.98,114,65,21.91,39.15,59.55,51,-4,-38,93,57.87,64,-12.71,75,18,26
-32,5.85,100,127,83,37,-0.16,13,70.11,-3,26.68,39,29,129,63.14,12.91,60,82,72,76,29,58,-23.79,58.22,127,5.42,94,34,108,53.51,-4.66,133,57,138,51.2,20,82,67.49,-13.31,-38
-2,29.58,16.91,-18.74,-13.37,73.95,2.58,-15,90,-22.95,-19.99,27.92,51.43,65.5,66,-3,-21.71,-11,57.62,-24,13.19,-35,-2,45,-18.29,63,32.71,-34,8,29.73,54.04,60,12.41,42,-22.64,68.45,-5.22,-19.37,71,-24.27
34,59,85,-22.45,136,61.57,36,-22.91,20.57,134,128,24.06,36.79,-23,48,15,61.28,5.38,18.98,49.64,-3.7,37.45,17.63,6,-23,-1.93,94,1,12.21,6.36,71.77,0,104,-16,93,-12,-22.36,132,27.23,-40
12.63,46,30.35,50,-7.53,75,39.13,21,42.86,-24.72,60.26,-14.58,-12.5,19,32,2.82,93,-23.28,69,133,96,30.78,-31,9.44,34,27.31,49.26,89,-15,44,14.58,21.59,68,62,31,36,-25,38.79,14.77,118
123,50.15,27.88,47,47.74,-27,60,39.46,57,114,103,27.58,92,-29,60.8,92,126,7.11,26,-27,-21,-30,9.98,-12.96,58.33,57,25.15,94,40.49,24.58,80,139,114,11.48,60,-23.71,80,-35,-1,62.61
25.53,-18.04,38,49,140,100,91,-18.75,24,74.22,113,114,36,-48,-11.26,32.45,23.82,87,-14.43,18.58,127,-16,-19,121,-11,90,31,-27,49.5,19.94,57,38,8.99,-33,-21.08,50,27.34,29,142,140
-44,80,67.14,6,134,-35,-5.06,-17,125,-0.23,-40,-7.69,-15.69,29,-18,14.06,-20,59.92,99,128,16,15.41,41,144,65,109,22,51.25,-34,51,-40,41.09,42,44.9,0,28.67,39,62.23,-13,-0.61
112,-41,146,57.79,54.09,-25,42.84,-4.94,10.11,35,-11,127,131,-33,10.21,42.51,123,20.16,39.21,93,13.43,70.11,89,143,53.5,70.79,59.47,50.87,37.23,52,133,98,87,33,38,10,63.73,61,15.04,20.34
8,61,-18.24,138,49.3,53,50,127,38.23,32,57.39,-35,36,34,-18,68.62,-9,146,4.63,-47,-7.1,-11,36.18,-25,8,-31,-47,38,64,43.04,21,116,39.34,43.39,139,148,-47,44.69,69.4,55
12,38,73.96,23,19,100,-24.01,104,40,31.53,105,113,-11,-15,52.43,23,-49,-7.46,-23,144,92,2,34.98,48,71.79,28.12,105,30,141,31,42,62,16.72,98,-7.83,-31,87,81,110,30
11,-10.85,7.94,54.43,-50,-21.49,-12,55,102,-17,148,21,58,39,94,-13.08,149,42.98,74,53.97,45,44,13.34,103,-42,31.59,33.93,72.24,-44,142,138,10.96,-14.75,72,110,49.93,-16,96,114,67.19
-13,48,83,35.5,-45,51.18,-20,-13.4,100,31.44,-6.67,-24.96,54,59,5,4,-18.96,-26,-25,72.43,61,12,44,51.92,89,40,-8,74,-33,145,42,128,69.33,56,70.47,-19,60.02,51,110,-13.46
8,63.19,32.29,-30,-22,64,58,26,-15,34.82,-20.99,32.71,19.06,-46,69,139,35,37,16,38,15,-25,47,48,69,45,1,67.17,4,60.31,127,14,-33,70.97,58,59.02,130,65,54,57.32
-15,64.53,-15.25,-21,28.95,-7.36,80,-9,114,126,2.55,58.22,-46,15,110,10,24.97,88,70.11,40,26.31,41,115,-6,112,50.4,28,14.3,5.45,60.54,131,16,52,-37,55,20.06,-43,19,43,82
8.26,-17.02,131,114,25.48,-22,73.2,-25,46.53,44.25,81,-22,14,40.84,6,-25,-18,-24.33,-21,16,87,82,108,146,64,41,78,-1,59.38,6.02,65,2,29,70.92,30.66,50.43,-39,64.73,-4.91,69.74
50.71,-0.33,11.7,-1.77,38.65,64.94,14.07,-1,-32,74,90,-17,75,33,69.55,62.52,95,61.98,141,38.57,141,83,141,38.51,135,29,30.22,146,73.36,-4,85,-21.66,-21.53,-22.3,2.53,100,105,-5.75,-5,16.93
27.75,53,-3,75,67.81,77,22.83,35.86,104,-28,37,13.18,-13.17,137,-13.83,45.12,-10,81,67,-36,14,20,57,-27,-21.87,33.41,8,67.68,88,47.84,117,69.58,35.84,110,117,116,35,8.87,74,112
52,-7,22.07,50,99,61.98,5.77,-43,31.03,39,133,70.3,-5.9,120,148,65.17,145,-1.21,9,44.44,-27,68.84,59.65,71.16,109,137,12,11.98,57.37,3.42,-30,135,21.39,7,136,137,47.89,134,40,26.88
-23.49,0,-48,49.28,-44,-23.48,23.18,7.62,85,70.18,-48,73.22,129,46.66,43.33,37.12,39.6,-11.2,128,12.27,46.17,83,3.61,-5,4.09,10.24,100,135,-22.78,76,54,22.47,132,1.26,144,42,-3.66,67.22,22.35,109
63,62.85,77,22,121,-14.03,-15.95,79,-41,-17,45.07,4,-7,23.56,-2.7,-49,-25,53,43,115,134,128,134,61.3,-13,66.85,49.98,4,19.1,139,135,-12.85,-9.07,48.02,7.69,-21.39,46,-44,-24.01,11.76
43.88,10.32,54.01,52,23,31.34,28,69,30,7.66,-1.12,-2,-26,67.63,-5.44,7,10,81,127,58,114,134,8.71,60,73,77,4.22,114,20.33,56.57,133,100,-22.59,-15.69,-2,66.65,63,-2.66,-21.74,-25
76,9.19,49.4,18.9,75,116,-34,20,-9.29,12.18,34,145,8,-10.88,17,75,-25,19,82,27.91,-43,13,-27,-2,-10.77,108,-9.27,138,-35,19.49,20.98,63.35,74.33,145,126,37,3.59,28.02,114,75
54.94,65,28.8,69.04,82,31,80,-28,106,-11.37,61.91,108,39,4.9,13.03,47.4,-44,-28,43.34,33.16,-32,18.59,76,11,-12.89,49,-1,-10,72.23,107,24.92,85,3,94,-44,138,43,141,52.73,146
74.14,16.63,8,-13.95,-17.51,27,-47,-8,-9.78,-14.7,60.77,8.17,61.58,22,126,73.92,-7.95,69.44,73,23,40,25.04,37.84,42,94,72.46,-9.33,29.78,74,39.57,65,121,42,21,59.12,70.68,123,-18.24,-39,56
27.87,103,129,36.34,127,-9,-18.28,62,46,-6,138,57.04,10,-24,30,88,66.7,-4,11,-10.37,57,109,20,-7,91,134,67,-17.94,12,80,67,-5.99,72,-18,0.65,-6,71,44,53.97,11.59
109,10,109,-10,40.23,137,109,8.89,54.06,23,7,8.81,48,26,84,58,67.18,33.94,-32,23.18,55.73,-11,29.1,90,55,81,60.72,128,-20.73,45.98,73,69,-1,28,89,21.73,145,24.02,11.85,-2
69,75,26,132,-2.47,58.11,52.97,4.11,61.2,-45,125,132,30.37,-16.4,23,52.39,136,71,84,33.42,9,90,33.12,27.01,29.46,95,-22.08,107,-18.82,66,47,4.48,93,-27,10,73.21,66,-15.66,-37,-30
6,-27,64,27.87,27.39,-48,-43,64,45,91,32,-8.4,74,15.94,81,139,-38,91,73,77,41.26,-0.07,72,-3,20.76,20.26,4,83,-23.08,16,41.88,12,57.39,78,37,43.55,52,63.6,48.63,37
47,-17,95,71.31,25.49,-15.94,49.05,8,-3.18,143,-38,6.48,68.84,-31,-7,28,129,40.24,86,-9,15,10,66.37,140,57.49,124,66,0.6,7.96,51.87,36,-24,-37,87,-47,38.12,-5.14,30.42,-6.27,96
-25,35,18.2,22.09,101,35.17,55,142,21.95,48,31,118,7,-19.05,144,72.14,64,73,17.65,-24.27,49,-38,6,47.46,22.14,38,2.28,141,50.59,59.78,27.38,64,-31,13.07,19.63,51,-9,24.79,-15,-6
45.35,1,42.39,89,51,75,96,34.66,-0.17,66.56,13,-4,94,1.82,23.44,-28,-10,54,113,-11,71,132,-12.62,42.77,60,-32,24.8,55,22,35,-44,81,30,15,38.12,33.42,62.12,-20.18,-40,118
32.8,16,54,54.74,54,62.96,41.67,10,117,-21,-24.28,0,143,48,-4,112,-25,-18.25,20,116,38,116,-34,88,134,75,12.78,47.91,123,77,56,80,-17,8.61,125,47,130,-21,78,148
69.24,38.88,12.07,14.12,-20,-35,19,51,-32,-23.17,28.18,-21,57.78,-24.84,9.29,17,-26,20,30,-5,24,46.54,6.33,131,-7.2,68.22,-47,-49,101,140,-50,112,12.94,56.63,111,27,45.95,49,-16,0
57.08,17.39,6,-23,42,58.74,-49,0,93,-9,11.32,47,-43,-11,35,118,15.78,37.7,32.28,-0.66,-40,2,36,59,-41,26,-28,-21.48,24,20.12,70.43,12.16,21,-16.38,35.12,51.49,81,74,70,48.8
20.33,135,-46,38,37.73,-23.24,23,-0.98,27.8,-40,97,2,105,43,74,-3,44.27,138,16,37.04,30.78,77,82,13.82,30,28.57,-21.95,6.79,7,40.21,-13,51.18,53.41,11,71.7,-19.75,-5.78,47.84,-24.66,27.06
34.73,107,84,47.2,25.78,129,67,24.83,54,105,34,23,2.89,31.13,44.97,41,31.64,31,70,16,55,78,-38,5.71,13,72,48,73,25.28,70.33,98,-32,-34,30.09,139,-5.9,25,80,134,14
5,80,103,10.22,78,-12,62.24,41.07,66.91,105,90,-17.32,68.33,6.88,37.56,149,121,-13.81,54.92,2,9,91,131,45.87,145,138,37,-27,31.47,1,32.42,63.51,59.82,54.86,-25,15,-6.6,78,60,91
18.9,106,29.77,74,84,-12.22,-11.89,-14,25,-39,-17,29.4,55.66,-29,69.33,31,27.06,133,50.96,147,-9.35,-12.22,-24,-17.18,27,-5.27,-8.78,43,80,50.73,28.85,149,-28,34,144,96,104,-47,26,61
31,142,-7.59,-14.09,69,14,9,45.92,29.14,42,48,-19,-12.64,64.43,95,-41,46.05,126,65,70.04,6.68,-23.77,32,-36,91,-48,-11.7,147,-0.27,10,61.69,-7.79,12.73,97,25.79,38.27,-31,23.86,70,-10.07
69.24,1.97,9.86,8,-11.9,-10.73,79,50.65,8,75,-17.56,12.3,2,-2.61,95,61.73,28.96,80,132,46,4,-9,-23.08,-19,88,65.15,79,-50,44,11.86,-19.56,25.79,1,-11.47,-25,115,20,-15,74.74,148
86,80,6,64,54.12,143,40,3,36.31,58,30,-38,4.52,55.68,6.32,-16,20,124,24.72,49.33,-23,70.25,-17,134,-30,12.08,-26,32,37,-13.22,63,66,67,137,9,107,49.51,-17,59.79,57
2.98,46,16,17,59,119,128,46,34.78,93,-8.15,144,122,15,85,18.18,12,45.48,115,-16,48.7,49,-4,122,7,118,69.45,29.13,34.22,52.58,69,-23.24,-4,106,117,-0.17,57.28,64.17,4,13
-10.24,77,31,-38,-19,83,-37,26.86,-21.83,-17,23,62,43.26,59,53,121,12.61,0,-43,45,23.63,-11,116,-11,137,12.18,-23,35.96,45.01,52.75,42.21,18.17,76,-24.21,34,58.98,65,-1.33,43.3,4
141,14.3,-16,8.54,-8,66.6,13.42,23,-45,-29,-49,-15.57,-43,68.82,12.84,35,65.37,118,-5.68,78,16,149,143,69,108,-46,44.3,-22.02,88,36,92,45.81,-42,96,17.27,57.67,8.06,-48,-21.13,25.61
-16.04,-29,-24.93,82,-28,73,2,15.51,103,27,64,80,15.98,113,18.61,-44,-19.17,-6.83,17.4,-43,-7.03,137,1.53,16,73.12,58.27,-14,115,12,-18.61,80,9.28,-44,148,67.28,37.72,45,-10,43,-44
35.84,147,63.44,75,45,-18.74,50,70,110,-15.09,73,123,56.72,122,140,-39,64,99,62,-12,34,27.21,-5.28,-40,143,118,-16,68,3.89,24,60.34,28,52,22.71,107,41,13,139,-23.55,58
-30,-30,30.24,36.25,31,44,26,45.06,28.37,60,28,44.58,29.1,131,-43,57,121,12,44,37.52,3,135,94,86,46.64,81,127,41,30,29,1,65.59,74.23,56,16.15,126,129,19,68.16,29.06
56.49,-48,66,49.19,57.32,-22.44,65.56,70.22,3.53,-10,74,44,43.32,4.15,61,134,-49,21.8,-7.89,-24.24,53.87,82,47.67,59.68,116,20.12,-23,-22.72,31,-19,40,4,5,30,116,43.47,-22.39,-7.9,107,71.15
128,92,16,24.48,-2.03,47.15,-16.72,1.09,112,-47,-29,26,-39,31.78,77,-8,26,50.41,19,57.38,4.97,4,68,-17,54,93,118,35,68.34,-50,53.53,-11.89,103,-11.08,78,-36,53,113,130,130
40,2,60,18,79,-39,67,-45,102,-20,149,-27,1,92,20.99,2,9.41,-28,65.77,-10,30.22,-12,-23.13,49,-35,62,-11,144,9,74.75,52.25,71,56,-11.26,45,-44,132,-19,4.03,-49
60,56,74,-12.76,53.48,-50,-37,54.25,116,91,20,2.72,69,27,82,69.44,104,103,59.05,53,109,60,60,129,31,144,-30,-4.36,11.81,39,-20,125,44,50,-31,34,67.98,7.51,6.46,-1.35
122,9,54,-3.04,-18.23,81,73.63,60.45,46,109,57,94,14.45,-6.22,113,16.79,11,125,3,-8.86,71,-20,149,53.08,38.97,56.77,51.46,63.16,2,28,16,53.32,47,71,57.01,119,-40,59.67,-49,71
70,118,114,100,136,2,-27,145,14.36,42.56,-35,36,136,145,-5.56,119,-7,60,109,35,-40,8,-18,57,34,12,-4,-3,55.64,-7.33,34.62,-27,92,-4.8,109,-26,124,28,1.96,-12
-8,11.81,83,78,82,102,146,58.62,68,72,68.37,105,52,-7.41,74.87,126,39.17,-19.42,-13,-13,-22,49,93,63,-26,101,73,6.5,20,52,-8,28.34,-34,96,-24.95,-3.74,136,63.87,72.24,-32
16,31.29,-12.67,-26,-37,29.11,52,117,73,27.07,13,113,-12,-6,105,-23,40,82,62.54,-4.42,37,28.37,24.37,79,117,59.15,33.31,38.19,6.73,-11,56.22,2,14.37,112,6,58.58,109,30.87,-37,145
121,3,-18.15,-30,31,-25,35,14.35,77,61,1,148,97,131,133,52.16,-26,39.51,25.7,49.56,-9.79,130,60,-27,35,27.47,129,36.64,-1.15,56.05,78,-11,-46,32.99,54.54,71,53.99,19,5.08,20.69
27.32,10,142,41.01,57,14.56,35,69.61,-2.55,-17.25,3.1,105,143,13,48,63.79,-23.62,142,82,-19.32,-19.85,142,26.3,-27,36.05,128,-15,65,47,-46,7.55,4.89,14.51,92,-2.35,5.88,37.68,12.88,38,-31
117,26,44.49,65,11.93,-9.55,38,9.48,41.95,103,43.07,50,52,-32,25.08,26,72,100,3,58,-14.86,131,57,16,51,9.31,20,50.05,22,60.48,71.17,-44,33,39.32,-38,94,-37,68.02,-41,93
146,19,-47,98,44,40.92,42.81,25,-10.78,-13.94,-26,57.24,55,67.93,120,39,107,-12,-8.65,107,-30,94,91,58,23.21,34.35,25,51.55,29.04,46.15,-37,59,143,-50,105,29,-20,-7.95,-26,-15.55
26.6,126,141,33.52,-17,7.25,-50,53.31,76,29,131,-24,43.86,10.32,-1,63,60.89,50.67,22.91,65.72,26.7,49.48,146,54.95,34,47.68,74,44,13,-49,53,-39,148,41,70.86,133,96,93,20.14,50.15
128,13,66,49.9,26.03,71.19,-12.24,60,126,29.42,64,33,-42,59,51.31,-50,90,32.26,-2,40,106,-32,113,45,10,-39,81,135,23.52,81,-33,15.08,35.92,109,143,143,61,38.99,68.59,55
-6,-38,22.59,-29,69,41,22,42.06,91,-28,71,94,-37,24.08,148,34.78,69,56.45,66.99,1.67,-9.23,57,104,35,35.65,49.37,69.1,-2,44.46,99,46,47.22,-1,-2,52.79,3,86,-22,-23.89,105
71,74,9.8,-22,-50,-44,0.76,-48,11.8,-15.34,48.04,103,-50,-4,-44,31,-19,147,47.13,66.92,12.24,-1,18.46,27,51.92,-40,4,21.14,105,21.6,44,20.95,73.83,-49,140,133,-14.92,19,115,-2.19
119,145,-13.03,22,-17.17,-24.29,-10.17,17.21,71,-5,13,33,28.97,-6,1.11,128,-17.69,-1.28,71,9.89,20.67,-34,41.76,-34,-25,39,47.92,-11,116,143,53.35,-25,62,25.45,-9.23,18.31,37.08,16.02,-30,48.21
-5.04,64.86,-32,4,-16.67,-20,120,6,-10.35,145,54.02,84,34,87,-35,-21.43,123,18,55.07,73,99,90,6.75,43.42,56,21.94,31.12,137,102,55,-0.25,70.24,-15.89,39.06,36.34,106,66.63,-39,27,-27
-12,44.53,44.46,75,114,40.1,29.14,124,96,-15.75,38.19,73.52,-50,73.56,69,-1,43.95,64,-4.52,-6,-0.99,4,25.2,10,-2.59,72,60,122,0.11,-6,4,-8.64,-21.48,-21.15,135,137,10.87,27.6,110,56
35,97,18.4,41.48,1.41,14,133,11.38,45.51,50,31,-19,133,30.68,42,67.98,124,120,-17,41.46,33,26.29,145,2,55.22,-46,52.97,56.89,40.68,10.36,12,36,-15,30,42,-14.25,85,72,135,23.16
-14.66,26,-0.55,5,5.34,-9.1,70.89,73.75,24,65,129,-2.54,-3,23,-36,74.7,80,67,61,8.47,4,62.06,105,-3.98,31,68,69.72,-44,98,-26,-14.01,131,144,48,30.24,35.66,-42,62.97,17.18,73.67
38,40,-46,101,-13.63,81,-16.03,3,-39,43,14.38,64.63,97,-30,-12,103,26.41,69,75,37.85,-19,57,54,87,-12.33,123,-17.11,-33,-26,9.39,-16,-22,87,1.96,113,72.13,70,42.67,35,19
116,-6,74.69,45.93,24,-6,119,33.06,28,15.09,92,-16.32,1,-42,53,135,87,-38,128,33,11.53,9.41,22.41,116,39.49,45,62.34,53.09,121,-5.71,73,32.38,38,121,-32,31,28.57,144,-12.53,42
26,13.74,58.92,43,13.82,-44,-22,22,41,143,64,-21.73,46,58.08,27.82,-10.82,103,46.45,98,41,87,73.3,-22,95,125,55.15,118,-14,36,32.26,-45,81,-19,-48,-46,-24,43,89,147,-19
36.13,49,62,-49,34,43.42,-44,57.64,63,45.69,-33,-3.67,64.43,127,25.98,58.16,57,96,128,96,142,107,1,-3.17,73,109,45.42,99,135,42.75,113,120,110,60,-6.82,55,72,1,53.87,66.7
10,-12.57,-39,67,42.1,55,-15.47,83,-31,52.18,41.52,76,-38,70,135,-31,18.86,62.09,69.86,90,-10,58.81,12.57,36.76,131,88,32.55,130,42.35,37.54,34.81,-1,55,-10,-19.24,39.9,26,-44,55.25,69.86
121,90,3.39,59,21,54,50,109,88,-45,38.5,101,29.44,21,3,19,32.91,20.17,-40,64,-16.27,50.39,-11.51,8.95,-4.82,25.21,-17.02,116,18,-45,0.02,-31,84,11.28,138,6.26,11.47,-3,90,-18.86
18,115,7,91,56.48,-4,-2.08,12,25,148,58.07,134,96,66.36,2.4,-16,38.46,73,41,44.2,66,76,64.5,-5,113,50,37,66,2.68,20,57,144,-34,67,41.82,10.83,2.35,25.85,72.81,-33
141,35,-1.9,-37,1.06,78,38,15.73,141,55,132,32,-49,6,84,-7.1,-8.77,55.66,102,46,126,-45,90,29,29,117,-34,-29,43,23.06,84,9.57,122,10,-8,-3.22,34.65,54.45,-24,64.81
-14.34,74.49,113,-20,11.73,46,105,131,-12.29,-47,32.31,5,143,-24.45,7,82,76,134,117,143,58,-13.65,113,29,10,134,-20,42,44.7,22.82,87,32.21,-15.68,62.45,97,41,8.11,61,0.24,5.03
79,40.08,51,4.79,-17,5.83,111,13,-24.83,67.26,38.06,39,40,68.44,142,113,-22.69,-24.69,61.45,3.77,116,-29,14.1,55.71,0.14,95,-37,50.93,-2.05,108,120,43.87,113,22,4.19,-22.39,-17,71.23,139,0.2
21.16,82,-12,19,-14.49,27.75,30.46,51,99,-30,21.66,53,53,111,55.34,22.58,121,67,46,73,19,108,-19,-37,65.74,72,27,91,50.91,52.09,33.25,-17.96,-1.04,46.12,23,58,106,25.94,63.13,68
73.24,18,-3,-1.78,10.18,62,18,99,128,4.91,111,32,14.83,0.54,40.2,105,-20.89,-35,62.25,23,26.34,33.51,26,37.24,29.83,87,61,64.47,126,43,147,66,71.75,-10.53,-20,103,34,-2.73,31,-23
70.18,0.15,-5,-22.1,34.22,-28,68,-33,135,-13.25,46,85,142,60.1,0.28,70,35.6,49,89,41,0.6,66.45,74.73,24,85,10.57,66,-22.8,-22,-21,-29,101,-41,91,67,6,41,61,11.47,64
98,45.34,59.22,96,-12,-31,-19,-14.55,6,58.55,-25,31.22,108,13.07,130,-5,-39,-19.36,-9,-48,23,6.27,1,114,-7.28,-47,111,57.67,28.72,94,4.61,44.35,51,-23.28,60.66,-23,-11,-17,-4.47,3.8
56,52,-18,16,39.66,7,-35,87,-23.93,2.16,12.2,31,4.43,40.8,73.71,-47,-4.83,54,140,3.91,143,42,-33,86,-36,33.99,41,53.53,69.18,90,-8,7.89,96,51.25,46,36.59,87,6,40,49
15,-22.8,-48,-12.74,9,53,27,-23,-45,95,28.07,147,137,2,124,119,65,-17,-18,52,-25,72,3.64,27.88,72,-26,8,67,99,-3,-4,-11.59,101,-15.07,73.26,-17,6,89,25.01,24.95
-28,45.38,47.05,39,-41,-24.26,-35,9.61,17,-29,-11,75,10,-2.33,128,107,144,73,130,0.98,29,17.96,77,0,51.66,51.02,-10,-18,56,-23,74.73,-4.36,73,74,21,58,-24,117,19.98,15
128,42.98,147,2.44,21.19,-8.68,-33,141,-8,8.81,21.65,144,-6.16,53,84,58,-22,1.1,48,44,-24,40.29,-8,-23,49.64,8.68,52,43.47,51.03,103,22.42,67.19,20.37,56,92,101,85,3.73,-6,7
42.07,62.03,-23.52,95,64,107,18,107,8,5,109,8,102,134,113,68.56,10.41,-28,93,-12.11,15.25,-1.98,32,-9,6,62,40.05,2.75,-49,50.1,-16,148,45.13,2.17,79,124,72,104,121,82
-19,38,-44,48,50,-18.99,29.29,67.8,34,86,42.93,17.04,-8.23,10.26,2.96,-9.91,-22,-4,12.49,32,3.9,38,-31,144,10,-27,39.33,24.04,13.57,3,27,66,59.82,68,143,111,47.51,142,-23.89,17.49
15,25.71,73,27.44,88,-2.52,93,48.85,75,56.99,-4,-14.83,-1,43.2,68,49.75,3,13.54,56.58,21.2,-23.94,-28,14,14.21,-3.32,-9.7,-8.45,124,-9,39,-3.4,-6.76,37.22,-38,46,15.12,53.41,94,121,1
66,54,0,42.45,136,72.19,113,0.69,64,-8,24.22,64.45,9,-6.74,49.22,13,-1.84,98,10,-33,32,65,-12.16,82,-31,30,46,119,113,16,59,3.55,-22,21.23,65,31,83,145,148,54.76
24,56,32.53,-5.85,114,28.26,40.64,106,63,-32,135,-10,22.67,-31,41,52.27,85,-14.49,30.03,60.02,48.11,112,106,76,125,-2,56,57,43,-17,-3.77,29,-10.38,10.67,42,112,69.08,-17.46,60.48,87
13,60,17,68,148,14.61,138,111,-36,100,-2.56,70,49.68,44,35.12,58,-10.23,-12.68,56.35,-4.8,23.2,13.26,-4,38,3.15,52.75,70.14,3.16,85,14.3,-39,-29,67.44,-7.19,134,65.11,3,-20.56,6.24,19.08
-2.66,-18,-40,-18,140,-9.61,105,-18,90,75,0,55,135,85,-24,77,40.47,-3.19,-1.99,40.43,114,68.19,23.88,147,2,76,70,75,26.3,58,1.58,28,138,82,17.04,52.14,-0.75,9.24,78,25.22
-43,12.55,30.69,85,-3.15,9.5,82,4.73,84,3.91,-3.67,40,136,53,24,19.22,147,25.71,-46,3,-15.75,-18,40,111,36.51,-24,53.14,98,-35,-40,78,51,-22.32,136,85,-13,30,7,10,80
-7.91,89,57,-7,112,-42,-18.56,-14.59,57.6,31.47,-10.65,-13.53,82,-6.71,122,46.8,-40,7,11,-11.3,-13.71,127,-6.06,-19.49,55.1,39.53,82,96,90,-3.49,-6,66.25,-9.44,-23,-15,-33,116,74.06,16,-32
124,36,1,-24.78,97,73.4,132,21.73,142,149,-5.33,17.16,-30,37.42,36.21,2,-6,43.85,118,72.11,84,61,92,42.69,-31,138,-7.89,120,67.36,71,71,131,4.95,34.9,128,-17,48.41,62,1.33,28
-19,4.5,-0.41,-4.87,-24.33,2,41.09,61,17.39,89,12.73,-7,7.12,50.36,16,3,31,-35,-47,72.6,55,108,36.15,53.88,147,21.57,-1.42,46.79,68,51,84,-3,-10,59,-41,-26,54,112,23.41,112
3.5,55,19.84,-15.97,-17.5,125,57.77,13.71,71.12,108,74.03,60.34,43,-19,34.06,70.68,-15,64.56,23.91,69.88,17.97,-15,67,73,18.58,124,69.09,-30,145,95,-0.2,31.09,5.22,-3,-24,-0.74,33,-1,120,58
14,53.92,16.03,67.5,-6,-39,37.34,98,-24.2,142,34.23,-41,65,41,31.64,101,44,79,-7.88,99,10,100,-2.55,57,28.08,33,32,-21.07,-29,114,144,44,70,96,-10,-41,-18.06,-9,-31,70
63.54,102,124,70.88,9,121,114,24.06,70,-4,-15.57,-3,71,10.58,-15,1,-1.93,-31,47,33,-32,55.51,42.2,-40,15,-19.89,-42,73.86,-4.51,-21,129,4,13,28.31,39,-25,69,133,-7,-12
35.23,12,21.98,-12.2,-32,146,99,149,39,-28,-37,101,95,32.03,68,35,-25,-4,39,130,131,55.07,66.87,44.96,76,36.55,18,-24,40,22.38,53.41,20,28.79,35,11,132,70,103,35,32.68
65.35,37.21,-14.26,15,148,98,122,45,-31,-46,126,29.88,18,41.02,101,43,-3.42,3.56,-13.04,102,13,28,32,45,24,-48,-19.57,38.06,122,123,11.79,30,129,-2,15.5,16,129,48,90,-9.8
50,-10.56,-0.59,18,109,24,8,46,39,45,20,74,111,-5,57.96,123,41.61,80,57.71,106,43.38,61,-46,-49,3.07,56,13.96,87,14.6,43.83,79,11,15.35,37.26,44,100,9,-8.87,21.83,107
19.82,123,107,16,17.82,-11,-28,5.52,73,146,40.03,53.57,90,-2,-3,36.22,16.95,-14,37.99,44,122,81,70,-8,76,13,9.05,23.89,134,111,75,86,91,104,59,30,95,26,10,103
-16.81,115,5.17,136,115,12,7.04,20.21,64.75,4.69,-2.82,16,-34,127,38,87,-24.81,19,-25,5.53,-29,17.28,53.26,-18.93,58,48,78,146,-3,76,-50,101,119,-38,112,33.63,-21,147,66,9.32
38.21,39,57.13,32,130,40.4,140,-43,129,-6.72,-20.75,3,116,145,64.66,89,128,87,-20,27,54.83,122,45.23,67,122,106,1.52,-5.64,66,-20.14,-8.2,89,4.39,18.52,-6.1,25,94,129,15.99,-35
111,86,113,-6,78,-9.35,25,-17,142,-7.56,24,143,-15.9,93,-21,7.26,-26,68.64,117,143,132,38.08,126,19.88,36.11,67,63.01,-8.88,128,69.14,16,14.61,-30,-10,38.67,-31,60.5,114,31.38,91
73,72,23.69,10.78,147,82,-4.9,45.33,118,30,-31,127,61.35,72.32,73,61,37.88,-12.91,43.73,-4,-8.1,55.24,22.95,-23.89,-31,120,50,1.27,86,50.2,71,86,39,-6.95,-16.95,60.32,34.86,45,47.16,141
-20.98,-22.46,-9,65.34,67.11,90,-11,147,-4,44.86,-12,11.29,87,8.65,67,29,24,-24,71,125,-45,34,5,86,105,-15,93,-17,145,-27,-10,132,-30,31.74,68.64,49,23,-9.01,97,76
115,-18,-9.48,27.07,11.63,147,6,79,-7.87,129,127,-42,68.21,113,-24,142,-48,-3.75,74,146,85,-30,26.72,-13.76,3.57,68,-1.16,-6.79,-17.75,59,57.28,115,-7.89,113,12,40.4,147,2.32,83,59.59
33,79,23.88,46,31.52,82,92,109,111,14,20,28.56,-18,71.78,-25,123,76,23.22,18,6,-10.57,114,47.68,-23.33,116,67.7,136,-29,19,-13,52,30,-4.51,-2,64.29,51,58.37,16.29,18,105
21,139,24,25,59,148,139,13,16.68,-21,47,4,40.66,57,106,54.57,13.8,85,31,41,-5,-11,-13,16.4,-49,-24.52,38.39,65.15,33.11,111,-4.88,53.08,54,10.85,115,47.51,55.5,23.82,-49,125
97,0,7,61,-8,69.46,18.94,30.71,35.81,40.37,-20,-1.06,74.11,-35,24.96,109,8.65,55.32,137,56.55,57.73,18,81,18,143,57,-2,61.12,34.38,71.98,-22.54,-25,-6,141,71,111,41,20.49,139,29.75
49.29,96,-16.96,-14,148,106,72.08,-32,-7.5,-9,2.56,61,-18.29,-26,60,25.13,119,25.67,27,8,43,125,121,32,-28,-7,54,13.4,6,54.07,35,70,141,-9.73,9.11,65,65.66,74.68,-41,48.93
51.63,29,57.82,15,26.39,51,-25,-30,118,-18.41,45.18,-43,29.7,43.66,-14.4,56.04,44.36,-4.93,31,1.77,62.33,20,-16,31,-27,62.66,41,40,42,15.84,63,67,-31,5,23,48,52.31,36.34,71.52,-10
140,62.94,-14,33,7,-23.83,-39,11,41.57,71.3,40,105,75,39.53,18,39.19,23.8,17,-7.48,144,-3,117,-0.97,34.24,-21,-32,-14,77,41.03,138,2.6,59,11.5,-24.45,32.8,55.22,-3.76,142,144,22
148,14.07,-49,37,1,83,58.31,52.65,38.48,30,45,-8.6,68.86,-5.21,-42,145,90,-38,5.48,-21.33,0,43.31,49,-23.94,21.08,34,103,8.87,-5,59,54,119,67.86,115,-28,142,55.87,16.18,113,59
57.27,53.04,31.11,78,-46,17,18.12,125,45.88,-14,-25,27.26,29.17,-10,16.37,86,98,104,10.56,91,82,93,-24.39,12.25,30.65,26.97,142,126,66,67,118,-0.08,64.43,119,20.9,42.88,73,1.78,43.25,-20.12
54,38,-6,90,88,-20.9,-15,-10.28,33,13.13,105,85,51.99,65,132,21.8,97,4,3.1,71.3,19,33.51,31,32.47,24,2,-11,57.15,62.41,40.19,19.75,74,96,-28,142,5.09,-41,90,52,-41
65,-42,95,17,100,-41,66,69.74,49,73.9,49.74,27.06,10.1,21,40,77,132,29,22,-6.25,10,125,77,22,-43,1,64,34.63,24,141,32.17,44.1,62.84,15,3.22,-19.66,33.76,-14.72,14,-15.68
84,125,117,-13,-34,100,-4,2,-26,24.35,143,38,-2,-16,38.35,-12.74,61.97,72,0,117,100,23.12,-1,-10.03,-18.05,-15,122,23,149,112,-20.63,8,8,27,65.31,3.27,-24.79,13.81,132,34.82
-21.54,-40,38.02,20,49.07,30,-27,44.61,127,64.8,6.9,-25,65,-27,-13,89,-10,47.6,79,77,143,-13,-35,41.93,42.04,-12.7,143,83,2.68,-10.01,12.41,-5.08,75,5.25,-8,-32,49,-34,51,29.44
50.94,64.72,-16.36,19,106,71.41,45.56,41.02,33.41,-24,42.69,0,-17,25,-8.98,-10.95,73,18.66,55.85,51.51,62,-27,25.2,123,108,-26,70.91,-40,-6,25,50.61,43.75,0,73,-43,117,12,85,60.45,34.97
128,-13,48.37,87,42,13.59,-21,-1.14,8.19,1.54,1,-10,87,10.28,11.57,52.98,137,-49,122,33.88,108,-15.47,43,41.84,-42,80,-10.47,41,138,-15,132,20.96,8,32.28,-11,34,-1.61,18.75,36.72,-8.97
52,12.04,8,-16.22,74.86,29,-27,96,39.41,65.99,2,23.39,-16,127,83,99,52.06,67,11.71,-25,70.96,75,10,-2,143,78,100,-24.55,-12.38,6,136,65.72,33.94,89,29,-21,144,50.21,62.59,-19.2
-22.34,-21.77,80,38,-13.51,-32,70.34,41.98,36,59.07,-36,54.09,147,65,125,97,53,-46,137,66.85,8.34,52.63,-7,48.82,-2,28.84,69,90,82,-11,-11,-32,42,53.33,-29,46.83,-2,149,23,28.86
136,24,2.44,-23,92,-13.16,-30,115,44,25.6,6,63,60,63,-40,41,-11,53,73,73.86,33,12,2,21,8.25,36,87,148,75,70.23,-13,49,41,44.84,-1,33.04,20.48,149,58,39
138,43,49,13.38,57.13,62.87,72.04,69.68,-2,113,149,-15.89,8.91,73.7,54,-4.72,-26,-47,-10,49.57,8.13,16.57,64.86,138,31.79,-28,51.9,85,146,43.05,13.8,-41,93,128,9.02,87,-3.18,44.54,56.1,-28
23.88,43.19,99,16,-5.76,68,116,108,146,55.1,-13.32,16.89,58.83,30,30,-24,37.76,21.08,-8.71,70.79,-5,55.19,-31,61.53,48,117,32,3.94,-36,21,22.72,92,-15.9,12,123,-27,18.08,32,57,11
-33,62.76,89,66.99,34,122,5.03,143,28.96,86,123,55,73,36,55,18,-6.55,-6,72,0.36,89,110,40.36,19.96,32,60.1,-48,114,72.63,-5,52.52,10.95,21.16,60,2,40.31,81,46.59,-44,43
104,41.34,68.02,41.91,89,77,128,115,-4.07,11.45,73.08,28.28,30,4,10.21,48.65,118,-11,52.98,1.31,-17,28.99,-44,59.35,21,57,8.66,-12,15.85,-11.22,70,-28,141,75,134,52.57,93,16.52,0,85
5.24,10.28,44,116,1,-8.66,-20,-39,-4,71,9.35,96,58,105,110,121,15.48,16,-18,19.82,24,-48,47.15,-23.68,17,46,-25,102,58.25,-34,52,28.98,-18,79,8,27.81,-2.83,36.36,-19,-8.58
-0.65,6.47,36.87,-15,-0.04,57,8,26.97,130,100,0.29,44,-50,7.06,-9,14,81,-24.83,10.96,-12.64,24.99,-31,80,101,-12.77,-22,5.23,-24.32,-32,34.51,74,14.07,-22.87,29.48,4,51.61,53.1,88,14.74,82
134,79,96,104,144,91,-25,-5.05,53.73,45.59,63,-4.16,57.35,120,13,48,126,95,16,122,71,74.08,-38,121,128,22.3,-31,16.86,128,-18.77,136,54,17,-15.24,73.26,141,123,45.74,81,24.6
32,-16.28,2.83,74.11,69,137,22,143,44,16,-22,76,93,-9.65,24,-34,35.23,-20.52,-20.51,5.01,7,74.45,47.43,-15,-7.59,33.09,149,-21.88,45,-27,54.05,65.49,20.55,-49,61.4,27.32,81,122,98,127
59.04,33,27.51,52,25,28.28,55,21.5,65,84,33.32,42,-11.83,22.03,-15.66,59.69,-21.35,33,-17,-43,-23.14,58.34,17.28,21.24,45,23.15,-39,44.31,53.09,-17.98,27.23,-41,26.97,90,61,-29,25.3,72.84,4,58
-20.55,-32,61,-8.58,32.85,16,7,24,10.23,122,146,47.72,7,36,0,-48,104,34.35,113,1,62.86,122,26.74,-3.59,79,75,97,3,71,59.99,30.75,11.63,65,66.45,60.64,106,64,-46,-6,-22
74.1,136,14,17.59,-14.75,63,85,65.19,-20.96,59,44,-14.19,30,89,-47,79,-27,38.24,63.32,139,41.83,94,-1,73,48,119,26,-8.93,-49,-13.15,0,-2,-11,8.66,79,51,-8.87,-9.34,-18.13,47
-32,72.39,29,19.97,33,70,145,22,123,-39,-12.07,51,1.53,16.9,-28,1.09,34.27,-25,36.76,-13.92,24.78,113,-1,-1.75,77,55,-3,-13,117,-20.69,94,-41,12,-30,50,3.9,59.42,67.81,40,-23.29
45,64,35,-21,-11,5,-17.96,-35,83,31.23,21.01,111,8.66,133,21.79,118,-7.77,121,103,-39,132,45.43,38.19,-48,146,27,46.43,112,113,-23,74,-15.24,146,130,94,144,-46,41.32,44.58,69
79,45.69,138,102,14.97,23,106,40.45,31,85,93,124,108,105,144,-37,36,-48,33.31,60,65,23.2,-0.16,73,-6.46,24,60.92,123,70.71,38.17,-48,22.23,35,-31,95,68.55,119,58,106,112
0.2,29,-47,52.62,2.12,25,44,28,65,-7.28,131,-30,22.86,48,10.91,11.18,41.97,138,54,-15,50.54,39,24,21.27,51,16,-39,79,30.82,20.42,71,33,-39,-24,85,51,123,23,134,56.3
24,-19,17.05,135,20.15,-0.96,81,-8.94,24,59.41,102,51.3,15.83,42.49,23.8,33,-9.87,50,62,-8.28,64.08,45,37.31,16.59,93,21.29,65.56,23,104,-15.78,59.75,79,75,-26,70.19,-10.41,-18.44,57,127,60.21
-24.76,31.13,120,32.91,108,93,15.44,-0.86,41.77,15.21,4,49,88,44,8.11,93,99,39,-14,16,-25,138,-8.34,68.12,68.8,6,107,7.98,10.73,-40,13.4,-14.62,-12,46.19,2.67,74,-17.14,61.4,4.98,1.01
82,11.92,52.09,127,47,4,62,94,27.7,130,23.61,30.7,51.54,139,40.79,126,145,-22.56,20,-15.63,-23,72.16,73,19.08,11,33,120,93,93,63.5,116,85,66,63,141,-13.61,126,49.7,-12.48,83
146,18.06,109,73,-20.19,92,111,75,-18.03,49,49.62,29,96,137,22,115,144,-16,44,-20.17,0,-3.96,12.95,43.2,64.82,39,28,22.31,60.35,14,4.62,8.61,84,3.34,-6,9.93,-14.06,-3,-15.3,-13.24
12.24,2.56,-7,52.5,43,36,-25,-10.99,13,18.89,36.51,3.45,26,123,6.82,30.58,61.76,54,86,94,54.25,-48,52.45,18,54,143,129,119,102,65.91,16,12.94,32,12.81,76,59,15.92,-35,82,-27
140,139,-50,-18.74,62.52,125,27,94,49.59,49.48,39.87,-23.69,-31,102,-13,-30,120,-4.02,128,-48,106,124,9.31,2.44,20.17,3,22.92,-21.69,-50,-11.86,34.25,142,118,32.78,33,44.43,45.59,28.98,69.45,136
-29,-20.18,30,61,53.02,134,62.35,34.72,4,25.3,104,43.73,74.67,71.15,43,-30,61,81,-12,70.45,146,126,66,42,60.99,-15.82,10,-12.86,-9,-35,120,149,14,63.01,-2.39,-4.41,-22.96,6.52,140,54
43,58.14,3,9,-14,-1,39,137,40.75,92,80,-4.5,37.96,57.1,68,-48,125,-1.71,34.97,26.25,97,-5.08,4.25,25.44,-47,56.83,107,20,9,126,87,38.57,37,-36,51.83,70.35,17.99,122,43.82,119
72.48,-49,74.95,1,14.34,135,-11.54,73.83,-17.63,28,77,14,29.86,98,45.83,42,95,-16,28,117,49.61,70.72,11.34,-48,54,125,-18.9,18.29,19.83,30,28.61,-18.23,6.66,52,102,50,-9,37.14,135,41.16
-4,-26,34,33.98,104,71,114,105,112,-32,46,77,120,63.71,101,8,49,24,63,125,66,21.82,99,83,-31,112,79,58.98,43.3,15.87,74.58,4,1,70.08,59.98,110,104,59.16,59.8,101
67,70,-10.09,66.53,94,-22.8,95,58,7,23,32,49.48,35.18,73.31,-33,-22.12,73,-9,15.61,46.5,47.64,77,103,-11.16,-1.29,-3.83,70.1,26.64,21.16,44,67,85,129,-47,60,75,6,25,11.58,32
73,60,135,-6,13.79,90,76,4.25,126,-9,72,63.37,135,57.93,74.24,47.26,3.61,81,31.06,121,-9.34,106,-49,-2,78,48.98,41.32,-17.05,-16,102,-20,-44,57,-18.93,-25,22.11,-12.77,100,135,75
-19,47.86,70.53,25,140,31.95,-42,95,68.86,65.05,130,138,113,56.22,94,24.26,123,-13.27,20,-9.04,92,82,12,68.24,37,145,61.19,13.05,71.64,-16.93,135,25,-1.31,-45,-31,-4,-45,81,77,65.59
-45,44.89,70,5,-8.5,134,71,-9.7,20,56,-11,96,94,92,125,63.6,1,48,-34,-34,-11.21,74,-45,120,25,85,138,106,8.43,28,53,-5.93,-27,-36,22,79,36.39,-25,12.77,121
53,129,-21.4,28,122,55.03,10.84,8,60.51,6.31,42,31.52,17,26,22.24,52,42,-8.08,114,98,56,124,68,-2,10,6.32,87,94,97,59.79,-2,-20,-13.29,138,55.84,-6.63,23,42.04,47.82,-18.23
5.36,-40,34.95,59.96,-8.37,48.41,8,-21.34,-1,38,-39,-22,66.22,22.9,63.42,0.51,45.32,23.53,50.19,3.01,2,45,28.07,10,24.73,55.83,-23.06,13.78,-27,148,64,0.1,51,2.22,56,-19,29.73,-19,2,12
21.56,-18.09,14,-33,84,19.57,60.23,68.86,73.93,63,124,16.3,41,10,-15.11,-21,19,3,-46,-31,112,-42,62.69,49.89,60.66,143,52.14,36,-48,25.69,67.82,6,106,8,15.88,129,60,-7.04,-4.71,0
121,-50,149,68,10.89,-49,21,106,-7.62,32.15,3,68,99,105,61.81,54,36,-44,-15.73,-1,43.08,61.11,74.33,37.25,121,14,141,125,-24,10,70,109,-4.26,108,35.75,-41,65.92,29.08,33.07,51
-21.17,108,132,3.43,48,17,-3,110,6.57,57.81,143,81,21.56,148,-46,-45,9,136,-38,18.59,31,5,-13,-22.21,-41,41.32,103,23,30.05,66,6.1,-1,38.95,6,92,111,47.01,28.32,3.49,111
20,105,-3.49,97,-44,-14.7,54.49,-49,3.66,99,90,3.46,130,-48,-35,34.69,57,83,36,8,26,3,-16.54,29,72,-45,-1,18.18,3.55,-22.54,73.64,-44,98,-2,26.43,-2,75,-28,60,84
59,44,-37,-27,32.89,42.4,-18.91,-22.6,33,56.28,1.37,147,63.61,115,103,71.46,99,43.66,15.03,122,90,69,11,87,-24.58,18.35,132,-5.27,-22.82,136,41.56,60.99,82,-5,90,46,54.01,21,15.51,16.38
48.85,-32,-22.32,2.82,-45,4.12,-4.24,123,70.41,79,19,69,51,43,17.42,36.21,53,73.74,-3.19,81,12,80,43.43,-11.65,-5.36,11.03,6,138,-41,4,34,101,9,-43,-12,-17,-19,130,57.61,10.59
30,147,15.84,143,92,57,-39,61.34,71.49,147,-12.17,18,53,41,29.87,-15.46,121,18.72,75,-39,33,126,41,117,61.08,25,-22.56,8,90,-49,68.16,32,56,-9.44,-7.93,94,-45,76,58.59,53.62
46,13.36,86,-1.71,-11,37,14.73,8,-38,33,17,147,83,55,-7,-17.72,2.86,-21,43.81,67.67,21,52.66,-39,33,-43,-23.53,-2.19,-27,-12.2,58,51.84,8.66,-11,12.31,56.22,70,10.66,53,-4.52,149
12,108,111,8.77,98,129,126,120,131,-3.43,25.16,4.55,0.33,38.59,-10,11.02,31,53.49,-24.73,74.95,29.51,37.33,18,119,31.21,36.09,41.13,132,74.5,51.4,126,125,54.81,11,-22,17,60,-0.87,109,-17.58
4,29.94,77,76,-18.09,73.19,-14,24.48,114,89,46,25.08,57.47,13.67,140,34,-3.07,96,116,133,107,22.34,27,80,36.4,54.23,59,111,7.51,8.92,66,111,68,129,10.13,-9,121,-14,-0.95,54
15.34,-16.61,37.45,126,-18.87,66.52,-7.28,47,80,136,74.98,75,6.85,63.85,140,36.99,-17.4,-11.08,59,-28,84,-7,110,-37,69.57,27.18,-29,-4,42,-2,48.13,9,42.72,6.41,116,-29,67.72,101,-5.86,59.44
-48,57.48,11.12,67,137,7,-44,2.49,106,-2.6,-49,-18.11,23,63.06,-10,90,4.12,142,-17,-20.54,0,28,8.19,-20.12,29.75,138,-27,89,50.58,28,55,69.02,-45,-37,-37,111,-8.96,92,49.09,22.59
-2.49,70.14,-17,88,115,41,42,-45,105,-7.15,-17.53,-32,-37,81,-11.07,0.1,11,65.29,-35,32,-30,0.82,20.91,30,49.81,50,-25,68.13,70,16.78,68.45,37,19.13,139,112,2,74,53,32,28.84
139,121,55.68,38,29.51,-20.14,101,59.32,55.55,48.06,53.4,12,4.77,-39,-24,89,-22,60,-24,116,7.84,52.79,-22.96,38,92,-14,97,-12,45,2.58,81,-6.03,53.83,34,40.53,90,121,16.42,105,81
116,99,60,46,47,74,66.09,84,26.01,55,-1,64,-41,-14.19,23,33.16,-6.57,144,146,129,119,86,26,68.69,52.12,65,120,-15,-0.31,-30,48,57.1,-3,33.31,56,-27,19.98,72.58,24,48.2
119,32.9,16,77,15.14,38,44.92,-12,52,41.32,50,60,-9,81,-37,-27,30,53.36,69,103,64.13,4,48,-5,82,44,12.68,70,73.45,18,-39,-3.59,-24.44,46.6,33,-20,20.18,97,64,-48
41,129,40,26.22,-12,-19.04,52,117,-24,32,-4,48,-28,74.48,32.4,-8,9,-18.34,1.43,0,64.42,52.58,-24,56,-31,30,63,-18.14,68.93,49.89,-2.73,-14.34,10,43.58,22.82,133,47,-46,124,77
129,122,89,104,20.99,67,-23.69,-48,29.39,68.61,99,49.63,47,62,42.68,55,118,-10.66,63,15,3,60.05,37.94,65,73,59.39,-26,-23.59,53,80,7.49,-14,-18,50,72.49,33.73,113,-28,28.2,67
57.39,24.59,128,28,71.04,47,53.02,45.38,141,56,38,-20.31,74.95,119,56,92,-38,103,71.51,41.19,93,16.13,21,114,41,115,112,-29,14,19,6.03,-15,1.4,-0.19,46,-17.99,110,56.08,-36,17.59
45,-21.45,9.11,16,138,136,13,125,30,62.4,27,44,-11.1,60,32,113,108,129,-39,19,130,41,14.66,27.06,138,107,9.03,23.87,31.66,84,16,69.05,-21,128,-21,27,-19.77,17,84,37
114,35.47,-0.24,57.81,-9.91,8,-5.73,1.58,121,-0.87,79,37.37,-21.4,112,-25,34.05,8.75,10.53,-11.25,-40,22,-17,17,-49,-5.79,23.18,53,145,67.01,40.56,103,-11.72,55,142,71,44,136,35,4.94,-35
125,77,-39,37.1,54,131,24.23,78,81,3.56,147,139,12,-15.1,43,54,130,7.53,4.54,-41,11.26,106,4.45,113,-4,62.41,94,56.76,137,-5.82,51.89,114,50.75,7,-5.36,140,2,54.94,25.52,-0.08
-3,24.01,11,-4,49,-36,12.29,90,10.38,52.29,148,122,-42,-6,9,65.52,42.32,13,96,142,-34,-42,52.08,78,97,120,149,141,58.05,73.91,57.57,27.13,149,73.62,74.31,53.28,-19.74,-8.26,42.05,4.69
56,-39,-10,107,127,62.4,-8.88,-8,121,14,-7,73.18,84,6.97,50.12,17.66,56,47.65,78,113,136,-33,27,40.92,-22.38,-22,11.94,79,60.58,0.84,147,142,11,36,-24.17,-1,127,-25,73.88,-19
19,120,-47,46.22,-28,-22,51,48,1.61,138,3.33,54.39,87,63.91,121,-42,63.45,79,2,24,-23,144,117,-19.5,30,40,142,130,99,65.29,41.2,17.08,61,14,5.89,65.92,77,-36,32,25.52
92,139,9,36,-19,-32,21,32.42,35.83,147,140,-30,62.16,115,146,1.15,51.53,27,-32,32.45,96,91,-3.74,59,-24.24,94,-45,12.46,54.1,138,-25,-34,23.95,41.98,7.43,34.16,105,-20,-30,47.56
26.16,66,-38,-23.89,124,-21.84,92,17,-24.18,-39,33.83,35.97,4.53,4,55,74,-13.42,28,2,6,-16.2,136,32,43.21,32.64,-24.33,19.27,49,65.85,21.1,73,40,39.19,137,47.97,-21.42,34.18,7.62,149,25
133,20.33,17,88,53,28,-38,145,67,45,28,117,38.81,-44,8.83,21,23.34,-7.23,22.19,22,124,32.19,-40,35,112,73,113,-25,70.62,124,3.74,94,34,18.42,61.53,5.04,7.08,-16,-5.39,47
90,17.67,4.48,-24.47,-7.94,38.46,133,-1.95,70.61,78,149,65.34,46,-25,3,-24.09,26.06,67.49,137,18.15,62.12,-7.7,-8.64,-11,-24.39,32.05,36,99,81,32,18.7,1,-8.52,92,51.93,59.4,42,56.11,64.74,19.13
-1,46,2,-44,56.88,-10.42,146,-20.39,2.79,-24,71,5,122,-4.11,6.36,22,121,-45,45.9,76,35,12.61,23,-12,0,8.54,41.83,65.9,0,34.62,8,74.7,65.51,33.22,90,140,72,20,132,14
116,13,30.31,-36,-17.79,55.1,54,28,118,41.95,66.76,-1.88,117,67.41,-35,60,141,10.85,46,54,24,114,82,13,44.56,80,26.42,34.76,89,-9,-18.12,-12.39,50.54,123,69,51,-21,27,-15,22.18
64,31,-17.65,9.37,17.1,14.7,89,63.6,132,82,-1.19,29.47,-2,86,7,65,105,-17.99,92,54.15,56,34,97,13,77,97,130,90,-6,1,143,87,146,47,109,-1,62,36.77,-50,48
-19,60,46,-19.02,63.11,1.81,44,53.47,-15.26,47.89,82,98,13.02,142,-28,95,-23.34,21.41,44,38,72.63,129,-47,146,134,56.87,60.44,88,50.42,132,87,22,117,20.25,-21.76,-19.16,40.13,21,24,16.64
-14.03,-6.57,74.82,47.92,149,141,104,39,-50,-25,27,65,24.26,-8.49,27,-6.93,-3,5.39,-36,64,77,57.56,29.09,107,5.36,117,19,37.77,6,13,1,-23.24,146,81,63.91,63.85,-43,-2.58,8.16,91
22,-7,114,95,-5,22.82,4.35,31.86,98,52,114,30,-21,29.22,-6.74,97,-41,17,-2.33,-46,0.49,113,73,137,1,-2.76,67,40.27,-20,21.97,142,65.12,90,13,51,57.24,44,-6,53,51.3
13,87,54.95,4.69,146,78,47,-49,38,-16.31,-5.41,-41,104,91,65.52,15,-11.53,89,-50,-42,71,51,91,3.83,18,73.37,23,71,105,66.21,92,63.54,-15,42.31,43.48,27,61,-49,86,-9
117,33,-23.39,53.99,50,99,69.45,-12.21,144,24,9.53,66,59.36,138,58.93,-22,46.91,-31,2.97,46.02,100,-29,138,149,77,130,-41,-2.81,34.24,119,-21.7,110,-26,36,38.89,-38,32,-10.19,5,3.65
63,82,-37,22,-0.76,-39,-32,-22,26.52,2.37,102,45.44,-16.77,49,17.45,132,134,-14.78,-42,117,5.08,95,-22.96,-30,0,73.65,-38,99,-49,1,69.85,-13,-42,46.97,-9,-23.9,66,113,-12.86,-23.63
66,-15,57,55.94,25,48.14,36,29.93,-11,7.23,141,126,56,4.29,-5,97,148,64.39,17.66,2,142,30.9,-5,69,-2,107,123,29.56,85,18.88,-21,42,66.67,21,21.01,61,144,105,28.88,14
43.08,-1,6.92,-14.3,125,-33,4.75,21.11,-2,-43,7.55,9.25,26,92,17.77,72.56,-8,14,23.57,36.33,20.71,-16,59,32.59,81,140,-0.6,132,90,116,74.12,54,86,4,70.42,59,139,-50,-24,139
58.61,-4.85,136,9.93,-11.04,135,8,-7.3,128,36,-4.38,70.33,74.21,135,-16.51,-21.77,3.75,55,125,9.33,24.01,-47,53,28,144,140,40.29,-22.53,16.14,105,42,-9.74,11.29,117,-12,52,16.98,44.14,39.34,52.58
93,-1,90,66,87,24.89,40,-16.9,-23.38,-15,137,-21,36.99,-12.49,65,-6.34,-23,31.89,130,47.07,-4,87,-20.26,117,-11.01,57.9,4,13,81,16,46.42,60.97,84,78,-27,-5.89,73,-18,11,74
101,84,65,121,-22.8,-8,9.03,22.37,48.15,-3.6,23.45,3.65,112,121,-42,32.08,93,7,45,89,1.19,110,63.16,36.63,18.83,-9.6,-45,9,-21.88,9.62,32.97,-46,58.16,-21,-6.48,65,39.29,74.87,-10.52,136
-6,55.62,7.67,92,35.75,3,21,36.65,141,121,71,139,53,60,19,25.18,-31,63.2,30,83,81,11,51.86,-16,-23.47,65.07,108,38,147,-24.85,36.33,143,36.74,127,36.08,67.72,24,14,-22.85,89
42.32,12,21,115,-33,-25,51.02,41.73,78,13.12,42.11,144,142,-31,-10.05,-14,-5.98,46,4.19,-1,67.5,20,47.88,71,-5.73,63.34,-10.08,-10,38,133,21.21,72,27,38.78,47,83,-20.97,40,-24.86,53
-20.65,38,53,132,16.74,120,-14,56.92,63.78,67.27,65.21,39.55,88,46,-13,69.99,55.04,144,-14.49,122,148,43.78,2.16,100,32.48,84,10.8,29.07,65,7.82,82,9,16.92,94,-6,116,-13.88,128,20.64,-6.67
64,-42,59.64,-12,40.27,-41,10,-8,-16.92,12,109,13.18,-12.79,53.82,-23,34.7,-8.91,64.58,48.29,-15.84,-24.27,8.33,4.01,3.68,-42,-0.74,-12.09,108,-38,40,48.64,1.67,-13.43,19,60.4,65,72.47,33.17,66.99,-42
58.25,143,64.1,26,-6,25.18,12,118,81,125,44.31,116,-27,25.88,41.68,84,101,74.55,-50,-34,38.16,47.81,39,105,-17,-30,46.64,-7.88,19.88,15.41,-40,53,140,118,74.79,146,27.75,81,10,84
-12.92,73.73,-17.8,-26,66.71,14,-12,-11.26,46,69.25,65.24,72.45,0.57,5.29,-33,-7.44,101,22.79,93,23.93,55,58.22,79,-29,67,71.07,7.2,-44,61,104,36.1,23,53.52,90,127,-21.99,0.6,-14.56,0,-37
5,52.51,56.15,40,93,126,34.31,68.87,27.58,30,-38,4.7,-46,66,72,49,58,140,13,70.63,74.16,34.96,-6.11,24,71.56,-50,40,-17,37.87,69,39.19,65.33,149,-39,69.73,54,67,62.33,142,28.75
45.07,77,60,-26,67,-35,-4,18.58,-33,44,59.09,-13.39,-10.28,105,65,-10,96,13,71.85,42,4,-11.73,-10.23,39,17.33,83,26.06,19.25,141,90,-23.97,82,-27,49.49,115,88,83,19.08,-7.81,-39
48.27,10,-10.82,14.09,51,73,-5.41,52.93,47,97,58.85,0,25.96,-20.25,104,21.94,51.6,33,32,-6.83,42,57,-21,23,-5.08,28.12,135,126,46.08,70.64,52.32,115,3.62,70,51.62,62.23,-42,52.03,101,19.6
97,59,-8,133,52.42,-34,-20.52,15.69,89,147,49.4,105,49,96,106,48,12.75,50,66.47,29,69.96,53.4,68.36,2,73,25.81,77,24.61,49,114,-1.71,92,-14,38.53,95,-17,56,51.37,136,10
-0.17,61,81,119,-47,-9,68,-26,98,60,1.56,85,-2.42,-10.93,15,-37,25.47,77,46,83,131,-50,-18,100,62.42,58.3,67,8.39,1.36,107,-37,-47,18,130,44.96,-1,-11.41,71,131,-0.45
64.05,21.13,88,-37,107,25,72.6,134,-9,-22.84,-3.12,63.89,114,56,-22,26.86,115,31.67,49,11,1.65,54.38,58.47,93,-5.73,38,37.68,-28,63.4,30,69,10.08,51.18,50,57.87,10.03,3.86,13.29,-50,-4.4
131,-13,58,-0.95,60.46,2.39,115,9,30.25,-19.31,82,15.97,-32,-4.88,48.28,-10.03,41,26.15,49.04,16.71,6,145,22.95,27.97,40,69.16,76,-45,2,118,13.49,-12.74,115,26,-19,5.3,106,-18.77,-33,30.27
-8,-14.76,82,-23,100,50,-21.79,113,-18.7,112,71.97,-5.79,7,-9,149,83,13,21.72,103,117,146,55,34,-11,68.03,6.38,77,42,97,41.39,20.6,-18,27,71.46,-6,-13.82,-38,55,-20,84
-8.92,96,70.95,15.14,-45,-11,-7,-25,106,53,9.36,61.64,-25,-28,37.9,58,-8,21.41,122,51,-22,22.8,55.85,34,18,128,95,5,-38,72.37,147,84,26.09,125,-8,63.21,-21.43,-47,50.23,29
145,1.43,40,125,9.84,-10,-11,37.5,-44,54,-11.29,121,18.59,7.7,29,16,147,43.28,52,101,-12,107,-25,97,107,-3.56,24.23,-37,58.5,51,94,-41,60,57,130,10.67,56,30,7,44.86
-11,69,26,19,12.68,111,-2,56.12,107,8,139,149,79,42.15,-26,-4.03,8.36,29,-46,40,48,-16,1.56,48,0.51,128,-33,108,117,-10.96,66.36,9,-16,57.82,59.73,-17.55,-13.35,36.12,28.31,123
38.15,53,-41,16.87,61,-6.08,27.12,51.9,39.01,41.14,-45,11,25.95,55.31,-45,50.58,116,85,111,43.75,7,64.98,73.52,-6,120,40.51,-38,110,-21.91,97,11.79,131,35.86,-30,121,-23.57,10.19,-15.89,71.87,80
48.61,105,44,21,93,73.66,33.02,128,4,53,-1.08,12.34,58.97,112,66,-20,-47,22.22,-23.72,64.17,-20,83,-22.92,18,8.28,125,96,74.15,10,-42,50,98,14.04,-24,74,41.63,5,55.26,29,51
78,31.04,82,54,-33,127,1,-13,28.48,58.15,-4.6,110,12.36,14.58,75,53.14,110,-20.75,42,47,14.81,121,37,129,149,69.28,64.64,18,33.08,38.97,56.66,26,7,143,42.03,-9.99,18.89,-7.19,-46,25.3
-33,44,66.03,148,80,33,64.44,95,-2,32.43,33.27,132,-4.47,84,-12,65.48,61.36,61,12.78,96,-13.06,143,40.77,58.15,55,35,53,65,23.16,18,10.47,59.79,112,10,32,48,10.69,139,32.24,74
60.85,-21.42,1.34,93,22.95,123,36.79,86,-2,9,-48,51,-6.51,122,-0.75,-34,44,135,34.52,68.01,38.08,-3,9.81,119,140,38.52,14,68,110,5,10,61,5,43.06,-2,23.98,27,-49,25,-18
140,79,139,143,22.31,59.52,7.78,52,43.12,72.83,2,-43,114,-27,92,-13.93,147,50,22.36,16.95,12,94,110,7.19,-19.53,107,103,3.21,95,87,102,49.25,11.93,-29,-19.86,45.44,139,10,60.96,86
78,67.78,14.43,54,27.21,17.24,53.31,3,140,34.27,56.11,-1,62,24.07,130,-34,137,12,-6,46.03,39,56.38,-31,31.18,-11,74.98,-42,27,27.52,-31,123,-0.17,60,60.99,110,50.37,78,66,51,38.27
-44,8,-2.46,-17.2,32.01,7,22.65,4,58,28,126,-21,55.14,94,78,-0.2,-1.69,137,34.57,13.97,-30,61,104,7,68,50.07,27.58,-38,116,121,4,32,118,66.24,-3,45.16,61.96,38,-10,29.11
-26,-33,-18,68.4,143,40.38,40,147,1.71,63.07,1.45,50.44,27.66,128,-21.13,25,63.33,44,6.68,132,21.27,-12,-46,18.94,131,18,67.11,-23,114,37.41,4,14,-10,-38,-20,50,46,-11,63,52.16
112,135,126,100,108,42.61,132,51,0.4,60,134,-19,-9.1,17,138,-9.1,-23,-2.24,41,6.02,95,40.23,35,130,24.09,-9.02,-12.22,3,36.66,53.07,14,50.63,132,56,-49,45,47.24,33,139,121
44,51,143,-11.26,54,-7.66,74,65.88,115,70,23.67,-29,119,15.9,42,107,112,70.06,107,120,45,148,7.18,-30,10,21.79,62,111,26,87,89,50.65,30.78,126,17.81,62,-24.84,104,-14,100
7.51,-18.86,67.05,-22.23,84,-25,30,47.85,-35,61,49,-14,-22,-19,39.76,76,55.57,-20.6,36,82,-42,-10.3,10.34,-18.96,45.75,15.58,25.13,-40,73.82,123,64.91,40.48,0.6,53.72,-42,109,22.79,95,50.05,140
19.93,9,58.79,68.26,106,14,135,-6.82,-39,63.47,55,65,114,126,69,3.2,127,-27,33,19.35,147,-44,72,48,38.98,114,67.23,-17,5,84,-12.62,47.06,66.94,28,-22.31,0,18,-24,-21.27,143
-7.38,95,60,149,-8.05,87,-41,9,-2,-30,-18,58,143,4.16,43,52,112,-2,59.99,15.36,-16.47,145,-3.21,53,-7.18,100,44.21,85,6,25.06,-15,-1.41,132,-28,134,40.49,47,11.5,-5.49,20.05
39.02,-2,-41,13,7,120,-48,71.84,144,30.5,-5,10,88,40,65.17,77,-10,47,-34,145,130,-50,145,47.07,35,-6,-2,2.68,120,12.78,15,-17.43,20.63,5.1,76,-44,113,60.13,44.13,15.99
-2,67.71,37.66,147,55,50,-27,80,18,-23,123,49.86,97,-9.05,30.51,48,59,145,40,4.95,21.78,74.96,61.24,56.51,-12.45,83,65,-10,123,28,66.25,88,8.9,104,105,-23.27,-11,98,107,46
0.91,37,52,86,59,144,32.45,69,-7.31,103,116,92,37,-12,7.23,98,64.98,34.91,91,58,32.58,13,73.47,131,137,82,13.77,101,83,96,3,25,41.86,-19,108,41.31,-6,33.06,10,8.79
29.05,74.46,98,51.54,120,-24.76,2,-46,57,-1.21,-15,31.99,-12.1,137,74.36,68.7,66,17.76,106,12.7,111,90,42.21,-11,3.54,-10,107,-41,10,91,-47,-16.99,53,132,-4,-25,12.39,42.83,69,23
-20.11,33.93,63.53,-10.12,75,118,40,56,10,42,54.52,41,13.27,42,95,73.64,14,118,-0.27,26.46,51.63,-23.3,33.18,44,16.33,66.58,10,-17.36,40.35,-23.53,48.17,-25,-19,139,25,-10,-13,-22.08,113,74
-17,136,-19.12,19,-1,75,65.83,24.65,42.14,-5.86,40.22,122,134,55.41,82,41.77,66,85,50,41.36,-6,-1.37,146,26.92,79,-7,2.63,114,-23,7,93,59,82,50.22,6,40.36,51.88,142,8,-17.13
67,121,-14.18,47,5,10,47.71,116,71.98,90,0.18,10.79,19.57,59.44,102,28.1,39.01,127,51,76,63.96,0,146,12.14,99,-1.04,35.09,28,61.77,125,39.36,55,17,-2,56.5,39.16,-39,14,45.3,100
-46,22,-33,73,37.48,-17,-21,-25,11.38,-1,25.95,39,10,65.39,29,4,50,123,125,73,8.82,149,115,-24,39,125,-17,101,-37,-22.64,26.19,135,32,139,16,47,105,46.42,76,-28
-31,-3,-19.1,-22,-6.05,-32,30.96,-1.57,58,-9.9,10.26,9.04,37.84,33.2,71.57,16.88,-31,129,52,60.97,114,-21,3.08,73,28.54,32.53,132,70.83,-25,8,11,20.83,110,17.98,-15,127,7.7,86,24.21,-37
70,-48,110,-1,-3.87,66,69.12,-28,45.45,6.51,50.46,15.1,47,119,4.7,77,70.24,-9,-29,39,-9.87,-5.85,5.48,2,-4,147,28.31,67.69,-22.49,55.2,-50,35,10,-1.7,42.22,24,65,31.05,-38,86
1.56,5,96,-1.78,-25,31,47,19.61,142,55,-23,80,37,6.16,12.48,77,-3,34,54,-40,25,-3.1,9.58,33.15,-6.86,12.32,57.77,90,149,36.8,22.47,-24,8.6,-15.38,71.98,-14.72,7.97,40.01,-46,44.81
44.13,-7.99,25,36.01,115,17,43.13,-48,22.54,71.62,42,46.33,-3,12,67.5,65.99,18.22,31,-35,92,79,-37,20.46,66.36,94,136,-14.92,53.86,-16,146,46,43.07,98,135,108,11,14.88,83,-26,-35
-3,-2.14,6.76,12.14,69.6,63.69,49,60.64,-1,50,-16,78,13.06,34,65.18,20,51.67,-11.05,-7.02,-8,5,78,114,85,-23,-35,142,16.03,-23,36.99,119,64,70,53,-6.24,-16,18.53,17.75,-6.91,149
-21,5.08,121,-16.65,44.81,1,73.25,54.01,74.24,-25,108,30,-47,55,55.34,-48,2,49.99,38,119,-13,34,140,45.36,-17,51.09,-22.46,20,-9,-24.52,42,-0.15,-9.23,0.31,1.01,52.64,7,47.04,137,-9.23
-33,3.45,135,-1.76,44,-39,82,135,27.18,113,-46,37,47.45,52,105,102,140,139,10.81,75,35.43,147,127,93,-8,77,-8,26,19.92,-34,-26,-20,16.77,34,-19.43,109,-4,123,54.86,39
4.18,28,37.37,45.45,-28,78,120,65,-1.92,110,-10,-8,2.17,137,128,82,46.03,114,-2.98,3.7,-38,29.76,67,15.89,117,47.24,70.72,4,120,-14.83,16.28,94,7.16,-9.88,-3.8,61.79,-47,-8.45,28,102
55,128,-17,41,45.41,-13,69,71.51,-10,68,126,23.47,51.83,149,15,-9,121,117,40.39,-22,20,-46,-47,50.36,14.06,-19,34,53.62,107,142,-50,64,10.62,137,91,-50,-45,117,49.28,55
37.24,-46,84,71,115,-1,28.35,30.79,66,48.27,74.04,-8.74,92,-20.33,29.93,53.46,-10.5,63.15,6.16,7,17,-20.08,19.74,72.62,68,8.07,19,-22,-28,38,63,-8,-2,23.36,106,72.69,144,19.86,-48,18.27
8.11,46,-43,42,62,134,36.31,34,120,11.63,59,-1,8.83,122,69.31,-36,62.83,-27,9.3,141,-16,42,71.99,83,38,-15.89,-34,30,-47,125,30,124,47.23,0.86,49.91,-24,60.62,-10,-39,-45
120,117,10.36,64.8,1,3,-48,59.6,10.96,94,-15,15.87,-32,144,14.38,2.44,95,9,74,-45,2,3,23,6.51,72.33,73,-25,46.31,-46,-19.66,-1,36.91,85,93,83,106,-33,103,-37,-21
51.92,55.77,21.05,-12.34,112,-24.12,47.21,66,26.76,-34,21.93,53,68.3,141,144,47,64,16,103,18,-8.59,19.75,33,33.54,110,-46,19,94,132,-14.52,44,147,8.05,133,-19.62,70.19,113,-8,46.84,13.59
122,-34,27.43,-17,94,43.94,32.18,66.56,119,-12.59,62.22,-10,11,127,113,-0.37,36,79,-14.41,23.61,-38,26,-48,2.73,55,1.54,1,20.8,88,-5.89,104,84,-49,38,90,-18.52,4.88,-27,92,71.52
18.05,76,37,119,34,-20,17.63,-32,87,149,1.79,108,129,-41,21,40,54,7,1.28,28.98,100,67.84,2,-28,30.12,35.73,61,0.78,6,146,17,-3,127,-17.81,140,0.77,143,24,31,117
20,71,-25,2.42,4.6,-44,-13,81,60,25,-19.53,130,-5,59.86,6.27,53.02,48.58,5,130,5.74,-31,133,130,-30,-44,0,47,62,107,136,22.43,31,55,-47,56.81,43,21.35,7.84,56,6.17
21.56,127,78,33,44,125,18,13,-12,-1,58,-8,107,-47,53,31.24,129,35,13.59,-13.33,-18,4,149,-11.01,61.01,25.95,-1.28,72,59.06,-8,33,139,88,64.57,80,-11.96,54,21.32,-42,35.15
96,23.72,92,78,44.67,17,39.87,129,100,120,23.16,119,-34,148,129,29.53,122,65,-4.62,-45,11,-6.38,0,73.2,-4.32,44,28.75,33,-33,7.89,37.98,-17,-49,-13,53.06,70,138,-27,39,42.69
116,80,47,63.44,25.45,68,47.43,70,48,36.25,-9.48,3.45,94,13.84,-13,-5.12,-23,35.15,47,125,13.47,31.42,11,30,65,103,-29,66.72,-2,-39,-13.15,20,57.92,13.98,46,19,5,78,96,16.37
16,56,4.21,85,-46,-43,8.18,143,9,95,74.93,71,126,-4.54,72.26,47.82,-17.79,-5,-37,67.8,33,20,12,-42,26.37,106,19.55,18,48,54,82,109,21.71,66.06,133,-48,0,20.2,51.06,-44
18.18,53,54.6,140,34,4,-12,70.67,46,-26,146,34.76,55,9,56.47,71.49,120,-49,3.4,149,38,29.32,95,-18,59.46,58.04,1.42,26.41,6,3.67,-46,124,100,-9,11.08,62.19,24,113,-11.89,50.06
-26,25.37,31.17,77,36.61,19.81,-32,-37,31.52,8,51.93,16.6,7,63.37,46,61.5,47.08,-14.26,12,-34,95,0,31,135,7,-36,4.44,51.78,-45,-1,148,49,-19,13,58.6,77,124,42.64,58.6,67.8
3.23,16.3,-23.28,-43,91,12,49.6,102,30,23.49,7,121,147,44.52,73,40,15,32.44,139,-11.13,68,36,57.64,53.61,63.74,58.43,146,-46,79,96,-5,53.44,117,-1,-0.12,49.61,96,-1.12,137,61.23
49,31,-13.57,62,25,30,76,-12,38.66,11,68.48,-45,31,91,89,-6,12,88,72,67,27,73.67,-43,26.1,53.15,103,47.92,5.51,53,-50,72,33,-39,-25,63,90,53.94,33,145,-13.35
-7.4,115,86,-26,56,14.56,125,9.4,15,119,-8,-2.34,84,25.24,111,27.99,47,-7,67,33.47,37.49,90,114,21.16,5.34,-20,84,90,-9,-22.99,41.59,149,83,13.88,25,45,-37,-3,12.81,114
-6.43,90,48.5,-34,103,40,-24,-35,-9,46,78,-37,15.59,92,29,-37,27.18,54,-30,60.91,-44,63,2,67.6,-32,31,20,45,83,46.25,25.11,-37,35,121,-19.75,107,134,11,-41,51.57
-5.33,-44,131,2.66,61.1,-47,51.42,139,32,31,27.37,25.35,-6.53,-15,57,12.08,62.09,35.25,79,87,52.34,8.2,70,-8,-14,74.48,127,-4.87,-13.71,61.29,0,7.91,10.82,39.45,58.31,60.58,86,54,51.51,68
57.82,-39,-23,-20.88,-45,30,118,6,54,58,85,-43,115,74.94,58.33,68,25,129,14.02,40,71,-33,-31,99,49.73,69,127,26.77,-14,42,134,33.03,48.04,22.94,16,25,-28,37,48.95,97
46.5,-22.46,8.78,7,129,-4,-12,22.78,45,-13.52,-14.2,5,-50,124,127,147,-16,-7.45,-3,69.93,40.34,6.68,-22.41,149,110,62.54,71,18,-22.67,-29,36.49,-1,54,-4.49,57.29,60,2,52.35,76,42
-9.03,29,73.93,77,-47,46,31,33,147,53.86,-28,-50,25,-2,82,40.35,2.7,98,-15,-24,-16,1,81,-6.33,51.4,-10.68,52.3,66.39,25.94,3,110,-13,47,34,64,55.53,29.23,55.5,-31,-1
-22.15,1.69,-38,44.83,72.55,-14.23,29,-24,68.21,-19.67,-15,44,-28,37.11,88,134,97,-35,88,63.44,145,126,-7.75,-24,20,131,29.62,-13.06,-42,108,106,27,-13,64,143,45,147,-13.17,69,17.84
59.43,43.06,25.67,133,102,36.52,66,55,35,-17,58.89,46.09,34,43.14,140,48,75,-44,49.09,101,20.42,71.3,9,64,98,52.28,10.84,28,56,54.38,56,39,4,-26,-22.54,101,139,8,13.7,73.92
21.1,24.61,-2.58,22.18,94,86,-5.34,20.62,104,46.45,77,9.33,72,28.39,-7.62,2,-28,148,65.1,-43,93,41,14.13,18.4,52,67.74,19,83,43.97,46,96,-40,-33,10,52,143,46.56,-22,55,-3.3
47,33.43,-15,42.64,-9.81,29.79,42.13,-43,66,40,92,36,5,5,118,-31,7.65,11,56,57.38,-40,47,-43,12.01,-0.99,74,-6.66,-33,-15.33,48,25.36,54.34,120,22.5,-48,60.16,-6.9,-1.5,63.53,82
-17,42.42,139,45,-20,25.46,67.83,-14.67,61,35,58,8,91,2,33.96,-9,104,30,36.43,103,63,-24,-8,18.96,12,39,139,57.84,87,107,50,46.72,30,92,63,70,124,35.79,1.94,72
-24.98,123,-33,53,-21.55,23,57,18,91,5,99,22,21.6,48.39,61.59,86,53.72,10,-4,-35,124,50.4,44.36,116,30.9,112,28.27,49.78,32.57,56,145,119,-41,54,107,11.67,148,-23.95,3.85,76
33,69.33,90,51,52,105,64,-0.17,39.92,112,1.05,-9.83,70.8,81,25.59,1.59,24,-35,34.77,64.75,82,65.08,129,-49,-0.26,42.18,18.56,8,144,-12.77,64.67,-22,45.16,-19.71,9,136,-1,59.59,18.46,106
40.96,30.53,-25,90,40.69,16,104,87,123,-33,55,37.28,74,-35,-11.8,117,67,-17.07,35.85,57.68,128,64.58,-14.34,63,125,96,89,57.3,-7.56,16,107,-1,-26,27.98,16.08,32,117,71.07,14.69,84
-1.16,33.02,69.79,-47,71.37,41,109,70,16,112,3.31,14,43,32.21,102,70.24,52,15.64,40.55,29.55,96,80,31,8.66,47.44,51,16.68,62.89,77,-38,79,27.53,93,-4,62.1,48.34,38,61,-18.72,87
82,-47,50,6.6,20.07,54,107,59,-38,22,56,144,71.54,45,29.16,59.24,73,71.47,43.07,-3,146,28.63,57.87,10.43,49,35.65,71.72,91,30.55,21.38,50.63,130,6,68,44,23,-39,-16.87,-8,22.06
85,142,52.07,13.56,-37,130,145,66,58.2,-23,94,-14,30.11,-36,26.11,41.17,36.86,21.18,63,135,-25,112,38.24,-14.47,25,89,-20,14,148,81,65,28.59,16.8,25.71,-4.14,141,112,-12.54,146,-10
131,49,48,36.81,-2.36,64,-9,51.17,9.59,65,70.33,-23,100,136,-29,62,-10.67,-39,98,-21,22,-35,48.75,46.51,57.99,2.06,126,72.95,-5.34,-24.7,47,-5.96,-0.04,16.5,33.94,11.9,-20.08,-3.65,75,-20
71.2,-21.1,31,34,-21,5,-32,103,86,-22.4,133,-20.07,59.89,-36,27.6,43.09,31.72,120,-9.29,-4,11.29,6.66,61,118,-3.99,133,1,33.66,67,63,147,125,54.45,-32,147,60.19,117,48.64,80,-18
125,-20.52,16.98,70.44,0.19,32,12.65,-6.1,51,83,126,-15.95,-25,65.59,113,109,103,0.12,42.36,142,-12.81,49.82,7.82,79,1.92,-12,53.85,-21,17.6,127,69,88,26,142,101,-20.64,23.8,-10,53.47,9
59,30,40.6,69,27,26,80,41,4.03,48,117,10.74,140,8.48,109,98,127,65,147,25,59.27,46,-12,47,-21.39,-18.83,49,56.54,18.8,117,59,-24.39,-19,147,51,49,33,88,29,-50
72.67,4.88,4,1.31,-5,147,45.04,27,73.19,19,-16.19,-22,72,3.31,-44,94,69.69,-15,-1.29,47,43.52,-1,18.26,51,-10.88,31.51,26.03,8,102,95,-39,28,16.57,14,121,-11.47,57,124,22,135
146,-3,5.59,-4.18,17.46,8,-44,40,-13.09,40.96,47,6.4,136,56.21,46.66,142,39.58,-2,109,-11.87,65.93,35.24,71.64,48.71,135,3.24,-9,53.37,-17,109,38,-5,126,68.27,101,4.64,126,17.11,21.46,55
-16.66,-15.81,21.44,131,43.62,59,12.29,62,79,48,49.7,-32,33,51.8,36.34,55,74,66,6,-24.35,15,14.96,140,19,54.2,99,-10.38,46,-10,-1.17,89,44,25,73.49,-19,140,70,87,105,143
72.29,14,37.2,104,-10,-0.75,35,-15.15,7.68,123,-42,123,77,-36,145,27.67,-13.67,131,-8.4,18,-15,14,30.32,-6.26,93,92,31.33,61.88,28,75,40.54,-41,-2.3,14.97,15,43.17,-13.42,-32,69.92,125
32.49,136,71,133,60,49.17,59,117,25.24,134,38,46,54.65,30.63,-4.12,69.43,39.62,77,34,74,-26,123,118,54.6,16.03,18,32.27,75,137,129,5.86,13,43,94,8.77,89,73.43,36,21.17,41.22
40.11,32.06,62,40.01,67.63,76,-45,125,25.18,16,125,76,-5.41,-1.64,-36,11,-49,33.3,-43,141,-42,51,49,73.76,-3.73,62.28,69.74,48.35,33.96,13,71.79,124,42,1.03,71,63.89,59.2,-18.14,101,61.62
35.23,18,64.77,-14,-21,103,25,114,21.81,-7.36,36,-42,66.22,100,90,65.65,63.12,69.92,84,70.76,11,-2,79,27.32,37,119,42,8.99,23,37.68,65.23,145,-9.17,6.14,-28,2.89,27.48,-25,5.35,62.82
59,-10.87,147,54,15.57,101,-10,133,-8.42,-24,13.59,109,69.94,-16.6,32.42,31.84,-8,57,38.24,75,55.33,-7,14,-11.32,43.22,66.89,72,7.03,30.86,39,-14,-30,17,62.19,5,18,46,53.88,88,-24
88,-27,83,103,137,-38,48.37,-18,12,96,-6,4,115,24.41,36,106,47,68.34,-4.19,55,74.2,32,26,69,-36,111,-2.09,67.08,-35,63,-14.09,-22.69,13.84,37.22,74.25,44.62,48.36,-3.35,78,60.3
117,20,108,58,-10,-5.93,-7.58,96,141,86,63.36,16.6,40.82,20.43,146,46,32.72,70.95,4,-6.74,-19,63.85,68,87,38.51,18,-9,13,12.31,27,15.97,51,-30,47,64.6,37.77,1.14,3,61.18,18.8
45,143,71.85,67,42,7.05,26,109,-2.08,98,-16,124,-31,5,49,27,32.47,123,-20.17,14.99,139,140,-35,129,39.02,57.48,131,48.31,60.2,48,35,19.61,45.87,5.16,43.64,56.75,2.7,68,66.2,51.47
141,60,53.57,1,-16,43.44,-46,64.16,57,-11.59,132,103,24.26,45,73,-23.64,65.42,-24,-13.35,67,73.15,42.59,-22,116,86,75,-50,131,104,67.61,-26,-6,30.94,73.26,133,9,-44,15.15,63,145
-31,-31,9.6,43.36,44,42,-26,-3,-10.33,100,23.63,46,115,17,63.09,46.27,114,97,-6,-15.11,128,125,104,12.45,147,6.02,55,39,20.07,11.61,135,113,73.91,-18.45,-1,26,64.06,-9.47,6.46,34
-19,60.59,105,-25,37,77,23,51,13,148,33.21,50,-13.65,-23,-49,40.65,51.56,12.96,134,56.56,59.53,26.45,44.8,-10.42,27,75,33.76,36.45,20.96,79,71.35,37.06,-3.92,22.51,-23,-4,-42,71.43,42.18,32.2
7.6,26.98,22,-43,54,-17,30,19,81,-1,122,146,-6.53,-39,32.55,7.15,94,110,37.45,31.71,52.63,40.44,65,48,88,-15,-6,-23.23,-7.45,67.2,30.9,20.55,68.87,5,57.25,2,-12.74,-4.68,-0.63,113
-12,-23,114,50,-39,66.36,-34,34,6,56,8.49,145,11.12,61,89,27.01,45.38,-7.2,52,125,56.46,-11.19,72.34,48.98,24,3.52,-0.49,99,-1.92,116,66.15,38.15,49,-5.49,-12.81,3,24.44,29.07,15.68,-17
44,-15.92,-21,37,97,35,-32,-9.82,59,65.42,-17.13,-43,77,88,115,-5,36,126,-4,99,137,-21,110,36,69,23,10,107,29.93,52.11,109,62.89,74,115,126,-19.64,71.43,88,-26,116
97,123,63.45,118,64,-4.21,115,38.45,115,57.3,92,120,-5,105,27.67,88,51.36,63.63,14,114,0.68,66,127,86,117,108,37,96,-6,126,8.58,84,26.33,81,64,-45,90,-47,61,22.31
27,-18.88,-45,-22,22.71,82,15.49,113,36,35.53,70,108,-21,52,60,-50,30.63,110,-32,-33,-29,-20,10,79,27.08,-17.22,-14.8,-7.41,-9,53.57,126,8,8.78,29,70,31.45,109,47.67,51,69
97,61,43.02,63.62,128,21,69,-16,108,78,21,84,-10.41,22.64,58,101,12.25,-6.64,63.33,7,62.59,90,40.6,-40,87,32,45,-3.66,46,18.1,69,40,55.45,-5.04,65.09,7.83,-29,42.26,25,63
-1.65,45.17,35.53,93,-3,18.24,39.38,-13.43,112,106,79,15,61.01,83,101,72.53,59,-21.72,-25,38.13,53,-49,53,56,32.03,-50,-11.76,65.29,-12.33,13,128,99,15.5,-19.38,33.4,21.24,25.97,133,1.24,19.22
79,146,70,63.13,52,131,27,0.54,5.97,-39,39.76,148,3.99,29.97,77,-16.94,2,-20,98,88,66.2,9.05,33.71,109,25.7,-15,64,22,41,-34,-50,-27,-26,-43,57,34,-13.22,-48,130,-11.09
13.07,96,21.5,24.88,-19.34,57,-12.53,91,129,54,13,68.25,107,134,16.39,50.31,55.5,-18.28,13,-1,72.99,71,19,63.57,74,111,14.88,32,29,15,97,-14.4,55,29.57,138,36,-14,-33,74,68.51
-10.07,-11.05,61.01,49.87,46.65,72,88,33.14,-16,55.34,16.04,72.43,-49,35.34,113,-13.34,62,50,-19.5,29.65,43,148,23,-43,112,105,73,-16,-13.82,-22.86,55,78,4,10,48.84,-7,14,43.11,53.74,-23.9
79,-35,61.86,101,-12.01,69,70,-7,71.48,-43,111,-0.43,45.04,7.71,16.36,92,21.26,-14.6,91,-2,46,23,36.4,48.78,42,39.42,121,39,110,119,105,-21,-38,-13.23,-2.48,61.82,26,67,-6.86,146
130,42.13,60,-24.31,66.45,6,62.56,61,127,74,-16.97,30.52,23,-38,58.39,83,131,15.08,-22,48.68,30,-2.39,74,74,55.09,101,100,49.45,135,-41,4,36.44,-33,-3,43,139,44.32,53,-8.4,-8
3,72,22.87,-17,75,-19.07,14.87,29.9,61,-43,32,22.66,110,34.2,41.73,58.71,46.43,133,-2.74,74,52.1,102,128,45.95,80,35.66,50.45,128,-10.7,24,5,37,104,-9.78,-18.72,71,-22,144,52,-34
129,93,49.04,141,130,11,36,-12,46,-0.46,61,44,-9.89,-20.83,57,89,50,33.45,7,-6,-28,84,128,-5,80,24,67.94,6,40,-14.9,16.47,2.73,-35,56,65.28,-16.2,-18.37,-7.78,29,3
129,82,111,19.68,110,60,113,120,117,115,16.64,19.66,72.99,2.38,61.78,130,-14,45,38.38,56.05,59,149,35,149,70.23,38,-27,40,24.43,25.69,-28,-10.33,6,142,36,3,87,25.87,86,3
-30,-46,109,57,51.71,30.38,71,6.97,21.18,52,81,56,59.68,82,5.1,48.14,39,90,57,11.38,-47,64.96,20.39,14.99,-4.47,23.68,67.16,50,86,12,63.28,-1.02,73,115,-8.73,-37,23,85,138,1.45
-29,63.18,-30,66,10.52,82,149,37,-40,-23.88,-4,45.7,13,66,80,97,-17.16,51,77,35.67,18.72,71,141,5.64,77,-50,65,-36,-24.55,26.53,134,103,19,-18,136,-17,62.68,104,-27,109
117,39,112,-12,17.64,46.98,58.12,54,-14,110,34,107,-1.68,74,42.69,27,41.13,84,72.34,-10,6.72,55.95,78,133,-7.97,9.1,40.17,-8.54,3.08,24.75,41.4,108,-5,8.4,-3.45,22.78,130,9,119,-43
15,42,34,-19.59,-11.78,2,-50,59.1,17,31,29.37,11,110,102,73.77,22.16,31.93,-30,2.68,-2.05,48,-11.65,10,28,-5,13.38,65.16,58,101,35.54,-4.64,31.34,31.26,59.92,50.72,44.82,97,78,-15.62,73
-13,129,95,17.51,-17,-17,6,32,83,135,124,-15,-35,143,131,62.95,-41,40,54.54,40.19,41,38.87,26,133,61,88,41.15,101,13,-23,0.96,45.48,131,27,63,21,-8.38,53.7,34,-17.72
-31,39.83,54.24,102,99,28.15,-15.93,74.21,86,56,34.19,-3,-7,58,3.17,17,19,113,-18.32,27.74,87,7.77,16.23,-21.28,125,71.44,32.19,136,-48,135,119,-50,64,-2.72,29,104,121,-3.33,2.97,33
26.19,67.69,147,136,6.55,116,-11,4.45,54,60,49,-4.47,62.84,137,-9,41.9,-48,17.73,-22,2.28,46,22,26,145,25.61,34.41,105,25.63,-48,-4,100,94,17,66.31,6.94,-11,52.29,106,52.69,16
42.65,148,33.67,20,91,21,-23.65,126,-7.33,-44,-29,22.35,76,43.28,-23,41.32,36.01,-10.77,11.07,102,48,2.99,-20,67.64,38.39,24,-20.23,12,68.29,25.91,109,58.47,50,-14,79,58,0,-24.35,34.1,1.21
96,110,44.21,123,-14.45,55,82,18,-3,8,121,61,8.15,82,40,-8.57,30.73,125,102,108,30.89,24.45,53.07,145,-3,35.75,-6,-22,23.04,23,-8,-22,96,47.87,5,34.07,51,141,24,4
70,-22,-21,49,119,136,38.48,-19.9,51,32,149,-8,22,50,22,113,62.3,-43,129,-4,60.72,-6,56.76,56.8,0,-6,125,5.13,40,-24.75,121,-10.05,63,131,60,71.03,106,-14,71.66,55.59
24.99,-20.51,-5,29,30.61,71.41,19.22,101,56,-9,73.46,36.45,28.89,40.72,19.96,22.14,-36,0,70,-9.59,-15.31,118,-21,36.46,35,10,-12,142,100,17.1,68.53,68,60,51.66,74.47,82,121,89,-4.2,73.34
134,59.26,7.92,10,94,65.67,14,145,-30,-20,68,52.44,-20.12,27.26,-19.3,36.11,-12.63,58.13,59.41,119,13.88,25,-10.71,78,-5,-19.06,-7,-11.04,50,-33,1,58.66,-12,127,36.82,125,-1,54,-40,70
142,63.08,51,-27,39.65,23,139,116,131,-23,-50,129,94,-16,24,-9,99,98,37,23.78,-38,57.92,126,118,-8.54,11.5,-12.99,65.64,19,-3,74.86,56.33,-13.42,-17,-24.3,36.25,18.32,74,-45,-8.1
-13,145,68,148,10.41,21.1,83,102,26.2,88,-13,-11,69,-47,119,-3.36,113,17,38.56,-9.93,104,69.48,52,147,-45,-26,38,-35,122,12,64.7,-16,53.94,6,12,119,11,147,-6.41,107
-16.4,-32,-14.81,11,128,48,58,1.46,-45,12,-31,136,-29,-34,-32,122,5.61,-17,73.71,-12,-19.66,-13.77,-5,75,114,49.91,-33,-9.87,3,9,-47,-14,-1,5,57.08,49.75,-25,45,114,65
-5.58,4,77,49.31,42,95,31.88,0.36,21,-49,-49,87,58.69,90,128,47,82,38,-22.96,109,-8.08,99,-26,-37,38,85,120,97,-3,81,84,125,61,26.76,7,114,95,69.15,77,139
-20,-11,18.26,16.55,109,26.29,22.45,49.42,-1.98,17.12,23.47,-7,57.93,16,29.39,66,59.88,6.55,113,17.6,96,39.7,-11,126,70.31,-6.46,-4,64,35.84,-37,56.26,-23.35,101,132,118,29,-10.62,129,-15,90
-6.39,96,132,-49,57,22.87,27.71,137,90,103,6.98,50.93,2.04,-14,53.15,-24.36,-8,-21,42.1,60,-22.84,-4.49,27,18.51,-42,35.28,49.74,-16.44,54.55,-50,110,12,-11,141,71.59,59.16,13,6,-15.25,50.16
130,83,20,44,13,99,-2.88,87,60,35,127,-26,77,11.78,143,32,0.17,100,62,17.08,3,64,-24.91,54.03,49,86,136,-43,27.2,47.38,-6,-4.53,88,-8,9.37,129,12,145,92,2.73
-35,-31,76,80,63,-13,53,-4,18.76,40.9,-6,55,43,-7,26,-32,-3,95,-28,-13.82,-12.09,18.03,3,135,44,62,-12,30.1,-13.53,4,138,16,-22,11.02,83,-8.9,39.51,-21.22,112,37.57
112,27.72,142,15.16,-39,122,36.11,11.44,-39,-47,-23,37.94,-22.84,40.93,104,-24.19,58.61,104,27,32.98,-12,135,63,-16,62,-35,-4.18,46,31,42.44,48,125,-10.59,55,39,46,57.62,43,74,1.73
110,73,-12,-20,39.61,-45,-4,3.88,66,4,56.88,64.6,52,-4.5,50.3,44.69,49.33,13.73,55.23,-6,41.95,-47,59,31.3,30.44,-47,86,22,-14.45,100,112,17.77,27.92,26,123,-18,129,50.8,-18.33,-2.11
14.74,121,78,12.47,4,96,83,0,19,51.37,-44,-50,16.39,9.51,58,-45,64.34,-26,-11,31,38.89,119,31.7,-4,102,40,48.96,-23,22,9,28,19.25,40.03,23.78,-24.13,115,144,6.16,-2.28,12
22.97,-8,38,-38,36,-44,106,-9.6,-24,-0.19,38.37,36,17,-41,148,36.5,52,86,85,56.01,75,123,84,-49,94,-26,63.97,49.05,-17,18.57,70,28,-2.08,11.32,2,7,30.67,113,35,42.01
23,39,100,-11,29.39,51.03,2.81,-6.78,64.62,62,133,-48,-30,58.29,-20.83,52,10.61,66.96,-28,-27,143,4.86,37,11,61,95,34.21,61,36,23.52,-23,46,14.22,133,-44,-2.97,18.58,-34,51,37
68,81,-50,92,131,63,55.23,71.15,71.16,126,66,-29,40,60.98,10.92,47.04,-24,37.92,116,63.49,41.47,10,108,5,17.4,18.81,-47,-20.27,126,33,113,-12,-33,74.66,12,57,19,9.18,-8,22.5
-14.24,-17.75,42,-11.46,-6.37,115,45.77,-5,80,43.37,80,146,116,103,68,4.19,-41,88,56.18,-6.8,-11,41,13.76,33.32,36.15,131,30,-4.89,-17.69,73.09,20.45,43.55,41,16,105,-18.11,-31,105,19.67,71
43.45,91,-18,-7.5,-17.9,-23,0.85,-12.59,-13.1,-5,46.51,119,96,-4,-31,126,72,-19,-20,-11.05,-19,-26,6,-35,53,17.71,112,-13.57,55,27,-14.37,36.16,-7.12,21.88,-10,-44,41.97,-44,131,122
62.71,79,-20.96,11.68,24,45.55,29,73,32,40.07,73.43,-9.27,106,7,114,33.78,75,144,47.16,-33,36.86,45,30.94,30.27,57,28,15.58,113,-22.62,-20.24,-1.15,18,22,-11.21,117,-23,-37,80,26.89,65.83
30,94,48,0,4.26,29,-23,84,93,-19,120,-45,76,-15,69,129,49,118,124,-10,42,-31,140,18,54.08,-43,16.5,-46,116,80,15,36.97,87,-45,2,31,132,62,148,23.55
111,-22.18,64.32,145,124,57,115,69.84,-2.97,39,67,81,54.86,-2.03,21,69,-7,32,147,31.52,149,133,143,13.97,42,-12.79,23.21,148,51,-20.03,12.93,8.54,141,119,16,-19,63.03,118,48,15.8
72,-39,-23.79,91,7.72,12.89,15.75,18,-39,17.78,64,-39,68,71.44,105,-2,-27,21,40.54,16.21,64,-19.32,62.23,53.87,-21.38,85,61,98,47.55,-15,-2.08,-22.54,53.13,-19.17,37,85,145,-19.63,20,77
28.88,77,-12,33.37,34.21,43.09,44,-8.62,1,-13.12,3.38,9,16.87,-37,72,-48,69.15,24.64,64.84,114,120,-8.21,52.84,138,-14,49,62,50,-5.72,-40,-25,4.49,132,15,45.91,-4,104,63,-2,0.51
27.8,-18,-10.51,42,103,58.76,-17,38.81,-13.36,-50,61.96,27.63,64.45,79,72,-23.83,8.1,26.55,59,5,-16.66,6.75,-9.08,46.53,16.96,107,70.65,61,67,-35,41,41,57,-19,-2.38,22.75,-8.96,8.95,86,42
12.15,-11.57,29.39,1,-9,17,34,47.35,96,-1.66,48.59,12.25,18,110,59.43,-24,-22.03,-33,131,-15,14.2,71.18,68,36.93,143,25.27,-17,-14.17,43,48.79,80,-23,134,-16.8,89,-27,-4.76,45.93,13,2.26
119,-12,-12,94,18.77,47,-37,102,135,80,78,140,-30,-13,78,-36,33.08,105,46.5,104,-21,42,9,-18,-2.19,27.14,80,39,-21.97,62,10.44,26,16.26,52,66.11,128,71.42,63.37,29,144
-18,28,25.39,40.79,-44,24,113,101,36,135,77,149,27.04,6,84,72,4.11,62.76,139,131,5.96,-21.25,81,-30,26.24,23.72,28,-14,-15,50,61.95,26.15,42,10.92,-6.06,118,34,-18.11,52.5,91
26.01,19,-11,28.35,85,58.72,-20.85,38.38,149,149,69.73,24.36,81,-15.17,-23.94,73.47,147,-4.99,64,-7.02,57.5,53.07,65,60,28.48,116,85,102,-19.18,9,10.51,26.4,57,-2.23,57,51,88,74.68,46.11,8.48
120,-42,91,59,78,41.8,57.2,3,-13,140,88,88,143,9.24,-2.07,19.48,66.44,46.05,84,28.46,-22.88,47,45.24,79,22.08,30.91,73.43,111,73,13.13,-2.83,44.99,-25,-7.26,58.9,28.52,18,27.37,14.19,-28
53,51.43,39.14,139,23,81,32,22.91,12,25.82,-37,-12,46.18,115,143,64,44,76,-18,11.71,144,7.06,14.57,106,34.32,-8,58.4,81,42,27,31.92,-1,13,-45,83,28,46,11.58,60,58.59
-0.73,69,3,109,130,9.37,106,37.76,-7,58.14,86,60.29,60,-4.27,-49,51.82,-14.55,-6,148,121,-4,71.76,-46,43.65,77,34.72,-31,1.12,9.98,16.34,56,-7,34,33,36,15,73,88,88,60
103,15.46,59.49,75,26,23,85,38.64,-2.78,3.69,89,-12.04,93,26.44,42.51,74.75,60,54,80,-2,53,128,109,-37,21.01,67,-30,57.25,1,-1,72.99,13,108,93,-17,-22,92,-6,-7.45,26
15.99,48,132,32,7.76,-14,7.67,76,-14,58,57,93,26.57,-1,62,53,71.36,-44,8.06,27,25.62,28,-14.82,-10.76,64.3,-11,82,4.33,87,-9.84,41,15.11,132,39.52,123,134,121,10,143,135
127,36.24,7.5,-40,46.12,-10,111,142,38,-48,-41,126,10.51,73.26,101,-20,-4,79,-7,10,76,-11.4,140,104,-6.59,34,16,7,57.88,37,111,27.05,-24.72,-6.05,110,139,59.5,24,43,39.67
25,55.44,56,-23.3,46.59,33,-50,12.18,39,-12.08,41.04,38,58,-6.91,117,32.54,115,101,18.37,69,28,77,63.43,129,-36,-17.15,4.02,-17.27,24.46,39.74,66,-1.69,8.63,-14.71,71.07,30.62,-6.67,-5.72,64.9,27.88
112,26,149,43.04,59,54.03,2,-4.97,50.47,41.81,112,84,-2.37,-9.39,3,124,53,136,-16.68,73.18,46.16,50,58,63.48,23,13,117,-48,93,38,13.55,-9,63.2,-23.52,35,68.24,-39,-3.79,140,44
-14.9,66.64,148,14,40.95,-17.18,-15,58,53.9,21,55,143,72.75,121,-24,-30,146,96,38.91,115,11,-17,-1.75,145,-46,50,127,106,9.62,103,53,88,72,17,123,-23.18,145,9,34.8,-7
-5.38,27,29.73,61,-2,-17.11,69.4,64.29,62,16.24,11.22,66,63,77,135,68.06,26,109,-14.27,21,117,109,29.2,51.58,24.32,6.08,32.8,28,-17,6,44,28.41,34.12,-7,108,67,58,19.8,13.46,48
42.11,33.36,27.55,-43,60.57,-37,-26,1,28.37,5.38,11,137,-33,-29,74,145,76,70.76,3,56,53,46.24,6.84,116,45,-22,89,-4.62,-19,-15,8,56.97,50.58,102,134,75,4,71.76,116,8.41
67.13,-37,69,26.85,49.68,66,14.25,-23.46,136,-15.96,21,-40,29.11,-49,-36,89,31.23,6.07,21,128,91,-13.44,139,49,76,-5,26.95,-39,88,73,0.83,83,41.27,6.68,14,15.73,79,38,149,-41
89,-8,-44,145,143,27.62,36.53,-3,7,73,51.09,19.26,-3.83,20.51,70.86,65.04,31.64,1,4,-18,-17,40,124,25,-6.53,-12,11,79,102,59.47,-15.73,47.62,46.64,15.17,-32,-47,145,19,-16,9.47
23,76,6.11,90,101,136,37.97,79,27.03,72.17,-14.31,-11.76,127,37,35,85,46.87,-47,50.29,-22.4,68.01,33,55.03,38.22,-30,21.13,-21.19,23.66,18,-15,2.83,69.03,93,67,-34,144,70.23,-37,55.91,7
4.62,36,33,62,21.21,-18,-8,105,58,29,11.42,36,82,47.4,48,30,-44,136,-11.64,0,-19,121,14.01,-9,-19,97,48.65,68.55,0.94,39,77,-30,24.82,-1.8,121,68,-25,22,76,48.68
143,-4.32,56.95,-12.78,6,-8.68,14.98,93,-6.08,140,27.22,-10.66,-5,41.01,-2,62,5,12.38,50.72,129,89,-29,1.8,91,94,-41,-28,21.14,-4.51,-9.84,-27,-20,49,67.78,67.75,51.11,-1.92,17.55,-15.36,4.47
13.95,-12.88,50.96,-25,85,135,105,28,105,31,5.29,118,95,-21.33,-37,-41,16,9.27,136,103,91,89,54.4,-15.96,-36,-44,94,-42,19,84,117,-4.25,59,-38,17.87,67,-41,31.7,30,-15.89
-26,65.42,62.65,-29,102,26,3.16,37.47,137,31,-9,78,42,62.97,-25,88,72,111,21,92,44.73,133,8.31,69.58,66.91,16.42,18.26,22,-8,128,91,43.87,18.42,63,27,22.67,92,-24,43,70
9,113,4,33,-1.42,67,31,56,123,134,-12.11,8,6.73,27.83,-40,26.76,-46,119,5,67.89,27.62,48.44,0.21,40,62.15,22.42,140,105,81,-18.26,60,40,35.63,14.74,26,-36,53.51,0,-6.65,32
-3,8.63,113,45,13.44,12.05,-10.68,-16,72,8.45,-5.2,46,9.39,41.71,122,123,85,110,79,51,15,-9,27,107,-11.41,101,27,-18.94,19.01,39.47,60,22.05,-12.23,-23,-22.23,55.94,66.94,63,57.69,109
30.03,19.48,95,8.95,2.77,9,82,39.43,-8.25,60,4,42.67,101,56.29,-20,-4,61.58,73.68,112,0,16,111,32.56,74,35.48,31,63.34,47.06,-47,64.63,96,19.95,20,13.21,25.61,61,66,47.14,12,123
12.61,-11,95,25.91,-4,85,42.06,126,93,-5.87,20.97,17,-29,33.57,74,-13.84,119,23.54,81,44.41,46.62,30.97,27,32,3,67.69,-20,68.06,40.15,32.33,45.23,-39,-29,140,-24,50,112,45.51,128,81
14,-14,-16,26,44,-45,21,76,7,31,74,66.43,-23,115,-9.74,106,24.71,-10.8,-3.3,114,-13.84,145,-9,63,38.24,78,8,43,91,108,2,120,74.6,50.48,-49,-19,133,-12.31,26,27.48
113,41.25,23,132,8.9,147,-20,20.17,88,106,-14,24.48,128,96,88,63.86,20.77,50,76,33,-18.76,78,-14.63,-18,-21.76,50,103,128,-35,-3,121,38,21.4,-5,-7,40,67.31,84,-8,139
29,72,93,23.69,114,-46,41.98,100,120,-4.37,0.79,36.89,-2.6,98,63,-39,-37,82,17.96,86,112,91,35,93,-17.37,-43,22.93,-8,31,35.63,-10,145,-24.54,37.09,114,-48,2.64,55,-14.3,-38
6,-2.37,47.68,-11.99,-38,28.28,54,60.64,23.61,21.55,31.87,14.61,93,0,60,57,2.59,19.33,-16,62.32,27.6,-14,10.77,109,25.34,12.09,19.59,121,26.08,16.7,18,6.21,74.62,4.63,71.29,-29,-30,-20.68,60.71,29
-8.23,35.5,131,119,-23.64,23.38,10,48.02,57.94,58.42,126,131,61.69,-1,32.46,72.14,98,38,71.46,-10,29,47,-9,49,-17.73,21,58,62.6,8.83,147,-24.88,124,51.68,31,54.63,30.87,69,55.27,-10,115
43.38,-1,139,29,105,117,31.29,24.4,19.04,142,55.97,119,10.59,-15,43.86,124,-14.34,-46,109,53.76,53.45,-43,47,4,79,27,88,-3.22,26.05,-14.05,11.74,46,82,81,3,28.63,60.66,-13.93,90,117
45,56.87,9.87,24.08,3,-21.85,77,50,42.26,80,131,107,-16.97,56.08,115,128,58,30.88,29,47.52,56.96,-19.92,-16.29,24.97,38.64,70.01,125,-37,-19.73,-43,22,68.19,-41,11.42,0.44,-14.2,-3.91,61,26.97,40.52
-36,55,59,10.45,16,64.65,-13,8.47,7,124,126,42,24.86,23,1,98,32,3.55,-11,-5,128,-9,-1.18,61,100,98,8,63.3,2.92,23.44,67,67.34,-5.08,37,73.93,56.59,43,-19,32.17,63
24,-24,6,88,144,61.24,-45,57.25,41.17,-22,79,57,-35,23,120,43,58,40,81,-44,37,-6,-10.93,55,-21,86,4.34,93,1.66,14,26,19.28,40.85,143,43,55.23,-33,74.34,-7.51,23
25.49,47,35,57.48,142,44,-6.64,64,82,66.59,25.7,45.86,42.23,31,-23,133,58,41.29,-18,4.93,95,98,-43,95,61.49,0.26,7,109,-16.41,53,61,73,21.48,132,6,-6,9.57,74.1,-2.96,-20
46,24.75,74.11,69,-20,-32,105,18,65,61,-19.86,137,30.44,16.51,37.53,5,-48,-38,91,17,91,141,-41,47.24,-24,88,55,-16,50.31,19.63,92,90,-16.87,82,-16.8,4.29,-6.93,11,-7.38,73.01
116,64.84,149,67,76,98,-26,-24.87,67.66,92,64,52.2,45.45,61,-41,4.82,70.66,19,-9.43,54.19,-15,-3.48,5.98,41,-9.82,11.86,18,-21,32.04,-0.92,61.04,62.05,-5.82,40.43,-20,36,1.16,-0.84,8.98,-29
38.04,66.54,68,61.45,88,-39,38,-12,-3.96,54.88,19.17,-1,53.82,125,-10,126,37.33,44,98,-45,40,83,-1.59,23.81,3,142,144,16,-40,39.07,88,122,80,70,61,130,108,12,133,27.04
10.67,-17.38,96,56.3,40.01,136,-8,66,1,132,-45,-5.16,55,-12.67,48.31,102,10.68,26.52,-27,-41,25,-32,14,5,13.05,3,76,-11.32,60,-1,11.03,37.89,11,15.58,90,16.46,-20.19,83,50.33,7
-8,-14.24,-18.28,48.79,50.99,42,66,44.52,81,68.76,4,-43,116,2,-2.35,18.1,34.03,6.93,38,134,142,56,28.52,-7,49,48.11,28.49,8,92,101,-29,38,65,1.32,69.34,-41,72.85,-12.59,11,-13
61,79,52.88,115,95,86,-25,34.63,-14.03,145,125,145,49,-24.31,65,-25,34,4.62,7,-21,-47,-12.43,-7,62,13.49,66.26,-13,23.88,83,-28,-37,8.71,107,1,77,22,47.73,29,47,-11
68,90,145,-40,147,44.74,44,-10.15,136,-21.07,139,72,-12.87,-22.4,50,115,24,22,22.76,105,51,35,-26,98,71.81,59.12,52.79,62.11,83,21,3.49,125,26.38,-12,32.67,-15.68,21,17.16,52,25.47
11.9,-48,-6.15,45,75,71,14,56.56,75,39,64,41.44,53,21,-23.47,-26,34.62,100,-26,0.52,23.59,-33,2.71,-13.92,4,-16.86,143,-30,-9,19.15,23.63,-24,66,13.02,88,46.86,141,0.45,-25,-23.89
-17,30.9,-13,101,14,63.63,-10.55,37.17,15.38,-21,-0.61,-16,106,1,147,30,-15.74,97,97,11.72,49.29,-1.19,17.62,36,11,-3,30,-27,25,67,0,-4.65,44,34,45.58,134,51.01,-9.49,15,80
30,129,32.2,-10.56,103,23.36,61.51,54.71,47.17,-4,-46,17,-39,141,-20,17.58,-6.76,-4,56,57.26,-1.84,11.8,135,18.42,44,38,77,81,135,-6.22,84,-2,-11.95,1.5,67,110,96,-23.63,2.93,87
117,-26,3,58.71,68,-17,50.99,44.93,-18.64,-5,-47,-18.49,-47,-9,-24,38.94,103,56,13,-18.92,7.3,29.69,74,87,59.46,-18.94,-0.12,16.73,-22.97,34.44,63,54.74,29.11,59.44,49,15.27,-4.43,12.27,46.75,33
-17.79,10,-9.35,114,107,38.62,6,108,41.11,39,-44,138,28.98,13,8.71,76,29.66,57,62,114,27.24,13.78,121,-33,-24,57.1,-9,-5.36,32.55,-38,129,110,99,34.24,91,42.1,-5.34,112,32,135
78,-8.86,26.37,34,9,8.42,127,25.69,-5,32.82,116,19,126,-10,67,18,146,106,21,29.56,13,104,-33,2,40.49,29.79,136,15.77,-12,105,73,4,-35,6,58.07,13.65,-5.5,-16.08,18,-8
-38,7,23.27,38,113,8,8.71,35.14,-6,21,116,30,-5,7.48,-18.04,-25,15,1.5,-16.97,54.88,29.37,53.26,-29,130,-30,26.56,70.66,49.61,5.17,59.85,123,94,57,36.79,-28,14.43,119,41.57,-4.01,-22
20.56,109,21.47,147,9.99,58,143,-19.13,-14.12,2,-16.21,59.5,6.94,45.91,37.84,137,58.73,129,128,-21,-40,100,-42,35.48,-41,62.56,32,-3.78,-23,45.14,34,-5,89,44.87,33.13,45.06,94,19.18,19.82,61
-7,16.62,85,111,7.56,-48,88,135,149,133,33,104,51.63,52.34,73,17,22.82,5,134,0.39,2.01,85,94,146,119,47.25,107,75,98,67,-13.87,105,52,21.41,69,-14,-38,78,40.88,107
66.05,62.43,50,15,127,0.68,71,-2.11,109,66,-3.78,61,51.14,105,80,20.17,19.46,30.71,21.57,-37,54,14,-23,34.05,47,42.4,124,124,-5,83,-11.57,105,32.7,-24,-40,85,-44,108,-5.86,100
38,-8,-5,44,68.66,85,-28,-34,36.45,32,54,71,21,-16.64,54.54,43,62.98,21,139,29.06,52.36,71,44,73,-3.03,117,61.17,-20.87,61.54,26.53,50,12.13,33,-43,-7.3,91,43,89,51,21.02
16,144,19,18,-13.13,-12.77,13,-23.75,138,17.95,133,-50,-2.54,25,26.87,-23,63.49,4,47.86,32,-1.37,54.73,-24.55,-17.41,146,-18.6,8.72,14,-21,121,67.16,134,141,27.64,-27,-5.27,54.19,74.39,117,-23
35,46,50,-5.12,93,73.38,50,35,70.65,-47,52,56,17,-10.77,121,21.72,-4.09,43,73.39,-13,39,-36,22,26.11,66.21,8,-18.04,41.1,-16.14,119,52.5,10.04,70.52,-33,40.57,103,10.2,54.86,108,71.76
125,-24.72,-44,17.1,65.01,-15.35,76,28,134,42,54,102,22.47,0.84,110,10.28,62.63,143,90,119,35.15,55,14.73,-22.09,9,12,33.22,8.49,109,93,69,13,97,-21,23.69,15.43,134,29.09,-14.23,87
142,-4.7,26,60,70,62,26.01,33.14,-33,-48,104,-4,3.54,32,41.14,-21,58,20.77,-43,11.42,36,-14,124,87,-18.19,5,59.38,115,29.6,-13.91,116,73,-0.51,36.4,121,-15.52,-34,52.62,56,-10
-1.03,0.59,2.04,-29,-32,-13.95,93,-6.78,51,-14,-13.6,103,40,63,-20.02,116,1.74,-21,71,-13.49,50,-3,18.07,140,116,94,40.41,74.91,37.96,-4,-6.32,13.44,90,12,36,20.7,82,-44,137,-36
27.88,-8,60,67.39,-10.36,-3.89,67.62,1.88,21.62,91,44.77,136,124,60,48.48,64,122,43.01,35,-47,40,31.29,-6,16,77,145,37,-5.91,74.11,136,-8,66,-20,26.15,94,1.6,30.06,124,38,-7
1,58.28,43.41,124,61,125,17,144,-38,42,129,-14.65,-43,13,-15.66,27,-49,44.28,121,17.44,13,118,129,24,-43,94,70,76,-15.5,-18.17,60.14,85,62,-1.66,6.15,-23,40.64,38,125,132
-18.22,2,47,-48,6.22,55.51,35,147,149,20,-32,34.68,33,18,-16,56.54,90,-4.03,135,38.76,18,86,-17,3.51,84,17.57,26.68,10,137,126,60,91,-22.25,-33,71.38,-19.57,13,-9.4,65.25,46.27
52,55.93,-6,41,69.02,-2.29,119,51.38,92,148,-19,57.48,23.02,-16.2,30,28,37.02,29.78,17,24,16.24,148,-38,-20,-11,-46,-17.27,53.73,-31,72.82,45,-48,-14.83,34,47.05,17,67.53,81,-4.19,-21.54
97,-10,51.11,59.37,80,-5,-33,46,-6,22.71,61,-48,83,3.32,53,-9,77,24.85,-23,112,35,-1.46,98,-29,30,95,9.71,138,144,-32,44,-18.6,-4.06,46,62,138,-25,90,58,-1.15
90,-14.96,33.26,30,-4,72,103,45.96,-13,-19,28.58,21.25,26,147,-9,84,148,70.3,146,6,-1.51,54.67,97,23,-1.65,38,-40,56.23,62.04,30.69,26,19,80,14.82,94,64.04,112,51,14.24,117
36.29,42.63,-6,38.38,64.26,54.49,-3,123,-21,49.91,56.71,25,39.44,26,57.53,126,54,99,-8,15,39.08,100,3.1,26.41,41.05,127,8.6,27.06,70.41,71.4,-29,-50,-42,61.07,125,-17,59,39.21,47,147
64,-42,5.34,-11.34,17.31,-15.35,-8,-4,135,-21,-15,1.94,69,93,-13.3,-9.35,119,56,6,18.83,129,35,40.48,-18.96,96,-39,8.38,-36,111,122,110,-28,62,104,60.03,-17.43,-41,32.65,-33,0.03
55.46,137,94,9,-50,102,106,30.2,127,4.83,9,57,137,141,-37,18,35.65,52.33,-50,131,-0.87,17,68.54,-16,129,-10.48,-7,135,118,70,-6,92,73,-24.46,15.96,-18,-20,-8.53,-31,10
-3.03,82,-37,67,37.44,52,-9,98,52.51,38.32,58,26.57,69,73.96,120,25,120,62,71,5.53,-44,110,-42,52,35,43.92,23,42,44,33,46,-33,47,32,-26,71.15,-20.57,49,125,35.36
4.53,59,15.06,39,40.91,-36,25,91,65,10.59,47,-19,121,59.02,44,-26,122,83,36,-14.69,-17,122,25,65.98,118,18.77,115,68.22,-5,117,18.75,149,-42,33.18,-34,-30,35,-19.62,-39,-44
10,55.8,51,55.84,24,-3.11,136,148,26,121,60.45,52.49,-20,-7,-3.86,113,-9.88,106,-4.03,74.05,69,33.46,73.26,52.34,79,10.09,143,4,89,-6,40.94,60.09,83,-17,64,29.34,-35,-40,25.46,27.25
-15.63,57,96,74.54,-21,-29,-11,-1,43,11.01,56.71,-33,-5,74.69,-30,74,2,-9,63.11,3,51,-2.89,-11.94,1.53,69.57,-36,-17.96,6.67,132,-45,91,43,-17.2,35,86,-23,35.33,74,23,9
141,-4,19.23,144,54,11.38,54.38,10,71.64,50.17,-30,47.02,40.55,30,46,35,73.09,20,36.47,109,34.29,49.89,95,115,38,36,-6.95,81,29.02,32,13,-27,10.75,89,-2,26.92,32.44,10.93,60.69,-46
66.46,124,60,-0.38,58.82,19,49.88,31.73,141,4.03,-12,-49,6.22,63,-37,-16.54,3.45,51.02,10.74,28.44,83,30.33,121,-1.55,-10.23,-5,121,106,53,34.35,147,-8.14,53.31,16.5,87,94,43,54.8,109,19.85
16.32,31.19,-38,5,108,39.21,139,147,-42,126,11,100,63.87,-39,-6.98,29.48,0.05,20.16,14.79,-28,6.15,-11,38,138,126,46.69,135,-9.28,14.18,39,-14,-18,-8.94,10.94,17.22,63.47,58,139,66,76
2.78,-17,66.02,9,-24.51,5.7,55,-9.73,115,74.1,-11.69,41.42,32.75,53,29,13,53,129,52.15,40.4,64.7,73.78,132,112,8,-14.6,-14.39,-19.8,28,64.03,7.71,111,67.33,41,-10,89,-33,63,67.97,136
142,32.47,57.14,-24,140,37.08,134,96,1,16.07,71.16,-43,1.35,116,-21.23,-2.17,43.08,117,68,122,5,7,33.21,54,68.08,65,28,2,81,93,54,-13,84,61,28,93,142,71,-1.34,-38
5,72.89,60,38,9.84,101,47.98,76,30,-13,145,84,25,95,-21.14,121,5.84,-1,-5,134,56.69,66.93,49,72.35,45.73,18.37,41.45,16.23,66,4,56,18,113,146,138,33,71.36,20.41,52,-10.27
-22.23,-11.38,-7.07,22,21,-2,145,29,135,139,118,0.11,6,66.69,11.57,130,81,43.72,46.63,100,12,14.87,-18,31,2.19,73,32.92,67.84,1.63,64,6.52,12.69,68.75,42.55,146,-10,134,113,68.85,1.88
15.99,-4,70.03,142,44.64,35.92,47,67.56,-36,67.2,-23.84,97,142,47,13,46,49.75,14,121,147,18.47,129,-21.86,-33,19.85,2,12,30,40.96,135,9,12.91,71.77,40.37,60.76,17,79,-0.08,22.99,-29
-25,61.59,61,-6.35,58,140,138,135,40.84,118,73,111,-5.96,46,149,-11.13,39.32,9.49,145,10,105,-17.97,-17,123,48,12,123,114,63.24,-13,44.37,40.48,148,38,28,29.02,38,-50,55,96
31,9.24,1.09,19,-4.65,-33,79,25.07,100,36.81,-14,53,110,41.71,-14,37,123,48.86,133,56.82,-27,36.65,6.68,70,84,12.23,-8.05,130,-24,112,-24.9,47.32,137,137,15,5.61,69.3,-3.98,90,-32
134,68.34,29.17,-50,67.31,142,-20.28,10.72,18,-15,21.72,17.13,17,2.58,35,11,-5.82,-50,-22.28,68,64.96,114,91,6,16,38.95,53,17.45,23,-12,78,16,-6.49,136,73.14,50.53,142,-10.18,74.5,28.29
139,3,-5.4,146,73,148,38,-36,132,-1.15,110,0.29,31,30.24,49.42,53.26,51.48,-18,-17.39,5.52,133,84,34.48,98,63.25,-20.86,42.04,-11,63.54,15,-49,137,63,-5.74,53.44,-3,18.99,71,53,105
-25,71.02,44,20.87,10.99,123,-17,106,15,24.25,73.73,101,-14,-22,87,32,15,53.98,28.12,131,5,31,14,-29,-15,60.54,23,74,66,-6.19,38.29,9.74,34.29,115,-7.88,102,-34,-6.42,27.58,121
59,134,71,-15.95,-29,88,-50,-14.07,4.77,3.63,-26,46.53,49,47,148,74,2.19,-13.02,7.27,-1.17,-34,74.37,13.02,66.29,77,-25,42,137,10.78,89,-7,-1.52,111,-8.61,49,-3.39,24,11.96,100,68
70.02,75,22,-21,17.4,29,28.01,6.02,-29,-15.47,32,-9.47,46,-7,19.66,-30,-24,56,15.17,132,97,50,-10.15,145,17.24,53.03,89,50.95,31,136,128,35,50.22,-12,5.03,-44,-14.02,71.56,-29,-39
40.28,22.52,59,25,13.01,103,-9.17,-23,38,8,135,57,37,56.24,36,-1,67,15,-7.92,-43,45,27.49,-48,120,47.18,2,-16.04,83,-7,-32,137,23.63,13,35,81,110,-9.88,82,2,-14
60.92,11,100,53,-15,29,65,148,26.65,24.67,-2.51,61.27,16,-41,-22.14,135,-10,13.72,45,-4.43,76,16,145,35.95,97,-16,7.68,116,60.46,59.14,37,40.86,123,76,112,74,46.84,55.81,27,4.7
124,105,31,16.59,130,34.44,30,12,11.38,-32,51.7,12.72,-11,133,60.03,63.15,17.74,11.16,28.13,-3.52,139,125,40.71,20.75,9,53,34.65,-34,105,129,7.86,23,146,61.88,69.07,53,-17,-20,107,67
26,10,147,118,75,96,144,-10.48,1.78,-16.38,70.86,-36,63.49,39.52,22,-30,11.51,94,13,23,40,26.16,-12.14,39,9.23,-31,22.29,17,-12.43,-7,109,-27,-45,-43,103,-6,114,1,69.2,111
32.36,91,-21.39,64,106,1.92,146,81,-15.29,135,-3,84,-0.83,111,68.27,4.93,-15.28,39.23,125,11,95,100,82,61.19,117,74,82,40.71,63.24,-38,-31,-12.87,43.29,-6.83,11.77,5,-17,21,5.38,-2.06
43,114,-41,14,103,33,49,65.01,68,-20,126,-6,130,93,-13,47.22,-10,3,43.19,12.97,13.89,1.77,85,38.96,79,99,57.36,18,-1,86,51.28,17.97,-36,15,3.55,-21.72,20.5,-3.23,83,74
18.8,58.13,45.11,22.58,124,49,-26,6.77,41,-48,8.04,82,40,42.49,134,-22.04,66.55,89,131,90,28.72,54.94,99,56,3,122,-2,50.72,-4.48,81,89,-10,39.76,15,6,-24.44,50.38,44.37,66.02,37.32
-5.76,41.63,-37,107,123,3,-24,31,27.31,41.49,-7.2,37.98,32,40.16,72,90,-24.02,147,94,74.89,-12,103,-25,-4,82,-41,64,-13,-35,-50,22,41,53,59.71,19,-34,69.41,30,69.08,-9.37
-19,46.39,32,65.47,26,-12,-24.57,116,38.59,24.14,81,-17,51.42,18,-41,-15.6,15,133,-45,45,69.57,6.07,36,-27,38.81,23.2,56,0,-4,81,6,146,-50,70.47,-11,27.11,-14,-4.83,129,76
-41,-38,28.28,98,69,33,19.97,32.52,32,0.89,56,-16.08,-10.29,131,15.93,-50,32,132,-6,13,96,2.2,18.54,41.86,-1.75,84,42.75,73.03,30.01,-13,13,144,29.4,-41,71.82,57,144,2,32,-2
-17.69,147,62.72,23,9.56,74,-38,8.1,29.32,101,-35,18,19.91,21.18,29,89,7,-11.48,46,36.46,-4,117,1.77,132,138,64,97,21,66.14,-2.92,73,-50,67.83,95,-22.44,128,-1.19,-4,-14.08,148
8,137,-12,13,111,27,77,79,83,-0.81,146,-10.8,-24.4,27,28,21.54,38,-15.91,125,105,72.42,63.92,72,110,69,13,56.03,48.19,1,131,-17,6.42,78,5,-40,28.86,109,80,32.84,-31
27.65,91,-22,58,49,53,59.14,119,-22.46,46,101,79,55,136,124,-10,116,-17.13,48.49,-11,8.12,63,-5,91,28,23.21,-17.37,85,72,22,83,62.48,-39,-18.44,2,31,18.76,-6,-3.94,2.29
-21.79,1,28.2,-22.48,-20.66,-25,36.92,90,-5.53,-39,67.2,52.54,-1,82,10,56.1,-47,-3.15,0,27,139,69.81,41.09,35,68,68,63,39.6,-39,14,28.5,-2,28.77,-23.67,-21.97,64,50.86,-4,1.08,146
108,53.55,7.39,50.49,50,-49,119,47.3,3.61,71,-3,64.45,18,-19.62,37.35,14,41.05,11.33,74,123,145,4.68,91,-21,115,115,37,54.58,-17,-24.13,83,45,32,-24.87,83,11.85,24.65,27.79,22,-11
14,58.57,1,4,-27,79,46.25,19,-14.33,1,49.42,-28,61.9,76,17,0,18,-50,70,-41,-42,94,110,-5,-3.74,63,140,111,96,0.21,94,5.05,18.31,7.32,23.26,-4,76,17.09,15.98,63
-10.75,-4.17,71,25.63,48,-46,41.03,100,22.61,-20.16,67.11,31.45,132,69,19.45,-12.14,144,-15,8.13,51.77,58,23.88,129,107,-3.17,-14.41,-1,56,-20.09,-4,78,73,72.57,66.42,84,-22.8,138,47.11,40.53,8
74,56,-6,121,-13,74.68,118,-15,52.05,-46,66.7,-20,134,39.81,39,30.98,-26,74.33,-46,7.96,124,64,120,2.83,-46,16.69,67.96,51,-20,18,-19.25,7.48,4,138,81,2.01,146,106,-7.33,-19
128,38.67,66,77,52,-7,71,-20,-13.5,44.75,71.45,-23,87,-13.03,74.73,18.52,-34,-8,-9,-23.93,97,35.77,65.66,27,21,30,-31,26,53,49.71,32,67.4,35.79,-15,132,141,1.54,146,46.62,72.7
63,148,-10.92,59.32,-38,-11,100,-33,62.42,27.74,63,10,-50,-32,23,108,67.78,115,24,-21.8,40,126,-7,27,114,29,8,45.48,36,-20,131,25.36,36.19,25.04,83,21.64,-5,-21.92,49,-24.33
-38,122,16,57.52,65.85,-19.05,5,105,116,116,22.11,120,-45,103,47,107,-3,70,121,38.55,-42,48.92,44,108,-5.64,-32,119,20.22,133,12.71,118,0,34.71,58.94,33,22.23,59.16,37.84,91,106
29.08,42.8,-24.26,-48,-10.52,17.51,42.81,33.65,2.19,65.65,-28,46.47,-4,51,-37,27.68,34,35.6,6,6,2.33,71,-29,-16.61,103,-31,48.5,-8.94,-48,50.05,65,40,-16.87,133,128,-18.79,79,70,26,27.11
-50,37.56,-1.71,68,-2,128,23.23,10.8,43.56,3,140,54,-26,64,27.72,-15.05,-23.92,53,12,-27,-9.64,50.4,-50,102,2,72,-13.68,113,26.35,70.83,37,-19,-0.12,55,-45,-4.16,-24,54.99,19.6,-44
21,-42,-22,33.61,-1.96,136,137,132,112,-21.91,-24,100,32.56,44.31,17,146,30.4,71,145,-19.26,65.36,10.24,136,62,66.61,106,130,145,28,8,39.59,124,14,91,95,112,-41,-25,89,71
60.2,-22.48,75,-38,22.82,19,90,-8,64.18,63.9,90,67.57,126,18.69,-6,-24.8,-37,50.2,66.55,111,-16.78,49,121,46.1,116,116,-35,36,68.57,70.47,135,-16,-47,26.62,39.09,-6.32,27.79,-20,8.12,-15.81
-19,-15.07,56.79,63.98,83,72.07,13,19,53.77,10.85,147,71,18.26,25,33.92,108,-47,34.29,144,149,34,15.35,9.57,10,-18,-6,60,50,35,-20.98,27.87,27.8,24,143,23,-6.08,38,50.2,113,69.54
25.98,24,45.99,31,12,-4.58,58.12,-20.34,17,60.17,124,-23.75,-44,5.64,-16,21,74.36,135,58.41,74.56,37.65,-21,1,21.42,131,61.7,-6,30,128,-5,-47,48.72,-4.67,65.19,21,-15,23.88,-17,-35,145
-39,52.76,32.72,131,-18,133,51.22,-21.2,-1.18,21,146,149,-10.85,96,97,66,123,139,-50,102,1.98,-17.15,-31,-14.27,79,80,69.77,35.62,38,83,126,146,58,-6,12,7,50,22,-21,107
-47,93,-32,-42,30.32,56.28,-28,-0.89,101,9,-11.58,48,74.92,35.13,-3.52,-2.48,32.62,44.94,26.77,14.71,-10.53,146,117,22.93,73.34,51.79,42.82,1.63,74.86,-10.31,-23.23,42,2.78,-8,-30,99,122,103,50.09,-46
10,31.65,132,1,-34,38,-40,97,148,-14.42,7.05,93,43,53.47,33,-39,58,17.76,59,66.47,91,24.99,29.79,-30,27.77,15,22,0.54,67.97,81,124,-23.49,-39,-10,90,50.72,-17.13,130,-1,94
9.54,7.73,40,72.6,65,-6.62,33.52,104,-12.96,-4,-7,34,10,75,24.11,32.14,55,101,68.16,0.51,-43,71.75,89,97,37,40.71,54.92,-42,32.72,42.02,-22,137,53,-9.29,35.61,-12,149,7,42,13.95
54,70.64,30.45,-16.42,-36,94,45.66,24,96,59,148,-23.24,11,-15,30,-20.43,144,-11,17,-3.65,146,56,134,70,5.85,83,127,67.77,71.14,-20.03,101,2,33,38,105,3,38.62,140,124,6.9
108,-17,-4,35.47,6,-24.8,77,12.69,82,80,1,22.2,14.69,44,62.96,2.91,-16.51,4.66,43.35,34,39,24,47,30,23.27,0.84,-12.29,-7.68,21.4,147,18.5,88,-5,79,113,-12.61,74,25,85,29.53
-21,-25,-48,-14.75,-17,102,102,2.37,145,29.75,12,4,72.04,102,15.05,16,-11.93,47.55,142,83,0,-48,132,25,-22.05,115,-29,24.02,39.13,85,-0.08,31.42,118,19.96,74.53,-2.66,110,30,16.67,105
139,108,86,17.26,1,8.43,-7,94,123,-47,-1.68,126,59.99,-17.58,-14,74,-16.32,25.77,0.39,-48,71.22,128,137,-38,149,-24.18,44.58,-10.24,42.45,40.81,102,-6.89,98,50,144,-5,51.71,1,-6,-4
128,4,45.06,-22.55,130,133,105,12.34,22.41,78,4,62,33.38,116,-16.86,-4,72,117,24,21.77,44.78,145,-36,28.4,40.12,65,-13.9,40.11,121,3.58,149,5,125,40,-43,45,21,67,51,24.08
145,-31,39.1,48,32.08,0.06,133,145,105,24,23.43,88,46,42,38.69,101,128,38,-5.61,108,34.7,-15,144,25,48.93,58,-48,-40,114,28.65,106,72,76,14.35,102,-18.48,149,3,-6,14.56
-42,17.41,0.63,94,39,27,48,50,-6,-1.37,-24.04,76,56.31,48.56,18,144,49.95,-46,148,20.14,107,140,-40,44,-22.54,31.41,107,-1.47,88,119,65,-6.69,46.69,-11.43,6,30.84,64.01,95,28.84,-22.14
12.78,-1,38.97,-30,90,97,145,70.81,25,120,8.33,-2,-4.72,-4,12.1,134,-15.95,116,41,21.13,11,134,145,133,-31,-24.93,97,-49,13,57,14.43,-18.74,18.59,26,64.08,28,116,14,26,4
-9,32.2,49,57.49,74.3,59,29.78,65,-5.2,20.97,38.44,113,-7,58.91,16,91,35.24,39,-26,34,39.8,-24,69.41,55.87,78,131,-16.03,31.08,-41,-38,15.03,54.53,97,18.88,74,122,56.42,50,-22,90
1,16,120,-9.17,129,106,-36,-23,145,-8,9.14,37,66,3,124,15.88,149,29,61,-6.45,-4.97,-35,134,51,49,100,102,-12,140,-49,-8,139,86,-11,66.48,67.14,102,3,-37,103
68,111,6,-13,100,147,11.93,-1.29,105,94,20.38,-41,55.46,8.36,-23.9,32,133,-48,4.15,-16.01,114,126,19,93,19,8.96,52,11.53,47.68,-4,119,60.7,54.92,83,63.45,75,105,36.02,-0.87,11
72.18,92,1.46,41.8,81,22.06,84,-4,59,-45,6.94,49.14,-24,107,38.26,29.12,36,63.34,73.31,19,20.27,105,21.38,40,60.45,68.87,-17.58,-15.07,73.21,97,21.23,145,141,-20.95,82,119,16.18,-6,41.08,54.91
34.2,76,29.07,59.57,-11,96,23.39,73,-49,69,109,18,33.1,14,18,131,-14.78,57,123,140,-12,68.21,64.02,60.88,16.1,-12.14,-4.33,-1.15,20,-10.27,-20,30.85,60,71,118,91,29.48,54,32.65,21
-41,11.36,52.73,-19.22,88,50.76,29,57,1,109,67.31,36.43,96,71,6.45,142,24.44,100,39.05,78,102,41,48,53,45.25,-36,47.65,46,-45,-0.97,30.9,16.31,-10,1.54,119,-12.76,118,66.3,56.06,13
19.13,59,32.51,-46,-22.58,32.68,97,53,61,-5.94,-4.97,-19.57,148,-45,-6,16,54,59.13,66,5.92,3.05,104,-14,60.7,118,-7.42,8.2,-20.35,-11,19,17.6,61.57,-18,106,18,20,13.8,14.67,-13.2,63.22
134,-14,28,59.62,-7,15.36,65.18,-19.83,88,36.84,33.18,-20,54,49.34,11.4,67.49,90,-11.01,26.04,1.71,58.85,51,-28,35,93,72.9,106,-27,-37,30.05,-18,-19.37,-31,-20.3,-2.23,37,44,56.41,88,-24.21
-4,72,30,29.6,-45,65,14.09,16,143,18,20.2,-17.9,28.56,17,97,-11.51,-48,34.73,-44,64,-21.49,35,-43,77,64.54,92,44.37,8,53.01,-39,129,37,41,72.17,-4.7,41,25,25,16.21,45.03
-24,-23.01,15.65,32,19,-29,137,25.04,37.97,102,39.45,-6,27.39,81,27.23,102,-20.97,40,-4,-32,68.19,52.16,138,-31,-7.13,123,-6.95,2.53,13.36,23,85,107,141,28,-35,74.81,57,77,-21.05,25
65,135,48,90,7.42,92,38.52,12,34.77,33.18,3.57,68,11.19,38.76,147,116,-50,22.24,0.97,-3.68,50,42,12.53,133,85,0.27,47.57,48.97,8,58.45,35.54,-41,24.5,73.41,-8.73,89,133,40,133,43.17
72.18,-35,29,13,-24,15.57,90,53,53,-0.98,-1.49,47.77,19.3,56.99,10,82,26.24,-17.83,147,7,18,-8.02,29.11,104,31,32.11,-39,29.09,-34,61.35,30.64,-27,98,26.35,12.12,55.21,-49,35,-45,59.52
60.72,145,9.27,57.3,11.78,83,22.17,72.28,-15.1,55.97,9.25,-1,135,20.7,34,41.17,133,92,37,-35,-50,53,56,-43,45,30.31,84,65.48,68.03,-38,95,96,46,59,65.79,11.15,74.09,-29,58.1,-38
12,-30,56.39,42,-14,34.66,52.09,25.69,75,98,129,88,30,-9.95,146,3,-21.11,87,14,76,18.24,68.71,38,115,-45,44.1,19,68.22,65,90,70,74.39,18,74,70.15,94,68,38.79,-44,-14.39
108,96,23.45,-17,-24.96,58.51,63.39,3.28,-28,-8.53,-12.53,130,146,-7.94,92,72,68,7.76,-9,131,120,44,-26,13.57,102,50,15,87,-38,17.94,-13.09,57,-34,-23,83,-35,38,44.75,-40,-1.33
7.28,73,-44,-3,29,43,0,-4.04,17.24,138,57.18,40.48,148,92,86,120,-12,27,11,142,-8.86,0.14,5.67,-5.23,11,32,91,-34,-40,-41,61,47,-38,59,28,38,74,-7.59,59,132
-29,65,-14.65,45.05,-2,-20.9,134,-7,79,73.67,-21.29,57.52,120,-5,87,18,138,55.38,-13.39,122,138,86,62,40,-5.18,40,41.33,71.87,58.33,-37,35.89,70.97,2.43,55,-3,-1.02,132,56,-19,44
-50,68,-26,-24,144,65.54,17,1,-11.03,20.52,97,126,-11.5,46.77,29,149,-16.68,-14.45,51.22,23.88,96,5,89,92,-14,53,144,-37,-24,20.8,148,-44,-3,-22.84,9,76,-35,90,-21.64,119
3.67,65.77,34,136,-22,-23.93,104,144,-36,-1.24,21,-12.78,5.81,62.55,47.93,-18.51,-44,54.82,-2,-36,91,71,51.89,62,78,138,47,100,73.88,-15.31,60,-8,25.34,106,115,11,-2,42.22,54,83
15,91,69.71,115,97,-23,16,76,-11.47,40,38.86,100,30.3,143,-13,60.46,27.27,26,38.56,70.95,72,120,92,70,144,-2.82,80,47,43.65,62.62,5.51,114,8.49,80,-29,73.64,67,38.15,66,57
69.11,66,8,87,-45,19,142,125,-23.51,143,58,-9.48,19,56,-11,3.32,-6.78,30.82,-42,62,141,62.15,52.16,82,67.43,120,2.92,-18.76,57,39,-17.31,-30,37,21,-8,100,13.18,-24,27.67,-3.32
69.32,-4,68.7,52,28.22,-35,8.63,116,17,90,-16,27.47,35.08,64,84,1,62.31,126,49,89,9.51,25.06,53,-18.97,62.03,7.14,19,60.34,-30,136,21.51,31.38,5,72,25.56,137,143,30.88,-26,57
22.66,-26,-13.93,65,60,104,7,66,9.72,-44,92,30.25,24,119,49.13,35,-18,-12,-28,-4.38,87,130,-43,3,24.02,-11.52,111,129,70,15.64,15,43,88,70,63,136,2,35,63.44,20
-7.13,44,44.82,24,33.52,-40,126,57.09,70,76,32,-43,149,55,38,19,17.74,11,53.5,66,60,13,128,36.61,12,56,72,122,12,-30,-7.08,56,-2,125,-22.55,-46,143,23.71,2.04,18
59.3,20.28,143,-10,32.68,-49,5.34,29.1,50,-23.87,133,-5,68,30.89,34.49,-15.07,82,51.6,110,21.31,136,-39,-36,63,7.23,43.17,23,58,58.22,-39,82,-14,-39,43.47,16.37,35,76,-25,-23,-13
7.18,41,63.78,33.11,-24,63.9,12,-15,63.16,20,73.11,25.27,-3.95,8,137,-18.65,67.62,-33,53.34,10.55,60,10.74,-3,147,65,28,143,122,-6.15,136,27.91,52.45,67.37,21.58,102,61.5,131,26,44.26,146
57,-35,-50,16,113,31.16,-18,-9.98,53.5,-22,58,133,76,-41,15.74,46,13.89,57.19,-22.92,-6,-21,-24.74,38.47,10.91,84,35.72,72.68,-17.69,50.65,-29,67.85,60,8,13,134,-37,-15.69,80,65,-46
57.59,-19.2,67.92,-19.08,44,8,11.41,-8.35,80,0,41,123,67,74,34.65,-4.6,41.06,14.76,36.45,140,42.57,56,9.59,-8.04,2.16,147,60,39.67,36.57,2.06,20.66,129,45.41,-32,-8,7.45,-5.76,-2,73.87,72.8
53.22,68.92,26.48,111,119,36.01,42,16.64,71.09,-17.05,64,5,-0.38,59.16,7.33,-34,17,-36,-25,15,-27,5.11,62.14,82,61.27,-5.77,56.32,69,-12.11,-22,54,64,73,76,30.2,148,16.52,35,3,-18
64.63,-43,124,26.46,54,114,8.73,66.47,66,-13,-45,-36,56,56.24,39,14.67,21.54,36.45,37,92,83,24,-0.98,49,19,-29,109,30,-20.09,45.25,-32,-26,111,-36,14,45,26,37.52,-0.44,0.06
97,15,16.69,12.69,100,117,-16.18,53,97,84,-17,64.52,-8.03,105,62,74,22,71,0,122,138,35,139,73.7,107,-19,62.37,64.08,89,48.46,22.47,22.9,33.16,3.61,71,-36,49.17,-21.01,119,144
-1,13.69,73,-5.52,7,9.52,14.13,-7.56,113,111,54.8,52.55,77,71.49,135,11.36,-11,-11,11.52,18,141,83,19,42.8,28,70,12.77,-13,11,-41,59.08,71.53,-38,-32,107,15.63,-27,22.26,18,84
-18.22,-6,-10,63.62,83,40.6,109,61,9.07,-9.28,-18,68,0,-48,95,59,146,67,-17.42,31,10,-31,24.65,30.05,37.34,56,54,124,42.11,118,-20,40.28,50,64.57,83,67,-8,52.4,69.26,-13.43
-16.23,145,139,19.3,127,-5,68.6,147,-1.77,79,-14.07,-24.46,51.68,22,73,55,118,38.42,79,49.07,144,148,37.32,63,21,112,30,27.7,98,29,-7,2,58,-24.7,53,65.5,130,46,99,73
132,0.57,21,-15,-10.15,32.32,92,35,130,56,7.48,16.59,-43,87,-4,-15,13.07,73.17,121,141,3,61,-20.56,75,38,77,140,-50,-1.4,42,-16.49,108,58.48,5.03,28,36.47,-29,5,-8.83,-44
57.39,148,33.84,-5.48,26.4,78,15.94,7,95,51,118,53,64,29,48,-10.89,-27,18.54,-2,-19.7,114,71,-47,41.15,-19.75,20,70.17,-25,20.68,60.58,76,129,57.41,51.29,-2.53,-23,-18.83,4,40,1
84,-43,67.05,-28,58.69,7,80,1,102,108,-15.18,53.82,68,-37,-29,64,51,129,93,5.58,25,-22.01,-4.7,0.53,37,-28,64,-3,53.16,57,10.56,4,106,68,38,70.42,125,147,126,52
12.35,53,61.94,-50,48,22,-14.79,-11.51,147,-4,122,-3.3,32.44,-3.71,60,21,42.24,55,29,41.57,-5,64.34,34,94,48,68,105,57,-13,16.13,24,43.22,-46,-6.55,65.15,100,29.31,107,-2,29
107,61.92,16.54,-23.4,23.14,34.24,7.92,9.71,20.57,40.09,20.68,31.44,6.75,45.68,14.62,-4.38,43,84,20.61,136,114,19.01,-29,-24.41,20.29,19,23.71,88,-0.22,56,-44,142,-27,30,12.5,14.81,34,44,110,-12.25
76,129,134,116,-18.8,-25,59.7,112,12.74,131,71.04,45.11,53,92,39.59,116,23.31,62,-0.01,-45,5.97,64.11,51,-17,-38,29,65.8,79,59.68,-13,-5.43,54.02,-11.8,50,-19.3,20.45,34,-49,-0.47,-28
102,52,132,6,126,-7.47,92,0.77,4.11,17,62,-4.67,2,4,-32,146,-11,85,-21.04,56,143,22,-27,113,14,67.98,-43,28.36,66,47.11,66.34,47.19,3,-0.5,37.98,24,-14,50,20.25,-11
63.71,74.81,111,-13,132,34,19.08,-48,5.91,32,47.77,-18.13,-17,-4.16,-46,-45,62,22.5,71.89,-37,86,74.36,-15.3,7,12.98,65,36,-43,51.87,26,41,12.98,134,143,29,63,36.07,80,33,-4.34
120,63,2,141,22.56,11.11,37.71,47.81,21.3,113,8,81,62,116,-13,33,70,149,-11,37.3,29,70,36.86,-31,15.38,37.3,-30,37.89,-14,62.97,31.26,12.33,-5.28,65,-10.93,84,17.55,57,111,10
32.4,110,119,135,56.65,63.34,38.67,68.17,125,-21.23,27.79,2.54,148,-24,-17.57,71,3.23,-46,9.26,-40,78,20,30.01,96,116,23.37,117,87,-19.54,-7.79,110,56,27,43.36,-16,51.28,-42,-20,34.81,57.94
70.78,37.02,3.98,-1.65,13,31,17.2,60,36,-9,8.22,13,32,-7,46.95,147,58,87,16.52,42,-25,10.29,-6.69,-39,130,-43,-31,82,-11,99,86,120,90,67,26.25,126,115,76,37,94
-38,-19,137,63,11,-20,71.6,82,64.96,31.26,-14,-27,29.31,-44,28.87,23.4,32,39,72.83,96,-2.5,-6,-35,96,82,14,9,131,93,51.79,-22.88,-5.22,68.06,43.2,36.36,-32,0,-33,41,24
-26,107,44,41.87,56,-32,114,97,50,9,14,26.26,111,-47,21,-20.18,11,16.43,30.2,36,63,32.19,39.12,40.83,-21,86,11.97,-50,141,-43,-33,-15.02,50.32,49,21,21,86,52.18,-2,88
30.26,28,57.86,134,66.57,-17.37,-17,-19.24,60.71,73,90,133,97,123,31,46.48,58,-14.67,64.55,-23.44,122,33.58,17,-42,18.43,144,8.33,28.08,-21.71,23,101,132,55.28,1,-2.32,-19.3,102,67,39.32,112
34,-2,-18,72.09,-7,2.48,-8,15.96,-26,-9,137,33.21,101,68,36,103,20,64.57,19,-16.06,129,121,3,8,47.81,53,148,59.06,131,23.45,88,26.03,52.59,-34,-13.25,44.15,30.68,111,81,39.27
-34,72.14,15.86,25.31,-25,49.04,38,69.43,108,2.16,-11,134,27,49,35,37,114,112,60.41,61.6,103,9.01,24.5,27.47,56.16,-14,61,18,-29,-8.09,26,14.88,-8.2,94,16,48.76,63.46,0.99,68.41,-6.42
69.65,40.54,-29,14.01,59.09,11.34,-24,-2.08,130,145,-3,51.56,31,34.49,-44,-47,-16,102,-10.64,94,25,-38,8,65.02,44.66,56.73,-30,53.11,64,109,-49,-48,44.55,61.37,86,44.91,16.75,-37,74.22,47
55,26,-8.49,-41,-47,1.53,90,-14,104,-3.38,144,94,1.08,53,145,46.39,96,149,79,80,48,128,94,9.87,8,106,12,118,-8.09,13,-10.72,-2,38.58,52.09,29.4,-4,-41,28,29.53,37.85
-8.83,-11.66,15,18,124,26.55,-29,131,78,-22.27,18.52,-21.95,95,40,98,121,6.31,61.27,93,1,31.58,40,-8.56,57.7,52.28,6,-3,102,124,140,34,19.06,3.43,-34,15.97,-25,3.96,-12,140,2.9
-28,-10,39.82,67.64,30.29,-1.42,23.92,16,52.61,127,40,69,63.83,52.47,47.24,86,-38,33,-19.76,73.85,99,49.46,-46,-14,59,4.59,-49,13,27,34,-22.77,6.51,63,-13,147,42,1.33,121,-24.53,1.37
49,4.07,141,88,-5.17,47.36,37.48,-22.09,50,-16,50,38.17,-2,-4.6,69.5,64.15,4.42,86,110,5,5,-3,70.56,22.63,46.72,50.09,145,-12,-3,-44,43.44,60.17,93,-35,66.17,53,45.59,-6,63,26.64
45,59,34.94,26,72.44,30,135,141,-4.15,-14.51,102,130,86,-20,75,-30,66.02,-8,-27,69,125,-8,-48,-20.18,149,44.23,18.7,66.82,78,101,57,51.45,22.21,-4.33,38,73.48,63.28,81,-9.24,-29
117,34.61,-12.89,-8.24,13.36,58.1,94,46,30,147,16,62.03,56,-21,40,-18,66.1,2.07,-1.03,-6,46.78,-15.76,84,118,47.97,86,-12.31,65.81,48.44,14.13,-8.61,-13,4.19,98,-50,-24,-8.23,50.92,25.65,-13.52
35.96,32.37,37.58,-16,-2.14,-35,-21,-22.59,-1.31,111,54.87,-9,-42,115,-9,-10.04,-3.43,-24.92,-23.5,71,135,67.48,47.12,-8.49,-16,59,139,137,-21,74,7.83,60,-47,101,4.94,-10.18,114,56,39,-18
-4,36,69.39,58,10,23.29,52,4.75,83,67.58,-17.66,-7,-31,50,38.88,-15,23.02,-50,-9,-3.36,8.45,75,-15.83,-18.27,-22.94,72,-19.34,144,-25,-39,-20.06,18,35,88,63.99,5,60.46,-48,120,35
50,115,50.93,-14,40,36.57,5,-12,8,93,20.23,52.68,72,10,53.51,52,27,27.78,-20.53,96,138,33.3,1.55,69.62,51.43,149,104,120,71,69.17,10.48,-44,29,-11.49,141,105,45.87,41.84,26,94
61,26.28,98,-12,-23,8.38,133,-15,90,71,41.56,-16.46,-24,69,59,16,73.46,26.35,141,24.65,41.57,47.93,69.92,2.56,75,-17.8,-22.29,53,110,101,9,70.33,-5.3,12.93,-31,71.21,3,45.48,-6.38,49.2
40.08,-6.11,-5,44,74.48,72.7,-40,62,-2.26,24,36,57.93,74,52.52,130,9.74,2,146,-2,-18.29,68.11,-4.88,59,-6.78,33.83,13.29,42,9,9.31,-8,46,23,35,47,77,10.78,63.36,15.05,-5,133
40.14,-34,26,32.95,-13.35,-37,38.74,62,25.71,-14,35.19,-17,-31,17.78,26,-12.88,101,-33,38.59,40.8,46,-3.9,125,8,-32,43,116,13,120,-48,8.44,38.36,33.78,-49,60,120,-20,-29,72,71.24
135,35.33,26.82,143,107,140,103,61,-30,-13.2,18,48,47,59.05,89,-5,49.23,136,102,-35,66,27,46.91,22,31,74.31,122,119,137,70.48,84,4.7,73,21,4.18,-19.41,49.94,49,-32,135
142,-2.36,136,-24.2,43.18,-5,-14.46,147,51,33.42,15.45,88,42,10.33,-40,112,70,-19.12,145,21.77,-21,-39,5.54,100,133,43,-37,135,-14.17,73,36,9.45,-8.12,-41,-3.29,-16.87,22,10,-16,28.39
100,-38,-46,74,41.14,53.53,46.85,30.23,10,20,27,18,-24,105,101,1.64,91,20,53,-10.96,12.94,85,128,-32,-38,-32,62.46,-47,57.68,74,6.29,21,-29,5,14.84,-8.61,-46,57.98,0,37.49
25,29.82,3,-13,82,66,29.03,79,24.17,89,68.73,130,143,140,-0.96,50.88,-2.66,38,14,65,145,30.24,40.54,131,38.12,-15,16.57,-13,100,20,74,6.92,80,26.1,49,62.69,53.46,51.9,7.51,76
46,64.51,-5,64.67,-9.1,56,77,-45,93,16,88,-12,114,52.02,41,-5.27,143,69.95,33,-45,5.2,96,-32,42.07,56,-15.85,-46,82,19,33.33,-11,16.33,59,88,63.37,32,141,-12,-15.34,116
-2.38,34,44.52,11,-13.74,12.12,12,61.22,-20.94,65.73,1,18,115,-38,57.31,-20.12,27.05,125,47,-36,-27,-2.23,134,-5,-49,4,0.89,42,43.14,70.97,73,41.89,-20,-7,74.77,3.53,7.67,6,-24.08,30.25
61.41,-26,3.41,38,-28,-18.8,33.82,12.81,57.8,123,-42,49.76,31.55,78,-9,64,-31,-8.07,-14,34.7,38,108,-4,1.85,50.81,68.69,-11.72,39.49,65,85,36,25,70.13,143,5.63,139,60,87,38.39,28.34
68.91,60,-2,20.67,-3.7,145,-7,36.28,-31,15.08,97,-24,105,16.49,132,30.53,127,40,55,68.89,-13.78,-14.68,32.69,143,-4.39,-21.89,64.63,-9,-24,-13.61,11.32,5.25,72.97,146,-9.54,86,-1.14,-22.58,86,58.39
6.44,6.68,-31,-25,-31,65.45,8.35,32.79,44.26,119,-48,59.98,41,59,118,40,65.36,22,102,-31,6.75,94,102,26,124,87,0.26,116,38,57.72,38.33,38.6,-38,-24.65,20,56.26,33.81,95,43.5,39
135,-32,8.19,-8.6,-7,-5.38,45,54.93,60.15,-22,87,79,146,33,71,122,0,50,11.2,96,41.49,31,98,5.59,15,33.19,-9.75,48,95,-25,-14.5,101,-5,124,47,21,65,-4,-26,-35
24.37,27.02,112,48.18,68,22.01,-14,50,34.84,2.47,28.03,32.33,13,59.55,101,36,6.85,117,-37,40,-36,114,73.55,-14.33,-4.63,36,122,-44,66.5,76,-31,115,28.61,-3,56.15,71.1,51.21,-19,57.34,10.44
84,27.17,82,62.41,75,24.3,-19,-13.23,74.1,69.94,59.45,58.34,37,24.49,114,28,50,33.09,141,34.38,67.63,74.99,15,44,-23.77,4,-6.59,-10.46,39.83,9,28.55,25.59,19,34,42.14,94,5,32,115,41.83
146,-6,113,18,106,-28,-45,29.49,44.21,-33,29.44,-40,-12,56.63,-41,63.05,15,136,72,58.28,-18.27,-11,47,3,35.21,58.92,82,50,0,-10.32,64.24,-20.9,-17,109,-8.25,-4.49,126,3.03,-18.22,78
47,-1.85,-1.78,65,81,12.44,-4,12.03,67.89,114,-38,7,44,-9.18,84,74,125,84,49,21.47,5.81,91,53,27,-2,109,54,-11,18,113,-34,-8.13,62.36,30,74,141,-8,55.25,8.73,38
13.52,11.63,132,45,27.94,57,102,-16.19,45.56,41,-1.43,6.08,39,-9,57.23,-20.01,-10,-13.2,34.1,28,-10.76,21.03,-16.12,-7.67,-10.14,-50,-46,-43,71.13,41.68,-19,-1,-5.08,38,60.15,67.88,94,44.51,65,-20
1.83,12.95,-1,37,23,28,107,-29,134,32.69,-15.46,46.33,-23,1,26,89,112,11.15,116,66,37.23,52.91,38,26.36,43,61.21,71,2,-8.88,23.39,56,54,45,72.64,-46,38.71,29,60,22.69,105
60,-34,52,-21.28,18.85,62,-43,37,-8,39.97,45.4,70.53,64.94,140,87,27.12,62,107,19,-8,78,64,-50,-5.43,103,28,102,-4,45.05,58,39,65,-12.18,57,68.19,59,149,16.79,149,3
-0.87,51,12.77,67.21,97,-18.2,80,104,22,-5,17,45.57,101,61.7,135,-29,41.84,19.92,102,6.75,33.68,8,38.61,34.48,53,89,131,-17.4,13.06,-8.01,-4.88,-13.25,137,32,86,59.07,23,77,38.1,39
38.24,147,-42,124,-3.65,127,148,136,101,48,-40,13.18,14,45,101,-2.47,3,-12.98,9.86,137,83,65,134,94,55,-6,43.77,-38,-26,39,17.57,134,53,95,4,-11,47,34,-16.94,-10
39.75,148,-22.56,17.82,7,-30,6,73.67,-24,19.25,131,-6.13,-27,38,8,-7,92,-15.27,52.04,32,-20,41.79,101,2.85,-35,40,-5.95,77,-29,-21.74,8.91,93,55.93,-34,33,0.27,-4.46,103,-8.99,102
-9.29,65.21,-50,123,60.3,63.36,111,36,7.37,59.02,17.16,135,147,-2,23.65,57,-48,55,26.68,27,-15.93,-6,36.87,54.25,34.93,22,50,-23,54.38,-12,101,-38,138,111,43.8,73,134,-17,99,125
-45,-1,24,24.81,69,21.75,146,149,136,44.34,51,12,64,41,141,39,-13,132,92,20,49,2.17,139,51.72,25.9,28.13,62.54,71.68,-27,-34,119,32,12.12,75,13,24.04,68.18,68,-24.78,-18.37
55.31,38,54.54,36.44,16,66,104,35.08,-29,-24,-36,54,-14.94,91,63,120,49.91,-19.28,56.63,34.03,23.21,47,-4,4.85,-2,19.23,102,40,-10.39,53,16.22,4,-22.67,9.39,0.86,-18,116,12.76,11.88,51.43
-7.92,19,-20,64.06,44.34,-20.22,115,21,95,-35,100,73.11,33.18,67.79,142,126,42,47.07,149,53.53,5.64,30,136,27,0.08,114,24.46,14.13,115,40,38,-1,4.42,50.68,17,-7,119,-48,8.42,49.39
-19,38.79,41.78,9,135,54,19.04,-11,49.32,82,46,72,-30,-15,16.39,-27,115,-48,53.55,13.18,1,54.43,70.3,-36,78,95,30.04,10.57,35,-11,62.92,-36,-16.51,30,-7.51,78,115,17,56,-4.47
4,70.55,148,-19,46.03,13,69.74,106,53,81,19,18,18.58,61.91,5.11,40.47,-31,4,96,13,74.95,54,-8.95,97,-6.27,1,65.76,74.05,-42,-22.54,-40,136,47.13,41,24.14,131,0.34,35.94,29.04,53
48,3.27,-4,62.23,-18,55.44,106,-7,103,-18.23,89,28.8,13,123,-21.33,149,26,80,52,39.91,-18.75,49.01,136,-34,113,40,-15,65,25.87,82,52,24.85,21.06,102,74.2,95,-2,7.33,99,10
-1,147,27,54.86,63.71,5.9,-4.81,62,-41,-19,35.77,145,26,43,92,-15,3.03,27.65,38.69,9,91,82,-42,45.75,60.62,-45,124,58,87,-21.65,109,100,70,49.44,65.57,7.79,-2.53,99,101,-3.21
101,64,108,6,-23.75,60.91,44.49,3,64,115,128,69,17,43.95,71.09,51,84,9.46,39.45,73.78,93,55.26,44.15,-42,-5,66,26,59.69,129,47,-50,104,-23,32.78,94,-22,3.04,14,-14,27.86
63,28.17,74.53,-36,28.11,20.52,79,145,-1,55,30.89,51.75,-6.57,-23,86,93,-19,95,-43,72,53.02,26,53,64,96,98,-3.42,45,134,23.66,-42,60,-4,-4.7,-21,-1,133,19.3,98,50.46
-14,37.4,4.71,-7.01,60.77,107,-39,8,80,113,103,132,58.02,110,23,88,-18,-41,1.13,-43,108,147,-11,69.1,114,-17,113,48.14,142,-28,-24.44,52.98,9.92,74,-12.62,-3,17,98,-13.02,148
68.17,69.24,-14,55.49,-19.35,-36,59.46,-7.74,65,33,19.84,-17,68.09,-13.73,11,58,29.64,9.6,-31,15.02,10.48,6,-8.92,74.84,44.42,67,-28,121,-19.88,-27,34,-40,-25,64.56,31.13,15,-11.59,90,-13,100
74.1,-16,73,30.72,-41,-4.81,-19,-9,19,33.46,64,20,46.11,-4.57,-43,64.73,139,23,-26,0.89,39.21,8.15,19.32,67,-10.29,-12,28,120,-42,110,29.04,-2.81,11.2,142,-7.35,-5.09,-20,53,37.46,-11
65,1,-29,-11.66,55.42,13.42,88,47.39,59,30,54,101,9.02,118,8.53,149,149,147,-2,120,-29,25,39.04,-12,53.83,-8.35,-47,126,32,68,121,49,44,13.14,-20.95,34,50.71,138,-23.56,61.97
113,129,35,17,37.88,149,-9,19,132,-14,-22.39,61,49.71,-14.55,51.11,29.34,56.44,96,35.96,45.27,70,-9.05,-9,19,1.37,5.28,33.61,-41,-9.79,36.68,-47,-16.75,63.52,3,55.97,47.03,132,46.85,143,49
69,27,11,20.89,63,137,27.78,6,-11.43,-6.96,99,111,5,44.5,-9,7.65,18.64,63,121,48.73,102,57.7,126,89,93,-28,44,-48,110,-6.77,-31,46.87,-19,78,-13.96,76,135,34.78,130,-17
49.24,73.7,-24,95,15.46,117,45,-25,-44,-26,147,91,4,148,125,-9.34,14,4,119,42.1,63,-1.48,139,133,25.35,50,83,50.88,16.03,70,131,72,65.52,46.55,60,140,37.24,129,-46,-4
29,33,149,68,68.42,109,10,29.61,143,136,4.44,-7,87,42,144,15.02,49.2,55.56,142,-33,6.89,66,91,6,24.32,-1,-34,-48,72.41,-6,-23.3,46.71,37,47,86,70.64,4,19.34,-23.26,69
-24.68,87,27.21,-6.94,142,62,-14,114,39.72,-0.65,121,-7.49,69,-4.68,25.38,-12,30.19,82,44.3,137,-19.56,127,-17.08,-20,87,54,147,-2.24,67,-18.8,39,21.58,22.94,13.48,56.76,37.76,-23.27,-49,46.83,119
130,96,-4,-19.98,33.6,142,72,-15,12.23,60,132,117,42,28.25,3.28,54.91,-10,137,43,97,53,-4.06,3.2,20,40,45,60,17,-22.44,10.72,57,-4.19,-12,55.53,-42,19.61,30.98,28,17,-10.19
-22,127,30.76,30.29,38,1,0.6,68.95,77,14,31.83,27.82,72,55,52.52,42.39,-16,17.72,66,67.91,95,47,-7,38,61.52,-16.42,-21.52,8,70.43,27,34,-18,73.3,47.24,34.51,0.56,113,42.04,-23.98,41
44,91,-32,24.78,-18,-4,108,49.1,46,49.19,-1,9,59.28,-14,88,70,30,58.36,22.45,-11.54,39.14,19,120,-31,28,25.44,65,121,35,-27,8,62,144,-38,82,64,20.69,26.41,21,145
-4.48,94,-1.64,58,-22,-13.32,50,-18.78,4.31,146,-8.59,-0.89,127,2.85,18.4,-14,58.44,-46,47.03,30,96,12.52,-22,149,14.39,7,-24.51,8.8,-9.47,-2,18.81,25.36,-24.28,46,43,-5.77,11.36,18.23,111,50
16.51,-22,62,37,62,97,-14,10.57,130,36.98,4.17,28.15,69,129,78,73.44,72,26.69,61,135,95,-8.82,61,114,-2.9,18.32,-18,63,-42,-48,112,-16.02,-50,73,67,8.53,98,9.21,21.62,99
8.8,45.78,-22,-16.11,146,63,16.18,10.72,90,65,45.3,54,21,-18,-4,44,64,-1,-34,4.43,61,-48,66.48,59.79,-9.9,0,-49,95,-27,-10,117,-36,2,17.13,34.63,30.52,50.97,2.65,14.56,52
77,-17.21,71,3.84,-14.64,22.41,-47,97,-12.78,49,74.47,73.49,137,129,147,84,-2,25.64,1,29,38.96,-49,115,42.26,9.8,115,-35,-6,-0.74,87,122,132,36.7,68.42,5.98,47.33,-1,135,-11.47,11.52
54.73,-3.19,-25,-22.42,134,-15,51.92,-16.13,44.36,109,65.49,-10.08,36,74,-26,117,-11.74,51,44.52,0,72,2.43,4.64,34,-21.75,123,33.32,33.17,118,6,5.3,59.64,68.09,2,1.22,35,-15.78,46.63,109,43
45,11,67.68,42.74,-17,61.33,17,-8.36,11,-21.4,52,36,29,-17.19,-32,43.23,39.4,41,65.72,72.1,144,133,140,89,-13.73,52.2,40.05,-12.78,-2.97,38.71,82,114,136,98,135,100,32,62.29,-10.11,40.56
60,85,129,-20.99,-2,61,-24.71,148,-5.02,-46,-9.14,-44,56.26,69,124,88,39.66,30,127,73,18,97,117,61.72,43.48,28.96,-20.07,21.57,18.96,46.5,110,-17,37.7,48.28,-10.51,29.71,70.68,-26,53.2,66.74
78,37.56,65.61,-8.95,108,36.16,10,59,89,42.46,49.66,-1.99,25,-8,35,-47,-20,136,32.32,113,42,-24,46.02,80,4.27,117,140,49,59.62,25,104,-20,119,34.97,19.63,13.58,14.73,-29,-19.53,-5.81
114,70.14,102,123,48.81,-20.2,131,65.56,-23.07,121,81,72.8,101,-17.2,27.24,68.42,74,5.9,-1.57,-3.4,93,112,48,25,83,-46,69.1,10.09,-50,-23.13,107,97,134,30.6,25.15,99,57.83,1,72.5,56
46.41,-5,28,-10.72,-23,92,70.57,46.39,-3,61,48.14,-1.88,66,-5,97,31.23,31,134,-32,81,86,147,-22,83,57.88,115,21,83,21,132,-12,73.52,56,-0.18,-10.82,115,12.11,21.4,9.33,72.28
109,-12,-41,-7,71,49.66,128,34,38,69,-13,15.85,4.27,89,60,85,35,-10,17,24.65,146,73.66,-30,53,-22,56.3,68.08,-3,72.69,89,34,97,-1.76,116,96,29,-27,-3.63,48.43,13.6
70,137,89,-37,74,138,51.5,44.51,-15.9,-19.45,-25,48,-8,37,112,18.73,42.91,144,-41,72,146,96,77,18.51,137,79,65.29,26,35.14,-5.53,24.6,-50,39,5.31,43,129,-30,121,83,47
149,60.42,-3,28.94,-5.27,65.36,5,29,67.84,118,-43,18,75,64,60,10.79,-4.36,135,-6.47,-7.24,-8.9,48,59,-28,138,27,137,72.59,16.38,103,45.96,65.29,138,29.15,55.01,30.92,-24,69,-38,31.79
-3.61,15,-1,143,57.41,0,19.3,68,12.31,-15.68,122,40,137,46.52,5,33.3,60.73,65,29.45,91,-13.58,76,46.7,21,-19.6,-7,22.46,80,74.4,41.76,-19.26,113,-26,53.53,-46,106,0,8.82,88,40
-14,56,112,-10.59,101,-24.4,87,130,-11,-39,14,-2.65,-50,-2,69,64.6,17.41,111,96,40,23.02,135,0,69.82,-4,86,22,52.1,-16,-1,12,-44,-20,118,-22.37,100,-10.05,46,52.23,24.18
49.08,94,-0.9,-23,-11,-6.4,25,-45,-21,-9.02,3,100,14.22,-25,52,76,48.43,62.74,-8,-13,16,111,144,17,78,-18,-14.93,-16.68,-14.81,51.57,61,84,63.44,62.69,33.44,-4.83,28,4.82,-34,-15
-42,-2,132,51.85,128,28.05,-20.87,61.88,-36,25,11,56,15.51,147,129,61.31,116,109,-33,31.07,-6.83,24.89,53.65,-12,74.21,8.4,85,55,4.02,100,48.98,16,65.17,105,75,25,132,-15,-3.39,-50
120,27,35,98,13.12,16.9,61.26,24.86,-8,3.97,45.62,6,28.16,59,46.15,42.07,107,39.7,33.23,72.22,110,38,7.15,-10.46,14.7,60,-2,-30,109,123,-0.73,-15,-27,133,-6.62,72.99,-21.02,19.25,-12.39,21.62
5.3,-41,66,5.35,56,-3,32.24,52.09,49.19,25.64,46.12,107,-5,116,5.77,1.39,-14,-37,53.43,-2,8,85,42.91,-5,66,-9,49,100,24.78,145,58.62,17,34.77,82,-20.06,20,-13.56,93,-13.96,-24
70,28.46,1,18.94,33.86,51.31,14.27,3,95,80,49,-10,127,101,14.27,149,40.44,20.81,-39,-49,-46,38,92,-13,83,40.75,38.75,69.99,142,-18.73,53.88,17.95,6,-8.55,-3.21,127,47,-45,24.09,117
21.69,41,-3.93,55,46,91,138,41.42,-5,88,15,99,111,-1.17,6,37,28.01,89,102,57,37.65,116,22.39,-39,24.98,37.17,2,24,-21,29,42.49,29.65,-16,73,142,31.77,23.23,-12.43,29.29,61
118,-13.16,98,21.85,-36,-8.12,10.48,-2,66.62,46,72,44,35.03,0.56,29,110,85,91,109,23.45,121,36,107,62.52,29.71,124,32.78,129,-7.01,70.25,63.16,-34,45.09,22.81,27,47.75,33.61,11.08,67.32,74.97
78,24,9.75,-5.81,18.47,147,-24.59,-24,24.89,64.59,-4,31,121,-50,94,-14.88,11,64,111,119,83,130,43,30.53,69.32,-23.28,-4,64,124,-46,87,146,-10.67,-42,-42,59,119,88,-5,50.75
94,3,89,88,29,149,-1.69,58.53,78,69.87,-9.47,-18,63.89,149,71.16,98,140,72.59,0.28,-31,47.89,47,-18.33,-8.69,-8,142,-25,20,13,147,45.64,-18.95,48,68,74.07,-7,43.13,19.29,66.79,34.02
49,1,13,-20.04,110,11.92,118,-28,107,58,-15,-8,63,48,-34,-22.6,73.03,105,28.45,-16.21,7,-45,81,0,-32,-43,56.86,133,-14.5,42.52,-39,7,35,-3.01,-4,-15,49,33,56.37,130
97,36,142,-36,-47,-1.94,1,-43,65.56,-1,-9,20.81,7.64,-4.79,140,26,-4,49,47.31,-8,79,-30,12,17.63,18,-37,73.69,-13,12.86,39.62,40,-2.44,90,51,38,73.64,20,135,64.26,72
90,44,136,-29,147,64.72,68,-2.55,56,59.59,9.86,52,76,-6.81,30.1,-47,-42,45,103,91,51,124,2,56.79,37,-32,45.85,27,55.08,68.61,50,52,-21,-35,-41,0,135,62,70.99,5
141,-14.05,104,67,51.67,-22.57,-39,80,72,23,13,107,26.64,63.85,6,22.05,61,18.48,29,-13.96,15,114,11.17,3.54,92,-6,-8,32,123,-19.88,98,51,71.48,47,31.36,43.21,28,-17.51,71.28,48
37,4.1,17,61.44,-45,25.48,56,107,45.33,-41,-14.99,29.61,53,43,112,-18.2,2,55,127,62.82,-24.55,-10,127,15.46,27,53.44,100,42,-45,66.36,40,-13.8,69.83,30.46,54.35,76,35,55.08,35.82,19.25
-21.11,62,-13.1,-41,27.39,35.95,93,23,9,73,149,-23,40.89,-45,126,60,37.38,41.6,143,13.37,107,-12.64,39.39,9,109,40.45,-46,113,64,52,77,2.48,47.42,-31,140,35,-11,-22,12,139
111,68.54,17,129,149,29,46,74,95,74,85,62,80,54.16,4.96,13.29,1,-46,-18.07,45.49,92,-4.91,-11.95,133,113,51.01,-44,24.38,18,108,72,-1,-5,80,-35,-42,-33,-50,61,-2
-46,133,45,44.7,8.84,86,-24.83,19.07,34,70.26,13,-6,35,38,-25,59.38,-38,-18,-8,138,77,74,-5.03,14.03,72.95,22,8,33.18,-6.02,-10.58,21.39,84,19,3,33.06,1,-18,4,-24.23,-6
55,60,22,39,33.5,-21,9.24,42.89,12,109,42,-8.75,56,2,31.39,53.18,66,63,65.09,2.22,52.27,-37,24,44.14,122,129,19.33,32.03,-0.63,81,61.52,8,-22.2,114,45.88,-1.22,58.94,-35,44.39,-21.36
30,29,52,61,22.52,30,43.08,27.68,111,30.28,0.64,70,84,-15,51,66,148,26,70.34,60.58,-25,140,30.3,-0.6,110,138,59.96,-5,67,83,40,54,-27,62,-19,-10,138,-12,42.8,68
-11.66,119,58,43.5,42.12,66.09,139,40,106,37.23,21.42,113,-9,47.93,-10.65,35.42,63.12,17,46.98,-4,-16,-7.56,65.78,115,0,-20,50.48,134,39.18,2,-1.55,93,-30,43.37,113,29.65,25,62.5,10,87
-23.23,80,27,-17.94,71.09,79,70,16,-33,0,-37,35,59.31,130,94,51.42,0,122,26.89,8.82,-19.9,59.9,-26,-3.05,53.35,131,-10,116,40,49,-6,-31,-1.71,-6,-22,51.49,27,15,23.97,46
11.82,56,49.78,27.57,-24.11,38,148,-47,-29,131,28.82,2,-13,-23,12,-4.44,61,-38,26.05,49,-16,-6,1,56,135,69.22,43.94,72.75,20,-44,73,22.68,-45,102,22.49,15.31,-38,-13,32,73
31.75,1,-34,52.26,35,136,128,-24,-9,17,33.9,33.08,37,128,134,-10,38.85,52,44,68.21,13.67,73.58,-19.76,140,58,-50,106,8.44,52.08,66.62,60,36,-12.78,-3.32,-1,-2.28,-31,-7,81,27.5
70.51,30.5,17.4,36,55.35,-10,7.2,8.6,9.48,72,125,-23,72,121,65,-6.98,-8.33,15,18,40.32,130,123,126,-44,62.61,-50,69.1,21.81,111,50,40.3,-16,25,139,-35,105,-0.92,-10,-4.9,78
31.77,-37,80,74.46,81,124,5.63,5,54.02,43,-6.86,55.53,-49,110,-3.36,-22,92,-19,-20.93,-5.62,52,42.08,76,146,25.66,53.08,64,62.12,106,15.76,20,44,8.07,105,4.86,-21,-38,129,114,27
17.97,35,20.85,-46,-18.36,15,-18.16,-50,54,9.37,-24.25,27,53,15.83,65,107,15.12,10.64,19.46,25.29,44.57,38,73.52,-5,64,4,33.72,60,97,90,10.86,102,73.05,108,-17,112,62.94,-5.67,68,-42
88,68.1,120,47.59,-49,47.17,58,20,-7,-8.5,34,102,-21.9,-35,81,32,74.01,80,55.71,-35,-29,33.55,32,110,2,30,-18,-21,77,53.4,31,34,13.42,30,-15.57,-44,47.04,127,38.46,53
17,120,6,75,-27,2,117,118,73.41,29,48.2,126,22.64,44.57,21.61,15.54,-0.78,-21,23.04,49,17,-32,76,29.71,-22.05,13,16,36.69,36.79,79,1.54,-13.62,17,4.94,3.48,144,52.82,27.12,122,54
-33,36,-3,143,52,25.5,21.78,32,74,4,-21,-28,-9,17.55,49,9.57,-18.68,66,70,44.6,147,35.48,26.32,28,51,144,33.14,43.01,-29,83,-6,-4,129,14,57.81,1,40.68,-16,74.51,79
51,24,6.69,-19.44,115,80,8.25,-22.56,67.8,27,5,52,96,-40,119,45.54,36.68,52.59,53.14,140,23.78,11.87,123,-1,61,-25,69.01,6,57.12,134,61,42.68,60.18,-13,0.49,45.53,105,17.33,47,-14.46
-43,32,-15.13,-23.02,143,139,69.63,64,64,-9.83,46,113,16.51,55,117,27.98,-48,89,0.81,-14,-18.78,56.56,-19.59,-20.16,0.31,29.27,-5,14.76,41,-24,2,-0.21,125,-11.6,120,32.17,-12,56.18,116,18
-11,19.58,-5,80,-11,65.54,-28,-24.1,14.13,101,49,34,33.54,-24.5,86,-24,46.94,66.04,48,11,4.87,27.57,21,139,65.39,25,18,-24.89,38.32,41.8,-37,59.88,-14.69,0.78,134,128,133,99,-6,61
-13.04,10.27,-10.1,-32,40.35,58.2,49,126,143,-32,53.13,-36,24.68,-6,30,29.9,32.96,143,13.14,109,25.12,145,64.06,63,-3.82,11.7,28,37,-9.53,-17,4.17,74,34.45,-21.24,131,106,105,15,126,101
27.98,13.09,28,16.06,59,21.83,-3,109,15,32.89,46,26.71,52.28,141,-9,14.03,33.46,94,31,74.64,51,106,13.09,48,-6.29,36,142,-16.2,117,26,121,142,-11.54,50,40,138,22,18.09,-3,41
5.3,2.28,-3.26,11.49,16,32,-46,78,73.14,-9.19,-0.15,0,8,89,80,-35,43,147,-18.57,-41,18.61,51.33,3,-21.19,-10,55.41,131,142,59.07,142,12,34,71,12.8,-2.07,91,137,1.49,25,28.84
66.85,69.5,-21.51,-19,-8.47,-9.37,34.81,37.66,44,46.91,31.17,92,-12.83,26,-20.11,128,36,144,10.56,21.71,-43,85,115,31,64,40,43.24,53.04,94,-23,54,11.03,19,40.85,-19.57,4.39,41,141,90,92
51.23,35.79,-29,96,138,21,61.41,5,12.57,127,45.89,-7.51,50.65,25,119,-18.11,-10.13,-17.96,79,48,13.67,-14.08,-7.72,5,33,142,16.81,137,23.72,17,104,148,-5.12,65,73.11,47.31,45,41.53,-33,-18
66.84,-3.12,40,9.47,40.45,131,-29,90,33,-23.57,-17.89,41.43,19.58,54.22,13,120,-19,87,139,78,-2.74,-14.86,-8.88,61.21,12.75,41,138,90,-5.84,-15,-12,56.31,-5,-1,119,89,139,97,10,44.13
-20.66,15,15.86,23.86,-22,-27,48.29,91,79,39.36,66,66.5,104,36,63.4,-2,124,-41,-26,61.54,142,-41,-12,147,36,-20.4,13,51.3,39.08,-38,57.3,148,127,35.86,-46,-8,52,19,-45,73.77
-4.47,54.85,-8.85,126,-6,132,113,65.57,2,56,71.31,-50,103,135,17.36,31,140,116,63.13,69.2,45.33,49.9,26.72,-47,3.67,-9.37,51.96,67,-1.72,-4,128,86,-9,88,123,8,48.4,-4.8,14.44,34.37
78,0,-9.8,-23.76,56,44.77,34.95,-15.48,146,48.68,20,24.37,-49,32.47,63.44,0,116,58.92,138,108,41,42.86,19.42,32.17,-5.35,96,-7.17,-18,69,54,1,88,68,-24,-50,12.74,43,27,23.27,4.02
95,-22,-6.89,10.65,-19,-46,69,53.39,-38,15,61,93,103,3.9,135,-19.45,40.27,138,61,-31,34.08,75,26.6,-21,97,82,8.04,-21.12,48.86,67,64.1,137,4,101,-37,25,72.29,-39,24,59.38
34.67,70.79,38.79,40.59,148,140,-19.53,40.73,68.29,148,34,-19,133,15.43,75,48,-49,60.27,50.86,-34,54.15,82,41.7,93,-15.86,49.65,40,-37,115,-20.99,140,144,35.7,-23,7.93,-15.38,60,85,-37,60.39
-25,-2.33,-20.33,46,33,54.11,52.37,116,130,54.75,39,-44,32.81,7,18.19,64.27,71,79,16.82,58,13,-22,-22.28,53,-33,42.02,92,33.19,144,94,78,-22,56.74,-19.44,121,-12.27,54.97,82,-14.76,-15
142,7,-27,43,1,56,138,57,17,69,40.42,-50,127,-4.07,59.24,-15.68,-39,61.5,15,107,-35,57,38.85,128,8,66.95,126,91,7,80,7,54.89,-13.37,131,40,123,98,57,68,56.81
-50,53,128,0,35.95,69,43.84,18,91,46,54.96,-48,0.44,-8.31,37,6,51,2,24.95,-24.13,-22.37,13,18,129,25.63,-21,11,19.87,61.6,47.19,22.25,102,41,47.61,10,45,52,-22,60.45,128
-5.87,95,101,-28,-30,97,-5.35,104,-30,-25,-19,38,59,14,108,79,61.32,116,13.24,140,-27,57.33,66.47,30,-16,62,43,29.57,59.93,54,17.71,-28,55,125,87,149,10.75,50.68,49.5,57
-47,122,94,-21,81,111,52.57,-24,140,10,-0.13,28.86,33,115,145,-26,21,-49,-40,66,54.62,-17.09,14.18,43.24,137,34.77,20.49,-11.08,124,62.45,-19.06,66,45.47,137,-23.31,-20,73.3,131,114,35.04
15.78,12.44,-21,68,39.62,69,31.05,32.84,86,10,70.92,41.03,68.51,132,-17.04,4.24,50.33,124,-1.82,39.92,67,47,62.69,43,20.68,17.86,39.92,119,73.22,-23,12,84,3,-9,-48,63.17,-22,148,-18,88
0.1,-13,20.14,-14.6,-29,129,-9.61,131,45.01,12.84,131,132,20,79,-14,112,48,-19.34,61,-19,-2.47,103,109,39.1,3.7,54,41,14,13.66,-47,51,27.34,138,96,142,2,-20.55,131,-5,33
78,70.82,90,140,125,70,80,145,16,-17,5,-36,45,-23,137,86,2.11,79,29.19,26.62,50.59,123,21.41,71.36,37,22.49,49.56,60.95,50,130,129,-9.06,101,2,-4,-15.83,71,7,38.14,45
37,-6,-23.57,-23.17,51.15,-19.19,6.66,18,6.87,-25,58.6,127,37.21,75,25,139,16,-7,-0.19,13,-1,68,7,63,-7.54,9,40,75,54.98,53.37,99,-27,-1.61,-0.35,-36,102,-1,4,-14.06,-16
-2.76,-3.07,146,30.3,51,15.55,32.67,123,30.06,126,69.48,71.59,58,72.97,10.6,50,46.15,7,109,63,22.98,-24,27.01,32.06,38.04,89,-33,121,42.45,37,39,144,111,48.96,-14,55.53,74.19,-21,-2.54,-18
-46,44,45.55,90,88,128,87,128,69,1.99,1,1,-14,-39,56,11,-23.81,-15.53,20,7.07,117,-11,17,1.79,-7.43,116,74.45,97,51.35,28,8,9.56,-11,12,-4.48,-20,101,-37,-23.6,15.11
69,4.64,71.6,-16,33.36,43.28,48.68,-6.45,43.1,66,91,-34,82,30,122,55,27.77,39,11.04,-19.13,19.15,64,83,135,51.47,-12.06,-10.79,-36,-9,142,91,140,28,-22,-21,31.76,111,134,-32,36.66
92,-0.2,72.36,6.4,9.14,61.5,-16,26.06,139,-30,12,-8,-19.2,65,-20.84,29.06,12.87,103,46.38,55,109,-40,27.37,37,47.99,116,7,48,5,-29,49,65.39,-45,69.59,70.4,42,36,21.82,-15,-15
19.14,72.92,-2,4.29,-10.76,72.36,74,8.1,-17,129,73.28,108,146,40,56.33,84,110,56,115,62,38.93,-1.18,-50,-23.9,15,36.44,69.87,-41,-27,88,-21.21,-18.17,107,-12.24,20,27.47,41,-1.48,131,74.87
-31,17.07,128,-20,66,66.07,-16.27,12,87,-48,56,107,52.78,13.97,35.96,-24.76,-25,-9.78,135,54,148,-45,38.82,0.89,41.96,90,65.37,-28,38.6,23,130,68.34,-28,16.79,68.71,-2.61,-34,53.59,32,119
-4.88,55,48,9.11,-23,-17.13,113,13,38,-10,134,92,20.36,44,31.56,-16.02,4,18,-6.54,43,10,27.05,25.89,83,108,106,66.07,18,32,132,1,133,40.63,101,109,126,52.32,37.46,113,68.92
47,-43,49.6,3,-46,12,15.02,38.52,33.43,20.12,-27,25.87,3.8,30,-23.87,-0.26,5,-36,87,140,26,106,4.95,19,37.27,-2.82,-37,109,-19,12.22,26,64.99,115,90,118,14,10.45,23.34,34.65,72.31
16.1,105,-21,51.72,9.17,6.47,-15.82,68,65,1.73,-3,34,-5,18,4,51,30.2,28.57,120,59.98,110,-8,6,-27,46,73.69,55.07,30.96,23,-24.24,41,1.79,13,13.65,4,133,10.74,4,22,19.06
4.2,-3,64,128,70.31,84,70,-1.34,53.71,-20.78,148,18.71,-16.4,13.97,33.76,41.57,-16,-16,31.69,-10.99,70,133,29.94,41,54.15,58.09,46.89,6,119,23.1,110,53.65,63,39.84,26.7,37.69,94,8.75,30,110
26.33,55,60,73.31,-1.29,-36,30.1,-21,-26,45.42,28.21,33.13,134,91,30,40,9,56,-5.35,62.7,148,-0.67,142,103,62,83,19.72,10,66,-3.55,81,142,145,27.57,44,16,53.92,49,149,57
83,3,49.67,6,80,53.74,1,-49,9.9,47,-22.48,16.51,126,34.84,-28,32.57,-2,-19,2,92,136,107,-18,28.26,50,45.32,-45,34.85,51.55,140,106,72,26.47,120,16.97,9.57,-21.12,46.45,28.43,73
63.58,87,68.44,19.52,-24.85,-37,62,25.01,147,33,17.4,-24,-9,131,-31,59.24,-39,18.22,-18,-10,-13.24,63.92,113,5,91,123,52.03,-12,-18.86,28,-23.87,28.89,69.17,-22,54.46,106,76,-44,-18,117
-21,-48,114,9,-22,-11,74.58,38.47,108,42.26,29.79,87,26.1,37.49,50.01,121,-16.35,119,-47,30.63,129,130,58,108,98,54,-30,-49,44.39,133,50.03,6.48,5.89,84,-38,14.72,-12,60.58,-44,40
30,57,82,112,-23,29,-5.85,142,-4.37,60,101,120,60.06,1,2,-10.49,108,-22,68.48,-25,-10.7,10.74,57,109,86,66.52,29.67,138,59,52,138,-6,-20,118,74,35.4,-30,18.28,-24.21,105
145,-10.58,130,34,-34,61.17,86,146,-20.27,18,68.96,6.58,1.54,37.4,116,55.72,27.99,40,49.51,26,-24,13,65,105,1.35,19.37,25.3,45.84,2.07,-20.3,69.11,102,39,71.97,-4.81,-5,105,35,71,-45
-18.39,0,40,9,73.17,-10.27,87,119,84,-13.7,-25,71.21,19.09,21,16,-6.39,32.84,39.55,114,68.67,75,55,123,131,1,14.93,65,13,21.14,-6.18,1.84,53,-22.14,14,71.27,-14,-19,71.25,60,33
66.24,9.75,73,5,-20.22,11.59,37,-13,55,32,93,98,14.27,38,13.64,19.47,-11.14,56.99,-13,42,25.84,33,2.24,-5.61,26.59,86,-49,68.68,46,35,117,-24.29,2,79,54.43,-1,47.53,-42,59.16,-10.29
46.62,46,66,-13.35,115,43.6,122,44,145,40,0,64,0,74,73.96,14,69,122,1,113,32.04,136,7.46,62,95,95,100,-40,65,124,12.11,99,70.76,-4,37.77,116,-1,-30,72.45,21.14
69,64.97,74.15,-14.06,107,57.24,71.32,2.19,12,125,20,-10.3,138,3.16,14,30,64,106,-1,21.04,-4,68.37,-17.3,57,-13,-3.59,-38,10.96,-16.21,-37,57,-29,49,-14.75,68,58,124,57,14,-20
18,-50,-40,97,9,49.29,87,109,-42,35,72,70.47,71,52.04,127,45.09,34.19,30,113,-0.53,-18.19,60,3,132,100,-46,49.85,-4.48,147,42.65,127,18,-16.97,113,-48,30.75,44.11,62.24,44.09,-16.11
80,131,119,68,40.77,-42,-36,139,86,124,-48,80,93,14.2,25.19,38,-20,33.75,12.49,33.71,41.98,119,-41,38,99,31,56.82,-33,43,35.5,-50,87,46.06,88,131,24.87,43,121,93,-4.6
1.89,73.57,10,145,129,146,-11,61,-50,33,16,61.14,71.17,71,68.43,121,83,87,45,73.11,134,32.15,4,-27,147,23,73,58,18,14,96,-25,37.18,-24.89,31,-7,36.34,-20.79,38,42
65.27,58.91,110,64,62,64,149,21.27,12,-1.96,-41,56.35,73.46,42.07,66,-18.05,-16,147,-26,41,-21,25.82,4,-19.48,13.69,0.31,90,27,32.42,67,47,58,31,8,28.01,39,40.13,100,43.49,6.02
19.93,17.85,-4.74,14.91,-3,-0.52,28.12,-23.75,-23.65,78,37,-10,18.12,-22.11,57,27.81,-19,139,25,-49,5,62,29,31.97,-26,39.49,-16,140,-3.7,135,90,99,133,140,-3.16,-24.98,67,-48,-50,41.93
24.18,69,10,141,-23.96,29.64,106,74,60,83,58.95,148,70.79,1.16,73,36,24.66,67.95,141,-6.1,38.57,84,41.79,-34,48,47.56,50.79,-36,19.69,-7,-5,38.05,103,2.21,40.69,50,58,89,20.68,-42
111,-4.01,97,110,8.24,112,18.36,-45,27,51,31,149,70,102,138,16,141,126,136,34,29,47,14.54,12,130,104,42.51,60,145,61.43,20,68,29.71,36.92,20.68,-35,124,53.72,71,89
31.68,47,6,141,-16,56,130,38,-37,48.03,-12.84,-3,90,104,19.11,18.95,74.1,62,31,-2.31,71.84,40.01,97,41.54,2,93,-23,72.97,82,145,60.11,14.23,5,56.38,66,25,1.19,56,1,17.18
54,-9.64,9.66,139,69.62,-4.87,41,-1,50.14,60.74,139,146,-0.74,97,61,62,71,111,133,-3.68,50,21,133,50,-7,30.39,22,5.62,-35,75,-4,61.89,-25,130,73.76,54.32,-46,116,112,-47
47.82,140,-46,-3,28,129,26.58,4.57,60,125,72.7,37.15,31.94,-25,-18.65,121,56.77,6.64,30.28,-14.42,-39,51,132,19,-41,51,127,81,-27,35.73,43.15,-1.13,62,46.28,-9,-22.73,6,36.05,-42,89
-9.61,99,5,40.58,12.5,-6,129,65.11,36,21.56,142,31.45,56.38,49.97,140,31.05,57,16.35,38.34,9,-15.42,12.58,139,12,62,-45,-16,-9.06,79,39,116,5,-32,-22,51,105,48.95,4,21.87,87
93,24,75,73.4,66,14,-6.56,31.59,134,-17.5,64.5,-29,97,125,74.76,-26,65.71,65.3,-15,-47,-9.57,103,39,104,147,126,16,-10.91,75,42,38.57,11.37,98,53,-49,-4,54,6,-42,15.5
126,146,100,-38,96,41.93,49,25,6.58,-13,-13.44,50.33,17,146,33.15,-14,-13.31,46,40.14,-8.66,-50,26.33,56,-7,-33,20,-44,71.88,72.4,-20,26,58.34,139,-49,-21,-25,40.92,64.02,20,11
132,-47,132,28,-18,48.23,6,56.17,14.84,13.82,47,17,-13,84,42,-15.5,74.07,30.44,62.22,37,-23.73,21,50.77,9.76,-36,20.41,6.97,67,142,-5,42,25.9,-24,-40,54.93,62,44,-33,72.32,6
23.06,-3,2,103,-24.68,49.99,80,5.77,92,-11.54,145,22,-6.67,-23,124,3.92,-5,60,26.36,64.65,49,12.56,74.05,124,-1,8.5,-18.3,24.35,6,146,6,-24.98,-18.96,66,-22.05,40.48,66,-3,133,70
10,-0.02,117,-27,50,56.39,-4.37,11.22,44.05,96,86,3.74,-22,15.01,60,-36,64.14,-22,8.34,46,-6.33,-4.27,45,44.88,57.89,29.11,88,22,101,27,50.65,54,-22.02,60.83,-23,51.43,87,73.97,43,51.88
65.65,-42,33,62.98,-26,51.63,13,8,27,-1.89,68,103,68.58,133,61.4,47.66,61.41,0.32,40.27,1.1,58.25,-1,7.75,-36,46,-9.15,108,-48,17,24,-44,38.41,126,-3,145,-33,-4,142,133,87
68,145,71,-36,-35,-24,25,37.47,36,-6.16,17.63,-3,83,-47,30.76,13.58,111,59.94,58.75,10,41,136,5.97,25,88,-16.67,59,-3,-28,35,-17,101,136,-34,146,9,72.25,17.48,66.3,-6
13.73,19.98,-19,26,138,79,146,63.38,68.84,73,63.87,12.14,96,-7.36,35,1,-18.49,46.96,33,65,55.85,12,-26,136,65.27,-8,66,76,61.18,-15,21.23,67,-17.53,54.01,90,74.73,-24.48,15,31,-13.66
-40,41,114,-50,68,35,39.37,9.45,-18,134,-30,81,-38,-9.11,-19.42,-9.36,-45,85,-10,83,-14,112,-34,109,55,5.9,69.58,107,77,69,-41,51,-14.4,102,-41,39,123,46.17,56.9,64
73.4,104,-47,-8,0,21,14.94,-28,26,32,55.97,-11.74,-15,69.69,47,3,32,37,107,16.66,-22.48,104,43.4,-21.82,-34,136,-28,120,129,104,3.55,-39,-23,128,-18.19,39.84,-16.79,73,33.14,135
-47,33,41,33,32,51,-8.51,76,-24.24,66.13,-50,43.49,55,-17.16,130,39.08,-2.24,-5,143,87,-36,82,56,68,55,60.4,-7.12,62,62,36,-23.27,35,40.21,112,-18,43.37,15,86,59.74,-38
139,13.04,54,113,-4.74,57,86,-13.64,13,25,96,61.68,72.58,-25,-9.13,-12.56,91,10,19.65,66.17,43,38.41,23,119,-49,102,63,46.59,102,39,6.32,68,4,47.34,134,26,56.47,25.16,-38,0.66
20.54,-24,92,-34,46.97,89,64,97,-13.41,-45,43,30,61.81,-7.66,125,24.38,-36,41,40.65,-2,12,6.09,55,93,16.77,25,-39,48.35,113,-42,7,38.36,16,-24.51,109,-24.85,136,24.25,86,78
92,62.44,46.8,134,14.7,67.21,-21.08,4.21,60,96,86,83,61,39.07,27.21,140,64.89,-37,-7.11,31.88,31.14,-22.53,-3.56,78,2.17,70.6,70.14,-12,100,-5,24.51,92,77,72.44,-28,-14,-6,52.98,-31,20
47.53,-14.64,50,3.05,77,133,52,-16.93,-14,-13.05,40,57.8,126,111,23.09,81,-18.8,54.7,121,62.22,35,62.97,130,30,-12.27,130,22.66,-11.22,97,5.38,45,60.43,4,-43,5,-10.15,-2.56,45.58,133,107
-40,-50,-12.18,31.6,24.4,-0.86,119,6,-7.57,-19,-36,5.96,59,45,-27,-17.04,-9,19.23,128,44.44,-9.39,-10,18.44,33.6,34.96,44.27,54.7,105,133,38.14,5,61,67.14,-17.98,139,133,-30,99,25,-20.93
57,99,25.28,29,-48,44,-23.19,54,113,0,-12,105,126,35.66,-17,-14.05,-33,9.84,84,-50,18,7.07,109,38.55,44.53,-1,60,149,60.75,17,9,136,146,-14.88,42.59,-28,62,-2.14,9.49,-31
134,-7.44,-3.94,11,27,9.31,54.49,17,-30,61.95,97,138,-11.88,-45,25.29,2,2,26.87,82,29,21,-5.97,-1.09,-6.89,97,35.14,3.8,-19,98,74.98,6,106,116,82,62.61,121,120,69.27,27,46.35
-35,33,78,-34,124,21.05,83,91,-7,-11,112,-47,50.46,87,25,97,-9,43,9.76,49.78,-6.4,-48,-43,38.92,-49,11,109,22.96,2.23,128,37.08,49.52,43,70,37,-1,-43,-16.48,-26,39
-21.62,1.26,67.71,6.11,9,-10,58,3.27,14,55.12,45,125,11.37,-23,132,-16.84,139,127,5,19,43,-2,96,110,-11.62,146,12,-1.44,62.54,147,33,98,25.08,70.38,11.33,-43,11.11,116,30,36
42.41,43.31,10.35,47.32,36,14.35,-25,62,41.31,24,79,31.83,65,-26,27.47,112,38,27.31,50,-2.54,126,44.3,54.13,133,67.03,11,-23,126,77,-9,64.2,-42,-50,66.96,47,64,13.67,73.43,-38,59.44
39,-48,-18.89,134,18,22.63,-48,122,43,138,65.96,-42,45.7,50.6,64,108,56,-6,14,61.37,97,70.83,92,139,91,-23.35,36.73,142,3.55,9,62.63,66.64,-19.98,35.48,102,-24,-12.94,60,44,121
61.04,143,3.53,-23,121,45,78,-12,-19.18,-19.2,-20.25,73,104,40,43,-2,94,-15,99,21,-47,121,11.46,-25,14.79,112,69.9,-9.6,36.57,21.53,41.36,19.38,29.7,-9,49.07,105,45.65,14,54.26,-24
23.34,112,-34,80,146,-4.89,52,144,51.1,-22.5,14.69,44.58,-50,12.28,-0.94,66,-0.13,148,-19,49.67,36.37,144,-19,16,32.38,56.28,-6,116,67,-33,47,35.89,-42,88,35.86,61,3.26,30,-22,134
55.03,117,8.1,-43,98,-11.03,20.2,22.28,62,30.15,22,30,-28,107,-28,8.05,39.07,62.55,141,-1,113,149,-3,8.24,118,44.98,112,-7,-5.59,43.04,62.84,-9,16,56,74,-4,56.84,3.09,10,-26
2,8,-23,38,45.58,143,149,28,117,6,50.54,70,111,45,47.94,-47,20.67,41,86,56.06,37,-50,71,23.98,-8,-6,143,-8.31,0.45,-14,-49,-26,13.33,61.21,23.62,117,-1.39,60.33,26.99,34
-32,67.56,73,5,135,85,59,35.78,50,-14.04,131,59.11,127,108,-16.63,9.03,56,40.33,28.07,-13.48,66.88,68.14,2,86,-21,62,36.18,-2.46,88,39,60,53,14.18,-20,26.18,-0.89,-13,60,82,137
77,135,53.65,33.86,98,-1,-16.33,-10,95,59.94,30.34,83,93,19,38,23.37,42,47.82,-1.41,119,72.66,-13,37,-8,87,62.72,6.28,-22.98,104,16.14,-30,40,5.05,59,-34,39.84,68.26,-11,-48,-41
-13,67.93,23.03,-1,-31,-11.12,73,-21.79,28,66.23,26.01,96,27.61,-10,99,69.46,102,86,37.82,137,74,-44,30,35,0.62,79,61,-46,-31,105,7.21,-8.72,12.7,67.74,67.12,65.04,24.65,85,11,-45
53.35,-20.71,38,-33,139,10,24.59,1.98,11.56,1.88,-40,117,37,132,27.8,116,48,-22,-45,13.19,73.27,16.06,88,-21,121,31,45,11,1.36,3,-16.59,136,134,64,1.6,145,60,11.24,38,-2
51.79,-10,77,-40,-14,123,67.23,27,43,62,-6.49,129,3,147,75,146,133,26.2,33,-6.99,18,-31,42,74.6,68.36,66.37,31.94,56.29,63.46,-17.99,-15.91,57,122,4,38,-2,-11.2,2.63,83,23.79
134,52,115,-9.34,29,43.78,83,7.98,6.26,136,31.48,-21.57,33.06,54,14.22,24,31,1,59,106,59,-1.84,-13.07,-0.35,-16,-1,-41,16,115,-33,16.54,-15,1,3,117,16.21,-12,-5.65,32.11,144
7.33,-28,-0.1,82,-40,52,-8.38,-41,71,-40,88,13.1,59.14,73.61,18.72,56.64,51,45.72,-31,117,38.98,48,47.26,-25,-50,146,-6,-46,36.1,42,74.21,-22.2,39,147,-39,-25,25,110,99,13
102,41,-20.34,-2,19.4,7.94,33,-6.84,-2.9,-4,144,-3.83,33.82,51.04,-16.64,138,-29,47,58.56,1.43,41.24,25.88,50.01,47.46,-16,137,-8,14.99,27,52,19.35,68.39,47,-20.12,71,85,55,41.22,56.22,35
34.02,17.91,0,1.5,102,-29,17,-12.07,19.58,-11.33,-7.11,59,29,-36,78,39,129,117,68.57,21.01,93,36.67,67,34,108,-0.36,-48,21.61,62,100,-4.81,27,-33,45,90,107,62,37.57,-23.62,49.84
133,125,50,-17.69,-2.77,-19,64.61,113,-34,73.6,54,46,3.18,-9.08,52.63,15,58.78,120,-14.35,-16,7.21,24,50,-13,-8.1,30.87,71,48.79,10.75,31.6,36,-29,-38,43.53,61,116,145,45.73,123,25.32
-0.95,145,22.96,49.1,48.09,-31,65.96,107,108,-45,-13.04,39,64.6,15.39,-40,59.69,68.74,40.76,-20.68,-19,20.95,122,-47,-20,12.97,-27,13,114,31,53.37,52.94,114,33.82,-47,23.01,-23,-13,-11.59,93,137
62.48,8.61,85,56,-11.59,116,-30,115,73.23,77,1.15,20.14,-41,66.19,24.77,-6.36,-17,-3.04,-2,143,50.18,146,-11.16,33.1,40.7,17.52,60,78,-15.71,59.22,4.63,69,47.21,-20.26,72,16.29,3,17.59,102,38
79,32,71,1,32.16,15.58,57,51,41,-5.64,139,-12,108,64,-22,35,-45,25,-23,-31,36.77,41.74,132,147,64.58,131,39,47.51,14,83,113,13,106,-21.96,147,-15,32,27,55,102
123,-43,37.86,-20.5,29.27,-20,-36,8.4,16,129,-39,10.75,-12,138,72,44.47,57,-2,5.3,-14,-33,14.75,-36,58.93,70,97,59.2,27,6.78,139,-2.08,58.81,128,67,-22,42,34,143,-15,60.29
148,12,-40,108,40.86,74,134,74,-20.31,-18.98,-17,30.45,37.83,131,4,138,102,143,70,-10.78,58,17.81,38.32,65,51,148,3,138,0.88,91,7.38,43.28,126,126,44.65,-38,102,61.62,19,-22
0.47,-8,-8.93,47.61,34.32,111,137,-27,13,-14.04,140,66.51,30.14,46.32,24,98,42,36.25,76,6,112,66,17.62,97,37.05,28,-21,128,21.92,52.67,57.99,11.91,43,-7.66,22.54,7.2,29.62,24,44,94
-32,42,-22.93,39,30,113,17.47,7,21.39,127,37,49.92,-2.43,-35,35.75,123,68.48,58.37,-7.29,-23,149,-18,-28,-7,125,10.22,22.36,71.6,59.2,54,72,27.39,39.32,-9.05,72,-15,25.08,-6.68,80,57
136,-40,-24,9.56,36.03,31,140,-1,140,134,-15,32.56,-24.52,-9.85,-15,-15.15,85,62,74.35,69,86,71.21,12.58,65,90,-43,10.74,55.65,32,-43,40.7,11,15.63,35,-1.26,-31,68,6.55,25,74.11
128,60,47,18,120,-17,-45,76,119,44.55,73.05,42.83,-21.9,52.84,72.21,45,83,31.84,-29,14.8,7.38,148,-13.71,47,30,-14.27,-21.29,37.53,62.38,8.35,4.23,-19,-8,-28,35,60.67,133,26.99,105,126
16,40.51,24.52,36,19,64,-15.93,91,7,20,67.59,108,136,133,60,-4.35,69.38,145,114,12.07,-9.78,69,30.94,30.8,24.21,16.16,29,4,77,109,125,126,53,69,-1,49,4.46,-37,-25,28
-14,74,-5,-45,71.75,-20,-3,8.27,137,23,32,-5.73,25,87,28.02,10,72.23,115,11.9,38,62.38,57.7,120,145,-21,54,20,5.52,-16,42,33.75,99,19.98,67.48,18.33,39.37,18.12,68,140,9
46.69,-10.28,54.2,31.49,59,-14.07,4,106,105,32,129,16.13,46,47.55,16.1,49.55,15,22.55,122,-18.02,-9.96,137,68,57,2.43,43.58,-19.27,29.07,110,20,65.38,-16,116,57,65.64,-2.86,-45,-25,-13.94,21.18
-48,6,117,-33,35,77,-9,111,38,-36,67.13,-19.98,-47,38.51,47.83,25,92,115,61.64,-35,7.73,35.08,60,93,68.84,70.82,141,64.18,-21,13,33,42,11.58,-21,24.7,144,79,50.54,-18.55,64
-11.34,105,57.99,-3.28,-10.66,25.51,124,-32,3.09,98,44,74,112,123,130,115,93,54,126,42.74,-49,-4,-47,61,51,121,37,55,24.53,-19,146,-20,8,10,142,63.3,36,29,-41,58
41.09,3.07,112,44.61,-31,-14,41,75,33.97,48.63,145,-4.96,59.98,48.97,90,144,63.68,28.76,20,53,-36,78,4,89,104,77,17.88,-49,-27,32.96,45,107,4.22,51.32,6,109,92,77,66,-14
54,-0.94,41.3,2,15.37,-50,67,135,-15,138,38.7,25,56.6,-6,24,132,19,0.57,1,70,51.43,72.36,102,44.83,128,18,124,-1.04,1.79,47,9,-28,115,37,7,-23,29,17.32,133,41
73,60.73,15.91,37.45,146,113,-24,58.3,21,41.8,36,141,-14,-27,59,134,45.47,1.7,144,71,71.62,122,-50,32.09,58.14,64,-17.41,72.51,-17.2,125,71.16,3.4,22,144,65.28,20,60.84,59.07,32.24,-17
-23,-15.71,-11.28,142,-25,74,6,87,-8.29,141,67.21,-24,64.51,-16.93,50.81,119,2.69,123,7,-28,72,52.23,59,83,-30,44,-18.45,32,6.31,91,40,15.92,-10.94,-3.58,84,63.08,-20,36,23,-8
41.85,-30,38.77,95,32.69,15.38,50.84,87,-26,18,73,2,36.2,63.58,65,24.91,-24.03,-16.58,37.84,108,141,-33,114,127,70.49,-15,119,-28,103,74,48.08,124,17.98,70.97,27,80,70.59,-17.95,115,22.92
46.09,-21,2,65,37.27,18,90,6.15,63.34,101,81,71.65,49.58,139,-34,-1.11,44.98,1,82,73.35,-50,-27,10,115,60.52,5,67,-28,73.56,63.58,-49,37.27,114,131,12.1,-47,126,14.39,28.41,71
47.58,-22,30.19,69.1,-22.08,33.24,131,6.55,38,69.22,21.88,73.03,145,-48,56,54,-3.29,-18.08,16.85,51,-18.36,141,26.92,44.7,-11,12.73,21.07,49,123,37.25,-32,77,-12.98,40.56,54,70.05,58,126,51.68,-22
14.74,113,21.68,84,69,18.98,-2.3,36,93,28,44,-13,-23.15,69,54.37,14.94,62.4,24,9,0,3.49,14,15.49,77,57.92,-18,94,41.02,142,-3.09,-3,0,58,10.47,-48,67.09,58.55,34,-44,-44
-35,-6.33,-36,55.04,-20,2.36,79,107,-12.66,20.71,97,-15,82,58,29.57,146,126,87,15.96,83,41.07,56,109,-46,18,-9.8,3.12,-8,38.38,79,87,48.09,140,122,142,41,118,-25,25.92,90
-17,9.49,46.76,24,34.42,67.94,0.09,55,-47,48.63,48,-39,-6.11,-35,12,-32,143,5.27,141,8.17,100,125,62.38,48,48.2,-31,-3.2,68.9,23.49,138,45.32,75,45.65,53.17,59.96,135,54.47,-19,65.44,-49
-30,63,5.63,108,56,-18.07,-17,40,-9,9.14,111,62.37,62.74,-21.58,-25,-10.16,24.84,-30,145,118,-38,-32,-2,111,110,34.58,96,-7,105,-9.67,39,27.03,113,82,2,36.19,20,104,43.79,45.14
25,12.66,36,42.8,-24.75,-3,116,3,68,3,-40,24,79,17.63,72.87,-1.86,-21.46,7.03,-2,13.05,21.52,57.73,81,72.72,32,55.86,9,-5.49,50,57,29.46,-24.55,-37,92,119,-40,59.11,-24,116,7.72
-30,1.81,63,64.27,31,4,49,88,13.16,4,42,60.09,42,98,67.52,73.31,-16,81,-22.83,-32,3,-14.6,-20,26,96,15.6,12.55,77,141,21.27,-42,29,74,28,98,49.08,-30,-8.91,108,124
116,70,127,57.6,6,28,16,-6,0,37.2,67.78,-24,19,113,42,21.05,50,10,119,63.97,76,6,12,27.1,-21,10.85,63.26,-7.41,39.35,55.12,95,-16,124,45.94,16.51,60.68,59.03,70.47,8.95,-4
37.51,4,-21,49,-15.57,-45,-11.39,71.23,117,68.32,55.4,-1.9,2.01,55,6.68,28.45,-13,34.07,32.58,3,-4.43,52,63.36,134,33.09,31.94,67.42,-18.99,119,24.9,61,20.64,70.88,26.59,63,3,-44,71.4,22.04,72.57
27,-11.16,149,7,26.12,8.45,-20,131,128,-16,-18.77,74,74,69,79,35,53.85,64,116,9,-16,123,-19,119,49,41.75,62.31,-3.79,23.23,16.46,-1,-42,-5,-3.83,-48,-3,24.75,15,8,4.96
-49,-5.73,65.96,-19,5.71,52.16,44.3,7.31,-25,70,79,14,27.77,-23.17,36.33,-41,-12.53,95,14.22,-5.53,32.1,-13,-19.51,71.89,-7,49.08,42,-1,40.63,111,79,21,11.47,-13,101,47.97,16,9.78,-14,146
59,13,132,42,-17,25,75,3,-37,38.79,51.72,141,117,-21.4,-11.42,74.44,-20,27.23,-3.76,33,8,-2.45,-2.37,43.02,29,-5,134,-19,14.92,34.89,17.67,-17.12,-22,-38,65.9,56.73,4,118,-32,37.82
59.05,-1.41,86,-33,17,18.81,117,-15,8.67,91,-44,82,99,75,16.74,4,28.78,40,35.68,-35,71.32,60,40,17.89,107,143,6.38,18.25,38,61,66.86,15.52,108,80,61,15.49,52.97,20.59,-24.15,34.29
-2,-39,-24,44,125,13.5,56.55,-32,34,14.29,-4,42.57,-9,-25,-24.74,147,26,66.42,-1,96,142,50,60,60,-39,20.83,57.25,68.77,9,-13.19,106,-24,68.07,-20.07,88,32,123,21,15.07,11
83,45.91,-47,42,88,23.06,64.75,-12.5,-44,-20.19,37.61,0,-46,140,-3,-1,15.71,72,-19,16,80,-9,-20.86,-29,12,14.89,29.92,65,19,4,38.67,11,22.25,-26,139,127,84,3.9,16,-23.5
46.83,45.05,-36,64,-37,29.28,56.73,9.21,-20.14,18,65.25,-24,-22.51,2,31,35.26,48.58,-46,-35,120,-24,35.02,60.78,-22.12,2.68,7.53,69,76,14.89,3,74,135,-41,68.67,7,16.01,7.89,-21.93,10,62.23
59,10,14.37,13,-18.56,11.78,32.26,71,39.08,68.79,72.72,38,105,-21.26,-24.41,-6.64,127,61,16.11,-11.37,38,34,35,45.08,50,32.89,55,-16,48.24,-22,8.31,-38,71,89,75,123,-12.39,21,-50,69
73.89,6.8,10.15,120,-10.04,69.73,6,-48,-20.68,91,-23,76,-50,63.91,10.19,3.23,-45,81,70,20.63,-8,50,-4.91,21,-8.29,74.74,31,-30,109,98,-19,-31,7.09,21,81,44,-22.99,47.59,28.18,76
-38,96,-9.88,146,94,54.69,146,72,86,4.92,145,-2,117,-15.94,45,111,60.69,53.14,9,104,127,55.97,80,-1,43.9,110,64.54,-23,-11,90,91,5.07,66.74,-21.74,42.86,-16,37.51,-0.21,103,69
44,-50,-14.82,52,63.13,20,145,22,91,73.86,47.81,57,144,69,53,44.11,29,49.1,22,40,114,-25,117,23.92,44.68,-15.22,62,93,112,41,-47,32.28,59.66,57.68,64.91,106,15.3,-5.51,48.62,146
37,11,-13,54.35,86,48,92,28.3,-43,26,20.05,-21.1,-16,12.02,149,149,-10.58,-11,-20.79,31.4,69.68,-14,13.89,40.61,120,-16,6,42.03,73.17,-31,57.35,48,65.63,-7.06,103,-10.29,19,95,135,34.9
-24.72,13.56,-2.26,-34,141,41.7,9.15,-17,140,123,-13.74,24,106,-26,-16,19,20.05,-9.83,6.93,41,-48,45,55,144,41,54.34,-21.49,33.47,1.5,67.96,44,-8.94,49.65,77,54,-36,76,36.11,63.01,2
30,74,1.35,130,113,37,-15,1,33.27,128,107,-15.81,-45,100,84,62.26,48.83,135,64.57,-44,41.86,88,45.03,84,139,109,-24.95,28,44.04,46,25.13,-40,47,19,113,68,49.61,-12,-19,71
36.61,11,58,8.09,-23,114,38.67,142,131,-11,-45,39.4,119,56.48,10.6,74,133,-3,33,35,-1.64,51,63.92,46.12,-20,112,42.93,47.87,-48,60,71,26,106,14,144,8,35.7,29.03,41.47,130
32.03,-1.8,41.48,58.72,-12.37,40,87,90,-3.78,-40,54.86,-16.9,42,-22,-27,96,136,0.42,55.45,9.23,-5.57,-42,60,20,-28,28,-6,65.11,-21.65,14,52.73,38,-6,-2,-45,134,38.75,131,51,61
22.86,7,0,-32,67.26,114,-45,36.2,-24.72,-17.93,32,-2.67,34,31,-13.36,74,6.71,24.75,-41,47,-31,41,29,46.32,38.73,-9.7,-11,59.47,40.73,71.08,-16,15,82,37,58,18,9,-39,41.1,121
66.92,53,111,-16,27,11.94,-28,69.21,76,32.08,-5.98,17.25,82,124,46,76,0,15,13.59,-30,141,-31,73,19,28.98,58,-21,2,130,28,-13.05,120,52.07,21.91,121,71.39,-40,52.03,74.55,2
130,63,-11.09,-50,40,-19.89,-8.56,-1.07,27.99,140,-17.54,71,44,75,21,-9,0,60.86,104,115,75,62,50,9.8,52.8,25,69.93,-24.12,74,-42,117,-17,42.5,53.41,-7.89,50,46,115,5.47,29.67
140,7,115,94,67.62,43.75,-7,74.77,0,104,12,30.22,-31,-43,50.74,50.55,124,40.92,9,103,38,-49,-38,50,56.09,-40,140,17.83,34,-3.41,123,19.73,70,71.54,65,-0.47,-6.71,11,-28,68.65
60,-14,46.38,-14.5,49,8,27.6,-3.91,127,-18.17,25,39.5,40,44.12,-15,-49,37,9.18,124,-22,12.01,124,45,66.63,60,-23.12,-40,62,63.57,98,4.4,19,17,77,12,54.47,36.89,28.8,108,97
107,-29,6.23,61,14,9.05,41.07,35,13,4.9,90,53,111,22,98,-37,120,1.67,33,2.51,123,39,80,4,121,134,61.39,57,106,22.66,6,68,-24.66,-10,-21,121,34.21,2.68,7.35,-3.06
41,-28,48,52.86,117,11.01,60,-3.75,3,-38,-12.75,30,43,133,117,42.47,54.39,-7,-8,-18.29,24,-23,67,60.97,20,14,31.38,132,27.88,36.24,104,-8.97,46.1,137,127,39,35.55,123,-19,143
-34,-18.59,55,99,1,51,57.48,62.04,39,43.78,22.47,124,88,-21,-14.56,61.67,48.65,86,33.85,44,-19.67,48.2,48.39,18.18,71.19,-47,35.77,28,76,114,43.98,57.14,118,74.43,16,42.67,-25,-24.45,-10,124
120,148,62,-45,-49,104,6,34.09,-12.8,121,-6,56.93,-16.14,-23.43,10.01,-31,-28,38.42,8,14.32,25,79,80,49.57,19,66,107,145,70.32,31,-32,-14,61.61,-11.88,-42,-6.01,119,-13,-45,23
-25,-10.36,-11.04,-1.84,57,98,118,-36,12.89,67,39.93,-11,96,105,26,-5,83,110,92,46,-0.81,-11.36,65.95,-47,69.05,21.27,106,95,69,123,-30,145,126,1,57,38,12.43,62,3,121
-36,146,-17,58,-19.73,29.05,121,-48,40,114,69,48.13,3,21,33.76,8.83,14.68,-49,45.07,26.27,16.55,54,106,-46,0.69,111,-15,73.82,-5.58,118,58,62,-21.1,53,123,-45,-11,38,-0.66,-24.5
67.08,22,-38,17,42.64,-10.28,13.56,8.76,15.74,61.97,26,-15.17,122,3.05,-30,88,5.8,114,-12.21,133,-3,55,40.23,57.26,-25,47.6,21.01,38.04,61.54,-10,26,5,144,-24,16,-3,74.28,0,47,100
23.46,8.01,33,20.13,70.09,-8.3,-5,-32,94,41.31,-17.88,76,5,-5.95,74,-41,30,52.75,42,-34,49,106,91,34.04,55.95,59.11,68,-38,53.21,28,-2.54,-48,-46,73,117,-18,55.38,-19,13.48,45.03
30.26,-9.27,75,13,43.42,20.73,-33,48.48,71.33,-9,110,-2.41,100,50,-4,11.4,-36,53,37.38,-23,-34,9,3.52,138,58.03,47,63.49,1,-47,74.95,140,29.24,62.29,51.51,36.23,38.43,72.91,18.45,67,-39
-9.38,57,-46,-1,-44,-46,65.73,-47,124,70,-8,17.2,1.62,-23.68,22,-22,68,75,26.05,113,119,143,128,81,147,37.16,66.98,-48,62,33.4,22,-10.83,-10.58,-30,63.6,54,81,-24,32.46,9.61
57,14.1,9,13.71,-20,-45,44.03,-6,25.76,-14,74,117,10.12,39.8,42.68,14.44,99,117,47.09,-4.94,126,50.41,64,-14,40,55,22,17,56,4.39,-16,91,-12,-8.91,79,69,-9,79,102,-42
109,31,47,8.01,0.6,-29,0.03,5.12,38,21,73,51,106,-18,54.54,127,116,-20,52.81,33,10,142,-1,79,60.44,-14.82,-9,6,74.94,127,41.65,44.47,58,-24.01,130,50,65.89,-41,43,9.98
111,31,72.1,-32,42,5,24,20,113,6.4,72.72,5,-18.29,63,-13.97,-14,128,26,33,47,8.95,21,66,44,19.89,111,0,53.02,13.95,44,33,13,-17.95,49.68,32.23,-44,58,31.85,6,9
1,86,48.71,-8.2,8,37.82,-43,125,-36,15.59,147,-2,116,36.94,129,65.38,50.55,-36,32,34,67.13,-30,66,83,9,145,94,137,18.75,29.02,14,13,63.07,9,-17.07,88,-2,-41,-40,79
17.6,2.61,63,-19.66,23.55,58.21,37,-9,-10.45,88,53,38,49.84,-12,5,19.52,-36,73,51.22,56.44,62.53,-2,124,85,-9,-8,47.41,40.92,39,35,12,147,35,53,2.77,129,72,148,10,-2
92,67.24,62.14,89,27.4,5.06,106,-11.86,145,25.94,134,-19.3,122,110,-22.98,144,17,43.63,74.84,11,42,13.54,60,8,-14.47,18,7,2.37,-28,6,61.94,-43,51,132,115,106,76,-33,56,-12.88
85,67.29,-24,130,-31,-8.7,-13.58,63,6,110,20.27,70,49.4,37.76,-7.76,-4,-4,63.36,140,-10.14,62.43,32.12,130,48.29,-1.35,41,35,69.25,-20.51,66,1,72.79,9.75,112,74,1,139,38.18,73.81,-34
-39,-13.23,32,64.4,20.53,13.45,-22,-33,7,-3.51,125,140,-8,-25,30.02,84,25.98,-24.07,-48,147,10.45,67.1,-21,10,55.18,107,29,15.93,64.36,59,76,66,2.12,-17,-31,54.44,-1.01,57,30.07,57
6,-25,67.42,28.58,-43,106,-0.02,61,91,65,65.23,134,22.32,20,-3,45,149,66.09,119,82,9.44,31.65,28,54,28.96,60,74,-30,55.36,2,-8.61,45,40.05,63.56,108,8,49,-12,-28,-0.04
25.13,135,-1,57,-23,61,100,-5.13,52.8,-18.3,-17,50,49.48,31.22,1,62.37,129,-6.34,140,66,69,96,-47,-20.75,39.38,-8.35,121,1,118,61,72.1,74.88,35.47,47.58,52,141,77,145,-8.15,35
-7.03,-50,-13.59,74,27,14.62,7.83,32.71,-14,30,78,94,32,73,114,92,79,85,51.98,-8.71,-25,106,93,29,126,5.5,55,14,-34,28.26,141,141,133,30,103,51,-13,50,78,21.64
94,24.41,1,17.95,83,35.21,70.9,-43,-31,20.33,-2.13,97,125,46,136,28.38,42.93,-40,61.75,51.28,-3.83,-4.37,-11,31.68,50,61.45,68.13,-49,83,35.62,34,-45,47.96,115,-2,145,-49,110,61,-16.82
73.48,-16.03,-23.85,42,25.14,53,34,72.03,62,135,51.06,64.52,44,94,18,-16.81,15.21,71.2,8,-20,144,19.91,40.21,-14,8,-30,-10.86,-13,25.87,-4.38,88,-25,99,90,-14.95,12,-37,8,149,29
105,-19.57,4,17.69,-11,142,66,3,40.2,-7.3,113,-1,-39,110,74.03,2,-36,31,21.98,42.25,127,11,80,34,-21.63,55,95,32.33,-46,-32,68.99,-9,23.13,62.71,52.17,110,-33,-5,-1.9,72.26
136,7.09,19.44,44.69,81,-31,47.78,11.39,90,49.29,14.22,82,41,-5,142,65.3,64,10,50,83,-20.41,49.26,98,-6,143,27.5,-16,44.06,21.79,72.89,49,18,5,5.34,9.29,66,20.45,110,76,-20
-46,-20.99,54.26,35,-9.1,72,140,-19.43,-15.85,5,47.2,38,21.52,45.94,-29,9.26,110,13.86,63.08,-11.67,56,68.74,-5,87,88,7,31,149,-14,-8,119,-7.75,2.49,39.47,62.64,73.42,114,148,30,52
55,-9.31,49.54,-31,17,61.89,-43,1,33.87,-21,21,-42,97,-32,15.81,-48,5,-42,-28,75,-48,88,30,49.5,132,12,24.08,141,-19,110,11.06,-11.51,39.87,26,15,11.67,66,-20.39,14.61,58
-22,99,47,128,107,-16,52,91,-25,83,122,-36,-12.2,67.13,28.98,-20.16,-47,10,67,36.68,69.71,131,-35,76,105,54,57,136,28,149,116,-34,-40,-23.05,-0.21,18,50.14,5,4.13,23.88
117,-26,47,72.37,30.74,-48,-18.92,139,22.16,65.52,33,5.72,-10,114,135,80,-10,33.17,55.53,20,37.24,-2.02,92,-7,-50,32,44,122,-5.28,75,146,-4,11,132,121,-23,23.14,67,48.53,70
60.49,60.03,101,93,28.41,50.64,-1,130,84,136,33.59,119,39.89,51,132,81,-15.3,-9.77,28,-37,9,49.38,138,103,6.05,46.57,4,116,-7,-23.75,-41,24,6,5,-23.07,8,124,14,42.97,14.1
104,-18,43.94,-22.77,32.83,4,6.33,14.43,25.59,-47,111,16.37,62,62.14,41,25,148,78,7,18,-0.41,-21,-20.16,15,-13,107,-6.83,89,-37,-13.29,92,3.76,-3,-31,-15.81,-1.35,42.82,13.99,26,53.37
66,3.71,117,128,5.64,9,52.08,-43,-3.9,83,71.21,79,6,120,82,48.55,44.31,-48,-21,-29,43.04,-21.12,-21,45.61,2.85,97,-33,44,36.48,32.31,-47,105,-8,63.48,-29,38,-5,-20,147,7
103,42,74,132,60.32,66,113,147,53,59.37,46,19,39.46,6.42,-23.72,54.12,-0.02,132,-2.45,38.17,3.33,17.54,3,81,49,34.66,7,-50,3.74,-9.77,-22,-3.17,142,-2.02,-30,43,34.33,-9.63,85,36
15,-23.25,16,93,95,30.55,61,71.57,-18.17,-5.13,32.7,129,118,93,65.85,93,0,9.5,7.42,36,40.43,40.45,28.08,-4,34.48,112,12,-17.06,18.59,-48,36,9,-31,-21,112,26.94,128,40,55,-4.12
-12.22,58.45,131,21,72.11,30,59,149,-29,20.15,60,69.32,138,8,65.03,72,20.07,52,17,41,49.36,13,39.01,33,-13.99,57.65,26,46.17,58,63,-16.35,104,84,-38,-46,-12.62,16.27,46,39,24
-6.46,57.26,15.84,113,40,12.7,15.81,24,50.94,141,50,37.96,41.08,30.91,46.35,34,123,-10,95,10.19,88,68,-18,0.15,-19,77,71,15,57,50,6.28,0,71,56,90,68.84,34.68,69,126,4
25,6,10,4,66,63.67,1.71,39,55,126,-17,0.72,40.69,98,35,28,69,83,25,-32,83,52.16,122,-33,-17.32,85,-14.6,124,13.39,55,74.63,76,-24.84,-27,144,12.31,137,-36,30.54,35.8
139,22,0,40.75,69.99,41,20,120,117,82,-12,53.76,-0.81,137,112,-20,24,-29,40.05,64.22,-16.84,17,74.19,22.56,140,-9,26.07,147,-25,29.6,58,76,67.89,65,28,-14,88,-42,41.02,-12.12
2,1,18.56,66.57,30,128,-4.27,67,-37,39,21.73,31,136,21.82,0,69.89,27.28,-14.24,-9.01,37.18,-25,-12.06,129,66.52,-4.14,-31,56,61,-16.27,35.82,131,11,70,57,-44,73.11,73,-4.99,6.03,-2.41
44,137,14.26,37.19,104,-24.5,102,146,12,3,3.02,68.76,61,-18,121,33.64,31.03,78,-4,45.99,25.26,7.16,-2,16.54,103,20.03,96,63,27.77,97,51,17.14,66.72,7,140,27.69,-23,46.31,16,118
37,77,64.67,46,52,60.05,-10,22,80,-12.3,19,-13.75,40.19,51,-11.32,-40,31,79,59,29.34,-21,-24.99,57.63,102,-14,-7,51.59,74,99,1.97,-7.47,37.36,-23,38.62,-13.96,66.11,148,-11,139,52
9.11,29,-43,32.25,-12.28,121,39.38,52.98,-18,-20.25,19,53,56,47.96,83,-6.07,37,67,40.76,118,95,65.09,-50,35,65,91,40.08,33,-47,23.39,52.22,-17.86,35,21,-21,40.68,48,-20,-14,-5.84
62.82,42.8,-13.37,88,54.58,83,136,-13.95,43.67,-49,149,31,54.61,28.62,78,2.33,0.3,-8,144,100,15.45,102,74,118,-2,23,32.1,62.36,70.38,57,-48,-37,135,19.18,84,49.44,2.75,1.72,118,14
100,28.19,-38,39,45.41,-22,51.61,31,31.88,-16.75,1.51,60,99,-24.86,62,88,98,111,12,10,17.23,44.93,44,-50,139,19.69,14,61.05,75,72,70,-18.37,-11,-17,149,35.42,22.88,-2,41,30
43.38,74.87,-9,10.3,-6,118,7.4,-22,123,101,-13,148,-36,83,69.74,-16.17,17.49,-15,137,65.95,11,-19.86,35.34,14,-44,61,58,-0.96,41,12,146,44,46.44,33.05,-3.39,119,34,89,-18.02,118
104,18.93,29,55.23,-8.58,25.87,109,130,139,-24,-10.59,46.12,-19.78,13,114,43.96,2,49.53,-34,69,23,80,66.92,139,116,36.66,43.93,-22,-26,60.45,-18,116,-16.21,-26,14,128,15,69.13,-22.88,14.51
-2,4.39,27.11,-5.82,45.35,-7,81,118,61.43,43,0.16,62,43,-10.73,33,-22,31,11,10.24,57.45,-14.04,-15.76,6,47.12,-27,-36,6.41,-21.5,-3,-22.73,-37,94,36.22,20.73,16.03,36,-14.4,55.53,38,15
7,76,23.87,11.22,28.14,-13,-18.74,67.55,-28,-15,27,77,125,-7,-14,38,89,49,143,68.59,18,6.16,30.49,-6.03,43,49.72,95,99,35,-16,91,16,43,63.66,5.89,-50,31.37,71,-4,22.23
59.68,65,24.29,-26,84,86,-19.93,79,44.01,10.74,45,76,-19.68,86,-43,-38,36,-5.89,129,51.12,7,-48,-33,-20,-28,-20.85,74.71,32.71,105,133,14.09,-41,40,87,56,0.54,21.95,145,30,-27
13.96,75,65.56,1.22,22.53,43,-50,13,-47,48.3,65.38,-24.89,-2,17,20.63,100,141,0,39.86,53,117,-49,-2.35,52.61,-44,126,68.18,67.96,22.17,62,20.93,127,-2,39,70.75,60.76,128,-12,18.41,13
-4.9,-4,91,106,66,128,57.71,70.41,-4.78,-11,126,-40,61,93,2,68,84,68.69,123,-41,-21.51,44.88,61,62,123,-3.68,1.76,40,-2,40.64,25,21.02,30.55,51.01,49,43.93,-27,-45,32,113
6.56,-46,20,23,59.81,-47,105,20.95,44.9,78,40,125,-12.87,18.67,35,8.78,38,76,147,53.76,13,-9,54,134,19.85,-3.37,14.75,77,105,63.72,12.12,-24,64,-14,45,-4.63,51.82,64,36.79,23.51
-13,7,-16,-23,51,111,74,-13,-11.05,132,47.92,0,100,64,42,87,91,67.38,6,141,-1.16,29.46,-26,3.87,68.03,96,-18,61,9,-8.17,3.39,-19,-12.62,-16.96,47.02,12,15.24,59,129,-18
-5,34.77,17.12,24,-34,-20,36,39,62,59,20.46,3,66.33,-12,-17.26,118,37.3,131,143,23.35,129,74,59,38.63,-15.87,43,114,-13.12,-5.84,25.15,5.1,2.48,-4.84,59.69,39.97,120,36.65,52.48,0,-6
28.24,104,68.78,124,54,39,45,-48,147,111,57.52,100,1,131,24.1,16.83,92,-15.24,51.45,68,51,81,30,60,14.22,41,68,-6.78,145,40,30.87,-2,-18,146,-21,106,6.04,108,-21.84,118
-48,27.74,40.43,5,94,30.7,75,22,-14,134,-20,-23.6,-32,101,-10,43,10,49.22,-39,15.9,-16.31,122,-4.4,13.53,-2,58.92,-7.38,121,74,79,44,118,62,68,55,101,71.75,33,94,137
66.57,30.21,16.9,-0.33,99,-23,105,7.25,15.07,-3.09,-40,-41,131,-44,1,69,-13,91,24.38,137,-8.84,-3,-32,-18.19,121,66.02,-33,93,-18.47,6,100,38,101,56,-13,34.11,21,14.24,136,41.54
59,19,54.11,41,51,48,57.24,5.14,100,2,44.77,107,79,-23,59,-7,-6,72.74,-17,-8,27,-33,120,139,4,-14,30,82,55.81,1,-35,56.77,-37,62,45.81,135,0.85,69,12.11,15
2.21,35,22,75,30.5,29,111,31.23,35,14.8,139,-50,128,-20.91,-4,17,71,110,103,74,1.52,34,57,46.35,-7,82,128,-6,83,53.97,-12.37,139,23,15,31,26,69,56.6,65,38.8
140,32.14,59.21,14.26,57,96,-1.62,95,94,21,148,95,138,38,44,-46,0,62.59,-22.85,35,54,99,3,50,-14,55.35,146,76,64,54,14,-50,59.47,-21.36,48.62,121,50.28,-20,15,61
75,92,44.35,115,31.48,48.11,108,33.37,-49,-29,61,-37,123,26,46,49,6.91,146,74,66,137,-6,27.93,-2.54,11.8,88,34.18,22,-0.81,10,25,127,73,30,28.95,12.08,7.74,-13.81,97,37
5,40.92,65,138,7,46,20,118,17.27,4,9,68.6,111,144,47.99,-16.83,-11,98,46.56,14,128,-8,-19.38,72.12,81,-5,145,-44,122,21.29,103,21.55,57,76,67,82,8,-36,1,51
115,28.81,11.54,103,88,41,71.69,-8,-10.19,-18.93,-24.84,7,-36,65,146,-7.16,89,13.24,47.58,29.32,-16,37,42,-24.04,41,137,5,-17.05,-6.75,38.7,31,15.2,25,5,30,59.43,5.46,-0.29,-8.88,69.19
123,-23,-18.84,-50,-21,11,-20,32,45,6,20,29.32,29,121,112,44,6,0,16.74,48,-18,-4.14,28,36.59,132,44.16,60.06,110,-2,-21,-11.2,38,65.65,147,135,115,22.51,-24.99,77,-11
103,9.83,146,24.59,0.48,34.51,8,80,-16,41,114,-42,-33,52.35,54.66,45,93,-5.96,107,25.69,-23.35,-3.58,-21,-14.92,0.93,8.04,3,88,-15.33,-16.69,-29,16.55,74.22,49.83,-28,15.23,137,6.41,-16.39,17.58
-44,48.1,51.97,-39,-34,-20,52.59,73.45,28.65,126,11.43,23,11.67,40.52,34.85,120,28,-14.78,29.12,125,42,-24.89,18,38.37,138,-19.67,46,86,43,41.37,74.25,25.94,30,36.17,33.39,83,-21.42,16.58,49.87,50.14
28.91,38.81,32.36,-34,-16.81,76,-5.11,-12,34,54.18,45.13,-21.04,60,70.88,-17.09,30.21,-8.15,72,138,96,32.95,17.84,84,54.49,83,61,-0.61,-1,8.1,27,49.64,-49,26,63.11,144,-17.46,2.36,9.22,2.06,67.24
2.3,45.12,-3.53,23.85,-1,36,62,53,-42,38.08,146,69,-42,40.47,58,-36,74.62,39,60,74.94,142,122,53.3,-48,-11.37,15,31.16,-10,45.17,86,26.73,93,122,-4.04,5.28,-21,63,67.02,115,-44
144,-33,92,-44,-23.95,97,56,-13.17,-44,14.49,94,-23,32,57.41,32,-49,103,-7,19.64,125,1.75,128,29.83,-41,-10,121,-1.35,139,22,39.42,59.91,63.91,-10,24.85,-42,28.62,59.48,-31,-4.65,90
98,65.48,10.88,39.39,91,12.07,47,137,-31,24.4,45,138,0.73,89,33.08,52,-3.88,29.32,28.98,-16.39,-2.83,10,61.75,-27,-21.54,66,109,23,-29,19.89,93,114,-13,77,11.28,74.98,-45,1.61,71,-49
46,119,30.16,30.59,81,52,2,46.28,33,73,-14.92,95,21.31,107,106,0,57,43,-37,-23,23.16,54.91,-21.48,-24.71,42.93,41,-48,36,119,-9,18.16,48,74.44,-21.6,36,123,98,-12,52,144
75,-43,106,103,-9.45,76,8.19,52.16,-36,132,73.6,27.04,11,-21,9.52,138,109,65,10,-9.43,-40,68.91,129,139,41,119,143,7,85,70.74,45.45,32.52,78,66,-45,116,20.17,146,80,41
51.47,67.52,20,-49,52,-4,102,-20,17.94,117,130,11.19,32.5,-42,42,-8.86,-15.92,48.42,111,67,39,10,146,-8,70.66,-2.95,68,37,-22.87,28.8,145,-27,37.63,-1,-46,55.33,30,-44,-7,15.7
67.1,8,-24,86,96,108,41.4,-10.24,32.31,14,3,52.6,77,86,35.79,-35,-8.35,30.59,40.52,-2.62,-21.83,5,67,-16.82,59,6.3,54.77,40,127,-8,-22.44,-3.48,-24,-15.32,64.17,25.73,-24.18,110,-7.71,116
71.6,9,82,85,146,29,12.66,6,28,115,-24,65,102,67.78,91,94,65,36.47,33,46.9,32,-12,-22.51,-1,79,-40,-38,26.76,126,97,28,145,131,45.96,41.79,61.4,98,-4,51.12,4.57
130,85,28.05,-32,19,-12.61,17.82,119,108,-15.36,-12.39,-4.9,39,96,67,18,11,27.66,28,17,66,60.23,-37,9.47,50.39,138,49.27,52.39,16.85,12.31,72.94,9.1,120,-22.41,25,95,-7.6,1.85,23.74,43.46
98,100,69,138,50,75,-16,48,36.05,106,43.82,-23,37.3,-16.91,134,-10.29,-1,60.92,-15.91,-7,58,113,3.68,-46,24.2,70,-31,-37,70.7,19,72,28,6.09,68.59,116,33,54.38,104,39.43,143
129,-20,-10,29.69,17.37,9.75,-16.18,13.68,29.54,-42,120,-37,121,4,145,84,-11.02,73.19,11.13,15,-36,42.93,44,-15,87,86,27,22.67,73.34,34.28,11.9,3,23.92,115,12,39,43.4,71,57,-49
-22,-20,61.79,131,-0.79,6.91,20.22,-10.01,46,117,54.58,30,4.34,143,30.79,15,56.58,54.85,126,52,8,2,102,-35,25.14,67.71,61.64,-0.6,-1.3,79,-34,3,16.96,125,69,29.21,61.46,63.75,98,149
48.94,70,90,48.84,-1,-19.4,-10,62,-2.87,-47,92,58.35,-44,47,71.39,-19.53,-22.01,-46,-14.91,128,97,-23.43,1.87,93,2,83,-17.96,45,127,9,57.37,-23,14.39,2,19.67,68,70.46,44,28,56
118,107,134,-5.75,51,67.3,27,49,96,-2.22,-24.16,89,142,59,60,24,29,142,42,-21,-34,64.39,-22.79,119,84,5,-6,-13.28,63,4,59,6.65,-3.87,57.06,92,52.25,-41,58,25.46,-18.47
55,100,52.33,25.34,25.25,68.66,7.83,-26,-11,56.81,22,-14,68.37,6,14,-2.18,49,43.97,-10,106,-48,59,6,75,-27,137,47.11,6.56,71,111,71,58.54,38.92,22,-4.9,57,-18.03,138,109,35.23
56,15,128,26.83,88,21,32.37,67,50.71,-22,77,13,41,-49,138,-21.46,-41,32,138,99,130,-25,-4,67.73,93,24,-46,7.08,-40,-3,65.46,-9.73,102,-12.59,90,92,16,-32,-20.89,88
26.31,124,109,-8.66,107,-16.22,38.05,92,51,-0.36,-41,38.67,55.31,60,133,149,67,-42,17.47,65,34,75,93,-3.86,-18.62,28.2,29,-31,8.88,-21.42,-19.88,37.26,116,12,111,-5.08,132,-20.94,-22,103
70.56,52.67,-18.07,-12.64,-6,54,-8.53,-2,66.94,147,84,139,19.01,-38,-11,68,-16,-3.15,-48,101,7.84,104,-8,65.21,5,108,-8.62,132,-20,70,50,44.96,34.15,56,12.59,46,-33,49.09,117,67
62.66,18.72,21,-39,58.42,108,-17.74,99,135,46,26.69,66.15,146,-11.5,-3.76,62.74,112,34.71,129,-4.68,100,-18,62.15,61.77,73.63,23.3,149,-21.39,54.45,119,118,15,116,66,42.63,1.43,30.08,121,-46,43.04
-34,-33,19,129,52.48,-42,67.81,39.49,-0.73,143,143,64,7.17,70,9,-7,68,-39,115,70,7,142,57.41,-45,7,12,-42,44,121,-16,-26,-10.71,-31,-5,105,70,48.32,-9,138,58.29
22.06,28,-24.03,121,50.97,50.63,17.05,1.99,0,21,-24.14,51.7,11.91,21.25,-46,22,-47,60,69.8,-45,74,-27,43.86,58,73,40.52,-6.66,-5.62,134,64,117,-5.15,102,-2.55,74.34,-11.2,116,92,-24,-4.77
21.62,25,-3,41,-0.02,146,52,-3.25,-10,44,8.74,34.29,60,66.58,74,37,35.38,11.5,-21.94,36.83,-21,-47,119,69.81,-12.38,28,106,40,46,60.99,2.45,136,-16.59,-17.51,-20,-9.86,121,77,-8.12,107
-22,3.79,140,15,14,116,4,42,59,-30,12.61,0,67,63.74,87,-29,-25,-23.67,59.71,126,40.6,30.45,73.35,146,70.4,-49,70,102,-14,26.92,54,21.88,57.36,13.61,87,37.12,113,21.61,31,-25
35.24,119,25.62,50.52,33,8,44,114,141,0,-24,147,42.92,77,20.79,-19,-8.63,58.26,57,45,-21,-10,-22,-24,37.42,5.01,-13,58.06,10,106,-44,90,80,130,11.18,-21,80,32.1,17,51
34.16,123,123,55,45.32,26,-43,67,24,-24.37,9.83,-20.44,23,56,-11.76,103,37,34,-41,3,0,2,60.38,-5,4,-23.33,26.51,-18.74,-13.48,48.17,112,13,2.36,113,74.75,72.29,66,50.64,69,35.19
116,112,60,63,113,0,84,14.71,-49,17.41,95,-6.76,119,23.95,74.82,142,92,64,119,30,63,96,1,129,69.5,48.04,-29,-23,28.75,120,118,-16.96,9.36,31.88,-0.36,36.17,99,-14.43,9.73,-13.38
-13.57,68,126,55.88,142,73.54,96,5,-38,18.22,-21,53,39.19,-15.54,121,70.18,139,-18.08,46.6,57.35,-15,75,68.12,-22.45,14,44,3.3,57.04,-8.26,121,-5.85,45,126,5.23,74,26,66,17,50,53.64
52.03,124,2,31.81,65.09,65.9,73,7,18.14,-6,11.07,122,83,16.4,-22.84,12.98,-23,12.31,97,59,34.21,20.98,-22.92,15.82,-34,46.66,-17.76,39,16,-16.39,48,9,-37,-48,64.94,73.94,-21,23.61,-45,142
10,26,81,60.11,65.83,20.94,13,136,-21,-26,63,62.87,17.12,72,72.53,53,-48,-9.89,34,34.6,20,38.22,21.82,-15.51,86,30.08,35.49,36,-30,22,68.71,52,57,74,72.6,-28,-5.61,27.31,26,28.96
31.74,-12.18,45.76,61,123,52.79,85,-10,12,-4,0,108,10.9,64.55,128,69.66,11,31.07,-27,-31,116,14.15,70,1,43.83,-33,-23,-19.97,140,25,-9,101,-16.08,124,21,128,37,-16,5,-10
10.07,-12,47,-9.32,124,133,98,17.31,30,-13.35,55.86,142,148,37.42,120,-2,81,59,60.86,110,22,126,-39,68.6,48.15,127,32.38,28,119,13,46,62,-6.59,20.31,112,-21.74,-36,52,-23.92,64
89,82,31.08,-8.31,29.13,117,8.96,92,16,70.42,-40,42,135,67.38,89,127,23,-44,8.13,-22.75,57.31,-13.83,-6.23,11,59.34,23,69.32,29,60.41,-35,143,60.17,72.63,48.58,-12.88,-41,45,29,-17,84
-43,33,-20.57,-40,-15.97,-23.23,64.46,93,-18,-50,1,31,71.95,80,63.89,15.76,133,86,-3.48,-20,-5.47,-38,51.12,-24.32,43,42.52,28,57,10.29,142,46,-5,26.07,-20.38,-43,30,76,-19,81,16.82
46.61,-7.4,-4.87,-2.07,-28,-23,48.97,-17,35.9,147,-15.34,104,12.23,121,-14.33,39,32.34,9,-11.57,-19.16,-33,-36,102,35.64,1,23.52,45.85,62,46.02,79,18.85,32,54,18.76,30.36,49.22,102,21.67,53,37
31.39,-9.24,40,3.06,68.29,-34,8,125,70.45,141,31,3,28.18,69,123,99,52,9.84,-3,84,142,43.8,78,63.57,17,79,-12,35,10,8,58.04,-13.86,116,115,98,58,-11,-28,113,45
58,36,37.72,36.43,17,114,143,111,48.69,109,87,145,-14.36,20,-19,16,44.1,3.04,144,79,-2.61,69,60.67,-5.7,6.13,-15,-3,-7.22,-48,25.9,10,3.16,-45,113,-22.18,9.33,31.5,41.72,88,-4
1,46.2,27.84,71.02,6,133,-48,-9.42,72.85,38,-28,27,-15,131,29.6,68,109,135,130,-2,119,-16.94,-15,-14,89,135,103,41.11,10.84,-7,32.55,114,-27,6,60,70,-29,55,20,-18.76
3.88,-36,-33,65,-6,-24,63,41.15,-12.81,65.17,140,29.68,104,13,126,37.64,-10,28,14,76,39.96,-47,-24.72,61,-3,146,1,-2,39.99,73.19,-18,-40,42,58,5,-22.23,11.8,61,-23.01,54.49
-4,-11.69,-10,55.71,130,136,125,45,0,-37,-10,21,54.29,-43,128,67,55,67,74.52,4,72,-41,144,37.88,46.34,118,119,83,-8.5,44,-19,39.79,149,-7,-5.1,-22,69,97,25.52,13.39
-23.27,87,8,49,120,113,59.8,107,47.66,22,22.76,95,17,21.93,-18.1,117,3.86,-4.29,5,43,103,116,48,-19,27.54,100,56,17,59,88,81,46.87,-19.48,-21.41,-49,116,33.34,9.91,136,53
-18,110,-18,92,-16.11,54,46,-17.59,-13.23,25.38,-20.62,23,56.25,-16,-1,122,104,-3.51,88,-7.22,96,11.76,31,63,75,-5,-23,-20.52,13,83,36.49,44.43,20.99,-8.29,98,-24.02,81,92,16.66,-50
-14.02,67.2,3.02,26,26,10.77,1,-13.4,47.98,54.14,52,145,50.08,60,62,54.38,123,65.26,44,15.04,-23,62.78,109,115,40,110,58.09,57,-1.71,-16.26,-0.98,8.36,-7,18.34,-2,-48,115,133,15.8,69.55
22.84,-9.65,10.18,29.55,141,75,-14.15,13.72,-33,3.43,-8,84,62.72,43,17.67,5.29,42.41,64.52,94,12,9.63,107,-46,-42,16.42,71.09,-19,-21.29,-26,-11.04,118,7,92,138,60.82,-5,0.98,147,59,-26
-13,-1.49,7.32,15.37,121,42.79,60.62,57.18,113,-30,-10.86,70.89,45,109,37.29,49.89,-18.02,126,-9,25.44,15.56,48.38,-4.64,30.57,71.97,61,149,47,-2,61,47,91,127,5.99,17.22,131,130,-10.36,40.06,27
24.25,-20.11,35.13,-39,-23.37,2.57,23.61,-9.75,93,53,109,11.24,142,137,45.71,-31,51.37,9.93,83,3,40.56,50.39,145,28.74,-14,43.46,92,-30,119,-1.62,36.67,10.25,-40,56,-26,-24.11,113,69,7,-1
145,134,-21,79,99,-25,93,49.79,-12,45.66,-34,-39,-9,47,138,25.56,23.09,-12,66,54.28,-22.64,-15.35,59.28,112,18,-1,32.59,-20.37,37,7.81,40.3,10,-8.27,24,122,-3,-24,25.58,-28,-5
48.67,-16.06,121,55,9,120,58.61,22,68,133,48.39,-21,6.7,64,4.39,-14.81,-15,37,140,77,52,22,-15.51,-1.63,-3.55,-22.76,68,47.54,-45,62.12,35,-13,-5.64,-8,-4,86,-47,12,40,3.14
11.37,37.21,73.99,-2.74,-9,13,64,49.21,37,100,-17.44,116,8,101,32,30,-10,68.43,29,-27,140,51,-19,63,103,0.04,105,-48,32,74,-2,-0.22,-10.32,32.38,-16,-16,-9,136,-44,-9
-0.17,77,28.62,87,18.66,-7.97,126,26.28,19,37,48,70.72,107,-4,-17.32,79,26,-44,18.78,65.89,-39,64,97,43,132,-6.23,136,-21.42,-10,6,129,-44,121,45,94,6,16.92,81,14,10.52
-19.71,6,-49,82,45,148,57.64,40,-16.02,-45,-36,111,64,-8.38,-8.38,141,49,-16,32.59,-6.88,109,73,-18.07,124,-15,141,98,24.92,36,17,60.08,14.57,33,-13,60,6.95,53,-6.26,143,-4
80,60.11,58,88,81,-31,16.8,-20.11,52.18,-32,-2.66,25.09,28.11,-18,-19.88,34,41.62,-0.41,44.8,12,-18.56,28.01,-24.61,0.11,4.12,11,137,56.29,144,77,-4.63,-11.04,6,146,116,55,104,45,19.17,105
2,46.52,76,54.23,71,17,-6,-6,138,23.38,85,64.53,42,115,116,53.54,3,65,69,88,-36,25.79,-31,28.56,20.5,-12.53,45.5,138,131,29,-9.76,53.39,31,24.98,49.74,64,69.97,34.62,59.33,8.79
27.9,85,66.11,60.62,17.82,-9,10,-11,48.55,-18,27.34,62.9,145,-11.11,131,40,141,-35,99,-44,110,48,2,68,69,-39,1,103,14.56,126,38.18,143,53,15,59,148,149,46,7,21
29,139,-10,40,64.58,56,47.13,103,138,79,-29,126,-30,40,-1.07,20.13,-1,4.37,2.29,28,11,7.13,13,99,33.44,-15,132,-3.63,8,88,119,59.38,22.9,52,59,-11,15.17,-18.75,86,92
-20,62.31,-14.76,8.43,24,68.08,114,72.07,13,-6,80,-13.13,25,110,58.24,76,-1.74,63,64.56,79,-7,-7,-32,-34,-17,-35,-33,-50,-0.9,39.15,28.91,-13,36,-2,37,68,33.52,137,52.58,-6.91
49,-12,110,35,59.75,74,-27,-22.76,90,7,91,29,51.44,-9,44.79,-25,-6.62,-38,-30,61.88,2.02,-1.65,27.78,-46,-34,92,128,74,57,57,124,131,28,-18,74.45,115,-45,10.65,5.5,12.83
-15.46,5.32,23,-24.42,-11,0.97,-6,146,-40,42.47,69.03,-21.56,34,58,25,1,38,27,59.88,66.26,-36,25,17.94,73.75,-23,28,-21.57,30.43,108,55.23,49,-39,124,131,-43,-32,46.64,73,24.65,48.81
-17.91,-30,38.62,61.27,74,-18.34,-36,102,-21.98,134,58.95,-18,-4.74,110,56.13,48,146,84,-20.42,-9.98,-15.83,-26,30,69.03,-11.72,-5.45,131,64.01,104,18.17,60,44.56,42,13,-6,44,24,64.14,50.77,97
126,4.77,-1,60,-44,-21.18,64,66,112,72.47,44,30,138,23.06,-38,69.96,49.11,45.47,18,135,63.29,-21,-20.28,4,4,33,-28,107,77,-11.16,60.05,129,40,65.82,13.06,29,97,-24,39.66,65.51
-4,11,52.14,74,-10,93,78,70.19,149,-2,-14.6,101,27.21,56,76,71,6.45,105,27.47,24.91,20.02,22,130,-50,74,88,105,56,15.16,90,-48,-28,134,18.69,120,26.01,21.56,124,14.97,67
68.73,-23.87,-39,45,61.54,-0.94,51.23,-23.82,-27,40.97,37.68,19,59.88,28.18,-19.49,26.17,53,137,28,33.27,12.81,35.72,25.43,133,-25,52.83,68.83,7.17,114,34,124,57,98,-2.87,107,-47,-40,18,-50,140
90,-34,32.59,78,109,-18,67,22,-49,136,103,25.39,8.45,21.44,-40,44.22,149,102,137,-33,11,10,9.83,81,27.86,108,70.97,89,-2,18.37,-21.04,7,142,34.97,53.53,-17.09,139,-43,54.28,66
68,34,4.68,-16,37,43.61,24.05,-25,16,-32,41.43,-5,22,60,97,70.4,59.38,115,76,91,-37,16.16,144,40,41.92,43.53,-20,-49,12,67.13,113,23.45,72,5,21.69,-18,126,-11,69,74.3
5,54,141,8.85,-18.24,-24.92,78,100,0.91,9.77,91,36.17,142,-6.89,40.97,44.74,60.56,74.53,-16.24,-35,70.1,37.96,32.12,19.65,8.94,-13,114,35.3,-2,93,108,10,11,58,-22.82,55.92,112,40,72,3.89
-7.89,48,37,131,35.59,118,-11,49.44,16,118,82,78,106,136,-3.88,66.22,48,8.42,27,-19,6.16,66,90,-12,5.3,54,125,50,116,54.42,17,85,37.4,49.45,56.83,4.46,13,139,76,8
106,-7.06,-47,133,-2,52.81,32.48,33.73,65.84,127,74.75,68.25,-12.6,-36,110,34.23,128,11.94,1,1,41.54,28.93,-13.29,-13,32.56,30.42,144,53.24,112,-31,53.7,81,-31,17.64,26,132,129,-22.01,11,-40
-25,62.35,-27,38.8,78,96,143,63.7,114,108,53,-8,7.64,27.62,-12,55.63,73,62.39,17,136,102,58,55.36,-8.37,36.33,70.27,39,19,-7.48,121,138,36.29,27.23,136,33.01,-39,30.56,116,34,-13.03
69,76,112,50.52,40.26,-45,110,11,31.35,-10.66,80,33.52,39.97,27,92,-49,-22.6,30.01,35,-8,109,18.98,55.14,11.49,36,41.48,-43,0.38,-16.97,103,47,47.6,70.94,95,42,5.68,62,34,22,71.49
95,39,-34,73.29,55.58,127,130,35.02,74,73.75,-2.32,16.23,17,72.19,112,44.81,-43,-44,1,-43,142,27,-36,4,-13.9,-48,-18,-4,3.47,57.21,-17.61,63.51,27,-10,89,10,95,50.96,31.55,-4
59.48,114,-17.02,55.71,-50,60,-8,22.77,-2,25.62,-12.42,82,42,-23.55,-24.4,54.65,120,53.64,24.77,59.22,53,-10,14,8,149,102,115,129,19,40.86,140,46.49,14,95,-31,57.37,42.86,16,129,-7.44
92,106,137,-13,57.7,139,116,60,63,58.69,74,-12,54,76,16.17,-15.89,47,-7,7.9,116,75,-1.8,-22.43,56,127,56,45.43,90,136,15,93,-15.44,-13.03,137,-29,6.24,123,-5,-4,10.53
4,25,139,62,56,-20.74,-3.31,-20,24.1,37.32,-23.87,69,0,20.32,52,25,89,-49,59,98,2.65,-34,-4,20.87,38.35,117,-29,-6,-29,-36,-8.28,132,53.29,18.47,5.07,62,64.75,42,-12.18,41.62
127,-2.12,141,42,-20,64,78,96,72,93,22.13,-11.84,32.66,62,62.52,125,-19.86,51,-7,-50,31,56.84,117,24.17,115,25,63.02,-5.81,126,23,7.46,7,-5.81,25,80,111,149,136,14.52,-6
-3,65.17,65,107,-35,67,38,25.34,-21.36,51.14,14.29,74.01,-22.05,-19,7,23,101,42.73,30.85,-48,-10.72,114,63.39,149,83,-22.53,92,39.03,-23.74,127,93,-24.08,-39,6,22.76,115,12.47,74,51,54
-1,138,29,62,57,57.58,63.9,11.36,2.1,-45,43.85,48.97,146,-17.83,-13,67,64.47,83,104,-22.8,57.33,16,-41,39.77,-28,-40,0,141,118,-22,-21.75,-1,135,48,40.97,-16,-19.99,33.86,0.25,-4
120,40,133,-12.48,-20,72.22,12.67,-34,39,30,7.93,16,28.14,-4.02,1.09,46,17.34,2.91,-1,-31,49,32.1,59,68,19.42,-12.56,127,1,68.48,8.04,76,21.09,8.3,15.66,41,2.18,121,142,-20.05,52
21,37,126,57.62,12.05,24.59,105,72.1,43.11,111,-25,36.58,54.55,54.82,17.18,10.43,-44,25,50.72,36.15,89,71.15,15,50,71.62,112,105,130,101,36.04,-24.94,41.29,107,74,119,101,-12.4,84,149,-19.18
-48,-35,48,33,127,-48,-23.78,94,2,133,118,-20.81,-28,6.87,23.05,51.57,6.58,33.28,-50,65,55.53,143,-19,51.08,27.73,56,90,-17.13,57.05,23,35.45,-18.62,139,51.91,125,-14.26,46,-15,-20,83
73,129,-16.24,18.37,107,113,-35,-44,54.31,75,110,-29,23.14,-5,82,41.44,109,-7.81,24.95,-8.64,16,92,58.91,47,38,11.5,127,134,50,73.96,116,51.02,54.24,69.63,68.13,88,91,31.23,26,70
76,71,34,56.67,43.38,17,-42,124,54.6,34.23,17,57,38.07,51.55,-44,37,36,-26,113,-23.42,-7.36,48.2,1.05,17.31,74,-14.8,18.65,45.79,48,-34,115,135,63.69,0.95,80,82,-16.64,40,137,-30
51.5,15,14,74,26.97,-17,17,15.69,61.05,-1.55,87,88,-43,126,33,19,5.04,106,102,-17,-38,91,83,121,25.56,141,82,72.3,-27,16.5,-22.18,21,1.04,11,-9.96,145,139,-27,26.35,-20
99,56.32,-33,-11,45,41.33,38.41,72.93,63.62,47.05,33,107,137,54,50.39,17.12,86,51,64.02,143,37.53,125,-9.67,-22.95,21.37,11,48.3,41.54,13.29,69.56,9,97,-10.89,30.06,64.21,0,63.16,53,140,57.69
3,-38,125,49,21.12,140,90,46.21,-18.79,-45,128,-22,101,40,-9,39.22,47,16,-10,100,0.69,-18,68.46,45.6,148,92,12.17,-28,126,-7.23,70.23,47,39,73.74,35.02,128,104,-15,14.36,52.54
98,43.09,-44,89,58,41,31.75,25.11,29,1.4,-32,98,27,64.37,-26,-8.21,6,36.33,99,15.6,-7,-15,63,-36,74,113,74,-8.24,142,-27,-13,30.06,-5.15,-18.69,-8,67.91,-21,98,130,3
94,32.7,146,26.32,-11,38,72.75,47.46,-22,51,47,7.03,-15,11,-10.96,-20.3,67,9.9,41,98,140,63,-43,34,27.63,141,12,21.94,56,69,45,92,18.49,-3,9.61,5.42,13,50.77,36.88,114
-46,42.44,19.89,9.62,22.17,9,14.28,100,-11.75,99,39.69,31.72,55.78,70,124,-4,-23.29,35,90,89,104,24.38,16.97,18.39,1.7,-31,96,-33,137,-25,82,101,110,31,60.04,-8,-23.49,45,-8.16,131
-3.15,1.47,-9.57,11,-11.6,66,28,-50,-3.84,101,76,79,-0.99,40.66,1,39,70,33.12,85,35,111,133,-34,-2.66,68.48,42,-46,-9.53,111,22.82,112,22,48.37,-27,65,-37,-29,44.92,42,71.15
-29,96,3,100,24.75,100,-3,-17.83,-21,127,-48,7.1,-7,29.48,2.86,0,27.72,126,82,48,144,-41,70.86,139,128,29,3.63,122,-10,38,-5,-24.03,6.43,-38,-44,65,57,-9,139,112
68.59,9.14,70.88,97,-13.94,37.97,49.36,18,-30,100,49.78,-22.06,8.54,37,-3,38,-0.39,64,-14,132,146,39,34.43,-37,132,0.09,-8,134,-43,8.64,3,35.22,-9.88,43.72,-26,11,37.3,72,-13.43,-20
146,-12,73,59.73,44.36,32,139,141,117,104,18.06,4,58,-17.28,68.8,-12.29,63,62.63,21.81,-12,33.63,-17.88,49,12.38,91,58,51,95,31.04,50.14,14.44,-33,34,108,131,-33,86,49.79,1.97,68.04
108,34.1,-39,126,121,-47,148,7,43,-1.08,56.21,61,116,17,-48,101,1.27,11,69.36,143,-19,64.73,-21,124,113,12,-42,36.32,7,-24,-21,28.95,-15,83,11,44.84,73,49.61,42.77,126
-17.47,53.09,-11.29,30,65.53,-14,-34,5.2,146,22,-23,44,8,69,65.61,34.32,-10,29,40.11,55,-43,41.54,2.35,-17.39,21,83,126,78,143,36,20.97,38,26,-10.74,-16.91,56.23,-20.2,14.73,104,87
129,-1,18,146,64.03,71.16,7.95,86,55,16,77,53,48.34,-21,49.31,62,116,-4.72,113,-29,66.8,25,-39,16,-1.74,146,-18.99,-22,74.88,12,49.18,84,62.94,-24.7,102,77,48,11,43,55
-20.32,-10.45,60.84,-14.7,46,129,65,132,-3.44,-49,67,87,43.08,89,10,-37,-3,17.61,19,91,-43,49,33.05,-14,0.58,3.1,68.52,-8,-11.72,50,-43,6.59,27.97,33.88,22.44,3.78,-49,30,132,75
-40,-34,32.74,23.29,-49,38,57.76,141,126,28,-24,-31,133,38,116,49.81,30.04,45,-25,-15.89,63,-17.8,69.63,6.97,23.95,45.36,19.04,70.66,135,89,73,59,1.4,30.07,3,53.49,-49,68.53,36.28,120
53,35,-33,23.36,-13.21,-38,5,97,-3,9,-23.49,57.47,27.79,23,-19.54,24.46,-36,110,-24.86,88,38.33,7.79,1.76,52.57,-26,52.21,8.33,25,-6,30.93,50.97,30,14.59,-11,91,118,53.81,54,82,62
-5,42,42,65,148,136,-40,31.86,113,-3.7,-49,-47,41.25,9.01,63.08,-49,12.36,120,89,131,39.12,58.74,-12.47,8,112,62.3,28,12.41,46.43,51,68,-1,31.21,91,-22.76,77,131,19,7.58,97
-11,-2,-43,-27,93,69,3.28,13,-46,125,53,-1.62,120,-6,18.2,42.14,103,129,57,115,49,-47,1,70,-3.6,70.86,32,-14.22,-48,64.81,-29,139,16,54,-12.73,24.54,-46,147,3.96,106
5,61.89,122,1,-16.58,29.68,140,24,19.15,82,128,27,35.33,-22.24,128,133,57.06,-13.35,70,-40,68,73.98,8.06,93,-11.18,43.47,145,63,70.77,31.99,-5.5,67.71,136,133,-25,45,130,-1.4,141,69.09
141,-5.16,28.36,20.27,-12.68,69,121,41.79,131,123,-1.86,63.68,23,123,64,-29,12.05,17.09,69.99,-48,48.12,18.94,16,-40,146,0.29,-1.51,36.67,-28,-2.99,57,23.23,117,128,58,47.87,51,147,33,-47
1.08,34.22,5,-8.18,-16,16,37.33,25.17,130,-23,-19,-5,46,107,16,73.88,-20.82,-35,-5.15,47.79,-5.88,20.53,34.94,102,-7.18,6.13,48.85,-9.73,-15.84,28.87,7.11,35.71,29,70.97,114,38.34,37.78,85,95,49
147,40.67,23,110,-34,54,20,-40,88,111,76,32.43,10.29,126,-22,-2.18,88,72,9,3,61.67,-36,24.89,45,19.71,-21.34,35,2,-1,65.99,29.46,16,-42,43.59,125,14,97,1.22,-23,65
-8.72,53.06,19,39.8,11,7,138,98,53.44,103,52.21,47.97,10.1,9,56.06,60.94,60,71.72,-3.12,61.74,8.94,-16.28,81,-40,137,20.03,-10,-5,-31,10,-32,-3,25,60.28,51.81,-20,-31,4.79,100,-8
43.48,-6.99,87,-16.46,45,-40,16.17,-16.83,19,38,-7.55,15,26,-18,17,59.6,11.18,56.36,17.84,10.38,6,-16,73.39,138,2.22,-8,-39,9.56,44.61,125,57,-13.74,-6,135,12,140,68.67,10,41,84
119,111,149,2.01,-8.37,59,52.3,30,4.92,18.58,79,33.69,-11.75,57,-33,29.25,38,119,113,73,60,-5,149,16.5,-37,130,-28,-13.11,0.07,22.56,81,22.91,131,68.61,-34,25.24,129,-31,94,-24.58
14,71.23,-15,6.47,5,-46,132,128,131,93,18.3,-48,0.11,10.53,101,23.11,14.9,53,41,65,52.15,56,126,61,-16,103,53,20.42,-21.57,14,91,21.72,-20.35,40.14,17.34,-15.29,39.37,56,19,89
51.93,34.44,-7.61,57,74,135,107,28.05,-3.26,78,9,36.35,-22,-5.41,48.15,8,80,82,148,25,39,2,138,36.15,-13.48,-10,53,73,7.67,41,20.73,73.38,74,24.72,41.45,-4,73.11,38.27,-10,47.34
42,-15,116,-41,48,-6.9,64.96,-30,9,87,117,3.58,147,130,65.31,121,141,40.92,58,121,-35,20,106,92,-0.9,112,5.95,4,-20.98,130,95,125,49.51,80,0,14.61,56,-43,-46,123
53.47,9,62,-27,70,104,-14.92,16.92,18.73,67.68,34,37.74,-41,59,-9.47,138,61.14,74,70,140,68,84,83,1,28,-13,34.97,99,63,25.68,103,-9,12.8,137,-23.51,44.7,101,29.46,-8,-22.95
-13,25,1.99,-21.9,76,89,69,8.76,31.19,3,-22.34,38,67.25,14.28,83,-7,-1.65,-41,54.27,72,6,3.63,66.01,5.39,12.39,-50,52.43,3.73,12,9.74,138,26.33,-6.07,146,105,22,5.92,57,131,60.3
107,48,84,-19,-48,53,83,82,23.22,-46,56,26.51,-46,73,2.24,-26,-10,16.52,123,24.94,-25,25.99,76,10,101,19,72.86,-3,-18,134,29,61.4,43.3,132,18.18,-41,72.19,-22,13,26
54.63,-30,139,-13,-18.07,14,70.63,9.94,51.52,-11,29,95,70,69.51,112,109,116,35,-19,36,11.36,56,41,102,-17.38,-46,40.88,-41,-10.06,21.81,146,4,26.2,-5,-17.67,91,10.3,74.51,14.95,11
-4.5,45.89,46,73,12,97,14.08,81,-9,-19.44,77,66.89,31.96,-12,-49,57,109,-24.41,35.91,10.03,22.98,16,57,13,38.25,18,96,140,70,27.92,54.09,-7.89,141,69.74,46,12,21,139,-40,50.85
74,23.76,15.35,32.1,56,-8,4.62,-13,79,27,136,-44,1,9.66,109,32.6,136,-24.8,-12,105,26.39,52,90,-19.27,10.7,89,3.82,-30,82,74.9,-22,25.54,107,105,4.92,14,25.51,58,109,-18.41
126,23,41.17,-3,-23,-22,103,43.18,146,-14,16,98,132,28.07,56.17,-22.58,24.03,-20,113,106,-39,44,-9.46,-44,-34,12.84,19,89,59.88,54.87,-7,66,54.91,65,18.69,-8.16,-5.84,25.8,0.32,20.09
-3,-9,94,51,-46,3.31,20,11,136,41,57.19,55,70.43,-20,113,34,34.35,81,135,51.4,59.05,42,22,16.2,18.94,147,100,106,51,39,33,139,109,117,29.98,22.53,112,-7.38,57.77,104
144,-18.12,72.17,34.73,51,97,114,48.32,39.65,6.09,41,61,21.76,61.72,-9.42,24,53.6,7,-14,58.72,45.63,-12,5.57,-2.87,49.35,6.56,10.92,18.26,10.66,56.01,19.38,9.17,-20.02,79,36.84,147,75,-3.28,43.08,44.08
74.55,-25,138,42,-25,26.81,148,84,68,20.31,119,122,121,-15,-38,-6,29.98,100,38,123,34.01,31,-14,86,53.22,-22,-19,70.13,31.74,124,53,7.24,145,28.9,137,62.43,104,79,139,145
31.07,30.3,30,2.73,20,25,93,-13,-47,39,25.95,55,-40,65.92,82,-7.9,-10.66,17.25,74.01,26,5,111,125,-49,24,29.81,20.38,48.88,70,16.65,5.31,17.54,31,37,-12.89,149,46.02,-24.65,-45,72
15.95,3,105,30.4,60,-2.2,66.2,126,55,61.13,9.23,144,68.17,22,93,90,22.3,47.15,-45,66,-3.17,8,-21.99,63,1.12,-33,46.03,102,-26,61.81,35.72,-13.36,32.35,55.69,5,30.79,95,93,148,144
140,70.56,5,-49,39.85,-39,59.75,57.42,120,104,8.44,-24,45.94,-18.4,27,-13.19,124,29,14,136,66.61,6,32.08,19.29,-4.16,-23,22.83,21,68.98,-8.86,13.71,26.31,-25,30.35,44,-9,69.52,-13.78,37,75
31.21,32.71,-40,59,-7.51,92,59.71,128,107,-12.45,105,-11,33.54,55.33,-24,69.11,39.6,25,35,49.32,-11.36,-50,38.91,138,134,10.34,98,147,-41,48.64,105,72,1.97,131,-3,-10,-27,93,90,58
114,118,62.16,50.82,29.37,44,103,3,-3,149,18,-21,32.85,48.46,-44,35.3,18.71,-12.31,97,-15,-7.12,-25,51,115,58.32,135,100,56.11,14.36,91,74,8,33,-44,-48,31.83,42,-12.32,-14.14,-20.43
-15.65,56,10.58,134,67,-19,3.07,21,-37,99,78,23.38,-16.03,88,14,-35,119,-47,35.97,74.6,14.02,112,54,57,68.14,67,123,-4.55,-6.15,57.24,16,131,-43,-45,59,142,63,-8.74,68.24,118
-20,30,54.17,65.2,66,94,116,-15.97,7.77,142,128,90,-14,16.3,50.83,3,-25,2,21,137,7.77,9,33.68,5.77,-44,68.28,123,59,29,-16.77,82,-0.15,56,-6.14,61.58,-40,69,20.29,-18.64,-22.66
-48,48.06,1,-8.25,61,18,2.92,-21.27,26.66,18,7.38,59.12,-37,44,50.04,47,93,-0.2,87,56.49,133,-4.5,142,59,30,137,-20,105,84,113,71.57,-0.55,116,40,142,51,132,132,100,138
116,58,50,37.55,57,-23,-2.73,7.95,69,37,57,-12.46,143,20.95,85,18,-2,61.04,115,39,0.93,130,-24,47.69,29,127,141,30,147,-10,0,-5,74,59.04,-28,-45,9,-40,-23.69,46.21
-40,46,16.48,51.85,23,-1.85,52,72,50,6,-32,18,30.94,-22,84,30.67,52.72,48,-20.61,36,63.11,71,59,-6.45,-17.4,48,-16.97,-30,27,139,102,-23.27,11.4,-19.14,-6.46,127,-38,102,75,149
71,63.14,-31,88,33,115,59.23,102,49,-1.16,59.45,-45,-23.01,44,1.82,51.97,-24,-4,-5,11.98,11.8,14.87,-8.54,132,61.09,123,93,33.33,145,56.67,-17.52,-8.14,116,72.49,117,62.69,-8.15,-27,42,29
6.31,67,91,87,110,17.96,39,69.81,28.06,63.59,63.02,-28,-45,85,127,-5.42,122,20.58,-42,5.15,-8.02,55,27.5,49.99,29.26,83,131,58.39,-36,25.26,56.35,61,29.92,-28,103,149,-12,127,71.32,41
70.41,-14.24,22,-5.68,36.4,90,63.84,-21.2,8.48,78,-46,-12.46,55.56,52,-9.19,0.74,95,-4,-49,-5,69,73.48,51.37,136,-24.99,58.53,116,66.68,68,0.61,-13,59.83,48.69,50,49.21,110,36.29,-12.46,0.74,-24
106,71.59,48,-16.33,11.88,5.52,32,60.23,16.41,5.43,36.03,115,44,52,145,70,-16.77,-9.38,-5.75,117,64,63.92,-39,3,39,-46,71,49.91,76,124,-42,-17.66,58.24,67.16,-2.26,11.09,-17,-25,-9,10.91
91,118,31.53,-2,-20,53.47,116,51.26,-11,116,142,9,22,-10.4,-33,41,2,-5.27,71.26,45.45,61.99,-17.82,4,25.31,6.01,74.08,109,133,-41,7,35.98,109,-24,-32,-16,-46,112,-7.84,93,58.61
-18,-15,31,46.47,8.57,127,133,43,1.82,36.1,66,46,88,31.09,32,18,98,100,38.79,32,134,39,113,21.95,25,-8.78,-30,139,-49,73.82,24,42.11,67.22,-46,27.98,67,59,-11.05,129,127
121,12,60,53.63,60.33,120,-11.06,17.91,-7.99,53,43,-40,-10.59,30.49,103,49.63,-22.03,48,18.17,-16.13,40.72,-18,45.24,14,66.75,-10.01,-35,122,62,12.56,49.47,3.41,59,-33,70.87,12,4.62,69.16,97,0
101,109,77,83,28.22,60.14,16.8,27,-13.33,52,-40,56,102,43.51,72.09,-12,36,66.32,-31,130,-20.48,-2,54.16,77,6.21,10,29,90,24.13,135,10.12,124,67,44,-8,113,4,-47,8,14
96,0.93,146,96,-17,-24.25,87,11,-9.19,-12.48,49,-13,-6,54.06,-42,-23.22,117,-18,54.27,39.3,106,108,-2.88,37,53.54,7,-27,-8,35,40,147,43.44,-31,84,50,20,37,44,16.14,54.77
6.06,80,44.15,41,52,0,26.96,35,-8.56,1.08,41.6,25,72.01,31.13,148,97,-45,145,137,-36,72.62,30.8,-18.15,-47,36.14,127,35.05,-8.27,-45,-15.01,123,112,29,38,49.43,52.42,36.07,119,-12.31,40.89
-26,45.86,3,56,-10,35,136,64.4,71.67,29.83,50.27,41,88,-16.48,85,36.27,145,55,10,-11.81,59,117,74.13,54,104,17.67,47.13,59,69.3,-11.79,66.19,47.95,6,3.6,35.18,66.46,-32,-23.83,48,3
16,47,24,65,-50,27.22,-8.19,59.45,74.44,32,139,126,-9,88,74.69,-18.98,62.87,102,-44,-12.51,121,-14,-11,49.69,53.59,115,62,-6.54,-41,34.84,79,39,55.86,20,7,0.84,27,24.14,54,13
51,31,62.06,34.21,119,71,37.35,-8.5,-4,73,20,66,29,66,26.01,11.09,71.05,110,50.24,113,40.63,17.34,-15.32,122,4,-28,27,68.72,-23.9,-35,145,64.94,-14.91,-1,-40,82,131,-11.8,37.43,51.07
31,43,71,21,110,-23.07,-34,-27,64.27,80,3,32,42.59,-4.66,-9.94,62.29,34,-42,63.86,-10,13,-41,146,133,36,139,48,-31,2.81,-44,33.81,29.77,21,28,47.21,25,44.05,38.8,69.32,15.4
51,61.23,54.01,1,45,-38,5.19,47,11.55,34,61.34,91,72,29.6,-44,56.28,55.95,29.05,133,70,-47,41.1,34,14,27.22,5.11,47,69.95,67.02,31,74.26,135,84,12,-2,15,7.78,37,108,49
56,120,59.54,12.13,20.56,1.47,83,-10.13,3,144,68.17,149,6.35,142,34.28,-4.96,101,41.79,31,-26,34.24,38.27,45,103,-24.75,31.15,-24.19,93,18.56,-29,15.01,59.97,23.58,74.51,59.41,136,16.94,103,19.05,-37
102,29.22,33.67,41.47,82,49,140,121,85,10.69,33,123,129,85,0.76,32.63,22,85,-5,8,29,29.67,20.21,63.72,103,10.42,0,-29,88,98,0.57,94,-7,68,46.66,42.74,32.96,81,-35,-43
60.73,143,27.27,70,33.84,-25,51,17.44,-31,142,114,40,-29,90,90,128,56,3,95,123,133,143,-47,65,6,-2,69.4,42,-29,67,69.01,-2,11,-23.88,22,1.29,87,39,65.95,75
-49,-18,94,40.85,-34,35.68,56,137,3.64,96,-1.91,38,-9,47,-13,-15.33,48,80,91,-30,-40,45.73,22.4,103,-21.81,11.76,48,26.21,-36,57.71,0,43,115,2,35.39,-18.85,65,95,50.51,-33
118,60,68.92,53,7,70.76,66.8,8.55,-29,73.12,25,49.16,-1,-9.55,-0.12,106,98,28,38,-26,-19.93,71.65,29,-1,18,55.88,17.2,-42,2.47,-26,4,58.81,20.58,15.3,-11,23.94,-48,8,45.41,-12.16
59.19,41.28,114,33.79,41,-13,80,67,-20,76,35,21.63,99,46,11.61,86,-43,11.39,74.52,-14,39.42,28,-7.93,-36,82,-36,-38,80,7,40,14,13.34,7.72,11.32,110,8,54.37,26,121,9
-15.43,12.73,102,14.98,47,27.37,74.33,102,23.4,-48,27,-1.98,132,117,31,31,67.03,17.43,-12.81,31,69.61,-24,-12,9,59,-1.68,101,15.06,-1.72,119,34,14.81,27,-9.66,-22.13,148,101,106,47,-21
54.32,14.14,68,-11.28,38.08,-28,36.62,66,30.74,94,35,139,104,-2,78,-23,47,59,71.31,-12.92,84,-21.48,44.75,22.04,32,-9,14.51,-21.24,29.66,36,124,-7,35,119,-6,18,61.06,-15,39,-24
30.58,-10.88,54,120,87,-48,-17.31,-42,54,102,39.78,87,-47,14,115,83,-4.15,3.48,27.56,-14.03,72,92,16,33,118,-12,-21.78,21.26,51.56,35,69.84,32,-17,-2,16,78,24.25,146,27,148
57,9,99,-8,145,-41,-2.7,10,70.73,40.26,18.66,9,19.84,6.81,20,116,15,60.88,3.06,33,39,76,43,78,58,33.53,105,41,60,38.62,-3.98,92,-15,29,-18,107,12.66,48.96,52.8,116
70.91,54.12,54.34,62.62,142,-12,128,15.12,7,-4,105,-2,109,8.15,105,114,141,-27,-38,104,36.48,-49,69.14,145,71.34,107,69,25.57,145,27.1,3.61,-39,48.31,52.17,119,-16,59.47,42,-14.14,88
-26,-2.68,127,72.83,66,125,79,144,97,3.09,133,77,19.83,27.93,29,89,44.9,2,-50,56.29,65,65,83,107,97,145,36,89,43.68,-7,59,-38,107,12.57,144,3.38,62.18,85,36.68,85
3.98,69.01,120,-23.53,1.18,10.06,6,74,85,113,63,45,85,88,116,55,122,-7.5,70.91,100,92,58,-16,10,109,32.7,94,3.03,48.66,53,40,53,71,105,88,-39,20.93,74.7,-24.61,30
-10,105,-0.64,16.58,27,63.15,133,44,-17.2,25,68.7,-34,89,7.82,-41,33.75,-14.26,-13.46,102,11,55.6,19.67,-28,2,13.48,97,6.22,14,67.47,99,134,120,43,-17.81,98,48.23,97,12,74,36.62
137,126,67.42,-23,57.88,60,6,-24.85,117,81,33.06,121,68.8,106,47,-9,6,27,-16.88,-33,8.26,88,60.26,20,143,-38,-10,107,20,23,-42,53,134,0.81,149,30.44,110,8.27,-15.63,92
50.59,56,-6.83,100,25,92,-4,137,29.71,-12,57.03,114,-30,86,125,32,-38,-49,59.49,56,127,52,49.41,49.39,7.68,-24.31,-50,52,57,131,0.6,-27,70,1.23,13,126,88,139,135,-23
6.34,76,25,124,13.9,1,-46,54,101,38.81,113,83,55.77,-24.55,86,51,-47,-0.77,33.42,59.76,140,72.75,-9.8,49,66,54.62,-50,58,17.6,41.87,149,91,12,37.83,148,136,135,-50,123,123
45,71,4.31,5.96,3.71,4,111,54,95,-3.69,-16.98,56,13,69,-7,29,124,24.84,82,46,69.67,139,-19.77,70.33,30.65,-45,29.38,52.95,67.43,124,-38,29.72,71.01,143,24,24.6,33.99,107,102,46
33,62.48,37,53,-1.74,40.51,65,-8,36.38,77,-15,-12.83,9.77,74.77,-29,2,121,-4,2.69,62.92,65.24,9.93,69,24.73,-22.27,51,36,6,5.89,-12.64,71,35,-47,113,-19.18,6.07,36,41.48,5,6.22
50,58.51,70.07,39.05,69.7,63.46,-21.33,116,94,-2.89,83,40,65.51,-13.54,104,21.55,128,58.26,71.33,77,21.5,21.96,-24,44.47,64,-11,70,4,126,-44,46,107,46.75,73.94,10,35,109,8.68,-36,-4
42,41.25,55.84,-6.54,13.64,40,-19,-7.59,-34,17.6,-16,-10.52,7,28,-24.97,118,90,70.24,135,20.37,11.28,65,8.93,-30,29.89,49.22,-7.08,72.38,17,124,-1.62,12,33.75,-50,117,-27,84,6,52.07,7
51.51,-4.57,75,-11.55,68,-16,-2.36,-18.95,51,14.3,0.01,33,2,-6,8.75,-11,-40,-24,29.75,44.49,-42,14,-21,121,29.53,61.51,-2.33,49.19,36.05,40,85,41.34,143,-46,70,50,9.57,71,-9.52,25.69
28,37,19.43,67.81,84,84,-17.06,71.96,57,-42,-10,114,39,20.52,128,-22.46,-38,36.52,59,111,2,30.1,129,-19,-21.87,18,34.36,131,-2.55,-44,43.54,72.62,-12.77,71,51.54,78,-23.44,50,0,91
57.05,5.09,3.04,63.15,61,13.12,55.59,-9.44,144,57,-13,16.23,32,48.61,111,7.65,57.47,-3.4,111,48,34.4,-47,-9,130,11,74.82,88,2.55,103,67.51,56.41,73.56,3,-10.36,38,4.16,96,127,73.95,-40
-6,51,40.37,43.95,67.44,31.13,44.17,-19.82,-42,-12,80,36.79,-16.16,127,129,51,65.64,77,-35,-26,59.78,54,25,20.95,146,-22,-20.25,-42,6.15,105,2.78,140,48,-22.89,137,30.03,8.76,42,142,-28
39,-0.5,-23.65,27,5,28.4,31.07,-12,126,-3,47,49.48,65.44,43,-14.72,123,26.12,-17.55,138,-15,95,-16,-31,135,72,66,-24,42,63.2,62.43,-2.61,-8,34,68.81,39.57,-26,-28,36.4,-0.22,19
7.72,41,70,42,69.96,63,73,-19.16,71,107,-24,55,133,2,54,20,-28,119,125,7,114,2.35,129,33.39,57.21,29,-11,59.67,-4.59,18,37.4,46.92,5.21,-34,90,41.47,68,41.39,105,17
52.99,10.67,56,73,-26,41.54,-45,-9,1,31.44,-35,69,62,37.09,49.42,-36,22,76,23.41,48.02,7.34,-14.35,21,133,17.57,-18.49,47,0,33,35,-10,6.13,13,140,57.25,102,67.82,23,24.18,-24.79
-5.39,6.54,85,62.66,18,64.6,133,77,23.1,20,65,50,-15.33,35.19,57,82,-20,29.57,16,40,-29,-10,-30,29.84,1.02,53.37,7.85,25.47,29.84,-13.91,40,52.49,-37,4.57,21,22.62,-1,50,-23.1,-7.46
-20.17,-44,88,-19.5,117,-12,42,15,6,12,59,6.7,-11,50,49,22.85,102,49.87,83,-43,-9.63,-2.01,50.14,32.38,48.05,20,49.51,-42,-7.14,0,9.63,108,37,-18.26,142,134,-5.58,36,-13,81
17.39,12.18,4.82,-49,-24.38,42.98,20.85,40,-45,-28,22.86,-5.45,123,6.77,51,59,149,-34,126,25,123,-5.3,23.98,12.97,49,-26,49.46,25,-3.53,-47,-4,48.43,133,41.02,24.4,62.32,102,65.78,-4.27,-39
59.5,42,0.4,144,36,-32,34.64,-31,10.6,-15,14.61,79,87,52,-16,4,42,31,57,-44,-9,-17.62,64,3,-47,77,-40,60,22.53,14,28.73,144,140,3.56,131,40,13.77,63,67.93,46.96
145,-19.85,81,113,15.2,-44,144,68.81,-19.03,127,-22,145,16,-3,-13,87,89,146,94,94,81,32,-13,84,39.46,-22.28,116,131,12.14,29.27,75,20,149,59.87,18,-33,-34,93,3,-1
149,71,-11.5,143,-44,50,-44,133,23.88,78,111,31,19,45.72,-26,-46,111,-31,147,-13.9,37,6,39.7,-4.9,122,55.05,40,54,64.35,63.69,84,106,0,40.07,-31,-41,134,64.19,-49,-24
-16,24,49.27,37.72,-24.62,-0.95,-6,-23,113,99,101,-16.19,20.03,73.43,-33,23.17,58.13,29.24,65,43.65,136,129,-12.98,7,68.23,52,35.67,12,47.46,-7.11,23.84,-31,4,-21.08,49.98,-1,67.01,47,35.92,129
16,18.83,32,139,-11.01,25,47.33,-14,-19,140,61.18,61.16,-44,108,33.1,-7.33,43,26.85,43.64,135,-27,-3,73.01,-6,-6.2,-13.25,-22.42,63.31,-43,83,52.58,60,86,35.23,67,56.15,123,74,83,18.34
141,1,-22.64,-40,-44,-0.45,71.46,125,69.07,-18,80,6.49,58.98,85,148,-12,54,-13.17,57,94,32,136,19.95,-41,60,5,143,125,9,44,31,127,29,71.83,45,15,58.77,63,94,-22.98
3.14,7,136,9,54.9,71,30,62,106,54,31,49.41,-2.76,89,2,63.29,111,6.48,89,-40,-30,46.02,74.84,16.44,-16.67,28,-10.17,-10,38,88,60,19.88,-0.85,-46,70.93,149,70,105,141,71
43.18,-20,29,67,76,30,-35,116,40,51.96,27,-47,-17.53,16.16,77,2,19,-2.78,47,14.06,16.99,-32,66.63,22,82,73.89,59,63.29,33,33.84,18,87,136,-46,11.96,25,70.16,61.11,-14.93,1.46
114,4.58,-34,-13.5,54,-45,20,71.51,72.39,33.17,-49,117,9.93,18,72,142,97,-32,23,15,63.45,-11.82,-21,101,-13,24,66.55,132,90,119,24.88,70.76,112,-15.69,15.11,26,107,105,16,65.23
50.52,56,9,-7.96,37.24,9.06,138,90,17,29.94,12.41,53,52,61.89,79,-46,0.83,140,70,77,61.47,-16.79,49,120,16.69,41.21,52.65,68,8,35.69,105,6,77,16.13,-24.05,-18.53,-2.11,119,132,47
13.56,-28,12.02,-44,-26,9.09,45,91,83,114,7,-15.09,-42,-27,24.79,115,38,-4,125,149,-42,28.58,81,64,-8.07,9,-27,107,-4,70.64,-24,-16.55,97,-7.14,86,-4,45,8.23,18.93,-30
49,-20,-12.28,51,97,28.79,15,-24.16,-9,6.26,129,-13,73,96,90,145,-22.13,63.56,27.2,63,41,112,-15.96,-15,-18.38,59.25,82,25.18,60.24,33.99,70,57.98,-4.28,-15.61,2,55.7,31.68,13,145,30
61.53,1.19,5.13,30,-13.69,14.87,0,60.32,32,43.91,-25,3,41.32,113,23.24,-13.97,51,-11.37,-3,96,50.98,31.29,109,125,23,31.44,-1.54,147,135,13.9,-19.25,-50,-9.91,145,17.73,3.11,-10.38,-39,11.81,58
88,-18,68,82,53,-11,34,35,64.36,-14,33.77,106,-8.12,115,6.64,31.54,142,94,-40,146,-10.09,28,-17,30.35,-27,97,8.6,9,-2,24.16,122,22.56,-3.18,63.14,62.33,-42,145,148,136,21
89,51.63,-21.67,-15.97,63.64,20.86,51,-19.58,25,29,-19.16,93,-45,43.86,45.19,37.97,27,50,-4.99,-35,5.96,20.59,16.24,59,-20,-42,36,25,65,-24,61,62,74,40.61,78,-18.56,31.23,-4.78,64,-13.12
13,56,-12.68,48,-46,-15,20,65,63,146,41.39,43,8.89,60.23,62.15,-23,54,-11,104,8.22,-14,33.88,44.57,15,34.26,8.81,27.29,-25,105,0.05,0,109,76,-10.53,35,77,-13,59.16,41.3,114
-8.07,66.39,18,1.87,16.17,-29,73,6,-24.43,-38,10.88,0.59,-18,61.78,-13.62,48.52,-20,10.6,43,18,-7.8,53.87,13,38.68,-33,91,-15,27,54.13,20.45,3,8.05,26.22,49,-38,134,114,53.48,131,49.79
5,124,20,70,12.98,102,83,34.64,141,-29,100,43.94,27,60.68,135,89,33.34,33,43.46,9,-19.01,100,38,24.08,-11,114,53.97,-9.75,55.6,23.85,92,107,44.19,35,0,-5,3.86,-14,7,139
-16.66,-16,115,62.93,87,58.39,103,-11,49,93,-19.15,1.17,-19,12.43,92,69.52,-12.7,145,-18,34,61,13.73,99,120,-2,47.72,49.48,-35,121,-0.92,83,-19,92,107,83,-5.55,62.36,-12,-42,18.98
6,52.34,-16.29,120,127,41.06,142,105,31.22,36.31,-22.38,18.36,23,30,135,134,-8,72,-31,12.95,104,33.88,14,46.78,10.18,145,115,106,65.8,32.91,35,107,-15.63,8.94,91,18,28.78,130,9,19.41
60.34,-2.6,25.7,68,139,-37,55.41,120,-49,88,-4.85,23.54,28.28,88,-30,-0.55,0.83,60,100,60.54,11.3,25,104,36,138,-12.83,119,71,1.39,62.48,7.17,-24.91,108,71,30.34,128,-35,132,-24.03,28
144,138,-24,19,-36,61,0,-5.98,16,109,49.1,9,64,-25,15,-46,45.59,56.02,-20.85,45,41,118,96,-2.97,53.53,53.02,-11,50,70.17,64.45,91,70.61,67,-16,-19,128,55,106,7,127
65,-5.3,44,59.25,-17.02,-43,-4,18.76,52.76,45.97,116,52,-33,-16,-20.19,128,5,3.15,-35,37.47,76,-3.75,-26,-20,-5.97,-28,27.63,7,45,70,35.45,-6.07,97,12,-4,70,142,62,59,35
5.7,-20.13,6.38,51,44,99,2,34.39,2,-46,67,65.89,-10,91,57.46,-13,64.88,87,-19.47,137,-46,-21.18,126,53.59,65.02,64,-16.92,11.71,17,-19.23,139,59.18,46.58,67.27,127,-34,-33,42.27,-22.61,-14.89
17.62,134,125,-4.33,71.53,-7,47,-30,142,54.69,-2.63,25.46,-28,66.65,140,40.85,96,71.08,-39,-6.12,67.47,117,59,16.01,65,119,26,50,34,71.3,54.04,16,108,-1.2,30,56.68,69,-3,142,55.29
60.38,33.62,71.04,46.39,15,48,57.71,59,1.77,-20,7,57,122,-19.79,-0.36,62,-28,-2.89,12,12.63,36,18.74,111,-28,40.71,-30,61.26,32.2,-17.24,54,53,43,46,-4.78,-32,148,115,143,140,-1
48,17.27,-50,121,-36,-45,79,1,60.87,20.05,23,80,85,1.18,39.36,-5.18,-2,85,14.46,-34,34.1,55.14,67.58,117,35.93,-31,65.07,44.43,74.32,60.89,48.05,-3.55,-39,8,-34,28,74.42,49.47,42.27,-19.31
43,66,57.46,-2.01,76,-16,19,67.49,52.74,58.04,103,134,1,-3.17,129,17.84,-7,109,109,-7.21,47.63,23,-8,42,67.2,132,-20.12,-44,15.55,110,116,-13.33,51,57,25,-4.39,1.7,98,26,122
17,108,43,-8.41,-41,121,43,-40,13.03,89,148,42.4,80,74.45,10,9.55,-34,59.24,25,21.63,78,38,-21.51,51.51,-7.62,39.11,36,66.3,-42,8.53,-5.39,66.04,23.53,-12,49,82,41.83,75,5,-12.24
40.37,43,11.11,147,131,19.8,57,-22.82,61,148,93,-18,35,3,-4,64,6.13,-4,142,119,127,3,52,-15,61.13,70.09,53,-24,-2,45,9.69,76,-21.27,65,-22.57,143,83,73,84,-38
38,94,57.62,8,13,75,-12.67,89,90,78,4,133,60,-3.63,-44,89,5,-31,13,-6.91,76,-32,117,-10.05,60,-1.57,63.3,84,10.39,71.1,36,53.38,-8.69,3.07,-30,23,79,32.05,-15.46,-42
141,10.44,-11.87,134,-46,-23.7,0.7,26.74,146,16.26,18,83,25.04,56,85,-34,132,27.98,51.79,146,65,23,-25,-16,68,51.72,147,67,43.1,-1,47,38,-35,59.49,103,128,119,128,55.5,-33
82,53.41,-41,56.42,54,14.75,56.36,30.56,58.44,-2.13,-16.43,26,24.82,-17.7,77,123,74,72,8.11,141,-0.04,23,-37,17,46,47,-17.1,48.43,64.61,67,64,139,105,-24,46.77,137,114,33.23,71,50.42
86,-17.56,43.51,144,51.75,103,56.69,-38,-20,20,13,43.11,114,15,30,19.47,84,11,18.8,-16,27.17,-3,-6.12,67.99,-45,8.55,-20.41,143,67.83,24.52,-47,109,-20.05,13,13.58,55,137,139,64.47,9.11
51,71,114,-5,105,52,59.15,44.75,50.86,108,20,44.61,39,78,62,40,31,80,16.16,-32,52.77,-16.95,-30,18,24,-1,40.78,87,73.62,24.72,-10,59.36,39,113,124,-33,-7.61,74.29,33.99,-49
-22.9,135,-2.84,30,-14.17,61.08,138,44,37.91,30,-17,67,66,-37,24.43,-33,76,53.62,29,97,-21,73.46,68,11.66,135,57,35,24,107,-21,97,-25,55,-31,26,121,55,16,-21,-11.72
-27,59.08,-11,98,37,41,-47,25.99,16.35,40.39,-1,-6.92,57.06,103,106,14.68,133,-5.58,19,97,123,6.14,78,122,53,18,4,-27,56,133,-48,-5.74,129,-7,-10.02,-37,135,-46,-6,29.5
34.82,53,53.72,52,11.86,41.88,57,-17,12.44,34.21,-40,103,28,14.19,29,5.83,-41,60,-9.18,-29,129,23.16,118,-22,12.67,59,12,142,16.78,65,17,126,43.04,33.31,125,37,64.89,30.91,-3.95,62.37
57.27,139,-6.63,-19.61,9.32,141,24.22,93,-33,29,43.43,31.82,26,3.94,-19.67,5,9.31,100,0.02,18.48,-27,120,2.92,-13.43,66.46,3.72,25,6.08,-4,113,-14.19,131,3,74.7,6.41,-9.42,70.59,118,-19.96,38
-14.88,10.58,-43,78,-24.54,100,133,-3.84,-17.34,36.8,-19.49,115,42,118,102,-21,83,149,-21,19.58,131,62,49,82,77,107,-3.76,145,45.67,7,-46,140,62.05,120,39,8,66,69.52,46.98,-24
20.51,7.81,80,38.15,50.23,37,135,135,76,-49,20,43,-30,109,22,59.8,64,-19.88,-2,68,93,6,60,-13.42,37.37,-35,-6.31,22.89,149,98,-13.57,65.62,137,26,94,19.13,121,71.32,-34,57.56
-12,117,38,137,102,124,71,-47,22.69,48.89,-17,-29,74.95,-26,-12.84,-12.89,-50,35,17,48.06,62,-33,68.63,61,-35,106,123,66.79,24,36.94,-42,61,123,82,135,95,25,8.82,56.3,43
71.65,32,-28,35.66,-18.07,-49,61.53,-42,3,-7.28,-18,49.56,122,127,-43,19.07,0.13,94,23,54.54,67.3,6.61,55.84,-20.12,-5.72,99,4.75,6.67,3,134,143,-31,51,64,-10.33,-20.34,9.05,-47,57,65.5
35,53,56,62.6,-25,-8,54,67,45.35,76,-34,-22.58,-18.09,91,-12,2.5,86,115,70,24.4,38,-0.12,16.64,58,84,123,130,6,72,105,-15,-12,-3.76,28.09,72.11,26.84,133,35,47,-24
103,67.78,1,-40,42,56.41,30.18,81,99,17.63,49.16,131,80,102,65,-16.43,-2.02,145,-40,8,46,-11,113,-9,106,67,-4.81,52.66,52.31,24.57,18.19,-14,-9,40.19,62.78,45,-11.26,86,60.18,37
127,123,119,74,59,-49,45.11,-3.38,128,62,-29,74.85,137,43.54,-16,50,-23.69,7.47,12,-7,69,75,73,45.77,61,58.82,-25,74.49,55.45,121,22,-9.78,136,9.25,-37,1,4,68.35,28.52,-8.4
-39,-44,12.84,-41,145,95,93,54,94,-7,69,103,20,15,-2,68,68,-14.83,143,17,57.09,3,82,100,29.65,-6,42,62.03,20,90,47,-22.27,74.16,67,26.99,39,-45,69,-17.51,27
-0.54,41,9.32,32.95,6.46,-46,103,57.04,67,14,64,59,46.79,43,-8,-8.14,76,14.96,109,33.89,44,30,120,26.96,45,131,62.3,141,27.94,-37,-0.64,2.23,122,14,5,136,92,125,55,12.24
32,31,-20,87,-15,14,3.62,-29,69,-18.89,44.1,11,-38,-6,39.74,15,115,129,97,32,74.9,69.68,9.45,1.51,3.27,16.63,-27,125,48,42,34.58,9,-17.88,99,141,20,-45,29,-4,108
109,-17,133,74,-23.52,41,7,-14,18.88,144,-26,32.48,29.71,49.66,89,57.15,10,8,-31,7.31,65,146,22.09,71,-43,143,-5.8,39.13,-18,-6,11,57.87,-48,32,85,39,44.21,-33,137,-39
117,99,27,39.31,57.62,25,18,3.87,47.43,-24.11,-34,-12.11,10.36,67.7,123,4.91,51,-4,80,-21.07,46,10.05,-17,101,-10.6,5,-1,-14,82,51.59,17,8.21,71,39,56.73,32.76,-1.32,49,53,-4.16
56,23,-5.17,67,31.29,-5,21,28,49,91,-50,53,-8,71.45,39.89,-25,35,-41,90,4.57,49,22.72,61,21.38,17.17,136,-24.68,73,21.34,-22.71,-34,104,-3.49,-25,72,-0.31,-34,26,-3.88,98
46.62,36.28,16.56,57.93,14,5.55,60,117,-11,53,70.94,38.36,47.12,139,86,-4,-3.34,85,28.73,-20,37,-8,21,89,30,86,120,55.11,-1.95,28.3,-31,-8.5,109,52,-13.65,-8.36,115,59,-11.1,-0.21
-22,42.66,-11,149,59,73.55,57.98,-25,104,33,27,8,-33,138,59.3,128,22,37,147,-45,-46,24.85,36.91,59.96,64.2,131,127,3.3,-5,-20,69,70.22,71,-41,99,133,26,74,36,-10.82
95,-18,53,68.11,109,40.36,52.14,-24.37,-15,13.59,33.97,68.82,0,50.7,121,41,41,59,-26,123,52.89,122,12,61.25,115,4.89,-12,61,86,13.79,19.58,-23.06,30,91,21,37.47,38,100,49,82
52.9,-12,92,9,28.47,-48,-8.12,18,114,122,129,19.94,41.72,4.4,29,-8,135,42,136,31,123,41.95,-36,35,55.3,88,-9,-7.65,-17,48,77,94,141,22,85,31.15,59.96,11.3,42,48.73
19.27,43.2,132,8.06,72,113,55.05,64,29,-0.98,145,-43,39.17,4.6,15.6,78,-0.79,5,-6,-48,10.27,94,-34,11,32.41,7,42,23.65,117,6,64,11.71,133,16,32.78,6,83,-18.07,11,25
-9.98,67,116,-40,20,-5.54,31.96,41.14,-19,61.16,77,24,-46,42,111,3.01,-34,86,-26,84,64.27,83,-44,74.83,72,21,-42,16.05,42.78,-17,-20.55,59.15,65.27,-3.74,119,-27,-9.62,9,70,6.05
-4.77,0.14,-36,146,47.57,-45,57,-12,0.03,-39,70,73,18.88,47,-40,125,57.8,78,99,-14.11,43.65,110,-21.32,29,77,53.49,49.31,62.05,143,36,46.07,58,58,5.37,41,-24,52.8,77,63,0
71,145,120,37.94,-22.68,33,77,-20.6,-18.61,18,53.88,15,42.3,-19.06,-28,40,-11,39.86,97,11.7,115,52,44.33,89,117,8.09,-48,-7.79,81,15.95,26.15,56,72.42,40.21,67.44,54,-1.75,8,38.05,-0.9
50.62,108,84,57.85,139,128,64,57,86,15.09,30,26.32,31,18.12,72.21,53.38,146,-20.38,111,21,18.25,14.19,123,-13.66,143,74.25,108,-26,74.79,35.67,-2.48,121,-23.39,68.34,9,-10.43,13.1,81,130,9.16
26,59.74,-3,-11.65,3,20,-18,75,86,39,3.13,37.41,77,16.8,60,8,37.64,99,-4,53,147,23.76,-8,31,75,21,31.65,132,-2,42,105,148,44.07,36.44,13.31,37.3,-45,16,74.52,84
13.84,69.27,1.45,57.85,61,128,37.61,-2.79,6.11,48.62,-29,17,148,12.32,-2,59.13,7,73,50,71,32.23,95,94,134,86,26,-0.52,97,-20,55.33,135,33.86,5.27,6,32.09,101,105,36.15,-19,149
116,33.91,-2,58.74,24.41,14.44,60.57,-12.21,43,70.37,47.42,-7,-25,55,-16.4,142,69,57,69,-18.55,64.39,66,132,48.57,39.32,16.48,57,-21.72,26.33,-22.74,149,96,51,3.24,7.67,-38,53.98,32,-1,-26
74.06,41.77,-36,141,3,-2,-12.74,30,25.21,35,-5.21,-28,-23,91,31.88,-18.76,67,36.51,54,125,35.11,120,8,74.68,8,-31,37.85,84,1.79,59.12,65.58,37,2,-3,-14.94,34,146,49,138,136
-49,38.83,0.01,129,108,48,-26,2,37.02,-18,-44,-23.47,116,115,3.01,-7,47,52.54,32.07,3,18.02,34,29,62,-17.91,41.24,14,46.19,67,-39,132,73,33,27,20.13,-18.8,56,95,72,79
-1,19,141,-9.04,2.65,4,-9.8,-36,77,-7.42,-14.91,-20,66,67.91,-37,5,33.89,87,2.72,87,0.25,14.47,-13,121,-14,-15.87,2.83,53.46,102,26.71,-8.72,-38,15.29,37.13,92,-18.93,12,104,69,121
66,-10.17,51,1.86,48,59.66,101,22.28,-39,98,13.37,77,118,70,-28,96,48,101,53.61,80,8,145,-21,54,-24,65.56,148,90,62,16.64,49,-27,5,58.96,10.36,29.4,67.32,79,9.26,112
93,47,108,136,-34,-19.81,65.69,26.41,-1.58,48,-1,22,32,4,-44,-38,-0.87,60.82,3,-44,109,17.9,145,29,137,47,33.96,1,71,31,30.5,26,-0.92,50,135,18.7,-14.6,3,61,132
57.12,21.95,68.87,44,-7.86,-42,89,149,78,127,-17,34,65.77,-0.31,-15.57,22.42,33.57,62,8.06,45,28,74,-5.52,39.73,68.22,2.2,28,70,40,62.11,66,12,64.69,66.42,120,-23,18.09,144,64,-33
15,-13,21,142,93,136,-31,76,-28,-9,53.75,52.39,-7,62.06,35.17,48.4,66.96,12,-14,130,121,-14,110,21.2,56,36,65.75,13.94,31,-14.72,70.83,-9.15,55.89,134,69.34,5.11,63,96,117,68
7.4,-1,66,-10,128,26,0,38,21,2.34,95,-30,-46,43.45,102,11.06,96,-3.23,86,53.34,125,24.54,64.57,30.4,137,6.68,80,133,59,68,15.21,83,-24,-19,52,42.12,138,7,8,-43
46,-5,-20.36,68.09,48.61,38.69,101,-34,20.56,4.79,18.36,-24.24,53,-24.2,108,142,-14,11.96,99,56.94,34.35,-10,5,148,-14.66,1.23,-48,55.23,65.19,-5.56,70,23.2,-10.97,133,113,105,59.88,-6.01,119,62.01
-21,76,5.39,139,17.97,97,-37,127,-25,24,81,114,68,48,-2.12,54.34,16,-23,24,32.4,13.65,72.24,110,120,140,58,48,-34,131,129,-20.04,147,121,63,50.52,54,-26,-4,29,11
9,51,67.5,10.16,-3.93,48.23,89,-22,-18,131,-12.13,125,28,29.61,28.61,-24,-20.58,17.89,-20.17,41,-18,85,141,33,-5,53.2,32,-7.05,-38,67.39,114,144,-11.3,-2.55,15.29,135,76,44.35,-30,39.07
31.21,45.62,91,7,13.38,68,68.23,26,5.65,62.8,56.71,30,72,69,-47,17.35,6,68.62,0.39,32,49.87,50.03,145,-4.28,-4,140,-8.21,-22,142,80,41.12,12,28,69,43.09,-38,114,-22,-4,38.45
30,105,63.34,100,-46,52,-3.31,94,81,0,87,42.38,20.65,20,126,3.02,-44,130,9.51,30.55,107,-3.47,19,-8.18,54.65,-41,-26,21.03,55,-11,36,59.41,38,112,-17.34,127,84,-19.33,135,109
-46,-12.42,133,50.81,-30,-12,-22,2.83,19,-35,49.73,-5.44,44,0,64.22,20,109,24,28.58,140,-32,7,42,141,0.78,86,59.14,-42,52.09,4.89,63.61,67.27,97,53,3.96,81,-41,84,27.04,10.55
-46,134,90,61,74,80,-17,113,51.74,129,127,3.47,140,65.67,21.04,56.49,-7,58.82,47,26.5,18.77,95,48,26.34,5,-15,1.77,-30,64,111,12.56,61.33,73,-5,19.3,75,-9.48,0,-2,97
70,-0.61,-19.91,-3,10.74,31.56,-12.58,31,134,36.45,46.57,134,137,67,62.99,149,62.07,-24.7,24.31,87,16.89,64,5.83,122,27.34,22.69,49,-44,112,56.07,142,-23.6,5.12,-40,45,0,139,135,-34,72.11
1,45,29.48,139,69.64,48.39,58,-2.17,-16,119,-11.41,62.09,39.3,105,-12,-12.13,95,-5.08,58.2,34,65.68,42,58,47.8,5.86,-11,122,57,4.09,59.26,3.69,91,141,25,117,96,-28,73,-4,70
103,-20,119,50.26,64.69,1.97,62,73,17,31.34,69,118,-29,31.89,138,-34,-40,64,-14.47,103,35.24,-50,-4.98,31.58,23,66,140,46,-21,66.89,-34,36.54,65,-13.37,44,81,27,71.78,-22.08,69.52
-8,65,35.36,-20.74,56,-42,43.13,70.5,118,60.51,41.68,-2.5,69.43,74.93,115,46.74,143,79,-24,19,44.82,-36,74.08,16.49,57,3,125,33.6,29,27,146,114,-10,9,-26,59,-40,60.99,-22.64,72
64.84,119,-42,-23.73,8.19,51,37.43,16.58,33.12,14,12,89,36.3,11,-18.66,51,85,63.21,62.05,41,104,27,-17.72,35.96,13,74.24,-31,-46,-37,22.76,40,41.84,61.3,62.39,8,2,-19.57,36.66,102,54.54
-7.42,49,18,46.23,60,-42,146,-2.03,30.9,9,46,5,16.27,3,88,39.82,31,-49,144,-12,63,68,95,86,147,110,116,41,52.39,48,-13,51,53,3,16.52,35.65,80,65.69,88,79
2.08,-9,59,116,48.78,133,58,26.07,33.53,-7,55.2,-18.76,62,149,-19,-45,116,15.9,-11,19.3,-50,-15.45,-42,79,18.01,31.47,53.03,59,18,80,60,143,1,-43,60,137,36.95,-40,-20.67,14
-8.52,79,-15.95,-8,22,73.58,10.36,2.4,26.45,71,38.81,28.26,-15,-16,48.22,-23,-39,56.46,94,-39,-16,33,-21,-21.04,40.84,62,-28,-16,99,81,57.56,41.9,19.2,138,-13.33,71.64,-43,0.73,2.96,71
-13.69,141,35.31,31.16,53.11,-19.23,97,-10,26.09,72.73,12.04,47,143,-7.57,149,23,4.69,27.62,60.41,-30,-9.32,51.09,-6.85,38.44,-6,-6.29,37.81,-32,72,66,20,39,-39,34.45,0,97,106,23,-2.1,100
127,68.96,117,144,0,6.26,-9.83,-14.09,-14.96,-26,73.3,34,104,30,-5,67.87,43,18.16,10,129,72.06,-20,129,19,29,43,-21,-7.55,42,-28,4,-27,98,23.58,20.44,141,120,7.92,43.67,68
56,73,-19.99,-18,44,-5,128,15.59,43,42,140,86,20.61,7.71,-16,61.13,9.82,22,87,-50,-19,4,6,-10.07,14,-9.63,-47,34.22,63.34,128,35.23,9,57.18,-29,66.29,88,18.78,17,23,118
123,-49,138,71.02,23.64,28,68,8,4,0.25,24.76,25,35.27,62.42,46.4,72,-50,-16,41.06,92,30.81,0,-9.64,61.53,23,55.01,60.9,84,51.94,126,3.6,67,24.57,16.61,-2.35,-16,54.93,23,16.4,36
2,35.61,50,120,33.3,36.06,129,-6.59,-15.7,43,53,-5.69,28,61.02,5.78,-33,30,69,-48,-5,-15,-9,-36,40,-36,22.31,-13,-10.33,-8.7,26,61,4.71,45,57,68,74.05,9,146,68.13,-17
-18,86,23,78,141,71.24,134,140,30.27,-18.2,39,149,1,-3.71,1.14,2,-16,19,-5.06,89,12.39,73.15,-18,60,-14,4,36,129,27.5,29.41,7.83,88,-5.39,30.78,68,37,53,111,-43,-19.18
2,53.01,106,-15.87,145,35.13,117,13,89,109,112,109,107,52.51,-10,31,-8,39,89,-8,41.75,30.28,119,13.13,-16.82,141,61,-3.45,-31,58.37,54.88,68,1.09,1.38,101,27.32,6,138,20.3,17
-9.23,101,101,120,27,52,50.11,112,4,-16.11,-18.76,4.77,3,6,113,82,6,47.46,131,39,-4,-10.96,111,114,98,-0.82,14.04,37.07,70,95,-30,82,32.61,-12,115,39,40.97,32.99,-11,146
-22,78,35.86,19.84,26.43,101,69.46,-21.24,105,37.31,5.15,-13.87,74.07,37.94,56,1,32,-2.03,-20,80,122,48,-31,68.2,128,-14,97,-38,145,86,141,-33,-40,-23,104,96,2.08,51.29,58,-2.36
-0.53,27,73.35,-21,14,32,71.06,36,34,43,16,80,-2,-13.74,-38,7,104,32,68.65,51,-17,-11.14,132,57.6,119,17.1,138,-3,35,5.83,72,-2,4,66.82,-17,68,142,50.92,126,92
56.61,-5,133,23.6,2,-8.2,14.56,36,-39,-14.13,32.11,-14.34,96,53.07,111,80,66,55,134,33.8,129,23.29,59,-44,124,10,-16.93,91,134,75,132,46,5.82,-26,93,53.87,26.32,12,-8.71,-7
85,2.49,34.2,11.89,22.65,31,-17,17,6.93,6,72.55,117,31.07,78,118,149,-21.87,-22.73,-15.55,-2,107,14,131,48.63,4.16,52.25,-36,54.42,-2.94,-2.79,-35,138,-32,51.75,114,71.95,-9.12,-32,46,30.26
136,8,-41,124,-22.94,30,-1.54,40,13,-16.55,21,10.85,10.32,106,12.51,-14,71,-15,0,8,-13,88,-42,15,55.78,21.64,-17,74,29.72,105,72.47,114,80,-31,85,-3,64,58,123,127
34,-1.81,7,16,-35,45.72,111,67.99,69,-31,24.45,40.93,36,-30,14.76,25.41,16.54,-22.18,96,23.63,65.39,12.9,49.35,-16,-23.23,141,126,10.56,60,45,127,55.63,-2.65,6.51,13,0.76,101,-23,84,26.9
33,80,-13.45,-44,32,66.8,-36,142,-9.1,-12.92,-7.54,86,33.03,103,83,13.25,137,16.1,129,-36,60,28.56,43.08,59.78,32,66,-19,32.81,109,56.62,91,44,18,41.12,79,140,9,26.94,91,-48
111,-39,149,139,-19.96,67.55,-24,45.18,7,7,-48,42.4,82,-19.84,113,11,31,122,-21.33,66.66,43,20,125,74.07,5.99,-12.59,149,26.4,55,24.75,53.44,12.39,-14.81,-35,54,38,90,64.45,22,77
-42,135,-47,90,1.85,81,139,104,60,115,13,-7,118,52.08,74.68,-22.44,32.6,35,-24.12,30.54,3.25,54,12.69,15.44,38.39,144,43,16.64,-3.38,59.58,-10,-33,19,-14.51,30,71.01,8.79,37,43.27,33.67
-5.51,111,-11,30.71,59,-3.92,70.42,143,-9.95,69.39,60.57,-42,-4.14,95,-21.2,-9.92,68.28,108,21.71,43.67,53,55.76,-13,44,-5,81,27.61,-13.2,15,-21,-28,-21,95,74,19,3,90,-17.95,120,73
23.18,12.87,85,3,-19.97,0,122,7.01,12,27,69.22,39,69,-6,-23.74,-27,31.98,-6.86,20.68,35,105,-29,79,75,37,6.52,142,62,27.52,23.29,-15,112,111,133,57.23,10.81,70,67.25,146,54
-13,54.19,-21,51,72.42,70.53,85,19,-21,-32,82,83,77,24.64,26,120,65.51,29.4,-25,77,-17,93,132,93,-43,2.78,-49,-37,9.43,-19.86,52.34,101,26,-5,135,63,115,149,134,100
-6,118,-21.57,-33,31,69,120,-17.48,-7,1.6,19,25,-17,-38,21,130,74,45,25.21,-31,43.3,-43,128,-47,10.06,29,115,-2.17,53.48,37,140,-2.58,54.87,40.41,23.27,0.76,127,-7,24.13,126
-35,-10,59.28,43,44.58,-12.15,-10.48,-20.18,-12,83,3.2,34,113,60.5,105,64.65,15.18,50.4,1,-28,38.22,49,54.6,54,53.43,143,13,136,88,74,22,-20.97,137,112,39,43,74,85,69,-22.41
48,-20,12.16,90,138,68.94,5.15,136,62.09,-33,113,25,-6.98,51,120,45.47,2.75,80,-21.29,42.1,-27,50,64,59.3,-16.24,23,71.42,3,38,17.74,44.43,7.51,-17.76,65,149,128,-50,12.92,113,-25
31.99,47.75,51,65.09,105,-7.48,-15.76,22.98,102,50,50.7,36,55.61,-24.53,8.66,121,131,-24,9.74,-10.23,1,-45,91,-20,119,30,28.94,37.77,53.59,20.99,-24.25,50,87,63,1,-5,84,131,115,-5.71
39.15,22.61,-0.46,-0.98,89,-24,12,50,11.78,-27,70,102,-4,-19.56,-21,31,115,52.47,33,62,32,7.39,69,10.03,-8.26,-1,16.37,86,45.36,-5,24.34,-10,58,88,60,-18,1.75,-44,-13.87,46.79
8,19,8.29,-22.76,-14.36,72,73,29,21.53,93,21.3,4.09,23,64,-15,-4.21,107,-19,36,134,13.1,1.14,100,37.8,-3.67,5.97,136,1,131,29.79,56,54,9.22,15,76,-1.72,61.91,-44,22.41,-17
-2,64,-47,72,13.46,25,5.74,-10.67,70.18,60,43.29,27,-44,72.68,43.53,-0.81,123,40.11,15,40.96,137,1.63,33,30,-16,14,-36,60,-11,14,-12.57,-18,108,15,41.45,-47,68.01,-15,74.93,1.12
136,79,-18.54,58.51,129,-38,63,82,58,127,-8.45,-43,31.01,144,39,43,130,89,99,-28,-39,59.66,123,11,50.05,30.48,127,-13.86,-25,48,97,58.98,63,98,30.09,-15,-3.73,36,-7.46,117
128,8.73,-2,70,100,-19.98,-39,-3.56,68.13,97,-43,28.99,-19.41,2,16.53,21.55,-19,-38,21.06,148,34.24,61.49,60,-32,111,50.21,62.03,-1.61,-49,147,38.48,96,18,79,27.39,39.97,-9.46,26,-21,49.93
-17.53,1.92,108,26.56,115,130,96,74,60,-1.68,-38,64,8.67,26,41.47,111,56,-14,-2.01,-13.34,73,60,29.82,146,120,114,-15,66.67,-14.86,47.89,15.62,30,145,45,-16,50.87,60.59,68.5,31,-26
56.48,-0.02,-41,43.53,21,74,70.95,111,45.01,-10.78,40.5,-23.64,64.31,51.73,32,64.77,28.45,44,121,48,-4.96,15,14,64.52,-50,15,-17.01,-8,68.92,-34,59,65,73,143,100,18.45,-23.48,49.27,2,31.46
1.23,140,19,78,86,40.59,38,54.6,70.63,120,56,129,-33,79,55.63,-23,37.84,137,19.25,-30,38.44,26.96,-24,94,16.19,94,-45,-6.78,-6.87,7,37.55,44,46.45,18,-19.81,-50,-10,0.47,65,-15.99
73,56,65,3.6,33,-3.05,74.62,56.44,100,91,-11.82,8,3.6,133,72.83,4.3,40.06,44.23,77,6,2,128,52.66,130,74.22,17,0.37,-1,25.49,30,114,-21,32,98,-9,-45,83,-17.76,-8.74,-20
-0.36,-49,-48,131,36,-19.62,60.12,13.58,-1,138,33.32,-13.57,5.87,17.53,132,71,51,29.98,66.83,70.72,40.31,55.98,60,-15,-35,-39,33.27,12.5,93,145,59.28,-2.31,-34,56.5,67,119,-43,17,-15.25,59.43
30,-8,39.1,19,13.53,-49,113,-3.43,87,41,93,36.59,65.04,82,102,55.12,-20,47,147,-4,5,10.1,42.45,23,119,19,71,98,-32,11,146,-47,34,55,72.05,90,-15,68,94,11
53.24,62,-48,44.72,45.15,55.23,-14,137,-28,70.43,33.59,-44,124,24.4,86,-40,28,67,-27,-34,9.11,63,140,37.84,-23.57,58.24,135,105,17.07,39,-13,1.29,139,50.97,78,86,117,55.98,68,56
22,50.04,51.04,34,41.15,-21,14.49,86,-6.14,33.07,114,116,3.49,-9,110,51.08,21,13.66,73.94,31,-17,135,147,72,52.29,-22.03,75,74.08,59.17,3,-9,78,136,30.77,8.47,-4.53,56.16,117,135,97
117,3.77,-49,10,10.23,23,28.06,-21,133,59.27,76,110,-7,148,-33,79,25,59.75,53.71,61.48,41.97,-30,-25,-21,-21.69,38,44.65,101,-18.41,40,42,61.89,-49,74.66,-13.43,47.53,13.49,75,74.11,139
77,1,108,126,-23,-4.72,40.02,45,32,77,38,74,71.95,85,-24.16,35,94,111,78,-8,16,65,8.17,-20,3.77,30,74,98,13.72,-17.89,-24.29,124,125,-22.79,59.7,48,33.63,23,38,-33
34.59,50,47.61,126,67,-13,100,109,-6,33,107,127,129,0,-49,18,22.1,-8.09,-23.43,-14,64.08,7.46,38.7,-41,14.38,99,83,19.06,11.68,89,67.52,99,138,4.54,-32,48.84,51.12,66.56,108,40.79
114,130,148,116,-47,-8,40,102,-22,56.84,9.09,-11.31,135,148,43,8.99,55.05,59,-26,28.37,17.38,19.04,-42,124,44.54,85,63.23,-17,37.18,11.67,81,-6.09,-19.71,3,13,39.77,30,5.4,-1.68,-42
53.3,37,123,36,70.83,50.36,-3,-6,17.7,48,69,130,20,-22,145,21,149,-37,31.85,129,132,-14,18.51,27,5.59,63.39,103,126,-10.81,-24,-1,53.81,-17.86,74.41,13,30.88,133,113,40,13.24
-38,131,21,20.28,125,23,144,-2.28,-17.58,66.77,84,-6.68,5.21,-10,-22,96,11.23,109,39.43,70.13,40,80,144,67,127,10.68,55.31,136,63,-30,18.33,48.22,23.95,3,-2,102,-36,11,64.03,128
46,136,89,56.42,42.39,148,11.59,-46,36,97,51.47,35.25,38.35,12.25,53.21,2,49.86,2,-14.3,-45,-33,115,-6,9.42,56.19,106,12.48,-6.74,-22.76,17.24,56.66,144,44.97,15.73,-24.46,-50,-42,64.74,97,47
-12.14,75,18,0,14.93,45.57,31.76,93,-4.51,-22.72,116,49,66,-28,125,16.23,-7,101,77,66.27,-37,80,-7,4.28,124,43,35,108,-10.97,45.41,80,-17.09,22.41,118,12,11.47,41.75,29.72,-9,9
46.09,-15,-3,20,-8.22,28.54,-24.75,139,149,-8.34,5,87,40.96,-28,22.52,115,144,49,35.81,-6.7,51,129,-8.45,7,99,22.96,14,36.54,147,50,4.67,12.83,87,-15.04,55,33,132,126,53,53
68,63.31,39.95,146,-12,9,26.03,-23,64,63.2,140,106,17,58,22.73,110,116,-24.66,39,147,-13,-5,60,140,39.03,9,-43,75,20,10.52,10.56,15.55,14.04,-21.24,-21,19.08,111,12.29,-13.83,28
-2.75,-22,-8,4,39,17.34,11,30.81,36.89,42,39,14,8.49,51,144,-13.33,4.05,42.06,4,-39,2.89,68,96,92,103,-28,20,-6.97,0.87,-39,92,5.5,128,25,59,46,90,110,-32,-12.68
49.95,-14.23,46,84,-11.05,66,139,-15.4,-10,32.11,-37,-1.27,-8,-26,40.06,-1.2,117,-2.89,23.53,-26,50.04,71.55,13.77,107,21.86,-19,44,67,89,55,-2,6.37,-38,-12.42,-30,13,21.91,118,133,142
21.34,16.35,85,13.77,31.77,106,65.61,-47,-7.58,92,6.46,0,9.07,122,-6,-38,2.13,-22,29.23,66,36,9,9.02,81,123,1,46,32,56.59,143,102,50,122,-16.57,2.7,36,25.83,129,144,-15.18
98,117,4.33,59,-7,72.15,31.05,-11,54.7,90,9.45,73,140,15.78,1.97,-2.22,46.81,-2.17,56,-3,142,118,45.34,-15.71,-3,-30,147,52.21,-13,77,127,26,112,38,146,71.34,70.34,1.89,17.32,53.1
-49,68.38,63.27,21,59.96,45,4,-10.58,53,-9.92,59,66.01,-16.95,31.14,-10,149,-18,97,4.04,16.18,136,-21,52.51,142,106,-20,133,56,60.54,41.06,104,146,4.01,26,116,67.41,138,7,0,11
110,29,-6.1,106,94,74,56.22,11.82,3.86,62,66,41.91,84,108,28.36,100,5,-50,19.38,0,-8.13,86,95,41.19,60,57,74,20,21,68,36,-22,14.78,92,40,29,56.34,64,32,14
53.84,-22,28,-16.98,60.09,9.68,-46,62.47,3.05,51,8,112,39.26,-32,40,26.49,-5,72.82,38.06,6.42,66.88,-45,68,-4.35,9,102,57.03,-32,37,-2.22,148,32,44.42,6,72.98,2.28,74.92,16,68.6,38
22.11,17.95,145,-5.64,30,84,32.07,62,55,75,-19.07,60.01,65,47,40.83,-29,65.95,-47,108,46.8,56,45,22,-40,-48,-22,36.98,120,46,48,83,3,-12.53,62.69,59.02,-3.33,-22.94,8.14,121,72
12,58,5.82,126,71.89,-16.25,102,-19,28,-18.53,46,53.12,-13,-36,32,58,60.45,91,25,10.95,-10.54,-11.63,106,-34,10,4,-30,53.14,6,42.71,44.55,3.52,28.63,29,64.63,42.07,41,89,132,131
-21.34,89,-36,-23,99,59.65,-25,134,76,48,25,-37,64,-36,90,58,90,52,40,141,74,14.95,-13,-27,136,76,-36,53.08,31,84,27,66.83,-17,126,19.58,4.04,96,110,-10.95,17
23.34,-26,34,12.47,3.8,48,-6,-26,94,46.54,53,-15,109,-37,28,54.33,-49,67,72,-46,41.75,-13,1,39.32,57,29,17,25.1,-10.44,-34,-22.9,6.36,-7.22,29,18,36,63,77,63,53
-10,-17.95,5.15,72.25,80,-16.41,-8,-50,77,69.93,83,66,-24.61,37.34,6.11,-39,145,8.89,14,-15.19,7,-25,16,-49,-40,-49,31.86,131,99,17,-20.66,-11,17.08,112,46,128,48.61,68,111,46
19.25,22.73,146,16.54,108,130,3,142,1,-20,45,11.14,-9,124,47.52,-21.2,24.3,8.83,8.91,36,58,86,14.84,21.53,10.48,71,-23,132,-4.83,-47,46,14,90,116,112,31.51,-6.19,4,9,10.44
-20.6,50,-23.8,9,122,-24.88,25.07,26,103,27,3.16,106,-9,9.41,52.68,56,17.02,-20,-12,-24,141,27.01,41.83,-5,120,36.15,24.72,134,119,57.17,-14.01,122,36,-4.75,30,46.08,9,12.24,12,58.32
34.95,-22,12,39,51,25,69,85,105,148,14.98,-45,22,-31,8.09,6,19,65.59,11,-13.3,27,53.44,-15.3,34.74,17,-23.83,-3,64,17.08,128,123,62,2.34,9.67,-49,28.16,145,4,50.21,41
120,14.88,20.56,-38,71,18,126,-49,-37,-9,73,68.33,113,18.31,134,3,-37,72,-33,-31,-16,-22,88,-3,88,67,99,-34,69.97,-3,-3.83,35,48.67,67.22,28,134,70.17,-15.03,5,63.4
113,46.07,-7,52.06,52.92,-41,83,41,-25,0,-24.31,-28,-15,120,55.61,43,21,60,64.95,0.91,94,23.47,-6.71,59.63,42.3,79,86,-26,-15.16,98,134,-21.61,43,8,79,48.35,31,-30,39.58,134
122,98,24.53,16.95,52.21,-24.25,-24.41,-23,-27,112,-4.43,13,125,45,83,12.17,40,123,27.61,70.36,6.99,108,36,67,26.17,33.91,9.85,17,74.33,46.47,20,40.13,122,43,47.3,-6.7,60,118,46,68
-18.25,117,-17.98,41.28,102,16.72,-11,93,55,138,96,-27,50,24,83,50,57.12,105,27.49,13,90,-41,16,86,6,35.27,6,-37,50.12,123,48.18,-10.65,-10,56.05,135,66.48,91,37.1,75,38.01
5.25,-27,95,143,144,-3,15.71,-28,-37,-1.67,120,-26,138,-6,48.43,108,62.38,45.13,77,58.98,115,-2,59.17,-6,-24.94,132,32.32,125,145,49.44,-12.96,36,52,0.69,-18.25,3,137,66,38.74,-18
13,25.99,57.79,3,-3,47.76,83,22.35,33.34,-0.14,79,105,-3,68.02,81,8,145,85,29.14,86,32.51,32,-15,-12.67,6.67,-14.48,31,34.23,142,15,134,68.89,5.27,18.93,52.76,16,31,-17.51,32,105
-44,58,118,-9.64,11,67,65.37,101,32.34,28,100,-16.83,30,72.35,33.75,139,-4,1,-26,100,103,10.65,-43,56,103,49.65,42.39,64.77,33.89,139,16.14,124,27.75,61.31,119,-46,57.41,-28,81,1.16
70,-31,93,14,140,65,-19.49,-21.26,-4,21.8,62.98,71.25,-13.62,35.23,50.43,54,48,69,4.24,33.96,-8,114,-6.99,25,-5.31,62,14.58,21,-14,122,135,131,118,73.07,46.42,59,134,-4,96,41
53,64.12,64.82,24.61,88,25.82,42.63,-13,21.23,62,-22.7,-9,32,55,-18,-32,-14,31.65,-28,28.42,46.62,-13,-26,13.97,-37,51.88,41.46,94,54,62.76,46.98,-20.18,101,-23,-24.12,34,115,116,60,-5.59
94,-15.96,-6,60,11.47,83,67,-20.22,145,23.49,48.3,-47,28.7,34,-45,23,-15,108,124,62.35,-25,16.83,134,52,91,123,30.84,143,45.33,-5.53,-19.64,-16,38.79,-20,25.27,65,93,83,4.05,12
12.26,36.39,-19,83,18.61,-12.5,65,39.11,59,74,103,144,35,30,31.21,61.87,58,36.98,142,1,-21.03,51.78,59.03,8.51,31,138,136,3,76,55,-37,59.92,13,39.74,-7,7,71.08,-37,22.51,22
121,44.96,-18,14,47.44,115,-5.12,51.2,149,72.01,9.44,77,-10,71.3,-17,35.52,142,47,-3.71,44.81,50,8,6,21.77,32.32,123,63.52,39,-10,17.83,61.09,34.76,63.81,131,-5.05,-17,-7,25.73,-8.12,131
4.07,73,-10.49,107,95,70,27,14.03,32.02,38,-4,129,41,139,-4.83,40,3.31,123,37,51.21,99,117,-21.06,-25,36.69,99,44.13,-9.47,-12.95,32.72,70.07,142,37,69.59,4.49,41,19.95,106,40,64
89,65,146,28.75,-26,21,57,10,-45,55.48,-26,96,67.92,-45,29.72,141,21.25,32.89,84,35,124,-35,21,38.69,-9.37,14,118,38.77,-42,47,-10.47,13.43,36,38,136,-4.61,134,23,8,47.38
26.83,4,135,-42,145,-5,-19,-45,43.02,17,3.74,67.3,-24,29,16,7.76,72.49,131,41,31.75,-2.03,30,14.15,9,12.49,50.56,84,-3,29.39,24.77,-29,-15.54,-3,22,60.43,112,23,65.9,131,-49
27.91,31.66,-2.87,86,-15.98,47.52,9,59,-22,116,111,109,38.61,-41,111,24.08,11.18,57.62,122,19,32,22,-22.82,59,23,126,68.42,20.13,123,44,132,65.74,37.15,61,-3.66,64,0,42.1,-7,64
3.31,125,63,1,-19.72,-24.5,11,54.95,-36,-9.37,135,57.69,-37,95,80,74,58.92,64.28,-16.79,144,141,1.71,-2.46,0.93,148,-32,116,14,35,6,99,36,33.65,136,12,25.6,93,61.72,42.8,-24
21,132,24.6,107,83,-7,95,148,-9.27,61,56,59,-21.62,123,56.71,85,-3.45,8,46.91,137,-1,49,9,120,25,-10,15,-2.2,11,15.53,136,111,-5.34,36.9,59.67,99,69.47,146,20,-20.07
45.05,80,31.72,37.37,-23.51,89,52.74,23,28.29,10,50,-47,12,104,24.7,-28,12.09,38.86,-19.32,-20.76,71.06,49.48,69.44,-48,45,58.5,-18.07,2.32,131,-2.92,-22,7.39,-7.61,10.45,72.1,121,146,4,49.45,120
105,57,89,49.25,34.11,-4.17,3.54,71.2,72,66.11,47.84,5.77,-10.17,118,110,-43,59.2,102,51.49,3.28,21.08,70,64,-33,56.11,-20.94,-16.6,3.48,29.06,14,-14,90,-31,50,61.49,51.15,62.82,2,33,23.45
-15.05,-13,63,19,-28,10,20.09,10.02,63,49.44,108,-4,73.53,70,-1,19.3,-49,38.62,15.81,75,-27,147,70,43.8,-8.42,10,6,35,-30,16,-9.63,51,15.76,71.33,33,57.51,143,120,93,9.76
64,-17.62,72.47,-34,8.9,5,66.81,50,42,113,64.82,118,110,48,16.19,32.65,61.1,55.81,121,-4,27,48.62,36,-9,109,51.63,9.67,-49,7,73.03,27,44.4,130,42,-50,-9,-41,32.13,-15.53,-6.92
43,26,71.11,46.6,-6.59,-14,74,63,107,41,60.7,-20,38.8,27,110,-33,29.53,94,36.04,53,62,35.07,72.83,-5,-25,4.41,-14.82,89,32.59,17,54.15,2.63,29.38,41,38.59,89,31,18.9,15.62,78
28,48.7,66.41,69.82,27.18,-43,55.05,-10.96,-7,1,45.63,111,9.35,-14.73,37,61.51,-18.42,129,25.4,27.2,-10.98,0.07,55.81,-4.67,116,-34,3.7,149,79,40,90,64,-45,12.79,-35,40.96,126,30,105,42
-14.95,114,54.81,82,108,125,132,21,47,67,-1,-21.76,116,1,143,134,17.01,115,118,7,121,49.96,-47,79,92,66.86,-4,-0.79,33.95,-46,27.98,-49,106,-37,4,30,58.84,-49,41.6,97
21.29,106,134,82,70,37.66,15,33,53.75,-15,-40,40,-12.63,31,49,29.48,34.96,67,-39,39,-7.35,-40,6.2,148,-17,-9,95,110,-10.69,55.04,61.26,60.96,32.7,-18.96,-16.16,27,45.94,28.34,82,110
-3,-38,1.12,90,70,94,121,56.7,64.09,4.54,21.86,8.42,0,62.77,-13,35.14,16.81,135,-21,23,-33,87,48.85,12,42.86,-16,119,133,92,126,71.26,-2,-13.4,122,64,25.76,-19.24,13,122,-31
29,92,-35,147,30.61,-14,52,-36,7.12,-36,-10.76,-17.23,-10.3,61.01,-19.41,121,52.28,108,-22,-24.83,63,8.2,-41,-35,33,43.52,40,88,-14.54,-7,105,90,-12,34.07,-16.7,40,146,-4.89,30,-17
-2.32,115,135,59.18,29.34,36,97,115,-0.62,-4.9,40.45,7.93,73.42,6.62,59.61,40.27,87,-6,128,96,-43,131,72.1,41,61.66,104,27.95,-44,-18,2,20.96,-2,11,111,-10.3,149,-47,73.72,25.27,67
0.05,63,-10.21,6.4,58.33,111,85,85,143,135,44.19,-16,113,68.18,75,21,-11,-2,-19.4,42.99,28,63,50.26,20,8,-16.54,59.43,35.68,-12,12,47,68,62,12.95,-13.79,-37,21.37,46,77,3
73.38,-23,29,72,106,140,11.43,42.06,67,40,128,37.8,116,28.02,11.86,18,40.2,-11,6,-21,-49,107,40.74,71.96,30,136,34.56,51.43,93,51,-13,72,29,31.2,87,57,65.85,-21,-40,79
141,142,44.25,-22.54,46.61,71.01,-42,7.13,44.93,2,49.39,71,-7.98,62,-1.82,77,-25,-24.33,89,122,75,13.38,29.24,127,17,80,14.67,79,109,-15,28.49,-10.07,-8.24,28,-21.85,66.63,-17,118,-27,10.38
6.61,65.58,2.43,-4,72,17,52,-6.72,3,-13.38,14.5,66.24,34,118,-41,108,73,9,103,129,51,125,18.32,35.14,27,15.09,99,-17,9.63,8.97,107,95,54,-40,108,54,-34,9,106,-10
142,50,2,33.7,-5,11,30.14,46.12,147,47.7,110,26.02,21.45,1.39,16.17,-19.77,-15,-4.89,147,-10.61,50.11,-42,35.25,27,87,53,141,26.12,62,35,66,56,96,18.35,103,-44,-15,109,12.16,16
53.04,16,-21,-35,16,-20.55,42,-5.64,3,-37,91,-18,58,13.21,26.1,-42,3,74,141,90,144,144,67.35,38.51,87,127,56,18.27,12.5,17,-34,141,140,62,76,67.73,67.52,68,50,-4
14,101,-13.44,36,66,-21.31,32.43,136,17.49,131,4,38,-22.48,16,1.67,57.59,102,58.58,16.47,-35,135,53.13,-45,-14.8,146,-15,22.34,-40,0.88,14,138,67.55,-8,-10.81,30,74.94,29,106,39.13,28.34
36.32,5,51.16,60,3,12.36,11.99,-15,106,46.48,-49,-38,46.93,71.66,-9.73,-46,47,65,20.58,98,-50,-23.8,91,-18.1,-14.69,36.42,9,95,69,71.68,58,12,-8,101,110,-23.99,112,-24,-16,139
50.34,-16.99,118,4.78,-23,17.14,109,35,2.95,144,76,51,-31,100,23,1,129,-22.16,-7.48,149,54,22,68.23,17,43,71,99,-36,35.44,41.18,120,-30,56.07,19.32,80,51.28,86,37,10.71,-28
119,138,45.43,35,44.05,-36,121,132,60.73,49,6,139,-17.75,16,-3.23,125,24.01,-12,58.83,65,-11.14,-43,36.92,-16.65,65.94,144,16.65,11,-33,76,-24.47,81,20.75,130,73.58,15,13,55.72,15.88,-21
-31,-10.5,24.94,2.55,-46,34,43,3.31,100,134,-11.05,141,99,7.63,-2.42,99,109,36.79,18,53,35.59,24.98,28,8.43,36,-47,139,76,-11.24,57.27,148,5,-39,73.31,-0.19,57,81,32.23,-5,28.8
-23,110,37.16,23,55.22,-21,4.9,130,-45,42,38.06,9,79,-36,135,13.12,89,27.85,57,106,-38,-8.97,30,73,73,146,-35,32.56,-30,125,-17.06,25,93,102,-29,-17.75,32,21.96,-19,86
49.06,15,-2,24.26,-6.6,-8.96,-42,129,115,-34,-34,65,-12.09,-2.09,98,69,55,14.05,83,100,81,52.41,115,-12.15,0,-14.94,62.98,35.53,53.42,29,120,91,142,7.59,11,13.39,11,8,127,2.19
-21,40,-17.57,109,11.24,-16.8,71,12.52,31.4,28,111,92,49.73,33.74,19,55,64.52,70.7,30.22,53.04,6,136,90,16.32,-22.97,66,10.27,123,42,28,-9,144,129,44,102,37.7,131,-28,113,9.38
-45,-0.31,76,7,32.89,28,132,74.99,43.53,96,45.95,37.16,79,89,37.1,-5.94,-18.77,-8.14,1.98,20.01,23.76,95,23.05,57.68,-36,57.04,51.87,22,-4.3,13,-12.1,145,99,126,6.87,68,31.6,134,23,106
39.88,56.13,99,60.98,6,92,22.28,41.39,72.71,32,69.64,88,-42,89,147,48.01,43.99,-4,4.44,70.12,149,-18,22,146,53,130,129,-16.81,-36,73.68,111,91,31,137,10.01,38.18,-24,59.54,30.22,15
35,126,56,74.46,39.07,36,85,61,25,27,-14,25,139,74.87,76,142,-26,40.81,-27,17,29,51.37,-24.63,-24.98,57.91,-14,144,-6.49,-9,112,8.76,-8.97,101,91,46.7,43.35,23.83,29.66,21,107
20.85,-2,74.83,109,-9,134,92,13.86,-11,35,-13.39,100,-50,-33,40,-38,18.27,14.73,52.25,139,30.01,14.96,35.49,34,88,43,-2.53,78,-8.8,36,128,31,114,27.55,-23.41,39.42,68,-42,27,-44
-36,104,9,39.1,59.6,-9,124,-17,9.16,19,-9.5,101,13,38.52,46.88,79,43,35.28,75,17.84,62.13,0,34,-40,-24,12.96,84,-1.96,75,-6,1,63,-8.16,60.08,-43,143,11,26.04,-42,48
-16.25,64.74,140,75,2.54,48.6,78,108,104,30,95,21.11,59.52,60,48.87,19.76,4,-2.75,37.87,81,84,101,-33,-47,25,27,33.96,6,36.52,7,8,100,-39,6,52.7,138,62,98,20,39.77
28,-7,45,132,36.62,46.08,-5.14,-23.89,29,38.98,13.45,58.29,37.43,101,63.69,-1.11,13.86,17,103,2,-31,-12,143,13.49,42,50.95,39,69.47,55.63,35.78,52,25,40,55.26,31,139,47,36.18,-19.97,34.96
117,19.76,54.9,43.68,63.97,19,40,35.03,107,56,143,-13.36,82,121,97,129,84,33,67,51,-23.43,73,132,49,137,54,32.23,96,129,37.46,18.42,84,71.91,149,73,55,74.03,-3.86,-4.89,14.14
-20.11,94,-45,42,-50,11,14.62,138,137,17.67,37.5,9.6,-22,-1.1,117,-12.15,56.67,38.42,-3.53,-0.33,73.97,12,-11.71,58.13,64,72,121,147,61.71,24,-14.97,29,54,62.45,80,-8,96,30.52,149,2.38
38,45.24,-47,23.56,67.07,-21,-13.89,5,114,-24.94,14,-11,-9,2.73,22,110,130,66.65,49,-11,124,-16,33.48,64.27,84,84,98,56.29,-5,52,149,5,63.42,128,16,129,25.72,43.08,-14.22,-38
-1.5,5,124,76,57,-18.42,50.59,60.92,-5,-11,-41,149,10.34,32.22,65.07,19.67,-45,118,55,1.78,81,22.79,22.32,-42,8,43.67,-21.23,45.56,-24.2,35.9,90,2.04,78,104,20.47,72.93,69.38,67,57,108
29,-2.15,48.4,-18.79,-44,-38,-25,19.46,67.42,26.85,99,-11,126,66,3,113,46,20,17,106,54.11,46,16,-43,-37,-46,-12,95,-11,90,57.19,110,147,-20,39.72,22,126,36,-19,39.47
19.45,121,80,-5,-27,79,-11.27,73.41,58,18,114,70.15,14,21,36,111,45.12,109,0,-14.31,26,9.52,42,10.83,17.08,-4,36.33,56,58,0.76,-26,-16.01,-18.6,58.15,3.76,18.49,6.43,41,-27,32.75
-26,62.79,121,-3.92,-22,14.78,-45,90,-15.4,111,36.09,6,86,-12.61,57.73,65,27.8,-24,-21.56,109,116,66.14,-33,86,-18,40.88,11.75,147,-32,70.87,20.99,61.66,57,119,-18.4,-16.64,-13.74,-8.8,28,71.6
56.85,13.06,65.09,123,28,71.01,8.18,-3,-19.47,60.69,-18.27,-13.13,-15,19,76,127,85,-16.6,138,-10.49,133,-30,104,-31,27.57,-5.25,46.5,-20.45,12,37.22,87,-4.57,8.57,37,29.81,36.02,7,61.29,70,45.96
36,3,55.37,18.12,-14,109,90,-19.61,60.67,15.1,71.45,124,28,44.33,-41,110,80,74.92,-17.05,12.02,-10.25,-24,54.58,-14.7,-23,19,67,73,-29,-5,58.66,118,-14,-16.88,124,51.58,19,-40,-22,70.75
43.1,0,10.84,14,-27,-5.4,16,-19,60.35,18.47,53,144,8,137,-7,3,-9.49,85,-24,41,144,-2,20.61,50.75,39,69.66,7.49,65,-14.07,116,62,85,73,14.87,72.13,41.41,37,-16.16,40.57,39.89
53.24,35,61,147,-7.81,107,67.16,88,-22,54.44,66.78,14.07,22.5,-1.52,-5.93,31.36,57.21,-38,3.77,7,54,20.04,65,-0.89,6,72.33,14.76,27,103,15,19,72.8,16.88,107,-15,5.11,10.3,66,11.23,10.94
71.65,22,11.8,125,24,-25,-3.65,60,47,-7,107,81,55,81,36,20.57,139,-13,139,79,-23,66,97,43,45.92,79,-18.93,31.7,109,42,55,46.78,49.02,33,-2.95,8.23,-46,55.34,105,72.92
69.64,13.57,35.62,18.78,27.99,6.65,127,49,2.33,30,19.9,24,79,40.95,44,69.14,-50,-7.66,-46,-6,20,13,67,60.79,-23,22,11.81,10,120,-10.34,84,116,-18.53,69.53,6.35,149,23.77,67.52,37.35,45
10.5,98,57,112,-19.75,0.33,64.18,-1,-49,90,67,72.65,135,54.85,63.2,124,48.04,62,-33,-13.98,10,6,21,5,-14.91,50.74,122,61.77,50.88,72.06,135,25.19,-21,32.56,35.88,35,61,-9.82,43,110
93,-18,73,117,144,44.94,-10,24.56,135,47,-22.31,17.68,94,131,111,73.5,111,63.5,43,108,-40,-47,145,43,57.39,8,45.1,-4,124,-21.05,17,102,5.06,11.31,147,-30,63.85,143,-10.95,89
118,7,-14,-49,-0.14,-22.79,110,-4,94,107,38.51,102,-28,31,11.01,75,65,27.02,54,104,-19.76,79,51.98,81,58,-50,-48,47.72,36.39,141,52.33,33,2.35,22.16,-24,-13,129,12,104,72.31
134,-4.42,14.07,44,126,-3,1.05,127,31.87,-25,-37,-43,-21.62,42.33,-30,78,123,80,19.36,91,133,-14.88,45.4,-2.75,-21,27.98,50,-19.65,21,145,78,25.6,67,69,-6,16.39,54,60,16,-36
-48,-19,-32,38.95,-6.32,20.45,-6.98,-2,-23.87,101,149,122,69,67.52,-17.93,1.87,54,74.7,26.16,31,83,46,134,72.12,53.89,46,-35,41,32.12,-10.36,38,-42,-5,38.97,57.66,86,-9,-6,118,8.99
47,-7.74,-24,139,27,58,-16,43,113,-7.92,51,35.58,-13.75,92,55.5,29,91,31,39,73,62.21,46.26,6.88,76,-36,142,-13,82,-6,114,45,121,98,18.85,70,49,-44,126,10,65.87
-21,88,11,-15,-23.15,-10,99,102,6,-14,129,4,34,103,26.31,-31,-25,-22,-1,-19.69,26,46.1,63.33,32,70.45,31,66.48,13.54,67,94,78,84,138,-6,-33,59.93,-20,-34,71.51,65.46
-50,9.53,-6,-22.41,45,-33,14.03,16.26,20,-13.04,99,13,-16,50,88,114,28.24,21,114,27,67,2,137,-3.48,63,43.19,56,8.52,34,31.33,-0.07,11,-27,8,-10,72,32.6,19.85,-10,98
-5.79,96,-3.99,110,-19.59,76,73.32,10.6,4,56.23,-3.22,1.27,91,-4.32,55.59,11,56.51,101,75,88,26.51,-26,0,119,87,-19,23.6,-50,21.12,24.1,-48,77,-27,74,29.99,-6.18,37.45,-12.59,24.02,66.43
145,-21,70,82,8.44,58.1,22,127,-24.64,16.35,87,43.98,22.38,-21,57.98,-36,36.12,38,38.45,68,43.48,48.34,22,58,74.93,23,-25,105,-39,128,57,-32,69,-20.19,17,-42,65.64,65.52,128,102
15,73,48,10,74,10.93,11.64,108,119,119,46.08,1,70.56,9.67,88,56,-22,72.15,58.28,80,-16.88,18.48,77,28,58.93,73,-24.47,32,117,45,126,-10.59,26,91,-36,-20.97,-22.55,81,52.16,31.99
10,-5.2,88,16,14,42,74.99,52,15.92,90,73.36,-23.23,148,68.73,7.51,50,54.7,64.47,-40,142,40.11,19.91,-17.96,115,-14.03,7.51,77,-14.12,33.66,99,9.34,16,-24,40,-47,65.92,12.25,29.27,8.26,65.42
57.31,18,27.09,123,124,53.54,130,-11.54,-2.12,109,21,107,-45,-21,-23,32,12.63,101,-18.48,26.72,72.67,59.1,23.55,-3.89,71.3,23.73,90,80,94,57,46.93,138,-6.18,107,39,-21,57.89,12.63,74.78,49
-35,40,7.28,59,112,2,109,61.32,71.47,31.57,40.56,-38,64.54,47,8.09,96,65,57,134,-24.66,111,-31,-31,24.49,-4.95,-8.53,134,91,40,71,5.94,-4.11,-11,9,-24.02,-35,62,-40,-13,-34
-13.58,71.71,91,-17.22,40,73.63,33.19,68.53,-11,-13,-10,-16,-11,68,-20,62.24,45.38,91,-41,26.45,31.12,42,52,-2,-19,11,16,-38,-45,23,50,-18,110,72.23,21.89,-35,9.29,146,4.06,62.59
3.09,60,-2,65,63,62.85,60.2,90,19.83,17,103,29,-50,62,147,11.62,36,32.53,25,135,39.81,145,-8,130,51.25,29,-50,10.7,11.49,144,-16,32.4,94,64.7,141,-0.39,-22.99,28.97,104,8.25
71,-48,-47,98,-48,30,46.97,63,139,65.89,0.31,64.19,57.66,23,-7.16,29,0.48,87,46.59,-20.36,50.54,62.04,2.99,131,53,88,106,-29,-47,-18.07,-16,-9.28,-44,55.5,46.5,29,-42,18,-15.73,-20.77
29,-2,85,68.93,-13.48,63.94,4,8,-4,51.61,-6,11.04,99,7,81,47.69,45.98,62,51.61,46,6.41,86,16.37,-34,55,-3.16,109,-8.74,10.73,131,51,39.71,95,30.67,-45,116,-18.85,105,21.6,23
73.48,50.39,59.9,61,83,13.64,83,77,120,7,-10,68.34,22.74,12.38,-31,-39,59,36.43,19,-20,51.22,10,58,145,97,-42,62.03,97,29.11,69.38,-4.68,32.71,74,25,104,38.9,28,98,-11,68
-18.42,54,144,146,68,51.84,128,31.21,19,31.78,-11,-17,137,-16,-20.24,-14.21,0.22,-14,52,5,113,68,99,-24.02,-49,-6,6.02,101,-33,97,59,-19.32,93,-29,67,54,-40,84,88,10.21
22.94,128,-31,-6.44,115,14,52.3,13.63,43,-9.58,111,10,18,46.96,51,72.9,130,-36,34.04,-23,27.77,101,125,96,5,-36,106,81,-27,-22.78,-16.83,118,40.96,47.89,-47,1,138,45.02,103,39
105,144,108,149,2.71,29.99,89,30.28,1,4.22,10.03,36.28,-19.15,34.83,-8,134,115,123,-44,7,-5.14,-7,148,55.99,44.33,10,69,59,49,48.14,35.15,24,85,71,10.06,-3,-20.23,90,99,39.54
-2.42,95,57.11,72,20.94,37,-16.79,23.88,52.52,67,55,-31,55,-15,34,144,18.96,120,-21.76,44,91,80,-9,95,46.48,57.35,-16,5.84,114,-40,36.76,88,-21.7,145,-19.22,34.44,48.22,-23.78,-35,41.76
89,25.73,16.66,68,139,23,68.88,37,-31,24,127,-11.31,124,74.4,72.16,117,19.97,56.21,-3.95,148,-44,54,7,29.87,118,98,19.56,116,74,35,-10.79,-45,-15.5,62,30.59,33.96,45,5.05,-4,80
38.6,-24.17,76,-26,4.37,118,35.91,68.3,35.63,69,21,33,24,52,5,142,59.77,38.47,-2.69,108,67,-9.66,69.62,61,75,125,51,32.1,-4.52,-35,-40,-30,126,-34,0.83,22.71,-7.86,25,16,31.06
31,72.04,-17.7,137,-24,85,36,61,25,101,51.11,1,-50,14,-4,27,111,-27,52,117,-16,47,61.03,93,35,71.05,25.2,-7.6,24.68,28,147,-20.65,-40,0,-2,47.59,39.82,105,20,75
11.87,-26,51.48,28.11,104,74,69,-30,-35,-47,145,3.36,49.26,53,42.4,28.69,23,111,146,60.93,54,1.06,111,14,-31,52,94,15.76,-44,121,113,28.54,-3.94,-38,64,-1,39.38,124,41,74
62,-4,13.12,-25,-0.97,30.04,-11.13,123,71,128,44.06,-4,129,-10.46,56.12,20,28.47,-44,1,109,8.97,6.88,6,50,38,28.81,38.85,52,-12.13,40,19.66,-3,54.23,42.71,56,57,73.19,143,67.92,8.47
38.31,46,145,132,75,-16,16,146,57.84,-15.49,37.11,-24.25,120,40,51.72,34.43,-11.94,123,11,106,95,52.77,-50,143,-20.63,79,-24,37.01,-45,52.35,45.59,9.03,94,148,-48,91,-6.97,12.5,122,-2.28
24,58.15,-28,1.29,38,-21.74,49,-12,102,-14.46,73.13,23,-19,123,106,19.52,115,-9.03,64.2,118,46.38,32.24,122,60,113,46.71,83,-11.6,0,54.98,-4,-40,8.09,35,76,122,65,35,106,43.86
39.61,73.43,-9.54,-8,2.14,100,-5,23,15,142,58.84,-49,74.91,-18.89,-8.48,-7,51.82,61,51.46,-7.41,39,-33,53,148,-14.24,27,-11.43,-16.45,142,-21,58.39,51.34,-4,41.47,38.51,24.2,42.34,53,-14.3,132
48.62,6.13,19,-19.03,12,61,-4,43,-21,23.73,-49,46.14,-47,-27,62.03,24,45,61.25,74.97,19.73,-26,109,-14,42.36,44.25,51,35.79,54,29.48,44.74,40.28,45,59,73.14,54.73,7,20.43,20.59,57,62.98
60.54,49,99,30.69,107,-24,-10,24.85,-9.58,0.42,-50,14.94,105,24.95,70.58,68,113,94,-19.71,39.57,46.16,19,96,121,-2.08,118,68,96,24.1,28.53,123,56.9,29,54.57,32.34,5.08,0,57,2.56,42
112,-11,112,26.03,-2.17,73,10.42,126,-17.32,-43,-36,133,61.79,141,-41,4,69.16,-46,41.78,57.09,12,78,38.96,48.75,-6,-23,4.19,46,115,60.56,107,16.02,46,47,-10.43,112,-7.8,-42,-14,51.89
86,-2.61,131,-9.94,60,38,122,-28,-1.53,-25,10,-40,130,-16,45,108,-48,72,17.43,-18.84,20,-24.57,102,65.78,93,43,-34,58,109,45.72,-26,51.78,142,-23,37.53,65,-4.45,35,58.76,52.8
53.44,100,82,78,74.19,69.91,13,-24,74,97,-3,-25,34.37,-46,31.38,36,14.01,-14.78,-4.03,37.7,20.05,50.21,41.93,-14.82,-7,6,40,41,38.31,72,9.12,49.69,13,124,108,5,22.92,-34,108,139
73.17,19,17.94,-41,62,44.07,-3.78,-18.18,78,-3.09,-3.5,-1,113,-45,-29,26.87,-6,-23.65,43.09,2,-31,41,126,22.92,81,51.28,116,-18.02,120,45,45,-23.11,29.28,-23,50.9,83,-14,-16.09,17.41,-20
10.1,13,31.26,131,40.34,93,68.45,6.19,63,-10.15,-29,42,130,43.47,-8,54,-6.13,106,8.31,-6,54.25,59,124,19.96,86,43,62.51,39,-22.54,-48,104,27,5.65,17.97,46,129,60,147,36,-22.92
-49,46,59,20.19,124,71,33,40,-12.32,9.53,-31,50.74,65.32,10.23,5.28,41.75,65,47.27,61.1,45,49.29,65,5,-44,17,69.97,31.31,141,-22,103,-46,110,24.73,53,70.71,22.54,30.93,19,-16,38
20,82,-0.79,-15.96,-10.01,-19,57,52,-14,91,144,-15,117,36.31,37,123,74.99,49.24,-6.3,29.93,37.58,60.86,97,49,115,-9,20,119,90,79,-26,-9.09,46.65,98,135,1.51,117,56.43,-15.63,-31
43,11,5,73.82,28.72,30,55,9,-3,96,-9,43,-10,19.3,55,-37,-18.56,-18.68,71,2,34.08,-7.74,130,98,129,29.87,24.83,0,30.06,16,-23.64,6.63,11,76,95,10,-15,97,45,23.52
65.58,-17.43,52.93,-16.29,-33,47,5.64,138,93,88,-16.91,14.41,61.5,127,10,-6,48,-14.28,29.09,63.47,105,1.09,3,-13.18,19,-9,-30,34.61,37,51.51,75,130,-20.77,13,149,76,28,-6,41.98,123
-36,9,78,-15.23,80,109,-12,75,60,-3,21.56,55,62.12,-23.25,2.82,62.77,3.14,141,109,99,141,73,132,9.29,-1.8,63.71,46,88,87,3.54,40.02,-24,113,29.45,35.6,4.09,60,34.68,34,42
68.66,43,42.98,52.28,55,48.59,29.11,-28,-47,29.22,5.91,-3.2,64.96,20.89,68.97,26.19,42,-18.27,144,-32,42,-23.22,3.46,48.72,122,35.56,41.82,82,57,39,105,109,74.18,-11,84,55.6,34.45,-10,-19,46.49
42,-16,28,28.99,60.82,19.77,36,138,35,52,17,32,0.65,68.78,-10,31.93,-27,-13.59,6,3,101,33.35,12.55,35,-16.48,10.51,64.21,0,84,33.54,2.42,-1,36.63,140,16,64,10,36,125,124
-11,57.39,31,2.59,125,86,22,115,34,43.58,32.63,0,28.48,-17.62,13.71,13.76,-3.17,136,-3,42,127,24,100,30.51,132,10,-35,-22,55.87,99,123,42.59,13,141,74.5,125,42.43,103,-18,52
61,79,44.02,-15.4,49,-14,29.32,121,-14,10.67,-19.48,46.82,-13.25,92,-9,98,69,112,-13.66,67.07,99,33.16,68.41,76,33,-1.39,-17,9.06,70.79,-18,58,106,99,92,7,135,25,145,144,55.8
47,41,55.78,46.48,34.68,79,0,143,96,93,48,65,54.85,72.36,-37,141,6,149,38.33,71,19,-19.76,-44,19,78,15,56.78,52.56,17,22.17,-2,6,83,60.14,10,92,129,-9.19,85,51
0,32.07,73.49,57.75,6,43,61.16,0,41.87,24,-1,-48,42,110,138,54,140,-12.88,41,8,-33,-14,137,44,-13.64,35,46,-2,45,-47,1,104,-17.08,60,26.18,26,136,-12.13,62.76,111
-14,-19.59,85,12.01,70,148,107,26,0,37.78,38.57,-37,9.68,142,136,54,124,74.58,-8.34,64.08,-4.88,9,0,26.98,66.02,33,76,57,132,54.39,27,11,39,-32,23,1.89,28,65.23,40,111
23,11.65,44.18,80,81,-40,123,33,-2.26,115,-10,44.1,43.03,36.09,-31,87,123,43,-16,-11.92,15.9,111,-6,60.55,106,36.76,63,57.69,10.43,-13,31,4.53,9.98,68.2,6,43.39,19.39,-16.05,4.85,48.55
83,24.17,55,10.12,-23,6,55.64,57.98,133,17.95,47.38,23.39,0,-5,49.87,129,143,17.85,130,68.11,-11,37,13,-24,-11,76,108,-31,123,23.11,58,18.21,36.54,23.55,67.57,24.35,10.63,25,-37,2
55,141,-49,8.51,104,1,51.6,3.92,24,-11.21,15,8.46,13.17,65.67,109,-31,35,-4.01,-26,146,-32,-7,125,26.06,16.72,73.09,122,42,145,41,20.05,7,62,-4.21,80,144,48.38,13.65,117,48.59
-23,-7,30,-28,84,-45,145,4.77,64,32.68,60.21,149,0.99,37.05,-1,-38,62,79,86,123,111,1.92,0,6.96,47,10,-23,95,-22.77,108,-49,-13,-0.7,-14.22,-16,21.69,13.46,-1,-13.35,139
114,11,49.05,-1.23,39.44,59,56,21.68,1,78,23.97,68.45,56,-5,59.29,11,7,21,34,-6,16.28,-17.55,-31,82,14,127,25.25,69.02,95,14,-1,34.59,51,-45,73.32,72.18,109,-4,3,115
13.7,8.21,38.16,24,-38,114,63,-8.43,0,6.85,-0.25,12.63,59.75,35.78,73.51,-19,55,27.56,24,129,3.56,16.65,69.3,44.4,138,45,60,-3.44,-24.31,128,32.08,-24.05,131,-6.94,-24.8,108,5.76,-21.33,-11,58
-45,138,64.67,44.32,40,125,-17.53,36.26,107,4,73,14,-37,-18,1.21,24,2.63,124,135,-30,-39,45.06,-0.59,138,20,4,50,60,9,59.17,122,52.11,23,99,43.15,33.48,-3.1,66,64.82,46
-9,23,32.69,-11.82,95,65.27,-7.16,60,23,114,-20.29,-47,-9.49,69.75,18,8.56,5,58.65,30,122,-3.8,-11,-0.81,108,12.82,65,-5.72,7,134,65,68.34,59,-30,77,96,109,17.55,1.61,24,16
-50,5.84,52.83,-3,-24.91,-1,139,8.18,61,61,17,119,83,19.94,22,10.32,-9,149,-11.19,41.04,142,48.64,7.7,-7.18,20,-20,91,15.03,53,115,19,118,60.14,67,52,6,0.66,12.38,22,28
35,-3.46,-6.48,117,51.7,109,79,-9,0.58,15.37,-35,27.23,4,43.36,-35,-48,144,47.1,17.96,103,57.29,17.9,44,73.05,92,132,85,134,56,23,55.28,9,137,122,0.97,-26,127,-7.69,26.9,15.54
65.68,44,12,97,-9,10.54,70,-17.92,118,18.76,8,47,94,67.28,21.04,-14,66,90,-5.46,7,-19.91,-29,-4,-23,132,12.11,0.06,11.11,1.23,-9.4,44.59,3.43,-16,72.14,42,-21,19,71,87,100
40,56.37,48.8,-24.5,72,32.11,60,18.8,6,103,38.18,36.42,-15,47.29,37.04,7.72,70.16,38,22.85,130,-12,-0.09,70.32,28.27,-20.35,-22.85,10,22.47,31,42,-42,81,-46,125,27,12.32,12.96,144,-4.02,-30
36,-3.79,143,-0.96,7,17.36,-21,-1.06,73.38,11,29,46,60,115,85,-20,116,6,37,-24.35,0,73.37,3,61.27,58,73,71.96,-35,52,103,56.98,64.63,94,-21,-24,-3.45,43.53,5.26,28,-10
131,114,77,76,35,79,149,119,33.68,-15,67,-17.3,86,9.94,53,-36,-40,24.48,121,64,-5.3,-23.07,-11.65,57,49.43,-4,134,22,-2,-0.75,111,28,22,36.56,-10,-19.76,92,62,-5,24.45
38.15,36,69,27.47,24,-8,9.59,-34,-48,35.86,40,-30,71.44,59.71,-22.39,-30,4.76,43,148,-7.68,112,111,120,49,28.22,-21,118,72,47,-42,139,-6.51,97,146,76,46,51,125,-6.83,142
2,36.75,112,135,52,14.67,69,48,50.66,-24,-15.89,-48,-40,-11.06,31.49,5,25.29,60,8,44.55,35,83,23.66,39.47,4.39,-4.52,12.41,-23.1,66.91,132,59.97,9.24,91,-11.69,35,27,-19.97,29.45,104,115
-9.22,-19.52,-17,142,-2,62,-25,149,-46,13.42,44.99,106,71.42,-4.51,-18.63,26,-15.62,104,69.69,37.56,6.75,52,-15,109,51.75,15.04,24.5,-2.54,67,18.37,41.63,44,136,102,122,84,-17.16,78,57,28.52
3.63,-20.38,63.36,-3.15,66,67.81,4.5,54,26.9,130,25.69,40.12,125,134,97,83,-17.62,20,36.3,103,75,53,16,-11,82,-17.59,123,26.91,36.95,95,-28,46.64,-5.56,133,-8.35,-39,-4,1.24,128,-34
24.05,83,13.5,59.99,73.72,143,-26,87,-8.4,20,-45,18.47,38.39,85,95,6.45,-1.07,145,17.33,68,55.62,1,45.69,125,124,-32,-16.03,2,39,-6,-7.47,-35,106,12.89,-4,7.91,50.61,8,22,-31
71,55,-44,-9.91,-39,-10,66.57,58.07,10,119,0,105,98,12,75,15.85,51,-24,97,121,-42,62,135,-6.59,23.98,-1.69,10,133,111,-7.62,31,-10.21,126,74.53,109,52.73,120,70.55,42,3.88
39.42,122,4.7,-11.19,28.32,61.67,62.59,18,66,-50,-14.29,1,40,-40,98,50.37,6,58,26,105,127,35,-33,0.2,121,2,46,44,28,-1.92,16,-8.38,71.7,143,32.9,-14,27,-12.29,24.36,36.59
41.5,140,24,6.36,44,21.38,-9,7,149,95,84,64.83,3.71,69.24,-24,73.62,50.47,35,53.25,64.97,67.23,76,131,145,24,83,113,130,17.91,-16.9,137,12.79,68.17,16.15,12,3.45,-4.66,63.97,-1.46,21
57,104,36.4,113,6,65,30.02,62.12,40.98,39,0,95,38.73,5.33,21,18,-35,16.94,56.1,106,49.78,-10.9,13.78,70.31,115,149,44.15,133,76,-17.49,110,-22.03,6.02,-23.71,18,19,16,-21.35,30,17.55
129,-8.69,78,40.37,64.78,106,-4.29,86,39.52,10,131,49.31,7,78,8.59,11,17.13,33,77,126,144,52.73,142,-11.84,129,68.84,-23,70.76,106,-12,73.67,11.29,43,114,65.07,56,-10,-17,11.93,93
39.04,23,62,50.95,-33,-24,137,-31,120,83,60.47,33.72,-40,79,57.32,9,56.47,-31,84,25,87,-16.13,33,99,23.35,32.53,9.25,121,-16,61.58,18,-16,137,-46,-38,-19.5,54,126,-36,-7
-17,10.36,60.88,143,48.75,7.38,136,3,-35,-17,97,22,47,112,32,-23,12.69,57,53.47,57,-27,23.79,66,-27,134,48.78,86,-17.27,51,92,-25,87,5,25,-18,-30,23.53,23,87,10.72
-24.71,28,2,44.46,66,-23.16,62,46,1,-13,61.32,31,47,117,54,-37,60.65,61.51,15,18.19,35.34,21,9,-19.88,-8.72,-13.1,96,60,65.59,-4,42,37,-9.07,-3.33,13.65,84,-27,3,60,-25
30,68.35,115,1,149,116,46,117,-20.5,129,62.69,10,3.91,-20.5,28.56,0.14,-11.21,19,-36,103,18.34,33.89,17,51,52.43,22.16,-45,-9.61,131,-20.63,1.32,31.2,10.84,144,6,-19,-31,16.01,108,-21.63
9.64,61,70,12,-5.77,135,89,146,-35,40.6,39,139,149,28,133,-3,35.1,-12,63,-11.08,38.61,-7,-47,84,56,-47,22.32,-11.85,-5,96,29.91,-13,-31,-9.12,98,-23.73,19.67,67.28,94,-47
108,34,11.53,56.57,-47,1,63.11,67.01,1.91,60,-16.73,51.99,59.21,-41,-1,-22.75,-4.51,109,45.29,1,24.96,-15,53.02,-18,18.37,27.97,-37,12.48,37,2.17,54.09,-34,14,138,63.94,-2.72,19.92,100,16,-8.71
23,62,75,113,96,24,6,126,15.12,34.14,-45,57.24,35,97,113,4.76,53,23.42,-14.06,57.23,48,-23.07,44,-14.09,49,67,26,-18.83,33,56,29,8,95,50.78,5.61,-45,20.8,69.93,24,-23.07
61.58,74,-46,69.77,103,17.52,76,-13.89,-2.59,-18,96,-19.44,26,-1.76,89,122,92,15,-1,-24.02,92,111,6,11.47,-21.63,-12.1,35,53.35,145,30,4.77,102,112,-17.29,47.25,-22,-18.8,130,-11.76,64
20.93,58.18,26,34,57.69,61.45,-6,16,-40,64.7,71.24,143,4,124,46,42,104,117,63,7,-47,71.48,34.19,10,-13.15,74.32,49.95,-10.91,-8.43,-16.55,67,10.85,-18.91,19,70.41,41.01,52,125,68,86
17,12.45,87,11,55.27,29.65,-24.3,2.01,61,139,-50,118,60.24,-8.85,-6.29,-49,-8.84,14.24,-4.89,18,-41,15,-8,27.99,16.04,47,1.34,-1,70,68,61.45,-21,-34,70,40,123,45.39,130,65.46,110
61.22,-3,121,58.21,40.49,40.36,21.75,-20.36,42.53,-40,28,-32,146,101,71,145,53,36.45,21.59,38,66,29,147,123,-43,-21.19,23.21,-5.03,-14.42,8.05,35.78,52,94,16.62,105,102,-8,-3,13,29.53
-40,93,-16.95,44.23,-22,3,22.82,138,104,148,-16.73,56,34.8,30.11,-5.84,146,26.99,33.09,-9.24,6,38,118,-35,46.45,30,9.34,54,-17.91,18,33.19,67,13.93,27.94,41,60,0.41,75,87,90,-43
-29,26,121,24.95,49.22,113,59.69,1.47,-40,54,-19,-21,-19.94,-20,62,137,104,-36,56,-22,-12.84,62,36.97,112,16.09,57.25,-7.88,22.76,133,58.52,10.33,36,-38,-7.32,39.06,133,8,-46,-23.82,131
14.13,109,105,-6.8,94,-18,127,10,43,1,-4.39,1.42,-10.25,105,142,48,102,75,0.85,114,10,-3.95,87,5,31.39,69,-24.85,-22.39,120,56,132,140,92,-45,-9.16,46,-1.05,19.05,32,28
57.51,73.56,56.62,124,21,126,-7,-37,92,147,-1,101,42.82,58.55,-10,33.92,-45,126,50,34,23.83,37.56,140,139,-20.81,18.78,77,64.21,66.12,-9.76,-49,29.04,142,53.86,73.11,24.23,122,-39,47.37,119
83,54.07,-7.93,144,17,78,-49,56.09,41.85,128,96,95,72,-28,-15,65.8,-8.43,24.04,57.64,-21.59,54,135,99,72.66,143,27.79,6.85,107,17.76,-19.4,20.62,147,12,26.99,26,16.44,1.71,43.79,34,54
16,128,-31,91,77,93,14.03,-20,72.38,79,30.44,-38,73,128,-33,19,47,2.96,136,-29,-17.19,98,19.35,38.22,-9,120,-12,66.3,38,47.51,8.3,2,-13.26,98,-48,66,7.39,12.6,0.26,31.26
68.31,0.07,-39,-40,47.06,-2,-15.77,96,70,-14.68,109,-12,118,51.48,89,55.59,-2.51,58,60,69,-12.41,45.69,59.25,-3.02,65.11,-21.31,36.23,50.48,32,7,80,52.46,117,65,37.1,83,142,-0.85,64.77,-33
-38,-23.68,10.8,90,39.67,-35,-20.44,74.93,111,99,44,45.02,-23,-19,66,53.83,54.24,56,29,136,119,-36,23,72.98,-11.18,-42,19.48,119,5.49,64,109,17.44,16.43,-12.96,-25,87,-1.78,10,-5,11.91
66,-18.41,-5.85,0,72,68.13,138,-10,71.6,141,1,124,6.85,17,138,71.15,28,72.12,-6,70,7.69,36,105,59,74,126,60,64.85,69,4.38,-27,93,-16.71,17,73,90,-41,44.01,60.83,-16.27
94,96,72,-23,40.5,140,62.88,45.2,-44,61.75,89,39,10.47,-19,-32,56,67.41,-16,-29,-40,21,114,21.55,43,31.3,74.88,24,50.45,58.88,-19,-34,68,79,12,140,136,147,-18,-44,-40
73,99,141,-14,13.03,3,108,69.34,-4.67,46.08,26.84,58.58,3.27,41,129,-27,114,74,73.81,3,-8.62,54.41,30.14,53.64,-4.92,102,55.31,72.81,75,66,85,4.03,26.87,0,-38,48,20.04,49,63,5.66
-19.67,90,50,-26,-46,-20,135,144,8,74.07,-17.4,43,-5.2,80,106,82,47,33.59,59,37,43.94,36,90,2.34,8,77,36,-28,-24.98,19,141,32,38,45.51,35,-24,-27,-5.67,69,61
45,-5,41.4,60,71.21,-9,-50,125,-8.17,96,71.33,74,-41,34,19,1,52,101,-12,73,-3,68,-9,-21,-0.09,31,41,-2.38,120,44,53.87,-46,-17,64.12,14.15,26,12,0.45,-24,29.83
-0.24,7,49,146,-14.35,-41,49.41,50.68,147,49,-38,6,-25,44.16,-50,63.46,51,30,147,-37,31,125,54.33,51,43.11,43.01,-49,35.05,73,33,96,54,22.39,-41,115,127,55,13,36.33,-6.37
36,64,-24.71,22.41,148,61,115,109,24.07,68.57,75,149,-7,54.46,102,123,-21.84,104,93,39,64,-8.11,2.6,143,55.69,78,54.99,57,37,-13.11,61.47,75,44,140,-13,37,72.18,-4,137,40.44
37,-34,-10,140,19.77,-25,72,63,149,28.59,19,42.49,12,-5.64,94,32,-14,7,108,16.23,79,53,9.81,81,111,34.57,56.8,49,-13.88,10,147,149,-45,-33,133,23.44,21,-12,54.15,42
148,-9,72.75,16,21.33,102,42.57,69,-23,66.88,48,-18.6,-20.87,112,70.95,70.16,22.73,73,-12,-45,-32,97,86,137,-1.09,-2,71,102,60,-28,53,32,4.6,138,-23.22,-23.39,72.21,44.76,47.52,71.43
28,55,129,-13,-4,8.16,42,11,83,41.62,39,126,-14.15,48,103,60.57,22,-0.16,70,22,-19,96,98,26.92,-30,17,121,3.58,54,9.3,78,135,74,69,53.51,-4.94,37,100,61,121
27.55,-16,69.27,137,36.52,93,26.81,48,-10.66,-40,-13.08,12,107,38.22,95,49.95,133,25.09,4,0,-7,7,55,-37,43.39,6.41,-15,94,67,11,143,16.84,138,30,109,131,-11,3,-22,34.14
0,11,74,22.23,60.9,111,16.93,23,134,127,31.68,16,-25,27.61,27.35,-11.87,39.59,36,134,104,-17.66,-24,32,20,26.22,142,68.47,34,-23.49,27,132,69.45,11,127,149,-4,-10.38,108,102,99
6,-9,20.71,17.08,25.34,74,-24.57,140,79,129,43,68.99,67.76,14.71,64,-20.35,149,127,-10,-15.95,57,7,51.54,-1.93,55.41,94,10.35,-11,-5.36,12.38,8.5,110,-43,47.16,144,14.38,134,18.25,39,30.49
11.63,73.72,87,-13.16,105,41.68,31,58,49,25,-12.66,-30,77,51,85,35,55,12.71,35,-30,23,0,23.52,101,-22.83,42,63,122,3,89,-15.19,50,29.57,65.89,81,-24.07,103,42.24,139,56
-22.82,103,22.14,-12,47,123,-7.28,25,31.73,27,148,-19,-35,124,120,48,138,-27,59.02,147,-12,36,70,123,90,78,-33,-41,12,8.39,56.16,-39,44.38,-23,18,9,147,33,-16,-2
89,56.46,-7.76,-49,-36,147,69.64,105,73,59.84,30,-1.45,16,20.34,51,2.6,47.86,47,18,0,14.1,37.26,0.98,138,-18.49,137,23.26,-5.97,19,5.07,42,2.85,84,88,21,-2,17.12,-43,57.32,109
55.22,132,17,-18.49,61,-34,23.18,21.31,95,-4,15,-50,-47,-12,-4.75,53.17,139,53.11,-7.81,-9.52,38.43,-28,43.95,60.24,-11.47,-11.47,1.56,39,28.68,-37,71,66.35,53,0.65,-8.05,139,-24,-11.59,-42,85
11,3.08,-20.81,48.07,-45,113,-40,141,62.27,-8,62,73.9,50,49.15,39,93,-9.13,136,97,98,-50,118,-9,63,101,18.94,-13,44.89,34,69,0.83,19.57,0,16.55,12.84,26.55,57.57,90,35,38.97
15.64,29.91,0.13,55,-44,106,-1,-15,36.06,12.4,-39,25.08,0.11,138,-12,53,60,25.5,48.88,87,67,63.54,-5.82,41.91,88,63,149,-1,45.4,76,85,33.19,114,29,64,11,19,56.07,-27,45.63
-19,-27,12,28,2.16,30,138,16,-32,-1.46,-3,100,134,140,-20,33,95,-34,25,-1.4,-1.19,10,-37,21,8,50.59,61,97,87,45,34,144,-10.66,7.96,49,51.87,30,57.3,56.05,11
142,146,69,114,13,68.96,37.35,14,133,37,-16.29,102,-34,6,9.29,8.86,25.23,46.88,26,29,55.79,-1.95,4,-13.04,145,9,4,-12.68,-48,7.06,6.78,-22.69,-7.34,12.53,8,0.28,26.29,34,-20,49.24
81,-37,52.8,-0.1,-11,-37,-39,52.81,63.79,0.87,18,23,-15,-10,-14.3,-20.54,29,-24,3.89,45,1.56,76,-24.8,-21.34,144,27,18.2,-6,-43,2,60.94,62.81,58,40.59,58,-5.72,39.69,-13.11,105,105
50,24.38,14.3,133,-20.88,18,20,-20.25,17.28,147,35,-30,-32,108,18,61.02,79,6,20.26,-13,0,-11,96,92,2,62,6,-40,109,52,69.66,-47,135,111,-5.22,70,-2,60,-15.66,49.7
20.73,62.95,53,3.89,58.53,74,91,107,26,-37,144,-41,38,-14,114,88,53,-45,71.43,64,148,22.72,58,90,112,134,-6,-20,68,67,125,-24,88,60.05,52,109,35,21.61,15,51.62
71.04,56.26,48.13,-10.76,-50,31.01,-19.13,-9,17.18,-16,10.78,-4.07,127,-17,144,87,-10,-14,94,96,41,-44,95,108,18.73,113,37.11,11.8,-44,-9.6,30.93,67,141,69.61,-17.78,57.7,79,15,-9,0
21.17,26,138,64,121,-2.33,141,-7.31,79,77,19.61,90,78,14.46,98,50.09,77,55.1,2,2.67,55.74,56,4.28,130,-3.57,130,112,26.96,15.86,-17.46,22,7.44,20,47,51,36.52,-19,2.12,98,56.8
121,116,42,137,120,-32,26,-21,12.61,61.17,92,-11,125,19,20.63,27.38,51.87,127,-47,68,21,4.23,-11,119,14,16,47.03,-1.69,-47,19,86,-8.98,24.56,73,108,136,124,134,-17.49,-17.51
74.3,-8,0.25,80,96,-27,62,50,42,128,-42,2,66,96,97,116,-44,21,65.34,112,83,-19.87,113,94,0.75,125,128,-27,-14.81,38.33,10.64,53,-21.15,112,37,118,-20.7,117,120,56.14
-22.41,61,6.87,-37,-30,-22.48,42,74,101,-28,-24.43,42.68,18.35,113,-6,24.81,72.39,31.96,-8.06,65.95,37,47,63,67.85,126,27.2,-6,51,109,31.44,4.91,62,59.92,90,52.88,46.49,63.55,102,18,14
-34,101,-37,56.85,0.18,124,23.45,-22,-17,60.82,77,-1,114,71.31,26,47.84,-3,-9,-21.45,139,-20,27.14,-11,135,69.16,65.21,-31,-44,-23,29,59.32,99,8,46,32,136,24,106,1,58
34,-40,-3.3,52,63.37,55,75,132,6,20,48,27,80,67,115,95,77,130,65,36.03,14,-45,-10,83,108,-2.89,75,34,45.57,-1.25,33.47,-8.27,101,23.7,24,121,18.88,115,48,47.95
131,-8.94,128,109,122,119,19.72,-21,110,69,-8.57,0,-17,11.45,60,-7.2,83,141,-13.76,32.29,6.72,-12.81,27.95,-45,34.72,24.15,-11.96,54.11,-8,49.2,1.63,105,74.81,1.15,28.06,11.81,64,28,3,-2
55.18,55,61,10.35,-16,-47,57.94,-48,-14.5,-24.39,19.21,139,-41,20,-7.36,-11,137,13.26,-3,8.19,27,41.32,76,58.14,29.28,26.14,2,74.89,86,-3,141,15,-20.02,4,6.03,34.63,55.64,43,12.02,-8.05
43,3,-15,85,144,35,-45,-43,68,17.27,5.85,-17,120,50,-1.14,64,43,17.82,10.11,147,20.29,-46,73.35,29,19.9,7,88,31.74,112,90,10.77,40,-46,97,1,42,79,52,64,59.4
61.62,86,37.01,-41,-5,-26,49.62,67.28,66,-7.69,50,80,59.61,27,79,-49,145,50,54,36.44,49.28,142,49,-4.33,140,70,80,-42,-2,-25,-47,44.69,26.19,-16.69,34,12.35,33.14,68.57,74.71,-24.8
31.18,-19.64,31,99,41,19,66.99,143,-23,127,142,27.54,40.6,69.54,-33,-4.16,55.53,-25,24,12.57,83,111,79,35.71,50.49,5.31,40.35,54.76,64.14,31,18.91,35,1,31.54,60,62.77,-21.02,-2,-45,17.74
54,67.69,18,106,104,49,10,54.07,149,-24,36,140,121,143,4.94,27,33.87,123,32,62,31,-20,73.78,-36,-44,24,11,7.69,27.91,-15.38,31.57,-25,47,115,3,-30,48.7,38,-20.54,59.2
29.78,18,45.93,147,-5,62.54,-8.55,73.55,11,-32,58.68,-16.9,39.25,35,82,18.8,4.29,22.29,-8,147,48,138,27.31,50.31,-8,69.26,76,0,71,148,60,-9.69,36,27,52,3,33.13,-26,55.59,-18.24
36,-45,-3,66,-35,-49,15.23,5.12,37,-49,-9.58,45,31.21,72,144,0.45,103,34.51,68,137,31,50.08,-9,92,29.03,-13.92,-3.05,144,-19.2,98,73.8,-28,2.4,-38,-17.7,28,4,19,30,144
-17,109,-3,-3,92,3,92,62,65.43,-6.55,12.52,98,-10.35,-1.51,115,84,48.46,75,0.39,46.47,66,44.19,-13.59,49,119,78,74.36,129,-31,-38,7,116,-9.4,5,94,25.85,127,2.12,87,71
47.61,128,22.65,-39,-11.91,-13,23.4,115,141,14.68,-21.29,51.64,-12.78,-17.87,23.84,129,-35,7.01,56.78,-13,39.73,102,131,-49,22.7,20.11,70.12,-18,75,-23,52,44.3,71.14,54,-18,47,139,112,-3.21,44.74
111,19,135,124,1.79,19.14,-33,52.85,107,99,131,32,74.42,-20.54,20.08,132,90,37.39,89,18,40.02,0.98,17.83,64.19,108,109,56,-1.13,-17,15,32.04,67,17.15,58,95,61.06,81,24.74,31.58,73
35.95,-5,10.53,-21,10.41,25,-30,120,136,54,-15.21,104,-27,-7.22,96,25,-15.32,-18.84,11,103,25.69,42,-39,18.88,-4.24,8,-15.14,56.95,97,25,53,-23,-20.4,92,115,88,20,26,-10.06,-27
33.54,-47,61.96,-4,93,4,51.27,145,-3.46,-13.74,37,8.42,33,47.57,54,61.11,76,61,10,-47,28,11.59,124,-2.99,43.44,12,23,148,-13.86,80,-36,37.74,73,58,45.42,80,-6,124,78,48
92,9,53.5,68,115,48,-20,10.68,9,-11.51,135,-8.77,60,-4.42,48,121,121,10.88,46.71,131,33.72,94,58,-2.78,49.12,135,54.55,77,46,-50,53.05,88,59.32,90,62.36,23.17,127,56.53,141,-17.87
44.39,33,-5,17.85,42,77,93,55.67,-2.01,49,134,-8.6,-48,-26,17,-2.28,-6,143,25,-3,-0.55,-22.55,-14.77,139,95,6,19,86,35.78,-7.27,7.77,-3,-22.41,23.28,-41,99,130,-14.81,70.28,61
26.01,49.94,22.12,53,61.51,120,107,29,-2.31,53,-18,135,-10.62,82,-2.97,91,79,42.06,-13,69.56,-37,-8.97,104,12.52,74.52,3,-35,35.27,8.67,91,36.25,72,66.78,33,115,41.19,135,73,-9,-14
-20.93,33,73,69.9,-5.59,67.76,35,-21.42,29.78,22,6.44,19,65.94,73.5,106,-21.7,-9,9,143,85,0.82,43,71.91,55.71,-39,128,36.32,33,-41,62,131,-21.16,21.08,30,112,22.62,90,115,-5.14,50
6.25,73.01,-11,10,41,-15.32,14,-11,41.89,14,9.75,-31,149,69.84,-40,-43,-23.59,21,104,4,10.86,-10.79,0,8.84,-31,-50,-45,7.21,74,-32,132,57.49,-24,6,13,131,60,-15.9,3,74
73,-11.25,-2,-1.78,-43,32,141,66,74.58,1,33.64,69.67,65.73,55.43,-6,82,53,-1.95,-27,-22.76,-9.34,17,91,52.35,121,-26,65,54,62,9.87,6,63,-22.4,45.44,-10,20.03,-22.41,90,104,51
25.54,64.92,12,125,-17,-20,123,6.91,-10.89,136,61,51,36.62,51.27,-5,83,66.35,103,-5,67,23,41.31,-6,17,61,69.77,34,52.57,-14,-20.95,7.89,40.94,112,-6,3.22,42,17.3,-15.3,148,122
-17.98,34.08,141,34,20,123,-37,85,84,2,-49,1.06,65,110,-11.14,63,63.02,127,97,-42,30,66.53,-16,42.64,55.5,70,44,22.37,-3.58,-20.05,-26,122,-24.54,50,11.72,29,49,9.12,71,-31
-3.93,-7.46,45.05,92,130,28.38,149,51.55,133,67,52.88,44.25,113,22,89,71.36,96,52,48.65,30.98,23.08,-17,49,53.74,120,132,35.95,44,63.58,-17,-24,42.84,47,97,24.97,102,-4,-50,25.32,56
-5,-8.08,-19,33.56,58.18,109,125,10.75,31,3.87,49.3,133,51.98,-7.51,-37,13.55,-49,42,72,-45,-5,9.86,44,38.7,66,-40,17.8,26.13,37.3,104,-3,21,-15.16,-27,49.16,89,-24,-47,125,78
110,-1.24,139,61,-12.88,-15,108,-39,128,7.08,44,115,24,-8.21,30,-37,56.04,-14.27,38,25.21,-44,-17.2,128,133,20,67.13,-7.37,-7.12,47.1,72.49,-9,24,31.26,149,24.48,23.64,-27,38,70.17,68
44.76,34.35,8.7,7,-6,0.06,129,30,37.91,64,-0.29,7.48,-10.52,12,-9.61,-9.32,43.09,52.05,105,57,127,71.47,63,74,44.03,146,144,72.8,23,14,50.67,16.28,51.64,-4.69,14,4.37,48.08,4.79,66.24,74.51
137,132,75,-24.58,129,148,93,99,46,-37,74.03,19.58,128,136,139,-23.18,36,145,134,4.72,133,4.34,-23,61.55,108,-18,-12.04,40.34,-37,43,-20,129,31,-45,5,-22,28.65,76,-4.22,37
92,50.71,41.19,99,8,48.4,32.57,25.24,49.9,31.96,28,-18,76,72,99,62.65,108,90,12.16,13.79,63,62,10,51.64,55.14,-23,60.62,-12.6,11,64,66.89,4.99,-34,10.57,-18,53.73,-6.76,13.77,-38,-13.7
135,106,48.51,127,45,109,61,-46,-21,53,96,-11,87,19.3,126,-47,62,84,53,-12.78,-40,28.2,88,44.2,101,-19,59,54,18.29,51,39.84,117,6,63,77,123,13,7,-13,0
-37,71.17,21,44.97,84,93,64.81,137,-1.65,96,45.62,14.31,-24.22,-8,68.71,1,142,109,-3.73,53.41,79,21.25,-27,4.19,3.09,119,16.24,-26,42,-16,75,28.52,58,112,99,51.89,-11.3,57.78,36,29
4.49,42,28,48.13,141,0,-5,34,42.11,69.22,17,75,27.49,39.36,55.87,52,128,27,-12.8,145,79,-11,16.63,62.13,40,-25,-40,31.41,-35,47.45,56,45.82,31.4,-28,88,62,-28,3,89,47.77
101,138,142,111,8,127,46.2,7.67,-38,91,28.78,-13,-2,112,19.18,67,18,-42,-29,42,-30,69,18,-15.86,45,13.01,99,141,129,8.4,29.44,70,122,63.45,50.02,64.7,36,22.97,-16,-10
12.6,138,20.97,-11,128,-24.76,-12.66,41.06,-32,64,117,70,24.28,-38,31,14,-21.37,-29,-24.94,31.13,9,56.36,36,71.39,100,67.09,-5.9,130,32.13,-24.17,-22,17,134,-34,9,-8.45,45.49,44,7,143
127,74.78,70,6.44,88,133,107,23.19,66.34,5.79,15,79,6.68,14,-11.71,21,49,-26,139,100,75,17.36,125,70,-7,141,16.54,2,8,67,52.25,2.45,122,14.37,102,8.74,-13.24,-25,-40,56
44.3,47.14,-24,88,41.53,32.88,57.16,45,130,43.91,-15,61,7.16,-12,13,4.11,95,123,-29,-21,46.57,-10.47,45,81,86,-19.64,-15,52.9,-48,-29,95,104,36.82,122,39.49,53,35.4,101,-29,-16.06
-10.68,24,22.11,125,-10.21,-20.37,136,-28,-21.09,58,108,64,-21.59,-3.72,-41,-27,-9,19,98,49.3,-47,7.62,-49,22,-15,33.23,13.59,0.25,15,-21,-18,-24.33,112,-15,33.07,-42,14.17,90,32,50
6,43.99,23,-17.18,77,-7.47,-14,-2,32,16.75,51,10,132,-19,110,12,58.53,14.55,5.87,96,-23,54,91,54.65,38.76,67,-10,10.65,-38,2,72.8,27,85,-50,8.44,27.16,48.47,-28,6,17.8
25,-19.85,41.61,-21,93,55.66,36,140,-24,41,46.36,72,14,43.09,0,64.04,131,31.14,12.67,-21.09,115,74.2,114,107,71.89,-0.77,47.6,48.36,-7.47,7.1,-25,20.98,144,134,133,2,33.86,61.21,-23,-28
9.91,27,81,-42,85,39.25,107,113,71.32,50,-24,-45,17,-9.67,38,67.67,-42,-6.38,-23.63,96,111,125,53,78,-12.8,11.18,-21.05,3.7,136,111,-15,38,37.13,1.51,53.22,22,9,137,44.68,27
67,65,13,61,91,32,-37,-30,42.36,134,-8.7,117,42.47,118,140,79,-24.85,-33,32.2,142,123,-22.74,11,-16.63,53.58,-23,131,47.51,117,86,82,9.79,-6,66,109,-41,110,40.38,47.31,14.03
49,54.79,140,116,4.62,-47,50.79,67.44,97,-24.04,120,121,-25,105,-9.17,143,135,1,37,79,105,51.09,18,-10.67,-2.59,65,113,65,74,133,125,-2.9,14.84,27,104,-18,97,-10,-2.72,5.97
12.1,74.13,-27,13,36.26,-22.36,3,28.72,22.31,44.33,-35,-16,15.41,-25,123,52,88,81,43.8,23.23,53.67,-32,147,80,135,-49,5,54,43,91,49.12,64.55,14,142,-23.23,15,-24.95,28.5,19,110
-32,20.53,108,104,-23.6,64.29,77,5,15,104,36.56,90,79,32,-2.92,5.39,140,-15,23,24.31,4,64.79,23,49.91,124,18.07,-42,48.49,-21,-25,10.19,-1,38.52,57.03,84,-44,119,23.21,-47,63.63
74.49,65,44,-11,67.57,-17.58,94,59.85,-20.08,98,35.66,44,40.75,120,144,71.84,-22.21,-2,-16.93,76,48.13,52,56.33,64.15,122,28,70,97,123,39,45.18,148,17.77,108,54,19.61,40,61.29,7.26,75
74.04,38,25.63,-21,68,-17,1,-20.37,17.99,36,18,11.9,93,11,136,68.16,14,149,30,11.36,-24.14,53.66,26.7,-5,113,22.16,142,5.43,140,54.28,109,10,3,-44,143,74,-44,44,-34,108
49.8,13.25,94,99,59.46,10,7,-17,46,63,-16.77,132,-22.4,127,4,32,73,-34,128,-0.48,41.77,74,98,25,6,-49,44.8,14.61,125,-30,31.58,127,27.25,19,98,135,49,5.74,23.49,31
43,-18.04,126,124,-3.52,58.6,40.07,84,71,12,-16.65,24.7,72,66,107,67,-41,53,-4,40.22,-42,130,-11.58,22.37,-35,145,17.03,24,-22,-45,-48,47.23,5,83,56.54,-39,51.72,-44,107,117
26.3,1,29.16,104,7.23,-27,23.88,40.83,-18.92,5.5,-5.76,-26,-47,4.02,48,-23,-38,33,62,81,91,39.47,25,47.42,41.58,67.32,138,33,69,-37,-43,81,136,29.25,115,14.65,109,-0.4,12,112
-18,60.85,24.9,21,-43,-43,7.28,14,40.72,139,70,82,-42,-3,-10.02,-3.61,54.89,68.27,-47,58,69,-49,69.32,41.22,44.35,102,129,127,-3,29,115,4,76,122,55.99,110,-8,-10.3,143,81
124,58.59,21.37,25,127,-17,116,8,-5,132,2.51,32.07,99,71.77,53.86,-5,6,-41,35.81,-18,-50,67.51,19.92,-29,118,87,3.05,29,42.25,72,12.85,94,14,-11.03,144,116,19,65.46,1.29,28.55
83,16.63,-6,59,-11.37,32.47,-2,-37,19.74,66,20.11,-18,-31,138,14,119,12.86,94,28.46,-4,139,-21,95,7,15,35.24,100,-13.15,53.63,53.32,13.71,79,51,46,109,-15,2,94,28.12,-13.84
-4.24,143,72.08,37.23,81,87,2.49,109,9,144,-22.6,99,77,106,95,114,33.8,-11,1.7,62.05,-48,69.04,64,-37,-47,-48,-49,16,41,57.03,65.75,-18,70.1,107,88,68,9.83,40.01,-7.18,10
-29,134,88,75,51,-42,88,93,92,27,42.55,9,-5.56,69,131,44,33,-11,93,102,-16.02,-44,48.47,-32,-24.61,-15,-0.89,39.01,43.77,64.46,63.5,135,29.31,13,-7.72,60.26,101,-41,1.19,2.28
119,45,77,-43,-37,-9,-22,60,30,-4.38,9.79,148,15,82,146,34,110,-10.69,29,39.09,134,24,46,25,27,17.87,17.5,63,-48,91,-37,28.75,6.97,43.71,125,-10,69.62,16,14,93
21.35,5.36,50,119,-2.02,34.64,144,27,140,-41,144,-22.62,51,7.72,-34,58.19,138,10.65,-22,-23.76,84,59.83,141,17.79,115,90,21,79,55.13,48,-38,55.95,33,98,6.83,104,40.93,52,93,-30
6,114,-39,-7.57,65.92,-15,-21,65,42,-1.59,-7,-48,-2.51,42.06,55.5,45,38.96,-8.35,60.1,132,1,36.34,17.71,113,75,35,-36,35,56.76,-25,117,58.5,63,-13,11.59,4.53,132,25,51.18,-1
-22,-46,12,110,52.47,67,149,115,6,-16.44,-20,58,125,94,63.07,130,60.33,-38,41,35.12,-19,-28,19,82,15,40.94,38,54.33,-14.96,-7,8.14,36.97,-46,-16,55.79,-5,4.46,23.5,121,66
147,113,92,19,3.21,-15.41,34,15.36,138,29,50,33,-28,72.03,71,13,111,90,134,-15.08,-24,-38,-16.11,-37,2,4.03,4.76,33,44.41,53.61,-2,97,-3.81,26,141,-24,-3,39.1,138,-15
93,71,96,29,-47,43,31.96,9.18,7.54,142,2.11,24,-3.07,-24.83,84,143,119,147,89,65.5,19,74.01,35.31,65.23,80,28,107,119,61,60,34,17.17,25,6,114,72.67,143,-20.23,17,137
116,-5.65,-25,42,90,106,16.27,-13,147,-45,111,-2.99,-50,126,49,53.9,84,38,-25,72,146,50,48.29,5.4,25,-23,72,7,53.57,32,-4.64,-48,72,66.82,63.84,-42,143,3.5,93,51.26
41,49,2.2,42.21,56,106,-14.73,129,78,30,73.3,-47,119,75,36.4,143,83,7.23,51,0,3,134,10,146,59.25,31.47,55,-16,139,71,43.91,100,-6.35,-1.86,60.04,-48,45.04,14,20,38.46
20,39.58,-31,66,-42,64.68,14.26,99,-24.31,45.91,38.84,34,71.91,35,-29,44.67,-37,62.76,112,81,43.24,72,45,-4.91,87,2.22,147,28.24,58,94,10.54,7,14,18.98,73.41,9.57,39,51.73,64,101
31,-16,-1,-23,52.76,25,-20.19,42.64,35,44.86,14.41,130,36,149,60,46,-23.65,112,40,121,-8,-1,65,16.73,81,59.54,44,25,145,117,73,57,-36,19,110,35.86,2.42,47,102,30.87
68,37.27,44.95,131,31.92,145,137,55.17,81,65,32.95,-15,66.14,7.02,70.97,28,94,62,-6.22,68.47,-28,101,63,-40,-3.2,127,88,112,-13.26,10.34,59.25,-21,-21.21,57.32,121,-27,-30,69.44,10.67,56
36.28,-5.16,2,6.39,88,26.67,-41,-32,121,123,4,104,-26,37.55,57.04,41,72.96,-15.4,3,54.96,62.64,99,53,49,45,-1.76,-19,74.79,-5,17,37.34,60.27,23.17,-23,45,31.13,100,36.85,18,-13.84
-18,114,46.96,76,67.61,16.65,-17.73,39,-9.19,93,-9.71,60.77,24,28.29,3.56,-48,19.73,-22.35,-34,35,24.68,-39,61.87,55.88,37,-3.07,28.33,4,100,136,118,-6,-27,28.81,-29,67,119,42,71,41.09
44.36,-34,52.5,102,-45,149,143,51.82,1.38,31.41,61,26,25.9,9.96,147,80,45.43,27.59,55.64,-15.93,70.16,124,11,16,113,-47,6.03,44,-29,37.14,-4.22,42,66,77,55.36,-17.25,10.94,101,-50,-41
38.3,28.2,38.19,107,61.16,16.56,106,-20.18,-11.4,37.27,-21.41,-33,5,136,2.7,100,32,-6,3,-2,19,10.23,-19,-16.85,124,86,22.47,141,54,-18.95,-28,46.22,-20.25,73.39,4.75,-47,48,27.24,102,-18.4
14,56.51,-2,-22,6.5,131,53,-4,49,-49,42.93,-1.62,98,118,115,24,38.03,-8.57,83,-18,-15.3,-35,78,103,50.58,-8.43,54.62,47.11,29.71,-15,80,5,10.71,4.25,146,50,43,104,-21,-24.35
-31,76,-42,57.56,6,72,23,19,72.83,-4,35.71,5.59,103,57,-13.58,53.55,146,64.66,24,117,139,3,47.58,27.7,-21,-17.95,9,-15,87,22,74.07,43,102,71.46,23,59.36,9.01,42.53,60.62,29.68
59.39,0.83,15.72,46,22.01,18.16,41.92,127,90,56,124,50.76,106,0,63.79,112,111,52,64.42,-6,95,62,110,70,48,5,62.34,-37,11.54,24,8.61,-12,-25,51,-23.8,25.94,101,55.68,28,50.17
11.07,41.66,110,36,56,14,127,62.22,-36,-20.23,-20.13,-35,94,30,89,3.64,134,91,38,1.21,29.05,-3.94,-2,147,92,119,134,26.83,68,48,28,-17,144,27.89,93,111,108,50,51.99,-44
-10,108,67.67,-19,16.03,149,15,127,39.27,13.98,29.15,140,65.21,-22.83,-16.34,-11.22,80,-10.07,-15.22,149,3,135,0.04,42,48,139,-6.75,8.8,106,36.24,-43,-1,2.91,0,135,-5.86,-44,0.75,35,12
97,9.13,-28,-7.46,32.36,128,36,142,57.13,61.82,113,-10,-6.09,-3,15.84,41.03,66,12,121,-5,8,126,-17.13,-33,72.11,-12.15,9,132,-13.2,-43,3,-14.44,-2.18,44.78,14,-29,26,-23.49,-9,34
-31,5,27.17,120,30.46,39,81,132,19.6,57,36,73,48.84,57,-42,-50,67.2,139,75,114,2,-8.82,135,4,8,18,14.95,26,34.64,25,61,26.77,37.86,48,15.34,120,39,122,-16,21.47
72.57,32.8,1,106,-9.53,109,-12,-6,79,7.7,67.56,107,111,1,147,19,-29,7.95,-30,-11.09,59.32,88,2.19,124,-23,-39,52.49,3,134,44.05,51,33.24,-2.66,134,9.31,44.06,-14.13,79,-4.1,21.39
116,49,135,-36,53,-34,85,-3.58,67.93,20,64,10.83,42.37,-14.26,27.7,117,-16,8.89,58.34,56.54,44.71,149,58,98,16,37.04,18,-9,-9,-27,-29,20.6,-50,129,-50,-9,-27,13.52,111,54.47
21.08,83,55,61.57,81,38.89,60,30,24.18,-20,21.48,30.87,145,5,77,95,60,-12.84,35.84,29,9.52,61.46,-4,12.43,33.05,145,71.81,31.9,50.03,-38,98,117,110,125,18.1,-14.59,1.74,-25,35.42,60
47.49,-3.1,40.17,73,18.04,-5,-13.2,12,85,22.92,63,57,-37,100,73.51,84,42.43,42,36,149,-17.11,30.93,21.26,34.87,27.5,108,20.19,85,-24,88,-17,-5,-49,-18,64,1,80,41,57,87
64.27,1.34,108,27.59,89,-0.76,45,105,-24,40,68.25,103,-20,131,60.47,73.87,70,125,9,72.39,25.34,43,138,0,41.3,15,137,56.8,42,119,123,-18,94,-4.59,-2.77,-25,112,-48,139,-34
-14.7,-14,46,-0.76,49.95,128,122,0.9,101,-20,127,3.35,-31,47,47.92,8,9.49,103,64,6,20,121,49.47,3.3,53,-34,60.43,-47,90,35,93,45.33,72.01,81,55.65,35,94,13.89,122,57
16,71.06,-50,49,56,98,117,18,65.37,-1.49,39.78,35,-11.69,-49,-13,24.98,63.65,37.73,24,69.81,102,10,12.39,73,125,34.28,22.39,39.38,-23.38,50.62,27,9,77,48.77,-8,-20.1,138,-46,21,104
15.3,53,68,92,13.2,-5.97,-37,3,24,46.19,63.87,40.37,20.79,63,15.64,135,7,72,123,30.66,26.96,22.64,39,142,143,10,56.07,-34,-21,48.1,3.04,28,117,52,34,62,-2.66,-10.77,30,0.65
58,20,2.24,21,22.47,-34,141,17,27.76,76,-24.08,55.96,33,-6,-20.33,7.95,51.04,12,27.75,-1,71,20,18.97,-16.6,49,-15.76,127,-5,-13.79,47.94,-14,47.95,126,97,74.15,123,-32,119,89,-29
17,71.38,-33,-11.06,64.03,-47,75,50.75,129,23,-1.45,-42,23.6,37,60,33.76,14,-18.78,15.67,-44,5.65,91,88,91,52,-19,95,65,-9.1,66.13,-20.07,-2,-13.43,22.2,-32,9.44,89,146,37.78,21.96
19,22,27,-17.85,20.97,72.93,107,109,68,7,34.85,18,12.36,-6,72.05,-9.47,70,-24,57.74,21,53,63,34.08,34,19.92,0.91,43.42,-41,90,0,-2,113,-11,49,53.97,16,2,66,-27,74.63
82,28,40.29,62.49,51.17,17.16,25.08,10.61,50,-26,39,91,33,9,-8,-15.21,69.34,11.17,135,-18,71.45,125,36.63,16,-4,138,77,67.75,22,18,147,102,50,-12,28.66,122,94,-23.16,-5.74,-6.65
77,73,44,15,-12.82,22.33,42.5,92,18.99,147,18,77,-34,61,-5,121,9.21,-44,63.44,19.34,20,145,135,4,84,74,-21,31,-13,-41,-22,27,116,-16,97,-1.11,-3.68,22.13,-24,-22
52.84,-26,136,-3.17,-45,46.56,83,10,20.96,53.83,87,129,149,57.78,-6,60.63,50,43.28,-24.69,14.92,-10,33,43,58.21,-30,5,18,60,64.84,71,45.85,8.75,-23,-50,67.03,100,141,72,10.62,97
76,31.77,148,36,69.39,16,19.34,137,6,54.38,-39,57,23,98,47.01,36.4,74.4,-49,102,-17,-9.73,119,81,90,108,29.71,-19,-33,-13,59,-4,-13.91,30,-21.4,42.73,34,35,11.4,107,-10.26
43.38,63,75,16,5,32.78,49.22,-5.78,50,37,16.89,15,-16,29,64.99,90,88,21.29,-20,146,38.23,95,107,38.75,28.8,-40,-13,14.86,73,67.92,36.33,52.9,0.36,6,71.33,18,19.33,52.89,112,35.43
25,-14,-23.54,71.43,35.11,78,-17.04,-21,-49,-48,126,-12,35.54,1.28,34.94,21.92,26,48.22,71,126,37,30.31,-19,-43,122,-21,-23.81,27.06,-3,-26,24,-8,58.47,85,124,-2,-25,-15.6,100,14.68
36.6,4.63,28,126,4.28,18.1,67,148,146,-32,31,3,-39,-16.69,86,126,121,68,38.67,37.08,-14.93,68,56.14,35,8.4,-6,-8.53,2,29,47,79,5,6,17,40,74,19,55.66,21,9.83
55.98,82,59.74,17,131,59,32.96,72.87,20.55,30.32,104,77,-50,69.85,43,-1.93,11,21,9.09,48,10.34,81,79,60,14,59,9.21,-21,-10,142,-1,6,54,3.34,42.8,28.91,48.32,14.01,51.6,71
31.03,-22,82,-38,-39,63.87,106,73,142,59,12.37,14,-35,6.93,33,69.82,68.07,55,143,-20.64,124,-5,44,99,30,-21.42,50,-22,-44,4,74,1,117,-3.11,7,16,39,38,-10,59
69,146,-1,-30,-45,36,-33,89,67.48,46.11,144,-27,20,-23.01,72.74,33,119,32,42.91,50.95,60.86,74,30.16,70.54,33,27.08,113,131,95,20.88,-41,133,62.11,55,34.62,46.43,24.24,96,39.14,-19.84
-20.25,-4.85,1,32,104,31.74,-16.44,45.88,144,-29,144,-15,39,-49,-2,83,63.55,3.62,-30,26.99,45.35,17,-3,20.26,63,123,53.2,-4.82,50.73,39.47,0.56,3.71,91,-16.39,5.18,64.53,82,-20,27,146
8.64,78,-4,140,0.63,10.7,10.94,18.27,19,-19.64,-16,44.83,20,95,85,108,18.12,-11,69.96,52,72,-4.22,131,36.55,99,55,111,72.11,107,16,-14.97,21.93,71.31,83,128,59,-0.31,31,56,135
115,-24.01,-48,28.85,48.79,59.61,97,63.57,29,19.4,61.38,81,70,65,39,-4.58,42,-8.69,40,49.5,-7.85,139,60,32.37,51,-16,-35,124,40.15,38,51.48,137,32,-43,147,108,31.41,6.1,25,-19
54.01,55.93,15.21,-4.67,45.99,122,104,43.67,37,11,67,0,63,-23.65,-37,44.29,78,42,81,120,13,72.43,138,24,57.65,35.53,89,26.49,-29,49.82,35,71,62,-6.62,12,5,66,5.5,-8,15.06
-30,62.98,60.52,87,60.76,2,33,-37,-4.89,102,51,127,-19,27.21,56,-42,126,25.99,59.39,-46,-37,-41,21,54,15,34,75,57.96,-9,66.35,40.4,131,116,46,48,-13.46,-8,52.73,110,9.2
17.42,4.64,-20,-23,0.56,52.41,1.38,29.68,0.23,39.07,-48,57.28,25,13,13.29,95,11.27,114,1.24,-9,4,-19,99,147,-15,-23.59,61.6,4,-25,37,17.86,61.76,1.22,21.2,130,143,23,71.16,56.78,125
-14.86,143,-50,23.05,55,-19.35,9,47.7,109,62.24,1.82,36.01,-29,31.77,10.14,-3,101,-24.15,-9.92,50.68,15,-9.72,-24.54,-13.98,36.8,68.12,2,20.26,2,70.62,34.36,92,8.44,122,11,85,43,30.17,42,80
115,7.38,53.92,33,-23.49,122,-5,59.89,9.38,58,62.23,83,30.89,-20.89,41,79,97,-8,74,54,107,-37,88,-48,59,-18,-22,13.62,-6,-50,-18,23.87,40.67,66.71,40.23,136,-14,69,14,14.18
-23,-43,20,144,-4.16,17,67.72,55,61,128,-8,60.15,54,54.17,-28,-13.61,-18.91,11.92,33,72,-15,26.57,-30,19.72,103,127,-0.16,139,-13.61,129,13.24,-24.1,8,-20,46.38,-39,-14.98,29.81,107,3
69,14.28,132,38.03,39.64,-39,-19.54,24.61,2.48,57.84,50,110,-16,-23,-46,123,9,59,31,40,8,21.11,27.97,109,19.34,102,42.5,128,75,7,-6,-29,-24,30,47,59.25,-1.56,-3,-20,-45
6.76,75,-46,33.95,136,112,40,34.52,28.02,66.53,39,7,-40,15.63,-15.3,48.93,-34,42,42,29,53,8.75,146,34.73,74,131,17.12,137,110,47,70.22,51.34,-8.87,69.13,20.19,8,-6,-9.09,-0.54,8.03
7.14,19,56,148,18.92,48.01,14.46,66,36,-23,92,-16.05,118,58.06,111,130,-31,-34,28.56,-12,123,24,48,13.5,41.88,32,33,80,-16.58,28,88,25.16,58.98,146,76,49,65,72,25,63.58
-23,64,22,-12.12,107,-8.86,42,55.67,67,73,25.72,16.05,76,8.79,-20.7,36.46,109,-4.19,8,30.44,27.89,-16.72,-17.82,66,128,88,-31,110,-41,13.99,33,-2.31,49,54.03,145,-14.96,-17.31,106,7,24
-1,-14,61,123,72,46.75,70.32,-12,-4,63,-13,106,133,19.47,63.15,67,30,-9.86,24.06,-2.16,42,50,11.17,-9,74.81,-42,68.75,14.2,-6.84,78,28,3,-1,57.63,63,-19.95,122,5,74.18,113
67,-20,71.81,-23.94,25.73,10,-3.74,45,-37,125,-7.73,9.01,69.48,23,-17.69,0,120,59,146,56,-13,51.74,142,-13.95,122,60.65,19.73,111,19.44,-7.28,7.08,2.55,105,-14,-25,-24.08,113,-2.81,22,-49
4.45,72,-20.01,-17.52,13,120,-44,-15,52,-47,-21.19,66.85,-17,67,-31,-4,4,-15,23.28,-16.26,-14.78,-19.76,-12.46,51,65,-50,-16,144,95,-9,89,102,5.91,33.04,36,-13,-23,135,146,98
-10.51,79,46,12,-48,-7,-6.92,-16,107,-42,11.41,100,-37,121,8.98,-12.38,47.97,-48,66.3,58,-8,30,84,45,94,-33,22,52.11,38.39,3.97,69,115,-0.54,65.01,79,8,30.41,25.94,28,67
114,-22.55,38,-10.23,43,134,33.15,-19,113,27.6,21.43,17.15,17.51,28,-6.65,48.64,0,-41,70,-19,-3,146,33.23,8,37.76,-3,-8.28,47.98,41.54,-39,64,76,37,-2,19,117,-3,22.11,10,15.04
76,72.68,138,81,-46,-17,81,28.89,50.4,66,-15,69.22,-50,-14.66,97,39.16,9,-9.34,-29,9.54,49.72,64,116,-7,14.58,67,-4.78,35,46.16,-26,-4,-22.89,108,-22,51,105,63,28.49,-18,71
80,-37,112,100,10,-10,106,148,-31,3,-15.92,126,43,-13.92,60,66,20,-33,-4,9.67,48,138,101,17.13,106,94,66,-7.92,-5.15,121,19.43,148,11.19,25.1,28.88,-39,-3.74,56.23,-17,141
67.63,18.4,-22,64,48.67,112,9.14,52,38,-13.42,5.16,30,120,55.72,141,131,121,144,-13.54,52.21,26.51,24,117,19.08,61,-21,-21.42,-6.29,149,-18,2,28.57,-12.23,4.79,144,88,148,45.98,107,-9.44
-1.82,134,-3.74,35.52,140,-3,59,50.96,22.07,-43,12,35,18.32,91,41.71,-43,-12.47,-31,-5,4.73,130,13.65,-20,68,65,17.8,39.46,98,38.74,127,-21.31,46.69,50,88,3.65,-4.46,-8,0,122,-3.59
-36,143,142,127,54.93,29,6.77,7,-21.16,37,101,36.44,12.93,38.57,64,23,40.09,42,59.02,-11.37,27,13.5,80,-16.63,40.85,36,74,41,73,101,53.17,72,102,41.39,66,19.91,15,-19,89,39.7
-12.27,-9,22,-50,7.38,25.6,36.53,77,102,65.97,95,39.99,47.21,34,127,47,56.33,97,77,65.41,63.39,-8.33,92,-1.57,5,-41,63,51,27.97,8.01,41.19,127,127,-20,-38,4.38,144,-45,69.97,17.36
125,44.39,131,-0.57,-23,-43,-8.31,65,-19.01,-49,80,50,40.1,-14.43,53.19,-2.15,7,140,142,-9.74,25,128,23,47.16,-33,147,38,-36,-17,139,22,14,62,-26,70.44,119,24,34.92,110,144
-12,71,7.63,56.46,-7.33,-49,-49,59,39.07,23,1,5,92,46.72,-11,40,38,-46,72.67,25.05,128,117,16.1,50.66,-25,-47,-19,135,-6,11.27,71.24,48.65,66,71,-6.26,29.15,123,50.11,75,-5.56
-11,-12.7,111,0,65.16,131,-47,-33,64.2,39,50.39,88,31.32,132,45.81,1,95,54.73,49.07,136,42.42,56,11,-46,31.48,113,41,33.19,45,78,33,-19.39,62,138,19,72.03,80,135,-16.16,31
-4.28,40,39,73,87,48.73,-21.06,129,8.94,66,123,37,107,58.56,112,58.03,-30,-37,81,5.25,33.19,78,50.36,0.16,73.71,36,41,43.7,4.02,-18.96,0.54,37.48,-1.41,52.64,-34,40.46,32.76,62,-38,3
-13.29,-1.35,73.45,94,-18,-12,49.03,39,-40,-33,135,68,69.14,61,63.97,1.06,-28,4.74,143,137,145,13.27,47.29,7.56,-40,40.28,12.29,19.55,114,14.19,115,-49,141,97,94,-16.85,58.04,17.35,15.35,-34
28.46,57.77,40.29,39,36,-12.32,-5,99,-23.52,116,-9.52,119,122,45.42,130,-1.6,-24.7,102,41.01,135,46.24,92,0.75,-2.34,149,-42,-17.3,113,37,103,-40,-45,103,5.45,58.79,119,149,51,16,10
37,36,-12.95,-9,67,55,-20,112,6.46,-3.91,-22.96,30.43,-5,61.53,-47,-21.92,60,68.03,49,-27,-24.99,52,21.19,139,-49,-2.36,39.34,41.99,71.62,83,124,64,-10.71,-7,61.8,86,28,94,145,86
-22,-41,8,21.99,79,49,149,132,125,55.08,74,36,36.65,-26,115,93,25.11,-29,54.33,-20.68,-9,84,-30,137,-0.92,43,31.72,24.68,107,73,-19,-16.78,46.57,54,-11,30.77,-26,19.75,-8,-33
45.16,56.97,58,24.46,40,8,39,59.5,61.9,-41,109,71,34,85,-17,41,43.64,-22,58,32.23,-16,91,-45,-15.07,4.4,-18.89,90,26.76,5.62,40.63,71,1,104,-18,27,20,128,20.12,7.41,26
86,64.35,-44,-10,39.98,36.64,105,-20.22,45.99,9.06,56,105,4,34.06,44,61,-35,42.31,-10.72,19,-21,-36,22,24,66.3,86,26.45,88,68.74,71,4,27,-23,88,-17.78,-36,99,64.06,100,109
13.79,71,127,115,107,21.59,-16.93,21.99,-20,133,83,27,-10.74,-4,28.43,71.52,130,22,113,65,-39,119,72.28,13.5,20,6,120,81,115,55,-3.81,-6.59,4.12,29,70.69,77,51.07,123,11,16
-40,-49,-9.08,131,32,40.63,111,-7.96,25.16,143,33.34,87,131,55.71,-30,-9,-45,7.11,30.48,70.5,-8,34.99,29.48,7,69.84,17.8,-4,141,100,72,53,-13.95,25.93,111,32.64,18.03,72.54,18,50.1,86
-3.21,20,92,62.53,56,-4.84,-18.01,-23,-46,68.88,10.8,-6,39.14,-40,120,26.29,66.55,21,40.69,114,-4.62,-24,73.05,-38,41.56,106,97,147,71,7.64,75,-7,4,59.16,48.8,-22,70.27,66.21,107,9
149,123,-5.26,48.53,-24,55.06,19,-23.75,17.41,13.5,-20.95,105,7,12,-25,-21.65,93,58.86,102,50.04,21,14.18,122,1.19,79,64.37,81,27.09,36.82,20.24,28.56,15,-7.63,41.83,65.6,49.8,-6,5.36,53,54
-3.37,66.79,56.6,-5,109,59.73,55.03,89,-9.42,-36,38.89,140,15.85,-23.72,74.15,136,80,38.37,40.46,5.06,49.15,-46,5,146,25,14.97,14,85,59.45,33,57,68.76,-8,-6.57,-12,-21.63,-46,103,29.52,49
27.87,-47,10,38.6,125,7.74,73.56,60,74,-3.94,-42,-17.9,71.66,-3.9,111,64,93,64.89,-8.5,64.39,-16.87,-38,88,-6.61,96,-1.73,111,32.87,127,10.94,-6.13,-12,61.55,12.73,24.96,7.12,38.78,112,39,147
67,-37,-44,-14.82,49,30.15,32,55.86,72.64,111,86,148,98,-7,108,-11.96,-25,45,0.02,129,-8,-21.55,32.23,-13.87,59.31,9.44,29.41,47.83,135,112,8.92,28,120,149,-37,-36,8.88,2.25,-20.48,94
58.53,23.09,42.84,99,-5,-20.46,69,48.6,-32,-43,114,-14.21,-18,-0.3,43,-7.58,21,20.01,41.95,119,7.76,-26,-23,10.43,53,67.6,37,100,81,74,24,-50,48.01,-28,53.61,6.98,36.22,48,8,67.09
-10,30,-21,69,2,16.74,11,33,62.63,27,140,29.54,-1,72.61,94,-34,146,34.62,-24.53,69,53,145,147,-2.46,65.55,101,29.29,83,61.13,15.12,5,-46,41,113,-23.28,-4.42,17,-23.22,7,40
107,44.94,76,-17.67,116,-31,70,-18,30,-0.88,69.85,25,27.23,3.41,-31,64.24,-1,62,-5.67,73.25,-11.7,68.56,74,20,115,73,141,136,28.96,56,-24.66,-8,106,22,126,34,68,125,129,38.59
50,24.31,111,110,16.12,0.24,30.47,-24,-9,71.1,57.68,122,42.21,11.41,40.5,38,-10,23.01,79,5,17.05,-16.8,18,52,15.47,-43,-6,-21.96,44,88,66,-50,18.36,74,29,36.44,-29,71.9,113,23.72
118,31,-46,116,-7,15.94,-8.69,-16,40,-17.47,56,48,-19,45.55,52.68,2.86,78,-15,-23.84,30,-0.86,-7.49,107,98,-1,41.86,65,74.04,3.76,131,57,-33,-7.28,8,-36,65,1.24,25,-31,96
50.51,5.07,37.64,-0.84,-7.35,15.44,-48,65,9,74.34,75,71.56,139,-15.82,63.01,12.92,-35,-34,27,74.79,46.25,-44,46.19,63.94,-11,18.96,-4.09,140,-19,8,118,44,44.26,-15.05,-18,78,-48,56.53,146,44.15
7,10,18.68,63.63,10,-39,109,73.94,-11.41,-50,-40,32.73,51.65,-21,-35,-26,29,-22.72,95,-22.19,-41,52,119,145,106,104,-16.36,-9.29,-3.28,36,84,45.53,3,30.6,33,-2.98,35,58,2.81,-27
66.69,-21,42,-15.16,116,77,-9,-15.73,83,87,82,29,-33,-35,46.86,-19,28,115,6.88,-4.81,115,102,68,54,-4,-16,-18.52,51,-11,-21.03,-16.61,-23,2.09,68.13,48,129,-6,17.69,130,132
129,63,89,75,6,134,58.35,45.21,5.01,139,4,77,144,110,45.12,27,-0.73,4.22,-6,33,-14.81,22.39,70.71,116,36.24,59.13,15,-16,-22.01,60,-4.84,21,-25,20,-9,-50,59.05,14,43,-2.34
90,24,46.13,77,136,90,146,46.88,7.61,42,51,32,59.38,129,36,14,46.51,-31,16.06,50,-2,89,-15.95,16,64,106,133,42.79,66,142,61.46,102,59,48.71,-41,-20.01,36.46,-7,117,59
52.69,-0.9,-12,100,74.13,148,94,65.64,-6,-24.01,58.42,74.89,49.79,1.33,-2,52.87,34.32,41.54,63,16.31,-17,74,72.41,9,1,74.13,-43,22,-43,27.03,104,23.22,95,91,30.69,11,36,-11,25.7,10
-8,45.32,7.56,114,93,71.09,138,77,74,123,-36,0.43,32,28.65,29.6,13,-47,59,134,-43,13,67,19.41,-10,-16,56,107,-38,137,55,14.04,-48,54.43,104,96,26.65,-43,6.9,29.32,144
50,47,149,19.08,6.38,-19,-13.79,16.19,67.97,-2.78,13,102,73.92,51,10,69,-32,53,-21.26,-5,-10.34,113,128,111,101,23,0,70,44,129,8.09,8.6,-22.05,102,-34,30.84,-25,16,-3.15,-26
5,47.75,28,-16,112,42,7.01,143,-2.3,-11,11.25,53.29,-24,17,126,97,73,-14.4,53,-21.39,40.09,124,44,12,118,20.78,32,124,69.51,-31,25.44,-0.16,17,126,70,-14.43,5.4,61.35,68,50
21.07,30,8.75,-38,-32,-15.54,-48,147,-50,15,-7,69.03,21,3.99,95,48.15,147,72,38,12,144,9,-6.5,144,-24,60,26.14,54.71,128,45.51,119,13.45,128,18,-3,46.34,-46,27.91,19.42,68.9
-8.5,34,-38,6.57,85,-21.2,110,15,-7.07,-12,17.78,145,63,30,-15.39,73.08,28.86,23,37,53.39,12.84,-37,39.82,45,61.3,132,-5.6,94,-48,135,104,55,23.78,54,11.02,-17.8,60.7,68,19.69,64.17
55.89,-14,-25,-11.36,79,-35,60,-33,-16,-21,138,44.44,56,-12,19,36.47,-13,48.34,121,99,-12.63,12.13,24,55.1,38,-34,111,121,55.72,-14.59,68,-20.5,26.31,-19,107,36,131,-12.99,35,62.35
43,46.97,143,137,111,47.46,30,79,-21.61,-9,0.75,-20,29,23.89,80,12,26,145,65.08,-20.81,35,18.55,-31,73.23,83,-3.43,1,-36,77,6.97,-16.07,31,37.59,103,14,-30,-26,-9,12.67,37
36.09,-13,31.76,-49,70.19,8.36,51,-45,52.32,70,-0.91,67,-15.13,66.13,-16.87,14.54,60.44,27.52,-33,-12,34,-18.25,138,61.31,34,-7.35,125,27.52,52.43,-26,-1.04,72.04,11,-11,-15,-32,30.27,33,70.28,137
2,88,35.09,41,48,40,-16,138,45.61,6.59,-2.04,49.71,16.39,52.43,70,87,23.46,68.39,33.35,138,109,47.08,127,141,50.93,109,71.14,12.05,-16,125,50.26,119,57.53,42,26,110,8,112,-13.18,0.92
24.02,-8,99,85,-29,-1.38,9.65,5.6,93,64,-18,2.41,54.51,52,127,17.14,-5.06,148,76,8,82,62.67,26,36,28,100,60,32.12,111,-19,130,55.87,8.24,16.28,95,-26,-24,15.49,132,-14
61.3,35.7,41,-13.43,15.13,11,-23,-46,143,4,55,-5.87,35,8,49.89,58.24,27,133,98,62,50.63,2.39,45,-4.17,6.86,-31,-21,21,126,46.71,103,76,5,114,-46,48.01,-35,69.39,59.32,-5.07
74.31,-49,34,128,55.52,66.62,-10,62,63.74,-25,-9.18,17.25,52.91,34.27,74,35.76,28.31,9.87,77,113,22,82,14.89,57,54.42,31.98,20.1,7.83,27.62,30.1,112,104,121,-17,126,21,107,142,25,-43
18.01,33,44,-17,101,27.63,28.03,88,94,29.64,100,29.75,72,147,35,-15.38,-25,47.14,-14,23.39,15,136,-20,68.66,-5,-35,27.22,25.56,96,142,116,25,10.38,-13.4,-10,0.92,38.66,28,27,29.36
65.84,53.41,70,66.12,-0.87,67,44,-44,1.42,24.52,92,-30,-37,25.97,48.43,77,1,87,18.1,52.11,-8,1,-34,5,32.51,-22,29,5.47,-15,-1,3,38,30,30,8.82,88,-15,-29,30,35
-19,63,30.13,96,-4,27.49,-38,-15,98,50.49,94,13.72,25,54.83,38,69.63,122,102,20.54,46,60,-45,1,-6.96,122,-0.91,-9.39,37,28.75,52,134,57,66.39,9,23.27,-47,-28,58,44.02,-12.75
111,-5.17,12,40.69,-7.8,67.11,83,30.16,69.39,4,66.92,51,5.46,67.21,-19.2,26.46,59.3,10.91,3,70.34,23.66,5,41.8,117,3,29.93,53,36.66,-17.07,12.38,-33,24,67.99,88,103,52,-1.72,-11.81,-50,3.79
63.12,27.84,50.62,120,54.84,-3,-39,-5.66,73.22,-12.57,-25,74,-22.83,-26,39,-47,2,19.14,42.45,-29,62.65,84,121,35.61,-12.84,-28,40,52,46.75,-37,47.99,71.91,56,83,24.25,44.7,33.82,119,103,-2.16
10,126,-8,24.8,4.81,-6.09,56,36.79,18.43,-4,7,59,33,64,67,-2,110,-20.14,-9.91,67,74.41,-5.42,-4,39,31.17,3.63,49.71,34,20,27.55,-21,116,47.6,-48,119,139,31,6,-45,-27
-9,46,-9.18,-9.79,77,129,136,-9.17,65.06,29,-0.47,-30,-25,106,33.55,28.27,-24.31,60.33,95,12.43,46,44,71,39.15,56.96,-1,63.57,-50,117,68.15,45.95,29,59.89,117,40.72,-14.58,70.78,5.87,45.33,16
-37,56.64,46.18,27,125,18,-4.2,74.29,71,-8.74,22.3,85,68.66,104,45,60.96,57,4.68,-29,-28,25,24.84,33.49,-2,8,42,14,105,-19,6.85,63.57,30.8,17,-20.57,-24.42,16,40.48,42.52,-4,38.45
8.71,125,-7.28,127,2.16,82,69.1,74,24,17,24,73.9,36.59,73.9,29.62,110,10.34,18.05,113,60.33,47,-18.96,-44,136,6,78,136,46.73,35,-14,52.58,118,116,146,-21.76,54.03,23.74,36.51,126,40
-6,119,35.6,-3,-22.84,10,117,91,32,-15,18.08,52.8,130,-14,4.35,11,55.49,73.23,132,-22.21,144,7,-11,46,41.48,53.56,65.82,46.4,-20,-19.45,-23.62,39,36.06,20.67,-22.08,91,37.71,33.6,4.44,-13
108,84,-38,13,19.55,28.97,-18.38,-38,64,-4.59,109,118,72.75,61.81,-2,30.55,-32,115,77,65.33,39,64.21,-8,5,-10.53,147,31,132,129,-42,23.04,22.54,2.75,6.74,96,58.48,-6,59.51,-25,138
90,27.11,65.16,104,24.32,74.55,32,74.78,35.64,36,-1.95,34.61,40,-29,146,-37,36.19,31.05,54.1,100,128,-22.77,82,-39,-40,67.13,20,120,65,129,4.54,116,56,119,114,-47,20.92,21,-46,128
45.32,54.55,-27,66.49,-1.26,106,11,134,48.09,-0.46,-8,115,-5.44,24,11,-5.87,-38,55,2.64,-4.2,2.65,90,-15,109,-7,45.08,-28,49,81,117,143,-25,4.48,-43,43.89,20,82,18,4.48,-27
-16.26,74,30.72,-8.97,16.64,127,136,-35,12,43,17,93,132,23,-10,129,90,-23.95,124,63.1,7.42,10.07,39,-15.36,77,81,62.78,-42,67.49,41,56,-19,61,73,81,23.73,8,45,63,57.75
34.18,-47,-23,-2,-22,136,-9,16,-22,20.52,-16.81,-17,-10,73.61,-24,8.35,89,8,76,98,67,60.04,-7,0,34,15,66.39,-17.16,114,40.06,28,75,2,43.86,84,102,3,115,7.07,125
-20,86,-47,-13.9,42.83,143,19.92,66.99,119,74,118,47.64,65.61,43,15.65,34.7,25,-34,114,137,22.64,121,25,-9,46.74,-30,-15.91,9,-1.25,46.9,39,9.48,7,-18,61.84,8.22,25,101,40.43,-14
71,62.19,117,-1,48,-12,49.55,73.99,66.2,-5,31,21,25.59,25,33,-4.46,67.65,122,47.85,-5,-17,99,10,-28,57.02,103,64.56,56.12,1.64,84,131,6,-23.6,104,61.53,-2.69,147,-12,11.64,-45
80,2.34,-3.82,-2.71,12.88,17,77,77,63,22.91,27,86,-30,27,-26,-10,45.51,89,104,12.48,46.59,-23.23,57.91,-23,1,28,24,58,-10.91,49,44.14,-4.76,35.05,76,-16.25,22,68.29,149,73,-9.71
146,17,-3.51,61.61,49,68.92,8,72.42,38,60,52,-37,-6,4.03,24,12,13,-29,38,74,-4.57,12.34,-28,58.79,60,28,6.98,24,70.66,12,52.65,57.75,128,78,51,18.73,53,97,-23,32.9
139,-46,4,39.89,60,28.75,16.22,17.9,73.53,29.71,129,-1.63,-7,-0.76,-20.07,7.75,108,64.03,40.53,-4.7,35.95,79,-36,26.97,-23.9,44.04,146,59.41,89,5.26,-14.95,40.39,-23.08,50.33,-17.41,48.67,-3,130,46,65.29
108,-28,77,92,-20.32,63,-24,16,79,117,120,141,-38,42.86,14,131,58.12,12.4,111,36,64.37,57.13,38,102,36,147,27,61,44.53,147,105,20,50.35,40.68,11,81,1,99,30.77,58.46
0.77,146,-1.62,-2,0,59.97,128,63,-25,-32,109,-21.22,20.26,34,115,127,62,31.7,27.55,120,89,4.23,15.38,49,-20.23,-36,53,-17,125,6,-7,118,124,19.44,14.05,70.42,66,93,22.26,21.93
44.84,-15,-50,-23,-28,-12.73,102,45,124,10,21.04,88,16.29,-5,41.45,120,-31,138,143,-27,142,90,58.58,115,64.21,56,89,136,6.02,53.58,102,17,26.11,13.26,49,20,97,98,60,64.9
80,-45,-34,-24,-10,139,31,135,44,110,42,69.38,51,41,-9.57,33,-1.99,-42,20,25,23,45,24,-3.65,16,15,-49,84,8.44,22.7,69.05,72,55,-27,10.7,97,-44,120,-44,-38
60,73.24,4,-3.35,30,7,-5.68,-11.34,49,104,29.51,102,57,17,-12.05,25.98,72.85,4.67,-11.3,96,69.76,57.42,-2,-13.85,71.68,42,69,23,-2,63.8,48.85,134,39,144,74.24,27.82,139,115,55.12,54.9
103,142,-21,-36,22.63,125,36.23,2,-24,33,103,-24,58,62,-20,15,129,19.2,120,13.37,41.25,3,27,11,-38,-21.87,118,24.65,62.73,-20,111,139,-14.69,44.08,62,8,25.91,27.55,26.36,36.76
16,100,123,131,8.86,46,53.38,109,76,60,36.02,46,13.08,-16.79,54,-49,-43,57.48,68,5.23,42,18.77,124,11,23.23,139,5,32,16.27,-7.56,-24,128,-6,74.21,62,54,71.83,91,-17.61,48.87
94,32.01,3,108,-15.34,-6.78,2.07,57.33,-11,5.11,8.51,43.08,67.17,66,-50,9.6,-11,93,-30,17.82,52,19,88,17,117,-3,65.71,43,28.2,70,57.99,118,23.53,135,66,62.92,68,-46,108,-43
2.15,20,74,-36,25.85,9,-11.46,10.65,31,59.71,15.91,44.99,66.92,2,-12,144,76,119,69.8,-11.59,117,-10,129,36.91,45,148,-31,22.79,148,-34,91,16,101,73,-26,-8.71,-35,54,-24,65
81,-3.11,-15.96,40.8,0,20.85,-38,12,-30,48.19,-10,40,-38,47,-18.45,116,87,73.69,39.79,40,-1.06,9,-24.29,-28,51,54.37,124,-29,48.75,-26,39,120,59.48,14.88,8,-41,136,52.27,41,-21
76,86,12.38,-45,88,-49,122,25.6,7,-1.47,-44,20.65,-6.07,31,19.19,103,32.64,29.4,39,35,41.32,74.32,13.42,-24,5,-0.23,89,-38,84,-22,16.02,57.07,24.16,119,67.4,144,-17,-13,-11,-29
64.71,101,80,8.48,9.37,35.08,-16,-2.03,4,115,-19.91,125,116,61.02,137,-1.47,71.89,-13,-26,74.89,-0.09,3.54,-28,-31,1.41,-30,59,64,66.23,-37,98,-50,-14.93,37,81,139,44.11,140,45.18,-0.58
107,109,53.61,67.24,-5,-47,100,2.27,18.85,-15.75,115,53.2,110,52.04,-3,53.68,50,15,-40,30.59,-15.08,59,8.28,80,-19.47,126,120,46,-46,-13,70,8,51.91,37.48,70.25,139,67,-43,137,2.78
58.92,14,64.59,11.86,23,21,86,19.76,129,64.33,46,100,44,94,142,33,60,4,111,-0.54,40.14,62.65,109,41.86,25,20.89,-14.96,-26,6.76,64.56,39.98,-16,23,120,-3,31.75,61.31,49,13.55,-16
-24,51.68,0.26,6.77,136,12.48,-8.8,149,1.65,-39,52,92,35.07,141,29,19.82,29,57.39,-12.11,74.22,24,0.56,20,85,69.74,22.14,-49,39.71,-3,44,67.39,-19.51,5,-36,20.2,22.06,-4,-36,89,73
21.18,37,12.98,99,3.46,-21,-37,45,103,60,-22,56.24,4,55,141,36.61,27.69,64.87,51.51,19,141,-15.24,-0.53,135,119,49.71,68,24,53.67,-17,41,-27,115,-24.21,146,54.23,143,-16,146,-4.3
-12,74.29,36,33,64,-14.65,59,1,52,51,61.97,52,52,83,39,33.57,16.56,-5.88,-7,4,32.54,109,111,61.1,-44,139,46,62,26.1,-4.98,36.16,16.58,3,-42,57,74.48,-17.94,26.98,87,47.45
20,85,108,60,99,-49,0.23,53,35.94,25,-16.64,-18.25,-3,-39,39.5,-19.2,-10.07,4.31,27,33.14,89,30,103,18.74,7,-4.89,-16.8,16.7,2.78,140,27,-9.44,60,15.29,9.01,-3.17,117,15,45.44,110
61,-41,136,-45,-16.52,8,64.75,147,6.68,72.1,4,34,58,8,50,43,-8.19,71.28,51.4,57,89,-9.11,69.23,50.52,77,-14,-7.53,97,21,43.5,76,-17.79,50,28,135,136,34.36,-9.67,-4,145
143,5,69.05,112,39.85,93,42,-17,13.27,13.68,72,6,9,28.11,120,21,-18.56,134,91,33.49,104,67.17,33.21,-40,37.2,80,84,-25,-3.66,8.73,-42,46.41,-19.44,30.12,85,10.72,-15.16,-11.71,9.62,-44
-16.08,119,48.01,34,32.83,-15,-30,69.63,110,134,36.11,16,41,73.5,106,126,66.69,-14.22,7,-23.64,149,-19,6.01,29.86,69.7,-32,109,117,-34,-28,-46,6,122,54.5,64,12.41,28.05,72.32,-35,34
80,-20.35,64.83,66.58,28.37,145,13,139,9.78,12,42.28,148,61,142,113,12,51.46,-21,22,52.3,58.63,-40,23.58,14.24,13.7,-10,-10,10.29,53.97,-27,29.35,57.73,-9,12.4,59.35,9.37,-0.94,141,42.13,-11.54
-32,-16,46,50,41,37.39,34,101,62.25,-37,-24,-32,45.24,-12,19.28,-36,58,23,-17.69,132,10,58,146,137,68.22,-18.84,-40,-14,69.87,61.76,24.85,26.3,-6.39,24,52,42,39,-17,68.46,68
19.39,-0.25,-39,23,45.74,85,-4,19.34,106,62.13,-1,8.77,128,119,-38,17.27,-15,74.98,50.97,63,-13.69,7,-24.78,139,96,31,32.63,-6.16,70.51,2.03,55.1,0,31.16,31.91,126,-14,19,72.97,20,-43
-29,55,-37,80,32.78,94,76,46.99,-17.02,40,-6.71,118,112,30.66,125,125,12.82,25,50.41,-37,84,35.23,88,120,133,67,8.05,131,112,-22.88,121,59.58,13.62,-9,-9.39,97,-8.37,74,30,36.31
28.85,116,40.39,51.69,134,132,-16,116,-15,69,81,70.95,29.16,17.23,17.92,22,28.08,-18,-3.23,57.53,-10.56,38.86,-13.12,13,71.68,46.8,135,103,-28,12.39,8.54,3.44,70,40,-15.38,26,15.29,-7.08,50.97,90
-17,78,71,76,49.42,81,5,20.07,-14.27,43.25,2.25,-10,91,43,6.53,7.61,90,102,82,-23.04,3.01,-2.89,36.98,-12,51,13,-47,41,141,143,116,28.2,70,56.36,-29,28,61.96,46,44.48,102
89,-36,30,19,34,116,104,51.65,-12,48.08,53,50,74,33,-0.53,26,-42,15.79,141,59,-12.69,24.99,8.22,72.26,-24.34,133,48.91,113,-18.26,62,15.56,10.14,105,-13,19.35,118,67.01,-14,-22.33,90
0.21,43.08,145,137,72.87,-20.43,42.83,-24,-15.19,29.67,43,-36,90,-8.17,-9.63,3,47.03,13.39,50,126,-44,-5,55,-18,43.06,22,136,34.98,67.88,22.72,111,14,35,18,145,23.68,78,149,36,67.55
45.2,135,-2,-16,-13.38,-9.12,-6.32,98,52.36,66,64.5,77,72.45,143,104,-44,111,-3,69,145,110,18.82,58,93,132,-24.1,40,-33,48.6,-20.87,49,13,-15.95,-0.47,67,-20.3,21.28,67.49,71.79,74
-7.18,107,32.4,-11.87,-20,28.92,58.05,51,-15,27,37.96,128,83,28.75,34.63,65.41,-8.97,-19.91,47,-15.32,39.62,27,84,66,38.41,-36,-7.28,46,-7.33,-9.5,-15.7,66,63,-13,-38,-24.73,15.8,50,6,-5.4
66,87,51.82,79,-21.61,78,78,84,15.92,121,23,-3.46,44,149,0,33.43,73,-18,143,-10,63.76,72,6,12.17,78,-27,64.06,45.42,137,-6.73,-42,3,65.74,-18,13.27,24,104,50,90,-25
18.28,55.91,87,68,16,96,79,108,66.97,92,57.95,61.72,10,24.6,10,145,41,23,-7.33,26.93,-12,-20,-6,-5.58,16,-20,-48,93,-16.01,95,-12.11,85,16.12,40.82,35.36,22,24.04,-14,-21,-7
85,112,-21,35,17.02,-47,56.61,-6,-23.19,-48,-9,-4.98,65.64,-40,113,-13,2.39,7.02,107,-3.22,24,-50,7.06,112,47.65,29.13,-23.89,-10.39,106,53.68,12.08,40.68,28,91,14,41.88,31.57,81,116,2.52
48.69,-36,100,20,57,1.64,-17,31,59,76,19.75,-19,65.89,95,38,-1,20.75,51.52,-49,44.42,31.76,-50,115,25,-49,50,40.77,56.63,-17.71,-40,-10.83,135,54.22,124,64.16,19.21,-39,70.75,60,71
119,90,69,49.48,133,74,50,53,58.03,-18,110,102,58,-25,-35,27.41,-16,14,124,74,48,139,71,106,46.68,138,-5,21.15,38,50.01,25,6.04,-16.51,65,36,47.21,123,31.1,36.76,-24.18
25.79,45,-9,-24,27,-41,120,115,39.7,17.94,-11,65.95,98,106,148,10,-4,71,34.11,16,105,13.93,46,32,59.44,50.84,-24,12.95,-45,61,38.49,-27,72,-29,89,43.31,50,-16,63,48.25
-18,-48,-16.03,95,27.85,129,40.96,111,55,-32,8.61,40.19,-2.31,31.74,32.97,13,147,8.68,-28,19.97,25,60.61,65,128,-5,-19.76,15.27,74,-44,66.4,133,144,-48,-20.41,147,-25,73,65.07,86,65.45
52,43,-22.84,20,66.35,58,-3,17.16,135,28,2,48.7,44.07,71,-33,25.24,110,-0.03,132,-28,70.59,-50,-39,-4.52,-37,-16,-16,49.55,113,36.56,10.2,74.92,-21.42,61,-47,10.61,45.42,13.71,49.15,-22.84
-14.91,-12.69,75,90,104,60.86,119,48.29,79,45,101,12,104,109,56,132,99,89,104,-3.34,18.86,58,56.14,45.08,105,5.3,-33,-17.76,-4.06,12,23,-23,131,-30,107,29.54,26.95,66,63,109
4,71,29.21,57.48,3.85,18,30,129,78,-10.56,59.86,10.03,3.89,74.12,-21,66,2.96,-43,-23.97,-24,52,35,121,74.4,62.86,72,12,-46,20,22.04,52,34.07,44.49,127,129,-39,51.55,54.73,139,111
50.81,36,122,70.04,32,125,48,107,53,22,-18,90,-23,124,59.19,51,3,88,71.76,140,15.77,107,-40,40.78,1,57.3,34.15,-17.52,7.82,-15,138,23.71,-14.09,54,67,-2.38,-11,113,18,70
15.7,38,48,17.87,34.85,-22.08,39.2,-12,66.02,-3,143,124,-2,-3,18.85,144,-17.74,41.77,3.52,14,55,67.15,34.53,-43,43.96,56,141,-18,127,4,-15,47.06,72,38.37,26.87,15,70,29,-1,100
74,-3,5.25,23.39,83,29.51,26.42,35,-23.51,-15.68,47.69,65,23.32,15.42,131,130,-7,129,46.06,-21,92,22.77,-34,121,-36,-13,140,-48,-15,-21.13,40,-8.75,5,88,-49,88,25,-4.3,-24.58,-10.38
62,-13.17,58.33,45.79,59,49,24.43,-12,6,52,-42,-0.22,115,99,-13,138,74,31,148,129,28,82,79,21.65,61.66,53,-16.4,21.44,55,113,74,80,21,81,67,-18.45,15,10.33,36.43,73
50,-20.99,2.04,34.71,117,-3,97,42.79,12.55,-48,42.27,36,7.84,60,149,-28,13.44,141,144,33,134,148,47.82,139,-44,39.83,93,148,8,-21.11,4.67,-15,34.79,96,0.88,127,66.36,-44,-17.77,-33
22.48,40,28.16,46.64,0.38,41,-5.46,79,-16,21.02,7.13,14.83,-12,-10,29.15,74,48.62,-21.39,-27,81,-18,117,45,48.08,-19.56,34.35,-8.33,38.43,105,88,-2,28.72,-24,7.72,61,-47,15.42,51.79,32,-4
5,91,-24,68.82,34,10,54.79,86,77,52.27,-9.75,72,-2.19,-28,25.03,106,-26,-15,-35,40.13,39,125,53.14,59.54,29.33,91,30,71,49.04,-9.68,89,37.43,136,111,53.16,120,24.3,34,17.16,30
106,36,111,14,16,32.17,74.43,74.29,47,-5,133,9,-4,22,6,66.77,-18,-37,68.94,-1,-23,141,-11.98,24.45,8.66,92,-24.69,11.99,-21.78,-29,65.82,52.15,16,119,31.83,142,143,23,67,41.99
-18.39,107,21,37.65,66,21,32,38.62,93,60,75,139,58.75,-11.9,5.17,26,58.58,65,-6,111,104,141,-0.64,21,43,84,52.69,-9.85,-35,-14,88,126,-34,60.59,7.89,1,1.61,81,3.09,89
63.01,98,-28,-13.4,37.51,33,17.26,51.89,105,25,20.86,36.66,23.51,13,81,-35,-43,-13,-2.86,61.79,64.26,141,103,-29,17.72,97,86,2,74,-39,67,109,110,-10,143,72,18.62,10.4,6.55,-23.76
127,-20,25.97,-18,86,111,41,5.01,121,9,38.07,71.03,67.11,-3,63,-21,79,114,60.83,-30,25.76,9.68,35.64,40.4,22,41.3,5.88,46.39,-21.67,100,130,110,-32,-36,81,45,113,-42,-21,-16
6,148,28,3,8,16,-0.92,79,-46,117,77,43,44.98,-16.92,130,1,39.5,29,94,6.35,46,32,35.24,92,37,59.04,6.77,26,-5.79,-9.36,81,46.4,30.03,-21,-16,18.46,-7,127,18,40.68
75,32,20,4,11,-15,11.24,87,-26,105,-38,85,117,43.64,51,125,46,-8,4.52,3,15.61,12.18,13,65.73,41,-17,72,-11,55,72.89,6.53,-29,38.8,141,35,-17.95,-8,75,106,32.1
126,67.2,37.04,21.22,42.52,52.03,-23,115,-6,-16,51.31,1,106,94,-43,72.56,10,11.78,44,91,51.92,-20,95,25,112,-20.82,67,31.58,0,106,45.83,68,-33,-36,-8.04,35.51,125,92,17.54,2
10,-19.46,-19,-31,114,110,16,101,5,148,33,113,96,-3.71,85,62.35,22.48,-18,114,25.27,-19.52,6,74.78,70.87,28,147,36.65,57,59.98,27.09,69,110,52,42.75,113,139,63,-31,74.32,37
-20.33,132,-23.75,29,108,1,3,137,32,6.97,93,24.28,60,-3.89,16,-8.09,-25,25.76,45.29,28,75,70.68,-48,83,-14.31,-17,115,4,3.93,1,56,5,-27,1.45,91,52.47,45.75,-3.13,93,56.35
39.2,30.9,1.6,-17,-19,140,47,144,62,57.07,-36,50.19,124,-48,44.1,-24,-19.77,44.98,144,6.93,114,23.79,52.82,-35,50.33,33.74,66.6,66,118,123,113,33,-35,-9.11,2.23,142,15.48,-30,125,-29
6,28,95,29,-45,71.33,-40,83,-14.87,90,15.43,83,149,-24,139,64.65,131,14.33,-24.26,26.44,34.64,93,51,138,48,138,84,24.24,69.29,-43,57.52,110,-16.05,1,139,-23.46,99,10.93,58,122
50,-22.5,-37,1,-18,18,-14.17,116,-6,98,-19.8,18.2,-9.32,67,-50,50.16,41,70,18.22,105,-42,86,73.6,67.27,45.15,-14.73,17.98,109,67.67,5.67,52.43,83,71.42,81,19,-17,59.3,22.21,-22,-6.86
66.15,-23.54,15,45.69,76,-3,-14.28,35,39,28.92,45.3,29,-7.57,14.64,26.76,69.55,-26,41.42,-1.49,37.79,122,73,69,-41,-13.68,11,117,48,-17.86,117,48.93,-11,56.28,-11,-40,-5,-5.23,59,102,22.24
40.71,24,-0.39,-9.12,139,-33,125,117,12.6,-3.23,-5.7,57.27,63.22,40,34.79,-14.8,42,-18.28,13.8,-49,-18,-13,72.03,-41,38,136,62,139,3.61,115,-4.44,107,43,88,100,35,113,-18.68,-16,-32
-16.22,131,67,-18.34,2,-10.39,73.59,-43,39.13,43.06,142,22,25.41,41,68.84,65,-22.67,23.28,98,-16,9,140,-47,39.52,-30,116,37.62,-50,54,54.41,71.5,-18,127,106,133,148,-3.96,-30,-19.61,62.14
24.91,149,63.52,-16.44,1,-24.01,25.07,-23,122,35.24,69.16,147,-42,136,134,11.46,75,-11,94,35,37,24.82,94,-5.63,-0.64,73,36,-0.44,15.95,13,97,14,110,81,102,-16,-8,-41,76,57.59
35.61,-13,64,26,-19.04,64,-35,145,-16.81,-21.26,-10,55.24,79,116,23,42,29,34,-41,87,-27,131,63.94,71,54.21,124,125,136,-18.76,105,72.09,-4.72,77,8.14,21,-37,84,53.16,68.98,64.43
25.06,-20.65,95,113,-1,133,91,12.99,-7.89,-2.77,5,130,27,26,12,19.74,19.07,-39,61,46.52,-11.39,80,-4.03,1,130,45.79,127,119,80,7,-5.8,54.29,41.59,-30,5.01,50.02,66,93,5,55
65,79,31.74,21,147,69.25,148,37.12,27,27.87,-21,66.62,-14.81,44,74,-22,9,122,4.38,53.03,103,139,-40,-40,73.51,139,60,101,131,10.74,114,39,148,0.29,-18.39,-17.23,-19.16,-24.79,73.58,27
117,-8,65,-8.02,109,89,27.54,129,84,53.88,-32,-22.44,72.34,33,5.1,28.28,65.53,71.96,86,40.78,-8.27,85,92,137,135,92,105,116,-46,128,11.2,-11.56,13,-2.95,-15,-19.47,13.78,-23,34,31
87,121,-21,79,80,83,103,65,44.82,80,58,-1.18,112,16.62,116,106,122,-48,30.74,59.53,-5.12,141,-13.87,-14.76,65,95,70.42,43,95,-3,142,-1.74,63.71,34,39.17,47,-37,94,18.86,41.17
131,22,58,33.49,2.65,14,92,-23,-37,51,90,74.34,-36,-34,-41,-23,-7.99,34.58,68.17,10.18,54.79,13.03,19.59,-35,92,12,135,36,110,25,102,28.68,40.91,-20.27,-24.05,3.68,1.84,-12.85,109,-0.3
16.3,63,-46,124,88,48.56,64,149,0.6,-23,38.15,-5.22,147,14.39,50,115,14.84,28.08,49.26,14.86,-29,111,118,65.51,124,20,110,45,50.76,41,47.3,137,99,1.58,51,34,27,19,64.48,22.8
-49,59,85,37.82,-10,134,57.25,55,56,-39,47.15,50.11,4.71,100,59.01,60.28,-13.86,72,22.16,10,81,52.23,89,47.49,133,113,2.67,-5.02,31.87,-15.08,63.18,50,146,27.44,94,4,42,38,-20,50
75,142,-17,25.46,7.16,68,41,30,0,102,42.19,42.45,116,61,49.17,50,-44,86,70,-10.52,66,-34,15,122,66,-18.54,-26,64,-5,-1,148,34,-29,46,65,57.74,8.02,-7,-13.54,100
48,-14.51,30.09,64,-12,-8.73,53.11,38,86,26.81,32,22.5,-16.36,2.23,107,55,-1,2,-3.68,45.54,98,45,36.89,-11,43.7,5.23,-19,31.14,82,-46,116,7,137,82,107,3,74,-43,40,28.97
6.71,32.76,-24,64.85,38.61,71.52,-2.93,34.17,21.89,-12.59,59,146,22.1,143,39.56,33,41.88,98,1,70.94,79,-8.38,123,61.22,87,96,12,-12,23.15,-6.23,64,-5,17,90,32,-17.78,144,30.31,54,13.81
19.77,53.18,-34,36,25.95,-9.9,28.47,118,15,126,-48,10.09,37.19,26.07,-23.9,125,24.31,135,89,7.44,19,34.41,-1,45,-49,38,129,-19,-35,35,51,-11,6,96,35.06,65,37,141,-48,41.32
124,-45,-44,105,15.41,-9.75,78,-6.15,3,3,139,108,60,6.8,50.22,65,71,29.58,49,70.2,-1.58,-42,16.76,39.19,77,9.44,-31,-43,19.99,35,61,98,53.94,75,76,94,40,137,-2.35,5.34
87,-14.74,-8,43,85,116,83,71.9,50,119,22.46,122,-46,125,12,-15.27,52,-41,25.3,114,6.42,68.06,54,98,105,55.79,75,13.99,81,2,32,12,74.07,83,0.64,-21,9,13,74,-13.8
120,69.45,-14.78,-28,36.86,137,64.27,29.98,75,108,97,74.44,54.06,-5,12.34,38,-39,38.67,67,96,118,85,116,48,137,25,57.46,4.62,135,43.66,20.99,14,101,30,128,117,-7,19,51.05,47
-3,44.58,70,-19,17,17,119,34,0,-6,17.98,71.23,96,-6.67,35,35,49.62,93,-1.53,-5,-41,144,94,67,142,148,22.62,25.36,-4,40.14,-17,54,66,58,-27,32,66.85,42.02,127,20.04
17.48,42.48,142,137,36.16,32.41,-13,27,138,-35,14.2,137,64,105,91,42,-22.27,-19.75,31.94,-19,49.23,5.42,56,41,13.29,60.63,-35,-21,3.15,-11,30,63,5,40.38,143,62.28,60.16,62.35,125,-47
26,87,69.42,72,19,51,-24,-30,26.08,-1,1.99,22.15,95,25.84,56,104,54.34,-12,36.12,-18.63,42,-26,-23.32,114,35,36,-12,76,50.85,116,11.5,27,59,85,-9,49,149,42,103,31
-17,120,9,-45,1.33,69,55,51.03,116,40.8,69,113,38.88,144,-32,131,97,-5.88,23.47,85,-3,105,47,-10,116,13,59.63,20,46,134,3.18,108,0.07,56.4,147,18,39,53,53.37,83
-8,110,-15.6,29,-10,-35,44.83,-17.65,-18.15,-10.67,104,138,16,95,66,57,24,53,17.61,93,87,18,130,-11.95,31,70.79,106,-30,50,-45,17.59,31.01,-26,119,99,8.95,111,94,64,23.85
26,-8,-10,16,11.04,-15.8,-38,-45,23,2.28,35.85,99,-6.93,41.1,-21,38,21.61,142,32.76,19,33,-25,64.01,-21.97,63.25,-15,106,23.44,125,71,21,108,-47,-9,-31,59.95,-24.22,130,-11,73.37
8.38,32.98,42,-32,53.46,37,40,51,111,67.17,57.55,-34,85,-22,110,7.76,12.14,110,-28,64,2.39,50.19,124,140,87,3.91,63.93,-1.61,62.3,55.04,-30,-39,126,19,28.1,49.04,121,119,137,-5
76,98,15.8,-2.57,-16.19,78,130,116,-18,125,-11,40.17,16,57.26,0,-23,37.7,-44,42.04,29.09,73.06,-22,-8,12,-40,135,66.42,-16,57,137,42.98,-50,143,4.27,-23.27,-13.58,31,-4.17,13.42,-43
-22.64,18.7,16,70,-14.71,42.99,51,19,-12,115,38,-9,25.59,-30,46,49.83,72.55,33,-3.6,61,60.8,-17,38.08,22,20.96,28.14,18.31,-29,-11.51,121,57,120,70.1,146,-42,23,144,38.4,22.79,54
70,68.5,-9,17.88,1,-34,66.05,69,73.52,85,23,58.05,-48,-16.93,66.66,51.43,12,33.26,29,13,51.61,27,-22.33,56,129,127,27.68,46.49,68,26.57,10.28,68.13,32.61,-27,127,22,8.68,14,47.25,-21
145,17.19,11,87,13,101,33.76,31,-6,122,75,92,92,-41,36.61,7,24.99,-2.61,67.42,40,65.4,82,39.72,88,13.15,74.74,40,-16.83,-27,53.87,120,-15,-48,-24.53,61,0,141,39.3,40,37
-47,40.98,86,6.19,141,58,-6,14,54,8,94,3,23.08,33,47.96,137,6.43,6.76,136,-23.05,146,86,50,-12,-30,-23.33,39.29,-32,42,-8.15,-45,64,-16.54,45,134,134,26,-21.27,41.06,147
37.46,8.05,38.66,63.35,107,-24,34,-12.46,-2,60.16,-5.66,35.64,5.93,-37,-23,-0.64,145,45,95,29,37.05,126,0,8.27,115,41,115,65.59,4,53.31,22.84,9.93,70.02,145,45.62,6.02,139,-38,41,21.32
65.04,50,47,18.26,148,71,14.2,5,109,28,101,10.75,84,22.05,-23,-17.79,-1,28.71,-14,110,24,18,61,101,21.69,32,71,1,38,30.18,-36,81,63,79,115,-9,-13.13,13.15,33.37,110
144,73.34,-49,-35,-34,87,27.31,28,124,-4,21.21,123,56,-23.06,95,24.43,-6.7,-9,27.37,140,6.67,21,120,-45,7,-46,75,43,138,-0.61,133,139,30.36,50.39,51.18,18,12,17.32,46,74.6
107,72.2,-29,103,54.51,19,103,143,77,130,143,92,27,143,-28,-46,59.63,73.47,54.2,47,148,69.2,44,86,108,10.27,-12,93,32.29,13.42,-3,93,-45,-2,47,-50,60,7.51,-43,24
67.74,-5.23,-44,-10,-6.91,-19.69,54.83,71,-0.57,46.4,54.73,134,107,-24.09,62,20.97,19.63,33,24.07,1,6,32.24,-18.5,-31,63.45,12.37,105,68,-9,49,72.94,-23.01,93,-14.86,-19,52.64,24.53,-15,-4,114
111,-1.05,-42,122,22.15,-24.71,-6,-29,30,69,10.18,-7,112,-8.81,25.39,-9,7.3,50,106,38,-50,57,113,25.72,62,30.63,121,89,51.46,65,1,-46,-46,50.47,90,-5.62,14.34,4,-50,73
133,41.94,7.24,33.81,136,-21.92,37,112,18,33.21,2,39.33,89,-7,47,-22.88,63,16,-17.25,-23,137,17,40.77,24,107,9,-13.92,76,40,54.76,5,54.96,-19.31,72,-2,55,106,36.39,-4.49,3
-2.31,88,86,14,4.05,15.12,108,124,20,96,136,22,53.9,75,85,91,96,27.56,81,50,67.26,11.5,65.81,85,110,9.71,-7,48.97,11.35,93,-40,61,46.3,21.52,-9.29,76,61.04,104,40.18,-19
48.97,8,69.54,7,4.78,22,109,65.74,3.81,21,27,70,9.39,-35,55,132,25.81,135,17.67,114,37,-1.07,41.5,129,14.49,-19.19,-17.39,36,-13.42,-27,-9,4.93,18,0,40.45,101,104,-21.4,138,40.15
124,-17,67.37,42.19,0,4.19,94,72.25,-4.33,-1.7,63,-17.9,22,22,-0.27,71,15.77,73.77,4.58,20,35.39,-11.04,49.7,48.08,106,1,66.21,133,21,71,22,-45,-16.06,110,9.78,15.66,14,55,70.53,139
28.72,68,42.64,52,-8,51,-19,85,102,74.55,-11.1,49,-7.57,109,-38,14.46,57.14,8,52,137,33.14,83,-4.53,83,76,32,49.18,101,116,82,11.83,15,30.17,7.67,24,51,0.13,79,130,137
58,-34,-13.44,31,43,31.34,20.09,-5,-12.32,108,-20,148,0.41,52,92,69.65,-6,37,33.9,129,-36,34,-19.08,6.28,107,15.33,-6.8,-30,-7.21,-17.59,49,38.1,72.99,53.28,63.54,111,31.73,20,-14,134
59,72.29,-45,12.97,9.57,-16.62,-1,105,45.68,117,48,25,29.6,63,69.23,-48,144,74.67,95,146,45.85,-21.09,122,-0.82,-24,16.25,-21.59,26.47,-9.69,73,113,75,-28,-20.64,149,24.56,67,-6.49,-1.99,2
35,22,34,144,67,54,-19,58.34,28.32,10.05,-45,23,11,-13.28,66.31,41.46,17.93,34,-33,74.36,27,134,16,65.28,110,-8.94,112,127,90,33.05,140,65,42.35,21,-15.59,3.61,145,62.83,69.7,-10
72,100,-22.31,-17.7,52,44,38,68.76,141,122,-35,113,26.94,-48,23.32,4.75,26.53,50,-13.64,-4.16,103,69.5,-1.67,124,-6.29,103,64,17.64,57,-20,-44,-8.68,23.91,53,115,38.63,70.06,72.93,12,34.67
25,7,22.72,-5,99,47,-33,4,-39,7,-3.76,108,45.28,11.7,4.58,32.19,-0.65,12,-8,113,109,12.91,56.31,2.32,37,-32,24,37.83,-3,50.78,-23,-1,-19.81,91,90,-13,-6.2,52,5.91,50.3
0,2.01,47.18,71,52.88,27.8,131,35.5,-12,-10,71.04,24.07,64.42,40.34,60,-23.25,136,65.81,2,-23,84,56,13.57,14,101,73,41,44,3.35,-33,6.69,39,-13,10,-23.62,148,18.36,43.1,94,88
-42,-26,104,123,-41,-44,56,85,21.77,14,113,84,-36,135,-22,33,-11.45,40.52,63,145,-18.09,68.22,-15,15,29.4,115,128,-12.24,66,86,49.3,63.64,44,38.08,-40,-10,-21.99,51.92,86,-7.26
44,40,-4,56.78,-49,136,-2.78,23,18,89,43,-30,79,-24.1,82,105,74,40,35.95,84,-7,-24.13,-4.02,115,107,54,117,52.05,-42,-47,44,-36,3,83,-8,44.52,39.17,32.3,-12,43
96,115,73.01,130,129,50.53,22.65,76,-13,12,-4.82,9.21,27.81,-11.83,89,21.25,66,61.28,-41,12.28,61,2.76,113,23.91,93,-5,36.68,120,149,67.94,68.23,-20,21,58.18,4.65,65,63.36,109,9.66,28.18
49,-32,32,52,66,-20.57,7,25,5.97,103,43,48,73,69,-13.75,-4,1,61.54,149,30.79,21.17,63,136,59,71,-37,13,-23.58,-1.71,-22.5,45.6,45.83,-2.98,29.74,105,74,40,35,118,-10.24
52.24,106,11.59,123,89,87,-14,106,9,34,-7,29.35,50.37,54.8,-19.62,45.25,129,20.9,46.99,62.23,4.71,27,105,28,67.91,-23.63,61,-1.37,62,148,84,71.05,1,28,-23,-10.34,74.42,41.35,46.68,-18
-4,56.29,-10.59,3,61,17,136,23.04,-34,37.41,149,104,36.53,101,60,60.86,-15,149,-3,8,12.88,38.87,52.58,-4.78,30,58.3,73.9,60.38,55,58.46,128,39.58,43.45,10,-14,71,129,82,69.37,53.35
15.52,44.12,68.2,80,10,35.37,89,-6.08,145,-13.6,-43,44.92,115,91,-4,91,132,9.49,5.05,-20.94,141,87,98,-1.53,-0.37,62.82,16.69,147,47,-45,78,137,-17,51.92,-4.43,63,29,-22.99,-17.31,-23.16
80,46.75,44.19,47,2.88,129,-12.17,-18.71,-19.52,45.4,5,10.85,77,-23.35,133,53.52,-10.64,109,28.08,136,76,-10,-10,38,45,-41,-45,35,105,-15.61,-8.27,100,72.66,34,41,37,75,111,55.98,-4.12
30,138,33,46.26,112,67,7.24,37,27,60.98,86,25,45.2,46,78,31,50.8,-18,45.1,107,9.7,143,123,2.32,63.71,136,-4,38.2,-30,-10,42,34.39,-47,86,59.38,24.57,65,90,-18,10
65.02,62.73,2,-20.84,5,66.53,64,32.77,110,63.43,21,-18.56,71,142,26.74,-45,38,31,-31,-1,96,91,-49,-35,72.25,128,129,15,34.32,-4.65,74.28,66.14,-22,2,131,-17,-42,72.87,10.22,35
6.58,-43,133,133,74,48,67,36.46,112,8.15,-17,13.04,137,-22,127,97,-19,49,7,-46,-21.98,9.11,19,-24,65.19,73,68.15,-19,79,24.52,47,52.29,66.69,72,-31,40.64,145,33,5,-2
53.88,11.66,54.45,14.73,-6,61.31,17.1,59.5,-2.71,90,17,23,-9,-7,10.23,83,51.79,-31,40,-46,-49,45.86,-15,0.12,33.15,127,24.71,-31,-11,-10.72,120,-41,-20.08,74.14,72.21,14.08,56.41,135,-6,60
-44,-16.33,14.51,-8,22,86,63.98,-17.92,103,72,10,147,9.19,68.49,7.03,27,-45,-48,71.39,14.78,-35,26,64,63,69.05,24.64,11,85,81,37,143,68,-26,15,41.76,8,-9.4,7.5,95,-17.85
96,-2,-4,-18,109,66,108,-16,89,-8.83,119,36.94,-7.22,-19.11,-8.7,55,93,63.92,50,22.59,99,104,-3.35,-7,54,129,54,19.75,7,1.38,-1.58,127,44.6,-22,143,25.85,93,-32,52,7.52
-2.64,16.31,-41,-43,60.64,-39,128,34,115,88,64.52,15,59,38.51,47.62,64.29,37,31.24,10.74,41.86,132,30,25,44.73,126,39.69,-6,61.07,80,9.41,54.02,42.9,118,-0.81,120,-12.52,110,62,48,63.28
50.67,-1,-14.9,-0.25,-43,64,-45,-30,54.84,-34,-22,70.97,48.4,19,-28,68.67,13,-36,-17.97,-42,62,116,22.59,-44,113,-11.36,45,6,131,24.51,85,111,-47,22,-22,22,-25,58.03,-4.83,-41
3,76,32.68,22.72,140,111,48.41,148,23,9.18,18.24,52.82,2.76,64,47.29,85,-8.32,73,49,-43,-39,56,-0.65,62.68,138,-36,-35,143,73.68,40.03,43.62,-4.56,28,18.65,32.42,-47,111,138,23.21,23.51
22,-21,145,-2.81,9,115,7,-6.8,-12,-22,54.78,118,64.2,15,-11.85,28.14,135,105,44.9,8,16,118,60.97,113,10.31,97,-15.28,70,20,-18.39,7.58,52,-14,22,38.97,-25,-15,17.43,73.93,149
29.59,-3.14,12,95,98,67.12,-16.22,-6,117,-10,69.13,39,88,12.29,-24.36,65.54,142,140,141,35,32,35.35,-17,-21.92,149,26,-22,-18.91,-20,-12.79,85,30,40.57,37,68.85,128,58,70,49,86
96,41.05,116,-23,26,60.2,99,-5.55,149,-20,77,-17,-16.41,82,132,42.75,86,93,117,47.57,119,-17,22.53,74.25,7,-33,41.8,1,95,-18.54,51.48,-50,102,137,0.33,59,91,8.23,145,17.92
128,-7,68.26,-9,-31,-41,122,8.07,57.65,-2.58,60.73,-21,-2.25,-13,87,64,55,19.87,-1,-4.52,4,128,-17,6.13,137,64,87,-25,15.98,35,-2.99,-8.73,9.73,41.13,-1.32,-20.84,101,105,36.35,121
24.96,139,-24.45,87,90,0.18,5.66,-7.35,148,-29,133,16,59,-20.63,-20.04,68.19,-1,64.4,-3.16,78,61,93,3.94,16.84,26,63.61,13.78,6,3.01,-29,-38,90,-0.02,-19.59,83,-49,14.21,42.28,57.13,21
21.21,20.44,70.97,66,16,19.29,56,28.6,35,28,-3,-1,32.54,102,92,65.5,-4.68,-36,-33,-19.76,3,61.66,74,149,19.71,27.67,1,21.36,45.7,34,-34,143,68,19.1,-11,-32,22.77,57.08,39,71.53
65.71,0,-3.44,-37,10,0.69,6.45,-20.68,-17.89,68,14,21.55,38.52,127,-23.25,-17.38,48,97,21,8.45,60,121,148,-9,-8,28,113,136,43.07,-6,61,24,-23,21.08,88,17.72,60.92,-16.22,-14,-13.79
95,71,32.38,145,13,-10.55,-7.99,72,29.08,104,65.87,25,71,44.29,4,126,24.89,15,134,66,30,21.63,43.8,-9.43,63,25,81,91,0.4,142,-14.04,104,73.99,43.77,104,22,63,140,-4.19,58
78,-40,49,14,78,15,129,74,118,-14.25,24,70,69.48,-8,46.62,148,100,60.06,25.31,142,31.59,30.53,-11.64,24,54.96,43.41,46.87,-9.14,35.34,9,-6,-18.42,116,55.02,-12,129,58.47,66.89,1,117