110,-12.58,73,8.49,29.16,32,65.92,-19,51.55,7,121,-19,135,19.57,-19,43,-38,65.26,140,60.97,-49,-20.38,-19,100,78
96,97,51,116,29,63,25,59,37,77,52,-2,129,10,52.27,-36,-19.87,104,148,122,-4.33,-22,51,-33,-11.35
-22,73.61,-24,-22,-4.73,11.62,-10,11,-2,-13.01,48.88,31,143,117,100,8.21,-11.21,-13.59,64.85,8.46,139,41.93,79,-14,19.82
21.16,4.33,130,131,11.25,117,33.07,60.58,68,73,-24.54,-8.17,120,112,40,45,74,60.7,69.16,-31,54.03,40.6,3.04,2.68,129
65.7,-13,37,10.49,52,116,25,-39,28,15.06,76,127,-22.54,123,35.16,33.1,19.93,114,25,22.15,31,98,-22.43,-10,56.77
39.5,62.44,-1.58,-39,-21,30,11,41,7.03,5,51,11.66,31.84,66.98,-46,28.17,136,-39,133,-5.12,26,-6.78,-15,62.93,21
-13.24,1.14,-40,-40,21.67,63.61,6.23,25,1,119,13.17,-8.97,-31,69.69,11.57,121,76,55.52,66,-33,23.41,71.08,-31,37.66,66
24.5,148,63,25,2.14,52,-23.46,9.8,-16,6.94,58.09,-11.67,3,133,-13.64,-15.8,72.5,-11.69,-16,1,-2,54.58,22.41,50,146
-3.69,32,-5.33,28,-50,59,2.97,32,56.13,41,-22.81,47,23.86,-2,-5.75,4.25,96,35.16,63.91,-23,14.23,53,34.15,53.19,-14.57
83,59,15,47.9,45,8,77,118,67.89,65.54,-1,29,13.28,67,43.77,25,66.06,30,-13,69,19,-24,-20.01,-34,-41
47,-38,124,31.18,-23,-6.75,-26,30.7,51,-46,-9,42,4.73,128,-16.95,-16,34,6,88,23.98,120,34.13,1,-10,-12.53
43.14,-7.47,16,110,50.2,-16,23.6,-6.68,42,59,45.42,33.82,10.75,106,46.66,4,117,64.34,-29,23.22,51,-21.85,65.26,39.51,138
-12.49,61,-6.29,-9.15,14,8.79,11,75,-7,36.91,20.21,67,46,1.77,-6.67,66,-11.52,132,27.04,140,64.11,114,2,78,42
69,9,24.35,39,-25,24.59,-33,134,51.27,3.61,102,11,83,4,-8,-14.68,112,33,29.9,-21,46,37,25,-24,44
-9.11,19.14,53.71,-3,93,-37,4,-6.86,45.35,55,66,-7.42,10,50.87,-6.59,9,-2.89,25.36,30.96,98,-35,82,130,63.49,53.57
46,-24.04,-29,134,57,-0.71,-7.15,66.07,-26,122,-13,91,27,42,-24,1,-41,-9.46,-25,7.64,100,-31,52.02,123,-8.42
21.77,54,-35,-32,15,101,44.09,-45,26,44,38,100,26,-21,11.69,1.48,33,16,64.15,20.64,15,86,47,58.54,40.48
64,121,53.09,114,43.01,126,21.44,23.92,33,126,22.21,-10.19,60,24,39.9,11,107,56,74,44.37,-23.94,-22,60,-23.58,56.4
-4.94,15,132,-12.02,9,30,60.31,9,69.45,142,0.43,-6.08,36,98,121,54,37.05,59,50,63,139,114,31.53,40.8,-16.97
13.68,55.07,63,47,-20,-1,50.69,66.5,52.72,60.49,-42,-22.25,116,42,123,-14.2,-15,69,-37,30,-7.51,124,-17,126,-44
80,-38,77,7,11,5.71,141,12,-39,78,33.72,-20.31,12.79,66,39,67,-17.96,18.47,141,102,73,-45,143,22.22,-39
119,102,30,59,-12,-17.38,60.85,77,-44,16,145,-32,33.77,19.11,64,8,58.07,65.23,-39,-24,143,42.38,85,10.03,118
114,-9.99,25.68,71,-17,-7.84,-18.34,32.13,29,45,7,149,2.84,-38,-48,72.59,-16,-20.71,-15,52.33,68.7,-10.23,21.13,73.4,147
-14.33,10,-49,29,139,19,15,-25,43.26,20.77,32.46,52.78,-19.81,25.68,11,-8,24.19,128,-3.05,64,5,50,-4,12.18,44
66.27,12.4,52,66,69,-10.41,77,145,58.72,59,37,-44,43.25,57,5,10.3,-12.65,48,43.01,13.88,6,5.71,36.96,-6.37,-1
114,69.72,42,63.88,77,44.26,50.99,69,-0.04,-15.54,-24.97,112,7.48,38.9,4,18.08,-34,31.11,132,-45,77,138,-7,112,1.25
35.54,64,43,34.99,58,70,1.45,120,-23.59,-17,39,0.52,56,83,43,96,92,48.24,39.93,-6.73,53.1,107,19.73,75,9.3
29,-0.16,54.99,68,67.18,67,49,138,42,41.95,118,9.9,146,89,117,57.69,10,127,69,-46,-18,29,93,147,41.69
54.83,43.78,-12.62,126,-32,-2,-16.12,61.8,63.47,14.6,71.66,42.31,-3.34,-40,51,119,6,-28,37.95,12,65.56,29,116,6,6
43.93,96,-5.61,4.8,84,30.66,77,-27,34.75,55.85,68.04,129,11,111,50,88,-33,95,0,4.1,-18.93,16.08,73,58.03,7.61
-35,92,29,-28,48,-23.86,71.66,106,-12.32,0,-37,146,-8.53,8.06,97,-6,56.43,70.3,13,-38,-28,0,106,-44,96
-12,44.75,60.51,-47,-7,-1,78,70,52.5,76,-16.41,72.22,-20.44,133,4.88,9.54,84,63,69,-6,6.85,-6.96,57.72,59,42.12
65.83,72.93,-1.87,62,31.93,-36,-33,103,104,3,75,59.97,33.77,3.05,9.35,-17.44,44.48,47.63,32.69,37.5,-3.71,-0.53,73,-2,-22.92
39,-47,80,135,49.66,-10,16,51.84,137,-6.91,142,81,99,63,-44,118,27.64,29.57,-31,46.8,29.22,62.13,24.63,38,46.16
81,-3.89,-46,127,-36,44,47.27,20,-13.38,20.46,78,9,28.3,-13,52.56,127,-15.94,10.09,52.51,59,22,136,-8.48,107,73.27
39.64,17,105,56.2,-20,-28,56.99,14.06,125,-6,1.87,10,121,143,97,58.17,46,-43,149,-50,123,26,-19,-13,42.51
11.18,8.56,144,129,69.88,119,-32,75,56.59,147,50.97,8,112,33.98,73,66,-18.88,138,24.37,59.31,-20,49,8,50.71,-19
-32,36.05,12,115,8.08,-9.64,30,25.04,52,18,54,107,127,33,70,-8.9,121,57,84,-1.34,43.82,1.43,27.86,145,30.77
49.49,-37,-7.48,-2,1.11,18.68,113,-19.18,124,57,-22.65,54,47.13,68,-49,4,42.19,-12.9,16,-2.45,25,-23,5.13,43,29
17,92,114,30.3,108,13.51,64,119,101,146,12,123,-32,-50,15.58,110,31.53,61.23,10.95,-44,59.65,43.5,93,-24.04,-21
7.48,-25,74.95,95,144,-12,13.66,-39,62.28,41.88,19.97,-17,100,1.93,-19.02,85,30.44,36,-13,0,31.31,-23.55,4,66.22,-47
143,78,116,26,29.37,84,-28,80,11.12,-5.27,46,54,45,75,10,103,37,119,56.49,65.2,55.31,40.93,63,13.4,40.86
92,66.71,67,8.14,55.7,-30,46,2,28,-49,32.2,27.99,40.41,30,57.07,22,78,75,-2,28.7,39,36.82,61,46,82
80,60.37,140,43.5,-23.48,44,56,136,118,57.12,5.29,95,63,63.78,65.2,90,-22,111,109,-29,148,55.16,44.11,48.21,108
-19.88,45,58.37,69.96,-0.42,74.43,-4,-6.49,19.81,-3.4,-16,37.96,-14,-18.61,-22,49.5,68.13,34.7,15.42,-7,27,41.94,147,105,109
35.2,-11.55,27.49,34,-5,70.89,-20.5,125,78,27,-13,19.03,118,28,37,99,-32,34.36,17.14,57.51,60.91,-5.23,70,-6,17.03
17.42,15.84,27.1,120,111,8.48,50.63,-40,9.14,-15,7.17,105,26,35,43,81,19.03,129,124,74,21.66,-28,57.67,-24,-14
70.02,126,-11,143,33.48,85,19.57,48.22,66,35.1,57.8,-18,27.41,140,65,104,-1.86,9.44,69,53.74,46,119,26,-12.5,68.62
84,-37,10,135,45,-27,50,132,14.26,16.69,37.7,-36,44.12,-7,35,0.94,61.17,43,-17,-15.15,93,40.8,-21.84,-7,59.21
135,6.61,74.93,12,1.22,21,54.4,9,63.56,-21,111,118,40,123,-13,42,144,16.88,85,51,47,100,19,69.03,133
54.92,-11,67.18,49.85,17.3,7.33,30.96,-44,71.47,-19.77,50.38,96,5,-9.8,123,53,-8.42,114,72,72,35.91,-1,-21,11,27
11.69,129,-6,62,43.84,-39,70,49.56,38,118,28.44,-5.44,71.16,-18,-15,54,75,-6,-18,118,137,56,122,-6.27,-48
15.51,-50,73.75,28.73,61,45.69,113,54,138,23,8.91,-3.85,142,25.41,-31,22.92,50.91,40.41,-34,8,-20.36,-18.61,141,4.34,36
-8,55.14,12.36,-9,-24.78,-17,-16.14,65.11,-44,97,10.54,-12.85,-32,118,-1,-36,31.92,30.47,113,38.49,105,64.06,40,52.42,34
-22.92,83,-27,-17,17.43,37,35.91,39,93,-13.68,104,70,7,-3.02,51,23,2,-34,81,11.72,-17,-23,-2,39.42,9.25
61,6,142,120,29,61.85,-21,59.63,-16.91,57,19.8,84,-9.5,10.73,14.1,35,24,43,74,-24.57,-10.7,-15.89,113,55,12
30.5,22,-17.44,65.05,9.29,138,7,41.02,76,141,-3,33,21,139,-14,7.82,117,64.06,46,-49,141,-7,82,141,33
48,38,-17,141,26,94,23,19.72,65.7,-6,34.8,58.69,86,38.65,35.82,129,56.96,20.15,135,-10.92,-19,74.32,-30,113,91
141,66.99,102,-16.02,72,115,40.06,20,34.28,38.2,92,65,6,21.16,1,131,31.8,42.33,54.98,13,33.18,-22.11,51.8,-40,62
121,81,75,-9,69,-17.37,16,-14.07,-7.87,33.83,-18.44,20,132,-4.66,-19,-45,102,5,139,38.32,25.31,126,28,46.88,118
59,26.41,-2,13,68.51,74,16,46,-49,-4.58,49.7,18,-14.35,5,53.81,54,106,48,61.04,81,15.23,136,22,23,-15
134,-25,62.14,133,51.04,-41,55.85,-23.5,54.25,-17,30,-31,-2.27,32.45,-1,-17.17,-15.32,10,12,41.09,144,21.03,143,-13.23,11.42
-25,30,26,3.94,54.4,-19.19,2,132,105,10,-1,42.61,84,14,47.84,32.26,3,22,-4,3.28,-26,77,96,59.42,14
-11.34,33,-11.01,142,108,22.19,-2.14,-16.46,-16,-34,-17.02,26.97,96,-12,28.12,35.79,-14,-7.92,10.59,28.22,22,-19,71,50,-41
31,2,42,-8,48,67.02,43.18,13.67,148,34.46,-5,-28,32.05,99,33,18,141,-43,65,30,34.82,48.94,29.44,11.35,45.6
34,147,69.24,83,78,48.27,130,-31,-6.13,-30,27.2,40.93,28,10.77,53.65,108,63,41,60.65,146,-10.18,101,30.55,53,62.31
-21.24,52,-6.2,-3,49,149,141,76,-12.84,118,82,132,36.55,57,60.74,93,58,66,10,65.66,-22.92,1.31,0.86,-23,35
-12.19,-8,59,33.17,-1,22,56.02,-15.31,103,19,-31,25,-2.54,-38,101,26.5,-4.61,59.45,55.12,7.15,30.54,4,-23.76,-7.07,56
-15,-38,-47,-4.95,80,117,-16.62,-13,88,57.25,61,119,101,9.32,-40,-38,53.4,55.03,-12.51,9,26.86,108,128,4.61,29.21
-24,-36,-11.42,138,-27,57.64,-19.66,118,39.11,47,120,129,-35,56.9,1,73.9,100,13.94,62,51.26,16.48,30,135,72,22.42
15.02,73.1,74,62.37,27,-27,54.59,76,21.24,-37,54.94,77,24,-8.38,6,41.17,-34,-10.73,70,72.68,-32,65.38,96,66.07,-22.96
93,13.48,23,103,9.6,-12.04,-24,91,-16,53.3,68,141,43,10.92,-44,45,-18,144,-26,31.43,-2,-27,53,79,-7
67.07,66.15,138,-4.95,-20,59,-6,66.31,-23,91,-1,-13.61,51.09,63.5,-7,17,-7,9.74,25,137,16,52.54,-14.96,138,24.56
45.46,65.78,55.47,31,73.27,16.51,19.84,-21.17,30.94,90,54,13.96,30,5,-24.28,7,41.03,25,-5.95,5.08,5,110,103,124,119
18.7,9.93,-14.46,-9,6.22,-24.24,27,-15.11,56.15,-12.9,64,24,37.72,26.8,-17,38.06,41,69.04,46.55,22.1,-20.25,-7.78,48.2,106,110
136,70.71,88,3,106,55.88,9.58,-15.32,57,67,-3.86,60,-19.16,20.58,117,-5,11.47,59.22,-23.97,44,38,25.61,11.78,29.72,-10
-7,144,-18,84,49.63,-31,8,75,68.41,-15.81,53.82,7,2,25.39,42,-19.26,44,94,-26,52.66,48,-4,9.37,104,132
11,-10,127,29,-50,-3.94,130,20.97,-10.22,57.28,123,-26,118,-34,-40,98,39,-12.26,-1.79,0.75,119,24,-49,-40,64
63,25,12,15.38,47.06,136,53,22.26,-16.84,83,-3,-24.96,41.63,-6,21.79,-19,19,-43,67,-15.7,13.9,27,32.68,-0.49,3.45
125,137,15,-49,107,-9,43.63,118,55.26,82,-38,80,-9.05,16.53,144,73.57,66.15,27,87,100,18.06,57.12,8.87,42.42,4.25
-22,75,-8,57.69,144,14.9,84,-21,8.82,110,73.59,64.77,27.41,-4.21,-8,42,-12.75,72,-36,10.95,69,4,86,93,54.52
129,56,25.71,105,8.18,64.84,63.27,-27,-24,59.49,-27,-19,-30,49,-14,68.8,-22.42,11,132,52,45.49,22,70,84,61
69.02,108,75,20.78,35.34,34.76,9.8,61.76,89,-28,11.08,138,58.19,-14.43,52,104,56.1,105,65.94,121,99,55.92,47.27,-30,74.42
12.9,99,-4.55,72.15,107,26,48,104,86,28,39,-22.09,59.75,148,-13.26,53,73.78,99,49.03,25.94,51,100,79,18.42,147
-13,25.22,-30,-50,132,18.78,121,140,7.13,0.86,23.68,42,10.66,44.95,1.31,-36,126,-7,5.84,-5.74,3,-2.15,102,-21.89,24
57,23.46,109,137,-34,110,70.27,-33,37.98,127,70,83,54.26,79,64,77,61,104,140,-6.17,-11.8,69,37.64,55.61,52
70,0,-42,125,-4.6,-12.61,115,140,116,16.69,95,74.12,50,139,19.69,57,-1,144,143,-22.98,9.67,12.56,123,36.04,2.92
70.28,30.51,32,37,56,-1,40.92,83,-24.5,48.75,65,35,25.15,-2.53,110,5,18.51,-17,-17.12,2,44.74,113,21,-5,-15
24,-21.38,100,-39,46,84,71.13,0,71.24,141,146,-32,139,28,-18,46,56.37,-3.02,65.4,63,-31,28.91,23.19,143,-9
-13.68,100,58.49,-36,33,-21,8.69,69,147,-13,62,25,-26,39.41,25.64,45.72,67.57,43.51,-49,104,103,32,-29,74,59.86
41.6,133,72,8.31,68,-20,15.68,111,-14.64,55.46,113,-30,14.46,27.13,143,34.16,95,132,87,33.73,100,33,-0.85,73,-31
-20.63,23,-23.65,46.7,10,142,-16.82,-5.51,43,36,5.15,69,110,30.77,139,-26,85,-18.2,116,63,-18.7,-22,80,-21,-32
148,148,19,89,-2.09,104,-9.51,-40,-7,55.59,-8.7,58,37,-25,136,40,79,30,93,29,71,-41,8.13,102,-50
-16,118,72.09,-20.91,14,66.17,20.65,-2.28,137,-25,-13,-38,44.78,56.49,146,99,11,-40,8.91,50.48,-19.26,-0.78,21.05,-7.19,23.14
131,-46,79,-12,33.7,50.91,93,141,69.57,79,73.22,59.14,30.43,18.65,-8,70,61,58.42,36.6,29,-35,108,106,12.3,21
27,-8,-14.15,-32,15,71,-36,29,103,116,-16,117,120,119,97,22.37,30.01,56.91,37.26,0,142,-1.74,17,-1,121
67,106,126,27,17,4.44,40,58.75,-19,-19,70.82,51.88,43,-19,39.88,51,-13.65,48,99,-11,55.13,-13.27,41,60,58
20.18,69,58,-30,62,67.62,36.95,103,34,-1.91,17.73,-17.94,115,-40,-44,114,56,55.17,74.35,134,13.49,-23.04,10,-14.21,-16.8
48.6,74,59.08,97,-36,-24,-15.64,53,52,119,44,-25,17.88,39.07,39.45,69,-24.64,-28,76,145,37.45,87,-24.01,-10,69
41.37,148,149,1.02,-10.03,17.04,-8,-20.73,136,-11.44,111,29,8.14,79,42.48,122,2,10.9,81,24.24,22.21,-2,-19.73,-15,6
-48,35.06,116,-0.28,75,116,6.01,-8.3,37.41,63,30,42.28,54.49,107,89,57.92,57.22,97,36,25,2.9,-8.12,-21,1,30
22.67,-17,-36,-14.29,123,71,-17,-14.98,127,33,-19.41,19.7,58,89,60,51.61,72,-3.63,-39,28,-23.6,71.61,72,-12,12.66
14,19,19.75,-4.34,9,104,4.9,4.74,52.51,64.61,44.1,91,47,12.29,-5.64,72,141,69,-18,32,26.19,42.1,80,35.74,129
-2.32,43.33,-12.39,-18,60,55.64,15,55.73,94,60.1,99,148,-19,102,-31,106,132,-11.82,112,104,97,-8.05,29.84,24.29,83
42,71.81,-3.66,72.38,33.28,14.07,9.33,57,46.12,77,-33,-16.35,-12.01,-47,52,11.79,69.61,23.97,-32,-29,-20.12,-9.76,72.84,-34,102
64,24,37,90,69.18,-21,54.47,41,134,94,-16.99,-45,33,57.77,-39,64.75,41.74,128,-37,55.79,77,121,-21.28,-24.27,99
48,113,84,8.47,19.99,68,20.39,-9,41.87,66,40.94,116,-44,-41,43.23,23,40,77,38.25,48.44,121,54,95,49.86,27
6,66,48.96,146,135,30,64,-11,-44,67.64,30,44.78,-22.15,-0.7,47.3,-19.86,56,-45,68.14,-16.62,56.34,26,23,-1,-47
89,42,4,68,97,22.22,-46,27.32,50.61,127,12,30.04,-22,62.19,-3,61,146,-10.05,26,132,19,-12.64,148,50.23,53.56
51,-20,-32,13,31.01,43,54.96,120,14.48,12.57,104,24.64,-12,25.19,117,44.78,22,41,25,26,69,-12,110,133,29.19
13.77,34.77,-47,32.49,29,30,-40,16.6,94,100,11,7,-45,34,12.53,-31,74.32,21,61.14,121,3.18,-11.38,-20,83,-15
49,-38,-4,120,56.33,105,-5.33,58,96,145,38,149,43,5,50.56,-7.54,59,4.9,28.05,-3,23.61,61.79,31.49,-22,64.86
25.54,-21,39,11,-16,69.87,-9.38,37.95,50.8,-4.88,68.51,-23,-50,-50,-28,41,-21.05,63,68,30.27,-6.18,111,16,68,115
60,65.56,-23,35.17,62,32,-45,76,101,105,50,58,10.41,-7,86,136,-48,56,6.51,114,52.42,43,3.79,79,11
-13,-6.24,7,105,42.74,-6.76,50.5,75,28.13,-17,-8.39,21,14.95,83,133,-10,6,65.51,-31,47.93,11.04,127,111,119,-50
33,62,-7,120,81,141,-6,-45,67.07,66.7,87,82,23.65,61.3,59.02,-25,40.46,107,0.6,-24,-30,-1.7,133,20.18,-18.89
24.09,45,35,98,124,42,28,-5.85,40,60.08,-16,-43,32,7.09,59,-48,7,18,84,39,-12,60,-23,27.41,-8.81
50,58.28,59.96,62,86,93,127,-45,62,142,-20.19,3.78,7,-48,-9.85,-22,37,-42,-5.88,5.8,147,-48,-11,20,148
48.89,-49,41.77,-31,52.99,-49,71.4,31,121,16.89,41,-17,-2.16,-45,-19.25,25.93,-16.69,-27,26,66,23.19,-0.28,47.63,27,60
55,19.55,74.98,98,90,64,68,65.94,49,-22.3,82,79,134,6,100,5.79,134,-19.62,149,146,65.08,-9,32,13.8,87
68.37,10.97,67,49,-0.87,73,7,59,85,93,30.41,37.27,17,132,144,83,135,-43,2.66,25,-0.46,22.54,3.05,21.62,135
43,8,-5.52,-8,12,15.74,108,20.39,37.69,132,57.44,24,56.16,-21.23,46.63,58.47,117,59,-21.2,101,-39,17.96,-2.24,60,-18.49
31,14,35,145,22.55,-13.39,5.92,104,31,139,116,70.95,133,119,0.85,44,20,11,34.97,-9.29,30,101,19,56,122
19.83,-13.19,30,31.8,-33,70,73.81,40,110,56.83,69,107,88,-22.56,44,-46,140,-0.54,-18,67.33,48,53,70.78,-4.03,63
-7.09,11.97,-3,67,100,43,77,23.29,38.33,114,145,142,11,63.16,32,-36,-2,71.36,-11.79,109,59.65,51,71.69,60.56,28
-11.46,52,48.17,22.1,34.61,43,54,37,59.86,24,141,-33,70,63.38,101,8.85,23.76,49.82,45,138,73,62.2,143,18,32
61.89,-26,140,6,116,81,65,40.21,-8.56,109,67.14,35.63,56,78,49,80,55,113,-21.13,-16.11,30.43,47.11,-8,118,145
57.53,26.66,21,-32,19.07,-28,30,27,128,23.16,22.62,-9.71,-14.03,-22,-6,1.99,32,40.31,-19,80,66,49,35.23,74.38,76
11.4,1.28,26.29,18.52,18.81,52,110,9,93,45.97,-20.8,47,126,110,144,45,95,57.39,65,11.94,62,7.88,34.85,118,59.51
5,23,-4.11,-5,122,20.28,3.93,-10,-39,71.95,9.39,26.55,-0.86,-11.61,10,14,-14,15.25,73,73.41,-23.36,43,-12.77,37,-50
73.07,53,30.74,31.93,52.23,133,39.46,31.08,41.01,-19.21,18.93,32.8,-10,-17.7,47,61,144,23,69,15,115,-21.71,-7.95,-19.7,-3
-23.6,-40,42,-7,130,-16.57,135,44,7,128,135,14.74,39,-37,50.38,114,94,-48,143,69.29,52,61.66,-1,124,2.05
93,-28,149,41.29,2,45,52,2.38,31,-45,34.29,-27,6,63.33,44,13.08,127,95,63,-35,116,60,13,23.42,100
13.92,-24.92,-2.89,61,-41,46.38,-7.1,42,11,-14.61,38.75,70,92,15.65,74.24,-23,71.65,-31,-41,67,126,29,104,65.57,-24
-39,22,147,67,44.63,-17.6,3.34,126,32.48,74,64.35,39,68.74,-23.47,0.02,-15.31,-20,18,99,31,34,8.12,123,29.29,40.34
79,26,54.35,57,-10.83,-6.87,-11.14,34,5.07,99,2.68,55.67,84,16,149,1.71,48,69.16,21.4,6.92,-12.59,45.28,-10.27,10,26.78
55,48,61.77,-10.41,-33,-11.84,109,100,-7.01,21.12,55,132,69,118,-43,-17.03,-19.6,89,-3,0.82,70,-10,30,16.07,92
-6.03,47,-48,-8,109,-9.47,100,60.26,77,33.34,15,-6,80,146,-24,30,2,26.24,-18.19,56.85,86,-10.8,9,81,39
-2,-7.52,-4.67,22.84,14,46.93,-7,54.62,1,18.95,-44,107,135,13.63,-14,-18,-24,34.34,133,113,147,2.9,50.13,4.82,48
34.71,-9.28,8,31,-14.66,-20.44,62.41,52,134,116,106,-16,75,120,67,141,132,51.15,118,65,26.66,-22,-36,59.89,30.04
-24.31,-0.43,22,56,110,109,89,14.76,-31,112,-32,51,31.78,70.41,46,85,48,21,58.15,19,-3,-0.89,40,13,121
108,38,108,7.37,-15,41,52.42,4.32,-36,68,8,-41,79,147,-10,17,95,114,29.75,-40,42,36,117,25,135
36,-21,106,44.8,34,38.94,1,92,-6,33.99,5,23.27,71,-46,-50,41,111,131,-32,76,144,22.88,-10.75,44,54.46
51,22.38,69.96,73,37,71,-34,-28,-0.2,-45,58,74,123,111,-19,39.35,57.73,81,68.97,53.43,36.43,15,46.51,56,26.88
-21.23,94,26.39,-46,57.37,-3,62.56,110,57.58,-22.71,-18.85,98,56.63,11.24,50,89,111,-42,19.68,-17,-9.13,-42,86,47.78,-11.96
33.01,103,-15,129,94,-3,-17.3,107,66,25.07,-0.26,67.9,11,0,-36,42,0,75,-22.58,-21,53.55,-14,3,108,71
17.51,37.01,67.96,101,23,61,19.58,77,27.11,23.48,62,-2.62,26.37,3.2,67.61,60.53,5,-17,-12.03,49.48,37,-5,-7,10.19,36.29
15,17.52,10,116,44.8,4.79,136,58.43,-4.21,4.13,3,14,18,71.18,-16,56,57,62,66.52,-9.72,39.22,19.16,40,-5.93,-17.8
26.69,-14.6,26.29,-2,71,-39,59.43,57.22,53,18,-9.28,29.04,60.79,-20.58,2.72,15,-38,-2,60,74.22,37.86,125,99,46,15
126,29,7.89,12,92,-1,83,97,-10,70,121,145,37.61,52.2,-31,140,136,-29,-39,124,46.04,120,39.71,67,-4.59
60.26,-15.47,98,-39,45,-1,131,-12.2,65.15,-13.97,5,-22.69,40.59,72,40,42.86,7.41,67.66,-7,33.95,146,26.12,73.35,-37,1.7
-18,43.76,-36,34,99,-47,66.65,-2,20.15,13.46,114,-35,14,-33,70,-2.1,38.02,-35,104,33,126,-9,84,73.09,-13.54
111,17.78,144,12.87,-18.92,86,78,-12,23.78,32.82,-10,52,36.12,60.04,30.99,59.35,83,8,10.66,22,103,-4,78,140,58.49
83,133,89,53,-22,58.05,-8,38,69.76,-19.7,43,53.37,-9.16,-23,40.19,4.36,4.52,23.29,16,13,76,65.06,42.8,147,15
-27,-7.25,87,14,-31,-50,135,54.16,13.89,68.34,116,48.66,93,7,0,17,50.21,-12.69,1.22,128,3.6,121,131,19.05,81
-23,-21,114,142,24.46,132,6,46,30.07,31,31,109,15.07,140,-34,59,132,101,-34,26,-14.02,69,-1.13,2.24,-10.83
76,73.54,32.12,-6,50.55,97,28.05,116,143,16.9,-24,21.48,-9.9,74,-21.41,46,19,82,28.67,116,94,-35,92,-18.83,24.42
-24.14,69,-47,44,75,62,48.37,133,84,-48,-34,96,7.07,2,117,84,-23.47,10.45,114,-38,-18,47,31,115,-11
-43,68,34.59,-18.67,78,-38,22.84,91,72,72.36,73,41.76,64.45,62.19,-10.84,2,106,-50,68.77,-10.9,37.2,53.07,9.29,34.93,-45
110,-34,34,-3,130,-17.16,49.98,-46,52.62,34.94,77,118,27,104,44,19,-6.74,-14.77,-48,81,57.61,27,26.2,33,139
23.05,4.14,54,53.04,-15,71,99,124,88,29,83,94,126,103,23.04,72,65,39.13,87,114,-1.46,-34,42,130,29
78,11,42,-16,90,-21,102,85,8.88,-11,0,83,21.3,-36,-7.14,-44,99,93,101,29.16,-18.93,90,24.13,-18,11.85
85,24.82,-1,139,-10,0,-12.48,56.77,74,24.33,43.76,-21,34.22,83,3.67,26,64.07,-21.72,-8,-2,74.59,11.23,119,11,4.48
48.58,54,115,0.43,51.14,65,20,-1.55,86,109,48.22,23,-46,110,7,40,82,-44,115,53.63,49,48,40.78,54,10
51,-22.32,146,-15.62,58,60.4,-24.85,94,94,59.06,-24,16.6,122,77,-48,-18.78,-36,22,118,90,68,-18,12.18,20,-33
56,19,29.17,73,13.69,24.54,-44,53.45,0,70.12,17,-13,41.05,-17.46,-17.3,53.83,117,-12,-21.37,137,131,-39,143,134,-21
-35,37.61,110,94,37,91,-3,42.24,69.33,-25,71.78,149,30.54,37.29,19,-23.06,-8,-11.25,31.83,-16,-5,76,47,2.11,45.24
10.76,-34,140,-8.92,10,45.09,30,-12,-34,26,-35,113,107,87,89,62.14,136,59,128,-49,117,9.87,63,62.17,-34
132,45.23,133,89,33.64,-13,13.25,18,-20.88,23.33,-4,101,-8.08,136,34,-35,63.08,-40,-3.97,60.4,33,-18,56,-20.45,-28
-2.38,46.96,38.09,79,128,-14.19,41.16,66,53.61,91,48,12.08,135,85,4,30.74,-3,-7,117,-4.4,30,90,41.32,17.9,45.51
63,62.96,23.48,135,61.85,67.23,-50,55.59,64,-33,90,37.53,46.61,-7.73,15,35.14,10.5,1.87,40,-1.6,64,52,67,-3.73,1
52,-21.94,-3.94,44.64,70,130,86,-44,-14,70.43,-24.62,-16,10.47,108,11.92,66.31,83,106,35.57,36.07,31.18,19.9,46,147,50.9
48.43,84,5.14,32.37,-5.65,97,104,127,131,135,114,97,-0.65,-19,36,-43,67,-12.43,144,16,83,64.18,14,51,19.09
-0.29,117,136,4.59,-14.64,-1.3,12.63,64,138,22.55,15,94,-13.68,18.98,81,118,38,51,-16.26,-42,81,68,149,-41,70.2
84,40.68,2,47,51.46,26.39,-8,0.6,96,-26,64,-8.47,110,36.17,-39,28,3.4,85,18,6,32.95,39,-23.55,-16.03,-20.04
52.89,50.58,90,43,144,59.01,19,85,-35,51,83,-8,-16.41,-21,-17,-48,63.03,21.18,26.89,18.88,44.58,-26,149,-43,41
142,-33,-6.19,-3,136,65,-18,14,22.59,34.99,133,102,73.86,27.75,48,27.18,12,64,-21,104,-23.25,-15,44.4,47.76,44.78
-7.82,38,-10.37,61.35,81,141,38.58,60.3,45.5,27,31,27,47.74,30.08,-22,1,131,58.02,89,-18,141,74.38,113,-14.98,63
25,46,2.42,52,33.1,68.17,59,-24.93,59.73,82,20.45,142,-11,36.58,44,54.57,125,74.82,31,32.4,109,51.41,-39,6.44,47.79
86,83,-22.06,40,99,-40,143,22.68,20,-6,-37,31.18,58,85,-12,15.27,-45,38,22.66,27,28,38.92,69,6.89,19
-4.43,25.9,128,63.17,58,-15.38,125,24,137,23,-1,22,11,45,-19.71,15,67.59,-12.73,95,-37,28.98,5,25.01,-10,-3.8
29,-25,-9.88,136,104,75,-8.12,34,57.61,60.25,75,-15,103,132,103,19.22,119,46,113,17,-5,143,20.6,14,-45
3.18,-46,130,58.47,60.72,141,103,81,40.32,29,13.15,72,68,139,-18.97,5,6.13,137,94,39.86,4.7,47,-17,-20,80
121,-50,-28,-0.93,-23.28,-11,77,-13,-8,35.89,-38,-8.42,-4,-18.37,21,53,-0.51,29.45,-41,5.86,72,95,28,2.45,-20
125,-27,-25,68.68,-11,82,62,68.19,105,97,70,43,50,38.84,9.23,66.96,-22.93,56.78,1.86,-19.5,46.51,74,35.1,-28,-6
-30,-1.51,46.32,140,102,101,11.22,4.87,106,109,19.64,58.79,16,27.98,107,24.51,54.84,21,66.63,37.19,12,95,70.6,24.31,49
67,130,85,63.64,-1.47,-23.65,56,76,38.13,125,70,33,140,20.39,39,30,5,53,98,94,28.98,-3,8.85,38.4,59.53
54.54,12.85,26.02,137,3,74.09,52.55,126,35.74,-13.22,65.14,89,26,18,-37,-41,-32,15.9,0,1.13,33.07,122,42.2,41.06,20
116,71.44,24,-1,18.07,27,35,-10.28,-43,120,105,-13.9,-2,37,-17.25,58,117,-45,83,124,8.31,58,-24.25,41.84,22.95
17.54,7,77,13,-31,21.67,-5.56,110,-9.16,50,4,138,5.36,49.5,23.05,37.42,31.04,-36,17.54,97,-2.85,10,15.4,132,-30
-23,62.79,105,22.21,1.03,78,86,107,17,124,127,56.13,74.75,67.88,77,142,-49,-22.63,109,48,55,111,46.78,6,32.6
116,32.63,46.07,48.52,57,37,50.71,61.23,-36,-6.52,119,79,111,2.19,12,16.84,81,112,85,127,-11.1,23.36,-19,146,-17
16.26,131,115,130,25,-11,40.27,57.35,49.2,97,21,57,-1.65,-48,-24.78,-49,19.55,104,129,22.39,50,-1,-17.92,71.48,-18
-48,82,-4,54,27,-12,19.74,6,-5,93,-39,93,28.26,68.54,65,3.72,-0.22,50,5.54,51,38.23,67,52.3,9,-20.66
26.3,130,34,-27,22.52,10.66,-12.23,13.21,5.55,63.1,-29,42.46,-33,65.89,49,50,0.81,89,19,31,-26,-18,39.01,-47,23.28
-42,54.63,-30,-6,-8,82,125,13.06,84,-12.9,46,113,-36,1.38,-20.26,96,26,16.96,-3,-2.93,104,49.07,-36,74.43,105
62.25,20,-4,-17,-21.56,115,-0.17,5.65,21.68,33,-4.56,93,128,136,18,47.28,47.63,-12.72,5.8,-17.81,36,62,-20,73.46,147
131,-13.98,-16,27.84,53,20.45,-19.31,26.83,65.9,-5.92,148,83,-10.18,39.96,-44,-3.88,50,40.05,-45,87,75,107,57.33,22.43,-11.16
-35,113,-2.13,132,-29,-16.5,145,-46,-2,72.42,-34,15,17.07,51,73.81,38,-19,136,-20.73,99,144,94,32.55,-11.74,62.79
64.95,73.09,-16.5,15.53,32.3,23.11,1,-8,39.73,-9,-19.65,12.83,-16.31,3.29,16,60.22,28,33,24,139,122,12.72,29.25,88,85
141,-17.81,-0.48,65,-13,-48,16,27,29.26,42,116,64.98,139,134,19.8,-17.44,30.1,124,3.54,-12.24,-22.43,-4.86,94,-10.3,-18.31
28.87,57,-8.7,100,77,18.15,11.29,44,-40,0,-4.02,125,-9.8,74.14,99,89,143,5,-23,14,4.31,60,38.66,44.43,134
47.27,12.56,68.04,40.31,133,146,39.94,-14,28,-9.93,-24,31.47,22.04,23,93,49,-3.66,28,46.65,-50,56.75,31.87,136,11.66,11.92
28.87,127,-18,121,63,57.05,61.47,25,38.34,-23,1,39,26.13,70,-15,-23.25,-9.83,77,14,-3.02,-17.24,-23,89,-45,-27
-23.22,-5,15,34,43,57,69.39,102,22.16,37,-9.76,45.74,64.88,-5,139,135,13.62,128,8.27,63.74,17,112,-26,-20.19,127
22,93,-39,-27,32,-37,11,6,-49,-42,-21.48,94,59.36,68,-16.02,-49,110,76,35.55,29,70.33,37.38,62.09,-0.36,70
-7.84,106,38.09,48.76,26.83,136,-19.19,44.33,-7.1,-9,-10.13,31.75,122,91,51.47,-21.23,44.66,17.19,20.03,-11.54,125,53.97,61.65,-36,65.02
55,70.06,87,104,85,66.31,70.09,41.91,-46,-20,72,56,-4.95,55.75,13,30.75,118,25.81,55,104,71,-6.31,78,-5.09,24.64
-39,-16.04,-47,22.2,2.16,20,3,42,130,-46,20,65,81,39.99,-7.3,6,25.66,34,113,38.07,73,118,78,-6,-20.58
72,-1.27,73,82,136,87,1.53,-14.39,-1.88,-36,93,0.05,-12.62,49,68.7,55.57,20.03,-27,49.94,61.41,-32,3.83,-23.07,131,-12
64.16,25.04,0,-23.4,12.39,53,12.54,30.47,65,20,40,6,5,6,61.57,36.32,34.99,26.43,-9.88,91,-18,70.36,17.3,28.33,49
128,146,23.85,63.83,50.51,27.65,-1.38,19.65,40.71,43.56,-13.28,-10,-40,142,75,-21,140,-5.92,30.43,21,32.09,-9,58.81,74.08,0.11
113,-18.13,25.23,47.72,35,-2.84,49.8,14.14,12,61,-13.71,19,35,-49,-22.76,-31,36,-33,-7.52,-22.04,55,81,-21,126,33
116,74.8,-50,60.27,51,81,27,73,45.42,92,32.01,-3.16,62,48,143,42,77,57.32,28.45,147,-34,69,56,103,45.77
74.81,5.86,17,82,-2,12,-28,-3.03,50.88,2.11,16.04,-18.38,43.58,56,27,67.18,116,32,129,147,3.21,1,4,72,15.17
70,-8.07,41.48,112,38,125,13,69,104,-10.09,23,46.21,2.41,144,139,-37,2.22,143,-6.42,129,110,107,-5.64,-18.34,66
2,91,145,136,74.64,43,-12.13,38,18.64,25.84,58.96,-7,10,28.38,131,45.36,14,27.38,106,63,121,-16.05,-15.2,42.71,7
55,37,-38,113,62.42,-22,125,12,42.78,-25,1.74,13.22,-41,2.44,-1.78,33,66.9,12,71.23,58,45.12,48.54,2,58,60
40.86,19,-18.25,140,84,-27,6.25,-12,15.48,99,80,139,68,142,3.37,61.54,41,15.82,70.64,22.19,63.07,15.86,0.51,-21,-39
49,6.16,65,26.85,74.77,122,-12.53,9.96,2,74.04,64,-10.66,2,64.74,-13.29,-22.52,-7,33.75,7,51.11,-44,15,-5.11,-18,31.26
-9.77,-26,74,-1.04,6,35,103,31.52,-48,15.51,-2,73.93,134,13,71,71,116,54.29,37.43,67.66,15.09,-31,78,-7.1,146
139,-12,-46,93,18.86,-0.39,28.4,132,49,-9.31,145,-20,100,52.79,55,62,117,82,-14,101,-2.41,62,-41,-16,-6
69.48,111,37,86,21.73,41,32,58,105,15.11,27,78,10.18,-43,-43,130,-40,29,63,104,36,-45,-6.75,-21.73,-48
-21,53,142,14.33,110,34.18,92,-1.44,41.8,143,-34,52,6.52,-13,74,-4.91,59,-18,35,40.78,50.27,86,132,94,3
89,-1.1,32.3,28.81,23.26,31,100,35,53.72,-21.4,-17,-23.29,-36,6,-50,67.69,134,18.67,-15,10.67,67.83,57.86,28,-23.5,5.05
4.11,61,113,-20.84,52,25,-43,40.17,-4,29.5,7.94,90,49.59,61,74,20.2,44,92,-39,122,-7,142,29.11,149,113
76,33.69,-5,103,104,4,139,-48,105,133,-36,-6.52,59.71,90,11,54,85,-21.97,17,87,67.08,-17.29,86,10,11
59,-38,36.99,91,4.06,10.88,117,116,102,108,-27,63,0,46.1,125,-14.68,53.26,28.9,48,51.22,74.43,147,71.17,29,48
138,132,-48,71.82,-11.09,58.86,0,71,26,74,-28,67.99,71.18,33.17,-2,2.3,28,36.37,50.48,40.15,-19,51.11,-24.07,37.65,135
-5,-38,84,31,6.55,-3.18,0,-5,14,63,-7,41.64,90,33.68,-43,32.46,47.83,21,17,48.06,6,79,80,33.93,41
23.07,36.8,-37,136,-4.51,-1.56,98,146,-19.98,26,50.08,69,46.34,137,22.8,144,-15,104,-29,24.64,43,63,35.28,17.54,-17.96
21,97,17.57,58,82,63,54.11,42.85,16.78,74.98,74.72,1,-49,138,-37,35,5,-31,8,-19.71,59.91,-4,57.2,3,20.24
67.2,-7,139,-40,57,19,6.94,-22.4,52,38.99,29.96,25.03,135,70,31.75,10,45.66,137,-13,-1.06,118,59.13,46.89,79,132
10,-3.26,-46,-27,149,120,24,18,14,-17.6,-17,8,-21,40,-16,90,59,54,-3.18,-11,16.28,-11,91,38,-33
7,47.56,97,133,21,8.64,22.03,18.89,-18,131,70.9,4,131,6.47,7.86,34,-28,-8,27.68,135,73,74.14,-4.23,24.56,144
-3.62,-48,44,61.97,7,-48,72,31.04,104,27,-7.47,108,68,-41,77,-24.93,121,-28,15,67.5,95,-17.83,18,42.92,81
61.13,71,80,31,-13.07,-40,17,14,-15.63,45,92,17.08,-7.65,0,-9.58,9,1.27,122,61,-3.15,-12.46,140,32.76,63.73,29.65
9,88,67.87,66.95,4,24.12,57.75,106,50,62,80,31.78,27.36,130,52.26,115,0,1,-22.09,137,70.6,-5,-18.97,67,130
132,-10.68,-15.51,28,43,-23,3.72,-18,45.12,64,64,7,133,-16.98,1.48,136,39,-1,9.13,74.51,8,146,4,-50,81
120,121,23,16.54,32.59,148,44.98,39,-3.91,32.86,-12.42,-9,-20.61,72.97,50.51,-15,-18.54,11.53,-20,7,16,-14.71,40.63,-13,148
9,0,112,122,128,52.4,116,49,125,26.81,-20,49,110,-33,38.74,51.58,-21.55,87,131,47,51,72.53,32.41,43.83,24
5.61,82,17.69,-14.29,56.1,-32,68.85,-11,18.76,59.24,125,10.47,-13.13,40.07,-3,17,14,59.01,-43,73,3.56,-24.1,33.47,4.72,-0.25
90,0.19,37,23.79,147,5.27,70,-36,-47,-7.36,49,60.09,23,-9.54,5.63,125,137,73,73,-17,0,32.39,13.36,142,19.5
12.36,-11.29,10,51.65,-4.25,-26,135,-24.51,53,4.34,47.12,-32,-23,43.73,-32,-12.97,42.53,94,-47,112,131,147,-10,-5,99
-32,88,-20,122,68.44,53,138,104,31.05,-13.8,33,61,-50,56,-29,18.14,51,-36,-14.51,128,5,119,51,67.37,123
-3,-2.96,64,13,7,30.31,53,-1.96,15,40,74.56,53,-18.19,90,77,139,2.45,88,44.1,-9.25,25,51,64,133,-25
72.47,82,-9,-24.4,120,60,17.02,40,66.49,15,146,74.73,34.19,59,-1,-15.27,-6,147,-23,116,143,-46,-12.74,115,-24
27.79,28.5,96,4.49,-17.07,139,-25,23.81,31.87,57.62,120,18.39,48.61,65,-13.27,78,133,-10,12.22,121,74.11,2.76,51.27,31,19
62,86,6.34,2.7,-9,26.91,-15.87,-40,58.97,33.01,36,29.5,-24,58.41,27.01,108,113,1,19.83,69.49,123,51,-13.73,106,24.48
-16.46,62,31,4,28.41,-13,75,49,-15.68,65.05,20.04,-43,39,-3.36,42,60.53,-9,16,13,111,30.21,63.04,7.82,-29,56.76
12.18,69,69,-34,133,-9.27,51.51,40.72,0,11,54,2,100,126,71,-35,-18,31.87,137,70,66,63.2,2.02,107,71
49.27,136,68,11,9.83,-3.77,35,-22.43,43.95,35.05,-33,5,-27,81,-50,55,113,40,-37,87,-26,98,-20.22,91,-6.33
132,73.81,-42,35,40,67.2,38.76,-12.9,-15,10.05,-21,64.37,29,32.21,-17,35.88,26,-42,51,34,4,113,5.92,130,-44
57,4.73,-26,69,31.36,-14,10,-48,66,-12.39,-4,78,112,-0.62,57,7.88,54.12,38,-22,-41,46.72,40.95,116,-0.02,57
147,-43,18.33,-4,43.75,69.65,134,50.58,106,13.32,62.02,80,107,-42,121,7.74,42.76,66.71,13.82,87,106,134,134,4.26,128
89,113,49.69,20,-43,-5.41,37.11,-30,91,-10,-9,-14.67,22.02,48,-10.6,-10,54.85,-26,100,15.99,-24,-49,110,134,125
106,16.78,52,-45,57.72,3,137,123,6.27,46.95,-17,62,14,13.67,56.85,26,-23.28,72.92,4,138,102,3.36,-14,41,111
-48,58.56,128,7.24,31.14,73.59,-13.25,-6,3,-31,143,28.43,81,72.13,29.43,136,2,146,0.64,27.9,34,65.92,131,41.77,127
107,-2.23,-30,39,69.82,108,-14,34,99,68.83,-1.27,112,32.96,48,29,47,104,-34,66,-22,-27,27,54.78,17.68,51
99,27.56,78,9.42,41.31,50,34.24,67.41,136,-5,117,20,105,52.91,62.38,77,-25,-17,-6,28,14.18,1.65,-49,14,56.38
-12.92,68,94,23,24,71.46,46,8,-9,120,28.3,21,-1,-12.83,131,56.43,6,57.2,-14,21,122,141,17,22,62.39
39.14,8,103,-13,-22.81,69.16,42.28,69,27,43,55,-4.92,126,12,-16.62,9.37,60,64,17.27,100,30.87,-37,132,13.66,72
26.03,55,-23,45.25,49,103,4.9,115,-10,20.7,66,90,122,-3.98,21,126,65,22.41,-28,-33,-1,-23.68,-18,17,65.16
7,-22.46,130,-4.54,51.99,41,67,32.85,56.66,7.01,-48,-3.29,65,101,-11.97,53.17,13.2,128,-6.37,10.31,33,71.93,38,-16,72
-13,74,48,-15.07,44.57,-45,86,-16,22.84,7.34,45.32,16.5,-21.86,12,33,-48,17,96,-14,46,26.55,43.02,113,89,145
18,59.77,44,13.29,-6.65,89,135,-32,29,-18.29,-14,76,46,64,29.63,58.39,15,74.93,37.49,60,-41,74.07,40.25,-1.7,-12.63
103,116,96,49,40,33,-0.16,0.22,-15,-19.13,72,4,-0.45,-15.94,80,-16,41,33,20.07,94,110,13.24,-17.1,44,104
46.72,-21,70.28,55.19,-46,-15,73.42,-22.6,1.44,13,12.93,22.32,-6.83,13.36,-16,73,-13.93,8.6,12.87,23,-13,16.85,-8,21.89,-7
57.47,56.38,12,34.75,18,53.07,18,2.85,-19.36,-11.66,8,2,27,65,59,90,48,10.55,135,38,23.97,133,-6.54,16.9,132
141,51.2,-44,-24,-12,67.75,-13,1.48,-2,11.51,37.73,70,-9.38,-33,102,7,44.43,7,-33,30.79,-26,13,27.33,-19,67.39
-21,-20.63,36.94,-42,144,115,-3,33.99,1.49,49,28,-33,-8,36.76,-2,-15.48,108,0.54,76,-2.46,39.21,43,112,112,121
-15.53,-9.93,-14,-9,115,-48,147,72.16,129,9,103,-4,70.17,136,-44,119,-26,-19.64,66,17.93,110,139,50,121,63
-14,15,-24.14,9,130,106,-21.18,33,119,97,120,20.65,68,74,-18.41,111,-40,142,-23.53,-23,-16.77,48,118,1,35.95
46.03,45.61,16,70.83,65,69,18,40,37.2,-21,18.83,90,71,47,-14,81,16.07,69,97,125,-35,20.85,73,-10,-14.24
-2.98,53.51,111,10.93,106,48,92,46,51.76,-1,46.62,140,-42,34,-18.04,78,36,39,31.35,-30,10.49,-40,-10,21,135
-3.67,10,9,-29,39,-2,-7.95,71.26,131,15,98,20.46,129,23.41,-16,-20,70.46,-18.15,-43,28,14,11,110,40.25,25.64
-10,2.34,-21.17,15.4,70.74,119,40.22,-23,48,96,-20,47.82,-8,-17.86,55.18,-24.02,118,-4.99,46.73,-26,36,-5.07,-11,55,37
27.19,43.38,12,44,103,78,115,14,38.31,1.04,-13.76,12.46,-8,123,82,0.7,115,113,74.83,-27,8.92,26,66,29,56
-39,13,49,72,146,20.11,99,-14.27,53.61,10.68,-28,21.4,-14,57,64.52,-14.91,117,-35,44,130,-44,91,42,121,124
98,74.3,62,-15,112,-30,3.57,142,4,135,60.03,-7,23.92,52.55,84,77,19,20,40.08,-16,4.85,-18.76,72.94,71.38,30.73
54,28,13.58,75,16.55,23,47.18,29.8,66,145,5,9,70,73,137,112,49,12,61.92,7,114,103,27,10.44,139
131,47,132,51.3,134,39,82,1.03,-49,13,-7.82,-20.74,14,-28,-23.03,149,110,134,-46,-18,-17,132,32,10,52.39
30,-8,-10.98,58.03,-20,96,-16.64,-15,53.4,55.12,2.75,-46,12.64,116,-11.53,48,28.58,139,118,36,-6,17.08,-14,10,57
62,62.76,22.97,116,-19.36,117,132,2,3.63,-8.97,79,-33,97,-17,140,67.43,29.9,66,16,-16.58,145,106,60.81,-27,-0.48
117,72,9.3,2.15,61.61,-7.37,13.97,69.72,26,-8,-7.94,-6.09,116,-33,-39,10.45,104,30,-17,2.46,47,136,120,19.21,44.52
-0.98,-2,9.93,115,99,-11,-10,37.14,-37,13,35.85,25,22,12.6,139,-6,120,-11,51.31,144,140,75,72.89,-16.1,-44
65.58,21.27,-23,38.32,-2.6,-16.06,-45,90,18.39,20.67,137,77,-31,128,-15.29,89,-0.48,35.24,121,53.02,-19.14,-41,31.38,56.2,39.64
-15,73.79,15,138,130,35.77,96,43,61,90,43,108,24,103,62,-13.22,-4,96,126,-1.47,125,30,-20.43,57.67,-36
-12,-41,15.24,55.13,107,2.23,12.36,11.06,33,-27,147,69.21,129,46.84,-40,-40,92,58.64,23,147,-11,-6.33,24.44,31.64,147
-11,50.09,51,39.28,2.71,-37,62.14,-13.57,15.84,54.14,53.84,48.15,-7.66,11.53,-6.61,59,66.09,7.44,59.48,147,98,-10,-3,146,101
-6.28,31,69,47.08,-15.64,78,4.5,26,42.23,14,11.87,-4.48,3.67,39.05,-11.63,26,58,-23,-9.95,85,42,16,-2.58,-6,3
30,89,47,41,27.41,-8.2,135,-10,84,20,-24.17,83,145,-17,19.37,144,29.18,127,59.64,60.73,52.5,71.94,21,51,-24
74.93,102,33.38,-28,62.15,108,-40,137,71,-28,46.9,50,65,29,44.93,22,-43,-44,26.93,122,59.7,69.55,20,5.55,109
23,70,58,56,76,63.19,32,125,44,65.37,-23.84,42.21,-19.81,70.89,29,18.26,2.95,137,-3.88,33.48,-17.14,0,77,-1,70
-48,133,54,28.67,77,-43,-7,76,3.65,-28,-10.2,35,54,146,8,18,22,44,7,13,103,-30,56,-9.23,131
40,92,30.28,-15,-21.99,-2.38,53.02,62.5,98,36,56,68,-2.79,12.02,78,98,82,68,11.26,65,42,29.64,-10.57,41.19,5
-7,60.94,-12.19,86,127,-43,14.36,32.87,96,116,77,128,67,43.99,57.84,-10.99,113,-27,62,33,115,85,6.72,66.65,29
-24.98,132,-4.87,134,64.18,-34,-33,45.94,42.36,42,6,71,97,-16,61.95,5.16,-6.55,-23.22,38,46.47,57,-8.6,12,13,-10
101,55.51,114,40,107,65.32,-20.51,-1,2,54.5,32.85,54,2,0.38,42.46,-6.15,115,5.75,27.59,-15,81,47.67,-35,42.9,54
117,100,21.35,54,109,119,57,-36,-44,131,-21.88,5.36,2,64,-8,-35,4,-23.53,49.7,-42,-14.83,68.43,58.32,-11,17
71.84,-5.14,-33,14,31,31.15,104,27,31.64,59.8,72.92,53,85,35,43,-24,144,39,114,30.48,8.54,127,32,87,131
54.44,27,1,34.41,23.8,3.76,-27,96,133,32,149,5.59,71.2,68.68,10,133,-9.99,59.73,77,46.95,-15.66,78,-32,26,72.62
-14.38,31,-4.64,31.47,78,61.95,5.54,59.18,89,1.01,-23,-48,84,-40,116,26.57,29.31,28,49,140,105,136,-3.38,8.24,30.05
115,-23.7,21.12,127,65.75,-6,149,-34,17,51.56,24.78,-14.62,8.64,43.74,93,-38,-8.97,85,33.91,-4,-26,-22.41,-21.58,52,-18.29
3,1.33,72,-33,22,131,134,52.69,43,-3.67,-21,-43,148,129,133,15,-20.47,-48,-14.93,-9.09,28,-26,142,23,21.37
91,87,127,46,27.4,-7,-3.9,72,17,15,60,69.6,51.81,-24,-9,73,50.14,21,-23,69.44,107,7.48,90,40,47.05
63.3,5,4.03,70.58,118,13,13,45,-40,52.98,15,-31,20.4,45.15,89,13,35.52,-13.04,77,65.43,-10.45,134,32,21,10.25
60,41.32,-10,-23,2.36,61,-3.52,-10.48,44,18.83,-9.05,101,149,76,35,84,72,73.65,70.58,70,18.24,146,63,68.08,71.52
-17.92,8,-50,-13.34,44,130,91,-13.96,137,-43,-0.1,24.27,15.28,116,32.63,19.15,12.09,35,-22,23.08,35,-11,25.76,127,13.56
-11.83,-3,35,57.19,54.96,-19,2.91,-29,58,0,56.6,124,55,58.18,20.15,138,55,112,-33,22,4,15,69.38,18.1,51.56
57,52.11,56.93,111,0,-38,32.89,75,141,37.45,37,-15.59,10.88,-29,66.47,101,52.92,67.82,-20,51,50,28.25,-16.67,113,57
134,25.05,21,84,61,69.46,72.88,19.96,11.04,43.7,48,28,67,40.5,87,66.62,46.52,115,108,35.98,41.9,-2.9,68,74.21,11
121,18.87,-16,87,10.36,-38,104,100,1.29,74,-28,74.62,28,134,-15,66.65,43.5,11.08,44,37.34,148,-21,21.44,16,-47
6.46,3,-22,38.04,30.56,13.5,52,69.17,3.36,15.98,25,-20,88,88,57.8,77,52.55,-14.22,57,43.81,27.48,5,5,-38,-2.13
-5.06,42,148,74.75,71.8,69,80,17.49,67,86,73.3,3.77,-19,-47,113,124,14.17,-18.74,24,68.82,12.03,64,-35,-5,147
46.94,-16,12,-15.77,57.08,48.63,16,126,94,-18.37,13,55,4,82,-20.66,-0.45,-26,-7.41,71,40.4,66.6,74,123,-38,65.04
87,-12.94,57,10,-31,57.95,29,8.87,35,-2,58.37,136,47.51,18.5,68.06,70.08,-16.7,103,-39,13.37,53,-43,49,7.57,18
1,5,47.09,-9.04,1.51,85,146,6,100,44.07,139,36,-36,14.83,33.99,98,41.5,-49,49.37,148,53.96,49.1,-38,7.29,29
74.3,74,20,0,66.97,1,42.3,-48,-4.26,73,45.62,34.5,138,-21,56.02,4,61,-10,-28,65,57.89,122,-11.3,120,42
82,137,45,48.68,104,50.12,64.37,37,-11,28,124,143,11.84,71.19,29.82,-4,-10.61,36.24,118,-14.09,70.98,125,22.43,86,48
88,-15.67,13,102,22,-27,71.06,22.38,66.13,34.16,61.36,138,-14.15,-24.78,69,-25,34.15,96,111,65,73.16,136,-3.6,68.47,-49
58,145,13.9,62.78,32.4,65,64,-7,27,139,68,-13,115,128,14.66,-35,47,0.99,71.27,147,41.1,88,62.01,107,61
62.98,56,118,52.08,-29,64.59,-44,88,-24,-17,31,-15,-45,52,45.08,143,-26,92,124,-12,28,39.8,10.05,119,50
78,-46,-9,-11.34,117,58.21,63.11,-5.39,-28,30.86,1.41,7,-18.87,3.78,92,49,-42,72.46,138,-13.49,48.31,88,38.45,34.78,16.67
70,-17,-4,80,-5,48.59,11.88,13,-27,66.94,88,37.42,19.52,-6,8,11.03,95,35.98,77,40,-22,41,-15,114,-23.12
91,74,-12,-10.39,9,63,23.35,-20,54,62,-10.32,-31,-46,118,29,-16.71,-11.68,45.41,43.67,32.36,26,-46,4,87,17
25.13,48,-36,128,-19.3,41,-46,5,55,113,102,84,102,11.64,94,133,44.37,44,62,148,70.25,21.18,3.68,-3,-39
-8,15,-13,121,-45,70.32,29.68,61.04,40,73,57.67,-10,-22.23,-22,-34,65.27,-28,-4,138,-50,0.06,-27,-20,55,-14
56,48.28,58,68.4,11,-25,-47,-9,38.55,31,13.99,-42,5,134,4.16,84,52.3,61,94,-50,56,8,61.25,90,98
123,42.06,-15,48,21.14,-5.96,72.79,53.5,115,-37,100,27,-20,-32,21.33,134,7,123,-41,90,8.67,-17,-0.15,34.01,-1
107,50.99,-35,10.19,-16.45,75,-39,-21,-16.64,52.06,2.1,-21.9,102,43,38.06,66.84,-1.5,75,102,-1,148,36.25,42,143,136
87,106,92,24.64,16,35.23,56.71,90,35,59,62,45,25.93,37,89,81,31.79,20.95,22,-31,30.63,131,18,-7,-1.51
60.26,76,28,33.29,-23.55,22,22.5,-27,56.51,-17.02,-5,28,91,89,21.14,-8.64,68,75,62.3,-16.65,73.95,64.68,0,56,-8.65
123,39,-21.26,128,8.37,-7,73,20.33,14.74,46,19,9.19,-13,13.17,-2,66.14,54,-17,113,39.07,56,120,45,-1,108
97,-8,-1.52,51.64,85,13,39,63.05,4,46.74,8.48,-24,-12,74.26,124,96,-4.1,102,5.96,15.1,22.22,-11.8,60.13,88,29.75
24.87,-3.06,58,5,51.25,67,139,17,33,-32,51,135,-23,30.85,15,125,129,36,108,52.02,-2.22,45.94,87,44,21.06
-9,-17,87,47,128,-32,126,-19,56,126,96,32,4.85,-22.81,-9.22,136,46.63,-16,-14.95,-16,36,4.88,79,-37,61.32
53.49,67,107,99,0.01,147,3.69,78,33,53.05,40.78,24.17,35.47,-35,71.31,-27,149,17.18,35.27,22.41,29,-40,112,63.82,144
-2,24,-17.14,2.72,60.18,134,-16.06,-39,-41,25,-6,-4,84,68.13,24,-37,118,135,16.85,39.25,143,143,3.62,39.97,91
144,12,1.06,91,28.34,23.71,33,108,55.05,90,-1,139,77,22,73.67,-22.34,-21,15,47,5.07,-6.82,28.88,94,89,123
26.59,38,1.19,4.21,7,64.72,73,107,116,-34,54.04,8.19,68.97,127,50.11,121,-11.92,126,30,-5.68,42.05,64.12,42.06,104,2.54
111,-7.56,54,44.56,-42,75,19,-19.04,45.94,-20,13,2.23,87,30.3,39,-7,-32,16.21,65.05,29,-4,5,3.16,-9.67,-17
4,89,3,26.19,6.73,61,46,-32,44.15,56.44,-24.33,-6,-15.06,57.32,63,71.05,-14.93,-39,136,112,73,50,-48,77,102
148,64.65,12.71,38,1.52,11,39.35,9,117,113,27,35.2,27.7,131,84,-41,-43,32.69,-19,108,53.96,-11,-23.74,74,44
12.3,-10.85,-41,34.54,5,119,111,122,7,18,145,33.47,107,45.57,120,6,63.84,138,22,74.71,119,-34,102,67.17,-32
-22.37,39,33,-24.36,-11.99,64.67,-4.56,-11,-7.35,-26,109,28,24.24,-25,9,-20.21,141,113,25.56,17.1,-43,111,113,29.84,-38
-18.39,-30,-30,25,63,0,67.74,32.95,0,-38,26,25,97,128,50.47,124,22.5,58.56,1.22,9,5.43,-23,77,44.55,16.71
85,83,60.32,95,117,-18.42,53,38.38,-17.71,53.69,34,130,60,113,-21,-5.77,109,10.62,51,106,-4,-23,16,30.71,32
149,6,65.36,141,22.46,65.48,9.92,69,25,19.21,34.88,-34,-25,8,-22.05,44.67,47.27,28,5,44,26.63,37,-49,66.24,29
16,48,-49,-39,116,80,143,46.48,23,-8.43,21.19,-4.32,28.27,13.09,138,10,-23,70,107,-27,-25,41.71,24,-20,-15.48
141,105,69.7,52,-43,-4.31,132,112,60.1,7.06,-33,15,55,36,9.17,-11.14,91,-21,-26,-41,53,26,104,-32,65.89
92,0.47,-8,76,42,131,141,43.72,-21.71,43,54.71,52,-36,92,-19,5,14.07,54.37,28,14,-20,102,15,-6,36.29
4.08,146,-9,-19,-19.96,58,-26,32,32,25,35.15,6.15,-47,-50,84,2.18,12,74.79,53,88,-36,48.41,-12.61,31.3,33
67,17,-20,69.14,129,30,-11.65,-30,35.32,-28,74.09,19.59,69.69,5,108,-48,65.08,35,130,53,56.99,64.65,74.12,-12,148
83,71.31,27,47.82,54,81,69.32,141,116,50.46,27.58,-6.55,-9.77,50.88,15,62.64,-31,109,58.99,83,119,-6.61,53.18,51.76,21.81
143,-5.15,17.24,-48,117,18.89,1.04,-19.24,-41,51,11,-15.36,17,78,115,-46,44.14,-20,-9.01,-15,64.46,90,61.27,65,45.32
99,36.71,-44,61,56.85,-5.02,36,18,134,123,63.42,63.47,8.39,63.29,54.66,-3.13,-46,10.51,131,76,2,90,44.39,74.23,95
17,73,66,12,-19.2,29,41.71,4,106,43,68,102,49,-17.79,-23.09,49.01,135,58,126,68.86,-3,78,-24,0.23,23.65
129,71,-26,74,-0.99,-17,134,129,42.74,70.1,45.77,31,62.65,69.08,-6,114,26,102,19,71,43.62,77,49.53,40,105
-23.96,111,51.83,119,-44,54,-40,47.31,-22,72.12,29,-12.04,56,78,50,113,112,52.51,3.09,-11.33,99,48.5,68.38,-31,3.08
70.68,51,-9.92,14,-23,-11.86,81,31.39,35,49.39,67.62,42.43,-33,94,26.93,73.8,83,-12.64,26.04,-44,-16,141,142,65,60
14,97,-42,17.92,48.33,137,-44,50,130,54,12.78,-11,64.45,117,-22,109,25,95,41.99,87,55.93,14.82,66,-5.6,15
98,-7,29.31,0.5,52,110,-25,-8.93,-16,-7.52,-7,92,48.66,2.03,15.43,17.54,43.62,-13.93,6.57,123,48,89,66,30,-16.82
32.31,17,43.2,69.15,128,33,2,-46,49.65,145,100,134,144,116,33,70,-47,93,138,147,-36,-27,28,5.18,24.21
-28,11,21,65,74,105,15,0.48,50.47,-22,49,16,-21,-41,59,38,113,-7.32,44,57,-36,108,38,29.27,-22.03
104,-32,42.74,7,-27,100,-19,84,-38,87,11.81,28.83,111,1,17.22,68.35,43,-6.57,-22.6,87,68,-8.19,18.3,63.87,118
-43,9,60.49,69.39,66,145,51,28,49.22,2.41,121,93,48.67,46.66,-36,69,116,141,72,70.22,63.1,57,26,94,-31
48,-32,53.19,46,-28,33,-8.84,47.95,98,-14.24,-30,-4,21.1,-42,-12.52,81,41.08,49,147,90,33.08,25,82,31,-40
112,30,29.61,68.74,28,74,48,105,109,-33,63.67,-0.47,40.64,47.49,31,24.75,-36,-47,68.72,-6.06,46.72,125,34.07,25.13,31.2
50,-19,108,-44,-13.56,58.76,129,10.37,-12,-38,48.3,67.64,35,117,-6,-12,64,-15,68,23,-21,125,73.49,69.58,34
-16.79,106,24.04,144,-50,29.63,-39,79,22,60.83,64.86,11.65,138,29,74,2.75,-45,112,62,23,66.7,86,94,5.29,5
64,145,3.05,-4.32,37.67,66.44,48.4,132,-42,113,25,128,35,116,113,-0.8,-22.36,37,58,136,-18.09,35.31,-6,-28,-6.47
110,32.6,-34,33,-17,27.99,52,-16.93,43.89,-40,44.3,97,41.39,-27,-6,32,-18,-8.01,71,36.35,2.76,92,62,132,57
149,68,77,8.07,149,71,19,148,123,27.64,0,-41,-36,-3,-8.93,132,143,43.69,20,46,54.68,-16.35,70,148,31
28.75,-47,39.61,9,129,21.88,-15.77,5.08,-0.9,14,116,90,12,-24,-32,48.25,-50,7,46,52,26,-23,-13.08,13,45.97
-14.98,74,-30,55.25,-13.83,44.42,-41,8,-44,44.8,46.96,28.61,40,-21.11,34.32,94,47,-44,49.75,28.46,-1,-13.94,13,57.6,131
-30,77,26.24,20,3.02,15,146,23,85,-17.02,10,41.47,81,53.85,59,82,69.94,-27,65,-50,35.79,59.06,46.02,-33,36
105,71,87,106,28.22,76,64.79,-2.57,53,-47,104,16,15,25.04,103,5,139,-1.79,60.89,64.55,51,33,49,88,28
88,90,-1.61,92,-38,111,47.96,51.61,138,-25,108,16,-33,139,80,2.16,5,-44,6,115,67,-14.52,-0.67,100,22
57,113,142,34,84,72.38,-42,8,54,50.43,66.37,140,26.71,65,-1,-42,5,29.82,92,79,122,35.53,134,12.61,-43
89,15.94,70.08,39.05,79,-1.04,71,77,-16.55,32.75,3.38,57.04,-11,36.5,11,59,98,71.29,43,139,137,138,30,30.13,97
137,119,109,46.44,127,63.62,88,42.33,119,-9.94,33.8,94,49.05,5.9,71.19,104,-13.45,67.13,46,62,25.84,39,4.36,-39,66.75
-22.01,58,-7,34.06,107,45.95,132,15,46.37,-25,109,86,31,90,-41,-18,28,143,38.4,144,29.74,-11,107,43.74,63.41
59,96,107,-0.14,30.37,-7,46,31.21,64,-15,43,83,0.98,120,70,141,65.65,12.19,117,72,117,122,149,28,45.62
40,8,133,-20.33,66,-5.36,43,-22.32,18.73,-39,29.2,40.59,41,13.41,49.22,36.78,48,-10.4,72,29.24,-46,50.74,69,107,-21
-1.26,59.03,48,-17,83,16,99,52.57,0,-17,104,37,21.93,-8.76,73.32,28,-14.34,26,-17.14,68.78,33,-42,70,77,107
20,51,14,75,140,102,101,74,72.15,121,10,37,67,57,-3,-3.46,146,56.97,64.37,96,-9,-38,139,-34,2.91
-17.07,113,106,33.86,6.82,147,15.1,62,56.92,86,38.96,-27,97,110,13,1.44,39.29,147,-22,39,-31,31.4,-19.92,102,124
67,-30,71,8,38.63,29.7,16.1,19.43,-1.93,112,-2,20.19,58.92,4,-30,38.59,-1.65,42.52,0.21,5.81,58,-1.29,84,-15.68,21
36,47,-33,-9.48,65.16,74,116,49.73,145,145,102,-15.41,-16.64,35.19,42.33,-44,24.21,141,-42,-1,19,10.74,18.75,112,55.02
74.05,142,108,34.71,-30,42.68,107,135,67,-22,129,9,28,-4,27.55,70.12,47,108,-35,58,137,48,65,19,-7
38,12,56,15.45,29,-33,134,22,-4.23,39,55,-9.43,30,133,25.71,16.89,7,92,13.37,149,40.46,43.05,-46,6.37,-6.15
43,75,58.43,-27,-8.12,-20.99,-8,0.01,53.86,30,48,32.48,39.96,-15.08,-48,38,60.3,-16,20,-45,145,103,79,1,-16
69.32,94,40.35,74,56,23.48,-6.6,-39,-14,-1.99,5.21,-46,-13.74,56.81,29,51.87,26.91,108,24,57.23,148,17,68,62.88,40
78,-5.56,19.89,13,56.44,91,-24.99,-1.34,8.45,47.13,11.58,16,-8,47.88,132,29,8.22,-17,-21,-37,-29,-12.15,0.51,32.62,-10.87
13,10,39,1,13.62,-9,-17,49.6,19.08,-8.05,97,-13.17,24,27.59,40,53,144,22.4,31,43,63,12.05,47.6,60.33,-43
-46,72.28,13.21,1.57,56,34.85,24.72,-8.48,147,-16,143,64.1,38,-41,106,73.21,-39,114,107,-13.98,17,91,14.76,-42,21
53,89,53,35.91,-49,59.65,3.95,-36,26,69.94,37.19,108,13,-14.98,21,35,37.41,49,54,136,-19,-3,60,24.5,131
21,-10.47,10.38,73,68,23.09,8,11.48,-12,142,-1.25,63,74.22,-27,74.64,109,40,42.24,-34,37.13,42,10.66,125,127,-13
3,61,74,-27,28.73,43.55,9,109,111,-34,-3,-13.65,-18,67.34,123,114,44,-4.38,43.79,41,80,111,-14.17,-13.57,17.6
46,-34,25,75,67,-3.69,68.89,67.22,34,107,-13,-43,23,102,-5.24,-3.78,116,34,119,-21,18,142,55.64,31,119
142,-14.86,58.39,-36,68.4,2,109,79,38,62.34,64,-39,73.74,71,-13.6,-49,112,-13.99,148,-10.59,142,51.95,38.28,48.38,29
51,-22,22.3,28.62,23.46,136,-40,34,-4,-32,-3.36,43.25,44.12,33.74,-12.91,47,-25,9,30.73,-46,-18,120,98,69,65.02
22.79,30,6.76,-36,82,145,127,149,148,6.64,114,141,126,141,41.97,-1.07,14.32,122,40.55,49,23.66,48,15.68,-25,-15
25,133,54.1,56.58,110,-39,-4,10,7.94,-19.27,107,116,112,53,55.63,42,-48,-18.3,-25,-31,87,65.83,22,73,58.56
7.47,106,-49,100,-1,68.73,71.74,74.26,43,21.6,42.95,84,17.63,17.91,50,47.83,54,-21.92,66.09,-33,136,-22.06,148,87,24.31
67.31,-12.89,43.83,-22,12,128,38.41,68.4,2,130,94,107,81,50,18.04,45.56,117,-47,74.97,21.99,80,8,48,7,67
-15.38,1,64,49.49,30,146,131,2,28.78,56,144,-28,-5.15,71.72,50,55.02,132,53,6,15,122,5.46,-8.87,64,134
118,9.4,28.02,8,6.67,1,106,-2,11,27,29.11,10.52,148,50,102,-4.61,-46,34.87,31,-29,9.68,33.17,69,136,79
77,-21.01,11.76,10,18,52.61,-16.47,18,55,22.19,-18.02,60,112,0.21,-13.27,134,53,0,4,88,-3,134,-9.38,59.94,21
58,-16.49,-37,32,56.77,15,47,63,133,-7,14.95,16,-15,41,-38,-19.54,18,-27,142,11.8,37,-17.96,3.56,-9,67
36,72.82,-13.57,-47,1.99,29.45,-24,-2.2,93,89,-8,137,134,37,59.71,49,129,33,57,43,-16.11,41.63,10.54,126,60
122,94,-4,105,128,126,108,113,47.22,43.92,-28,59.07,16.98,-18.19,100,68.73,71.55,118,42,17,74.31,88,49,9,140
77,-12.78,140,22.93,13,-4.38,55.34,15,-12,82,147,90,40,136,51.52,9.12,75,-14,93,28.42,128,-17,68.69,-23.47,120
70,-23.72,86,-22,32,24.72,123,-2,21,51,53,73,125,141,73,58.86,-6.63,51.13,40,7,37.91,10.56,-11.79,41,-23.61
7,7.92,72.57,109,40,89,44.66,2.26,27,61.97,54.54,41.93,14,22.86,-12.75,-20.39,86,-17.05,104,-11.51,131,109,32.77,-4,24.81
20.05,2.84,116,27,10.8,19,-17,51.76,103,7.01,38.19,114,-8.12,-34,64.99,131,-48,18.78,122,-25,17,17,109,54.75,-11
-3,118,100,69,142,72.47,34.42,103,-39,17.79,26,-14.82,18,-24.38,149,36,0.6,-15,-49,63.93,49.13,11.67,25,-18,23
22,-16.47,28,94,9.44,103,-20.08,72,-5,2,20,47.8,92,131,126,2,21.16,148,-18.82,117,57.83,3,34.81,58.26,-38
-28,144,135,7.89,89,-5,-32,-14,-33,67.78,88,60.81,-18.08,-38,89,-7,56,44,24,-6,1.16,84,-21.85,37.66,139
-36,-5,25.59,121,69,36.75,26,37.83,31.85,144,66,17.54,72.74,24.88,9.82,-16.6,31.21,48.2,94,30.45,-16,65,47,32,104
48.29,129,47.23,-37,69.26,61,13.82,32.61,-33,134,-10.28,-31,30,-19,1.29,-19,123,10,136,16,70.85,70,29.56,144,25.37
-10.22,118,59,118,49,-27,-16,14,129,10,81,70.55,-21.44,63.44,31.55,50.45,-20.11,-1,103,147,-18.77,25,102,-39,53.81
31,21,25.5,79,4,146,106,56.98,-10.63,-5.93,136,36,-12,69.29,66,68,-8,76,30.8,-7,122,0.89,126,93,-6.31
33.16,75,42.43,-31,0.7,11.22,-39,97,-43,35,4,21,46.82,33.95,-6,60.4,63,-25,-49,46.02,68.52,144,65,85,10.05
-10.72,46.43,-22.32,0.3,35,69.62,1,64,-23.93,84,40.46,47,-45,-24,21.48,92,5,-16.86,79,16.01,26,97,68,-10.76,67
76,3,42.42,125,-23.52,2.48,-16.28,98,5,-32,63,58,-7.85,7,122,11.41,47,69.32,34,8,137,78,55.66,41,-8.13
-17.26,-15,2.11,-15.58,131,19.47,-22,12.59,67.86,29,91,83,135,59,55,45.63,64.93,6,33.13,12.97,-22,-23.34,-17.97,103,44.87
47.31,-44,6,15,53.6,-12.19,58,43.61,29.37,-43,41,57,122,69.81,87,-30,23.24,71.49,51.58,34,10.6,29,107,63.69,-16
53,-16.22,-19.74,-4,-5.98,-9.35,62,-15.95,7,29.42,-48,-23.01,70,-13.66,41,18.4,107,124,35,124,111,68.1,-4,-7,35
145,123,10.31,-17.85,65,76,-14,-4.21,121,57.16,6.23,112,42.24,13,146,1,95,7.85,19,26.19,69,13.34,35.3,-43,63
-28,69,114,104,86,48.46,67.19,47.72,71.67,1.77,54.94,19,48.27,-15.09,42,-12.7,6,69,64.27,126,36.71,53.82,15,68.87,57.98
49.89,-9,-48,63,80,14.31,59.91,55.23,25.37,47.73,-40,64.36,10.21,108,58.52,70.94,-5.35,19,62,0.66,31.96,62.55,57,33,-24.46
68,-16.08,-21.11,18,-43,133,38,116,-43,13,109,-22,-38,39.84,28.4,3,65,22.13,44.75,29.79,-29,105,10.44,24,35
4,101,13,-18,46.58,-18.15,23.96,116,-30,10.8,4,50.94,1.34,-12,145,-6.89,89,114,65.82,18.41,-0.69,7,21.95,33.88,-32
-2,67,54,51,31,146,-3.07,28,2,-38,126,49,16,33,88,6,115,3.36,148,54.83,43.3,37.48,102,10,51.73
3.61,2.75,73,-9.92,63.37,134,76,35.12,59.43,-34,-10.47,-36,60.91,-47,-47,112,140,-11.91,-21,-41,29.74,17,34.16,13.13,39
23.31,-34,133,103,74.97,108,136,88,36.7,-45,12.65,23.81,-9.06,112,-4.69,100,30,3,-30,64,53,32.43,125,56,54
74.18,28,-18.53,59.27,17.71,-5.18,-25,2.02,88,83,-37,60,55.77,22.83,3.99,-43,112,63,145,47.56,21.44,123,-14.86,73,56.08
53.49,47,143,27.29,82,130,141,111,64.13,69.5,46.65,57.09,119,56,-20.35,21,91,-28,-22,6,-29,74.91,41.65,47,-18
139,18.88,25.68,-8.18,13.9,45,27.26,-20,-48,1.66,11,62.89,4.74,71,133,54.81,13.34,46,106,141,-40,35.43,-18,16,68
18.74,-7,-10,13,70,20.12,68.41,137,40,47,52,-4,119,68.01,45.65,11,-23.96,-50,86,99,2.57,-20.17,74.71,122,111
133,106,-16.17,63.14,-30,-18.94,74.4,72.64,1,103,-5,-7.43,51,-1.33,142,66.06,130,66,1,41.07,-4.65,6.58,39.41,24,10
2,-33,92,1,-8.15,31.91,53.51,7.8,69.55,32.74,-35,42.38,22.12,-27,-8,25.4,23.66,19.5,130,141,-18.38,-2.69,38,-18.67,58.51
46.38,8.23,11,-16.23,94,64,-15.78,142,-4.59,-2.68,27.94,41.69,115,28.82,65,9.93,35.18,144,15.74,119,59.33,63.99,111,57.2,-37
24,-12.25,11.07,-18,13,43,38.64,47.95,-22,-18,-14.06,128,55.85,55.84,137,-12.58,65.35,75,60,57,11.96,-50,72.69,86,95
66,-23.71,14,86,74.33,125,-2,146,34,17.89,43.8,-34,11,32,2,22.75,-8,8,40,146,56,19.64,67,61.49,26.01
47,17,-19.86,2,95,44,-24,54,33.92,9,14,-19.7,149,-9,22,-19.46,51.94,28,65,40,1,57.61,-25,40,25.96
10.64,9.7,-36,-11.76,-16.89,67,0,-16.98,-14.07,123,-38,72,-26,68.87,72.37,-5,-16,41,-43,-2.66,-4.45,90,10.57,101,13
-23,65,-13.99,18.11,87,-50,64,126,-40,62.35,12.8,51.75,37.26,87,119,37,126,-20.12,51.43,5,48,-17,103,-13,58.44
63.46,7,14.35,30,-10.18,30.39,65,-16.22,4,137,111,-33,-10.84,-47,47.39,63.98,37,-45,73.14,132,6.6,58,142,-2.83,43.29
-12,34,19,44,4.58,-23,-26,-24.98,65,137,-8.96,-10.04,7.38,-17.93,55,1.43,-1.24,66.75,48.28,51.35,53,21.75,53,30.17,149
118,6,-5,32.34,18,42,8.32,82,-18,-11.62,103,-18,1,-21,47,20.3,70.2,2,21.25,30,135,42,-1.61,19.52,44.6
26.74,111,-28,20.77,69.6,-48,29.23,-50,58.25,8,17.32,-14.85,12.79,-48,25.11,58.92,53.98,-24,47.53,-22.97,2.94,8.17,-2.94,-42,19
-28,54.94,-12.73,12.03,-12.3,-45,2,53,27,-20.02,56.07,58.94,50,96,25.24,6,-41,42,28.77,13.13,-19,48,113,75,-26
57,112,71.91,5.47,51.35,-0.06,76,-5,77,133,63.99,-1,-6.93,31,34,106,-15,26.73,118,21,28.88,55.43,106,-3,29.15
-7.88,-38,136,132,38.95,-9,124,113,-5.39,83,-14.26,31,-23,-28,148,-5.15,74,92,19.87,-49,-0.66,-33,-0.2,18,99
38.67,-42,83,-48,70.25,-33,58.9,73,7.78,36,-21.1,104,85,41.83,-10.7,0.51,7.97,9.26,6,5.14,-21.42,-33,38.01,106,-35
-38,2.21,92,25,51,1.08,37.07,31.54,57,-23.79,123,56.39,30.04,146,52.07,89,25.23,122,-31,23.16,-3.27,32,71.28,41.57,14.84
123,-1.88,32.04,135,-22,100,66,-39,52.04,56.92,62,70,66,-4.76,97,138,60.18,21.23,73.36,3,9.95,12.96,120,48.39,49.07
74.04,-2.8,145,54.09,23,61,5.82,-17.97,17.12,-15.54,-46,10.88,133,-23.73,100,-13,37.28,-4,122,43,26,65.9,-31,17,58
115,47,49.51,-22,-39,15.89,16,46,15,18.27,67,-46,91,8.52,17.28,39.05,125,74,78,-38,104,-6.37,-23,-18.06,65
94,-10.54,-36,2.57,143,28.36,-27,-6,20.95,6,32,71,-18,32.46,12,-27,66.45,-2,10,-13.19,-3.78,27,75,134,-16
95,20.52,18.94,-40,-10.57,-49,-36,-23,92,64.64,9.37,56.03,72,31.28,-6.97,115,10,42.34,46,16.38,-22.74,109,66.45,91,-9.16
38.13,48,-3.68,21.82,-36,146,0.44,130,-11.93,125,-8,123,56.34,56,52.81,146,58,-31,37.66,7,119,103,11.69,59.39,63
-18.05,24,47.31,-32,61.17,-4,-21,-14.49,64.7,-4.9,145,68.68,12.56,13.03,23.17,-17,30,-22,142,-24.94,46.23,35,27.41,122,14.6
74,51.12,-46,62.65,32,-30,41,22,34.8,-4.42,23.57,-23.87,86,19,3,98,55,77,149,-46,113,-20.97,33.25,3,47.69
136,-21.77,145,4.51,-30,-2.58,29.36,27,105,99,-21.54,-2,10.72,6,101,31,45.07,133,16,-9,61.67,146,-0.83,-18.37,63.32
10,0,91,-28,-9.15,4.25,32,3.81,-37,149,62.67,-47,84,63.43,13,3,72,44.78,10.23,23,-17.4,16.51,24,65,48.62
-20.01,19,-2,96,83,-3.79,145,10.6,-3.12,141,90,4,24.32,116,4,21.15,44,28,17.48,107,-4.5,104,83,-24.8,5.75
82,61,7.25,82,-47,15.23,71,-49,41.55,57,29,125,71,41,114,25.2,68.61,-22.15,44.87,73.75,73.86,5,-11.75,96,109
52.5,40,-30,-21.07,102,13.13,0.95,13.58,7,-20,79,33.01,-2,136,123,13.23,90,121,41,23,48.05,120,-33,125,19.69
97,9,12.65,99,37,49,-21.7,99,29.36,29,42,4,-6.2,64,-0.08,65.31,-10.57,25,30.32,16,-10,16,-14,64,54.78
98,59,52,101,21,73,-3,66.1,6.22,-39,58.91,-8,91,19.55,8.33,118,63,136,17.22,77,11,30.23,101,2,72.17
69.58,38.95,140,95,-17,-43,12,74.22,-42,60.6,25.1,-11,-11.64,103,71.21,95,6,-40,-17.64,-14.56,7.79,-13.71,40.41,143,-0.22
146,119,-23.42,79,31,-4,32.23,-19,81,130,116,-23,128,-22.64,2.26,78,37.15,73,-41,-20,135,92,52,105,51
28.63,-1.56,-47,15,121,54,18.7,4.27,5.87,30.6,36,66,52.73,-14,-44,-8.84,-23.59,23.12,29,54,-43,74.1,49.93,-44,31
123,71,19,149,57.9,-5.01,37.01,29,5.57,12,31.99,22,25,21,52,-20,81,3,-4.14,78,46,142,105,68,-2
23.93,2,-35,-12.49,-8,-19.87,-2,-1,30,49.83,37,63,-3.39,15.43,39,-32,60.01,66.1,52.09,-24,-6,-10.98,-5,-15.87,50.49
20.03,5,70,9.96,0.72,68,57,51,67.31,-29,40.03,53,-26,-7.84,-4,-49,60,-17.5,-22.57,7,-14.12,-12.23,117,62.32,43
-7.55,92,91,46.15,139,31,49.3,53,37.55,49.78,31,145,4,-19.73,-32,-1,148,45.4,133,140,117,132,45.95,34.1,-9
-6,28.16,75,95,149,64.62,-41,-17.73,37.78,25,30.96,-9,-4.2,-48,136,-19.62,28.28,41,-3,42.05,62,93,-17.31,-17,70.4
63.94,9.69,11,-16.16,4.99,94,39,12.45,-32,40,-16.85,66.69,69.15,5.79,32.56,58,19.85,-15.28,54.04,95,129,32.63,40.27,138,94
13.69,143,-15.29,73.15,147,-36,-24,43,-23.16,130,-18.19,5,41.82,12.55,35,55.86,-19,-4.11,-10,14,-3,58,70,111,66.92
52,58.14,113,40,101,73.5,-20.42,-6.09,71.47,69,-5,-32,29,9.49,77,55,145,20.36,10,55.02,66,1,-27,141,35
48,21.39,-27,58,7.01,-18.97,4.99,11.96,4.24,33.67,14,-0.25,141,136,98,48.44,60,64,5,65.03,-2.39,42.49,-1,-42,113
146,135,-14.17,2.79,96,42.56,149,-21.19,10,101,62.83,37.09,73,4,67,20.76,-50,8.31,-36,7.56,25.27,-35,-3,134,55
88,-47,9,-38,70,31.74,89,108,-10,7.64,65.86,71.72,121,55.22,80,62.48,-30,74,82,49,36.34,74.82,90,-34,92
-46,10.78,-40,120,18,-32,-8,9.85,-27,35.75,55,82,99,45,-4.44,-15,-24.72,-49,55.69,27,3.62,63,0,22.16,139
66.11,18,9,49.78,55.69,53.61,21.31,-23,55.38,-45,-40,-9.37,66.11,40.02,52,85,19.1,-21.67,57,5.16,25,30.45,-4.14,115,61.81
-21.02,-50,1,136,-0.33,145,27.9,-22,38.3,66.14,-16.99,50.86,-20,50,14.95,18.43,-26,59.23,73.12,128,69.69,38,49.72,17,1
33.84,121,75,50,57.18,136,-15,13,30.43,-22,33.01,64.1,96,-17,66.39,23.11,-19,119,136,-43,-12.99,46.42,-4,-16.37,42.17
61,53,87,30.11,65,43.45,22,35,38,57.17,92,62,84,65.8,41,116,120,83,78,42.47,32.68,67.5,21,-26,12.88
113,-13,-5,-18,80,45.08,9.2,32,128,106,-43,-15,10.85,72,53,38.72,117,60.56,-8.93,-28,21,49.22,-36,24,-35
56.39,16,13.05,-23,32.09,30.61,38.71,53,67.15,55,22.76,2,76,15,27.41,20.11,74.02,-24.67,29,60,12,17,36,22.91,-31
96,-40,48.92,-45,-20,-23.62,113,6,47,30,41,-19.27,30.02,-8,-23.55,10,47,140,-1,48.71,56.8,-21.93,58.93,6,73
140,61,-14.97,63,-1,101,-44,27.33,126,34,-23.23,-29,79,35.92,111,139,-23,45,63,59,62,-9,32.52,36,67.7
12,26,-8,5.23,-10.49,18.69,-19.06,-31,85,19.51,-13.84,-45,45,-15.97,30.54,21.08,-35,17,-13.43,18.73,44,41.25,-9,13.51,-17
-40,12.55,136,105,54,57,11.2,2.28,7,-21,56.91,81,91,127,53.6,71,-0.95,129,54.68,27,50,-31,148,71,66
11,30,-11,72,72,44.32,108,77,-44,-43,21,96,28.86,-29,0.54,8.44,141,28,-4.6,113,57.54,27,130,9,-45
73.58,13.66,14,131,-14.01,38.35,29.49,16,-3.66,46,61.75,39.24,3.75,16,46.24,50,-3.49,83,11,-10.26,-5.75,53.92,48.65,-11,-33
13.75,69,34.02,26.34,149,24.25,42,94,54.38,121,26,58.82,128,137,2,67.1,121,131,139,63,40,-48,-19,-21.03,-13
23.69,57,12,27.05,-32,-29,128,-12,-20,118,55,98,-32,103,28.66,96,30.6,41,-35,89,7.64,141,57,-4.36,-24.58
103,146,110,46.41,62.17,-28,24.73,76,73.66,60,115,46.89,34,14,70.48,126,-17.72,-6.49,-20.38,10,61.01,9.19,-19.54,18,-45
17,18.44,-0.88,23.53,-3,105,48.9,13.09,12,129,59.47,52,15.11,60,18,128,-48,46.29,138,78,6.23,76,-8.95,40.5,134
58.27,-4,-6,38,42,136,-46,82,-37,25,66,102,53,88,55,94,14,37.73,12.13,148,51.02,-47,120,-13.72,145
18.78,45.61,-19.33,62,148,106,44.12,41,44,34.54,50,-9,136,11.95,45.05,40.55,-13,-3,121,18,13,69.74,-15.28,112,144
6.5,26,11.97,110,8.57,-18,27.93,81,52,62,35,13,29,2.02,-14.37,20.16,64,110,125,122,-24.67,28.53,110,137,36
104,56.5,-35,49.23,81,146,94,33.35,-31,56.04,54.12,55.3,44.13,97,19,71.83,44.89,11.39,66.8,81,73.21,124,88,52,1
24.39,53.61,-46,-19.53,-6,-33,-42,109,55.02,25.59,36.67,-47,87,9,104,-19,-1.31,58.99,50,-27,1.76,110,29,-38,135
-24.63,72.99,-43,70.48,47.91,72.86,41,18,58.09,40,11.85,13.08,47,86,-18.47,29.68,-45,19,7.34,69.24,124,-21,40.39,60.82,-17
9.77,-50,136,-44,25,-6,113,2.2,58,50,30.91,-12.09,16.77,38,38,36,-24.34,-9.89,7,18.82,68.72,-36,83,-21,-49
-33,32,-47,47.68,-12,-30,84,100,52.27,71,34,149,-12.88,24,59.22,-3,117,114,34.46,-1.23,-23.02,140,111,11,89
-35,3.69,-30,-9.3,64.84,-8,12.66,24,20.28,-1.93,62.87,30,136,92,30.85,96,-35,62.52,11.47,49.06,55,-2,28.08,64,22
-16.56,74.28,-22,31,135,-15.72,8.15,37.86,25,28,31.84,-2.46,37,57.96,18,27.19,30.2,56,71,-39,-7.02,43.82,67,-22,-16.26
-31,2,48.96,74,19.6,-26,140,30.71,-2.18,62,65,9.56,47.64,68.12,-34,6.62,-0.35,57.92,18,55,90,50.28,17.32,30.49,65
74.18,-2,64.69,25.33,70,-0.38,-8,16,68.79,60.98,93,72.42,21.71,44,103,-17.65,72.56,81,7.79,66.26,-33,58,111,40.18,109
-14.2,23.74,-7,12.23,97,130,140,124,10.69,62.21,3.14,-48,44.65,59.8,-5,141,73.63,15.9,-5.45,-24,144,-25,26.93,101,131
-9,-13,64.45,45.99,6.81,40.28,76,146,64,137,4,21.86,1.17,42,1.95,93,16.45,-3.08,-12,90,27.26,21,-35,-21.73,142
-37,48,129,128,11,147,53.39,19.82,46.53,10.76,30,2.87,-16.98,-1.39,66,58.84,29,-14,-44,44.48,108,45.96,-18,18.05,28.41
-3,61.55,-10.43,122,-17.04,39,103,34,-13,90,-45,13,92,19,23,60.63,148,20.36,113,28,29.94,136,33,-22,98
3.05,-40,-22.67,29.18,11,16,103,15,72.88,-5.74,-7.52,16.32,35,129,61,58,26.94,21,27,16.6,85,26,34,73.91,87
-11.23,46.79,36,48,45.08,-37,0.98,-8.91,20.12,68.83,97,56.66,85,16.08,146,117,50.29,-43,14,-39,-6.27,64.16,61.29,-7,28.32
120,28.13,148,-37,-30,-25,23,120,-2.86,73.75,-30,28.08,66.92,63,2,56.65,141,6,83,65,46,126,-4,-2,42
-40,59.58,132,-1,60,145,-30,10.34,145,-23,29,110,146,58,64.9,76,2.82,49,75,-3,29,36,1.14,50,86
42,66,88,41,133,74.03,13.65,55.76,-16.2,12.03,67.17,49.24,64.79,32,7,95,30.17,141,83,56.12,-33,-38,116,-15,138
20,-16,-18.66,11.67,52,104,-2,-42,26.45,18,36,19.23,55.11,55,-7,-30,15.44,-40,40,63.42,57,23,70,-3.57,18
29.24,-50,-1.09,99,98,94,55.07,13.08,15,-18.43,62,26,84,-46,-4,77,120,54,58,68,77,77,72,128,-15
89,10.93,80,51,52,20.54,-5.58,50.4,67.45,118,65,-22.26,73.31,69.03,-31,-16.72,-22.89,44.65,48.62,-3.76,69.1,86,142,51.44,-14
-49,-35,45,-30,48,46.58,120,59.41,106,92,72,28,126,-24,43.65,56.6,95,43.32,87,4.83,6,23.86,7,9.41,-47
69.04,129,38,60,22,24.72,64.54,97,112,140,-20.86,36,52.2,37,24.76,113,-48,-0.85,26.03,24,55.73,3.23,65.08,-31,87
149,97,57.95,-48,16.65,-47,-4,77,41.43,122,28,-9.33,21.32,-18,51.23,28,-3,-20,0.02,133,-45,26,-41,4,16.25
2,-24.35,-26,24.2,30.56,47.12,-19,119,16,-43,2,72.9,-13,-15.75,107,18.28,19,88,140,52,-2.48,-27,23,-49,70.38
81,64,-49,0,-5,34,128,9,4.66,87,109,132,-10.75,129,18,26,31.41,-9,15,8.8,-16,24,-4.94,72.48,82
46.98,-41,74.34,-13.91,144,-45,131,105,5,88,65.02,-16.59,145,38.9,25.86,125,72,48.32,148,128,62.8,-18.8,52,-15,-44
53.36,12.49,134,34,44,11.32,15,31.5,-7,-43,128,-13.88,63,87,-12.96,-40,6.64,13,42.72,78,66.71,-0.28,19.28,86,3.87
64,-9.69,8,126,76,62,59.36,25.16,15.01,35,-17.45,-5,106,43.3,53,106,36.42,81,32,120,-10.2,-18,45.74,83,117
-2.75,0,-19.85,98,20.15,26.66,-32,138,148,-8.92,1.68,27.47,-13,21.41,84,44,-21.67,112,116,23.94,27,27,-46,67.54,72.26
-24,114,68,29,15,40.15,-5,26.17,9,81,88,65,52.51,59,-6.71,34.38,68.4,18.08,108,-5,12,58,143,46,-3
22.63,54,126,90,61.06,6,25.79,127,-34,40.96,5.78,69.59,35,4,-13.44,-7.8,41.49,107,108,72,82,15,59.1,126,6.2
55.88,40.72,63.74,112,103,-48,78,115,36.27,-37,-12.94,-28,-32,106,15,21,45,56,17,54,2.79,57.43,-43,87,-43
39,27.55,46.17,19,59.79,39,24.99,-3.91,75,-38,58.32,-18.56,22.62,8,63.06,13,48.48,92,24,35.62,57.7,47.66,129,57.73,-12
8.49,70.24,7,-2,6,-19.33,-3.14,-10,68,67.57,103,137,54.36,-11,23.93,-9,59,33,1,-2,121,132,24.94,14,44.47
120,43,-13.87,90,56,-32,-13,70,-41,-43,71.62,25.66,46.39,-36,61.51,67,114,9,4,0.36,-19,-12.55,56,149,-12
142,42,-30,46.38,-16,13,66.96,42.02,34,65,63.25,3,119,-11,-35,42.19,-47,99,2,97,54,46.04,39,21,106
44,56,14.15,-15,-14,49,-12.84,92,41,-23.23,15.89,18,50.94,22.7,54,-22.37,63.8,-15.45,89,65.22,26,-12,56,57,53
100,-16.73,51.51,140,126,101,32,70.65,141,-39,4,-40,66.88,19,-11.55,13.06,-39,-1,84,50.38,9,-43,-11,27,80
11.5,62.74,19.49,62,71.52,-47,56.43,104,11,-21,73.21,119,52,74,16.29,24.44,2.27,-11,114,3,114,-23,0.61,-11,130
21,-6.24,42,88,34,71,-16,91,25,62,9,55.24,-33,101,1.28,113,132,56,3,20,52.95,142,18.01,50.77,146
50.3,65.42,27,73.6,45,96,32,-32,119,62.73,102,113,-36,96,-19,96,-42,130,7.09,17.35,-20,73.42,74,131,3.1
-5.68,8.52,-25,86,19,-11,-22.2,69,90,-25,29,-11.04,75,39,30.75,-11,131,-22,73.17,20,67.62,-32,8.05,-33,-41
54,-20,56.05,100,18,117,-23.02,66,45,94,48,88,46.76,24.64,-32,-21,13,32,-23.12,-10.82,-6.37,38.49,27.8,-45,58
26,-7.53,90,120,67.79,50.08,87,-18,41.62,22,78,0.43,25,52,-11,68.3,61.09,22,73.85,-5.73,54,-4.52,34.66,-8,72.1
-44,13.15,123,12,29.66,-44,47,53,47,63.32,-1.81,-16,3,109,24,100,12.24,48.8,101,118,73,126,27.34,-22.19,73.93
-7.68,-29,41,68.36,-18,35.22,23.18,45,-43,117,42,11.14,59,60,38,5,-2,36,70.77,85,44,-31,26.67,-15,114
103,120,-47,64,84,71,98,-17.37,79,7,21,47.58,115,-20,-16,28.25,116,2.81,137,144,8.82,19,36,87,-24
144,120,-8.8,-14,29.45,112,118,-2,45,133,4,2.86,-18.34,13.38,43,128,148,63.93,-19.72,48.34,61,27.04,43.7,-34,18.52
-40,-10,63,149,71.86,-9,135,16,106,126,-46,104,0,93,135,45.5,28,137,71,49,53,-20.02,39.7,26,34
124,101,31,-1,-13.81,-34,17.26,146,1,9.38,94,49.31,-15,81,103,49,-4.72,50.96,73.59,88,102,106,-49,-22.37,20
-22.83,-4,67,78,3,48,15.98,-49,114,-24.68,120,61.35,27.08,56.37,113,83,-49,61,12.15,89,42.64,111,145,115,-4
-42,-16,-1.99,65.29,2.47,-42,122,70.73,66.68,15.01,69.51,-0.53,0.8,-38,40.97,16.03,-10.37,74.09,126,-19.08,46,58,107,-19,66
98,-17.17,93,58,-39,-21.03,113,124,75,-21,26.18,46.17,56,-48,-11,7.86,61,99,101,-12.44,-0.1,36.72,10.81,78,42
145,-47,-32,65.67,-13.81,121,70.6,77,85,121,-20.69,-5.7,51.34,6.09,74.16,20.84,75,-2.84,67.26,36.39,7.75,67.61,12.9,-14.2,23.94
-4.83,117,65.85,0.07,145,69,89,-23,-11,63,-21,26.95,73.99,131,31.12,110,39,82,80,32.95,9,39.73,-0.37,19,-50
34.94,-19,63.84,-0.41,29,-19,27.39,51,57,148,-49,14,130,-8.15,3.65,43.34,20,59.44,33.5,73.7,82,126,71,-11,13
32,101,85,26.21,-5.68,-45,-12.41,22.84,-2,73.44,58,-14,3.38,-37,35.01,37.77,-20,-13,-1,36.59,55,15.33,26,49.93,46.05
0.56,7.67,110,80,104,-7.52,-10.27,-18,6,110,46,15,58,78,147,24,65.71,65,54,77,131,15.36,-17,2,64
54.02,91,142,-11.06,65,67.53,-5,59.35,138,-18.84,2,61,129,113,-15.19,66.42,116,53,85,45.55,17.68,25.93,47.08,144,12.26
14.24,32.3,144,38.89,54,-24,127,16,74.18,31,18,-11.55,-47,107,115,-14.91,6,27,17,58.69,74.48,103,-14.87,66,129
85,-20,60.53,65.11,48.94,108,-23.53,63,-6,31,83,142,-20,7,106,10,37.87,73,29.87,76,134,43.08,7,70.01,-32
96,51.24,139,99,0,136,48.24,5.18,61,31,14.19,-0.25,-11,103,96,57.34,10,-1.41,11.65,77,-47,134,66,-12,50
45,-15,122,-36,14.2,18,29.64,11,-3,-14.96,134,-11.45,-17,11.93,-29,138,65.36,54.51,20.05,103,-21,-23.52,21,21.07,-27
3,76,2.42,-49,32,14.98,63,-20.92,90,-21.69,-18.89,89,105,-33,58.39,-24,2.72,101,53.91,36.37,72.18,110,7,27,-4
38.01,-36,31,75,-15.02,12.35,-16.1,-40,125,86,-36,-1,-14.34,62.2,-42,-1,-32,80,-42,-43,99,87,32.08,-21,91
24,-11.49,78,25.64,120,19.58,38,106,67,31,59,33,43.16,-14.69,87,51.95,97,10.25,65.21,15.92,42,19.34,29.81,52,-13
35.14,103,29,-41,12,119,-0.74,66,51.12,70,136,48.38,147,38,112,15.81,40.35,-6.24,-11.21,44.83,-10.71,117,78,46,37.74
-24.36,124,90,-16.82,-22.09,-9.7,82,65.94,68,121,105,46.1,55,36.59,10.82,140,7.11,72.23,5.88,70.09,55,86,46.38,25,-24
-26,64,31,66.39,25.77,74.9,136,39,-16,24.27,130,70,-1,49.78,81,72,47.22,-1,45,73.22,103,-13.85,17.19,35,65.77
55.23,-47,-20.94,15,27.24,-14.07,-11,-40,77,53.87,53,30.12,-3.51,37,7,-15.45,56.53,-31,34.31,61,125,-40,64.96,44,-13.53
146,-3.57,36.74,8.34,-24,110,38.13,120,6,133,-27,52,53,11,88,-0.07,-23.69,-22.63,71.38,72,-15,132,-23,101,101
49.17,38.55,70,86,13.93,-39,69.14,53,60,103,27.47,74.66,65,25.79,25,19,87,30.66,-37,21.93,-2,-41,85,-5,24
21,123,-37,79,103,86,-9.16,40,-4,-17,61,144,-43,119,111,12,-26,-7,109,114,92,-13,74.63,33.76,-1.05
39.22,-41,98,101,-19.1,117,-40,31,-12.64,115,39.74,-28,-10.59,6.59,22.24,-48,7.06,0,88,26,42,47.41,98,33,67.89
121,65.21,54,-23,-16.28,-12,61.7,18.01,43.19,4,32,136,-19,80,-22,26.63,46.54,24.67,-24,-16.18,-17.35,45.27,87,24.87,47
24.6,15.11,-38,102,-4,-32,-2.65,38,-7.37,71,22.64,86,107,-29,66,48.59,59.19,98,40,64,106,130,-28,16,1.68
37.76,-15.5,144,33.76,61.02,-14.34,89,25,12,-1,89,-14.98,-22.42,70.23,87,-12,-37,-46,-19,146,78,10,-23,38.04,85
68,20,70.56,85,87,68,-18,20.14,79,-8.48,0,-42,94,-6,29.79,33,121,79,2.59,139,84,20,21.93,25,10
45,-13.57,12.84,-5,40.88,19.27,-16.74,143,-27,58.01,65,135,-5.44,50.43,63.17,67.77,102,-20,101,17.17,-8,21.74,114,58.34,16.56
61,63,-8.58,5.72,71.74,-50,-17,68,52.71,-34,96,-14.37,0.38,-17,110,-7.78,-34,-39,7.83,4,55,67.19,28.8,-37,2.36
6.19,148,115,144,-1.55,-44,21.53,27.19,33.93,55.87,47,55.86,8.18,141,1.03,8,103,-14.98,127,65.8,29.71,-6,-34,34.04,19.78
59.9,30.51,71.21,130,45.94,76,-19.11,129,67.81,-14.41,3.99,4,70,-19.68,68.52,-24.86,69.87,-31,59.02,118,50.93,69,138,93,63.07
-24.88,41,149,67,46,68,109,34.93,124,35,26,-22.62,-18,-36,28,18,117,-41,135,69,29.33,-11,146,62.91,83
8.21,-3.07,57.27,-16.7,-10.81,27.93,94,-15.26,70.87,51.54,74,53.12,23.92,-27,29.41,-29,77,-13,-31,4.81,6.06,125,-38,58,-24
7.37,-11.61,-12.51,56,41.23,-8.35,-49,48,6.09,15,44,111,-23.9,-38,32.85,62,-22.34,10.38,104,-41,19,11,-24,49.77,50
26,48.64,62,86,101,-21,12.74,-29,-46,30,-34,-45,25,-7.31,78,51,-6,0,128,63,107,8.53,48,61.96,-5
-0.73,62,122,-11.4,-34,-9,9.39,55.65,21.33,-24,-32,125,-16,88,51,30.4,87,85,125,77,-26,90,46,64,59.66
-38,-24,119,61.86,106,-50,19,11,31.68,67,-15,41.16,135,29.02,18,-15,104,62,101,-23,16.69,66.72,-47,10.11,15
4.21,7.96,147,61,39,-14,23.78,65,68,-9.78,124,115,100,60,-17,-21,-21,72,120,140,70,-20,42.61,-0.7,11.23
4,-12,-2.29,28.46,99,117,55,60.34,54,99,102,22.41,137,6.61,31,32.89,140,53.81,19.48,42,-23.59,6.54,50.67,45.04,53.9
1,-21,0.54,121,19,82,61.99,7,-22.17,20.83,95,44.81,78,25,83,32.62,96,-22.28,108,-50,125,45,0.49,11.84,139
-27,-2.67,145,128,-12,56.2,55.23,-12,33,30,3.79,22,3,97,-15.12,9,-16.22,15.06,142,-32,135,7.13,80,45.09,19
9,25.74,16,10.64,-7,14,25.59,39,-47,22,21.16,-25,38.47,111,97,-6,17.33,28.01,-7,88,32.05,53,39,139,30.91
137,66,55.33,1,105,-10.32,-42,-3,-8.72,-42,57.29,19.53,1,85,27,-4,-29,-16.94,94,-10,-13.52,11,23.6,70.71,-39
-47,-1.91,23.12,34.3,5,115,16,18,74.06,33.57,43.6,122,61,58.95,-16,-5.28,11.53,99,42,-22.78,147,125,-24,52.09,3.9
47,121,45.57,17,-38,37.25,-13.04,7.2,-3,97,82,26.45,11,-0.25,12.5,97,40,48.93,-2,125,-44,45,51.33,14.89,-2.92
49,-1,45,34.04,85,31.89,52.26,45.33,121,8,46,-45,67,61.23,-13,54.56,88,32.41,134,2,69.58,0.02,44.78,142,74
-7,-29,96,65.21,-21.92,54.64,-35,14,36.73,-12,1,-47,72.31,108,15.83,90,-14.51,90,136,-7,43.94,107,85,-4,2
142,-5.32,37.14,57.4,99,-17,26.11,23,97,32.55,1,25.83,91,24,68.12,5,10.93,-38,66,9.12,144,52,4,87,108
8.39,34,49,41,-18,108,63.23,23,45.4,80,114,35.83,-20.68,57,-6,76,58,106,121,45,109,92,50.95,76,15.21
-5,14.24,143,-24,-23.17,145,-31,-29,-39,69,42,132,-17,109,105,-24,-7.32,-12.92,37,75,-40,18,-38,50,100
-47,5.43,5,129,-43,137,26.27,48.35,-23.86,86,72.3,0,29.66,-19,-6.75,39.4,59.72,29.77,32.38,-3,24.93,132,89,-30,43
45.08,-22,22,30,101,-17.44,36,61,-44,-1.91,-46,-9,-17.79,96,116,3,-12,-16,38.92,4.58,-27,101,34,13,35
77,67,-7,-46,107,15,74,16.17,11.95,-8.73,25.39,24.26,12,-1,122,44,142,49.69,-10.38,69.22,12.24,-18,74,2,-42
111,143,-18,114,24,75,30.54,140,7,9,64,53.12,60.36,83,39,115,-17.14,143,89,37,-20,38,-27,59,66
3,110,-10,-28,22,59,61,-43,64.11,28,1.81,137,106,59,-32,61.02,-23,54.41,36,-32,42.43,2.61,134,82,54
101,-32,31.64,70.93,74.64,54.17,53.9,73,-35,-18,132,1.24,74,103,1.15,107,59,89,36,130,115,52,130,55,34.22
26,149,40.98,119,-23.34,18,61.1,52.56,139,42.91,146,19,52.5,51.83,49.17,57,-9.54,54,-24,14,36,119,39,44.36,34
-35,9,38.3,55,-36,96,56,16.49,-30,40,53.71,30.63,127,-11,15.47,63.97,13,67,119,65.1,135,62,-14,5.62,17
-48,35,30.11,-38,129,118,13.61,-24.5,64,75,54,22,42,13.43,14,42.38,15.52,59.63,69,-30,129,37.8,77,-23,-18
-47,-16.74,118,42.4,22,48.31,89,-2,-10.19,28,66,77,63.81,73,-41,54,56.58,28.11,75,-12,117,50.18,-45,27.13,20.81
88,70.49,2,70.76,100,31,30.87,-41,3.53,66,100,123,29,29.32,20.21,-7.46,-46,130,9.41,-14,30,49.43,65,-20,121
70.19,71,48,125,-11.29,-29,52.4,10.56,65.71,-1.84,-0.22,-50,86,15.2,-20,21,31.68,-15,147,95,30,-6.31,33,32.96,141
129,-2.72,79,86,94,83,72.75,-4.81,39,3,28,76,31.99,55.66,81,23,146,115,33.34,-13,18.52,132,65.23,-11,113
38.37,88,63.41,19,33,13.53,22.5,63.34,66.32,66,18,46.49,67,7.78,-2.96,67,68,10,9.96,84,127,121,-17,-10.08,8.02
65,56.75,1.03,0.94,67.31,57,15.52,123,-7,126,52.81,-49,-13,69,67,61,33.84,-39,3,28,90,25.88,27,15.65,29.75
13,123,70.5,-20.1,-48,57.39,-3,95,72.21,51.34,27.16,106,63.94,-44,34,106,104,65,-17.05,0,60,68.11,-1.58,71.25,138
41,18.53,62.65,100,16.76,-29,-43,90,-19,65,13,22.08,60.78,-12.89,5,50,148,-44,91,55,9,45.36,-40,-10,46
104,107,21,100,25.89,134,6,58.89,68.21,19.75,60.49,-35,2.55,-50,56.26,17.96,11.05,-14.77,85,70.11,24,-23.12,-41,84,134
-28,68.29,74,98,16,76,132,74,27,123,148,70,-23,43,-9.81,36.43,40,-6.9,-38,22,54.05,-17,53.28,-50,20
-4.22,1,-16,16.28,-20.34,-20.42,5,82,95,-2,35,14.9,12.89,49,67.37,27.68,42,-15,130,56,71.1,-42,80,43,42.73
-3,-17,-22.37,118,32.67,23,57.24,122,-11,53,139,-23.72,54.98,59.44,89,-38,79,109,135,113,0.25,9,95,-15.4,-20.46
107,107,-18.5,130,43.38,-20.52,-2.9,60.79,-15.54,36.78,123,56.21,74,18,125,56.96,50.46,46,59.47,-33,85,-24,-17.2,26,-15
-1.97,52.5,23.45,17,149,54,74.21,97,134,-20.13,82,141,29.39,34.02,-2,74.26,16.6,66,-6.05,-21,85,-1.32,5.5,65.01,38
59.28,76,105,63,-10.67,68.58,-14.34,32.2,14.39,32,62.67,-19,74,30.44,0.2,118,40.93,30,118,-39,-40,32,35.23,-10.32,-27
77,15,74,68,145,135,56,14,3.46,14.05,-7.33,65.96,24,34,53,29,46.74,-39,2.37,125,76,-8.92,-44,87,-5
143,73.38,135,148,-49,-29,99,36.24,110,133,24.25,6,7,-43,31,-19,101,92,84,80,60,28,28,51.34,62
41,90,81,65.25,-15.28,-26,7,35,29,9,99,116,39.19,57.72,-19.19,28.41,5,98,102,71.96,18,148,14,-31,104
135,49,-17.88,3.88,28,45,70,63.36,46.46,-41,41,6.27,105,-40,1,-35,106,18,49.09,-18,48,-48,15.16,96,-23
-36,-50,20.28,44.92,33.82,35.15,45.07,59,141,136,113,60.92,58,-22,35.4,-17,52.21,-18.44,-9,24,54.81,65,56,133,39
24,63.38,-20.42,-13.56,107,8.32,80,31.62,-4.75,50,51.94,42.3,34,105,-11,-25,25,49.69,51.67,-24.1,45.24,-14,20.29,65.52,9
124,78,13,1,26.52,-23,11,146,-35,98,112,17.02,112,74.16,33.51,29.08,64.71,-22.21,35.84,-5.74,92,-22.54,23,35,109
-14,101,-46,69,61,50,48,21,-45,-47,129,2.08,40.26,4,-43,61,-38,53.37,-17,9,97,19,89,4.69,13
-35,18,9,138,52.58,101,106,149,123,60.27,-8.76,9,18,67,120,39.72,124,-16,75,-25,109,-17.71,49.37,19.86,32
81,73.03,60,56,109,19,55.69,108,-49,74,-5,63.3,32,113,71.5,87,16.31,121,36.04,61.25,3,44.1,59,128,24
69.2,-19,60.62,-28,50,24,32,65.39,58.55,92,136,-40,59.62,8,39.03,8.55,48,-42,15.1,37,138,7,145,4.09,70
-10.5,76,146,35.52,146,11,11.63,94,78,66.61,19,-43,30.08,29.67,45.2,-4,-49,78,89,47,39,21,80,7.18,95
-2,53.44,48,106,-15.06,4.93,-22.77,-3,139,96,24,-38,67.53,57.89,18.6,-6.14,53.91,66.85,119,55,62.14,86,-0.28,5,7.07
68.9,20.54,-15.04,23,67.82,-0.03,137,-2.32,3,46.79,7.12,62,-49,-36,-6,149,61,-16,73,115,107,11.69,-9.87,6.84,25.05
86,1.7,82,59.59,71.58,33.9,-27,34,44,-24,22,35,67.53,-23,99,36,132,28,33.15,-3.72,27,56.62,137,14,98
-12,47,-34,119,144,44.85,-3.8,45.17,-8,66,73,-21.74,4.91,-26,37,31.43,104,20,80,-19,145,46.48,-48,14.43,1
20,-1.31,45.75,107,52.97,-21.62,11.78,80,45,-47,-42,96,79,97,15.27,-10.22,-13.82,42.36,85,-19.88,-10.38,65.43,26.06,68,6.83
46,-46,60,4.12,95,32.63,11,70.79,58,-45,19.97,58,100,72,-11.14,48.82,7,49.8,142,-7.84,-44,112,96,49.7,6
-7,-1.1,14.17,-12,99,64.6,65,36.95,-15,-22,67,108,5.98,84,52,58.97,68,141,78,70,43.32,64.83,17.14,-5,122
-0.47,0,73.53,-7.53,36.4,-1,40.05,132,65,-4.73,-34,-39,18,6,-22,26.78,13,82,69,62.87,14.97,89,-22,81,58
51.96,132,87,17.22,121,50,37,66,89,40.51,58,53.38,63.43,31,-11.72,130,3.88,136,29,-6,-29,31,149,42.33,26.74
62.27,75,131,65,137,-19.96,42,-29,88,-7,25.63,107,47,55.99,-7,66,-24,61,35.23,-11.03,38.49,48.36,58,77,49
124,62.19,40,-33,135,52,-44,30.17,82,51.71,53.63,-5.47,-1,37.04,37.97,35.13,-16.83,26.29,104,76,102,68.46,73,54,81
59.01,-23,19.78,34.36,12.22,88,-18.3,39.58,17.4,-1,-33,0,51,125,77,16,17,54.71,40,70,35,-20.3,72,60.74,-38
65.46,40,124,133,3.73,6.08,46,-9.47,105,-1,-12.47,92,-10.03,99,37,5.86,-0.85,35.12,27,-13.31,-22.99,84,31.88,52.69,3
141,74.11,102,21.4,65.04,60.39,103,13,-24.24,17.54,16,92,48.43,2.54,19.27,11.16,51.96,143,133,-10,23.25,-4.55,68.34,33,38.93
85,66.55,28.47,99,131,29,10,17,47.25,0,12.71,63.51,40.67,12,9,36.84,69.69,78,95,51,48.23,129,26,67,15
61,80,25.71,-4.97,-24.19,71,29.17,7,-34,105,1.7,-48,-32,-9.15,34,-15,140,-37,-11.02,-43,71,44,105,-25,68
82,-17.9,64,91,-22,-21.84,28,92,39.47,40,32.16,24.32,-28,-13,49,-20.38,-36,-2,69.4,105,28.65,-10.01,17,-8,-0.54
117,31.47,65,142,52.08,103,-44,53.08,80,-0.98,-9.07,112,-17,21,45,-17.14,36,53.2,71.11,122,57.78,54.32,35,72.31,59.95
21.35,25,131,62,10.16,-28,129,15.09,4.78,36.8,-11.77,111,3,-42,60,30,-6,56,95,-44,119,112,33,33,4
92,26.52,144,-13.11,141,58.62,-45,139,140,27,93,72,90,-12.03,44.87,-21.48,-12.62,137,139,84,28,38.68,19,26.52,47
26.49,118,-30,49.41,55,66.81,88,64,114,17.39,99,-48,95,-12,-11.47,7,-4.45,-2.14,-15.9,50.77,-40,101,-48,64.33,-13.85
139,-18,4.63,34.16,69,21,48.85,-25,60,93,34,8.84,-22.03,82,19.61,112,128,1,66,81,80,-21,-15.13,12,-31
112,-15.8,94,-21,-1.25,145,-24,29,135,113,-30,80,7,133,-18,-23,133,30,-19.29,-18.41,57.57,12.19,-13,37,-8
-22,126,44.45,34.07,26.22,3.35,4.5,6.03,42.72,12.97,96,-13.95,35,17.09,81,56,109,17,-19,136,71.47,28,87,40.41,-17
27,29,-26,10.74,20,15,6.9,100,146,7.84,147,69,6.86,6.14,105,96,101,-5.11,122,-7,67,-1.97,-16.55,23,51.4
29,8,24.95,13.29,136,143,-24,58,-40,3.8,100,-30,49,32,-19,129,13.34,131,1,-17,15.9,-34,-46,145,31
6.75,27,66,70,7,71.33,71,1.49,6,83,77,7,144,143,-21.9,24,62,7.52,11,15.06,80,-25,24.51,126,43.12
37.7,28,81,36.95,85,14,-48,50.88,49.93,126,35,55,-10.1,-22.72,-13.85,12.86,59,-14,-10,86,4.14,-39,93,90,-16
128,-23.15,-22,123,45.73,98,-4,31,-13,-23.76,77,86,70,-12.24,-2,22.57,49.15,48.67,44.3,101,26.98,-11,74.13,119,-17.16
63.21,-14.26,55.48,128,35,-24,33.72,46,118,85,60.91,31.98,58.14,-31,-17,-6.73,-23,59.71,62.69,140,-19,-12,39.28,133,-17.34
94,-20.83,108,-3.49,-32,-30,14.55,131,66.39,53.18,58,22,-44,23,136,47.41,-20,52.41,143,24.65,49.61,56.15,44.34,140,58
-37,5.63,16.76,8.47,94,85,17,-4.7,35,30,14.42,44,126,-4,20.25,24.23,32.33,-47,91,32,65.84,-17,10.98,19.78,5.86
1.73,65,15.12,8.57,-16.01,119,-6.14,109,-44,148,67.38,24.34,89,-18,13.11,143,6.59,35,-43,-1.72,148,39.65,68.59,91,-18.89
29,44.76,134,13.06,70.62,-23,66.89,34,34,-26,42,113,27,53.85,-23.47,67.49,74.39,75,68,97,93,106,22,92,-7
23,-4,26,119,46.91,143,-50,63.91,99,37.37,-17,13.16,6.62,46.12,-25,-20,140,-23.07,132,120,39.97,72.46,-5,-7,40.09
6,62,-1.85,-22.07,72,17,16.82,58,138,-42,-18,-28,126,19,146,44.69,55.8,40.95,61.05,-7,48.22,13,59.75,-37,-44
-17,56,1,-24,82,-16,68,-48,38.3,34.56,27.24,49.04,80,17.95,147,68.18,133,44,147,149,-24.17,66.38,-17,23,83
-38,25.67,-23.26,26,99,27.16,41,58,63.41,-9,22,6.39,37.19,92,120,53.41,27,80,13,111,-9.94,-6,-0.48,-37,-35
-16,25.31,-29,37.38,19.82,-1,124,48.27,-17,73,111,14,35,-18.65,-21.7,32.81,144,46.57,7,10,70.87,1.27,140,36,20
22.3,-47,15,17,33,94,-28,51,-4,-50,76,93,15.27,51,40,75,68.48,-45,11,-13.23,140,25,73.87,30.79,142
14.11,58.88,-49,-13.59,104,35,114,113,20.64,98,1,15,68,-20.16,1.54,-18,52,45.51,-0.66,101,102,-27,62.38,-22.38,-20.45
52.87,97,70.42,92,-33,-18.85,36.77,16.86,57.41,24,-40,29,13.8,19.59,63.04,13.83,-48,77,-45,-34,65,114,-10,71.31,138
-49,62.34,49.61,-12,48,-41,-20.62,-2,64,70.25,43,-13.61,-41,66,-19,65,22.02,49.13,85,61,31.04,37.21,-19.51,24,26.25
49.6,23.4,83,130,87,48.25,0.33,97,144,-38,-19,20,142,44,59,54.08,103,98,105,10,68,31,46.66,-10,-50
-16.97,45.86,101,-18.7,9.77,64.33,-41,121,-3.25,92,-4.31,-9.93,106,33.85,67.78,-41,63.48,72.36,-1,-7.08,61.91,41.59,8,59,42
32.47,36,-11.35,-27,-18,117,62,1.42,16,27.4,52,28.58,65.58,20.85,50,-5,27.53,20.37,3,-6.26,2,125,-35,99,47.1
65.62,73,16.57,128,18.55,93,116,106,25.12,10.1,24.69,132,34,71.24,94,-13.8,43.22,69,24,21.05,95,146,-5,25,63
23.42,63.97,-14,52.28,-50,-35,30,4.53,59,85,-44,62.93,139,20,4,42.54,114,14.56,6.11,13.74,-50,-16,75,-43,111
9,-24,121,44.88,141,-34,-21,-45,13,134,-14,38.1,55.61,-4,-41,130,149,-16.94,-11.56,19,128,22,136,-47,118
40.1,-23.03,17,2,-6.38,109,37.8,49,113,36.51,71,-6.46,22.83,144,1,129,98,67,-19.6,-32,56,68,-32,12,1.76
11.5,-24,0,20,59,137,50.33,42,92,3,21.22,148,-49,62,11.47,36.85,69.33,56.7,59,-6.97,19.5,53,52.98,71.3,69
42,141,19,70.39,57,-4.17,-26,62.38,19,-23.07,62,62,31.89,59.03,-33,122,14.31,-42,123,-7,31.42,16,-0.65,27,131
68.7,-2,71.62,95,12.79,-19.65,-28,38.35,36,28,51,72.28,141,73.52,144,-19,125,15,99,73.08,40.33,28,-21,91,61
126,36.46,60.05,8.53,147,69,50.98,126,30.37,12,60.4,-13,138,77,17.75,-32,-31,35,37,21,131,-12.49,3,147,-16.1
52.08,46.89,51.13,-13.44,82,21,31.22,42.59,104,63.95,99,125,25,47,133,23,52,-19.6,82,139,-30,1.75,30,-40,-18
-16.1,-10,32,-2,32,124,127,26,-19,-21.06,49,105,33.37,11.14,95,12.48,-33,121,18,-13,-19,75,-47,55.67,112
-10.27,139,-34,12,-8.07,65.56,41,67.3,58,148,54.47,37.61,130,53,-43,-4,-37,94,99,68.21,101,44,28.35,-29,74
42.6,143,98,-33,33.42,4,53.37,21.52,126,-43,100,-7.36,25.47,20,53,37,16.65,-19.17,5.01,28.13,41.18,-21.43,-2.46,135,138
122,-15,64.96,141,-13.03,14,108,92,82,61,-31,41.86,46,51,77,7,-5.44,-8,45.6,-41,33.58,90,4.2,-50,20.93
35.69,20,0.54,21,9.26,53.84,-4,60,87,103,54.09,-14,-21,-1.34,-21,2,70,-11.59,1,77,48.06,132,12,41,44
-7,0,84,59.83,134,65,68,-6,14,14,-48,-20,61,-45,40.29,-50,-43,-6.79,112,86,-43,-1.49,100,-4,7.11
82,120,-15.22,11,72,118,38.13,57,83,30,-0.48,-19,-16.04,-3,55,91,9,118,1.45,13.86,-49,139,146,26.71,111
37.53,-26,146,14.73,-16,0.43,0.83,15.94,-23.86,-18.88,140,-0.6,18,98,135,53,39.58,133,38.11,-21,56,-9.88,11,119,68.46
136,37.74,133,92,1.34,70.22,92,35,49.71,46,137,21.56,3,26,14,100,-33,137,11.18,106,-2.16,39.79,16.68,-24.12,57
-30,7.25,43.66,-32,-12,112,-24.35,-4.82,103,-18,20,138,74.2,64,73.03,118,133,-2,63.25,60.6,12,110,-43,67.78,38
38.94,108,7.11,129,5,-5.01,-15.48,56,-22.31,140,71.27,-6,7.26,2,59.6,53,-12,-43,25.26,-12.57,38.58,118,51,125,24.56
81,62,118,36,52,14.08,85,29,105,107,68.53,62.87,-44,93,72.02,-47,-5.29,27,58.76,123,18,68.53,38,14.97,-15.3
63.49,-16.87,47.77,13.78,58.99,70,21,68.13,-35,88,-21,68,132,139,52.12,-6.14,14.66,25.83,12,28.38,0,88,35.97,44.81,97
-10.38,34,116,-13.47,149,58,-8.99,2.71,-11,89,24,40.11,-5.91,125,92,98,46.87,-27,41.5,-18,50.33,94,-4,-14.73,13.98
78,-14.24,65.02,51,-16,131,10.91,95,136,74.79,87,69.73,-26,5,-12,93,60.63,-2.52,148,-23,46.18,1,-30,88,124
-31,27.7,19.46,39,94,47.1,143,31,0.71,102,-17,56.92,29,11,134,72,-35,14,4,43,30,65,85,-11.11,120
-27,55.28,76,130,-1.33,29.58,-7.83,52,32.99,-35,33.89,-42,25.28,12.09,142,112,50,23,56.35,89,73.36,-6,67.52,-24,32
81,74,12,-13.76,56.04,29.31,-10.61,30.47,2.21,-18,53,28,31.83,52.62,45.64,63.97,-18.14,-14.1,57,110,-14.54,22,-18.26,70.6,-34
72.39,123,34.23,36,145,108,30,132,76,144,-8,40.6,-16.14,60.02,73,140,130,65.71,39.16,33,134,62,0,-34,66.8
27,95,44,-21.96,9.53,55,-13,49,-24,0.46,-13.44,18.27,-1.52,65,30.56,15,-11,30.01,93,51.48,3.18,61,30,69.11,16.34
126,24,91,68,33.16,-37,35,65,49.74,-36,-14.7,83,105,8,70.67,25,140,9.16,-47,-19.91,33,22.28,64.65,-2,51
-24,-5,61,96,110,72.88,-40,68,32,68,144,49,57.94,-20.52,69,129,71.81,71.22,-23,46,48,6.47,134,144,13
-38,-7,122,63,49.7,45,44.07,70.44,126,-13,63.65,39.24,133,52,19,3.39,36,-12,-49,58,115,18,38,105,58
109,3.74,34,133,38.37,65.1,114,-5.61,111,37.11,26.82,88,14.67,-5.74,62.23,26,61.67,126,16.36,9.85,139,-11.61,50,-6.6,46
54.78,107,52.18,18,55.99,-15.13,63.31,112,117,2,34,-48,82,14,7,-42,25,-44,-23.46,-14.84,102,21.66,75,-45,117
131,29,-24.01,139,32.92,6,19.93,-17.18,-26,134,115,-43,45.25,115,13,125,101,120,-20,-20.27,29,-30,59.29,143,-20.13
2.12,142,99,-26,103,1.36,37.25,12,53.08,19,-46,89,104,45,76,76,-6,100,49,35.44,71.67,-22.37,84,-1.51,95
58.32,29.42,61,0,53,-7.05,-23.09,-27,24,-28,106,25,42,-1.69,9,72,-6.04,20.64,4.06,-39,108,16.24,12.87,21,70.19
96,22,-30,-10,27,25.42,91,-3.53,-5,146,-45,-19.19,46.68,65.67,132,-35,-8,34,74,82,-27,109,3.04,-10.75,10
-0.9,68,-19,63,29.09,51,60.16,-19.09,40.88,-7,-1,-11,-8.66,10,29.31,-9.64,31,59,20.71,70.77,115,63.49,2,29,10
-23,101,-17.36,-17.38,-21.9,-2,49.02,-15,35.59,21,75,116,50.29,-19,0,7.26,78,-17.13,113,50.83,6.92,-5,14.16,-30,-21.14
45,12,118,7.91,127,-14.69,42.73,1,18.09,-8,90,35.21,-47,-16,43,-14.47,-21.98,31.49,23,28.08,70,60,50.03,-14.47,73
100,23.6,20.21,24,64.49,4,14,-30,0.56,57,-35,85,74.31,87,22.24,47,68.77,1.2,49,64.58,51,-27,47,129,128
-18,-2,-7,-38,-9,1.71,53.73,36,-24,135,4,-20.99,18.49,112,-20,49.93,-2,31,-43,119,34,102,-5.61,44,130
27,-5.26,52.32,93,-36,-3.18,36.24,45,-40,37,6.21,63,12.26,5.21,50,98,37,35.53,-7.43,-22,16.44,2,1.94,-1,38
10,100,74,115,104,75,57,122,14.3,137,-37,19.16,132,1.46,-6,70,-50,58,33,51.33,107,65,55.47,9,48
48,32,29,-11,-22,35.49,72,0,46.53,90,21,66.48,15.16,115,14,43,94,57.81,128,101,65.65,75,100,62,-3.4
-42,118,82,92,-45,44,139,6.82,59.29,82,110,-23.84,68,-4,104,-5.64,143,29.17,57,63,-24.94,95,139,-32,-13.36
9.09,61.48,36.47,77,-9.97,-20,68,121,54.47,-29,-20,73,60,31.21,70,57.75,-42,88,37.86,22.47,48,39.48,84,-37,137
112,26,83,-32,50,27.94,-12.49,-11.32,-8.58,42.37,40,55,54.59,67.26,-1.33,-30,21.14,-16,108,-18.5,-16.97,87,49.51,-35,-11.42
38.09,52,93,46,16.28,-12.34,64.14,84,-8.22,19,16.67,32.05,52.93,-10.53,97,-13.75,70,13,-45,-6.95,6.93,62.57,95,132,-5.04
57.35,70.64,56.67,16,-15,-9.97,126,34.23,108,-20.65,37.47,109,55.18,129,8.98,-1.34,56,62,28,137,-48,111,10,88,61
54.61,20,139,-47,12,-11.77,54.07,30.86,-45,60,-22.21,30,44,39.37,33,47.43,69.42,51,-6,80,35.69,2,-36,-15,98
-18,78,73,0,43.64,-16.4,71,-17,-7,63.39,52.92,50.09,60,21,59.31,6.95,31.33,-43,-11.19,-19,-17,140,61.39,53.88,12.11
-20.34,-3.23,-19,18.73,6.01,-16,-13.05,17,59,3,49,14.81,-13.02,-4.88,49,-16,-22,63,87,5.01,-33,3.62,134,80,100
-15,16,45.13,36,82,21.53,39,0.45,63,146,10,60.28,114,116,77,133,-18,52,71,85,76,38.43,74,-33,34.38
136,9.11,9.63,71.93,76,63,-24,-21.81,-23.03,27,-44,100,54,132,5,-9.2,-20.25,20,5.15,26.89,66,3.87,88,1.86,77
75,-26,87,105,139,124,120,-2.73,37,55.95,41.73,74,139,113,69,17,48,47.68,27.69,53,65,120,23.33,-33,136
-46,20,101,-24.74,5.73,48.15,60,82,9,81,61.18,136,54.42,33.02,48.08,-36,-22.21,93,124,-34,-4.39,62,-35,66,19.45
29,-10,17,22.84,75,-12.43,50.33,104,41.18,15,-14.44,70.63,-1,31.07,49.84,6,-24.27,11.95,53,37.59,16.55,58.03,56.09,54,-12
141,32.3,-0.33,-16.94,-20,70,44,35,24.74,29.67,-30,-30,64,144,55.91,-3.62,54,28,88,27.39,138,-37,127,71,-17
103,-10,148,51.54,28,101,78,40.96,51.12,144,7,-11,27.19,85,-19,74.01,-19.93,66,102,-9.44,146,5,-3.22,-5,134
140,61.08,56,26.41,118,13.05,75,9,112,-6,23.58,16.86,61.87,25.86,-34,99,62.92,73,70.63,0,131,66,71.54,-1.8,-23.69
42.77,-23,10.56,18.21,46.05,47.63,67,11.14,119,-19,39.29,3,104,56,-22,115,37.41,-20,-37,136,-5,85,-6.62,33,-8
108,12.61,23,60.71,88,60,5.68,73.75,22.99,62,32.83,25,56.7,84,18.07,149,1,26.57,128,91,-46,30.77,6.89,65,92
15,6.27,29.01,-15.62,68,-5,24.76,-11,132,-34,66.38,-15.95,124,58,73.35,136,-33,98,12.25,-8.33,48.6,73.11,-6.14,11.93,70
42,49,126,132,-18.55,-12.86,56,12.19,143,39,88,105,-4.73,39.65,54,41.41,58,-12,103,-15.12,33,49.49,9.35,45.48,22.11
45,139,51.96,52,-4,58,89,36.56,-20.98,3.39,51.55,60,24.92,142,54.37,-13.46,27,136,124,65.3,38,7,147,36.51,30
-45,-42,16.24,54.63,147,128,139,72.03,0.96,36.24,116,27,31.98,33.4,-2.25,-22.48,132,-42,28.68,22,-14,118,48.02,14,9.1
90,42,46.46,77,127,70,-15,-18,-24.04,-19,-26,-38,25,73.74,27.02,-40,18.52,71,89,83,16.2,-16,64.17,19,69.95
-27,84,-18,-4.8,3,43.12,11,-14,-25,-40,18.82,131,-24,57.75,74,68,98,17.43,44,-7.64,20.46,-41,5.67,13,27
0.79,-11,1,-20.08,-17,111,-24,92,-35,20.27,138,17,88,69.86,88,-12,99,32,-21.92,63,67.25,-13.39,-9.04,36.35,58.22
-3.38,69.97,-17,12.88,28,30.98,-20,-10.98,-7,115,33.49,47.95,43,33,74,120,38.57,82,90,25.01,26.87,21,4.09,24,-15.84
105,122,32,142,73.26,-16,11,46,62,21.86,18,72.53,47.56,65,127,34.46,115,52,7,-43,19.64,15.37,5,16.61,74.15
144,2,21,6.16,-14,-7.56,5.94,65,-8,91,65.77,9.76,-5.54,88,53,3.79,-15.54,16.17,10.57,-19,109,-22.54,57,-8,16
25,20.37,36.54,80,-9,56.99,79,4,-16.88,124,34.03,71,110,70,27.83,49.08,-17.23,-49,-24.03,-11.07,73,107,135,59.39,142
27,-5.94,86,-23,61.33,91,5.16,119,14,119,114,25,73.14,-35,-31,49.29,-12.85,24,24.82,149,-34,36.35,-13.59,7,22
15,98,-23,51.7,135,19,62,11.59,-29,61.96,-3.79,83,65,-39,86,53,4,5.07,143,4.37,41.42,70,-37,36,53.11
22.05,-13.01,61.54,117,135,-25,77,-26,36,62.43,89,42.46,24.97,63,46,-47,38,-23.86,5,-3.76,-18,-2,46.96,90,47
-35,142,-6.55,1.55,79,115,-8.84,22,45,23.35,136,49,0.56,15,-7.09,120,48,94,39.66,59.7,-19.25,-22.77,62.5,35.73,-49
68.35,-18.12,107,33.37,73,27.66,42.09,-17,-17.81,-13.66,148,-16.08,69,44.43,65.97,13.56,-0.7,-34,-5,99,68,56,42,-10,97
139,90,17.6,64.94,79,115,134,104,28.55,-7.83,81,95,56.57,-32,9,-14,10,-9,55,72.23,105,79,42.38,-17,58.69
104,49.08,-13,39,8.89,80,66,123,89,51.97,136,130,8.94,124,-40,138,136,58,-12.19,-40,17.97,-33,-12,-21,69
33,137,23.26,4,40,-4.66,104,93,0.34,146,10,43,-12,52,44,110,-24,43.79,120,28,1.33,136,88,16,55
105,53,33,90,5.3,-34,91,-25,58,9,13.15,-9,135,47.81,39.35,18.63,-5,48.49,8,111,4.04,19,54.99,9,69.51
60.19,30,-17,-1.7,140,21.58,25.88,37,56,93,37.48,145,104,-15.65,105,56.87,40.64,20.25,69,52.52,70.75,-23,-28,140,24
69.36,-22.84,44,-17,32.39,37,16.47,34.3,43.24,38.62,23,56,49,107,19,2,-7.58,22.41,-38,52,98,28.58,-45,30,97
99,68.58,111,49,68.98,-36,-38,15.03,47.27,33,-25,-18.44,117,-1.1,-2.86,-43,59.53,-13,43.78,17,15,50.04,28,5,-30
30.29,65.93,38,47.83,67,18.98,31,124,124,61,-45,71,-9.71,70.93,60.79,105,2.11,3.57,146,-36,107,-8,81,61.94,83
50.27,-11,113,51,138,100,78,2.71,8,-12.86,-10,26.6,-9.57,2.39,45.02,75,51,-2.79,76,20.25,17.41,52.69,-30,-20.81,50.51
18,-19.68,69,69,14.95,92,100,-9.96,29,85,147,65,108,34.13,30,80,95,10,63.68,14.61,141,54.1,-20.04,-3.81,42
74,123,66.04,34.7,100,61,20.04,-15.63,-12.22,-12.5,47,-22.85,8.33,56.7,-29,149,20,37,36,24.02,74.92,67.22,73.16,66,67.24
47.01,-36,144,74.19,149,56,13,13.63,-30,108,-14.45,-36,-40,-35,-15.63,40.6,83,10.44,86,86,3.5,33,-20,83,28.9
7.56,10,32.14,73,58.41,136,70.89,60.64,-23.51,19,77,49.51,60,-9.08,126,130,-11.58,70.81,-5.78,149,-10.17,26.67,-2,77,-19
15.29,49,56,25.97,73.46,7.34,134,-5.3,142,48.82,42.14,-34,101,9,9.42,48.33,40.62,18.75,6.2,124,-26,18.63,-19,115,40.01
140,-9.88,66,-22.51,-42,16.9,18,70.51,12,27,70.67,28.89,63.25,128,96,-20.89,136,91,83,68.58,136,60,36,-31,-1
49,99,14.76,52.84,62,-35,-46,33,-34,-15.12,69,71,45.99,144,41,68.63,32,56.4,44.18,1,-4,32.29,39,-24.17,34
85,103,88,-8,119,78,53.18,32.51,68.46,88,-20.5,43.9,73.56,117,-32,47.35,27,89,123,49,82,38.18,58,111,82
-16.46,46.52,34,133,69,11.66,-12.8,-33,49,-6.86,62.84,-1.38,12,14,54.21,13.24,71,-4.99,-22.58,86,68.68,121,-11,-3.85,-20
-6.42,-50,71,105,-10.25,69.56,47.68,22.9,36,-44,-8,95,146,31,145,35.99,1.88,127,131,-2.58,86,133,49,116,48.62
41.58,45.13,-19,61,-19,109,118,-14.79,19,45,-13.42,19.69,133,35.14,148,51.66,113,10,52.19,43.14,14,-9.78,32.68,96,114
125,55.03,43.54,114,-21,34,136,81,49.81,60.69,-37,22,-14,-32,123,45,147,-4.19,73.77,-9,35,-7,50,98,-11.91
21.88,32.55,10,106,73,10.94,48.35,22,82,95,46,-38,13.39,130,61,66,74.33,109,-20.85,67.41,24.62,57,9,-33,22.79
-18.53,46.41,55.99,-18,81,12,87,53,130,52,47.47,39,31.25,21,44.5,-22.19,-13,43,-35,85,10.32,-47,-41,-0.63,38.51
66.15,-14.66,125,29,33.36,63,-5.95,5.61,42.3,-6.24,108,28,-22,35.97,35,39.98,-0.32,97,88,52.23,76,59,40,0.41,24.31
-3,90,139,31.55,9.12,25,140,-46,-24.1,-18.35,135,5.8,44,32.63,7.23,-29,-2,62.31,103,3.67,123,32,-24.44,72.43,6.52
138,139,11,-1.96,49.67,8.82,27,35.97,146,68,3.1,9,52,-17.83,18.4,-49,-16.21,64.41,16.34,80,108,66.65,-20.68,49,146
-23.41,43.41,-23.81,-14,38.38,79,51.97,53.04,46.56,11,17.66,67,19.86,55,36.78,76,58.14,-41,-49,72.38,140,62,38,-46,15
139,-24,29.8,54.34,54,43,122,-27,87,26.86,58.66,25.27,144,146,49.97,17,-22.15,42.96,14,72.67,64.34,-23,76,72,91
-34,-6,33.36,36.98,-43,97,65,-8,20,-14,-17.86,20.69,52,28,4.71,-18,49.14,8.12,-9.05,59.44,134,141,69.14,10,55
138,-8,23.85,80,-9,-29,46,-27,67.33,4,2,-4.8,15,10.69,5,-40,73,-6,-10.72,4.19,141,19,55,129,76
111,-44,-4.27,0.44,20.07,143,140,33.63,-27,22,32.86,-16,22,138,-26,120,-10,123,23.94,127,27.24,85,0,105,145
-50,-25,66.98,-24.29,-25,54,-31,105,68.12,140,25,61.33,133,-50,30.59,-21.64,9.98,72.79,33.61,119,23.38,7,18,22,-17
-43,64.97,32,96,61,70.29,-11.05,22,149,62,36,10,134,141,85,-36,60.46,-35,128,120,37.25,-23,-11,113,-20
102,37.79,26.8,-45,-7.79,145,-4.45,53,13.98,17,-22.97,-29,36.18,-50,-39,127,39.73,143,127,58,3,23,-2,7.59,18
0.93,26,37,10,14.93,117,-14.71,103,120,101,68.62,-45,98,-18.65,104,-11.36,24,29.35,27,100,-11.7,79,3,102,61.18
-8.51,9.05,28.83,66.08,54.72,75,-46,79,6.78,20,148,24.3,4.64,141,89,31.41,13.08,-0.26,-21.42,72,45.74,-21,-36,19.09,125
10,18.97,-10.7,48.48,6.13,44.91,44.56,100,107,6,21.77,-1,17.9,7,-19.58,73,-17,-3.07,-6.83,113,-7.78,10.95,-26,81,48.48
7,1.37,44,6.7,125,25.14,-33,107,104,58,-11.81,30.2,12.37,104,51,6.45,-3,59,26.31,37.32,-33,-49,16.62,18,58
53.66,65.29,1.71,119,122,114,5,-9.9,42,73,96,102,46.72,120,54.9,40,12,9,115,1,4.52,29,40.71,148,58
89,2,-48,8.53,49.07,38.65,10.99,121,46,41,53.82,4.2,20,-22,61.81,14,24,-22.59,83,61.18,18.74,80,41,65,71
3.55,72,48.27,23.63,-13.6,46.9,33,-21,136,56.56,76,10,-31,63.02,31,-41,48.59,-43,-23,20,-18.1,11.8,-3.24,20.92,144
71.5,126,112,27.16,50.31,125,123,31.49,55,26,47.4,-22.26,142,125,109,117,45.42,-15,83,134,6,8.64,30,121,50
-15,59,7.18,57,116,9,73,57.4,73.74,-41,23.56,48,125,-15.17,136,20,-47,87,-10.53,5.23,108,37.45,60,93,26.6
131,19.2,-9,39.56,38.84,90,-28,55.67,-14,-24,-34,-31,0.45,21,24.3,61,-22.37,2,-38,99,62.73,-11,71,96,65
147,-1.27,58,-14.08,49,121,-21.96,-0.06,61.38,-15.97,-22,65,-16.16,53.32,-13,130,44.43,5.53,19,108,124,57,113,138,10
46.97,105,35,62,93,41,30.77,-43,-38,112,-21,107,21,-38,43.6,30.08,-12,45.39,21,129,49,33,7.51,102,102
55.65,124,135,-2,50.11,-21,18,-12.96,42.45,72,25,58,146,112,5.97,68,2,141,-8.4,124,59,6,70,-12,121
66,7.66,-16,-23,-25,91,27.85,72.35,2.8,35,46.3,-45,-9.48,70,118,40.05,16,26,-18,-22.35,-19,-3.45,59,-11.17,83
32,63.66,120,-19,33,7,89,-10.69,-19,36.83,9,124,141,147,-25,59.26,50.04,74,-43,6.67,-42,39,31.48,9.32,-12
74,48,-13,136,148,145,25.73,-18,89,60.59,43,78,65,23.08,57.62,93,14.97,54,40.33,33.23,51.7,119,-2.52,71.76,39.61
-13.6,21.22,-2,67.16,23.58,2.63,145,22.18,27,-4.44,106,100,19.27,-21.54,56,21.47,84,-26,85,9,56.47,148,-5,51,91
-13.31,-14,19,1.67,-38,127,73,125,5.08,-20.86,-14.38,71.36,52.15,97,27.26,64.28,-31,14.69,19.54,32.31,-1.88,35,-13.33,62,114
-13,66,65,8.62,63.26,71.82,-14.83,36,114,75,30.04,28.55,-6.9,8,136,42.84,144,121,24.36,46,-5.65,29,0.82,26.86,41
41.28,136,133,68,-10.31,52.79,84,40.46,82,28,-5,-43,-35,-25,105,6.9,116,-48,39.12,53.6,67.73,30,102,135,48
71,38.64,1.01,39.63,1,112,0.54,48.35,-28,-48,86,-29,26,111,-5.35,64.47,50.89,49.6,46,11.32,121,101,54,40.82,0.8
94,112,-8.82,11.17,-6,15,-35,43,-2,69,-38,24.68,16,134,-49,21,44,-23.87,120,144,-40,16,55.3,117,132
1.73,96,-20.25,136,68,143,38,85,-16.23,31.56,3,-50,71,-22.76,41.38,25,41.56,11.87,-1.7,49,34,91,36,133,127
53,-2.54,96,110,134,46.56,32.93,-2.82,75,73,85,61,61.04,-20.31,17.81,-23.53,-33,61.13,72,19,85,-46,147,69.21,-33
-21,-23,70.54,-40,-20.41,47,74,-34,83,28,55,65,122,-48,129,68,91,144,39,1,141,-11.23,71,146,-46
-17.06,3.03,-4.02,27,13.15,140,-22,-18,80,-1,86,44.98,107,103,-20,112,59.38,45.83,87,51.31,45.37,-17,-19,-19.72,26.58
59,0,82,132,39,-24,64,-11.2,6,35.69,11.49,138,31,104,77,62.73,89,5.34,25.83,15,112,15,65.36,-16.36,25.33
50.77,63,-10.46,48,58.07,72.55,17.26,41.9,38,108,33,15,48.05,-29,7.74,-45,45.23,-9.53,54.12,22,29,-10,-30,63.06,53
40,95,1.59,-41,5.09,124,-3.25,70.75,30,137,102,20,54,-0.58,-20,49,5.86,73.07,2.99,2.55,146,47.77,25.46,134,73.99
57.85,95,-3,15,-13.7,36,-17,-17,32,3,-8,12.54,-45,137,-23.09,110,-20.83,-47,-2,60.79,42.66,81,23.54,62,51
-33,138,128,98,44,81,95,-3,49.16,5,-15.65,-44,39,28,-11,114,-17.14,72,0.32,88,-11,73,35.63,-34,29.35
125,95,130,39,-44,-50,59.6,26.12,102,-6.67,-23.79,102,116,15.61,61,-13,-49,-32,66.92,27.7,39,-7.7,60.88,-18.7,30
48,-9.07,31.46,24.82,35,-8.64,-8,148,95,-42,20.83,75,63,-26,85,29.52,44.19,36,69.88,33,90,63.62,2,105,119
64,5,3.48,73.16,97,64.58,25.5,-11,71.72,61,90,36.8,83,120,36,41.75,39,102,30.33,-20,45.76,133,30,74,26
8,43.51,25.92,-18,49.13,2,-17,139,6.63,50,23.72,61.66,138,-37,-46,38,54,-25,119,24,51,46,-13,136,43.15
6.33,79,-19,14.97,25.38,113,60.13,21.88,79,55,2.98,114,10.16,56,-16.22,9.43,141,-14.97,55,49,62,0.97,-13,18,16.28
5.38,111,63,-1.65,-37,61,-9,-7.9,45.85,41.48,6.97,72,-45,32.81,-22.47,-6,43.78,40.95,143,64.19,146,41,57,34.58,138
-47,43,-50,50,-41,-9.37,14.01,-24.68,45.07,9.66,108,-29,-16,60.6,1.49,68.69,-7.54,83,-35,41.13,64.31,64.78,-38,-8.61,32.35
57,-12.2,27,3.02,-37,75,73.47,141,12.4,12.11,4.63,141,130,-25,95,-18,134,-30,54.14,19,38.78,-34,112,104,111
30.29,15,20.55,-18.42,126,133,-33,72,78,41,58,-6.62,47.98,45,57,-4.22,-0.31,107,32.75,29.91,41.34,142,106,103,128
30,-4,65.15,30.97,0.12,21.85,23.61,-12,77,74.91,3.31,-15,118,29.97,-47,-2,31.59,40.56,3.08,55.17,-7.7,95,57.41,49,-16.7
39,6,68,26.28,24,97,1.02,45.41,131,67.92,55.39,-5,42.37,60.45,28.79,21,-1.22,9,0.19,115,106,41,-14,20.06,66.87
68.3,32,73.76,63.75,16.15,-6,2.95,-19.46,124,-4.36,-15.81,-13.37,88,75,13.6,-10,72.39,93,-37,28.51,-14.78,7.21,113,-24,-42
-48,47.55,-5,31.36,67,23,59.28,134,96,16,56,93,124,-2.6,77,-3.38,24,107,-7.44,123,57.99,-13,26.68,110,30.92
19.85,31.84,50,36,148,36.02,45,103,-5.96,98,142,-11.97,16.59,-42,7,7,-39,-0.91,50.81,-5,12,-49,-2.47,3.01,44.68
-27,61.19,33,21.37,142,-24.27,109,7,147,26.96,-8,-14.94,117,39.9,48,5.51,85,118,61.02,103,105,27,128,-35,24.75
3,32,97,141,29,86,44.19,-21.31,-44,59.77,-16.43,-11,59,0.26,133,115,29.61,140,-48,74,29.6,52,0,87,-49
50.4,-13.23,50.97,16.89,9.42,49.79,53,67.07,42.43,41.25,47.52,-23.43,22.06,-8.76,61,9.67,117,81,-44,-36,53.69,-12.2,-30,122,40.03
73.84,55.1,82,45.71,56.57,34.98,-14,115,75,50.25,2,111,124,122,123,26.45,-23,-11,1,8,41.35,-39,-7,-31,-17.25
81,50,-23.22,68,7.38,54,11.09,23.72,69,-19.61,52,-23.06,14.08,139,85,65,32.21,-13,-46,-41,-14.63,106,54.9,66,-45
131,-13.54,-8.34,149,84,37.62,99,-10,59,74.69,8,-2.35,8.68,65,141,97,110,-16.45,1.98,19,47.73,31.28,65,7.85,-1
-14,-19.15,24.44,137,50.95,113,83,99,25,-23,9.74,22,72,22,56.28,104,7.61,32,87,40.9,-24.13,-10,34,-16.95,68
113,32,12,76,85,37.26,16.58,49,43,13,35.46,120,65.68,-34,54,-12.71,33.74,106,73,67.53,9,-6,-20.44,-34,25.64
105,83,51.77,68,72,19.14,24.82,-21.81,39,26.39,112,132,7,73.38,-8,10.34,-30,106,51,53,7.24,2.49,-12.28,58.08,36.14
39.5,51,23,48.81,113,9.01,80,87,18,-6.76,-21.21,34.64,128,41.34,55.52,-3,-43,-19.11,94,50,-22.53,-15.34,63,64,-4
115,-9.16,7.33,-36,-14.38,94,10,-6,1,-11.67,72.19,91,15.75,-19.63,10.44,11.77,109,100,22,43.51,25.05,-9.45,37.01,131,12
31.33,15,-1,69.48,100,-13.47,62,81,-10.56,54,81,66.91,-5,39.49,-37,-24.4,21,54.68,-16.98,72.95,-44,64.92,34,-15,85
147,68.06,-10.85,30.26,-11.14,26.96,-12.05,-18,102,-23.82,134,80,37,37,51,59.55,-25,82,-3,-18.44,91,116,-36,116,127
6.75,3,91,19.61,49.78,-13.14,106,57.34,-18.7,12.71,31,27,68.43,31.28,-22,107,67,35.62,57,149,81,-13,65.08,55.98,43
24,24,-3,65.55,147,38.93,142,1,143,24.66,52.48,99,87,67.34,78,65.47,-22.79,7.81,-22.51,65.8,86,92,97,124,5.07
-42,13.96,23,-5.17,141,-34,-45,19.45,-22,60.6,-12,101,144,82,92,66,88,-25,24,-26,65.96,8.72,139,52.19,47
24.74,66.73,68.76,4.68,32,20.91,8.37,106,-19.02,35.33,19,46,77,49.72,3,-0.63,17.54,-16.28,8.26,122,102,-16,119,-46,-13
39.15,99,49.16,47,72.81,-16,-20.64,-23.32,7.78,54.99,77,-20,58,56,47.16,14.29,-9.84,20.47,8,25.87,94,49.03,86,13.35,89
-18,21,40,30,143,70.39,29.12,115,29,55,111,66,-14.99,36,56.98,65.61,97,26,-26,16,9,82,45.07,36,67.1
41.58,-31,-22,79,112,73.97,6,17,21.96,57,61,116,3.82,72.32,51.93,6,48,-50,146,35,106,-43,79,29,30.65
43,-24.96,-29,118,138,0.52,87,138,7.01,64.12,0.99,8,-37,149,11.42,-24,83,20.8,66,124,45.06,89,148,65.39,29
-37,3.15,-43,64.15,141,-31,70.52,-10,61,98,-27,25,39,113,52,3.34,22,134,5,-8.32,-15,7.33,-5.09,11.79,-47
16.25,-22,27,124,7.76,64,2.59,100,57.36,59.96,20.63,5.51,108,62.32,23.21,32.15,-18,-17.64,31,46.44,138,25,-38,-46,-7
-0.42,-46,25,34,55.96,-11.9,7,76,32,68.62,-20,124,134,77,45,10,110,-5.9,120,128,-16.06,-41,54,-23.7,-24.67
66.35,-7,88,-16.51,8,-6.5,70.76,38.72,83,61.49,-17,-11.8,7,-40,28.88,101,35.51,18.76,4.04,-48,57,106,20.46,50.68,19.46
18,64,35,3,46.78,13.07,28.62,-7.03,51.92,2.37,62,-7.26,104,0.8,-19.26,12.9,-12.77,-36,116,71.8,-17,1.76,-4,-15.47,-27
71,-0.57,2.98,30.94,12.62,45,38,6.89,46.97,4.91,125,52.37,52.61,130,101,60.04,91,97,-16.76,39.53,29.62,148,-25,-13.77,39
45.34,41,124,50.53,46,-38,4.47,-4.31,69.82,83,46.4,5,3.26,25.58,19.82,128,38,-9,22.28,-2.69,118,19,71,129,36.3
-16.19,90,-45,-9,55.79,-29,42,133,-9.31,91,46.77,82,-5,-40,86,-0.61,37,116,6,30,52.39,92,148,130,-8
99,47.25,79,-24.69,-12.71,141,65,122,-23,60.42,17,0.8,45.18,-11.96,88,63,3,-18.81,-24,45.83,-22,55,-40,52.92,-19.04
115,120,39,127,8.57,72.16,68,-24.38,53.67,56.81,128,84,-16.99,113,19.12,69.22,22.65,-39,1,113,-11.62,69.21,18,12.06,31.01
28,4,-45,72,57,15.03,49,73.75,111,127,65.52,4.08,-30,140,-38,15,114,-10,28.11,58.04,93,-10,19.22,36.33,72.15
61.83,-9.08,-8.71,1.44,-6,130,61.83,5.78,-11.6,13.2,-16.96,53.54,23,106,58,84,51,-0.03,29,14.79,72,40,-7.51,-5.02,-9.45
18,-17.21,33.88,60,49.42,-31,104,59,94,29,130,32.96,109,-7.68,67.46,37.8,69,-5.71,33,34.65,125,107,25.39,-12,48
-7.31,85,35.4,-6.58,7.01,39,52.37,133,-39,91,104,12.03,-9.96,18,-10.47,28,66.96,-16.32,57,92,52.55,62.5,56.62,-37,121
14.53,26.47,13,60,123,93,-5,134,96,99,128,-11,-5.94,66,-21,107,49.95,33,51.32,23,64,60.38,-24,29.93,61.23
-6.18,90,111,-0.25,95,77,69.75,15.95,20,11,-33,70,128,61.61,52.51,-13.02,-2,63.41,135,25.5,-40,66,66,31.72,135
60,-5,1,31,53.79,82,35,24,27.23,126,16,18.91,8.68,-7,-50,120,5.36,147,130,-19,-4.22,5.65,0,31,72.96
92,7.52,36.27,54.66,-35,12,99,91,-21.79,102,-28,21.4,64,137,39,33,90,58.89,4,33.32,79,-12.8,52.43,-37,66.45
48.85,-27,48.36,0.36,45.83,-16.85,44,129,113,86,47.12,-7.21,-19.31,-21.08,22.75,58.98,79,64,-6.19,44.39,36.81,49.69,134,-46,68
55,140,142,116,11.71,-39,22,-3,48,12,-3,26,-34,-20.72,20.27,-8.33,16.89,-18,39,62,-1.76,52.84,41.29,32.99,9.4
127,147,-33,-2,32.65,86,-3,15.05,9.79,24.51,102,68,-48,-27,-29,-19,64.07,98,68,115,6.39,132,-35,-4,42.24
-16,1.43,84,-5,121,2.43,99,-20,55,116,-22.41,67.88,32,27,40,56.3,-22.43,78,-19,36.71,-36,68.21,9,140,-18.65
-26,118,20.91,-42,30,51.98,47.04,69.25,64.39,19.05,-8.56,3.76,33,17.29,8.31,13.74,23.13,49.63,3.89,12,28,-6.25,35.2,40.13,-35
-26,4.36,1,29.24,77,10,-24,-5,91,13.92,61.9,46,-32,144,51.46,64.39,101,135,122,20,-22.01,102,-18,51,-11.81
51,-8,-5.85,54,-14.61,53.72,44.2,54.27,84,18.4,8.98,40,-32,0,65,54.79,148,115,35,30.43,12.17,-23,29,55,-12
-16.74,48.86,30.39,38.53,-3,6,31,108,6,21.26,6.56,-5,137,6,103,-5,48,37.47,45,-18,19.82,25.41,-19,138,-48
23.11,7,57,16.78,79,31,25,30,73,7.07,89,38.32,-24.91,19.01,24,51.97,76,-16,-14.42,-37,79,83,42.51,-29,-1.99
61.6,34.26,-38,73,66,12.23,143,146,97,113,27,90,40.21,59.75,70.06,19.82,49.21,-44,73,35.5,30,-19.04,19.52,-21.57,31.15
27.11,110,-12.64,47,83,140,52,5.58,-22.43,92,76,-39,50,-5.58,-17,-29,38.49,0.59,149,44,12,56,127,67,115
38.2,68.86,39.05,63,144,-31,72.11,13,-39,-2,16.14,101,102,2.86,20,-20,41,23.17,-14.99,23,59.05,43.31,54.57,67,45
-27,69.6,39,22,43,104,-22,97,78,54,114,-11.29,137,69.08,114,70.73,70.25,85,64.35,-23,38.88,-9.71,43.41,118,106
17.55,-14,47.77,38.04,-17.21,-1.43,100,-16.63,50.49,34,-4,-44,122,95,66,0.59,118,149,-5,110,137,74.99,56,58,52
20,-3.61,6,68.56,10,64.75,65.72,-18,88,86,83,95,-29,102,-12.95,81,36,19,7.29,144,7,4,52,120,91
44.2,136,19,-31,146,53.15,-50,96,24.91,33.02,42.65,49.09,85,-3,45,136,62.03,78,-9,-22,66.36,-13.91,103,11.7,31.39
-8.69,106,49,71.79,24,-9,51.48,72,63.29,79,116,37.89,7.13,87,-5.96,-31,61.68,33,-43,35.01,-1,-3,-14.02,76,92
25,65.36,98,146,107,53,129,61.44,-24,145,70,-24,74,-20.75,48.99,19,23.71,13,21,26,74,73.94,74,80,64.67
40,32,56.63,118,48,57,16.02,0,-8.16,30.17,-6,39.4,127,-5,89,28,64,142,-16.21,97,65,46.85,58,-21,36.01
133,-10.91,-13.11,28.64,23.71,78,45,-19.58,117,73,97,113,23,57,60,114,-19.22,13,7.53,-39,133,84,-9.43,4,58
-7,22,32.4,26.18,62.47,-6.4,113,0.52,-30,107,57,93,19.98,61,131,83,148,38.33,46,-12.07,128,44,98,62.76,21.45
109,101,37.87,-42,145,88,122,120,-15.2,136,127,1.3,46.38,38,106,103,-20,91,120,68.57,65.16,31.28,84,137,50.41
8.78,3.61,21.87,62.12,-17,145,101,-6.87,-37,-4.37,24,43,58,118,24,32.57,99,62.26,-3,105,18,64,6.94,59.66,-10
27.51,56.23,-8,62,136,42,124,56,25,55.95,17.28,-18.84,-22,-11.12,63.13,16,60.03,40.41,79,9,-43,50,-21,129,50
121,121,142,-11,70.61,39.13,-15.32,127,88,66.09,25.39,-6,45.39,10.23,-5.54,-7,52.32,20.99,100,89,68.61,-2.38,21.67,6.41,58.06
12.04,42,16.24,-45,126,-17.76,70.46,-14.7,31,73,-28,54.2,65.92,92,-45,53.9,31.9,11,27.9,80,68,19,5,-49,37
57.07,72,-27,131,74.07,66.92,73,7,33.24,29,-3.6,-11.61,-47,5,-46,25.89,19.51,-33,-18.96,112,61.81,0,7,-6.53,12
-21.4,-23,-1,-17,123,1.82,57,74.79,-44,42,-19,41.32,1,-19,-38,31.26,66,19.38,71,62,145,-9.17,-31,-7.83,-38
72,-38,112,-14.18,95,16.18,61.56,124,38,-22.62,-17,-11,-14,133,72.47,59.44,11,135,60,9.99,-27,100,74.29,86,43.6
63,10,33.74,32,9.54,-6,-32,43.7,91,35.11,42.61,-4.65,42,3,36,-47,83,-24.18,17,16.37,-24,97,-26,49,-12
1.9,-20.98,69.28,-6,2.23,134,147,-44,9,17.59,143,78,37.78,-9.45,-2,146,21,42.65,51.29,62.77,127,18.51,118,-19.62,52
9.49,25.26,21.62,53.74,41,8,54,17,74.19,41,-8.47,-2,33,59.13,118,83,70.16,139,6.1,34.65,51.96,132,76,50.25,87
145,-15,53,18.71,30.33,50.15,50,32,-11.88,29.63,31,125,27.14,46,76,78,24,-16.27,44,8.28,131,-23.68,5.54,70.17,-16
37,47,17.12,6.23,-1.54,49.6,20.94,67,73.05,17.09,140,38,61.08,47.3,-0.37,-18,16.81,4,-15.59,64.42,60,-20,57.88,37,70
120,-48,69.07,63.82,-29,58.54,121,73.75,132,50,60,44,50.25,64,19,25,2.78,55,8.43,39,100,26.63,-15.35,130,32.28
-16.05,124,4.94,48.67,38.02,21,37,18,35.54,51.45,138,92,87,-22.03,104,21.34,2,21,42,94,35,64,-11.61,-17.84,134
-33,-4,-32,-6,49.56,-8,11,56.69,53.48,33.76,22,55.92,71,31.67,70,132,-49,96,65,-22,113,102,57,60.52,1
52,-11,24.45,88,80,55,91,-10,52.82,97,20.27,-15.97,109,-41,31,-48,-48,-28,68,138,69,-21,25,30.22,13
57.67,25,61,-37,56.33,44,45,-5,-35,6,133,116,10,-39,144,48,11,19.84,130,21.52,67,-8,-8.39,59,131
149,29.73,124,-4.83,56,66,-2.7,53.48,12.07,16.93,22.25,-50,64.11,-38,-1.93,-39,56,84,-31,74.32,-0.57,17.79,31,-20,-42
4.25,14.41,25.14,92,24.7,58,35,11.42,22,-13.94,-18,71.16,2.34,53.24,36.04,19.58,-28,36,5.26,24,116,-32,28.91,60.38,43
108,20.13,-35,-36,35.82,83,-4.88,140,97,73.97,58,134,-10,39.56,-18.68,36,-7.43,66,8,131,11.92,-42,38,16.12,94
121,29.01,7,3.75,-11.14,84,39.69,70.23,48.64,49,33.85,122,-21.35,8,44.57,68.55,-22.79,102,-21.58,36.89,13,38,88,-7.9,118
-14,13.46,44.75,78,65,34.53,-23,55.95,1.49,72.08,72.45,35.82,0.89,111,-5.25,27.18,142,14,6,-3,71.91,59,70.97,94,97
52,-30,15,7.96,117,32.92,149,-33,61.85,45,-39,-2,-29,97,73,40.96,6.05,136,-17,58,22,128,3,56.86,-15
9,77,-32,47.72,66.24,55,4,36.48,118,77,133,84,17.69,33.6,134,-33,109,-19.26,108,1,52,76,-41,27,-2.74
61.52,52.06,102,0.96,42.63,-11.25,14.23,-2.63,-34,-17.47,75,93,72,25.01,32,-10,41.19,-2.07,141,28,6,-43,-7,29,79
47.76,74.26,51,105,77,-13.99,30.7,-39,-2.72,-1,-35,5.4,14,7,4,37.12,-12.32,-4,129,143,65.59,18,35,5,88
126,51.35,63.21,-8.67,25,136,-34,116,16,104,74,33,128,-2.31,89,-4.65,-10,-19,-9.66,87,43,74.7,35.47,60.55,33
61,85,106,51,52.61,15,67.15,-20,-21.78,32.88,144,136,24,49.59,-2.02,36.19,-25,23.04,79,-12.04,68,42,55,44.5,30
53.33,-47,146,38.84,5,45.51,42.81,72.32,-39,56,3,95,2.63,48,0,103,13.55,125,39,127,24,52.98,66.3,2.97,110
35,128,74.29,134,28,89,41.87,124,45,-12,51,20.67,119,66,17.37,67,48,59.18,90,47.24,122,-6,63.2,-14,16.19
18,67.76,13,-49,-4,99,-5,-7,53.52,35,55,4,18.87,41.01,85,52.21,-8.75,58.55,143,66.7,-36,-4.56,44.01,46,68
6,142,70.57,80,44,36.08,46.23,-35,-43,70,-48,-16.14,4.82,13.12,83,34.79,77,-2,49.86,107,26,54.38,145,-4.41,52.46
71.32,-18,125,95,-33,-18.26,57,43.75,136,69.65,76,91,13,81,95,87,24.15,-18.45,-24.69,-1.32,30.42,17.68,-7.1,-36,24
-21.23,-23.53,64.33,-3.05,18.47,98,-9,27.71,62,118,21.62,-25,90,22.19,28,-23.04,29,8.49,10.86,131,55,67,106,30,103
95,101,2.95,8,47,40.63,0,6.18,39,-24,-49,-26,-7.11,34.45,127,30.87,47.11,111,9,5,54.54,15,0,106,-35
-25,6,-17.17,-50,-45,71,59.34,-17,74,-10,128,11,18,-33,16,-3,89,61.23,83,114,26,27,119,145,131
-0.57,-20,149,101,-34,-14.35,-14.81,120,31.16,142,-16,16.1,37,16,39.04,100,78,-16.83,44.85,-46,-33,34.7,-0.13,84,43.39
46.77,-25,89,114,-36,24,63,108,1,55,53.96,-45,99,3.57,-43,-37,53,31.37,94,87,13,139,23.96,120,-32
-30,-6.04,-9.45,28,30.82,-20.8,-46,22,109,124,40.67,2.1,89,-10.83,144,15.36,132,-18,-15.35,39,-10.46,-6,-33,100,-44
113,-2,30.26,11.42,52,146,71,9.88,139,109,68,64.05,14.37,7.08,68,63,37,77,41,100,6,44,58.62,-37,-38
-20,85,-22,-14,-19,34.29,48,35.78,9,-8.13,71,64,40.03,-26,140,27.06,84,85,56.24,50,55.13,145,69.12,83,34.65
-3.3,-28,7,18,41.19,91,89,-6.42,-14,60.23,82,-40,27.85,44.22,46,-10.26,114,102,-13,-18.27,-17,26,73.91,32.68,149
42.12,42,3.03,1.96,38.3,143,8.87,-37,25.08,10.4,15,11.21,134,137,-9.73,65.03,84,-8.02,66,-37,90,70.45,-22.18,13.42,143
120,95,-4,60,124,52.03,-11.19,68.84,122,28.09,38.69,57.84,88,78,1,3,11.76,76,-15.13,28.53,38.98,-21,-37,5.21,14.91
89,139,129,20,66.81,50.16,28.44,120,27,-12.62,32.99,6.61,-24,39,31,25,14.72,-18.23,25.5,63.19,13,129,-5.01,27.98,67
64.42,58.46,148,97,45,-18.73,135,120,121,63,-48,112,-16.72,7,47.53,54,74,59.36,133,20.05,-40,6,-23.01,10.18,6.95
41,22.6,100,119,119,43.1,21.61,-15,-48,15,33,23.61,59,-24.68,98,-0.74,107,70,146,9,29.15,62,-7.51,145,64.52
105,60,-6,21.27,100,5.98,67,58,39,98,-19.78,-19.24,70.91,140,64.92,41,57.21,-9.39,40.76,6.02,114,-33,29,139,85
126,59.12,-13,32.55,4.85,-16,123,-9.91,107,78,-29,36.72,47.88,37,9.19,24.62,121,35.95,-14.63,39,149,14,12.65,42.16,61.31
69,22.23,68,-21.98,141,100,-43,-18.51,25.53,82,95,69,0,10.08,45.98,-25,-30,32.67,40.61,15,47.97,71,71.67,5,-47
11.77,4,144,39.74,47.4,-28,89,9.18,65.04,107,25,72.03,1.31,45.97,47,21.52,3.58,46,109,-27,58,103,57,122,-16.54
63.99,-3.26,17,37.84,25.13,6.51,40,85,56.29,-22,-14,9,34.99,-24,58.29,61,72.6,-15,49,-49,65.71,70.16,28.22,14,99
-2.39,-33,-41,-12,-8,12.18,6,144,5,-43,111,3,26,28,82,47,98,122,60.06,-39,-20.07,15.88,-3.66,44,-38
64,36.92,90,-5.43,53,48,-2,86,7.49,-18.69,45.87,43.66,52,11,-18,27,74,43.41,-12,35.59,-24.22,-17.79,-8.3,70.47,-47
138,33,130,74.4,39.43,143,-24,85,57,129,-46,132,-20,58.46,39.99,68.16,14.02,22,16,47.55,29,21.98,6,0.82,-24.1
65.27,136,28,63,40,-14.8,67.68,39,-5.35,117,-10,-6,-25,29.98,44,33,18.09,-18.59,47.29,31.26,62.16,37.45,22.11,14.68,122
-20,54.72,45.72,69,6,11.34,65.12,19.81,105,50.32,-42,-31,-29,-9,-32,93,6.51,42.73,7.22,63.01,-25,52.03,44.32,20.55,-44
29.19,19,66.29,45.98,74.81,112,15,8.3,-29,10.04,68,45,-19.5,-14.08,80,61,-22,-19.05,-15,-13,-8,1.01,95,2,66.13
-34,23.78,-15.95,47.82,-29,142,-6.97,96,77,-19.08,14,100,13,22.07,-19,105,135,49.13,7,149,71.87,141,-26,133,-19
32,14.27,127,122,-44,-0.04,20.9,74.09,19,-1,-7,17.28,15.3,55,46.59,90,20.9,98,71.95,54.51,45,1,55.67,53.41,7
120,65,19,4,81,12.63,143,13.26,24,-14,88,42,38.46,2.12,45,-14,63,53,-17.45,-31,49.66,-21.88,137,97,33.18
126,71,23.03,-33,17.86,-36,94,40,54,21.08,37.44,39,-5.86,6,-11.05,44,-2,38.62,63.93,132,12.31,142,-44,71.11,122
75,21.57,57,-4.84,-12,37,99,29.64,43.36,112,1.45,16,19.54,15,28.67,11.18,129,19.11,54,-14.46,64,5,40.95,81,47.8
13.96,-27,-3,27.68,28.49,143,-19.21,-13.38,147,52,110,-36,114,131,53,149,-36,31.26,137,-16,77,6.06,55.2,9,71.16
37.55,26,43,32,114,-47,-18,136,103,131,-44,13.01,64,22.73,51.12,21,61.95,16.37,-21,75,20.74,51,16,34,18
59,97,50.59,44,23.35,39.95,27,-19,70.49,-18,36,58.65,17,147,21.07,14.12,-5.11,60.13,-33,-9,-37,68.07,60.74,-18,-22.68
-34,50.92,45.38,28,136,112,65.67,46.99,-6.44,-45,21,68.57,108,58,114,-6,-2,59,6,11,3.73,-25,18.21,20.61,70.11
139,72.68,-16,147,-7,-48,74,56,123,-8.57,37.06,71,51,27.65,78,62.62,83,4.98,-9.93,-22,24.7,131,20.02,64,57
60,98,31,42.39,73,68,-9,-1,27,56,115,96,69.75,23.86,135,46.3,24.2,-34,68,16,11.32,-24,18,76,39
43,-8.62,22.26,112,40.67,31.9,-15,37,115,-46,58,-33,40,16.76,90,-18.53,-33,62.73,-46,133,-4.19,92,-15.96,10,108
57,-14.76,26,148,118,-13.65,-36,-36,52.35,-4.21,-15.7,69.02,122,104,-17.05,69.08,-4,139,5.62,12.52,-36,103,64.87,119,46
63.93,-3,-7.13,-8.64,64,-11.91,27,65,54.33,7,53.34,36,1.41,53,140,-34,53,40.01,81,93,-8,60.04,147,31.42,-29
-10.1,-20,-3,56.23,69,72,106,49.94,14,52.96,-7.81,-9.81,-43,46.02,37.83,34.2,24.43,51.58,63.47,120,-14.12,20,29.2,-44,23.48
10,135,31,15,70,61,145,-30,34.38,11.22,80,-14.66,22,17.91,26.91,-12.05,131,89,27,30.74,28.9,47.16,-17,-21,93
44,-12.65,-6,125,-31,42,62,65,-23,129,-24,58.54,-22.12,-8.35,126,46,16.93,36,81,81,1,142,29.32,47,-29
43,-5.89,21.92,135,35.07,-6,110,-20.96,97,26,-22.69,46,-3,128,-5.75,47.11,18,12,148,41,-24,125,140,104,-38
69.6,-46,2.09,47.65,68.92,38,142,134,55.03,27.57,41,100,101,18,121,35,-46,0,90,40.83,1.06,67.68,86,-15.14,33.11
-34,12.83,146,36.02,11.69,46,122,-24.61,-1.36,62.83,28.79,72.71,119,19.12,67.99,-41,146,-10.76,-32,72,57,-23.7,3.37,18,13
13.14,-21,7.95,124,1.66,33.06,-18,4,72.31,76,11.88,-13,-41,57,133,-39,-6.68,-33,-18.91,107,62.51,-18.46,-47,55,110
61.61,63.76,-30,-36,3.08,119,119,74,134,15,117,63.35,13.46,112,-18,87,-36,135,-1.29,2.47,112,4.38,25,25,48.89
69.96,89,70,51,51,-8,54,97,128,36.3,45.37,142,39,28.45,75,74.21,92,83,73.74,-16,52.09,109,15,140,34.44
40.9,2,65.7,12.69,-15.47,77,-1,39,-44,114,149,77,51.02,149,-22.38,70.36,20.22,39,69.14,-31,-42,60,1,10.23,37.57
47.61,13.32,30,-31,143,-15,89,25,-18.04,45.91,19.63,103,117,28,-38,-14,14.84,32,-11.36,1.65,-19.97,60,-21,41.18,57.28
-5.48,-9.04,88,-6,47,62.09,-8.1,97,118,130,35,51.49,134,48.47,11.38,19,55.72,139,86,42.73,-8.78,104,22,53,19.35
65.55,-7.52,100,-4,87,114,-21.32,56.06,-24.45,-22.36,81,-46,-13.13,18,74.43,-15,113,-13,61,-49,3.95,58,-36,125,68.59
-22.01,107,47,37.88,37.58,26.95,26,41.83,43.96,40.4,58,112,147,-38,96,21,70,148,3.12,8.57,97,136,44,3,31
17.04,73.43,63.38,9.68,-24.67,7.86,120,64.86,29,71,112,60.85,-33,91,91,-10,146,26,149,1.53,-10,32,39.51,52,-5.09
60,23,43.13,-9.72,97,-14.16,25.77,21,-28,85,135,53.1,60.35,47.56,-25,-29,13,115,86,19,-37,15.43,71.03,4.55,16.71
134,36.6,116,138,39,61.86,37,21,4.5,-24,88,31,-12.84,49.76,-20,101,94,87,-23,100,121,-8.55,-13.69,55,87
10,44.16,20,77,57.81,39.46,-22.27,-15.3,95,25.51,57,-23.05,120,141,-29,51.89,-21,-3.78,56,-33,39.13,45,50,40,51.55
-8,103,20,141,-1,54,110,9,-20.8,1,46.79,35,3.04,77,98,-12.5,21.37,140,11,40,-5.14,133,42,82,-5.2
27,1.55,21,15,146,30.21,0.24,128,8,37,-14.21,56,48.69,47,28.18,-38,28.01,-1,68,81,148,-13.85,28,68.66,12.27
100,45.01,6.91,45.78,60,63.6,9.25,132,90,15.89,60.55,52.94,-16.95,85,-50,127,22.88,149,-16,61.86,-22,20,107,0,72.44
98,46.86,95,61.21,-0.13,5.6,52.94,47,73.78,-1,11.15,-2.17,-35,131,77,18,10,116,41,96,-50,-29,79,107,8
-18.63,-6,32.34,97,80,29.2,23,73.72,99,27.77,136,28.87,74.09,73,122,140,79,48,11.05,40,64.85,68,64.41,-30,70.81
140,-20.3,-4,78,68.75,-6,-8,-7.45,30.12,-3.23,60.71,89,49,-5,-36,139,74.51,95,-43,6,11.19,53.32,118,71.79,58.85
-21,11.45,-22.72,-23,107,129,64.2,102,-3.34,53.55,100,53.72,91,61,26,-0.67,-1.53,-15.14,24,75,106,20,4,17.93,19.59
99,7.28,67,64.72,29.81,39,-26,-50,74,139,82,60.16,147,99,10.21,138,43.61,63.17,19,39.48,31.13,-14.61,40.98,14,26.65
42.65,55,30.06,67.46,18.39,19,-21,17.27,-3,-13,1.26,95,-20,-22,105,143,128,30.8,21,7.84,69,-37,30,-13.44,62
65.53,13.26,-12,-45,74.13,23.74,117,34.32,144,-2.44,57.83,64.36,77,3,48,-41,105,-21,38,3,95,69.04,-6.58,6,56
-11.31,-8,17,77,67,51,-41,117,-15.9,82,68.3,28.09,64.52,68,-24.01,-16.19,54,143,27.24,53.58,92,-48,17,112,-45
31.71,18.62,-21.56,34.03,37.75,7,-47,43.31,21,44.85,-17.45,76,-42,-15,40.9,58.76,7,19.95,-22,111,89,40,-4.07,52.69,123
80,-29,-14,44.81,32.86,70,76,47,140,24,-6.41,47.76,32,-1.94,-48,-2.19,80,57,97,125,-10,149,-26,101,19.77
52.85,-4,87,122,47.09,46,22.11,-10.09,119,-44,-6,44.91,20,27,29.67,24.97,33,78,3.73,68.19,30,-5,72.76,67.26,116
-21,39.56,20.69,-14.48,-31,-15,1,-33,71.55,-2,-5,30,69.25,117,79,41,-2,38,98,77,4,134,34.58,-12,-48
106,112,67.68,25.15,32.3,-38,41,17.28,64,-30,-8.09,-40,5,-39,-28,53.64,-19.25,-37,50,-8,104,148,64,10.57,65
32.2,37.86,144,66,59.43,0.01,-8.46,113,1,126,103,-47,-7.33,-15,64,113,39.09,62,54.55,-39,24,-27,46,-7.19,11.76
55.09,115,50.05,-33,102,-10.24,49,-31,67,-8.1,61,144,25.78,120,20,11.17,32.6,7,57.63,84,139,88,33.08,8,12.78
41.37,46.07,62,-15.23,52,25.84,96,94,4.52,-12,-11,-25,51,33,107,42,37,14.87,103,49,-15,-4.66,-13.27,103,35.02
47,-6.02,67.47,-18.62,39.14,36,-17.76,25.85,-4.34,43.4,27.28,62.24,115,41.22,21,-11,59.92,147,-21.37,36.62,-45,71,85,85,131
13.31,73.28,-4.54,-6,22.76,3,53.09,37.38,136,0,46.55,18,26,49.74,46.77,29.25,71.28,5,122,50,64.5,85,1,57.44,139
56,70.02,79,131,27,19.88,114,110,-0.4,23.71,64,-19.5,-37,27.9,49.7,73,-13,63.84,-17.94,-29,89,-22.64,58.4,77,95
48.48,40.47,16,17,-21.79,71.2,-6.1,-13.83,-9.99,8,43,69.84,58.99,-29,19.91,75,97,-18.94,94,149,55,101,114,60,54.16
38,92,-42,59,147,10,42.56,126,74.11,62,108,50.69,74,-12.86,-20.26,94,-5.26,24,58.18,106,60.93,33.39,74,-28,7
37.74,-23.43,4.66,73.03,27.35,-7.17,36.69,-20.13,-4.56,35.37,110,30.42,29.05,91,142,57,78,141,30.05,74.9,99,71,61,-18,-8.13
3.42,-41,-3,21,22.59,121,87,23.1,50.54,-49,-4.03,56.53,-43,15.6,-24,46.93,143,61.58,63,30.66,50,50,2.6,103,48.48
21,-30,43.67,92,1.65,34.86,148,104,138,-12,4.83,-39,74,-13,71.51,43.9,79,78,-39,37.35,59.95,80,115,79,28.28
-14.95,72.74,48,75,4,71.86,-26,40,73.94,102,145,69.66,50,29,44.35,-15,14.72,68,30,-36,103,12,86,121,-2.85
121,128,95,81,27,48,22,-21,24.17,3.94,-29,-4.54,-12.76,76,29.82,63,108,-13.52,65.46,13.11,-46,-34,51.31,-12,-45
55.24,109,-23.35,66.07,-49,3,-13,-35,-2,117,46.83,-22.71,8,105,44,19,89,29,134,94,-12,3,145,63,85
19.49,2.09,54,75,70,121,15.74,121,-30,14,69.75,65,-24,20,39.66,94,18.38,4.59,135,-2,-24.53,115,53.29,31.58,32
102,62,64.94,-14.68,-35,61.29,143,64.96,-46,35.78,34.25,-29,110,73.61,66.1,45,23.77,-14.51,31.58,-12,49,4,89,-8.79,76
57.78,-11,64.11,30.27,85,62.94,146,70.81,7.29,0.15,92,30,-8.08,50.05,-46,-1.73,43,9.33,45.02,22.57,66,27,-3,0.44,67.61
128,-33,86,65,-16,7.7,47.53,-48,59,51,3,111,-20.02,-36,30.04,111,53.88,29,82,-1.23,132,96,-36,70.6,71.94
1,-10.13,149,137,7.61,4.09,9.9,70.64,0.85,67,55,6.28,73.09,73.8,56,-24,2,84,-18,111,-11,148,62,-45,-20
-29,-21.37,-6,64,112,1,-10.24,61.46,63.23,-17,35,102,-16,-27,-23,-8,52.25,-10,65.64,-2,38.35,73,58.48,42.73,-10
-20,-31,-24,31,40,58,15.47,26.89,123,0.17,23,61.42,54,-49,-22,-23.92,99,25,100,1.78,29.75,33,32,-18,85
-8,50,-20.07,128,15,25.44,-5.88,121,50,114,-33,34.07,19,81,-24.46,104,9.91,134,-5.4,-50,-45,73.72,-17,-24.18,138
61,81,32.28,42.47,25.34,10.63,33,-15.24,74,6,64.94,5,64.65,23.02,-23.79,-10.95,-9,42.61,2,-10.86,134,50.31,10,-44,-22
-2.18,-9,7,67.78,102,142,114,133,22,29.17,7.86,25,38,51.64,8,79,-17,-18.84,108,141,16.21,28.38,63.74,43,15.04
-22.19,-29,9.62,4.31,-34,-14.32,49,-27,-39,-3.68,42,110,90,11.83,0,9.92,49,-18,109,-32,-14,-6,74,110,20.68
-12,50.57,8,123,53.26,-17.77,-33,41,50,107,64.93,-37,88,52.26,-29,83,-46,147,-1.85,64.47,10.35,37,-13.26,-48,3
2.62,28.73,-7,148,5.53,134,-50,12.22,51.31,31.17,76,118,144,96,126,-5.32,69.98,44.52,68.39,-14.94,15,118,-32,48.66,-9
29.7,-18.56,-50,37.82,43.25,4.33,92,68,45,15.05,107,-49,7.47,13.82,28.33,-6,2.63,9,122,21.22,8.08,-9.25,62.17,126,-1
126,1,15.88,78,-36,-16,49.23,-4,140,64,44.38,89,3.8,42.45,-21.56,58,56.07,38.13,56,-48,-23.12,44.33,142,-35,47
-0.15,-20.89,20,119,107,-14,0,17.72,48.22,30.54,9.28,148,1.92,-6,77,10,-13.92,48.54,-29,53.58,126,65.89,67,-18,-34
47.18,132,131,45,37.99,-13,96,50,-46,54,12,-43,27,-21.53,-3.17,50.36,67,30,6,136,27,14.2,-3,34.82,69
44,-1.59,32.64,23,29,-49,43,86,-8.1,131,28,19,122,33,138,42,119,-11.13,58.04,141,-3.34,136,16.73,141,11.32
34.53,39.29,75,29,61.82,41,55.39,44.83,18,3,-29,63.75,36.4,137,0.63,5,90,-5.48,138,52,-12,61.19,8.28,115,113
140,-14.08,44,-25,-37,5.46,110,75,-50,140,-50,143,117,-31,-3.39,61,26,91,25.99,-11.29,94,97,14.52,-25,-3
-26,-33,-32,8.5,63.53,5.79,-24.62,51,-44,58.95,23,26.7,-41,16.56,53.67,29,52,70.92,3.75,-15,-3.61,-12.31,107,62,88
77,125,74,-13.06,58,105,129,109,70,46.53,-29,-12.81,72.23,20,47.17,124,53.56,52.3,137,7.13,31,53.38,16.33,14,18.36
132,-47,59,-26,29,-29,28.5,3.89,137,58,62,131,52.49,7.23,147,57.79,-20.64,-9,68.28,64,-15.04,56,1,42.52,-40
-9,148,-10.27,83,113,47.54,77,-17,-45,127,63.02,83,-11.38,62.09,-1.07,41.99,-2.42,38,91,59,71,-46,-21,53,-1.9
114,29,97,-14,-23.17,76,35,109,36.16,72.68,-46,55,-15,-46,-18.21,15.96,-28,9.65,27.44,9.79,31,-22.33,40,4.39,139
49,94,137,98,133,63.46,73.62,8,26,-14,-10,83,52,43.01,60,-8.78,48,29,-9,18,-18,-43,94,-23.31,147
130,21.77,37,15,92,120,46.3,-9,85,17.55,-24,-15.78,5,-10.61,123,-9,32.28,-19,137,52.88,-22.88,62,1.17,9,108
70,-2,-16.75,48.87,1,-46,52,118,-37,121,-42,44,10,99,-24.36,-17.57,90,-27,20.15,67,62,84,141,24.39,107
20.21,64,63,65,64,-15.1,55.24,-19.93,71,47,9,59.83,34,65,61.12,97,-32,-37,22.26,55.21,55,-21.19,-5,65,57
21.54,88,-2.79,-40,21,20,29,-9.78,28,20.08,53.21,126,132,41.39,-10,98,-13.11,54.14,-16.87,39.74,12.55,-11.82,-12.47,-18.66,31.82
72,-29,6.57,41.75,14.31,-4.42,-21.33,-14.64,69.86,53.48,24.58,1.95,132,70.07,-13.78,80,48,63.35,-20,9,129,12.11,-11.2,145,19
-10,4,61.54,31,8.26,24,82,62.91,-9,68.74,-20,32,50.05,15.88,43.01,-26,47,-34,134,100,-34,17.2,43.11,73,26
71.38,20,-21,148,-40,64.77,65.23,79,49.47,-9,21.42,-2,28.34,15,72.8,-4,51,126,45.03,68.92,68.53,-22,-17.2,-9.65,3.67
31,-27,1.1,45.09,-45,12.39,74.54,58.71,135,27.72,66.45,15.94,47.7,56,72.75,-3.29,140,-14,136,68,20,81,74.1,69.32,-9.21
-10,31.3,-29,25.65,90,-43,-41,-8.51,54.7,138,9.9,47.81,-17,64.16,-1.64,56.22,20.74,85,19.59,-8.04,18.53,49,61.25,63.77,-2.74
-28,86,45,27,68.89,45,2.62,149,-47,27,18,16.88,73.07,60,32.47,-8.77,65.67,-15.56,-1,-3,68.03,27,107,2,62
97,134,8,134,148,68.27,95,-37,42.47,36.63,-38,19,14,4.9,121,149,31,96,148,33.43,23,74.33,19.74,5.52,147
48.49,56,0.03,22,78,27.05,111,-19.24,40,65.81,59.46,66.96,74,41.77,39.45,39,-1.78,26.21,19,-8.21,86,12,138,3,-44
32.64,38.65,-5,63.9,86,124,26,104,38.37,67,-46,101,-2.35,118,48,-24,26.82,10.75,16.3,35,-44,-16,83,112,-10
-42,0,53,14.49,94,10.31,-40,26,74.19,35.33,-44,-15,4.36,29.86,149,48.7,22.05,-3,8.51,11.04,21.1,3,144,68,87
39,26,148,47.2,-35,44.23,106,-17.8,49,73.97,-13.32,43.44,63,-16.53,-6.7,-9,61.71,56.77,-4,26,6.19,48,135,42,47.73
60.03,-23,73,86,-15.2,23.38,55.15,60.56,100,111,-44,20.07,-11.26,133,122,13.66,63.36,-46,44.6,17,31.39,-12,-27,71.82,73.49
10.09,14.41,70,102,49.23,-15,38,131,66.05,50,112,130,63,-25,-6.11,136,69.53,139,30,-28,4.74,49.92,85,40.66,22
71.53,7,-31,-6.78,1,-23.08,-3,65,55.54,43,98,135,57.85,88,67.35,-3,34.44,66,27.84,-10,74,-36,57.21,107,35.01
87,-2,1.31,117,5,103,-22.54,39,45,54,9.05,13,54,87,108,105,-23.23,-5.68,18,79,57.3,-31,7,28.42,55
75,66,63,-9,-8,69,-43,58.73,73.76,1.48,-18,-7,10.78,90,42.01,-3.37,39.22,111,72,81,51,-32,52.29,-18,64.63
44,127,-0.43,-1.02,42.66,96,94,-30,-36,-38,142,-47,-34,46,42.99,68.06,60.48,4,55.21,-7.28,87,44,66.34,15,53.13
122,136,80,101,69.24,24,78,122,-26,-7.08,1.49,139,146,3,66,41.58,4,-23.44,99,3.6,72.81,-50,-2,-2.9,83
66.43,96,22.38,62.67,48.31,20.89,39.07,141,26.49,16,-14.38,12.4,120,46.08,-10.21,83,132,47.28,12.99,-21,1,-18.85,5.6,-28,11.33
-3,120,85,37.44,99,2.47,37,108,-37,-22,57.24,121,71.33,42.97,136,-25,56,119,-38,77,92,-21.66,72.96,-21.35,28.56
26.24,-6,65.72,118,-0.58,139,-40,27.26,12.12,121,98,37.49,-21,30,4.67,71.77,-7.04,33.88,91,58.78,147,28.03,34,-21.08,-46
87,7.65,51,-0.48,1,22,68.84,21,22,13,44.21,104,119,97,31.08,44.67,-40,72.21,48.35,49.06,-16,85,45.88,12.47,18.01
41.48,-34,69,-24,63,39.35,-15.98,59,111,99,35.53,-20.36,8,30,-46,-22.67,-11,18.96,56,62.64,-20.88,61,32.62,54.37,-9.75
78,14,-16.43,131,132,34,72,147,2,-22.62,88,2.46,10,13.43,20,-16.34,50,47.96,97,21,38.29,-6.4,65,-2,96
116,-24.86,11,116,57,-50,29,41.92,27.08,-11.88,-10.26,-7,77,30.4,122,16,7,58,57.93,102,70,43.46,52.58,69,31
128,58.14,35.03,-6.89,19,107,-28,6,67,56.22,55.55,0.54,87,32.05,20,121,8.2,116,88,13.69,-43,129,-40,-30,39.86
71,142,-25,36.2,-10.79,142,102,72.22,111,-1.47,73.93,54,-2.71,77,14,107,-6,54.1,23,83,3.43,-0.8,123,-17,-16.45
92,36.92,7.54,6.81,1,121,27.39,72.53,28.84,54,111,18,11.36,37.43,26,127,47.56,121,70.95,31.9,56.13,-8.68,-12.07,53,110
115,-5,-26,-6,-15.24,-13.02,30.73,-31,55,-46,44.32,-31,26.07,81,13,19.64,25.45,146,28.85,32,135,140,52.97,58.16,65.58
37.46,57.43,-40,112,87,30,78,34,22,72,-7,25,-20,46,43.75,5,87,69.83,6.5,45,32,-9,69,-17,71.57
9,20.56,81,-13,65.26,-4.68,-49,71.29,16,104,0.81,-6.2,70.01,66,-13.7,-22.31,76,61.92,46.2,77,-13,54.12,124,143,36.84
4.73,137,24.68,12.52,6,35.29,99,45.11,120,-20,61.23,32,20,-13,134,-17.12,6,81,51.95,141,114,34,11,106,146
21.9,137,35,43.6,136,-50,63,13,48,-11,-13.84,5.67,59,59.59,19.25,78,51.75,-12,14.25,70.8,56.72,-34,125,61.48,26.81
-37,1.38,65,11,-18.49,36,-16,60.41,-34,13.83,54,102,25,3,75,99,2.26,138,5.96,139,9.65,-10.3,-5,131,101
17,117,63.34,56.84,120,-45,94,90,-15.27,44.46,42.56,-28,11,44,74,110,-22.16,19,62.04,73,-36,21.87,13.95,132,-29
129,-11,19.24,-26,17.99,-9.35,-33,4,-36,59.81,-0.87,10,99,141,-10.04,70.46,6.84,88,13.52,-23.48,60.12,68.57,35,-12,149
147,87,-18,19,44.51,0,-46,60.52,88,-8.28,-10.33,-1.99,-8,103,-9.52,101,140,-0.86,22,74.8,-14.96,16,-12,-25,-22.53
-47,60.49,116,121,-7,54,109,-18.72,-7.58,73.99,-31,59.24,22.97,117,82,86,102,-50,116,23.79,50.22,12.5,-28,-28,46.43
39.78,32,20,52.96,-32,73.71,-40,128,12.76,132,-49,79,-3.97,-17.67,104,12,88,113,9,74,61,43.5,12.67,65.85,-42
-9,102,-8.5,42.98,29.16,47.55,-21.71,-35,54,29,-8,46,144,65.51,79,115,-12,113,0.59,138,39.49,113,-25,33.6,18
129,36.35,-23.67,18,17,6.69,23.06,25.6,64.12,60.96,57.57,80,110,127,-24.79,112,-0.01,144,32,-19.23,19,141,-42,10,90
32.09,52.85,137,106,-20,52.28,125,36.42,143,65,80,72.78,-38,11,60.52,-25,130,102,-44,52.99,44.27,71.23,14.62,134,50
45,41,126,64.88,-40,114,35,5.51,13,-1,7,92,-42,-20.48,9.23,82,44,90,63,12,71,3,67,13.2,103
-27,31.41,55.34,-42,24.16,-36,53,-1.43,-36,17.78,132,69.26,4.76,-12.42,132,-14.9,9.56,36.05,-5.2,34.1,18,6.58,-17.3,140,64.48
135,147,9.84,4,-10,19,76,137,145,54,-19,61.51,-2.97,-7,71,-48,46,81,4.71,41,-2,26.61,60.11,40.99,13.08
69,147,-11.18,33,140,18.97,-11.62,19.18,-26,-2,22,131,15.25,13.82,107,67.59,149,133,61,84,21.06,-31,117,38.65,100
30.43,-9.44,6,8.6,20.43,-45,69.2,56.59,106,9,24.24,11,7,0.98,-12.43,110,88,-4,48.8,-40,82,-0.44,78,99,95
-4.82,33,71.82,-7.93,84,28.72,24.57,9,-22.25,-13.15,118,43,45,-3,107,122,59.5,-0.75,16.25,72.31,-39,-9.87,-12.26,31.12,26.23
-20.47,148,30.91,13,-14,2.39,-24.32,78,44,122,-9,44,134,50.88,65.68,69.64,-36,31,35,60,71.33,64,-4.96,120,-33
36,42,142,-13.16,35.02,53,22,71,18,28.36,40.76,123,57.79,11.91,8.18,1,131,123,-15,51.17,5,113,55,42.88,68.61
-12.32,12,35,54.62,-14.51,-13.83,-25,-3,37,142,34.83,144,-17.19,107,48,138,62.21,58.86,24,66.22,-23.92,46,49.76,28,36.32
-24.67,70.48,26,56.08,-46,45.26,133,9,96,9.34,-10,61.99,12,5,60.34,72,43.12,67.06,-49,-12.49,29,8.65,115,-30,10.08
37.37,54.37,139,-5.75,35,123,-16,73.58,92,-23.65,134,72.28,52,50,-1.76,35.55,20,36,-11,31,65.18,29.3,65,43.17,2.45
28.96,-1,-0.21,42,11,-17.04,0.25,115,141,-44,58.14,-18,23.56,54.65,134,37.95,35,24,27,111,-31,-20.92,-7.43,-14,117
130,-42,-18,0,-21.37,64,46,46,38.26,79,33.51,10,71.43,-10,31.74,125,142,-19.09,53.84,31,51,-39,22.99,34.03,143
-42,43.25,28.68,35,53.08,41.99,143,46.3,122,110,6.71,-19.1,48,84,67.63,-20,-7.27,-6.19,-46,-36,-30,106,88,26.37,-11.94
94,136,-30,98,-6.83,33,53,48.72,22,2,-23,47,-5.15,-18.51,-42,43,-12.93,110,-12,-17.5,11.44,46.94,130,16.21,109
-10.88,22.1,55.81,94,5.23,39.39,-5,-41,-32,15,22.01,-6,126,25,39.85,71.34,6.47,18.9,96,148,133,90,-22,-9.08,7.24
53,71.28,11,34.72,105,51.34,50,29.17,2,-12,41.14,63.19,-10.06,-17,64,5.27,53.53,-32,124,49,30.32,40.45,148,-48,8
50.36,33.71,-28,47,42,39.37,35.96,34,-27,45.99,22.32,136,126,57,45,6,51,130,60.88,52.72,25.5,14,-3,38.51,29
30.43,-18,-31,91,-30,-0.78,114,81,62.18,130,-20.6,-11,-4,103,-0.66,93,97,47,29,16.24,43,21.98,67,-32,-35
72.07,138,26.32,15,23.95,48.69,43.31,147,119,105,43,-30,133,40,88,4.68,9.76,-19.01,23,-17.02,62.69,60.61,137,23,38.28
58.2,-1,134,-32,44,12.11,8.35,69,64,-42,-1,69.45,5,47,46,3.29,83,12,114,-25,-1.17,100,14.12,-15.06,34.38
-42,44.18,68,23,90,36,52.54,-44,-14.7,-22.98,117,2.55,6,-1.41,-20.34,-47,33.77,26.48,59,-42,4,149,-21.55,-4.83,30
42.49,1.19,36,3.05,-5,-23,66,142,39,67.81,53,79,27.9,103,51.99,37.9,19.82,118,17,134,27.21,22.59,-16,52,-0.97
64,82,-43,75,-16.81,11.92,129,141,1.3,126,9.32,16.8,-28,142,-38,68,60.71,-44,63.64,75,53,88,13.91,9.41,-15.07
44.67,16,45,-4.12,136,67.88,78,-2,83,146,28.18,-14.5,-22,121,12,45.7,118,9.71,50.62,-7,14,84,129,75,74.1
21,22,51.86,124,26.18,53.65,40.34,114,2,-20,55.97,97,68.15,122,32,52,133,-17.37,20.58,69.43,3,137,41,13,-20
124,67.69,20.74,1.01,97,39,94,97,-6,140,26,-39,-15.86,60,-22,145,114,-2.48,0.69,-5.43,139,31,96,29.74,68.44
-12.04,-18.4,149,61.68,-4.85,-24.86,81,32.09,60.01,-19.53,-23,-46,60.55,56,-11,-19,-24.83,51,-30,73,76,11,74,28.92,59
-17,64.28,103,-3,64,48,-14.16,113,-8.29,53.23,14,55.16,66.86,149,41,149,-24,125,49.25,-44,-32,47,-47,70.31,40.08
30.5,33,-18,114,129,25.39,-17,22,-23,7.64,-10.6,58,-42,6,-9,24,25,112,-12.88,-11.83,53,73,30.78,-32,44.17
-15,13.33,1.09,123,-14.02,1.73,107,-38,144,84,36.98,90,9.59,10.39,56.29,-24,93,134,44,100,-50,73,-16.86,57,43.16
58.11,-43,63.54,13,-10,18.59,37.9,46.25,-49,1,-20.34,18,-9.72,20.49,-9,30.15,-30,-4.21,30.24,133,-12.12,60,20,-18.97,78
5.06,-31,-22,120,46,45.68,39.14,14.24,36.99,49.28,57.53,36.82,7.35,50.33,67,26.84,111,21.36,-33,114,48.75,30,8.65,62,45.32
141,137,1.92,-23.16,1,30.27,16,54.06,-3.56,87,11.7,114,71,87,106,-1,-24.41,-36,-5.47,144,91,44,-37,3,84
99,27.38,15.99,7.46,59.59,44.66,10,52,71,62,71,-5,20,144,70.03,143,-16,148,122,116,70.27,7,19.99,29.79,-10
-7.84,62.76,-6.92,63.32,7,10,-46,-40,137,0,44.64,108,-1.67,74,130,139,-14,-26,20,2.6,139,106,23.57,-13,34
-14.36,61.73,67,19.8,102,30,-13.31,47,13.11,119,-17.23,40.87,8.17,22,74,35.63,-7.78,72.56,90,57.27,103,52,-2,148,40.34
82,16,64.87,49,-50,72.81,140,65.99,9,73.42,-1.25,22,38.59,-46,44,-1,54.97,-39,114,-19,146,2.5,-30,-22,101
-5.72,7,21.89,-32,-47,-24,10.65,86,72,27,4.3,3.92,109,-1,77,-17.34,-14,-18,32,62.07,41,-27,-48,65.34,119
103,-21,-14.73,18.19,-31,142,51.17,-24.93,-22.38,58,2,-2.42,40,6,-33,64,39.48,35,31,47,-1,42.19,-21,-37,25
101,67.93,58,43,-46,25,67.4,33.6,13.46,41,119,90,91,68,-19,33.03,-24.68,44,-0.85,96,51,-11,59,125,19
3.18,5.21,49,49,-47,-29,-37,34.98,69.94,-23,16.85,25,49,7.99,-36,144,-0.33,-41,28,132,141,106,145,137,12
63,60.13,32,-46,-48,63.88,21,-14.6,-12.04,13,-22.58,116,-2.91,34,0.05,42,128,63.13,-22.97,-16,11,47,-15.69,96,57
46.93,76,-40,34.62,145,-37,136,78,17,-16.02,116,-4.25,27.06,-27,54,41.81,23.5,19,13,-18.04,-17.69,-15,58,64.65,-2.27
115,6.36,50,74.92,-42,19,59,16,85,68.99,130,7,34.65,73,38.62,106,28,-38,31.34,131,130,41,23,1,30.91
26.2,14,58,131,-22,24.07,3.58,1,107,-17,0,86,30.04,51.6,-50,92,84,-17,20,14,18.22,-30,40,123,28.09
148,98,115,-40,117,75,104,-24,30.65,-4,57.66,96,86,1.54,55.36,6,99,89,21.07,113,29.1,110,94,-6,74.17
-2,-28,29.33,77,-16.57,-11,-1.98,54,-11.57,-29,108,14.58,54.49,91,70.98,28.92,102,35.88,117,-4.14,-20,78,-5.8,-3,117
-31,-8.19,120,-1.2,84,144,128,41,37,-5,141,35.5,-2,-39,15.93,97,137,-22.54,25.12,8.76,22,113,139,-11.2,110
-9.62,20.16,71.77,0.07,-44,-40,8.46,123,-18,-34,-3.88,40,27,41,73,45,-3.02,-32,0,141,-21.39,-4,138,-17.55,20
50,15.61,8,-17.06,52,0,48.93,12.29,119,-39,-21,-22.1,6,-16,91,67.6,18,6,31.31,22,119,147,104,-21.81,-8.4
17,55.14,32,10,64.24,53.21,56.31,10,149,56.21,-12.87,31.12,82,3.99,86,4.65,39.98,137,19,41,79,28,19,74.3,63.15
-11.62,82,60,126,24.12,8.16,-30,138,101,127,22,3.23,9.2,22,130,-11,32.99,-39,-10.13,67.37,-17.92,114,83,59.6,55
114,-17,78,72,60,41.86,77,108,-22.75,-24.16,-41,25.39,-13.94,23,70,117,3,-26,-7.81,128,120,141,-18,1.12,21.83
113,-10,32.92,145,45.83,22,-41,16,70,-9.25,1,-9,83,45.66,93,103,52.19,22.46,-44,28,105,9,-9,72,105
10,38.18,21.62,46,1.21,16.55,-25,-20.07,30.84,28.63,80,-15,1,80,49,-45,131,0,-17,8.66,11,-25,-9.76,129,-47
72.97,88,50,55,30.91,29.4,34,132,3,132,6.6,-43,19,-36,58,20.33,55.87,149,74.42,2.21,84,-4.47,-23,20,-37
104,48.23,83,20.58,35.46,30.44,133,7,140,17,-18,97,90,52.83,-1.44,129,12,-22.33,-0.37,134,-9.88,-10.1,65,70.36,57.44
104,29,61.29,119,15,-10.73,82,4.98,-7,-4.17,144,117,-8.94,37,-37,-35,72.55,16,18.82,42.88,82,86,30,117,-18
-20,2.87,-8,145,3,-33,-1.23,-7,-30,79,81,17.44,49,-20.2,-11.25,139,53.66,61,-37,6,87,81,-2.52,-10.59,71.77
-9.1,14,30.94,44,-23.92,132,132,-20,101,43,16,148,114,1.82,66,129,27,10.84,60,136,132,5.2,7.93,66.32,147
47.49,72,21.98,117,113,44.67,22.72,45,106,62,28.12,-26,-21.22,-43,124,63.24,0,53.85,-22.34,-5.33,27.98,-34,15.55,44.2,72.46
21,13,134,49.27,68.72,71.41,60.73,82,-34,-23,45.85,89,116,31.29,43,9.88,39,29,73.85,58.27,-7.04,89,51.51,11.34,20.33
68,68.64,105,106,13,37,95,104,43.9,-6.08,0,97,-15.37,88,139,47.75,77,39,16,-7.99,44.98,37.49,-48,9.99,27
71,31.94,54,-44,86,-39,-29,-27,42.07,17,-20,-14.13,19,62.05,74.54,-26,85,15.87,45.36,146,-23,8.76,-42,85,59.63
49,118,-28,-5,-15.06,43,32.94,35.36,72,44,129,11,55.25,56.87,118,-39,-38,-12.67,20,-13,-5.68,118,41,100,30.31
69.75,134,-10.94,59,130,35.1,137,-5,-31,147,-7,29.06,43.78,52,14.55,33.12,8.16,40,51,9.7,12.07,38,15,7.37,-17
88,3,6,-20.37,121,21,15,-27,-19.42,-24.84,-36,95,68,69,95,51,20.72,24,13.26,-9,139,32.87,71,144,-14
60,4,67.02,62,-8.46,142,95,70,-11.47,105,142,82,28.93,93,138,32.77,129,38,72,30.63,25.16,8.98,47.11,91,7
14,12.52,34,-14,53.6,11,59,138,-40,67.34,60.74,-24.32,69,-35,149,57,69.09,125,63.71,21.19,37,64.6,5.58,17.76,44
19.43,-18.9,48,-5.04,26.87,-21.21,138,-49,129,95,47.51,79,15.58,59,72.39,-26,96,130,28,13.78,-11,13.83,-34,126,-31
23.76,134,-49,93,-4.14,-1,-2.05,-8,-7,19,27,-7,16,3.22,12,33.18,57.85,-36,60,85,-46,1.46,106,46,53
85,59.12,14.15,2.73,64,66.84,-44,38,146,103,63.97,28.52,148,11,115,133,86,34.74,25.57,-34,-39,79,50,21.28,69
46.48,-22.19,4.68,33,41,118,47,21.18,130,-19,67.69,16.3,105,104,-14.07,20.03,-39,44.7,2.23,9.07,106,21,2,55,61
-21,25,107,35,-15.23,66,21.02,43.37,5,12.66,148,15,-18.89,17,68.07,-20.22,33.62,21.93,-42,82,-22.94,69.17,53.51,27.58,34.94
83,-38,20,49.22,-40,-7.18,34,142,145,139,13.74,57.61,16,-27,38.36,114,28,31.53,25.19,-2,61.02,-29,45.92,5,40.19
32.48,47,124,91,-7.93,-25,-3.07,62.68,140,84,27.66,84,-11.56,125,27.5,3.05,126,-16.02,119,19,75,-49,57.22,27,126
30.57,101,-9.31,79,-29,29,-9,141,67,-11,-8.02,9.93,16.2,12.47,65,9.74,-1.57,44.99,29.95,-24,85,62,-47,-40,60
58,16.78,-35,-1.8,3.62,136,82,85,6.75,-18,19.67,37.41,-21.24,-45,-3.6,30,72,114,-4,69.26,48,45,71,48.68,48.26
25,46.25,137,44.06,138,35,-34,3.2,31,-37,-19.06,-12,-21.87,85,4,106,-44,-6.04,55.17,67,-24.02,-37,-18,63.73,58
-24.88,145,-49,52,53.32,24,20,-22.6,-17.74,-10.87,66.55,47.48,53,55.9,-17,13.46,-17.2,79,10.79,111,-46,137,42.72,99,-4.96
-36,104,38.96,39.67,60.22,59.66,-13.46,-1,-9,89,7,64.32,121,-22,-22.89,38,-9,-5.72,-8.67,30.69,103,-18.96,33,36.33,48.05
46.32,-1,-8,10,35,19,86,16.78,58.82,50.38,77,100,4.56,90,-9.2,55.32,23,17.23,0,39.81,116,81,130,-6.1,-17
91,36.75,-7.24,-10.37,55.91,37.58,120,108,0,144,0,-2,-12.14,36,121,-50,123,123,-47,87,80,-7.43,-4,-25,87
4,41.51,-12,-27,16,23,-27,-11,64.7,124,19,114,50.84,120,-11,43,23,37,32.17,65,36,107,71,17,59.94
26,50,25.06,61,42.89,-43,148,-0.85,17.67,66,68,142,61,16,146,39,99,51,-11,54.19,22.96,68,33,6.09,34.86
6,80,93,73,-4.61,46.43,24,48,111,60.47,-19.91,63.65,40,-35,66.21,24.04,69,32.38,110,20,0,-26,54.84,51.19,83
-26,-9.01,142,31.15,98,53.76,55.19,62.51,-29,148,-18.63,75,32.9,99,27.66,48,-10.78,21,-18.57,28.23,-16.55,-7.17,-3.46,-13.46,47
16.43,68,54.07,18.61,-13,66.86,69,65,13.43,-15,136,3.3,-12,105,77,59.07,29,-2.78,78,53.54,128,16.83,124,3,21
-41,103,68.78,29.73,106,29,29.51,66.75,-4.16,90,-22.47,-44,91,92,21,71,15.65,5.54,-8.07,113,-27,71.56,-28,131,-50
74.37,120,13.59,-23.42,-3,2,33,-12,115,41.25,0.87,32.25,-7.93,19.25,31.6,31,70.01,81,-23.47,87,104,43,-3,4,137
-50,124,8.1,24,93,114,-1,70.05,7.13,6,12,-30,19.1,108,15.3,102,19.88,46.95,31,-21,5,8,109,64,49.89
90,59,136,112,33.63,1.5,96,89,73,119,24.82,51,-17.18,-23.58,36,105,49.23,95,69.52,40,49.81,73.41,63.7,-48,66
72,118,3.88,19,65.25,-19,13,-1.24,-0.44,-2.28,34,32,77,-6.54,37,63.4,32.55,29,104,-15,4.01,133,-13,-23,-20
104,60,-18,50.76,2.92,-18.93,28.87,23.07,55.98,3,64.01,45.77,62,9,76,-49,26,56,51.35,97,8.27,-30,40.13,54,71.45
2,-2,-17.03,53.58,49.75,4,-49,36.33,-15.48,92,68,-11,24.47,7.48,3,85,36,1.3,58.33,-15.69,39,55.62,51,124,-0.94
48.65,125,31,133,25.63,52.07,-2.08,-41,-20.22,-12,54.67,-26,84,25.24,16.33,22,-29,53,6,55,-11,-9,-13,-16,28
-14.74,-35,120,43.19,-10,62,78,91,145,125,-5.67,3.4,102,-11.77,4.69,142,13.23,-46,51,101,-20,49.9,-44,51,-41
1.82,112,74,53.72,-26,29.52,-41,40,52.67,57.72,-45,34.01,-24,101,23,32,32,-45,42.17,144,47,56,5,33.59,16
43,97,29.73,17.81,51.28,74.56,-1.54,82,55.89,68.53,41.49,46.89,28,9.06,86,-26,111,-36,131,37,15.87,-23.96,140,13.84,40
129,-38,-24.29,73.17,-35,-18,23.68,-35,129,32.5,112,42.25,42.9,-31,27,37,147,142,-18,60.28,148,-28,-13,9,28
143,61.61,36.96,-9,0.85,20,45,-27,32.51,-30,72,-18,50.19,54.67,-8,70.86,90,61,26.12,-31,116,-15.6,47.33,90,2.95
14.95,65.09,38,64.35,12,49.15,24,-20,47.51,117,23.13,-27,140,32,49,73.3,100,47.78,79,22.29,3.91,4.85,-18,-21.91,16.38
-43,44.6,86,94,-25,102,71.57,-14.24,73,-23.02,48.31,10.69,-24,39.72,19.09,105,14.41,-34,26.35,92,-23,82,-0.06,-11,73
67,-6.09,65.81,30.43,6.08,-8.55,110,-16.74,36.78,-7.51,5,-9,20,0,-41,-19.42,93,-23.87,24.67,143,5,-37,53.03,133,83
57,41.7,16,63.23,148,14.3,100,122,47.87,80,-17.54,15,84,-47,-36,42.25,40.71,-14.76,145,54.51,-18.45,86,49,12.55,-23
50.67,-4.82,82,25.9,50,92,131,101,32.77,123,28.48,16.58,31.92,-0.46,-8.71,52.21,75,24.97,2.82,64.1,48,61.11,99,10,33.43
6.58,-24.37,73.28,84,-43,26.84,-16,119,142,61.7,126,32.35,121,12,-0.82,-9,97,44,132,-40,138,52,7,67,105
10.06,95,-11.64,0,89,66.29,133,83,-14,33.07,42.12,90,38.35,54.78,11.84,113,103,83,24,-45,9,15.78,123,128,-31
88,137,49.06,5,110,77,135,127,46.39,6,-31,82,60.6,-13,-46,6,44.33,7.27,35.82,14.14,-5,-22.16,89,93,55.26
17.85,138,8,58.2,-21,129,1.67,70.87,7.45,27.91,92,126,54.94,2,140,41.98,61.37,102,26,-4,96,142,130,-20,41.72
-9.08,-9,29,-11.56,22.9,-45,99,117,15,29.3,48.23,59.32,115,-22.64,0.93,-19.62,59.34,28,135,44,8.1,-6,-37,-8.9,0
116,89,-3,137,34,23.43,54.81,1,33.12,61.86,129,-23.14,48,-13.85,118,129,11.22,49.82,25.75,97,44.57,-4,7,44.86,-9.78
8.72,16.97,-21.75,-47,-17,-25,0.5,57.33,-42,1.45,38.07,-20.11,23,-15.47,52.38,23,72.97,142,9.53,25.09,137,46.27,-24.98,12.58,10.66
-22.6,-42,130,16,54,13,46.33,67.96,29.44,22,15,30.67,-2.68,101,50.17,24,109,-1,-6.6,126,15,31.08,59,-3.28,103
56.25,-24.24,-37,62,1.67,22,39,37,96,33.63,57,12,41,39.58,-4,148,148,146,-4.39,44.62,-25,65,95,95,-15
58,-1.58,107,28.47,105,106,10.81,42,1.02,4.05,14,85,47,-0.47,123,30.35,-39,62.64,-15.89,53.24,-48,75,114,147,-10
149,148,80,-7.59,-4.65,46.47,33,71,-38,117,-21.72,79,-34,13.27,10,55.3,-23.14,111,39,23,-44,-15,68,73,106
31,-16.49,124,33.86,105,41,-48,11.17,51.17,71,12.62,100,68,-40,-32,114,-33,57.12,64,28,46,118,5.41,4.36,0.05
7,41,-35,4,29,110,17.55,62.41,40.97,145,-9,47,-1,-25,-10,41,69.94,-30,-28,-24,-10,101,72,-47,-49
61.07,19.64,107,106,119,86,72,120,5.96,65,42.9,64.53,22,87,122,-1.59,21,8.53,14,61,22,144,127,15.24,-2
63,26,149,128,32.78,60,37,25,67.09,128,-10.42,97,100,-37,18.69,2,-11,9,4,66.2,57,147,23.98,33,38.55
51,70,23,70.12,-20.88,11.76,-1.21,51,52,-25,-11.75,34,7.28,-17.56,40,41.26,-11,30,133,27.09,-21.51,50,-40,56,30.44
-12,137,54.76,-24.25,35.74,69,-14.45,-14.97,47.84,71,-37,84,-12.32,119,3,44.92,24.99,-5,-26,-48,110,74.28,32,-15.76,86
53,38.21,-32,87,78,-44,57.14,48,-9.06,29.5,40.01,34.52,-46,144,9.82,86,53,66,4.09,109,74,29,62,99,61.6
-48,132,46.26,-2.84,54,-2,103,90,112,120,13,-21,7.94,-0.4,96,-14,-15.5,32,61.1,119,14.77,-48,27.21,17.02,31.01
54.55,65,62.02,-12.76,60.04,29,109,34,-13,136,22.86,45.66,50,38,-15.93,71.11,64.63,92,-26,-32,139,88,122,126,41.78
36,33.41,5,-32,106,56.47,53.08,121,46.12,14.99,105,-46,42.46,48,9,67.95,-39,44,-4,25.7,137,36.58,13.93,-13.09,14.27
15.69,64.89,46.79,23.3,12,-32,14.18,10.89,26,99,-47,47.54,2.16,110,62,51.51,149,99,48.63,56.56,82,-1.28,-40,-45,-38
74.49,-13,-35,64.27,39.86,-18.66,108,57,60,4,-10.36,42.76,69,0.36,-13.72,-0.7,46.15,147,-7,89,47.14,4,-12,24.92,57
63.81,-0.15,27.11,11.28,-5,38.45,43.69,14.26,80,60.96,73,38.99,-26,32.59,-29,114,47.37,-8,146,13,-15.46,38.73,13.39,-24,7.99
0.08,9.73,118,137,30.19,145,61,108,142,30,31,40,38.86,-16.47,6.79,-29,92,101,27.07,23,-11,129,-18.24,-23,58.28
-47,18.21,-29,27.16,57,29,5,-41,43.89,-10,55.6,55.05,58.97,117,-30,-42,19,1.43,37,18,131,-21,-11.64,104,67.27
14.57,5,4,38.15,30.8,-48,20.67,136,63.44,-35,99,37,107,50.52,-8,-0.2,35,12.37,56,35.17,3.06,63.22,143,-1,-26
20.82,-20.55,-1.56,58,2.46,15.4,51,7,45.83,132,97,14.61,36,-12,-18.53,86,-19,108,41.9,127,105,35.5,-20,22.48,18.55
139,64.28,-37,100,139,14.74,52.53,37.04,70.13,56,-18.7,77,-10.59,109,-18.76,14.82,123,29.63,136,7.38,-37,135,64,55.13,136
10,11,-7.75,44.98,-4.31,108,42.54,-23.77,68.47,5.02,131,70,104,49,12.86,71,72.33,55.36,74,45.24,-24.9,65.53,-12,-10.85,63.93
19,3.18,41,5,-28,-12.76,28.66,-47,56.15,51.53,80,120,32.61,-24.58,-19,54,26,83,59.75,51.92,132,32,25.93,55.02,38
66.17,126,45.73,-20.17,49,34,70,102,103,69.52,28.19,8,89,-20,64,65,-20.25,34.86,0.51,-24,142,20.63,51.74,71.47,-29
15,91,114,0,63,28.87,28,59.02,46.01,69.57,70.72,11,-2,53.91,-31,-40,-24,37.84,46,0,0,18.66,25,48,124
39.67,93,-2.48,53.4,-13,52.31,6.5,51.51,-18,32,106,125,37.51,56.36,46.89,-3,24.66,-14.41,-37,71.45,109,52.44,-45,22.38,126
24.03,68.54,126,36.16,35.62,-7,29,-49,-3.41,99,72,25.73,126,22,-9.86,137,80,-5,-3,-18.25,10,-13.8,56,56.33,23.02
57,-42,56.4,35,102,47,-46,-1.18,67.53,12.14,25,54.67,52.86,93,52.03,3.28,126,107,-7,36.3,-9.31,18.29,23,128,-42
-35,56.66,-7.55,9,48.15,57.04,0,13.67,-1,54,21,-10.16,26.83,-22.8,-5,30,122,37,56.49,121,74,33.65,109,38.56,51.69
109,8.58,50,125,-11,102,5.88,-16,-23,32,73.57,66,-38,61.13,17,63,33,14.26,31.78,40.05,-45,36,119,108,28.39
88,131,5,34.47,87,28.98,88,-4.33,63,43,41.91,9.9,62,-19.06,24,62,92,-32,-6,69,109,137,-0.2,60.48,39
5.43,-27,114,99,-16,40.6,39.04,27.83,11.3,2,24,-4,18,139,-18.48,45,33,119,40,-17.97,102,111,100,4.21,-22
62.87,-43,-22.65,98,1,-21,7,102,54,-11.3,-12.66,-2,40,0,-0.94,21.26,-23,15,-11.27,-47,57.69,104,54,146,45.02
147,59,19,-17.83,-10.52,-41,9.21,94,11.68,-10.15,22.05,-41,-14,38,81,109,113,148,103,-4,22.86,56,73.67,-3.06,71.24
60,107,74.8,-16.64,2,1,54.4,63,28,-20.35,-28,-20,13.45,-5.91,118,124,76,7.06,-22.74,-36,32.93,16.24,6.71,-20.27,-23
56,123,47.81,6.87,48.52,32.52,-16,15.13,41,113,69,52,3.27,23.1,16,107,-24,32,9,116,-48,-37,-28,-19.32,-9
43.6,20.59,-2.23,-5,51.73,48,21,-10,11.55,103,66.43,1.38,67,52.62,40.88,26.37,80,135,74.98,86,-15.91,106,29,-23,-4
-24,-26,39.98,-44,22.8,46.04,-8,83,47,4,-16,87,22,74.74,24.43,25,91,64.41,-14.32,52,26.23,42,-48,106,3
63.17,7,-7,22,-39,-14,-14,0,-18,54,101,105,103,61,14,44,96,147,-15.65,26.9,117,57.36,-10,-26,10.41
17,9.33,-12.51,-30,78,63.22,61.22,138,65,117,24.68,142,10.09,123,17,46,-16.55,84,-10.92,59.95,64,-8.14,128,23.24,-5.85
2.99,16.21,127,9.4,115,55,61,4,16.55,28,41.7,85,116,24,93,16,66,50,97,137,141,22,22,-33,-2
49.97,18,61.58,8.17,99,-0.35,72,61.5,143,-31,12.47,126,10.74,93,109,40.43,58.28,88,59.53,35.63,28,90,32.33,124,31
73,69.28,112,77,56.36,136,-14.5,24,109,28,54,51,-10.2,11,93,-39,136,-26,102,56.5,82,36.64,74.03,-2,37.4
4.86,-26,122,2,60.96,56.32,35,68.72,-13.17,10,100,13.45,147,60.72,120,51.53,48,8.57,93,88,-49,66.23,-2.59,61,27
37.26,115,25.61,7.31,93,58.45,-8,-49,55.49,7,-29,56,71.01,33,20.2,-6.33,66.37,4.66,98,20.82,126,-34,61,70.93,25
19.23,67.95,39.1,59.26,129,84,-10,148,70.79,71,15,-29,140,45.99,46.14,25,15,-1.56,-14,-13.4,-16,45,64.78,-11,-17
-5,24,-3.43,71.21,24,12.92,-38,40.88,68.93,58,3.75,-5.31,-14.21,0.51,38.77,83,8,-18,15,8.31,89,32.44,-7.67,63,22.24
137,111,50.1,111,-6,60,-9,6,-12,73.65,146,-40,-9.43,81,14.67,16.75,56,54.04,33.75,-12,17,27.49,43,-7.11,-15
131,-42,53,47,2,-5,30.57,123,12.93,108,117,42.93,2.18,0.15,41,-47,58,-20,26.71,16,22.97,134,24.83,39.55,49.32
-1,137,78,76,19,-14,-41,34.55,110,-45,-16,-33,12,-29,18,99,124,16.74,109,40,39.04,13.44,82,147,-14.21
22.11,16.53,19.5,29,9.14,7.53,11.74,97,32,97,-6,-12.84,4,-0.88,69.73,4,18.6,114,81,56,91,109,32.93,8.04,50.27
54,14,43.56,-20,101,149,18,21,-49,6,142,93,101,28,36.49,18.7,66,-23.91,87,46.32,95,130,-6,122,5.4
25.49,62,14.57,10,10.55,43,54.28,17,1.23,-28,15.66,-17,57.02,-46,30.89,67.68,26,70.86,-41,64,-26,22.37,56.12,54,-4.38
39,101,-25,-48,120,29,-35,-12.68,59,108,99,-33,-13,-35,95,61.48,4.54,20.39,5.45,-19,-32,139,28,112,21.2
-0.84,-9,136,-43,-4,18.86,63,73,38.19,12,63,55.64,59.92,73,28.57,46,90,19,45.07,70.97,116,140,17,71.19,102
48,34,39.73,-46,90,49,53.66,-36,24,4,-7,60,101,32.51,58,116,-34,23.49,117,1,46,122,33.04,59,7
88,-33,82,66.07,143,17,-21.3,-6,53.79,-19.01,-44,47.45,-23,58.63,88,98,-6.1,71.58,-39,55.6,54,27.13,137,147,33.22
-45,67,134,74,-10.8,-24.42,35,53,106,50.32,129,-30,-14,-8.48,22,17,126,58.11,2,91,-43,-29,-18.51,48,-8.88
11,91,46,-27,-22.25,51,40.87,53.84,41,115,40.37,23,85,4,39.98,16,23.76,12,111,26.22,84,17,27.12,0,41.76
111,38.85,51.52,125,4,17.54,50,-13.47,53.99,97,-5.02,-20.44,-23.91,107,80,68.01,5,63,4.3,-18,-40,-42,12,-21.84,-1.76
9.52,41.37,145,16.74,30.74,146,34.1,-43,5.18,62.46,-34,66,32,37,83,-12.87,66.94,45.98,-24.34,-35,55.83,8,23,-15,68.61
69.45,50,9,4.71,-17,14,52,95,17,-32,53.4,118,46,23.77,10,36.81,42.4,132,8,79,23.59,15,65.5,28.56,71.03
-43,140,145,34.5,147,-44,-2.78,122,18.66,22.27,-16,81,13.91,-5.47,68,-29,-38,29.21,67,136,-13,29.33,-49,74,63
-24.3,32.29,-30,52,-6.55,147,12,16,76,87,0,2.14,-7.65,-48,-26,49,-6,104,140,57.8,94,142,-16,23,0.42
-3,94,26,36.6,84,34.48,70.28,-17,5.62,23,16.11,123,-5.04,66.77,-11,2.93,80,73,89,90,19,61,3,-24.61,5
16,108,36,62.99,147,-6,34,-21,123,41.46,124,62.02,44,45.36,57,48.29,-12.97,6,-12,39.69,14,6,34.87,21.21,73
3.34,113,79,101,-43,-6.77,27,84,66,113,38.33,40.89,-3.06,-8.23,-50,-31,141,46,71.38,62,34,110,43.49,30,17.4
71.86,91,1,51,76,27,140,54.69,128,102,71.48,55,131,0.66,29,21,89,108,144,54.53,135,50.69,74,-30,0
2.36,17.05,78,-31,83,127,58,-24,19.58,28,-21.46,79,-3.66,15,-48,48,100,134,-13.13,86,14.96,49,37.84,115,81
61.65,15.64,85,62,61.8,70.91,-1,38,12.11,31,70,92,-7.14,74.96,-45,59,10.29,-49,70.59,95,60.13,30.94,46.52,59,60
29.82,2,-11.86,122,-9.79,59.98,36.17,12,-35,-23,33.24,146,-31,136,55.09,137,6,74,8.33,-11,59.01,-19,125,117,-17.67
-8.67,99,-17.83,-7.25,70.31,-46,146,-13.66,42.67,149,140,51,127,36,45.13,-3,-13.9,105,-9.71,4,146,112,109,-45,-37
60.93,65,139,-13,-11,63.58,149,-45,-37,-44,37.96,78,-49,116,52.76,54,136,137,14.26,-13,33,-14,146,53.96,16
-18,63.48,84,72.09,148,-43,18.21,23,63,73,24.46,132,40.06,-46,69.43,-5,36,120,-18,40.57,-13.94,62.67,141,39,37
-23,48.65,17.36,121,86,-13,-32,-23.83,22.01,108,49.68,134,-17.59,55.15,85,105,-43,55.06,-17.06,69.65,43,-12.09,-4.44,71,99
-33,129,132,40,49,99,6.31,119,-16,94,41.14,75,28.55,-8,9.85,54,119,124,55.2,-15,34,45.13,104,54,20
34.27,-24,16.28,13,72.07,106,65.95,63,42,-14,-33,139,13.1,53,12,22.57,15.51,82,-2,-35,30,-14,78,115,47.14
61.12,114,139,-29,-37,-38,2.55,63.04,124,15,16.22,30,135,-11,130,25.1,-46,39,-33,-18,41.67,23.53,143,33.81,21.38
-21.82,32.42,-47,25.43,26,5.64,34.72,64.01,5.68,-12.36,28,53.4,31.63,54,-41,98,53.99,-20,61.93,84,60.96,7,-45,-37,-38
27.13,-10,95,125,121,50,50,73,-9,15.61,6.03,82,104,-39,112,25,-17.96,-23,21,61.33,20,88,-40,-5.54,-4.2
141,-3.48,8,42,48,63.42,134,39,140,123,21,128,-10.84,50.51,147,68.81,98,75,54.53,39,-28,105,43,50,8.11
100,53.69,-4,-6.31,146,143,66.38,62.05,34.1,35.31,14,32.16,-19,9,64.29,-42,57,0.81,95,-10.78,-40,-4.82,111,46,-14
0.79,50.1,12,110,-11,28,22,-38,33.33,87,-15,4.9,-1,36,8.29,56,-36,-11.34,114,-6.89,141,105,25.75,-44,14.44
-24.21,-40,53.81,-5,105,34,-2.84,64,23,0.52,-20.91,-2,88,35.29,62.17,58.57,0.3,-12.25,37.11,27,58,-19.79,7.89,48,62
13.29,54.4,31,-25,-11.65,-48,54,127,53.76,10,-39,142,54,69.1,133,12.91,-7,16.66,148,14.9,41.84,34,51.49,26.93,118
52.75,44,48.78,-5,109,54,46,-2,16.82,-10,-9.19,18.02,69,13.36,140,44.22,26,135,-24.37,102,99,74.67,14,110,61
59.51,42,-16,70,71,67,18.25,21,11,-30,2,58.62,39.77,-1.48,47.13,10.04,129,138,122,36,56,19.75,41,-10.77,20
4.4,17,-30,120,54,29.29,45.81,67,101,56.42,48,1.48,114,-41,33,39,39,-7,61,58.54,14.26,109,-31,-6.76,44
-20.11,115,139,6.53,56.98,34,-9.96,85,71.48,69.39,11,60,70.83,28.47,-1,133,50,84,-15,48.85,-21,-14,-39,69,34
-44,-44,124,-7.91,-17.59,23.51,135,43,-17,-21.74,-1.51,13.92,-21.41,60,-40,-23,-21,1.31,17,136,45,81,143,63.46,33.54
94,9.27,-7.72,72,129,-18.66,12,22,102,51.8,132,23.05,52.1,38,91,18,84,54.4,-2.32,123,33,-1,55.42,138,-48
-43,-35,37.48,129,-13.56,32.17,110,42,56.49,40.29,72.46,22,94,68.13,38.55,26,11.04,47,-21.2,46,-34,10.23,22,39.93,-50
30.94,55.15,-33,13.55,39.51,6.84,101,78,-7,17.03,-19,23.23,9.6,133,1,29,32,43,14.53,149,115,47.39,8.81,69,14
-16.86,36.1,44.35,68.7,99,139,-30,29,-17.57,64.42,53.68,97,6.35,19.21,27,-23.85,-20,-47,27,23,21.48,-49,31.16,47.9,106
67.38,68,-3,-50,5,47.69,41,44.73,58.26,147,-2.12,-2.56,-4.05,-6,124,28.18,-19,-20.52,47,49,102,107,-7.34,-16.73,-10.09
138,-9,54.57,10.06,-25,26.07,72.74,9.72,135,92,-24,65,96,-21,29,75,13,16.05,104,20,141,-19,-47,68.65,139
82,61.28,58.73,48,49,136,-17.23,-19.49,102,14.07,-42,-14.35,-0.23,-3.35,114,135,93,-8.76,1.29,34,29.99,-22.2,-1.33,69,-24.92
86,3.48,60,144,4,37.18,100,-20.92,-41,57.4,-40,-0.31,26,-16.66,-42,8,8,-15.98,126,4.43,-13,34.62,82,-18.51,-41
31.03,66.66,126,-17.08,136,12.35,61.84,51.38,10.2,9,31,45,-8.04,93,3,66,47,106,19.39,12,74.22,71,67.36,64.01,7
-15,-4.87,120,63,8,22,-18.86,-6.29,49.64,91,55,76,-20.15,27.1,131,-1,-6.2,-20.24,102,-28,16.2,-4,45.78,40,115
148,37,70,12.71,118,22.08,30.34,-18,-38,36,13.05,130,140,126,32,53,-20.42,-13,77,43.34,63,4.4,79,78,-15.16
-9.96,85,20,2,87,-37,132,-32,-22,45,36.05,149,57,-20,91,138,-21.86,51.53,35.53,25.45,81,106,-29,16,60.15
101,33,99,60.51,91,62.87,97,-27,-22.04,99,10.54,146,59.68,42.34,-15,105,14.87,76,-44,132,-6,7.69,23,7,92
132,-2.76,88,-23.26,144,-41,104,69,25.64,56.51,-31,5.02,69.93,22.77,128,52,58,57,-7,55.66,57.02,91,55.04,-11.99,23.23
5.63,134,12.35,18,58,-11.17,-22.76,-36,-19,-2,25,124,25.32,-15.31,101,-25,3.01,71,2,-26,133,-21.97,58.54,-20,41.91
-0.81,131,70,64,52,-1.97,-43,27.37,41.43,95,87,55.92,119,-12,147,66,-15,62.65,7.32,-42,109,127,64.88,13,108
22,125,-1.69,63,-19.61,68.44,55.86,-4,65.08,51,-11.77,66,96,-7.79,-38,-24.35,74.09,10,-25,123,-1.88,-24.97,143,126,58
119,39,88,50.71,14.83,27.09,91,32.92,60.35,43,-27,-7.26,-12.45,-12,46,17.23,39.38,114,24.38,137,63,43,30,134,143
33,-22.49,69.76,-4.73,40.73,75,-24.47,50.3,-19,18.36,-21.42,120,0,-43,-24.31,22.81,-42,92,148,18,21.18,-12.69,3.07,89,48.59
11.23,33.78,-3.05,128,29.52,39.98,27,-23.49,124,-26,67,18.95,60,19,109,143,6,65,-19.19,52.38,-38,17,-3,67,5
46.08,65.18,24,77,60,132,16.62,59,58.78,-5.56,13,-33,109,-5,-45,134,117,50.32,45.65,-4.73,4.59,13.09,20.51,54.41,95
4.81,54.73,107,21,-3.72,11.01,-8.02,49,149,-13.23,3.26,-1.11,125,41.48,20.27,23.88,25,37,109,36,-3.53,-0.48,5,42.28,80
31.76,-6.29,76,105,26.68,73,-15.72,108,40.96,68.96,-2,54.04,-11,82,-35,102,100,122,66,96,-10.91,7.2,-13,136,29.77
40.95,126,16,-23.36,53,32,38.2,-4,17,108,86,1,27,125,67.42,-40,-5.84,74.71,127,54.61,67,38,-39,30,26
47,-10.94,-4.46,13,46.51,112,-6.89,18.95,-17.38,-43,62.42,3.49,8.73,42.29,4.61,12,-36,-23,76,-19.99,111,-11.21,-36,-49,66.25
144,-22,101,109,143,40.81,141,-2.21,21,-15,132,49,110,123,37,74,61.99,64,63,127,98,66,89,53.23,74.23
56.96,-20.27,133,54.32,10.54,120,105,134,55.47,52,61,-12,-10,145,89,20.37,-10.07,27.9,70.23,131,-24.65,44.41,59.28,63,-5.14
54.17,-21.88,-20,6.31,-0.49,147,-46,10.84,67,13.81,-40,79,148,17,-29,145,-17.4,46.79,-5,20.64,-39,47,-8.07,-10.98,8
11.87,55.25,89,-44,-18.17,24,64,132,19.95,76,14,48,31,44.83,-11.5,-50,7,-47,3.02,49,69.64,-32,40,32.05,-2
53.53,60.42,7.88,71,132,52.82,100,25,-7.65,70,6,30.24,-22.27,101,75,53,9,-19,83,66.74,-42,38,45.11,59,29
81,116,108,60,-13,17.39,27,65.55,22.92,67.06,-8,107,68.31,31,89,49.27,75,-25,45.62,141,103,-6.25,3.09,127,18.4
-14,62.94,12,-2.59,-44,38.19,16,30.35,32.61,-17.16,-38,-6,53.55,53,70.92,-45,108,34.25,-18,-17.49,-15.77,92,-40,-39,-45
19,-46,146,9.62,-12,21.17,70.66,96,28.95,101,57,64.3,71,53,41.91,44,21.1,-35,24,22,38.68,42.57,-13.57,118,54
2.7,25,9.69,-4,-19,-18.22,54,20,31,144,-13,139,65.52,55,85,-12,-47,87,-25,41,40.93,66.9,138,5.87,104
24,51.3,74,-5,67.68,-24.62,39.3,147,92,-15.61,48,67,124,40,74.96,75,-20.47,53.61,48.92,-50,-26,60.78,0,2.44,71.57
6,21,31,136,-6,-49,35.56,-36,34.41,-40,4.43,-20.7,2,15,-24.42,40.13,144,5.44,20,59.72,-9.64,-4.55,35.12,111,46.88
110,-10.76,15,-49,18.77,12.21,-1.86,-23,38,-35,54,55.14,32,30.61,-12,-1,66.7,45.64,-16.81,20,132,-38,135,15,0.97
16.75,95,72,42.85,47,136,-21.94,81,8,117,136,119,78,38,-2.24,21,137,19,-35,109,36,31.04,26.59,84,61.96
33,52.96,47.8,71,133,25,-50,12,7,30,104,39,68.97,42,53,47.08,121,-5,81,-22,-8.6,66.13,111,54.3,67
91,41.22,-31,16,105,2,12.62,73.68,-33,23.34,129,9.36,107,6.62,50.69,145,54.08,61.15,52,5,-7.57,132,26,72.37,144
115,84,39,-17.21,106,73.73,19.53,95,-6.46,-8.14,-25,-5,50.63,3,20.89,15,20,-1,70.72,0,123,47.15,27,72,144
-15.88,105,145,40,127,58.94,119,144,136,32.34,29.03,57,-11,-27,-3,22.49,73.08,58,18.81,-45,43,46,135,32,70
88,-15,77,69,61,31,43.34,-13,-30,58.12,11.87,1.92,-39,7.94,2.9,29.51,56,31,98,36,63.39,-32,32.85,50,37
77,-10,27.85,108,16,147,-26,21.63,144,-5.61,-46,43.59,146,42,-3,86,38,-3.59,43.65,48.45,65.43,27.4,32,-46,28.35
-5.56,44.06,19,-25,27,-12.14,137,-16.89,10.73,92,59.16,-17,61.27,-17,56.6,51,-21,19.46,66,122,127,-8,-19,16,35.28
60.32,63.92,-37,73,-48,65.77,30.37,0,-19,36.1,-18,68,79,29,-12.98,47.31,41,103,30.95,60,54.28,-8.35,17,-30,5.17
106,-19,16,29,-23,85,25,-8.93,23.82,27,-47,-46,78,16.03,-11.1,66,38.81,6,-4,37,56,20.6,-24,50,-29
73,22.18,61,87,-2,18.94,66.25,30,-4,4,-27,54.91,84,-22,26.07,116,123,110,14.64,20.97,-17,52,25,82,47.83
70.54,0.11,70.23,-9,37.28,-5,149,33,111,29.84,-39,43.29,-13.77,147,45.35,2.05,28,7.02,43.52,-24,20.58,-2.86,-27,-48,3
-15.81,19.79,16,40.24,-19.18,3,53,69.09,73.37,-17.06,-48,53.77,49,126,46,46.61,48,103,48.34,-0.01,57.16,61,22.93,54,46
67.56,141,22.88,4.44,19,5,114,-2.7,25,69.49,-34,115,101,118,67,20.69,48.65,131,116,61.25,121,17,109,20,67
40.21,50,73,131,33.82,-25,-17,32.43,8,-24.52,36.65,-23.68,54.55,20,76,44.48,138,35.02,53.81,107,-9.23,7,116,51.05,-18.15
27,4,3.78,-24.85,-14.89,93,-20,28.81,32.58,-21.95,73.07,102,-0.56,106,18,-50,13.67,20,-48,-3,56.7,141,-7.92,-4.06,62
75,-13,143,38,71,15.52,-37,96,42.49,45.43,23,25.85,43,-23.95,39.7,59.34,54,2,15,-17.05,38,-15,60.43,32.01,126
17.65,73.96,95,46.46,110,64,7,6.19,-3,35.26,74.14,8.54,14.04,68.32,22.19,22.2,3.74,22,107,38,-19,21,74,-2,103
72,41,-22.64,122,29,104,52,119,128,93,63.94,-0.43,-32,42.07,-5,5,70,-23.36,49,134,59.55,108,145,15.74,79
137,-27,29,74,-24.76,28.68,89,8,14.01,24,-48,27.14,42.41,-18.08,130,112,-17.13,143,52.73,-15.77,-15,18.82,-17.4,-43,111
67.94,39,30.88,-50,128,-45,139,-20.22,143,91,148,101,87,-6.76,35.72,20.36,70.18,47,7.84,-5,28,-18,-22.52,131,10.95
-16,28.77,-2.1,51.61,144,62,68.99,-35,52,108,125,-43,113,-26,21,-45,117,65,68,-10,-10,17,42.94,89,-23.81
31,103,48,45.47,5,71.19,29.92,49.45,-37,-16.42,107,141,16.48,-7.12,5,-18,138,11,72.01,17.63,89,-4,69,-24.56,114
83,143,33,77,81,-9.37,133,4,17,24,46,83,100,39.52,7.07,117,17.42,109,-8.36,39,31.73,-14,-41,25.35,50
1,-49,97,83,-23.1,61.57,115,3.7,27,65.73,17.44,-22.21,2.35,-22,68.23,-31,23.1,41,46.56,-9,44.09,16,67.67,101,71.63
-0.35,36.97,45,0,21.82,87,121,2,126,25.48,80,52.13,126,25,22,125,-20.27,117,26.13,-13,-48,139,24,19.39,-41
11.26,-14.62,46.16,67,12,-13.64,9.51,82,115,46.26,111,-33,-36,103,-48,1.69,16.16,23.99,71.2,50.63,116,-38,35,26.94,-21.7
91,37.76,-21,45.46,6,32.54,68,58.37,-16.5,98,17.41,-16.41,-15.48,123,28.07,63.79,125,33.5,145,6,-23,56,69.83,15,32
-39,29,27,78,43.89,116,111,137,68,66,107,-15.52,-5.02,98,17,38.19,75,91,0,-12.45,-8,-20.72,46,15,68.26
103,-43,-2.78,63,-30,-20,67,30.04,-30,-28,38,-24.24,29,-16.63,144,16.53,-44,96,51,5,-8.29,-4,17.11,4,-36
66.66,34.54,14.72,-20.8,1.65,51,25,12.1,-24.27,43.17,50.23,135,59.06,126,-2.35,-22,-17,25.58,-35,61.15,-0.9,64.43,56,139,-10.4
107,29.55,117,31,-38,39.3,-26,41,34.43,145,117,144,20,-15,37.38,-32,97,83,-20.06,102,38.41,68,111,22.01,59
18.37,127,73.62,47.47,86,100,-2,88,9.02,49.77,109,46,-15,137,30.06,118,34,98,89,4,12,67.23,36,58.6,-10.18
54.09,41.65,25,117,146,53,-39,143,-12,-12.8,48.44,104,-44,74.4,56.6,104,3.83,148,-13.32,67,41,31.25,-48,60.31,-18.41
-50,-15.09,146,-16,-22.77,-38,128,25.98,25.62,7,12.3,146,82,-30,69.26,47.44,64,45.25,123,19.32,40,70,-10,-16,-17.81
118,-5.72,122,71.06,-45,-41,20.63,62.3,-18,-5.71,52.51,42,18.4,51.76,-42,59.22,47,115,140,24.45,76,65,-11,86,20
71,41.45,100,114,-36,8.51,123,144,32.02,126,13.25,41.28,142,37.58,70,84,45.26,-22,106,48.45,-24.05,-21.14,138,-13.51,143
26,39,29,57,16.15,5.03,-3,-22.09,50.92,15,-7,-2.35,-10.86,118,9,115,85,139,29,144,72,41.67,89,141,16.52
81,73,-5.05,141,53.38,36,40.56,-39,-9.29,-16,-24,12,2.5,37.92,76,-13.8,46.76,-22.2,41.51,-12,111,57.61,69.83,131,69.58
-18.72,13.74,88,23.02,-24.95,-4.88,-49,66.55,-0.31,-2.75,9.31,66.21,-23.54,-19,54.67,113,19,33.96,7,66,16.07,64,86,-5.83,104
30.88,21.83,5.67,149,130,12.34,13,106,63.94,91,107,48.08,-21.15,35.35,133,22,2,52,-3,-1,72.76,55,68.84,5,-24
123,12,6.1,43,-2,9,-39,42,123,45.17,57.34,39.71,-22.5,118,17.9,114,32,116,97,75,43,66,124,-44,-10.17
-5,-22.93,37,109,22,107,-37,36.36,73.6,5.23,75,-7.53,49.53,-12,12.3,8,-0.7,-17,51.85,-24.22,-13,13,8,61,24
-13.2,40.33,30.66,123,-22.3,40.2,49.29,-11.07,125,25,-22.02,33,131,62.86,29,79,25.67,87,72.92,9.56,16.5,34.69,5,64,70
59.78,89,60,-45,-10.01,103,32,16.13,72.3,-12.79,4.96,36.46,9.76,95,34.38,-18.58,46,132,101,-8.08,-3.63,107,22,-7,-30
84,27,148,25,64,27.53,34.48,49.43,9,5.9,128,72,18,45.2,-15.34,38,141,-24.2,127,142,-41,39.26,9,100,24.64
-22,17.49,81,0,27,-16,2,3,31,8.24,-13,-11,-39,43,-31,30.48,30.11,93,25.8,32.77,65.99,25.43,14,131,20.05
-4.07,6.09,45.71,28.18,41.67,3,12,-41,126,67.2,35.03,35,23,33,62.09,30,92,72,29,-29,24,-11.7,64.5,-20.65,-1
40.78,-3.43,53.98,10.54,49,13.63,49.66,77,-46,111,41,32,-40,-13,146,-5,133,54,27.87,62,-24.15,28.07,105,-16,-7
8,22.67,95,-26,22.33,70.06,106,-3,77,-13.43,100,73.05,-4.52,102,-0.24,70.28,17.76,74,-47,5.13,-15,102,94,133,-24.14
-23.29,-47,74.22,11.38,-3,-4.14,-7.66,-0.47,-30,8,55,-4.69,41.77,-2.86,69,138,39.81,118,15.6,68.27,125,102,7.4,31.79,92
42,47,40,19.31,105,48,51,13.9,12.54,38.36,75,105,13.7,134,48.13,99,3,-37,43,60,-35,89,64,95,55
64.7,38.89,16,33,125,-5.6,-18.03,116,55,-1.05,-22.23,147,97,48,67.59,-8.51,-48,4.35,106,55,60.25,41,-17,132,148
115,-20,36.56,123,-12,-22,34.95,121,48.06,-16.26,-11.68,26.02,119,102,86,44.45,83,-36,17.08,61,26,-39,-13.29,-27,-23.23
50,74.24,57.16,14,140,24,20,52.27,-19,25,41.4,103,115,-28,40.02,74.57,24.94,12.98,45.78,64,16.08,12,53.41,56,122
40.7,-13.61,40.27,88,17.27,24.16,51.65,84,-24.66,21,-29,-29,123,44,2.76,106,13,-5,67.32,-20.93,-49,41.4,-22,121,42.07
8.02,59.15,51,50,6.44,51.61,60.61,50.33,63,-30,34.87,0.47,120,44,-32,74,-11.7,118,136,-50,8.29,66.95,20.99,7.79,68
32.32,11.17,-32,-15.27,26.39,87,-19,-15.48,-0.59,118,98,-26,123,129,57,-6.09,-13.25,45,107,96,93,148,-40,127,8.79
-42,66.92,38,13,-50,75,60,31.45,49.12,-18.05,22,-6,30.36,101,-20.58,79,2.64,46,45,147,125,38.52,-21.06,13.27,104
65.8,-6.47,113,55,-17,26.1,-13.62,143,-40,3.42,5,-18.22,-5,-7,85,4,143,-37,77,108,-2,-17.97,-14,38.62,15
39.11,0,-26,49.88,42,30,58,-2,60.53,59.04,82,42.47,21.47,3,56.87,45.91,146,-34,33,70.35,14,146,63,77,3.4
38,-28,-10,-17.14,147,23.45,60.01,-37,137,115,35,-0.6,61.19,33.14,22.4,-31,58.3,143,53.6,2,45.84,14.92,146,-42,61
-50,50,133,22,18.67,55,2.46,-22,139,88,39,111,1.43,125,142,145,147,140,39,-47,-2,32.49,-38,58,117
42,75,33.72,4.14,48,30.98,-36,92,64.54,78,37,-19.79,-11.88,-12.35,-1,19,-23.44,-45,27,10,-43,31.28,101,6.49,-3.38
93,99,133,137,24.79,-37,7,84,40,-22.39,9.71,28,-4,85,51.7,-1.9,57.86,142,85,107,45.83,34.47,52,52.88,124
49.43,36.58,-40,1,112,-1.77,12,129,148,62,-33,23.99,42,-12,40,60.3,126,13.1,-3.4,-3.77,1.04,46,29.8,86,-1.32
84,118,51.52,23,61,127,116,61,56.26,-35,56,58.23,53,86,57,34.81,146,58,22.5,16,92,61,-4.38,-8,-4.56
37,4.14,11.16,13,31.38,32,10,68,20,35.34,87,-39,-42,-1.88,8.62,44,38.07,-13,8.44,130,30,125,32.26,103,139
145,71.77,-9.25,44.06,91,-44,-4,-42,48,-5.24,-13,10.66,30.99,-28,47.01,96,89,6,-9.29,5.77,15.91,107,7,-32,69.7
-47,59.1,-27,-37,-15.43,-24.52,37.57,110,110,65,-33,23.59,50.42,8.85,-34,79,27,-18.19,51.78,-19,26.03,42,123,43.05,3.87
146,149,-24,91,-3,-15.27,10.62,29.71,-20,124,74.12,13.61,-9.09,-47,-33,105,119,68.03,94,-24,141,-21.73,72,65.81,-7.27
63,1.83,48,-2.76,-49,-5,-35,105,-11.45,-34,9.36,-2,-19.91,127,-17.25,39.77,48,54.2,-13,10.84,143,138,16,100,22.07
141,-35,23.57,70,9.39,-7,66,57.06,45,-21.89,109,104,-17,10,4,111,41.78,32,140,-24.3,80,66,30,33.88,18.22
74,59,23.07,25,35,117,62.79,51.26,96,-17,16.54,27.39,50,106,120,20.82,9.12,30.72,134,109,-42,74.05,124,10.48,7
12,3,-27,15,59,-34,49,22.18,132,29,59.58,30,25.49,65,121,9.28,-25,31.47,8,-2.79,-21.29,-1,70.81,43.93,73.97
90,25,65.75,36,5,73.74,0,78,-23.14,48,47.36,-26,29.89,51.22,52.67,12.34,31.03,-4.33,73,40.7,29.24,32.64,48.16,-32,9
60.22,-38,122,58,-38,21.48,-1.88,12.48,114,20,-15.23,-20,-19.65,133,94,38,-14.1,65,45.47,50.65,31.49,38.72,36,33.76,63.17
-9,30.23,20.85,14.83,-28,116,44.95,64,-7,-17.26,99,-41,99,-9.93,54,43.52,113,-39,14.51,70,37,10.43,-40,-50,12
43,35.95,-44,-1.41,11.83,-10,-15.38,135,137,31,29.91,24,-14.35,42,15.8,-20,70,43,29,63,4,1,3.26,70.13,51
53.75,92,92,7.24,64,-17,101,55.54,52.76,105,51.49,51,-0.7,12.06,25,70.29,65,52.93,-15,-32,51.58,74.26,17.24,69.69,10.72
104,77,-11,94,109,-19.74,69,86,64.57,40,44,-13.17,17.75,-41,24.53,29,18,11,-12.13,38.03,40.99,19.5,126,64.58,126
-20.08,20.02,5,-23.84,-18,62.78,38.47,47,-17.93,16,121,130,-0.74,73,6,58.86,84,6.48,93,61,49.3,45.07,-13,111,105
-33,41,28.67,-5.31,116,40,23.84,-13.8,65.62,-25,49,-12,-2.99,25.07,131,-2.29,-35,-32,-4.65,20,-13.58,-17.48,29.15,56,-1.65
37,46,67.64,48.03,106,8.81,65,0.74,34,148,1.35,38.66,1.58,20,139,36.46,118,-10,38.29,32,1.84,-38,143,95,38
99,41,-38,139,-23.41,-4.48,2.88,30,73.65,128,6.75,20,23.56,36,82,136,-1.62,37,123,35.92,137,47.01,147,9.84,49
130,27.37,16.97,23.54,2,66,132,34.69,126,15,148,-19.11,73.24,2,89,50,23.49,39,4.73,82,-19.81,-26,7.1,121,-10.3
-18.61,10,-4,51,-1.87,55.32,64.23,140,68.28,34,37,27.48,27.37,16.42,10,71,58,92,-4.31,28.15,8,11.34,-14,38.22,57.91
-31,25.83,13.53,0.4,3,85,121,11.33,0.19,2.55,9.95,-4,51.13,4,25,-9,-22,118,24,34.36,-40,35.28,71,51,8
-41,88,19,-29,60.03,-7,102,39.02,56,-14.77,-1.8,131,72.14,18,-12,71.16,13.32,81,129,139,77,37.4,-24.81,-11,92
37.79,62.94,66,148,117,-32,66,43.29,45,18.34,61.11,-14,-11,25,78,-4.25,16.08,124,40.18,21,25.98,-2,8.14,-23.02,-16.52
98,40,34.73,-49,-23.38,63.33,93,39,-27,15.21,-9.68,16,64.18,-30,118,148,-17,-34,44.86,14,30.13,106,119,-8,51
92,1,48.88,-24,50.57,126,-49,-49,39,5,-37,128,8.8,-18,4.78,23.55,-39,23.1,81,111,118,4.69,-35,54,-1.54
104,41,-7.69,117,-6,-30,59.2,82,2.32,-15.64,-29,90,23.55,57.8,69,142,84,18,65,56.56,-24.81,14.88,37.32,-21.46,-3
17.22,61.93,-7,-11,34,10.89,137,42.95,125,143,130,-13,0.17,-16,55,113,7,32.77,-43,-4,38.68,22,-12.02,67.88,23.17
-13.11,48.92,-5.89,108,28.57,66,39.74,149,41.53,99,124,6,52,15,-34,47.16,-14,16,62.27,63,142,138,30.59,93,141
71,91,24.36,10,13.12,30,73.79,125,-41,-46,145,64,7.12,84,70.59,15.38,105,8.22,56.55,111,22,-21,74.87,31.44,11.68
24,18.77,114,52,-32,-8.97,114,8.97,22,54.93,-35,20,-26,125,116,112,-21.59,68,-25,17,0.44,125,13,96,88
51.52,-40,34.05,34,-46,73,-33,5.58,97,54.46,2,133,27,105,8,-6.18,134,-18.64,-42,19.23,-49,-19,22,22,126
96,-0.44,57.61,62.15,41.25,51,0,-16.38,26.24,146,37,20,21.06,-18,-32,64.62,51,61.81,9.37,13.35,-19.96,64,-9.56,-36,44.34
-8.03,61.61,-21.22,-15.76,70.43,-24.41,36,78,65,66.53,101,42,-7,9,20,56.49,66,74,23,73.33,129,40,-17,-43,-18.85
-23.83,58,-15.96,-22.83,107,-32,51,51.27,37,29.72,128,132,58.99,-36,-8.35,101,8,66.68,-46,-43,41.54,35,55.28,-48,-26
-7,-49,40,63.68,14,31,56.7,24.64,62.13,-16,-26,33.2,-46,29,81,-20,-4.44,-15,60.91,147,53.14,78,131,106,94
12,-32,101,23.3,37.09,53,-8,29.76,10.91,46.32,27,40,129,66,56,33.5,-0.76,-13.16,58,-12,40,-24,-5,-36,64.74
57,-24.9,-41,-13.86,-7.72,-3,33,106,-1,49.33,4,127,33.78,12.7,30,-13.01,6.67,12,8.12,110,115,29.8,56.2,-26,-9.25
-10.52,126,89,-3.01,59.7,43,45.29,50,23,-45,11.98,-48,3.02,33.09,59,146,6.48,39,80,-14.25,29.11,-38,51,14,-14.42
27.16,111,15,-16.56,81,24.58,-4.56,-29,138,21,28.12,-22.24,106,4,1,104,132,97,49.26,60.57,-9.53,34.72,-35,-13.96,-21.91
7,2,17.06,119,147,5.69,30.48,32,54,-43,9.8,-12,73,10.75,1.39,-25,0.26,58,-37,-34,26.78,133,55.64,136,-15
90,93,136,39.12,121,7,46.21,115,-35,29.62,63.59,-32,133,-8.78,13.27,66.42,-38,64.55,104,73.63,80,15,-16,-8.12,117
103,8.32,118,-12,25,53.99,107,73,6.14,-24.08,100,35,129,18.71,38,141,21,-1.39,35,61.65,-11,65,46,31,-10.37
43.65,21,100,-15.53,120,10,130,79,115,52.27,78,26.25,12,21.02,18,22.92,8.12,23,11,26,-30,69.27,22.87,71.06,-14
3.23,7.44,8.18,51.05,68,-20.32,36.14,63,-26,129,-11.97,-8.94,4.81,-28,11,-18.42,103,-15.93,127,-6.81,-21.93,41.84,37.25,132,58
133,134,53,113,25.14,115,137,-13.96,-3.36,-17,18.94,-0.79,25.56,71.09,108,33.09,125,119,23,124,3,45.22,45.35,73.42,34.34
-5.78,38,-32,7.75,65,88,137,139,59.14,92,19,127,20,-4,32.74,68.53,43.84,-9,53.55,6,-4.19,73.25,1.29,94,55.19
-50,46.68,91,109,-47,99,16.08,1,62,88,56,-7,62,88,116,51.85,25,-16,-14,46,59,124,128,46.39,82
-12,-17,43.49,-24.15,148,43,48.71,-18,112,44,115,99,135,42.96,8.7,130,106,-2,58,4.68,-17.29,44.55,42,130,84
-21,-13,-4.49,27,29.13,47,8,8,73.2,-3.9,-0.75,52.01,24.34,76,72,-16.66,148,21.44,56.68,-19,0.41,-48,-45,131,2
-21.56,4.07,29,62,-8.6,15,-34,-13.34,-13,-21.2,11,-45,-10.83,31.7,139,-18.07,-19,33,22.51,19.89,123,69,32.83,44,57
103,97,27,33,124,-35,-5,-50,-11.41,29,-10.73,32,67.2,115,91,67,10.46,82,14,-36,-18.31,7.24,130,19,14.53
29.62,47,-19,129,-28,12.26,-18.69,2.44,44,38,-17.58,-2.54,109,-9.96,39.42,29.11,0.78,-18,-21,30,23,84,0.58,53.56,7
89,135,5.04,36,44,1.73,1,115,52.43,21,61.83,108,12.22,28.05,12,41,77,130,-44,35.61,56.41,12.42,46.39,-3.09,-29
108,55,53.64,75,32,-24.75,9,16.07,113,72,128,26.46,-15,55,-41,12.51,73,62.14,50,116,2.44,105,93,42.56,-40
94,70.26,5.27,-29,14.52,-44,49.2,40.58,108,-45,66,63.91,64.63,134,44,53.92,4,-15,85,136,70,-22.47,115,61,-4.49
23,52.38,38,52.95,60.99,20.79,25.91,85,100,69,55.25,-19,-45,-25,31,60.7,-40,22,48,72,-17,120,-3.73,-20.74,110
35.08,74,28.46,44.67,144,26,33.89,98,-13,28,80,35,5,47.44,35.46,57.92,44,2.29,7.1,27,40.74,99,58,123,9.86
34,133,-19,124,35.92,107,74,-40,17.54,1.69,-29,-42,56.71,144,-17.74,-6.15,49,136,-1,37,70.17,92,104,17.89,19.41
-14,17,5.35,-49,-0.68,-21.03,19.68,11,105,54.21,-27,70,66,145,15,23.11,54.61,20.37,78,56.6,16,-6,66.43,-25,112
149,73.46,38.01,13,62.46,144,70,8.44,31.47,19.86,99,124,-40,4,46,48.04,26.33,31.39,81,99,-6,133,87,-46,-9
42,108,78,47,-7.47,-23.08,57.77,46,33.33,135,53,42.66,31.36,138,-30,29.98,36.85,67,60.37,107,47.53,61,50.68,21.64,-24
21,-40,135,-23,17,112,62.15,32,10.26,61,10.43,50.18,23.6,-11.2,-11.67,6,29.09,63,65.91,-12.87,109,124,138,43.44,8.77
-18.11,-49,6,61,83,101,20.09,-23,105,-26,-42,26,-8.45,149,-16,8.67,-33,40.53,128,44,51.21,-48,62,8.6,73
43.98,33.16,-35,146,57.35,20.87,-16,-24.28,74.55,-43,45.62,83,20,19.14,-23,109,123,4.56,60.12,51,-11.97,2.08,6.3,-43,39.1
51.51,-17.31,92,38,21.24,-11,21.97,9.51,-37,-6,78,-18,-48,49.97,141,-15,2.37,42.35,101,53,21,139,-6.93,-42,-8
14.48,51.01,-6.02,7,82,7.68,25.42,70.54,4.92,63,45,-3.09,37.82,81,19.55,-9,21.15,-12.44,13,41,127,8,102,19.63,42
74,33,69.43,71.9,39.65,54.78,5.97,36,58.21,61,33.77,136,59,34,9,7.77,46.46,30.32,126,143,50.95,59.25,-6,45.42,126
29,88,84,51.16,42,-35,20,64,6,-31,72.76,0,14,51,125,-39,-6,28,63,51,16.39,149,2.59,3.45,-6
73.97,21.94,52.16,80,-11.53,9.3,-1,94,73,24,-38,109,57,58.73,46,45.73,69.86,118,34,52.47,51.74,-5,-48,8,-2
64.95,36.86,69,97,28.98,138,32,60.72,83,61,137,-19.41,86,115,-5.35,44.45,66.2,-12,142,103,21.54,-16.01,74.29,-14,62.31
5,-9.39,118,45,-21.63,23.1,-43,111,-19,51.14,23.53,119,113,-47,33,39.27,21,108,19,37.15,100,111,31,55.02,48
65.74,36,119,56.58,130,-23.31,-29,-41,47.29,52,6.17,53,14,23,138,-43,108,109,31,14.42,78,98,28,53,-9
-3.06,61,45,5,-19.98,-15.36,30,-11.87,38.78,67.43,-22.22,-43,141,-12,8.02,65.83,130,-47,-37,-12,-4.51,123,33.83,130,38
46,46.58,32.34,-16.45,-9.08,55.78,-12.15,32.63,44,104,-23.78,65.35,65.33,-43,73,-37,69.67,-35,122,132,4.03,37.34,142,66,86
74,-13,103,60.19,-19.54,13,46.25,20.34,27,-16.4,-1,46,72.39,113,67.13,68.12,38.54,78,19.07,-8,-20,-3,-2,68.76,13.57
119,-6.7,71,66,21.51,-32,-2.45,50,136,3.71,-17,-20.57,-14.1,7.83,-21,3.99,52,49.11,73,123,102,-21.57,82,6.39,-40
85,106,55,57.8,109,-21,133,-34,-23.4,-6.3,-9.36,-3.84,35,130,-36,-14,-18.7,-1.73,49.01,-35,15.44,88,43.49,31.5,103
26.12,77,-10,71.18,82,-12.94,19.26,117,-2,81,34.39,64.79,-9,-22,-37,-2.75,-33,21,47.56,30.66,19.26,70,38,94,40
-34,58.42,-13.92,18.91,96,37.94,-21.71,53,41.63,77,-23,90,149,7,-40,124,8.84,24.57,-9,59,25,68,70,-7.32,110
50,11,16,-22.58,146,143,92,24,25.17,63.15,86,67.59,145,71,-3.08,-15.6,36,5.11,5,6,41.66,83,104,1,68
3,77,61.77,10.57,12.2,7,32,74,5.26,-19.57,66.66,-24.74,90,60.12,84,-21,31.91,64.04,-34,-11.13,81,117,53.82,27,118
15.14,124,1.44,70,4.04,82,107,116,0.91,-3.14,116,43.12,39,28,50.49,49,40,92,-19,53,-14.75,56,23,115,-38
-26,18,-24,-19,71.45,143,59,0,40,46.68,12.18,86,43.6,-17,100,-17,56.49,-8,50,-11.59,23,16.44,71.36,67.11,-14.08
66,126,8.03,61,4.36,121,52,132,5,25.52,63,-43,74.03,-47,-48,35,91,119,21.43,131,1.87,55.1,74,74,30.59
102,14,86,64,17,-1,67,105,12.04,123,49.04,72.76,40,-38,14.95,-40,69.2,69.32,6,-9.02,-14.44,45,-44,52.31,36.98
13,2,129,24.1,-40,5.35,23.32,30.35,-13,103,20,-21.36,107,-29,71.91,10,13.83,38.09,5.2,4.93,28,-34,49,125,112
131,70.68,44,-42,149,65,79,73,8.54,-5.47,123,-8.51,41.43,-37,148,68.46,40.04,129,-5.16,133,67.9,-23,95,53,42.48
33.69,56.66,95,-6,61.84,56,69.71,14.76,47.27,12.56,4,28,-2.61,3.39,80,-43,124,119,113,43.85,58.77,12,74.05,126,40.41
36.62,63,121,32.63,95,75,27.9,146,2,-12.09,-21,45,55.26,24.17,-13.05,62,34,6,121,32,62.45,24.2,101,13,103
-18,26,-7,-14,119,149,-28,3.86,-16,-9,67,67,4,27,66.54,48.27,14,5.65,6.43,137,-10,90,28.95,19.68,-3.74
59,49.23,57.26,90,-48,-44,92,30.93,-4,60.89,7,19.63,11.02,24,17.39,16.1,14,-41,-17.6,-26,58,94,34.75,106,2
-8,-40,14.28,132,22,-25,-2,0,61.11,120,31.96,15,-17,43,43.28,148,-17,89,-15,74,-3.66,3.53,-13,-16,2.52
58,49.26,4,81,67,38.54,72,14,87,43,35.03,-46,22.98,72.45,147,141,13,-46,53.31,-13.94,64.92,-16.64,19.15,-18,-43
-9,112,-29,-15.69,96,42.28,-10,131,108,120,86,-13.79,66.25,57.94,80,50,-8,109,29,126,37.44,24,14.1,22,104
40.95,-22.42,-8,-46,82,68.14,44,47,14.72,-18,145,139,-21,51.48,24.42,149,87,-3.54,8.59,36.79,44.1,57,29,44.21,106
74,12.55,138,90,107,16.31,-5.48,42.44,43,38.23,140,98,24.68,-13,131,63.87,-16.54,-6,54,110,-9.75,129,61.87,-1.65,-24.04
17,-10.74,-33,-48,-24,117,129,69,31.85,147,33,19,13,149,-42,116,32.73,74.05,-43,65.1,-2.95,-16.03,65.71,-13,-21.98
139,40.47,10,0,-3.9,48.68,-10.91,47.56,89,61,-36,33,-17,-32,-24,133,64.6,18,-5.59,-17,84,-10.24,82,6.35,32.08
82,32.94,52.41,14,30.74,-14.32,68.41,-3.76,82,53.09,23.96,138,70.49,-0.49,118,139,97,-10.63,38.22,22.01,-47,9,-9.27,-48,2.36
105,-16.58,21,34,21,96,-4.41,20.64,-4,11,100,9,9.52,57,-19,103,-15.14,11,103,62.87,141,-4,139,16.09,-43
43,135,70.46,74.47,141,-10.4,54.81,23.88,-45,7,107,-1.31,-9,70.16,-1.14,35,33.29,51.5,46.72,50.45,-48,139,45,37.45,90
148,35.03,94,14.81,-20.73,48.17,41.88,87,29.86,20.42,71.11,-42,-19.55,-9.41,16.93,-1.09,-6,42,-12.97,66.24,65.23,60.77,71.26,138,-49
21,-14,-50,74,56,-16,80,63,41.57,25.92,39.35,-10,138,123,-7.14,105,71.43,25,12.34,44,-11.18,-10.54,-7.38,6,-24
-38,54.06,25.91,106,51.04,73,35,29,5,3.95,0.04,58.59,61,114,137,7,23.51,112,-40,66,59,70.81,31,-11.34,96
53.63,-11.28,10.44,27.13,92,99,78,83,4.27,-20,146,139,-48,66.33,8,-5,65.92,56.49,3.24,-32,3,39.15,-43,15.45,25
7,10.16,98,43.5,-22,73,140,21,60.98,17.58,38,1.87,76,-45,49,-37,-0.9,55.33,55,8,50,97,18,37.35,53.73
-20.49,73.98,67.13,12,1.07,122,-8,-4,73,31.39,41,6.48,113,122,48.59,-4.23,48,53.41,80,137,-34,100,76,-14.06,121
124,10,104,-13,138,102,25,17.3,57.06,29,-27,61,133,107,73.42,-32,14.05,130,2.43,-24.57,141,67.45,113,114,58.35
-17.15,52.43,35.07,113,91,95,137,136,45,103,16.6,-41,-39,136,145,54.12,66.29,-19.53,113,140,65.09,53,33.43,-46,11.33
-27,36.22,7.57,20.84,-21.04,39,25.15,-39,25.51,129,70.56,-50,-4,40,12.81,40.12,109,99,60,71.41,18,-23,82,-18.02,33.46
7,-47,-10.32,-28,52.39,-2.26,83,82,30,-43,74,101,16,-24.43,10,-24.93,28,111,6.71,12,105,71,-3.92,27,93
-49,65.47,-29,16.92,134,68,149,148,1.89,83,73,-21,-40,28.13,72,88,138,113,37,100,12,32.35,38,36,-27
47.88,55,-12.85,60,53.06,105,52,111,18.62,113,32,-2,137,33.45,84,4.44,59,12,15.12,21,15,106,-44,4.99,26
2,121,16.42,-13,145,68.6,90,55,6.4,7.06,68.76,-20,111,66,44.65,42.37,50.5,93,-26,48.3,-5.17,-6,0.3,4,66.57
43.79,-43,124,75,-48,-15.23,65.45,53.72,-23,20,25.1,4,-1.71,-27,22.5,54.38,71,0.06,56.79,115,34,71,71,78,46
75,54.2,-17.47,148,26.83,87,-10.57,-15.52,134,147,-34,-50,1,29.7,63.1,41,84,-31,12.71,11,36,34,55.07,149,27.27
-22,-24.76,132,0.88,45,52,10.09,31,-15.43,4.59,45.39,-6,56,32,65,85,86,61.57,77,57.57,104,65.96,5.68,50,-50
74.41,37,25,-29,65.64,-42,54,64,-31,21,3.71,69.77,47.89,50.75,-4.82,109,-42,62,24.15,43.42,69,-10.69,97,136,38.12
97,10,99,5.3,-22.9,8,125,18.18,91,81,99,20,70.16,10,52,-27,64.76,56.46,64,24.24,104,34,30.05,11.75,138
133,-41,70,76,21,2,22.94,-9,4,42,20.78,40,4,102,41,34.38,-24.87,71,51,98,20,90,146,65.86,-22.54
-3.13,0.35,64.59,45.49,46.56,109,-12.84,106,71,124,-19,15,90,3.96,90,53,101,16,121,86,49.14,-7,76,30.17,123
-19,22,50,-10,50,-21.31,114,15.9,132,100,88,99,38.67,64,22.96,68.41,117,-11.35,101,71.28,33,-6.18,70,18,25.02
62,35,73,66.94,-5.49,5.08,-15.96,-38,79,125,-48,68,-2.39,136,123,55,62.05,27.59,-29,67.35,23,61.01,38,106,14.06
-20,-16,63.26,8,52.17,0,46.14,44,-22,-5.18,-32,0,116,138,61.58,48.78,64.47,35.78,123,33.65,58.94,148,-30,39,-4
31,-14.89,-2,5.61,56,-12.93,117,136,83,88,43.81,-23,34,39.4,141,61,70,4.67,136,63.08,12.53,67.05,-10,130,34.66
42,-32,129,-30,46.95,59,-7,-2.79,86,51.8,-13.34,43,61,113,10.46,36,-12.85,70.71,148,65,-27,-25,98,129,-41
-3.01,29.36,-16.35,2,29.13,47.08,31,140,27,30,-21.85,26.42,142,58.03,50,114,-41,-37,18.98,119,40.14,-0.86,25.66,2,-10.16
38.34,-2,55.83,13.69,140,30.63,141,-21.2,53,-22,101,31.31,38,23,26,12,121,2.83,18,-9.62,-24.05,-29,33.15,144,65.86
-24.43,28.53,-8,97,91,55.16,67,3,67,130,105,84,48,-41,117,-6.71,62.96,140,-43,-27,129,68.83,-7,16,110
122,122,148,56.6,32,7,82,47,-29,115,30,33.37,108,-21.56,-11.02,-17.96,14,36,-18.75,118,88,50.98,124,27.67,-6
20.24,44.72,32,-2,56.61,30.04,-30,108,9.21,-1.12,-43,10.44,66.33,5.51,56,52,137,3.13,63,92,54.26,95,-40,44.71,45.89
19.82,18.14,9.37,37.16,-44,-20.59,97,27.03,114,138,20.65,-12.94,-18.74,82,43,-8.66,70,92,26.26,50.32,14,5,95,-13.93,47.74
74,-40,44.32,-10,145,3.03,-25,57.36,87,56.77,-24,74,60,-19.69,-0.41,113,18.59,-2.43,36,27.15,30,-20,9,78,-5.99
-17.3,71.17,-9.77,115,-23,37.84,49,34,67.73,52,45,24.34,38.58,21.37,15.75,-16.96,116,-9.42,24.44,27.24,92,13,9.52,37.95,74
51.35,34,23.21,80,6.15,-2.24,-11,-17,57.49,-5,119,25,43.47,-6.68,16,146,-24.64,134,96,-7.24,63.54,10.45,45.98,53.87,31
-40,57.66,-40,20.41,-7.85,8.6,4,62.79,32.74,37.32,-43,64,62,-9,59.58,122,-3,144,-11,120,56.17,-17.96,11.12,-21.25,16
37.75,97,-41,54.05,-3.94,-8,68.95,-30,-32,62.26,-7,70.74,-32,50,-13,35.59,-40,114,62,-44,102,137,127,44,40.33
138,-13,33,80,-13,-47,137,94,0.15,107,6.75,-34,7,-42,-15,51.47,2,-4,-3.94,112,19.36,-38,24.36,84,52.47
134,26,104,40.69,105,114,112,100,118,9,59.56,-18.12,41.8,102,-32,-44,37.86,-29,67.48,13.58,125,14.43,30,36.82,122
-10,-26,21.58,16,101,32.46,-9.3,70.98,10,53,-19.91,-29,68.05,55.58,14,27.63,-10.64,11.54,111,19,-26,27,-15.82,1.33,61
62.01,-23.92,131,37,-47,37.08,32,11,-32,17,-13.43,-23.01,-24.56,74,3.13,18.06,-6.23,0.1,2.55,-40,-19,-21.82,120,143,-31
64,54,48.71,9.47,34.16,50.62,-29,-10,122,3,31.43,46,60.55,97,-1.23,77,56.18,-43,36.27,87,104,-8.45,90,125,51
26.75,-3,-47,107,53.88,73.93,44,44,65.52,22.53,71,47.5,-14.79,-3.8,49,19,32.82,23.56,-11.15,-2,102,-11.88,58,-19.05,-5.25
25,97,76,-16,8.83,27,11.5,137,17,52.96,38,148,45.27,-36,38.67,60.41,-23,76,1.29,51,-9.22,-13.33,72.33,66.94,-40
104,34.55,7,62.89,148,33.95,13,67.49,9,116,67,73.63,76,121,11.57,136,23.65,67.15,5,22.39,79,80,29.66,45,-22.91
129,85,-45,73.59,14,-33,-27,-15,58.99,45.79,57,-0.19,-13,38,-40,68.9,-12,25.91,1,53.5,70.69,2.98,2.3,-2.44,56.05
60.72,47.24,91,-21.8,-13.39,147,56.16,-1.7,65,113,-16.69,24,-37,73,0.97,86,31.34,-9,-23,147,29,42,138,140,112
72.78,63.96,49.19,-41,49,-11,101,144,-5,119,9.83,68.89,-47,0,21,100,63.23,20.91,47.26,38.82,38,-17.68,-12.32,25,103
-37,55,16,35,-18.04,149,-23.66,-0.88,93,126,18,42.32,125,-0.08,6,66,132,140,32.53,1.84,57.99,141,134,44.98,49.28
1,68,-44,16,5,34.51,21.96,34,96,70,59,41.12,58.13,7.19,-20,72,54,86,46,-5.14,60,36,67.95,119,77
65.32,46.1,49.6,-41,58.19,48,131,138,132,48.66,67.24,131,69,-3,-23.21,95,45,7,38,1,61,48.72,116,-16,45.74
74,-19,71.08,-16,28.75,101,76,141,48.81,86,8.12,31.35,56.87,50,65,-13.64,-10,35,29.17,-10,74.94,140,70.2,136,28
109,74.78,120,91,35,89,62,88,15,28,146,17.42,59,22,6.11,10.98,15.23,10.52,0,3,39.47,18,76,-22.83,-15.76
116,-28,-9.18,33,-40,60,92,125,-11,-2,-5.17,127,127,66.44,-38,-9,124,-10,121,-20,71,50.38,75,-9.17,23.48
15.58,50.09,54.14,99,21,26,-22.17,131,25.11,32,30.03,-29,97,32,-15,21,32.33,100,129,116,-17,68.61,-7.72,54.75,59
45.67,58,8,-1,31.38,43.44,30.27,60,9.96,29.71,-11,42.03,23,19,123,-9.39,105,-50,22,59,71,128,54.95,18.96,17
15,-32,-1,19,66,36.18,25.48,50,-0.71,46.19,52.72,105,-32,74.26,-44,8,46.72,14,26,-21.45,73.01,97,35.82,126,-48
119,17.89,61.08,45.95,49.43,35.91,-23.04,99,138,48.07,58,26.46,73,73.24,55,-6,10,132,-28,45.97,40,140,9.66,-14,148
63,-49,112,-7.13,5.39,46,110,-40,57,129,5,25.52,-9.25,143,8,121,-24,-35,-15,25.94,91,21,66.68,-34,14.52
148,65,1,47,67.47,21.99,-7,70,127,-12,-14.56,40.5,14.02,-14,41,58.97,-0.25,-2,73,63,29.69,38.88,41,81,40
-11.56,-17,-3.5,-3.82,-22.78,54.68,42.83,132,22.83,95,-10.3,26.35,17.84,64.88,-28,102,5.12,80,82,40.61,-24.56,-17.26,75,68,133
144,134,31.89,65.21,62.09,69.82,127,5.44,80,67.08,-20,17.15,16.14,24,86,70.59,112,5,19.01,97,67.93,32.61,62,34.7,-5.45
25,60.43,8,-42,68.4,31,51.6,-2.93,7,18.7,45,110,22,-13,-7,57,47,-2.7,-9,18.14,7,95,44,117,30
40,74.76,117,4,-23.61,56,55.75,59.86,132,48,96,-20,101,96,41.52,123,3.16,31.82,20.52,-17.33,-46,52,22.28,78,9.73
49.83,93,13.13,126,58,-20,126,-2,61,-16.3,26.13,90,110,123,-7.49,26,18,-7,74.65,24.67,58,31,100,67.52,8.7
60.97,0.33,-5.64,3,92,-23.27,65.14,6,89,59,-34,62.33,-18,-10.02,118,-2.22,10.53,61,32.84,11,-11,-43,108,38.49,94
28.95,144,69.38,-7,-7.35,106,-20,36.89,1.08,-33,21.3,32,26.28,37.69,37.62,94,-24,19,106,54.69,96,73.69,-20.56,-7,8
-3,-8.84,75,123,29.6,91,125,139,46.58,-0.85,53,-22.52,-49,60.36,1,81,109,124,128,133,145,17,8,59,2.76
48,57.67,63,36.43,41,19.78,72,33.46,15,137,141,12.7,88,126,-7,82,141,-22,39,-28,-7,75,-11,76,0
24.64,-8.27,-13.92,-49,112,-23,130,-11.06,39.38,112,23.3,39,-32,126,114,-14,9,79,139,89,62.96,-9.44,23,27.11,28.32
-12,39.49,14,54,56.83,-49,-1.27,31.79,8,-20,42.79,5.38,78,38,-10,1,60,100,68.4,42,123,44.98,11,79,-16.47
29.64,88,3,-10.39,57,113,20.36,125,9.57,25.56,30,143,31,16.15,17.16,9.2,146,63,33.43,-18.54,125,57,34.84,-5.78,-13.8
144,-16.54,26.13,28.74,-24,66,39.92,139,71.53,-15,34.02,8,47,78,72,-7,65.42,29,39.17,65,0.97,27,-12,83,-41
-49,-12,-32,-4,68.28,110,52.24,99,113,-49,-13.81,-1,144,-13.22,88,-12,1.73,76,144,-1.44,-4.28,-23.75,37.9,63,-11
17.77,9.69,71,61.31,94,3.39,1.06,77,66.5,76,-22.63,133,32.02,-15.81,-2,55,0,-6.8,37.81,9.18,63,35,61.37,39,41
64.86,121,57.89,-3.97,144,55.07,9,48.69,-27,12.51,101,55,1.63,15.95,62.92,62,59,75,116,-10.38,43.92,53,77,-5,-0.39
120,26,87,-7.77,-33,43,130,-49,77,49,58.2,76,14,117,89,119,20,2,52.07,52.54,100,63.24,-7,-18,100
49,-16,23.52,-20.45,13.38,-10.7,35,-6.96,37.97,65,19,39.96,-31,18,12,95,-27,144,90,-14.32,38.11,-39,12.65,80,43.06
54,14,13,-46,109,98,134,121,-10,85,67,45,-5.17,-27,94,-40,-23.91,-4.66,62,116,24.73,34.86,81,-18.73,81
59.61,33.04,1.29,17.67,61.66,33.85,84,89,80,6,64.05,16.29,4.89,50.32,7.11,-21.8,34.52,-18.87,-34,64,-28,55.4,-49,1,11
111,95,-8,145,-25,35,50.42,36.13,-13.5,57,143,52.58,4,36,87,105,90,-7,-25,131,30.69,35.64,112,34,122
28.06,11,12.95,36.98,-13.48,63,18,-22,-4,57.74,68,98,43,18,54,-48,-35,-3.95,44,68,55,34,100,65,77
-12,35,5,102,-15.12,-29,17,99,82,97,140,-12.57,78,57,120,-31,7.09,52.35,37.08,-32,47.56,6.27,145,38,78
107,9.57,-16,52.31,62,12.37,57.15,-7,-18,-18.23,60.63,23.77,14.85,83,109,24,29.27,30.78,101,55,-27,8.35,105,12.16,-11.92
42.68,-47,51.14,51,94,11.98,44.05,21.58,58,148,-37,66,24,20,-14,47.43,54.3,113,0.59,101,73.02,90,142,13,-16
80,72,22,-23.46,62.01,59,16.5,27.05,62,-6,-0.03,28,12,24.02,26.2,-4,58,77,32,45.76,-24,21,14,71,33
-15.71,28.99,6.08,27,43.59,131,55.81,-25,63.75,33,46.44,-28,29,70,-29,-12.54,18,81,68,-11,71.03,65.41,24,25,1.38
74.29,48.66,144,40.76,72.33,-40,11.68,30.1,64,42,112,-8.87,86,-10.72,34,42,132,-2.18,129,61.26,128,66.77,-1,-14,-43
-1.05,110,-17.84,22.51,9,-2,-41,50,105,-48,49.55,-8.41,2,64,6,-6.2,71,-5.92,106,35.24,51.91,120,-14,41.8,147
130,146,25,-15.58,113,149,39,39,101,-13,38,51.2,-22.2,54,-47,-19,-0.54,141,66,-20,39.12,23,146,128,41
-45,51,147,19,-0.63,-5,52.9,4,3.39,134,98,84,46,69,138,68.72,33.36,7.31,67,126,45,98,82,58.4,-13
15,8.32,14.3,15,6,24,42,8.94,87,69.36,-18,128,126,10,74.58,57,39.39,65.77,89,55.77,102,-42,29.65,32,42
75,68,34.54,69.29,74,5.57,97,65.17,52,65,-11.08,105,59.02,31.21,132,8,35,8.46,21,70.84,14.55,39.48,-13.23,49,46
71.72,20.02,139,28.92,82,-45,111,73.31,98,-17.58,-22.29,80,16.8,63.17,35,18.98,-5.92,90,-5,126,112,0.75,130,126,-34
-11,-9.89,-4.29,10.15,-5,25.94,31.42,61,-17.24,4,20,52.06,0.48,20.2,67.31,122,63.25,36,12,-18,57.5,22.95,54.65,126,20
66,12,48.26,117,93,76,-37,-16.05,146,134,120,137,-29,132,107,70,2.06,59,-20.91,45.3,-24,-21,69,38,21.85
19.32,-24,8.64,-10.91,74.77,47.31,52.62,95,2,64.37,63.74,136,137,18.57,72,92,3.62,-36,15,108,-9,31.83,53.92,55,47.05
93,39,61,43.81,-25,-5,1,48.72,117,22.25,37.98,69.96,59.58,-41,-0.53,46,63.64,143,24.27,-14.39,95,-4,5,39,111
10.86,44.5,77,-23,10,30.44,61,15.75,17.85,48.22,46.05,98,59.81,-16.53,-1.45,27.52,96,103,48.28,18.39,45.77,54,-8.06,13.67,148
51.07,77,-49,49,17.26,131,-35,24.95,54.74,-19,104,71.29,-30,137,142,-23,6,66,-50,54,8,50,-6.23,43,12
-11,39.23,12.66,64.93,108,89,42.51,72,63,109,69.07,116,48.83,-31,35,124,66.92,21.84,6,108,27.32,95,-15,101,13.18
9,-17,44.07,-6,-13.54,143,60,19.75,-27,-14,19.19,62,120,-35,43,112,137,-47,70.9,-45,-43,78,146,65.91,-34
38.19,-15,30,45.69,34,26,94,65,-11.92,19,56.07,-4.91,40.45,83,34.84,56.83,109,28.3,18.72,-24,70.92,8,49.82,111,-35
91,126,-14,34.19,52,27.82,68.01,3.8,140,74.15,30,-6,113,-48,-32,-34,-39,134,-13.56,1,23,123,10.87,56.87,-1.33
0,-32,56.43,62,-32,120,-50,50,55,27,136,2.04,4.59,46.15,-35,44,57,102,-33,84,41.28,54,18.81,-14,2.57
-26,104,65.48,26.4,110,55,10.42,42.44,48,-26,31.16,12.72,-47,-41,24,64.78,-42,44,120,4.46,-24.63,51.06,68,16.23,131
12,42.69,10,65,77,146,95,12.53,2.86,-26,58,59,-44,10.03,8.64,68,-24.17,-20.94,4.35,34,17.24,52.73,32,92,18
18.11,-41,46.77,-47,21,66,108,56,58,113,109,48,-40,34,51.61,14.63,16.71,-13.7,-33,38,-1,148,124,-13.17,63
-20,-3,70.54,25.3,-17.97,67.53,-30,0,47,44,-6.69,67,11,-50,73.83,139,66.9,47.3,-23.89,138,93,35,-26,97,143
48,75,-6,-50,45.14,10,-12,-31,-37,118,-14.01,64.38,4,53,50,-24.57,-5.4,132,84,39.93,149,86,14.22,-47,94
-15.14,-6.49,1.91,70,-17.21,145,90,21.36,-6,33,36.01,35.1,126,42,52.03,-23,2,73.98,-6.38,10,36,-10.71,48,124,-16
56,55,26.6,2.88,67.29,125,128,0,126,103,89,7.38,93,35.92,47.49,119,-5.19,28.5,-37,53.38,63,39.17,56.67,-18.8,47
-6.06,39.48,129,17,22.11,105,26.35,20.33,91,36,66.01,88,72.57,-47,66,-29,20.21,132,114,146,93,47,49.35,23.07,71
31.41,-27,-4,117,107,23,18.55,-23,-15.9,12.68,29,57.45,10.36,3.22,117,44,70.01,-5.08,68.29,68,21.14,-20,-36,52.76,55
64.9,48,1.63,69.71,16,36,56.75,17,149,79,59,148,-12,66,73,100,36,-9,59.42,44.28,-6,55.4,31.71,25.94,52
-23,-20.78,20,102,-42,74,48,141,87,83,45.52,0,28.16,53.64,12.95,-35,2.98,24.69,147,58,23,2.36,100,2,28.28
11.22,56.41,47.54,35.64,131,43,-24,84,14,86,127,8.37,-7,40,146,-22,36.28,15.52,-36,7.39,107,66.26,73,-12.04,37.99
-6,-47,14.8,123,17.11,144,101,67.02,8,-13.92,39,10.4,-37,19,135,4,68.53,-9.74,28,37,11.42,0.88,56,-7,109
62,69.86,-1,60.42,-8,94,122,49.03,17.52,67.97,-27,-1,-14.16,-10,30,72.35,65.28,51,27.23,26,1.37,111,44.15,26.5,63
35.98,42.89,-14.32,2,100,21,-6.03,59.89,38.21,118,28,112,7,-17.38,-21.63,59,-32,-8,106,116,102,-11.75,35.31,-25,4
87,59.27,-12.48,23,6,73.7,0.48,18,-9,-39,110,41,23.71,-5.37,58.91,121,-0.97,-27,-22.35,-1,2,-21,-27,140,101
75,31.94,73,21,99,-17.12,143,11,-16,-15,-47,41.85,65.44,8,-0.9,30.42,44,13.53,6.72,115,40,64.17,-11,50,15.32
75,-4,47.54,22.35,15.87,-12.21,59,125,42.17,136,-1,93,5,28.43,46.22,-6,18.94,54.04,-5.05,54,16,46.91,55,4.41,33.83
32,149,-1.97,126,75,-16,40.71,-3.21,67,68,130,60,30,64.92,105,126,146,21.18,136,52.67,60.8,-20,106,-22,88
118,93,60.75,6,34,118,62.02,12,49,76,-14.97,32.12,48.87,94,-20.55,26.56,-41,136,-1,-39,90,66.96,2,-17,91
60.8,-27,-11,-5.08,62,14,60,-12,108,24.62,105,119,-5.11,59,71,134,147,4,47,140,32.69,24,-13.79,16.03,53.87
16.89,1,32,-21,73.46,-8.08,-21.54,10,-19.01,139,25.91,29,-48,111,50.07,22,1.19,27.75,-22,116,136,101,53,-21,-38
106,-36,26.44,11.43,74.13,113,-1,88,129,-0.86,53,-15.38,59.3,27.14,-43,-17.08,-50,22.7,50.5,-20,101,34.1,-42,19,115
-14,29.2,83,-28,145,121,-2.12,41.52,21.2,-13,70.93,-37,-45,-45,-6.62,91,59,68,101,124,103,24.16,-15,-36,31
15.63,46.56,24,13.97,-10,69,100,111,-13,-1,45.62,134,60.27,28,140,33.07,83,-4.58,-1,82,-28,47,60.12,68.07,-42
14,61,53,57.35,126,65,118,149,14.5,143,136,65.27,117,70,8.61,41.43,-9.49,65.72,17,-23.4,13.01,-23,24,50,30.22
68,17,22.97,-29,-17,7.19,49,31.78,141,24.9,13,-1.32,-0.39,54.53,45,127,-36,48,55,-47,30.03,29.18,45.23,53.5,121
59,-8,59,21.96,68.48,114,8.58,-19,-45,12,4,139,146,76,50.09,11,-6,72,54.54,119,-3,106,30.93,-10.14,-17.53
-24,57,15.54,45,129,140,49.01,16.78,13.09,27.55,-21.01,33.6,139,95,3.15,-12,16.36,102,-1,-8.78,-21,41,69,60,63.88
-2.67,-18.6,37,126,105,116,7.34,-19.66,-39,-19.21,41.11,123,37.75,-48,-39,39.17,43,144,65.28,45.75,68.43,47,75,17.64,48
80,64.53,75,40.67,-47,-39,11.92,-28,63.95,-1.73,74.34,19.84,-10.74,-18,30,60.01,118,10,-19.28,-14,137,0.33,-6.64,62.84,29.18
88,43.78,19.68,-10.66,26.52,73.06,54.38,57.22,132,51.22,49,16,-23.34,83,60.48,-14,13.3,-24,148,128,-12.61,133,-43,-12.64,28
-18.22,47,-0.27,-11,15.47,-30,38,39,49,-2,-11.7,-34,-45,2.81,116,75,-22,139,64,-9.88,-23.35,33,148,-49,63.02
21,142,5,32,41.42,43.98,44,-8,46.19,-40,56,52.69,6.67,18.76,73.88,51.63,65.15,127,74,34,74,123,20.69,0,49.55
131,48.4,5.74,4.42,54,32.17,27.07,117,8.11,-50,29.96,-35,115,-9,49,98,-6,-45,34,-13.62,-15.98,63,109,21.81,28
-2,45,103,94,72.07,-32,103,-43,-25,15,74.8,-40,100,-33,-8,-4.42,127,-27,45,13,30.26,71,23,25.19,23.7
-30,-13.76,69,136,23,91,107,56.64,55,-19,137,105,50.51,145,-41,62.19,88,53,-17.9,5.65,27.03,-47,-31,38.14,38.89
54,-5.35,7,-2.52,53.34,139,70,24.28,-10,-16,-39,-7.72,99,-28,-16.35,-3,24,39.56,-10.68,52,-45,144,28,-8.74,-19
40.55,69,77,-26,133,49,85,40,11,-14,44.23,-13.8,121,-13.31,40.06,124,55,102,148,35,-11.04,-8,9.2,-17.29,127
43,30,68.66,55,-24,44.65,-12,47,133,-7,72,1,11,-43,23.67,21,46.42,-3,-9,69,79,2.78,-27,28.8,-17
53,124,-20.33,24.86,142,40,-20,111,108,40.36,30.62,18.57,8.62,126,-17.46,6.34,16,73,25.12,11,58,42,28.84,-25,-3.71
42,40.53,18.42,99,19,1.33,66.26,42.32,37.47,109,-7.2,39.6,122,50,8,57.41,7,0.04,-6.11,16,33,-36,89,5,21
46.32,84,46.32,2.15,-0.96,-38,30.84,40,70,-6.81,31.38,45.42,111,10.99,61,80,95,-9.1,18.4,-37,18.26,53.44,10,19,91
12,65,-30,82,4,-28,-12.42,-31,-11,-49,-4.68,58.69,-0.83,61,24,91,22.29,53.55,8,51,85,-46,-10.46,9,31.9
82,-40,0.22,17,-8.3,110,125,47.37,-39,120,73.58,-9,9,19,-48,98,94,-4.93,122,105,117,-7,101,11,147
-31,-31,73.21,126,72.47,98,17,111,46,83,67.44,38.01,0.39,120,48.78,37,101,26,-17,7.88,38,15.74,-13.37,-9,70.77
-29,-30,38.29,-46,-21,5.23,32,-48,66,44.77,65.5,83,-2,15,102,60.11,138,-29,87,88,35,94,4.72,3.67,46.07
30.06,15,-11.69,22,-20.94,26.75,98,65.59,30.42,131,29.71,141,95,70.29,120,48.38,-9.96,-15.65,137,-26,5,68.68,-13.96,57.9,-34
52.43,64.78,15.75,20.32,50,-1,29,40.67,62,46.29,18.93,132,103,-2,144,107,86,112,81,-24,106,2,-5.69,-36,-29
68,24.19,69,113,79,30.73,-15.36,6,103,97,-3.23,131,45,32.12,121,127,5.14,22.3,14,14,101,58.72,24.88,53,6.93
-21.51,37.57,-12,-8,13,82,113,-23,-22.8,79,32.16,-28,-46,-1,118,101,6.89,96,2,66,17,0.74,10,120,-35
18,61.68,22.59,75,20.65,9.13,5.11,2.85,118,-22.47,78,-32,131,20.21,3,73.13,115,-19,19,131,40.03,-28,69.19,9.17,109
21.97,63,-24,54,90,62.15,112,-49,102,-8.44,4.83,130,-30,-34,66,20.37,101,5,10,0,57,121,-0.27,70.39,-9.07
8,-11.63,-8.05,10.61,-45,58.33,59.74,-14.28,-32,62,51,-0.17,54,106,-31,83,148,18.68,12,17.83,10.42,23.13,1,57,75
-2,-21,58,-24,17.64,51.62,74,-10,47,118,36.98,85,90,32,40,126,55.66,2,84,134,92,74.77,-21.49,-27,-18.06
107,61.16,-19.19,22.4,86,-19,94,-29,65.77,120,18.18,59.9,5,109,147,61.36,112,119,43.91,123,108,25.55,130,50.09,-0.75
56,46.94,125,18.12,-38,82,-32,27.68,10,141,37,84,-2,-2,74,11,16,91,1.78,68.25,137,13,105,11.38,46
135,7.55,51.77,-1.85,25,146,31.54,6,23,-4,54.95,41,116,-27,-15.1,34.51,-14,-6,48,116,146,-46,53.63,62.65,17.73
-12,1,-13.75,74,-2,83,9,95,-43,30,34,-3,-14,67.35,118,70,10.48,-21.31,91,73,25,-3.52,112,-5.46,104
83,128,93,11,52,21,-3.23,96,10,11,22.39,-21.1,29,146,-1.98,36.58,67,64.43,114,-13,-14.64,-50,60,54.52,4.82
89,64.76,92,-17.67,-12,69,35,-44,-3.99,-36,20.93,147,55,34.75,46.55,138,119,53.06,-48,23.45,-1,14,25,15.48,130
34.88,44,87,117,54,1.5,-41,-45,54.9,29.41,130,142,31.25,-10.15,105,72.52,-21,-16,13,51,28,30.68,54.64,-2.18,-21
-26,124,148,-2.23,65.7,0.25,70,85,131,79,31,66.38,20.58,18.32,57.82,-49,-27,129,-9.18,27.93,9,-22.18,141,14,-7.75
111,31.9,58,61.96,133,68.75,-3.14,-2.93,-3.22,-15.73,27.83,56,-20,32,81,91,60.75,32,104,-13,-17,8,95,136,42.38
8.83,71.09,55.15,69.37,77,141,20,67,51.73,103,2.72,55,-21,56.32,46.66,57.26,-0.86,14,-18,42.83,106,42.15,-19,73.67,87
68,45.48,-24.08,-46,69.2,-40,42.48,-16,59,0.44,124,78,60.45,18,22.52,58,-33,-3,-25,91,-11.65,52,-43,69,7.34
60,5,64.9,35.86,-21.29,12.64,15.74,-22.19,119,-24,74,1.95,27.89,-1,44.4,45.58,-13.89,34.39,21.3,103,-6.76,-4,46,146,41.39
48,-9.98,94,13,37,10,-45,43,114,44.83,65,138,34.46,-12.81,103,-40,39.92,98,112,-13.73,130,33.49,-50,73.73,-38
13,26.86,118,16.87,1,-12.42,53,-36,45,41.21,27,62,27.66,85,135,90,128,50.14,61.71,-28,49.24,7.66,-10.59,-5,51
21.8,-25,-33,32.9,88,44.18,126,-49,9,130,-12,-5,90,15,-12.07,49.9,35.97,56,19.14,-7.08,38.44,17.31,65,104,47.6
33,34,96,-17.92,59,-1,48.19,122,123,10.15,-5.35,-41,-29,8,67.17,145,130,136,-13,-11.32,18,-3,1,8,131
50,100,134,-2,74.96,37.95,-21,48,51.72,36.09,141,-11,-18.62,42,71,96,60.36,7.9,17.56,64.38,41.21,129,49,30.77,-3
44.77,-11.58,71,68.06,136,50,44,48,74.36,145,-6,73,46.11,70,86,-39,-8.23,67.16,95,142,70.87,102,8,-21.3,55
129,57.89,81,131,73.07,11.94,-36,68.52,48,25,41,101,0.23,70.38,68.37,13,47.75,-16,102,89,23.18,-6,79,49.52,111
-12.49,-28,69,-15,58,123,-41,45.72,28.23,131,-22,66.36,-27,58.09,76,128,-22.04,52,138,95,60.84,50.9,112,-32,42.01
-46,-41,-37,117,-19.79,-18.78,-22,-36,44,-19.22,39.73,3.37,61.28,-49,103,142,143,-0.02,-11,44.47,65,141,1.8,74,-23.23
-4.02,6,114,55.86,35.55,-49,59,46.33,19,116,50,59.52,135,66.57,145,46.6,123,-30,24,-21,72.54,38.12,29.89,127,27.26
18.68,15,-14,115,64.99,-48,8,30.7,-46,78,49.68,-1.82,44,51,72,70,1.73,32.23,50.26,56.22,49,20.26,49.62,98,74
11,98,84,40.1,125,10,75,96,-33,-18.41,109,-43,12.89,-9.68,138,19.06,-0.95,72.44,-3,111,62,48,30,39.68,103
45,6.14,80,62.6,-38,24,0,60,102,66,56,-9.25,-24.73,68,20.04,138,12.07,64.91,132,-41,-9.99,62.36,54,-16.46,-9.8
69.64,38,44,145,51.91,3,103,-34,33.09,45,28.98,147,75,90,67.44,69,43.89,-19,39,121,28.95,-7,56.28,17,63
50,-8.45,50,57,84,48.76,44.01,68.34,40.63,15.82,34.81,4,-1.56,-34,-20.16,-1,-32,-9,-9,4.76,51,123,142,-11.04,128
5,82,-47,37.23,35,70.94,55.05,125,74,102,9,85,65,139,69.82,99,37,114,21.13,24,122,69,-38,43.91,42
-15,62,136,97,-12,116,21.79,-23.1,85,84,-21.01,36.48,68,61,13.69,-15.05,-11,96,-43,97,4,-41,53.37,9,-40
49.18,-3.28,77,74.28,-26,59,46.68,109,14.73,25,67,37,73,18.96,-11.78,-31,11.46,1,125,58.43,110,-32,-22.27,47,-20.58
70,89,135,29.67,119,30.45,19.05,13,-5,6,138,40,41,58,82,-16.04,72.97,108,10,116,102,55,67.2,76,26
14,38.53,53.41,76,2.28,21.71,20,58,-17.05,-49,57.28,86,66.64,21,43.36,24,13.29,64,36.43,-48,24.24,21.77,6.87,47,137
53.06,80,-9.55,-40,7.04,-9,-21,17.19,-2,126,30,-2.95,-21.92,-0.7,18.44,13.05,62,-0.72,133,46.45,48.2,37,68.63,123,-48
-8,-34,19.86,71.9,67,-8.77,14.27,-12,16,0,90,108,-13,114,-14,39.15,117,24.05,58,19.35,76,-19,16.49,-22,22
134,146,19,-2.01,98,21.99,89,-7.97,49,-8.75,119,89,31,54.79,62,5,-8,24.28,12,-20.06,41.29,73.04,62,142,-3.35
82,-24.4,31.66,13,41,-10.73,28.19,146,37.86,-5.92,144,54.46,6.12,63,-14,-10.27,74.31,43.86,-20,12.57,118,60.14,135,-14.55,8
139,39.73,28,48,-49,69.38,36,54.6,123,107,-22,54.46,46.82,4.57,121,107,60,5.82,-5,30.97,52.44,83,38.16,57.46,120
-43,-33,6.98,73,10.92,14.47,21,132,71.15,-6.18,110,79,11,49.6,-4,72.24,3,31.16,24,52.55,90,114,-23,145,1
60,115,48.48,147,99,58.1,18,63,84,148,6,29.54,-48,23,29.95,86,56.09,12.56,140,35,79,-4,35,-18,-8
93,116,24,-15.04,-38,38.38,33,-22,128,135,14.41,123,87,45,21.41,129,109,13.51,-8,-40,50.97,15,-7,23,124
142,64,36,14,60.61,22.16,-46,-25,-28,33.71,48.41,65,127,60,9.74,83,65,76,-20.43,128,-44,5,67.13,108,133
-44,101,122,26,71,98,61.37,68.75,28.4,40.28,60.4,55.54,98,0,38.62,129,-24.36,79,72.05,106,45,60,-1,-42,-39
55,32.94,81,-50,38,116,80,69,57.49,-6.27,-23.96,76,136,33.08,30,27,70.9,71.31,28,-46,60.14,-4,109,1,102
6,4.55,-10.31,-9,134,14.35,-46,7.25,80,-47,50,39.81,51.54,-13.36,-15.21,-35,85,-17.79,5,112,-15,56.72,-3.49,58,62
6,-4.93,40,8.23,139,117,82,60,48.77,30.36,57,117,14.34,80,38.88,87,55,28.64,74,-20.66,-14.49,-35,9.48,95,75
145,46,138,26.83,10.51,6.74,57.61,25.72,-34,113,55,61.37,-1.52,46.88,108,57.42,10.06,-23,78,51,-25,-6.31,57,36,72.88
25,42,39.96,-36,-37,0.81,45.45,29,39.33,54,19,-15,40.31,26,46.5,2,55,59.84,101,32.16,57.75,73.68,-2,50.7,0.71
-13.44,44.27,3.24,48.57,38.29,-39,35.77,-7,27,30,137,134,101,94,31,125,-16.57,15,0,31,117,44.24,118,109,59.57
56.98,17.13,-6,132,-8,19,52.4,19.62,23,31,66,40.67,9.14,42,-5,-11,52.94,122,108,-5.18,69.06,56.49,-43,-32,134
36.17,140,-7,25,40,-9.41,17.25,51.38,54.65,48.05,142,-6.26,47.57,44,10.03,123,45,37,-20,-39,-29,-0.16,43,-6.43,117
-38,-19,-24,-13,97,113,107,14.54,40,-41,19,14.43,74.84,85,58.9,1.48,-28,43.91,106,15,-8.59,-26,116,-15.45,93
-2.17,17.98,14,-1,82,-26,62.38,20.5,-1.72,83,74.25,48.51,-7,7.42,41,0.27,38,138,84,13.63,75,30.46,101,74,18
41,70,125,-13,1.57,6.21,37.83,-27,22.37,65.18,122,36,57,83,11,57.96,-19.63,117,-33,17.83,69.48,-7,54,11.85,6
131,46,-1.49,-29,15.68,-16.68,45.19,16,22,125,141,6.22,60,139,18,113,19.14,72.3,40.93,21.58,9.68,57.65,75,-29,124
42.96,43,-9.49,74.02,84,14,134,84,-1,137,29.51,12,-8.44,126,-38,8,-12,31,94,64.65,43,-44,69,149,70
-30,35.47,91,49.38,-48,58.87,-18.41,2.23,14.72,5.85,26.74,60.43,11,116,35,-42,96,54.01,62.13,87,5,119,56.6,13,-20
55.99,100,79,60,28.87,-6,97,60.52,20.56,33,-32,-6,-24,9.83,8,133,-50,50,-6.38,-50,47.33,59,53.52,-23,38
11,138,16,54.9,130,141,66,-8.95,-15,63,-1.34,16,57.84,49,56,-37,139,65.8,88,46,39,114,33,-37,99
21,4,67.6,31,51.47,44.74,116,16.25,57,93,-6.53,4,146,-17,44.41,16.24,15,133,41,-49,51,1.47,0.42,41,24.21
7.3,-30,15,-19,-45,60,20.57,-50,144,109,25.43,-0.73,51,107,-13.85,14,42.07,134,40,-3.91,23.33,17.53,96,-43,55.79
-50,85,14,-15.6,110,26,21,-16.98,-24,21.11,45.09,51.36,7,5.55,0.08,-19,18,149,58,113,14,93,40,61.44,125
132,-14.37,96,0,10,-3.21,23.66,124,40.08,111,46,113,118,-10.41,-35,49.35,64.41,-31,138,25.45,2.38,48,18,45,36
34,-18,17.22,-19,75,25.01,-4.73,-49,43.88,-21.64,-22.93,71,-8,-18.38,24,57.83,79,72,-7,30.26,-17,39.89,124,56,114
142,34,33.31,50.05,12,117,101,43.04,58,50,5.19,46,36.19,-15,75,89,74,-29,-3.62,-4.65,126,67,0,38,73.64
28,68,109,78,110,72,111,69,23.54,-35,42,27.34,128,88,68,135,-8.52,8,29,56.39,146,-12.95,-6.83,-11.69,-40
44.57,141,-24.69,83,142,19.72,-18.83,9.6,20.23,-35,25.86,37,32.37,82,30,55.95,-12.68,-32,134,-44,-20.09,38.54,13.71,38,-17.71
15,14,36.06,-35,12,6.38,26,-29,-29,133,-10,123,127,128,17,40.21,41.17,134,0.84,27,-23,34,-42,149,106
-37,66.66,2,140,61.39,-6,-24.34,-15,7,79,16.74,143,-2,40,-3.71,129,79,69,85,-25,6,120,73,101,131
21.43,109,3,6.34,39,145,92,93,80,-13.39,-31,16,144,133,93,27,75,53.32,31,114,48,-9,64,-7,55.18
-13.74,5.47,34,2.89,26.52,85,-39,-9.8,-2.83,103,113,8.29,33.32,29.85,8,53.29,-6.23,89,52.86,-2.44,19.54,28.98,-21.41,45.71,73
71,59.92,69.44,34.4,143,99,-26,80,69.24,102,76,71.72,102,42.95,-47,98,51.16,24.21,33,127,129,71.4,16,130,-32
4.81,73.93,-21,33,136,68.77,56.93,25,15.6,-8,5.72,5.35,30.78,1,61.03,32.23,3,-10,1.54,-33,53.23,24.25,-25,62.25,-8.45
-31,24.44,101,61,99,67.85,-2.88,124,68.38,3,-24.45,64.3,69,57.96,-29,-15.66,32,20,49.39,25,48.63,62,-17.2,73.3,28
27.37,75,26.75,129,61,90,129,53,114,9.92,112,148,56,-44,19,7,-21,69.37,123,-18,57,100,29,18.33,35.63
53.36,-22.04,88,6,-24.7,63,101,-6,-3,3,47,13.67,43,9,17,10.33,14,130,13,-13.16,70.91,45.36,-15.25,73.88,-2
-4,137,65,45.38,66,-18,-8,100,-7,-18.61,146,7.56,47,-29,42.09,13.6,15.35,35,73,95,-9,18.82,20.72,-35,68.22
-8,24,122,52.95,112,3,6.87,-11.93,110,74.92,101,132,36.93,48.93,90,147,20,69,-14.64,13.42,89,8,0.05,142,-33
67.32,41,20.55,125,26.86,6,50.29,78,-18,93,29.82,-49,23.33,20.96,80,26,-30,94,39,-1.53,124,51.85,10.27,54,139
91,115,30.41,-50,129,18.47,-6.74,39,46.32,145,30.25,53,39,49.3,72,111,21,-9,-48,37,57,65,53,-25,28
8.8,72.72,62.03,51,15.98,70.2,93,148,95,57,17.77,18,-14.18,111,122,71.1,70,39.58,96,1.44,37,46,43,-14.31,63.74
43,105,142,91,12,61,-0.55,38,15.46,105,141,-33,51.72,-26,76,21,-30,127,105,121,-3.92,3.88,100,-14.18,74
103,43,98,80,64,-35,38,32,73.59,89,-1,21.08,114,24,-11,37.66,78,37,43,51.16,31.95,-9,3.15,138,43
59.46,58.13,3.52,88,-25,-10.95,-14,74.98,-31,-25,-21,61.33,-17.02,36,28.97,12.42,26,2.49,-26,-11.96,82,91,116,74,62.45
-11.49,4,52,39,65,113,68.12,55.26,31.84,69.32,40.92,-46,99,36.92,60.87,8.93,130,-21.95,83,12.2,-44,84,-28,104,-30
-26,30,67.12,125,5.87,38,53.41,118,-9,-7,136,38,-41,-0.46,0.25,39.13,75,35,121,-4,62.28,45.25,29,32,135
39.46,65.03,84,48,68.36,18.32,69.43,131,-45,61.97,40,-0.15,77,49.72,64,-32,-6,-9,-29,11.24,55,67,143,33.89,1
136,98,57,44.41,89,-4,60.23,113,56,-20,82,30,130,41,52,59.85,13.81,39,56.15,37,58,59.67,67,45.38,129
15.18,116,43,98,-19.73,36.18,22,63,-8,54,49,6,-41,135,-23.44,-10.95,101,18,-3,-17.03,59.77,19,70.28,37,89
56.98,46,-7.11,11.45,23,129,144,137,57,32.85,138,25.94,104,41.9,25.66,43.46,49.5,2.3,-47,130,52.94,138,106,-14.26,33
17.17,87,82,17.76,132,66,4.54,135,-22.71,-5.32,-43,15,-11.69,57.09,-4,1,65.45,1.26,34,62.83,-21.58,89,80,125,-21.25
-24,122,138,35.88,-33,89,34,14,-50,49.98,46.13,91,-23,30,105,51.1,28,18,57,-18.4,-22,-14.27,19,42.21,47
45.18,-21.98,-18.82,73.86,83,112,-12,120,56,71.11,8,53.99,-1.7,-15.72,-13,144,4,117,-38,76,-17.76,-9.76,-5,53.29,22.38
25.74,15.58,51.22,42,12,55.04,61.89,-1,147,15.24,70,56.04,-9,-23.8,-10,105,123,23,14.54,11.59,75,15.77,36,87,40
112,146,-6,63,58,16,101,105,11.18,25.87,115,49.56,107,114,54,47,-45,-11,147,39,12,97,73.5,45.78,74.75
91,0,37,62,-7,-28,122,40.38,53,-37,29,-8.21,-30,-7.01,30,68.52,-13.91,115,8,61.97,34,19.27,114,2.33,18
-26,104,32,15.74,-19.35,-13,103,61.26,-39,72,-6.62,-13,-19.29,67.95,-11,146,35,148,-26,89,33.52,-4,57.45,102,43
28,-43,-28,37.3,125,-20.08,-17.14,5.04,2,-17.48,-33,46.97,20,56,-17.77,63.37,-3,-20.4,74.72,-15,46.55,128,59.08,83,118
4.12,34.82,146,71.31,82,94,-45,-33,86,82,68,136,46.53,17.68,-15.9,67,105,115,8,-38,88,127,50.48,-0.22,-13
107,86,-48,29.97,66,-16,43,-24.37,82,52.35,34.38,58.99,-16.54,44.54,-34,18.44,69.86,19.91,5.97,82,-17.31,8.03,88,-20,7
42,19.28,20.33,-3.43,41,76,122,121,-2.35,-7.7,-8.26,-40,55,65,-7,1.43,-3.02,-19,-19.61,11,34,51.8,27.4,-7,14
30.05,100,34,121,48.07,62,-5,121,57.43,112,122,95,-17.3,-16.84,104,1.77,81,2.12,58.62,-10,20,11,74.94,132,138
133,87,66,10,68.84,-17.86,-12.3,56,24,94,-0.14,22.1,73,132,72.92,52.51,7,10.88,69,7.81,-23,-3.88,-5.01,-48,106
34,-3,-29,33.54,26.64,-36,10.89,1,-15,52.27,-46,26.15,47,108,-0.69,-22.67,73,134,120,93,-11.69,20.51,73,-28,-33
1,135,-3.03,10.33,120,69.95,73,-19.79,67,74,136,34.87,60.33,-13.78,97,36,97,-33,40.95,-43,-2.48,2.22,-24,-22.31,25
-8.37,-16,-49,99,39.1,2.9,149,73,39,73,97,133,9.55,12,38.87,47,43.11,22,38.37,-4.01,43.34,68.63,23,40,19.18
-11,52.45,-48,136,118,137,103,-9,-22,36,-20.75,5.8,55,38,-16,-7.03,125,-5.79,-0.12,63.78,-48,69,149,13,-30
85,51,62.18,55.17,-10,41.97,46.85,123,82,53.81,45,57.24,21,4,98,143,37.66,80,27.5,76,-25,19.04,73.74,73,7.05
36.56,147,-2.37,63,24,1,110,-41,54.51,40,-25,35,54,18,26.54,21,98,90,96,52,136,36,85,26.87,-1.1
144,-9,24,28.56,42.49,65,38.93,18.8,74,-0.46,83,22.45,98,56.34,55.36,-45,94,149,39.78,74.6,-17.75,4.4,18.28,-23,-14.66
-29,18.41,12,55.46,72,33,-34,142,13.2,112,2,82,30.13,55,114,142,16.55,102,-3.96,106,33.16,72,-46,-18,88
57.69,-39,22,-8.77,118,63,116,74.29,1,-12,4.44,24.94,18,66,16.31,-12.13,53,105,56.33,84,33.27,-49,105,73.26,48
-12.84,87,38,108,20,24,79,21,26,2,54.83,22,116,44,8.82,-6.5,31.89,38,50.76,54,37,84,64,59.56,82
57.66,66.18,92,25.06,-0.92,-17,17.93,5.53,66.55,106,28,65.53,-15.73,58,-6,123,-21.83,-20.89,-11.67,38.77,30.46,-4,7.36,-21.1,53.44
145,33.47,27.98,-20,89,121,91,18.07,57,-16.69,-2.97,88,40.08,50.1,-15,64.88,147,94,111,-11.95,3,127,36.28,92,94
21,20.7,-3,55,44,14,-14.47,72.94,10.42,64,-41,24.6,144,54.24,135,8,59,-10,-31,0.24,38.27,-18,113,20.82,99
29.64,90,5.92,21,13.24,134,-1,95,120,66,26,-9.49,38.82,-23.85,-40,143,107,29,142,87,15,32.73,-13.78,44.89,112
37,105,42,107,47.76,94,-10,16,127,-24,125,119,-11.29,110,79,47.6,25.92,3.08,82,72.98,94,17.55,23.69,69.37,41
71.16,-42,74.33,0,97,7,-2,34.5,66.86,-48,-45,-22.26,69,-11.78,20,147,35,-8,13,65.1,104,-1.46,39.95,46,49.55
115,82,56.94,30.65,32,115,104,59.75,-6.57,-25,-13,80,142,40.25,33.19,-30,54.67,33.75,116,130,40,-10.66,87,-5.18,-6
-19.47,56,-28,-19.24,53.6,38,145,108,14,-15.14,76,-46,43.49,-9,88,134,62,95,14,25.91,35.99,-3.25,46.79,-37,71.22
44,65.75,124,-3.98,7.35,20.33,85,16,145,36.63,56,78,79,94,-17.34,-4.77,112,140,-11,7.67,-21.66,10,65.54,15,17
78,15.8,-18,73.81,88,-12,2.79,-22.72,-18.32,57,39.81,-12.98,-17.69,-49,-33,62.05,66,70.31,-23.9,126,23,20,61.57,-0.26,-29
95,42,23,6,12,5.24,77,-43,27,92,66,-24.5,93,39.1,-47,-5,-21.88,-10.51,45.3,108,132,147,37.25,105,131
105,145,62,77,-31,107,-4,120,57.17,131,-17.44,19,72.07,17,77,-22,44,47,14.85,-5.91,87,58.49,5.36,53.64,29.84
134,-39,38,64,80,133,77,9,145,-29,5.46,-2.9,-50,-37,96,-19.83,112,-29,56.93,30.89,56,115,7,41,52
-2.81,-17,148,29,66,144,-43,-13,78,70,85,70.04,65.23,-15.03,7,39.48,40.96,25,79,35,-46,-22.2,59,74.08,116
9.96,36.97,45.33,73.91,110,-0.99,-40,49.19,131,126,77,49.43,98,64.36,10,63,42,134,125,3.33,127,120,142,-23.62,94
12.37,43,72.17,20,57.05,55,112,-8.68,20,59.08,51.21,-41,57.17,109,-47,54.39,33,98,66,20.93,52.71,35.76,129,-21,140
-26,40.98,24.73,30.08,38.47,13,74.04,-24.59,78,5,55.56,-1,105,-34,70.29,9,108,3.34,57,66.37,13,117,38.43,-45,62
-49,-17.46,-11.97,61,26,0.62,56.32,57.59,52.14,10.13,130,56.56,25.05,123,42,7.45,122,113,43.84,48,63.97,23.67,27,42,35.14
26,141,17,-7,-6.37,-44,-3.49,10.63,91,82,-22.21,80,62.5,1,47,-11.64,-3,62.86,47.6,42,61,21,116,-46,40
114,78,106,29,37.88,72,47,-3.18,114,22.67,111,62,68.18,49.4,0,68.26,15.34,3,-32,35,-40,36,-19.12,69,-17
16,25,135,-36,77,138,20,33,-10,143,138,12,45.53,9.14,-21,-15.2,8.37,17,62,19.16,130,72.18,61.08,-5.84,37.26
98,148,74,61,118,14,-50,37,99,42.21,53.62,34,-43,88,127,141,19,-48,57.84,24.93,105,6,28.14,-13.45,82
107,66.44,139,11.76,50,49.2,54.07,97,57.43,117,-18,-20.71,68.73,147,134,134,67.58,42.74,96,46.09,30.81,29.46,46,-17,-32
46.31,64,140,11,2.73,-35,-16.12,71.22,51.2,57.45,116,18,36,49.46,101,66.79,83,20,-4.18,-14,16,46.58,60.45,-32,33
-15,54,-18,-17.68,97,-13.16,-9.56,-11,132,137,134,13.49,-10.92,73,73.55,-4,-4,-12,82,125,36.3,96,19,10,44.68
-18,57,38,16,66.85,67.78,-42,27.43,75,-22.12,127,-35,52,44,-8.11,129,105,53.37,14.47,89,120,28,21.79,122,102
-17.83,-16,-3,73.37,11,-43,-13,-25,24,23.89,122,28,94,50.5,49,-50,16,141,121,119,5.59,27.96,66.78,23,41
115,90,58.72,69.95,45.52,11.35,-33,72.27,39,45.85,71,-9.58,90,-35,97,133,9.94,126,-10.34,97,64.18,18.13,43.51,-19.6,104
55,122,-22.47,64.8,5.28,-40,7,32.02,-10.2,48.73,-34,71,68,-3.8,52.62,-17,5,41.14,35.68,0,-4.27,-26,18.94,6,79
22.05,68,55.07,142,11.1,34,-48,93,-32,4,57,-5,28,9.43,136,-27,6,105,-10,-12,23,36.42,149,58,27.15
62.7,-3.94,30.23,73.46,-32,83,16.47,-5,67,60.12,0.19,39,-12,-4,72,-15.64,24,83,-14,62.03,57,-37,120,113,37.46
29.19,132,30.63,98,111,33.03,6,29,147,97,108,-11.54,89,-1,54.55,87,66,138,19,34.95,98,-35,66,87,146
20,63,40.45,34.46,46,-12,57,0,50,62.19,-43,133,146,-15,68,86,26,73,-2.26,129,24.89,92,60.88,19.12,43
3,43.66,149,54,-9,51.2,2.19,48.36,-33,-11,65.86,148,-0.89,-25,32.59,21.95,35,46.61,92,90,-3,93,126,71,-6
-23,73.83,97,14,28.28,136,63.78,55.9,110,130,138,73,-6,98,-47,-16.25,20.68,-43,20,13.51,38,-3.86,-17,67,16.53
5,59,-23.45,61.58,-23,9.32,19,-4,93,3,128,-22.97,30,14.97,25,148,-15.49,41.76,-16.2,-8.54,55,116,-8.76,-19.01,105
-0.96,-23.43,-45,-39,-49,53.61,92,13.5,48,-21.32,27.87,-13.9,43.96,-7.58,-0.64,65.22,78,68,19,35.74,-9.57,2.24,6,24.74,100
33.36,141,42,-13.29,20,31.22,68.32,-8,-16,-18.09,122,80,35.12,24.65,1,-36,76,-44,139,-17.73,38,35,24,-13,31
33,125,-16,37.86,16.71,3.54,72.65,91,1,129,80,141,27,29,60,43.69,17,56.3,13,40,-10,-11,99,7,12.52
-29,31.72,21.64,-6,28,9.06,17.79,126,-35,116,118,-19.5,25,46.89,3.6,109,29,-11.27,135,85,-40,28.61,72.69,27.78,5.37
0.1,47.03,38.25,61,29,15,95,15.2,-46,101,-42,-26,-12,-11.38,13,39.6,108,69.31,7,-22.21,-7,2.19,87,-2.41,112
34,96,72.28,49,3.25,-2,3.67,68,-4.54,92,147,79,68,4,56,5,42,127,-25,-14,54.5,-5.72,93,50.15,74.65
39.37,57.35,-16,14,36.4,40,47,99,46.11,7,84,21,30,69,9.88,14,53.99,24.79,70,71,52.15,29,119,13,-21
60.58,45.33,50,117,-13.55,46.74,-32,29,36,5.75,-17,-10.58,-22.32,26.96,87,23,92,18,58.55,60.66,34,0.46,128,103,113
8,42,51.65,47.11,5.18,124,9.28,72.63,42.45,65,-27,29,-14,12,55.77,52,111,-10,119,77,62,-10.67,-23.78,6.77,5
-1.61,12,-1,-24.84,58.15,27.7,-44,119,-47,2.3,4,134,110,70,-34,55,133,81,34.91,62,135,36.43,130,-21,74.5
62.48,-44,131,106,43,13,71.55,38,-4,22.98,69.17,61.81,9.56,-0.52,0.97,87,82,87,113,125,46,16.85,6,21,116
-24.61,-27,87,32,-5.49,-43,-6.28,19,52,-23,14,38.54,-37,122,-28,4.72,28,46.09,65,49.16,73,102,-21.46,-17.7,66.86
-34,75,21.64,86,10.66,-13.54,-22.95,90,54.69,110,-42,139,53.82,115,82,86,83,3.1,20,40.33,-24,23,26.07,13.45,40.93
-27,70.66,76,30,-24.32,79,25.97,99,98,68,-21.74,14,89,42.19,24,-50,-10,53.28,42,18.13,52.69,44,54,-9.94,20.64
49,129,59,17.72,117,16.1,149,-8.46,128,83,16.14,20,16.23,36,2,52.93,85,104,15,10,93,-4.76,39.13,63,141
143,45.12,73,143,67,-3.19,11,80,38.41,98,52.91,37.68,87,88,-23,17.82,98,-44,134,118,44,15.87,134,112,-46
10.09,34,54.03,39,52,40.6,128,145,79,56,27.61,101,-8.64,41.3,-8,57.94,21.2,16.48,28,124,-5,5,29,-22.39,-7
57.87,124,-21.03,19.31,-13,100,-30,70.85,37,89,77,145,3,44,148,-14,116,-13.37,85,70,72.25,63,11.92,-7.94,66
-44,15,51.75,34.16,9.25,33.95,1.65,-12.3,53.22,65.09,-17.2,35.87,7,32.57,100,-41,31,-31,-12,14,22.88,98,-10,47.65,60
18.59,22,95,-32,40,-7.29,92,-10.57,133,50,72,-16,56,63.58,-49,11,71.46,0,68,-34,125,23.86,13,26,-30
37,43.73,33.56,59.6,138,96,14,40,-16,41,-9,72.37,53.55,58.42,52.54,62.83,72.91,40,-11,57,-24.79,145,103,93,87
73,-27,54.52,7.97,113,15,31,56.62,-1,149,11.67,56.17,51,-48,-40,-19,-5.18,17,59.84,73.3,106,-42,41,-24.76,-0.44
127,25.38,-12,63,141,44.99,2,21.47,55.75,-15.54,-15.94,102,-7,117,15,85,46.26,-49,141,107,68.88,0.84,66.19,57.57,22.49
6,46,37.33,114,147,70.3,18.06,31.04,115,47.12,66.96,9.99,72.14,73.14,86,51.13,19.65,48,-23.4,63,69,20.72,-1.51,64.45,-14.93
100,40.01,-5,10.42,66,-6.68,-38,5.8,-18.61,45.24,-31,106,20.81,57.8,71.64,57,20.94,44.42,74.7,29.89,39,103,2,34,56
1,-7,30.19,54,83,6.01,23.2,-5.6,2.36,-43,4.34,47.65,39,140,-16.31,97,-47,63,114,71,108,-27,-27,64.01,67.12
-37,56,-45,26,68.33,92,66.61,35,-24.21,132,149,118,21,-15.82,23.03,4,53,-29,38,-29,-19.87,0.03,31.93,6,131
23,53.88,37,32.92,0.17,-9.14,111,63.54,106,88,9.8,-18,-5,59.41,-23,69,37,69,25.58,49.08,72,48,37,65.21,30.5
64,-23.65,31.03,68,-24.89,-47,0.8,-22,7.88,53.99,43.01,-47,-2,-15.12,-49,-8,53,38.83,-0.38,23,-44,127,43.95,22,70
8.14,133,3.2,94,63.88,108,121,145,48,-37,132,-14.39,22.32,4.33,79,20.51,127,25,133,42,32.59,-32,-15.11,-48,3
7,53.14,63.35,-28,35,-21.11,30,39,66.79,125,61.4,41.7,22.88,48.82,92,10.61,65,-23.19,8.56,63.3,13.76,41.38,63,-23.49,17
15.61,87,51.64,-39,-44,53,28.25,-0.02,126,134,-11.53,3.56,-6.02,-6,63,-7.77,-9.37,7,43,127,54,46,23.3,24.3,-8
-40,143,19,90,56.84,-19.48,-18,-5,55.41,39,101,123,47.39,-39,73.88,3.56,102,72,-4.25,52.36,-14,-41,29,55.84,69
25.8,119,-4.37,63,97,47,111,4,34,-22,-11.94,-16,-17,58.99,-34,60.9,45,51,45.67,94,11.13,121,131,20,55
121,112,7.44,44.71,41.66,111,119,-16.4,4,-9,148,145,48.04,94,-8,29.18,-2,-5.29,-11.27,2.57,31.84,58,-16.81,2,12.57
-42,46,47,57,100,80,117,0,55,118,115,-20.15,94,3,31.6,-21,-15.66,58.34,19.48,14,-41,122,12,10.82,69.26
25,109,66.23,5.64,-8,-16,118,64,-2.33,-11,-31,129,31.69,59.81,50,39,107,18.04,40,122,20,-0.55,60,-18,147
67.39,9,30.53,-3,61.21,38.78,66.81,13.43,30.75,23.76,-1,34.44,55,40,-28,23.38,24.94,4.15,112,-47,6.97,61.38,29.89,0.13,1.86
24.29,92,109,104,58,51.72,83,7,87,-26,14,55,18.53,42,63.97,-1.11,23,-1.28,36,43.41,73,114,7,92,11.56
-22.73,-22,19.33,1.11,46.49,31.42,10,47,14,20,146,65.97,37.92,-17.78,-42,147,9.5,73,-9.51,24.68,-15.74,-13,-10.64,123,102
45,-10.38,26,-39,122,76,-7.69,29.81,113,2,127,107,-2.57,-1.66,-45,65,42,-19,106,17,-24,-6,-19.23,-10,-15
-1,17,11.8,26.6,95,39,60.31,29,97,39,10.89,15,-22.05,1.56,60,57,50.72,-9.84,9.28,40,-19.29,78,2,114,110
-8,13,34.53,115,39,-12,40,62,112,-16.99,-10,61.48,141,62.07,40.61,83,63.05,98,42,-26,2.33,104,27.64,-4.63,-2
97,11.39,-35,-28,13,27.4,41.62,-13.73,-36,53,18.26,60.58,-38,16.19,59,9.98,-15,77,63,129,7,61.93,-19,-18,-13
3.29,-47,93,-9.41,120,-29,15.39,-42,48,-32,73,43.38,9.55,29.22,-8.07,105,-8,126,-10,22,-12.36,41,24,25.83,-9
36,17.97,92,69.83,61,-34,5.58,67,-19.29,-14.52,115,130,97,39.41,-5.16,55,53,16,30.92,-31,-8.78,20.23,-22.2,12.73,101
11,-6,60.14,4,31,119,130,39.49,21,15.06,75,-35,-25,32.56,39.71,73.28,34.46,50,76,36,43,26,77,18.8,123
63,51,27,59,14.14,45.81,32.25,84,-3,36,20.5,87,-0.8,10,119,142,17.89,91,93,24,75,-9.12,107,111,-22.32
38.02,36,19,37,71,101,-19,1.29,4.71,-24,119,54.31,145,-19,-21.2,42.63,0.99,19.14,64,27.01,3.02,-12,-14,-9.89,8.31
98,74.51,66,52.21,138,64.23,56.58,44.42,5,32.34,73.41,73.31,72,26,147,69.75,52.87,-40,22,40.11,17.75,-50,-6,-17,26
40,83,62,46,65.03,65,34,55.85,-14,114,41.77,70,10,-11,133,1,91,89,-2,-11.99,-7,-30,-3.64,5.73,91
39,71,-38,33,-11,-12.33,49,146,-3.23,48.47,72,98,-7.29,24.05,21.79,-50,43,129,-42,-15.94,85,25.93,136,13.79,-14
44.81,54,43,27.35,66,8,100,44,10,76,-15,-44,65.25,132,43,73.83,-20.7,54,56.43,76,32,139,69,27.5,-23.48
51.32,129,-44,-33,146,117,15.32,142,123,27,107,100,126,52.74,105,17,23,-23.51,48.84,72.03,80,22,-1.52,78,80
-21,25.91,13.25,-16.7,56.67,-9,36.12,-7,14.68,-1,-13.14,-27,-19.13,31,8,34,-9.8,-14,57.99,36.64,22.38,85,91,-17,122
25,79,-16.78,120,29.21,65,-2,52.63,-13,-4.48,-2,18,59.29,63.63,138,14.22,47.02,5,18.49,6.19,22.22,-8,63,99,64
19,-37,-21,-1.64,17,5.09,64.75,-20.91,-2,61,66,52.13,-15,57,58.82,-18,-30,-12.77,-45,52.46,51.36,61,124,9.69,143
59,120,143,49.65,-31,-18,135,39.99,31.09,72.59,-13.03,98,47.66,55.03,20,-0.07,3.13,-28,-13,55.33,68.27,127,76,7.28,62.83
72.18,0,105,43.4,-48,70,18.39,26,18.97,37.76,-7.94,85,2.18,33.62,3.51,-32,91,9.03,-4.28,-20,-5.93,-3.52,139,-13,27.18
-24.52,-5,-2,133,-26,23.6,120,88,149,23.89,23.05,73.02,50,75,139,77,70,42.96,92,-34,-10.2,11,67,45,-25
-50,84,98,-6.29,64,87,43,103,29.27,145,-5.78,136,-25,-5.41,37,-20.04,45.57,-39,-45,38.34,43.61,107,74.68,94,4
63.05,123,-1.43,73,26,95,-21.43,-50,46.95,-25,36.86,131,117,-12.83,-4.46,1,-2.85,37.41,21,96,112,61.67,29.39,50,53
-13,138,27,95,-19,147,61.82,133,37.88,115,-26,11.46,40.09,86,82,143,-2.05,67.53,-8,34.11,51.12,134,20.43,48,60.68
12.56,55,42,-0.05,75,63.78,15.51,49.41,101,116,17,56.21,15,38.18,65,27,3,-45,143,87,83,97,-45,27.27,29.75
133,22,63,60.02,-1,-29,-3,74.08,141,-10,122,-29,-21,125,87,61,-5.15,54,53.29,17,149,23.29,54.35,40.93,-37
31,26,42.92,-36,100,0.94,51.26,30.18,103,141,100,58.78,74,55.42,-45,60.76,42,90,63,49,72,39,59,88,123
113,33,31.84,28,65,51.39,145,9,149,-32,14,111,10,124,13.07,148,0.65,134,19,70.37,5.69,-22.98,38,-1.39,-4
85,96,26,63,114,-4,-16.3,116,37.86,39,24.08,-3,43.27,8.49,71,115,13,123,55,-18.85,43,9.21,44,69,57.75
-1,-49,19,-8.31,108,60,76,86,-4.21,13.33,118,73.35,2.22,4,42.19,75,-21.09,16,64.6,37,11.34,15.3,4.14,53,-14
53.46,59.46,-46,-21.46,-25,58,42.03,50.65,105,20,4,31,26,51.5,5.69,145,78,105,58.67,50.49,9.17,15.74,34.95,6,65
60,107,92,-16.76,-31,70.41,24,149,31,28.57,72.24,-32,-14.7,104,47.28,106,147,31.88,-22,145,40.23,6.15,70.41,65.12,46.75
64,-8.14,-39,-13.36,10.45,94,24.97,87,25,-23,-1,137,118,21,-9.35,43.79,-41,118,116,60,-18.56,93,31.62,-18,17.69
-22.38,8,51.67,-22,62,68.75,111,67,32,22.29,58,-1.14,65,-6.62,80,-3.88,48.62,-20.54,-16.33,49.64,59,62.64,120,-18,-16
78,65.16,65.19,1.96,50.7,-29,-24.89,66,22.75,57.75,15,81,-36,95,-16,116,1,94,38.38,14,119,61.22,78,82,37
17,93,50,-18,138,-10,147,-3,74.26,-12.36,119,3,36.23,59.16,33,22.14,4,-28,93,-39,24,68,107,71,21
82,32,-9,-46,-3,61,68.99,-46,33.2,-14,60,51.53,-29,53.43,-4,35,6.97,114,16,7.42,-30,0.33,29,92,50
-23.13,15.02,112,-10,112,13,45.66,89,140,11.76,28.62,32,-33,27.99,-8.74,4.73,-17,28,137,12.83,59,39.85,-44,106,73
25,120,24,25,100,37,55.69,35,0.35,12.76,-42,-23,23.34,-8,-17,72,92,18.18,-30,55.4,-9,68.28,-49,64.89,74
-25,-28,-2,-25,7,131,4,-22,-47,0.37,98,-43,110,58.59,58,11.51,3.6,33,115,-16,-30,-40,59.89,114,109
15.39,68.37,108,118,28,121,129,-12,29.88,20,59.19,32,62.01,-20,52.15,11.62,41.64,-2.29,-24.57,-4,146,-10.76,78,44.58,140
-6.9,44.84,67.33,-10,-11.74,100,5.26,10.57,58,41,71,38.02,107,-8,-0.51,112,131,13,-32,148,45.01,-11.36,1.81,45.73,144
68.9,72.14,71,135,120,10.49,-39,30,20.86,-42,44.44,137,-1.05,7,16,-10,72.76,-43,-6.96,7.09,28.31,125,46,59,-13
68,127,49.51,-11.34,30,68,136,146,120,86,27.01,13.99,8.6,-2,-34,55.47,-48,72.34,23,56,62,135,-18,149,80
52,9,37.74,13.64,-10.77,59.95,-22.08,-20.24,61,94,144,67,7.41,-20,-13,-16.16,40,55,147,-36,-15,113,71.63,-38,-21.65
-43,31,56.43,66.2,-6.39,-10,17.98,31,15.72,-15,56,31.23,-9.95,32.2,21.91,0.98,72,25,52.51,91,123,72,14.56,-13,61
34,17,-32,42,99,-23.62,-32,51.11,18.45,76,73,44.2,-17.65,8,-9,46.27,51.62,116,59,27.42,86,25,115,7.78,46
4,50,-15.95,104,68,80,147,16.51,10,92,-32,-44,23.75,40,-14,44,88,63.28,34.61,-40,-1.32,0,117,-6.6,90
37.07,66.75,10,129,91,37.85,133,54.54,32.26,49.81,4,137,60,-2.34,19,-12.12,93,46.13,-29,-11.24,-3.43,80,64.55,-48,25.57
95,62,68.87,54.54,70.31,-40,37,99,54.52,-24.95,-20.4,99,-19,68.53,-14.27,55,-17,93,75,-35,-7.72,31.66,72,22.82,40.98
121,11.22,45.95,28,16.74,28,37,-11.69,89,86,-11.97,-45,-8,22,-7.11,27.25,0,19.27,142,140,16.07,55,62,91,109
117,42.5,72,60,102,36,46.26,109,5.07,59.57,139,11.74,42.87,-49,73,30,-13.34,-1,76,-23.82,118,134,96,20,-37
11.07,32.83,39,-10,85,52.04,128,-9,-15.8,69.21,61.46,6,94,133,61,77,32,120,45,144,-14,-33,107,86,-18
33,-36,22.92,132,27,18,-13,146,54.48,45,11.69,43,27,9,7.78,48,105,93,1,149,101,67,79,74.06,7
11.29,14.77,18.19,146,17,8,-23,145,7.96,-13.22,61,4.13,49.52,53.04,-23,51,25.05,-24.24,-18.16,19.45,-17.3,24.44,-24,83,67
-18,8.86,69,70,45.28,-26,42.77,62,-1.56,59,120,-13.13,27.9,130,64.31,130,96,8.85,5.47,54.11,-43,30.71,35.22,29,95
54,35,-37,35,112,-24.46,20.91,-16,16.64,44,4,13.48,67.4,71.62,68.11,6,88,125,29,35,55.6,90,16,-18,74
-6,1.91,20.16,88,22.08,73,145,46.83,-3.51,-5,57,31.29,38,47.8,19.04,54.63,31,7,-41,147,11.18,-45,47.91,73,-18
122,-38,34,21.56,-24,8.87,67.53,-9.98,13,60.5,24.67,-50,32,90,121,144,37.35,-26,142,114,136,11,-35,110,42.81
32,95,43.99,130,-20,-6,109,26.53,34,55.37,36.14,-9.82,137,126,47.36,47.3,98,0,-34,14.29,17.26,39,-10,32.17,-39
64,-21,-23.81,68.19,57.94,-16.34,-47,100,111,13,19,44.85,-14,12.55,104,68.24,90,27,42,25,-0.61,-16.7,33,116,-20
-34,30.91,115,78,115,65.33,-39,36,52,94,21.92,112,94,35,-21,-17,-4.66,-36,-11.43,-33,64,14.89,-18,24,-13.71
116,-28,52.65,-41,-28,90,41,25,0.94,133,108,62.65,70,26.57,141,-19.49,-41,89,-38,50.15,42.76,28.88,5.02,67.48,56
134,11.48,119,98,0.97,-4.59,31,22.39,4,1.29,93,6,1.94,119,57,-28,50.66,38,15,37.94,23.64,123,30.24,81,145
49,42,72.33,53.87,35,42,84,108,5,85,-15,-40,97,6.35,46,114,148,0,41,60.32,-7.06,0,-16.07,31.49,115
55.86,34.7,91,129,63,26.19,26,-22.18,75,-9.03,-3,-10.28,113,93,101,47.67,48,6.88,14.36,54.37,34.85,58,-14.24,37.68,11
24.49,74,79,56.23,92,-19,1,57.62,43,100,-16.88,7,61,-8,-39,55,6,39,11,73,20.7,-19,20,-3,29
-8.1,14,-1.19,46.78,118,90,-14,-11.95,99,4.76,-2,-16,-16,56.49,22,-23.02,-5,32,149,-38,-15,20,74.97,19,-4.89
43,-9.62,114,44.75,-50,-21,-9.4,88,-42,-20.29,89,-11.03,64.42,120,-30,-22.65,-46,80,106,-23.76,74,-6,17,81,18.42
-7.92,73.38,-41,101,121,-28,114,100,39.17,45,8.02,-1.22,-6.23,110,-43,29.72,38,-45,66,43.08,-17,132,146,132,-16
-48,0.5,53,17,6,71.25,45,-37,9.31,59.83,79,-16.73,39,-40,129,-47,52.38,27.79,47.51,136,71,45.3,77,62,-24
-32,63,-20.03,60.75,16.8,85,44.22,50.3,-1.47,57,124,-5.05,11,132,14.33,0,-0.65,67,-31,25.75,-15.01,52,-5.79,-20,7.34
61.47,-17.18,-7,-5.01,6.37,85,42,27.05,128,-15.96,-42,-18.61,24.32,34.04,30,141,74.89,19,74.5,-23,16,-45,70,11,9
24.54,98,36.95,50,143,111,26.27,48.81,-21,-10,25,24,78,-15.5,13.29,43.68,125,-42,3,62,88,25,56,116,-14.95
-18.53,63.01,80,44,62.3,28.62,132,38.19,120,-23.49,126,14.45,18.08,-42,50.04,38,58,-19.66,-24,116,-9,-38,73,-14,-18
90,74,68,27,79,68.88,-22.98,7.99,91,65,86,113,67.39,7,56.05,-13.04,17.07,122,115,-4,-0.71,95,40,38.51,30
19,38,34,-40,86,82,-39,35,4,21,145,71,23.48,107,68,-50,-24.93,26.56,31.75,119,54,14.3,11.95,-23.3,0
113,50.64,49,75,8,51.47,-20.99,10,99,34,2,14.89,-41,83,-27,48,118,30,29.77,85,-2,96,50.4,27,33.82
16.14,-3.74,41.37,85,76,-3.23,44.88,52,-39,69,25,49.83,93,127,-19.22,63,36.53,73.2,74,15.32,12,112,29.54,100,135
102,-44,60,16,47.29,23,-5.46,34,45,66.69,82,-19.5,93,71,3,84,-15.63,124,123,11.67,15,-19.04,-4.73,38.65,51
45.24,92,22,-49,123,18.62,74.89,-37,-7.29,0.73,97,52.77,-14,145,-28,108,-24.81,-19,23,43.09,80,-24,96,72,-10
-24.9,37.26,123,-15,14.42,50,-12.36,-11.12,-10.52,0,37.68,38.24,100,-8.94,44,57.37,35.76,-3.66,112,112,134,26.69,29.33,10,8
-41,39.27,-24.31,-3.2,126,144,48,69.25,-27,76,90,35,21,57.14,37,66,91,49.37,52.14,18.39,6.71,35.49,138,11,97
39,11.46,55.74,117,-19.52,-20.81,1.01,-7,-2.29,51.4,-8,-36,139,145,-8,-11.42,-18.06,36,20,145,-20,64.38,-16,-27,-18.12
11.29,-15.49,5.09,110,57,22.81,10.91,63.04,-47,74.13,-41,83,59.08,35.01,95,9,59,21,14.12,-26,24,13,65.66,43,23.63
71.82,-17,17.3,-20,18.03,-2,-19.27,113,60,-5,-21.59,-6.03,-13,5.77,114,27.49,93,70,38,2.97,19,40.89,-18.84,60,78
59.96,-14.37,116,107,45.11,13,149,68.63,3.13,10,-12.48,19.86,74.16,141,42.26,-10,121,149,138,64,91,67.22,28,86,67
43,34.08,4,54.97,17,-0.13,7,75,-18,86,0.18,32.74,50.24,31.06,109,46,72.66,7.01,27.56,26.62,2.89,9,72.69,14,-2.51
-7.33,19.49,65.18,37,-37,0.04,-23.94,66.5,69,3.09,35.12,66.65,29.13,10,76,47,5,70.1,37.11,10.92,62,0,-13.93,59,35.71
106,-22.93,32,-45,58,62.22,146,108,89,138,135,-48,9.5,-15.77,-26,19.42,73.72,77,-41,1,-11.41,49,108,-27,-11
-1,-44,7,-7.08,-35,85,3,16.11,81,52.45,61,10.88,101,111,-49,29,-12.54,58.47,-10,-45,55,-23.51,-19,128,68.78
121,-35,15.16,34,52.01,39.69,55.27,-46,51,146,67,24,26.98,18,43.81,132,4.79,-48,74.62,105,-32,40.79,136,147,36.15
20,36.65,105,1,40.12,45,37.76,-0.77,107,-17.16,104,6,21,-14.93,78,-1.75,84,49.61,-33,102,-27,-10,119,139,19.98
-12.49,-25,65.63,-35,-49,-23,-50,30.02,32,55.27,138,-8,-7,57,73.52,-49,91,125,56,47,27,53,32,8,-44
53.15,91,8,3,33.27,72,128,-6.17,140,59.17,41.43,54.19,-13,-44,-15.51,133,9,18,60,55,38.33,-49,40.23,4.99,67
98,12.49,61,51.9,-40,68,-30,139,14.63,35.87,-24.37,29,-8,24,58,-43,70,92,61.73,-23.13,-23,107,39.31,54,-47
33,70,123,-44,13,3.57,47.75,124,72,56.04,17.26,33.74,2,118,-20.2,8.6,82,42.51,-4,120,14,40.07,29.25,-13.86,10.74
8.76,-7,-9,57,5.55,-19,-12,10.38,-49,-24,1.54,73.53,61.48,-4.76,10.5,122,118,51,132,82,-10,2,125,78,31.51
-20,-27,-23.62,42.67,125,71,49,-17.26,-24.04,-46,-17.13,-34,136,-18.13,59.9,90,19.78,71.07,74,20.4,34,28.85,-19,42,13.1
70.27,-45,69,75,-12,-0.71,9.81,-8,48.83,-13.41,109,126,50.62,138,-11,31.08,5,-39,116,78,57.21,-41,34.47,80,28.61
-13.44,4,126,68.41,9,19,15.19,37,18.27,34,-46,98,-18,18.28,128,-31,-23.4,-41,71,74.59,-26,33.5,60,100,129
56.29,105,12,70,-17,93,102,16,76,47.46,-47,100,-3.79,36.66,2,-9.68,-11.38,49.32,-1,-25,29.04,113,67.75,85,22
44,27,60,-1.63,68,40.41,128,-4,34.51,34,86,54.7,36,69.82,51.34,70,149,98,-8,10,71.18,45,-11.25,19.52,145
-27,109,64,-14.05,99,54.88,-15,28.06,125,46.34,23.93,-47,30,-5.01,35.03,40,140,-1,61.64,87,-15,-49,45,66.35,-50
67.36,96,1.73,42.27,4,60,51,-17,117,7.63,55,23.55,-29,-6.87,-15,-10.62,44.35,83,-17,66,40,-6,94,43.19,95
142,-13,58,64.24,71,41,103,50,30,13.23,30,7.37,28,-44,107,66.83,-23.19,107,31,28.64,65.62,15,30,101,87
-8,-24.99,141,3,-49,34.3,65,31,48.42,4,96,-42,18.48,83,94,52.23,1,-4.41,56,60,65,21.63,63.33,147,-28
-2.58,9,-46,72.26,43,-20,128,26.79,36.06,51,-14,36.26,-0.37,24,75,99,-13.65,12.5,51,28,71.78,146,125,-7,86
28.81,62,-21.08,23.98,63.47,98,103,5,4,132,-12.77,25,16.37,-12.26,48,13.57,78,-18,-8,23.05,-9,99,6,-22,47.08
61,8,147,-6,0.02,68.95,18,57,16.01,-0.24,22.51,37.22,11,29.46,19.05,65.93,32,5.27,81,-33,-35,-2.67,22,-42,58.28
-24,-7.43,-22.23,14,88,72,4.42,103,-27,-21,53,88,-41,-26,-23.1,21.06,31.45,-17,-19.46,101,34.67,-14.19,88,-36,59
81,2.34,3.42,24,38,102,115,21.09,117,69,2,-1.48,34.83,23.82,-0.19,86,-49,59,-20,1.4,49.48,-27,107,-9,6
-44,58,-11,9,65,149,10.92,58.81,112,0,10.66,100,58,39,18,-17.52,-41,73.96,93,27.99,28,49,0.96,118,-21
70.03,-11,78,-23,12.69,32.81,19,144,-15,41,-12.52,-40,35,-6.56,106,41,22.01,72.21,22.47,18,13.1,31,17.22,9,73.54
50,63.49,30.88,70.09,14,139,104,-7,60,70,69,94,47.77,12,95,23,49.34,50.26,138,-19.03,-14,57.2,-16,30,-24
43.31,32.66,9.13,70,98,51,62.08,48.73,144,-39,-8.74,109,63.81,-38,96,135,-45,55,45,38.96,20,32.98,47,6,59
130,136,28,58.24,74.64,-3.79,-49,6.77,26,138,12,24.59,32.57,24.31,96,9.89,-7.62,30.53,40.24,43.62,4.98,86,82,-11,53.33
32,51.12,-12,-31,-6,97,105,24,-21,32,73,68,71.92,104,133,14,38.74,50.85,-19.24,7.16,54.89,-9.87,-42,28,14.8
57.73,36.17,45.02,-37,77,135,124,36,-7.31,62.96,-17,65.03,63,47,-8.58,1,-4,42.25,115,130,54,110,2.73,-46,-17
14,7,-9.37,-39,58.63,-18.83,-3,33.96,117,-6,124,13.87,2.37,24.93,-43,68.57,90,98,107,61,114,60.18,100,71.25,-3.87
13,47.39,23.55,61.71,-35,14.6,101,121,17,43,42,38,-27,-34,23.84,96,43,19.96,91,11.09,105,61,18,-29,37.66
71.98,35.06,26.81,64.53,-13.98,-22.76,60.09,41,77,101,46.16,135,28.79,-34,22.24,14,77,-14.28,59.55,69,33.49,83,1.61,-23,50.13
47.54,67,75,17.83,-3.25,50.85,126,-12,43,134,25.86,68,2.02,-9,13,47.17,89,37.54,20,46,-18,-47,-5,36.01,16
13.13,42.34,26,61,-49,61,65.35,22,-20,37,15.75,-4.2,6.93,-12.84,52.06,-46,31,109,95,49.45,-44,119,44.6,35,-32
68,112,124,56,-33,-44,13,-9,7.25,-49,96,17.94,134,23.53,44,26.38,4,73.58,135,-15.87,100,30.98,-5.47,113,52
-43,3.86,-34,35,138,-14,-20.6,-48,-30,-30,26.14,43.83,25.16,22,88,0.32,138,20,-24,58,-26,-21.38,52,-45,71.31
-36,38,11,130,-10.16,35,56.28,92,11.36,61.07,-2.04,6.06,-25,-16.5,-20.19,-5.01,38.28,69.86,33.24,54,62.84,-22,-19.77,65,29.65
113,-11.28,36,56,25,24.33,114,96,28,28.73,54,55.42,23,42.29,57.66,113,117,45.28,-39,-16,149,78,40.02,57,99
70,36.73,19,44.86,65,36.08,41.52,55.3,34,129,87,-44,28,10.27,124,-21.67,66.01,69,80,44,76,119,56,37.48,82
98,149,-8,18,40.35,38.24,27.69,0,-34,-38,6.8,126,42.79,17.12,29,55,9.96,41.88,127,56.55,-17,-41,46.45,28.9,29.93
123,-47,1.23,105,145,-17.29,134,76,23.29,96,28,-8.96,-44,93,-40,67.1,13.16,129,-20,-20,22.36,-43,53,48.55,31.95
131,124,-30,139,-46,35.22,65,-38,48,-26,6.18,15,41,-21.17,114,8.26,15.5,-14,31.11,-15,-50,135,12,-27,61
12.85,20.9,-12.61,97,-41,27.55,-43,19,77,80,44,-23.96,53.41,53,49,0.05,74.89,135,31.51,64,55,25,-25,31.81,4
27,14.36,11.78,16,-50,18,-22,-6.34,6.94,24,137,2.31,138,14,139,55.52,16,8.77,14.49,-8.01,-36,85,88,88,84
-15.15,61.77,20,115,19.77,140,21,15,130,75,-10.92,90,-19,6.18,-45,149,59,76,51,114,-17.74,-28,2,125,85
-44,44,41.85,66.17,83,20,124,-9,-3.14,-28,101,93,-13,-44,79,125,71.48,37.8,-19.07,29.52,51.45,-17,-0.3,51,-24
-16.92,46,51,71,74,45,-0.41,71,38.95,135,106,10.05,55.07,-9,63.68,-10.48,134,-4.44,-34,34,96,46.68,33.66,0,-23
23,83,14.09,33.89,36.28,38.38,-2,50,127,56,7.88,-41,-23.39,-9.03,-5.48,123,20.29,0.86,21.88,109,-13,38,-8,67,1.05
11.41,142,29.46,57,71,0,-46,9.56,33,43.44,125,5,-7,83,-11.43,33.02,-33,62.53,114,43.37,22.6,11.63,62.86,38.62,103
-32,106,142,-26,5.86,14.75,81,61.45,28.26,51,11,22,48.18,65,18,20.44,110,52,63.06,127,133,112,-36,121,25
68.81,0.38,42.2,1,53.9,57,60.52,-24.15,95,-24.12,126,127,3.06,38,45.62,62.42,111,97,116,-1.1,142,79,9.17,65,62.17
53,18.69,-47,108,63.84,12.75,48.32,-45,35.47,6.12,89,-9.22,-21,-1,-40,40,-8,-25,45,72.78,-2,66,21.21,2,27
69.17,53.18,69.68,68,93,-7,16,46.94,52.14,141,23,-20.34,16.63,61,25.96,26.69,35.38,15.68,-30,46,-22.55,48,124,25,104
10.47,0,61.03,35.04,54,-14.6,67,43.44,69.23,57,21.73,74.08,12.1,56.7,100,121,-6,5,-24.72,-25,30,-10,-20,68,-5.19
-23,70,10,-25,47.91,45.21,82,122,-23,41.36,-21.71,59.22,10,47,43,19,44.71,54.87,21,30,90,-29,66,146,15
-26,133,61.83,115,-10,52.23,139,55.4,81,-46,147,139,26.62,74.84,23,30.73,-4,53,141,-2,56.75,6.86,-17.85,84,32.14
-14,116,88,47,-13.88,34,-31,130,-7.79,90,79,-26,-31,-4.54,61,69.25,47.57,16.26,29.36,12.5,29,38.82,74,52.57,76
147,13.33,13,15.25,42.13,118,59.71,27.54,43,107,144,-5.28,56,92,22.68,99,64.83,17.95,-3.09,23.8,27,-34,-5,36,36
-24,-8.7,86,142,32.34,-14.38,-32,80,131,79,34,59,20.27,76,120,131,62.68,148,110,20.86,-22.84,99,93,24.88,-13
7,40,7.67,25.38,20.29,-2,-17,129,23.4,-12.38,122,70.89,13.13,106,46.25,-10,17.82,107,84,-1,87,6.48,-2.16,69,24.99
71.03,1,126,-18.97,-15.77,-7.03,58.66,-13.97,120,134,33,9,137,74.65,85,132,-12.78,27,-24,-38,80,115,12.72,36,23
119,-8,133,48.32,9.33,-16,64,41.21,58,119,9,22.22,87,143,85,-50,-39,135,-1,101,43.97,-8.53,83,-4,23
24.14,76,123,5,43,5,64,-10.88,95,-35,-36,19,145,-20,27,-4.86,128,-16.33,42,123,53.41,-5.7,-8,-26,-10
93,104,70.88,-30,37.45,132,72.53,76,11,-28,53,92,1,67.26,134,50.92,25.67,-15.29,140,35,0,-26,-5.49,26.38,20.35
-11.01,30.44,56.82,80,-37,60,34.1,146,-48,81,13.55,-9.7,86,-2,-6,-46,-22.31,-4.74,54.98,115,-9,36.54,50,35.82,20
98,6.64,-23.63,-16,52.4,-31,-48,115,124,1.66,24.39,37.53,134,-2,82,83,-24,-23.99,47.82,-20.59,84,57,70.16,-37,-50
65.34,119,88,60.91,45.13,-22.32,9,27.75,-5,50,87,34.95,-48,1.38,60.35,60.35,16.49,28,93,10.91,-11,5,87,-24.11,49
-14,-8,39,65.38,47.45,-11,72,135,38,59.48,-27,40,88,123,21,20.75,21,-17,-7.25,-37,46,97,138,59.52,29.97
104,68.31,42.51,35,77,41.77,25.48,143,53.33,-22,-20.61,-36,137,-15,13,143,-5.02,145,14,58.89,-6.97,62.74,124,19,47.86
115,31.03,76,12,-12.9,30,78,20,58,71.88,-3.2,44.66,28.39,-9,-25,-23.42,-43,89,63,-22,67.51,40.32,44.67,-6.16,89
143,144,-43,55,26.35,-13.54,-22,22.99,118,32.94,8.9,-16.4,3.8,111,6,31.99,123,-23,136,-8.17,2,51,-50,-32,-7.03
119,24,37.51,111,60.59,73,-17.07,61.13,87,-18.95,70.13,135,73.97,74.2,148,49,134,66.24,-13,67,30,-0.71,-9.58,31.82,148
94,129,0.27,-2.03,57.14,143,11,5.02,40.18,59.4,8,88,0,14.18,9.47,1,40,122,109,118,89,-8,104,42.08,71.59
-3,114,56.62,71.19,71,31.75,52,20.74,0.97,64,-12,133,38.2,53,61.85,120,14.55,112,-16.35,70.47,52.38,16,-19.44,-42,106
70.24,-29,127,-17,28.03,33.99,36.04,62.48,-6.69,122,5.14,104,70.59,20.1,129,6,-1.82,74,0,14,62,59.46,16.08,50,96
3,60.83,45.1,1.75,30,46.81,41.81,59.1,60,-39,143,113,-35,24,30,66,99,126,68.36,36,39,15,52,36.25,11.98
3,45.26,-5,109,29.44,118,128,37,81,63.93,34.51,71.57,28.51,15,124,137,-5,-5.93,33,24.54,-40,137,34,116,67.03
-19,59,-7,129,-48,71.22,36,28.51,59,72,47.64,-23.16,82,-11.35,-22,119,68.61,-2,-34,59,111,-16.31,-22.15,109,-41
90,96,38,3.81,2.66,41.85,102,138,39.83,87,73.31,85,38,146,26.75,-21.24,-15.95,142,69,-43,50.18,132,4.1,39,-49
135,47.75,47.63,-13.61,-23.25,74.33,131,-20,-6,61.94,-36,0.37,-11.35,38,19.96,147,27,-41,80,49.76,42.47,42.33,21.6,113,-23
-46,53.23,47.34,-44,-27,66.37,50,-33,-9.89,122,59,-14,42.57,80,-32,122,-23,75,45.05,35,57.03,38.71,2,69,58
29.55,-3,13,90,-15.59,-34,51,142,85,50.63,-40,-28,66.98,103,-16.91,-7,42.69,123,80,31,34,40,6.33,-44,140
40,133,44,34.85,19,83,-46,9.12,82,127,16.27,-24,15,90,22.19,144,50,7.44,70,-41,72.37,-13.47,74.91,35,117
139,63.35,9.67,-18,-4.58,10,73.99,2,141,119,86,65.71,39.44,75,38.06,4.89,67.99,42,52.9,89,-15,-23,132,17,18.6
-24,2.74,37.53,19.16,144,-10,8.27,-18.21,7,139,24.82,71.83,26.89,55.37,59.93,60.79,110,102,-13.33,56,50,31.25,-30,23.04,3
114,-14,60.2,46,131,7.42,-44,24,-7.71,115,131,122,-44,47.72,48,4.26,-2,100,30,24.58,104,-23.42,81,14.7,143
120,52.2,103,44.19,28.63,32,48,-17,-33,-32,55.89,-18.65,36.25,64.14,119,-6,134,114,51,57.16,95,-21.75,-41,130,45.19
0.21,33.24,-3.72,114,111,-8.78,102,66.22,16,29,11,82,104,22.16,-8,-1.8,15,112,47,-4,1,-30,45.38,51,6.08
119,62,52,-14.38,26,54,57,49.45,143,82,-1.03,-6.91,51,-21,-28,-21.71,-13,15.4,-14,50,12.36,12,22,116,122
53,132,146,34.33,87,110,67,116,-14.52,-21.04,7.3,-2.75,17.43,72.34,69,29.44,64.71,-13.71,-6.32,19,-22,139,141,76,-4
29,-19.94,23.85,60.38,4.98,7.45,34.43,-23,113,-10.74,57,127,-9,42.59,27.59,3,88,32.93,-13,23,39.11,-12.66,53,58,71
94,111,-35,53,69,37.9,14.62,-35,72.99,72,102,17.52,-6.27,-18,34,9.87,72.6,130,-22.22,62,26.01,55.65,-30,46.81,8.1
78,95,70.31,81,-10,-19,92,97,21,59,112,-0.95,-14,9,20,28.28,27.15,121,63,50,2,31.66,-14,15,84
71.93,-28,50,95,42.07,27.99,44,8,14.41,140,28.65,-45,-18,6.9,-36,15,-8.9,-19.1,-10,16.83,43.07,42,22.36,144,89
28.48,35.41,-24.53,108,2,140,144,-34,149,74.39,4,-35,42,22,4,92,92,26,8,101,27.88,24.5,18.98,74.9,34.22
-48,-30,-12.06,58.05,-16.89,72,25.44,-14.45,0.25,46.74,17.95,40.35,84,-18,69.81,20,106,-1.96,43,10,-36,80,47,85,-8
107,71.42,33.13,26,30.61,31,64.72,19.92,56,121,62.55,-27,67,55.15,-5.99,115,103,73,6.82,114,45.71,25.68,85,-14.73,131
122,126,57.49,-8,-39,53.36,4.41,42.23,16.69,89,-19.54,68,17.99,101,26,89,47.49,52,54.78,26,137,50.89,32,55.68,3.88
19,135,57,-20.45,6.89,46.24,67.1,23.74,-13.51,144,18.97,61.8,64.52,-9.18,68.76,6,19,107,63.97,20.03,53.84,27.41,28,114,54.72
5,20.69,75,46,41.88,141,11.8,95,-42,-3.94,-17,32.81,102,31.29,-6.14,61,110,132,23.91,15.45,19,19.13,68,-39,-7
47.02,-12,-14,-13.9,33.66,56,89,65,-0.08,-34,-35,49,148,-10.46,32.98,0.06,128,83,-41,84,-16.17,106,36.03,84,-14
-29,102,35,73,1.35,66.23,58,62.94,-3,93,101,38,9.66,0.17,7,61.43,112,45.41,44.35,14.44,19,71.15,-40,11,145
-6.28,34.7,10.85,74,30.67,140,-3.97,55.66,-9.55,36.34,113,125,0.09,1,-3.48,20,12.41,86,-6,-8.25,-33,-35,70,-11.36,48.77
73.1,-22,46.68,149,116,38,122,2.03,-22.79,29.74,35.55,37,78,-14,-24.44,21,-42,123,123,104,5.79,-30,10.71,63.72,130
51,-17,-42,15.88,47.69,22.8,-15,124,34.45,73,40,-26,61.61,-26,65,-42,92,16,24,57.5,2.43,75,60.49,69.96,31.94
-10,-16,-27,50.03,147,-4,147,13.64,-5.1,63.25,110,58,9.72,-3,16.02,-21.06,64.07,54.77,10.84,11.43,47.36,-26,62.73,28,50.44
0,27,46,39.98,47.5,16.32,8.52,66,-9,60.04,-5.55,86,-5,2,-44,81,45.18,121,-15,74,32.3,68,55.01,95,20.79
4,-4,29.89,-9.42,62,-42,101,70,6,-2.38,-15.65,24.28,-1.55,11.65,148,-1.19,35,55.75,85,146,138,69,73,59.52,32.56
5,-40,-39,-20.86,1.96,-16,22.32,104,29.34,33.58,-3,-21.03,-15,-12,31.66,14.19,23.32,-41,148,-16.39,6.2,33,-15.68,142,59.39
-7,-2,54.77,36,66.73,-23.73,8.15,22,-8.73,62.73,48,-32,100,-33,120,-23.95,50.74,-24,62.99,-10.98,-31,91,94,19.47,122
6,-0.13,7,-3,44,147,148,33,140,51.74,41,-30,-35,31,-22.76,-10.99,57.76,-1,65.94,104,15.58,7.32,-8,-40,116
133,33.12,35.69,64.74,65.13,62.66,75,31,107,48,-10.8,15.36,40.22,-24.34,1.89,67,57.24,-38,-7,45.5,138,30,-6.06,71.37,66
45,51.48,20.31,5.78,-6,32.48,52,142,20,67,30,-18.11,-41,-2.42,-48,48.83,58.31,23.28,18,78,-36,18.87,-24.88,48.32,126
76,65.86,147,28.34,52.5,35,106,77,54.06,16.53,-20.02,63.02,104,-23.88,60.81,66.65,-20.28,43.3,33.64,90,35,-3,132,21,97
47,85,10,11,25,126,44.42,-39,-11.18,110,-36,54,-27,46.62,-16.26,9,58,9,107,-35,26.7,-3.68,-33,93,-5.98
22,-23,113,7.4,87,61.34,107,-16.81,-13.81,110,-25,6.9,122,109,-18.25,70,83,-7,138,-6.56,59.07,14,122,89,64.75
5,-50,23,28,40.04,-31,98,140,-42,-45,102,14.23,25.02,110,-27,53,72.74,86,84,91,24,57.41,69.03,-26,31.48
122,74.22,-12.37,27,148,-6,5.18,76,-13.73,33,21,73,-23,106,8.26,68,23.55,-8,38,52,66.36,104,17,-50,70.08
-27,7,76,-46,18.15,138,-10.1,64,6.1,-35,-27,39,74,55.42,147,112,-39,101,-4.19,78,65.82,0,-0.02,21,-6
49.22,-12.55,2,139,65.84,68,72.58,109,-40,43.46,100,58.07,63,-9,26,34.01,122,73.57,15,-7.42,-16,79,102,-14.91,108
53.99,112,3,-5.1,-42,31,70.15,107,-21.95,72,99,6,49.39,-41,68.17,148,94,8.76,44,-14.91,94,-15.13,73.87,33,-19
116,147,-16,-2.29,-21,-50,102,25,64.83,46,53,134,55.02,70.81,-4,73.76,69,-12,45.16,-15,60,90,131,-11,135
42.71,143,49.57,66,66.28,28.83,68.7,76,17.33,76,-28,-38,56,64.25,3.29,85,-17.47,52,49.59,-11,3,40.69,58.65,10.82,110
-26,-19,-36,-4.04,134,69.12,-4.42,56.84,134,35.74,-29,60.08,47.82,14.65,141,50.86,27,141,47.13,41.27,120,-37,72,133,68
-4.46,56,53,-45,51,103,41.39,-45,83,131,31.42,-14.31,57,145,18,55.51,19.39,41.58,-31,-27,16.03,-13,115,110,-14.99
39,121,-22.96,-32,-19.58,47.77,-45,42,55,-15.04,-3.36,75,16,-34,44.12,103,-8,66.31,-15,11,-19.86,-42,66,76,149
68,-48,34.81,-18,-5.63,-17.24,87,105,144,-4.2,76,102,53,-7.24,15.92,149,13.6,42,46.49,45,39,129,105,80,120
111,-1.11,144,57,5.21,42.73,27.43,56.49,0.61,119,-18.67,116,134,-12,-5,-5.58,60,127,32,127,146,-42,110,3.6,96
15.86,140,-39,-16.7,25,17,9.08,-14.25,-17.47,31,-15,5.97,105,68.32,53.41,-37,56,20,35.33,74.52,102,-18.81,94,-39,98
-1.07,-5.9,93,1.08,111,104,79,39,3,-34,-4,-16.54,73.96,73,93,147,117,-9.11,-20,47.72,110,-20.94,45.81,124,28.27
20,26.51,137,58,-21.62,60.76,59,31.86,73.76,28,137,131,5,-44,-15.95,-36,0.33,32,9.26,-23,130,17.56,-9,149,24.35
-13.2,21,3,84,-6.52,62.34,11,0,35.17,112,35.77,4,59,117,109,14.67,-4,-19.19,4.99,-19.33,-41,69,28.07,12.03,26
147,50.49,30.45,-47,35.73,56.72,4,121,3.71,-12.27,103,115,117,59.64,71,-4,-1.12,94,102,31,42,66.04,-21,74.14,28.32
112,122,56,98,9.67,81,130,68.63,34.94,98,63,119,0.44,26.1,-19.82,32,-14.41,128,64,130,1,120,1.38,52.04,40
40.57,79,36,56,72,19,14,-13.68,52.41,130,-2.23,7,-22.61,123,19.52,126,1,-17.52,30,38.9,38.54,106,51,126,-24.03
-18.76,7,-19,65.69,17.89,149,143,-24.35,134,54.64,20.67,74,30,-28,70.31,33,-8.41,127,-12.87,-17.47,-10,100,46.89,17,-39
33.75,94,80,120,-9.96,49.61,2,94,-2,2.85,126,63.95,67.97,77,65,61.48,35.8,54.75,-22.77,64,-14.18,-3,24,-20.35,1
84,-18.33,56.46,86,33.32,37,-31,9,26,-21.79,70,60,74.93,43.49,68.86,-2.25,-24.17,26.42,77,116,51.93,91,138,61.28,44.34
-22,142,11.6,142,51.43,31,-5.47,61.48,128,79,54.21,-15.65,33,18,75,88,46.57,81,34.66,27,27.09,54,-0.42,42.49,12.44
119,31,68.97,30,-49,8,-9,31,131,-22,30.92,-8.49,46.99,16.75,-27,20,-30,49.64,89,43,3.97,69,-1.97,-19,-1.88
1,-3,57.02,104,35,113,83,147,-45,8.77,-46,-8.08,18,82,52.43,0.64,25,63,52.93,148,75,32.22,-18.18,-12.71,26
-44,89,-27,74.47,-24.86,98,59,13,96,21.3,32,10,100,-9.96,89,29,113,84,-42,127,32.38,127,26.62,-21.39,25
-29,137,65.4,122,51,20.86,89,15,61,-31,12.9,-17.73,2.48,31.11,72,-11.77,139,62.14,20.91,86,134,23.97,-1.54,99,127
19.98,38,139,-26,68,62.73,6,63.96,72,-0.6,12.4,-20,108,-48,-1,52,3.06,35.36,105,5,16,128,39,44.29,-24.84
52,19.07,54.45,-34,-36,59.23,-28,86,20,60,10,-41,1.5,74,51.06,146,-29,-16.09,29.03,-11.12,52,27.68,55.44,-21,-10.93
-13,146,103,-16.19,81,51,10,117,71.08,123,123,79,53,8,3,65.44,48.4,79,102,-33,50.56,52.05,-5.38,16.36,12
34,106,129,-50,37.53,-6.94,144,119,109,84,40,-9.71,115,42.68,-22,7,121,-7,111,10.52,27.89,27,-7,15.56,-8.78
92,-14.6,1.27,49.38,29,38.53,148,-5,103,4,20.22,-31,108,54.28,44,-20,-7,-45,29.34,81,-36,7.57,-13.55,140,54
58,47,37.12,27,49,-36,112,-4,65.77,13,80,65,93,91,13.06,-10,-6,-44,91,51.01,73,23.71,32.38,76,48
71,145,6.94,-46,38,116,13.25,-34,8,-8,-10.63,55.57,43,121,63.01,12.11,111,12.38,24.38,17.63,2,80,8,71,52.15
99,10.11,95,70.34,-17.38,-16.76,-9,-27,-23,-9.76,55.51,0.98,132,-5.81,82,75,59.2,72.13,74.15,70.81,144,137,0.35,-35,68
-10.25,88,123,48.02,85,-40,-3,58.78,37,138,-12.35,65,54,25,13,49.43,-23,-14.41,57,43,148,26,55,-27,-14
53,-0.77,136,10,95,24,30,9.77,47,-8.34,37,-12.28,12.93,39,71.62,-11,50,21.15,-9,129,5,17.34,52,117,-4
37,20.33,88,-28,90,64.79,9.77,20.14,-0.65,66.91,21,-50,46,70,137,35,-21,12.26,-9.51,-6.68,140,14,75,-9.47,145
52.29,-27,45.13,19.69,8.58,-14.52,-15.36,-28,-4.02,142,35.47,0.4,-22.4,98,104,-7,99,8,72.64,71,33,65,-29,66.41,-26
81,30,50.84,27,-23.48,48.63,134,41.87,73.92,-7,22.72,-11.5,82,75,40,93,-25,6,50,-23,0,54,67.06,68,65.23
77,-29,115,30,65.23,120,-32,-28,129,105,61.4,90,21.05,78,58.57,114,64.7,52.09,32,38.93,66,101,61.13,93,7.28
10.99,110,8.86,148,-2.84,19.33,32.9,6,51.14,66.94,82,17,76,127,72.62,45.94,78,-3,-27,28.27,43.1,-12.99,-40,61.84,125
5.83,-6.97,98,46.09,109,-17,98,-41,31,35.81,7,61.22,-16,138,32,43.63,125,24,39.93,10.57,-7,-36,67.26,149,5
92,53.79,37.41,40.91,124,-8.06,117,22.32,23,-22.84,4.29,33.77,-4.55,-20,14,13,125,53,109,-24.66,22.27,65.16,66.64,65.22,61
52.13,18.57,-12.38,134,30.75,69.47,-14,-28,96,-16,96,103,72,88,138,109,91,127,52.36,44,143,104,7.17,89,95
120,81,75,35,57,-7.16,82,98,80,-19,21,-18.34,91,20.36,-0.3,-37,47.94,53,143,53,-33,-0.54,148,49,19
32,36.38,16.02,53.33,117,-10.58,31,80,-4,-46,-17.97,136,-11.12,-36,15.03,135,140,30.78,98,9.77,70,-1,-23.55,8,-3
10,14,87,35,-24.97,148,2,32.72,1.36,-35,108,48,116,-34,-2,50.07,74,-45,40.73,82,-7.78,-36,59.35,52.55,123
-0.96,32.08,-10,111,50,-13.22,-14,19.21,20,53.16,2.05,56.92,30.04,40,-4,42,59,19,43.64,3.08,44.54,95,102,2,126
127,41.46,-19.99,33,39.45,33.36,29,110,2.5,67,44.05,51.25,55.47,-18.85,68.67,34.45,67.52,-10.84,24.52,139,-4,40,25.37,-6.2,122
20.5,23.52,121,9.89,47.78,0,3,34.31,54,35.84,-44,108,73.3,21.03,39.21,65,52,-26,59.98,-13.97,0,55.47,60.66,44.46,15
-12,-16.66,6,0.91,24,39,19,-25,-26,-20.83,-2.74,23.2,76,26.82,9.3,-15.89,138,-22.81,-10.82,142,65.02,-17.85,66,23,70.41
94,6,-20.43,-15,18,99,6.02,-49,22,24.96,15.24,20,77,-47,55.65,135,52,-23,8,-7.14,-1.75,32.07,4.07,8.94,18.07
93,-4,59.12,61,-40,147,75,7.95,18.4,14,44,127,75,15,49.82,22.95,35.39,104,33.49,62.86,34.03,109,25,19.23,-44
48.43,73.22,18.5,44.93,98,24,116,28,-2.45,-26,21.79,40,49,124,-24,47.57,-3.53,50,16,65.53,31.2,-19,17.29,16.07,95
-1.35,-42,109,29,34.87,14,106,148,119,27,-10,109,26.31,15.06,33.42,-6.6,79,137,27.32,33.04,107,53,19.56,-22.71,27.65
140,82,65,6.84,114,14.98,69,10.64,35,80,-42,64,0.44,34,-16.14,63,67.98,40,137,74.54,145,75,-21.26,-19,-3
69.58,-10.77,35.99,45.91,29.64,94,59,53,-21.51,23,103,141,58.36,64,96,50,57.31,74.76,2.68,27.15,137,13.78,54,28,93
95,64,25.67,66.91,148,3.86,-21,9,29.96,79,51,-33,111,-5.51,16.17,-17,-12.6,13.73,-50,27,-48,65,59,-18.39,-1.77
55.41,32.22,67,75,123,45.24,37.5,58.22,46,44,-26,35.42,-7.18,62,27.24,28,116,121,5,30,30.45,57.87,117,94,129
-38,16,10.09,-17,126,-16,-11,60.57,97,1.02,100,45.76,16,52,-4.65,68.67,49.84,83,1.54,10,45.4,130,24.49,55.24,-48
29.51,-10.54,62.26,134,18.84,-26,-46,-14.79,57.2,66.92,12.7,12,74.96,26.03,21.79,66,133,74,140,103,139,105,40,40.92,33.1
75,-14,52,138,124,26.6,26.21,89,-5,96,138,8,120,140,-8,37.14,-47,8.22,-50,84,45.39,-5.5,60.08,4,1
-21,6.85,45,97,-20.28,-19.81,46,69,-12,118,47.99,4,-9.6,69.06,39,33.71,6.34,-6.15,27,101,-6.94,35.85,44.88,47.9,132
37.41,51,25.38,20,81,16.36,-10,68,31,25.31,54,8.17,-8,58.75,-38,-31,12.87,26.75,-17.98,-33,-17.45,131,25.19,-15.31,20
77,129,38,58.35,-0.48,125,27.08,55.9,117,26.59,4.09,127,-10,-3.98,38,102,-48,-11.35,46.46,43,-29,106,64.22,22,31.78
52,59.09,48.39,122,61.57,36.25,50,79,42.62,76,14.71,-50,-22.38,45,101,24.45,79,12.35,67,28,141,58.02,-18.1,69.88,26.96
133,-1.28,19.91,48.54,82,42.19,34.05,-40,7.04,-32,7,-14,68.43,-7.07,-26,55,1.5,81,-0.76,-7,36.82,9.82,44,12.71,-44
114,34.31,-43,23,-30,-34,61.55,117,-15.72,-4.56,-17.12,55,43,111,124,4,-33,-24.47,41,26.9,55.74,69.04,1,127,-14
54,-1.46,82,129,-20,145,109,119,145,4.84,-50,-1,56,67.63,-35,112,-17.73,135,79,24.06,62.79,60,-29,-34,-19.79
129,-46,30.08,39.81,110,34,70.36,-10,2.02,149,37.14,-38,85,5.38,113,56.94,75,-16.36,58,51.71,-19,-30,-36,28.44,69.06
55,68.29,119,81,-3,-18.87,131,-17.46,37,1.31,36.76,39.59,25.74,-7.53,48,58.07,149,16,146,73.35,27,-50,112,63,-3.63
57,83,75,70,2.97,62,74,60.78,-13.81,30.61,-2.58,58,59,98,23,50.91,-22.27,47.71,41.04,-15,102,34.75,-11.41,39,1.75
-13,14,-17,45.14,29,21,79,63.59,78,37,94,122,52.99,-46,114,100,43.84,83,21.16,122,15,55.95,106,-13,-7
12.28,26.2,141,109,39.51,63,49.01,147,137,-1,98,118,-2,-17.57,94,30.08,58.65,51.97,89,-7.17,9.22,33.77,44.57,17.28,48
74.36,89,63.04,55,131,-9,17,16,-37,26.16,-45,11,63,4.58,117,-9.57,-46,-48,0,-7.27,-7,30.06,4,-31,46.08
121,56,-26,72,48,113,-12,-20,18.19,53.57,70,66,55,-11,102,100,-23,-6.26,14.03,127,71.28,134,74.62,21.94,96
109,14,6.12,52,4,-22.77,-6.82,53,23,139,37,130,12,57,-1.76,51.68,-19,133,33.29,23.26,48,62,36,114,-40
49.64,74.35,79,147,118,83,-25,20,7.41,-33,-10,61,-1,62.81,13.47,6,49.95,21.2,7,68.26,100,57.45,-29,92,40
-5,-6,116,12.77,46.13,21.97,16.32,5,29,18.37,15,-0.48,65,97,-18.1,9,17,126,66,11,9.55,97,56,74,-19
-45,45.48,-23.63,11.95,26.93,17.02,49,149,80,126,69.06,53.9,64.15,98,100,70.02,69,-16,-2.63,73.84,7.54,20,144,-22,12
37.1,70.12,0.76,62.26,132,40.29,18.34,128,78,3,62,-43,-31,44.54,8.26,63,26,93,58.19,83,-11,-1,77,136,57
67.87,-25,71.64,-16.44,36.19,71,-22.4,148,-46,-33,6.13,-48,114,-8.88,-17.73,55.53,44.18,18,-5.72,-2.44,57.65,-43,9,-2.65,-34
90,63,-17.16,16.18,-15,24,36.02,-33,26.35,77,138,8,-6.57,85,-37,-2.1,47,73,67.92,19.33,-10,-8.68,66.4,51.14,7
26,76,31.73,36.73,-0.27,29,24.05,20.21,104,-18.72,-3.75,-45,-7.43,-9.15,35.28,-13,-7,39.93,114,144,95,114,-14.22,118,68
7,142,43.94,66.89,11.52,-18.87,-24.22,-20,51.11,-5.59,94,71.24,67.06,57.52,11.31,-39,-32,114,-21.48,15,13.36,111,24,-16.44,62.95
66.99,48.21,44.57,-11,-23.35,82,55,40,-39,118,7.44,34,-26,27.22,27.7,113,43,25.65,38.01,-50,9,36,30,-34,-19
-15.5,50,-18.59,-21,5,30,-1,4,-20,6.67,21,-7,67.54,8,-14.07,50.8,8,70,14.45,15.34,91,132,22.61,12,47.41
65.07,15,124,72,38,-37,32.75,11.28,141,12,70.72,115,-28,-14.6,-14,61.92,54.29,-40,66,30,103,128,-21.54,-14,129
-20.65,144,-11,147,-26,28.57,-29,119,12.11,120,115,-7.22,-22,3,35.35,22.18,44.71,-50,26.19,18,37.32,-9,71.94,42.35,69
12.95,-4,124,27.56,148,-13,115,-8.91,58.86,95,84,87,-39,92,58.36,74,50.95,62.36,-22,53.14,67.56,107,-22,34.27,45
42.17,7.82,11.18,57,45.95,146,-5.45,63,37.85,84,143,24,7,55.95,20,8.9,6.56,102,35.96,124,27,42.68,80,55,16
-36,46,9,27.02,148,3.29,68,43.35,53,-17,7,83,49.18,16,-40,-30,111,-32,148,61.99,24,23.58,23,117,77
81,58,31.72,20,72,39,-31,102,30.02,8.29,105,7,66,-18,37,12.93,103,129,66.92,0,8,74,28,67.11,-6
124,37.57,-9,62.15,55,-14.74,12.33,129,30.87,141,117,-17,-15,-24,2.95,76,72,66.46,107,123,20.08,-21.36,112,123,-50
-24.79,-8,-35,74.49,8,91,104,55,-20,-45,44.33,-19.53,69.65,116,64.66,52,-23.46,105,11.11,-35,135,89,146,29,50
32,112,68.12,59,40,6.28,83,-13.37,36,65,21.52,61.01,-30,98,24,41,92,-16,41.86,6.2,13,23.46,60,-12,-16.69
-27,-23,14.23,85,41,95,113,-8,-14.56,36.71,104,49,-37,-21.38,22.16,-46,-27,8.3,105,145,39,56.11,41.46,19.93,41
66,-2.06,36.85,-2.45,69,123,4,29,-19.22,67,32,-1,52,-16.1,-20.48,-29,-21.31,-50,124,-9.15,-31,72.7,19,-10.57,23
6,7,-4,-45,69.81,74.72,-4.43,91,-6,2.49,70.05,3,28.87,36,69.43,68.06,51.48,25.43,-1.83,-38,72.32,-5,-41,-21.86,-14
10.04,141,-12,34.32,54.55,-5.41,-16,42.93,114,-8,59.92,21.87,32.93,26.25,43,58,69,39,4,21,-45,70,72,57.77,121
55.14,45.66,-1,34.31,-13.62,52.6,113,36,59,-48,25.44,32.19,55.62,45.27,147,4.48,95,92,38.68,55,-3,59.66,-1.25,10,-3.53
38.22,140,64.22,66.31,47,51.99,18,50.04,0,4,-12.04,52,27.56,23.05,87,106,138,33,37,-28,-21,49.03,26.7,-38,46.65
21.65,77,49.67,107,41.24,34,57.48,44.9,70,-37,-19,82,0,89,60,126,117,49,38,147,36.48,-13.27,-21,27,115
-35,5.82,-24.18,127,5,-13.46,15,-33,121,146,4,7.05,54,-21.97,25.14,-9.52,17,-49,31.16,64,11,-11.56,97,119,31
13.24,50.62,144,122,148,6,65.47,-23.51,28,88,58,-15.87,-5,47.39,98,127,-3,138,88,99,121,47,24.44,20.95,72
130,29,-15,93,-14.1,42.16,94,13.22,-8,-14.8,-13.58,113,14,-36,-20,13,97,50.89,-6,24.33,72,32,35.2,-18,25.53
98,5.66,0,75,101,-1.71,-11,118,-24.95,9.74,-8.54,59,61.43,19.28,45.74,12,63.35,-2.09,6,10.47,6.06,32.56,59,45,126
82,129,27.46,-14,52,104,28,57.1,44.12,-28,74,-6.09,-2.71,38.39,111,-5.45,5,20,-16.92,5.29,-29,13,-40,-25,149
-43,34.03,50.97,-4.66,142,-5,85,-25,-12,87,-6,22,-11.15,9,39.78,-10,145,71,56.62,18.49,29.1,68.76,83,12.47,4.67
120,20.46,-13.9,50.34,-10.36,12,28.44,-18.24,70.02,110,99,50.07,61.34,-33,-1,67,146,7.21,-48,6,129,65.05,31.55,39.92,120
28,129,71,26.62,72.63,70,-9.99,64.62,28.24,8,62,127,-1.11,73.52,110,127,91,67.88,87,53,106,54.5,138,122,134
61.78,-4.28,49,46,35,-37,144,97,-17.08,-38,128,38.6,63.74,110,101,7.92,147,100,-33,135,-10,78,31.19,-18.51,148
14.37,-5.48,-4.56,-12.59,23,7.68,68.02,52.73,143,32,70.47,102,113,21.8,16,59.21,68.34,14,21,45.58,85,46.43,-3,-2.25,-16.02
38,93,40.23,26.28,-10.36,96,108,105,73.04,-19,140,13.86,66.43,124,26,14,130,-13.12,75,109,-16.83,59,3.33,27,38.69
-43,7.93,-2.08,35.56,-50,29,62,22.57,65.77,75,26,25.97,11,32.23,-10.61,61.17,0,67,22.28,74.7,23,58.33,-32,33,139
68.45,-2.55,68,147,146,-30,61.5,-48,131,68.53,-24.94,13.9,116,69.89,22,13.12,134,53.2,148,0,-6.47,-17,58.14,68.84,44.66
95,32.24,78,64.57,65.5,27.36,145,141,9.22,71,19,104,91,-4.26,136,142,-21,5.41,128,61.34,75,46.78,93,52.93,50
80,17,98,140,7.29,-18,-4,117,69,112,56.04,119,23.36,96,29.83,50,22.73,107,-5,82,70,16,-49,-27,25
89,-44,113,-9,118,-24.75,42,-42,83,111,36.18,27,111,68,14,69.7,20.96,-2,104,-16.67,28.27,124,44.04,1,52
-35,-45,42,-5.12,65.51,13,57.02,11.16,126,24,71,43.77,125,10.73,74,-7.53,28.14,83,84,22,-13,48.78,38,19,35.59
-9,-0.98,65,74,-23,10.67,-22.86,111,-15.55,52.65,-6.81,15,65,69,32.65,68,7,21.03,108,88,1,127,53.23,-7.32,-0.82
61.42,69,0,7.16,66,-32,74.33,117,-4.31,83,-19,81,56.14,59.12,-8,68.26,66.08,63,51,-39,69,68.08,133,56.08,-11
44.66,51,105,79,-16.11,35.08,-38,39,145,-34,6,-37,109,7.25,54.27,-25,46.92,76,103,14,-46,46.09,136,-3.46,58
-32,-22.26,8.32,77,97,-31,-5.03,54.43,-50,-12,-18.76,97,-23.18,-14,7,56.02,57,-29,32,-43,11,58,-24,22,100
41,56,21,60.78,40.88,-20,25,21,-22,-22,110,-1,144,47,105,69,4,-44,19.89,14.54,72.56,28.47,89,133,23
116,-24.61,42.53,65.67,-7,43,-1,47,17,86,14.71,118,64,9.24,-46,112,24.59,-2.76,8,26,133,-37,14.03,140,-49
-24.78,114,130,76,48,-3.08,-11.98,-45,-46,17.35,8,33.6,19.89,64,64,73,35.71,35,74.37,104,-10,-5.85,47.43,57.32,143
-34,119,116,-19,67.49,15.61,51.1,-1.07,55,149,67.04,39.8,4,6.05,58.72,99,93,55,72,-13,66.29,-14.16,72.94,10,121
6,112,34,69.18,21.22,25.03,-18.89,71,-3.91,13,38,-9,-12,64.45,36,140,89,-17,64.73,144,-10.34,66.23,69.82,42.05,-4.07
14.76,-11.16,74.15,-39,27.01,52,103,15,-12.93,66.19,-16.3,98,-5.91,125,54,43,-1,27.12,-9.77,1,40.34,107,28,147,-37
31,6.63,76,23.21,144,6.27,-19,123,-22.98,-36,19.17,71,-8.06,-26,9,5.6,141,115,-17,-21.48,147,-26,-15.11,49.1,31.5
7.09,28.31,9,-44,-9,94,120,0,124,17.74,14,131,4,1.72,70.61,89,-42,56,-44,20.23,143,-14.22,10,77,-4.03
58,146,6,42.66,47.99,9.06,-18.6,-4,-13.78,42.25,129,121,6.71,-22,-4,20.08,0,118,1.34,66,23.3,-15.38,115,116,-44
64.24,16.24,108,68.85,88,44,-5.8,37,-21,78,76,-13,-13,107,132,59,30,36.81,43.85,32,-49,63.64,66.35,147,128
8.89,27.53,63.83,-44,31,115,48,43.48,-29,50.28,47.65,66.68,24.3,20.62,50.48,82,-10.36,53.82,65,58.25,8.28,-17,71.29,106,23
-47,-20.95,44.85,19,26.99,26,7.41,25.89,45.83,45.65,74.38,-3,124,72.02,18,53.13,125,78,105,31.43,71.5,138,120,-9.05,111
-22,44,9.16,89,26.75,40,-14.14,136,38,72.71,-37,97,137,67.27,84,77,46.59,127,76,-3,47.99,-23,66,109,101
96,141,34,25.22,78,97,29.36,104,58.3,5.63,1,-2,92,-19.13,-14.65,81,37,2,35.63,94,46.63,62.95,9.57,65.57,8
5,-6.91,95,134,-17,22.62,27,-41,115,60,-15,42.54,64,-39,-29,61.31,24.58,94,31,27.86,1.15,57,14.91,110,-14
43,-20.91,19,40,134,-17,17.49,46,13,-42,92,18.76,62.34,32.65,-7.65,-3.64,93,48.1,92,-23.37,-0.11,-27,15.65,24,51.8
68,29.89,72.5,34.46,30.36,12.57,52,88,-2.88,49,68,-15,128,85,110,63.62,16.5,116,26,19.49,81,-13.41,59,32,-4.86
40.37,124,19.55,-9.37,1.83,49.29,73.24,38,43.78,64,27.37,84,37,-14,56,36.3,60,-0.05,16,56.12,59,41.94,73.07,123,106
-16.78,65,95,6,89,37,24.53,-19.76,-20,5.56,-27,2,142,67,21,88,-11,57,2,-30,-19.77,33.79,-21,28,-44
74,97,12,46.51,61,28.34,72,38,67.93,32.97,-22,-34,-8.81,26,99,-28,117,52,33.44,52.72,42,-4,-12.55,67,130
15.31,13,-8,50.09,9,17.32,149,19,72,44.22,44.45,52.8,104,31,23,10,14,58.75,97,83,-46,5,27.98,8.03,-45
11.44,43,29.59,3,-19.12,19.51,13.97,33.48,73.02,-3.37,119,53.17,70,70.94,88,23.12,148,28,42.08,21.36,-23.39,113,-17,45.96,-50
52.96,-38,0,136,-21.65,69.31,115,2.25,122,11.64,16,49,-42,80,44,115,-15.31,47,131,131,88,27,23.45,-32,33
62,31.4,73.48,61.64,-23,102,-14.02,18,68.09,112,-0.62,59,44.52,60,73.18,1.68,-2,112,118,45,29.01,117,76,142,-47
11.97,-26,138,40,120,83,82,-3,-49,112,5.08,97,51,-8,50.22,59,92,-19.57,18.89,57.66,74,-22.42,31,-16.22,-42
109,24,112,69,16.95,-24,52.08,97,13,-18.29,51.28,135,106,-7,-23.42,26.59,52,54.02,-10.91,-45,36.84,-29,81,36.09,45
95,54.48,-15.08,47,120,-9,-3,48.05,33.3,15.17,-23.93,62.34,26.88,49.86,29.93,6,-6,-24.44,131,13.85,-6.39,12,63.61,63,45.32
-18.68,81,62,36,32,56,5,118,72,118,98,-40,-39,90,38.39,-42,30.03,64,-0.15,110,34.93,73.7,122,11.41,80
-42,-42,4,-18,55,137,6,-15.93,128,0.24,-3.16,40.83,-12,-23,33.61,98,44,1,91,49.01,7,67,44.77,120,109
-45,-24,55,-42,110,-38,31,12,45.33,44,-14.06,67,-0.33,11,142,-41,-9.91,104,22.6,6.62,116,38,62.79,119,68.08
65,-21,41,40.72,22,-21.67,12,70.61,-32,54.28,87,93,-13.73,51.47,80,58.21,-21.36,42,135,43,59,61.08,90,-3.87,25
18.42,41.16,29.65,134,75,-9.7,0.3,9.26,31.67,111,-17,97,-12,135,5.62,0.36,-0.51,-49,-11,-1.33,4,52.81,29,51.89,28
80,36,0,145,-24.31,-35,30.14,114,-38,54,15.88,89,138,134,66.05,65,118,57,140,-32,36,37.32,-8.13,21,45.07
-36,38,24,-40,81,-20,33,44.83,-2.48,89,51,3.78,-43,55,51.49,2.51,89,11,-14.98,117,48,68.39,114,-19.51,55.63
48.74,53,33.06,14.09,18,127,-6,28,93,-43,-16,49.46,-24.59,-6,-14,37.08,31,28.59,49,66.74,-50,-5.43,65,0,116
0.63,71.48,79,60.68,-20.73,-11,-18,130,126,71.27,124,104,-20.69,111,3.25,143,44.7,126,101,14.02,99,17.46,-6.9,141,-27
52.94,-22.22,51.65,-7.79,5,9.73,-35,6.5,-0.13,7.36,68.5,45.44,-47,63.81,43,138,145,27.47,126,108,52,-24,-20.47,13,-42
11,-32,68.97,117,73,97,25,120,103,76,0,134,43.6,-8,34.5,-11,47.15,30,33.64,57,52,24.99,16,22,78
108,2.22,113,104,73.3,138,39.39,39.36,-43,4,25.14,-50,-30,42.15,-38,137,-26,104,-10,25.67,20,-2,27.58,97,52.72
42.41,57.2,-0.14,6,-16.63,42.12,-15.08,9,149,70.09,-5,-25,3.25,-14.53,-39,-18.04,1.74,62,-2.9,105,49.41,-22,-5.67,103,53.07
-17.08,62,-37,17,48.39,75,121,1,60.92,1,79,56.05,34,58.98,-4.77,12,-2.87,26,-13.68,137,27.84,-24,79,-35,89
40.4,69.49,7,37,34,-13.88,60.71,-47,-16.93,84,-21,32.89,15.19,147,-19,10.74,-22.81,61.29,42,-14,136,32,129,83,40.37
24.02,0,61,-9,44.62,145,-22.06,-2.88,137,4,147,36,47.13,-15.45,142,-40,18,-24,42.93,10,2.82,85,120,-23,62
65.08,-44,38.51,83,36,-26,-5,8,-44,13,51.68,9,110,128,17,129,89,-2,-20.25,47,36.69,-24,63.71,27.32,71
148,-1,-0.66,-18,102,33,-24.48,62,48.83,-21.6,53,86,33.64,28.98,93,24,5.13,3.68,101,-11.69,8,10.35,94,75,94
40,42.49,141,-10.24,-6.07,5,47.97,130,-19.59,69.91,-2,73.05,-4,50.04,61,57,-38,-6,25,68,25,61,68,31.28,66
86,63,-5,70.93,-5.9,64.8,-22.37,-36,107,70.75,19,1,-29,84,46,21,26.66,79,14.92,16.45,-47,40,25.95,16,-24
58,33.12,34.51,65.45,25,47,15,2.12,69.58,-41,108,43.59,38.62,68.93,39,45.72,-17.93,135,28,-8,-14,39,121,51,91
52.44,6,-34,56,47.08,88,84,-10,-2.87,70.72,53.16,28,84,49,-9,25,29,-13.76,-13.6,53,33,17.08,-10.65,70,24.58
37.06,23,18.23,26,72,-4.35,64.65,47,74,80,47.9,-24,130,99,-8.5,-38,32,57,17,59.47,-3.06,11.22,87,65,45.69
4,-13,18.18,44,126,42.71,132,-7,40.97,147,92,-17.75,4.23,56,-19.08,1,59.77,78,129,-42,35.08,118,-10.43,-41,12
-20,-50,5.66,-9.65,55.91,-16.1,-15.19,105,1,-6.86,14,70.03,92,-19.81,132,-5.96,18.87,26.43,-12.01,111,20,-16,-33,5.49,40.17
31,-50,49,-36,3.62,64.12,-44,146,-47,-34,3.36,30.05,32.13,-12,78,97,70.82,10,65.69,14,138,130,33,17,41.2
35,35,54.21,-13.61,24,134,45,1.38,145,72,1,45.23,69.65,-20.46,12.78,66.83,67.45,-24.63,39.51,45,70.67,-15,121,74.37,-23
5,59.15,-16.53,56.66,-1,123,61,14.83,117,98,23.95,94,-19,65.62,65.12,128,34.11,20.72,131,2.65,45,28.66,21.46,-6,72.19
48.38,35.29,-2,7,17,47.12,0.77,146,120,105,9,59,69.39,42,32,147,54,31,108,121,10,145,44.68,57,-20.66
74.7,83,0,144,2,31,31,47.23,-35,22.76,11,30.68,47.48,112,75,33.82,-22.97,12,48.42,37,53.17,52,-14,59,-28
-50,109,-39,-4.79,9.27,117,144,-18.13,59,50,-10,0.19,-21.34,92,133,-34,143,-4.02,-8,42.89,135,-13,-11,-17,115
24,-4.86,45,56,2.33,21,36.71,64.86,-19.57,-1,128,-18.72,-37,3.66,44.52,22.4,5.99,0.78,49,56,99,-4.29,33,3,32.78
41.54,129,44.76,80,107,-8.58,32,101,16.47,130,8.22,106,108,72,148,73.64,83,19.31,16,136,57.18,52,121,31.81,-6.48
54.55,8.51,-17.25,47.7,28.46,29.2,5,37,-41,102,43,61,61,71.28,147,68,-7,12.97,54.88,22,72.39,-28,108,58.75,30.35
6.21,47,-29,47,60.08,-4.97,-32,145,64,113,82,17.5,85,66,-4.28,64.02,72,73.92,-6.92,22.65,-1,33.78,61.02,58.07,66.43
40.79,-41,65.84,33.97,46.59,18,50,13.74,-30,14,3,19,38.08,114,2,137,25,-2,5.7,-34,33.37,3,136,1.29,-19.73
1.99,103,31,148,71.8,15,51,35.78,63.81,-10.99,52.37,134,-35,28.03,13,-18.41,-7,-47,-37,149,2.48,74.93,124,138,6
12.37,115,60,11.16,-9,10,124,100,43,46,147,50.19,-5.96,126,-23,-48,-20.8,59.83,66,55.5,25,139,-19.49,53,92
7,22.41,66,124,121,117,46.04,58.35,74.5,106,46.86,147,-4,-7,111,15.43,88,-5,-13,139,74,34.93,-22,73.25,-41
29.02,-1.3,-45,5,-44,65.91,115,132,18.95,31,10.23,-3.9,51,7.39,30,19,9,-33,43.9,49.32,0.61,-16.81,38.58,-38,52.52
123,-7,52,52,-0.14,106,-8,22,29.46,-3.43,10.35,10.46,12.17,43.16,103,53.58,13,106,41.46,26.94,-0.72,-18.65,1.36,43,-5.06
97,40,51,-37,73,-19.45,44,38.13,71.78,39.99,147,39.86,63,-17,15.1,-21.5,90,30,147,54.32,0,71,27.02,139,54.04
-29,27,4.42,65,1.38,80,120,139,104,8.94,20.17,-22.47,41.02,26,9.86,-8,88,-23.35,8.89,115,31,50.42,62,45.5,21.27
117,39.67,87,11.79,3,86,30,69.91,50,1,17.73,36.14,53,65.21,107,-1.44,-18.74,-7.23,54,11.88,-18.19,61.79,123,52,0.7
70.69,30.64,60.74,66,6.05,9.67,22.95,127,117,15.94,47.59,37.51,26,59.64,17,119,84,42,30.96,-39,27,-42,35,-22,48.12
5.25,53.32,13.39,-19,68,66.74,22,29.01,58,41.55,75,88,49.84,45.26,5.36,26,5.65,-8,101,-18.9,28,-10,10,72,142
2.83,117,32.06,-5.01,146,29.83,-0.48,-19,-16,71,29,71.64,5.42,19,45.08,48.37,116,96,69,-10.81,57.97,65.08,23.59,136,-16
-42,-17.12,-13.87,23.57,13,5.45,-10.84,113,88,43.56,64.64,61.97,-24,65.01,35,54,39,-1.47,30.16,16,90,-0.54,-2.47,-36,77
126,34.8,-26,124,51,-3.82,120,-46,-2.61,8.32,144,12.09,-6.34,38.63,-13.85,-18.12,-1.24,122,-5.68,11.67,-34,-18,57,21,15.7
88,6.04,49.86,3,116,15.64,90,17,24.94,67.16,40,63.62,20,67.09,-17.05,-21.34,46.75,-13,32.91,49.04,70.23,71,11,108,128
35,-42,14,8.92,124,119,52,27.75,54,-37,-24,21.73,148,111,124,56.14,-48,-19,105,51,109,47,60.49,16.96,48.07
42.12,64,5,-4.09,63,-6.21,27.15,131,-21,4,-11,-46,0.42,37.48,-43,66,13,28.77,77,58.59,8.27,50,149,46,-15
26.92,57.96,48,128,44.41,67.44,17,-3,79,108,109,16.59,63,-31,99,105,19,9.35,15,-13,49.18,9.41,-28,77,12.3
73.76,10,-27,8.12,-17,126,107,9,-49,-12.74,50.9,-4.89,49.74,141,19,29,16.37,93,25.6,140,-1,17,-17.64,-17.86,26.52
66.66,71.53,22.25,26,62,13.84,101,16.42,31.84,118,10,51.93,23.47,3.21,148,-37,115,-10.09,18.8,70.59,2,-32,28.64,-2,-45
43.77,147,68.74,134,-20.88,26.3,138,118,130,65.45,73.24,128,28,1,140,120,39,39.12,136,118,-6.58,-17,41.97,34,47
65,13.49,30.53,129,66,66,9.73,49,43.69,90,-49,-14,73,32,20.91,82,43,47,25.23,68.34,-20.5,64,57,11.52,8
-10,116,77,4,94,145,-21,75,81,-4,14.18,-15.87,129,-35,-22,60,46,118,58.77,63.91,64.02,29.96,74.94,-9,-37
93,4.82,73,94,66.92,67,46,-46,-26,71.95,120,21.5,-15,-21,16.35,21.82,102,-30,92,50.89,66.99,19,-16,24.96,36
59,9,1.04,-5,94,60.51,-0.51,37,94,69,59,143,-23,9.53,-21.97,-33,85,-37,84,-5.49,64.41,29,-3.02,7,-41
64,-47,-17.33,3.47,-3.93,6.13,-8.37,-22,140,124,-12.87,13.23,-8,146,-21.37,56.94,23.67,4,-19.23,11.12,52.95,-22.4,12.08,-5,66.27
105,-33,58.18,-14.85,86,30.12,73,-16,117,36.69,69.11,-18.64,-8,14.71,66,8,55.79,149,76,-13,38,71.72,42,-20.51,42.15
142,-30,134,45.15,45.35,-32,17.39,128,130,-14,122,7.67,49.51,108,-40,-39,135,24,39.13,40.84,55,-14,114,48.48,-43
61.94,63.67,68,52,29.6,146,53,124,41.32,-50,26,148,-49,132,36.13,40,-7.31,34,121,-34,-7,37.53,-15,144,33.87
33,-9,30.09,95,54,67,40,-17,2.04,102,66.41,21.02,2.55,57.86,52.42,94,70,-7,-12,44.81,60.92,74.7,54.89,-0.8,-3
47.38,-29,-22,15.3,-4.29,57.55,-15.89,13,-41,-11,147,5,41,34.28,-19,-43,87,131,52,114,109,-0.26,2,104,57
68.39,39,60.81,-7,44.25,68,73.29,-33,37,54,57.87,-21.82,47,99,133,-1.44,-1.95,67.52,48.07,3.76,14.82,-50,57.81,-1,-24
7,61.32,-18,16,46.63,43.62,40,-13.39,21,52,121,-15.35,11.16,34.5,69.26,85,10.04,-2.15,41.46,118,63.28,36.84,111,37.69,5
132,0,33.7,-19.81,3,114,95,-11.76,37,7,-11.68,-31,0.21,82,-48,83,96,66.22,2,92,2,65,93,-13,119
119,38,58.24,-22,41,-25,56,33.07,52.79,-14.13,97,25.35,7.65,147,28,-27,14,51,-42,117,-5,51.94,-22,-18,-50
-38,70,44.03,69.38,40.45,-20,133,36,-31,71,0.38,31.7,126,69,-42,61.84,23,80,9.51,17.13,39.69,21.86,76,-18,-14
45,14.2,42.7,79,10.7,30.92,-40,92,32,52.21,142,-20.83,21.18,60,14,73.67,119,-45,8,111,-1.75,-5,67.92,53,127
13,108,38,-12.2,66.3,75,3.62,24.65,-14.59,28.11,61,146,-16,-49,74,20,54.61,146,-18.9,-0.41,-45,36,-2.81,-43,-20.82
-49,61.14,85,-13.6,49,40.82,-16,105,78,-8,71.85,71.78,0.49,96,39.86,61.05,74.15,22.98,-5.52,109,69.8,-23.27,129,99,88
104,113,98,104,18.25,38.73,91,14.9,22.57,99,-1.38,18,9,101,-41,-25,48.56,1.62,117,47.28,78,-32,32.94,4.7,55.91
51.02,114,-36,34.77,34.8,14.02,31,29,36.81,12.06,39,-49,101,83,117,13,12.58,-15,111,-16.8,72,116,-22,107,70
10.91,-15,44.48,-44,128,60,57.53,-22,-9.99,55.2,102,47.6,-36,101,52.68,36,96,34.08,35,96,35.08,15.49,17,-4,-19.13
-18,86,41,38.15,26.07,54.86,9.75,22.9,143,-35,139,2.9,7.7,83,-18,115,-44,39.55,17.2,-40,8.14,127,8.86,123,56
-47,137,44,42.99,35,-25,112,55.45,-13.26,69.79,38,23,134,75,-26,63,-12.56,24.8,136,4.99,74,148,35,34.83,22.91
26,12.4,12,16.73,-3.59,147,10.73,127,135,103,-4,92,-30,-23.57,-8,-17,23,97,71,-6.85,-1.02,2.56,8.36,103,12.77
-7,-4.17,26.83,16.56,55,49.68,7.09,-7,104,73.72,122,31,100,46,54,-40,58.93,117,64.58,31,-2.74,86,-9.78,96,-25
-50,-4,78,55.28,94,105,33.17,-25,133,-4,36,69,29,37,46.61,0.54,28,-23.35,9,35.6,73,117,137,34.23,-2
-10.93,-2,121,6.13,65,-39,13.95,37.04,-19.26,-29,28,-8,-28,64,105,44,128,-0.24,74.04,-5,-44,60,39.31,14.23,16
-41,-5,-16.16,26,53.49,-5.06,-39,92,1,93,-24.83,82,143,-13,-24.92,117,20.7,131,102,147,147,29.69,18,17,58
70,11,143,90,62.39,65.94,34,10.18,27,36,124,-11.78,-42,-3,127,68.61,129,25,-20,38.65,123,136,57.59,115,108
73,15,59,134,121,87,63,50,149,46.06,70,149,-20.79,119,59.9,29,-9,63.72,-14,47,48,-13,94,37,15
19.69,89,2,-15.6,-19.06,27,131,134,44.29,68,-18.26,-23,2,70.87,-35,-16.2,118,128,112,50,-1,137,4,74,113
20.49,147,3,36.9,-5,71.19,-0.37,-32,55.82,-32,-22.12,53.48,67.03,23.1,1.1,18.85,7,17,28.01,16,38,60.01,-31,30,78
86,95,69.28,46.99,6,90,20.3,-38,2,103,65.55,34.14,-12.59,134,141,54.99,26,69.29,59,29.07,47.39,-42,-19,-0.22,36.51
9.52,-8.21,25.56,21,85,-28,58.81,72,78,88,99,58,-12.58,26.24,25,68.99,-34,-19,122,119,96,50.75,-24.16,56,32
26.48,-5,-15.3,-37,-41,106,71,-24,17.13,-5,55.06,5.51,125,37,10.73,-10.32,-32,140,127,-23.67,72,61,100,133,67.7
70.11,124,28,130,12,4.14,126,-4.34,58.66,149,-9.98,21.82,22.62,11,95,-5.05,19.18,-16,-35,48,42,10.55,107,37,94
26,21,8.98,107,61.13,138,-24.82,124,64.64,54,21,45.53,1,146,24,-9,-35,133,61,52.72,-9.7,40.49,4,71.02,63.81
-24,4,-13.42,-17.22,128,113,31.55,123,41,148,-9.8,99,39,107,7,3,24.68,94,38.5,70,8,20.27,115,11,72.29
58.43,-25,-45,107,56.01,12.3,37.05,109,53.54,68.57,1.12,42.87,-2.65,10.37,148,20.09,17.26,39.25,116,17.46,101,53.51,48.94,147,-28
-50,75,35,5.64,13.29,24,38.58,90,57.49,109,17.26,46.28,35,22.89,-23,58.62,16,70.92,126,-37,92,86,79,57.43,-45
35.04,39.82,10,99,133,93,60.05,29.89,54.95,-31,62.41,137,43,53.46,17.74,13.8,0.18,38,0.56,0,89,41,86,67.64,72
115,104,-26,71.59,-15,13.82,-3,75,104,43.18,111,69.23,57.36,33,1,20,106,13,62.23,52.96,28.25,52.94,-20.28,-12.97,128
89,-29,61.57,132,72.96,59,17,34,34,127,51.73,-4,-16,22,-1.36,118,85,-11.09,19.76,13.85,14,-20,-6.54,50.12,-24.14
30,45.09,24,49.2,86,-13,-2.21,-20.52,29.33,130,-25,38.99,137,-18.06,122,57.03,-38,63,32.3,67,-21.33,34,10.34,20,56.75
-7.54,41,45,-24,38,122,20.95,-45,5.03,90,52,132,86,18,25,141,130,97,92,9,10.5,-6,115,-2.74,126
12.58,20,10.58,-6.5,12.85,-24,2.75,43,-42,39,72.06,7.86,63.56,30,143,11,32.27,-23,-3.85,51,4.64,46,-21,-8.7,86
42,5.92,142,46.84,43,101,49,90,41,99,-39,-14,-15,0.74,67,74.86,30,106,62.04,63,126,8,48,26.54,144
69.4,51,-29,43,26.86,-33,7,18.5,149,130,-14,41.55,-5,-16,115,-28,-40,-16.53,103,59.53,-49,43.48,103,2,49.18
37,20,16.78,76,55,50,62.64,130,27.55,-34,-10.89,80,35.57,47.37,37.41,128,-39,31.77,-8.59,55.43,120,130,-26,-17,1.23
119,63.57,-48,119,43.54,67.33,-50,86,3,27,71,26.1,95,34,28.83,-10.43,65,9.41,131,-7.98,32,23.75,38,-1,32.61
-40,1.28,95,-27,126,-43,65,31,146,-13,45,-46,8.99,147,36.1,57,-39,100,6,-33,111,65.33,-23,-3,49.76
20,61.21,23,40,-39,146,17.26,68,0.79,-18,-27,5.54,139,57,72,86,-0.75,103,49.54,85,-30,133,-5.72,16,146
-18.87,-26,45.08,1,3.5,106,-27,93,-42,27,21.8,21.44,13.66,-7.07,68,32,32.35,40,33.36,-14.84,8,29.39,11.57,-13,111
101,112,-37,21.08,24.48,-2,-4,42.3,-19.63,145,-22.48,23.61,-2.39,65.51,128,57.27,-27,12.76,-25,34.79,-22.9,-47,-13.54,-5.26,-10.13
22,121,20,5,-18.81,55.68,72.71,134,99,-45,64.93,22,-42,57,99,52,61,-38,29,109,13.84,92,6,41,-25
132,-38,68.76,-19,9.36,138,36,65,58,97,20,-43,-10.72,29.43,32.53,117,-39,22.21,-46,114,-19.76,4.77,115,135,-44
-48,-22.11,83,2.7,-11,-38,20.03,134,44.65,3,48,77,-14,47.97,-9,4,24,0.04,127,130,139,10,-6,12.67,131
3.81,51.45,92,117,-8.04,-19.9,127,78,57,-30,-37,41.59,-50,-3.46,114,-17,75,-17.36,91,-18.11,39.47,-17,9.98,44.25,63.03
37,59.75,73,147,35,142,96,81,65,20,56,-22.37,98,40.1,130,72.67,45.36,-0.82,91,69,10.55,-7,-20.77,94,52
-20.79,19.47,102,29.31,35.67,-6.08,27,64,97,10,144,-21.65,52,42,-33,69.94,26.56,44.91,40.85,134,83,-35,16.32,1.96,-24.92
7,119,57.1,70.32,147,39.69,12.56,58.53,65.53,90,86,10.54,64.59,51,44,49.1,101,41.51,38.64,10,47.28,71.03,25.2,120,-14.71
12.14,71,-49,33,-9,80,23,67,58,72.59,48.3,77,36.06,135,74,46.32,-6,17.01,17.3,-27,124,113,147,62,48
52.74,93,138,68,-4.54,42,-31,39,39.01,36,11.87,8,110,60,137,113,-11.43,42,41,28,-37,137,135,-40,-19
54,74,45.05,75,140,45.65,109,-7.53,1.71,99,102,-23.46,7,6,28,-19.63,8.07,-45,43,78,85,-18.2,68.97,103,-15.1
86,34.01,11.35,31,-37,88,-18,62.44,51.7,33.48,134,87,-35,31.66,3,101,25.8,53.35,-7.24,70.88,40,-7,-7,-18.85,-31
26.76,-38,50,139,26.89,99,9.47,67,48.32,-36,12,10.29,41,25.43,48.1,-40,-15.19,85,7.87,-19,13,39.83,-38,26,60
110,33,17.04,-31,29.19,47,141,-17,41,45,16.01,122,-27,-42,39,7.24,-37,-15.69,-2,-17.01,102,138,145,142,111
147,-6.17,-22.92,141,-50,51,132,56,-25,25,0.3,144,119,1.01,-12.08,-34,43,27,-4,91,59.92,11.24,53.9,-7.3,-24.34
23.82,65.88,-34,-19.78,95,47,119,43,8,35,58.53,111,52.02,-36,47.33,56.98,120,56,11,2,8,11.21,132,30.81,108
-23.81,145,132,-17.28,74.37,-9,38.42,61.8,67.57,3,0,24.4,-13.86,6,-47,-25,67,27.09,148,56.18,56.42,8.33,32,6,60
-18,29,7.07,106,17.33,72.9,57.4,50.83,-10,136,-24.69,72.85,134,45.58,7.56,72.1,13,22,11.51,-6.67,52,72,63,100,119
-50,62.98,41.75,48.07,63.77,-20.28,40.08,-8.81,67,138,87,-16.68,-4.09,69,58.84,18.75,19.9,139,26.28,60,-5.16,11,-0.98,37.34,65.54
71.3,29,-15,60.52,30.73,107,42.21,58,97,-2,70,114,72,60,129,51.27,11.65,100,-4.65,40.09,41.14,1.17,26.4,64.69,39.65
16,49,29.61,129,-5.47,97,144,-7,4,28.92,11,17.91,51,27.68,-2.57,31,29.33,37.11,35.31,107,67.71,61,149,59.67,12.75
-31,0,22,6,-41,45,-12.14,149,-11,5.59,-50,-7,8.45,9.01,20.81,-45,16,-23.53,17,10.26,23.17,-20,36.45,-35,121
1.51,103,22.6,117,5,65,52,108,-45,18.51,45.75,-41,19,5,13.33,74.9,38.36,37,82,61.23,72,29.81,48.83,7,130
-36,99,37.96,-30,38.84,-3.94,52,40.01,-39,-20.86,34.26,40,-5,19,-24.66,96,-25,7,103,-25,71.71,7.07,42.02,108,26
18.37,21.52,53.83,146,52.4,102,58,37.45,-1,-0.21,13,-11.44,111,31.4,101,131,89,-30,-2,58,7,12,70,105,83
26,23.98,73.95,-17,28,32,39.77,78,54.07,129,81,73,-4.46,116,45.18,-31,-2,44,-11.89,-23,11.75,10,-44,18.88,129
56.89,63,56.22,103,72,35,38,141,31.83,123,133,-20.78,117,-5.09,8,6,58,82,23,56.56,39.17,69.09,114,55.6,97
-2,30,67.7,46,23.18,59,23,-35,14.28,66,58.28,-19.07,-6,24.51,-9,52,59,38,-31,32,5,-7,58,-0.28,66
59.58,-16.36,93,-9.67,38.51,29,100,48.13,-21,30,54,36.84,70.56,23.94,46,-11,70.06,74.31,7,-19,-2,126,51,-48,66
9.75,105,-21,56,133,57,74.22,10,28,-1,8,-12,63.86,70.15,46,43.03,62.56,104,94,33,73.8,66.51,50.68,78,-25
24.78,20.53,-45,29.12,-13,140,-16.32,-41,72,-13,-16.33,-4.1,11,13.81,0,126,55.07,30.62,73.82,-29,-1,-12,29.19,-10.52,93
67.55,7.5,-0.8,-16,85,7.42,16.43,74.26,71,-29,38.86,41.76,57,137,64.82,81,-50,31.6,98,63.41,-4.67,149,27,34,131
46,6.91,-11.13,-29,33,19,73.09,5.78,-19.58,41.6,-12,98,36.81,85,140,72.96,-17.39,84,-33,17,-28,133,106,-44,33
72.03,-12,107,-6,143,63,103,106,63.56,16.46,63,-29,-27,120,66,-13.31,48,86,39,3,27.71,-19.63,103,9.5,93
38,45,20,-16.46,140,-17,133,100,50,24.17,141,93,74,52.83,136,61.3,12,-42,-15.37,120,82,-19,146,-46,58
70,48.39,-2.35,30,29.89,27,77,-8.5,73.09,6.49,55.16,90,19,22,11.27,103,-42,32.13,58.13,73.76,31,32,50,44,10.43
18,43,24,46,145,-41,55,33,38,70,-47,25.26,14.87,45.36,25.52,-7.2,66,32.2,-21,28.97,108,132,24.84,47.09,111
-30,27,46,38.2,-22.15,43.38,59.75,127,-32,113,70,21,-1,75,57,23.02,70.08,93,63.08,29,67.75,1.83,-9.43,112,101
-50,13.7,11.56,138,48.05,49,29.68,60.61,47,-10,135,-19.35,146,1.25,66.97,1.61,61.64,55,-37,55,82,68.12,144,-10,109
114,144,57.26,66.39,142,12.35,9,40.05,22.1,15.81,7.77,-17.76,-18,50,-26,56.12,74.95,109,22.61,44.86,-7,35.95,89,-42,66
74.84,-9.34,42.83,48,5,29.86,5,94,9.35,83,29.67,51,113,74.66,-3,-30,-0.49,127,70,71.31,148,94,-21,30.8,113
132,-32,5,54.32,45.38,103,-5,71,-35,108,110,-36,-11.41,10,-22.86,8,24.21,-12.61,-46,4,23.48,59,38,-22.46,72
129,15.65,56.76,44.63,-50,62.49,38,102,72,59.61,133,66,-5,25,-14.45,-9.33,28.85,-18.31,-30,-5,49.18,-49,28,-20.17,-0.52
-17.35,117,13.8,113,47,-22,-35,-7.91,110,37,22,62.53,12.12,-6.23,-14.87,-34,36.3,-21.86,-26,21,61.63,-48,63.94,128,28.85
-13.15,8,42,-21.43,-10.02,128,81,25,125,120,-32,4,125,-15.05,3.74,97,88,-12.17,-7,7,-8,-15.54,125,90,23.65
-23,-4.98,-2.37,58.59,-11.09,11.7,-33,91,74,21.76,1.59,136,9,27.79,13.77,47,74.2,63.52,10.89,-25,25.52,40.91,-1,131,44.98
19,17,-24,1.67,-46,15,-17.69,59.86,86,35.01,29,48,0,78,82,13.12,47,52.45,69,18.87,-23.99,57.34,-18.22,118,-22.74
22.2,10.11,62,18,136,-16.01,34.99,20.53,17,23.41,-32,73.95,59.58,60.26,7,27.24,110,-14.16,52.14,60.92,72,111,43,115,50
-15.26,149,116,94,-12,-17.9,-35,60,-27,-11.25,27.62,-4,113,17.63,-35,-26,60,142,13,89,11,-23.02,-23,-9.88,4
53.27,25.07,86,41.1,49,-14.13,28.28,-25,6.74,-23.43,-17.59,-21.06,98,70,44,54.77,107,37,19.88,-9.58,32.03,54,69.33,105,-44
6.62,-3.2,5.05,-6,32,59,17,11.39,48.56,26.9,75,79,36.81,-35,0,85,44.82,-17,1.75,82,88,147,34.06,-13.62,140
-1.66,71,32,-41,66.76,54.48,4.75,0.92,115,81,107,63.46,-11.03,-28,-45,-37,111,-1.27,-3.25,-1.08,-18,9,19,-10.47,104
-9.64,-13.7,111,5,83,96,-35,-29,57,109,24,-47,42,35,35,49,-34,53.54,103,14,-6,56,-5,143,11.89
47.02,-9.04,49,31,50,25,62,46,19.32,52,-13.34,39.02,132,80,42,58.23,103,39,73,65.03,41.44,108,19,40,49
61.49,5.38,37.53,19.65,7,129,-6,115,70,62.74,-25,91,41,88,30.18,54.36,-20.62,72.9,124,32,-3,-30,25.4,36.92,-43
58.29,-14.07,61,21,-8,30,-15.57,14.17,44.34,-50,46.09,-34,54.83,76,39.14,58.59,66,76,85,66.01,-44,33.45,92,-4.28,59.87
86,4.33,50.91,12,101,75,116,58.3,22.04,44,-45,0.08,125,-3.39,50.53,148,135,44.22,138,11.92,38,-22,-18.56,70.46,146
27.76,-10,8,2.18,120,59.79,-16.9,-49,-17.25,13.43,-7.87,-6,9.41,-22.09,-21.77,-8,11,-13.36,73,23,83,45.98,77,-44,67
-30,66,132,103,112,5,140,34.27,18.19,40.1,51.97,-19,72,1.4,43.7,-18.38,53,5,53.74,-49,132,52,1,68.56,73.46
46.81,11.51,70,-18.62,-13.87,-13.72,74.59,136,137,7,122,40,-25,-20,72,68,-28,7,-9,107,-46,-11,8,101,31.33
12,103,108,99,102,-21,53,42.27,20,100,139,22,-15,1.81,60.25,65.2,41,35,65,-3,66.8,7.15,86,-30,5.02
10.86,-8.17,-45,88,-27,-9.39,28.28,52.82,90,142,65.62,38.15,-18,1,52,7.91,67.81,51.03,30,142,45.35,-7.07,41.85,-22.37,28.15
-15,130,48,-4,-23,109,50,22.08,71,142,93,16.75,15.37,25.75,61.04,-10.48,48,-37,10.67,-16,132,-5.65,14,38,37.23
22,-22.27,148,116,118,10,61,55.32,42.56,47.07,36,-9.07,-48,73.08,93,-21,16,55.96,67,71,38.38,20.1,56,0,15.52
63.93,24.53,58,66,26.91,74,-20,-0.14,62.52,83,-46,12,-47,39,41.58,68.64,98,69.71,-23,-38,41,88,72,68,-22.73
74,67,37.74,65,59,55.21,60.83,134,27.53,57.26,7,51.56,22,65,68.87,50,-50,-11.08,66.33,15.59,-44,-11.92,73.68,111,-36
69.06,57.36,-49,-18,-5,39,-33,133,46.39,-18.02,61,72,-22.8,14.41,19.5,-45,35,-11,84,67.78,44.64,61.69,88,-42,24.82
-1,131,33.82,5.01,122,70,-7,40.36,-48,-43,49,71.07,0.05,41.25,133,-42,14.72,5,54,128,81,22,-31,72.31,21
147,138,1,19.46,7,-11,15,131,-1,70.1,-24.48,40.6,-5,13.91,-32,-45,3,96,122,62,-20,60,22.97,-8.08,55
1.35,18.96,111,23.23,-14,35.92,-9.91,56,-4.89,64.84,25.33,59.97,128,0.31,26,79,-5.22,41.2,-35,68,66.56,25,-8,3.99,74.23
28,28.41,11.81,93,26.5,46,115,68.83,17,-12.14,79,64.29,-38,76,52.09,-16.89,114,2.06,73,13.48,12,2,-36,25.65,-31
-46,130,15,44.49,54.2,33.69,5.16,146,124,24.13,-16,30,32,29,104,17.7,59,146,32.14,43.1,149,40.17,115,54.36,7.26
26.26,41.94,1,-34,-8,45.78,8,-8,-17.96,122,43,46,-27,-8.06,-26,-19.06,34.46,57.27,24.01,63.69,-12.01,51.58,73.64,-12,6.52
64,42.63,144,-5,57.48,18.25,87,8.22,98,96,-2,45,63,33.16,125,54.73,1,37,45,37.48,56,140,-16,-12.15,41
22.66,4.82,-1,20,27,36,-9.53,61.49,-15.85,34.66,34.51,-46,20.92,21,-32,71.6,35.89,72,37.16,20,46.04,18.99,21.21,74,107
68,20,17.72,149,66.9,40,17.09,-46,74.65,75,29,49.85,77,145,8,37.37,47.94,65,30.65,-14.27,-30,94,58,58,5
72.8,-9.56,56,45,99,19.54,71,50.26,11,57,-7,12.15,129,30.16,-49,94,85,146,71.22,2,23,-17.98,-39,44.99,-14
20,-17.24,39,69,-25,124,5.66,92,78,97,29,99,108,137,-10.41,6.3,69,127,11,75,16,34.24,36,28,-15.92
-37,42,-17.06,6,36.72,-48,-2,9.54,-7.51,-38,136,140,-1,5.87,37,24.69,48.62,-14,-27,40.84,73.31,10.4,64.84,13.36,31
54,5.62,-12.68,47.45,1,30.78,-39,43.98,-41,-16.22,62,25.59,33.11,14.3,50.78,122,135,-28,72,123,8.03,57.02,-24,122,30
61.25,71,105,22,-19,40,58.47,-16,-44,29.63,16.5,-21.22,133,64,52,43,46.24,70.43,-42,41.89,16.55,-9,60.83,52.11,-38
-24.89,32,80,-49,53.48,118,12.06,146,55,19,31,31,54.64,28,107,40.6,17.92,60.09,28.37,61.35,15.26,134,69.48,22.43,31.06
7.46,115,101,-11,144,8,128,26,73.49,-18.68,47.68,141,-13.18,32.37,-43,8,66.98,110,-8,46,-47,-29,-2.8,-43,-49
87,62.73,73,149,68.51,42.11,8.62,26,-20.56,-19.26,53,109,38,59.98,38.9,69.22,5,66.51,70,-21.16,16,32.27,33.01,-18.85,41
56.21,125,-15.78,-10.02,92,-19.82,23,15.09,-15.83,-21,41,34.68,14,37.61,60,72.59,-27,30.38,7,63,40.54,92,52.9,71.41,89
102,49,35,39,16.61,14,-32,53.11,42.78,35,-39,-41,82,35.53,36,-34,56.72,-1.55,-3.74,-2.98,70.47,119,-40,34,42.97
-3.36,36.68,9.67,69,51,66,-9,121,51,-38,32.89,-29,52.32,-24,148,-21,-21.14,33,139,-13.39,73,55,9.21,9.71,28
41,-28,111,61.71,38.98,27,83,65,24.82,68,86,-17,21,78,120,63,54,70.66,-35,-37,25.96,58,0,74.27,59.43
53,47.46,107,27.53,-2.25,84,-12.77,11.37,28.29,23,3.47,2.62,53,-23.69,-8,36,48,-44,69.23,22.76,22,66.06,13.84,18.78,60
-47,-24.36,0.69,96,127,103,125,50,103,4.24,20,133,53.87,119,79,4,126,30.86,14.19,20.1,-44,101,-13,10.83,-2
102,-2.33,55,146,38.87,-30,-16.45,50,69,-26,63.69,110,70,53.73,49,128,78,22.42,23.29,68.04,-0.14,53,66.91,54.24,2
66.42,31.05,30,3,128,-8.03,25.68,-9,16,97,-11,-18.14,-14.77,43,44.34,-1.48,19.89,39.77,42,68,-7.89,24.18,9.8,13.14,-0.23
-7,-2.31,-2.87,-35,17.52,117,71,-45,-28,-2,17.71,35.65,-17.46,-1,89,37.36,45,144,80,21.46,13.58,6.46,119,15,122
30.9,75,96,-1.59,66.17,47.52,7,98,12,-41,-9,12.25,-43,-38,2.71,6,65,-34,-5.94,27.57,58.31,-24.41,65.01,37,51
3.74,61.3,145,52,-39,21,105,133,69.63,133,73.41,52.09,2,-41,63,-11.41,30,57.46,71,-17,66,-5,-12,39.5,121
41.66,-8.44,113,-41,11.94,33.25,51.65,114,-17.1,28.06,17.03,34,7.77,50,74,-22,48.77,-19.74,124,48,20,34.92,13,118,26.2
37,92,-49,13.62,42,-3,51,87,55,-29,26.92,68,-3.9,15,57,-22.44,-11,94,-10.11,66.4,-17,32,-10.25,72,111
-9.83,-21,98,8.3,134,98,13.88,52,-3.87,10,28,90,7.13,-16,50.71,14,56,106,-25,39.5,62.79,5.21,43.68,70.54,85
-30,23,7,27.51,10.89,64.33,-21.2,-24.96,116,-6.83,-48,60.94,29,-30,57,45.28,-33,137,108,25,-2.74,71.33,34.95,25,132
20.34,55,102,0.02,-21.56,11.31,-21.94,41.79,47.32,-1.55,41,40.85,108,1.49,8,73,23.84,-31,103,-29,139,-9.04,5.93,2.72,29
37.46,-1.41,35.4,-7.1,-6.62,-13.56,64.14,-22.25,13,-8.56,41.03,104,18.05,19.27,79,-11.74,-12.37,126,-2.04,37.24,-18,-27,74.53,6.27,106
108,128,95,16.36,1.66,83,-17,14,68.86,-3.96,53.82,128,-2,5,40,103,-6,0.73,57.91,4.93,11.6,27,24,29.5,-21.1
-27,146,33,21,28.92,0.92,64,62,126,46.43,77,96,-34,85,82,71.67,-26,-17.08,94,47,-49,28,61,-3,88
-1.39,57,139,52,-46,61.81,49,9.72,51.19,23,111,88,-19,18.69,68,120,88,64,12.27,34.56,4,68,10,146,52
48.09,101,141,68,8,94,53,7.86,22,38.03,-16.75,145,-23,27,-13.77,11.1,1.76,145,94,46.21,42,99,125,63.84,147
50.46,139,38.44,-8.19,-1,45.26,-50,-33,47.83,33,40.13,87,0,26,36,66,137,104,8,35.24,56,38.99,68.2,67.77,-8.37
-41,8,-1.05,132,-22.09,51,37.82,54,19.61,42,59.39,120,70,75,82,108,-11.75,-2.19,113,70,3,29.29,-8.68,18.43,-42
19,61.68,-36,10,14.69,-42,-4.85,55.85,37,-11.97,65.24,139,-35,129,46.08,40,113,-17.38,-20.85,-16,-15,1,59.8,113,42.55
17.98,11.97,-43,22.58,50,-2,51.19,58.07,45.83,14,116,-23.72,17.33,43.9,19.72,58.85,13.84,20,58.56,70,44.72,1,-33,71,41
-12.22,64,30.97,149,37,-2.89,-12.52,-13.93,138,-43,12,63.34,63.93,-3.03,-24.31,122,-7,0.67,62,126,48,95,57,70.88,48.27
35,-13,-19,110,130,96,27,0.34,1,67,5,-28,80,41.88,62.92,3.74,135,101,-28,72,-15.02,52.28,30,46,57.59
52.76,5,128,-15.82,63.53,42,-18.73,41.9,25,27,-43,-35,-11.27,113,68,-7.45,69,63.99,0,39.2,139,99,-37,82,106
119,-10.58,32.24,96,77,55.8,142,116,138,70.63,92,3,28,57.34,50.56,142,-5.38,-19.54,120,-25,65.22,49,27,22.34,-2.25
35.49,33.61,-7,35.72,123,82,24.11,-49,26,119,-10.05,22.71,129,25.99,49.05,26.18,4.71,22,4,25.65,12,-19.97,-7.43,45,-7
12.43,-1.92,67,45,101,71.04,58.78,19,-36,-15.54,-5,39.74,9,-14,-14.23,16.34,-41,-21,98,42,-6,9,132,17.17,72
79,119,12.47,40,68.96,141,-47,97,-5,68,111,92,132,0.55,56.1,-10,25.89,73.51,15,56,-5,114,133,-5.45,61.18
74.2,31.69,45,-1,-23,28.15,0,137,6.9,21,88,-30,-23.44,-34,32.99,-1.56,90,59.26,125,-10.88,127,-23,-38,141,38.44
-7,-9.52,138,20,72.11,84,-11.65,-27,9.38,40.06,-12.83,125,114,97,72.44,77,100,27.04,16,128,40.58,124,22.98,-12.82,74.13
144,124,140,145,5.47,34,-47,-32,-7,82,27.56,30,49.66,-20.89,29,-16.84,30.24,10.48,67.12,34.54,145,53,104,72.72,35
-22.76,17,6.78,44.14,-3,-48,132,99,35,-24,27,8,56.49,-3.06,98,41,19.71,141,122,36,28,-16,34.53,-0.22,9
20,135,-18.96,125,-46,92,108,110,34.82,-40,101,-3,76,25.13,-21.31,59.63,-0.51,21.22,-10,-44,70,-23.96,49,47,45.71
72,70,-20.11,-34,-39,38.04,46.67,71,129,-48,14.56,-17.64,140,129,102,57,30.38,26.46,80,70.88,-0.25,-27,99,134,35
-9,-14,120,39.96,-14.93,-47,-2,-29,-10,3,-34,24.9,76,-37,116,146,70.44,69.88,115,45.71,36,144,-5.32,68,105
65.62,-9.8,-4.24,121,99,-10,97,-3,54,-34,-5.97,29,40.04,59,51.43,89,75,-8,41,-13.19,17.26,28,123,126,41
62.58,94,19,121,69.62,137,20,137,18.03,-49,141,68,-24.78,30.9,-10,41.89,-34,77,32,95,51.1,65.49,75,118,77
48.66,22.68,54.5,95,2.8,12,134,54.88,19.63,1.8,81,133,-34,143,-22,-21,2,11.7,41.08,84,21.65,-7.07,54.58,107,64.88
123,132,-42,15,50.03,133,-18.27,0,54,-6.38,70,6,96,1.83,95,16.41,7,48,18.93,24,51.18,101,68,132,69.01
63.67,-15.85,97,-14.53,39.92,-25,43,55,88,-2.67,71.09,67,4,9.93,52.71,20.52,71.01,130,-1,73.36,103,-47,-21.73,-30,62
32.32,61,28.65,70,0.61,104,66,61.48,31.3,49.3,-13.63,-16.61,1.84,89,37,-8.66,47.89,-48,17,30.12,-16,-18.67,129,67,91
60.09,130,-12.25,61,9.9,65.14,86,42.6,-27,70.98,20,60,148,-47,-44,-18.44,-27,111,0,71,-14.47,43.68,-14.94,8,-43
-37,0.56,-24.39,49,17,28,47.06,9.34,70.01,103,-12,-8,64,24.41,4,62.13,-43,-40,60,30.7,104,0,41.78,44.23,36.97
96,134,46.79,-19.75,83,137,126,-27,4.23,-48,140,24.14,14,116,-42,-9,110,58.56,5.67,45.01,57.48,59,37,17,-29
68.08,142,54.4,-6.9,55.13,32,139,2,99,27.26,7.98,11,-17.44,22.44,139,-13.88,116,-1,7,35.73,56.28,-20.04,27.96,1.53,99
17.59,3,69,59,76,35.54,-37,14.25,17,101,17,138,112,-8.06,137,-28,-6.07,89,62.48,-4.81,13.02,35.96,69.69,143,15.85
-8.24,29.33,143,49,-18.3,20,-7.13,23.24,-22.33,104,9.42,32.45,34,15.57,52.11,68,119,17,84,8,94,85,56.73,5,129
59.81,-33,-20.01,67.96,72.09,22.04,27.69,-5.9,35,124,2,-48,23.23,-22,48,146,18,128,12,106,-37,-11,-16,125,144
-36,11,121,91,111,-21,135,36,59.6,-15,15,89,106,121,31,-24.83,63,-43,-4.85,50.18,36.72,14.99,-16.35,68.68,32
112,-16,145,-25,49.13,73.82,122,133,48.62,140,77,69,-31,60.24,-50,82,64.22,71.57,-11.74,36,47.76,4.71,55.06,55.66,49
-28,24.28,68.36,-4,32.13,67.91,98,-30,4.95,-47,-9,38,1.86,-25,74,-20,49.27,113,43,-19.2,-10,14.06,0,24.88,20
-1.48,12,-16,136,58.92,57.21,3,100,41,45,147,107,40.09,25.91,0.55,26,74,19.99,33.99,63.26,-38,96,127,65.55,39.47
-6.15,68.22,-7.36,-8.59,49.13,62.6,76,7.17,-15.29,117,34.77,135,139,35.93,-19.32,34,66.35,-18.3,81,92,-11,111,58.2,47.55,66.2
-35,69.97,145,30.8,10.45,52,72.53,133,-21.44,139,8.27,-34,85,4.09,105,48.35,14,-32,-44,135,-39,3,90,12.72,80
137,18.1,109,-7.53,6.31,23,-0.66,127,36,125,69.97,4.79,23,26.28,43,48,52.11,3,56.24,-3,-8,-15,114,58.1,44
119,80,116,39.06,27.09,-10,58.44,108,4,83,139,-10,-30,49,35,146,29,27,83,55.09,24.58,61,118,2,93
-9,30,83,36.94,-44,55,26,-16.06,33.4,26,46,37,59.3,68.64,38,-14,30,56.44,14,60.09,131,64.31,122,46.9,34
-49,-21,-3.53,112,-13.26,-11.79,37,137,64.43,10,54,-34,32.78,50,-19.96,41,-31,19.73,103,55.76,71.33,148,82,17.25,16
70,-22.53,138,146,38.23,-16.74,-36,82,66,71.24,55.83,55.97,74.33,134,-12,113,54.1,101,17.14,111,24.48,93,15.91,16,88
79,61,93,40,9.64,-34,70.92,-8.46,51.45,24.12,28.68,-14.41,122,20.09,20,-3.99,28.9,26,61.88,1.1,-20.16,52,36.79,-3.54,-12
31,24,22,13.17,-9.35,33,105,42.52,63,-9.94,64.12,-36,67,83,-21.67,-41,-33,36.84,28,102,66.97,86,38.51,73.63,25
3,23.27,34,76,-7,54,66.24,44.77,-27,13.6,83,37.78,54,46.71,-16,113,8,37.24,25,-47,-7,-10.97,49,44,118
8,25.11,17,27.82,31.72,-1.9,30,132,-8.61,109,-17.11,12.95,-49,90,-25,37.74,76,-46,4.77,119,6.57,-34,29,110,-27
0,-26,21,-41,19.06,-27,-21.68,141,3.36,-6.77,32.41,-25,1,-15,112,18,-19,1,86,58.05,72,128,97,-37,64
19,20,44,52,-1.09,57.27,39.33,-40,49,149,42,-12,-16,60.04,69,39.26,46,65,5.11,36.72,-30,61,73.23,-8.3,-43
74.38,43,5,-3,58,5.98,126,94,-30,113,-31,121,67.48,5.05,51.16,122,-12.5,24.74,44.92,129,106,7.65,9.34,0,45.28
120,53,58.6,25.13,136,7,-19,-23.12,29.63,27,-13.16,86,102,73,123,0,79,131,-46,-12,72,39,7.7,22.53,80
139,54,65,-16.27,29.68,74.38,-12,37,46,74,138,126,40.1,-9.74,11,25.42,48.82,-38,65.8,-39,-38,-42,3.78,2.22,-27
10.7,53,-4.73,124,78,97,63,42.08,-24.81,62.93,74.82,141,62.71,-33,53,-15.85,74.73,-24,125,19.4,19,0.6,30.02,81,-24.78
48.15,65,115,-16.64,55,113,45.63,142,-47,118,28,114,4.43,37,-6.9,-23,-8.97,114,64,9,43.07,105,44,-1.3,24
-29,36,21,66.11,7.26,142,78,49.88,33,91,114,57.89,104,53.37,10,103,15,136,-18.6,104,60,111,7.12,73.76,43.68
4.99,130,-3.91,50.04,48.37,-32,13,72,126,-6.97,38,-34,51,55.99,59,106,-12,-11.91,-19.21,-13.31,133,61.24,19.95,91,52
-9.02,48,73,134,46,2.03,61,-23,31,127,94,37.3,2.45,97,115,125,-29,29,40.46,70.9,-26,31.42,-8.92,30.94,101
64,-36,-3,13,141,134,39,58.93,100,-0.46,38.88,-1,130,2,-2.44,81,23,-41,-16,45.16,-39,51.69,63,17.05,-19.67
-46,104,-5,-14.32,112,61.31,-2,127,61.97,4,-26,12.71,21,25.21,35,8.94,21.74,37,100,-21.63,107,-14.54,-31,14.39,52
4.5,79,-36,22,84,64.65,36.84,-2,55.57,118,58.18,-14.48,61.2,-6,15,12,30,1.46,-11.69,55,121,105,-34,47.32,-12
-5.85,13.5,-22.84,21.81,-37,147,-5.38,94,-19,-32,-4.93,85,-43,47,87,74,23.72,-29,61,116,62.53,-48,109,62,49.11
-21,44.33,9,-47,-27,51,38.89,137,50,20.09,124,44.08,34,56,48.07,23,149,84,120,59.43,60.59,111,50,27.73,6.4
-4.98,33.56,-35,105,67.12,80,38.52,42,74.5,53,15.11,10,112,42.71,30.2,116,-19.2,55,49.98,120,93,72,123,28,22
25.1,104,142,42,91,7.73,117,87,30,109,84,11,-17.64,55.52,139,103,-50,58.77,60.44,-31,12.65,126,63,31.71,67.9
52,25.95,51,-47,34,-13.82,78,57.32,41,-20.17,111,-17,44,-15,82,119,61,-11,31,59.28,-15.97,133,72.93,19.75,1.55
5.3,82,132,122,-8.8,47.75,23,29.67,-25,128,59.35,61,61.53,58,97,44,68.81,5.05,-19.03,-4.03,0.53,72,75,-13,35
52.17,5,57.84,0.54,-13,63,134,10.04,73.52,93,57,35.2,-22,-8.69,29,67.37,46,-45,1.86,-39,-24.69,-4,10,-22,-3
136,26.95,30,49.98,-3,28.69,70.43,135,12,89,56,-24.89,108,57.61,145,131,58.74,43,46,-16,100,103,45,55.13,39.77
-35,-2.05,-31,83,24.62,-20,60.57,20.8,7,35.24,-4.21,24.71,37,84,12,45,66.28,124,5,-38,15,19.1,47.14,114,27.03