-22,-9.18,134,1.14,13.53,6.74,13.11,69.28,56.01,66.9,23,-13,48,73,135,26.39,-26,-6.44,19,13,-37,-43,34.04,95,72,73,-16.14,38.37,-32,3.28,68.03,124,52,3.15,41,37,51,-10.49,17,-17
23.05,-1.36,23,2.97,-14.28,28,26.14,-36,-11,9.41,115,56,55,61.06,-14.82,-14.4,140,-19.8,122,60,128,59,-24.7,78,6,-20.62,-11.16,-22.06,66.63,-45,-14,62,0.19,113,-5,27,146,-50,-7.79,-16.1
-1,45.58,58,52.86,31,45.4,-37,6,113,127,39.84,-4,67.1,86,-9.27,-23.69,33.1,-26,54,19,74,-19.43,-39,137,92,3,23.16,48.11,-21.18,103,93,2.53,11.98,6,-30,11.83,62.63,-47,59.84,71
-2.48,37.47,59.76,93,-17,131,-50,-4.01,42,73.11,26.22,-12.88,64.16,90,41.49,-23,92,53.48,20.72,-8.13,29,37.86,-19,-12.14,51.81,-8,52.04,-0.15,114,3.47,125,68.72,-31,121,88,-10.07,96,70,-23.03,6
-7,48.08,-0.3,57,124,-6.08,35,37,55.67,128,71.66,-18,-41,101,-12,65.95,106,-45,104,52.72,-17.73,-25,53.23,-36,-26,21,-19,52.1,10,-13.48,82,-14,117,28,45,52.31,52,-13.4,54,55.08
9,127,36.08,-47,69,28,15,-19.46,89,23.1,32,108,-44,149,-14,71.01,-16,7.09,8.76,62.54,-18,10.95,-34,24.64,-16.72,-4,60,127,26.3,92,110,144,23.83,40,49.16,8.45,-39,-16.89,61,30.09
38.85,130,107,10,2.27,-9,25.93,52.4,-24.99,18,144,-4,48.13,55,67,-33,127,68.4,107,32.95,30,79,11.8,15.66,9.97,42,36,4,-39,45,134,-23,71,61.63,20.03,47.16,12.59,50,5.2,68
-24.91,59,-3,43.53,47.09,-33,-13,70.17,14,120,66,2,57,9.97,6.18,42.68,68.04,28.46,-3.56,-18.58,97,-1,34.35,-39,39,-5,-1,61.89,33,53,-3.91,42.1,13.67,86,24.23,-34,20.57,-23,8.01,36
4,-29,126,45.03,49.46,38.97,-18.51,86,49,16,-42,48.76,60,-17.48,-10,124,123,-13.1,33.75,114,2,92,130,30,-7.55,120,107,-5,145,108,19,73.83,25,38.81,-14.38,81,-23,114,26,32.09
130,15,33.33,27,60.67,64,-3.65,130,44.66,147,-21,45,-14,112,54,7,68,18.35,93,19,32.77,22.5,-50,70.5,45.9,-30,66.41,25.33,21.39,45.84,-1.78,4.46,62,52,-22,13,124,19,7.98,126
-35,17,54.94,-33,55,44,-14.03,21.96,-16,78,86,16.62,30.24,50,82,54,100,92,111,-44,30.4,20.85,-4.02,39.68,102,122,4.32,64.24,72.08,58,5.04,-19.53,88,36,146,142,-7.29,10.77,137,80
-18.89,-48,47.26,73,70.97,-8.49,-23.81,46.24,-46,78,6,110,-44,66.22,26.52,-30,53,57.98,39.73,9.39,35,-33,70,5.88,6,49.35,99,-11,96,82,89,44.14,120,123,45.53,99,-5.19,91,20.86,71
-9.86,-17.58,116,52.03,-14,60,-0.42,6,-7.02,118,88,72.56,121,-4,6,135,97,24.38,-5,69,128,132,-16.67,29,-19.14,-40,-13,27.39,17,58.01,25.03,42,33.42,149,31,73.94,-8.16,73.55,-45,35.71
30.81,-10,63.29,39.27,27.05,49.75,-20.83,134,39,109,74.16,-11.39,135,58.67,29,-15,55,119,-38,10.82,-12.24,46.11,41.1,41.13,63.98,67,30.27,77,-19.49,61.41,26.7,-38,115,24.42,-18.8,77,-8.24,-1,-43,43.67
38,77,77,-17,79,144,-25,17,13,61.87,-4.85,-3.42,46,101,-8,142,78,38,-22.71,-36,-37,4.91,34.68,6.2,28,11.21,27,35.09,67,-24,79,13,113,-31,-20,109,87,70,83,-26
-32,26,131,54,58.53,54.23,-4.06,64.23,-14.6,17,33.88,59,84,49.77,69.88,-10,103,101,-20,61.83,35.69,47.63,38,55.65,-4.76,46.36,110,49.64,14,42,47.02,24,36.35,-12.95,31,-20.43,27.22,39,137,56.04
146,40.94,-1.52,80,101,36,79,7.14,52,-12,16,124,37.55,109,3,-9,3.81,56.7,134,63,8.79,-13,-17,133,122,102,-20,130,149,11.09,29,112,76,117,140,-36,-4.48,-16.05,57.41,-5.93
124,4.5,132,50.86,96,-23.09,40,116,42,-25,132,46,-22.17,89,-43,109,47.61,95,11.55,2,65,122,29,73,141,-5.15,61,16,-39,3.09,-10.15,71.64,1.5,6.29,-38,-19.99,6,74,30,-1.74
120,36.17,39,101,65,-21.24,54.24,60,-24,22.18,131,92,-23,-6,39.07,-4.93,-5,-18,59.84,58.53,-18.9,53.7,-28,18,42,-11,73.23,-15.64,-17.93,-44,107,5.88,148,125,9.73,25.15,39.12,14.92,-2,98
43,50.8,124,107,52,27,51,-0.79,91,32.74,11.42,9.27,9.93,-14.06,120,17.74,10,114,30.28,54,98,127,-30,-46,28.24,32.05,100,134,141,21.77,78,-2,12.51,11.11,21.43,56.76,140,-21,-3.9,84
119,145,69,-2,25,-8.64,-13.74,37.65,95,65,147,118,-13,132,36,-7,11,-20.5,-10.89,131,-18,37,138,71,43.13,39.99,145,19.53,52,121,122,45,40.33,5.76,46.54,110,-20.43,70.26,-24.48,27.53
129,73,112,26.93,49.88,-32,13.67,101,-6,54.89,69.23,-46,-33,131,53.2,110,31,138,97,31,-5.25,15.63,131,31,54,58.63,123,48.19,72.77,-48,136,0,-9,70,54,8.43,-21.1,-44,3,85
14.16,24.21,125,23,-9.39,75,63.55,-3.53,115,-1.9,-49,121,103,59,-12,-30,-8.29,19.89,63,89,126,15,23.48,16.83,119,7.78,27.58,21.18,-30,126,3.38,126,1,79,0.95,6.73,-50,-7,59.94,25
51,106,-15.13,131,-37,12,59,13.86,149,93,26.76,107,143,-37,-50,27.94,61.5,124,78,-20,22,-12,35,-18.01,10.54,100,12.74,45.69,137,-14.19,-1,131,-12.16,120,47,6.04,110,-15.12,25.91,8.89
11,95,68.69,39,74,139,42,10.43,69,9,-24.34,-6,96,57,-9,138,53.48,77,77,14.63,63,45.97,49.95,119,85,61.03,73,74,72.41,-4,-11,-4.12,-50,16.98,15.69,141,36.5,-16.1,19.89,119
-17.38,105,0,21.19,16.64,-46,18.68,18.81,44.31,-1.93,74.39,73.07,62,140,74,56.28,107,108,-2.53,-42,-40,106,148,43,56.19,39,-23.37,67.27,60.14,54,30.44,-7,-38,113,-47,-3,21.35,42.72,23.57,6.34
39,126,12,-1.68,87,2,140,74.08,-12.38,5,-20,-47,58.83,46.43,32,72.76,149,-30,144,47,48.33,55,38.53,106,36.71,88,58.66,28.03,138,17,6.71,104,69.88,77,111,-9,51.37,-31,143,61
92,19,61.4,56,104,-32,136,-3,65,2.55,11.58,21,-23,-5.09,14.02,38.47,2.79,146,81,29.03,134,82,99,78,-14,-5.44,80,56.62,30,102,25.18,74,61,119,46.8,48.12,25,-21.87,16.29,19.73
-28,7.5,87,-10,39.75,16.83,-9.54,122,109,26,-22,47,31,-13,63.6,-8.26,94,-15,-14,-42,1,24,43.49,67,121,-7.43,65.16,36.59,-21.67,70,17,-10.31,51.41,138,142,7,64.95,106,118,63.07
88,42.34,21.1,126,-24.06,86,77,-22.39,92,79,57,-13.73,-0.32,17.36,60,31,140,38.99,-2,62.19,97,-9.8,82,-11,39.33,-4.28,2,-21,13.94,18,89,66.35,8.22,1.91,16,5,92,18,48.83,108
43,12.18,50,71.99,68,1,-37,133,19,74,43,71.87,-22,8,54,-42,47,10,116,145,128,-7.18,15.5,-5.03,40,30,13,47.32,43.85,45,-18,5,-15.97,86,69.55,50,-16.85,125,90,-2.9
120,143,-9.25,19,86,13,9.67,16.84,-16,16.6,-36,93,-35,36,-10,58.52,9,66.41,89,130,63,-17,-46,104,46.64,129,-42,16,67,-21.97,3.15,143,28,81,66,66.15,-33,15.77,-45,79
24,140,31,119,7.69,94,108,8,8,57.19,-9.35,31.38,117,-41,113,114,-12.99,62.47,84,82,-5.28,38.35,-16,92,130,-2.43,22.04,-2,112,39,105,97,-39,19,4,-20.69,46,-3.36,48,66
42.53,10,73,128,0.82,68.04,-7,-9.55,58.24,-19.63,52,144,-32,-4.03,67.26,17.63,39,2.63,-22.61,-50,89,147,-24.64,102,81,-6,15,-5.68,47.25,42.88,130,146,116,-45,46.44,20.71,76,-34,139,-34
-4.96,-17.29,61.6,-31,-19.49,-44,-0.32,30.87,128,-12.1,52.59,3,17.77,64.91,-16.11,36.19,-38,22,68.01,-41,51,6.91,39.57,28,45.34,20,-34,-26,109,44.91,39,-18,61.01,-27,67.85,72.53,30.86,-22.49,-14.12,42
98,-17,94,77,-44,-5.49,111,22.91,5,-35,21.96,-19.93,9,129,119,33.74,16.46,5.57,60.43,102,35.77,-7,72.97,7.66,-20.5,16,5,2.24,-5,-20,1,-47,11,142,26,-14.11,41.09,43,-42,1
-6.59,-42,-17,39.89,-18.06,-11.48,29.33,12,-23.24,121,49.9,-15.29,62,-2.32,59,149,-6.78,126,-5,14.09,11.66,111,-16,1.13,46.63,-17.78,-16.64,-14.75,114,-15,-17.12,84,-12,69,67,-32,-19.06,-5.54,-20,64
-43,55,44,24,44,92,56.95,129,30.32,36.33,98,62.61,144,52.11,34.29,138,32,-20.5,44.21,29.08,149,-5,143,11,119,-3,14,140,37.81,10.39,37,144,72,64.13,-25,-41,-1,55.6,-11.72,-34
102,-15.15,30,34,115,73.58,65,102,-11.48,64,101,136,13.16,23,109,29.64,72,24.02,-15.44,72,-1,-6,105,20,-3,59.06,3.77,46.03,65.68,-23.67,43,35,25.43,13,44,-6.53,57.02,61,60,94
87,-48,26.7,49.01,55,117,19,58,-4,-38,100,10.12,50.5,0,55,-9.25,69,44,142,4,74.97,4.33,116,-0.13,-43,-14,-18,18,24.74,97,82,146,-3.78,70,-31,146,-9.95,142,36,-43
5.85,13.8,54,-24,93,-42,45.92,67,24.93,-11.32,-13,0.98,113,114,108,-17,73,68.36,78,114,129,-10.83,-12.83,3.05,147,9.74,90,54.04,43,-23.57,9.05,-28,118,57,67.87,53.07,-16,-14.85,-38,130
130,65,143,108,26.39,141,15,-16,86,-22,66,95,-1.64,-47,51.44,101,-1,33.89,-49,44,-34,-42,51.06,87,18.28,32,40,147,83,4.03,-21.98,41.56,69,58.32,48,-5,37,15,-17,80
73.96,25.55,27.99,-14,-19.67,116,143,-39,2.79,43.51,-44,36.79,85,-22.19,13.57,53.71,99,71,41.27,71.1,42,51,72,37,122,25,79,58.01,-23,48.27,-25,40.23,-15,93,-16.83,95,-0.07,-44,16.93,23.15
135,-45,127,97,31.14,-23.3,144,94,39,21.22,87,52,80,99,1.07,135,9,35.52,36,25.82,36.84,36,58.8,133,67.9,56,10,-22,23,16.51,28.7,143,82,-9.29,11,-1.2,36.45,12.6,16.61,132
3,32.65,-13.78,132,40.43,70.26,81,85,33.84,-37,83,79,101,11,93,-39,-1.77,87,28,136,18.01,-37,64.98,-26,78,-27,7,33,38.41,48.29,34.91,119,113,125,114,15,40.14,25,14,88
70.18,27.44,56,-11,146,11.4,59.16,112,20.63,67.74,131,97,37,93,74.94,12,11.71,15.35,27,66,62.48,-38,-21.7,13.97,65.16,-1.36,-9,125,23,13.57,3,94,-3.03,141,5,60,49,87,84,25.34
63.73,-25,52,-49,60.73,120,35,68,2.19,97,96,25,-18.87,56.06,112,76,42.43,98,-24.59,-18,124,57,23,125,16.33,77,-0.86,-20,-43,142,41.3,61.41,47,39.57,144,-18.61,9,72.19,7.7,49
65.75,26.51,54.11,-11,26.4,148,104,133,15.82,49.75,70.72,6,10.97,89,-45,58.37,71.41,34,140,115,136,-6.03,10,-11.01,24,72.75,-43,134,34,-16,71,9,-10.03,112,32,-23.12,24,68,65.68,-34
24.17,29,91,134,13.74,-35,26,48.58,-2,-48,113,49,0,140,-14.42,116,51.72,13,91,50,-4,113,122,108,65.64,79,78,32.41,73.82,9.68,94,72.49,77,103,34.65,18.89,12,61.7,-10.5,-11
140,64,-5.73,77,-20,4,141,-24.52,-10.64,137,114,34.68,8.89,144,140,3,66,19.21,11,137,6.96,5.08,33,86,-19,44.88,43,18.4,46,78,42.01,51.37,-44,-19.78,134,61.42,-14.13,113,145,-7.36
35.64,54.82,0.03,35.29,26.75,-33,47.97,-30,-10.79,86,-22.68,29,27,-20,104,28,64.68,16.28,26,-6.18,95,42,24.44,107,-23.1,19,29.08,91,118,26.37,34.7,25.43,-4.92,147,-22.77,134,103,-24.79,43,28
68.71,-10,60.41,29,23,-16,-22,67.79,23.87,70,-47,-41,7.18,36.68,-36,114,-23,59,72,-2.66,57,63.07,21.42,34.21,143,79,5.69,6,-5.68,-23.24,27.5,54.16,74,1,54,57,134,35.91,148,67.22
60.28,100,110,106,-30,-15.74,91,36,52.03,10.15,-11.63,-24.36,-13,35,24.42,67.76,82,51,-18.19,88,48,21.91,-5.95,74.64,30.55,-14.54,100,-22.47,71.11,-43,144,1.82,27.25,33.45,32,21,79,-21.96,7.39,-38
-30,56.97,47,25,4,41,-13,65,143,127,-36,135,33.95,15,132,83,-29,-2,-20,58.34,-3,-19.54,56,61,4.24,25.13,-22.93,23,25.54,-12,72,32,7.79,146,-1.42,48,61,41.51,48,-15.32
-29,33,97,40,24.17,67,13,19,133,36.1,74,-49,44.94,-49,-7.5,-2.19,-46,-5,-50,31.16,-13.57,-36,77,74,6.64,5,-7,-21,24.41,-3.54,-19.95,136,46.91,88,67.88,140,-27,2.13,128,65.65
-41,-27,4.26,-3,-21,-7,147,-49,35,27.93,-13.51,121,149,23,121,-32,42,1.96,125,45,104,4.99,-30,45,138,69.95,122,102,54,39,55,-44,70.35,12,48,10,20.33,101,-9.99,1.65
69,-4.8,132,28,-18.62,-22.64,28.43,13,61,22.6,61.2,16,73,93,5,122,10.52,53,28,48,57.85,53.64,29,56.47,4,-33,-25,-18.77,-1.88,-18.14,16,21.18,-18,56,43.08,-25,74.7,8.61,63,47.48
54,65,23.43,86,117,49.11,-43,-32,139,71.24,38,55,45.54,27.65,137,96,81,29.48,-8,-16.01,30.59,-41,24.56,144,9,27,19.18,-0.5,48.92,63.36,45.16,127,58.18,98,-13.84,1.5,72,41.02,54,38
1.75,96,18.35,-13.82,72,0.39,-25,-25,14,59,81,100,68,112,17,82,48.92,79,-35,-20.03,30,92,-44,69.72,93,36.62,-35,149,18.42,39,38,28,32.7,-38,66.82,22.79,42.99,6,41.28,52
85,63.67,75,105,36,-9,143,107,84,58.99,7,30,49.43,-40,42.11,-11,55,-19.55,45.91,-21,87,32.47,38.62,81,63.36,37,-13,-17,79,31,-22,84,-17.93,55.89,7.82,32,73.25,34,2.94,42
33,139,71,149,122,-24.52,116,110,23.32,-28,121,25.16,-22,137,106,10.29,120,126,-20,67,36.37,-1.95,24,57.2,18.34,23.4,-20,116,13,-16.51,129,105,-4.35,69,-16.11,51.34,52.19,16.76,67,-10.84
-5,127,24.65,53.56,133,4.78,5.31,-39,91,92,51,-7.93,22.86,-4.86,84,139,-11.49,0.95,29.27,-1,33,79,20,-8.29,50.39,-16,31.8,106,74,23.48,-15.68,20.09,-45,67,128,22,117,51.64,30,143
18.59,131,4.15,42,64,103,-23,38.72,22,109,-16.57,63.97,-23,43,-16,61.15,133,38,59.59,2,-15.56,57,-5.19,59,132,-2.61,145,32.82,58.3,62,-3.79,57.35,63,11.59,41.54,86,27.67,-10,19.45,49.43
29.32,3,-19,68,90,-45,-40,45.22,62,-8,67,16.66,58,-8,43,-14.88,9.05,114,123,94,-21.24,51,135,117,63,4,-3,30,38,124,8.1,-15.4,38.02,24.78,37,115,50,49.01,37.56,66.79
-5,16.46,-23,95,55.09,130,30.58,30.26,140,102,120,32.98,54.69,117,-15.7,32,60,-25,124,90,105,0,86,-37,103,74.6,-38,11,-15.42,45.34,109,123,94,68.86,119,135,54,-50,11,69.09
109,72,15,-40,50.51,0,-46,61.26,42.31,-9,32,12.39,-39,-50,23,17,104,-34,79,34.53,100,5.35,72.56,66.81,-48,97,32.16,-50,42.32,-44,140,98,10,-1.68,18,56.23,84,31.77,148,101
71.56,0.11,17.73,75,-6.24,56.69,-13.53,20,106,60.86,-2.15,-28,110,-6.01,72.78,123,-28,85,-7,29.58,-6.81,36.33,31.71,34,31,-44,144,28.42,41.14,78,35.1,-17,97,31.49,114,51,67,-42,73,-18
32.95,46,-19.05,144,142,51.44,3.24,-12,15,-37,-23.28,38,-50,23.33,-21.16,104,1.52,44.35,79,68.89,63.97,-6.9,120,-21.08,2.43,61.7,80,4.17,-9.15,-5.09,99,71.83,-24.23,38.03,-4,105,63,13,47,128
0.51,86,125,-35,-19,74.57,94,-6,-36,-33,61,-17,76,44,11,13.06,36.78,73.94,-35,72,123,27,61.99,6,10,-27,130,29.31,53,122,23,36,7.08,-8,10.59,5.79,-14.69,-45,-8.05,122
-14.25,-3.72,47,48.7,-48,63.83,-3.65,44.23,-14,11,41,6.26,37.2,90,56,132,-23,61,90,-3.22,12,89,14.51,39,104,-2.36,131,8,56.78,77,-13.74,-24.32,20.09,72.65,42.52,117,80,-5.4,41.01,-18
87,96,12,51,54.66,-13,-26,102,46.77,-47,47.34,2,-9,92,14.47,-9.39,-1,141,-4.92,64.56,9,-9.96,126,48.04,18,10.47,39.26,22,118,35.76,-0.54,-13.57,29.26,63.31,71,-5.9,-49,102,25.32,-16.61
-8,-25,-49,108,3,51,137,-1.39,141,115,109,66,15.3,10,33.55,30.55,124,5.08,100,122,55.74,1.58,117,36.65,33,119,-3.96,12,-28,15.94,17.82,140,35.17,-6,14,39,121,-18,17,115
23,6,-44,55.32,143,80,12,89,68.65,138,-7.59,-22,134,17,6,33.06,-6.47,85,56,9,11.48,55,56.3,-18,-1,65.64,8.77,35,33,103,40.07,25,17,-12.41,140,-6.99,-34,-1.24,19.65,-22.04
46.68,9,-36,19.14,10.48,17,-36,-29,65,-9.26,125,89,66.39,109,39,77,27,39.41,-12,49,-6,0.48,47.95,-49,-18.27,12.13,16,134,131,3.81,48.78,37.11,-39,113,123,13.96,33.26,3,149,48.13
-30,72.43,50,112,66,25,125,70.15,43,38.42,88,68.22,77,-8.07,-8.77,6.4,61,6,32.18,-44,-2.31,22.4,128,42,42.9,142,-9,-22.57,148,93,10,48,40,63.69,-7.35,28.5,13.03,-35,112,86
-29,7.21,19.42,-38,37,63,68.7,148,23.88,25.23,62,114,132,38.26,51.52,19,16.84,27,29,-13,-9,-7,68,82,-23,145,128,-1.25,92,138,-13,-11.11,-24.83,15.02,46.65,136,147,25,-34,16.46
53.08,114,26.28,82,-43,-21.18,-32,-38,-33,82,71.88,111,45.59,115,25.69,82,46.72,111,63.4,49.2,1.31,8.84,-7,137,145,58.64,124,-4.6,-4,96,147,49.24,-10.43,-18.33,18,-6.77,63,61.83,90,-12
-10,120,4.19,-13,71.25,-6.71,112,7,30.51,107,32.72,91,146,102,37,68.22,148,147,16.38,64.55,20.89,132,-9.88,31,68.62,-46,-9,132,137,67.13,113,42.68,10.46,95,52,-6,-23,-3.49,-9.5,99
71.64,53,122,60.59,40,72.72,50.72,22.84,-14,-47,102,-18,-13.94,36.39,45.29,80,58,83,52,-47,63.67,6.46,24,119,37.18,146,-3,131,124,3,134,64.76,91,-27,43.61,61,27.5,125,-25,35
16.51,100,68,81,65,118,34,-21.58,148,25.59,74.6,72.6,23.47,-26,85,51.19,126,38,18.3,-12.69,15,82,-40,88,7,55,44.77,-30,121,83,-37,-46,-15,33,67,23.56,16.2,13,22.47,41.55
35,0.21,-6,36.16,1.42,-34,53.86,39.43,128,128,43,31,14.73,-42,75,73.26,6.44,94,66.68,29.43,-16.15,110,104,19,-1.57,-31,20,-30,-3.62,-8.35,26.92,-14,-50,1,3.37,41,36,-38,-42,70.22
-37,-34,51.6,3.57,89,33.15,48,65,62.21,76,149,-7.93,56.89,-27,47,9.27,30.42,73,126,-15.71,-16.18,-31,-18.27,1,24.32,69,-6.51,-49,62.8,80,135,39.94,87,132,4,51,-31,25,2.63,149
99,85,31.29,36.39,-13,93,100,73.36,18.08,144,38.9,-3,43,83,-40,75,2,20.48,-20.18,96,-0.57,-11.23,32.06,-21,33.24,2.55,74.68,7.79,10.73,87,53.93,-42,123,-14,81,51,-6.99,-20,135,79
-49,8.37,-22.78,140,68.24,49,9,43,58.08,21,74.45,86,46.96,-22,26,124,46,122,17,-12.98,-50,-5,43.71,112,49.56,30,8,-10.37,9.21,64,53,131,-9,95,64.19,86,64,8.51,-7.06,55.96
-20.81,10.54,-22.73,-22.59,-43,-48,128,86,64.05,28,4.35,34.75,-15.35,62,-18.38,17,-28,36,-21.56,-14.21,81,37.03,36.73,96,71.76,104,77,69,74,9.38,82,47.68,2,-2.4,-13.45,-5,52.07,16,31,-6
50.93,9,94,-11.48,36.12,47,63,-22.67,53,27,25.99,23,-14.51,41,24.76,47.7,69.03,88,-2,25,31.97,29.98,1,111,131,21.44,12.8,115,81,52.36,-28,58,-22.99,43,-48,2.28,60.18,68.66,94,-37
27,89,-11.01,38.18,41.79,37.86,46,78,-45,138,-15.77,-45,19,127,-25,43.02,-13.34,139,136,32,107,32,45.9,108,73,15.96,117,65,-48,24.86,50.69,46.4,26.43,54,39,-2,48.63,143,48,28.42
-50,27.92,23,-4.74,-38,110,65.44,41.22,59.61,-46,108,71.27,18.74,124,73.4,13.78,-20.02,0.77,64.42,28,106,148,-19,123,-12,108,129,10.98,42,91,64,135,83,140,26.75,-29,25.29,52,36.53,-14.27
-24.4,-12,38,117,52.42,142,56.24,141,80,-33,23,29.6,38.5,100,79,82,84,65.65,47,71,-20.99,-7,-7.81,113,17.66,34,27.88,52.81,31,-15,102,13.35,25,112,34.77,3.54,68.9,138,-3,46.5
7,125,127,141,125,57,58,135,11.49,-10.47,135,-8,100,104,-11.67,32.98,86,145,9,-30,-23.78,2,76,-49,27.03,-10,127,-8,-30,11.02,131,-5,-29,49.06,61.05,-4,-28,89,22,20
-27,18,5.24,136,42.23,17.41,139,-23,75,80,70.96,-7.34,113,-17.59,19.04,27,48.57,0.38,35.26,52,-47,47.44,40,-13.6,87,113,-7.53,23,132,50.7,146,143,55.34,28,-25,73.71,33,2.35,-9.1,30.85
121,74.15,39,84,31.26,-13.83,-24,4.1,21,-13.15,128,63.12,56,84,103,25,-50,24,63.34,28,-8.02,41,122,-2,-23,11,-22.98,126,-7.76,14,-14,34.6,40,-37,18.51,51,80,28,-5,68.52
48.18,-23,115,4,28,50,22.81,24.53,104,-37,4,28,13,0.92,111,62.47,128,-1.91,58,7.25,-15,-21,21.26,81,131,-40,30,-10.13,69,-18,-24,5.6,68,88,43,118,1,-17.47,80,-45
41,95,84,31.24,28,9,72,-26,72.94,-17.21,41,42.92,16.98,39.53,34,26.47,42,-22.06,-49,23.34,53,1.62,123,-4.5,31.6,-27,-24,49.59,-1,24.48,0.13,15.51,11,146,38,27.27,-25,95,-6.05,20
-25,-26,2.17,48,-1,61,102,56.24,68.93,117,27,92,-11,-10,-15.21,39,81,54,21,7.49,99,124,35,32,9,71.3,2,-8,38,50.35,-21.9,129,-38,74.67,-2.61,15,-36,-16,-48,29.25
42,144,42.64,37,87,141,14,17.48,-26,75,83,74.39,100,32,28,-39,24.62,133,57,61.95,26.27,-14.77,32.12,-41,66.92,22.55,9,95,91,-19.98,-35,142,3.68,28.81,114,44.82,134,-8.26,73,17
6,3,19,92,-48,68.7,44.41,-12,19.65,83,54.1,90,59.58,32,99,72.14,13.3,98,128,-15,59,13,9,-10.39,43.86,129,46.04,22.93,21,-5,-16,86,59.9,-34,-25,0,8.35,18.8,13.48,24.39
6.32,61,32.18,63.24,58.94,0,71,3,72.24,71,51,59.15,62.06,-11.61,57.63,28,101,101,84,-10.22,-3.64,26,33,63.19,59.26,47,19.77,99,23,113,-22,92,70.8,16,-11.93,132,49,50.17,105,-5.62
2,116,22.63,79,10.19,116,113,66,11,134,-23.72,-0.46,33,53,34,47,35,58.68,31,118,26.82,-41,21.33,29.52,98,20,40.3,-37,-8.48,68.86,82,18,-46,-15,64.76,38.35,-22,34.85,134,-12.27
91,77,-14,44.54,96,11,1,70,143,-33,15,-5.25,-26,28.18,7.23,134,-22.94,45.79,29.4,54.39,57,-21,-15.7,-1,118,1.81,19.12,-22,10,39.69,129,45.91,13.45,71.01,37.18,73.4,11.03,26,-34,23
40.07,-32,2,121,92,52.97,-5.66,-23.58,50,127,-24.01,36,21,28.22,-39,-36,104,-6.59,17.52,70.94,123,46,67,-23.6,47,58.86,44,18.09,-10.07,46,85,74,-7,128,-38,49.91,126,73,-47,115
64,-17,6,16,132,25.09,71,-5.78,72,112,-24,43.46,6,104,42.34,147,-33,-47,127,24.74,-39,137,85,28,54.89,4,33,81,22.14,-8.7,138,42.3,23,64.64,136,43.97,77,78,-32,129
69.64,146,-23,95,44.01,127,-1,65.13,119,87,105,1.5,-21,22,-19.02,11,132,19,144,35,-20,98,33,-35,-10.16,96,4,-23.47,-12,-22.13,-10.87,34,76,125,70.67,31.33,71,-45,32.02,45.91
48.39,-17,-24,70,-15,49,28.39,-28,-20,-23,-30,67.65,100,-8.26,11,10.08,44,75,97,62.45,-6.42,50.83,44.19,26.07,-19,92,5.99,115,29,-18.1,64.92,8.7,138,26,82,47,-1,1,87,40
-2.82,85,-39,-20.65,89,34,-42,92,103,55.27,74.99,22.86,74,-28,-4,69.89,149,-22.42,2,132,56.99,28.61,68.6,48.23,149,46.33,49.77,115,-0.82,-17.41,-12.26,-2,140,13.81,8.24,16.68,81,11.8,-33,101
-18,-19,4,60.17,44.89,19.97,-3.87,-0.87,-24,70.57,93,51.4,-49,128,103,23,-2.01,126,55,38.67,8,115,-42,128,27.06,-38,35,33,82,39,9,114,-34,44.86,42.03,47.13,11.91,124,83,103
-0.54,71.27,9.2,65.33,-46,65.99,87,141,44.85,19,3,-22.73,136,108,146,12.81,107,-47,119,28,15.47,3.36,1,63,44,21,31,43.42,64,42.67,4.54,-33,19.48,70,-33,53,-5,66,111,2
-29,-20,51.98,62,35.49,-9.67,10.96,87,61,96,19,62,67.26,39.83,3.14,107,9,44,113,66.59,120,51.19,24,13.83,-29,34.07,43.35,92,63,73.62,27.03,6,59,11,10.34,21,-37,71,68.2,55.18
-12,32.42,54,24,144,54,-0.08,-6,29.06,21.15,12.48,52.37,-2,49.55,55.03,-0.4,70.28,-23.16,32,30,-15.04,-35,66.77,114,71,33.43,2,118,22.23,131,53.58,48.67,-9,-22,63.03,-13,120,27.81,11.59,10.78
18.75,31.21,-25,-24.02,115,129,73.07,7,70,31.16,24,110,10.74,72,39.36,48.13,68.06,95,60,53,-13,70,42.89,148,-34,84,131,48,9.39,72.52,107,136,3.72,50.63,87,-47,60,20.27,12,27
49.88,-19.33,-27,73.31,-5.95,55,39,18,71.12,17.91,64.21,4.87,98,145,59,18.58,88,12.61,-22,10.92,-36,5.87,46.82,133,7,40,44,13.99,39,-13.03,39,32.6,138,114,96,-17.21,55,32.07,107,73.45
63.93,46,33,17.07,30.82,-32,73,22,40,-14,51,35,16.76,18.72,144,54.08,118,-24.52,35.04,35.41,108,-10.98,46.96,147,-45,-15.15,87,130,80,23.49,136,-6.52,0,68,71.24,16.83,56.78,16,120,122
24.9,27,-2,-17,11,14.47,-50,23.13,146,13.16,-42,63.37,12.38,120,-48,46.54,-9,-0.26,78,118,102,45.58,12.89,98,4,28,6,47.1,18.7,-22.04,20.08,18,46.24,-49,10.32,76,13,-30,129,89
-6,-9,-18,-22,95,22.37,14.13,53.67,53,-6,-0.51,112,60.63,139,-9,-45,106,34,1.22,49,89,13,70,2.38,-10.56,104,10,72.87,66.31,11.31,50.05,32.96,-19.86,94,77,-16,17.46,57.61,6,-48
101,14.62,27.47,102,126,8.56,7.91,27.15,79,-6,53.64,94,15.76,22.54,43.34,51.27,-18.49,129,-33,103,40.49,42.69,47,54,1,13,42,131,19.85,44.61,47,59.13,90,-7,33,23.88,-23.93,120,38.18,11.52
58.38,72,146,71.26,69,67.19,17,112,-22.2,-9.25,-11,19,-10.35,-14.39,12.44,-14,54.96,67,-5,-14,24.16,81,67,41.54,-10,-32,-45,-33,73.09,-6,33.67,-50,30.19,37.4,66,-33,0.26,112,48,-17.66
-26,24.4,27.81,81,-1.63,-15.71,-12.08,16,-39,69.45,27.18,42,47.01,12,65.4,63,120,31.12,-21,32.25,0,50,133,58.21,38,62.91,134,26.07,25,15.91,-1.72,134,-11.1,122,145,-12.45,128,15.88,6.04,59.4
144,52,7.03,-4,-5,61.61,-16,5.63,-34,-23.17,48,-19,46.43,28,-4,66,-3.63,50,-8,26.71,50.94,-20.5,1,139,-34,148,101,70,20.52,58,55.91,73,26.78,-10.13,133,19,71,55,21,76
44.64,118,125,-17.69,5,125,16,51.66,3.52,-37,-3,46.26,-8.59,-24,85,75,50.19,52.97,117,-18.2,55.85,124,143,0.06,43,41.51,32.16,-21,62,110,58,2.24,58,-18.87,67.37,74.72,17,-32,57.58,-26
149,33,43.75,15,45,125,24,4.84,22,-3.37,-37,2,62.76,18.62,-24,50,-12.14,61.68,-22,21,30,19,39.34,38,59,-6.19,25,33.08,-17,20.08,142,34.24,-11,27.54,95,14,43,-9.2,20,101
-41,1.66,124,1,102,4.74,18.22,35,33,22,82,75,99,57.99,97,-21,58,105,61.68,18,130,79,48.3,-27,-25,8,66.81,124,-5.24,40,25,75,123,16,72.59,13.39,44,8.44,-18,39
51.25,-1,-7.75,23.18,14.87,69,45,34.52,28,0.42,-39,71.41,-23.38,-47,5.27,-15.34,124,-5,54.53,-13.16,72.07,18.49,148,-1,97,143,-28,-15.99,-46,-35,46.7,20,24,102,10.88,-20.23,-14.91,-43,41.37,90
-4,73.47,4,116,19,14.17,59.53,-1.13,-11.06,5.12,38,-16,-10.7,41.42,-22.78,34.85,26,8,51.18,106,67,-41,-5.24,71.23,-19.57,127,24.74,-23,132,73.81,53.61,39,31,-4,44,63.01,6.68,50,144,14.1
-10.29,-3.16,14.64,108,25.29,101,60.01,-8,84,8,110,141,49,51,39.78,22.43,13.12,11,33,14,42.23,96,69.72,18,65,117,-39,-40,148,63.55,29.01,117,-3.85,89,37,6,47,70,44,8.16
145,14.87,1,134,56,40.98,76,47,114,-17.59,145,-8,71.35,-42,6.51,143,22,-10.66,-21.45,-27,-37,137,-9.62,64,17.37,-11.43,-34,114,82,54.13,42,82,149,98,-38,74.62,-12.08,-11.59,4.19,45
44.74,54,47.42,2.9,147,37,96,131,-5.11,62.08,9.37,93,52.46,121,-36,11.02,97,-42,140,40.22,-8,58,21.41,64.15,11.2,38.65,-10.49,20.61,100,-40,64.7,-18.17,18.71,66,-43,49.06,-14,25.07,95,64
11.52,91,-48,56,-17,22,66.86,61,28.4,79,35.9,-16.82,17.09,-6,78,-20.29,74.02,73.59,-49,58,-16.55,-12.01,20,63,48.91,71.24,5,-19.65,67.76,-5,111,91,52,-36,10,60.06,80,40,128,20.96
37,115,-7.87,-35,70.62,7.5,143,-10.31,56.92,12.76,27.42,4.6,-2.19,-11,25.13,104,-16.33,-5.85,41.23,-7.39,39.17,31,81,116,8,59.94,41.57,29,-36,118,38.42,3,34,135,26,45.77,-15.5,110,135,-33
-8,-21.71,-32,-14.61,71,48.25,114,74.47,55.65,95,32,-34,66.39,69.81,16.92,55.89,128,55,-15.53,129,-21.37,116,4.97,26.64,-7.75,-18.66,105,45.49,-0.02,34.77,86,56,115,83,149,115,-44,101,104,-49
-2,-13,88,-9,22.02,138,-27,140,6,110,78,-33,19,100,-8,65.47,-17.26,-41,-4.38,108,37,59,64.33,25.6,-21,-18.28,122,60,30,106,7.22,-4,35,47.79,45.48,-5.23,102,129,-5.56,51.42
142,15,85,137,0.89,78,1.75,69.77,52,69,84,-39,2.69,-16.47,-18.32,57,116,49,-2.01,1.84,25.75,77,55,98,-38,-1.72,137,23,-9,17,-22.6,7.17,16,77,61.62,-32,36.37,-42,66.85,-7
33.43,22,34,43,60,32,84,76,13,26.63,43,66.61,12,-7,36,28.41,-25,-15,38.39,62.59,70,68.2,35.38,-9,44.75,42.58,-9.84,47.83,26,-20.51,-5,8,46.64,-18,31,54,-2.18,13.97,-14,-4
108,89,-5.86,11.4,12.72,30,47.46,-6,47.66,5,131,63.44,106,56,29,51,19,19,27.72,83,-27,0.26,-21.33,54,61,22,72.16,-22.84,53.16,55.16,54,44,49,137,145,3,-7,6,27,113
11,8.97,12.55,55.36,18.66,42.26,93,60.96,52,19.27,23.48,146,93,34,37,70,73,86,27,-23,-16,21,-15,62.99,46.5,147,101,81,-24,56,62.47,54.11,57,99,14.04,66,-4.13,130,47,25.08
31.28,-44,27.95,15,58.36,109,53.71,25.18,-29,-9,121,21,53,-22.88,49.96,12.39,29.22,-18.81,131,72.51,70.77,14.5,42,45,-10.68,11.67,73.91,-25,85,6,-0.2,62,93,24,18.73,5.42,3.83,-1.14,131,61.11
-23.46,47.11,17,54,21.62,13.46,73,-4.37,21,77,104,-2,-24.02,22.73,-5.75,132,75,58,57,125,39.32,-34,23.66,103,97,20,58,87,128,60,35.8,-49,129,95,-30,35,107,117,22,80
41.79,-11.28,13,92,-20.87,112,125,41.17,-14.42,37.07,36.44,-12.89,48.56,107,100,70.86,46,136,-13.59,62,34.87,-26,55.81,103,27,14,28,14,-10.34,89,-45,58,128,76,45,-5,-38,120,-49,26.96
122,-39,144,108,-27,-4,86,107,-2.67,-1.49,50.97,57,8.3,108,-34,-9,-49,144,33,-34,139,-38,147,112,-25,68,29.15,38,120,28,-14.25,-46,21.34,-25,86,51,-2.68,-12,83,57.59
3.03,21.22,112,11.95,-1,21,-17.32,58,91,34,-23,97,-19,-21,113,134,99,127,133,63.03,67.8,-8,40.41,-7.36,59.52,17.6,26.85,56.76,56.93,60,93,103,110,148,-15.29,-16.33,62.81,7.82,28.89,-20.83
142,132,25,2,33.1,149,-24.26,13,75,-24.65,40.1,36,57,67,17,-32,3.89,137,-1,-21.24,20.2,-3.99,30.42,-36,74.69,50.87,55.74,28.12,1,75,47.23,21.01,35.41,33.69,25.48,10.58,49.26,53,91,49.73
108,114,-16.37,-23.37,63.18,109,3.73,-29,50,63.58,27.52,8,3.29,127,-32,56,115,146,31,99,47,142,125,47,-20,93,-3.43,27,-10,60,-25,-4.91,-24,39,128,6,8,120,7.63,134
23.66,125,-23.73,55.75,-8,32.7,144,65,116,140,27.74,-45,56,72,69,29,25.1,1.04,128,-7,30,115,37.52,0,15.26,100,-21.22,21.61,48.58,-31,-40,41.19,52.14,-5.96,6.56,0,128,-4.4,68.27,-10
2.94,94,120,55.74,129,93,-19.95,14.17,51,125,-28,132,130,-44,44.57,54.27,59,73.12,30,44,-22,-44,67,71.73,65,-30,44,44.25,122,135,23,18,89,27.8,20.31,14,148,4,-14.81,23.17
-18.23,51,129,25.98,104,114,19.01,-42,-14,127,6.04,111,13.17,-0.88,149,40.3,5.08,69.66,19.68,71.78,-29,-22.26,-32,-0.82,8.81,31.11,50.22,146,110,-20,93,73.65,32,106,29,-36,41.26,105,15,39
105,72,92,36.16,30.24,117,47.67,-3,9.88,28.24,-9,106,53.28,146,28.69,109,135,-50,0.22,40,148,58.62,34.17,118,30,-10,37.52,11.45,124,28.03,31,41.79,4,143,-44,73.35,125,79,54,-6.73
99,22.35,-17.97,-41,119,16,19,146,112,54.27,106,-4.38,49,-8,113,106,-17.88,-35,-49,-14,-45,49,12.9,11,39,56,34.34,62.35,46.45,82,96,15.33,99,-13,119,5.51,69,53.21,-26,-17.17
87,14.36,28,16,45.21,67,-29,11,14.55,-49,22.59,24.44,50.67,0.39,136,-10.79,120,-10.18,-36,-27,39.56,72,66.52,-2,55,24,21,60,26,20,21,118,46,81,65.7,26.61,46,-22,82,-40
45.33,35.9,41.74,-19.11,64.16,60.33,57.44,65.15,64,136,-15,129,-29,134,107,89,-29,0.87,70,-18.5,-27,16.49,59.23,136,53.22,36,47.07,-23.41,141,42,25.15,96,61,-49,69,138,42,104,148,28
19,120,14,12.5,-9.74,-10.1,103,51.31,82,110,23.16,54,135,24,-14.41,-39,66.83,-32,-10.04,66,-34,-19.65,67.78,56,45.64,112,41.6,3,-43,28.27,-35,81,77,1.95,10.58,125,13.27,122,124,48.38
76,-3,69,38,58,44.53,20,22,1.28,0.09,134,50.28,48.21,105,7.28,31,-45,17,73,55,41,128,15.59,50.5,-14,-21.37,-20.09,65,14.36,33.07,19,-22,48,144,-35,69.7,67.12,117,-19.85,52
112,41.31,21.12,42,65.9,-49,-20,90,29.91,-11.28,12.38,89,36.09,109,47.08,54.01,21.04,-8,93,100,-48,-24,61.64,33.85,-6.44,69.55,30,7,1.08,67,-47,39.61,55.72,58,-9,30,143,60,148,-50
-9.53,86,103,49.77,52,79,69.34,-39,19,35,54.52,132,25.17,19,72.69,33,90,126,96,5.55,-42,-9.97,-20,19.58,-29,116,51.4,145,0,29.46,-1.47,134,69.73,25.6,109,-25,12,-9.01,-17.29,-15
36.5,70.39,73,8,19.17,48.41,44.21,46,73.98,-2,-12,-46,135,60,54,18,146,74.21,-8.98,53,-22.07,18.29,35.01,87,-17,0.5,57,73,34.12,26.06,-43,129,39.48,27.33,22.42,-6,142,12.1,85,56.64
120,76,59,58.29,43.08,71.47,99,70,66.82,28,125,-3.64,68,34.98,-14,101,55.83,38,-27,15.54,60,29,23.81,-20.53,96,-3.58,110,2,66.29,133,92,-2.22,29.15,53.16,-7.8,71.9,122,22.78,138,-13.35
33.19,-38,35.06,117,67,-49,95,69,-3.78,2.92,-26,-40,86,13,105,-49,110,39.9,54,23,3.36,88,54.81,113,-20,5.85,25.18,114,-18.73,41.4,132,-10.65,14,111,74.53,-19,45.8,16,-49,40.61
19,27,15,102,-20,33.21,57.65,-9,29,142,32.64,-5,12.48,37,-24.98,40.81,-18.72,146,-40,96,81,43.36,51.51,10,92,78,63.59,-20.6,-5.95,-41,61,118,76,33,5,67.36,-8,-18,15,53
57,76,50.11,-8,42.76,74.1,112,-2,1.95,50,73.39,131,143,101,127,-23,62,54.22,41.65,39,-1.79,73.66,1,-9,123,-8.34,64,-37,103,-9.05,38,5,30.77,-7,-30,55.21,82,-46,25,13
8,-12,90,47,32.79,54.42,94,35,-21,24,32,61,-10.34,7.15,126,25.94,38,128,39,65,62,133,88,70.16,116,66.36,56.09,83,0,18.29,-23.92,20.54,116,-15.82,-28,-13.42,10.93,-17.25,-19,41
0.27,78,55,38,0.36,-10.23,-48,34.42,-14.89,99,67.33,90,103,47.26,67.44,-43,-13.76,122,56,63,107,60,127,104,15,-22,144,54.42,65.84,10,-9,24.52,16,8.86,34.73,101,-34,20,7.62,-46
63.52,-14.74,85,80,-49,5,16,118,32.91,4,76,10.9,70.76,24,63.67,48,47.1,-21,-8.84,9.26,88,94,29,72.99,-31,-35,127,-11.42,135,31.08,-11.72,20.13,5,52.83,11.01,88,-26,59.39,105,47.26
52,46.63,45,3,-7,-49,119,4,62.31,2.88,39.76,140,61.58,7.8,-41,13.58,23,31.05,-30,115,16,80,-3.03,-16,20,20.22,147,139,127,18.12,48.9,62,0.93,29.48,147,14.13,90,13,-22.52,5.92
34.58,74,55.47,129,24,16,-29,87,9,22,28,52.75,39,-8.31,13.87,-16.46,-10.86,33,110,-34,-15,93,61,-13,80,125,2,-44,59,90,37.49,-28,-18.14,6,58,6.85,111,-15.1,136,58
144,45,54.99,-34,25,-17,109,142,89,19.33,14,28.49,6,5.13,110,80,61,70.2,69.34,-29,60,98,1.41,5,114,-7,-18,-23,71,40.43,-43,29.22,33.67,77,48.25,26,74.8,49.02,148,30
-47,41,149,139,122,60,124,74,-23.51,22.74,28,51,26,-17.7,116,18.31,37.84,-0.3,1.49,-23,44.56,49.8,97,22.88,-39,134,66,-4.26,4.04,59,35,-23,15,105,136,110,34.12,34.96,-7,1.48
-22,31,148,68.17,50,59,24,36.01,31.02,146,115,7,131,61,89,85,108,9.77,32,33.73,117,135,55.64,28.91,137,-22,-10,16,147,18.2,34,108,-47,35,54.51,59.1,-38,-3.55,-10,89
-21,1,2.68,-10,118,-9,6,40,50.49,106,106,17,98,18,10.4,5.11,-28,37,98,33.46,75,54,144,31.94,83,85,34,-48,73,148,100,96,37.84,104,-47,103,141,-0.72,82,-6
21,17.27,38,34,-18.3,88,6,40,15,0.51,3.34,-11.11,31,3.62,5.57,-43,72.95,141,145,78,66,0,91,-18,132,14.01,137,-26,82,115,12.6,70.05,32,89,57,6,134,41,-15.9,38
16.82,68.91,-20.28,46.2,6,23.53,60.96,-42,138,-1.08,5,74.34,19,17,47,-24,37.6,90,2.52,105,10,37.64,-44,-7,34.28,90,-19,80,-12.2,21,-2,-42,96,73.53,114,25.41,58,36.22,54,22.59
33.67,109,54.32,28,-38,56,54.78,8,127,-19.4,17,147,147,12,54,40.08,70.5,85,123,7.5,105,-11.72,131,-1,-27,-22,72,30.85,1,17.9,21.65,-20.09,120,142,43,-21,62,-1,-20.32,33.46
2.54,31,28,33.16,131,-1,-2.93,13,87,87,144,59.58,8.8,12.11,66.63,18,25,8,32,26.29,124,-13.42,26.22,34,-46,30.97,-0.59,23,26.2,123,-29,-32,43.44,65,26.25,-15,65.74,-41,40.63,-20.45
128,-35,142,-47,107,138,-4,96,56,-23.83,42.63,80,69,-32,-23,79,5.88,69.35,-16.19,-17,66.42,41.56,34,-19,124,-2.42,21,37,50.94,124,10.81,119,25.88,56.5,55,-28,17.32,60,70,31.33
30,123,-17,98,-1,-7.3,31.98,-9,-9.21,71,-22.94,99,125,141,-17.75,59.53,108,122,72.26,48.89,8.8,9.65,40.38,72,-22,94,8.79,-12,116,29,143,-16,0.78,112,81,82,-3,58.26,-45,-33
37.39,143,68.38,15,96,61.74,53.18,-3,59,60.51,32.55,38,43.18,110,60.38,82,44,-42,61.32,51,25.84,135,18.21,31.88,-6,74.57,9,-42,146,0,-33,-14.96,52.14,73.5,138,7.78,-0.93,-17,46,86
1.14,58.94,-6,49.55,16,115,-14.03,93,32.22,43.92,97,-22.83,29.77,73.37,-13.92,-20,33.46,72.73,60.62,61,57,126,70,-24.63,27.91,128,106,-7,-13.93,74,52,99,30.97,66.24,120,60.55,21.58,38,27,143
29,28.15,99,-37,59,-2.18,28,55,6.17,137,32,68,27,12.55,23.12,65,-18,28.91,119,-36,-38,66,-19,-2.51,-26,41.11,146,35,90,37.9,1.71,-8.56,12.85,-6.71,70,-11.98,134,81,45,-16.32
118,118,133,-13.41,9,79,46.61,-1,-34,68.51,16,5.64,5.89,130,-8.16,13,66.28,7,-39,140,148,18,59.24,26.86,25,38,-5,125,25,32.85,108,146,112,74.98,-9.97,43,13.71,134,-9,138
17.51,74.1,61,-17,58.38,-41,25.45,139,0.63,77,11.88,18.78,15.5,38,-30,44,6,62.89,-10.64,142,63,108,36,69.9,-23.09,17,92,87,-7,71,50,121,-18,0.93,64.18,17,29.47,74.31,75,23.91
73.88,118,66.47,-7.95,-4.65,122,-48,45.86,78,4.83,146,27.86,45.78,61,7,38,55.67,60.46,26.09,52.97,27,16,-6,-23,-2,-2,110,83,142,-27,62,37.31,-32,36.15,19,36.77,-3,54,96,35
-2,13.37,111,-12.83,74,-40,-20.44,-5,-6.19,71,26,-19.39,65.39,17.43,98,9.42,0.59,15,3,-16,-3.74,49.64,109,60.88,81,-23.2,47,136,74,15,57.4,66,3,127,123,-26,4,111,42,43.37
25.21,3.02,74.53,43.1,10,74.04,89,79,51,-23,11,121,9.68,7.13,-0.35,44.11,28.19,62.94,-9.2,37,-35,2,-1,76,56.75,58,20,71,12,7.48,30.31,-21,71,138,16,57.42,99,-6,47,120
-9,32.49,149,25.82,52.02,122,78,-13.17,18,-18,89,16,120,87,-8.42,33.69,74.64,75,10.09,36,-43,143,-4.42,-8,33.63,67.28,67.8,7.82,63,116,116,3.98,65,147,87,24.12,19.96,33.58,27,-14
-23.33,135,62.86,6,131,-14,3,-15.83,40,-16.43,5.57,39,19,119,63.65,59.72,-0.7,147,11,58.26,22,81,-7.89,11,69.19,50.68,36,45,58,122,51.05,42,140,29.72,28.81,109,-46,73.5,54,46
139,-23.66,36.66,-18.95,121,129,-41,-18.65,111,-22,1,78,120,35.27,45.55,16.31,89,109,54,53.44,-20.35,-7,-18,81,12.04,30.42,-39,25,24,134,33.14,29.66,20,-20,41.88,8.25,69.14,-40,53.83,-43
20,42,15,-32,-41,-15.87,18.4,-8,61.12,86,-49,116,36,-6,42,5,15,70,-2.34,73.46,62,51,-19.7,19.94,37.09,-24,49,22.54,146,10,40.83,-28,32.91,-26,78,59.97,38.62,118,17.34,76
23,7.19,23.61,-30,87,0.45,23.94,-44,-12.77,73.94,-2.67,99,21.27,87,97,77,57.51,-12.5,-42,61.66,6.08,46,-22,-5.15,10.23,43,-19.02,-43,145,23.68,91,53.45,147,-10.73,-13,107,106,72.77,57.77,144
20,104,86,127,-21.25,110,9,62,114,20,113,32.76,4,19,103,57,140,93,31.06,-37,-8.86,12,97,122,63,53.94,-8,14,144,17,-2.46,128,-13,-39,119,67.55,54.96,50.11,73.62,99
98,39,29,8.42,-9.5,137,101,34,-39,111,100,47,18,-5,77,17,60.88,23.96,146,41.42,62.96,14,22,60,-36,65.6,26,70.44,65,104,87,48.65,-39,32.76,-45,-9.59,144,20,-33,66.18
-33,-6.19,-2.98,25.27,13.24,53.78,86,53,-34,132,-49,107,25,1,59,-46,112,29.19,116,38.9,69.25,19,27,57,41.52,21.57,41,18.32,139,14.71,141,50,-38,101,126,87,2,58.31,-12.86,64.55
-16,20.1,-6,-35,-4,-24.22,142,103,-45,10.23,24.1,24.53,18.37,19.27,63,49.61,56.74,144,-3.23,-14,-38,141,-34,2,18,-20.01,104,108,31.35,-7,66.91,3,37,40.43,58.79,135,144,-47,106,116
122,69,18.43,16.91,-33,0.57,7,142,18,49,51.42,53.53,9,33.25,102,20,-7.15,-28,-45,-39,114,47,-6.68,21,-6.97,57,15.26,21,46,14,-4,74,42.67,29.82,-12,84,140,11.67,146,-36
-19,-40,29.58,-16,51,127,-1.71,47,81,88,-2.32,30.25,36,100,-16,-7,102,18,34,122,8.5,10.13,18.44,-35,126,-42,-22,7,61,34,41,69.54,144,99,53.7,-13.03,49.59,-12,104,72
53,54.19,-12.24,46.35,-9.99,28.15,120,68,-10,49.74,143,7,-14.68,92,61,-6.98,127,63,23.38,64,74.78,88,7,-18,14,34,122,-16.82,61.82,105,24,-8.52,32,67,-16,-14,4.99,63,127,-50
53.67,8.16,-6.93,65.37,3.66,-1.41,70,121,-8,-30,26,45,41.02,-6,74,-21.87,-12,22.11,135,36.83,106,-16,-14,114,40,77,7.18,10.53,33.91,103,60.69,-8.84,-22.02,10.89,67,62,101,17.59,29.76,-23
45,86,-28,25,27.58,38.5,57.7,32.77,79,134,58.58,21.98,45.62,50.93,103,69.2,107,143,2.26,-5,40.82,-4.11,15.9,63,-30,-4.29,53.36,54.06,-1,71,63,45.56,-45,115,118,7.52,124,15,1.04,45.79
51.72,36.04,-50,124,136,104,41.22,101,13,32,50.26,-9.47,59,83,44.5,-26,0,74,45,42,30,50.12,95,3.42,33.58,130,8,141,63,-34,79,0.66,131,7,17.73,107,62,-40,4.04,34
79,80,19,57.08,14.42,133,-4,124,35.42,53.56,116,136,70.91,9,25.66,59,-23.24,-18,43.95,-16.65,14.95,74,54.67,-10.05,111,144,-21,91,-32,47.8,64,31.87,41.85,61.85,30,97,8,105,67,98
0,10.95,-40,74.28,-15.44,53.28,0,91,29.08,97,62.99,-20.91,7.9,66.7,64.9,-4.54,138,22.84,55,-41,46,17.87,63.91,-2.43,20,70.12,16,145,63,12,26.05,118,92,-0.11,149,135,132,114,22,114
50.7,4.77,35,71.39,-18,54.07,0.94,60.76,36.34,1,24.57,105,-11.14,59,137,13,41.35,37.29,1,12.14,96,20.61,-11,66,149,42.12,48.15,109,67,58,-40,-10.7,-9.49,108,-11.12,26,19.35,-40,93,42.38
68,87,-16.12,-12.53,88,11.31,3,-21.36,98,89,19.06,25.08,83,-8,49,42,-3,26,58,-41,47.26,52,7.64,-23,-40,110,112,103,76,101,33.58,147,81,-27,-11.21,78,96,-38,16.56,12.66
11.44,66,-13.31,58.69,4.92,23.93,53.93,55.83,-22,-24,-4,7.42,83,57.98,48,-21.05,58,16,7.72,-9,18.21,23.12,10.83,-1.48,7,76,-35,5.9,129,32.63,122,41.73,85,38.1,-1,-3.45,16.81,97,23,-18
46,91,87,-10.33,26.9,-27,68,69.45,70,-19,24,70,55,-18.83,30.43,100,106,35.21,-32,141,-27,19.26,95,69.89,103,-19,92,27,100,19,71.51,49.59,-42,32.14,68.99,25,45.53,28.37,45.84,65.89
14,84,60.93,46.54,-22,57,106,25.75,10.34,41,117,1,-42,77,22.37,64,37.07,107,25.73,148,69.71,11.11,50,82,-10,-32,69,85,22.41,-0.12,137,67.26,82,-2.69,53,91,56.04,3,47,125
5,-3.09,64.98,14.03,47,83,59,4.7,78,-43,107,54,38.83,141,110,-21.44,70,-23.75,-17.84,39.37,98,-5,16,-17,15.45,23,-19.85,122,76,56,70.61,24.48,6.98,93,61,0,21.75,39,57.73,14.79
126,0.26,7.2,33.75,88,71.69,23,-15,12,-42,116,19,71.66,-10,103,93,49,-44,-11,7,68,-19.13,19.37,98,0,-23,-20,25,19,20,91,90,99,88,-33,-41,90,122,35,133
22.15,-24.47,-19.07,-1,108,-17,119,104,112,1.6,136,28,72,127,43.57,-12.31,147,115,-16,74.41,119,43.99,73.8,148,54.12,45,26.43,-33,-37,54.92,72,28.47,31,-7,60.28,133,89,-27,29.5,28.77
64,0.97,27,0.99,-33,47.28,5,68.09,137,56,5.35,115,-4,-14.56,88,54.41,53.33,22,42,-29,-6,-27,64.01,114,138,-11.11,-31,-8.41,21,-3,48.02,-38,-43,62,13.88,129,51.11,-24,56,45.62
63,74.04,89,28.4,42.39,-37,134,55,80,-10,-48,56,-2,-29,2.22,41,36.1,-9,92,-26,47,116,32.56,103,45,55,-35,85,-46,45.44,106,21,146,21,51.31,76,130,-14.84,42,69.68
-4.74,142,126,37,-5.65,21,46.17,14.52,-9,31.43,-9.37,-6.34,10,73.05,45,-36,-11.38,26.61,23.91,3.89,106,40,44,3,15,31.87,84,69,-27,9,148,-35,7.98,21.49,92,65,142,78,126,20
-49,-41,-12,81,114,96,-4.04,46.64,101,14.48,-19.64,19.86,-14,58,17,95,1,144,-11.89,-7,-18,30.3,110,-37,6,5.48,-8.65,13.49,37.93,69,36.41,41,-38,37.74,148,5.86,56.97,112,81,67
49.28,20.96,-32,26.59,-42,30.65,142,-9.42,-48,-6,127,49,145,-33,121,33.72,-38,-14,17.32,54.42,38,-16.13,1.3,130,-17.87,35,59.45,84,61,128,40,24.38,-34,-42,143,-12,112,-23.5,27.18,99
34.75,-30,104,-35,45.77,59.49,26,-19.61,140,-50,-37,3.15,-48,139,144,115,147,48.68,49.18,-36,21,42,67.48,6,62,80,9,90,107,22.92,16.36,-8.52,64.05,24.39,90,67,52.41,4.66,111,-4.52
-14,-38,54,9.31,85,43.2,-40,141,104,60.24,-40,66.39,-1.35,33,-43,-11,25.78,52.23,-15,22,12.91,31,-7.39,69.31,49,69.05,43.32,21,52.98,-2,140,32,83,67.41,85,-14,20.09,125,29.79,41
31.14,-5.61,-23,26.16,-18.17,84,56.27,-6.49,67,7.73,93,59.02,-16,9.03,79,64.11,-37,115,22,26.89,64.26,85,58,92,98,75,43.44,-12.4,7,-9.54,66.18,8.41,-36,39.19,63.24,96,47.57,-2.45,-23.57,64.3
63,7.94,112,-46,-19,-9.78,66,48.21,124,-19.32,26.58,133,23,29.48,62.61,19.04,55.67,33.43,-16,73.4,40,97,90,-13.72,120,-3.79,73.88,16,119,13.19,42.2,38.22,78,37,46,-39,27,54.24,-1,80
101,12,25.19,-39,95,112,139,105,-4.65,132,-44,32,10,41.7,71.94,46,90,77,61,91,89,71,-8.77,147,22.19,91,52.35,66.7,7.86,-21,19,12.6,42.39,60.42,-1.15,-14.85,6,-5.06,-36,36
-21.9,17,98,-8,-24.09,135,33,55.71,-20,38.14,74.17,15,111,-10,4.43,31,-27,-44,78,68.93,62.16,73.76,87,49.1,42.93,93,66.67,39.86,84,59.18,22.59,68.2,53,1,95,-15,32.37,7.6,46,66
34.81,115,5,28.74,98,76,-19.01,91,-23,52,52.76,69.99,33.05,-4.75,122,36.15,62,140,83,40,141,78,71,45.51,29.48,42.43,-49,40,25.25,70,38,48,65.14,25.54,56.95,-21.14,30.46,49.41,62.33,147
77,36.77,65.05,89,4,23,3,20.48,-16,108,-20.55,118,71.81,50.2,-49,104,68,30.24,69.1,-19,72.52,-3,-3.65,51.74,2,-1.27,71,27.55,-8.83,136,-13.62,-24.33,-2.08,-9.18,103,64.35,116,72.81,55,39
-17.93,-22.64,76,35.61,108,66.53,-19.49,118,28,34.86,-20.29,18.8,29.88,148,-6,112,34.44,87,69.51,4.84,43.68,-31,46,-0.01,112,51,102,73,100,117,-0.95,-6,11.13,14.67,28,129,132,75,-17,9
137,-31,48.12,-16,108,30.63,-12,12,42,31,63.09,-19.46,107,3,120,71.37,35,53,51,107,17,41,97,22,129,33.29,108,98,59.41,4.29,39.74,-9,74,79,133,115,-23,-46,30.55,60.09
48,142,-22,-49,141,38,-46,42.97,87,53.14,63,67.56,-37,64,26.01,46.22,73.86,66.69,-37,58.28,124,36,33.78,-15.27,69.99,47.39,106,32.64,-6,-7,38,49,-21,-6.6,-18.18,18,21.94,22,59.27,62.52
74.15,42.19,13.08,55.58,60,33,-17.01,-21,-1.15,43,47,-2.84,72,8,26.98,9,0.3,6.92,132,12,103,-11,33.77,59,-22,47.46,57,93,70,-24.24,14.18,134,-1.3,-2.46,53,100,0.86,87,-45,-40
59,54,-4,1.49,-31,-13,-30,-7.93,105,107,-24.73,74,97,-18,-12.46,42.61,-24.35,67.13,0,100,51,7.71,108,-35,-50,98,-1,42.63,73,-1.03,42,-1.08,131,58.3,36.8,41.89,136,58.79,49.69,30
51,10.25,58,-24,67.77,-12,29.01,8,-23,16,105,-13,-10,69.25,115,-19.47,15.35,72,72.03,138,114,137,-14,-32,27,140,17,37.26,21.01,48,25.87,53,53.07,7,59.53,5,94,9.39,-20.63,-5.01
-9.44,119,22.81,-49,59.46,45.93,100,93,50.38,64,35,43,61.97,127,10,58.72,122,102,91,72,-22,-7.45,-2,-40,33.72,-13.04,149,88,88,2,-11,45,-1,-4,-42,-10.63,43,-32,107,113
124,48,10,110,-30,-17.37,121,3,71.99,148,29.42,133,-8.06,108,72,31,-13.26,57,-23.22,-31,63,141,15,-49,-37,26,74.35,13.23,87,109,107,133,-10,131,46.73,63.96,4,95,-22,-45
50.75,-32,7,14,89,24.05,10,30,63.38,26,56,73.03,135,77,15.86,112,-35,49.46,-41,21.52,133,66.32,91,97,48.45,-17,58.61,110,87,108,137,52,60.34,109,129,-4,39,53,5.1,-13.28
57.13,35,32,43,-24,48,51.7,56,-41,45,33,-11.13,42,-22.66,56,25.53,40.86,131,78,9.25,60,144,16,-4,77,104,6,-9.14,-26,86,-7,-20,-13.21,71,128,102,69.93,14.03,77,59.65
20,57,-13.9,8.18,26.27,62.31,102,104,-12,39,91,-50,11.1,101,39.52,62,76,69,-0.99,-22.06,97,63.34,-3.4,46,37,96,6.51,-7,22,68.35,-6.59,77,35,3,8,16,49.57,50.79,29,4
55,67.1,-19,-20,14,40,23.19,-21.64,-0.74,9,41.7,61,36,41.88,51.02,105,-41,34.16,130,-6,44.99,40.34,-23,36.72,19.31,9.13,34.2,39,58,-20,148,73.04,49.52,5.29,30.63,56,0,28,44,136
-3.73,-21.08,94,35,19,-8.49,24.86,-8,-20,-13,-48,-14.64,96,35.6,-5.69,-49,52.11,-22,52.62,2.89,-7.33,37.31,135,110,-22.69,116,123,12,-19.1,34,87,-16,-2.14,71.95,-22.3,109,-11,20.68,-12.37,50
129,-3,45.14,54.2,-34,40.85,18.9,20.43,11,8.66,-5.12,55,147,113,34.36,-24.13,11.26,49.05,-29,10,-18,2.26,-11.32,-9.68,62,34,-2.13,17,-16.63,31.16,3.47,5,97,43,-9.55,7.2,68.08,69.64,43,7
38,-46,-22.96,146,24.97,39.96,79,75,-25,84,92,-40,-36,20,48,23.98,24,128,57.77,28.66,18.94,74.19,40,36.59,141,0.27,87,65.1,32,134,25,149,-22,28.32,73,-19,62,68,79,-11.54
-14,148,128,84,-9.56,40.21,65,29.03,14,3.12,132,8,84,-24.08,-10.29,59.71,90,25.57,28,67.29,69.87,100,35,47.17,59.07,35.22,120,77,104,-15.27,29.34,-44,72,147,46.26,114,22.74,68.7,46,3.91
-33,43,119,6.21,37.69,28.72,107,10.76,62.14,67.9,73.46,-22,88,-31,65,68,-17.88,25.34,-43,57.56,-11.66,-19.58,123,-1.98,122,18.04,62.89,-1,88,58.63,44.59,52.06,21,50.54,-28,-12.51,51.77,15.27,119,73
93,87,77,110,53.69,-5,116,-12,109,35.22,-41,-39,-45,30.89,-0.95,-44,104,-7,-13,69.71,60,0.64,68.68,129,74,73,117,-49,69,37.57,8.97,23.17,-15,-44,35.75,-17.42,43.25,27.8,-10,-48
117,-2.73,-16,117,55.28,59.08,93,-16.26,60.9,58,7.58,86,-30,72,13.88,138,73,67.36,138,92,5.07,-21.2,73,-11.76,54,-50,108,-24.97,46.1,7,93,-10.17,66,-10.87,56.65,-43,142,63,108,65
39.77,-34,0,72.64,79,30.11,8.7,-23.91,-15,-22,139,30,46,35.49,52.74,90,-45,46.8,45.51,25.31,87,2.41,81,145,21.37,40,29.23,67,41.23,57.07,-21.85,25.68,1.8,0.04,63,22,-10.61,-4,115,-39
104,-25,135,-33,61.51,120,55,66.07,-5,-14.4,-39,81,15,44.13,2.96,130,-36,84,51.01,57.23,46,-48,138,42.84,80,8.12,-49,110,-50,-16.56,132,4.87,14.53,59.22,65.01,21.69,29.25,-7.56,17.49,91
44.55,108,12.63,72,9.35,-20,-7,23,149,61,-13,70.4,-14.64,77,93,-25,32,0.87,-28,38.09,13,127,-41,-46,102,42.47,5,-43,-13,26.28,44.35,57,-17.11,11,27.77,50,34,37,-12,82
-22.35,81,53,-47,107,145,70.4,42.1,-25,73.15,30,128,-45,129,143,46.9,-17.04,50.38,42,-22.73,123,2.44,-28,44.18,117,62,140,71,108,36.84,104,1,-32,-8,-9,-36,49.75,105,-14.52,-41
45,63.13,146,-37,41,-3,15.54,13.19,60,29,-7.53,141,-13.99,1.83,-5.36,38.22,69.54,80,6,1,-24,-6,13,32,63.41,60,85,20,30.94,-0.77,-11,32.61,69.03,59,119,61,70,99,3,132
-9.22,25,71,85,70,28.6,139,21.16,49.78,123,-8,-3,-38,39.29,81,48.61,21.15,39,-5.96,50,20,46.34,76,34.04,52,28,-11,16.72,-9.97,12.36,29.4,98,8,29.46,9,13.26,54.95,-23,3.15,78
141,15,124,143,46.86,0,140,48.96,128,109,27,97,82,67,16,96,-43,-25,17,126,25.84,48,62.92,68,72,-21.78,-10,-5.35,-42,115,28.51,-30,69,28.65,29,52,73,-20.04,69.64,131
49,101,-19.19,-15.52,25.67,18.46,-11.56,66,73,42.12,119,110,67.2,37,17,32.82,-10,83,44.49,121,7.55,128,102,-32,-12.2,78,-14.15,30.44,48,34,132,40,72,21.2,62,53.65,-13.14,17,-47,149
23,-8.38,-23.68,34,65,15.25,46.49,52.21,29,53,-13.19,55,58,18,58.54,-38,92,-32,44,63,26,-34,117,63.12,60.23,28,88,107,-23.99,49.18,67.78,4.66,85,52.06,32.26,7.11,90,13.29,69,8
142,113,65,71.56,-1.09,7.01,0.41,64,50,101,-9,110,125,63,-3.8,72.41,139,12.47,47.81,55.53,39,72,147,-17.9,124,-15,-15.72,-16,-11.06,-9,49,60,84,72,55.02,129,15,7,-4.74,6.99
50.14,97,62.17,127,41.94,4,22.85,66.51,78,53.65,86,39.67,97,54.38,-6,35.59,-10,121,66,40.91,48,23.75,42.85,58,25.2,89,39,13,133,5.65,-36,-16.09,32.25,-0.71,-49,25,-3,-7,100,131
71,148,42.36,117,93,-14,46.37,-18.36,-47,64.58,-12.54,45,7.85,4,98,120,34.58,112,-15.91,-49,72,71,101,73.77,34.68,-33,109,74,133,-15,133,-36,-24.91,-11.6,94,-15,16,-17.98,17.69,27
-46,41.85,-13.11,108,18,3,136,6.82,4,47,-2.92,28,-16,73,54.06,103,-3,60,12.64,93,-32,-19.71,13.96,56.84,74,-24,49.77,27,38.51,116,129,55.43,9.26,149,142,-18.22,36,38.81,76,-5
45,84,73.73,-7,53.34,1.56,81,29.91,94,21,31.99,-12.74,22.37,-5.24,107,-18,41.71,13.61,67.46,-38,67.89,-26,79,34.89,40.85,74,-22,21,89,-6,-13,-18,21,73,-11.97,73.41,98,21,-6.87,62
103,143,63,-20.22,32.62,26.62,113,76,36.43,37,116,8,30,-1,-24.9,-6,25.39,-10,55.96,-10,44.52,74,-0.14,102,-14.27,60.55,68.51,-11.51,-7.03,-21.24,44.02,28,-5.87,61.92,63,76,68.7,-48,-13,47.6
-29,83,21.82,-11.45,31,9.88,2.08,133,27.62,61.88,26.33,-36,6.94,24.39,74,4.27,38,39,78,123,-36,-18,-10.59,67.26,74.8,3,25.6,11,56,112,41.62,1.04,7.33,8,53,48,109,36.65,-16.12,-4
20.63,67,22,144,84,-31,-21,60.11,39.96,71.69,126,-19,-34,69,69,6,48.4,149,57,85,7.67,44.26,20.81,42.06,31.67,68.62,32.69,87,45,7,47.48,-7.5,19.52,37,-43,115,58,-36,7,56
88,144,111,58,65.03,-23.58,8.79,-3.28,-6,12,135,-13.67,131,-3,140,45.97,-10.31,33.53,-29,89,-13.47,-10.19,87,53,124,34.24,-3.9,27,22.71,5.74,-8.7,-5,-5.67,15.93,86,-10.43,149,100,-16.46,115
31,123,-32,115,7,-31,28.76,-41,83,-22.03,46,70.11,64.23,73,12.36,-39,-50,82,78,118,11.71,141,27.86,2,-7,-25,-6.81,-23,35.88,-14.82,-35,99,119,-19.94,93,52.76,10,-24.25,21.07,-4.94
107,2,41.38,44.47,-8,53,-39,16.62,66,75,-46,-18.41,-23.23,104,68.22,144,73.15,-5.99,61,-7,21.22,52.68,-9,66.07,3.67,41.38,4.72,-13.26,-22.75,135,-17,25,57.13,24.93,5,-9,-4,7,10.26,8.18
-11,10,123,45,-10.33,62,-4.65,-8.68,114,76,19.9,-29,49,84,88,70,137,-0.73,146,25.06,58.82,2,-20,31.31,50.81,-25,37,53.47,68.88,25.74,149,-47,124,22,-25,66.57,14.68,-30,67.02,41.32
22.52,-15.83,86,31.37,-19.62,-22.95,-10,-1,26.83,-34,33.92,107,140,-50,18.65,-49,91,134,120,13.34,37,85,-21,19.22,74,28.99,-36,-20,-3.74,38,0,49.22,22,3.09,41.55,130,68.02,-21,38,0
-10.91,56.38,-20,16.88,-4,128,33.76,17.05,66,24,48.42,-47,118,36,28.9,53,28,115,16,-17.2,-19,15,6,15.65,43.52,72.18,12,-8.95,141,-3.93,82,112,126,-50,-19,106,-18,11,17.58,-4.52
-46,34.32,-50,115,130,142,43.08,68,-6,56.43,55,6.12,-16,54,-20.6,20,20.18,-39,81,141,67.63,-40,-18.28,-16,52.8,-17.61,123,33,-5.55,-37,139,69.44,-16,-8.06,37,30,-28,8.5,46,-11
65,59,-18.2,-48,-22.75,15.46,115,-12.32,66.31,53,-25,11,73.23,68,-23,42,142,-38,61.18,46,30,54,-19.82,-48,65.09,64.34,49.78,-31,62.1,36.72,-40,30.1,21.69,72.84,29,77,23.97,21,73.81,4.31
117,-21.29,-7.51,52,78,-4,51,57,49,51.56,64.29,-35,146,68.09,111,-8,91,37.35,83,20,30.88,54.06,31,17,-14.02,131,-14,83,-32,-16.53,64,55,-6.76,105,145,-23.77,31.78,24,-13.65,25.91
43.38,-15,74,9.42,78,137,-0.64,110,-16,95,69,74,52.81,147,3.83,3.04,-7.95,13,63.33,-4,104,133,-20.89,66.34,-6,111,-34,71.34,145,-9,138,43,50,-32,112,89,53,70.41,117,59.71
149,0,-50,42.61,35.9,63.52,83,-8.15,41,131,-15,-43,-15.21,36.67,18,21.61,19.99,31.48,92,71.48,64,126,-21.2,-12.27,45,42.38,-6.18,87,42,-22,-44,-31,47,-31,-37,-29,129,48,-42,-22.01
114,-15.68,15.25,70,53,66.26,68.58,68.56,13.61,3,115,79,48,64,54.67,-17,-47,-10,-7,37,56.69,75,127,37.73,-14.21,62.24,74.25,5.39,11.72,84,43,108,145,-50,38.65,-33,13,-22.24,117,68.71
42,26,56.23,71.67,142,92,32,74.74,-23,-42,53,72,-31,21.26,57.24,75,-42,4,50,102,48.62,142,10,68.35,48.2,42.31,-3.82,72.48,52.92,60.97,15.06,118,53.49,36.54,73,44.4,-31,-3,149,138
58,-6.04,-50,27.52,-35,71,-16.17,58.21,57.62,100,12.01,41.98,77,43,-17,-37,17.24,-15,-23.53,-49,62.34,-7.28,74.86,60,69,74,27,-15.67,-24,34,-17,44.56,-20.79,42.75,59,58.82,69.97,44,42,41
-17,9,16,45,-42,62,23.6,-40,54.19,72,133,-13.16,115,69.09,1,-6,-22,-12.74,135,79,100,29,147,110,72.29,114,139,27.57,25,-5.61,6.48,61,42.6,143,13.25,141,25.16,3.03,122,27.96
-15.67,12.08,10.82,62,70,-4.6,-27,23.78,95,42,0.69,108,11.09,-8.11,10,31,-12,105,-31,65.48,-13.94,87,-1,90,30,51.16,-11.37,-25,51.84,73.4,8.51,66,90,112,-28,7.01,39.42,47.57,-15.28,38.33
72.26,54,-24.12,-8.9,141,74.53,26.49,-9.44,100,69.93,138,-21,-21.71,1.68,5,20,30,97,60,64.17,148,59.82,28.11,-43,30.6,54,63,-7,94,26.8,80,143,-19.51,10,47.27,-9,48,86,-5.53,12
28,140,105,22.44,37.76,-11.62,31,39.17,25,-20,-46,70,43,69,110,47.71,104,38.62,97,40.25,-31,-13.39,5.22,66.29,54,79,11,-19.03,55,-47,61.93,-10.81,1.06,-9,-7.18,-42,37.37,-12,10,17
-23,-16,11.91,142,4,122,24,124,-13,11,107,11.21,-5,132,105,-28,-12,40,54.68,38.83,65,49,73.08,116,117,90,-6.55,71.09,66,54.21,22.38,71.04,106,-46,29,3,115,140,-30,47
-9.59,131,10,8.48,102,38.64,34.2,53,-9,104,24,-19.63,-6,60,36,117,48.94,120,39,5,67.69,-5,19,-33,66,133,-1,-8.4,68,105,88,26,64.13,-37,70,21.21,-37,76,12,37.49
-23,48,-44,51.07,6.47,147,79,-45,18,65,112,145,149,-5,41.62,-26,-26,-15,28.06,-29,-23.92,-15,78,-43,-21,131,44.53,85,110,1.1,-25,72,-12,57,-17,104,-9,32.71,110,-11
138,5.46,56.96,133,21,59,71.91,-12.29,45.51,-16,115,139,-21,134,73.07,-31,114,36.51,30.87,8.32,-8,7.38,0.29,16,77,35,-12,27,-32,49,74.97,87,58.55,-14.5,93,143,41.75,113,72,130
-8.49,47.29,-18,-32,26,-25,-7,29,71.9,35.45,-8.58,31,60.53,-21,36.24,2.69,-21,23,106,41.54,-46,29.01,-23,21.22,54.53,51.12,-21,31.78,25,-50,57.34,12.91,109,-36,14,86,-18,35.5,-4,118
-24.61,57,-10.59,75,14,31.66,22,72.49,-10.84,-13.49,7,-4.11,63.08,-12,60.44,23.45,59,12,64.07,21,-32,111,76,20,83,134,34.92,90,42.64,30.95,59,-10,126,149,135,13,-45,17.41,25.87,28
-33,31.9,66.12,10.29,-4,-3.49,-3,62,52.73,141,-11.56,60,34,14.46,20.99,49.68,16.75,24,21,111,29.69,45.44,22.37,22.33,135,34.44,-14,17.43,113,58.72,95,8,54.3,127,-45,25.77,-35,14,57,54.26
74.19,28,33.67,2,60,23.47,-28,-1,52,-14,23,0,-48,44,55.85,-9.84,-0.16,7.97,129,21,115,-12.56,63,74.3,29,31.93,4.76,19.12,21.01,34,51.19,48.66,-7.8,86,96,37,0,141,66.81,95
111,35.55,14,10,51.98,-14.94,121,-33,73,88,106,98,-5.64,105,48,115,8.97,67.15,7.19,55.05,31.78,44.83,72,4.98,17,0.76,47.79,-44,51.34,28,79,69,-6,44,-19,40,101,108,4,45.63
-22,126,-23,121,67.31,29,2,9.11,1,24,61,4,50.9,28.96,50,-11.21,31.61,-24.71,60,12,-12,46.85,-3,32.72,144,3,142,74,-34,42.5,12,-2.63,23,2.4,-23,-24.76,134,-22.13,146,-12.24
-21.4,15.6,24.99,-11.25,46,-49,-22.2,74.66,-3.04,137,67.46,0.15,12,19,58.11,44,-23,11.42,46.42,82,136,44.1,-16.05,-6,119,148,12,105,16,1,47,0,142,37.8,15.38,-16.22,0.88,-24.02,34,136
12,117,-23.55,52.55,111,20.73,-29,47,64,74,115,93,98,-3.39,79,38.08,11,41.34,6.39,29,117,103,-21.29,-49,94,-16,76,104,3,71.37,70.15,67,28,18,21,48,90,15,-30,-49
103,140,-4,90,32,-0.59,42.45,19.66,-20.76,-50,56.86,26.22,3,33,16.41,110,123,40.86,79,35.43,-1.48,19.53,69,-37,84,72.69,0,12.29,-20.9,-24.57,143,45.46,-32,-39,73.64,67.5,60,-16.33,-6.24,131
40,81,-31,-40,82,89,76,42,17.69,-42,56,-27,96,-8.28,-19.97,12.57,67,132,67,29,82,13,8.62,53,17,61,62,123,-3.68,43.62,35.9,112,12.27,107,21,55,17,103,35.53,72
-22,84,-9,49,55.04,81,119,12,6,-29,25.54,81,43.84,88,31.82,-3,-2.06,37.5,59.45,87,45,53.54,7,1,143,-8.99,-9.15,62.86,-5.91,-47,19,-44,12.75,116,16,72.45,-17,55,30.47,-38
-46,-16.32,13,54,21.69,105,49.1,-11,12,-0.25,13,96,67,36,55.33,133,114,64,47.64,69.47,124,28.49,45,68.79,4.75,-49,81,49,8,11,31.9,5,-13.06,-20,99,8,26,-21,25,112
76,14.95,45,133,113,-17.47,63.25,121,-38,-19.03,-22,27.95,90,75,54,121,24.51,7,-31,58.22,69,67.56,65.15,-19.22,49,6.84,50.08,15.18,108,-15.03,34,72.19,-50,-31,-22.43,66.58,25.89,41.89,70.26,-43
11,5,132,46,18.14,-26,47,7.97,-4,16,45.45,49.71,27.61,125,148,-17,-21,27.14,32,70,29.07,44.61,-15.1,85,70.27,-10.92,4,61.17,-11.28,35,-3,-29,81,110,36,75,58.78,19.53,-45,133
46,-15.04,51,72,-21.87,-19.81,19.45,88,19.81,128,-14,-24.2,5.43,84,60.99,90,80,70.38,107,56,48,131,115,46.84,-43,27.88,-25,15.42,16,55.54,72.73,112,66.2,141,19.84,46,-0.43,137,30.75,123
70.15,94,21.41,59.62,52.13,1.79,-8.04,59.69,113,-9,65.46,-5.74,4.49,-1,77,-13,-5,15,-23,-23,112,-8,56.82,137,55.15,62,12,81,105,112,32,-5.97,43.66,-16,63,-11,70,74.19,17.13,47.42
-44,19.12,62,-0.45,5,141,-22,19,4,-32,34.48,-46,-43,61.19,-13,62,102,73,137,-13.1,33.51,-24,2.24,-10,6,-19.65,-37,19.57,26.66,-40,41,33.21,97,51.61,-5,32.6,-23.2,92,31.24,103
-6,-49,4.67,42.14,-49,15,47,61.52,148,-17,-15.28,28.54,-23.2,50,45,73,-18.14,5.78,-21,21,14.24,73.98,-21,2.55,77,41,100,34,40,144,61.29,101,21,-4.61,1,-22,-18,-44,-12.65,106
55.61,8.99,14,47.31,88,69,54,59.31,36,100,105,30.17,-50,45.2,8,70.86,2.1,50.22,46,20.69,78,9,-9,90,20,-15,27.28,64,35.89,9,127,72,-14.54,137,26.53,24.25,127,27,24.69,44
69.2,-1,19,51.95,54.57,49,-45,59.69,54.22,32.11,44,29,-29,-9.28,116,54.22,98,38.11,58,-7,-12,10.59,54.63,65.03,3,2,49.02,-11.06,16.09,60,41.85,14.08,-17,127,74,76,1,49,19.48,7
5,47.5,10.45,60.7,78,-13,20.72,50,103,9,-2,45.43,-12,-23.81,69.56,6.58,69.45,128,57,2.59,81,84,37.55,4,10.64,5.72,32,-14.42,-11,60.72,91,-3.98,-38,73.31,70.96,105,62,113,-10,-49
-33,38.26,41.49,-3.17,-24.93,-8,136,137,-0.45,24,137,-18,-5.73,-4.52,50.94,-7,110,-26,57,-44,-3.73,37,-1.73,46.92,48.19,17,59,81,115,83,40.47,7.66,26,96,55,-9.44,-40,-15.91,56,-14.44
104,-12.01,63.82,110,-3.77,-19.38,63,63.3,-23.74,32,-24,-40,126,76,30,142,7.69,46.45,76,11,52.69,-18.98,89,67.39,3.15,-19.46,-14.78,16,2.96,76,143,-40,-15,42.93,-3.44,2.03,36,21.25,29.15,67.96
60,118,37.05,78,-6,-49,-9.08,21.38,147,25,63.53,16.68,84,-23,-34,-22,-10,136,70,45,-16.47,138,66,95,9,40,41,-20,19,7,16.23,50.44,53.5,65,-39,66.73,80,-15.58,57.71,128
37,7.03,58,-32,-6,137,-22,12.1,-47,-8,27,-11,32,61.17,74.52,6.76,0,0.75,51,0.95,117,35.12,48.15,17.71,25,26,10.41,45,-49,98,130,-5.89,-18,-14,130,-21,125,13.49,55,-41
27.72,136,22,26.76,59.78,21.66,29.23,-0.81,-28,2.51,-5.17,20.23,61,137,24,64,-24.06,68,-24,48,4,53.64,11,71,-8.66,98,41,63.47,109,-24.39,15.14,35.39,-1.74,133,136,64.55,27.15,83,91,10.98
109,108,67.44,54,126,125,9.02,125,118,54.88,-9.32,53.01,-0.73,48,-9.75,149,28.96,-28,129,55.02,-2.05,65.52,63.94,-11,136,74.94,37,47,49,0,35.06,62.93,117,9,-1.03,-4.15,69.05,-4.68,14,44.55
103,69,102,101,-24,56,61.51,1,61,72.98,107,123,148,55,111,53,84,4,15,-11.71,-32,143,52,73.01,61.4,0.04,-10.68,117,-34,49.85,36,-1.42,-32,141,111,-23,61,28.21,53,-48
10.66,50.15,26,-4.84,67.56,10,55.25,65.56,-19,19.43,95,-21,-9,69.84,-27,35,-33,30,80,31.77,-22.77,-49,115,-17,55.68,35,-15.65,39.78,-24,-37,-7,23,103,85,28.09,72.57,97,41,64.86,-36
6.26,-3.34,64,118,97,70,-24,-1.93,-42,125,14,116,82,57.15,2.2,49.64,116,57,94,62.02,-50,55.32,26,110,4.85,27,-13.11,32.22,18.42,32.9,-20.65,6.38,21.89,53.38,100,21.96,45.08,16,114,21.55
47.6,134,9,137,90,12.19,30,45.4,132,-11,61.75,3.56,5.79,33,10,8,-23.45,-11.35,13.15,67.64,-28,71.5,142,-12.2,-50,101,-20,-4,37,112,-11,34.18,56.94,6.56,14,73.8,37.94,63.8,48,38.71
0.76,77,-18,17.57,106,2.1,-23.47,24.17,131,68,-9,70.53,-8.6,-39,136,11,80,96,37,29,47,53.09,17.85,-33,76,5.85,118,36.36,149,22,112,56,28,61.05,55,49.72,21,70,48,14
31,37,111,45.28,61.19,60.91,-21,-17.59,-19.5,2.02,14,-32,35.56,-31,69.94,18.47,48.08,-1.38,20.32,-23,4.94,91,73.75,143,12,148,29.11,75,49.01,21.98,64,73.41,126,-11.74,11.52,124,34.93,60,28.94,-20
36.29,-19,36,-32,65.13,14.26,73.18,-30,-6.87,20,97,-45,8,139,-7.45,12,-12.1,58.7,70.73,71.28,-2.34,-41,38.99,-8.57,127,102,57.75,85,26,64.6,11,40,-20,101,88,-9.72,143,17,36,78
-16.6,60.03,60.24,15,-38,-24,100,108,5.51,57,-34,29,32,117,42,-31,103,4,14.82,62,-32,81,40,22,-8.77,84,-8,141,50,63.54,127,19,91,133,132,-22,22,6.81,37,112
-17.31,47,44.62,1.19,110,-12.1,121,87,31.35,0.24,103,27,116,36.69,23,28,40.44,46.35,2.3,-34,6,-19.59,38.4,18,138,61,115,12,68,-18.45,24.28,-40,99,11,-2,105,103,49.09,4.7,115
116,34.58,-19.83,112,104,-3.58,101,23,23,77,32,44,39,53.73,57,-5,31.66,42.06,50.35,46,-20,11,27.93,-3.49,-9,140,3,125,-3.15,11,111,5.46,-26,38,60.84,-14.16,62,-48,-6,-19
11.07,43.12,-7,-17.87,11.12,4,21.95,125,14,-12,-24.74,47.32,59.73,148,107,-20,12,57.53,79,60,-8.14,-21,116,99,-22,72,-18,18.74,39.25,44.95,-27,148,1,80,-6.59,-2.59,-24,61.83,45.05,29.95
73,70,108,112,50,50,15,44,59,-37,95,4.76,7,16.23,-10.9,22,24.13,-3,15.43,-38,7,103,4.05,54.78,-8.8,-10.87,3.53,122,14.41,40,1.89,48,22.96,43,11.48,15.21,6.71,5,140,-17.99
69.91,-3.19,-17,28.4,14,49.05,-21,-1.12,1.35,69,0,32.39,66.23,31,24,-48,59.92,56,71,43.95,23.05,-19.62,50.14,-8.38,36.61,45,-48,43.22,112,-1.29,13.4,56.51,-7.22,45,30,-9.88,81,68,22,52
82,85,73.15,149,49,98,65.25,-4.27,73,4.3,54.97,9,58.77,139,64,129,44.44,26.07,59,60.11,-16.48,1,86,-12,23.17,144,78,-12.33,22.92,-26,-0.55,-21,108,-22.76,40,-30,66.35,-28,6.69,52
100,25.63,74.98,-35,133,14.45,-7.14,36.61,102,-14.51,28,100,57,28,145,61,10.34,53,0,10.91,58.36,-29,7,64,45,11.07,62,46.17,-5,-13,11.31,-20.72,-48,51.37,27,65.99,52.84,41,53.32,109
133,16.54,33,72.3,-11.7,33,82,3,-6.56,-14,-41,-15,59,77,70.21,-47,149,-22,19,0.47,5.08,-14.8,33,20.34,45,-37,12,57,136,80,46.83,37,3,60.46,123,17,137,45.05,-20.15,95
88,81,-46,147,-13.42,48,15.73,92,-4,40.7,129,-12,-19.91,88,-6,2,35.25,144,15,-47,47,39.08,-11.59,39.29,127,40.22,99,50.03,29.43,143,55.38,67,86,43.88,116,54.39,130,137,-21.23,-33
-50,31.6,21.63,143,129,34.63,-18,115,144,-1.86,128,55,-38,49.17,60.77,69.44,125,51.33,10,62,17.46,54.86,72,77,-24.44,72,37,10.34,70.67,4.95,-44,29.93,59,-31,-21.73,37,66.03,78,71,107
11.03,101,-1,-10,83,14,42,27,12.54,70.16,115,112,67,-24.66,-20,74,41,27.93,26.23,93,73,5.88,-21.83,42.13,21,46,-18.94,42.36,99,4.94,103,143,51.22,130,52.77,-47,17.7,38,25,109
-18,62.28,83,-9,-3.2,20.34,65.77,59.98,126,52,-27,69.68,94,31,-17.8,97,43,73.87,126,-9.22,8.45,61.54,47.09,35,58.79,15,144,-7.05,138,45.26,18,60,-18,62.42,66,125,124,-48,25,33.39
54,-19,59,40.01,-1.85,49,48,6.84,34.43,16,-34,72,-23,99,45,8.01,85,128,-19,38,12,-17.59,-14.18,83,60,63,43.98,-7.31,-21,43,20,-12.85,121,-38,88,78,-9.5,130,121,-43
-12.56,-17,67.52,-47,123,38,70.82,-46,120,51.27,37,60,98,-13.15,118,66,-32,59.82,65,14,-5.14,28,137,4,11,-19.12,29,137,111,-4.79,38.03,3.56,140,68.81,62.35,57.03,131,40,47.84,-20.39
122,27,65.46,60.06,28,58.82,36,23,99,72,40.69,123,119,4,15,-15,-23.58,89,24,-23,-48,33.96,-10,-10.46,52.98,31.31,-22.1,32.19,-33,-11,6.78,-3.27,1,-29,-23.73,118,28.59,15,12.24,52
-0.02,-2.31,24,137,21.39,38.39,39.05,75,80,10,86,32,-12,-21.27,-20,136,-33,142,24,100,-22,10.99,46,12.44,73.62,134,15,-26,-30,37.45,8,-14.28,-19.6,36,36.79,140,113,-15.09,12.94,127
116,24.42,-2,136,-15,110,5.14,63.95,88,-44,45.95,72.24,1.31,54,13.91,85,73,-45,41,-39,121,70,-14.29,7,-10,100,58,66.43,7.93,-8.98,43.67,0,0.1,-12,17.55,20.16,130,74.31,16.27,67.86
29,57,33,86,24.48,-43,-0.96,9,52.17,6,70,12,-46,64,-25,-32,8,22.65,139,17,-16.82,13,-8.79,36.14,-48,137,58.91,-16,84,8,95,58,13,84,103,57.25,10,-24.7,4,72.17
45,30.02,-20,6,30.19,128,-28,-18.71,33,71.58,126,64.92,119,-11.09,-16,51.43,49.13,80,-21,24.64,98,-46,68.62,91,-18.97,113,55,115,48,23,-27,72,124,31.8,-45,34,-24,-7.31,21,-0.05
105,2.97,-20,22.99,-38,-2.15,107,-1,70.93,32.94,128,28.09,81,128,16.36,69.96,72.9,-48,-10.48,-3,93,27,-20,82,37,-3.1,89,61,-9,147,-9,146,-41,16.5,106,96,-8.08,12,-20,-21.11
20.82,70.23,91,131,128,2.88,81,-11.59,95,61,71.44,18.63,-5,79,49.47,65,23.11,28.25,2.63,99,40,22,63,-20,23.41,-11,-47,23.27,72.38,4,18,-10,23.47,51.28,45.47,-6.75,50.35,29,14.55,-16.74
-4.22,-27,27.13,11,137,-10,119,76,6,71.62,-12,-4.64,52,25,49.5,135,40,-22,50,133,58.38,111,-14.94,85,29.83,101,34.03,137,25.19,21.65,31.02,-45,-18.75,86,35.26,37,117,115,38.85,103
12,-2,35.39,-15.95,-1.34,82,74.22,3,-48,-31,36,24.38,-5,11.25,109,74,-21.83,-40,-36,33.53,36.7,-35,72,72,32.52,70,63,141,-7,51.57,72.68,14.36,5.33,108,-33,-19,41.43,80,33.02,5.19
32,29,46.19,-49,74,-48,106,73.21,122,70,-20,-28,103,19,-15,109,53.68,72,-23,108,62.08,68.64,-15.76,67.11,57,-2.09,21.16,-20.71,34.66,-9,67,57.14,113,73.9,148,38,128,60.99,-40,132
-37,81,107,11,4.04,36.88,61.93,62,57,-46,50.43,43.01,20.12,111,40.36,30.5,9,31.07,42,-10.43,-41,-7.72,99,53,-12.98,149,71,65.08,83,74.63,61.77,7.01,-18.05,-4.13,140,4.89,67,60.13,-16,43.73
71.74,65.8,17,92,12,28,-2,125,9.54,68,5,53.85,-23,42.55,19,-33,-17,28.96,19.73,18,127,13.13,68.98,-3,13,22,-10,16,98,131,96,12.24,125,26,49.19,134,52,71.74,-5.72,-36
113,-26,50.05,-4.11,11.87,-19,-3.97,42.07,39.49,40.63,127,67.53,3,139,100,31.28,133,20.8,2.44,-42,-25,18,65.64,32.4,50.72,48.31,95,12,27,22,39,37,33,62.09,71.81,-42,130,-1,-34,121
-16.43,45.03,26,16,94,69,29,-11,29.57,37,-32,53.24,63,17.49,15.02,-31,-18.54,14,131,76,147,-26,61,-6.49,20.01,37,12.41,147,8.73,42.38,107,8.05,64,-1.26,14.1,-50,-12.52,-33,-13.48,41.48
-42,12.02,-5,-21,96,-23.29,-4,64,-44,-49,33,4,64,-23.92,47.62,15,110,58.84,10,43.06,28.12,66.96,134,63.52,-26,-25,-11,58,39.88,-27,52,-33,-2.06,6.97,121,-47,31.59,77,146,10.3
40.32,-29,31.71,48.41,59,-13.41,75,34,-20,123,128,-20.4,-21,48.3,130,39.13,120,16,-14,132,106,-32,13.42,115,-14,30,1.82,0,125,-11.44,117,-17.99,-23,118,-5,86,56.58,25,30.29,8
66.94,99,35.03,15.74,118,-10.13,112,132,-7.56,50.14,58.97,7.86,-6,-3.36,69.55,-30,-17,22.92,53,-8.37,69,32.27,-48,70,-21.45,-2,60.75,42.65,123,64,51,19,31,-13.67,-5.47,121,132,63.28,42,31
57.22,33,114,4,48,56.88,-26,62,-9.53,40.89,24.3,-8.11,28.73,-13,111,127,141,145,74.93,63.98,5,89,45,103,64.27,149,101,-6.65,78,34,2.86,23.18,-18.22,110,64.33,52,-1.87,61,90,79
65,116,103,-7,147,-50,9.8,-19,-43,-1,120,139,-50,40.29,60.96,-38,31.25,130,66.59,72.35,-16.05,66.68,147,1.23,92,106,-39,-13,109,62.55,13.19,66.49,98,-10.52,5,-5,70.92,-20,76,42.73
98,22.77,33,-37,109,27.13,24.6,107,64,-25,-8,69.16,48.82,50.48,37,22,73,-26,-48,30.79,110,133,101,46,-3.51,147,25,88,13,35.14,68.05,38.35,29.88,119,50.87,67.61,71.18,30,117,13.88
72.49,-21,-40,21.63,-12,95,-44,-9,118,89,37.92,-26,-13.57,-4.33,123,-32,-2,140,94,26,134,-24,52,65.92,-21,49,-19,37.45,54.53,101,87,69,61,-31,61,47.53,-42,53.8,42.7,108
3,55,50.06,68.62,24.47,-38,68,44.05,-12.17,109,117,61.83,7.53,6.46,83,-4.33,50.14,137,140,35.78,35.58,-6.52,-2,117,57.11,111,49,26.85,62,-47,12,-9.84,67.98,13.83,46,-24.98,33,69.69,70,53.38
65,10.93,23,47.11,35.03,63,-36,102,62.46,71,67.64,23.65,37.53,0,100,145,-30,57,92,53,35,56.81,39,68.6,15,-36,133,31.84,-19.94,89,68.3,-3.44,105,-30,-9.91,112,74.42,-13.1,128,-23.61
13,10.98,-46,62.01,2,90,111,34.59,47,-6.52,59,148,139,70.17,130,40,-26,-0.88,7,65.05,57.55,13.45,29.1,63,-21,35,95,46.24,-38,23,12,27.51,-18,132,76,-12,38,117,86,5
143,56,44.73,-47,-15,84,-43,12,118,147,7,-13,69,37.53,17.38,-4.1,8.08,-22.21,2.24,-28,31,4,143,54.48,6,12.14,120,3,64.18,9.95,-5,97,30,38.88,117,48,-49,27,68,87
-32,-18.51,47.89,59.33,89,10,-48,11.76,30.5,58.71,-37,-6,64,39.13,50,93,-2,52.84,123,140,31,42,57.6,42,11,48,9.16,93,117,-5.64,-10,119,59.53,134,116,127,-20,-13,149,16.67
20,1.97,12,-13,63.22,32.82,36,14.16,-23.37,26.44,-21.55,3,29.35,102,62,28.42,67.43,67.71,-46,138,54.02,-30,64.33,104,31,78,67.07,65,112,133,10,-3,98,100,20.79,-16.1,55.96,36.81,28.17,54.38
-17.01,26,51.78,35.27,91,-44,141,39,8.91,6.68,39.22,8,-20.51,-6.92,92,66,-29,-16,64,-24.12,-14.62,52.31,146,121,-24.58,34.63,70.57,76,24.05,71.78,17.32,-7,4.97,147,27.65,39,39,5,19.5,21
-40,9,11.69,-20.59,-8,23,-7,-35,-2,69,-21.32,143,-15.67,30,112,90,65.23,26.69,107,-12,33.88,16,9,1,60.57,58.93,27.82,82,133,15,-5.84,45.19,39,74.19,112,6,94,138,117,64
-11.6,-6.88,-37,-17.9,66.03,-14,70,-10.84,30.04,114,32.28,79,62.24,-3.68,14,28,-28,10,20.69,90,-28,52.49,106,-4,1,55,-16.82,42.72,1.33,49.03,7.62,51,99,28.48,4,36,65.32,56.14,66,-23
106,-1.32,4.48,-12.89,46.11,12.61,-29,-45,132,11,-14,11.2,15.24,132,143,-8.51,124,8,149,13.96,68.72,149,52.48,34,50.3,50.2,9.49,73.97,12.31,104,116,56.73,110,-9,5.17,2.61,-24.55,19,76,25.58
32.02,38.61,-27,128,-19,-13.27,95,19,-12,104,-5.96,112,60,67,70.49,-39,129,-20,-8.08,-47,32.58,13,-21.22,61.48,55,-17.26,7.39,132,-3,59.9,123,111,-23.57,-24.54,-2.37,32,30.69,27.63,132,57
5.27,13,-16,46,7.74,149,48,35,142,88,25.57,51.66,52.18,49.92,57.64,129,60,8.51,65,98,60,61.84,1,44.9,-11,-17.42,65.97,45.22,-13.2,-14.25,-1.26,-4.51,-1.4,25,1.64,55.11,-45,-14,63.01,-0.87
128,-41,17.11,20,86,81,13.11,9.91,145,46.76,-15.26,3.45,101,21.51,-10.96,37,125,6.55,-14,135,61.41,8.95,-49,-5.78,-50,-44,3.42,7.26,82,-5.5,64,-22.48,-29,1.9,81,101,7,47,-13,73
74.27,4.7,82,130,43.48,35.98,16.63,38.05,97,103,4.61,32,8.84,28,-46,54.7,-45,39.43,140,49,-0.93,74,-19.87,138,28,-24.83,73,78,85,-22.41,-45,-35,39.91,33.01,147,17,-49,50.23,63,143
-1,-9.03,36,78,36,12.51,66,27,-16,81,46,31,66,134,-19.51,-7.28,43.8,108,144,-0.32,30.89,-28,-10.28,116,-2.9,-7.11,88,58,71,18.18,91,4,82,9,73.07,69.59,101,146,5.35,49
0.16,121,101,123,3.78,2.7,24.08,71.47,33.08,10,95,45,-16.49,-10,15,-4,97,-41,-5.21,44.09,50.03,48,46.55,20.09,77,19.34,77,86,35,22.4,-13,44.16,101,-10,-25,68,57.7,48.5,14,5
-2.37,90,-5.83,-2,9,46,15,-30,-30,6,42.4,3.46,42,65.69,31,49,36.15,90,-10.79,38,3,17,130,1.46,19.55,84,29,46.97,57,83,68,-23.55,27.89,-2,71.42,60,12,-3.98,65.74,1.44
23.53,113,129,-2,22.41,106,111,-25,66.92,36,-8,141,74,56,46.5,58.74,24,14,74.8,128,144,128,59.51,64.43,109,-6.37,43.87,23,114,-23.22,60.21,43.57,22.47,59.9,74.35,144,-22.01,89,63,-17.98
56.3,106,16.02,-6,-50,-6,79,144,23,133,29.94,136,8,119,55.56,6.2,81,40,94,42.66,-19,-16,7,43,46,-15,87,38.97,-24,-13.69,45,87,42.44,19,36.75,43.98,23,38.01,102,-37
140,-27,79,93,127,126,33.59,63,-9.41,149,-26,25,3,-17,29.23,26,48.98,46.53,71,117,-13.49,-48,7.34,109,98,70,65.09,-31,144,61.08,9.53,-5,123,62.26,-3.14,131,39.63,142,-3.48,66.02
8.23,50.57,-9.16,43,-12.6,-2.83,-2.71,15.28,124,-4,107,-28,122,69.39,29.58,-19.58,136,-15,-3,15,103,113,61.64,11,-38,27,-44,7,-5.63,3.15,20.47,69,58.36,85,47,42,35.46,107,-23.93,58
-19.84,-17.32,-22.62,139,-11,48,93,117,21.56,67,-1,-34,101,5,-19,-3.33,15,23.01,115,96,57,109,9.91,11.45,17.5,115,77,22,-22,70.7,8.14,120,-5,-13.53,-13.03,18,35,88,55.16,-37
61.64,-13.34,118,47.31,20,73,148,-36,27,67,9.73,50,48.68,112,137,98,88,14.92,113,63,-23.1,39.87,62.67,21.69,54.67,-14,-9.6,22.25,29,11,10.85,18.96,125,12.72,6.38,9.25,-16.02,68.39,38,-2.19
38.27,43,-4.76,77,39.48,55,15.7,53.17,110,59.73,9,-38,-23,68.13,2.3,138,50,17.37,30,20.38,-8,64.08,36,30.08,27.17,120,66.42,-3.67,-12.98,36.79,32.58,30.52,33.62,31.01,73.71,47,121,135,137,-4
46.97,137,2.73,64,24.31,-9.7,-5.42,-23.01,46.99,1,85,8,59,23.02,43.63,119,9,49.67,36.26,65.89,-7.51,26.65,32.79,145,84,56,-3,91,121,-2,-8,-13,54.03,-0.75,104,-17.06,51.75,-43,48,8
39.26,66.09,-2,6,51,36.7,55,52,57.47,67,-23,0,85,44.64,-2.82,19.25,28.47,69.09,-18,89,40.4,-3,-3.61,-1.94,-5,83,65,-41,-18.53,0.39,110,2,76,130,64,-24.09,-14.86,105,-41,58.69
-34,-27,123,71,41,51.53,-37,-21.77,-11,-25,115,32.8,54.1,149,47,-2.63,55.55,24,90,-1,-31,102,28.11,44,104,40,-9.41,-21,91,102,131,21,60.93,26.17,59.14,70.6,25,93,-3.08,97
96,130,15.23,60,140,92,120,121,-1.59,33.99,9,-17,25.57,25,-22.98,102,66,65.1,-22.03,-5.01,14,-9.04,39,58.76,56.33,55.36,23.86,50.82,22,54.65,1.92,43,123,66,44.96,-4.98,55.96,71.48,20.7,140
9,-41,-10,93,10,81,39.27,25.42,37,116,29.96,40,73.46,-48,43.63,51.69,102,56,61.13,-40,103,74.3,10.62,-5.89,122,148,-19.92,139,78,80,-3,-21.21,6.83,11,-20,125,29,36.64,28,-46
-34,21,28,49.55,25.43,15.36,49.4,48,24,108,126,10,48,10,-4,-19,120,54,-11.59,13.82,-15.25,-50,114,54.67,59.55,94,0.46,-18,39,-5.92,-38,-6,49,-8,57,88,-23.24,147,18,30
71.92,113,134,66,67.23,15.93,132,-18,-13.57,-46,52,18,-11.34,-47,38,56.3,71,99,-5,-8,17.51,21,-12.23,14,140,137,21.9,36,10.65,-7.42,28,5.28,-21,92,5,49.07,26.94,28.1,73.7,43
30,9,-21,14,-49,93,54.72,32.02,-29,3.11,-16.06,26.14,36,-10.83,-32,8.23,31.07,137,85,69,-12,-24,24,24,-20.2,7,20,98,105,120,104,73.4,26.12,57.9,100,-6.89,73.65,2.18,140,32.7
59.43,15.63,-22.78,13,-13,24.76,142,67.81,45.12,4.39,27.79,74.88,-10.38,129,-9.19,72,42.65,26.87,-5,32,99,14.04,-9.33,58.6,-24,109,41.3,58,2.42,-37,21.89,26,-9.22,98,-29,44.73,-7,2,16,-23.5
26.43,-30,104,101,122,33.64,-6.28,62,125,22.01,81,32,17,73,42,29,-48,-25,10.55,43,-49,147,52.44,23,57.15,14.34,69.2,135,98,54.99,110,-5.1,40,-24.43,57.96,-17.52,-21,76,53.87,28
30.49,48,146,-21,60.71,30,95,22.8,72,118,51.96,61.25,126,54,53.64,78,130,77,8.45,-48,3,87,-35,-11,144,82,34,131,30,-30,29.12,12.31,3,60,-19,147,138,111,56,-16
46.87,47.22,-23,35,113,47,61,33,-0.09,-6.36,82,18,24.9,123,87,129,11.52,-10,-1.19,49.79,116,21.86,101,43.64,33.3,122,13,91,-12,28.93,-40,-7,21,77,-44,26.32,26,1,64,7.4
43.45,-16.22,-23,3,63.94,138,70.27,93,116,-23.88,50.33,-38,49.52,-6,-42,94,30.76,-44,31.03,-38,112,76,54,60,73,68,57.98,124,50,89,4,90,66,51,92,49.46,50.37,-6.72,23.93,45.69
45.56,51.95,-21,-13,120,45.23,70,34.86,50.24,20,-1.62,14.1,59,9.63,-10.37,58,63.27,-35,79,2,-21.61,2.3,8.84,55,96,74.57,133,111,3,-13.47,77,32.03,-4.37,-41,115,31.72,95,105,138,85
102,-37,128,-23,104,29.86,87,53.99,10.25,53.75,67,69.27,-23,44.35,-34,139,112,-11,13,-3.42,-25,-1,68,144,-26,38.11,52.83,-7,-32,1.35,45.16,-8.07,3,143,98,-16,14.45,-16,35.55,-32
100,59.97,104,93,65,57,-9.77,119,78,13.68,51.42,60.5,32,143,13.73,40,-3.12,131,66.75,107,-22.61,-13.98,-2,-2,69.29,54,66.07,38,144,-10.11,18,64.97,-38,52.79,83,15,4,-19.22,6,92
142,122,59,-2,-7.56,77,46,14.87,47,60,17.19,98,-7,31.28,-23.76,27.29,115,53.27,149,101,-17,127,-47,-2,27,-26,149,-23,8.15,71.24,2,-40,-10.46,133,53.36,148,66.15,-21,-3.74,71
-4,43,10,118,37.99,29.24,13.22,-11,66,92,-1,82,16.27,44,10.27,34.61,23.37,131,101,103,-22.58,113,72.64,112,59.52,102,61,45,-17.11,61.16,7,131,87,56.1,-49,-4,46.35,66.08,8.31,25
22.42,-41,48.95,74.81,-11.51,121,-12,37,66.8,42,39.39,36,28.39,45.59,63.06,57.73,2.27,10.61,50.95,55.29,51.75,34,-20,-2,-5,90,28,144,-7.78,58.81,60.43,-24,-24,-19,59,-5.16,62.12,82,-40,23.59
82,116,-39,5,-42,23.76,14.07,125,16.99,63.16,37,35.47,96,135,142,6,41.89,13.14,67.77,143,-34,-20.89,78,21,-21,7.92,-3,-32,40,35.29,2,62,50,-28,69,8,58,122,-21,143
129,72,-3.8,37.14,-17.36,18.96,104,-17.9,114,124,45.19,-7.65,95,-30,39.47,3,44.64,2.64,70.13,16,-21.73,-13,20.13,72.49,60,-20.43,61,-31,77,38.64,6.14,80,-14.7,12.43,88,-26,-7,56.6,105,145
73,43.45,53.78,28.79,-40,-4.28,-23.83,36,47,61.4,144,-2.89,0,0,99,-42,-6.77,30.56,20.56,73.6,6,58,90,-24,131,-22,68,-34,76,-16.44,-7.67,-47,44.7,48.93,-29,-3.62,62,-22.31,115,-29
-10.82,88,37,31.04,65.64,-8.96,67,50,22.93,13.1,45.07,-43,78,4,-16,-22,-26,46.98,-19,6.3,104,8,40.8,56.86,-13,147,-25,34.42,79,6,52,27.25,45,55,-50,106,46.51,30.35,2.51,-23
-20.98,27,21.49,55,130,84,30.49,68.57,10,65,-40,146,59,45.66,-24,108,19.62,62.04,97,66.06,22.88,18,1.57,103,113,46.32,15.19,84,-46,47,51,46.26,-12,33.63,38.69,65,56.95,24.23,116,63.39
64.67,2,65.17,109,-34,81,15.16,-50,45,-28,75,53.2,16.55,52,119,6.69,-33,149,108,-28,31,28,1.28,69,116,115,48,70.27,62,-30,-7.04,-32,38,17.97,16,-27,-12,10,129,71.11
50,-47,144,-12,113,51.17,-48,65.26,120,31.5,81,53,3.56,19,-15,61,148,36.84,-28,-12.95,23,142,140,126,46.16,112,-5.96,-10.45,13.84,108,112,149,98,50.3,62.31,113,-45,113,43.74,-22
0.29,-15.61,57,49,-19,-4,90,-6.92,123,10.35,-19.69,18.96,31.26,-7.94,43.61,-10.55,50,21,43.63,41,46.37,-17,43,28.25,4,54,41,87,-17.04,-45,54.65,-9.77,76,-36,-32,-45,7.69,-34,70,4.2
144,-21,40.41,-20.96,38.65,68,67,18,-2,59,-7,4.74,143,126,15,-9,101,72.82,30,-20,149,51.04,49,-11.48,44,-3,-18.94,67.33,61.94,76,99,47,35.21,141,68.63,113,16,-8.73,7.8,44.22
-35,22,18,22.84,115,126,98,67,-24.07,76,3,-14.55,63.28,29.04,33.77,129,-5,19,22,-42,5,22.22,32.3,50.79,36.2,14.46,76,138,-46,31,60.88,87,68.01,-26,32.58,114,23.16,24.7,74.55,140
115,18,34,147,19,59,9.05,31,52.08,100,144,58.75,57.79,107,98,133,100,-8.74,61,72,66,28,10,58.95,30.88,37.82,17,-14,-5,41,53.02,25,-23,37,136,53.79,26,-14.31,-23.26,100
133,62.42,28.09,71.92,18.95,43,53.77,143,40,33.06,110,42.5,-39,146,5,85,-0.73,69.08,68,21.9,16,-35,12.94,-27,58,-8,18,98,69.14,-42,-12.72,147,20.71,-9.76,137,90,68,56.27,71.42,111
-18.08,-31,79,114,50.86,111,40.87,98,17,10,31.6,47.68,54.45,21.7,149,1,49.79,38,6.14,65,47.28,42.74,87,21,28.15,0.36,37.53,-45,-29,41.53,-6,139,53,2.27,5.45,3.3,57,130,55,84
-41,20.29,30,34,-15,135,14,69.15,-46,71,2,49.98,8.73,91,103,49.78,43.89,59.84,103,-24.27,28.77,74,7.87,65,127,62.17,91,140,-0.14,64,51,64.58,110,111,64.08,72,39.7,50,-19,65.19
-0.94,54.1,62.03,85,18.61,9,-26,57,54.62,-24.2,80,70.89,128,0.1,83,-11,-47,1.22,-24.88,113,107,30.63,-3.33,-3.04,108,30.76,19,1,-7.67,22.36,25.82,134,135,3,131,-24,52.26,58.74,98,-36
146,30.08,-30,-15.62,35.53,49,70,44,118,15,55.73,-30,30.09,-28,18,71.15,-17.07,16.4,27.23,6.59,45.62,-16,0.92,126,-15,21.33,58.11,16.19,143,3.34,63,112,64,63,147,125,40.33,11,109,130
18.88,22.54,1,-17.68,33.44,28,24,48.2,14.36,-36,16,-44,120,-4.85,48,-12.04,21.19,68.55,56,67.69,46,28.47,-25,39.16,44.49,24,37.11,59,-14.23,60,134,-19.05,-37,110,6,110,-20.75,36,37,-2
29,108,18.06,37.14,36,-37,44,-13.39,-26,47,125,-32,3,50.76,-21.04,7,61.1,-5.42,31.95,60.84,91,23.8,-6.25,20,-15.72,46,124,121,148,-2,130,67,17.86,14,-23,-25,-11,23.47,125,-21
126,38,26.86,-17.9,42.16,-39,-5.47,-41,8.76,7,50.25,15,19.87,106,14.99,56.05,64.61,80,3.94,123,26,-11.7,24.65,-13.13,37,-44,33.2,4,97,50.32,144,113,9.33,-27,39.76,5.48,4.23,43,96,4
27,-29,15.37,-16.79,-37,98,-20,-18.55,-27,139,34,41.22,34.98,53.43,-13,7.31,23,55.18,81,129,45.9,4.84,28,126,36.78,123,21.78,46.5,84,67,0.04,-44,-23,17.75,64,16.03,-11,79,72,90
110,42.84,33.43,127,20.25,-15.59,-36,39,8.07,125,56.34,23.3,130,-30,5,41,34.99,137,130,23,-13.93,12,-27,23,54,90,99,118,45,25.08,-36,29.99,130,94,60,58.11,58.36,32.7,18.92,114
53.6,53,67.52,48.8,59,90,2.06,6.83,57,79,-36,-8.19,10,-5,146,25,56.81,53.46,40.46,65.16,2,116,15,101,134,95,5,66,-3.85,46.34,41,47,-48,44,-2.29,-11.08,21,39,15,10.75
-23,149,10,122,54,-44,23.7,137,53.48,125,62.18,19.32,11.91,40.05,17.56,18,29.24,102,63,108,114,54,-29,20.64,8.21,-17.69,17,-42,71.19,-23,6.31,40,-6.98,-6,1.78,34.41,69,25,5,52
-13.73,125,28,108,67.98,-43,68,140,138,40.74,-24,84,124,89,147,36,-8.52,15,-1.25,60,6.82,33.07,-0.13,-14.75,-22,-9.97,28.55,67.23,88,1,-16.3,76,143,7,11,50.44,83,60,125,74
-49,137,7.87,39,92,48.5,147,56.55,31,59.58,17,-15.28,27,49,-30,20.76,57.77,2.8,16.2,56,113,109,95,46.65,134,8,70,67,18,113,36,143,134,49.53,-23.17,8.89,45.93,1.09,29,-9
-19,62.63,32.67,69.34,-7.33,59.78,138,58.1,-11.2,97,19,4,148,32.89,-12.93,-11.76,-15.39,43.31,-1,70.78,21.66,133,89,-14.73,63.86,24,128,27.58,27,117,-18,86,26.77,-39,67,116,10,-10.83,69,47.92
4,138,-7.13,132,-11.95,-24.02,4,33,100,-50,61,21,4,56,50.28,-23,-8,-9.45,9,15.11,64.58,-2.45,60.73,2.98,32.68,104,23.07,15.67,58,58.37,28.45,120,38.32,-8.72,28.97,69.87,121,30,-24,-1.15
-19.32,46,41,-1.15,67.62,-11,-16.2,84,132,-40,20.64,126,-5.19,3.76,67,-6,132,95,142,-39,45,-14.24,129,125,-41,18,49,144,8,53.63,-18,33,-46,107,-17,43.74,104,13.47,88,49
143,-3,69,67,124,47,-24,111,52,5,148,32.66,26.31,-43,28.99,28.27,-1.09,61.75,-22,9,32.96,130,13.4,80,18,96,63.99,-14.17,-30,91,1,7.63,11.49,45,13.77,-48,7,8,-21.34,-42
20,56.65,65.06,143,-6,-35,136,64,-1.12,33.45,28.58,-6,-10,-32,-5.98,27.22,-40,42,-34,130,26.99,103,32.84,-0.53,111,-5.41,-4,92,-19.96,67.89,111,-21,24,129,-16.33,26.06,35.55,25.26,63.89,7.66
10,69.65,23.56,146,-23.92,109,-4,31.52,149,57.97,66,104,-24.66,55,-13,-44,21.08,149,23.71,82,90,32,28.9,-22,26.98,102,-34,-18,59.95,-49,20,5.19,71.3,-46,77,90,-30,139,24.7,90
17,25.66,-9.61,-8.07,-11.06,20,-6.69,53.95,63,41,138,48.1,2,148,-22.23,62.67,82,139,63,76,29,-18,-49,113,31.62,13,3,-8,95,-18,35.9,-21,91,-43,43.58,129,57.74,43,-38,92
2.25,48.77,58.32,108,31.19,57,19.66,7.89,99,91,-8.84,24.12,113,-3,-2.81,51.16,142,109,112,40.51,135,65.02,48,-22,28,60,15,97,-8.72,-6,132,108,87,0.49,18,27,0.17,126,38.31,48
37,68,92,10,115,-32,114,65,37.93,22,131,134,46,65.75,-25,60,17.95,54.76,45,108,66.39,37.58,46.85,1.84,-3.28,-5,-6.73,73,-6.53,2.2,-0.58,51.43,2,47.28,7.15,-24,144,77,31,50.1
118,54,-2,46,-3.76,69,56.86,133,-41,93,34,42.15,97,77,57.09,68.03,-2,110,134,56,26,-3,147,21.6,58,-9.51,49.38,21,41,-2.82,79,119,65,75,37.75,50,81,90,-24,47.55
24.98,104,-11,-24,55,3.04,2.69,-24,70.03,6.08,54.72,-22,9,2.95,-9,79,147,94,-9.19,47.46,88,-4,36.83,20.89,71,140,101,-48,70.07,30.69,-35,-6.6,148,-20.26,146,-2.08,-17,67.06,90,74
17,64.07,13,-6,-10.66,16.6,6,58,143,52,47.86,136,5,110,-1.64,47,10,23.44,29.79,25,13,72.88,25.44,76,79,-10,96,117,-23,71,8,146,38.31,85,68.43,36.53,55,66.05,131,-21.11
-23.73,13,16,12.78,3,57,54.09,31.84,20.81,-34,120,-49,29,43.04,89,122,81,-10,-14,20,12.68,31,-6,52,-7.71,2,35.39,117,-3,132,-17.92,-9.65,109,127,0.52,147,-44,-18.75,-6,136
-4.64,34.41,61.57,3.47,-4,70.99,15,-9.68,85,17.15,104,61,22.28,25.14,43.09,135,119,27,18.19,39.58,16.1,-4.44,49.11,24,129,71.02,51.04,95,102,128,49.41,55,70.7,-17,19,-30,27.66,32,124,-32
-17,-15,134,32,17,14,131,-42,143,11,18,5,-5.14,111,46,118,24.06,-39,-15,10.65,-16,27.37,110,94,-35,-41,141,35,14.86,122,19,59,-37,28.85,-18.41,-1.87,-2.21,0,56,71
100,102,54,13,-3.92,-33,7,8,117,5,73,8.48,55,101,-5.17,149,82,-3,58,40,-16,-15.46,21.57,143,-10.26,73.66,73,-39,20.1,30,-1.37,60,-17.92,69,64,10,2,74.26,83,69.62
58.88,8.58,-14.88,-12.84,-48,4,-28,131,-1,-1,131,63.94,12,94,125,48,8.62,4,11,-6.31,74.13,-1,-8.78,-34,50.22,-18,5.78,-17,27.17,-18.83,15.72,36.21,97,-25,55.03,-12.18,-4,-19.66,62.81,120
-15.27,77,19.9,-14.04,142,81,39,45.75,106,-19.38,69.12,-30,-17.26,95,73,14,8,35,43.25,-19.58,22.85,44.37,-1.36,-23.86,55.97,53,87,93,-4,-5.74,6.17,-22,138,66.79,-40,28,37,16.69,35,10.4
-23,-2.11,64.04,69.37,-50,120,-19.16,55,-49,-40,44,0.02,141,112,-30,33.4,109,-2.19,95,24.59,56,75,43.23,44,-4,103,24,55.42,65,70.51,121,97,36.32,12,24,8,3,98,46.95,149
19.89,36,39,143,21.17,149,-31,37,-7.4,141,57,4,63,11,87,72.42,-5,110,15,50,129,-3.4,-27,59.87,31.58,100,11.73,141,-50,37.29,25,52,52,8,-6.14,124,50.62,-39,-17,32.14
-19.33,20.62,65.44,15,60.65,4,47.73,39.71,-1.88,108,119,114,133,79,109,-17.19,-10,38.34,35,-38,139,70,23,100,2.12,72.8,51,67,57.29,28.36,68,-1,105,63.25,35.7,43.11,119,-50,44,26
136,46.54,43,-17,108,135,70,109,11,-22.27,-6,-16,33.39,-35,68,1,43.85,4.66,133,54,-4.2,95,52,124,43.18,14.77,10,69,29.26,72,59,-2,-14.34,73.2,29,9,121,21,-22.4,50.64
16.17,122,61,139,44.31,68.92,50.9,3,-29,-31,144,-14.23,80,13.93,-4,66,48.88,-31,123,-23,120,-13.59,62,-13.36,-11.16,-37,-36,30.67,7,-2.12,44.09,-1,-14.63,58,41.28,57.81,8,36,2.36,-11
113,-2.2,144,137,-26,41.38,83,66,18,86,117,24.24,-17,27.65,18,45,65.39,12.6,4,98,-4,0.14,19.32,-36,10.11,147,26,-4.98,-3.12,115,32.43,34.25,-19.35,72,-18,8.3,41,20,99,-13
53.6,-42,119,68,-18,85,-6,-11,32.07,6.42,28,127,27.95,43.77,-5,71,-0.02,51.98,10.68,17.81,71,130,74,-23,-6.78,-5.65,20.66,22,139,62,52.83,121,-39,-6,39.31,-8,9.69,7,22,97
-15,138,1,37,29.07,-23,70,140,24.57,127,123,-19.8,-40,63,-13.38,39.75,-2.52,-10,26.14,-4,123,137,1,135,48.71,-20.55,6,140,-14,38,61.16,62,138,24.97,52,94,112,68,60,-15.21
121,-1,70.16,46,55.84,-22.93,46,-17.68,-8.85,110,0,55.85,137,9.58,-9.44,39,63.38,147,35.06,9.08,61.53,55,59.48,40.99,9,39.45,61.54,65,60,-19,-17,40,48.47,18,35,98,136,68.7,0,47
34.72,-31,28.41,149,-38,56,54.44,68.65,50.77,-31,-17.5,25.65,84,15.85,32,-31,-23,-17,-19.29,95,-16.94,-42,39,41.25,43.8,-19.27,-24,147,18.55,66,-17,40.4,0,1,38.73,31.18,-50,19.72,37.59,-10
17,97,67,73.08,77,20.34,137,44.35,-18.27,-26,89,40.12,1,-0.6,-27,-40,61,-12,67.33,44.13,79,-2,90,60,10.36,38,68,97,125,41.61,71,105,-29,61.89,53.04,77,46.85,7,131,3.32
57.78,4,136,5,-19,-17.39,116,22,31,19,38,114,22.83,71.82,140,-36,-18,147,39,115,-50,128,2,128,-1.86,139,133,74.69,43,16.07,54,44.32,71,-21,16.89,-4,91,70.81,40,62.67
28.62,83,4,101,85,39.6,41.98,31.6,-5.72,73,63.72,-15.27,84,-5,-19.24,149,31.87,6.09,-16.02,47,7.41,-5,17.56,-19.81,-47,30.48,-48,-12.53,75,24.25,2.62,-14,51,-14.22,61.75,20.33,-4,23,14,44.61
25.88,10,-6.69,71,-23.81,34.37,127,39.51,38,60,-15.49,-13.2,83,41.37,130,8.85,0,89,73.13,20.41,73.34,3,-18,106,55,84,49.34,66,40,69.26,-43,-14.8,38.49,-15,39.03,18.26,-2,23.55,22.93,-5
61.35,70,20,134,130,-28,-22,37.59,49.29,30.03,69.65,-24,-1,43,100,144,-16,-18.47,41.77,78,-24.37,66.62,68.9,139,18,-14.01,6.29,141,-6.97,85,9.55,67,24,33.98,-11.52,42,-11,20.77,-21,56.2
7.95,-31,38.42,73.94,-50,-37,13.32,36.71,5.89,18,136,-14.2,-22.79,22.7,38.17,-18,51,-39,102,8,0.11,51.78,47.77,51,46,-21.41,-23,111,90,-20,72.57,82,-19.29,28.54,-29,139,14,50.39,145,57.53
55,33,103,3,70,92,28.02,34,-47,22,136,71.76,38,114,-18,57,45,103,42,-0.14,83,-43,67.91,69.72,66.3,13.34,123,-37,30,-33,89,17.15,-27,55,108,113,24.56,-0.71,29.86,-33
-2,13.43,-2.3,-21.83,17.1,22,-15.32,41,85,4.32,46,104,-41,1.28,35.84,104,-16,-20,17.97,109,36,-35,-35,108,73.09,-1.58,-11.78,-13,40.14,127,47,13.7,23.41,41.33,64,121,-5.07,83,121,-13.87
118,130,-10.8,144,-22.69,-44,22.28,37.7,46.41,-10,-24,13.78,104,-31,-15.48,53,-29,126,35,20,36.62,-1,137,64,-48,41.53,64.5,70,-22.47,59,46,11.82,69.42,0,3.46,7,-19.77,58.31,148,-8.39
142,31.66,47,20,33.53,51.01,90,71.24,68.74,69,43,60.59,2.08,42,0.27,41.79,85,-18.81,85,-27,-13,-34,-12.46,7,18.6,63.15,-18.46,66,69.07,127,69.35,122,-36,44,-38,7,-26,74,94,126
12.83,35.43,64,-19,79,117,22.61,-7,76,13,91,50,6.1,54.36,-22,6,106,-22,116,126,-15,11.29,-3.35,11,67.98,-18.15,93,10,9.89,89,13,58.05,49.53,-2.04,28.48,16,-13,7.05,9.39,38.2
54.39,42,-33,141,5.33,44.85,3,20.2,63.36,15.12,116,125,72,14.65,12,49,36.91,-2.72,82,103,22,149,15.38,6,74,99,149,6.75,91,6,35.88,-15,-16,-22.06,6,3.9,-37,67,13,8.96
-37,75,-8.59,10.95,120,-48,48,78,36.36,-19.81,56,31.34,103,-2,88,116,104,113,74,90,-3,55,-10,86,35,102,69.03,51.83,8.08,-31,-1.8,-50,0,107,31.22,13.06,54,92,48,-11.14
53,117,73,16.9,31.82,-23,81,16.07,2.62,-15.97,96,112,35,1.97,54,33.45,-16.47,39,143,69,66.73,72.66,70.82,89,-45,72.59,145,5,22,79,10.5,-7,-7.69,146,47,12,1.41,53,129,86
17,-22,-11.36,-8,-21.94,25.96,-36,146,33.45,8.77,14,-27,83,22,-22,-24,94,-11.43,68,100,78,97,125,57.97,34,-23.37,141,-3.52,53,29.27,59,18,70,43,5,39.04,-0.07,66.51,73,84
140,-44,-23.62,24,60.3,14,118,-24.21,128,-39,71,-39,-9,39,-16,36.32,111,6.97,32.14,87,38,56.88,-1,0.72,-17.82,3,73.46,135,-20,-13,72.78,46.63,87,-7.35,-8.64,-23.57,50.29,-14.79,36.49,55
-47,-45,55.96,17.86,-6,-2,-10,52,141,98,-27,-8.43,-4.83,-12.75,-6.19,91,22.15,60.27,43,131,38.73,36.56,34.85,44.01,12,-22.82,-33,42,139,9.95,143,1.15,45.06,87,31,-3,136,-7,-38,25
28,13,19,33,73,65,49.68,52.05,-24.43,135,3.6,-22,64.34,102,22,7,146,51.76,36.2,-13,90,117,8,66.29,144,96,137,-8,64,8.04,6,50,73,3,77,57,2.99,22,22,121
-48,38,106,39,26.3,30.9,40,-17,102,-12,51.13,8.11,94,134,-16,23.46,-29,91,-10.32,-18,-25,146,141,109,33.82,132,31.03,-8,56.02,132,40.13,74.87,4.71,123,143,-15,148,-14.31,137,25.05
56.7,-48,-40,140,147,41.36,62.18,-28,-43,95,79,44,116,146,71,-17.5,43.29,123,20.16,22.61,27.72,122,145,134,-10,42,87,-9.78,6.27,-8.88,-7.21,2.79,73,-0.42,101,5.34,21.07,45,59.67,12.44
-5,64.97,-18,61.32,80,96,-6.83,-2.64,-15.56,69.2,63,-13.86,61,26,36,96,102,42.97,-14.18,97,-1,68,72.14,12,-3,41.77,59.09,73.75,141,146,57,29.83,-22.38,-13.46,85,149,23,126,112,37.37
28.22,120,138,-2,76,55.95,54.25,61.51,27,7,115,101,43.64,-16,37,43.04,74,-46,-16,3,68.1,-36,16.85,67.39,145,7.29,-10,-16.17,140,82,-39,134,61,12,4,72,141,59.94,64.24,37
58.61,-8,-40,21,41,28.43,2,52.39,108,34,-5.44,46.15,-35,112,-17.88,59.72,121,-12.43,115,3,63.64,80,1,-25,29,-27,130,1.61,92,34.69,69.89,134,101,37,62.86,-5,75,-43,8,116
-42,7,74,-24,58,69,7,-36,80,-23.55,130,-17.87,74.44,-33,-19.27,72,43,-34,29.01,105,128,87,53,66,-21,-24.1,134,64.97,27.94,75,-14,7.98,-13.35,10,27.63,130,9,74.54,-14.32,20.06
72,62,106,31.32,31,24.21,136,20,55,122,60,25,28.28,40,-24.19,-18,110,-36,11,-17.55,32.86,-23,6,9,64,74.55,70,12,-22,118,-37,4.29,-48,61.86,146,-9,62,34.26,-43,-21
42.56,-1,84,-31,47,42.84,45,67.78,27.54,77,28,-1,112,58.63,7,132,66,18,41,-31,41.67,99,94,18,-38,45,126,-18.49,44,-0.46,-31,30.45,105,-14,-12,111,74,11.76,20.17,60.08
-15.01,75,-31,51.07,47.74,139,125,71.34,108,59,44.87,-22.34,41.1,144,64,-7.46,23.76,10.17,14.99,138,76,-20.86,-19,8,25,111,11.3,65.88,80,55.67,148,117,51,86,-0.27,23.28,70,43.95,-8,-38
-45,104,-14,15.42,33,110,145,58,37.72,53,36.53,33.23,132,27,136,117,108,56.07,21,-10,-17,-20.73,11,11.56,96,0.64,41.63,-38,45,72.3,-29,-49,35,15,17,28,20.61,99,67.55,-18.82
78,91,18.9,75,18.1,77,-4,49.89,58.84,-10.38,-18.84,104,36.03,61,-7.19,29.05,133,8.16,-42,9,133,-11,30.95,69,28,126,-36,-31,-6,-42,65.4,108,142,-8.77,46.23,44,65.77,13,-15.07,-21.78
35.15,30.98,39.35,136,54,106,33.35,70.63,15.5,-5,15.26,-29,-11.55,139,44.09,53.43,33,17,79,2,-6.46,130,73,57.96,120,-1.08,135,-6.67,3.25,113,7,7.93,43.47,-12.82,-45,-15.09,16.87,110,136,-2.3
59,117,14.23,23.7,80,53.03,55,-24.91,53.22,10.73,141,-20.16,-29,72.25,27.95,43.33,41,19,44.62,143,-28,-4,-28,-24.3,7,110,66.51,16,116,118,67,143,141,-5.18,42.55,89,112,-5.86,68.18,75
18,140,133,-22.84,-7.36,5.5,30,37,38,-29,101,20.27,73.49,-7,38.61,78,27.43,55.08,101,138,2.05,23,56.53,121,-48,-25,55.66,-2,65,42,86,120,71.66,72,-15.65,18,31,-34,57.92,29.39
113,9.21,56.65,38,65.27,113,111,-32,52.48,-47,49.58,67,24.48,-11.73,62.4,116,-39,105,56.19,-37,20.59,69.86,14.48,-9.25,138,27.69,53.54,14,-17,54.65,-16,-46,-9.59,100,135,126,89,29,-4.32,30
-13,32,-45,70.44,-14,70.57,8.71,44.61,40.08,10,-24,9.92,-3.34,-5.29,-22,89,97,60.6,-10,4.97,18,-1.16,47.79,134,1.44,95,14,52,43.94,-3.29,60.05,70.85,-12.55,21.52,92,95,135,10.93,4.01,70
66.79,-21.51,70.09,148,-23.97,141,44.47,-2,93,135,-1.13,0,68.38,17.44,43,40,147,115,-3.12,77,106,33.82,-2.73,122,36,57,12,-49,64,91,101,10.59,37.42,30.86,51.04,14.66,115,61,40,9
78,7.41,139,43,148,70.15,7,17,91,-19,115,-44,48.85,19,125,-34,58,126,-9.88,-20,130,67,80,-7.4,17,-10.84,103,88,66.94,101,1.77,91,142,25,29.9,-47,-22,-0.88,54,7.27
142,-28,87,56.54,-23,19,74.27,23.58,147,54.89,16,103,134,111,26.27,-18.56,148,74,49.69,-50,136,88,-24.36,30,124,49,11.56,31,-36,53.78,23.44,52,-32,34,125,39.04,62.1,6.45,43.34,-26
5.82,61.03,23.4,129,-14.34,33.48,53.84,29.93,14.31,84,-33,59.6,-18.03,19,12.91,-12,85,62,144,66.84,63,60.9,64.4,148,-15.69,148,107,22.29,35.68,62,136,10.87,122,43,103,57.63,95,15.66,-3,29.71
9.4,0.16,-22,54.97,38.69,94,13.46,118,12.03,144,-35,-10.25,52.58,52.6,-38,-23.74,52.53,10,96,89,10.59,-21,6.45,-3,115,-33,68.59,-24.11,6,-35,57.1,29.1,-6.11,30.3,5,10.2,23.19,54.58,128,9
37,42.49,11,37.62,83,1,13.9,-12,-14.48,141,-23.01,27.67,60.22,-20,-1,2.96,12.69,-14,-7,87,67,134,67.25,88,58.2,123,-48,58.5,67,84,135,-1.56,106,-21,-47,40.47,52.62,117,95,1
80,-32,36.94,51.42,-27,48.98,110,107,128,-29,114,2.99,35,-13,148,-40,77,112,112,22.78,113,49,11,6,-11.05,-21,10,42.98,-30,-17,-45,-9.72,-5,65.75,39.61,115,45.17,-24,33.28,53.84
-24,55,36.86,-2.73,3.87,14.2,5.11,3.9,78,86,-13.66,-8.28,40.88,-5.2,118,61,130,71,-15.8,-26,37,33.91,-13.48,-46,67,-10.45,-14,137,141,-19,8.91,134,33.35,58.67,81,145,-20,60.15,102,14
18,12,65.95,40.71,57,93,51.94,63,54.6,53,-24,56.71,81,131,1.16,7.62,-0.43,-20.01,-17.89,69.24,83,123,97,59.94,69.58,144,134,75,32.97,137,19.16,102,26.86,114,-13,79,55,7.34,139,64
8,-42,9.8,2,61.56,122,-38,50,21,10,-13,54,137,51,52,26.83,119,111,36,26,64.15,73.46,35.25,-18.84,6,77,28.94,-14,39,39,109,44,41.34,60,108,50.95,38.08,74,113,-24
122,49,26.79,65.26,-16.36,-27,-10,5.52,-31,-16,4,8.68,-33,121,-24.6,41.99,116,68,40,-28,5,3,-24.07,60.3,44,22.69,87,45.8,54,-49,98,70,24,-23.6,-3.75,83,-31,41.77,70,16
-15.15,2.11,57,79,-7.86,-23.8,92,-7,4.71,128,49.47,13,-5.01,-23.45,96,137,88,9.71,120,-46,-0.23,2,37.59,142,42,27,-29,49.04,41.41,-20,51.28,44,5.84,115,52,7.32,-21.14,-49,28.88,48
-10.8,52.02,80,79,92,78,73,-6.8,0.43,-1.71,30.11,62.92,2.17,88,80,9,83,72,52,67.86,-27,19.89,35,146,-36,115,-23.78,6,5.84,48.51,-18.68,43,130,130,41.86,34,27.87,38.35,148,-34
96,0.6,42.33,26.85,16.22,-46,30.8,43.37,124,45.84,120,1.65,45,-3,-22.25,149,84,-49,36,61.84,25,66.29,-16.31,-1.53,22.56,65,62,-24.71,54.59,62.13,61,62.38,-15.15,-46,144,-49,29,-5,15,57
26.86,66.38,-32,21.37,47.66,24,-44,2.36,16.11,69.08,91,94,26.09,-0.7,-20.83,5,-2,17.5,54,102,103,92,-19,11.92,74.67,31.45,59.48,132,73.72,120,6.92,52,22,67.47,50,148,52,11.28,59.44,80
-21,81,28.18,-35,-27,51,148,-7.52,33.91,147,38,13,29.77,46.34,38.55,-19.1,142,135,5.64,25.9,27,-8.33,42.36,45.72,-17,45.11,-14,28,51.81,79,91,12.76,19.22,78,12,15.53,41,36,60.57,98
44.88,28,141,38.85,39,58.35,28.93,-28,68.59,-48,1.21,-10.36,53.83,37.45,53,-13.65,-47,102,4,-40,105,37.79,-18.73,30.69,133,33.13,10,-19,40.77,-22,89,-11,20,-1.35,54.44,114,-42,-0.87,144,35
-15,40.82,53.92,123,26.83,30,-20,100,5.75,57.39,86,-32,68,-9.47,-32,73.88,-32,52.84,102,46,-45,11,40,136,116,148,25.82,141,37.48,-20,-4.07,95,70.34,98,99,-39,43,34.69,137,71
97,-17.99,44,48,-15.23,134,6.19,-1.85,131,20,114,55.85,104,38.5,94,128,67.9,8.7,36.9,14,112,66,15,-13.29,-36,-40,54.73,68,-36,69.46,-6.83,118,97,35,-24.2,62.46,39,57,147,7.37
-27,22.45,-33,24.32,138,61.53,6.65,68.29,42.91,30.59,49.62,61,-4.04,-21,82,99,99,86,-12,61,80,94,107,8.13,16,20.97,64.64,3,104,17,38.32,60,-39,99,19,-6.46,70,124,39.46,-48
84,100,10.94,81,-13,122,20,54.82,42,114,70,-18.86,64,31.62,65,80,46.13,101,95,56,32.53,30,96,-45,-0.22,39.81,148,-20,37.34,-28,-16.81,5,-48,127,-36,106,20.58,-14,-19.89,10.27
124,70.73,3.23,24,28.82,-7.8,10,66.97,89,-49,48.16,62.61,23.94,53.19,24.89,-11,46.09,72,88,101,43,65,-1,6.01,34,54.1,72.24,132,-17,39.63,31.21,41.99,-8,7,87,104,-23.13,120,-16,111
24.6,66,95,21,100,8.35,1,40,72,59,-23,32.28,-19.95,-9,26.74,31.14,-2.83,31.28,29.63,-19.72,10,-23,-1,91,17.28,8.23,22.36,23,50.28,68.93,93,-5,93,92,-43,53.26,94,-31,146,107
-5,85,147,1.34,-23,26.04,43,0.76,65.69,48,50,61.14,98,38.54,-20,72.39,-13.34,-10.02,-35,20,139,-36,65.49,31.03,-4.79,21,3.9,-12,120,0.39,137,137,89,-19,39.46,28.01,69,-13.25,-36,72
69,53.61,-37,57,-22.84,63.01,36.82,44,60.34,149,-9,64.26,71.03,37.39,106,-48,109,84,81,-36,110,18,122,-4.66,-20.55,30.35,116,-0.8,146,-9,-23.09,-4.72,3.71,-24,20,48.94,-5.73,48.11,48.14,-11.13
136,134,-35,31,16,74.32,40.27,129,126,12.88,115,140,25.58,32.22,-44,16,53,-43,57.76,40.47,-9,56,-5.79,130,0,104,17,-3,43,-2.27,62,124,40.15,69,-24.12,45,-18.47,35,63,-8
-8.78,-6.58,44.8,43.32,-2,49,36.69,62.36,12.42,113,-39,142,31,16.24,121,108,45.51,51.54,93,-9.35,44.08,110,139,4.01,-19.01,30.79,-0.29,54.34,48,36,90,24,21,0,-14,-49,5.9,37,69,137
40.36,41.38,18,2,6.63,72.96,63.02,74,-2.56,-16.7,2.99,-1,-11.07,59.91,41,2,-38,-30,144,122,17,5.38,46.22,15,-48,41.95,123,67.05,-3,3.01,63,26,-9,42.89,36.3,-2.2,13.35,-12,8.88,-9.8
27.17,64,121,56,-47,61,134,-13,17,105,96,65.58,23.88,54.23,22.41,40,66.47,-34,54.48,7.2,149,3,124,59,121,29.05,8.7,51,85,-41,-20.8,17.96,122,-8.57,34,73.11,32,48,48.21,36.76
84,-14.21,28.41,62.98,21.66,-31,32,20.97,122,-4.76,72.83,-4,84,61.65,84,-14,-18,-37,5.56,67.18,135,82,141,50.06,84,23.23,14.07,10.37,141,58,-19.23,59.2,72,-48,45,50,102,24.19,-29,144
146,-34,-44,45.99,144,42.84,126,-45,-15.27,56.72,-1,-15,-13,85,19,-24.6,91,-14,-35,12.47,31,14.06,133,88,56,123,74.32,-44,54.7,120,52,-31,77,121,-17.91,48,125,42.57,-43,90
-10,-5,28.18,-23.14,68.18,-23,5.18,-7,-11,50.17,65.02,70,68.52,12.25,-0.56,104,62,-42,-10.78,30.83,-22.09,76,134,5.99,24,62,77,-5.12,29.27,13,-31,66.4,101,86,5.41,45,11,26.18,124,73
77,67.76,75,20,74.68,15,-37,1,53,-30,2.01,104,55,140,33.7,128,58.05,16.8,-4.42,40.94,0,6.52,-6.79,103,-45,118,68.36,125,21,-7,40.07,79,110,-19,57,-19.37,94,71.13,66,22.37
59.88,-14.59,2.72,119,9,35,-7.55,-37,-44,148,133,106,-22,-9,2.43,94,19,97,-21.78,73,79,-26,13.42,2,13.75,140,-5,67.81,-10.03,53.03,48.96,16,147,29.31,64,58,-13.88,129,57.16,93
45.58,10.41,147,1.9,34.03,132,54,123,-48,-23.22,-7.73,-20,19.97,30.62,60.65,75,121,-21,24,100,96,67,62.1,19,-4.77,111,-3.68,24.85,126,86,32.95,-19.43,-19,4.05,-11,9.49,100,-9.04,46.3,61
14,28.22,139,-40,39.35,10,56.27,126,114,111,51,44,23.14,17,48.38,-40,-30,62,101,14,-24,62.69,125,25,19,2.62,-1,51,72.29,59,132,7.14,0.83,-19.97,115,47,0.49,-49,4.95,48
77,-13,-6.61,88,52.3,95,80,66,-9.56,-25,77,94,76,-22.93,31.81,36,-38,147,-50,-29,41,95,139,45,80,49,121,17,117,49.6,111,127,58,-8.77,71.72,128,-2.99,19,71.19,-11
41.76,70.35,-47,8,-2.19,-18,99,-24,-9,-19.87,59.55,41.63,47.78,149,72,109,0.69,7.97,-27,50.3,-29,68.15,60,54,-3.69,127,52.84,19,70.69,13.68,-3.67,68,85,17.89,76,-20.12,92,95,-2.74,3
132,97,-2.15,-3.28,143,-3,-4,-38,109,74.5,144,-15.1,93,145,62,-14,27,-2.07,63.52,15.46,-0.44,-7.07,-5.89,102,137,-11,64,-23.72,76,40,-3,-1,-5.66,48.81,148,-49,53,-23.86,34.55,-3.14
1.12,44.29,1,24.23,82,6.26,8,69,-28,52,32.81,-40,29.94,10,70.36,53.54,61.02,96,109,65.46,-29,16.68,53.01,-36,72.83,-37,72,95,-23,48,61,7.22,-7.94,26.56,62.27,42.02,95,-1.36,-43,32.24
-5.53,-21.03,-2.47,78,44.46,50,-18.66,12,93,-24.15,-47,55,0,72,-23,48,8,73.08,29.43,58.69,39.64,18,47.45,141,36,52.8,93,56,-15.41,-32,9.67,136,-7,-27,-15.37,122,23.1,28.29,63,59.29
66,-14,60,-19,44,-33,63,75,38.13,149,-14.93,-13,102,35.28,-20,10.28,74,69.45,-0.01,4.23,52,7,39.22,46,-30,148,15.42,96,53.11,96,66.79,58.97,11,61.65,43.37,-22,73.82,-17.01,12,97
39,49,-4.22,-10,52.43,55,53.64,2.56,-20.85,118,78,26.01,8.2,51.15,74.41,28,-27,39.97,-7.81,24.82,66,-13.32,58,2.91,-13.39,133,54.26,2.91,76,7.83,73,24,109,48.54,105,110,100,-38,80,-49
65,105,78,121,8.47,16.29,1.06,128,8,72,54.1,15.4,63.94,-21,41.34,-8.46,0,-10,33,88,-50,-22.54,52.81,27.25,115,2.56,72.06,32.92,96,51,-4,14.95,52.55,-7,22.92,9.63,-6,1.63,-20,-30
130,-32,-10.32,67.52,68.4,-24,16.12,132,-45,-8,102,-0.34,13,121,-41,-12.36,-8.21,56.49,94,-35,25,73.93,95,100,0,29,43,13,-11,69,-35,-6,39.77,27.01,24.21,-45,62.42,-50,56.53,28
-20,113,45.96,83,79,-14.71,7,5.32,6.76,34,19,103,122,-5,-18.17,10.66,77,24,-14,3,94,46.25,12.92,22.32,17,49.19,-4,90,71.74,-44,38.8,-6,131,15.51,48,4.75,2.55,26,91,54
129,81,139,2.5,-43,138,44,136,63.63,22,44.56,115,64,35,-37,102,12.28,131,-34,35.51,102,19.68,115,65.99,68.61,88,17.25,92,-25,11,13.55,8.03,19.71,135,7.26,40.14,74.86,-18,18.38,115
64.38,29,113,-33,100,90,11.65,-23.58,67,74.54,-25,40.18,8,5.04,-9,117,79,-36,-23.02,40,-20.85,13,123,1.46,65,20,9,13,-47,38,11.6,68.62,14.93,129,8.46,73,18.2,22.86,0.56,4.02
74.22,70.55,-29,86,16.44,-23,54.4,121,13,59,-4.55,78,62,115,16.39,-24,16.14,63.13,35,33,11.73,-30,111,62.47,111,49.57,48,20.37,35.54,-25,4,1,-41,106,34,47.52,3.23,147,102,135
6,79,-27,-41,22,52,4,53.57,67.05,0,40,74.77,8.47,22,28.57,82,-19.47,-29,109,3.5,49,10,-5,18,57,146,-4.31,129,38.45,-16.33,58,67,113,62,40.5,148,48,89,44.41,22
7.95,-12,49.81,-11.91,86,57.9,-42,-28,-20.23,-9.92,25.2,131,121,65,133,45.29,0.14,109,-4.54,22.32,35.78,-6.56,63.42,75,60.55,-50,-28,-22.06,-25,66.37,10.62,-19.8,23.72,33,32.92,106,-24.55,31.71,114,46.24
16.52,2,15,-32,-17,-25,-42,6.58,77,-29,-12.48,34.99,-5.29,56.13,-4.28,11,15,89,113,57,0.62,7,73.81,-15.19,37,-19.97,61.9,-20,-31,28.65,12,70,-10,82,-23,23.59,-17.28,97,42.72,48
58.33,81,49.84,-22.68,47,23.48,17,76,87,10.78,5.53,29,32.39,54.58,143,120,127,109,19.93,23.73,118,10.97,-38,0.65,80,1,3.47,140,103,-11,10,-42,42,10.63,20,32,7,37.62,-33,62.58
-23.74,3.85,-30,-36,13.52,29.15,31,-8,1.03,73.38,107,87,89,64,129,69,87,15,10.34,-44,53.26,7,62,94,1,-43,12.99,-24.77,53.76,101,-6.41,48.84,64.07,45,-17.85,44,56.47,134,-47,19.15
-5.88,119,11.54,27,-4.31,29.3,-6.27,5,79,113,83,16,12.97,10.71,17.09,148,35,49,-23.32,57,95,76,-11.29,129,40.33,136,8,77,62.95,-12,-14.7,-3.41,81,-36,-21.28,14.41,92,-24,96,136
124,-20,60,0,10.91,49,-4,45,37,-18.11,-26,85,32,47.31,-19.89,87,26.08,111,72.2,101,63.26,102,144,116,112,16,14.3,-18.26,20.8,-36,83,45.83,-35,134,38.35,-2.17,41.41,45.45,63,17.9
-42,26.32,97,45.24,54,89,-9.2,73,70.98,-5.83,122,74.88,6.26,114,31.52,39.24,13.07,-23.29,8.03,13,106,-20,99,48,1,-7,109,-11.68,52,54,140,13.98,20.8,25.96,70,98,32,-20.06,20.03,4
-5,70.67,73,10,29,31,-17.87,80,66.97,13,123,-16.6,68,-35,6,73.38,65.51,-9,37,-20.63,109,90,62.73,74.77,81,148,123,-17,18,55,71.45,20.34,62.22,142,40.54,21.4,17.9,117,12.15,7.43
27,35.61,124,-20.73,129,105,-22.97,72.1,63.44,-34,73,74,86,0.11,68,7,48,42.6,24.67,57,-13.97,43.2,-19.71,-6,49.79,-19.81,-31,-38,2.23,107,-30,-17,27,122,-41,-6,121,18,-13,43.05
116,111,-19,-1,126,115,59.9,30.47,40.58,-4,-17.04,-23,147,-4.65,84,135,85,-10.15,131,-2.37,111,66.08,3.75,20.35,72,15,48,81,-11.38,-11,137,18.17,-49,86,36,7.7,33.85,25.3,58,-14
-17.58,44.69,96,143,102,-24.03,105,46,-32,-24,-18.13,33.16,21.91,85,15.59,131,35,45.57,18,-15.23,50,12,66,49,5,60.22,107,-25,-1,46,113,68.51,90,143,75,125,89,147,29.45,119
55,-8.68,21,77,64,-42,6,13.03,45.95,68.75,33.55,38,73,-26,12.82,92,131,16,37,4.35,11,5.19,58.7,61.09,5.12,126,148,22,74,76,-10.11,-11,102,19.93,91,74.71,103,43.41,24,52.99
41,51,-27,103,-6,80,8,2,47.41,5.04,1.59,44.01,39,43,-24.94,49.69,4.96,140,18,131,22.39,27.14,75,94,32.06,105,14.69,43.49,-39,17,110,-8,59,-26,-19,27.32,-28,35.39,118,-5.71
15,69.73,135,-23,47,-6,47.85,59,35,95,-34,-23,-40,45.83,-41,17,31.2,118,48.39,70.69,-8.49,52.4,41.87,66,19,-16,-9,32.85,51,-13,-19,7.4,145,39.05,49,10,12.63,71.97,-3,48.3
-27,122,14.42,128,-31,-15,57,60.04,-15,0.54,74,-22,3.93,6.62,44,-19,137,48,2.73,-15.94,25.93,35,124,105,10.02,127,117,65.24,-31,50.16,-7.18,77,22.15,9,53,33.67,9,25,-12.32,18.11
88,70.61,39.3,71.51,93,66,-43,7.74,105,30,55.77,-14.74,22.1,109,41.74,72,27.19,25,49,30,-7.67,125,-3.34,17,4.48,99,-7.8,126,15.32,11.13,138,23,24.65,124,-23.24,134,97,38.13,10,22
51,33.72,14.22,5.21,1,34,10,-8,123,119,16.82,29.56,-23.81,3,72.65,98,36.93,76,38.47,-36,92,-9,-8,8.74,145,117,13,101,33.62,-8.3,79,27,87,112,85,26.56,130,32.02,69.95,52
38.85,-7,44,-8.99,73,44,-26,17,54,-24,37,-33,148,29,-17,22.43,89,39,-24.33,54.21,52.14,69,60,12,133,74,21,-49,-24.54,-27,111,53.19,79,105,134,-13.87,-38,130,43.57,64
-46,49,-5.05,51.14,30,126,14.77,5,70,44,74.35,24.04,67,18.54,57,91,121,78,71,96,54,102,10.47,3,-20,36.05,-49,36,10.27,57,90,127,96,-10.82,32.81,45,-37,8,-39,15.31
88,-32,6,16.33,-46,53.1,121,18.09,65.15,-19.98,58.7,7,5.86,7,138,15,72,-18.05,99,-15.39,50,73.83,138,35,148,-9,101,47,67,17.81,27,148,35.77,15,73.46,139,119,102,-24,-25
-20.21,62.08,-3.93,53.3,29,-17.96,-0.93,149,57.63,78,113,-2.01,107,142,-19,79,147,59,-21,47.32,134,-2,84,-10,-11,27,128,128,15.58,20,103,-4,21,-40,94,-9.41,70,25.74,65,12.86
109,2,58.31,8,54,89,47.08,22.75,141,-34,-40,-37,-13.33,-47,14.49,-12.31,98,45.96,31,33.25,40,84,33,65,56.94,93,45.72,34.56,-36,47.65,-24.93,143,-6,19.45,-22.96,67.01,0.4,-47,-41,-44
74.23,-3,77,7,77,11.36,-41,-7,0.77,12.24,63,-25,32.57,27.33,81,22.52,12.76,136,-1,99,42.59,17.2,70.49,-15.34,55,5,-39,-21,-19.76,6,11.79,53,-10.47,118,41,-10.91,37,95,35.51,74
16,86,131,13.1,-0.28,46.9,140,1,91,-20.38,-1.28,73.94,18.19,65.56,-29,92,-14.68,-9,21.43,36.35,-14.19,104,-34,-23.58,54.52,63.3,-32,-34,120,29,-15.71,27,51.41,-26,56.64,108,137,144,22.45,-35
72.79,71,0.24,9,30,78,57,25.52,21.65,32,71,60,-27,9.72,-3.12,-43,101,-25,32.76,122,-0.84,-10,4,26,-14.36,99,32.7,-24,21,3.87,-12,20.4,82,61.14,84,-18,63,94,-35,-12.36
-0.99,62,66.67,-13.83,-7,62,118,-22.27,131,41.13,77,104,67,14.29,126,-19.34,80,21.32,41.43,63.95,55.7,11.33,136,75,12.62,19.19,3.44,-1.6,27,-11.37,34.41,6.61,6.29,85,44,24,17.66,49,44.22,5
108,95,42.68,-26,67,22,64,44.3,60.07,14,6,35.33,-17.02,109,61.88,94,46.43,58,-10.56,82,-9.42,-35,-49,8,-26,126,116,65.15,2,18,139,18.39,-14,123,-9.46,80,-12.88,-15.26,0.1,40.89
94,-22,141,64.07,-5,-17.79,25,5,69.41,143,-9,8.21,123,3.37,5.29,-2.56,91,79,33,135,-9.66,9.07,-14,64,48,-19,62,38.5,-13.73,60.68,-1.42,129,68,50.58,53.41,75,62,29,12,53.92
-12,69.84,-5.1,78,-18.77,91,-26,135,-7,25,-11.29,62,144,113,13,45,64.62,86,19,32.88,124,81,24,114,25,45,112,70.08,60.46,-22,68,30.89,120,41.69,-21.76,10,31,99,71,27
24.72,144,-2,-13.56,93,-12,69.76,2.66,123,-13,70.62,-23.8,102,27,115,39.4,35,144,12.8,23.27,46,83,103,-7,-19,62.21,60,11.17,-18,-36,43,73,14,70,113,-8.35,-42,46,40.01,1
122,-30,49.68,55,47,10.81,15,-46,-10.87,139,61,5,-7,117,62.15,90,130,71,17,57.96,143,33,135,80,94,23.66,9.49,95,12.12,41,45,45.06,103,37.39,119,3,-45,-13.64,-8.13,-17.87
47,118,-11.41,52.94,-23,131,29.14,-10.71,39.33,6,146,-13,65,46.06,-9.18,9.36,41.39,78,-18,34,132,42.5,-15.96,134,120,70.96,5.36,-7,57,84,-15,-10,-4.4,120,109,106,1.1,11.22,17,-7.77
97,-22,65.56,32.02,68,17,51.94,42,52.62,72.2,130,145,64,4.31,10.88,137,-47,58.93,98,-9.12,-13.75,7.8,114,-10,95,61.03,60.63,126,92,30,7,14,-46,63.59,24.21,-44,79,42.28,75,-16.15
-7.76,72,9,-3.79,21.96,2.83,32,-27,139,118,23.87,140,-44,50,-9,21.41,-13.28,22.24,41.91,63.11,56.35,0.14,28.12,50,64.14,52,111,-11.48,28,-44,74,89,-7.74,99,1,-21,149,-9,63.32,-22.5
0.16,33.62,20,121,130,-8,134,-17.87,11,43,52,30.59,52.06,5.33,121,3,-22.44,2,59,93,25.44,24.39,73,10,39.26,-17.38,-6.14,30,5.66,132,30.53,24,42,58,37.01,54,18.63,73,-38,125
-23.49,-19,135,33.79,-49,144,-39,59.51,61,-32,40.82,7.37,97,27,-5.03,146,53.47,28,-17.53,5.83,51,32,134,86,53,-6.65,53,-3.63,71.67,56.23,-11,35,-36,54,-8,106,126,149,-27,69
-13,24,148,107,4.5,65.38,113,31,144,5,31.98,6,108,32.7,63.88,50.01,97,57,73.66,67,5,28.73,20,-18.53,36.8,97,79,142,88,40.78,6,51.38,54,46.1,113,1,-15.23,42,-4.91,60.56
71,-49,88,2.47,37.96,34,52.95,146,30.56,67,13.66,65,105,20.8,-27,-50,47,-1.21,149,-4.57,73,-22.82,13,-15.88,129,58,-9,71,24,22,22.11,-28,34.48,-0.71,41,104,47,138,-22.15,147
33,-19.22,40.57,129,64,94,5,63.01,59,0,73.59,143,61.74,-39,-22.45,65.48,5,109,-16,12,21.68,111,-49,9,119,92,39,44,11.81,37.92,17,26.66,-28,-4,-1.15,106,59.05,82,101,-5.56
-8.31,126,-11.19,-17,6.08,123,30.08,80,140,32.2,50,-8,-50,137,65.53,25.54,120,122,-0.86,86,96,51.67,-9,104,44.31,-39,90,10.23,83,-15,-10,105,135,60.54,67.38,3.01,23.05,23.94,41,113
1.7,36,65.73,-1,100,36,100,-38,27.12,56,110,-1.72,3,4.59,-10.96,58.52,-24,10.24,122,14,-23.39,-5,127,86,46.42,39,108,22,0.93,-6,98,8,-50,138,-11,23,88,-13.94,-42,63.86
20.33,12,-21,73.64,56.22,147,110,-23.81,35,123,-16.8,21.04,140,15.07,56,-0.11,-43,47.87,-21.33,41,103,67,138,28,-12,-33,3.49,20.74,-4,-36,20,15.71,28.61,139,24,-4.69,56,-5,71,91
1.56,35.31,31.37,-30,113,7,94,97,140,-11,-18,37.34,-48,82,-17.66,-8.34,95,111,64.23,-36,-22.65,103,20.87,-0.41,15,42.24,116,-21.03,42.24,92,-37,113,-15,23.9,54.75,133,100,18.58,70.13,34
120,-44,34.81,51.59,117,85,47.6,-20,8.38,-49,82,38,-5.68,66.48,129,-22.01,114,29,-15.11,-15,72,44.75,-9.47,39,40.31,-39,136,-43,116,8.75,51,50.06,22,68,-48,108,-18,47,124,34.5
-24.58,-24.15,63,-7,123,-17,139,29,81,-29,73.33,25.42,95,57,62.26,-23.38,38.95,9,38.58,24.78,86,94,67.42,85,117,21,72,94,-27,-0.4,-0.07,3.19,73,113,79,47,47.72,-45,112,2
1.12,69.15,67,66,20.99,36.22,-17.23,-18.6,-6.35,32,97,48.23,74.02,113,104,68.36,-38,85,-5,-6.2,105,-21.67,79,36.98,25.91,11,107,7,-14.46,6.69,98,125,40,-43,25,46.81,115,38.28,-43,25
-15,8,-8.83,-17.6,91,67.68,-33,-13,38,-14,-8,57.02,-27,21,113,61,38,41,-38,8.35,79,112,146,136,143,-41,-39,34,-12,4.85,44.24,91,-23.98,40.09,60.79,70.19,76,-41,-26,55.49
112,-30,50.47,-7.81,147,1.64,134,-37,118,58.07,-48,2,19.24,50,40.29,-38,-17.97,68.2,125,9.91,146,18.06,6.9,-5.29,61,-34,38.94,8.38,111,70,39.69,-8,-8.85,9.66,34.97,-16,42,65.75,116,109
17.9,-9.67,58.75,14.35,34,19.43,15.24,36,68,10,-5,-18.19,-13.68,-32,26.53,91,94,49,37.2,-14.39,33.02,80,57,72,71.41,55.58,36.27,135,91,52,71.11,13.2,116,59.72,55,87,57,57,6.18,-45
65,106,79,57.4,84,30.48,25,44.53,14.8,84,54,39.08,141,58,21.22,-16,-21,38,61,16.66,99,57.53,-6,-22.93,-37,53,96,146,99,62.38,-9.45,-20,11,-29,-45,0,-18,47,23.62,55.66
-24.01,89,97,146,-0.82,54.29,-5,12.46,-13.53,-16,138,-1,62.08,106,6.51,-23.79,46,68.37,73.56,65.38,56.13,-22.17,138,39,146,25,110,-18.65,3.6,64.4,-43,72,74.26,52.78,134,-3,-27,39.69,142,50.21
63.69,61.89,113,1,82,26.56,77,-5.85,71.6,-12.26,135,58,22,-8,-13,30.98,117,6,34.23,-4,-23.96,-20.45,116,64.05,6,63.89,45,-38,72.8,90,63.22,2,33.17,24,141,63.09,86,-42,53,19.74
6.23,59,23,32,7.81,91,42.41,56,28,53.55,-15,-23,52.4,131,1,67.6,-4.18,123,54.33,14,117,-2.86,-4.85,-16,67.38,-10,70.05,-4.11,32,53.71,64,-1,65.23,28.4,11,13.17,144,66.69,117,-17.68
48.53,109,1.59,21,11.07,-16.94,-20.13,-3,64.47,-30,-23.33,6.62,54.23,53.16,1.56,25.23,48.97,-3.04,-5,51,142,18,31.35,50,70,29.22,18,4,15.48,-2.95,16.08,38,139,91,56.97,56,56,68.48,34,134
-49,-23.32,34.18,54.04,-12,0,71,56.93,66,21.15,16.03,72,-13,30,-6,21,-24.67,-15.5,54,48.43,137,55,40.15,48.81,66.25,133,105,25.76,-6.95,22,76,-15,-14.84,62,-1,136,49,63.71,-7,71.79
-36,102,120,133,66.5,41.7,-20.38,138,111,-2.63,11,122,120,22,22,72,10.11,54,-10.26,136,-21,-14,45.69,43,99,36,25.77,36.29,125,-11,43,129,1,135,83,108,-38,15.74,78,-16
28,51.24,121,-31,66,110,0,100,84,12,95,47,67.37,112,-17,-26,6.35,82,127,138,37,76,50.6,0,95,130,134,73,-34,52.12,114,123,42.62,39.91,85,64,-11,31.26,136,-16
-1,-24.05,60,142,19.07,-9.42,13.85,-1.94,41,17,113,14.43,42,-35,-12,23.1,-20,16.96,117,97,-3.01,13,82,75,62.81,0.67,14.57,-5.02,2,44,36.56,68.52,-45,-16,34.44,-26,80,-24.72,-11.92,-22.68
40,70,-10,101,17,31.79,1.04,64.4,5.14,18,36.5,21.39,-28,14.36,-7.31,148,-48,26.51,-20.5,32.43,115,36,140,-3,-5,127,-44,25.82,7.28,20.49,2.65,13.02,139,48,136,137,124,99,99,148
44,68.66,20.35,2.8,54,40.95,-35,43.94,-7.08,-1.56,19.97,0,122,-46,-24.84,68,91,-19.01,122,-32,16.9,50,3,-45,66.79,-22,74,56.24,52,15.46,0,34.89,-15.6,-21,24.98,-3.35,66.57,77,87,26
61.33,-20,55.24,42.81,-28,72.57,45,110,132,54,-13.27,75,7,3.65,-25,43,1,85,56.08,-40,146,-47,56.8,-9,47.86,100,-24,-3.55,-5,69.81,-16,39.12,22.09,68.66,67.88,-25,26,-24,71.75,10
105,47,127,-47,33,132,7.58,96,-15,66.18,-1.88,-4.95,-17,74,-3.18,19.6,113,63,1.58,9,-5,34.27,24,-33,136,134,57,20,14.51,74.45,24.56,-17.48,37.16,19.17,19,70.73,74.27,-17,39.27,-6.64
38.96,78,28.95,14.62,114,79,-34,-46,9,11.12,78,73,35,-22,-43,104,-36,60,11.62,67.6,-16,-41,90,134,24,20,21,147,58.37,-33,112,-26,-44,37,145,83,-27,42.22,20,61
74,18.4,-11.26,58.61,81,146,-6.72,-14,-14.62,98,26.71,2.88,100,146,20,89,2,13,121,66.56,0,130,-49,36.23,137,14,45,22,-35,102,124,60,27,123,140,115,-11,-0.83,-43,105
111,87,20.75,68.74,-4,-0.83,103,73.41,44.57,-22,142,148,47.26,27,71,4,4,-36,10.83,16,-38,7.21,48,37.6,-2,74.1,86,-39,53.68,13.71,49.91,23,104,-6,45.98,-24,21.66,21.31,-48,-18
9,65.26,56.98,42.91,40.9,-25,73.55,-7,83,13.59,61,104,13,-18.75,26.05,-38,113,148,62.9,114,43,43.86,34.36,1,45.38,42.04,125,74.82,27.7,74,19,30,19.56,132,149,38.15,43,97,45,53.88
108,38.05,106,73.71,18.26,109,8.5,2.82,-13.75,27.47,26.61,-42,12.48,41.87,67,7.17,-10.92,94,3,-27,4,-16.65,-34,95,71.28,135,34.87,139,74.54,127,-13.68,-10.78,-15.65,29,127,-22.37,61.09,31,-21.78,134
72,-45,115,-47,-3.89,60,-5,111,48.41,35,89,25.59,146,144,-48,76,14,-6.24,-2.3,-38,-30,6,-40,130,-35,-0.36,-25,141,-20.16,62,-17.6,147,35.23,-46,36,66.67,72.89,40.16,-5.26,-10.23
-44,6,37,144,37.5,149,106,-16,64.69,-21.39,43.63,68.75,72,-32,48.43,60.61,75,58,149,-16.34,-46,18,-15,30.62,-18.92,138,2.87,44.87,103,-3,4,22.21,129,-6,14,46.93,-49,36.76,65.74,7.87
-21,120,84,-21,40.57,54.8,50,116,-25,82,-6.05,-39,36.54,58.26,-7,98,137,-1,2,-17,-2,-9.98,-37,86,83,64.33,112,38.59,-23,37.28,-10.66,22.52,7,69,-11,91,148,-45,-1.48,52
34.59,29.09,47,61.28,40,-12.31,64,-1,60,-50,23,-4.72,10.45,24,88,60,46,1.83,-7.19,-15.92,73,-15.72,9.92,3.27,114,34.65,114,131,83,63,97,24,69.21,62.54,70.97,20.86,148,143,7.17,40
-15.41,3,64.29,-4,132,142,-18,58.33,117,53.66,54.57,-0.42,4,70.88,-1,67,-17.61,20.39,-2,95,66,-14,38.9,58,-41,68,94,14,-8,117,110,-35,84,59.07,122,69.97,-48,11,11,-48
46,117,36.41,147,54,66.89,79,-11.75,118,38.65,133,133,113,41.82,40,-4.48,63.27,132,-33,119,21.29,4.76,66,34.78,57.65,31,79,69.16,113,-36,-37,64.44,8.45,-6,69.94,-32,27.59,48,-16.12,117
20,63.8,27,37.26,136,27.14,-11.48,68.2,94,40.06,149,-29,56.65,4.63,137,123,145,42.36,64.18,-50,-18,-12.14,17.49,53.36,142,39.69,57,83,74.26,71.88,66,81,5.71,129,23.95,146,60,34,40.37,52.27
10,-15.14,12.98,28.96,40.12,-36,50,97,60,95,-28,46.35,62,24.69,37.62,35,58.21,-11.01,118,20.63,129,61.43,139,54,47.53,126,-15.5,-4.91,-17,-48,104,36.43,35,19.13,19,49.04,36.27,14.76,-8,92
103,67.94,122,126,-19,108,30.07,49,27.01,73,53.62,57.52,31.42,17.21,29.77,33.34,138,37.62,34.57,24,132,8.44,149,111,-8,75,35.63,19,83,72,51.36,-8.65,-6,52,19.66,30,28.25,110,-9,-40
145,50.52,48.46,8,15.53,13.49,132,29.15,18,10.06,-8,70.19,135,20,1,-36,15,50.13,52,36.64,46.12,-11.82,3,64,-11.8,-34,-24,12,42,67,12,32,39,135,20,120,80,56.68,0.49,124
83,51.87,18.89,-43,9.25,55,57.27,145,55.16,66.08,74.11,-40,-17.66,72.23,116,35.75,141,-15,84,-18,19,10.98,133,-22.87,40.8,131,72,24,-46,33.47,21,132,-35,112,149,45,-17.33,36,2,-5.08
-37,40.63,-5.97,100,24.41,55,-18,0,73,-16.83,132,112,149,47.72,62.89,140,61.22,-15.36,82,-2.82,33,32.65,-0.06,17.96,1,117,7.8,147,79,117,55.07,147,80,47.79,18.81,9.76,107,97,59.37,31.72
54,2.12,111,6.67,18.02,15,55,26,-43,-26,21,63.61,53.52,2,110,-16,45.25,70.71,-33,80,137,6,144,20,72.55,-27,47.22,64.42,18,39.92,34,129,33,34,87,122,38.61,47.79,-3,116
-15,-36,149,21,70,120,49,1,121,15.77,71.32,65,46.68,-19,19.13,31.68,42.47,27,61,-22.33,-19.06,90,2,91,66.13,-37,55.69,103,52.63,80,69.88,-20,36.01,-24.35,52.42,-21.41,36,55.04,48,67
-44,-48,111,14.29,58,51,5,-19,35,93,3,-1,139,-1.1,20,32.02,132,-34,59.91,121,44.17,75,32.05,-25,22,136,-15.61,110,-8,-17.11,-42,-26,16.11,-32,42,-18.66,5.91,71,31.25,89
53.38,104,-10.27,129,29,65.92,78,-18.81,20,49,68,51,21.69,1,43,145,119,10.89,36.77,-8.32,-23.99,53.59,36.47,51,31,44,112,27,4.3,-8.24,-17.45,28.67,-24.48,-14.13,-14,-1,-16,56,-4.81,65
77,38.12,73.02,-13.08,25,81,7,-18.77,-0.92,14.47,-11,-36,70.45,9,-16.44,134,50,19,-22,120,31,-46,113,125,73,62.14,35.28,-47,-20,53,-27,11.76,-9.06,47.59,33,118,64,40,21,90
-37,123,39.87,42.24,20,123,-21,99,89,14.03,9.58,53,55,62.04,72.31,139,7.66,122,138,3,32,-6,-9.32,65.45,66,25.18,71,64,-40,23.25,-11,26,112,9.3,44.01,34.68,121,106,-26,85
-35,39.2,57.9,62,-31,0.93,-21.69,26.42,43.37,-12.52,20,-24.4,-32,142,27.03,36,-6.52,86,50,66.27,16.6,46,102,0.08,21,13.34,22.18,2.82,69,5,18,68.2,19,135,121,57,-8.9,91,32.28,47.46
43.26,-18.71,21.66,85,32,29,136,77,-39,106,12.65,9,36,32,39,34.78,-49,-40,82,26,63,34.66,93,-27,-24,7.86,49,63.51,-23,41,79,115,52.64,63.71,40,49.05,130,99,-37,60.03
-12,62,36.88,23.46,-27,116,49,20.98,98,-27,121,96,-12.84,-18,-9,107,146,126,72.34,-9.07,37.09,-11,-22.3,24.6,65,-29,-16,62.59,18.6,-26,-44,74.72,57.05,48.21,141,47.36,-0.3,109,-36,56
31,5.09,-17.13,29,-2.39,-28,90,64,-3.62,129,143,-33,145,107,35,32.44,140,-49,-29,-30,107,-5,19.77,135,38.2,112,122,68.5,23.84,78,47.07,45.6,-1.61,-30,14,16.76,148,7.22,52,136
34.88,38,132,-1,130,130,-39,-22.88,103,16.18,-48,3,47,52.29,-3,51.12,17,-10.4,2.11,35.05,-24,101,89,99,-7.91,12.19,109,102,38.57,39,11.1,-7,-11,82,-23.06,129,50.34,34.41,9,90
-23.33,74,-44,-8.36,-2,13,66.18,62.35,107,41,23,-2.57,23.89,56.8,124,12,128,-15.07,78,99,1,15.67,93,48.13,76,-35,71.08,41.79,126,-31,43.73,71.15,113,84,119,18.72,95,64.88,72.89,-30
101,-50,61.56,21.41,55.28,-4,-8.29,139,-5,126,105,46,32,-23.82,19,-17.39,59,-1.93,-19.95,67.58,40.8,39.12,42,-15.51,111,33.7,38.62,124,-24,59.98,48,-24,94,106,38.74,15.26,-10,49,13.82,19.17
9,47,-1.1,128,41,19.92,56.42,-12,44,35.06,35.12,-26,56,50.63,35.02,51,57,-7.57,65.53,9,-17,-19,-8.32,90,73.27,74.53,-46,-23.22,4,107,-21.39,106,116,27.6,22.62,130,-46,43.44,16.74,-31
127,134,53,116,-24,-2,50,72,5.87,-19.21,-34,4,146,25.73,-47,63,-0.65,-8,-24.09,-0.02,84,36.83,54.04,8.36,26,25,72,5,-20.68,46,-14.67,4.28,-19.28,-3.14,143,41.64,31,41.15,-15.47,67
124,134,25,-19.5,17.19,148,-40,-17.99,145,-25,-21,-10.21,66,40,1.39,8.8,8.72,125,115,125,-22,30.59,144,55.06,4.64,62.9,-23,125,21.94,124,-5.12,4.73,61.77,-10,114,130,125,-14.36,45,-4.59
-16.73,88,148,120,-49,66.69,-35,20.29,-3,-9,14.79,-32,-15.99,8.29,139,-5.17,41.32,-24.67,-7.67,22,15,1.21,63,-46,82,-37,128,27.48,1,-16,-22,74,54,-37,138,54.94,34,123,130,-22.35
140,19,123,107,-20.8,-48,13.69,6.35,39.48,36,15,53.57,139,105,34.03,46,-21,80,82,8.94,-19.82,-29,-36,8.62,11.62,34.58,-33,-45,120,52.08,132,58.32,10,-34,-1,-16.8,143,76,23,-30
90,44.54,10,25,45,-45,105,-10,-13.21,43,16.23,-13.32,105,16,46.62,67,114,-12.86,66.11,19.32,94,62.39,118,-19.07,136,-26,121,-42,117,65,62.69,60.34,126,14,-49,-25,49.96,-14.23,104,54.05
-22,86,54.2,91,-43,23.69,33.72,-10.26,68.21,58,40.47,140,86,38,68.88,14.58,142,91,50.14,-8.52,133,40,37.51,55.99,52.33,144,69,145,140,51.31,-49,15,66,77,63.53,73,-35,-40,31.37,55
-35,56,143,134,100,-3.21,34,66.03,7.87,4,135,122,44,9.21,-28,71,24.79,-24.38,23,23,-48,86,-2.23,117,11.22,16,40.45,65.5,-9.94,134,49.78,-12.09,88,79,37,68.95,-21.72,-13,5.79,104
71.62,61.13,49,73,63,-48,103,6,4.79,133,25.04,15,35,53.04,26,-2.55,109,-4,45.69,46.83,35,65.91,50,19,131,46,-50,10.55,119,59.85,27.49,-11.47,75,60,-48,72,63,23.71,31,132
73.47,144,82,-6.49,25,13.06,-45,-13.19,-24.5,45,12,-16.44,95,26,-0.24,-20,52.93,103,-6.59,78,-20.31,48.22,-19.32,120,69.35,17,-44,27,32.29,-2,18,90,37.24,35.11,-42,32.09,147,63.33,83,-13.96
138,130,52.26,131,109,110,10,-24,22,107,62.77,45,-10.11,53.18,-1.93,34,105,15.56,15.73,-23.79,-8.73,20.68,13.21,24.79,-21,-38,22.55,140,61,-13.71,-7.78,55,124,70.77,53,-15.4,111,122,-24,-42
22,139,2.2,64.66,88,15,22,-14.52,-12,-22.82,99,54.73,41.81,109,-32,21,74,-9,50.48,-1.58,-48,109,60.05,6.92,58.9,48.12,40,-11.26,125,87,-48,118,65,-0.57,-2,61.9,69.17,51.59,65.6,55.35
42.71,67.59,-42,-11.02,52,40.88,-6,145,-2,-1.73,35,50.96,123,-15.03,-2,38.94,-28,130,88,3,52.76,30.14,98,103,-40,85,63,-16.93,74.32,148,-1.44,36,54.93,-14.27,23.11,-46,101,-9.06,139,48
67,10,122,11.56,-48,3,97,-40,29.72,149,30.62,4.6,-1.32,2.02,23,-50,77,-16.08,17.85,-37,29,68.98,12.17,34,-49,-13.47,116,-1,139,36.89,15.92,-7.77,6.32,135,38,45,96,76,101,70.28
103,148,55,6.86,6.5,40,9.03,18,-15.61,-8,61.39,32,23,129,115,13.04,53.93,-14,13.48,5.58,32,42.39,108,-33,42.2,26.4,41,46,10,55.78,81,-46,96,49.16,19.58,-5.51,60,31,110,55
-17,-0.28,16,-42,42.12,-6.16,-2.16,50,66.73,-7.33,59,24,57,-10,87,128,23.61,73,54.74,44,1.29,75,27,-21.31,130,30.44,42,17,-1.89,85,13,-21.61,2.4,-6.48,-39,28,60.94,31,7,-23.64
45,69.84,-19.34,63.93,95,123,-46,40.81,24,-6,75,111,-0.58,103,50.81,-7,50.64,130,58,83,47.96,44,6,21.71,-23.11,-11.21,18.64,149,35,95,-42,55.27,35,-25,10.85,-17,-32,120,102,86
0.62,39.33,138,10,74.68,136,-22.62,123,39,-26,125,69.2,117,62,29.3,28.33,70,-12,99,15.8,100,87,-1.76,38,73.9,0.53,88,57.9,105,111,134,53,-3,65,17,40.35,-23.58,121,-3,65
40.5,76,52.92,19,-6.07,69,-49,-46,63,57.51,35,74.32,-11,-8.11,51,58,-45,118,54,34,147,121,58,-24,52.11,-48,12.81,29,-7.07,-49,49.76,-2,-1.13,86,58,25.89,70.12,59,148,64.04
-16,8.53,53.33,27,86,-20.11,69.22,10.18,-12.7,-9.42,17.38,-12,-16.64,102,81,30,130,71.8,-42,28,43.21,-47,-22,-21,105,12,50.37,36,-35,79,92,148,24.48,148,26.24,88,-5.95,-18.73,37,134
103,89,12.01,-18,146,23.5,-14,67,13.31,149,44,-25,107,-27,-4.58,121,147,16.56,41.43,54.5,9,-20.01,119,8.72,-4,-21,38.39,120,26.18,87,53,62.9,57,73.49,85,-1.42,117,-7.04,-0.66,23.49
77,3.12,-46,-12,37,-44,37.5,124,49.21,-5.29,0.88,68,-33,-31,120,113,52.67,-15,18,63.14,18,51.09,-7.84,99,-31,-2,121,20.08,90,63,27.95,142,2,-39,75,-47,143,-36,62.85,68.07
44.3,99,39.66,136,-14,22.93,34,43.26,25,145,56,125,122,66,-17,-11.02,34,4,0,111,38,119,123,19,72.75,16.13,10,33.63,81,-7,1,42.26,71.81,22.79,-12.41,63.79,24,1.14,15,54.72
-14,88,123,16.15,-0.17,62.26,65,136,-3.71,-17.89,102,24.72,15,3.85,142,39,39,0,109,-10.85,66.2,33.21,39,-5,55,22,33.14,30.86,138,-41,50,133,-14,-0.32,8.5,74.84,70,59.48,92,113
73,41.17,-50,71.06,42.77,2.98,8,116,72,-22,141,14.76,-18.87,-46,2.32,142,-42,-16.64,61,-23.47,128,97,27.24,52.41,10,22.68,4.45,86,59,-11.19,41,68.93,5,66.25,90,136,-3,121,70.03,129
47.58,-48,142,42.3,28,2.99,22,-40,-13,-18.25,111,57,-8.81,15.86,75,-14.62,25,31,-22.62,75,30.56,12.34,28,20,5.8,136,-4.93,111,-24.5,-25,72,127,27,28.44,33,46.77,130,20.46,11,11.31
-14,50,-17,4,38,70.68,-42,75,113,2,51.43,42.34,31.5,99,66,-34,63.24,1.14,-21.63,43,4.95,62.99,106,-2.27,-28,116,63.64,8.16,51,21.68,43,122,16,58.56,61,49.6,-17.08,51.46,22,76
-15.85,57.9,-46,18.27,20.37,23.68,37.74,69.66,-19,35.28,22,-12,64,32,70,125,45,35,9.42,79,-20,123,-30,60.55,54,40,-33,113,41.09,10.87,58.74,28,24,97,35,41.26,-15,59,13.06,-34
30.08,135,27,58.87,-13,13,70,25,-41,81,48.05,38,-12.97,115,9,27,112,37,30.21,111,-14.27,9.86,63,92,5.68,62,7.8,113,-2.76,93,65.14,34,34.15,-47,-37,107,23.13,144,134,-44
59,149,77,68.09,1.51,21.07,-30,-5.22,20,3,72,-6,104,-15,13.95,-5.53,-18.83,32,58,0.15,52,62.18,-49,-48,133,122,68.97,121,34,66.96,2.53,-27,32.01,142,48.6,26,55.03,69,49.28,40
-3.85,66,-34,100,57,79,148,31,22,137,89,10,-27,38,-23.71,16.7,23,-2,50.81,145,13.64,-11.62,-6,4,64.17,-42,-5.68,-22.37,35,9,-22,72,0.75,57,30,0.32,-16.93,12.51,28,10
32.49,0.39,50.44,18,128,18.87,117,15.59,-18.83,30,9,76,22.85,129,-14.68,38.39,1,-12.19,-13.54,-46,24,-0.92,-10.26,-19.23,87,17.19,11.06,50,125,147,-11.62,73,125,40,63.52,-3.46,145,26.17,137,22.82
57,43,120,100,-3,5,15,71,21,-7,69.02,22.37,29.88,66,-18,54,125,139,-41,58.7,36,67.62,128,125,34.54,145,82,-15.42,16,143,131,17,142,39.38,57.41,139,120,138,138,13
138,42,31.49,-1,29.8,61.94,-4,60.8,100,95,71,-46,8.89,41,-23,90,-18.69,11,48,-47,3.52,40.89,72.17,-4.41,60.52,11,68.86,96,58,130,115,68,38.04,95,34,44,-19.78,7,41,20
-24.45,-23.78,28.13,105,66.38,17.35,145,6.1,-8.15,-4.01,-8.05,29.21,148,-24,21.23,-44,64,67.68,7.08,-20,63,82,6,47,29,70.26,-6.06,15.6,11.46,127,59.87,135,65,35,42.72,-1.1,-30,67,68.33,101
24.64,122,147,51,55,53.09,-19,-47,-7,75,-8,64.25,104,-8,69.92,82,20,-35,144,98,121,65,-13.95,1.24,-16,102,149,14.55,18.36,44,88,126,66.88,46.83,29,43.85,33,-26,26.7,5
-6.79,66.1,21.41,71,76,68.78,61.79,32,126,26,-7.29,80,6.36,103,-4.51,-32,13.25,-14,93,117,59.96,51,117,148,-9,66,117,81,17,-50,51,72.2,39.42,31.25,-37,23.13,53.88,-37,148,2.1
-36,11.11,44.63,35,38.5,24,38,24,-1.12,22,70,61.58,1.4,52,146,72,22.96,56.58,-8,102,-44,63.39,46,148,-46,42,50.83,66.69,28.16,-27,124,36,55,16.45,1.56,26.38,66,23.8,68.42,-16.69
-38,37.1,138,-43,-14.94,99,127,-16.47,-31,56.26,-10,148,14,-9,-10,-30,34.48,-4.08,83,21,7.95,-44,48.75,65.74,138,70.02,8.13,53,146,-44,-12.24,22.84,60,31.71,9.34,68.19,147,5.74,143,14
82,48.99,37.49,-12,46,-2.72,14.21,128,20.84,-34,46,2,70.32,-18.51,-13.56,90,69,-7.98,17.58,60,46,70.09,-0.32,99,71.72,138,63.49,-46,116,20.98,52.37,-0.1,105,110,105,15,117,51,-26,37
107,38.69,74.25,44.37,35.25,46.62,-3.4,134,6,128,62.04,17,-8.78,113,55,72.78,-46,54.91,21.48,3,143,149,53.29,8.52,10.53,8.44,117,99,82,3.93,73.45,-23,6,-33,30,-3,73.58,32.31,6.22,13.22
-23,-22.6,73,26.09,50.31,137,95,20.23,100,66.28,-39,135,-8.64,8,57,121,132,82,60.31,51,57.72,85,0,-23.47,20.08,-31,-19.61,107,74.49,97,65.46,-20.49,-36,-31,20.45,49,-26,103,-40,-2.71
50.37,86,43.28,-7.48,121,52.57,-12,-50,-32,-30,-14,13.18,-33,19.65,1.94,20.37,132,29.49,25.17,148,116,12,66.51,24.78,5,62,102,40,-10.15,70,33,72.92,77,-39,22.87,-14.44,61.25,-32,12,69.75
49.35,-1.63,-46,48.85,-3,68.78,136,100,-10,16.53,49,6.8,-2.01,63.87,8,50,129,-18.36,-8,44,97,44.47,31.15,69.04,-2,111,9,67.58,92,-34,68,71,0,-22,46,-22.13,-12,-9,42,124
-0.91,6.79,-4.41,101,56.51,-18.38,95,71,36,20,-44,16.96,-8,93,94,58.51,-2.01,-43,-28,6.05,134,-32,97,69.94,47,-11.75,-7,22.47,64.95,57.02,-14.23,148,52.76,66,-2.5,21,149,32.82,7.59,116
110,-29,-41,62.96,82,54,51,1.8,-4,10.44,-17.1,73,67,27,47,-4.63,128,71.17,-14.15,-7.42,56.1,-5.9,72,31,99,-45,18.38,91,34,-9.02,65.32,25,-47,40.67,57,124,-3.21,-10.32,102,31.73
41.42,70,113,3.33,97,50,39.69,145,143,25,56.78,71,-49,116,61,142,23,49,59,1.69,31,55,140,32.94,72.05,-43,56,-49,-4.98,11,-17,6.24,-47,27.04,147,-24.33,-35,28.87,62.9,56
83,5,78,51,99,79,57.54,19.99,74.34,-27,67,34.64,71.1,138,-45,25.79,122,25,25.51,147,48.03,-12,17,25,4,-31,-25,29,144,62,72.87,114,83,50,67,-5,92,34.71,-17.32,54.32
137,-9.07,30.74,22.34,111,8.22,105,106,82,144,-6,49.94,-17.66,13.13,-6,15.64,31.76,64.24,-3.61,-11,85,34.22,54,-17,15,119,-0.39,-23.12,73.39,22.43,96,24.96,43.8,138,141,108,44.32,-28,144,96
50,8.73,30.18,22,-36,42,136,46.01,64.85,33.94,101,-29,5.35,-0.4,84,41,-10.29,-8.28,36.35,-21.16,-15,137,52,-6,128,-4.64,64,15.87,135,-15,1,113,37.76,11,31,93,-41,-10,92,67
6,-9,-12.29,43,-3,132,44.47,26.9,16,146,130,-22.21,-44,67.66,4,-3.54,138,2.97,35,48.88,144,23.42,66,36.46,1.32,94,52.87,66.8,-4.15,43,80,-24.23,141,-46,59.73,23.28,53,2,44.39,102
-14.46,51.85,-18.05,-12.46,104,-7,120,43.07,3,32.69,117,1.07,82,35,57.79,-30,50.84,-15.88,17,135,71,19.57,12.77,62,113,-9,25.5,81,85,28.95,-32,-1.09,5,124,18.7,-22.22,107,36,23,148
100,41.98,99,17.24,11,-20,111,113,78,55.1,56.3,5.52,22,-1,71,104,-5,101,54.7,11,24.69,23.38,-40,143,56.62,15,90,-40,38,87,17,9,41.93,70,60.23,47,-8,-27,-35,-19.79
62,44.47,28.67,45.96,-36,85,-26,107,22,24,-34,55,10.62,8.92,-37,43.98,113,25.4,22,-42,11.1,20,66,147,-11.96,69.09,98,141,3.2,3.77,112,-44,15,-37,54.7,130,65.85,113,44.48,73.39
39.02,3.45,20.02,32,100,96,-24.46,7,98,43,8,-50,24,34,-24,16.38,-2,39,-39,116,61,113,-4.4,30.76,27.32,23.86,14.48,-24,24.37,-11.54,19,-18,42,-26,-11,-11,18.61,127,-41,-43
86,-12,-19,131,32,45,66.74,88,-5,57,101,111,-20.44,25.28,88,46,12,74.24,-10,46.58,20,-45,16.79,63.98,-43,6,17,13,85,70.18,2.14,31,103,133,-21.98,41.1,141,11.22,-37,-12
-8.82,0.82,-6.87,8.22,-22.63,-8.35,34.44,-2,69.36,-48,121,58.07,2,105,4.09,38.94,48,-3,47.92,-6,77,113,-12.89,30,72.76,90,-41,46,-23.01,4.12,50.83,26.25,38.01,25.57,-12.83,-38,38.48,64,14.07,141
58.22,16,-5.85,37,106,33.72,64.17,34.64,145,-22,-17.49,-4,13.22,60.88,116,34.56,119,74.79,102,32.07,-7,-0.15,96,49.6,149,93,48,25.47,57.58,-4,15.52,124,30.95,69.24,26.6,47.34,12.51,118,-38,61.19
25.47,79,-17,-23.65,-39,91,64.47,5.56,11.95,-39,123,124,117,43.45,81,8,72,16,-4.7,92,78,3.72,10.06,21,59.85,136,31.71,15,34,64.19,13.37,101,57,-31,51,81,-28,-8.15,28.57,134
34,69,-25,53,12.44,-19.15,57.65,90,146,18,39.99,44.7,104,-48,109,145,12.93,13,12.61,6,-6.33,13.63,6,129,-38,2.2,117,71.49,-2,33.51,13,22.5,65.26,4.28,47,70.16,73.98,24.83,-35,-49
50,-4,6.29,7.83,13,8.52,38.64,39.92,75,58.16,-22.05,69.45,48,99,59,16,49.57,41,140,52,106,105,60,-24.21,82,123,19.02,-9,-8,126,38.73,131,144,140,117,-23,7,-16,22.69,108
96,41,-17,104,35,25,123,-43,-14,134,18,-23,133,75,64,123,-1.04,-26,19,-48,9,34.21,59,72.3,1.3,-18.82,4.83,25,-39,-16.17,19,8.55,-23,-22.24,-23.26,-2,-8,39.37,76,140
127,22.55,70.17,28,50.19,8,42.05,-40,-19.71,58.65,142,93,100,140,-23.59,14.61,-24.81,138,20,-6,10,94,105,103,50,-9.06,47.53,49.53,106,71.23,132,85,16,-3,28,-3.45,38,65,87,-4
15,30,-3.59,75,-3,18,-12.83,-4,14.29,115,-7.98,78,6.49,22,16,-5,23.4,93,97,63.51,69.47,-6,16.43,18,67.74,145,64,67,-17.19,-33,-10,45,119,14,28.04,40.45,-50,102,35.84,-41
50.63,80,95,146,51.27,112,63.15,-2.39,135,49,28.19,-5.13,9.79,88,14.47,61,40,13,58.35,97,51.72,-35,0.86,-6,137,-36,44,22.77,19.72,109,22.28,78,2,92,148,-10.23,45,95,6,35.6
71,-25,49,28.91,46.2,-29,27.23,-14.21,-11,-1,134,86,61,113,31,69.38,0.23,144,-29,72.31,87,69.98,7.03,108,52.48,-3.64,9.81,-12.55,-23,7.8,100,38.49,77,87,23.68,39.12,74,-4.77,-21.9,74
118,127,12.21,100,2.47,35.92,5,-48,65.95,12,44,45.64,2.6,63.44,16.36,12,60.79,6,-38,-35,-29,47,77,-2,58.31,91,8,-20.06,98,-49,133,-14.59,135,122,130,66.12,51.67,-37,-34,32.27
-5,92,-23,-37,53.09,56,16.05,70,33.4,17.28,124,58,51,25.74,23.09,15.58,21.25,63.5,-3.57,49.25,146,6,66,135,-7,2.13,68.38,47.45,67,31.26,26,-31,36.36,19.15,-47,83,56,13.33,33.08,-46
-22,-24,-50,69.92,77,-31,139,-47,61.36,109,27,57.8,6.87,-31,91,18.41,36.78,22.21,17.63,-50,-17.55,16,43.08,103,132,3,147,37.63,-16.21,-3.25,82,141,-23.59,79,18,51.73,26.51,129,55.75,37.77
30,67.17,-24.67,56,53.81,85,-28,15.72,55.81,64.09,66,139,9,98,-42,-24.27,-8.45,0.89,97,52,77,13.9,136,19.27,69.16,69.64,74.48,-17,-10.16,-8.65,91,48.43,132,6,61,136,0.46,91,126,41.82
64.53,-4.87,86,-27,3,55,44.46,40,-13,-2.54,24,112,38.65,146,9.95,42.91,49,37,37,-23.22,115,-9,-17,55.92,60,-20.31,-4.83,-21.62,-22,72.63,45.77,19.11,-49,99,129,9,-12,54,-35,37
54,65.11,69,79,74.85,-41,59,116,93,19,117,66,-36,-8.3,58.73,56,16.36,130,89,65,28.78,-21,53.54,28.96,-34,25.46,-19.65,-24.21,56,39,52.82,2.65,80,113,15.02,100,86,13.29,65,-4
-20.48,-0.22,51,-18.93,45,136,97,-10,149,86,104,48.41,73.38,74.4,45.17,-23,-23,146,-7.12,83,-22,36,2,47.37,-23.06,117,6,1,6.41,27,100,95,11.16,-41,122,-49,78,57,-13,-18
-39,-10,46.19,-10.79,91,-31,-26,76,30,51,56.16,106,82,103,14,68,26.43,93,70.62,-1,102,40.6,-32,-15,54,145,149,62,0.19,143,120,16.35,86,11,47.31,44.69,25.34,29.61,64.02,122
2,35.29,77,-42,-9,1,-12.09,140,147,-4.32,140,40.52,12.7,114,-12.13,40,120,-13,-34,89,8,-34,97,22.58,7.06,8,56.56,59,102,47,-24.49,-1,28.48,10,88,25.07,-11,46.83,29,121
-12.05,95,13,-5,139,59.38,-13,133,132,39.53,-15,8.2,68.17,24.93,5.6,9,94,-28,81,18,-5,69.18,30.13,34,51.78,44,-13.89,55.11,7,-36,-5.94,134,61,101,-41,2.95,53.91,58.72,55.31,133
-9.29,26.56,128,18.02,109,134,148,36.46,106,-22.88,81,-37,-20.98,60,81,70.12,129,135,1.02,36,-2.81,-22,107,123,-29,143,14.58,35.57,74,13.63,25,-6.01,89,6.64,-32,46,81,65,45.45,-33
25,122,-36,33,-48,119,81,86,2.04,34.68,26,7,95,83,-6.91,-29,17,29.76,143,72,129,110,135,61,-38,31.83,119,-2.35,44.88,-47,134,-0.51,55.71,64.33,129,-42,122,101,19.77,69
35,-28,-13.2,26.27,-27,37,-25,-19,-15,12,9.54,-19.87,30,91,5.39,15.52,32,51,122,38,57,62.58,77,75,-21,52.19,17.66,69,93,-11,74,47,102,-22.24,67.57,6,-22.12,47.95,101,-14.99
122,49,18.53,42,60.17,8,60,-14.19,28.09,105,40,84,125,3.44,-46,86,34.33,75,-16,59.4,22,67,-33,88,120,50,7,50.14,-28,-11.26,9,39.8,1.37,45.09,116,64,-22,46.49,30,64.63
-15.68,-45,146,-10.57,27.97,48.26,68,59.48,49,49,-22,53.2,-41,53,45.63,114,70,-50,25,113,41.63,-20,41.54,116,-3.06,31.9,47,7.9,-9,67.04,38,21,58,29,121,74,6.55,75,134,56.4
-19,-21,61.77,60,107,78,64.08,140,-28,137,106,50.55,28.6,40.37,46,-10,9,7,-3.21,-13,14.49,32.84,-31,29.07,-16,100,-41,133,51,-23,-38,31,38,119,40.2,16.09,62.34,134,92,38
18.87,50,43,33,3.33,7,108,124,41,69,13.5,-25,39,37.26,54,11,10.44,-28,-46,112,71,-23,-42,-38,55,22,22.24,13,-9.12,-11,110,58,-17.31,80,124,94,69.28,6.51,146,86
119,-34,-31,52.21,28.78,57,14.03,38.36,59.99,134,104,47.86,72,20.97,101,4.76,-15.29,-22,70,65.21,46.29,53,10.94,36,140,-24.19,135,-8.75,117,31.73,-41,56,25.48,99,52.73,25.88,-39,28.17,-27,6.33
71,-1.19,105,95,53,102,86,52,-16.24,-24.6,37.41,-18.56,33,71.76,-23.23,38.86,19.72,66,-32,79,126,38.52,55.43,-16.38,61,45,45.4,49,-17.44,100,143,43,58,-32,56.35,83,-46,43.06,106,139
125,61.33,25.63,89,61,123,36.33,-44,-0.96,105,-20,33.25,41,36,13,-8.68,-44,102,37.68,56.28,-39,87,138,17.94,20,30,34,55.94,-30,-37,103,6,-12.28,93,-2.57,-31,44.49,-45,49,106
8.6,116,-42,109,46,-43,127,59,-42,-36,27.75,25,58.67,2.74,148,60,113,133,96,54,15,-21,130,84,55,10.28,6,64,60,-45,21.74,46.64,92,46.38,19,46.06,126,-4.76,73,-19
-28,-11,119,-21,71,-26,-6.94,38.87,99,108,66,47.95,39.35,127,4.52,77,47.65,47,11.57,29,43.54,-49,52,-21,-8,-32,101,-5,60.82,40,111,120,-38,-4,149,62.68,149,-22,97,107
36.2,-24.27,70.76,114,61,47.71,22,-6,9,-14,9.21,121,27.29,-0.71,20,83,110,2,21.5,56.02,59.66,13,53.74,36,93,115,70.89,49.65,-19,-21.49,-25,71,106,56.58,-14.2,142,7,100,-42,94
31,69,-24,-19,46.3,26.52,101,-9,133,-3.93,47.05,74.5,15,19.49,93,2.4,23.51,51.9,11.25,27,20,-14.17,65,-28,20,44.34,42,67,-20.04,5.55,66,18,30,29.74,88,25,56,73,20.52,6.42
43,56.74,17.15,71.95,114,70,45.14,74.22,66,45.62,-4,-10.93,-24.72,-43,-46,103,51,32.11,16,-30,111,71.99,34,-25,18,57,88,23.03,133,19.84,25.53,71,45.98,3.25,-24.54,11.78,73,104,1.38,-21.19
17.27,31.51,71.63,17,18,54.99,-8,26,-31,67,117,-18,-8,132,25,42,11,147,36.69,130,43,11,14.34,24,-10,-36,28.21,6,115,53.16,-4,-24.85,-6.96,-34,-24.99,66.63,78,-6,50.46,66.95
-30,-0.55,18.71,63,51,22.04,-12.21,80,96,10.07,-17,37.17,45.31,100,29.05,20.05,-49,14,68.29,1.11,2,-28,-11.62,45.19,-21.28,102,22,112,99,-17.17,-40,36,9.61,63.65,-24,-27,65,76,115,-29
-50,0.15,31.94,3.72,72.85,50,-33,53.62,53.23,8,2.42,13.62,21,31.76,33.07,142,-15.99,12.17,17,-38,91,3.19,-2,129,-18.87,13.76,134,106,-20.7,142,125,-45,-17,-13,21,-6.76,-2.92,60,28.8,8.87
23.12,135,-9,33.94,65,5.59,112,-2.03,98,-25,-8.6,4,56,25,5,94,35,-1,-48,34,-40,-40,-13.52,-48,35.37,34,-22.48,4.36,6.75,67.28,35.37,1.07,-50,29.85,-13,24,37.29,28,96,-3.67
8,55,-3,-47,4,18.59,14.57,10,-21,-24,108,14,33.95,48,6.41,-22.21,69.25,-42,-16,106,84,-1.35,84,106,11.33,31.98,72.66,35,-20,20,51.67,-2.18,132,8.98,-29,38,-7.19,-50,15,-44
33,132,109,52.79,119,1.35,32.54,48,-17,45.48,38,-21,147,6.82,74.45,24.69,81,61,-16,63.68,-0.86,-23.96,34.71,0.14,12,27.13,-8.48,39.79,-15.79,18.29,10.06,50.16,105,24,55,8,-10.85,73.38,74,7
77,149,95,97,37.12,15,58.73,67.46,38.25,35,20,37.09,30.67,72,27.15,98,33,11,2,65.57,49,35.02,23,146,28.09,-5,3.15,23,124,71,-18.06,70,10.76,23,28,-16.75,76,59.7,62,45.18
-5.65,56.23,41.42,90,1,21.35,144,120,-15.2,106,-30,57,47,10.13,-6.06,6.17,63,-24.03,63.23,-18.55,82,-43,33,-6.46,-17.03,51.12,-11.71,10.96,-2,143,37,112,-19.59,-15,134,78,138,46,-27,51.09
118,45.34,-11.04,67,133,28.88,28,32,35.69,124,-12.54,9.19,29,25.47,74.3,64.77,57.65,31,131,55.9,57.55,11.63,148,29.14,135,29.99,118,145,-45,-11,23,-16.96,56,103,-43,60.49,94,68.58,53.08,-7.68
72,-1.66,137,-5,-46,24,9,-45,38.48,106,16.13,46.87,-22.32,87,9.33,21.04,-15.34,126,-3,-16,141,9.61,23.25,136,-6.23,77,28.95,-21.56,40,-26,12,90,2.69,19,120,116,39.94,6.86,-21.26,64.16
-12.68,57,94,25.75,58,39,86,59,145,48.4,44.12,-13.13,70,40,39.77,-32,17.06,-4.6,20.16,73,-7.64,69.62,55,26.33,34,133,-30,30,141,-5.72,-33,-9.04,50,99,128,26,-13.83,124,62,-43
51.24,131,-49,45,-42,72,11.47,-4.28,77,-23.56,132,-9,21.47,137,72,121,-38,44.05,-34,144,54.87,65.16,147,13.06,-1.71,-7,1.59,123,30.01,125,72,103,15.68,11,59.32,25,117,42.27,72,54
42,137,-10,-1.8,-48,33,86,-6.79,9.04,-2.5,-17.78,50,-26,60.11,148,112,22.01,28,66,75,23,68.45,38.08,-0.89,4.61,133,59.94,70.4,-5,59.82,136,71,114,146,122,147,30,81,71.91,-3.37
127,102,87,-20,88,-20.87,-40,77,-3.04,45.38,-1.54,118,-14,38,77,9.11,-7,-4.4,93,111,31.49,-22.76,74,37.63,32.88,19.4,121,76,93,21,86,34,46.67,11.48,56,11,102,106,48.33,16
35,-14,41,-22.43,-20,91,-11.2,18,18,143,83,26,4,62,12.24,26,58,-7,28.95,-5,33.81,23.9,23.19,7.81,-2.76,72.39,-28,43.17,123,63,77,0.2,67,-21.98,24,32.03,-17.03,-24.02,56.94,49
56.98,48.51,58.81,71.19,64,-47,-35,-9,22.61,75,113,121,52.77,-35,30,47.56,28.63,21.02,130,-13.29,61,-8,17.56,24.7,-26,61,40,45,-28,140,-13.52,-19.96,-48,82,38,21.92,86,2,-8,31
52,-24,138,130,139,-18.93,42.55,-28,65.88,122,-21,57.12,55.66,132,-7.33,74.89,-1.98,6.57,-22.8,-6.3,68,30.85,39,5.62,-40,45.76,62.64,-24,96,98,103,82,-5.72,139,48,5.18,46,110,119,35
-9.43,-45,-19.96,11,148,29.51,76,2.84,64.68,80,55.17,-40,132,-50,-5.1,-18.42,-23.79,10.03,-35,-17.23,51.82,6.04,4.44,32,43.36,17,135,105,134,-11.36,142,4.36,-24,97,11.47,45.87,32,-4.84,-49,-28
123,47.14,24,-0.69,-27,87,-5,4,4.7,33,74,32.9,83,-16,-7.12,108,68,-4.21,138,44.03,86,33.86,-44,7,125,48.27,-3,49.23,97,-33,3.26,37.45,10.79,55,-30,50,93,49.35,101,24
-19,49.09,134,64.97,44.08,60,28,64.05,145,69,89,60.38,85,126,75,71.94,65,-28,140,67.17,115,-20,39,54,66,101,-11,80,108,-30,3,3,55,119,35.89,74,46.29,54,60.99,147
69,3,-8.1,11,68,25,44,46.22,26.27,37,31,43,-8,30.6,-49,39.12,66.63,-21,69.71,53,-12.19,58.45,67.33,11.15,68.4,109,73.99,84,-13.62,50.14,-31,51.14,8,46,-22.86,118,57.77,123,4.91,-20
84,16.85,-13,60,71.03,29,-29,-19.09,112,88,45,17,78,13,74,120,22.44,8.78,-8.23,30,38.52,57.76,8.36,57,16.43,-39,78,42.66,48.05,34.95,13,32.2,17.37,-13.2,-16,68,25.3,116,55.62,73
132,-26,-19,47.88,129,110,-44,30,25.4,15.3,-43,43.91,41.79,-16.3,7.12,149,137,41,-26,-23.59,67,30,5.72,138,-49,0.69,61,28.24,3,37.47,-44,139,96,66,2.26,58.94,87,-42,-7.72,54
97,105,132,105,-44,19,0,9.19,79,60.73,112,67.75,-22,144,7.88,-5,-6.55,23.32,94,33.03,115,-36,47,46,20.61,111,-32,137,84,131,5.34,-23,50.49,-23,-12,41,63,39,54.49,110
-21.25,41,69.08,-36,31.12,7.08,26.49,35,-45,55.3,28.18,113,71.54,146,83,36.67,107,70,25,7,72.34,0,48,47.56,60,55.19,17.06,122,46,-49,63,61,17,53.88,34.6,28.14,42,12,4.62,35.02
72.81,-11.39,5.98,63.67,26.68,-16.92,-50,-11,125,36,-28,-45,57,-22.99,63.31,109,82,-13.83,-19,0.78,7.54,54,-20,12,119,2.06,37.21,23,74.27,64,40.18,-19.28,61.1,-21.72,29.06,64.68,8.02,31,23,-39
-10.17,89,30,63,-21.58,-2,13,139,15,48,-10.95,124,14.75,126,146,64,-19.66,71.92,136,16.85,24.43,79,132,27.93,-1.95,-29,44,138,8,36.53,118,72,4.19,-8.34,-15.68,6.77,142,46,74,71
45,46.82,-17,44,66,43,82,140,-12.1,122,106,-0.39,47.4,142,119,68,79,17,22.85,89,28.6,104,38.63,-10.11,-6.43,13.86,-40,53,-14.78,74,125,142,148,68.29,80,125,-4,-4.01,54,0
14,121,19.02,44,75,-39,135,38,133,20.36,-41,68.74,24.13,-0.45,69,111,98,54.31,17,18,36.12,83,21,92,75,-8.16,17,35,-13.85,-25,107,35,19,5,-18,40,58,-6,-47,-48
-28,-45,-23,13.74,28.86,46,97,121,46.86,37,45.94,-38,9.85,108,96,70,-3.94,50,-12.83,-35,67.25,74,17,60,82,125,20.97,149,-26,-19.11,23.97,69,122,5,32,28.54,54.63,28,-25,133
7,-1,65,-3.55,56,34,-48,41.08,31.85,128,-24,-21,23.28,26.51,54.75,40.73,-4,65.61,132,125,51,-3.91,69,49.88,100,43.2,5.77,19,52.28,13,-12,3.46,110,53,57.07,-6.16,20.07,10,46,7.56
34,-40,-15,-10.74,-6,78,58.82,109,41,38,52.47,147,46,83,38.95,57.95,12.96,18,50.72,48.53,68.23,61.2,-14.25,-19,137,109,28,78,-36,-5,76,15,20.19,4.83,-6.14,41.46,125,20,-19.95,-2.05
65,63.98,68.22,22.51,131,-22.42,-8,-18.57,12,-43,61.5,47,6.18,-47,42,-37,19,-12.93,16.02,101,14,43.04,-39,10,30,25.19,144,8.94,-37,39,84,104,55,42.56,63.5,31.56,36.37,64.57,14.56,4
57,-24.34,-15,26,6.68,94,55,-28,74,131,21.38,1.41,47,114,145,34,49.47,-22.68,48.22,100,32,29.25,55,45.71,-10,39.94,-23,8.97,9.17,25,51.17,-1,140,71,-29,19.64,124,26.26,142,74.34
54.79,-2.38,12,16,104,37.33,5.69,104,16,53.9,90,102,17.47,62.73,24,0.96,28,48,-25,37.6,-22.48,-18.21,0.71,1,84,25,25.34,-20.55,47.29,78,132,40,66.91,2,48,90,133,-12.31,59.82,69.66
-11,42.76,16,115,56.59,22.62,61,90,4.95,41,-34,139,55,122,-6.38,102,-23.14,29,35,109,20.36,-17.75,149,133,28.99,-12.57,120,44.37,-31,-21.05,-11.75,90,38.48,59.18,-15.65,-33,8.84,-19,8,59
56.87,-15.82,51.35,122,90,55,-17.34,110,115,-40,112,-22.44,27.04,3,-49,-22,-41,-6.99,147,63.17,129,68.17,69.82,38.03,27,62,53,116,61.6,-15.77,75,55,65,67.6,-41,-25,-8.03,9.96,30.63,93
12,66,104,42,5.45,-41,63,17,-23.93,124,-23,8.55,125,11.38,-4,22.94,-19,85,143,54.98,57,64.7,57,-10.42,-37,21,57,25.33,66.92,-17.43,-2.78,38,-8.48,48,24,11,50,12,-20.35,4.52
60.42,-9.36,39.13,-9,-2.3,-2,47,61.74,-10.73,7,27.41,-33,-2.19,70.52,-13,11.87,35.54,0,57,-21,41,23.92,26.28,37,-13.92,72,17.29,54.92,12.04,-1,65.71,-9.2,24.64,146,51.85,29.64,24.16,43,-46,-43
-12,5.04,20,18,67.07,78,65.02,134,-27,10.86,53,-17,101,50.52,8.32,101,-19.21,81,57.13,-19.52,22,39.92,75,47,-22,68,-21.55,66.26,55,19,-21.1,-1.85,88,-5.68,-18,-5.37,125,1.02,0,72.69
11,57,62.86,40.79,-9,37,-22,-25,24,66.82,38.04,124,-12.1,81,59,137,-15,34.9,-24,88,87,66.01,58.82,67,35.07,55.89,75,51.78,36.2,47.51,4.18,3.9,90,58.96,-2.87,49,35,49.37,58.87,4
65.11,102,68,16,86,38.94,-6.96,50,91,90,145,80,-27,148,47.11,45,50.23,18.06,-11.53,79,9.1,20,-24.82,35.12,-16.58,29.16,52,42.73,15.66,95,52.48,-20.78,24.09,48.05,54.72,52.3,11,128,14.38,83
128,32.79,55,29.77,60,-2,34.48,-25,33.04,-32,117,-29,-29,64.66,-32,-10,2,-27,16,139,129,49.12,61.51,54.78,-27,-12.43,16,141,31.65,-12.18,85,51.17,55.82,30.22,20,47,68,3.67,123,138
143,53,-15.54,71.95,132,123,56,42,121,147,28.36,50.26,-10.24,37,-18.27,42.2,40.88,55.96,3.03,134,146,68,-30,120,108,2,-22,-11,76,16.17,48.9,52.8,-29,24,56.52,-18.57,52,13.74,102,47
61,149,116,41,55.83,46.5,85,43,26.01,29,109,20,23.4,67.47,19.53,-3,-2,20.96,112,-13.48,63,27,-19,20,111,84,48,42.8,36.48,102,31,11,124,21.5,84,110,-24.84,-9,-1,45
3.6,13.81,67.45,-8,42.52,-49,31.35,-2.3,73,32.51,-2.49,32.6,147,1.45,-3.73,29.26,117,23,-42,108,-21.18,-18.43,102,61,-46,69.61,63.69,2.15,29.33,40.13,112,78,58,52,-19.84,93,-41,52.03,149,46.11
136,-10.63,55.37,-38,6.89,62.82,60.45,148,1,73.36,29.94,12.34,-30,-6.32,104,90,-3,49,126,71,109,105,-2,36,148,13.7,-44,-3.09,64.8,-18,21,-14.15,67,134,58.92,59,-2.44,15.77,80,85
63,58.18,139,-40,87,55,-3.48,-35,-23,-23,-25,149,34,30.19,65.3,78,62.8,60,115,85,-9,64,43.35,-10,26,-5,50.42,1,37.49,8,78,-14.86,53,-46,13.64,-7.56,-24,22,18.85,-47
58.36,40,43.35,73,64,16.78,143,38,-44,2.53,89,59.91,53,-11.7,-32,66,48.73,132,101,-39,-21,43,70.44,81,105,-7,-9,74.4,45,48.28,128,60.48,119,112,15.04,3,27,-41,28.6,116
-19,-30,94,72.27,116,85,54.28,-40,31.32,24,124,115,50.31,131,38.16,123,143,110,-28,-21,-41,24,116,31.79,79,41,44,48,29.8,134,58.12,61.88,37.75,-13.31,42.22,-20,138,-3.7,142,31.32
41,55.53,-7.81,64.97,12,11,127,67.15,134,17,69.67,44.98,73.45,21,56.57,56.42,44.21,50.82,-35,104,-50,58,19.2,98,147,26,61.6,-17.96,128,65.62,27,2,-6,22,19.18,8.56,-6.15,53.42,68.19,111
125,53.1,28.8,21,134,-31,69,4,70,5,25.2,43.73,74.07,107,-9,-37,51.86,36,1,0.06,26.91,-23,46.52,-14,49,-13.69,14,53.67,-19.23,42,108,72,34.17,65.55,26.98,-5.77,-15,-10,34.08,69
65.83,-35,66.22,80,115,54,61.25,111,62,52,134,-40,77,-29,2.82,-32,61.24,32,29.83,73,19.39,11.73,43.96,30.86,122,68,10.77,-17.65,59,-25,-28,22.71,51.05,116,58,6.88,36.52,32.01,61.96,-13.31
12.7,-34,6,86,-43,-38,-3.85,46.33,70,77,45,46.82,50,39.48,71,113,-6,17.68,-15.92,27,-9.81,-20.83,90,-12.16,24,71.2,0,-20.83,44.81,22.43,-16.9,106,112,-5,31,-6,8,124,9.82,41
45,87,-1,118,71.43,31,-4.42,-29,65,58,71,34.76,-5.27,-16.8,-22.49,65.69,80,82,24,18.63,129,34,14.74,-14.11,99,103,10,139,-38,4.02,30,118,-9.26,22.04,-49,-0.92,-38,71,55,40
-15,32.45,37,-24.74,51.75,108,49.93,131,34.99,62.39,-50,-34,28,3.07,119,51.76,144,12.87,53,19,115,-2,63,-10.56,85,49,59,-14.57,66.43,78,0,32,83,-46,-13.41,55.33,-48,76,16,112
-22,70,35,-48,1.51,2,110,4,5.62,17,43.86,-25,-7.64,46.28,-1,-7,31.11,33,52,-30,122,43.66,-10.83,16.85,9.4,-26,15.84,29,-23.34,20.88,-15,9.58,64,85,53.37,65.76,33.17,45.57,44,-19
72.72,100,55,11.34,38.82,16.68,72,16.96,27,130,93,49.57,17.49,26.1,-10.46,68,3.39,8,53,25,32,36.46,110,65.18,98,50,-10.11,49,108,48,-10.1,135,-9,41,60,8,-2,-20.28,54,126
45.05,59.3,-8.72,57.71,-34,11,-6.75,12,-41,28.12,64,5.51,62,53,19,-16.93,121,-18,70.67,76,-9.53,-1.06,65.4,50,-30,57,149,-16.32,125,32.27,6,4.84,51.87,125,38.38,27.05,30,71.54,-2.61,-18.36
97,131,59.82,84,-36,-16.88,-37,74.94,28,53,36.66,18,8,-12.36,83,2.37,44.02,-32,115,45.82,3.2,-2.54,-31,88,-1.55,55,-6,46.17,40.51,63.45,-2,77,120,-5.08,63,55.37,31,32,57.89,60.47
-43,30.35,79,-22.21,142,27.33,-50,63,-17,15,51,-37,-1.74,-33,53,3.68,100,-2,61,101,32.99,57,129,-46,4.93,-2,3.19,41.66,58.88,35.94,48,-17.27,71.53,-14.88,55.14,88,-22.18,143,43,22.58
35,66,87,73.82,76,116,118,109,3.56,-6,43.63,27,-5.92,58.99,38,-7,-49,21,-20,130,-35,14.45,20.22,8.8,28.9,30,-11,-10,-11.98,84,-34,78,129,145,32,29.8,61.69,139,71,107
-5.56,83,57,52.23,71.56,-15,46,73,-50,20.76,41,62,58.38,-45,27,49.66,69.57,-16.85,6,-15,54.28,45.89,-5,81,-24,9,60.67,1,4,-10.25,-6.5,32,64.27,1,45.03,54.93,-25,66,56.37,43.7
19.52,-8,19.8,22.92,31,70.61,12.83,3.79,141,28.16,69.69,136,-41,-10,44.49,15.67,128,77,125,-47,-10.3,32.29,83,21.09,73,-29,-26,-15,2,57.93,116,-29,27,91,147,13.69,73,83,30.12,59
-45,41.25,111,-10,115,89,-37,-45,106,18.46,92,142,56.77,116,16.61,-23.6,29,28,12.02,-31,17.03,50.68,0,5,11.02,47,73.41,-20,-1.81,53.69,136,40,-32,55.56,66.37,18,124,-31,110,18.3
-14.2,1,122,130,56.6,61.68,69.7,-6,141,27,69,48,-29,31.13,71,22,143,119,61.99,-21.83,14.25,41,9,148,139,65.99,19.38,142,71.47,-5.05,125,-17.62,40,11,83,-23.36,-5,52.58,-6,60.91
138,6.9,2,135,-28,136,-19.77,28.64,57.27,55.01,-20.8,40,-24.21,53,48.6,48,-9,2,-7,80,38.95,-47,140,59,-39,109,45.02,126,62,72.73,47.13,113,57.81,23.64,13,48,-45,2.62,6.92,43
109,36.57,20.32,12,5,39,8.29,52,28.19,118,49,-0.3,44.76,131,-23.87,-4,74,-10.58,67,30.84,8,61.98,9,142,-30,49.66,128,-28,71,4,149,-26,19,70.77,-2,68,48.01,93,44,44.63
44,60.81,130,-20,41,-16.84,13.73,-10.91,40,44,57.39,34,130,126,-13.93,-50,-16,53,74.56,78,36.19,69.42,126,128,114,149,104,-21.16,-4.73,-10.9,52,34.65,4,44.79,-6,143,-20.19,86,15.1,-29
32.14,46,149,119,16.71,-46,133,14.72,57,0.33,29.81,29.73,43,63,-8,93,53,-49,-41,-46,67,106,-7,108,20.22,112,-20.08,102,118,35,137,32.27,148,-15,137,-18,-19,33.29,57.13,66
34.19,36,-11,7.74,19.92,79,15.37,65,42.9,-22,110,121,34.5,109,23.15,-43,87,14.01,-11.03,8.76,11.07,61.74,-8,-40,-15.28,30,71.79,79,101,-5.6,34,42.46,29.86,1.32,149,74,60.62,39,-42,64.63
55.75,-24,28.18,120,9.66,24.69,108,30.8,125,26.36,-22.91,92,-41,41,-2.7,48,121,-6.72,30,65,133,90,-42,10.1,28.24,-24,110,19.53,124,3.72,-20.26,66.16,32.52,67,62,143,63.5,-0.72,111,148
-28,22,68.87,23,56.86,5,-11,88,-35,47.95,24.47,52.7,-21.99,106,-7.04,139,-44,127,58.24,100,-28,109,25,60.26,22,135,24.27,-22.69,-1,-4.41,98,74.96,-7,68,138,142,149,50,65,-23.15
132,74,106,143,49,51.92,121,71.21,-41,14,51.26,-19,136,-10.6,36,74.6,51.69,69.99,13.07,64,55,2.19,-5,96,54.15,-8,129,120,45.86,21,6,-50,130,46,53,53.74,12,65.97,140,-24.45
55,145,70.56,93,109,30,34.16,36.16,33.42,51,-7.97,-3.92,23.05,-3,68.74,45,62,35,-35,2.34,-5.89,63,18.4,16.16,81,31,29.83,91,54.75,-2.26,9,136,17,42.69,122,-5.15,-47,47.77,1,65.96
96,-34,39.49,46.45,-25,51,-7.71,148,10,-30,64,-37,49.49,20,57,34.95,-8.35,69,62.11,85,58.13,116,16.75,91,66,35.39,23.23,26,22.51,132,29.87,132,4,-23,8,41,45.57,22,-10.11,19.42
17,72.9,25,6.76,-17.99,-18.8,-35,30.28,53,73,-19.43,41.91,43.52,13,41,12,10.95,95,149,74,-22,4,98,139,14.18,145,144,30.87,-27,-41,48.32,30.74,14.79,-36,8,57.31,59,88,98,70.53
60.9,111,-2.71,-44,20.04,20.71,13,38,14.55,58,-39,95,47.68,52,27.68,94,131,7,-20,50.26,83,-21,78,12.63,123,-29,22.61,23,-47,27,-17.52,27.53,45,31.69,53.45,-4.27,26.42,33,108,6.6
-22,15.73,-34,45.42,11,-7,118,-32,130,-13.77,107,-27,42,135,51,132,66.54,-4.49,35.08,-24.64,9.14,60.52,-24,92,85,91,-21.72,-46,20.57,17,22.99,8.35,-19.37,68,63,110,109,-44,-24,68.66
-3.17,65.47,94,31,114,1.03,47,73.93,51.83,-1,30,-4,33.68,18,33.25,49,17.73,65,35.32,70.46,20,-40,47,146,93,37,92,-7.74,-22.3,-1,37.11,31.66,146,48.27,-49,125,-6.98,97,11.51,-23
108,53.56,12.81,71.47,-7.32,140,60.74,8,115,7,60.42,13.42,-20.53,117,149,-13,133,50.77,47.99,98,66,20,-22.5,61.84,107,64,1.65,50.72,24.02,8.6,-27,26.28,95,48,128,-21.81,58,126,115,139
49,105,133,74.61,-10.26,73,45,52,32.15,-4.48,-2.78,86,-21.65,4.18,70.72,91,-20.38,58.61,-46,65.77,116,2.19,12,-27,56.11,-44,-4.18,-29,-6.83,70.38,-3.25,-45,62.63,147,27.74,-31,3,34.39,24.61,24
11,108,137,-24.68,25,-3.6,47.67,2.24,-44,-8.46,0.49,-4.45,61.68,133,51.1,26.38,55.51,29.99,-2,23.71,29,68,120,-23,69.35,-7.82,56,72,59,32.91,-19,26.88,80,-11,9,138,-36,13,26,-29
4,1,63.99,-23.64,100,20.15,15.18,40,-48,122,-18,47.45,-0.36,80,105,-15.26,-34,-23,26,37,12.36,-20,-9,-5.03,19,132,58,66,10.66,98,-22,48.75,50.98,58,-4.28,130,79,-43,126,69
-48,-3,-49,-47,43.16,109,-20.25,-9,4.62,-16,92,90,-14.05,-11.07,17.2,32.61,64,77,120,128,72.15,6,-5.02,147,16.18,-46,43.54,23.74,43.8,-5.89,56,82,73,34.42,47.9,46.83,6.27,-23.56,-49,42
22.97,47,-50,-8,87,46,84,9.39,-11.43,28,76,124,8,60.04,60.75,15,-26,36.08,28.98,77,2,-20.1,-4,32,-38,82,140,-32,5.55,-26,-17,65.55,17,9,71.22,32,2.24,145,-10,24
-7.03,-12.94,145,-1,24,-33,-38,61.42,106,82,37,-17,71.58,39,44.43,99,9,107,0,141,48.91,65.41,30.65,13.13,27.27,11,49.43,62,77,45,136,44,115,138,41.39,-1.02,126,30.72,66.84,41.84
9,-2,-12.22,41,9.5,16.44,-9.16,37,37.96,133,89,76,19.12,30.92,54.95,0,21,-30,56,56.99,61.22,44.71,12,-17.96,27,-38,-12,44,135,47.76,-18,-9.29,-15.27,12.7,88,-6.39,140,78,-49,-29
-10.79,-12.16,60.11,128,-23.13,22.27,31,61,-3,-8,5,132,-3,95,99,-36,50,-2.62,88,52,46,58.35,24.91,28,-14,64,-6.03,-41,72,5,-18.39,26,33,0,44.78,46.53,15.81,13,39.95,127
80,74.82,-21.13,93,149,25,137,32.61,73.46,16.92,-2.03,34,54.97,62.71,114,126,19.34,42.75,-41,89,77,31.98,39.91,4.19,-11,19.38,-23,147,10,-23,115,-32,-3.12,49,5,78,-4,64.28,33.14,19
69.79,-34,45.5,-22.91,35,-11.79,124,3,-4.73,-8.92,-9,49.81,-2.95,1.21,-3,59,-20.54,2.93,23,111,24,38.58,104,-12,63.31,-17.12,53,15,73.73,-16.86,145,56.21,18,136,97,49.62,-14,10.71,-25,28
46,5,16,73.63,8.74,26.83,133,26,148,-14,16,40.86,-12,63.14,1,11,112,122,6,-2.38,48,-12.09,20.2,-18.46,-43,77,77,49.94,82,0.51,6.43,114,7,67.25,-10.53,104,110,4,-3,44
142,-19.04,-33,66.53,13.92,-22.82,-16,-4.54,111,-25,65,44,41,24,11.6,34,83,-20.91,13.95,-13.21,25,52,53.07,14,1,-5,-22,34.95,-19.79,-2.2,74,149,-35,9.05,49,-18.53,38.86,88,108,18.2
-3,-17,16,65.77,97,8,-7,8.14,120,30.15,85,57,-19.41,37,116,79,-24,87,-25,140,132,119,71.37,46.99,37.88,30,1.81,-23.78,117,22.14,12.18,62,-38,61,5.66,-33,-2,116,78,84
41.28,56,70,-48,-37,-0.69,70,-41,10,-48,-4,24,25.68,35.96,145,113,-1.28,96,39.59,68.62,9.1,121,66,148,140,9.43,58.49,20.63,98,20.53,101,34.68,56.69,-18.51,63.23,50.03,-8,110,-23,89
69.97,13,-1.64,25.68,-33,-19,-24.51,50,12,120,27,5,-2.08,12.16,105,148,74.44,144,81,-26,89,30,36.79,4,111,-3.5,39,71,-29,58.29,-38,49,-47,29.33,93,21.76,60,-17.95,139,17
20.3,68.62,-1.23,14.18,-2.68,-15,3,-31,132,48.19,-24,-17,-31,85,103,2,-23.93,-17.9,-4.6,29.84,13,54.86,-37,42.91,6.15,-28,64.59,-9,64,71.89,19,53.7,24,-19.9,-18,145,72,-27,106,79
18,52,140,28.44,47.36,136,45.53,43.81,44.08,-5.2,110,27,62.3,6.72,30,6.47,-8.45,137,9,-11.8,-8.71,-24.04,129,-23.62,65.32,-3.14,131,72.73,-31,41.19,47.45,17.9,-8,26.81,-15,38,41.16,64,33,56
62.65,126,35,138,76,119,66.15,-9,10.43,6,101,23,13,126,45,-14.84,8.11,30.4,38.08,-7,67.24,27.92,119,13.25,58,36.68,-20,5,82,2,-18,120,60,130,-41,-44,-24.93,75,55.02,-18.78
67,47,-7.43,-23.5,-16.87,-20.6,28.68,-19.51,33.87,-14.6,-8.67,-10.94,126,99,21,-17.74,12.95,101,23,-20,3.44,71.26,60.91,-4.76,15,33.81,-37,45,3.28,6,26,70.3,117,-21.78,-39,19.46,30.61,64,17,5
-28,-45,73.81,-49,19,-38,58.03,14.17,58.12,43.14,44.37,-30,-10.16,73.97,-20.5,87,80,70,-19,-5,-6.08,5.9,29.34,143,30,-42,19.07,127,17,-31,-19,-7.67,138,30,-9.25,66.02,55,5.96,118,15.28
38.8,57.18,28.51,20,73.01,25,68.04,47.4,29,84,36,-8,63.68,-18.85,32.83,53.93,54,95,21,-13.32,-28,-2,69.29,117,17.59,114,73.82,117,-8,94,38.63,2.67,-22.16,60.22,33.69,32.56,86,70.07,48.87,58.82
59.12,-33,42.46,36.77,46.96,-2.48,68,31.82,73,93,-12,-31,93,86,54.36,138,31,69,60.12,65,-3.24,-5,48.7,148,61,53.55,2.56,146,52.21,136,129,148,62.2,55.97,79,8.35,-25,-20,-30,31
115,37,57.54,-17.32,71.69,-41,60,2,13.45,-29,10.91,-48,-28,39.15,2.88,34,33,11,-39,-48,127,147,65,37.73,18,-21.12,21,-39,20.89,114,34.99,57,-5,72.94,85,3.37,15.17,65.54,89,148
115,70,-18.92,-3.13,47,18,86,-16.15,-23,62,-14.34,115,-18.6,10,97,-6.41,60.08,33.99,108,-8.87,-15,124,-9.52,77,47.12,-5,135,-22.2,16.28,139,13.97,44,-32,31.94,-6,26,-15,-18,17,113
-15.46,108,68,52.71,18,31,2.25,69,12,14.71,47.19,9,64.88,132,0,23.53,-14.65,-25,49.94,-24.56,-7,-2.68,120,107,83,-22.67,14.59,5,90,-14.62,127,-35,21.73,78,39,9.12,10.18,13,19,148
86,146,-10.31,104,68.4,48,-13.7,146,109,78,60.25,20.6,44.94,85,142,-21,15.81,11.28,-11,24,109,-17,-6.58,-16,30,3.88,-19,13.36,-17.26,-0.45,1,-33,98,31.05,33.39,-7,91,128,-27,45.84
68.1,10.15,-20.26,4.64,-30,90,-45,10,33.93,57.75,94,70,28.61,-0.9,-18.04,-5.02,73,133,-23,32.65,65.94,75,19,123,-25,6.96,102,-23.68,113,70,33.2,59.72,42.99,48.53,57,140,-30,45.05,0.45,-3
28.21,23.95,66,132,60,147,42.39,86,107,-37,100,62.83,-28,62,58,-15,107,129,48,21.34,57.94,-31,-5,52,-8,4,-9.92,10,67.39,-37,34.5,40,-18,53,103,66.86,39,-31,17.26,112
42.26,145,61.55,49,37.69,2,14,37,13.1,-8,98,11.09,35.43,65,51.95,146,-16,-5.27,115,52.39,113,58.56,-38,2,90,32,2.33,-22,0,48.66,38.97,71,33.85,18,-38,10.34,53.1,50.41,32.76,66
86,71,31.27,28.65,95,59.91,42.77,54,90,-48,3.48,3.28,-34,10,104,-27,17.14,51.85,106,93,20.26,-9.45,13.62,16.92,-31,0.88,-20,-2.81,35,62,44.4,65.7,19.99,113,-14.44,141,57.43,111,51,65
-44,146,65,106,41.77,5,32.3,17,40,52,7,94,100,60.16,14,49,12,1,71,15,31,39,-2.81,-5,7.02,7.7,68.47,-4,12.86,32,34.76,-35,66,-8,109,80,127,-25,7,41
45,52.93,102,57.46,88,89,-16,-1,26,8,61,-39,146,-46,129,34,-29,-30,45,-5.92,124,76,-1.93,8,11.36,94,61,46,103,-17,34,-27,-3.26,49,1,-28,64,16,60.89,-33
-46,56.41,20,62.57,-45,-2,-18.19,-3.94,74,42.75,1.68,19.61,13,62.26,-22.3,-40,45.21,50.53,134,-21,-9,66.89,-11.06,34.24,64,89,93,111,-36,-8,-4.05,70.68,52.01,66,58,59.74,9,-23.26,-21,103
-24,145,59,44,54,48.44,76,-47,-22.76,146,63,-30,40,17.63,-17.79,-20.36,126,27.26,-11.01,105,-11.53,53,69.52,62,63,32.45,53.72,-10,36,-31,-23,111,25.74,102,11.94,13.83,19.66,83,40.86,-19
-33,51.65,15.31,48.5,-6.15,-9,68,-16.15,42,-10,-9.07,-5.1,-25,58.28,-17,49.28,-5.27,86,-11,-11.47,105,71,-25,52,100,-38,31.48,10.06,-15.04,53.64,63,49,27,48.22,80,129,142,77,45.25,90
63.48,46.12,49,-16,76,-33,41.94,59,96,58.05,-28,123,58.96,40,68,9.79,-44,84,130,-43,148,-43,105,66.33,-38,31,129,-25,-3,22.5,6.73,66.63,31.93,54.69,-22.48,90,102,-32,71.96,38.01
115,-12,142,56.55,7.12,-10.61,63.88,24.86,75,-1.77,10,-50,146,17.71,-28,20,26.25,-2,11.5,29.89,-15,71,28,18.53,18.52,8.42,87,28.66,101,117,38,27.37,-41,71,55,26,78,28,1,49
23,9,29.95,12.2,13.34,24.46,-11,63.72,-46,-13.16,11.43,-13.74,58.3,101,33.66,2.61,122,39,37.09,3,97,-14,-10,14.74,61,97,-47,-13,133,-44,50,120,46.07,9.8,28,74.36,-22,99,49.09,-46
-7,39,13.62,7.28,98,4.5,93,16,-47,-2.65,-18.82,100,140,23,19.58,56.11,45,69.04,40,-2,63,84,42.79,65.27,70,-0.62,54.18,-2,69,-16.43,81,12,-1.39,43.52,18.1,-9.2,135,71.6,-18,54
71.7,80,-6,66.31,36,99,-30,-26,130,-10.98,62.04,44,84,11,39,1.04,93,47,12.88,74,34,127,-3.84,9.16,133,83,36.77,27,85,-31,-39,46.58,53.41,21.57,-13.88,33,-23,-33,15,41.42
-6.9,124,54,146,143,108,75,38.26,-17.02,87,-23,34,55.01,119,65.88,2.64,16.42,119,59.51,18,-32,-17.23,127,119,65.97,40,60.09,47,59.03,66.63,1,25,49.74,47.94,110,120,74.18,-23,60,136
61.96,-13,-38,35,-20,-13,-21.22,38,38,11.22,101,5.48,128,137,58.91,9,12.14,8,-17,113,-17,55,58.3,-23,114,-49,96,7,-44,2.85,23.07,42.2,98,23.11,-14.84,66,80,57.72,-36,37
146,143,58,10.09,-37,122,146,77,132,37,105,55.33,60,73.31,93,87,72,58.79,-45,107,5.34,106,128,18,58.81,-46,123,-10.33,41.25,68.41,-11.96,-17.94,7,-12.18,18,87,85,-20.51,54.7,49
83,44.24,-40,14.39,41,56.73,70,-18,-27,-13,-13.53,42.91,-46,35,88,97,89,-23.81,-1,-41,17.47,-5.14,25.54,40.41,91,-19.21,22,21.72,15.28,109,-40,4.5,53.5,32,47.24,32,148,21,14.52,71.4
53.7,-26,-6.08,96,37,-14.99,45.76,-10.26,42,-16.11,133,3.26,102,-50,53,97,13.35,-8.07,104,60.87,22.71,10.68,-12.04,49,93,8.45,-21.33,20,53,-8.87,-7.06,4.24,-1,4.75,23,20,34,13.68,62,101
111,40.23,149,64.04,-1.37,108,-19.15,-11.83,67.24,67.14,128,126,141,25,-13.05,22.15,5,14.26,-4,15.83,147,9,49,78,-17.36,60.75,-46,-23,-40,24.59,125,-19,15.58,68,67,28,28,-23.6,76,19.47
-27,7.17,40.37,-4.11,64.98,132,78,83,-12.91,-43,6,-32,121,103,48.87,28.7,43.78,55,103,-45,139,55,-41,112,120,34,117,63,29.49,18.78,62,-18.68,54.07,-1,67.76,122,24.79,15,48,-17.71
-4,66,114,44.02,-11.42,-31,55,-24,25,32.4,33.24,53,137,72.05,137,6.62,50.6,-30,-9.44,44.05,-14.94,44,-15.16,-5.88,-22.81,30,39,-7,13.09,146,-23.61,71,54.3,119,135,120,-29,15,-24.76,49
46.47,72,21,93,43,-36,55.42,135,53.32,-7.94,-3.5,19.4,111,-13.47,-15,89,16.22,-5.58,129,66,15,106,2.17,28.31,120,52,128,-6,-23.51,24,35.79,44,125,19,4.4,-17,-2,-13.02,84,-1.87
105,-38,-16.88,26.76,48.89,72,47.22,102,8.72,11,-24.13,-21.18,-50,-8.78,4,0,108,87,89,-48,70.16,49.09,3,-21.58,71,73.64,141,6,-23.62,-6.72,57.05,22,15.7,131,-1,-43,35.4,10,30.33,123
55,3.37,40.87,17,77,103,67.04,140,65,143,34,27.81,67.98,-49,-6,20,4,7.21,84,-29,63.3,55.33,32,140,1.94,109,112,94,64.36,39.04,104,63.11,23.93,62.35,-23.41,102,6.14,72,35.1,-2
99,18,1,-18,140,63,28.73,3,64.35,-44,-49,86,41,55,26,-15.26,-15.72,29.62,22,113,104,139,8,64.55,28,-6,143,21.75,21,-22,-4.98,2,2,9.31,17.32,132,7,141,-6.15,101
12,74,28,66.47,109,66,63.55,31.37,-38,24,-26,-10,44.37,37,131,-9.71,-30,-47,76,-23,-18.46,49,26,0.58,3.26,35.95,84,75,102,39.25,29.67,10.29,96,21,0.08,39,42.04,107,9.25,53.36
108,-22.88,114,-14.84,87,3,13,70,-22,120,44,56.15,-5.87,21.33,-1.07,30,-1,120,124,26.47,-30,18,71,5.74,-14,46.25,8,129,143,-22.86,56.44,64.43,39,0,112,3,-16.04,18.89,142,6.19
81,-9,46,24,26.22,81,51,11,68.01,-21,12,70,66,70,-1,135,19.64,41.53,4.93,32.73,24,3,37,-10.67,35,59.58,39.29,33,-22.61,-24.69,53,27.03,107,59.71,-9.82,22.12,10.41,101,-2.5,13
-16.21,-10.98,58,1.61,-38,134,30,-14.2,107,37.91,40,35,-23.36,73.73,110,42,146,143,80,84,-30,-9,3,15,66,-30,148,73.73,-0.92,-14.57,122,3,117,-22,-12.12,66,-14.57,80,104,14.55
138,78,62,-15,-44,77,24.7,28.16,42,84,108,-5.21,52,3,11,-19,58.01,70.58,71.73,-13,43.77,37,35.11,18,25,30.01,26.56,66,-15,75,44.77,147,53.94,42.03,50.81,-9.78,-49,149,20,-21.22
108,25,-9,73.67,129,104,5,68.02,59.1,69.52,88,41.85,4.64,34.9,52.24,72,38.13,-18,52,123,16,65,112,102,77,-13,4.66,3,49.04,57,25,-19,11,8.38,39.03,47,116,2.58,-31,102
37,17.44,-8,-27,-29,63.87,35.44,149,27.5,121,-21.83,-11.96,64.27,76,78,-11.82,146,60.15,19,121,135,-14.22,28,78,111,9.49,76,51.96,21,16,82,112,16,39.19,19.56,35,44.96,22,63,19
-26,21.39,-12,106,65.05,46,36,2,36,-28,82,33,98,-24,-5.52,94,-22,-1,70.75,135,27,102,51,-19,11.88,15.62,21,-1,26,11.68,-8.18,48.02,60,113,-3,-16.43,105,48.21,54.79,142
-1,42,34.92,21,-40,-47,8.06,50.9,120,145,-23.43,-9,34,-6.87,-14,0.19,49.21,8,49.13,50.84,9.29,5.87,140,103,100,46.56,-19,2,-15.98,61.53,64,68.9,83,144,-43,126,42.8,33,3.67,25.44
8,67.47,140,50.87,25,4.43,-19.04,82,-5.04,-1,61,-33,29.77,62.6,15,35.67,13.07,0,52.83,80,-19,45.18,30,73.52,37,59,40.04,71.52,75,22.48,0,85,74,66.56,-41,-27,67.79,-2,-6,94
-36,108,2,-18.65,77,29.03,-43,42,55.25,124,145,41.19,45.04,67.29,3.29,24,-7.14,36.23,-1.3,59,56,-10,97,-17,39,-3,77,52,62,68,12.61,148,-14.41,80,72.9,75,54,121,5,54.48
-43,13.04,78,102,50.86,5.37,109,21.19,-9.89,-39,74,2,19.4,101,123,43,106,-23.79,-16.4,74.41,52,89,26,11.19,8,-37,-15.65,-2.89,9.46,16,53.91,-10.86,0.51,26.15,-13,50.1,38.92,8.7,89,121
56,-19.68,29.66,-5.89,25.64,-16.82,55.23,-15.63,11.97,105,2,81,22,58.57,140,-15,129,15.57,58.45,-0.46,128,128,-4.14,12.15,143,22.91,28.12,85,140,-12,-50,-27,11,41,8,144,70,26.6,-49,126
-19.03,79,28,113,1.8,146,109,5.18,58,-3.74,123,18,24,-41,106,5.58,5.44,113,29,94,17,121,-39,35.12,127,15.24,-8,69.04,-22,126,6.57,67.43,-45,-15.33,11.55,37.71,18.07,54,-13.88,43.39
44,48.35,17.87,37,-34,69,-5.66,45.06,0.81,144,11.86,6.21,-18,53.57,22,97,45.53,106,-17,-44,115,10.3,10.36,44,-15.1,-29,117,13,50.79,18,47.99,17,-32,-13.51,115,-7,119,-23.58,57.37,87
-8.8,41,33,46,22.41,12,5,119,127,112,115,-8,-7.72,144,-15,146,138,96,103,76,14,69,-4.04,38.33,18.7,-3.52,19.49,32.05,37.19,44,132,37,-12.33,88,41,62.43,98,148,27,84
23,53,-46,94,-16,16.03,2.97,15.41,67.53,65.57,51.68,63.49,45.22,49.68,36,7.43,38.74,16.38,86,-5.12,65,-35,-6,-1,72.77,-45,-44,74.78,62.63,1.13,47,48,99,-23,52.26,67.55,10.82,14.66,-18,12.97
35.45,122,36.81,62.07,6,38.42,37.12,80,49.82,64.3,86,72.5,22,137,31.08,-39,0.44,111,-23,60.71,38,129,38.69,95,35,17.2,115,-3.37,118,-22,63,-28,56,27.26,53.25,136,50,-19.51,54.87,21
142,40.75,56,62.17,-27,51,148,-12,15.51,46.21,-16.54,9,34,44.63,61.43,77,46,-21.81,99,87,67,53.22,-10.45,84,56,-35,48.36,-35,65.53,81,29.43,30.44,135,76,129,-41,48,112,93,28.85
-18.34,134,60.8,-10.56,-48,11,-36,12,3.1,130,-21,130,98,54.25,20,-11.79,61.66,7.52,-2.69,33.97,30.96,141,110,88,6.24,63,-35,47.64,71,119,45.45,26,38.86,64.36,6.14,-47,34.95,-4.15,140,139
116,-7,130,-30,41,60.43,-23.27,-13,21,56.91,1,3.62,87,14.1,-41,17,-5.01,62.53,32.95,106,26,3,32,44.64,74,-16,-9.08,-15.9,136,29.76,15.61,-12.48,141,-24.22,0,28,92,105,66,97
62.73,50,8,22,87,40.87,32.08,57.42,74,-16.54,111,139,-17.97,26,137,77,-22,102,149,40,60.63,-25,133,56,49.07,-23,108,144,22.8,45.38,16.33,11.1,19,38.68,49.92,-13,-15.49,32,50.55,7.77
141,11.16,42,100,16.18,48,35.99,5.67,44.79,-12,108,-4,138,64.45,18.09,142,68,56,95,-2.32,65,37,-28,7,-36,72,108,83,134,2.57,87,-20.98,6.42,64,-13.37,126,11.55,49,15.48,78
8.13,-18.77,-21.31,74,13,74,31.67,17,16,34.17,3.74,0,66,18.43,119,66,26,-24.61,14.36,142,83,103,-16.78,30.02,91,37.97,144,11.3,80,76,-10,27.82,34.59,128,49.72,41.81,34.27,85,135,19.69
112,-0.18,134,-12.98,-26,58,91,48.43,66.21,-36,10.29,59.22,-6,-26,128,68.52,122,62,82,4,-45,-30,-17,56,20,49,-21,-21,145,53,49.67,35.13,17.26,73.47,54.28,115,42,11.41,114,-30
124,125,146,26.04,67.71,-44,110,146,52.88,88,100,9.69,124,59,69,-6.99,57,72,-9.38,-18.13,55,60,-34,106,121,69.71,-37,57.75,16.85,-5.49,59.43,43.77,11.82,115,111,131,40,-3,5.91,36.96
-36,-14,-4,11,94,29,86,31.49,-23,40.59,48,2.17,27,-36,31.73,-21.39,79,-18,115,79,-3.97,4,148,66.83,42,-24.6,42.48,146,48,17,41.66,61.92,39.62,31,97,-9,-12,35.99,33,-33
5,-22.06,31.09,47.35,127,27.31,12,33.06,65.36,22.7,-6,136,32.89,48.66,42.11,60.44,140,131,-6.54,52,-25,-11.68,-10.7,41,72,64.07,12,147,11,48,53.29,98,38.56,118,22,-38,8,123,5,47
33.74,0,-18.34,-24.31,126,83,33,68.88,9,43.53,44.55,34.37,35,59,84,42,-22.11,-44,127,-47,6,131,-11.89,52.98,-16.95,33.53,141,45.87,47,97,72.78,82,-28,128,67,22.48,-31,33.72,14.97,17.37
43,96,30.13,49,49,57.07,-6.81,-40,-14.92,32.98,13.71,63.85,-21,58.09,85,73.04,66,52.02,-26,25,15,-6.18,-24,-14,-33,44,55.08,110,-14,49,56,-14.81,8.02,17.15,90,125,-1,-10,71.32,56.51
62,66.21,16.15,-18.91,10.69,71,-5,-12.04,45,-18.75,-47,64.69,43,56,30,-19,35.08,129,63.72,68.57,-24,18,-40,143,29.01,49,73.38,-17.57,14,109,-15.83,-8.42,73.96,-32,75,78,14,-37,-45,53
-37,18,116,48,-34,-15.11,127,-34,-13,36.92,55,83,13,-25,147,89,102,-19.95,68.43,-50,3.97,110,68.42,57,53.54,47.27,-12.95,-16,33.62,-50,-19.77,113,147,35,58,123,78,9.86,18,74.33
37.03,7,-48,-8.78,-17.64,72,11.43,-10.11,-35,95,90,-11.15,-43,125,19,75,17.67,-16,-32,52.12,70,52.32,135,64.4,67,108,119,105,46.62,-19,-16.76,42.55,79,101,65.67,87,32,80,-24,49.56
-7.47,-50,5,110,-2.3,4.14,64.9,137,1,142,-20,139,84,62.09,-3.17,40,46,132,14,-4.5,-23.68,147,37,-21.05,-1,115,74,52.13,-21,-24.37,34.18,63.71,-17,80,-34,24.91,61.57,142,25.28,98
-18.15,39.52,-6,-13.56,17,140,137,42.59,54,109,127,88,-19.99,100,28.07,-27,21.06,111,-28,31,-23.61,35.03,19.73,118,13,5,76,94,14,54,71.71,67,0.77,55.73,21.72,63.53,58.57,47,9,71
21,68,34,41.35,42,135,48.24,119,-2,38.12,-2,12.68,118,15.13,-7.98,-30,55.25,39.04,17.81,-32,53.52,-8,55,83,70.66,26,68.36,58.19,62.52,7,21,16,70.76,47.33,13.9,58.18,72,-1.41,51.57,-2.81
-21,30.81,18.51,12.3,28.19,-8,-18.88,73.78,1.5,62.47,140,-2.33,111,-17.08,121,-28,124,7.4,53,-50,0.97,43,-6,69.61,21.05,-4.44,39.67,8.51,84,130,60,64,31.63,-24.56,56.66,-31,13,127,-4,24
121,135,59.39,-1,-15.25,69,-38,62.47,-31,103,141,37,-22.7,-7,134,102,17,-18.16,39,-17.41,4,29,17,-7,131,57.59,26.45,6.83,127,43.69,-43,-21.84,88,28,116,135,123,-2.77,129,-6
15,85,49.42,62,7,37.39,8.91,144,115,17.54,95,30.31,138,-21,93,112,-22.02,142,6,8.03,28.95,1,64.42,44.85,89,-19,26,52,12,132,93,112,96,16.15,13.64,80,62,24.9,46.52,78
125,-7,-4.87,84,52.33,34.26,-38,38.66,-20.61,50.62,-40,-21.77,134,-26,11,-16.03,50,-22.39,26.08,25,19,-7,52,122,-29,7.24,62.38,24,39.87,49,-21.88,9.14,42,-8,12,98,59.35,70,62.72,149
-11,32.17,-22.2,30,58,-18,102,-14.11,111,126,73.03,106,-31,16.5,29,31.76,135,23.32,10,-8.92,-43,58.4,129,95,59,3.09,74,-4.5,62,11.65,11.46,-21,28.31,17.05,54.16,56.99,77,135,91,-34
-13,-9.88,64.52,-9.85,50,28,23.45,49.87,3.12,109,17.76,118,-19,138,5.18,72,96,70.88,89,45,6.82,-46,4.6,67,43,45.5,120,-23.7,69.08,136,50,-13,17.94,-21,95,-21,71.69,33.92,-3.17,69
10.87,-34,67.86,33,-48,52,89,21,41.97,51.04,80,112,14.5,39,66,147,112,-48,112,49,-20.48,14.56,13,52.36,102,6,119,88,96,-26,53.07,53.16,58.51,-16,60,5,-41,3,8.39,-10.04
-26,-21,131,119,121,130,28.21,85,-11.05,83,139,97,26,-32,-29,114,73,-9.56,1,-21.11,-11,-14.6,3.54,23,63,63,131,35,-5,-20,129,19,82,129,141,42.27,-15.13,55,60,95
-24.59,-25,5.97,10,12,-18,72,15.96,-3,134,-44,77,9.82,130,28.9,34.31,-26,-15,19,110,79,69,80,-17.69,17,61,105,41.34,-24,76,-35,31,-43,40,-7,-3,45.58,14.66,96,19.42
65,125,63.71,148,63.44,28.21,58,32,-32,14.42,19,-4.84,58,60.87,45.86,112,142,5.29,17.55,55,148,47,114,132,48,35.83,10.01,65,51.33,103,-28,0.42,-14.28,56.71,1.62,97,6,124,27.44,-34
63.38,148,-8.78,112,4,-16,37.08,-35,-14.09,29,67.63,101,98,38.33,29.73,63,2,-6.35,45,-24.33,114,-23.73,100,-5.31,25,24,52.82,32.1,37,130,65,13.05,53,48.72,59,45.07,-11.99,-14,-34,-17
69.51,81,17,7.68,24,60,141,39.71,-8.76,50.73,-20,89,-20,-24,53,19,-36,-3.04,-4,14.18,37.93,57.78,20.45,19.47,146,44.67,28.61,4.64,-36,60.08,41.89,15.26,87,91,1.68,36.17,102,19.37,-22,60.78
5,8.85,23,7,60.8,6,20,34,-6.3,0.56,39,70.77,49.12,148,134,26,80,98,93,-18.6,-24,74.01,6.4,-4.69,118,86,110,8.08,62,26.01,-47,54.62,90,53,28.19,137,120,-12.51,57.35,18.01
4.75,12.72,58.23,87,14,99,-26,14.49,74.35,-39,52.46,7,72,-22,114,-49,104,64.65,25,-43,-13.74,-10.75,53.82,-14.68,-13,5,71,-3.89,-3.39,149,59.94,-4.16,62.5,45.77,34,37,-8.17,116,89,-43
65,33.68,100,138,47.38,70.62,30,123,26.17,90,15.54,88,19,31.94,66,-19.78,149,-1,17,45,11.43,28.34,50,-19,25.75,-14.87,-50,-5,43.49,71.81,10,121,125,99,118,69.11,-18.61,118,58.59,61.52
128,127,-13,147,59.87,-26,-22,49,-37,84,-4.16,55.52,7,48,148,58.53,61,43,21,61,-8.51,32,-15,-42,70.23,-34,13,53.06,66,17,56,42.66,24,100,75,32,-8.44,118,-47,79
145,10,99,68.58,107,95,49.61,20.13,53,97,106,36.51,80,-14.73,51,2.89,-3.41,43,56.7,71.93,12.55,55,5.02,21.36,121,104,69,19.5,72,26.1,58.14,7,35,24.13,85,-41,125,-14,-22,95
28.04,-9,-2,-35,115,-18.61,-26,-25,99,-1,13.53,2.33,15,-47,62.29,101,70.59,-1.19,108,-27,38.75,15,15.28,22.29,48,29.98,52.63,-27,-44,17.82,52,115,47.96,116,95,95,80,66.44,140,147
22,44.11,40.55,-49,32,-7,-2,-19,55.59,47,62.57,17.73,69,22,100,17.57,106,-0.71,39.42,65,-10,76,5,121,116,-6.4,29.54,83,50,-23.82,41.07,4.21,-37,-4,138,-45,138,-38,115,21.5
20.71,48,132,20,71,43.08,133,102,149,-28,4.89,-33,44.75,71.96,32.8,-14,143,133,4.29,73.74,17,40,89,44.84,59,65,137,18,72.43,49,61.89,-12.12,112,141,79,-23.1,64.91,10,45.6,57
63,2.97,9.26,46,5.11,-10.42,-22,-40,23,52.95,148,26.54,7,41.63,74.99,95,148,-34,20.07,149,-4.3,-2,-15,18.2,104,37.38,-46,-20.04,-7.76,25.5,102,91,20.62,62.91,20.29,9,117,21.73,56.9,64
19,11.64,73.24,112,3.11,74.48,-6.52,33,70.92,107,-28,35.24,98,1,-18.76,59,-14.74,81,2.9,41.62,30,67.03,30.58,95,-14,64.93,-32,100,14,8,19.36,-44,-4,18.39,13,110,54,-0.29,-32,72.4
17,-7.36,149,-46,117,66,-43,113,-34,117,-2,10,65,129,34.8,39,132,-9.27,109,105,-20.15,14,84,50.43,14.46,35,-16.3,7,64,-13.22,81,95,-20,-16.77,-4,49.19,-24.72,-14.07,31.48,8.53
-14,71,40.2,139,95,130,29.47,-10.16,146,29,59.91,41.4,-1.92,-10.61,117,-7.47,92,145,-9,-18,-24,108,33.79,26,22.38,50.59,29.48,124,149,-14.64,21.3,124,106,-45,83,59.98,117,117,105,57.66
45.48,-9.94,-25,5,-18.56,8.75,82,-8,11.85,-24,14.47,32.54,55.24,-46,67,-7,-47,29.97,-8,25.08,45.9,26.4,56,12,11.34,14,-24,61,59.36,-2.41,131,92,46.44,-33,104,106,42,91,32.78,36.48
52,110,99,37.88,28.72,-35,126,-22.11,106,16,1,8,139,41,-6.34,15,115,78,109,49.59,97,8.37,-30,-41,-8,3.97,25.48,-46,4.64,-6.65,38.09,22,104,-7.72,-21,15,-2,51.1,133,-26
79,40.62,19.1,31.98,58.62,-10,30,-13,98,21.2,-48,-2.76,-1.97,36.07,8.68,27.83,25.56,6.75,-40,107,36,138,88,68.91,-47,61.4,50,40,-13.78,38,11,37.28,-20.59,37.84,53.68,136,35.34,54,94,-2.71
59.07,-7.08,19.52,148,33.95,-23.99,55.92,28.06,94,75,22,47,-12.92,80,64,74.41,18.57,1,6.64,17.59,63,18,85,139,-16.14,114,43,-50,-35,6.38,36,24.92,86,-41,0,97,-32,-13,-21,-1.98
62.87,-49,-4.34,33.11,-1,70.66,-11.36,12.23,38,-33,2.72,14.03,13,113,54.42,17.33,119,-8.8,-29,22,-14,79,-16.12,121,61,26.97,15.27,97,31.56,93,61,40,51,25,117,20,81,11,3.52,32
67,48,62.62,-17.16,51.88,-8,60.72,35.44,54.58,100,22.09,141,8.44,-4.95,-3,-10.94,4.28,60,26.75,-8,20.86,75,-2.3,-33,-27,62.3,63,44.41,31.07,56.61,54.43,16.48,119,78,34,9.1,127,140,65.11,-8.85
129,-10,22,68.69,6,49,5,99,43,47.02,-43,146,-40,-20.76,145,69.36,64,14.82,-22.33,26,79,8,59,39.98,58.81,41.56,-16.99,34.67,114,-7,3,-2,-36,130,-47,-26,-5,-6,48,25
50.33,9.1,-41,71,32.84,25,145,-23.87,15.61,124,54,54.69,85,-13,43,27,-44,54.6,135,-13.32,92,69.34,21,30.16,52.97,0,-18,23.66,6.54,87,1,-16,50.69,1,80,95,-21.47,138,74,15
-12.08,43,109,21,72.67,140,-0.82,130,-2,97,62,55,53,-12.28,24.2,10.66,73,61.28,-14,-28,82,-9,38,-23.42,144,50,48.11,-11.06,48.46,140,35.61,118,6.81,51,-5.51,140,106,-34,129,105
-25,-4,32,68.33,44,-3.92,1.16,20.67,-2.62,57.2,111,121,53.39,24,144,-39,-37,81,46,141,24.17,149,112,-29,71.64,49,28,60.08,54.5,67,88,45.67,6.29,25.58,51,61.29,114,-39,-20,-33
-14.99,43.22,21,90,23,47.74,120,55,6.26,8.29,-7.57,66,-30,102,-30,108,17.02,14,121,32.6,86,-0.11,49.28,52.74,24,77,48,59,17.74,4,90,-20.6,70.89,3.7,22,43,2,129,10,42
37,36,63,35.66,116,-9.83,41,85,33.17,50.11,59.35,-11,44.09,15,39,84,62.99,80,149,-16,45.05,-33,119,127,90,121,-38,-24.09,59.32,111,9,73.22,35,72.08,48.28,74,137,-6,2,-31
16.71,24,145,42.74,66.93,14.51,49.68,57.54,-5.14,95,4,39,134,70.64,103,-9.76,10.56,-3.3,144,50,-14.96,-4.25,48.9,17,100,91,31.8,6,-34,70.21,107,88,120,49.06,50,119,36,140,-22,-20
-19,48.7,135,12,-32,-10.61,110,-6.61,62.52,-41,-2.13,98,-45,25.88,40.21,45.71,70,50,-8.46,100,-33,68.7,46,72.73,15.84,52.96,-2,-9.23,55.18,45,81,-25,47.92,1,131,48,140,50.79,41,80
80,78,137,38.29,-21.41,-35,32.39,48.39,83,-41,143,129,-6.71,29,-7.43,71,134,-46,58.8,20,-5.57,69.61,4.31,-17.13,123,21.83,128,59.07,53.79,129,2,41.78,39,45.64,66.4,26.81,37,45.09,24.73,12
124,25,10.16,137,38,47.71,65.31,-29,51,-5,-7.39,23,66.61,-7,29.94,86,83,-5.18,51.81,-14.89,0.3,147,-0.88,-4,80,18.19,39,39,43,-12,13.86,79,34.13,-5,134,-10,34,26.36,51.18,-32
-2.01,130,11.89,69.1,75,-1.29,84,120,103,-25,39,47.65,-17.85,32,105,9.2,10,100,141,-39,-37,-7,20.38,-43,78,58,74.95,72.78,22.34,25.25,105,-37,41.32,38.79,6.68,50.19,-2,-1.72,21,20.37
7,7.98,72,-1.51,-24,73,83,-46,66.55,50.1,79,21.04,85,0.15,-23,0.74,52.28,8,53,-21,57.98,64,76,104,-2.62,61,41,-12.62,37.68,52,83,-1.39,95,111,33.65,70.37,98,36,-0.58,68.39
118,-15,97,66,106,64,-10,97,53.58,-20.32,130,55.72,135,55,46.67,133,-22.95,61.13,-18.17,13.98,5.87,94,77,-33,64.52,15,70.87,-10.87,13.6,-39,115,-48,124,107,1,67.17,53,11.94,1,23.39
83,-17.88,-7.27,41.67,59,62,45.28,64,148,-13.05,21,114,3,39,122,-1,8.5,-35,70,63.38,89,-43,69,148,4.44,-31,121,11,47.4,43,78,-27,53.74,-28,137,29,141,71,38,86
104,-49,-48,22.57,88,73.12,-27,56.72,-39,-24.35,134,-15.35,81,68,32,25,13,114,24.02,58,63,14.03,-16.29,117,122,80,-23.7,7.49,68.99,-14.85,17.93,145,-11,-21.37,132,148,32.7,69.63,118,-13.68
149,50,116,54.82,65,64,-37,131,-0.71,-44,23,121,63.85,42.51,57,-2.69,69,-12.21,68.35,55,-5.76,52,-19,-12.04,6,66.62,86,81,66,-9.03,13,20.36,90,7.51,-13,43,113,14.41,52.09,84
97,66.29,82,25,8,8,-34,129,-35,16.68,4,33.41,-47,17.33,82,43.5,8.98,9,119,-37,124,-11.3,56.39,101,45,41.3,69.92,2.99,28,100,71,12,-10.43,-13.59,64.1,-20,-28,13,6.58,20.87
66,60,95,44,-20.53,64.65,-20.24,47.79,36.07,74,6.12,-26,61,21.47,59,43.24,85,6.4,32,-8.91,24,18,22.67,5.86,18.18,-14.73,106,104,39,66.15,43.12,27.12,43.98,-39,73.14,-23,121,52.45,40,71
1.04,47.35,0.63,37.15,4.96,-36,98,32,101,4,133,-30,54,36.96,83,29.44,18,61.18,84,-17,-19,17,17,69,-38,71,13,-7.61,97,87,7,52,30.02,14.89,65.84,80,23,-1.79,-23.65,-48
79,127,-33,118,19,-27,-41,2.11,52.07,34,25.37,-32,-2.95,117,66.19,64.91,94,0.32,119,-4.87,100,-1.96,109,39,14.74,22.04,-12.73,29,-28,53.79,12,65.41,64.83,70,-46,-10,75,54,78,-33
136,77,122,63,71.1,45,68,88,-16,108,82,60.34,57.35,-9.92,46.26,147,65,-0.22,48,56,103,9,30.77,-23,29.85,-27,111,0.72,21.95,130,-47,144,56.5,74,18.47,-2.71,-8,38,12,-10.37
57.86,114,20,112,27,-45,148,10,18,31,53,48.6,23.48,10,55,144,33,72.64,36.58,143,107,-21,111,52.36,24.3,27.26,59,-21.34,48.51,-8,-16.24,23.85,42,32.29,-5.94,83,70.62,87,42.95,-1
-24.42,15,29.26,73.87,56.29,56,43.85,-23,81,-23.52,149,107,14.63,47.63,22.45,56.48,42.09,-15.93,136,65,24,44.13,56.26,-19,-42,-15.63,116,-28,7,18.46,149,-24,-9.25,-30,8.09,88,29.31,70.92,-42,89
3,-10.92,18.08,91,21.89,-22,26.14,62.08,14,24.14,4,-20.04,52.67,47.97,25.42,-43,16,-9.97,21,35.58,43.73,-50,67.8,116,26.29,-8,110,57,-39,68.23,143,-33,-24,126,-6.95,110,3.19,-47,-27,26
-1,-34,23.09,-17,52.24,18.16,135,-12,54,-38,-50,11,61.88,-9,65.28,74,10,-4.95,32.89,73.21,-3,98,-22.84,50,114,87,142,133,-34,111,63,16.7,-21.66,-14.25,-44,64,38,65.75,-32,60.97
34,149,-42,-17,-31,49,31,100,-13.64,-20,-34,-21.43,35.44,73,-23.36,24.78,40,-16,42.68,-3,59,25.86,35.15,4,-22.92,1.59,-22,47,-3,10.44,65,114,33.83,-13.49,11,-3.06,100,2,36.31,117
-49,-42,-19,65,95,32.77,101,22,75,9.89,15,146,7,-8,-6.55,32,49.65,148,106,29,-22.03,54.32,10.7,73.63,19.68,14,47.49,71,-10,144,42,30.94,2,38,18,101,36.48,142,21.9,-14
33,57.02,34.12,23.77,18,12.39,89,143,-26,43.61,39.23,-16,142,-6.82,18.35,18.74,31,10,46,115,62,-21,58.32,105,24.69,-20.02,54.87,55.01,101,48.09,14.25,129,56.7,91,69.48,93,27.34,-14,72,-23
67.53,-12,115,-20.73,-50,-4,67,-34,-35,28.64,-24,-8,68.94,125,49.34,-17,-7.57,101,126,6.96,100,45.07,51,-4.47,58,115,47.85,42,55.84,9.2,31,106,-38,134,79,118,34.67,29,-24.97,114
-24.42,41.78,118,4,-17,76,16,71.18,43.36,12.81,14,34.45,-40,-20,6.11,-6,96,74.63,15.06,-23.31,-21,-8.65,85,70.74,3.21,-34,71.19,71.59,-25,73.11,20,19.74,-13.85,18.15,52,59.64,-47,-11.16,124,55.94
14,61.59,102,93,77,56,-48,70,-3,47.02,39.33,116,84,12.64,80,62.34,49.75,1,28.26,-8,95,64,45.9,89,-14.6,65.13,42.8,80,-36,131,109,62,39.38,100,-40,-18.45,23,-26,-8.58,56
144,-25,36.67,111,55.07,40.66,-41,62.85,72.44,50,46,-8,62.31,88,-19.79,33.12,-26,30.89,1.13,74.82,21.73,50.23,59,46.68,49.56,36.97,-2.42,62.26,-1.17,-12,52,-38,92,-24.58,21.26,41.48,136,87,92,115
13,137,41,128,41.12,131,-48,-3.65,-11,121,15,-19,36,122,122,68,57,141,66,-23.21,39.51,51.2,68,41,18.77,75,-47,147,17.95,58,112,6,0.74,133,-23.26,27.47,115,60,9,55
-48,-19.15,37.94,56.89,100,144,90,18,1,115,64.18,138,-42,136,44.27,97,-40,10.35,39,-1.16,109,0,135,-2.41,14,72,-46,-2.7,119,3.4,57,52.81,61.97,146,-45,83,-8,137,113,122
-34,73,54.7,44.62,101,-14.18,27.11,-22.92,22,35,125,83,-10,65.57,-22.54,16,70.12,26.69,106,-2,-16.64,12,-0.31,89,84,120,66,114,20.64,-24,16,0.45,73,27.25,-15,-29,50.69,119,126,-13.51
58.61,148,42.68,110,73.97,61,133,93,65.42,13,-22,40.61,-22.5,73.09,63.85,74.46,39.44,58,66.33,-21,41,18.77,93,49.57,40,121,66.67,101,-6.74,-18.55,58,14,35.29,30.9,6,-4,10.64,130,95,32.74
1,60.43,124,-12,-22.81,83,4,102,57.37,10.44,90,-48,-50,65,83,48.76,77,42,80,-10,-22.3,62.93,-11,48,-46,135,28,-15.23,107,22.19,-49,-32,5.3,11.79,-21,-1.72,23.74,-50,52.94,93
63.63,-11,54.44,65.63,79,99,149,12.25,13,86,137,13,9,-36,48.29,143,-6.3,114,29,-2.86,-35,-4,-2,10,137,50.45,82,71.17,29,4.01,54.79,-9.31,37.49,30.91,-47,28,41,58.74,146,73.61
70,105,44.04,8.25,-11.01,-12.43,59.57,8,61.69,69,95,-16.69,70,-11,-5,8.13,-36,20.84,5.54,135,110,104,-13,120,106,-12.3,73,41.99,15.52,10.48,9.09,-35,36,25,38,107,115,92,59.56,36.69
-31,49.49,89,60.72,-30,64,13.55,87,58.84,45,34,-25,62.07,63.45,26,68.59,2.96,68.34,51.23,73,61.79,19.2,9.88,3,146,-14,57,60.34,133,39,59.42,70.37,5,12.93,-10,68.65,26.71,47,-24,106
-36,-29,-11,37.78,96,19.44,48.68,51.02,46.53,34.79,61.92,68.94,12.77,84,-11.58,56.22,89,17,9,32.2,50.41,-4.37,-32,-5,62.98,9,51.94,-24.57,129,22,-7.48,-13,48,-1.74,-3,63.89,126,119,70,114
68.61,97,37,147,22.97,-2.81,21.54,43.49,37.92,115,-2,15,42,12,138,-25,30,9.62,80,0.35,-43,-16,123,43.04,-45,46.79,66,89,64.91,-28,-13.45,48,66,149,40,71,39.4,11.53,71,105
15,0.33,-18.94,33.7,-21,-10,-31,17.38,64.51,123,18,100,27,-19,108,-6.07,16,65.55,125,-16,115,-19,44.53,20,-17,-4.67,63,60.91,-3.51,-11.39,62.99,0,4,120,71,46,-1,137,17.67,60
2.26,-31,-11,62.46,41.17,7.67,41.14,104,142,93,27.32,6,-36,57.05,39,112,59.25,-32,-19,-19,62,35.54,22,-12,85,99,-14.44,53.81,149,13.61,-21.92,17.68,-27,49,66,73.59,77,146,45.25,-40
54.16,13,27.12,54.57,-35,0,45.01,47,46,13,12,66,67.49,82,-44,24.05,104,31,18,11,15,-2.05,61,66,66.2,42.66,89,18.45,61.06,-12.69,122,6,59,20,8,5.27,57,107,-50,2
14,87,32.14,19,9,-45,-18.14,-10.13,115,97,23.58,129,100,116,1.93,-28,7,16.67,-12.85,50,-9.54,123,44.23,103,37.97,26.77,25.32,88,-45,16.16,-24.77,-30,110,57.65,147,94,37.96,65.5,-33,73
125,66,62.75,0.67,-21,-10.28,134,10.08,65.96,31.62,143,71.5,56,71.11,83,128,37.63,55.39,45,-33,108,21,16.31,121,-3.57,70,97,-20,27.53,-7,53,17.15,74,48,33.4,31.73,-10.82,113,10,-17
75,63.77,60.03,-8.68,79,41.11,8.63,-30,59.09,-36,145,46.37,-2,35.86,45.29,51.44,116,47.61,58.16,84,60,69.06,40.54,-3,10,30.96,-10,6.19,40,-9,39.96,135,-1,78,-1.53,-14,95,39.73,24.12,22.08
93,8,19.93,10.43,-22.04,121,-16,105,-37,-10,72,118,101,-20,15.14,20.72,53,91,70.49,16,55,38,102,12,97,-6.06,-42,42.84,-43,24.4,143,108,25,-20.66,70.45,19.77,48.4,79,31.83,-13
120,47.07,82,-22.07,-22,-22.96,0.69,66,38.44,63,119,43.35,-6,33,125,42.36,31,33.77,127,102,-47,41,74,32.81,25.06,67,115,-49,1.85,103,-44,-20.51,52,83,72,-10.98,53,46.95,38.15,-9.16
130,-18.86,61,28.39,112,27,121,-18,13,114,-6,40.66,60.89,27,-13.34,60.01,-21.9,82,95,6.45,-10,29,27.88,45.71,74.33,128,-32,84,10.4,102,106,48.83,69.11,57.76,146,-47,40.92,41,-14,-7
89,81,18.29,-19.39,-21.65,16.39,-13,68,26.81,116,87,39,-20,28.03,2.57,-3,136,47,41,131,70.19,61.3,52.75,5,71,82,-2,7,44.15,102,97,19.11,26.95,135,132,78,63.72,22.29,61.1,-10.24
149,-8,28.99,-0.44,125,37,52,22.69,-14,9,66.09,70.98,87,-30,12.58,-33,-5,-22.62,33.1,-31,9,26.49,6,-17,56.98,59.04,14,111,39,70.74,76,35.02,135,137,95,64.01,9,-21,7.43,-45
-18,142,3.89,85,133,46.79,33.1,11,-42,29.92,-13,106,50,43,71,-5,124,59.16,31,-41,23,71.93,5,-44,-29,36.38,68,8.41,109,16.68,21.27,-5.25,-18.02,66.49,84,118,-4,22,41,45
-19.25,104,-1.96,34,-22,-1,145,-25,65,-18,72,59,21.36,128,50.5,-6,51,-11.58,144,55,10.83,0.44,-19,126,141,43,34,31.35,5,-9.68,111,35,45,122,101,82,47.94,74.91,58,50.52
-45,124,12.56,43.1,107,86,-22,39,135,36,10.39,-24.96,55,73.32,-17.99,-23.12,58.23,124,72.49,51.2,-14.5,54,31,64,116,61.31,67.4,-32,6.15,127,88,79,-25,22.54,99,-9,47.23,2,-12,48
53,82,-18,66.46,42,25.38,-45,69,107,132,-20.72,-35,28.7,117,111,106,114,137,145,55.03,114,14.17,-24.09,-7,31,63.18,13,115,26,3.85,124,62,42,101,-14.28,-4.78,41.88,59,68,-6.81
29.95,116,49,101,85,61.84,-4,102,93,92,20,60,28.07,47.07,70,-23,-33,76,64.86,136,102,66.21,66.41,18.56,24.08,-11.91,-6.37,104,-11.29,3,62,24.71,45.9,-27,13.18,67,64.04,56,35,22
69.52,107,56,6,58.89,18,-6,-19,73.31,-10,-44,37.88,42,86,-50,45,34.42,52.35,32,40,47.19,134,-50,-2,77,21.47,-11.34,65,31.8,21.02,74.23,120,17.96,136,6,94,49,12.67,118,-11
27.18,9.84,-41,-19.2,38.54,124,24,74,95,41,36.15,43.39,-9.47,-7.18,88,81,94,-20.62,149,-4,28,103,1.37,-2,6.97,128,122,-10.98,71.26,66,60.81,14.47,19.81,70.51,-13,94,32.46,140,119,53
-25,96,145,54.01,41,140,30.34,59.89,-30,-5.12,30.84,65.04,44.25,74.81,8,31.11,51,46,-18,-48,32,39.56,95,-23.75,-24.81,-33,32.19,70,149,5.06,35.75,55.54,-19.93,146,56,80,126,16.16,4.96,130
-26,65.52,-1.97,-37,96,-19.56,19,77,77,90,-15.42,62.1,36.48,41.43,-6.03,42.17,7.77,-16.78,107,20.25,68.86,121,25.46,114,31,71.19,45.61,97,88,54.49,-40,-2,-24,33.92,35.27,5.71,44.5,-25,8.55,142
70,26,66.37,5,145,47,-7,144,51.99,49.6,-1,-21,104,16.99,30,146,-6,11.99,39.33,47,-4,47,52,20,121,-16.63,0,32.93,31.09,67,81,62,-23.19,36.4,34,36.49,122,45.63,1.56,-8
128,128,15.03,74.84,73.48,44,104,113,32.48,111,74.17,-21,15.24,18,103,44.83,14,-8,89,-24.97,6,138,27.64,52,19.55,43.92,43.37,9.17,-8,111,54,44,54.22,14.79,128,-6,147,-25,104,11.22
125,-36,48.81,-10,27.68,101,39.56,83,54,43,0,74.51,-20,61.17,33.9,-4,31,118,145,-12.74,89,18,148,18.31,96,113,11.13,71.99,-2,107,53.04,28,108,95,104,133,71.09,-24.43,-6.84,-2.36
86,42,35.75,17.22,95,23,69.41,40,-22.93,49.35,24.27,13.49,-0.34,89,-14.76,42.36,-6.78,68,66,-3.32,88,-7.78,73,121,4.92,145,49,7,30.32,73.38,24,-7.43,48,122,67.23,112,-6.92,108,113,73.54
64.06,68.64,89,-12.35,-1.3,-14,75,7,16,56.39,-10,38.01,51,51.16,-11,-10.06,10,110,3,-10,27,73.45,39,86,36.16,106,79,7,62.81,18,-31,15,42.45,48,38.71,104,136,3.36,98,74.76
19,12.53,61,10.88,108,20.43,49,-15,37,12.41,97,12,31,-29,29,34,26.89,40.94,66,49.01,3,107,-31,-44,-35,49,19,143,59,-12,-23.08,65.11,-8.69,-40,63,70,143,120,-47,44.4
60.86,-32,69.81,46.71,60,144,48.39,9,108,-11,28.82,-5.59,16.69,119,50.94,63,149,25,93,-40,-43,45.09,8,-10,42.08,22,69.48,50.9,82,118,68.25,134,8.36,-6,-11,-5.69,-12,83,-17.14,-22
46.43,94,26,31.48,121,140,-10.69,56.04,71.11,-15,62.95,148,125,58.07,-25,-14.55,53.22,-18.09,130,34.06,0.13,51.32,70,50.63,15.52,63,-9.59,44,52.64,39,-13.04,71.45,78,91,85,12,107,-6.1,50.79,36.94
65.92,66,-7.96,30.43,5.18,115,55,149,65.06,50.92,5,45.16,66,27.63,137,36,74,45.44,120,48.61,-12,14.48,41.11,39,32.41,-20.36,12,141,26,-31,-47,83,-7,69.88,25,102,94,-15,62.03,90
-9,16.43,-31,39.79,49.67,137,69.16,-13.44,49.46,50.01,83,9.4,142,-10.76,4.7,-3,80,85,36,134,17.89,0.08,-37,39.24,-13,-3.28,-12.63,-28,51.63,-37,54,8.24,16.55,52.25,120,21.33,-16,109,19.75,15.76
138,11,35.81,82,41.05,105,115,-11.87,97,44.45,140,53.93,74.38,-11.23,38,-13.27,32.71,94,126,22.18,14.89,96,61,139,-25,56,103,13.73,144,77,-33,80,-40,-18.42,0,45.8,2,50.19,61,86
19,55,-6,-7,-32,64.92,6.32,137,121,29.07,81,50.08,15.34,11,-27,147,85,118,9,71,32.01,9.58,44,-2,5,62.38,-14.32,12.58,113,-14,47,39.67,70,8.46,127,52.37,46.31,-14.99,58.39,-48
90,-48,61,-19,47.31,55,142,93,90,123,26,18.44,83,4,66.09,52.68,112,26.29,-17,-13,1.76,-21.18,7.09,121,35,142,133,13,63,18,50,98,25.75,-28,-33,61,73.84,15,-1.57,7.96
73,-33,-23,2.66,62,108,78,-5,85,65.71,22,68.77,74.86,107,-18.58,145,-1.12,82,9,-30,-11.13,73.37,56.81,13.46,-9,130,0,114,24.33,-10.64,136,50.6,0.63,-31,38.41,81,-38,79,39.14,127
19.54,-30,-34,72,106,77,-14,78,33,-32,-4,22.7,2,5,11,83,-19,41.5,79,62.09,26,25.94,105,55.46,131,-23,-21,32,28,49,-15.93,48.89,-31,-31,-9,-19,-44,28.31,-43,16
-23.31,42,-35,35.35,27,39.69,96,38.42,-48,138,15.14,39,-28,47.93,-11,61.37,40,70,139,61.69,30.99,-19.99,133,125,-37,145,102,144,13,147,17.01,108,-5,94,-17.58,13,65.67,-7.77,85,47.28
60,-0.92,105,21,36.52,-48,49,-21.42,116,9.74,17.85,72,69.75,103,9.27,-12.3,13,28,-50,8,28,33,120,6.86,47,38.31,57.08,45.36,34,69.19,22.89,-21.14,56,130,102,-2,86,66,3,-17
-22,39.34,-17,48.04,-14,-7.56,-47,15.75,126,36.94,135,-9,71.74,68,144,48,21,12.12,35.14,34,21,120,74,8.09,-26,-4,-3.95,50,9,-24.39,145,-15,54,2.36,45,11,24.36,40,42,135
75,62,6.4,-17,64,-1.62,-45,26.9,60.71,-24.29,56,13.83,98,62,67.25,-11.42,60,-34,-8,112,62.93,-10.37,11.91,-7.19,54,16.12,53.69,94,58.23,17,34,7,123,98,49,-50,89,51.35,-17.38,71.6
68,7.78,-1,42,1.23,98,128,17,132,33,63,10,-16.22,18.92,8,13,39,22,138,133,89,139,8.51,41.82,83,45.04,65.83,33,-16.69,-34,-21.54,10.37,-45,112,-5.04,74.83,121,-18.69,10,-1.96
143,19.75,-3.08,-10,0.49,40.4,12.35,24.66,-20,36.87,65.47,-10,15.51,74.62,78,54.14,24,65.45,-19,123,147,126,-23,7.37,96,82,-3.72,40.67,29.17,49,44.46,7,22.89,65,132,31.66,128,26.15,41,25
-31,102,-0.53,20,32.73,108,17,66,-5.5,42,131,125,48.88,-25,17,125,60.83,77,62.12,-13.69,56.41,-10,-32,145,63.8,-44,-2,-37,97,5,-29,8.85,24,117,73.92,-27,-41,20,61.07,104
118,41.11,24,48,-22.62,35.47,10,58.62,4,2.71,5.33,69.31,43,50,66.1,-2.36,49.94,19,4,33.31,91,1.66,-22.82,20.22,83,127,-15.74,-19.08,27.25,25.4,82,38,-15,135,20,112,7,16.05,-1.44,-24
8,-28,57,46.08,70,-13.93,68.66,140,147,-34,10,138,9,14.73,4.12,55.22,18.62,117,66,123,30.39,64.79,-50,-4,40.53,-35,-17,12,-32,-16.03,28.33,69,73.49,12,40.56,-37,92,-39,55.2,70
77,-23.2,8,54,29,139,-42,-46,22,95,49.85,60,70.82,-36,58.15,-14.99,-45,0,40,-11.4,43.97,8,32,49,30,-33,63,-46,2.76,119,59.92,68.7,-4.44,146,29.54,10.46,22.05,-33,81,-15.9
22,141,123,-0.14,53.26,8.67,-22.29,37.41,49.47,26,108,18,19.78,6,41.36,74,-37,77,108,51.06,-41,91,49,19,65,-15.56,55.54,29,38.65,48,81,62.22,112,147,34.38,29,11,68.8,-7,11.52
33.4,7.86,32.69,37,-5.24,9.38,22,37,139,29.2,54.84,86,34,112,34.06,126,74.91,136,130,119,139,114,36.49,-22,-27,60.15,54,12,131,79,67.02,96,41,-11,-29,26.15,30.07,92,33,32.46
-27,16.39,0.75,142,-11,62.85,53.58,-11.57,65.47,17,-16.33,56.58,82,-23.01,28,122,52.6,144,22,3,25,16.4,123,145,118,12.14,17.56,-1.03,116,91,35.16,47.61,131,39.29,132,25.91,-49,68,58.15,-7.65
131,76,109,17.84,32.94,146,-31,-17.55,-12,42,20,17.97,144,-34,45,143,-19,-15,50,4.87,23,82,8.47,-28,22.89,-2,-11.66,106,15.09,57.6,35.5,20.55,11.66,-4,6.6,41,43,93,44.59,6
-43,44,-7.35,-17,25.1,41.81,98,61,2,-11,19,-38,47.42,111,-8,30.7,89,-1,77,72.12,58,-21.41,65.65,35.46,-19,-36,-48,13.63,144,5,55,104,12,63.05,45,112,80,13.46,102,18.14
10,101,121,68.95,35,-2,42.45,91,25.32,65,3.27,-27,40,47.19,9,20.75,124,98,22,45,28.45,38.64,-45,-4.06,74,44,22.91,149,86,44,-16,143,4.38,73,21,25,20.12,5.91,47,95
147,51.56,-49,46,5,43,-43,-13,38,-45,-30,20,31,20.75,-13,19.87,38.22,65.08,53,60.25,-0.04,35.85,94,-5,23,-11.92,62,121,17,147,39,41,138,18.16,15,128,116,-46,94,35.29
-7.41,57,-50,116,76,-6.36,32.51,133,-1.42,61.72,-11.74,15,27,80,45,-2.41,66,-9.59,15.36,64.76,0.95,-7.45,36.4,12.81,23.67,13,16.88,-3,-22.23,-20.8,37,0.9,-1,99,41,-33,8,47,18.86,44.99
-4,37,78,111,121,120,137,17,3,-2.38,79,49,53,12.86,65.87,82,22,-31,23,3.78,28.72,-13,21.7,-18.02,1.91,7.66,49.84,131,22.62,-24,-12.63,-12.76,54,-7.88,73.06,20,60.89,-35,4.73,10
4.53,56,-15.83,90,-4,82,121,2.73,-17.43,41.31,8,-3,104,32,-10,-43,-26,29.75,-49,4.3,43,-9,-24.72,46,84,94,33.73,-3,-13.85,106,-33,-11,70.37,135,99,68.55,93,-39,134,135
82,104,-29,32,113,45,8,13.86,-6,57.18,2.52,-8.11,41.97,84,131,-36,-16,20,-19,121,-13.39,55,-21,60,12.71,-13,-6.2,49,16.56,4,87,50.95,-1,18,28.11,-8,-3,50,87,0.19
-2,72.13,108,28.19,51,-16,-8.68,-1,45,62,40,89,-33,39.97,46,88,52.56,-3.3,-19.65,132,79,130,12,-15,-4,69,146,9,82,66,133,62.76,135,-31,73.85,36.33,-1.48,85,86,66
30.62,85,61,-4.38,4.28,-19,-29,42,-17,43,-24.14,80,110,7.82,-20.35,65,43.18,25,1.15,91,22.45,-8.43,24.34,10,-33,55.8,73,18,121,123,-50,116,59,-8,102,87,24,-19,82,-50
80,141,-9.28,86,98,-20,45,4.86,-14,126,21.94,141,128,124,58,130,49.99,3.37,33.96,118,67.62,62.18,-3.86,18,29.61,4,-13.28,-29,19,-40,77,23.31,-15,20.94,127,79,140,-7,73,59.73
-17.05,0.65,14,-17,94,22.5,14,-8,3.55,62,50,110,19,-34,107,28.88,89,80,25.15,-16,72,37.75,19.83,-16,63.6,27.55,98,29.36,-5.82,129,147,137,60,-6,23.97,69.53,125,15.83,-3.27,-6
-11.51,67.1,-44,60,65.37,2.37,71.32,46.32,39.94,148,87,-23.8,59,-24,6,144,42.84,29.27,85,-7.72,-10,84,38,-9.56,19.33,79,51,-47,71.05,41,18.47,-21.46,49.22,78,130,65.23,-12,55,5,89
29.19,140,12.95,-3.37,78,83,87,-26,51,63.97,43.51,21.12,24,107,37.9,11.52,60.72,45,112,-2.06,148,67,63.25,118,27.26,53,123,35.59,-0.85,71.16,28,33,98,64.49,-35,86,56.65,130,72,37.9
-7.24,4,0.76,-20.7,34.69,11,-11,23.29,60,90,-13,143,63.8,38,100,8,10,-15.38,45.07,19.83,28,2,59.65,119,0.8,3.15,6.83,-7.77,69.45,11,133,69,87,44,122,-38,46.43,7.71,23.28,-8
73.35,91,102,48.21,15.16,43.58,34.44,-21.67,23,36,66.44,18,28.32,125,19.19,-39,64.21,-2.21,6,69,-40,67.19,46,136,42.71,9,46,-21.35,20.45,117,27.06,63,-23.26,38.12,9,61.57,79,80,13,91
2.55,93,65,67,103,9.77,66.37,37,7,-44,22,65.45,40.4,5,-14,109,64.48,7,3.99,-12,58.65,-1.34,144,-17.9,102,8.29,148,37,22.97,18,40.47,60.01,-26,34,44,50.54,-41,-15.56,-10.91,142
131,50.32,15,29.35,16,-45,59,21,44.99,86,2.7,-0.47,2.88,18,-39,25,-18,-31,88,43,-33,62,67,26,-11,38,90,-23.45,-42,55,-21,15.29,124,87,5,52,30.72,138,-21.95,49
6.36,-39,149,20.75,51,59.22,106,10.05,-12.21,9,-50,137,34.6,27,55.03,87,38,140,-25,50.42,99,10.86,75,60.47,-34,117,-18,139,116,97,51,3,91,65,5,-37,-24,-20,40.27,131
65,7.36,31.26,32,12.39,90,70,15,16.9,3.56,19,20,149,-17.58,69,-38,137,3.28,64.34,-16.36,-0.33,39,-17,16,-45,3.55,147,82,-19.09,19,105,33.28,69,-9.1,-18.2,61,71,-30,6.94,-2
79,37.02,18.45,122,-16.12,18.17,108,146,43,55,-34,-7.17,21,116,2,144,-30,60,-2.39,-26,91,-28,70.43,-28,71.48,64,48.28,-4,18,50.29,-23.82,-13.99,118,16,8.52,114,12.02,125,76,-46
72,99,32,71,-44,-43,8.96,5,1.46,16,-15.32,-34,29.56,125,24.62,57.88,-11.03,-23,-14.63,92,112,40.3,74,103,93,52,-24,-32,92,126,47,1,55.56,-16,40.87,64.09,29.89,-13.41,92,67.13
141,-23.4,35.74,-8.75,-13,10.43,50,-46,-43,-1,63,149,125,22.24,-19,71.13,38.04,16,124,2.96,136,-14.65,119,-38,-7,126,79,-21,-21,146,49.63,138,135,37,91,97,132,4,11,-41
44.74,27,56,-10,129,6.73,46,148,-1.9,13,17.38,142,53.54,57,50.4,-9.55,59,67,51.42,15.46,4.71,83,-23.53,50.28,90,86,42.82,66,31.97,3.52,3,15.44,-5.04,32.67,2.71,109,-15.99,-2.57,83,29.07
100,-14,63,46.04,-27,-14.1,111,61,-27,12.63,112,-23.67,51,20.88,61,75,13,107,-6,60,120,68,64,-11.11,27.05,7.09,71.54,97,53,-29,74.89,-41,-17,13.31,12.5,19.28,24.36,58.7,48.45,71
-7.59,46,147,88,58,112,70.1,25,-17,5,39.97,11.76,40,-7.24,20,132,109,-19,32,107,9,134,-34,43,36,77,-17.96,149,34,49.56,95,-23,3,4,-21,13.89,112,34,-22.61,-49
39.27,132,19,16,-2,30,3,139,27.05,-19,35.2,37.09,-18,47.35,71.92,92,-12.42,36.24,-9.29,50.53,142,70.69,90,-8.2,86,-11,75,126,56,130,32.28,147,66.32,-17.17,24,4,-9.97,125,34.25,11.9
20,-39,145,-30,-44,40,147,12,138,73.99,119,59,23,73.54,64,54.77,81,76,142,51,-31,-33,36.54,-33,-22,60.87,35,66.24,121,-2.49,36,36.95,33.17,58.08,-22.53,23,128,53,110,69
65,146,13.12,35.97,27,7,15,92,57,63,51,16.2,36.48,-5.14,128,41.97,86,47.37,31,138,120,50.78,34.43,-41,41.14,20.34,-2.61,145,32,52,139,36,98,63.36,72,148,23.49,-25,60,111
31,72,0.03,26.8,13.69,118,-1.21,74.78,-7,4.53,57,21,-3,46,146,-20.81,143,-12.23,24,62.32,24.5,15,-34,33.04,50.43,99,118,-46,-18.14,45.17,-21.09,63,119,139,-1.78,10.51,78,23,49,138
111,-31,64,-8,54.59,62,16.93,27.33,109,32,53.22,68,4,6,73.1,122,-26,24,10.41,56,-0.02,63.19,148,-14,-8,29,3,-15,-39,16,-23.43,74.87,63,102,139,-33,-31,-50,-6.64,19
102,24,23,44.63,-18,120,8,128,-38,4.45,16,32.78,24,73,37,-10,68.3,-7,3.41,78,-3,138,1,34.24,61.45,99,53.61,2,107,-46,6.43,57.49,119,43,58.84,17,99,70,57,31.38
43,149,69.97,-3,51.76,14.06,132,135,41.74,27.54,142,9,-13,41.84,40,44,2.99,-16.17,58,67.29,73.48,70.11,32,33,-39,29.57,82,59,59.27,-27,143,64,70,142,-5,9.75,38.78,142,7.48,-25
102,2,116,32.85,1.12,8,16.16,-21.01,131,77,39.81,128,57,11,64.11,65.82,68.27,92,51,130,46,1,66.31,66.11,-31,-6.2,45,-24.27,-5.96,105,31.4,57,143,55,-28,46.71,44.91,-13.78,-9.25,10
10.33,-40,46.96,25.1,-18,-5.61,3.72,128,-49,31,41.63,13.04,34.75,29.44,46.58,-41,43,27.65,15,-9.69,121,32.74,54,27,149,-29,123,-40,58,144,31.42,4.57,-7.21,-39,124,67.15,-24,66.32,63.21,59
122,-1,-1.05,24.34,62,51,12.17,-18,-23.03,-2,71.61,52,90,4,74.41,80,56,-8.95,-4,76,93,36,-17.22,-28,89,45.24,-36,29.41,-8.73,9.88,22,96,-41,46.75,-12,83,-39,-13,-9,119
9,32.99,23.68,-31,112,6.63,67.66,10,-17,93,-19.64,106,8,-7.12,97,4.92,-34,88,62.11,81,29.78,10.62,38.8,51.64,-17.3,66.41,61,113,-12.79,31,55.5,116,-7.28,31.73,6.42,56.13,70,90,-24.82,17.5
69.78,11.03,-16,26,25,-35,19,86,85,63.86,18.16,-16,30,-36,2.04,115,42.48,71.05,68.44,34,70.95,-22,-22,124,-28,49,73.86,93,90,-22.77,127,14,8.5,146,-7.8,13.7,71.52,95,5.17,-42
56.87,23.11,42,117,121,68,20.66,3.11,140,39,-50,6.01,-46,-7,-0.03,31.22,99,69.48,142,-13,8.96,100,-17.88,147,46.99,19,88,-33,10.57,104,9,75,130,74.16,53,41,-33,31.71,106,1
69,44.07,69.44,118,108,85,60,119,-33,117,-2.45,116,-16.96,129,-15,41,124,73.39,-3,45,12.87,7.29,21,64.51,127,-16,70,23,-5.61,73,41,7.69,62.92,128,-14,63,66,110,-12,-15
138,32.23,-4,16.28,57.17,107,-7.74,30.63,-34,29.27,-4.1,12.24,-6.58,119,66.55,13.16,53.56,-42,33,116,124,16.28,87,-24,149,-28,-48,53,-48,-40,18,-34,19.84,67.24,101,144,118,39,135,74
-6.43,-0.49,-4.62,117,38,48.92,37.26,24,-39,102,26.62,23.67,-16.26,133,-20,-15.42,27,37.43,15,-50,-35,89,-22.01,30,70.23,-42,9.42,20,3.42,71.14,55,6,-21.48,-12.46,37,19.12,27,-15.9,-35,-29
-14.9,67,85,-23.33,-39,43.99,44.48,41,141,73,24,36.21,15,29.55,47.25,110,50.05,64,108,129,42.8,-9.81,48,39,33.91,44.99,-2,103,-38,140,0.73,39.78,80,78,133,95,20.6,120,-7,-17
-19.93,1,-17.39,63,-44,10.91,67,25.62,69.5,73.81,-25,45,56,14.33,102,40.52,110,41.1,99,-2,30.27,19.63,87,89,31.4,106,37,-1.5,73.36,-40,75,123,115,108,13,100,10,39.88,-38,112
137,38,120,29,30,83,63.38,57,9.2,-3,35,2.9,-6.51,105,15.77,-2,-5,62.55,40.74,-3,5,63,6.92,104,123,105,-20,93,-19,122,2,119,-25,61,20.05,49.97,67,-5,21.77,-0.97
-16.58,-20.08,21.85,30.29,117,49.74,79,-37,72,31,-30,60,50,3,96,85,59,25.39,66.09,-0.91,90,14.23,22.35,-2,95,24.3,83,145,2.46,71,58,78,-6.36,25.18,146,42.03,64,-43,75,20.12
51.29,43,-8.58,-1.61,-26,-14,-16,-18.32,50.67,-3.63,115,25,11.95,118,-3.99,-6.08,105,78,-10.3,29.89,101,73,135,58.82,148,59,41.6,17,25.29,28.74,87,73,134,20.61,-17,-15.42,101,-21.41,58.01,-15
60,71.87,29,33.74,43.09,-10.16,107,-11,37,-44,122,55,-1,49.48,72.97,-46,108,-11.25,112,141,61.09,-13,62,-13,76,49,-43,3,-12.6,101,18,80,122,84,148,53.21,-8.47,4.22,-17,-14.34
80,-32,79,89,-9.93,-30,27.17,45,66.37,29.13,60.79,-47,-47,38.15,58.12,-21,90,-43,44,-22,138,77,106,121,74,-0.49,54,-24,4,-49,112,3.58,43,92,-4,63,26.13,-30,131,68
70,10.59,52.17,6.9,80,105,79,46.96,-3.85,53,-4.45,-6,18,4.77,9.87,-40,6,125,-30,9.23,136,-22.67,121,62,-18.18,-8.23,50.31,132,21.87,26.31,129,-3,-21,71,72,-12,46,-48,32,7
-2,41.45,55,111,52,97,45,-48,-39,66.8,69,-10,73,73,136,44.76,102,108,-35,-39,-0.08,-33,-22.44,83,9.02,35.53,26,-5,27,-11,-44,50,20,-2,97,63,31.02,46,29.7,39
-1.61,47,37.78,38,63,58.75,14,18,-49,-15.64,1.29,64.68,21.48,72.05,31.32,31.07,-22,58.84,109,-39,58,-30,75,54,-34,-5,24,71.07,41.44,116,59,19,-2.29,17.11,22.44,-31,125,30,76,95
85,145,70,-47,-0.01,17,-0.95,10.3,12,57.3,17.98,140,58,-18,54,77,-18,30.03,-2.69,-39,32,52.53,133,132,-12,23,144,67.53,-18,-7.95,-12.24,106,22,-29,25,8.84,-11.35,-22.73,-11.98,95
55,-36,-38,14,103,13,-28,49.21,34,65,71.61,55.97,76,36.47,104,29.07,6.89,-42,0.99,7,47.82,-32,8.37,139,-6,42,-29,13.92,-37,103,55,-43,-19,14.31,-11.62,7.43,53.47,98,11.61,37
10.08,27.62,56.23,7.6,61.76,-41,10,-12.66,71.02,-8,27,46.19,-29,53,45,71.68,13.1,-45,-46,18,107,92,66,15,-8,125,70,130,42,126,2.05,58.55,12.75,93,33.62,64.72,-19,52.58,-26,127
42.97,3.94,126,138,130,96,105,-1,14.72,86,-15.11,-21.13,-10.27,40,73.01,6,22.33,50.19,95,14.05,-37,124,63,1.9,55.41,149,17.55,43,-13,92,5.4,2,40.7,4.88,53.75,-6.29,16.02,-40,26.52,32.59
141,135,-3,7,143,31,12,147,14.46,4,-4.75,33,77,106,37,-32,7.16,-27,-35,94,20,131,-7,25.63,-13.96,100,53.53,144,57.74,0,117,68.9,-21,74,-26,9,83,91,-31,-2
-16,71.49,65.46,40,-3.66,-26,51.98,53.09,74.96,103,-7.67,119,64.59,19,32.37,146,94,93,-9,4,-1,117,-15,41,42,21,-18.12,17,-36,39.28,143,55,37.82,48.29,40.95,4,56.39,-22.12,34,8
53.48,149,-31,13,132,2,53.67,-22,34.69,147,47,25.77,3,-44,13,55,63.71,110,-44,147,44.82,20,53.17,137,15.25,2.6,26,-9.92,22,2,-43,-9,9,51.44,-20,104,31,147,-22.65,32
9.73,58.65,0.81,58,-18.24,70.18,148,-46,2,10,109,43,15,127,63.8,-18.33,-18.15,60,109,73,89,7.62,101,35,115,10.8,36.35,-2.22,46,22.43,57,100,39,88,-16.14,114,8,9.44,115,119
47.24,25.73,5,114,47.83,51,106,58.18,11.8,48,-11,28,103,116,67.67,81,48.25,-32,-50,0,73.56,-18,8.39,-26,22,131,-42,39.89,72.52,-38,67,-49,80,39.4,49.42,24.54,75,41,34.18,109
34.47,41.04,53,75,72,72.04,8.73,23,-18.97,-30,77,140,4,-35,65.93,63,46,24.38,4.94,-23,34,58.98,4,-20,26,2.22,-7,20,-48,149,135,-5.41,38,16.87,-20,20.95,31.59,141,-23,139
70.09,28,146,82,20.01,-10.19,-27,28,50,109,36,94,62.14,38.09,116,-16.08,-2.82,96,121,40,-23.14,45.71,-21,22,67,65.2,102,69,23.46,-24.98,-28,-5.56,22,7.6,36.42,-1.31,126,-23,34.73,16
6.62,22.12,16,21,27,51,41.57,69.15,19.68,8.02,-26,12.33,-32,16,34,56,74.5,-7,46.82,55.56,23.1,115,52,68,86,44,54.11,67.93,76,-9.94,-17,-9,118,0,140,6.2,-12,28.52,37,0
141,-26,22.72,-25,67,28.31,63.81,-28,64.19,80,30,5.55,68,80,67,-5.86,3,-31,-6.03,-31,61,38.6,16,64.9,39,74.79,17.9,71.65,29,-14,33,0.91,111,-18,87,44,12.93,-8.16,68,-42
19.71,-15.45,-17.77,24.9,38,69,72,-48,-9,14.79,-2,29,128,-14,56,18.17,54.63,-18,39.3,2.53,-45,40.5,-27,33.21,-43,143,54,75,-23.61,9.71,-10.74,16,24,93,-20.09,119,119,139,27.89,112
-21.17,91,41.2,-5.89,-7.4,134,109,15,116,18.74,49,49,-11.81,30.67,70.52,-6.23,29.15,62.36,85,3.95,-11.02,-14.26,45.49,50,85,6,-23.74,57.59,73.45,41.96,61,101,130,-17.92,113,13.96,13.1,-20,98,-11.49
59.74,11.12,2.02,50,6.84,59,66,91,131,60.38,68,6,23.06,10.84,-18.09,143,2.81,65.28,46.03,39,11.09,-13.38,14.66,40,74.41,-5.2,-10,39.23,-32,54.23,36.25,-25,103,29,-21.45,-35,-35,74.56,18,-7
78,54.53,72,8,-12.09,35,63.86,6,71.7,74,147,-9,3.19,-5,30,-6.7,-31,103,33.24,39.02,-24.21,-26,60.84,79,-40,-3,87,110,-5,138,-36,-32,135,14.28,72.39,4,7.51,8.44,124,50.18
3,32,-44,124,-13.8,61.23,50.08,4,0,7,-24.91,131,7,14.05,57,117,41,2.91,-12,30.24,14,106,136,81,66,73,0.67,-45,107,-24.53,128,42,-18.54,-28,15,1,73,137,33,20.82
33.73,128,-26,16.6,40.45,-32,-29,91,122,61,106,30.09,49.3,29,-25,-5,-23.37,31.37,56.79,139,59,25.02,126,-16.94,57.67,44.49,-19.95,98,115,15.27,15.61,75,-16.05,128,-14.63,107,59,46,-14.17,17.27
70,-28,-25,36.37,46,85,59.65,46.05,69,133,91,54,-23.43,-40,57,147,22.82,132,87,-25,6.02,3.32,-21,-49,97,-43,8.62,-38,13.2,-14.19,4,-22.84,-11,-9.57,60,-1,101,-41,-15,-10
74,5.06,33,-3,18,130,60,32.33,90,-4.39,110,7.97,-42,9,120,83,57,71.81,21.8,65,59.12,36,45.22,68.16,-18.14,-43,-17.38,136,68.55,47,49,-16,82,76,-15.43,-8.86,-13,-4,44,120
54.69,67,78,29,125,-2,7,108,139,102,111,103,50.42,34,-7,-19.9,127,0.69,33,19.43,-20.77,-33,32,55,-13.3,-11,110,69,-9,117,55.44,30.63,20,23,39.34,-22.39,24,136,116,-31
-24.87,67,6,40,-5.96,66.05,30,64,4.81,119,70,35,-20.48,124,-30,42.65,-38,22,86,126,124,49.37,-17,-8,135,-24.66,27.64,-4,1.58,118,37,28,35.27,91,-9.52,9.76,146,-30,5.49,67.68
31,57.93,12.62,56,73.87,28,62,40.76,50.01,48.24,119,-12,12,25,63,-27,141,47,49.94,15.33,-45,138,-0.78,10.1,92,126,-17,65.51,-37,33.1,55.62,128,143,52.81,-46,131,48,65,-9.98,10.41
-20.19,64.8,74.95,121,-7,5,8.63,70,-11.81,-33,54.92,-6,123,1,-14.47,-31,-8,10,-21,-13.73,145,130,24,49.58,20.65,114,4,2.98,52,86,-19.1,65.26,140,9,117,93,43.2,5,-9.67,56
-34,114,-10,6.14,-10.14,64,37.72,-5,-30,47.99,83,73.42,144,88,46.17,72.2,140,95,48.92,-15,13,-49,-25,137,2.24,30.75,83,20,113,20.04,30.52,47.45,36.39,132,30,146,-12,33.07,-5.93,17
-25,26.83,-19,30.4,13.02,61,58.54,-1.54,129,10.12,25.16,112,3.07,-50,-20,-41,91,-19.02,-12.07,22,26,143,88,34,3,-44,-23,98,68.44,41,148,12,73.67,41.14,13.65,-37,14.66,-47,60.38,143
38,-41,5,59.73,78,24,48.5,33,147,-24.81,32,-12,41,72,30,-4,-22.22,109,-38,-37,9,22.57,-18.69,50,41,6.8,143,40.33,64.73,2,-22.45,100,-3.67,50.78,26.92,31,99,4.51,-6.66,35.46
55,46,-4,6.55,64.02,79,31.68,23,16.83,5,27.41,68,10.45,102,77,44,69.37,148,23.09,139,25.46,-46,43,-4.29,16.03,-22,-5,105,-0.49,71,-2.37,8,45.53,70.77,141,72.25,11,-8.67,37,19.95
-48,3,-45,46,73,26,-36,0.23,41,35,125,140,142,-17.03,-1.67,57.98,-9,-28,68,52.92,-35,52.82,120,29.28,18,137,-9,-6.6,15,11.19,47.65,-14,-16,42,30.25,102,29,71.62,-7.64,24
147,129,108,0,109,56,-14.76,61,-14,-26,-2,91,-23.03,37,-8,56,-24.66,-17.42,-37,-37,-15.58,126,16,-39,-2,53.16,-38,38.03,47.28,32,52,45.43,80,117,27,67.72,52.22,119,129,47.51
84,41.71,71,10,55.18,58,9.68,58.78,49.22,111,-29,142,54.15,18.53,48.47,70,-18.8,-14.1,40,-8.7,129,-45,62,-4.21,61,69.98,70.29,118,53,32.07,11.75,-7.52,112,-40,50,61.43,25,-22,-15,21.86
28.25,74,44,20.99,42.62,-20.39,26.88,112,25.85,35.09,28,53,-48,18.36,69,56.46,51.95,-16,4,141,-0.6,-40,89,-6,-19.34,49,-25,65.76,18,66,16,72.29,-16,13,-44,-22.67,39.84,0.18,94,46.22
60.59,-46,135,50.09,22.3,-11.11,-12.43,30,89,11.66,-8.53,-25,34.1,5.6,116,-5.08,69.2,81,92,127,-15,141,-35,-36,42.76,49.21,-38,81,42.74,74,32,-15.85,0.41,23.74,18.88,46.57,10,4.49,47.2,42
43.02,132,92,13,-19,34,114,70.64,106,-18.01,6.46,135,-5.67,40,112,31,63,108,50.12,72.23,119,-23.67,77,-8,83,106,32,67,18.94,48.11,-14.69,41,17.15,69.11,30.34,-24,60,9.85,30,-15.42
-10.07,-5,64.61,145,39.09,-14.8,15,76,-38,116,13,-5.83,71.5,-20,28.62,115,22,26.71,55,-18.39,32,97,-45,61.02,148,106,24.66,14.34,24,120,22.46,28,34,50,-40,130,38.54,55.53,38.53,121
61,-48,34,-45,-40,-12.45,59.99,96,120,49,17.68,73.56,82,-7.25,71.72,43,100,100,23,79,73,60,35.16,100,-6.67,71.53,78,5,-8,-18,-15.53,-35,68.39,72.95,-12.23,-23,22,-47,88,69.52
47,-15,88,20.68,69.98,-25,33.54,45,114,125,18.18,68,19.32,-1,59,62,23,-4,65,6.34,34,20.79,33.84,68,81,-44,75,72.12,29.19,21.75,7,21.49,50,65,68,9.6,53.83,-20,58,1
57.37,-14.21,89,-24,106,-18.73,4,91,-4,20,-18.53,-30,-33,101,-9.96,8.37,80,28,-22.66,54,57,75,51.64,118,111,-35,21,66.16,88,132,135,64,25,-44,50.35,46,-30,133,45.76,5
25.17,-5.07,63.45,-14.71,109,129,-1.52,44,61.91,53,-44,66,85,13,106,66.72,35,-3,82,35.41,24.42,-32,19.9,92,62,124,67.38,66,59,39,-22.34,10.96,64.28,55.15,5.38,25,43.34,-14,-48,102
140,-10.49,66,36.73,-36,78,73.41,44,93,74.84,-38,-26,-12.1,-15.98,57.34,-36,76,-17,-11.08,47.92,-8.92,127,-25,-5.01,76,60,68.02,36.03,40,43.12,-0.27,36,-36,72.85,9.96,14.56,132,24,-41,108
-48,2.11,0.61,-24,144,35.91,78,48.87,83,-2.68,-10.56,-33,8,-19,70.75,23,3,6,-25,23,33.12,42,89,-5,34.35,-2.06,32.9,62.78,56.73,143,72.48,61,50.68,50,61,38,58,72,124,57
43,7,45,73,22,74.86,31,17.68,-5.01,55,114,137,15,79,56.05,19.26,43.81,126,42,-20.84,101,95,-35,21.8,32,58,104,-14,9.31,47.67,52.53,3.23,68,98,6,99,-22.77,70,62.23,7
2.38,25.69,103,101,61.29,20.02,131,87,56.14,1,68.21,25,67.04,-17.4,-48,32,-39,78,27,60.8,146,124,-12,-27,-6.65,-8.76,-10.93,47.8,132,144,61.29,-37,6,83,-21,18,5.7,42,76,62.11
-20.38,31,22,-17,-11,-37,9,48,35,-44,102,26.77,-44,21.09,18.98,56,38.21,26.46,11.2,81,53,-16.16,0.06,-17,90,-20.68,92,-2.58,3,74.13,-22.06,66,-30,132,37,-6.73,-3.73,67.88,28,30.56
48.88,37,141,62.32,120,-19.35,104,57.57,6.11,47.09,137,38.36,72,15,125,43.69,-4.7,120,39,126,107,78,2,63.46,20.83,-13,-12.08,73,-32,71.52,60.14,59,-3,-8.3,104,131,97,65.7,52,66
28.88,13.41,41.55,66,63,55,-42,113,29,28.66,62.89,-46,84,6.23,-12.7,57.01,50.68,-24.98,142,13.87,30.95,22.88,61,57.29,83,64,-12,82,115,57.37,-21,34,29,-24,-39,85,27,66,34,33
142,-2.99,45.09,-45,-23,73,11,32.2,76,44,96,148,143,89,13,-7.98,15,37.51,-0.49,46,121,74.16,127,-25,9,68,144,69,67.11,4,41,49.82,106,130,70.15,25,-38,42,66,1.84
24,17.03,-45,25.29,17.11,-14,56.83,29.82,-35,111,-11.97,140,1.08,67,26,54.76,-22,148,25.58,24.27,7.02,1.16,31.17,72,-23.32,14,43.6,24,33,-49,131,-34,94,73.21,80,-14.91,-25,144,70,54
109,104,-11.37,45.76,-10.89,-29,37.79,5.58,-5.24,13.24,120,117,135,77,-2.61,41.38,-5,-13.64,104,77,142,39,68.53,116,-46,-44,69,-10,23,90,72.54,10.46,16.67,29,16.36,45,48.66,6.19,21.63,66.83
55,-35,21.9,-5.29,62.86,-21.28,110,61.72,130,118,19.66,-2,80,61.65,57,59,100,16,40,137,104,52.02,67.14,53.26,-8.15,-1,-18.77,18.73,43,-17.56,144,36.58,26.73,42.91,127,-9.89,-16,48.11,98,55
125,24.17,142,98,97,3,130,82,53,106,117,26.75,40,-0.33,-12.25,84,60,21.07,110,-19.98,147,18,31.51,-17.9,82,32.58,121,-3.38,147,-20.77,79,-7.89,110,-2.17,-16.14,67,32,1.31,113,-1
74,3,138,17.23,44.19,112,102,128,137,-34,75,87,-21.95,-27,48,-22.46,42,-46,92,-10.83,135,45,38,17,130,48.12,7,58.93,32.53,125,124,-14,8,144,65,-31,141,57.65,16,-43
22,78,65,2,-14.04,140,123,-4,60,79,-4.23,135,128,69,10,-3.13,114,84,49.82,10.96,59.52,13,39.32,109,124,60,48,0,124,-19.8,-26,60.75,-23,-20.81,24,115,68.83,-3,32,85
-15.31,73.67,99,84,74.04,21,81,67,48,17,79,131,26.96,-45,-24.49,21.47,39.46,56.64,50.06,20.22,-26,148,6.36,82,27.15,-16,-23,18,121,74.58,-37,25,45.11,42.64,87,-10.37,33.86,19.2,40,31.65
103,73,25,20,-1.82,15,131,63,-6.85,5,70.28,106,42,103,113,70.6,-18.79,13,-5,15,135,30.62,-15,135,6.94,35,25.18,108,21,148,-39,24,142,31,61,7,126,-26,-31,31.84
36.07,-24.34,-2,141,25,54.53,60.44,-8.36,30.68,56.14,38.86,55,58,75,73,-17,-20.9,-8,7,-19.07,110,116,63,61.09,28,70.41,-9.98,130,-15,104,68,-24,92,17,49,119,33,6.33,99,18.72
74,14.71,4.69,-3,126,11,-20.92,-13.61,115,6.16,107,14.04,14,55.2,15.05,5,119,29,49,9,41.12,23.29,13.44,138,45.51,49,115,55.99,113,97,141,16.4,122,136,-15,83,25,-10,71,130
-16,64.51,5,-32,86,-2.19,67.34,37.52,18.13,118,-22.11,-50,74.86,-38,54.95,-48,-36,-42,-23,62,-42,82,-1.97,-12.75,64.81,-48,48,-17,76,-6,5.1,2,32.64,102,-12,-7,134,17.38,72,-30
148,66.51,2,47,12.39,2.18,34.11,54,-1.78,-3,14.14,64,11.11,74.32,-27,73,-6,6.39,116,-27,97,64,126,11.94,-41,-47,132,37.95,-35,-14,26.35,60.88,16.37,91,49,81,140,87,47,19.23
27.29,37.37,17,29.29,-21.11,-26,67.7,59.79,-5.82,28.64,-15.5,-35,123,14.06,127,114,111,75,12.26,-23.55,-15,30,74.81,13,42,57.53,86,30,74.7,27.15,33,-31,64,-15.11,-14.57,42,9,111,81,94
128,20.82,112,9.49,31.08,59.78,119,-16,20.86,17.92,69.09,39,26.93,15,-18.24,148,-2.09,-10,27,-12.15,52.47,56,128,62.61,16.33,-13.04,15.34,41.3,-22,46,25.29,4,-8.22,9,-17.47,7,-18.23,60.94,106,71.14
29.09,7.15,3,-49,73.76,61.47,72.67,108,-16.47,-12,11,2,36,103,50,70.09,55.38,70.24,2.75,6,135,53.7,21,52.69,74,96,69.91,132,97,39.96,-1.3,127,66,28.95,48.29,91,-9.49,42.86,138,68.23
-4,44.23,-19.41,-3,125,-24.56,104,82,6.19,34,70.78,-6.07,138,41,62.56,52.43,104,-29,28,19,55.19,54,144,28.1,8.24,47,31.75,34,-1.35,36.79,9.72,-11.5,48.61,41.88,85,13.02,-0.19,62.85,110,-14.15
60,0.27,46.07,-16.89,44.49,33,1.08,51.19,80,44.39,37,85,123,-15.08,142,56,41,68,-2.13,65.11,17.45,66,33,109,2.71,33,12.54,61.96,-17.83,106,13.58,-5.9,-6.51,60,46.45,-23.45,51.58,70.96,5,15
66.4,47,54.86,40,97,2.57,-11,125,65.3,-14,124,23.33,20.55,55.88,66.7,25.58,38.71,74,-4.65,-31,32,59,29,-24,-8.68,100,19.3,50.84,4.44,106,-15.84,58.51,55.78,149,-12,32,65.5,63.03,70.44,-10.41
121,51,7.63,-5.56,35.66,-19.36,73.57,21,63,87,-25,41,26,146,52,3.11,74,71.9,73.91,62,88,-30,145,63,15,8,-3,45.53,-22.17,45,143,-23.3,1,39,66.81,59,112,-1.01,79,43.5
26,112,-33,11.35,23,-7.63,27.08,137,38.98,118,-45,10,95,32.69,-14.9,-29,30.83,84,121,-10,-1.98,9.91,-12,19.87,4.64,11,117,73,32.03,25,9.57,13,31.54,-34,31.7,-21,-9.84,20.59,-12,105
63.33,1,2,-2.73,-18,17.73,10.68,141,124,27,105,124,-6.76,140,32.23,10.36,27,68.36,-23,43,-39,19.21,56.99,-15.33,6,52.32,36.97,17.05,-36,55,56,125,59,20,10.2,55.66,-45,60.27,-20.96,127
-18.88,-24,-6.01,67.9,-37,58,21.7,-26,3,-30,112,52.64,-5.87,42,-39,0,94,20,104,49.15,46.44,66.96,8,49,6,72,97,29.31,32.51,29.27,32.3,24.37,3,92,53,25.67,8,55.25,86,123
143,69,-12,-35,50.69,64,43.17,-12.2,-6,140,57.97,63.37,-27,-21.81,62,-42,-19.99,82,106,-37,15,90,18.25,-24.93,-17.08,98,-14,149,86,-24.87,-2.48,-10,47,72.53,114,123,149,-15,24.5,51
90,-10.07,4.46,-4,120,60.54,42,5.73,-46,33,64.93,82,74.12,85,-15,54.11,27,36,-9.97,7.91,74.49,86,67.25,70.74,81,148,-18.92,47.26,90,106,58.19,50.68,-2.78,84,-43,126,24.73,96,24.38,66.66
109,148,50,8,72.96,28,36.1,103,76,-4,54,128,80,16.3,31,32.54,12,10.34,59.61,129,34.22,43.68,40.24,10,-16,76,-22,118,-34,32,-14.89,109,116,38,21.77,-4.21,116,107,72.33,11.19
89,-15.06,51.58,-41,31.42,103,11.13,30.82,61.32,-1.82,67.67,-16.84,-10,148,28.27,-15,-23.43,42.46,-17.32,53.72,47,135,95,24,148,-32,129,137,64,143,-17.8,-28,-43,7,26.71,46,33.98,1.97,36,-41
-26,-6.63,42.16,39.71,-9,26,29.18,115,5.42,19,17.78,19,1.51,55.33,-22,7.08,124,-39,-30,-5.15,27,79,75,90,-6.88,-23,-0.52,37.95,79,107,34.02,36,101,56.77,97,115,75,118,143,53
120,105,10,67,35.6,79,11,-49,82,-14.81,76,66.39,22,133,95,123,13.67,66,-13,62.78,123,64.25,54.95,20.68,133,118,28.75,-24,-33,77,106,3.35,15,37.02,37.37,-12,-15,26,107,15
94,88,145,7.37,-12.65,21.71,125,-34,69,55,139,39,125,41,97,32.89,77,80,-48,44,51.07,126,-13.35,12.74,76,42,106,51,16.75,54,-24.03,23,42.27,149,7,68.71,1,82,33.3,-16
23,33,54,57.43,21.92,-4.4,57.14,28.17,47,43.61,-17,-5.46,5.09,20,74,60.74,10,8,48,73,-6.66,111,67,0,18.65,34.5,-6,-9,-22.73,46,43,83,114,-5.65,33.93,129,27,124,57.02,114
112,21,62,4.31,-33,129,72.24,34.45,-8,136,26.88,12.83,-23.99,61.44,-16,89,-30,106,0,97,2.48,-11,94,52.34,15,124,128,113,20,-17,113,25,69.92,31.78,50.22,-26,4,16.18,12.85,58
92,119,67.93,3.36,71.48,5.52,63.23,137,-12.53,113,36.74,-43,76,49.36,10.75,21,94,39,1,107,57,-27,130,70,-45,50.79,24.8,53,45,27.83,18.23,69,37.02,64,130,-12,67.55,11,-42,30.77
-8,94,114,144,58.49,58.67,94,-15,-34,20,42.49,9.14,69,146,16.86,40.33,140,136,29.22,28,114,129,31,37,-27,68,64,4,115,48,51,118,122,52.21,9,10,-4.26,58,83,96
55.99,54.58,68.78,142,47,-17.78,-14.15,50,91,37.54,-16.21,142,113,-4.09,21.8,62,64.82,105,26,65,62,7,-28,49,13.87,-12.27,68,-8,28.53,94,83,59,-14.47,144,132,134,-5.46,24.85,76,-16
11,122,39,31.55,137,18.41,51.7,116,52.29,-23,63,35.78,-48,-13.37,134,149,126,38,-16,27.18,110,22.04,12,15.05,-20.42,29,104,13,147,147,-15.68,-24.37,-14,8,27.24,46,41,-46,15,-22.45
39.71,-48,-12.77,113,-9.31,34,4.37,139,18.11,1,-17,63,-46,39,53.12,108,122,109,-29,31.82,47,148,22,36,24.61,70.3,114,22,43,21.15,14.3,123,-0.11,134,38,13.22,31,-43,42.78,-11
19,-32,35.19,-19,147,10.88,41.01,50.93,72.8,-44,18.61,53.3,20.61,57.84,18.54,22,-2,106,95,101,149,-44,8.52,127,-25,130,-12.9,108,113,67,-23.71,63.7,129,-14,-12.55,53.9,14.85,22,-11.95,90
25,12,52.94,-17,-43,-4.71,37,24,-46,-49,70,115,100,105,5,22.12,112,68,37.18,48,-34,24,-26,6,25.88,58,26.26,106,65.86,115,20,66,82,59,34,76,95,50,33,22
28.94,86,65.81,124,24,36.79,4.52,17.33,119,13.54,1.77,-11,110,-19,104,-43,65,10.89,8.36,-36,61.95,80,60.36,-28,60,115,47,26.99,83,-8,-26,-16,96,13,-19.63,-18.72,73.83,66.29,73,69.38
-24.24,10,-38,57,-5.88,11,35,-9,88,72.45,2.39,22.33,82,40.27,32.62,-28,-4.85,-20.46,120,13,-49,-10.37,11,56,-16,-21.78,39.01,-35,96,53.39,22,-37,-41,130,-40,44.96,27,80,19.79,138
42.31,35,40.07,64.68,113,57.52,-47,3.82,110,29.33,-16,103,-16.49,131,25,63.68,11,7,46,28,3.9,49,143,-46,45.58,44.7,29.27,43,7.11,-2.1,-28,34,51.5,19.58,5.62,93,0.49,64,37.79,135
-12.24,-10.73,23.19,41,13.17,-16,1.38,70,-1,-23.81,74.73,65,1,73,80,15.12,-17,-22.46,52,56,59.84,149,9.68,124,30,-19,-35,-6.48,35,66.24,54,-18.5,130,75,61,22.91,-30,2.4,-47,-7
40,-12.56,-49,-21.61,5,-32,-46,48,-21,10.3,67,46,73.21,42,20,24,61,-20,-11,51,-10.06,14.81,118,94,22.53,45.31,146,64.19,17.06,-1.72,87,104,26.9,-12.42,127,37,51,-34,19.52,7
-21.35,13,-42,9,109,149,9.3,18.7,22,-28,29.75,-35,20.72,-23.76,38,38.62,13.55,88,-47,27,84,63,92,63,75,57.02,87,0,2.49,87,139,51.36,87,20.17,73.17,18.04,98,11.4,65.69,68.42
-23.27,-13,21.62,52,139,5.97,4.62,119,57.88,11.92,13.44,-32,55.99,10.83,24,15,-28,-11.99,-39,123,112,61.25,106,-9.2,9,-2,91,125,17,36.05,-5,-20.65,71.48,-18.99,34.5,-19.87,22,119,-22.32,128
-15,5.49,-10,-6,60.94,-6.85,134,16.96,23.19,44,-30,49.82,47,130,11.52,12.08,46.44,73,51,-10,16,-9,20.89,15.45,12.6,30,49.52,56.35,110,62,21.04,18.09,35.11,-47,36.4,71,50.68,62,73.2,25
47.47,-5,-40,80,137,20.83,140,75,-10.47,39.93,6,45.78,72.69,-28,98,48.43,68.91,40,44.07,-20.36,24.22,107,28,-21.09,-22,-34,131,52.11,71,-26,2.05,41,87,32.41,129,72,-21,-21.67,0,67.86
-49,77,-6,61.35,-13.89,129,11.59,-25,122,-50,56,49,-18,12.77,108,55,72,-33,10.48,119,-24.46,49.29,21,2.59,-10,57,-6.36,25.42,72.11,-6,-7.33,57.42,12.38,-40,-7,39.12,58.69,41.72,8,75
14,-29,1.43,-20,107,125,58,72.56,42.4,-17.58,-9,88,26,45,42.65,1,57.4,41,3.57,10.01,65,100,-6,12,61.51,52.98,-3.36,35,26.48,29.95,42,72,92,29.83,136,8.37,60.76,-3.4,14.54,147
-10,55,62,41.17,26.11,71.65,120,-23.5,73.85,65,-6,71.27,139,-40,-11,122,57,70.37,59.48,43.99,1,12.17,53.81,123,28,43.56,127,-11.16,98,51.82,132,119,-16.68,146,11,119,85,120,31,-15.72
59.33,-19,25.54,65.84,40.65,14,45.45,98,147,10,12.43,17,51,15,-2,54.57,70.85,-0.36,121,61,-39,69.64,20,56,-36,-6.01,-43,92,8,-15,-15,58,71,116,-1,119,51.47,-10,13.38,142
40,23.14,14.13,-7.64,23.89,19.13,66.28,73.96,55,50.16,-9,47,-21.86,-6.44,-23.01,12,21.29,-6.72,25,20,137,33,106,11.1,-19.17,59.03,-8.49,38.72,-39,34.53,29,17.68,43.07,106,47,-20,19.52,-7.89,49.66,3.15
22,-26,25.42,14,17.39,117,127,-12.95,20,-32,22.69,47,37,122,52.38,30.21,123,-21.58,87,107,22,108,129,144,-29,-16,2.83,-7.55,11,-2,28.34,69,61,-39,27,1.23,65.69,46,-16.58,116
-14,7.75,-46,52.45,139,4,95,-8,51,129,5.85,20.74,-17.79,-1,144,42.83,-12.87,-19,41.26,-16,37.29,3,2,-1.73,111,3.21,37.26,-39,0.2,51,31,142,146,-12,-13,138,125,53.39,63,-9
14.27,14,-5,-26,29,144,21.58,-18.1,4.41,111,-4.21,56.94,89,108,111,14.07,50,147,23,-19,-26,17,8,66.44,12.65,5.47,57.54,39.28,51.64,-36,39,85,74.92,-7.97,32.53,55,143,-0.56,16.09,33.35
10,102,127,8.77,112,49.93,31.28,64.5,66,65,-20.26,56.04,13,140,-22,45.72,-29,57.62,9.88,47.05,-15.56,63.3,55.41,146,40.12,-8,67,26.09,103,-10,50,145,-38,34.51,55.11,-34,-15.31,-45,123,-6.55
17.01,2.66,20.5,15.81,19,137,61.76,-8,-0.46,148,143,53,116,-8,134,35.85,-16,-30,45,62.3,48.87,115,-42,-50,16,-2,-15,26.44,117,31.23,18.15,-14,34,58.89,106,-2,123,84,4.09,136
-22.02,10.37,141,38.72,-12.13,23.3,27,8.6,106,30,131,26,33,58.14,48,53,-41,144,-49,36,39.37,71,-48,-27,64.27,6.54,116,48.31,84,127,31.03,107,63.83,10.62,13,26.81,77,10,-29,-16.26
49.61,102,-43,10.42,22,-23.43,-0.95,87,112,134,3.89,-11,130,114,3,118,56,15.08,-23,-44,-22.02,26,-23.37,75,38.52,45.11,-14.73,51,58.14,16.56,61.87,34.92,69.57,-3.04,-33,13,51.88,17.8,31.69,128
34.65,-24,132,39,16,88,56.93,25.24,85,10,50.96,47.92,21,80,93,11,96,-45,31.49,9,27,15,48,73.32,-30,8.29,96,13,-20.56,32.95,133,147,37,51,47.11,31,123,55.11,34.33,12
-20,126,34,32.15,7.96,142,45,38,7,-33,52.58,118,24,35,39,119,-11,-21.15,1.27,10.54,-2.12,43,-44,6.32,41.48,-2.13,146,109,-13,69,15.49,-7,97,-24.22,24.97,-1.97,37.37,57.34,-1.98,19
52,-23,28,-12,-9.28,143,11.27,-43,11,-13.05,146,-13,1.91,129,-9,49,64,39,-8.05,28.52,47.85,15,127,12,11,44.34,113,61,90,84,-28,68.51,-49,-9,17.26,39,-38,13.7,0.28,-12
74.43,38,-19,128,3.61,-25,80,107,44,-15.63,63.38,52,69.87,-16,11,39.62,52,-22.43,37.36,72.47,25,122,66,-31,20,49,124,53.39,4.19,137,36.96,59,70,44.03,109,143,12.2,127,-37,109
102,35.09,145,40.68,50.22,-16.52,49,16,64,141,86,-20.47,-17.63,3.87,39,120,99,129,52,45.52,14,-49,62.96,12.92,40,59,95,-10,-0.29,126,41.84,29,3,33,-13.18,24,70,60,-39,53
70.73,137,138,69.58,80,110,80,23.78,36,-30,58,0,-14.47,107,121,81,86,35.77,-26,-13,68.21,74,3,30,-30,61.22,103,27,1,55.22,-18.55,44.12,6.7,23.47,90,45,61.91,69.19,46,64.43
3.6,72.73,50.62,-11.55,141,79,56,-0.85,-49,58.45,6,142,52.56,-48,3.17,85,0.37,32,35.27,38,-1.97,3.83,15.17,71.32,49.27,63,-18.06,44,2,20.43,56.22,133,105,67.82,103,146,-11,28.52,135,48.98
-50,-21,-18.86,89,-30,-31,59,15,31.07,42.85,-6.63,-6.49,-20.37,2.33,70,20.34,-17.46,34,-50,44,102,90,64.67,143,17.36,0,-25,15.57,17,68.79,129,10,82,-21.26,35.57,70.94,33,38.24,47.18,-24.6
-21.05,25.33,-9,-6.36,0.88,25.16,121,47,-1,133,82,0,71,-44,-18,4.55,-23,11.08,-27,-47,16.08,47.39,54,58.19,41.62,9,-19,73.95,69,102,56,122,-3,100,49.38,-5,-4.21,63.43,93,20
-11.56,57,138,-7.46,14.79,36,127,75,94,0.71,10.15,-11,-35,115,32.12,29.75,12.55,15.08,101,40.85,-10.64,103,-33,114,36.15,-17,82,61,30,25,120,-21.54,92,14.2,101,-2.77,147,-6.79,116,57.61
63.36,126,19.29,1,131,60.89,64.99,31.91,92,44,149,76,87,25.13,-48,32.29,-12.4,-16,-9,65,14.03,50,17.48,36.07,60,103,12.24,-7.48,50.1,17,37,122,26.76,49.79,73.36,24.83,95,-17,0,-9
118,123,-13,47,-32,38,35,-27,10.79,-11.52,-1.29,-24,-3,7,-36,47,5.28,80,50.05,5.1,1,-12.41,110,-4.23,89,146,57,-3.02,-5,44.1,-1.89,-27,21.6,39,65.12,147,-20.12,30,15,55.76
-2.85,27.3,-29,6.02,36,53,-9,-24.23,46,-38,65.75,111,32,2,12,56,-2.31,69,-15,43.47,-15,2.76,11.86,74.66,74.75,134,0,20,88,70.15,70.34,8,-15,41,31,44,72.8,9.77,-4.65,83
101,-33,-2,-42,26.83,53.56,37.87,71.71,-7,27.83,60.6,3.38,30.83,35,65.49,71.56,108,-35,0,43,-12.75,51.1,39.53,133,140,-25,138,53,17.85,37.58,-3.12,91,12,-29,30,37.34,148,-23.68,9.12,2
104,134,40,83,-6,78,-45,-49,-10.16,6.61,3.85,19,-12,30,43,148,-15.77,13,-6,-16.13,-2.3,-0.15,23,102,21.79,90,19.82,-15.14,41.27,41.11,-9.42,8,33,26,-43,67.16,14,93,146,-37
-20,1,116,50,-43,67,70.5,9,56,-7,-7,17,74.87,33,10,63.65,38.26,-46,9,45,24.67,-36,1.67,73.77,55.2,-2.26,64,56.86,12.3,-15.34,118,-15.6,-22.34,48.85,122,126,39,72.01,71.61,111
124,46.34,-28,115,16.33,128,-30,11,64,-7,-20,-0.08,27.92,142,44,33,-40,1.47,112,47,92,69,10.32,27,51.45,120,68,39,58.41,62,-20.04,33.65,48,7.94,137,-22,18,73.85,127,-3.54
-0.46,92,47,140,54.51,62.35,17,-8,26.91,64,116,70,-22.87,14.53,-47,13.09,-6.62,-14.19,-31,105,5,3,107,52,32,65,21.86,-7.6,84,141,-12.87,49,-21,70,52.38,3.63,131,-33,17,-22.25
101,134,27,-15.12,49.67,-45,-18,54.1,-18.18,118,51.83,40.61,-23.11,-22.5,113,-19.83,141,62.07,-24,72.29,4.36,51,40.29,-48,46.27,-8.82,73,89,93,-40,77,60.94,-20.19,46.03,-18.68,143,31,77,74.08,39
47.45,-43,100,61.38,61,54,37,96,141,96,56,48,1,115,-20.66,-23,75,33.57,41.58,-9,68.82,84,85,7.87,-27,0.45,-19.57,-20,86,149,98,11.48,68.79,-21,-2.5,-32,146,-6,-19.1,-17
80,22.2,-12,31,10,0,64,133,-5,29,51.42,120,40.89,69.71,68.74,14.89,139,16,128,127,43,41.29,-11.89,27.27,4,17.54,133,-18,12,68,40,-9.53,141,-17,48,61,25.07,44.15,-14.45,125
-19.13,110,41,4.06,86,51,109,29.52,4.58,59,-34,22,-40,124,137,28.17,-41,60,-34,35.31,73,17,6.72,73.43,12,-21,134,44.17,-13,-6,119,58,73.46,75,-25,73.03,113,22.18,16,-45
60,140,-16.63,141,40,68,149,2.62,141,110,18.32,109,60,-19.18,-41,143,33,-23.53,127,41.41,143,52.44,19,53.72,112,86,31.61,35,107,-22.04,-11,-24.08,39.65,81,42.02,122,83,-24,37,54.48
43,30,13,19.86,115,1,21,93,145,63.34,121,76,26.39,-14,13,73.32,39.73,-4,41.87,1,-1.98,111,89,17,70.3,12,14,86,-19,-38,116,69,-1,14.61,39.93,-11.31,-1,-14.95,25.46,6
55.85,-37,86,-12.52,-20,-7.54,73,-28,4,88,8.84,134,52,-17,22.27,-1.36,-8.57,39,53,63,52,16,31.88,109,-50,32,-48,-39,78,32.58,54.9,-1,99,70.71,-26,146,61.54,110,29.9,4.3
117,24,131,3.15,21,140,33.44,84,65,-3,39.65,-1.1,25.33,74.43,-26,-20,3.44,-6,1.43,63.42,13.27,74.17,-29,2.81,3,12.76,-11,-16,-0.54,49.6,97,-4,12,10.12,77,84,-10.31,57.68,-40,-35
-33,21.82,48.19,113,116,-6,73.05,14.88,-34,44,14.31,-32,65.68,120,-26,13.65,42,29.19,34.4,55.48,34,99,71.39,-13.29,101,71,-19.47,-18.86,35.86,14.86,103,73,3,6.63,149,-15.97,14.86,-45,-27,134
79,-28,-41,42.74,128,61.85,6,65,56,0,33.84,53.24,14,-21,62,44.36,-7.31,-13,58,-19,44,125,-21,133,-13.13,17.34,50.69,28.49,-12.43,58.24,-29,113,105,-10,-20.81,-45,61.07,55.93,149,67
92,-17,104,124,67,82,15,3.77,27.08,22.82,60.16,114,41.53,54.8,14,117,114,78,104,-17.56,-2,17,37,19.07,33.13,35,17,133,-29,70,-38,143,108,45.21,123,143,11.06,12.25,67.75,41.02
144,31.22,8,14.61,34.18,29,141,25.92,-25,-9.45,-5,121,133,145,29,-3.4,3.88,136,-48,73.69,97,11,-45,29.28,74,18,141,-23.62,-1,91,148,-12.96,-17.51,-40,55,43,41,34.32,5,-24.39
52.12,30.91,20,66.39,-16.26,84,35.97,-31,38.82,64.62,5.05,-38,105,-4,17,10,58,39,60,63,53,41.25,131,34.69,77,25,-11.15,86,-32,24,-10.08,90,48.85,93,26.71,128,51,5.77,3.44,-38
149,55,133,62,109,15.34,106,23,-9.2,-46,100,82,9.08,-25,16.51,83,24.72,-40,56.74,-1,26,3,75,38.7,-6.84,-18,147,110,38.65,130,105,-2.61,130,37,107,23.32,67.07,-4,8.75,-38
50.83,5,66.86,130,35.44,-3.6,119,-41,65.53,-20.62,91,32.17,66.73,46,17.39,110,40.86,73,59.65,29.29,102,34,29.82,112,130,71.29,58,44,12.59,28.19,48.28,57.94,-19,110,116,-21,149,62,-29,8.12
53,17.71,68,76,60.62,7.65,35,61.32,18,6.4,-25,108,2,123,121,56,15,40,0,57,53.21,46,40.79,2.55,7.37,74,-14,80,12.92,55,119,12,-5,20.79,34.82,-21,108,35.19,33,50.8
73,145,55,-7.06,8,19.27,82,-24.47,0,90,-6.5,5,-9,-44,42.27,-11,113,-37,63.3,-17.98,-37,-40,42.65,74,140,31,68,70.19,101,28,53.6,29.03,58.39,50.54,-21,15.12,70.37,24.41,50.2,-1.27
133,36.67,66.6,12,64.94,26.14,-17.97,8.7,66,121,123,16,17,6.48,55,51,104,134,27.44,10,-16.78,122,86,91,146,10.53,-36,61,69.51,-2.62,129,135,61.06,10.32,-27,-13,-13.55,97,-5.3,-25
-14.5,26.4,64,28,36.96,-16.14,18.49,29.35,20,53,27.64,-19.25,-43,42,71,71.42,51,34,-22,40,-12,59,104,-46,31,-15,45.79,70,49.84,44.21,59.58,80,72,-10.3,131,51,43,-13.88,70,-8
14.71,-2.5,44.83,39.68,95,119,70.25,64.9,98,74.4,45.74,1.67,19,74,62.51,-13.86,71,-23.95,22.8,-41,11.11,47,-14,127,103,-6.84,15,67,108,55,-37,-16.45,26,62.3,73.28,135,64,138,59.47,133
51.12,113,-6,5.69,29.71,22,-42,105,86,64.1,64.69,17.28,-23.49,48,83,-14,128,61,0.97,7,28,-1,83,59.32,55.36,123,-38,7,122,14,-26,1.39,17,70.97,-11.79,28.42,41.56,65,-10,40.47
19.14,34.25,12.5,26,103,127,-15.37,132,52.12,-49,32.75,-14,77,95,106,104,5.18,72,147,114,-28,48.61,-40,12.34,50.11,58,-7.05,66.63,-1.62,129,54.2,33.12,19.66,30,-16,-4,8,-4.08,39,-34
-22.23,33,50.82,97,49.99,89,48.04,135,-32,-9.22,64.28,149,74.83,72.47,93,58.33,115,-31,68.81,100,55,51,30,25,33.07,147,71,54.82,117,8.21,131,142,29.01,-31,134,61,-17,22,56,-28
55.11,-5,103,66.33,133,21.14,97,90,15,-5.89,-28,32,62.42,57.18,114,60.45,81,-6,-48,-32,148,39,-46,81,-49,48,28,-22.37,21,66,30.68,42.73,73.58,-2.28,-37,69,17.01,-50,59,-20
-1,-14,-32,98,145,20.59,107,-20,20,79,142,6.87,2,34,29.05,83,9.04,57.85,17.76,-0.35,41,22.77,-0.33,64,65.6,64,29,-48,30,88,21.81,19,-15.73,7.69,59.66,96,46.23,141,-30,62.07
103,25.28,-41,13.68,11,-15,17,6.27,72,50.95,63.51,84,21,10.71,61,118,14,12.83,-0.23,41,19,69,101,6,42.72,-46,22.19,-10.08,-1.53,53.01,-19.82,29.64,-11.83,34.12,52,43,65.86,-31,49.36,117
134,45,9.63,125,48,54.15,71,134,52,15.4,58.07,116,40,135,68.7,18,1,-9.31,-44,24.29,12,4.94,-4.93,81,-45,5.54,68,10.49,-30,41.35,128,13.81,34.71,84,-27,9.63,54.52,116,-28,20.01
-4.66,-19.72,19,-24,-7.02,9.22,-6,94,39,137,24,-12,78,73,30.04,9,91,86,104,-9,144,124,-24.85,16.52,33.17,-49,80,-18.03,100,17.47,31,6.36,30,72.96,112,-20.19,-14.06,74.04,-5.79,-4.52
115,31,59,26,81,-44,129,64,34,35,132,149,139,143,-22,42,52.24,53,-43,65.06,31,42.62,-23.66,40.2,-7.59,49.33,67,28.63,137,-27,5.63,103,65,51.9,119,43.6,-29,20,-50,-5.02
45.36,52.35,22,125,69.7,81,34.14,19,-15.67,-7.14,-45,-18,40.81,-37,70.27,-11.91,43,-30,2,-3.93,-4.54,5.77,-5,50.35,42.17,148,23,145,43,111,61,47,36.27,106,-25,4.23,47,98,50,-39
23,-14.2,0,28,42,-34,-0.79,34,-31,64.35,80,20.77,119,26.9,-13.78,32.57,-28,75,29,95,35.45,53,105,92,-0.6,86,68.04,1,-23,75,2.04,19.93,-23.91,-20.11,-16,78,126,12.06,-25,3
42.13,13.83,44.66,-10,10,2.16,-23.24,-16.2,141,66,53,-36,-11.83,82,85,34.71,-23,71.1,-34,-12,73,9.7,9.58,27.78,54,63,-8,-16.16,45,-22,58.96,134,-38,113,6,104,12.06,19.32,149,-21
36.26,43,48.69,68.29,16,129,4,49.54,85,58,13.21,65,50.99,-2,-6.49,-13.01,70.33,-38,39.5,31.43,-21,-13.37,61.95,139,19.74,94,-13.93,118,104,-18.58,-5.15,67,72.76,26,56.07,98,85,115,21,78
65,55.34,-22,135,35,59.59,82,104,4,120,93,-17,19.35,-12.32,26.5,-7,25.49,-10.36,-5.67,92,12.13,129,-3.96,137,65.71,94,38,91,54,6,31.73,56,56.05,68,99,-11.45,28.76,58.14,67,44.43
89,6,69.21,38.89,-1.48,-4.87,-31,77,56,-41,136,-5.55,73,-39,104,105,-40,140,60.59,-16.59,66.92,0.03,-10.5,24,15,89,-7.56,134,-33,-6.53,-11.28,9.12,-17,91,37.94,-33,-16.36,131,74.72,-19.36
51.44,34.71,118,12.71,54,124,140,91,93,-10.95,58,-26,13,38,-22.54,95,70.24,16,-21.98,-47,95,-45,-7.08,-3,142,61.69,30.5,48,73,108,16,-29,-30,56.02,-23,30,14.22,116,7.08,-3
86,-2.37,99,-22.33,11.27,64,-47,82,26,-37,128,16,63,72,73,40.34,67,67,110,-8.52,-12,45.37,-19,118,9.49,-41,131,7,-23,62.96,54,37.07,45,144,59.05,-12.65,103,-9.79,94,-16.44
-24,36,-23,50.25,60,120,65,31,136,41,19.38,118,37.57,81,8.25,10.08,-24.11,8.22,136,36.92,65.86,105,50.18,0.14,30,-9.9,125,-10.09,39,9.09,97,24,88,-33,-12.2,128,31.09,8,107,106
65,53.77,-7.41,-32,-14.29,29.98,-8.42,-9,18.43,71,25.77,33,8.74,104,-23.96,-18,91,44,6,87,-15,41.15,65,59.01,39.41,11.48,45,48,126,87,44,129,29.1,80,-21.31,-21.17,-42,124,71,132
114,-37,69.25,35,0.35,58.13,74,124,101,1,-48,-37,64,11.56,28,-11.81,124,104,90,7,-0.16,-18.51,-44,124,-24,-42,45,42,98,1.64,26.82,77,124,-50,46.78,38.82,-46,-7,71,49.69
17.3,132,119,-47,27.58,8.71,142,66.03,28.16,-6,-24,6.67,89,6.9,-10,18,25.81,35.18,58.98,-45,-19.38,55,15,-1.18,29,-26,28.85,-13,112,11.1,-33,-2.37,73,-19.21,4,66,53.66,30.82,-15.1,92
67.05,2.22,24.12,31,80,137,10,141,-20.86,28.74,113,121,22.95,87,-3,55.88,-8.1,0,0.22,29,104,30,-26,84,19,76,125,57.1,5,92,32,39.21,0.73,-45,77,62,-20,37.59,37,27.06
56,-14,134,49.58,18,97,86,141,65,-23.77,81,67,18.72,40,58,54,23.55,94,115,11,4.01,15.39,149,68,143,30,-25,120,57,6.43,42,21.76,-19,-24.27,143,-2,41.92,9,-7,54
4,10,118,-4,5.26,50.35,-9.28,42,47,-41,-8,27.93,63.89,-25,53,6.47,139,16.39,36.74,144,107,20,-15.28,82,-49,-17,48.54,108,15.03,64,30.77,-47,125,-27,7,64,136,-7,-8.05,16
36,8.98,10.1,-5,28.75,-43,132,17.12,29,52.64,44,45,53,40,-29,70,-1.39,67,11.95,36.11,7.13,95,45,80,83,90,-17,21.89,-3.15,7.86,116,-10,132,31,49.86,72.12,130,-0.12,53.48,11.39
15,63.21,101,3,38.22,146,68,-6.33,55.71,28,59.62,29.56,66,85,99,-13,2,37.29,4,-21,29.64,-10.59,70.71,61,-16.78,135,91,-17.59,62,49,66,38.96,148,108,15.64,53,23.08,54,98,44.89
-18.41,-15.02,60,89,1,47,-6.22,-41,-8.86,99,73.32,59.81,122,-16,35.03,52.59,43.35,-8,-34,74.55,7,8,108,20,38,30,62,39,137,-11,63,29.76,114,98,72.42,134,46.88,70,22,104
47,100,-11.53,-49,63.22,51.15,64,47.08,-6,64.98,24.16,82,48,12.58,33,7.93,28,28.08,104,-20.84,63.48,-19,79,58.64,-19.37,144,43,-12,-15,111,57.54,32.18,-36,-16,72,-5,27,135,11.59,1
35,-16.68,138,24.21,11.51,65.58,49.83,57.9,-39,143,137,8,38.57,14,63.48,96,-18.51,131,138,33.15,38.31,79,51.43,-15.7,-24.85,68,-8,32.31,-24.16,14.24,23.96,68.27,-39,21.55,91,38.46,26.23,147,0,43
-2.01,58,37.36,36,95,-24.97,3.22,-1,112,12.67,56.4,64.64,38.75,26.98,17,-17,74.88,73.16,-6.38,37.16,25.94,119,32,19,32.54,19,120,79,52.44,109,17.99,-50,-6,10.19,142,-16,-32,5.07,101,51.82
90,50,0,11.95,59.61,64,84,-8,27.85,-9,26.31,12,21,-8,103,50,32,-0.39,24,67.9,-14,29,70,-20.42,-19.55,-8,-46,12.86,-1,21.39,8,39,-23.72,59,90,-2.66,-19,142,-48,5
13.99,28,88,40.2,36.95,93,62,34,-0.58,33.35,-11.78,119,107,126,110,6.21,25.62,32.08,-20,75,-31,44,-20,-27,50.8,0.67,-10.02,31,80,136,-5.1,127,-4.12,7,0.64,59,9,74,-43,134
51,-14,106,-16,66.52,140,-42,136,66.2,-22,68.35,-33,-28,45.03,-9.09,58,-16,97,86,-1.12,11,10,102,-13,-32,-12.57,65,119,8.58,74.01,94,73.28,12,38.91,31.72,36,73,28,107,28
131,52,-20,-31,-41,34.5,-32,37,61,33.45,56,44.81,90,4,8.81,-50,-30,122,-3,144,77,47,-10,-16,39.33,-16,-48,18.87,66.38,-39,-15.99,116,9,-9.72,102,56,63.23,118,22,40.77
149,17.12,-6.01,-47,31,-8.82,80,60.92,39,-23,147,10.63,-33,65.62,60.43,10.94,107,-11.63,-9.74,24.56,49.8,130,141,140,98,125,-28,30,115,10,145,95,-15.09,117,47.23,31,136,63.95,72,77
-40,67.93,69,40.32,64.08,-13.15,8,51,35,22.59,18,-21,56.7,7.27,53.92,108,9.33,-50,21,-6.2,66,-19,-24.97,55,137,-24,38,-2.81,-4,19,14,55,71,-20,-7,95,120,-15.62,13.32,62.52
46.97,17.4,1.82,34.41,-39,61.84,-30,79,113,31,27.06,-3.26,-27,5.62,24,26.67,75,44.44,78,50.74,111,68.19,-50,3.73,10.21,33,33,149,110,0,53.29,144,76,40.47,19,-14,27.68,49.13,-50,80
145,25.18,54,-50,107,25,15.03,62.5,37,-11.61,25,64,29,59.93,-4.66,40,144,58.21,74.55,14,53,8.15,61.39,43.83,3,-33,-2.29,28.39,-45,132,11,122,40,36.65,92,11.74,-19.48,15,8,15
92,-38,-26,-2,54.63,38,23,23,46,106,69,62,119,-16.87,18.14,135,63.93,29.83,55.95,9.91,-14,77,121,-24.47,45.28,145,83,21,5,-8.35,4.73,127,109,-7.1,-36,119,-22,145,23,88
67.81,41.92,143,79,69.84,54.48,66.34,-2.06,39.2,110,8.9,65.37,41,48.21,27.84,62.33,-17.27,136,-5,51,47,35.18,85,-6,27.66,-47,25,-20.12,64.25,41.15,5,61.45,28.42,125,26.19,-44,53,79,16.09,3
-38,72.12,107,-45,148,-23.06,-26,33.87,13.64,-14.03,-19.01,64.54,-3.18,68.54,19.56,62,-12.73,32,8.88,71,73,17.44,-0.13,41.29,-1,147,36.47,39.59,44.28,132,139,45.71,-2.18,59,-33,26.46,-35,74,28,67
34,-6.06,-9.09,-41,28.28,26.37,105,-34,21,76,100,-46,22.54,50.45,123,26,68.39,71,103,100,84,-24.85,56,3,15,134,-21,88,113,-11.92,61.13,-20.32,22.42,119,-13.34,73,-24,68.96,0.2,-18
-17,-0.42,-18,108,40,54.51,25,5,78,34.04,45.93,69.65,-14.21,17,14.35,122,66,108,126,14.39,17.21,-48,-45,11.41,-43,38.82,42.38,50.29,29,47,-5.1,66.12,52.91,123,107,16.68,23,-48,92,49
72.21,64.74,8.76,-12.13,97,72.07,75,92,-16.28,70,24,35.83,4,-40,102,-11.33,66.25,147,55.72,21.46,84,123,92,-32,24,-46,1.81,125,65,39,46,52.31,6.99,58.44,58.35,-26,136,-26,134,49.05
-44,10,135,-1.47,67.52,24.76,-16,-19.76,-25,142,72.39,-45,118,-22.01,-3,63,79,-40,145,18,58.67,-44,57.42,-17.76,-0.62,10,-2,6.83,43,-20,31,-12,58,19,90,55.83,136,56,103,2
-0.49,-17.94,89,-14.81,149,90,43.41,81,61,76,-21.09,18.15,49,72.26,45,102,17.62,23,71,144,-19,62.14,96,101,-49,-8.18,-12.38,131,79,36.68,36,-7.61,149,57,86,144,59.52,74,11,60.66
-9.62,101,51.06,87,-28,62.79,23.22,-32,101,-7,39.07,107,60.37,45,-9.58,21.02,45,18.96,63.5,135,122,15,21,72.31,47,63.01,-7,83,-21,114,121,111,112,48,24.22,-39,4.69,9.93,48.53,25
47.48,131,10.29,88,80,105,130,30,23.32,-3,1.09,17.54,74.67,-20.35,118,-35,-38,-12.19,98,68.37,117,61.88,40,108,5,-18.23,75,59.54,-29,-26,44,-10,13.92,21.9,59.84,27,138,27.16,34,79
2,108,144,-1.36,42.87,5.83,1.23,1.11,56.89,65.39,5.81,71,13.44,81,10.85,-13,55.3,11.26,-38,11,-5.13,40.55,45.77,-5.87,-3.32,14.71,-13,-14,-26,88,-37,41.37,96,26,86,117,1,-1.84,18,114
64,3.82,67,-17.56,14.11,85,-33,139,-0.76,120,59,37.67,52,7,29,122,50,4,62.68,91,143,-14,-16,14.56,12.84,-14.13,-39,117,-6.81,70,70.44,148,141,-39,27,35,73,49,73.18,111
71.1,47,28.44,-12.36,1.55,66,-9.93,-1.87,119,-14.95,-18.41,19.75,67.89,51.15,55.21,63.15,19,-3.06,111,23.18,74,-9,-16.98,132,125,74,146,-8,141,-4,29.91,11.89,-14.77,116,74.58,109,-33,96,-9,-21
31.16,-43,12,31.89,117,-5.01,49,35.99,49.19,105,2,-22,26,5.62,0,7,-2.52,8,91,95,-12.03,100,115,10,80,-0.37,60,-20,-12.98,9.61,57.96,53.94,11.21,122,105,34.52,60.52,69,42,61.62
62.21,-27,24.91,-3.33,-17.33,27,29,53.73,-1,-16.04,-40,47.95,-1.19,-12.58,62,142,50.47,27.49,47.12,26.59,40,25.56,-41,27.52,33,38.78,-7,7.55,-23.15,65,63,-24.05,-22,61.09,134,-29,25.39,66.14,49,44
7.6,-28,5.67,17,63.01,4.06,-28,15.86,72.86,-1,8.07,4.34,-27,81,141,54,-27,69,105,82,55,65,16.96,8,66,56.89,66.5,-27,53.26,9,61.16,38.79,9,-21.65,64.92,95,-48,50.4,17,28
134,-22,9.1,42.8,-19,23.34,77,90,6.56,142,33.99,60.16,62.63,28.47,5.85,-17,135,122,-26,-41,-10.76,100,0.32,-9,7.53,0.97,-48,19.27,58.77,-1.65,3.38,63,99,31,18,-7.48,97,135,16.82,94
0.73,-50,-18.69,-21,-29,3.42,3,74.14,-2,-39,66,28,-11,33.71,-24.43,68,72.7,-28,-11,122,125,13,15,32.63,-7.91,60.34,15.99,114,74.7,-38,45,37,59,2.03,57.11,68.06,13.86,89,52,2.94
12.09,6,-1.05,34.81,41.73,-43,100,26.39,-7.84,-19.42,43.59,135,-40,33,-15,110,40.34,83,-16.53,40.68,-16.99,79,125,-5.09,23,-33,60,113,38.41,60,58.17,35,131,-50,30,24.64,18.25,-50,-36,42.74
-9.69,21.78,-11.41,123,97,-45,53,120,-25,35,40.11,112,42,-3,30.95,27,61,97,11.1,-24.08,128,-48,-39,3.25,59,128,95,142,6.92,59,3,24,89,-4.43,56,67,-42,62,137,85
48.6,111,-40,26.06,63,19,86,43.4,10.94,14,57.53,149,142,35,119,23.29,107,36.28,49.39,-10.91,14,8.57,23,26,41,28.7,13.41,109,71.22,31.12,0.76,18,50.15,26.81,22.64,35.08,11.19,23.3,75,75
31.26,-40,23.04,67,57.66,86,67.56,69,129,27.94,103,-12.86,90,12.12,73.54,13,11.87,132,-43,59,-20.55,148,49.82,-20.6,31,90,7,144,78,94,-38,-43,12,-3.02,-16,-1.9,-7.86,61,77,7
-22.37,-6.47,8,90,18.46,3,55.57,44,127,-10,59.79,11,-7.94,13.1,67,41.76,-5.48,146,0.56,-12.41,-15.96,76,23,83,-11,13.44,38,46,40.4,38.7,17,67.46,118,-4.64,101,51.1,43,-21,27.96,-13
66.67,-9,132,7.44,74,58,36,-23.27,16.67,13,142,-50,65,139,107,-24.89,49.54,84,62,-1,133,40,-12,145,-46,5.03,66,100,-7,36,135,-9,104,10,147,63.2,-33,38.66,-24,6
127,125,-2.24,14.36,75,8,117,78,69.46,73,57.67,13.19,3.83,63,33,96,79,100,71,-15.58,107,13,36,-29,54,33.41,139,79,111,-15,-17.72,-30,11.67,40,24.08,72,35,57,4,65.01
70,112,-3.11,-18.58,141,-23.37,12,128,87,93,99,46,11,-48,-30,142,49,63.4,2,2,124,22.51,44,10.85,65,106,-2.25,43.93,102,80,-22,-49,1,-37,123,97,146,34.31,45,-0.5
122,67,56,-5,38.93,47.61,138,-13.29,-16.58,66.23,70.1,-9,40.53,92,62,-1,24.31,8,-9.38,-30,103,73.93,142,35.12,61.25,66.57,78,17.84,64,125,49,-11.15,-22,-8,-33,107,106,-1,50.89,60
50.37,-0.12,33.61,-14.82,64.42,41,-5,23.28,135,-5.06,59.87,51,14,-1.33,-31,44,5,87,19.51,80,-19.59,-4,13.38,8.6,-21.88,71.4,59.37,-3,15,61.37,44.62,50,78,62.49,45.83,36,48,15.82,53.93,-29
14.87,-19,92,149,-7,141,38.71,133,131,22,28.77,-27,123,-44,145,26.28,-4.76,119,44.07,29.56,53,108,49.45,126,15.7,0.14,130,78,40,31,117,-2,114,37.57,17.68,21.61,-5,13.32,148,94
-0.09,91,3.14,20.94,127,-46,37,-18,74.75,20,74,33.33,19,-19.58,94,26.43,127,-24.97,70,22,-14,11,11,12,13.75,21.61,118,-31,45,27,68.75,45,-5.25,-11,130,12.64,94,14,-50,32.16
24.42,45.24,29,-13,38,40.02,-8,56.99,109,81,120,0,-18.14,60,65,59.57,107,-31,146,44,149,48.53,-11,62,56.75,-48,-4.46,8,72,36,22.84,13.44,46.42,14,-45,-28,57.87,89,11,132
45,61,22.66,16.1,-1.64,24.58,122,-8.33,15.54,20,-0.4,97,113,47.67,-3.7,41,138,14,117,21.26,123,61.84,25.98,92,-41,-14,28.56,-45,4,-23.29,148,-6.83,-27,41,85,-46,23.59,55,-33,48.11
-12,-42,66.07,19,145,-16,8,47,71,53,44,61.17,40.62,-24,1,56.45,101,138,116,54,-21.35,18,-4,69,-21.33,115,107,73,8.58,124,57,142,-23,-30,20.14,2,-16.03,121,127,18
29,26.04,104,1.58,-2.04,-18.3,32,124,80,107,11.75,-14,43,136,36,21.4,5,110,-19.24,38,38,125,31.3,32.5,33.48,-11,11.5,61,71,36,35.19,-46,-7.49,60,-32,-50,135,2.64,53.03,7
80,-22.57,-37,42,61.71,93,-9,29.26,86,45.25,79,58.83,-27,3.43,-2.34,-42,46.99,63.64,38.7,144,70,31.79,-3.15,16.93,-34,46.86,-17,-28,102,54.06,28,-24,141,95,4.69,18.56,7.09,-17,112,127
82,34.18,120,61.4,48,24,48.95,69.12,43,-38,-36,-7,-44,-41,128,56,75,146,7,141,22.88,-15,41.02,6,30,28,46,-21.58,36.47,67,-2.5,10.97,-24,109,76,17,20,14.54,-9,14.9
14.74,88,62,105,21.54,9.84,56,64,28,-11.29,-12.02,35.04,79,7,52,61.03,-21,95,-1.21,97,38,-7.47,69,35.53,97,-23,2,5,8.21,-26,134,-16,45,14,50.14,77,21.09,-16,148,-5.01
-34,15.74,119,43.25,97,-21,18.06,-21,117,143,-7.35,43.11,54.61,-15.99,-5,100,-16,-4.24,52.67,12,137,13.88,123,64.58,13,98,-20.47,-39,76,-23.01,-24.09,98,84,70,143,112,-13,54.59,129,143
8.61,-15,108,6,38.32,148,14.83,-9,-3,25.76,137,1,102,41.17,-7.59,-26,49,139,-13.45,80,35,109,14.5,121,78,-15,60.21,7,-1.22,82,25.43,21.52,-42,-10.6,8.25,-29,31.37,2,-4,146
-34,50.49,17.6,23.45,20.67,49,57.94,-11.36,69.29,5,-13,-6,-18.31,34,38,27,70,6.82,72.32,55.51,129,-8,-7.61,14,-3.75,65.53,12.36,56,-10,-3.49,24,-46,67,21.52,119,45,76,2,-38,38.08
5,36.99,64.77,-21.98,65,12.5,132,31.34,149,70,10,-24,-13,1.94,17,-8.83,13,123,-13.22,37.12,12,95,-21,-1.94,79,95,39,80,105,105,4,-6,-14.01,8,5.83,124,78,60.55,-33,-15.79
89,57,-22,-21,-26,147,-48,22,-7.85,47,135,23,60.87,35.5,-22.89,110,-9,42,31.16,33.69,-9,46.33,-34,69.58,-1,81,24.25,1.5,66.72,39.69,4.79,-5.78,108,-22,54,-27,137,13.25,31.64,119
33.08,48.19,-1,22,14.69,23,45.36,116,69,26,50.84,76,2.77,-9.02,57,-46,24,35.38,44,68,-11.5,82,3,-31,-14.54,-13.11,149,48,-8.72,109,41,-29,-6,74,-5,98,-38,9.78,12,137
-0.06,100,55.46,14.12,-18,71.99,-11,114,135,75,-23.9,62.61,-16.07,106,72.26,102,95,68.68,142,22.77,75,18,59.16,59,33.39,12.84,92,22.43,29,31.59,38.91,2.17,88,-2,149,-3,73.92,-3,55,0.18
-11.2,137,65,113,146,10.73,92,12.39,58.17,-24,39.07,-21.32,18.53,-41,41,7,-2,90,-43,28.65,79,82,139,10,46.57,131,46.41,-7.42,-29,-31,115,-23,20.89,52.6,35,34.67,6,-7.82,-11,-31
7,-20.08,70.54,-11.52,1,-8,33.53,-5,48.02,16,-21.95,-24,32,-18.96,89,-24,69.13,8,-15.98,120,73,-11.38,2,11.36,-21.01,148,114,83,-15.74,-20,67,48,34.85,15.39,61.1,-2.88,0.64,47.13,3.16,33
-26,41,20.27,31.58,5,99,41.84,59,0,19.59,107,71.74,41.75,50,112,-30,143,138,17.14,-3,-38,132,121,9,83,-7.06,-4.73,114,2,5.9,11,38,79,-10,-6,80,-15,10,5,102
-14.73,34,99,-43,-21,85,28,-17.69,14.72,-10.21,2.3,55,37.4,22,-1.45,41,14,-35,24.74,66,33,-7,28,52,-10.09,-10.66,47,-30,-14.55,74,74.19,25.8,-6.35,27.38,19.62,-49,-28,131,-0.19,60.58
147,94,39.44,47.49,30.41,43,-13.27,-23.87,45,-8.88,-23.08,62.22,103,34,-12.9,59.73,51.26,-18.22,55,48,98,-33,53.84,148,22,5.18,-10,-7,39.33,-12,-45,-8,8,-2.42,20,11.78,-23.71,-42,3.65,53
44.51,21,52.93,92,68.63,51.63,41,69,27.24,33.9,-16.01,70,23,101,143,108,119,-14,3.98,104,-12,45.71,38,52,148,59.8,-1.94,142,-23,-33,72.86,-48,116,5.3,118,14.34,-0.9,27,137,-20
29.17,-18,-4,22,-17,32.52,9,131,94,28.76,-33,26.95,0.12,62,127,-39,-10.95,-29,52.52,36.58,56.04,33.61,38.62,50,19.53,4.62,7,61.28,28.99,14.04,-23.21,-44,1.09,50.58,46.52,122,65,76,73,57.69
-30,90,1,50,53,31,62.58,44,-21,-11.54,-6.35,-8.61,49.15,77,14.46,56,-31,114,53.74,43,-32,-0.62,38.63,32,30,92,103,21.04,24,-9.34,48.58,-17,13.37,2.88,45,147,26.79,5,-12.68,58
30.8,48,55,43,112,140,4.46,45,3,145,4,68,85,-36,100,84,5.9,149,36,55,100,41,123,-40,55,-1,47,133,131,49,-42,29.94,-26,38,-20,43.74,12.8,-35,78,70.09
-7,98,-1.85,-34,3,28.77,-31,-18,-28,77,-24,30.45,62,-7.92,60.12,21.21,-50,95,149,-4.44,15.81,-13,6.07,53.52,142,5.34,9.96,-17.23,-43,-29,55.77,51,135,105,-3,72,38,115,81,7
21,72.05,-0.31,51.04,-30,50.91,-2.93,69.6,133,12.59,-26,86,19,-7.53,138,67.74,2,-24.28,-27,54.78,59.47,-10.03,57,81,57.53,-8,85,37,56.64,-11.66,23.28,-14,-35,29.75,6.26,10,82,-21,27,78
-3.04,0,71,51,44,120,111,23,3.68,25.54,-18,6.08,0.14,0.53,-21,104,39,63.18,102,58,-39,-17.05,38.27,59.01,-3.64,117,47,60.19,108,148,116,-5.25,94,4,45.03,97,67,21.81,48.18,93
-8.14,69.27,-1.5,30.83,-0.45,115,7,-9.56,-4.08,52.24,24,22,3,27.31,38.57,112,49,-20.32,131,-40,-5,60,55,6,58,-3,52,-1.12,-47,4.31,38,-21.29,117,21.12,-18,108,17,115,49,-3
40,54.84,16.91,54.83,42,-22.1,14.7,3.57,111,60.15,-7.39,68.33,64.87,83,-6.81,-3.62,-5,47,71.39,26,146,61.74,18.71,38.01,27,35,43.1,147,-7.82,45.61,89,8.59,118,51,92,30.76,19,-16.18,-36,47
12.39,-44,2,76,-49,42,35,72,54,19,33,59,-16,9.5,66,49,148,-16.38,83,58,9,90,70,94,14,100,77,10.54,-29,97,42.04,40.16,74,71.72,0.72,59.91,66,4.8,68.59,-13
89,-15.44,84,51.58,93,124,97,-34,-30,114,114,13,49,64.88,102,34.65,54,73.4,-44,-47,4,-7,77,120,-9,135,66,69.31,82,40.61,26,140,121,148,-10.78,-38,-5,41.94,29,14
146,1.96,34.28,68.36,-7.62,-24,-3.92,23,26,25,42.73,10,55.46,49.31,55.25,115,43,-0.47,-50,31.7,1.74,39.39,95,32,-19,69,20,43,53.33,40.86,10,-7,40.24,9,-37,79,45,77,-11.43,44.62
20.18,46,33,25,12.62,119,62,-0.27,77,67.77,24,21.41,125,57,40.61,48.08,71.27,57,-37,51,3.29,61,133,56,74.85,93,-7.21,34,3,22,-37,73.82,26,112,55.83,27.1,-1,15,120,65.82
118,44,6,-36,57,42.14,42.36,6.26,35.1,36,50.26,43,41,15.08,81,96,134,62.77,-6,20.13,87,48.45,16.02,25.15,-18,17,111,-17,125,63,117,12.34,-24,57.32,4.81,121,31.26,-13.52,40.94,75
64,54,29.43,49,113,-35,70,116,-1.55,12.21,144,140,41.79,-6,-24.6,149,106,106,29.68,125,13.7,102,90,40.6,-1.43,31,65.46,34,-39,-18,55.79,146,23.44,93,25,119,35.86,115,143,66.66
124,5.26,61.99,29,129,-25,8.89,23,-3.77,29.16,-7.79,-28,46,127,65.9,19,131,69.04,65,-14,48.55,47,85,102,70.76,19.53,-32,60,45,45.1,25.41,19,81,-12,8.33,-47,-1,7.36,-37,15.84
-38,-19.99,138,43.36,11.99,40,9.47,37.7,78,17.81,52.97,65,65.92,-33,-48,-31,143,-28,46,12.81,51.07,42.93,149,63.83,31,48.62,40,58,-10,11,5,-3.78,38.25,71.06,-43,-3.36,-9,-7.73,123,122
-15,-13.55,21,-10,-11.86,45.1,69,-8.68,58,129,5,132,55,85,17.18,0,94,140,28,38.5,70,99,7.99,67,48.29,51.85,4,133,88,148,6,-17,50,63,-4.53,108,63,79,38,30
100,30,-16.03,-35,-13,7,-5,21.76,-3.91,117,146,15,48.47,-19.42,79,50,88,-9,-8.13,62,62,-46,114,-11.61,4.61,31,59.29,113,149,123,104,14,30,19,22,4.68,37.9,78,0,9
2,-16.48,34,109,-30,2.78,70.65,29.46,4.31,-9,12.62,-14,17,145,30,-5,110,58.56,73,112,34.77,13.29,56,142,9,-10,86,-39,2,-19.06,99,57,-47,67,68.17,57.97,84,111,75,71
-2,-38,106,-22.49,-23.12,72,37.31,135,91,-50,12.33,23,71,5.05,-19.05,98,20.21,-18.58,71,-3.51,71,97,-39,11.71,74.45,-18.09,45.54,64.9,6.45,-26,7.36,135,106,45.52,123,-14,75,-9,43,-1
77,57.36,143,18.21,74,99,-17.99,-6,118,18,96,51.2,80,97,8,15.49,112,42.93,-7,-43,147,51,-43,43,72,66,-37,-13,44.13,65,-7,102,1.53,9,-1.99,45.4,146,124,44.67,-21
72.76,26,-39,-17.07,83,114,127,18.24,60.23,-41,28,-8.08,21.2,-36,-19,73.65,-29,-12,69.3,89,26.24,41,52,70,-18.86,4.5,101,-23.18,-3,31,4,-15.61,92,113,-28,94,29.81,87,38.21,-49
19,-1,16,88,2.18,17,105,-14,7.72,66,87,18,-33,85,41,-24.96,-16,83,-48,29.44,9,-4,-6,3,-18.98,79,37,74,104,118,-4,80,59.17,-22.69,-12,-44,74,-11.01,-3.36,61.1
70.77,12.19,-9,-48,47,61.49,49.64,121,50,51.02,19,45,34,-7,126,134,107,-13.19,112,101,-1.49,12,-13,47,69.03,66.92,121,6,-13,-0.19,62.28,24.55,1,70,57,-24.34,74.21,113,45,43
10,-10,41.94,35.5,-21,37.53,38,70.72,-17,64,71,62.58,-16.27,-0.27,51,127,-17.82,123,-24,52.75,77,-48,-11.23,90,37,-20,31.45,5.36,75,74.52,41,36.55,122,3,25.04,19,46.94,20,-20,66.55
74.78,64.54,37.65,132,29,99,3.28,32,35,22,50,54.75,96,47,98,5.59,-47,-20.92,137,32.46,68.45,17.61,63,-30,147,2,38.37,28.35,42,37.23,21.79,-6.14,-28,149,-23.16,68.43,2.36,2,-48,56.76
1.36,69.51,24.14,-22,56.26,147,-5.97,9.86,-40,106,69,142,50,20.28,81,18,122,-38,121,145,68.09,-0.62,126,-6.77,19.39,70.34,-30,14,8,65,143,21.95,77,80,135,13,63,96,36,52.29
88,147,3.55,58,127,72.1,31.41,41.7,-7.92,73.63,6,27,71.99,140,87,133,-0.25,102,57,52,72.8,72,98,85,57.9,34,142,-32,56.18,106,-17.82,-49,63,15.51,-36,22.1,-34,21.89,22.08,142
6,-8.15,129,43.89,-46,116,35.03,25,-41,51,-10.86,-13,18.82,-26,17,53,124,-7.1,-15.57,30.29,79,42,82,137,-10.26,81,135,92,58.8,50.92,16.56,125,-7.83,-15.22,130,5.57,-13,2.22,124,29
8.91,45,73.63,-19,133,38.18,6,10.61,-1,70,6,29.87,90,147,30,57,118,69.76,3,58.98,53,-6,69,111,-19.37,148,-13.8,137,64.74,76,-4.29,11.98,46,146,53,126,-44,42.73,67,-9
-2,145,59,0,-20.15,7,7,-18.39,-50,-6,132,-29,58,4.99,52.39,70,118,23,98,27,43,54,62.66,112,-8.58,46.63,146,125,26,53.35,109,31.36,34,57.05,51.02,-3,36,25.08,22,99
-43,-48,74.33,33.33,120,-4.35,65,130,24,-22.75,-25,14.56,35,4.8,-20.29,116,41.77,137,111,13,18,128,127,-25,43,1.17,-13,-24.16,26.94,27,16.63,19.41,3.66,19.99,-7.73,39.32,-47,102,64.52,-13.18
42.98,57,24.26,100,5,98,-6.5,47,0.77,-21,93,-41,140,105,103,47.6,74.87,-32,25.24,35.91,60.2,4,-41,145,-3.26,43,130,-0.2,-10.94,4,49.05,34.66,125,24.51,39.8,42.4,40.38,-15.23,98,-50
63.97,-37,29.95,-45,36,145,134,125,125,10,72.52,-13.1,43,127,-16,11.48,114,137,-13.1,109,17.16,49,7.89,107,16.67,55,53.42,67,2.04,-33,-17.06,-42,20.38,67,32,-10,66.94,115,1,7.17
56.56,-17,-0.9,-25,86,26,137,3,38,15,61.53,106,28,-25,51.26,21,143,-42,32.5,-10,4.99,64.3,127,-8,57.73,-40,19,50.76,-25,63,-13.96,104,49.87,126,59,84,2,46.58,51,-24.98
132,12.49,72.16,32.4,-9.72,33.19,-48,93,58.23,27.31,59,-19.08,-17,123,58.39,14.64,67.06,7.51,-15,-41,39,58.66,-34,2.2,28,68,-5.56,-41,58,-46,74.33,3,2.35,22,-0.38,38,122,-32,20.13,-9
40,66.09,55.41,146,111,-3.03,6,144,126,56.25,139,-9.45,10,-0.46,-29,69,89,68.52,18.58,4.05,142,76,58.67,-8.44,14,-7.54,116,57,39,0,93,-19.3,16,6.41,65.23,61,5.47,115,124,-3
-14,21.62,54,31.04,-0.68,27,70.59,57,-1.04,57,42.84,136,72.14,86,116,-28,-23,36.32,-20.41,-30,55.53,-24,45.29,130,53.58,-17.04,111,54,-47,43.75,73.35,12.74,57.04,81,8.57,16,32,23.25,56,18.59
142,10.51,54,-42,-38,29,73,1.9,108,128,65.08,115,117,50.03,110,49,119,50.44,25,-23,109,83,51,72.09,21.1,21,29,35.54,4,82,33,-23,-10.77,113,81,-9.32,95,32.8,64.5,55
53.06,57.12,31.72,0.73,72,-1.53,40,43,41,36,44.66,77,-22,15.9,-46,21.04,43,72.26,25.72,43,-2.89,9,48,14.19,-11.01,14,14.8,-17.08,5.02,-8.37,12.13,67.31,107,-19.12,51.18,-26,-42,-6,-36,138
95,28,22,97,-38,1,28.3,13.53,35,41.35,53,138,-37,128,108,33,-4.92,144,37,70.87,34.68,75,116,91,146,-3,138,-14.1,-26,70.97,-20,-3.19,41,17,82,111,43.62,50.06,43,-0.94
-50,39,60,129,-4.56,31.1,135,74.21,103,72.64,24.19,100,55.94,-9,86,106,26.58,107,-27,78,54.86,93,-24.3,25.73,0,-9.5,-48,62,44.76,-36,-46,48,18.16,53.87,-23.13,24.02,144,-13,79,134
11,14.41,-25,130,10,96,16.67,52.05,-29,34.55,24,5,135,-3,56.14,-8.49,75,30.49,59,-10.85,2,142,60.78,88,6.91,19,39.98,63.83,5.45,43,-3,75,-4,20.78,-40,2,-35,-17,35,69
-7,125,28.46,-44,59.19,19.26,146,-12,89,82,-0.25,97,20,29,-27,8,71,6.61,93,7,-19.9,-9.48,105,12.79,29.68,116,1,51,114,25,24,52,-2.8,119,67,-17.04,72.47,-26,-42,-12
62,9,3.32,-23.24,117,138,-24.19,-17,88,15,80,-10.77,7,-37,57,5,-25,43,6,-4.91,69,4,52.79,68,109,30.95,23.01,84,31.06,2.29,-18.67,38.47,70.03,46.42,-18,-8.58,-49,-42,20,-37
-43,2,16,46.12,-22.45,-11,0.76,45.08,42.7,63.49,49,71.04,56,61.48,35,47,63.48,36,19,10.08,24.28,118,80,104,-7,-3.84,57,47,72,-48,14.92,-42,-17.76,-7.47,112,2,-14.09,-5.46,15,-14
53,40.51,2.32,71.96,116,10,55.36,-21.8,70,-31,-20,35.31,64,-50,-18,31,125,94,143,1.32,15,123,15.46,-38,137,-35,-16,-6,127,8,0.96,-3.73,-35,45,126,3.73,36.34,-39,-5,105
100,19.63,37.34,74,-2,67.79,68.33,69,-25,34,125,-9,131,39,-20.05,13.5,51,90,132,8,-11,-2.87,15.32,60,24,63,41.16,29,69,81,133,93,46.93,28,102,42,16,-18,-19.82,37
142,119,-20.39,35.74,5,47,9,118,42.51,93,65.06,46,11.19,-9,136,-47,39,48.73,135,-16,-13,69.21,31.21,92,52,23.26,-33,14.9,141,61.27,-9,15.15,50,57,135,87,22.94,-24.44,45.8,-21
-21,60,-20,149,-4.67,7.12,53,46,0.91,98,111,51.66,65.35,23,148,101,15,-11.14,-9.2,113,4.24,137,118,72,-26,-14.14,-22,-0.74,131,26,-1.08,25.41,-11.93,-5,85,-0.3,74,103,19,3
39,-9.03,130,55.76,-17.93,10,10.26,38,17.35,37.86,69.19,61.64,-42,122,-15,73.92,62.41,36.81,44.84,-30,-18,-13,146,16.63,-43,72,3.17,92,12,59,-5,59.42,82,5.21,-23.26,25.4,-49,18,38.77,58.79
43,-4,40.88,58,35.6,-35,29,88,69,12.38,15,90,-17,49.69,118,57,57,40.09,11.58,30.67,-47,-12.55,52,-14,142,41,-0.69,3,59.65,-20.19,36,63.75,51.12,60.53,-10.7,92,67.6,72,44,79
75,93,42.03,25.07,9.76,72.8,68,15.54,142,41,-9,108,101,64.89,111,75,56.32,72.19,50.68,143,67,69.88,142,-13.55,57.74,121,58.35,36.4,2.06,17.87,99,58.47,-7,52,45.07,-1,6.94,39.12,-4,65.47
30.1,-25,68,62,13,24.14,95,53,94,21.38,126,109,118,12.94,4.88,113,138,72,68.39,-26,-4.56,-1,147,112,-39,0.41,-41,17,36.46,141,138,-49,-7,46.57,24,-13.13,74.87,38.29,29.6,137
34.96,50.36,82,-34,89,-19,126,26.53,77,69,17.36,-29,3,45.38,-5.18,-36,52.37,111,-10.21,-48,98,39.03,2,-10,97,43,32,-8.48,5,103,17.69,67,-11.2,23.07,107,7,-5,68.78,7.64,51.61
88,1,-9.98,29,-47,50,89,54.96,-14.77,-4.17,-5,-9.32,-38,14.85,17.9,41,52.1,-42,19,-12,-37,-23,4.25,15.98,-4.06,13.65,58,92,134,52,38,50.06,97,-6.97,114,47.34,-8.13,-5.79,3.13,102
50,78,101,16,87,-6,13.84,5.9,46.51,5,56,48.22,19,60,31.85,-3,45,65.19,53,20.14,47.98,-39,-20.02,43.86,136,5.62,11.16,102,-47,-6.44,54.92,-1,30,-11.04,97,73.98,96,50.03,0,-6
128,25,-32,-12.14,-3.17,45.72,105,89,118,23.35,10,-2.53,50.66,2.25,42.66,4,-27,-14,12.23,102,77,-16,-36,108,139,66,70.91,68.59,-7,-1,-22.21,137,74.94,79,62,28,45.15,53,58,0
-1,123,-11.42,-30,-32,103,22.35,8.19,143,30,57.11,65.28,-14.24,51,37,26.67,115,45.19,86,26.12,108,-6.54,-48,66.03,130,-21.71,-8.37,68.67,105,115,-2.56,13.11,133,-11.15,92,-26,50.79,70,46.64,-4
-48,17,30.86,16,11.68,77,-20.38,34.82,-15,-7.39,-33,70.27,27.32,3.02,44.52,25,70.42,19.56,-5.31,-14.73,111,35.48,129,-35,19,29.36,30,-4.3,69.87,2,107,32.64,123,-18.7,105,67,39,66,43.79,-19
40.66,-14.58,72,90,124,37,-15.65,130,-27,131,44,91,43.93,-36,-3.29,84,65.8,61,44,34.69,18.66,26.9,60.78,10.19,45,51,0.78,100,119,26,89,4.73,-34,-17,136,43,-19,-0.8,135,30
23.18,24.32,124,109,0,-36,64,-44,-39,16.39,1,51.89,60.72,-7.09,21,26.4,-6.13,21,-9.06,37,-35,22.75,44.61,9.12,28.43,35.98,149,62,130,17,45.96,47,128,-11,23,17.79,49.45,106,17.87,114
9,-11.09,66.13,15,-42,-9,70.55,27,71.71,-12,40,-20,2,61.04,-11.9,25,72.75,-16.37,129,0.5,24.03,-12.55,-24,39.81,-6.6,67.14,-3.66,-8.18,95,43,27,61,98,68,48,16,72,64,-14.58,54.61
-15.18,59,52,63.44,32,133,141,24,55.25,18.65,123,-36,9,131,84,119,-11,7,7.08,-11.36,61.44,64.82,-34,41.24,68.13,41,41.91,15,-15.14,130,10.18,45.84,8.5,146,16.67,79,-40,3.31,68,14
54.97,-35,7.08,-16.57,-2,72.14,74.29,-7,36,-22.73,-1,-17.61,117,-5,59,85,28.21,-5,6.19,-9.95,35,-50,149,-10.28,117,87,72.38,103,131,132,141,24,13.27,42,-20.43,22.12,125,-10.5,79,26.76
148,38.58,36,-22.36,114,19.15,-2.83,-48,-21,-21,33.92,5.98,-48,-2,1.33,16,11.02,-17,-32,67.81,-40,61.05,34,58.28,121,74,107,4,11.7,16.15,10.54,104,54,143,-43,2,-35,30,114,-16
3,112,-25,-42,112,66,-7.64,125,25.54,122,-2.3,38.63,21.62,138,139,3,18.15,21,-18,65.28,39.57,13,44,60,35,-14.83,74.19,37.49,-22.02,-10,-3,114,73.01,34.35,70.87,22.1,-43,63,49,32
76,-1,5,51.5,67.06,16.52,20,16.38,23.74,53.06,-23.61,18.52,45,-8.49,3,-27,61,27,30.73,42.04,69.23,45,67,58,140,46.04,6,-47,143,-48,-16,26.82,64,122,-5,67.09,-23.57,-34,-24.37,114
27,21.47,73,-7,-7,-49,67.69,66.07,-29,-18,4.77,42.19,40.46,43.94,0.19,17,106,12.02,95,117,22.99,24.65,30.22,48,117,95,-3,22.41,-33,-39,41,-0.89,104,2,-35,-11,43.78,16.33,10.53,12.62
39,-17.42,54,48,-44,12.65,-3,15,69.49,70.2,44.36,86,145,68,48.76,89,26,110,-8,35,14,-14,105,22,62,25,64.63,10.3,44.51,16.99,50.19,14.29,51,-1.54,96,-11,93,145,111,-20
-18.45,56,118,48,-30,143,-1,-10,37,85,24.75,145,-20,-22.89,37,5.73,28,122,-21.66,81,110,-0.62,131,-8,44,17,71.78,85,81,134,48,67,32,103,46.58,9.35,58.85,66.02,46.93,51.27
143,73.57,5,68.32,-5.76,126,145,-8,53,-40,-10.22,-19,73.63,140,33,43,142,135,115,29.45,77,58,5.99,-18.38,-11.83,45.95,120,-24.52,-9,31.52,-21,48.18,40,42,72,-46,40.14,-10.1,84,-45
29.62,45.15,58.13,120,73,34.62,11.41,-43,12,-23.39,-38,4,21,71.92,-44,51.44,15,-22.15,14.72,121,0.12,54.11,-18,124,9,20,61.77,134,101,15,42,127,30.19,63.62,-3.17,114,67,2.29,11,-7.04
21,70,52.46,74,-18.49,-13,8,11,24,57,79,83,-39,33,143,39.68,-8.42,-14.35,1,111,0,70,-24.46,29,1,-15.61,6.04,92,49.17,-21,137,68.23,-5.08,70.59,3,-28,80,-45,16.77,145
-15,70.84,27.88,-10.4,128,-15.85,139,44,4,84,21,-8.95,-17,138,14,79,-5,35.1,67.64,-24.44,27.51,52.76,19.4,-0.5,22,-4.76,-30,90,-44,-11.53,16,104,35.02,-11,70.89,-4.96,29,59,-23.86,-28
67,42.02,137,27.82,-15,107,-18.17,70,-27,27,-47,6.07,0,-3.85,30.86,14.08,54.14,88,-10,-11.08,78,142,5,79,47.03,-34,62.15,40,129,-15,52,51.86,57,-32,-3.35,6.89,4.64,60.95,66.9,107
97,-21.41,67.21,33.83,9,139,91,25,-45,44,143,-21,140,51.74,-1.96,80,132,-42,113,11.64,56.62,-26,49,51,92,41.23,18.12,13.59,5.92,-48,20.96,42,-22.38,33,10.13,119,120,-21.21,80,73
55.72,63,128,41.4,-21,58,86,-6.59,106,3.83,-27,11.74,30.12,74.07,-9,14.49,87,136,-10.2,31,46.81,55.28,10.35,16.93,47.04,63,-33,63,14,24.73,-20.94,69.31,-42,-4,21,-22.06,87,82,107,17.06
147,138,-18.16,6,-26,74,29,90,22.07,90,70.91,-39,77,-12,103,133,40.17,-30,25.61,132,122,25,20,50.22,139,-46,65.48,73.07,5.65,71,5.89,100,85,52,32.48,-28,-24.66,-12.67,-29,17
-22.87,-31,31,55,29.99,118,15.46,50,118,34.12,8.6,62.78,16.4,54,20.33,22,93,-20.44,63,11.84,-15.96,29.69,113,9,35,76,75,72.22,70,19,-19.5,31.39,42.77,-40,15.5,48,22.66,72,28.85,-6
133,121,0,-46,18.08,65.48,134,126,-24,81,14,31,112,144,130,101,33.26,-11.98,106,-9.34,31,145,25,61.92,46.29,112,-45,63,97,-7,6,10.9,27,-0.06,143,22,86,129,97,-29
61,-20.86,55.39,-16,65.71,7.51,89,-24,9,33.23,49,103,-24.73,-16.29,-3.35,62.22,-49,-24.95,-19.07,-5,30.58,-50,32.92,50.49,29,37.23,25.9,25,43,104,45.56,33.93,18.19,75,65,32.39,-12,-1.26,6,29.7
37,97,-9.1,-45,57,-1.79,-1.57,125,-33,74.4,35.77,146,145,25.59,82,65,-11.91,10.76,62.09,29.03,86,3.11,1,130,19,35.13,113,142,27.27,145,27,8.12,25,-23,-45,141,133,70,-17,60.6
94,30.03,58,85,88,44.01,41.5,-12.97,-7,10.27,61,63.02,26.28,12.74,10,55,-14,15.84,-15,-29,-8.98,-22,69.21,144,-3,41,58,-24,32.66,-6,138,84,39.56,-36,81,139,21.99,71,41.92,-46
112,107,65.71,-10.94,74,-16.26,12,43.39,99,22,-23.6,-35,73,1.76,97,109,22.32,11.03,148,-7.74,-28,-24,-47,112,114,-10,7,17,10,-39,43.59,8,-14.68,139,45.55,104,-32,97,-2.7,147
46.91,93,118,34,15,-21.52,60.43,57,96,68.16,146,0,38.1,110,37.8,-8.04,9.97,109,55.13,17.88,53.19,-31,27.99,-50,-19,146,139,-21.17,-8.78,-15,39,10,-25,81,23.44,33.27,111,40,31,-9.35
1.99,82,65.41,53,-13,109,-30,147,138,117,59,125,46,4.99,-45,-9,80,-35,-18.29,20,68,0,116,30,80,87,47.58,86,71.43,106,71,-2.12,-29,0,64,-23.49,40.39,68.83,3.74,34
136,2.55,58.84,44.93,-8,24.61,-13,32.87,66.81,4.09,-0.11,111,147,83,20,110,136,-41,-40,-10,52.63,-12.27,90,-50,53,53,93,120,35.61,23,86,52.52,71,130,64,-4.64,-2,70.51,3.25,113
115,16,-45,110,-22,-20.63,-7.44,9.28,31.27,67.75,-43,69,13.35,32,54.35,89,100,0.56,-1,-22,120,-48,135,-22.92,82,10,41,59.88,2.06,47.66,15,134,68.08,69,10.52,106,4,23.15,38.31,-6.02
-12,57.23,119,36.82,-7,10.45,106,65.74,32,136,-20.4,56,6,137,71.65,32,120,41.29,145,-19.76,21.88,12,56,83,17,47.4,70,-28,-12,22,8.32,73,8.61,70.91,36.24,127,63,-4,77,53.74
74,114,79,146,0,49.57,17.8,-18.62,145,63.28,106,0,-7,53.64,39,20,-15,49.53,114,31,8.48,13.94,-43,29.38,63.54,49,61.02,121,140,-12,11.35,6.48,0.26,12.08,-18.78,6.07,26,116,62,14.33
-1.27,7.9,-24,-23.29,56,46,54.15,135,46,48.99,27.72,140,-3.88,19,57,145,129,36,-8,38.49,-17.28,71,49,61,66,-16.25,67.93,49.03,70,-22.29,39.26,136,10.2,11.74,75,49.1,-39,31.75,53.08,67
78,60,94,91,122,70.02,25.72,65,7,111,51.25,135,7,36,-20.95,131,40.36,29,128,-33,22.8,135,72.38,-23,-6.9,36,72,17,-23.49,41,-7,-8.24,14,61,51,44.14,-14.01,-37,-16,108
-43,118,-5,102,99,-8.19,27,-3.8,42,86,98,-10,52.21,57.82,63,26.68,44,-22.17,26.38,67,79,-1,120,-3,74,53.59,-25,16,-43,124,0,61.13,124,14,57.11,86,28.14,29.37,28.18,-1
-48,-4.62,42,95,92,131,-38,48.2,84,116,-1.29,73.76,12.98,-30,145,53.14,104,147,13.37,-22,92,-23,5,18,15.76,13,20.97,88,58.47,-24,44,-5.32,98,104,38,39.88,137,-45,31.01,122
0,-21,15.09,114,54,127,136,40.9,113,11.29,68,68.09,23.24,-30,58.78,4.73,17.2,-35,37.31,-1.36,-1.49,43.98,70,-40,43,140,7,85,116,79,95,49.78,-20.6,119,15.9,64.64,149,34.73,-38,63.96
-19,-13,69.67,25.62,29.06,51,88,-33,-21,0.57,83,-6.76,124,-43,68.23,66.7,92,-4,75,27,30,126,74.9,55.73,11.77,125,-19.75,31,-45,-32,108,124,-22.36,25.79,113,55.98,11,-13.2,38.86,-50
106,14,26.85,136,19,-34,87,53.61,-17,30,96,39.01,59.26,5.87,61.9,61.6,106,39.58,85,-15.3,38.75,32,74.07,-21.8,-0.9,67.36,-14.67,18.25,73.85,54.07,99,-46,44,31,64.97,80,89,6.67,16.47,77
148,-2,28.77,32,57.92,-37,4.52,16,62,41,31,96,29.77,26.87,16,59.23,99,-12.15,136,85,-31,87,-14.11,-23.91,-47,58,110,2.26,47.62,-22.31,-1.45,30,23,-23.35,-23,52.67,-6.33,22.83,140,57
7.62,-21.95,70,130,70,120,68,13.03,133,100,-5,-6,144,41.99,27,-28,-36,107,127,140,20,146,9,-7,48.36,-15,-22.16,-44,119,107,80,-7.56,110,-22.77,19.16,116,-19,72.35,71.59,59
17.03,-16.01,43.01,37.96,106,-3.61,-7.17,94,128,136,43,-3.13,55,3,0,-12.84,62,87,18,94,103,61,91,3,100,-36,31.4,146,61.14,105,70.07,32,141,143,61.98,35.32,68,-11.95,132,1.05
52,79,-30,0,-24.4,137,56.5,23.59,69.14,109,4.99,56.03,37,26.6,47.38,92,51.12,74,-5.45,-23.2,69.04,-5,38.82,53,100,145,-11.25,129,-36,107,46.66,122,38,41,-30,28.95,57,43,47.17,-4.96
-18.85,133,-6,53,69,66.59,79,2,66,104,56,133,-21.92,36,32.02,45,123,58.13,20.46,-45,9,112,27.12,30.03,58.42,49.82,25.42,112,34.79,-28,54,20,21,67,93,64,51,120,127,41.59
64,118,8,50.07,30,135,3,126,22,51,-0.64,78,62,40,50.64,120,15.57,117,-1,49,16.24,57.95,-23,43,97,22.66,-2,33.11,53,-14.66,-49,72.39,24.8,72.11,132,58,56,-36,72.47,69.87
11,58.63,-11,140,-7,20,19,138,44,24.11,102,-30,61,14,70.74,79,47,-31,48,24.11,59.15,116,45,11,65.42,61.05,-19.38,-25,97,97,48,23,-27,26.73,104,130,-14,-12.17,55.24,108
64,103,31,-4.73,36.46,30,50.6,-29,-35,143,66.24,144,86,43,42.69,54,3.49,146,3,134,50.33,12.19,-5,97,24,-19.04,27.38,58,59.06,47,-9.55,144,124,-14.95,34.35,10,-1,-20,23,-12.75
134,111,-3.03,56.79,52,37,-18,-27,110,-36,6.86,-21,36.82,16.14,16,13.73,31,106,64.43,65.33,79,149,-39,83,35.76,27.54,1,38.74,-8.84,-20.68,47,25.62,18.68,20,20,-11.58,59.14,106,13,49.24
-22.48,-21.89,131,-9.41,-9.44,128,58,-29,50,-24,12.43,-47,-4.25,107,148,9,-40,-30,50.24,92,-13.61,70.1,71,-29,-48,-50,-12,141,95,-50,9,47,55,-23,145,-39,54,45.09,-14.56,125
-27,-17.93,118,-23.63,1.59,45.89,37,80,2.89,42,-42,83,51.27,46.95,64,-40,-10.6,40.77,55,39,31.67,87,-4,121,14,-7.44,19,21,-1,41.92,-16,-0.65,-22.69,35.11,-11.95,32,-6.57,73,65,79
47,-7,-31,-27,135,100,34,132,6,128,91,25.59,82,140,22,-24.29,97,129,44.3,12.01,0.92,8.71,-1,-16.37,93,3.1,143,66.97,136,102,40.59,85,26.48,29.96,134,58,-31,112,53,100
147,63,-19,97,105,66.74,-9.33,121,38,69,74.92,6,26,-45,6.37,83,22.03,15,106,41,-5.29,124,143,64.07,73.22,64,74,147,146,102,-40,-17.74,3,29,-41,42.93,70,-4.56,65,108
77,121,39.23,41,73.16,-12.24,29.24,142,-36,127,137,18,142,104,-13.58,46.26,34.32,73.6,119,37,105,21.66,-1,-32,93,36,8.89,108,53.96,10.91,-33,-17.99,48.05,-50,135,7.51,-43,-38,60.72,27.42
34.77,-17.29,36.5,107,17,53,6.7,-6.83,-12.06,65,42,47,44.08,-33,-44,-40,18,6,-23,30.87,-0.59,126,-9,148,25.87,13.23,19.64,4.36,58,51.76,67,119,-22,19,-35,73,84,19,59.04,92
148,148,84,31,90,-32,57,32,64.88,47.35,128,85,66.49,-20,80,11,-6,38,-13,126,1,28.44,-2,65.11,9.32,43,27.43,61.21,53.9,-7.18,121,116,70,32.35,51.42,65,6,24,108,4
6,-19,142,6.78,137,77,-33,109,-9.22,72.16,33.77,122,131,98,55.03,116,-42,74,17.81,16,70.14,60.65,-33,55,2,90,-25,62.25,32.45,71.24,129,119,57,32.87,107,61,50.67,8.59,-22,111
99,-24,36.36,-35,18.41,36,61,92,122,50.14,54.37,64,-40,-34,-22,17,107,94,-47,27,-25,147,110,23,1,44.58,46.89,27,-13,50,84,58.22,60,100,71.94,52,42.19,3,17.45,75
26.74,12.5,19.49,97,49.35,10.35,-1.26,61.79,-21.86,17.92,139,-26,144,-8.84,77,-37,3,16,-35,96,-8,48.74,-26,100,57.73,18.42,104,5.92,76,91,23.58,54,-26,21.42,-8,17,22.85,38,62.47,31
146,109,13.58,-9,56,-24,21.38,19.24,50,-21.34,102,-39,31.61,-33,111,73.14,46.78,83,45,106,26.27,48,79,111,130,15.97,-23,53,51.66,59.8,78,12.74,29.18,37.55,91,53,52.54,39,47.66,107
45.43,41,52.25,-36,127,136,93,31,101,-46,48.43,125,8.55,9.9,37,-16,28.08,24.76,88,88,60.55,-4,75,34.95,-24.58,13,48.61,5,-27,-11,35,35.78,41,110,51.65,17.26,17.73,68,19,133
46.69,-8.85,122,-21.04,-43,74.08,91,3,57.6,2,52.12,57.49,56,2.98,-50,11,42.65,128,35.21,25.56,0,72.15,-13.9,142,-27,12,-11.3,8,-13,48,96,15.88,22.15,-40,27.66,11.04,37,142,-5.48,16.7
1.6,10.09,89,57.66,-14,43.79,65,29.38,-0.96,1,52,26.48,14.15,-2.87,51.92,123,29,97,148,8.2,72,-25,-19,148,87,-35,15.53,-9,71,63.33,22.43,-4.86,12.05,61.47,132,16.25,-10,17.53,12.25,67
83,69,-43,-12.19,-12.15,-44,133,-41,4,28.45,63.92,-3,27,22.61,12.83,95,29,109,23.15,67,72.88,90,2.27,-12.6,-33,37.89,-44,50.5,-25,-11.43,29.96,27.63,107,-16.46,75,-18.01,6.27,82,22.15,-19
63.7,25.37,22,-26,-19,108,-49,-17.96,40.95,136,10.32,-1,72.62,-23.46,107,67,48.02,3,84,-22.35,-25,32.21,148,113,50,2.26,5.16,84,-5,58.4,48,100,63,57.79,3.6,17.21,3,56.36,20.31,2
37.11,-45,109,24.42,99,131,30,73.42,53,38.26,34,66.6,141,149,131,0,-5,82,-46,23,3.07,-22.36,63.13,119,116,145,21.09,96,73,101,-49,-24.12,-15.24,149,49,4,15.85,-42,-7.46,-48
127,72,51,100,9.45,4.44,79,149,132,120,5.25,-11.52,13.64,71,115,90,12,-38,-27,-22,69.57,-0.03,-36,10.58,48,71.45,14.27,136,-0.62,20.48,8.07,-10,-7,11.3,-16,-18,72.68,103,140,39.14
143,51.83,33,117,-7.34,18.07,45,-16.49,59,5,59.79,58.26,5,114,38.39,-41,52,-20,-5.31,49.52,-47,145,-40,-37,32.8,31.05,43,50,45,40,-46,0,20.41,-14,34.17,55.81,-12.91,4.34,36.67,1.13
34.27,38,56,61.13,-27,41,68.41,-6.25,-12.6,-34,56.13,94,30.76,35,91,128,139,43.18,-19.09,26,101,21.22,61,48.68,-11.44,-47,-9.51,133,33.06,69.48,74,1,-3.45,74.61,128,38.08,135,42,116,60
-11.8,68,125,64.05,-25,112,67.36,112,9.78,32.53,-9.61,37.82,-15.44,133,-44,67.46,75,104,-19.19,30.13,12.1,52.62,96,-29,-8.86,111,-4.88,46.22,-49,147,61.29,18,25,104,7,54,40,75,66.81,37.35
68,15.53,65.66,-6,-10.45,51,7.2,14.85,-46,61.38,65,-37,104,46,7.24,31,0,10,-9,1,114,-29,-11,39,-17.69,-5.67,32,-5,23,36,58,121,32.58,29,34.37,57.68,34,-34,4.01,114
72.12,45,-18,109,-0.46,112,12,47.17,38.99,-27,16.31,107,43.54,27,23.92,42.02,127,66.22,42,142,-29,4,-24.06,-22.98,17.22,33.48,95,35,53.99,-12,23,132,44.24,2.26,14,86,42,8.91,31,-37
110,122,-32,63.73,-25,47,56,74,13.54,3.28,32.61,52,-39,61.33,-22,21,62,14.16,-33,1.11,-10.31,69.62,-16.93,0.3,114,93,96,24,29.11,-18,43,17,121,47,-39,14,-1,59.27,41.06,1
26,94,-34,-20.79,46.39,-42,0,-22,8,128,0,22.49,140,42.76,133,14.92,94,-7,67.22,138,41,-8,50.98,51,39.26,96,22.66,25,-47,9.29,71,-17.63,92,81,70.02,65.61,48,13,90,11.3
-19.36,13,18.51,-37,27,36,65.75,3.69,35.89,97,111,35.23,14.96,-30,149,-6,137,-33,145,63,48.74,-50,10.6,78,107,77,64.96,69,-8.87,50,58,-9.63,59.85,124,90,17,-33,30.5,48.63,12
-37,66.63,59,54.05,40,25.36,100,34.92,-16.17,95,39.2,95,-50,89,23.84,50.37,-18.76,-49,51.74,61.55,136,39.54,129,2.38,93,-35,104,98,16.63,15.23,10.85,109,6.59,-29,-44,63,55,85,53,113
52.3,102,120,34.24,73.55,-39,82,10.23,3.34,1,47.19,-8,-41,68.15,23,71.5,-1.69,17,18,5,-15.66,67,29,146,23.95,74,8.83,65.26,-0.12,27.29,-10.3,74.53,102,2.49,141,120,67.06,56.67,12,106
100,37,97,-42,-50,-0.41,26.54,0.44,-41,24,13.39,17.39,28,-10.22,-14.37,21,46.24,102,26.56,42,23.58,3,11.92,36.57,-30,9.73,-12.71,-15.44,41,75,3,72,35,-43,57,-17,53.95,61.5,-14,27
44,64.4,-26,-2,65,143,-49,47.15,21.12,37,42,20,30,62.2,56,-17.05,125,12,29.31,-12.44,31.92,46,74,25,132,61,10,-37,23,72,-32,25,140,41.1,35,47.61,31.82,30.91,66,86
83,5.34,80,17.79,9.11,25,104,19,74.31,-30,-34,8.77,20.85,-9,-9.41,-23.27,93,9,31,50,-24.01,0,47,-12,19.34,56.17,12,36.33,39.79,4.12,67,-3.05,-8,37.54,37,30.64,4.91,44.9,-31,8.23
17.83,-26,49,-8,3.76,24,143,17.16,54.31,20,-35,-14.82,16.13,5.54,68.11,-43,68.52,53,89,21.65,-8,51,64.86,84,31.1,148,-21.42,34,-48,77,141,27.48,64,70,8.86,123,-16.15,35.81,-43,119
26.98,145,54.97,80,-9,34.7,79,-37,30.33,49.11,117,-1.48,29.28,25,54.96,120,-1.32,74,16,15.48,-4.24,71.85,7,-14,149,71.38,-47,31.73,-15.82,80,-14,130,43.48,45.02,145,66.37,54,-24,56.67,78
-14.51,147,-40,47.74,-17.39,33,-4,21.9,-21,24.75,40.28,27.28,61,118,43,91,-14.75,123,36.74,-44,33,98,95,45.73,-19.31,70,0.79,15.33,-7.05,128,-15.25,89,29.05,-29,38,124,8.09,15.32,-13.73,7.75
144,90,45,10,-39,-1.91,-8,12.43,51.94,140,46,-2,40.78,37,68.62,90,51.78,47,45,-22,-49,-22,63,-39,113,34,-11.39,147,-5,54.5,-15.32,145,20,-43,148,10.87,2,-18,63.48,-33
48,35.96,-2,39,-33,-20.06,55,44,139,17,27.08,-22.56,37,31,2,4,48.06,108,48.29,98,6,102,1.74,49,-0.71,0,-5.39,77,4,-10.05,43.37,-17,93,22.64,13,-1,-29,93,23.57,62.44
93,18.27,4.25,48.91,-41,28.19,93,48.92,-20.76,-11,-34,73.03,46.06,-2,57.04,146,-38,1.01,104,-11.31,48.06,37.89,68.49,60,20,70.58,27.64,79,24.45,7.11,4,136,2,116,103,-50,101,42.53,51,42
66,-4.33,41,30.7,62.91,2.77,-35,-5,37,142,13.43,-45,64,-23.94,9.89,-15,82,7,-39,148,16.68,38,73.46,-6.81,117,38,22.37,51,35.93,106,104,-29,0.29,93,27,136,126,109,37,59.89
114,2,6.64,116,5.11,8.24,-24,-21.01,3.83,13.66,65.05,-17.4,42.4,32.34,41.07,-10,56.65,-15.78,7.22,50,102,75,141,80,109,-8.65,57,134,141,56,-0.86,87,35.46,55,3,7.63,13.97,-7,19,-43
32.16,34.36,18,41.92,23.66,-11.02,28,30.88,-24.43,41.41,105,-16.73,-2.29,32.98,-48,-40,23.12,-5.56,38,69,-20,73,63,19.72,-16,45.14,44.63,-6,-9,21,-19.59,41.41,11.8,68,-31,48.53,11.6,25.82,-38,-11.83
96,-50,19.17,50.02,-37,25.38,30,39.4,38.33,10.04,-45,71.54,33.38,-21,76,72.02,-13.36,22,2.5,54,-23.39,84,2.68,-15.03,-21.23,118,125,-24.27,61.04,137,146,60.64,44.64,49,18.87,121,-7.21,82,85,62.71
4,48.58,76,33,130,-23.1,-22.12,-9,95,-5,70.73,55.22,132,122,-23,-9.43,19.37,4,12.82,40.78,21.79,95,16.14,94,27.26,64,-28,98,101,-32,11.22,5.8,76,59.49,41.08,37.78,-6,15,68,127
-7,72,128,149,-8,132,71.08,80,57,54.8,26.48,22.44,120,36,43.06,70,137,70,115,115,62.72,8.59,52,-0.42,73,60.35,35,133,67.47,-2.13,11.78,-29,71.65,136,-24,70,5,72.81,66.08,-26
-30,-16,-25,63.14,22,-47,40.17,125,33,135,36,39,31,62.34,66,18,-16.56,-7.45,12.64,62,-34,78,120,9,35,44.73,145,75,101,-0.71,-10,142,88,43.85,131,96,31,19.47,-3,-44
67,19,57.25,53,60.28,30,52,132,-8.74,134,-23.89,-15,43,95,-14,148,-41,70,-7,45.77,23,-2,89,51.72,57.44,102,104,30.18,-8.34,48.49,61,108,4.31,93,116,-23,-16.67,38.84,4.9,70
31.39,32,70,129,71,-9.03,-1.55,51,74.96,109,55,57,11,-45,138,43.08,16,41.65,109,94,19.63,7.2,-11.55,124,149,41,72,144,37,-33,14.28,-21.4,19,122,120,59.41,-1.73,37,24.64,22
57,23,-38,49,118,-18,149,-18,35,-2.26,27,-3.99,-18.45,145,22.76,100,109,70,105,128,-7,71.41,10.31,-9,100,109,71,41.21,-2,25.7,-36,5.87,29,50,46.79,67.63,70.22,63,-0.09,79
55.15,77,35.44,84,147,11.58,-21.03,49.45,106,-30,24,-9.98,55,95,-28,48.8,105,31,87,-25,-2,-38,17,92,-10,0.03,-28,-31,-5.83,13,-20.69,-15.7,94,-40,78,-11,115,-30,2.82,24.18
-37,30.49,-13,19.92,12.49,98,-20,84,-4.5,26.97,99,33,-36,-18.06,45.23,52,68.58,115,13.25,45,67.07,65.38,127,5,17,14.88,25,-9.46,-8,25.74,-50,20.38,37.1,83,125,-16,107,72.13,27,-4
3.85,25.71,3,-42,2,36,22.99,137,124,40.14,78,117,6.86,-15.19,55.62,12.99,6.77,83,0,63.91,61,-4.81,96,-22.25,14.67,68,90,-14,0.29,22,54,86,136,94,25.06,123,58,-6.86,-17,48.98
61.31,48.84,89,-24.1,-19.04,4,66.52,43.35,10.54,98,0,17.26,32.73,-9,3,145,56.54,127,65.13,102,69,7.95,115,-1,-3,2.69,0.82,-46,138,48,15,45.37,-21,7,108,112,38.71,-11,34.02,-10.19
111,-3.53,-49,-50,10.94,97,45.46,84,-8.25,-34,29.74,-11.72,-21.28,26.99,37.27,-9.39,-10,23.92,100,128,28.06,1.24,135,130,109,-27,91,95,149,-50,120,93,0,22.41,20,-50,32.2,18.22,-8.65,21.26
45.89,8.21,22,69.6,-48,76,84,69.65,20.44,56.18,-27,21,26.93,59,49,69,-13,29,29.58,146,21.14,-18,-3.27,-30,19.49,116,29,147,-19.21,130,17.81,47.24,20.36,139,-6,-24.62,-3,96,-33,30.14
2,25,135,52.79,-32,49,-22.4,49,-8.36,55,56.16,43.37,24,41,-23.25,9.58,-15,47,45.74,4.28,65,-10,24.7,-16,76,84,58,35.26,126,40.04,16,-9.56,68.43,73.87,119,57.89,-24.28,11,-9,46.15
133,144,48.94,-22,28,28,41.01,100,135,25,44.08,25.32,-3.29,70,-6,20,23.29,2.22,-38,-27,86,-24,77,-40,49,133,24.54,87,29.71,38,13,123,25.09,119,-16.81,-47,91,41.55,134,-5.87
145,63,65,98,34,60,65.56,-17.37,-36,-5.92,-1,-18,56.39,11.85,28,88,-1,4,53.03,73,-4.52,37.54,58.02,128,-6,-25,115,53,-43,32,-23.2,6,139,122,-7.78,33.15,60.5,33,-6.01,90
64.82,87,81,44,23.84,-19.59,69.02,74,40,-18.79,23.09,38.78,79,-14.95,-11.1,67,-14,22,40,-17.02,43,11.64,70.42,78,125,59.77,103,17.94,20,-32,-16,37.11,68.89,-3.29,58.55,50.71,4.39,-36,41.46,69.1
136,70.07,-14.45,138,29.25,47.72,-21.48,-47,-45,93,97,90,41.03,-45,12,119,49.47,26.75,4.31,35,56.96,-15,62.73,71.06,32.25,39.28,73.73,-29,36.7,66,-4,42,-15,16,18.46,54.26,24.73,-11.18,62.49,68
-19.88,-38,50,34.45,138,53,22.75,148,-35,49.25,16.37,14,51.33,79,77,40.84,80,12.1,-19,111,73,50,51.35,41,85,-31,106,21,106,63,-35,102,129,28.34,115,92,25,64.36,126,74
104,105,23,101,-1,-13,48,39.77,-18.09,64,8.1,69,88,-49,-29,-40,61.63,88,-35,23,-33,66.89,1.19,59.38,141,63.31,-19.93,-13.98,-30,72,11.87,74.93,92,66,-16.44,93,21.68,123,9.71,124
79,112,35,33.85,144,-23.32,68.56,47.76,68,-12.06,26.33,-10.73,66,46,61,-3,46,13,58,12.58,138,104,87,96,146,-48,22.12,18,-13,43,92,-31,47.23,65.28,29,1,101,125,124,113
-8,128,13.09,10.94,33.01,23,49,-43,27.87,-6.84,110,-4,-13,104,48,-9.81,7.06,-28,-4.49,21,75,95,12,63.78,-47,138,-7,1,-21,5,55.85,38,-45,53,45.82,-10,14.23,100,-11,-10.06
148,21.18,0.47,93,36.69,-50,103,-4,45,9.55,63,46.66,79,112,-19.65,33.19,-21.75,-18.6,-17,125,-1.57,96,-18.4,57.15,58.74,-3.34,47,69.7,29.86,-46,-43,105,9,116,-24,78,43,-2,72,40.4
-14.68,76,-4.63,-16.03,7.59,135,2,-6,-15,0.99,51,-13.13,32.1,31,53.72,31.09,-13,-1.66,-16,57,-18,73.72,71,74,41.88,147,50,-24.72,-32,18.41,15,36,-9,43.16,6.52,16,-6,15.56,31,18.61
13.8,112,45.19,-32,73,12,48.54,23.84,1.07,108,45.5,-23,-42,3,-34,148,67,-3,18.47,56,29,24,23.56,59.6,68.95,53.42,37.63,-33,68,140,9,8,6.47,75,42,-24,129,14.27,-30,38
97,5.57,126,-45,35.5,146,37,68.55,41.41,88,28.26,32.7,-15.74,140,16.8,18,-14,51.09,85,56.89,131,12.48,110,-9.03,-18.98,73.77,63,-7,29.69,42.84,7,50.53,51.69,98,141,59,-11,63,7,54.09
24.87,10.71,136,55.89,40.65,38.38,-35,69.9,-20,65,-41,11,55.5,17.79,98,47.12,28.53,8.02,-18.07,16,-4.89,38.21,-8.71,-17,-37,28,3.81,137,-6.49,-26,-24,-37,-17,-14.3,103,-21.76,-9.78,136,95,32.84
135,100,86,9.78,17.83,21,47.85,25,119,79,56,3,-10.72,39,18.31,1,18.67,-6.59,16.55,-41,74.51,22.51,5,-4.12,48.79,138,-35,64.92,26,93,48,26,44.93,138,37,-10,30,31.02,-13.38,68
22.75,-17,144,-22,0.56,70,62.57,17.05,50.13,133,28.4,-14.4,72.56,-37,-8,75,32,118,71,35.86,73,-37,-25,9.8,47.04,22.88,114,147,109,18,125,48.11,62.25,12.09,123,-21.57,-17.51,59,34.3,81
-33,30,52,25,24,66,-36,67,-6,-39,139,-23.49,56.37,-19.41,3,132,63,40.75,68.95,26,42,71.34,-0.11,-1.57,0,-12.09,-14,41,-20.18,38.32,74.05,-15,55,85,40.4,27,19.75,29.49,63.06,12.19
111,42.89,26,60.92,90,-8.25,117,82,105,70.86,-11.1,90,-1,-24,64,65.9,60.44,67,121,13.2,-23,147,7.06,139,-43,-29,33.27,-7.55,29,60,71.07,105,25.95,46.36,41.96,84,35.3,23,32,104
49,33,-21.26,117,-49,16,64.04,54,111,45.95,74.94,45,8.35,30,-15,-41,77,147,-41,-2.09,77,27.87,46.79,-10.78,53,127,80,-12.31,-18.79,-27,115,33,-33,-20.75,4.8,38,44,147,63.29,33
106,5.85,-3,144,131,-3.38,111,39.99,51.94,-19.33,32.7,17.62,-3.19,-47,-24.78,31.4,60,-14.95,59,5,-24,33.67,120,35,34.17,69,26,34.36,54,117,-44,-17.38,117,39.14,64.11,57.89,11,-42,68,126
10,30.77,135,-18.12,38,15.69,18.63,70.4,8.88,51,-19.6,94,-2.32,0,24.47,31.97,48.9,25,53,21,0.55,23,-18,45,17.49,39.37,146,59,37,118,-23.44,92,38,-9.27,83,144,29.34,144,13,40.25
-30,72.4,54.34,114,40.67,52.28,31,-44,3,50,27,103,-34,-40,72.69,-11.21,44.21,17,69,68,-19,53,-9.62,68.81,2.93,107,128,-10.31,56.36,40,-46,40,-43,102,4.16,45,126,45.43,13,-50
22.28,80,51,34,93,72.31,42.94,120,20,9.39,-19.11,-24,-9,-1.66,80,-11.05,25.42,67,-10.45,-10.61,32,61,-8,5.93,50.1,54,101,57.2,38.07,130,61,-12,70,109,9,-13.81,-33,73,33.18,96
70.12,50,9.22,52,44.56,-16.95,100,8,25,8,65,140,19,-0.09,67.65,-11.01,142,95,86,-10.38,141,-5,-43,-33,-10.45,-44,-16,-15.85,16.6,14,32,2,126,50.01,10,72,11.74,71.11,-15,33
-20.19,6.91,6.7,22.67,96,6.03,65.08,124,33,-11,28,15,78,-2.89,15.03,130,-13,11.49,-10.15,-19.66,35.49,-46,38,51,31.62,115,3.02,-16.45,-22.94,-36,-15.9,-9,40,23,51.55,125,-2,-24.45,102,63.32
36,-35,88,15.83,131,19,15.12,8.58,134,46.82,31,-12.11,-47,132,55.02,130,32.25,71.89,11.65,-16,-14.63,-18,8.51,92,7,62.87,4.33,61,-32,90,18,27.15,78,118,32,40,-30,143,34.29,135
77,80,41.75,116,57,134,73,138,30.64,90,19,15.89,36.03,53.39,139,45,-3.06,42,126,57,26.48,50.58,80,-10,66,-37,-11,84,73.05,24,32,-3,4,97,-8,-40,-47,59.28,110,129
105,-24,23.98,38,-3,34,42,42,0.59,74,71.66,9.31,-2.5,10.3,3,72.96,14,-33,31.95,21,12,-32,69.8,-12.68,2,50,119,58.51,21,16.43,-24,3,45.86,100,97,141,-17.58,12.13,6,36.47
-7.67,42.85,115,113,21,81,91,127,29.62,51,51,71,34.62,44.04,-43,13.94,65,74,-48,24.87,114,-10.04,27.42,148,20,24.39,-6.2,36.6,144,-3,21,-28,28.68,-15.08,55.39,-20,87,5,67,-11.36
7,54.28,-22,-6,62.18,36,24.74,-23,30,45,74,52,29.11,-48,11.54,99,80,-21.22,104,-32,-0.61,-50,-13,-30,62.21,34,17,-7.07,-23,13.69,-10.36,31.94,26,-11.99,144,32.4,-40,-15,98,112
-2.34,-19,132,143,22.3,-43,70.1,60.98,-23,28,20,46,104,-19,54,64,-16,-6.23,-13.23,4.12,141,40.13,89,44.58,105,-4.86,145,125,-24,94,6.37,148,75,146,33,-36,36,28.21,103,-10.39
120,22,36,2.03,72.93,79,-6,69,19,-48,-22.56,19,97,43,51.25,92,57,94,56.02,80,-3.93,29,138,15,-11.15,54,66,14.43,14,107,8.05,60.45,16,81,21.26,18,113,-0.72,71,53.09
-40,21.43,57,22.2,16.79,25.53,32,139,66,38.87,73,-19.39,20.59,45.85,145,15,30,-24.38,108,10.52,146,7,8.06,117,61.42,146,33.73,14,-5,113,31,56.85,-9.43,-12.07,130,4,-46,38.77,47,42.14
114,143,125,81,-7.51,-16.13,55,1.57,72,14,36,-24.05,140,56,18,114,32,-10.77,43,33,45.38,55.78,6,77,-23.52,-8,48,2.63,114,121,32,18,76,9,144,81,101,132,16.63,-15.2
10,41,18,73,-15,114,-6,66,-10.57,-43,40,-31,61.81,-18.59,-7,-45,72,-43,38,1.32,6.19,7.6,18,70.08,24,-2.99,-15.41,122,48.21,13.01,44.76,67.24,116,144,-34,64.5,114,123,-44,-26
-2.38,-25,-25,132,5,-8.1,-10,-20,51.36,24,66,87,115,133,31,-5,17.68,9.17,71.2,66,27.33,-17,-12,94,38.93,62.52,23.21,106,-30,-43,-21.15,100,54,84,17,23.28,-25,-10.55,70.21,29.46
143,40,-34,79,7.42,120,-10.57,16.7,57.95,45.54,-21,0.25,138,8,20.24,61.89,18.87,71.67,49.41,4.35,118,110,137,-26,145,-37,41.91,78,29,88,-6.84,137,115,78,68,-5.23,-15.53,25.21,-48,-9
112,-24.83,62.99,2,126,-2.51,-16.24,29,127,5,-1.73,-41,-7.75,-34,80,-44,34.25,22,-11.68,26,53.17,120,131,-2.66,41.31,56,39.88,73,66.55,97,11.97,41,58,111,-6,69.92,41.51,-39,17.96,11.53
-12.8,-43,23.49,98,115,-47,73,121,-46,41.04,88,80,48.65,22,114,133,95,49,15,55,-6.97,27,38,59,93,73,7,22.14,-1,-11.47,-22,-15,-8,82,-0.88,39.35,110,21,113,-5.55
41.57,142,50.33,109,119,13.56,102,17.19,3,52.35,12,-2,71,37.12,30.97,32.49,71.56,58.42,15,-22.73,57,104,19,109,61.09,69,78,114,21.58,-3.33,81,-7,40,112,98,42.58,-19.84,19,-16.02,91
54,146,49,-36,10.65,35.5,54.98,90,-34,-20,108,9.92,-44,52.71,-41,8.71,77,57.24,19,59.67,97,71.28,20.5,8,100,16.68,-7.62,-37,129,70,14,145,74,113,39.37,76,13,48,-22.83,-23
96,73,18.55,39.69,58,9.26,20.29,73,20.32,43.86,32.25,-50,106,-1,29.85,4.83,46.86,-17.05,129,-19.06,8,-45,30.95,134,-24,57.93,52.48,60,46.69,143,-9,97,20.16,24,87,21,25,103,-22,81
-5,143,57,18,83,6,38.28,147,-16,-15.53,149,86,49.3,-17.4,9,149,146,19.77,117,-14,-46,82,19,39,53.94,112,72,49,-46,23.26,97,34.81,9.51,32,-36,142,73,44.91,125,-1.91
-49,8.97,-44,-1,66.64,63,23,49,32.4,27.24,26.54,125,34.72,50.88,80,127,-8,32,120,59.54,42.38,-9.99,25,-39,53.16,-16,-3.38,-12,-18.38,131,55,134,57,39.92,-11,2,124,30.89,73.6,53.66
14.29,74.32,-20,137,8,-11.54,-9.48,77,56.84,108,-8.71,-20,34.82,76,131,-13,146,13.46,61,147,54,3,27,101,24.83,-19.76,-13,34.23,31,135,-8.09,-0.21,42.24,74.61,10,20,20,-38,-6,0.37
8,66.7,69,127,7.28,-23.6,7.76,15.79,50.86,26,35,-13.66,16.76,-44,52,-1,67.07,16,-20,16.14,111,56,-37,-6,21,28.67,40.72,-18,13.51,76,-9.09,44.81,82,67,22,-25,5,147,65.19,65.87
113,24,-17,38,27,66,44,113,20,51,-8,10,103,-22,-4.65,76,4.84,78,-5,43.48,17.88,124,-27,43.29,-17,-44,64,58,-39,127,-10,-9,10.53,102,7.36,23,58,65.61,46.74,-23.86
103,106,-4.62,70,54.23,5,63,-35,83,-13,61.22,67,-33,58.78,56.28,96,116,22.5,11.19,24,142,118,51,-29,58,-10.44,36.76,24.52,62,11,30.85,61.74,-17,59.21,-25,45,95,-39,2,25.71
-8.11,7.34,106,5,38,138,56.1,-33,66,22,-16.3,99,57.33,33.75,-2.63,8.24,65,-44,-18.19,33,61.21,110,-4.96,98,102,19.97,-44,-37,45.12,139,30.84,54.05,-14,23,-44,-11.23,11.87,124,38,93
131,96,136,118,20,-41,90,25,-31,-30,135,117,-45,-38,29.5,15.93,90,-7.35,46.23,13.31,137,-27,40,137,64,16,56.56,38.58,3,-46,48.86,60.06,-17,135,119,80,14.36,56,-14.64,64.81
-10.3,77,-23.58,-11,-14,27,8,13,-43,-4.46,-27,-19,-14,-10.51,58,70.43,-2.22,142,38,60.9,11,-9.88,55.75,84,-14,-2.98,43,114,7.28,-0.92,-5.04,60.45,-9.89,1,-46,105,50.08,-40,12,-7
48,63,124,-26,-6.35,-3.01,127,15.62,42.15,36,9,142,87,70.05,62,124,9.66,108,107,-38,14,9,144,25.33,102,-20,35.89,7.98,1.46,55,18.2,-3.92,100,38,-4,122,126,51,-21,74.08
137,24.94,32.43,-42,47.19,125,27,32,-8.03,100,101,54,25,-6,36.82,41,-32,64,-22,74.67,-2.32,88,98,65,149,47,146,-2.98,52.97,-19.45,39,14.65,18.29,-15.11,61.87,120,119,56.35,148,27
61.04,11,46,-21.59,146,133,-11,6,73,105,3.3,6,74.64,127,20,62.22,143,39.08,49.46,51,-25,-3.21,101,61.24,118,29,62,93,14.82,86,3.61,112,-23.61,41,68,70.07,141,18,6.53,79
69,-41,18,127,81,17.08,-49,13.06,46,-18,-19,-7.36,-11,6.28,-27,-8,30.93,120,52.71,139,83,14,45,67,6.22,-28,-21,6.62,70.75,1.6,12,143,58.62,115,-46,61.55,-46,39.17,81,142
34.57,119,147,48.64,55,6.48,67.73,-0.08,73.52,42.55,-3,14,-20.22,-18.62,-10,-22,-13.99,81,114,18.74,102,34.69,-40,0.48,73.38,74.62,34,62.18,-40,14.75,4,18.47,-20,74,-14.01,61,126,78,54,93
23.31,66.93,-39,14,22.74,13.22,6.65,-22.92,-13.96,69.25,116,-4,17.63,79,64,6,7,-13.31,124,75,7,9.67,38.74,25.48,13,107,128,28.03,3.44,141,-19.86,137,22,148,77,125,42.78,68,42.25,14
35,11,8.14,-17.78,102,69,26,4,74,69.28,30,21,-16,90,21.56,-7,37.89,54.75,-6.93,40,25,99,41,65.99,28,31.09,-2,-22.51,31.15,110,35.02,46.83,22,-20.92,107,107,29.7,5.7,6.36,100
-11,-31,34.6,-22.52,132,107,-2,-4,58.55,54,-14.16,34.17,1.7,2.67,7,75,122,75,6,-45,-1.45,-13,63,-17,9,8,141,-16.35,24,32.78,73.36,9.5,-33,2.67,101,67.88,47,51,75,15.09
48.45,-12.08,23,120,122,20.96,5.7,146,123,132,106,-9,129,-24.62,84,62,16.02,32.68,118,84,29.04,-45,88,-10,66.19,141,3,-23.04,126,-14.67,129,58,3.71,90,9.42,12.86,4,115,94,149
-34,19.19,65,-6.05,7,53.26,83,148,-11.49,74,147,67,-31,22.05,86,-29,135,72.74,137,134,-25,85,23.67,47,2.91,-9.47,-35,147,3,-41,32,22.09,-19.84,94,-34,125,40.91,-22.87,30,69.7
47,-14,45.08,71,-50,41,-1,4.18,59,18.69,115,13.23,55.41,-0.16,59.71,48,-10.56,125,-33,45,7,74.35,-22,-15,-12,-17,32,83,143,81,52,15,114,40.22,85,114,19.41,-31,-1.95,29
59,17.36,73,57,43,-36,132,17.64,-7.69,-1,56.8,72.18,10,11,136,-14.05,8,52.46,67.03,-23.51,77,144,21.86,50.45,68.44,41.53,71.33,15.83,69,146,7.87,145,20,129,-2.52,0.61,41,-20,64,43.43
60.8,118,28,124,74,84,37,-20,-9,-8,-12.5,-41,-36,-1.51,70.37,117,125,48.26,6.98,12,33.59,73,33,25.2,-17.36,-28,-34,-19.45,45,40,31.38,61.9,28.01,66,90,26.82,28.86,55,0,-19
-43,5,130,-29,20,44.57,54.24,71.86,-34,125,131,-16.81,28.74,27.4,19.01,-34,108,-15.14,-9,134,2.96,126,-50,-9.63,-2,134,-6,31,21,68,23.42,57,115,-27,66.04,59,36,51,114,59
144,69,37,80,133,-34,63,59.72,16.67,-39,81,15,112,-17.16,12.06,24.41,69.14,92,110,26,64.92,61.93,-29,33,-45,-5.44,-17,33,94,17.37,25.71,51,12.68,38,-29,20,-44,22,38.1,27.83
85,27,42.2,29.07,13.54,33,-22.9,67,44,19.94,34.48,142,-43,27,-21.76,42,14,50.19,32,-21,67.69,-26,69.26,67.96,-33,33.19,1,-23.17,13.22,123,-4,23,-28,-17.53,-47,23.03,112,-24,108,8.8
61,82,67.78,36.56,72.55,139,47,-34,96,-22,-22.68,-13,112,1,-14.48,117,56,66.43,140,13,3.9,39.19,110,10.86,126,47.26,-20.74,113,47,111,60.34,49,133,61.42,68.65,47.97,12,-8.11,48,7.16
72.44,-7,52.24,46,124,104,71.24,-36,52,-15,50.55,98,38.45,42.31,120,-16.63,81,45.73,-42,-2.11,-33,55,21,-50,1,44.42,54.84,97,62.98,-11,8,119,30.37,18,77,-19.51,119,41.13,-4.19,5
-39,-19,44,70.18,89,47.57,45.36,62,46,110,-43,81,-23,5,-18.07,-14.01,73,109,75,3.75,5.94,-35,35.16,143,129,-9,29.33,102,100,-17.02,58,51.49,139,-42,67,-41,17.97,92,62,82
129,77,11.87,-14,132,42.66,80,32.65,63,74.34,61,-24.55,51.31,-22.68,121,141,39.14,49,8,148,36.36,26,-21,108,142,-28,35.44,-14.67,72.31,-45,52.24,5.24,90,9,10.12,-23,91,0.04,8.43,-13
-1.68,54.61,2.55,118,8,68.56,78,46.7,-18,16,-30,121,125,134,25,50,107,19.29,14.36,105,-6.13,8.97,-18.49,-39,63.89,24,17,131,72.55,65.52,50.06,27.28,56.98,129,113,86,117,69,61.53,61
47,-40,-30,4.06,23,63,1,131,64.21,137,12,103,-30,89,39.62,24.01,134,-7,17.79,68.17,66,21.32,118,6,-2.37,0,-21.73,-30,30,-20,71,-13.35,41,-42,-24.17,24.79,65,-12.57,64,43.51
126,115,36.95,7,37.04,-1.93,-6.66,-46,-26,7.56,14.93,40.48,28,-17,-47,20.72,69.88,1,32.63,27,127,21,69.33,-2,2,38.58,100,49,29.15,132,97,-10.67,-27,-28,70.79,51.5,70,-7,14.64,25.93
-26,144,-22.76,61.63,52.99,45,14,67.19,22.24,26.8,-11.84,-42,-45,-9.31,32,56,137,-35,38,-28,54.32,-14,-29,91,8,67,47,-30,78,-26,-21.98,122,74,-16.25,8.68,-16.33,108,71,138,-42
-14.8,-38,2.31,7,-4.71,10,-31,-33,146,-17,95,68,65.4,109,1,112,119,95,85,-7.86,-4,60.94,-4.37,13,27.71,2.48,114,26.67,61.3,148,54,-8.23,88,19.34,33.92,-49,48,23.82,4.38,74.43
32.58,-14.27,4,121,50.3,51.37,60.86,11,68.26,13,133,50,-22,57.7,126,-6,48,8.58,98,92,-7,111,51.85,50.9,65.09,126,-7.06,-34,-11.19,78,31,15.29,39.32,132,-17,-7.77,29,64.74,145,142
34.55,112,37.44,58,36.82,37,115,8,-39,-26,19.66,68.63,28.15,25.83,4.69,11,-31,-40,-4,149,37.75,20.91,-47,24,6.32,59,84,26,3.18,-29,61,-12,64,-1.59,-6,93,-7,62,15.99,84
37.36,18,135,32,70.78,88,55.26,122,93,80,9.68,2,-20,5,54.89,-20,-41,47,42.2,60.63,65,70.7,-19.61,32,139,1.76,-19.63,84,52.44,31.61,112,1.77,33,59.69,5,-39,35.73,65.63,3.24,-26
94,-6.17,61.51,-15,10,82,-27,-44,-4.38,114,48,28.96,-16.88,14.22,115,61,18,148,47.77,144,5.31,-48,-13,53,-6,61,35.74,83,16.14,17.17,126,78,57.16,63.15,40.83,123,54.13,63,-39,71.69
14,61.73,14.03,48.79,113,96,52.43,50,22,-24,-8.96,22.52,66,29,-29,13.37,116,2.59,-4.66,34,-49,-14.05,-13,50,69.19,-17.95,69,126,74,10,-21,50,-39,14.87,127,39,53.74,19,27.14,30.4
0,-49,32,-18.63,47,100,65,79,41,127,15,53.13,9.14,-10.16,64.58,115,137,137,47,-20.85,16.61,-22.56,2,22.72,73,-7,30.9,48,-15.72,33.19,47,118,61.22,-11.78,66,44.58,64.59,22,57,-27
49.26,35,63.1,44.99,120,57.28,38.17,19.12,18.55,63.65,65,23.28,50.87,17,16,-0.99,54.17,36,83,-43,40,-2.96,68,90,6,8.09,34,-14.38,-14.69,2.41,107,114,21,19,104,126,93,13,49.52,8
-48,-2.84,38,44.52,36,-2.77,5,3.76,42.26,65.99,14,46,127,52.1,17.19,121,0,-10.26,1,-11,20.05,40,46,107,68.19,-6.59,137,-13,-24,-16.5,15,78,8,20,104,74,-12.52,-0.43,34.34,4
8.73,31.47,59.92,147,62,29.52,36,114,-22.19,122,10.12,111,66.05,43,-46,56,-7.03,145,115,98,-9.74,-25,62.56,97,-48,79,-0.6,15,20.41,11,145,-36,-18.51,54.88,121,-1,145,86,67.28,65
10.54,12.2,21,0,23,30.86,110,41,93,75,128,27.02,16,-27,142,68.82,130,69.52,64.33,-15.95,52.44,115,-36,68.65,38.74,120,121,31.95,-24.45,133,64.96,64.24,-47,116,93,2.16,4.7,-17.59,-42,29.5
-6,34,-10,117,48,34.8,-17.08,-2.67,57.73,29.2,68.7,-33,129,-10,109,46.9,0,-45,132,0.05,14.64,53,-15.45,69,-26,-23.07,69.2,70,-21,65,31.35,147,-2,48,115,17,46,22.18,-25,9.64
14.72,22.67,111,-2,132,46.14,-10.21,8,17,25.95,30,-10.55,93,45,95,9,28,44,30,130,-10.76,66.45,146,21.43,88,148,87,-12,123,8.79,3,10.91,140,25,129,30.95,20,4,35,70
-18.92,46.16,2,65,73.31,127,69.57,-8.66,65,95,61,51,-21,128,-43,137,15.34,-39,89,103,29,-8.03,78,24.75,-19,51.27,-23.25,-24.74,27.36,-11.46,-9,129,-12.22,21.07,8,53.58,-13.53,34.28,16.43,108
13,77,39.06,62.59,-3.25,10,-0.41,36.3,61.06,53.5,-43,-10,-2,-27,-1,119,58.58,-43,69.81,-4.1,67.72,-8.22,53,-0.81,149,29.92,26,19.34,6.78,68.68,89,110,73,11,74.19,39,37.58,48.12,-20,59.65
-10,55,60.45,132,80,8,11.76,125,142,-44,135,24.79,-35,104,99,69.12,-6,-18.11,65,-13.5,-29,93,68.96,73.85,22.52,-6.6,43,40.35,13.41,7.23,98,-15,9.66,115,5.11,130,12,18.84,-50,14.92
-3,56.68,70,97,125,-11.61,16.15,25.84,18.87,-42,11,116,52,-17.67,18,-19,11,57,73,-11,8,12.9,71.33,74.44,57.09,-24.81,65,54,35.55,-17.73,62,-48,-5.31,83,82,44.38,56.27,2.27,12.19,86
60.1,-43,49.23,19,23,54.43,-16.18,18,29.04,24.91,64.92,-5,-6.82,38.88,-21.71,59,31.43,69,53,-3.5,144,119,130,-10.31,-30,97,-31,68,55,74,-0.79,-17,103,50,71,41.66,-16,14.84,64.71,124
-5,59,53,0.27,-12,72.65,68,56.6,35.65,-5,123,105,102,14,18.98,5.73,30,28.25,-31,-4.71,64.63,87,34.42,75,73,69.09,67.19,59.78,115,-3.63,-19.66,42.43,25,53,17,56,57.48,104,57,-18
88,-8,47,67.38,9.38,8,-4,112,41.56,-12.26,13,31.54,-23.27,126,94,60.1,69.98,72.09,25.12,63,-7.46,27,32.12,-22.68,-16,45,66,103,111,64.79,-22,84,27.72,58,144,123,-11,110,97,-18
-3,16.33,10,39,13,56,-15.28,49.21,20.62,58.25,-20.51,15,12,63.59,26.04,-49,5.85,132,30.75,-5.9,69.06,124,62,-24.98,-19.77,91,56.92,61.1,-14,26,24,-22,-9.84,-16.31,32,3.92,60.35,13.85,97,59.95
68,10.32,37.71,9.04,10.21,133,52.28,28.17,133,-22.12,53.19,111,54.09,19.12,68.4,-47,42,101,84,-13.69,-2,26.2,87,134,45,19,-46,21.76,23,35.33,149,107,-20,113,-14.36,53,29.18,138,121,144
131,123,12.53,132,99,-33,-21,35.46,44.75,101,-38,6,93,54.8,23.97,2,74.29,9,67,42,122,90,46,21.49,-28,72.47,-11,41,-35,-38,62.48,30.38,-7.83,15.77,119,108,26.1,17,-5.71,-26
41.12,71,-18.42,1,79,-24.11,28,32,141,52.25,-42,-9,35,8.38,-0.69,58.23,-11,-43,-39,91,24.39,45,128,74,78,103,134,-17,-15,119,-19.56,31,35.74,22.7,34.29,-37,-43,14.08,99,52
-4.96,72,-49,19,-19,-39,-19.42,34.08,80,33.67,-33,-38,59.24,-10,-25,126,20.63,18.49,148,0.69,68,-15.81,6,116,70,28,55,65.28,-19,69.51,48.54,3.76,-39,10,0.05,18.15,49,-40,79,101
44,41.84,5.26,64,-24.8,54.38,106,59,68.93,-4,20,143,125,-8.64,64.23,-15,26,-18,-10.1,-22.78,72,36,25.03,144,-46,43.76,10,-31,-12,82,25.84,39.34,20.93,-5.33,32.06,69.71,50,31.16,120,126
21,-32,93,-42,101,58.25,-31,101,38.49,81,71,48.09,-44,146,15,18,73.83,148,-24,31,-26,-0.79,31.67,-14.65,101,123,140,68.62,113,52,-13,-15.77,64,36,58.54,149,20.58,-14,-44,28.85
6,16,15,138,13.21,-45,3,35.36,-36,-50,-46,73.94,52,22.75,-10,52.26,58.63,-31,-34,136,25.65,121,95,10.17,5.82,-9.66,73,-49,85,142,-10,31,144,44.72,-20,18.77,57.94,70.87,68,35
6.25,1.18,26.39,122,-0.87,31,38.25,-5.34,25,9.43,61.91,52,26.51,70,59,-19.86,125,10.69,-17.85,-13.38,26.57,108,12.45,-43,103,-20.76,42.43,28.45,-6,82,39.67,25,-2.23,54,-30,32.37,-0.35,101,89,34
69,53.55,96,-15,5,102,68.01,75,17,78,31.48,23.53,109,38.15,16.95,-17.06,-26,37.96,98,-17.15,1,-10.09,22.69,0,-11.26,54.09,99,10.46,-0.68,-36,51,-24,-24.56,-23,-3,-6.79,110,39.41,104,88
64.74,99,-6.92,57.74,66.59,23.03,12.4,-24,4.06,112,-0.49,26,56.29,102,76,123,34.66,16.12,18.45,14.5,29,-2,11.73,32,24.17,118,42.38,59.76,18,15.3,100,12.72,31,79,14,-24,-8,144,45.39,-9.86
66.21,66,42,59,-1.48,117,27.68,85,64.75,-22,74,-19.91,44.93,138,-14,58.25,15,-10,-15.21,16.1,12,54.29,21,-24.08,16.64,-31,54,61.71,70.23,7.47,37.83,31.93,-19,33.04,-14.45,-18.43,16.83,149,87,82
-9,49,69.62,11.6,93,-14,15.77,-41,15.79,-8,-29,142,128,40,-42,35,38,106,81,-12,134,8.68,115,79,52.54,90,30.76,55,7.87,94,8.04,100,37.87,40,33,107,18,54.93,90,149
32.62,-28,44.2,6,75,15.64,130,62,2.39,48.95,83,78,67.83,-40,86,-21.58,69.43,35.94,57.66,-12.43,39.4,3,51.17,-32,-47,56.05,83,11.25,58.49,-28,-12.04,-32,17.52,-12.73,-1,-19,-19.62,102,108,121
60,-22,65.99,-17,85,-18,9.68,41.01,21.55,83,13,72.5,-38,80,140,53.26,21.87,-23,-48,56.52,44.98,86,144,0,50,-9.17,65.91,98,-25,34,33,73.83,2.75,27,47,123,62.66,-15.64,-8.08,9.49
-44,-1.66,101,125,39.95,38.72,122,20,18.4,71,39.74,59.04,-9.21,6,-2,38,-37,32,1,27.58,12.69,113,-17.29,61.94,37,45.72,97,36.45,20.01,43,-26,-24.81,98,-36,65.37,23.75,65,91,32,110
19.04,-15,108,-1,-13,10,-41,147,-43,66.53,105,39.78,69,72.67,119,133,-18.48,128,12.51,53.16,28,127,72.08,-19.72,-19.61,40.19,59.94,139,73.15,42.67,72,52.33,54.46,7.85,-44,56,55.2,-11.93,123,46.71
28.68,-4.71,70,-7.29,132,-21.05,51.09,59.52,47.27,35,-12.58,69,147,-36,85,124,-18,61.92,-8.55,-28,37,-6,57,27.59,131,25,22,58.76,-49,34.19,139,62,0,63,79,11.76,42.8,90,115,52
122,39,13.85,40.66,141,44.05,97,49.06,-9,-30,-14,125,-37,47.43,5,44,3.07,136,12.98,10.42,-17.87,0.11,34.44,95,-18,26.24,120,-41,72.28,85,3,-7.45,90,72,-14.38,65,-34,-24,36.02,14
107,63.5,148,121,25.72,-3,50.19,-26,-32,46.42,21,29,40,50.06,36,68.42,-4,104,-24,7.39,49.09,-34,110,54.4,29.63,5.61,-45,48,32.87,43.94,-5.08,147,11.65,-11,45,24,34.34,108,71.44,117
9.46,87,37,24.19,113,-18,9,38.14,-14.98,51.25,-4,36,44,43.08,74,8,29.26,37,80,-9.19,-21.96,-0.31,83,3,-23,66,10,118,-50,-22.49,87,86,24,2.34,60.58,-9,8,29,2.01,-37
113,38.92,21.48,55.99,140,8.89,-18.39,66.25,142,1.84,1,15.2,41,124,44,13,149,-13.7,38.29,127,82,33.98,39.42,-21,16,14,112,71,14.13,33,2.45,5.51,74,34,16,145,-7,0,0.75,31.36
52.6,23,9.32,-4.7,70.86,90,129,115,65.36,-15.31,35,49.59,-8.8,36,-22,106,72.81,-15.64,8.03,-18,68,75,29.23,87,35.39,54,82,131,84,-40,40.86,16.16,140,15.3,25.28,28.27,128,-33,6.35,98
139,111,-15,123,-10.48,25.89,60.12,-23.71,-2.52,23.9,48,-3.73,74.15,-13,-5.91,149,4.62,-38,55,43.54,-6,37,106,-2,-13,-5,-19,-12,31,17,9.29,10.82,51.09,-27,2.12,23.62,30.11,-30,85,-27
42.92,123,-24.86,12,73.25,-45,-47,-48,34,26,93,97,41,38.81,26,-50,-1.23,72.32,-34,-17,103,80,117,26,24.44,1.26,64.96,72.99,106,128,69,39.01,113,112,48.64,118,-12,21,88,9.02
2,142,53.92,-20,10.48,-2.19,54.8,6,85,5,71.08,132,92,50.03,4,114,37.11,132,149,-47,20.3,74.67,57,45,87,8,117,71,100,82,6.83,-49,19,67.76,86,37.85,-0.86,115,89,0.69
10.79,-36,-5.17,65.15,21,122,122,57.78,109,45.83,127,121,-46,-14.92,141,146,104,71.68,86,90,145,114,139,5.45,16.52,113,14.68,16,19.94,91,101,-6.56,70.25,105,-11.79,32.33,7,103,65.92,49.34
66,28,-6,29.93,64,-2,5.42,-8.41,-0.27,-29,42.98,-30,22,72,-23.67,48.29,13.47,128,-28,-14,103,-2,134,42,70.35,129,117,87,117,0.78,136,25.79,-19.41,26.75,18,-7.42,58.36,149,78,17.12
51,2.37,33.95,41,111,84,31,-7.03,72.05,7.99,25,24.39,3.97,-32,140,4.83,-5.82,61.54,35.22,-17.55,-36,-0.13,-47,31.87,38,10,116,94,78,117,51.34,-20.85,125,62.92,41.46,-11.39,134,-4,68.88,-16
52.04,33.09,100,-2,-8,-10.18,-18.6,-21,16,30,143,27.18,73.7,109,15.42,142,0.58,-16.05,45,14.69,-24,7.63,-6,70,8,0,-29,73.82,19,60,2,70.39,111,50,74.98,-1,39.51,24.13,99,67
48.34,-2,13,12.84,-16.19,62,72,118,44.92,49,123,38.15,77,146,63.9,34.04,72,116,43.16,56.8,-41,5,55,114,27,-16,48,75,31.99,14,39,72,-17,49,-8.89,74.08,48,36,-23.93,30.68
0,31.96,104,146,31,6,102,55.75,40.41,36,68.65,20.73,124,-3.38,58.33,61,-11.61,17,23.57,63.63,-6,38.08,37,-22.27,124,26,-20.55,109,125,-6.37,65.5,1.25,121,47.42,-20.76,67,62.14,24,-9,109
55,139,70.46,19,70.25,147,54,-0.46,38,83,64.4,34.83,60,-10,2,11,-19.02,4.96,21.28,85,52.3,29.32,67.63,-3,-6.61,52.54,-2,-19,35.21,137,-18.16,97,128,117,40.87,-15,-40,28.03,48,-14
21.22,43,93,23.46,40.75,4.04,4.54,66,6.6,4,32.71,30,8.43,116,8.82,144,122,65.61,149,70,78,35.82,-10,-27,110,63.32,-41,3.09,47,0,16,-19,66.33,36,84,22,-11.61,5.4,39.97,57
37.77,144,31,34.41,130,117,-18,-47,-21,1,84,30.76,98,-7,55.13,-3.56,49.23,47,136,-19,89,3.38,80,-21,83,128,-1.5,146,24,-23.94,-23.17,15.26,105,-50,-19,-2,-33,23,141,71
111,13,-34,-4,5.03,13,14,-22.96,47.65,-14.2,0.73,-12,41.85,-15.22,128,23,116,44.21,-3.39,88,-7.98,47,92,-21.44,-11.27,101,-20,40,94,134,57.05,-26,69.95,21,-12,-16.54,73,-45,105,124
71,71,32.58,46.48,23,-2,7.11,114,43.08,38.19,82,107,101,70.42,-6,53,52.45,102,59.52,73,24,24.48,5.86,41.64,138,60.59,-33,123,-34,-26,101,-43,-21.08,14.17,-28,-12,79,-31,48,74
129,55.37,6.48,-29,29.67,140,-2.94,68.78,20.61,88,92,141,-14,-26,32.03,99,-19,57.76,125,61.57,-11.86,-47,102,38,30,-22.98,72.02,37.34,-1,-2.27,68.4,126,55.8,124,136,-34,7.96,48,58,73
8,-13,13.83,11,74.06,55,77,29.49,19,91,93,47,42.37,95,2.2,51.96,67.2,51,143,65,32,37,-3,30.24,111,-34,133,-8,-27,86,0.86,-16.46,28.59,-11.39,41,50,-18.97,98,115,60
-15.88,91,64.71,-18.22,52.45,-44,51,-10.47,111,10,17,-20,72,9.97,3.1,72.94,120,41,24,77,20.46,-47,6,110,71.03,-24,145,-45,99,4.78,-28,146,106,16.2,20,-22,-37,27,105,60
8,75,-16,-49,43,21,0.98,-48,36,-10.6,39.98,-40,63,54.48,33.25,28,-48,1.84,72,-37,2,71.91,48,67.51,98,48.56,7.58,28,115,-22,16.37,-9.58,26.31,-2,-6.6,-17.68,13,63.03,35.36,-11
92,73.07,99,-9,46.61,116,-0.89,14.33,42.83,-39,121,58,-14.49,-4,29,15,97,1,73.08,-8.98,108,104,58.2,-14.77,-19,136,88,139,126,41,-23,49.58,-15.84,64.92,65.33,94,95,57.41,-4.84,-0.78
55,78,-41,-13.52,36,93,-28,-22,18.4,73.63,-7,19.56,27.36,91,-0.63,52,47,56,7,57,46,29,-1.62,55.77,52,26.63,9,76,37.14,34.98,40,33,119,78,-0.63,-6,14.87,71,90,57
92,-10.72,32.07,52.65,-12,144,38,-41,45,115,-0.64,115,10,29,14.34,70.34,79,81,49.48,-21.71,-28,41.31,1.89,21.54,137,116,114,-5.21,147,-36,36.19,-29,-22.63,-7,-23.04,39,131,70.74,98,48
-48,11.04,-18,-16.34,11,18.02,67,142,92,-13.18,-2,80,50.5,-24.75,48.57,-47,-11.18,17,-20.79,57,98,-46,56,90,70.73,54,-7,-10,80,48.59,-3.88,61.65,-14.52,54.47,-27,100,55,25.94,112,-44
-22,106,15,106,38.55,45,-5,26.02,36.08,10.21,69.4,77,-11.58,149,0,20,-2.78,79,15,-29,49,-10.1,45.16,8,36.18,68.93,11,78,29.78,23,65,58.15,31,106,109,20.19,72,53,38,-11.66
65.68,21,44,52.12,37.19,71.77,104,10.8,7,28,33.48,68.24,122,5.21,26.26,-12,-23,129,35.67,-0.01,39,98,41.17,51.4,45.81,29.31,120,49,30,83,48,103,49,-6.92,41.85,116,39,96,-44,39.3
140,-11.01,30.36,62,106,42.46,-9.19,63,100,-19.81,-19,-26,117,10.95,-4,4.02,31.13,108,125,29,67,54.92,136,33.08,-8.57,-35,95,91,-22,107,-13,46,23.39,97,-47,131,70.88,24.59,-4.95,97
26,13.09,22.19,-19.5,34.9,65.38,-14,-15,51,24,102,74.62,12.09,-4,125,23.7,88,143,69,26.33,57.53,-5,5.14,8.43,116,25.48,38.58,8.52,59.35,144,71,110,-4,34.9,3,-7.39,138,-5,58.09,36.24
138,-25,130,61.09,128,-25,99,6.15,-22.81,69.32,-7.89,34.5,53.09,69.12,-18.26,105,40,-8.44,108,-26,-6,96,41.17,64.94,-11.82,148,59,-31,-12,64,16.23,134,-17.65,39,-26,23.17,-11.22,38.86,132,-45
62.43,35,47,67.06,-11.52,53.47,70,-22,4.37,74.53,-18.68,51.78,69.2,86,-2,40.92,-18.9,92,-13,8.1,-42,-34,-4,29,98,126,36.59,40.34,-43,35,41.8,-4.52,94,25.75,73.15,89,18,-41,-7,21.95
61,73,24.46,-11.37,33,60.09,75,144,21.82,-7,-35,11.37,23,141,64.26,-33,-17,-31,0.6,36.78,-38,47,-3.09,-21.34,-2.22,32.54,121,29,116,-5,113,0,62,52.57,14.28,51.99,-15,53,-44,132
-37,-0.94,1,-2,105,-43,0.46,34,99,122,-46,-15,34.93,64.06,48.7,125,-50,-16.15,12.24,34,-20.13,8.82,-18.45,42,44,2.29,-29,126,82,67,116,-20,112,2,30,110,28.54,104,13.27,5.11
60,-30,80,-9.32,0.41,72.71,-13.29,101,-39,-2,9.58,25,67,11,77,132,-19.67,99,-21,-10.88,115,10.86,65,-2,68,-13.71,46.21,58.46,35,68.49,65,-41,1,42,-4.6,-9,48.23,74,28.28,80
7.22,65.31,109,-18,33.01,60,41,17.31,54.9,48,142,37.3,46,44.37,27.39,-23,106,109,14,112,54,33.38,80,32,-24.47,18,43,-7.79,64.17,11,-10,10,-18,29,-2.95,48.16,-15.98,2.78,49,47
97,113,24.93,-22,-50,23.58,69.34,100,43.2,102,129,143,23,36.02,54,0.38,-8,-50,12.21,-6.94,7.68,144,71,69,-24,25.42,-33,-0.73,5.84,4,93,105,13.3,-44,53.22,43,-14,47,131,56.38
-3.03,-18,27,-7.44,54.38,62,-7.62,73.85,32.7,-17.67,80,35.01,-32,82,47.5,-30,73,32.17,73,20,57.3,21.93,-3.38,32.13,59.94,130,136,-2,96,62.91,25.45,104,6.43,61.32,140,23,12,74.7,-10.86,5
35.01,66.82,5,37.91,64.55,8,115,-15.17,30.94,-49,-16.63,132,42.99,19.76,35.65,73.72,69.49,54,13.07,9,-49,-43,3.51,24.47,-47,-33,-20,-9.77,10,11,57,43,98,-7.59,3,-17,25.16,19.67,-1.92,62.35
95,-34,-49,7.92,38.84,8,83,-5,40.31,24,32.95,29,38.76,85,-28,138,-24.36,69,149,7.71,8,59,140,-48,87,68.08,93,103,58.74,46.69,-10.66,-12,139,26.26,-23,69,-19,66.79,3.3,17.73
-10.92,-22.75,22.37,5.23,44.71,85,119,68,127,-10.5,6.36,54.08,32,94,46.64,-16,95,-9,6.6,74,59.51,82,19,-9,9,1,57.36,44.61,132,13.72,-37,12.38,31,36.6,113,63,24,62.36,96,53.21
136,63,45,16.78,64.35,64,28,3.17,-35,76,54,70.53,39.58,67,18,47.56,18,57.08,-20.13,64,140,18.67,127,109,62,1,62.82,15.09,-39,82,25.98,35,-38,58.39,72.67,63,130,102,-6.64,-17.64
29,60,-29,-7,-13,111,-15.74,-50,4,115,43.39,-5.68,21.63,135,142,27,34,103,6.95,9.6,-28,8.12,15,131,1.74,62,-14.54,-17,-18.48,147,-14.62,-0.23,116,49.26,46,49,149,-5.07,46.64,23
148,52,93,-4.95,47,108,80,-11,55,84,72.82,86,138,119,122,44,-21.38,60.38,6,132,-0.18,139,25.78,125,-30,17.99,-2,-17,-12,63.03,44,7.53,40.63,106,33,-9.43,-5.13,-7,30,40.47
8.4,69.59,9,5.97,108,-46,49.56,9.8,55,114,94,-17.02,120,92,23.48,148,109,71,-8.53,122,109,-12,118,113,88,105,-48,79,37,-30,56,27.87,142,-20,60,67.99,141,70,56.66,-49
61,137,73,-30,-20.13,6.37,-15,0,64.52,16.75,58,14,-11,35,69.44,28.69,124,45,65,-39,-19,-8.15,82,50.1,77,132,146,113,132,149,116,23.96,55.21,5.76,67,49.99,20,57,108,-23.43
70,113,35.64,57,87,109,14,-28,73,60.22,81,105,-48,-6.44,10.54,78,0.86,74,59,45.5,29.63,42,10,9.81,135,-40,115,-8.43,138,136,-24,65,46,-4,-11,36.98,-11.17,24.24,39,120
33,9.8,21.01,20.8,16,-2.8,35,20,9,14.27,64,61,-32,110,-16,25,38,-18.44,135,12.22,43.38,47,86,143,34,15.35,49,6.96,27,-11,47.29,-2.99,118,-17.54,25,6,46.25,25,128,88
81,-31,13,136,43,65,-43,23.6,-28,-33,89,-2.96,24,8.54,137,91,65,118,31,8,65.67,0.54,9.4,101,16.69,56.95,-19,122,3,123,137,-12.71,125,-41,109,-43,124,-19.51,-22.27,-19.51
125,-3,-5.24,-20.87,17.64,54,68.38,48.74,61,-2.83,20.12,2.4,119,-15.78,-12.91,97,131,6,56,6,4.88,-14,106,119,31,-20.59,98,78,109,38.65,46,26,20.9,112,22.47,3.64,23,4.31,20.12,-23.71
117,124,57,124,42.18,119,-17.89,3,6.67,-23,-3,113,-5,9,-24.84,15,89,19,76,24.26,-27,0.99,145,50.61,13,3.66,52,74.91,-9,-2.67,50.76,100,36,8.39,79,45.43,79,-45,119,58.77
-19,67,96,-38,117,-43,23.62,84,55.6,-29,64,-8.27,30,-16.13,18,38.36,132,44.23,-32,-14,125,58.65,67.96,42,33.87,10.35,-34,27,124,25.61,-20.84,-2.91,99,10.89,-22.72,-8.65,-23.03,3.37,-31,16.53
132,3,-19.37,97,1,-38,-23,-19.48,30,87,-31,45.1,-24,46.21,125,-32,27.95,81,22.55,10,-49,98,146,66,50.16,6.79,23.96,16.35,48.82,104,4.74,149,-3.3,58.13,86,19,-29,61.41,129,72.63
-43,121,108,9,-6.58,88,145,31,148,78,90,51,83,54,6.49,42.27,-41,-46,-9.82,47.85,-19.91,22.85,70,-27,40.98,124,1.44,-45,113,63.94,25,129,97,134,138,16,2.96,-19,130,14.42
126,45.09,34.4,24.42,30,42,111,71,41.49,77,-38,94,50.86,-32,50,-24,12,63.13,3.63,11.21,26,-9,25.07,118,137,58.79,111,138,40,63,32.88,59,48,38,147,-8,-12,47,4.68,-9
67.06,-44,20.56,33,-6.39,-2,59.17,1,22.39,147,60.26,15,-12.93,44,-17.8,-31,-35,121,113,-3,31,65.14,77,-19.82,48,71.82,146,9,133,53,-16,128,17.54,69,9,13.64,15.09,148,76,-50
53.78,14,-15.06,53.81,48,55,10.52,101,25.84,106,67.1,81,132,-23.75,44.45,31.14,136,49,15,-23,-6.99,42.13,70,-50,13.21,49.75,-23.31,57.12,-19,35.11,-42,-44,-12,-7,-15,123,86,-22.88,91,136
11,-41,45.38,135,48.31,4,8.29,52,-6,86,60,22.61,-8.08,60.51,-14,43.67,48.92,17,137,118,19,28.2,135,-3,-35,-21.8,24.93,65.38,30,22,24.21,129,101,-45,121,76,68.15,45,147,2
-7,69.66,-33,20.92,0.54,33.9,61,-18.69,-44,87,32,21,126,113,104,-30,16.92,30,34.3,9,61,124,14,93,122,95,-22,-14,121,30,7,27.99,32,9.44,31.14,111,99,35.35,51.24,-1.05
64,72.21,99,54.95,64.15,-48,44,40,10.58,36.23,-9.7,-0.51,36,-40,-11.72,88,139,62.33,-27,40.51,88,-33,34,-39,65,53,-22.11,-36,-43,67.19,-33,9.93,-2,57.68,-50,85,15.27,141,67.43,73
11.92,95,47,24,57.14,29.56,115,132,-10.36,44,70.28,39,-8.64,-9.6,61,33,42,69,46.46,147,-1,1.35,-24,74.26,-38,17,44.72,-7,47,-12,-41,-8,-33,43.22,-9.08,77,-48,-18.18,50.5,-31
69.85,80,144,-19.24,70,54.84,44.29,24.41,143,93,-21,10,16.91,35.99,105,23.05,134,11,-40,-10.04,102,134,49,56.74,70,63.81,61,113,74,-13.06,27,97,-39,71,-33,31.93,30,-16,61,111
-10,106,-27,-15.77,66,28.83,56.14,45.87,-27,77,-19,96,-24.27,100,105,55.01,109,-21,62.85,-16,68.42,22,33,44,42.53,-12,112,66,125,0,69.2,59,-22,18,-3,-26,44.88,-5,-41,-14
106,73,54,6.28,60.07,85,31,57,100,34,34,-6,-19.14,30.51,41.16,65,46,-5.15,-39,56.2,-15.74,2.61,32.93,20,55.76,-23.74,35.5,1,140,-20,130,-3,-6.7,66.73,14.5,35,102,29,-24.72,97
36,132,3.57,41,23,108,50.73,-19.91,-19,73.98,136,136,-8.4,71.59,32.47,74,-15,53.89,10.86,49,-15.55,-7,131,5,12,-48,-1.73,7.33,8,67,-44,97,41.03,8,78,24,123,42.26,25.77,142
109,54.89,-11,106,-13,-0.99,29.99,40.62,34.33,13.53,2,73,11.44,148,105,23,59.79,122,131,27.11,69,69.12,32.19,-11,-30,51.5,58,69.97,41,42,71,19,134,69.14,82,28,15.12,103,35.79,4
26.44,148,77,57.28,-11,-37,66.4,16.12,44,137,15.42,141,24.36,-15,11.51,15,36.3,-11,22,146,110,126,66.87,4,99,41,24,122,44,56.06,1,4.16,69,85,18,27,-29,49,59,116
-10.28,73,54.18,12.28,-32,65.42,12,57.98,-18,27.21,79,149,4,61.49,-16.38,-43,34,52.43,82,137,45,-15.04,12.02,4.98,41,-5,69,0,67,-12.07,-3.14,52.76,-33,30,23,4.12,102,-44,10.77,70.14
107,63.4,45,-46,74.06,31,-22.31,24.11,15.21,-34,20.03,1.19,65,-14.74,46.32,71.05,4.99,113,-3.59,69.35,-38,139,49.24,-3.3,-43,8.95,71,33,41,-15.93,41,87,-15.11,23.8,-11.33,15,111,46.41,122,68
-9.2,43,63,45,21.99,45.16,101,102,15.13,91,54,12,110,73,29,11.04,22.96,46,40.39,4,78,57,73,118,28.97,48,49,45,58.15,131,30.38,94,-44,65.73,48.86,61.43,67.53,50.93,74,20
30.88,39.9,29.78,-50,2.69,104,15.95,-13.95,-11.6,121,33,35.41,80,134,-46,4.95,29.98,96,35,112,50,0,42,-23.61,2,47,-14,59,12,128,27,-1,-25,43.49,62.79,56.14,-10.65,-8,49,44
-23,24,-8.12,-36,40,11.79,53,50.95,35,31.06,107,122,72,75,61,2.24,-18.01,-19,120,84,-43,-11,-20.02,0.59,46.31,31,120,101,9,113,74.89,86,8.06,100,-1,46.89,-7,47.45,71,124
132,4.84,51,62.5,18.39,141,73.46,120,29.64,-18,135,37.55,94,40.91,-11,74,57.74,9.9,17,44,7.25,-24.43,14.76,-45,59.26,27,49,24,78,-0.93,14.43,83,-7.35,-4.24,-42,-2,-0.92,91,-6,-0.47
35.46,60.53,36,28.05,27.12,47.88,76,24,-1.19,134,49.63,-7.17,95,52.39,65,86,-13.3,54.47,26,65,51.94,73,37.16,27.02,18.1,55,20,17,-15.87,119,147,-40,-8.74,-19.1,6,12,-4,-24,-37,100
60.25,38.95,99,14.76,-39,-8,-14.33,22.49,63.5,46,27,-31,81,121,-27,36,32.99,-11.19,45.21,142,76,40,75,63.8,40,21,-12.77,10.35,-47,-16.29,8.17,-28,32,31.69,149,-2,70.16,16,10.36,68.61
114,5.88,-23.18,142,-46,64,-25,131,-14.23,89,50.65,20.02,127,-13.49,36.39,64,12.65,61,107,66,44,32.15,-1,49.93,39,62.8,87,72,-7,83,-11.63,136,66,117,0,20.34,57.57,108,119,15.79
43.45,48.78,133,3,23,-3,-11.53,-48,84,32,28.93,105,117,50.67,102,-48,3,10,-22.32,118,21,3.93,62.14,-3.46,-1,109,-31,-35,-14,-8,60,4.52,45,-13,58.08,32.69,139,48.4,22.14,35.1
111,147,2,-50,-9,33.1,53.49,-36,119,43,111,-2.55,31,-8.77,96,1,53,-3,130,9,108,35.57,-32,-13.46,15.49,-1.9,83,92,-27,92,28.99,32,1.44,-11,-29,68,15.34,27.67,135,-11.44
68,122,137,22,-2,74.31,31.22,28.11,70.7,0.03,-28,12.02,89,-3.75,-0.35,41,45,71,30,-25,-10,93,20,111,-6,4.28,69,131,-1.07,68.24,-7,144,26,59,44.08,136,49,126,-18,-49
34.3,97,141,-16.6,-15.64,42.95,56.57,21.85,17.62,49,-24.83,60,-20.18,18,50.06,4.45,-2.92,-38,98,2,34.63,119,37.19,59.48,34.91,-33,122,147,61,-13.76,-4.12,6,116,-28,0.67,45.63,126,48,40,15.55
4.55,85,77,79,20,10.84,124,8,-32,28.04,47.82,22,-46,43,56,-20,5.56,11,19.13,10.47,-33,-44,52,40.72,73.05,54,59.24,73.7,34,64,-23.24,45.66,-14,140,52.28,-21,25,24,6.73,-24
-36,-3,69.51,71.12,7.14,43,7,-47,19.72,-49,51,83,41,46,-4,-3,68.54,-7,34.02,19.12,-47,114,11.97,-24,-40,94,96,-1,0.28,-30,55,110,67,11.41,-33,66.64,66.06,-16,34,19.35
41,52,63.54,60.08,135,-48,84,83,-38,-29,-11.59,124,57.37,83,86,29.27,55.39,6,116,74.27,-11,13.55,0,111,39,107,148,43.37,-48,106,70.87,47.88,65,65,33,73.04,-6.27,56.26,65,34
28,24.74,65.99,82,93,-40,30.51,94,-35,40.94,10.36,11.7,108,-49,-16.77,131,41.13,34.46,34.38,138,19.28,-50,62,38,-20.81,123,30.24,3.23,74.64,15.86,37.71,29.56,72,57.64,53,65.67,-21,147,-26,-9.47
-2.32,49.7,63.29,41,141,29,51.92,33.26,32.34,116,27.95,0.63,37.71,61.15,17,107,75,70.4,53.86,147,-33,-12,85,18,55,29.71,-3,70.9,0,66,96,-11.96,102,48.26,-9,87,126,35,56.48,53.02
47.91,-10.64,31.6,131,-4,13,-32,-22.49,122,-5.68,19.44,22.37,23.87,88,0.12,110,28.67,135,31,-49,35,-2.44,39.91,96,31.17,74,12,2.97,91,34,-9.85,27,134,21,66.73,64.76,113,68.31,57,4
22.11,25.47,51.44,53,90,-23.83,75,-23.65,18.24,143,77,64,27,117,-20.76,41.97,86,3,33,-6,-1,9.78,108,127,43,15,48,52.58,-7,0.89,119,23.91,18,12,28,49.72,31,43.39,126,65.12
-47,102,18,110,37.02,138,60.93,14.38,45.78,48,132,118,59,32.21,25.63,40.83,57.56,122,66,19,16,9,82,61,73.93,-0.58,111,31,123,129,-38,-30,11,139,124,-12,115,57.19,9.17,-10.69
-5.53,33.02,117,-49,94,12.04,-38,-36,65.58,43.53,138,66,65.67,-15.17,81,18.61,5,144,35.27,-48,133,-9.32,11,51.48,59,5,-40,2.54,56.7,-35,-36,14,20,63,94,-17.34,70.83,-14,120,40
-49,-2.39,65.98,24,-22.74,127,70,21.47,8.25,-2,122,109,65.21,114,10,54.5,77,33.83,23.32,98,-15.11,45.19,99,130,61.4,-10.36,69,-8.99,72.73,-7.39,13.68,-49,34,-23,51,59,91,58.45,28.8,28.63
-25,-10,14,7,56,13,59.07,92,-9.92,-2.41,101,20.5,54,30,13.75,-6.96,44,1.97,42.2,58.59,120,-27,55,53,29,-1.33,71,74.81,12.45,148,73.56,96,90,-22,3.14,30.57,67,52.43,72.04,28
3.47,-3,25.97,55,58,-15.94,50,134,-20,28.44,16.45,38,-9.55,65,-5.61,-48,62.46,48,117,24.55,113,47.1,36.58,-45,22,-41,-3,31.05,-19.48,80,53.97,122,-27,4,51,84,-12.95,123,45.58,65
-15.19,61.43,9.79,43,46,32.16,-3.64,57,-27,146,29.14,139,40,32.6,33.44,64,46.41,35,18.56,62.03,51.02,121,-43,135,-39,-48,20,41.9,42,-22,25.31,-43,61,-24.09,127,77,34.76,89,134,29.9
79,83,58.19,122,102,65.38,58.62,100,-27,26,118,131,-15.76,-1,11.35,41.07,48,68.25,-22,29.64,100,99,67.03,54.6,17.76,-12.65,17.4,119,35.42,16,79,32,112,134,-22,-43,20.74,114,25,41.88
119,12,1.51,5.54,52,63,109,52.37,58.05,55.88,44,35.81,25.44,12.31,10,-43,37.66,4,42,-35,94,98,75,89,40.68,60.66,42,37,12,131,59.34,107,3.08,38.05,4,1.41,-27,74.13,98,116
-18.19,5.62,89,55.15,-11,-8,0.11,148,-20,62.46,-16.35,138,85,76,42.97,13.57,90,-19,95,102,10.9,-35,8,-1.34,73.79,38,42,2.61,125,51.08,-22,70.7,15,-42,131,5,90,66.61,71.73,28.43
-12.33,4.23,-35,-15.91,24,59.44,4,55.43,8,71,54,118,54.22,-15.28,34.65,102,-11,11,69,119,50.95,42,14.6,134,43.54,140,144,65.16,62.32,55,50,87,81,-20.47,-20,35,-26,146,-10.43,149
72.32,144,-23.69,77,100,123,61.29,-10.27,36.09,66,45.73,-7.44,-39,112,-21,-34,10.52,135,48,-31,52,-32,7,34.59,-36,5,48,60,6.13,73,-6.74,-28,-37,11.14,104,-47,-50,3,-8.05,142
101,52,5.93,90,33.24,31.9,133,30.58,28.69,100,71.59,68.06,32,90,58,55.7,60.92,69,72,20.72,25.93,22,61.07,-24.63,52,68.32,2.43,16.39,113,-46,59.81,137,19,55.52,-15,-3,-19.66,56,8.53,70.64
-3.21,138,13.97,-47,-15.56,-22.65,67,143,-8.29,41,-17,67.74,60.83,-1.84,48.52,-25,23,54,-8.39,37,27.99,29.87,71.65,72.65,-12,131,23.11,118,-20.77,25.76,-6.47,49,29.71,7.38,-17.47,-7.82,-34,34,32,136
97,-1,19.89,61,-44,43,55,72.49,106,15,35,-19.56,47,66.76,-3.19,37.11,8.71,57.89,18,11.65,114,19,128,43,95,95,25.09,-3.63,18,74.53,107,62,49.83,135,29.29,72.13,148,51.27,-20.22,6
7,18.14,-17.15,66,108,45.21,68,68.45,109,-0.35,36.12,-24.59,132,-17,2.5,3.25,0.17,66.23,47,23.04,29,89,130,51.48,58.8,38.68,-12.43,-18,145,51,87,64.4,25.82,111,53,63.71,138,127,14,46.01
17.29,38.2,-33,147,109,-14,-17,-6.72,-2.42,98,45,16.33,23,139,116,52,53.65,17,58,51,-8.16,51,3.67,-1.96,121,75,134,-17,-22.88,30.87,74.48,-3.5,30.99,149,33.79,33.3,-20.23,71.91,13.03,-3.51
24.58,40.5,108,37,15.63,0.09,22,108,0,46.81,73,-23.56,61,47,108,48,-6,59.09,62.71,-49,-48,-26,72.07,23.82,55.35,130,50.03,-12.59,33.81,70.99,110,110,-22,27.89,28,-10,70.05,-32,25.72,91
146,10,-29,29.97,30,-19.99,136,42.87,40.59,40.52,95,23.97,26.84,65,66,75,-3.3,13,-14.12,-39,-22.27,-4,56,56.79,18.98,6.54,-5.39,63.65,134,140,22.01,39.12,30.18,52.5,80,16.53,-27,94,-37,31
62,-16.78,68.53,46,120,15.75,58,9,-16,1.7,-19.48,139,51,4.53,112,-8,22,87,64.1,142,48.6,61,147,28.09,-16.31,105,15.17,104,39,88,80,144,99,60.64,127,84,-45,149,87,-8
-18,32.67,70,131,-3,37,-23,-4.16,21.78,69.79,74,16.58,27,29.55,114,3.03,1,141,57.92,46.35,-14.5,13,46.6,12,107,138,67,94,-4,26.44,-10.91,91,78,28.2,-23.5,-2,147,43.9,25.1,18.18
100,65.03,145,19.11,27.29,35.76,13,52.17,43,-20.15,-49,57,9.6,95,-34,71,2.52,60,-36,14.13,116,52.35,5.26,32,-16.2,117,-14.67,39,127,48.37,-37,12.01,141,26.5,-20.46,37.09,28.64,22,73,31.05
-13.98,12.4,8.16,62,-46,41.86,5.19,53.17,111,-10.71,37.24,53.07,-6.83,102,-22.54,-44,44,5.93,80,61.36,99,28,6.61,71.37,10,14.78,57,16.27,17,36.32,32.88,2,144,88,82,-10.17,-16,-12,42.16,58
113,130,93,23.52,-17.01,18,69.81,47,-46,26.62,52.8,20.42,71,39.29,11,64.27,122,-1.38,142,20,17.3,20.39,-25,44.41,7.21,-9,70,-27,7.88,-8.09,2.3,82,-17.44,-0.88,54.47,-25,0,64.46,12.09,121
113,-7,-19.64,10,-29,41,0,11.56,64,133,-8,25.4,-6.62,18.7,27,51,106,8.88,46.63,-11,-24,31.32,52,111,39.88,6.42,4,82,58,-24.73,5.94,69,26.06,144,61.99,27,130,25,-20.81,-3
-44,88,46.6,11.05,29.88,7,-24.84,149,43,9.39,126,60,-6.08,12.15,122,-37,20,66,-45,62,117,101,9.22,22.27,40,36,133,63.26,111,10.45,60.28,112,24.6,39,28,93,64.16,44,57,128
-36,-34,21.99,-11.78,118,-18.31,109,61.35,-31,-29,-21.41,32.58,34.72,13.98,-2.98,-10.15,40.7,5,91,29.42,-14,91,53.26,25,-15,101,-23,-1.53,12.88,41.56,54,120,-45,17,25,0.65,11.5,19,66.83,2.02
21,141,148,-11.8,-40,-2,24.35,9.97,47,29,29.86,-46,-23.24,38,88,54.28,45,32,0,23,138,15,58.32,-41,29.39,84,84,27.32,-29,-44,127,5.66,53.34,-10,-27,48.54,33.94,-46,-14.2,125
35,80,18.8,34.56,3.41,8.02,107,-4,37,26,15.61,79,-36,57,89,47.52,31.76,115,132,65,-2.25,58,-32,-3,148,91,13.24,38,89,87,-8,71,-43,72.18,78,22.93,-19,75,-38,84
68.98,-4.3,-43,-3,55.46,44.54,87,52.85,-28,34,8.76,47,-26,-21.69,-3,29,104,113,46.79,18,-8,-47,14,3.66,-8,6.4,61.74,149,40.11,49.08,107,44.56,79,111,124,134,9.62,-17.29,1.84,79
37.34,39.52,12,67.59,98,42,40,-14.45,9,-44,0.36,53,52.31,67,134,102,12,-12,8.07,72,1,-17.34,37.02,25,63,140,48,68.93,-33,3.18,111,4.01,21,-14.1,81,-22,83,-1.97,11.13,115
-13.88,50.12,1.69,16.76,114,107,116,14.14,18.83,45,21,55.15,6,145,28.82,81,-32,130,-20,53,17.01,35.57,20.66,-1,122,51,7.65,-1.85,143,-3.82,90,40.21,6.74,-7.97,12.42,56.51,68,-1.82,25,59.28
-23.12,63,110,-23.47,19,52,-27,28,53,102,-10.62,71,47.59,73.99,13,-0.15,-20.22,-48,-24,-15.52,-19.29,1.44,-4.58,37,-45,43.84,109,-6.26,28.96,-8,-5.35,68.87,58,48.25,57.6,28.7,28.44,1,72.29,101
35,-47,119,6,16,37.9,74.3,-30,54.05,134,19,-17.08,-19.65,72.02,140,47.23,18.1,93,134,20,57.68,-25,82,25.23,62,53.33,98,31.48,-24,60,-43,13,109,122,2,-24.75,7.68,64.48,50.87,25
25.58,28,-8.86,35.45,84,13.1,-9.88,77,-13,10.05,36.89,27.63,142,15.75,-28,27.03,62,81,-31,-17,51,-27,141,36.6,102,46,42,61,68,12.33,-37,124,41,109,125,-23.64,22,43,120,-14.56
11.09,90,-3,-22.88,78,-24,111,6.32,34,97,74.1,-1,-14,110,56,10,15.43,-4.12,-21.81,67.28,0,33.34,4.42,105,148,-7,8,61.26,117,47,59,-24.08,27,16,56.48,131,-14.87,70.45,23.4,3
115,9.32,23.28,-11.47,43,125,4.87,7.25,-5,129,4,-11.87,-26,-15.77,60.71,78,44.77,52.1,-30,-1,15.37,-28,15.56,93,-15,-38,51,13.56,21.81,49.31,-36,36.73,9.93,74.76,103,19.74,-16,75,-46,28
144,70,5.5,28,125,70,-40,48.61,87,-23,-20.94,-0.69,54.6,-14.71,19,137,54.29,13,41,81,-49,44,64.65,139,-43,64.86,114,99,59.87,25.81,70.67,56.96,67.73,-18,129,80,-14.33,31.34,121,37.77
10,-8.91,58,12,43.3,19,118,8,56.37,106,5.63,130,126,-31,31.71,-2,126,50,-18.6,90,32.04,56,131,14.15,13,-16.45,1.18,-7.07,68.19,21,-45,26.56,-14,-21,63.29,67,-21.12,-24.01,-43,-13.48
42.79,-8,88,-33,-20.14,-21,24.76,51,-9.77,-11,55,20,40.98,29,118,90,-29,33,120,49.59,117,23,126,-1,35.11,2.69,47.25,52,88,57.7,105,63,41.26,48,45,-14,103,109,133,-24
69,-3.78,25,78,47.07,61.62,37,113,59,11.56,-3.04,-8.45,44.12,30.16,-1,-21.89,64.24,139,21,20.18,25.68,47,-2.79,52,144,54.2,43.84,124,54.32,-48,149,-24,69.68,-37,62,143,67,81,-21.04,85
-3,-3.74,10.05,-5,-12.44,6.56,30.6,2.28,-18,-16.58,16.85,0.59,57.26,17,57.18,-26,69.21,-3,56,128,9,21,-9.83,7.16,77,146,133,70.83,32.05,74,-16.2,-11.93,47.34,136,42.86,-22.61,54,-34,-38,82
12,-8.56,8,-2,63,10,65.54,-50,35.5,60.9,66,11,108,73,6,79,60.04,73,-22,16.12,-15.14,37.34,127,105,14.54,0,64,31,40.4,101,138,-18.15,21.43,92,46.81,6.52,-36,67,71,78
117,-17,26.44,2,54.94,-13,63,70,-22,69.99,-3.66,21.58,64,-10.1,58.23,40.18,1.87,44,86,121,109,-18,122,58,138,66.58,55,25.46,71.78,143,-9.13,148,39.54,31,43,27.77,58.19,-41,31.16,-0.84
18,28,-23,3,127,24,35.39,-16.56,2,10.97,16,54.64,83,-21.26,120,25,46,52.68,52.16,32,93,20.86,-10,25.58,52.9,5.43,87,56.56,42.52,139,-16.91,70,33.69,-17.24,14,-49,-29,113,95,-40
61,15,-7.11,69.86,46,0,128,-9.32,3,-9.7,18,107,-7,119,46.35,104,35.73,31.22,65,71.69,28,87,56,-11.46,70.72,-9,0,-34,33,141,-7.02,47.31,19.01,59.26,-2,-19.26,10,-12.58,121,108
43,101,63.02,70.1,58.43,54.06,101,-29,-10.86,25,-1.57,-9.74,147,63.52,128,43.44,46,-40,-4,127,-7,31.32,-7,-3.56,13,127,8.09,59.73,15.8,-26,58.67,-46,4.6,56,-9,79,59,67,29,99
47,146,132,42.34,120,-3,3.29,126,92,149,28,76,13.12,-17,57,15.6,69,89,147,-50,36.15,51.88,-16.65,125,-34,57.46,-50,9.04,-20.56,-47,10.6,84,145,-47,89,39.14,-17.2,64,135,125
108,34.09,-24.45,50,115,69,52.9,22,54,138,-22,115,132,-21,-28,136,-11,77,92,60.93,59,33.66,-34,-18.7,66.83,74,8.15,127,64,50,32,35,81,-27,68,126,-24,59.39,120,97
13.29,71.29,141,61,10,71.26,126,51.5,63.11,97,35.96,23.39,45,17,42.26,145,14,28,132,3,9.36,-28,98,2.45,-20.42,-14.07,45.05,-9,69.12,5.25,61.21,-6,14.41,67,-42,42,42,40.66,53.59,54
60.2,61,-39,17,52.48,101,60.49,148,123,70.29,-13.81,60,39.28,15.57,80,-36,115,53.34,67.01,26.31,120,25.49,-16.97,22.03,96,-16,0.65,48.53,23.62,71,-20,77,21,-36,58.65,-50,-10.96,32,-17.12,-18
2,21,-7,40.32,94,-40,-10.83,14.84,-10.14,69.25,122,18,89,14.2,93,-18,24.83,18.73,-21.21,88,38,62.71,45,42.09,4.01,73,144,30,122,69,-36,24,-39,-36,62,-49,36,10,104,31.23
-4,-7.83,11.66,54.89,12.78,-1.64,-41,51.18,94,22,76,-4.02,91,33.04,30.03,42.58,52,-23.84,4.75,75,-18.84,47.32,-16,57.19,85,42.2,0,49.48,107,11.83,5,2.51,134,106,14,-15.08,63,0.89,2,-11
70,121,115,-13,108,105,85,68.66,-9.03,32.5,9.45,66.22,-8.78,-7.08,75,93,39.53,38,-12,-34,46.81,46.82,15.64,-10,94,42,-27,-9,-24,63,-1.61,12,78,-16.48,67.04,5.42,139,2.58,7,58
35.09,-18,62,11.89,62,43.69,138,-6.35,-20.82,41.38,-19.07,-3.38,-44,1,36.66,71,100,130,-23.09,50.54,17.94,12.16,76,72.32,-14,45.67,70.35,46.25,22.53,30.65,0.73,71.35,38,-24,54,55.9,74,87,134,137
26,58,-49,-32,10.18,6.5,47.41,-20.84,16.98,59,4.45,76,-16.15,49.78,-11.61,34.34,-21.55,1.65,-17,64,-19,45.67,83,61.73,23.6,56,64,55,47,80,131,116,112,-16.14,-16.46,36,126,10.83,119,34.53
18.74,115,53.04,-21.05,54.79,-35,36.62,66.67,-16,13.96,52,-9.93,-6.01,71.9,43.39,37,74.71,-18.05,-23,73.38,64.02,55.25,-48,13.39,3.97,71,80,14,25.93,-19,14.41,-34,6,-3.1,49.68,99,65.16,77,112,52.94
9.42,31.35,72.63,76,-8.7,47,109,55,-42,-5,-48,-42,2,42.33,-37,95,44.94,63.07,106,52.74,51.61,12.05,-49,18.42,62.42,-8,61.15,4,-33,-5,149,-15.93,-31,143,-4.12,49,11.52,41,19,69
24,24,143,132,59.34,42.41,-48,-35,-20,124,2.62,92,39.61,54,66.64,16.98,29,138,57.57,131,138,54,24,-46,-10.92,44.38,46.43,14,37,111,44.32,91,79,111,87,29.47,5.16,-5,59.75,98
115,43,67,116,14.99,38.12,46.37,54.54,40.22,-11,131,142,-9.55,58.44,-9.66,62.58,106,119,64.53,-31,45,148,-22.55,-50,83,-19,34,-2.51,-2.75,-12.95,64.77,-13,29,75,-2,123,70.07,-32,3.11,56
-2,-17,49.83,49,-47,137,91,-5,12.09,46,126,-22,-43,54.56,140,32,-17.4,26,11.75,52.37,115,50.27,-3,-28,1,8,-2,10,46,138,67.26,4,81,117,-23.12,33,-35,2.81,-35,126
24.55,94,49.44,4,44,21.85,51.71,45.42,149,29,6.17,0,55.35,3,38,85,-24.9,12,7.14,87,73.48,37.61,101,48,-22,-28,-14.08,39.87,41,37,88,28.28,87,-12,-9.03,97,48.08,-5.19,64.3,70.23
4.27,98,2.66,63.47,9.46,148,-33,-33,67.51,-3.01,52.02,34,109,21.12,18,-12.52,-30,61.91,30.25,-34,-1.34,64.31,-13,72.15,-13.97,8.85,-44,74.96,19,-4.18,-7,57.61,-9,120,16.56,-45,112,-14.69,98,65.74
-46,102,132,-4.06,23.08,57.06,132,71.66,6,100,101,-11.66,7.78,-17.51,17.46,139,56.84,69.08,142,71.17,15,61,-2.78,12.42,112,48.04,13,141,-22,138,34,98,113,65,-10.91,104,4.82,-11,-20.82,62
17.75,36,-13,59,-28,142,50,52,25,115,-30,19,-50,108,4,-25,12.76,33.16,-8.63,-34,31.96,31,-27,-18.49,120,-20,24,39.28,25,23,149,-29,86,138,71,68.65,125,62,6.26,59.66
75,70,39.31,-21.33,-21.34,70.92,95,5.04,49,121,-41,-22.35,10,78,39.11,-22,56,71.64,20.62,45,74,59.33,137,135,108,-5.99,87,-34,-45,59.99,9,57,26.8,59,13.78,17.76,27.62,-18,59,1.38
64.48,114,55.94,105,20.18,-45,62,128,59.64,100,29,70,104,144,-4.27,34.38,30.87,3.89,39.68,121,90,12.07,96,23.42,104,-37,64,13.36,2.85,4.91,-7,33,3.08,26,99,-34,5.29,96,72.46,-2
42.47,39.45,101,71.98,10.46,55.94,143,67.26,122,73.92,-11.42,44,45,-9.67,89,86,19,-13.88,35.34,-0.74,65.37,5,125,-33,2,-7,39.57,33.89,40.73,74.38,66.51,-1,14.79,2.12,95,56.83,61.6,148,72,55
50,-28,-46,-12.61,69.24,-18.35,17,-45,60.8,23,46.06,-18.7,38.29,-40,-46,130,99,6,143,66,-40,11.78,105,-39,66,37.35,4,125,-28,71.69,46.59,-14,101,-29,12,51.51,18,-12,28.87,31
80,-4.28,74,-19.35,40,17,0,14.58,13.85,15.57,-5.5,18,139,-2.87,62.06,97,40.08,30.29,135,-15,-11,64,141,1.26,73,56.32,43,15,38,41,117,21.44,0,6,125,-21.19,59.67,16.97,-3,72.05
39,138,24.89,85,117,9.41,124,72.76,61.04,-38,-6,-39,19,30.99,101,95,47,-10.82,124,52.37,40,72,104,40,-28,121,133,-10.29,37,74.58,132,145,128,12.24,139,132,27.4,123,18.35,23.81
37,-41,37.6,124,36,124,11,38,97,-13.31,46.9,29,30,17,-22.29,-17,31.57,56.61,124,-8.97,45.08,33.31,-44,-18,71,107,2.98,67.2,136,18.46,42,46.76,108,37.83,46,-4,21.18,13.32,48.53,52
104,52,46,-17.95,-20,15.2,10.58,13,88,45,-5.77,20.25,28,-15.51,34.66,-12,115,-48,101,-5,57.22,27.94,70,51,-45,-19.45,21.05,-23.95,-2.94,144,-39,20,143,103,52,33,46.5,24,11,31
52.04,-21,25,-17.8,-12.08,61.56,64,5.69,-28,90,60.17,20,36.39,-23.8,17.49,38.33,73.67,114,88,-1,63.07,110,141,-20,62.1,109,-4.19,37.27,24,50.42,36,109,134,-11.35,70.81,55.2,39.76,103,-31,88
89,87,70,6.26,3.33,144,120,7,82,49,28,95,110,65.3,63,131,39,-24.43,6.14,66.43,39.72,-20,38.18,99,2,15,104,2,-6.72,-7,-8.9,-14.02,18,33.43,40.81,-21.98,-22.32,1,96,23.37
92,35.01,-19,-22,50.82,85,1.65,112,148,-21.23,2,0,5.18,139,43.66,-20.73,-38,59.96,-21.78,111,-39,49.45,102,30,43.42,-36,11,52.97,22.22,-12,30,131,1,-2.66,-7,43,-36,61,-9,123
59.77,137,-8.51,127,25,-39,125,135,54.05,56.55,4.93,-24,99,27,59,28.58,-23,-16,96,-20.37,-9.15,-5,18.63,54.41,57,-26,122,125,136,119,58.49,-49,115,17.39,-14,101,61,146,-34,33
-1.92,81,-16.63,64.43,140,-22.02,-20.42,90,-45,-27,43.89,-21,-8.42,110,90,-23.31,101,30,16,52,-12,105,60,65.88,95,17,-0.15,19.3,53,133,111,53,2.07,40.21,0,53,-22.6,-22,-43,28.38
24,74.77,26,61.93,-22.1,-1.33,39.49,-3.68,41,91,66,50,20,51.77,30.99,39,73.39,30.89,52.44,84,-44,10.71,133,148,135,81,34.84,-31,140,53.66,125,135,64,-13,39.74,104,-11.91,20,114,7.34
-43,73,-5.34,122,23,60,41.52,-1,-8,3.52,-12.42,-14,24.1,24.05,13.71,40.58,100,39,114,41.78,-17.11,93,22.62,18,-3.62,35.42,65,128,17,115,69,121,67,48.52,-23.33,-50,69,-18.59,-24,114
-43,55,29.39,-3.56,-1.57,23.82,131,20.25,-7,37,-16.25,34.63,87,77,26.78,143,74,8.01,34,29,23.41,55.19,-16,13.36,-23.06,7.69,103,119,-37,50,-2,85,120,40,6,129,72.1,73.38,2.46,3.13
-20,-11.17,3.26,50.97,-29,22.27,62.99,113,6,-43,127,95,-17,-13,68.13,-37,45.73,56,26.69,36.79,-5.75,32,38,-24.8,96,123,-23,60.12,13.64,98,87,74,53.79,-38,-10.23,47,-9,13,22.37,122
-8.06,12.21,46,80,64,43.57,-45,-13,48,12,18,16.62,-13.65,52.43,115,114,13.94,-4.92,1,57,-12,48,24,56.64,69,66,58.65,57.96,-22.35,15.85,30,-38,-17.39,-11.54,-15.35,-11,8,75,5.17,-6.28
10,144,71.11,10,53.09,88,19.13,-44,65.45,-40,46,54.67,69.51,-39,-24.89,-13,78,52.12,15,-12,-10,4,64.2,39.76,24.08,-34,58.6,-3.16,55,-32,65.85,86,43,69,48.07,-9.58,31,65.32,139,144
19,10,91,71.81,74,-22,-3,-21,35.77,92,129,29.34,9,46.83,33.53,-16.66,134,101,-14,11,42,14.47,115,20.18,51,20,59.1,-15,2,106,31,55.53,-48,-42,12,-4.96,117,56.2,75,52.96
-1.04,32,-16,74.74,43.07,-3.91,45,44.68,-32,-48,57.24,19,65,-11,80,22.17,6.99,38.27,52.75,148,-43,-12,37.91,41.09,-8,14,107,-17.74,65,22.73,13.33,-4,-5.88,-37,-7.16,70,0,45,53,31
45.52,-44,64.09,-8,-6.82,-1.81,57.97,-23,40.15,133,120,-9,90,-42,-27,28.41,95,24,59,36.43,-31,127,71,43.36,-45,63.09,36.56,7.86,39,34.99,18.88,46.15,66.73,34.8,53.93,-46,4.87,-49,-23,-8.84
-42,18,64,107,-20.72,-18.95,-5,-16,-49,-42,107,75,-4.33,-50,30,16.18,72,66.51,96,75,40,80,34,-30,-23,-11.44,29,24.64,-19.66,111,-49,1.72,-33,-46,70.85,-40,-26,124,59.65,110
-48,-38,21,-1,15.63,-14.21,81,121,34.55,65,98,118,11,128,-16.8,8,83,35,86,73.59,91,33.23,30.98,-8.69,27.11,-49,75,48.37,18.97,37,6,-39,-8.17,35.87,-13,2.48,28,-2.45,78,32
99,-20,139,140,-22.47,57.47,140,-13.78,114,69.85,120,18,37.24,11.92,-1.73,14.48,-31,41,9,8.66,39,53,-13,-19.4,46.98,-11,-13,15,137,49,128,146,94,23.35,98,57.46,-3.45,-36,69,2
100,22.16,-26,27.38,-11.55,59.71,6,107,20.18,75,-25,62,83,109,31.71,33.91,111,-2.02,79,33.52,-3,-29,-22.5,54.43,35,67.19,-17,142,69.43,52,124,-43,137,-3,96,89,-13,67.28,30,125
45.73,-46,-3,127,14.88,25,30,11.3,52,4,-42,-15.21,134,78,94,16.76,20.82,-43,70.15,-14.96,12.93,47.14,2.98,95,10,14.96,144,37,24.62,17.12,43.62,122,94,26.63,15.66,50.13,48,20,-18.68,-10
11.06,-11,45,61,39,78,38.63,41.2,3,-11,-23.09,-29,-8.84,91,146,52.26,-31,54,83,81,19.93,-8,13,-50,66,-34,79,91,-41,-11.85,-44,49.14,95,31,125,149,44.35,65.23,-40,51.74
-18.96,-10.39,4.96,90,71.79,-19,-37,34,33.52,105,41.27,-41,78,39.78,51.26,65.23,62.68,5.63,72.39,128,19.47,3,-11.72,13.47,120,-15.55,146,60.95,-17,29.14,53,107,104,5.09,74,-12,58,66.45,32.41,27
73.75,91,44.07,38,131,21,149,8,98,99,-10,-9.27,142,78,-26,98,21.74,118,18.49,71,65,60,147,-19.33,133,122,10.12,-20,1,44.36,142,43.05,101,50,28.32,-47,0.92,40,65.43,93
-14,92,136,29.94,90,87,83,69,-42,45.34,67,-15,52,132,117,-31,50,95,-18.04,99,63.53,56.96,-1.97,-28,113,-10,96,49,117,139,126,140,-22.46,-20,26,-11.67,7,117,69,11.18
81,-17,55,127,125,78,50.47,146,1,83,-24.59,146,70.91,-43,73,59,-20.04,23.97,73,4,24.52,3.47,103,54,97,86,94,-11,54.69,60,34.21,32,118,-11.9,14.01,-12.22,-20.92,62,66.21,57.46
55,14,-23,20,-9.72,140,71,14.36,105,96,49.48,35,28.93,109,12.22,-15,-9.7,68,113,43.84,4,56,21,141,-29,-18,140,58.19,141,55,1.95,33.55,-21,60.58,70,-18.53,142,-23.71,-12.4,15.72
44.18,66,27,-17,-6.89,129,30.22,-1.05,-17,38,28,-13.67,90,115,67,-20.66,34.61,132,85,19.54,36.22,-24.59,-45,64.99,-2.58,40.95,-23.15,70,-4,111,15,46,59,16,136,0,39,98,1.08,104
27,52,33,44,91,29.12,-18,119,-1,-22,-9,55,61,-31,148,19.85,19,112,-20,50.56,123,63.52,57.57,13,107,82,49,-30,63,-6.02,54.74,41,4,112,38,131,-13.1,14.01,92,-49
57.13,65,15,41.2,122,144,111,109,105,46,106,62,10.53,3.22,123,-17.77,34.92,64,7.05,-25,74.61,124,-11,120,97,38.82,22,7,116,-14,-17.18,-15.58,-15,65.71,35.2,-17.09,137,98,79,26.33
111,127,131,68.45,30.6,-30,34,26,24.31,106,14,87,62,37.47,9,-12.7,-20,47.4,122,50,64.17,-45,-22.95,-19.02,15.4,23.84,61.85,115,91,42.02,57,110,7.85,116,118,57.1,-19,38.53,18,46
29.56,100,114,41,-49,16,73.2,0,15.53,-6,-21.64,11.8,67.67,51,-7.81,-38,-13.32,59,-50,-6,-7.66,-20,-13,-10.32,1.37,143,-45,34,132,52.96,107,7,-18.61,-13.89,105,90,37.35,17.62,-1.73,2.29
52,87,66,-23.64,15.52,7.15,10,114,10.88,51.27,64.85,25.12,65,52,39,-47,78,66,130,100,27,-50,59.16,27,2,50,-43,92,109,24.86,-22,118,68.79,15,-5.36,101,-3.77,104,55,149
70,18.16,-22.23,-1,-12.85,96,24.02,48,116,32,-18.06,47,126,-18.4,16,27,64.13,-17.07,79,-38,137,16.02,-2,12,-25,11.38,145,28,53.36,47.75,57.3,71.31,17.45,46.23,139,-8.49,98,69,75,126
-25,87,129,-40,108,82,-40,41.9,-36,72.69,0,31.57,100,58.85,11.86,141,111,99,-18.9,16,146,-9,79,3,-20.51,-19,-9.81,-22.92,-7.27,-16.01,2.12,-15,8,10.41,-45,9.26,10.23,-11.57,25.37,21.13
137,-37,9.92,47,52.97,59.92,143,115,144,13.77,91,27,-5,68,-31,84,-43,25,-14.57,49.02,106,-21.75,7,104,37,88,128,98,78,-23.7,-3,-20,-19,17.4,29.78,27.16,92,69,98,60.69
-5,85,53.8,25,67,51.21,100,-26,-27,-31,111,149,72,38,30.92,143,53.05,-20.98,114,44,32.55,31,24.62,54,-19,-17,-22.94,18,-5.81,119,-7,56.21,18.13,57.22,93,-26,-33,126,36,1.45
50,127,-15.31,34,31.16,12,-14.27,47,-12.76,8,-3.66,132,-18.97,40.49,65.53,-14.11,88,63.81,113,37.75,21,60.24,47.58,44.85,37.4,-14,64.81,62.28,-8.86,-3.1,53,11.5,-32,-27,-6.15,5,39,-45,-17,-30
122,88,90,87,-29,-12.25,-19,-1.56,-40,80,58.64,133,26,122,-10.69,74.47,69,-34,122,91,18,29.35,56.02,44,24.18,140,58.5,-17.91,122,68.23,65,103,20.18,95,-36,38.04,27.21,-23.56,41.58,115
-43,61.54,16.13,86,11.29,19.12,6,136,-13.28,43.94,51,24,-23.79,114,76,-47,-11,-44,-4,9,-28,20,7,60.62,20,-16,139,97,53.05,27.65,3,65.64,32,66,11.12,-17.54,120,35,-34,6.85
63,44.68,-10,-23.32,112,114,-19.25,-2.18,7,35.51,57,18.65,73.41,68.35,-42,3,11.98,98,64.09,-15,66.66,54,-12.48,50.87,2.51,-44,71.66,-15,0,-2,105,-0.87,131,89,149,24.36,32,-47,-16,95
1,23.5,6,-31,23.89,101,69.07,24.12,89,44.5,142,-28,131,48.69,53.35,48,13,67.01,133,-3.8,43,63,120,71,57,56.37,96,-11,62.93,104,96,10,39.04,53,59.43,-20,30,30.56,35.59,35
-3,144,-8.42,57,74.82,49,103,73,37.08,-10,6.74,13.22,56.62,-22,50.99,66.88,25.62,144,48,60.6,6.13,25.57,124,132,-30,87,100,79,8,41.49,98,144,-28,-29,24.66,117,-25,52.91,19,1.84
80,90,23,72,43,131,70,4.38,-1,10,-32,41.49,4,115,-43,65.37,66,80,-20.36,6,-7.08,20,5,-13.89,58.69,59,53,25,52.95,127,-6.65,23,-13.7,42,-18,62,69.34,22.78,28.81,-9.77
142,-9,28.98,-39,-38,-34,25,84,56.72,-2,54,42.5,-2.23,24,-2.94,30,54.54,37.6,147,19,54,-3.12,71,149,23,46,16,138,60.76,46.88,3,48.29,-24,-16.16,67.21,128,-10.79,66.96,15,-11.4
29,52,-29,3.2,74.57,86,37,93,4.67,-25,-36,60,3.87,4.44,-3.7,125,-24,-30,79,109,110,91,55.74,-31,22.72,1.32,-39,85,-24.99,-6,52.34,-19.27,10.54,22.37,-31,117,107,34.58,-24,111
-25,75,69,125,62.89,72.34,36.8,4,113,38,67,64,101,20.26,59,-11,70,35.64,-1.98,-41,1.15,100,-10.27,-3.2,134,71.52,26.66,92,63,48,41.11,59.83,90,80,78,74.35,38.64,-8.23,-20.6,142
-20,-17,-31,98,-10.51,115,50.08,38.85,69.51,37.63,-48,34.18,56,31.48,118,-49,37.36,34.62,70,27.85,49.3,66.72,-14,49.35,69.9,-1,-14,3.93,-5.95,11.76,-15.16,31,6,72,-19.27,-3.1,64,22.1,1.26,52
42,40,12,-42,61.86,10.72,113,44,97,-39,106,54.55,29.25,61,-42,0,74,24,26,2.04,87,143,6.63,63.21,7.47,28.71,-23.68,66,-10.48,20,24,14.91,-10,-34,-6,70.73,103,76,-24,2
-24.39,132,63,51.29,-44,-4.49,55,-16.68,60.33,40.02,129,1,45.37,21.04,42,23.22,53.22,9.58,-23,-22,32.59,110,46.87,20.58,46,72.46,119,1.24,-37,-17.33,9,21.74,64.89,-15.67,24.68,68,6,126,61,-14
96,106,-33,23,67.79,0.73,54.08,-23.14,-24.5,-24,-42,80,61.44,70.64,48,86,26.18,-24.19,94,94,-24.93,30,46.79,51.19,44,-1.39,-27,55.31,58,133,20.24,-22.21,-15.56,-9.63,-11.5,60.54,38.11,12.39,10.47,58
79,-22.18,31,87,13.46,99,15.43,53,6.75,117,65.86,82,121,55.53,71.02,19,-43,-36,119,113,109,61.21,-35,8.73,22.87,-19,9,128,19,68.76,35.15,77,106,70.48,106,14.15,72.69,79,56.57,-27
-41,52,-30,25.54,53.76,33,27.42,66,-32,-12.87,90,101,46.34,134,92,4.45,134,-21,112,20.45,24.47,61.55,68.16,72.45,13.14,144,133,39.88,13,34,-22.28,94,67.63,140,15,64.01,47.29,41.26,1.59,55
125,15,35.27,-13,111,-17,50.97,41,13,-7,36.37,103,98,15.15,10,50,22.03,56.37,4,121,149,24,7.84,8.57,-2,64.35,12,100,109,13.98,54.79,6,147,101,-45,37,-30,46.23,133,31.9
63.68,33,-25,0.19,95,-31,15,13,-21.48,-9.56,135,28.9,89,-25,102,-43,17,12,86,140,50.03,56,116,147,44.62,19.39,15.93,28,40.39,-15.7,119,112,65,130,-32,-0.64,-12.24,108,73,41.58
-1.28,-1.71,66.03,72,142,136,31.21,2.09,122,25.18,59,-12.85,3,60,37,51.86,129,9.16,-6.33,-23,-25,27,-19.94,125,76,-15,143,-47,17.3,42.94,-29,24.74,39,18.51,73.3,56.74,15,-27,29.37,87
-2.65,-2,101,90,17,-30,-18.51,-47,118,16,100,142,53.54,84,20.29,144,95,138,40.89,79,71.9,-36,-49,9,-50,14,63,60.43,-14,-7.58,55.06,55.84,27,-5,35.05,-13,-4.6,45,17.57,51
71.71,52.1,-33,121,-7,-12,149,74,3.53,38,64,-4,56.35,65.06,146,12.69,-23,-33,32.2,25.74,12.46,34.01,38.03,39,23.68,8.56,32,-16,51.13,101,121,-5,57.64,0.19,74,-2.82,136,36,-13,109
47,-12,141,13.57,12.12,17,-43,65.84,25.5,98,6,-33,121,-1.47,83,8.07,49,-26,7,136,72.93,29.47,98,-13.83,-20.23,5.72,56,99,-19.7,97,54.2,22,-2.02,-44,55.16,1.55,59,127,93,-15.08
-4,122,-31,97,115,-9.02,3,4.24,94,26.2,48.02,10,83,71.49,73,38.48,65.46,-15.01,41,-4.77,-19,-17.86,128,-46,61,63,-26,71,-21,136,20.82,-4.53,42.72,56.08,112,96,-24,125,-20,58
-34,109,-29,17.41,89,2,16,6.44,58.91,-50,-11.64,41.87,46,-24.55,-12,111,29.52,-5,1,32.36,5,90,108,38.44,-12.58,-21.87,69,132,61,137,-19.49,133,46.16,-44,0,3.3,65.74,-33,43.44,-12.03
-3.13,8,67.37,109,12.97,32,62,113,-11.25,20,22.38,72.72,64,-22.72,44,50,28,56.6,5.98,103,-22.15,30,54.72,96,-50,50.92,99,-15,34.03,95,105,72,10.91,36,115,-11.62,12,58.08,112,43.62
-13.56,35.99,62.51,94,11.81,77,27.05,-39,-48,3.72,17.38,-18,-46,44.73,94,79,4.86,36,57,35,52,68,9.82,36,103,16,48.95,61,-13,56.81,9,24.11,113,34.69,144,-28,83,59,106,85
74.06,-15.87,85,146,42.27,-18,13.36,14.14,23.86,57.9,-5.87,45.79,47.31,25,38.92,141,61.27,105,54,90,44.8,-26,-18,2,51.74,-5.58,-4.94,-48,63,-5.84,132,-10,100,66.94,27.24,41,6.12,-47,-22.59,37.31
99,41,77,-7.55,53.3,-11,14,5.66,-11.21,131,68.16,139,-1.77,64,40.77,45.11,-16,103,47,46.12,-47,19,113,16.7,128,4,136,111,127,3,91,39,-32,42.18,37,-43,80,38.53,5,40.28
-2.49,24.54,45,-3.59,110,4,64.38,68.45,-14,20.63,39.31,72.59,15.76,55,120,79,15.71,42,34.1,-9.8,-17.13,-11,63,129,-17.93,31.79,43.61,66,22,49.42,-46,-41,134,39.31,58,91,144,-24,13.64,93
50.27,80,34.7,61,56,104,-20,120,147,97,19,28.17,64,-36,4.32,127,14,20.24,3.79,24.56,128,130,34.96,122,33,-34,32,74.13,129,38.18,116,47,48.46,37.68,-32,-12.76,111,68,70,-38
-46,33.93,9.06,13.16,-26,90,128,69,145,27.27,73.19,-17.08,2,-22.46,111,55.3,-21.77,92,53.99,-31,92,-6.88,-44,66.76,26.33,72.28,37,57,42,15.09,113,112,46.3,37,25.55,-42,-7.91,130,21.02,57
146,132,28.35,0.54,109,87,56,0.97,15,129,111,24,55,60,-3.2,137,40,-15,33,30.79,65,110,57,73,110,144,23.28,94,82,119,18.66,40.18,-45,128,-11.37,-49,-11,61.54,-19.92,3.8
-22,120,16,139,-14,147,4,106,82,13.86,14,-3,-2,-20,3.02,14.08,-10.52,-29,54.2,10,-16.15,19.32,-7,145,50.07,129,-12.03,-9.33,69,-45,-32,39.55,-39,72.18,18.39,31.81,40,58,-24,85
-20.57,63,131,67,-22,-32,135,-22,44.1,43,96,65.49,38,-11.24,-17,-41,10.15,109,-48,140,19.83,16,33,70,-23.71,-24,-0.99,-8,126,-30,42.34,68.06,-11.99,-46,122,-3.19,118,-35,-13,21.56
91,13.2,143,66.36,-24,74.73,67.65,-3.61,46.63,48,1,31.19,54,90,38,24.57,-24.98,53.96,118,-1.91,-14.77,26,-43,72.76,-17.99,-2,90,-6,55,28.59,-45,72.5,53,5,-20,97,104,-7,16.28,72
24.15,73.11,117,23,51.94,56,26,130,133,-6,33.58,-49,50.76,-30,-6.49,-2.63,47,-5,-6.42,25.76,-20.03,133,76,144,55,98,140,114,30.46,3.77,12.33,125,-23.93,13.38,8.39,136,95,-43,-2,35.75
149,73.72,14,16.87,47.57,87,86,32.49,-40,86,-28,9,-16.06,34,-4,21.02,-39,-31,-16,127,-9.98,144,22,-44,-19.41,82,-9.17,64.35,127,135,-22,41,76,57.27,94,-1.42,21.41,55.71,-39,119
46,143,73,73.15,19,141,19.7,65,16.8,39.2,30.32,51.79,109,-17,-15.15,113,64.85,49.81,5.2,-18.45,68,142,51,28.92,47,94,89,49,22.68,74.17,9,60.87,20,44.29,-21.41,63.18,-42,-21,26,51.36
-47,-23.1,66.63,-9,141,51,69,14.06,-11.96,3.53,56,-11,57.19,-50,47.25,99,54,4.9,42.75,55.83,23.41,78,-9,50,120,12.74,62,21,67.11,130,14.08,51.5,71,97,-2,-32,61,79,1,50.75
113,-42,24,132,15,57,-7,-46,-2,6,87,20,32,68.7,64.32,65.39,26,40.97,106,72,-12.72,81,38.39,13.51,-23,-24.53,63,38.8,-24.81,-44,4.44,51.33,65.49,-2,77,-17.75,-24,-3.41,77,63.66
-28,90,44,49,74.06,63,58.26,59.11,126,36.57,22.71,34,54,80,63.09,-17,-12.45,4.15,1.05,-16.34,0,135,83,-3.81,54,58,-47,-7.17,82,68,25,118,18.85,15.87,60,-28,15,-23,73.59,32
88,37.95,-10,24,10,84,-23.87,-3,107,-38,-16.86,124,61,5.5,13.85,51.32,53,41.3,1.07,120,2.09,-9,88,23,142,-45,-22,33.46,126,-6.23,-4.64,-35,-44,-13.62,94,61.62,-3.37,64.18,40.35,44
145,110,92,116,34,136,-4.73,-16,36,-13,-22.89,23.99,55,-14.76,47.89,16,46,75,-5,98,132,45.9,-50,68,65,100,27.18,59,78,12,68.3,9.23,73.05,41.72,77,-24.21,-20.54,-23,48.78,145
69,22,-7.73,41,18.55,22.62,49.54,-4.42,19.39,-1,2.21,5,91,8.84,-20,-11,-10,-41,21,89,138,45,-10,32.92,17.15,95,149,0,65,-19,29,137,139,58,134,110,-38,105,59.1,46
43.49,6.6,65.7,107,68,-5.75,60.64,30,69.8,4.44,-2.22,24.61,33,23.29,3.25,92,-22.93,53.92,-23,40,25,70.51,41,38.08,-10,22,25,73,9.07,38,-3,-5.04,50.27,132,31.56,98,145,2,57,105
9,-39,33,74.19,11.92,16.37,35.88,146,88,52,34,16,-23,-33,-46,-18.55,32.22,-50,-30,1.71,34.92,-16,13,-17,40,116,128,-17,128,92,93,104,36.74,-29,-43,66,124,29.69,84,7.47
8.74,16.47,141,23,11,58.88,24,100,11,7,10.69,116,70.53,6,32,54.6,46,39,88,29.15,142,120,2,59,46,73.18,-18,-2.76,23.24,30,131,100,-2,4,15,60.3,18,110,76,141
10.89,-7,126,143,-8,59.92,-4.49,18.47,-7,-43,23,29.87,2.84,56,121,-40,106,28.95,49.34,-18,-21.33,123,140,91,-10,146,54.23,61.81,6.63,8.92,139,116,14.31,60,-2.49,68.02,-37,20,12.8,72.86
17.31,58.75,-27,122,-18,51.6,136,41.46,-19.96,49,93,93,-25,-21,52,146,21,12,53,-23.37,16.97,96,120,4.62,121,-12.9,137,10.36,-7.26,30.98,16.71,-9.35,133,60.95,21,67,-10.36,53,71.03,-9
108,72.84,29.69,36.27,-12.99,12,-20,101,31.87,87,-17.58,9,130,115,37.97,100,91,99,130,143,93,29.99,-18.87,123,12,53,17.51,-15.96,124,-43,-7.81,-24,-20,60,-11,94,103,-3.83,95,-3.87
23,30,66,125,66,-49,24.75,-25,4.9,19.6,82,29.23,136,38,142,123,0.25,138,35.4,-19.95,-5.63,0.05,81,-33,25.94,70.11,99,141,148,-37,29.01,113,127,129,7.68,120,62,72,-20.2,74.71
97,-23,30.69,71,13.2,7,102,-34,-36,24.23,146,39.1,1.88,-6,28.03,5,66.93,31,37,33,-22.33,36.15,65.28,74.7,54,55.05,-16.66,58.3,2.33,1,56.81,44.34,50.1,-37,78,-10.04,-44,-12,-13.68,129
56.94,33,10,11.71,130,0.98,47.55,16,31.03,50.98,49.6,-13.47,23,12,-17.42,138,-7,-2,-22.1,48,-19.82,-47,5,29,-16,59.59,68,3.45,73,30,141,49,-22.76,44,-19,14,2.92,-27,81,58.57
46,14.76,106,-38,18,49,41,-8,39.56,24,75,13.73,82,136,89,49,24,144,-5,42.07,-33,24,16,138,106,121,-25,-5.78,-6.35,-11,136,62.82,-25,128,0.02,92,108,25.45,-2,7
26.16,49,79,135,5.56,19,63,66.03,65,-36,73,68.43,-40,-15.1,-9.76,17,-40,-18,3,75,23.76,50,30,4.4,147,-32,74.28,77,-13,-4.6,50.7,62,63.32,-13.84,-21.3,48,112,-0.74,1.86,13.75
9.93,116,43.67,-28,67.28,74.68,142,16,49.97,22,43.15,57.77,99,-45,35,140,-19,-11.98,-29,-42,115,138,-1.19,18.8,-4.88,115,60,-31,38,124,84,-3,92,148,24,72,38,60.29,34.97,44
35.79,101,70,55,133,80,61.6,-46,52,102,116,-14,11.93,-37,-32,106,70,87,132,5,-44,1.49,-14.39,55,8.29,-44,70.66,48,39.55,27.44,11,131,101,-43,11,1,36.2,55,67.03,99
28,122,61.79,48,135,123,98,54,-3.41,14,-12.03,74.42,-7,-4.49,43,21,111,54,61,10.63,78,-14,18,21.45,85,21,147,-43,-39,52.33,31,24,53,39.38,-18.07,15,65.8,103,-3,15.57
46.59,115,74,57,-6,12,5,6.75,149,-12,0,67.75,-32,57,-0.46,98,8.74,25,54,64.63,106,-7.32,8.92,-11,84,64,-43,28.5,59,17,-18,102,87,74,93,18.09,14.29,18.94,113,64
20.54,-21.44,26.34,53.28,51.77,48,70.01,-22.68,-20.81,42.51,101,12,1.52,26,56,26.06,108,35,31,61,-7,12.35,48.86,24.42,69,-50,68,102,72.25,45.43,95,19.09,6,-32,50,123,46.9,-14,32,100
28.65,69.89,131,-45,92,139,3,17,-33,68.81,84,33,-32,39,15.49,39.29,70,71.76,36,91,40.1,-35,65,79,111,102,19.4,0,130,6,50.07,-13.91,-28,63,15.85,117,49.86,88,-19.73,56.59
127,40,8.52,86,18.88,-1.37,11.26,56,131,50.11,-41,43.9,60.17,46.72,-49,49,39,-13.24,-20,33,65,34.88,59,59.8,96,-3.99,70,-27,47,7,-32,0.99,53,140,130,-33,-15.44,91,40.4,43.95
18,85,-2.96,25,-25,-7.65,10,30.55,-46,-36,-17.45,-14.58,-49,-24.04,-37,-5.86,8.45,20.43,147,-18.17,-23.11,50.17,9.9,123,-20.04,93,105,6.64,-27,120,89,-8,10.81,83,70,-44,67,17,36.24,44.44
-11.84,5.09,7,129,35,60,39,80,9,-18,78,5.1,-30,17.29,142,97,-40,59,7,39.79,129,-31,-18.1,141,97,50,-25,-11.48,-33,3.68,21.98,137,60.34,-4.12,63.5,2,85,80,116,-27
45.46,-11.73,-8,-14.44,24,57,111,43.65,48,-22,-25,38.98,43.54,43.79,33.33,29.05,1.74,1,139,44,36,38.25,77,39.79,0.8,110,55,57.64,114,93,-26,46.57,140,66.79,-7.72,26,48.46,3.96,-12,108
61.8,136,100,30.91,39,70,64.76,87,43,37,2.66,-32,-13.63,133,35,22,5,28.24,133,79,54.49,-27,4,35,0.98,97,41,-10,28.07,64.94,88,-21.55,98,-44,94,112,-47,41,77,57
3,25.82,30,92,-49,-6.84,70,29,18,95,7.58,69,36.45,136,37.54,42.12,7,-31,64.98,25,19.32,50.45,60.43,63,55.59,20,78,-37,0,134,55.43,89,94,0,58,59.41,68.92,1.35,120,144
67,43.34,-13.36,21,22.32,88,136,-2.49,113,19,26,120,-34,121,38,28.58,53,83,-3.41,67,139,9,-3,-48,-12.09,0,-22,74,-1.4,-32,111,139,62,73,45,110,-22,-28,67,133
-30,6.62,-33,5.31,29.84,45.95,47.81,-43,87,138,50,-17.77,-22,107,59.91,23.38,35.51,49.77,4,30,145,-27,-28,8.3,-33,-9.11,-24.29,0,17.91,15,12.02,96,25.58,-45,56.79,140,-10,10,-8,56.8
-24.34,-4.6,40,-44,15,-29,4,97,29.89,106,96,-4.74,65,121,44.42,61,137,-25,50.69,59,18,-13.45,12,8,55.92,59,61.74,120,-6.28,-17.75,141,52,27.03,91,87,46.34,137,105,-42,-7
52.81,34,148,60,28.42,87,94,-6.39,-15.76,116,-14.85,61.72,48,143,95,-15.12,44,115,67.9,61.56,74,-21.89,13.87,27.31,45.28,44.64,134,73.63,30.76,68.42,24,65.68,132,62,69.64,61.74,-25,130,55,6
-2.52,54.61,141,27.33,-14.32,73.46,10.25,48.6,6,124,129,133,41.12,39.31,-4,34,24,62,54,38,49.5,-4,101,7.18,-2,69.18,21.04,66.28,135,93,110,-9,-28,0,114,31.69,-7,36,28.38,63.29
-11.74,140,82,81,33,149,45,6,-43,13,-21,136,-1.22,144,66,117,82,29.59,-3,70,32.25,22,-6.37,70.09,34,62.01,37.94,1.61,31,26.51,28,-38,0.29,68.26,7,70,0,61,-22,107
60,66.1,61,65,8,84,126,144,-14,141,75,37.24,54,58.05,44.13,25.52,68,6,110,17,68.27,50.55,-15,-30,51,50.06,-13.5,48.91,97,86,95,21.54,49,20.26,63.61,24.71,30.03,40.31,-4.23,42.29
-15,-25,7,20,46.5,-12,-36,-28,-11,41.24,80,-21.96,-6.66,-4.34,-13,133,66,66,-2,24.11,15.06,-13.18,49,64,52.2,-13,55.83,146,2.14,32.89,-8.8,105,36,3.4,-9.64,36,-7.66,-22.3,60,39
-38,62,-14.09,95,39,55.94,15.09,74.73,7.34,70.23,-17.03,78,56.85,117,117,55,53.98,99,-22.05,18.64,0.83,28.44,-42,51.8,87,-27,13,-13.44,19.93,120,-31,17,129,76,99,80,68.57,5,107,145
69,68,-35,104,-31,18.92,25.98,-32,61,9,142,61,20.85,107,6.21,-0.4,-3,33.87,40.15,32,68.06,-23.68,41.73,9.33,119,20,76,59.24,24.71,-35,-15.81,16.33,62,-25,-1.25,74.23,-14,65,135,147
127,38.73,12.29,0,-15.56,71.46,58.63,60.84,25.68,-5.41,70,-46,45,32.23,111,-8,45.36,-34,4.39,42,116,41.78,28.93,24.35,37.64,146,74,17.87,121,-1.34,89,-27,43.91,11.65,111,103,65,47.27,81,-22
43.57,-25,61.85,75,85,123,49.19,55,-24,4.54,-39,38.69,2,44.1,76,70.95,28.3,60,83,107,21,59.91,59,109,76,65.84,-18.48,142,62,114,43.64,-42,144,59.1,10,-42,52.61,33,31,56
37.68,99,-44,5.25,80,-11.45,64,19.25,54.79,34.16,-5.44,14,0,-21,68,-15,8,44.12,-45,47,-18.89,-15,88,11.67,-8.4,-11,29.27,-3,-25,13.23,29,11.09,-34,101,40,60.98,29,-19.71,74,70.83
61.92,-1,34.01,18.82,72,12.35,140,94,96,25.98,-2.99,44,81,-47,139,-2,51.92,47,25.8,44,33,10,145,107,-18.7,127,-48,-5,-36,135,59.31,97,141,49.8,-9.52,4.77,7.93,-0.69,73.29,58
-20.82,65,44.37,49.27,-5,-0.79,4,146,-32,70.54,34,-29,-14,-2.35,41,19,19.35,7,14,37,17.26,40,109,18.73,122,37.62,-6.25,-46,146,31.78,-9,64.26,-18,37.54,14.5,115,25.34,87,13,105
51,22,64.57,-22,39,47.94,31,116,74.19,-7,64.8,-13.26,133,69,-16,52,29.72,24,6,47,3.98,146,48.04,36.75,-21.84,-50,-5.87,-23,-18,96,116,128,37,112,-17.17,66.14,95,45.75,-42,-30
-22,55.45,73,-16,-4.84,108,21,50.64,51,24,32.33,21,-12,2,60,49.67,41.77,100,-14.23,38,26.18,-21,1.28,8,148,45,99,10,24,135,72,88,29.92,83,48.54,23.36,1.04,75,-18.42,73.74
19.54,41.23,20.97,57.77,-25,37,74.01,94,31,51,65,57,-5,10.53,-3.05,138,-22,33,94,51.35,148,57.65,-14.82,48.67,-4,45,-8,47.43,37,62.96,13.98,35.55,89,3.61,-8,-13.55,-18.86,27,98,-1.15
-15.14,-36,-1.76,16,119,58,59.51,2.09,21,21.63,-17.38,15.46,26,134,51.31,10.1,-21.68,80,-17.13,94,-5,-17.38,36.13,58,35,17,68.38,49,5.73,134,107,78,24,31,118,118,49,28,14.67,-46
44.58,-1.51,59,110,5,-35,15,19.27,74.94,-41,61,30.12,-13.34,134,14,82,2,-49,58,83,-9,28,38.67,1,60,-17.14,8.15,13,6,47,66.33,116,-1,71,-9.11,111,145,38.94,-17,28
-22,50.96,141,76,70,43,-32,24.1,48.15,-25,-23,-8,55,10.92,28.02,-7.61,14,-9,55.89,42,0,27.41,37.28,47.34,44,141,112,-44,107,23.05,63.4,45,48,15,-42,111,25.84,44,40.34,57.94
127,0,69.92,39.38,-9.5,-21.24,1,31,-11.71,79,36,23.14,70,123,62.4,-1.34,48,-11,3,32,93,-41,81,-14.97,68.36,-18.37,21.32,55.72,121,-30,144,15.39,5.23,56,93,23.45,18.36,107,61.13,24
15.2,-19.89,-26,-30,73.23,38,78,-22.83,50,-6.01,0.49,64.2,-17.37,54,52,124,37,28.64,-15.67,122,42.65,13.9,19,54.58,42,-3.74,-8.72,12,-1.51,40,5.73,20.82,-29,-20.08,-44,46,-47,82,59.02,-13.38
11,14,97,-4.97,44,-24.28,-5,64.05,41.63,71,64.49,123,-5,148,138,72.4,-18.44,137,35,-15.57,100,33.45,136,109,124,90,-17,131,-23.65,33.69,3.36,-17,1.24,-45,-48,31,60,22.17,31,21.33
42.41,-43,24,147,-19,31,23,86,90,53.29,3.74,79,44.37,26.79,-35,80,74,5.09,80,10,13.9,-35,56.4,8.65,116,46,26.47,23,8.54,30,66,47,-46,1.35,-21.47,-1,-4.61,13.16,25.45,-18.2
93,102,121,6,75,37.59,31,113,-2.01,75,30.1,59.7,34,63.56,108,8.84,12.33,26.53,149,49,51.21,16.71,29.74,69.23,-27,102,104,4,28.35,-1,46.05,-2,18,-19.95,39.51,-0.39,-1,70.24,28.06,-11
39.45,98,110,14,120,93,35.91,137,98,73,-45,-50,30.14,116,88,25.6,40.93,91,-23.88,56.78,24.88,57.9,11,131,50,79,147,42,-35,69.52,-11,17.27,-4.33,118,24.02,149,46,60.28,18.91,113
16.98,70,-5.42,67.97,72.6,-9.29,47.9,28,6.23,110,81,48.13,32,146,122,58,148,-14,101,-9,54.59,39,29,100,-13.79,78,114,66.31,-23,43.77,10.34,1.57,-17,7.69,50.53,-16.55,73,136,14.72,141
-47,149,22,52,18.78,84,40.09,31,-1.99,-32,36.73,71.06,-50,8.72,8.07,-23,11.6,-7,79,66.8,31,126,35.01,14,48,40.23,-10.99,63.78,-8.52,69,122,9,115,-2,70,122,42,27,131,69.49
-47,-19.83,40.46,148,145,-42,6.35,107,4.19,9,59,64.65,94,-10,33,50.45,51.41,49,28,40,52.52,26,-46,-48,33,-6,52,39,-40,8,149,126,-12,-46,49.5,21,2.37,61.89,39,75
9,119,58,-38,58.48,18.96,16.24,-2,105,53.92,89,-28,140,-17.11,-8,13.01,-35,72.35,67,27.99,36.28,54,60.79,137,90,116,9,29,14.64,132,67.34,30.34,56,87,-34,4.53,89,61.92,7.2,43.08
35.34,49,-42,111,60.9,-11,-2,26,126,56.5,-30,49,-12.65,102,148,41.95,113,6,131,36.11,138,-6,5.37,99,72.91,-22,-5.11,2.06,85,-32,13.95,72.03,-12.86,5,63,98,36.43,87,51.9,12
49.6,-9.28,24,22.57,-6.33,120,-5,-14,20,103,49.62,7.44,4.07,29,-14,125,-2.95,87,35,72,58.6,-33,-31,1.72,71,32.88,-24.71,31.26,4.11,1,-13.4,116,-37,11,-34,72.07,16,94,63.54,69
-43,6.08,14,114,33.17,49,-21,57.13,39,103,-37,43.2,0,-9.88,96,87,53,-24.85,62,-11.68,59.98,38,34.8,132,54,135,125,51.13,91,-31,66.78,141,30,69,65,74,-2.5,14,122,56.8
18.61,14,-17.97,-46,13.14,14.3,82,-37,18.02,14,73,35.43,-5.41,2,32.77,-14.61,5,7,8,60,-26,23.84,146,0,-23,-5,130,-3,30.68,118,-1,-2,4,84,46,51,-19.05,22.81,67,-11
36,-46,2.65,99,-2,12,-12.49,61,-12.77,52.04,101,-6,0,71.59,18.28,9.59,93,19.11,110,36,6,-14.54,77,-20.69,69,73.9,87,11.11,68.82,-1.43,-34,-43,123,45.35,16,-36,-19.43,121,-17,24
65.63,47,100,73.56,28,116,60.7,66,-12,-22,-6,105,67.52,21,103,17.74,37.13,28,124,3,-50,83,-7.01,54.36,-34,27.71,-20,-49,-5.38,39.9,39,18,42.83,73.72,57.89,57,12.81,-21.55,70,119
15,144,-46,64.14,8.96,-12,129,35,31.36,29.64,-32,107,82,-40,57,134,125,7,71.49,68,3,-8,35.26,-9.63,69,147,26.26,6,10,54.3,25.06,-33,-6.7,44.9,-18.51,141,71.06,-15.63,6.41,113
-24.44,26,-14.86,44,139,22.6,-35,-35,-38,55.32,-15.53,107,81,39,28,43,-17,39.17,60.91,26,97,48.03,109,-9,11.97,3.29,115,91,144,25.19,118,18.63,66.97,-2,67,22.11,126,-4.7,3,60.02
-9,-6.31,35,-17.69,20,-18,15.9,39.46,137,12,12.89,-18.66,38.83,57.63,79,74.08,-24,5.94,-39,51.6,16,96,29.79,-29,31,29,3.62,37.8,50.26,60.71,57.59,131,19.97,48,57.8,4.92,129,69,12.69,8.01
129,47.12,-1,42,9,-9.72,8.59,-30,75,9,-32,99,-24,-37,143,13.47,97,57,72,24,21,-14.54,130,-24,143,48.37,76,-3,-23,37.33,20,71.2,81,35.32,-6,136,30,36,121,-2
-9.8,73,-42,71.23,1,46,86,105,33,4,103,23.53,-31,70.06,-28,-26,78,-15,11,126,108,129,33.99,20.81,46,-0.69,52.14,136,-44,-48,70,71.48,14,-0.43,-15.7,7.32,-45,56.6,-24.08,-12
11.91,101,-7.95,72.86,7,125,5.1,-22,13,30.61,-12,135,3.66,16,33.23,102,0,64,52.58,31.06,49.06,28,-11,18.03,-19,37.1,65,22,-45,80,90,107,123,130,-16,40,114,7,-31,23
-3,-5.71,28.64,-2,36,78,57,-38,-44,-11.89,92,123,8,53.05,14.55,17,-18.21,141,-10.4,134,60,33.87,59.64,-46,12.11,67.97,16.72,31,37,10.44,19.28,55.28,-48,40.19,34,-20.31,56,122,136,59.17
91,42,99,-21.96,52.94,32.84,73,60.22,-17,55.3,-5.23,130,143,84,137,85,-47,-0.31,31.32,16,87,58,-4,13,113,91,56.95,60,56,62.47,4,16,146,29,99,32.17,53,-47,42,25
20,-47,60,-18,44,-6,19.7,27.13,0.85,148,88,66.44,100,-31,5.41,-11.67,-4,-17,145,19,23.65,58.73,6,39,-20,119,24,0,0.25,58,117,77,59.47,23,96,53,37,138,103,38
81,-27,14.3,54.68,137,11,5,140,8,-24.11,32.42,72.37,48,33.22,-21,-10,67.19,19.33,-29,52,10,40,40.07,43,32.24,51,70.04,20.27,-11.07,49,120,29.21,33,29.96,-41,118,59,70,25.75,86
-33,42.04,-2,-9,70.57,17,-6.09,41.15,-9,-48,92,33,136,129,74.96,-19.83,133,-7,-9.78,70.29,69,-13,9.4,-9.7,40.54,-9.05,70,101,27.13,81,98,45.81,4,-1.08,147,62.75,63.83,11,-3,62
-14,7,-1.18,-7.59,74.87,112,127,17,148,-5,82,44.77,67.83,71.53,28.57,-10,62.7,29.06,19.05,126,26,42,33.27,26.94,105,75,-0.41,-50,54,-0.15,15,-27,70,-41,22.28,28.18,124,-26,129,3.1
114,8.07,143,-7.09,97,-16,-13,92,-15,64,-24,34.26,125,109,-50,30,-18.29,8.29,12,63.56,-7.58,2.45,37.26,54,29.72,-1,-21,19.97,-9,-23,23.43,-29,75,-20.35,136,-16.36,52,-15.67,-21.12,45.5
-20,11.85,111,64.13,48,-17,67,11.27,83,7.94,-7,81,91,17,15,35,-4,102,72,-22,72.18,4,-10.04,88,46,79,10,5.33,34.27,66,82,19,-0.26,10.61,101,68,69,-35,5,109
-7.14,-12,11.56,-38,-39,79,-16.71,44.32,50,-7,57,58.59,63.89,70,45.81,29.82,73,143,-3.57,-47,12,-30,2,-2,42.34,68.2,58,57,-17,85,8.05,90,-13.56,24,104,72.22,137,5,73.22,45.95
-17,-33,67,3.91,57.43,20,43,-50,-46,-32,12.76,132,137,82,55.21,59,100,10.15,131,29,-5.18,43,15.67,36,39,30.3,-6,-5,-18,12,60.36,-20,108,-6.6,99,54,149,18.73,103,90
27.41,19.81,63,66,41.13,-26,26,1.06,60.03,-3,68,15.65,4,35,-13.84,136,102,-48,74,94,70.18,50,-12.78,4.67,7.78,130,96,55.91,68,23.98,-24.09,71.61,58.54,51.94,6.4,65.77,29.71,60.55,22.19,-16
16,144,40.68,31.12,67.06,25.09,-24,21.16,50,43.62,26.59,38,16,69,52.49,47,53.82,13,86,26,61.49,-5.2,-2,130,57.94,-9,66.96,79,38,128,3.8,-5,39,-25,-9.41,10.95,-12.18,123,73.06,-19
56.17,-10,125,-24.97,55,-13,-8.74,18.88,62.89,23,84,48.49,99,16.83,-48,5.39,45.62,-15.15,43,-12.77,87,-10.43,20.14,-1.46,49,42.33,100,50.08,-46,92,12.83,120,74,-39,-19,9,-8.3,125,41,52.65
-3,95,63.75,68,59.41,2.1,10.08,142,7.21,82,30.72,33.43,-21,71.67,114,-11.2,72.22,123,-24.89,21.4,19,-32,42.72,28.96,-22,-38,43.93,-13,113,124,-28,-11.28,101,53,68.88,-8,12.99,18,86,120
-4.34,16.71,123,54.89,-10.26,33.86,149,60,-24.52,-31,34,-42,56.28,32.7,-35,66.01,109,102,-9,61,63.58,19.03,-3,-3.95,128,-1.01,44.07,61,35,129,53.85,30.08,-19.26,-1.05,22,-1,18,-17.93,118,29
61.42,50,-27,121,39,61,46,-17,30.53,22,28.16,20,146,105,-22,1.27,8,132,117,34,-7,-9.9,149,-46,72,43,115,-23,87,21.49,34,67.59,31,91,-4,-41,25,68.68,91,109
28.72,59.2,27.89,-21,21.71,69,22.25,51.61,142,-34,0.82,-4.92,-9,65.71,-3.69,12,21.11,-31,-7.1,-15,78,19.81,29.77,62,15.38,62.05,51.15,139,12.65,8.18,3,125,10.19,46,111,30.22,135,122,63,-33
58,65,63.14,109,67.4,1.91,-33,-20.11,-27,127,-40,7,-49,7.37,102,16.17,102,-32,50,148,149,51.16,45.22,3,79,-40,-23,66,78,-45,148,80,15,64.45,67.31,84,-4.54,-31,33,2
41.38,23.48,-13.29,27.17,-21,133,-8.24,27.74,-8,52.49,-26,-12,68.85,86,138,-48,61.99,145,-19.51,116,3.15,-46,36.09,0.47,36.74,-21.4,9,129,50.12,-43,68,42,15.84,38.55,11.44,-7,-4,3.77,-22,29.18
63.97,12.17,37,26.02,18.5,29.23,43.16,57.33,5,68,53,42.5,24.99,72,100,-20,-14,27.62,-29,124,-17.38,-6.93,104,0.71,-42,46.6,54.98,-43,61.32,36,-24.52,53.8,15,47,-14.4,10,2.99,101,-18.81,118
28,51.01,9.17,142,54,72.82,101,92,-37,58.27,13,46.44,138,47.53,50.62,6.94,7,56,7,-8.02,12,24.33,129,12.88,133,1,-43,5,-39,30,54.59,5.51,51.04,56,74,65.98,23.8,-20,46.5,143
9.98,23,21,-47,124,50.46,-16,-7.6,33.24,80,43.85,-4.52,72,50,-33,16,93,33,49.73,46.64,84,-24.55,73.34,99,70.75,136,46.96,-17.16,67.37,38.2,107,53,42.42,-20.41,42,-11,-32,25.16,62,-9.27
29.66,-27,40.02,25.22,53,74.22,31.48,99,0,-23,89,-12.9,50,4.18,49.28,123,65.96,-1,6.65,-10,-14.58,33.98,100,71,7.74,-18,60,-28,55.25,27.73,-18.1,49.89,113,29.66,69,77,11.08,6,-18.89,-8.19
110,-14.84,104,92,60.2,33.73,72,19.98,33,-18.59,3.8,120,94,-31,-19.6,11,-45,-24.25,10.33,17.16,94,14,12,-3.51,57.86,122,15.54,122,62,22.3,48.22,10,-19,77,13,2,-14.28,9.27,107,-23.23
-40,59.11,130,-28,55.13,-50,-1.56,19,18,80,73.35,10,32.65,48.32,51,33.52,9,79,48.73,48.94,116,70.5,73.4,-16.34,-32,62,67.68,7.35,-8.1,138,89,19,10,-17.88,45.76,83,69.04,-23.44,70,132
99,32,-43,128,115,-36,110,42,55.69,71.68,-16,21,-20.4,106,116,25,6,24.11,10,46,-1.28,93,-13.68,89,121,73,23.36,14.95,-33,32.76,47.19,-12,38.52,50,-21.96,64.66,38.89,19.76,107,-46
14.96,-28,-16,24,-16,128,56.41,81,-3.86,22.27,57,127,66.8,11,146,56.07,137,4,91,22,118,0,68.41,64,60,55.08,-19.4,-25,57.02,11,52,25,23,-17.84,-15,-16.26,45.69,39.75,126,-39
122,3,15.05,40.79,-6,21.86,97,94,10.49,0.04,-13,81,-24.99,-7,3.67,-19.7,-5,23,93,29.52,26.58,22.14,28,137,122,0,-25,1.07,12,-35,60,-8.18,24.76,67.85,124,80,53.22,56,18,-34
132,103,34,34.73,-1.26,4,67,86,-29,45.97,-4.86,71,-10.86,-22,32.31,79,22,42.64,79,60,31.22,-43,26.05,138,59,48.78,62,-12.55,118,83,5.16,138,20,22.45,-26,84,55,-0.39,22.15,23.07
16,16,64,26.05,10.42,-38,8.51,5,14,52,56.09,46.91,6.41,73.11,23,28.98,-2,74.25,4.7,65.49,77,-14.46,53,11.71,-38,-17,65,-15,23,5.87,73.66,74.11,22.5,132,31,87,6.29,28,-15,4
132,51,34,118,141,-32,143,77,55.67,43,55,-31,35,-25,-10.8,72,-2.13,52.83,-15.75,19.96,75,4,40,-11.05,-21.05,5,30.87,91,0.42,-24.14,103,114,101,4,-12.52,86,137,37.7,11.78,-19
11.34,45.57,-4,44.14,-3,-23,119,34.78,-28,52,94,132,149,134,77,21,48,44,47,10.99,4.73,55.98,-14.46,112,1.15,12.7,117,27.13,12,-41,-34,56,-47,17.32,6.22,-13.28,-18.19,-3.08,4,-12.95
60.03,105,62,104,104,-22,44,-22.12,80,142,139,10,-39,120,74,22.64,9.03,-24,-27,119,23,35.78,54.35,53,-23.98,62.54,-26,44,-18.19,49.09,138,41,55.4,10,35,149,-1.63,146,129,39
61,28.38,8.74,72,46,57,95,-24.41,54,22.87,3,71,56,-0.02,57.35,55,-49,113,102,-2,144,68.23,40,14.82,143,61.7,146,141,-3,-19.45,-42,52,39.03,14.65,-3.59,101,-12.16,8.75,49,-2
90,-9.15,131,119,32.81,55.3,-20.12,37.6,96,33.94,111,-22,38.79,17,-43,146,8,28.4,9,92,31.83,-6,38,-39,-23.12,101,133,98,69.13,8.67,39,38.44,-15.86,-14,71.56,44.89,-2.73,110,-6.26,-46
22,120,8,37.23,-0.45,17.44,51.27,-18.76,79,64.41,-6,47.96,65.72,23,133,80,39,73.61,-37,-7,35.25,43.67,16.37,78,36.62,60.44,-16,1.42,38,71,109,28.68,-32,142,18,-11,64,-11,-43,40.99
13.25,100,-41,18,16.27,117,102,140,58,54,90,49.01,19.63,144,-22,26.42,-38,136,44,45.07,31,118,16,60.48,60,57,26.53,66,40,-19,-20.28,5,-26,143,44.7,136,5.51,76,-2.34,44
9.37,118,123,16,-7.22,50.39,51,127,-16.24,77,55.21,1.27,18,52.62,-12,4,-32,94,49.03,5.98,14.76,84,51,-24,145,3,-10.87,98,68,138,-28,136,-16,44.48,-3,63.64,83,-11.81,105,113
145,102,-43,-45,19.04,36,-5.84,33.62,-1.4,59,31,67.14,47,106,49,-20,126,-13,45,4,-8.64,39,54.05,1.6,33,50.05,21.85,72,23.04,97,-27,-31,118,65.77,14,54.05,12,44,146,7
38.45,102,86,108,37.97,38.04,-33,38.43,125,-7.66,86,30.23,37.92,30,5,100,19.73,-42,49.5,93,135,-6,112,34.25,-18.49,134,63,26.09,22.06,6,-25,-49,42,5.12,69.95,49.01,114,-1,124,31.35
149,34,-35,74,88,58,101,66.3,62,148,-7.96,119,-10,116,58,46.12,14.16,6.83,36.42,74,36.93,7,39,-19,49,24.23,69,25.05,81,103,36.42,11,51.11,-18.44,-24,96,-20.01,73,16.95,34
-26,39.54,55.82,111,74.83,30,87,39.87,-45,14.33,47,70,42.07,25.13,147,87,-15,134,2,71.82,-23.85,37,140,-42,58,3.52,7.32,-8,110,-0.97,71.45,-46,65.08,51.08,-32,78,-6.1,11,19,-3
12.77,-17.95,22.83,20,33.76,1.12,-5.27,-9,-42,74.3,59.1,67,58,-10.83,66.14,-5.31,100,44,33,-27,48.24,1.86,44,45,39.48,-8.09,-4,28.31,0,-38,21,-3,97,42,-5,-41,78,33,30.03,-8
-39,55.43,56,14.19,94,27.36,15.46,64,73,5,21,40,50,-23,47,60.13,66.4,145,39,57,20.27,13.65,60.17,11.57,34.08,65,11,8.68,72.28,32.11,81,67.36,26.8,-40,-40,108,11.62,145,13.07,32
36.31,-22,19.52,28.41,137,-17.89,37.83,118,16,-24.09,44,27.26,21.57,46.14,133,113,-11.46,9.04,37.97,-17,-1.54,16.12,68.85,-38,70.01,51.56,-29,132,14,56,77,127,-14.13,55,-21.97,101,4.59,-5.89,19,7.74
22.24,-16.67,97,26.48,27.23,51,56,112,6.64,-10.44,41.27,21,50,133,131,76,13.43,-15.51,137,47.35,-11,-39,67,7.21,56.88,117,143,22.29,-13.21,75,47,11.86,3.03,81,-38,14,-39,57.34,93,115
52.77,45.68,49,-50,-40,109,60.56,74.72,67.04,13.67,33,41,18,13,64,81,65,124,82,26.09,-21,-8.63,49,-49,64.44,98,101,78,60.51,74,49.46,-37,49,-13.57,19.64,34,55,54.95,62,-33
18.82,135,-10.83,28,39,56,-32,143,-11,41.54,74.35,32,57.2,69.64,16.96,95,8.84,121,-4,-49,-9,-8.18,94,84,26,85,37,-41,49.92,0.63,132,120,140,-5.25,37,-19.81,80,-18.19,-24,-10.88
80,27,144,-36,-1.72,24.13,-44,122,98,18.95,4.93,24.95,23,46,46,24.54,53.16,-9.53,-19,-27,61.84,-18,44,-16,46.82,41,41.05,91,-31,0,-18.44,35.64,84,97,37.21,54.99,47,138,-1.83,44
61,59.6,10,68,-40,-30,14,49,-11.36,7,5.07,34.39,17,57,-22.03,25,34,-31,5,72,-2,-25,25,41,-37,61.05,-11.67,-47,2.57,-19,22.78,45.56,-8,-33,55,68,3,61.79,35.75,49
70.96,46,85,134,-5.72,0,57.37,-13,12,103,132,78,71.2,-37,-5.66,60.71,87,-44,73.65,-47,139,-13,-39,104,54.97,23,93,42.48,133,20,63.7,-2,30.93,106,-3,116,9,4,59,90
14,-13,67,60,-11,44,64.52,11,-29,47.43,61,121,124,90,22.09,-45,-6.53,-8.56,-14.42,44.58,63.93,-11.75,74.4,53.16,-1.47,101,-11,53,-26,64.18,-6,15.24,11.89,-28,52.16,23.88,-21.49,24,61.26,-11
24.64,124,41,48,74.68,-3.36,110,-20,0.86,81,126,12.29,43,-2.68,89,21,-49,16.09,6.78,45.67,10.02,26.09,119,142,48,26.7,76,-10,67.97,108,10.09,6.4,22.65,-8.8,30.9,62.84,45.45,-10.82,-49,13
9.28,66,57.02,10.42,39.17,-4.28,-12,107,32,28,-42,118,134,51,-24.26,48.39,-8.46,53,-11.35,73,-16,71.15,-23,63.34,74.89,8.28,22.85,147,73.28,56,99,91,140,-22.77,-17.38,21.11,55.15,55,79,109
-36,35.02,10.3,26,40.79,-23.11,-8,73.9,54.89,57.99,126,90,-2.11,2,-2,86,7.61,6.48,-47,142,145,55.79,3.79,-4.67,25,0.12,5.64,90,38.47,-3.22,-18,-31,97,22,62,32,-9,117,-32,30
-16,99,24,31,74.08,54.14,40.66,74.31,123,-21,55.32,23,-37,-1.87,61,120,-6.9,5.55,0,106,43.34,53,-36,62,66,81,139,146,102,122,32,18,24.06,29,-10.01,62.14,65.34,36.52,148,71.32
9.76,50.77,17.63,-3.45,118,11,35,46.66,140,66.23,22.36,30,68.97,-5,37.5,77,71,52,67.72,103,-35,-13.93,126,42,62,48,22,-1.86,-20.81,27.72,86,46,43,49.04,73,-46,4,-20,-0.86,-44
-33,53.89,127,27.81,138,-33,75,90,17,7,-23,-6,70,60,22.72,36,12,5,11.76,149,93,61.15,-11.67,67.96,83,-28,47.8,59.56,74,123,104,-12.03,148,126,54,42,60.61,90,137,103
-17,142,52,87,144,41,35,21,60.41,0,30.11,6,32.51,31,63.25,0,-8,-5,15.17,112,-46,105,124,26.79,149,22.01,-3.84,11.41,9,-23.46,16.04,113,102,4,43.09,132,-3.56,52.87,108,114
144,-2,88,121,66,-9,0.87,0.95,23,1.04,59,-39,91,139,28.4,24.64,50.84,73.58,-3,69,-41,71.63,96,124,-16,97,53,146,30,70.13,131,-1,108,122,35,-13,59.36,-28,10.78,35
15,43.06,97,122,-33,116,-18,107,73,111,-17,41,-24.18,-7,133,58.93,-35,124,51.89,121,112,28.32,113,48,2.47,53.07,0.83,42.85,65,-34,125,139,8.77,-17.38,52.92,29,112,55.32,124,110
91,-11,72.25,8,45.94,118,63.69,73.78,63,121,143,29,98,101,19.69,-18,37,-40,27.91,82,-21,51,-15.27,147,32,138,10.02,99,-29,112,-17,144,26,55.98,16.64,99,123,102,7.44,-6.89
57.82,39.6,54.5,25,3,67.38,136,-32,106,34.34,100,-7,12.44,106,59.3,-44,115,-48,17.52,21.91,65,24,78,129,9.78,39.79,72.81,1.2,85,41,-1.27,83,49.46,63,78,38,-47,-10,105,43
36.02,99,-45,9,-1.94,22.47,29.02,68.9,-7.37,-9.07,71,32,138,-15,51.23,59.09,71.57,-2,42.91,-6.18,4,122,9.44,8.58,-19,68.28,-4.05,-16,7.72,3.25,-3,-33,70.52,134,41.88,14.59,46.76,126,3.62,47
-12.45,83,96,56.78,139,22,137,147,36,80,55,58.48,4,-19.35,14.8,56.08,98,-2.16,114,36.96,29.48,-15.67,116,21,19.24,-21.11,1.48,68.53,59,66,20,42,-15,-9.85,66.83,117,1,90,20.23,49.85
65.94,47,10,17,25,34.74,30,69,114,140,59,139,41,-11,42,-22.12,59.94,-45,4.36,5,62,-33,2.24,20.64,17.14,30.94,68,23.19,148,11.38,118,113,15,88,93,10,64,14,29.56,-20.81
16,-45,147,-10.63,9.81,50.34,47.01,149,83,-2.9,64,35.46,-21,-37,-23,41.42,-5.18,129,17.44,37.62,24,112,112,98,-20.71,71,9,44.5,135,123,36,83,71.63,-4,56.8,60.44,-49,60,105,63
-8,9,28,-32,131,78,-24.07,12.22,70.52,70.05,21,-23.71,-41,70.54,11,123,67.24,12.78,60.31,61,-24.57,-46,15.55,-14,5,115,77,109,92,20,126,-17,30.19,32,135,97,23.1,68.42,27,-14.77
131,15.29,26,24.36,9,66.6,29.7,-33,-36,-1.94,6,93,105,96,7.07,10,15.12,-15.28,118,-6,26,23,-14,42,-23.08,69.31,-14,44,113,68,85,-17,66.52,-13,31.57,85,-2,66.49,28,112
-19.22,8.94,124,-10.79,48,55,138,-3,8,41.05,86,42.72,3.47,40,-25,67.19,12,-37,77,24.8,-0.31,5,12.73,37.04,100,61.58,1.33,55.74,56,100,89,-21,120,63,63.17,16,-5.08,69.04,19,38.41
-7.49,-49,32.14,44,35,90,97,130,65,27.44,6,114,46,35,119,84,-2.5,-17,8.88,-6.87,-39,145,20.66,-15,81,-13,59.68,16,-11.77,-24,26.92,-10,-3,25,127,18.12,-9.61,122,2.12,37
-12.87,104,55.27,-40,64,73.6,97,27.39,14.23,-0.24,42.68,-2.84,-21,-5.59,-23,28.63,149,97,-45,85,-3,69.09,-10,74.79,-46,69.11,-29,-6.34,55,100,86,25.33,96,68.79,0,-36,16.05,18,-12.02,-5
-9.63,-35,-9,-2,-12.87,3.59,73.31,28,50.29,73,18,147,-3.95,-7.29,15.56,91,116,62.2,-49,-20.77,59.94,73.79,-22.25,50,16.64,53,86,-39,47,27,49,77,-7,-24.6,35.63,63.67,-27,-45,36,54.02
27.52,-9.21,9.18,78,21,98,133,-4,-5,26.13,-32,136,-15.68,75,-35,50.61,-1,-3.08,125,68,14.09,108,-46,64,41.44,59,-33,-23.35,-40,67,9,-22.47,35,15,60.67,-21.83,72.7,-15.36,62,23
0.37,138,92,-5,-27,146,36,-15.19,-10.29,11.47,-28,84,66,15.52,126,70,42.14,105,11,-13,10.43,16,8.01,17,85,73,24.3,56.36,18.42,47.03,134,66.74,142,64.43,-14,57,88,33.53,-2,107
14,35,121,-23.17,112,11.56,47,35,120,53.39,-46,121,59.84,23.71,127,71,32.78,45,0.75,36,-49,4,130,34.55,46,38,74.48,24.1,37.41,74,-39,40.76,11,-21.48,35.94,99,142,130,-15,-25
15,60,-43,-17,-46,143,92,23,60.44,-3.02,9,67.8,73.8,10.57,-27,73,-15.08,51,59,8.59,27.45,131,130,-2.93,86,-50,71.08,32.69,74,2,-6.99,-3.53,25,104,52.65,-47,65.36,-6.99,-32,115
-25,-26,26,141,-1.42,36.32,-13,-12,0.16,-25,76,123,53.39,121,13,1.17,12,-12,66,-21.91,8,-25,-12.3,64,-13.51,-12,20.44,39.76,40.94,90,52.29,11,-10.02,32.86,111,127,2.05,-8,0,32
64.51,72,41.51,-27,59,-7.65,39,16.55,109,22,-8,-16.1,2,56.89,-32,-13,31.96,35.18,59.11,97,140,-20,-9.24,-50,-8,17.29,43.19,86,-10.11,20.69,8.95,63,-29,-6,62,34,73,-37,30.57,-16.39
55.37,86,-28,-46,77,-26,6,-50,20,37,31,1,28,-6,22,23.85,-16.03,33.65,-19,38,20.9,-10.65,-10,48,101,-24,85,-24,1,72.45,12.54,-12.97,-9.27,-1.56,65.96,48.07,-17.2,92,-21,74
20.53,-8,33,11.84,52,7.04,59.64,35,13.6,74,109,-16,-6.32,137,64,-19.95,24.36,-13.17,-11.05,21.26,110,2.47,90,-12,147,68.03,91,13.53,-17,-44,64.96,16.3,-50,27.74,49,49.59,147,-10,17,-37
-19.59,86,43.67,17,128,48,76,14,55.87,64.42,9.24,27.81,31.16,77,53.83,85,15,26.07,71.61,-9,51.17,112,47,-23,125,21.91,6.79,19.44,-6,51.65,-28,44,96,64.2,-21,51,28.86,82,10,55
-49,-44,52,-1.05,-13.07,115,22,8,-32,54,-22.73,3.58,27,-4,-7,142,-7.5,36.89,65.42,136,36,8,145,106,65,38.21,1.47,30.75,38,65.8,-22.53,68.95,7.85,6.17,0,-41,7,20,101,91
-31,-16.99,55,56.63,93,22.05,-37,101,-27,-35,70.67,-26,46.34,27,-10,23,72,54.59,126,35.22,-33,140,-17.87,10.45,14.99,73,138,38.7,-18,54,105,-9,-2.97,71.47,56.03,30.33,134,24.29,16,-6.48
39.89,115,-3,19.22,18,7,-8,34.8,36.8,-3,16,-19,-8,-37,22,63.57,37,134,72,77,49,108,73,26.73,35.95,-23,-15,-11.42,9,10,42.14,46.58,29.16,-0.17,44.47,47,40,-17.31,58,148
-15,10,2.41,15,47.45,4,47.05,93,27,-22.98,68.22,47,-11,47,5.27,84,139,35,21,9.36,-21,-50,100,-10.95,72,92,103,-13,141,58.81,43.62,-43,97,48,67,68.02,53,6,109,-39
-48,-1.67,31,15.77,-11.26,65,113,-38,-3,78,63,-5,132,-4.21,121,-43,-24,-16.82,-27,36,34.71,53,54.61,21.65,-18,14.34,22.66,33,-20.85,42,33,36,23.7,-10.16,7,73.04,37.9,11.26,143,88
28.69,45.93,53.51,39,66.42,55,51.07,13,-4.27,-24.24,-15,66.64,15,52.75,9.06,1.45,84,55.7,-18,-12.14,113,17,57.67,39,-15.4,-25,89,30,132,100,4,25.23,64,22.43,94,37.88,40,-16.6,134,70.81
89,65.06,48.33,61.2,13.9,-46,-20.93,-16,112,33.37,-7,69,16,95,84,107,52,41.52,-11.62,32,51.49,-2,116,7.89,8,13,-39,31.01,91,90,-19.09,13,-32,2,31.25,58.3,71,65.02,-21,79
31.03,61.26,19,64,-21,60,-0.45,118,148,7,76,4,11.05,-40,32.82,47,43,73,49.11,133,-50,38.39,-24,6,41,43,-25,-0.49,38.37,20.97,72,43.47,17,38,16,-23.18,144,9,28.21,111
116,66,102,32.01,31.19,30.56,46,66.86,131,96,27,1,27.18,103,111,-14.81,93,16.62,66,52.79,135,30,116,2.98,68,-46,71.33,126,65,147,7.33,61,-10.92,50.14,46.15,2,18,143,3.56,-19
123,-16.13,-7.1,100,53,32.53,28,124,84,-50,-12,74.19,-9.6,61.66,9.59,-3,50,105,46,-2.01,26.41,26.67,90,33.6,36.68,-8,16.6,72.69,-20,87,123,111,-8.49,51.47,81,33.06,-5,-13.98,42.39,83
46,44,42,25,87,59.01,60,39.15,137,118,33,60,80,-14.16,49,61.83,40,-7.71,62,14,1,107,36,75,85,26,-23.16,-14,-19,5.86,-0.03,34.05,44,-17,140,52.72,147,37.89,-18.61,8.34
-30,-47,73.89,71.31,59,38.86,-15,40.64,9,12.29,11,30,68.76,-36,117,119,145,2,-3,-40,65.96,57,8,142,32,-1.38,43.09,44.24,91,-9.4,46,-3,0.39,-9,17.43,70,-45,11.08,1,2.45
10.79,-18,-9.26,113,120,66.47,6.23,148,63.63,-28,49,-23.72,11.35,127,-21,55,-11,52,69.04,-13,-44,61.03,-19.06,-20,-31,-7.63,61.34,44.15,12,104,6,-38,80,145,-6.27,36.5,103,36.26,29,148
48.3,35.63,38.62,76,-37,-3,-26,73,78,66,3.55,76,14.58,33.63,36,91,-46,19.42,98,-23.76,43,34,-8.01,100,91,66,-2.22,-17,38.19,13,8.58,36.52,12.64,39.27,127,149,0.94,28.97,119,147
33.28,-3,73,48,123,-47,139,0,78,57.32,-2.55,-16,129,4.96,123,-30,-46,41.92,29.14,9,64,72,116,-1.42,30.57,118,89,46,104,35.3,64.51,66.36,-4,3.39,-43,39.88,-22,-2,63.28,40
-18.48,53.95,106,-6.22,40.21,52,32.06,121,-20,38,58,71.58,4.18,74.85,140,26,0.63,106,-32,-18,-49,49,70,82,23.8,77,-21.93,70.83,67.8,144,-0.87,5,63,53.99,57.72,-13.21,19.05,72,44.68,-6.78
-16.16,10.94,-12.58,-19.51,47.57,39,-24.07,-27,136,-44,131,89,-40,24.28,55,73,-10,22.43,51,4,67,55,59.48,-6.33,9,22,16.23,112,-10,39.59,-19.73,74.76,1.19,48.31,92,79,-4.33,6.92,136,89
-6,36.49,22.96,-6.72,110,-14,13.34,132,112,125,65.74,62.63,-43,15.39,-15,74.89,93,117,26,102,72.38,-36,73,146,-47,-9,130,42.56,0.58,122,127,-23,-5,15,112,15,-28,3.7,26,118
59.79,-35,-22.85,55,66.19,82,91,35,141,1,19,58,139,-11.86,52.23,24,31.03,70,29.36,-10,-6.07,-22.15,81,69,76,2.49,-22,6,20.2,55.58,-20.04,99,-50,65.6,-49,106,121,121,10,-45
54.25,81,31,-14,76,11.21,-16.55,144,2.31,50.93,-24.46,-21.18,51,-11.48,-12,47.76,1,52.22,9,33,86,42.02,-46,49.88,38.23,110,72.64,-36,-46,1,-31,33.82,-24.96,-20.28,-11.06,15,23,-22.49,65,5.8
89,112,103,9,83,3,120,-27,145,-22,14,98,134,24.2,110,-8,-23.47,50,74,-24.35,27,122,53,112,15.74,13.92,26,62.14,-19.21,42,139,-40,104,25.84,133,62.75,58,72,62.67,-18
-27,-39,35.33,-7,-49,49,-20.08,29.16,146,-33,12.62,51,12,146,128,127,87,13,73.15,18.4,69.81,86,9,141,-25,92,84,36.25,41,-1,91,13.96,11,6,62,108,16.36,105,47.88,48.71
98,3,-26,108,109,76,-21.11,60.07,39,98,-17.49,66.11,-36,63.53,-12.99,101,53,138,136,121,-6.53,53.94,-18,-7.09,121,-9.22,39.07,-15,62.26,32.7,-6.69,61.5,45,51.3,42.11,109,56,30,33.94,144
102,53,-39,-14.74,122,-9.3,122,-19,34.65,63.79,1.07,149,-2.24,-9.7,17.99,60,99,107,-9,-22.49,57.42,-3,145,147,-22.34,-37,-11.36,12,-16,32.77,60.21,4.39,33.25,147,51,59,-1.19,-45,80,41.13
11,73.04,112,-19.74,0,33.9,63.36,67.51,82,43,8,70.4,64.39,15.82,146,39.62,-5.06,-46,127,-21.35,69,82,19,31.36,-12,124,118,-48,26,31,10,60.09,73,140,-38,-1.29,13.02,34.1,86,129
50.28,-37,135,-18.84,28.52,14,-8,-16.81,69.49,19,-45,16.22,19.85,42.57,84,40,-13,112,-12.38,81,144,73.7,-28,-39,-17.83,-19.6,21.06,50.58,54.64,-31,144,22.13,-8,140,-14.26,-14.7,-13.96,16,137,30.61
9,44.71,-21,56.46,-14,61.82,43.44,8.84,15,-23.88,90,2.68,148,128,25,-26,57.21,-4,38.74,145,-17,18,28,33,109,-2.07,-23.46,51,0.4,-25,8.66,13.05,12,10,135,19.81,94,9,-17.51,129
33,-14.44,53.92,61,118,26.44,35.95,53.73,46.32,44,58.87,68.81,21.74,78,4,90,18.81,-17,-15.19,110,54.27,106,133,10,72,40,12.01,-38,14.49,19.65,-21,65.1,-19.64,24,26.98,6,-13,-38,49.16,-30
46.8,-0.49,-35,138,-36,68,-21.89,31.05,57.8,19,-8,-45,35.75,8.84,32.06,17,-8,10,28.59,79,26,148,64,135,-9.39,-12.33,-44,12.91,30,68,47,72,21.08,-0.48,33.16,-30,0.25,81,27,55
88,149,128,71.04,48.53,61.51,60.97,47.34,16,27.54,2.26,26.63,27.84,116,56.11,63,15.68,59.24,27.15,-43,-44,100,35.23,41.99,-21.68,-46,-33,-42,58,-5.51,31.33,148,49.43,41.68,10.06,22,-11.8,10.31,53,126
38.44,-7.07,84,41.94,16,-2,18,58.74,9.4,-12,83,55,-24,62,56.95,50,65.61,26.54,72,61.08,18.61,-31,-3.59,93,-18,-7.94,48.71,61.39,8.35,-26,17.05,-24.83,98,1,115,104,96,90,24.18,-29
25,-42,85,9,56,-6.82,-11,96,62,113,85,9.52,141,-37,121,24.56,1.64,-40,45,56,94,34.62,62,-7,37.27,50.52,21,53.34,34.74,53,142,11.02,58,-7,10,103,94,134,52.12,68.69
10,76,62.88,-16,-17,-2.18,-9.35,94,36,-40,-37,38,117,145,44.05,24.89,-2.1,82,-18,8.42,37.01,128,70,34.11,47.08,30.02,118,136,-21.34,-50,69,28,38.74,21.05,64.38,73,137,50,141,-36
-14,-32,51.94,-17.37,-16.09,2,13.14,47.69,-15,70,43,-24.87,25,-15,58,66.84,73.34,-6.84,48.78,130,59.82,67,52,66.52,58.71,57.84,47,71.91,-22,-17.24,25.4,124,0.97,36,63.39,-31,-48,28,31.52,106
10.72,-32,114,65,27.3,-2,21,-2.01,13.65,41.6,47,80,-8.55,-18.26,59.84,88,17.12,15.62,-6,60,-39,-5,72,83,35.79,-22.89,-19.13,-43,134,-5,56.57,62.47,22,54.2,74.02,-25,33,60.83,36.87,5.04
125,41,129,44.65,138,-22.96,100,34.28,40.87,117,-24.77,12.48,25.57,39.1,11.3,110,-2,2.21,-21,113,59.68,135,142,27.26,10.04,142,87,108,34.25,33.55,62,36.02,27.91,96,19,58.59,15,114,-15,114
-38,-11.79,69.92,92,13.61,40,-14,-47,21.94,149,51,102,49.73,37,125,-23.43,-5.72,47.41,46,-16.74,-19,-6,25.04,144,39,123,0.98,54,67.95,-3,27,-37,-33,130,63,15,40.35,18.44,26,133
55,68.19,81,103,23,45,20.61,-20,6.67,8.62,24,22.17,144,117,14.9,4.2,-17,109,21,36.57,82,-3.16,94,-19,36.88,-10.84,-17.4,-11.93,6.02,73,109,-28,51,17.22,-22.64,77,20,9.41,18.42,-27
25,24,63,43,144,-42,79,8,-15,27,46,8,106,52,-21.51,10,-33,53,-35,96,57,-10.58,-4,29.65,44.14,32,48.22,-5,66.3,126,69,6,121,76,-14.23,-48,13.51,24,-43,60.49
115,-7,-24.3,-12,-35,-10,79,-31,-43,82,-12,27,25.07,16,-35,57.88,68.2,9,-3.81,125,59,93,55,94,101,40.95,61.67,77,-12.25,58,58,-45,15.41,58.19,37.87,-39,97,-31,7,110
31.08,-50,24,8.15,34.96,53.73,105,19.36,-22,26.14,49.66,21.94,56,2.32,-28,45.07,85,61,130,88,-6,16,48.15,71,70.66,-22,45.25,-16,63,30,61.33,-48,30.4,131,129,-2.13,19.8,-23.28,23.1,-44
52.95,22,27.94,16.48,51.91,94,-36,16.86,72.02,17.73,20.48,-12,105,73.95,-20.87,36,21.18,137,144,114,12,46.66,100,33,-1.52,119,1.96,61.48,99,32,45,21,16,28.14,115,34.91,-27,55,-28,-40
44,83,93,74.7,-18.22,13.9,103,50.53,-11.11,10,57.8,45,1.46,-12.67,73,50,87,-12.48,122,6.31,74,5,24.85,60.5,19,32,116,36.97,41.62,58.7,68,-25,26,81,-38,-13,92,23,6,50.59
28.67,39,58,109,126,145,113,101,73,19,26.51,-13,5,-15,115,37.68,58.99,-11,36.25,28.39,66.51,58,-24.15,-42,58,123,82,71.28,59,95,0.32,-3.11,126,32,-19.25,99,145,-0.45,59,-8
28.28,97,47.37,39,6.53,30.58,31.57,62.59,25,-39,-19.02,-17,4,11.71,18,45,58.59,137,73,-22.84,101,41.51,-41,69,65.76,-33,1.41,122,75,135,47.28,-9,-45,18.38,26,2.62,125,44,51.82,50
1,72.27,127,45.29,4.32,96,-13.68,123,105,60,-7,57,46,-10.3,64.81,8.56,16.16,139,48.69,-7.84,28,76,26.5,13,91,-35,80,41,-5,19.16,-15.37,68.34,-25,74,71.08,1,34.69,39,-14.74,17.53
-8.38,142,-25,5,36.67,0,45.26,-1,106,128,141,63,48.86,50,87,73,90,59.05,37,116,23.31,69.73,36.21,72.34,36.04,2,100,-27,-18,1,19,82,-44,86,73.42,135,-39,71,43.77,37
-13,-19.6,96,99,45.63,71,33.18,8.8,12.26,5.29,-26,46.05,33.87,25,3.12,148,48.7,38.52,95,-12.55,-41,-20.5,93,-20.04,-20,62.17,66.32,34,22.64,7.11,108,35.68,-13.76,102,-1,15.61,-21.66,67.97,3.46,64
1.36,44.45,85,-15,62.56,10.79,18,113,14,58.34,30,24,57,38,-12.63,71.55,-3.68,29,141,130,79,-23.54,-19,13.55,55.38,42.24,120,141,-1,63.67,47,-41,10,30.54,112,95,10.68,43,24.55,-24
63.7,18,9.81,45.66,-46,-21,98,-12,33.96,-4,-10.6,-32,-42,119,75,66.33,71,82,1.12,21,60.57,-14.69,134,-1.83,28.94,48.95,71,-23.6,-22,-32,25.25,-32,17.1,98,32.49,-47,55.93,149,14,63
45.45,-48,-6,67,108,122,-2.65,46.64,114,15.22,-34,73,81,-21.92,25,87,10.36,25.88,82,-44,57.76,96,14,-41,-21.73,74,103,-17,10.42,40,-35,-13.77,-33,42.22,-43,118,146,127,-21,-6.95
19.24,-15,-20,-6.83,56,-14.22,67.58,-3,-30,-0.4,52,125,59,-17,139,16.39,54,14,19.47,86,-10,32,35,90,-26,67.88,59.01,16.26,85,15.5,29,42.41,2.73,49.99,-39,-33,-18.91,-2,32.05,125
31.26,-9.23,-16,-19.73,-44,146,138,63.16,108,50,67,31.83,26.84,51,17,-21,-37,37,69,50.85,55.56,65,70.24,69.21,15.17,18.78,29,23,96,41.74,66,38.78,-2.66,3.29,27.23,134,28,35,34.45,70
20.21,61,80,47.1,29,95,43.54,135,-4,-5,26,-23.08,51.35,71.42,-1,21,79,148,106,-6,53.69,16.69,90,122,-14.57,-7.46,15,42.17,62.86,73.88,55,8.66,69,46.49,-26,-17.71,11,95,-40,8.2
-5.11,24.66,45,145,44,133,-7,84,44.11,148,60,-4.28,136,3,112,10.06,49,-5,71,33.08,-12.62,65,-48,61.9,45.53,128,-28,-41,34.13,13.64,35,5,9.28,65.23,69,142,23.84,-14.61,60,47
-20,29,137,-37,26,19.15,35,26,41.38,-16,42.45,6.56,-21.07,102,-6,22.85,21,35.11,-48,123,2.13,-7.37,1.04,115,110,65.2,76,125,122,127,103,32.47,50,89,-18,75,48,30,34,61.1
37,14.27,65.26,72,-0.93,9,61,109,42.49,56,44.83,-16.28,2.61,119,48,142,-30,116,30.5,3,78,-5.53,9.28,-42,33,-2.28,36,-7.94,54,5,144,-37,40.11,21.62,-20.68,29,82,38.44,23,106
68.44,87,-33,-17,143,41,100,104,122,15.62,50.97,10.98,-50,40,130,56,45.67,6,147,23,77,12,131,-18.03,29.93,131,-43,58.17,4,7,37.62,40,66,59,-15.2,-20,23.71,127,-12,14
136,47,127,-45,75,51,69.51,50.16,23.41,25.22,16,55.46,7.68,6.53,141,-43,-28,121,130,45,79,-17.17,-21,74.86,131,110,71,32,45,-15.98,14.29,24.64,120,26,116,125,9.87,20,68.04,96
32,-29,120,45.34,19.08,46.83,11.23,106,-12,45,50,70,36.32,-46,19.48,-3,123,74.13,97,19.18,25.87,142,106,-29,-23.14,-10,-14.83,-17,71.39,19.46,149,85,138,33.72,79,78,7.27,14,43,40
64.69,61,100,16,12.87,21,5.64,2.49,-19,98,52,-50,-43,-26,143,23.22,40,-29,15.36,41.73,145,55,40.1,103,42,5,84,51,30,6.05,12.63,-17,100,-8,39.76,8.74,-6,31,37.95,57.57
37.97,16,114,82,78,79,32.99,21,15.69,25.63,82,121,125,60,42.07,126,64,7.52,95,57,108,42,26.13,76,-31,-3.64,42.68,111,41,59.81,71.64,107,148,68,88,134,29.3,125,80,2.82
134,73.57,-29,40,18.95,149,99,-44,141,44.8,68,-23,-12.89,149,102,10.59,6.56,-4,17,-39,110,104,67.01,-21,130,69.98,-19.99,24,58.09,6,-32,51.28,79,-15,-20.72,-14,0.23,78,127,138
110,60.1,45,43.76,-14.94,27,-17.06,-17,29.61,109,9.48,-10,46,16.74,1.7,-8,111,-1.42,35.84,11,103,7,-2,-5,71.11,-10.13,-34,-45,89,17,72.87,144,51,69,52.65,10,43.33,-39,73.25,53.8
60.09,92,41.79,36.8,147,106,-7.15,104,-19.74,-8,97,-23,72.36,-50,69.7,-20.22,4.02,73,61,5.27,116,28.4,67.4,42.6,6,-7.23,14.11,51.02,-22.9,106,66,-20.23,32.95,56.26,109,-24.78,24,43.18,84,95
32.12,9.37,69.24,-47,45,-28,72,123,72,-18.32,46,8,73,28,117,42,112,146,22.92,16,50.79,46,56,32.54,-41,32,135,129,-49,-18.29,-24,-1.25,70.31,125,-48,-24,61.4,-17.05,53,-16.86
20,30,124,-22,128,53.95,46.26,74,143,143,35.29,61.4,44,34,38,38,6,91,-42,30,-19.5,107,-32,-39,142,131,135,-11.88,11.55,52.94,79,-21.17,-34,103,-29,-12.51,-24,55.98,69.86,7
-49,62,-40,-18.48,66.85,59.73,46,-6,39,97,149,64,59,-9.16,-29,61.12,46,36,5.35,21.8,-24,16,22,-50,21.86,51.69,77,-14,18.39,139,55,37,85,61,73.71,26.22,-45,-8,42.8,123
6,49.83,58.66,-18.95,35,74,53.97,6,-4.52,-37,102,4.48,30.98,36.56,-32,46.11,99,84,61,81,1,27,66.64,-19.66,25.93,69.56,56.44,22.35,-14.8,77,6.32,-18.87,-19.66,25,-24.73,-6.99,10,55.67,-46,1
-30,102,84,68,69,64,14,60.31,-34,7.24,132,119,-17,142,13.58,128,12,-17,-10.81,-22.08,27,77,70.66,-11.82,47.29,38.55,14,34,3,-45,95,-4,21,-24,90,-19.36,56,127,53,7.39
52.32,59.3,-13,36.84,126,115,113,-4,119,87,-12,74,7.94,142,110,26.21,52,101,7.33,49.78,85,-10.72,99,-41,58.09,72.5,54.74,-19.78,142,-11.13,-35,20.32,-27,14,24,72.46,71.49,-11.05,62,-16.9
23.42,3,70,-23.07,-34,37.72,12.64,46.13,59.58,35.8,-33,42.51,93,94,-7.82,73.27,26,35.47,2.62,147,-48,-28,22,-14.6,26,-34,-32,-1.87,6.49,41.14,58,43.28,-18,-49,-2,-46,47.67,25,67.31,103
48,130,93,84,-9.52,31,141,-7.14,24,97,-34,143,123,55.87,39.37,113,-21.03,53.14,-13.34,1.77,-11.5,74.99,36,-8.41,71.14,30,-48,124,-23,-14.1,131,63,3.43,-15.65,19,-4.48,66.76,51.63,25,54.78
80,86,47.48,139,52.96,50.63,19.56,-14.43,-32,-4.29,5,89,-37,71.97,-8,71.96,72,120,-2,-12.31,4.41,8.29,143,8,145,71,135,62.61,90,91,51,51,140,-32,135,51.21,2.31,-48,149,-5
27.54,114,33,20.35,10,142,69,-14,13.75,-8.35,44.09,-19,-5.9,30.72,45.02,26.98,3,1.07,107,-8.12,19.51,110,-42,7,19,148,-15,-2,26.64,-48,60.83,90,-4.58,57.24,68.02,85,29.39,32,52.3,89
29.79,34.82,-4.91,90,-17,18,-17.93,6.18,93,11.49,7,-31,62,109,60,94,68,116,49,95,-14,-17.06,132,59,64.39,92,8.13,50.56,17.18,14,-22.79,48,16,-12,-22.11,72.27,105,61,58,87
-14.45,21.1,18.93,65,24.75,96,17,99,-1,-3.16,20.29,-14.55,70.41,30.39,-12.53,142,20.41,57.88,89,86,35.03,84,53,62,-2.15,-23.08,59.28,-37,2.82,47.24,145,-41,41.82,45.04,20,37,-36,101,35,82
-28,27,65,55,24,42,0.21,73.58,22.13,-8.08,53,60,122,108,30,-3,-27,-34,-16,37.01,0,102,40.36,-40,-11.58,-47,-40,129,67,9.95,18.99,131,42.1,-27,67.73,148,58.3,10,-14,10.8
53.37,61.07,-39,4.67,88,116,129,1,147,104,140,-18,-21.05,69,56,-4.29,28.88,2.39,41.53,54.24,99,126,72.93,132,93,-14,-36,70.19,69,28.78,130,106,57.97,37,101,74,-13,3,43,120
63,74.63,85,69.68,-22.05,128,59,147,65,45.6,144,31.55,-14,16,26.7,15.99,8.26,132,46.1,40.13,3,109,20.98,37,72,1.43,41.01,4.41,114,70.36,57.89,-37,22.66,70,-0.48,140,26.74,94,109,46
-2.8,54,91,130,146,-0.35,-21,6,55,-47,22,50,-2.43,-6,62,-47,-11,-16.85,140,2.83,-21,22.85,-17,145,2.4,59.63,92,23.5,142,-45,34.07,27.25,61,-30,56,143,141,69.86,47.41,-2.91
124,18.75,46,61,48.44,134,15,58,-44,64.62,17.99,147,73.28,88,-50,-1.32,-19.46,68,-45,21.12,-7.59,106,94,122,-3.71,93,10.61,1,-1.8,74,122,117,5.06,123,6,84,56,134,4.61,136
97,31.51,71.31,40.18,51.21,62.3,55,92,2.1,94,-20.98,-46,63,-17.07,-39,66.64,18.06,46.95,-13.96,-2,3.35,-15.42,122,2,11.11,-13,10,71.59,-9,74,27.13,120,42.38,0.29,53.17,78,79,73.09,30.69,60
1,74,-18.28,-15,54,59.29,41,27.36,-35,-19,100,-14.77,84,-24.95,67.97,37,-3,54.25,135,18,15.83,145,-29,9,-4.15,63.54,121,-16,98,-27,-4.8,26.59,54,-11,68.77,48,128,45.75,56.75,22
116,33.98,146,129,-3.53,18.86,60,69,-50,47,57.07,-20.27,19.03,-27,-18,-1,-15.38,38.35,87,145,40,-33,55,-17,64,-17.1,40.31,-16.26,-38,36.03,-24,57,-1,-42,139,44.81,-9.3,22.66,61.61,108
81,34.98,25.54,43,-10,8.79,54.21,41.04,101,32.01,113,140,-7.9,-13,-15,61.1,86,-17,-6.31,67,15.61,-12,81,52.52,8.5,-23.84,30,71.92,-7.34,88,140,129,127,79,44,69.79,28,4.78,142,95
78,28,36,42.26,89,29,53.49,10.06,142,-37,140,52.3,-12,-19.86,22,24,30.96,53,55,138,38,15.61,57,65.42,73,95,111,24,-19.25,83,140,48.34,43,9.89,-19.15,-39,25,-16.29,135,120
64,126,70.95,74,53.95,63.07,-41,-36,36,-18,3.48,49.53,-6,14,102,-34,138,0.68,-50,12.79,63,-20.33,88,-24,-48,17.41,9,-37,-2.72,-39,149,43.58,10.01,37,-13.05,28.56,36,-4.67,115,51
30.77,8.27,0,35.54,87,-17.98,61,79,-27,-7.81,20.35,5.64,-20.59,30,5,66.89,1,84,-11.42,30.14,49,31.77,69,7,57.17,96,31,24,79,70.97,-44,31,-13.74,6.09,77,44.9,87,-22.69,4,17.25
72.18,19.02,55.96,66,18.68,-21,64,-9.75,51,105,-15,-24.74,-22,-19.85,26.49,-4,19.66,116,144,132,13.78,66,143,108,35,-34,-5,135,94,-5,-20,137,31.29,53,-12.16,31.49,42.71,-20.86,71.08,123
130,46.28,120,-41,18.2,88,92,12,23.5,48,32.29,84,60.57,58.82,54.04,-2,126,-3,23.36,50.64,5.06,35.04,12,6.65,46.98,85,103,79,10,125,-10.63,-44,-1.8,89,-18.48,101,17.8,22,38.85,3
126,-13,-7,128,-10.97,111,-15.94,-16.7,62,67.05,75,34.6,99,29.2,15.76,-12.01,-2,3.37,4,15,132,75,68.92,94,-18,61.23,52.72,0.93,-10.24,4,46.21,79,62,57,-4,54.63,147,103,146,31.38
48.36,53,14.36,41,97,-1.26,3.58,-7,21.05,70,19,44,-29,121,31.57,30,-32,145,-18,77,84,53,-2.66,144,-18.11,84,57.53,29,22.49,13,41,116,102,42,51.25,48.97,48.69,63,36.39,110
118,23.4,112,-37,-26,130,22.87,56.26,-35,66,2.82,-2,33,28.77,-1,2,-5.29,66,1.25,6,93,95,43.41,115,63.67,47,10.73,140,47.15,145,3.57,53,53,116,10.37,-21.69,12,120,-10.53,9.98
10.44,49,97,49.69,-47,30.37,79,22,18,62.58,-31,122,11.25,97,92,58.1,145,21,2,35.88,71,7.29,83,39,122,-20,53,132,26,55.9,-23,-44,11,64.76,4,133,-0.03,38.63,54.39,88
70,32.21,14.7,59.33,8.23,37,35,36.24,95,77,74,62,71.84,84,28,-16.38,-21,46.09,27.83,-13,14.35,33,50.93,66,-3.2,60,-8.6,104,80,14,-32,70.88,105,7,65,-9,5,41.14,61.1,-23.29
13.96,140,145,30.03,-36,49,-17.66,-6.88,67,-11.17,46.89,63.42,80,-17.11,-2.3,134,44.76,-10.42,128,-4.64,128,134,140,24,87,38,81,7,-12,52.44,-11,66.25,126,115,45,-37,7.2,-14,65.85,-33
73,48.35,121,44.68,13,53,86,122,119,-44,-3.41,-10.58,28,25.37,-48,20,109,82,107,-15.27,-6,112,16.6,9.01,90,3.28,45.84,36,-22.08,62.77,44.17,-20,129,-3.24,-16.2,-7.52,1.33,42.77,-10.69,8.03
42,143,-17.86,63.3,30,107,5,65.98,7.34,49.23,-9,5.94,96,-5,31.24,-27,58.83,32,9,112,-4.13,19,-17.79,-24.96,-16.58,23,67.81,-29,42,25.17,25.07,-33,57.57,15.14,-4.05,78,19,-9,29,37
68,-3.85,11,-24,-40,12.47,22.87,-14,51.42,16,39,12.48,96,-6.91,71,25,14,81,68.33,30.04,46.67,31.04,131,69.15,-16.65,58,136,95,-19,-39,60,56.46,-37,-13.97,-28,-41,71.38,34,115,39.24
46,3,50,-42,16,-12.45,14,-36,14,101,144,18,26,-4.27,-14.89,26,7,-25,140,-12,133,-28,-1.81,136,7,98,61.01,-12.03,22.14,-24.24,-12.21,-11,66.71,-38,-35,130,22,62,20.06,-0.66
12.06,-18.04,27.99,15,139,47.27,132,73.85,51,-6.41,69,29,58.11,-18.56,40,-16.38,-1.05,-48,-2,33.68,137,-7.57,133,91,-39,-28,-24.02,145,124,46.24,-9.7,-1,80,-15.7,137,66,9,26.5,18,-1.81
11.52,113,146,62.79,40.91,24,109,69,103,102,46.23,70,51.26,31,47.38,5.62,128,72,27.28,14.22,-5.06,91,27.3,73.52,-44,-6,58.73,61,64.54,57,40.6,91,138,103,4,-14.28,1,67,142,-20.79
72.01,68.21,11.46,39,119,-9.21,-16.32,11,5,39,5.76,37.26,-29,-4,95,16.29,-9.72,29,17.46,30.21,102,147,21,4,-4.01,139,141,-39,-21.19,9.18,-41,128,131,5,136,4.97,39.15,128,48,-32
53,126,-14.4,34.34,-11,141,-31,38,51,140,118,34.39,62.54,9.93,134,135,12,81,-23.14,17,43,80,114,86,-6,53,45.7,-4,-5.9,13,107,-4.48,15,-4.43,72,120,36,8,-7,62
24.72,111,47.86,61,13,21,35.09,147,32.32,23.04,-6,34.18,76,83,28.7,123,21.68,4.24,67,106,-46,132,84,33.91,51.76,15,-17,-2.83,-37,-19.87,10,16.2,65.82,11,61.81,-8.62,65.44,35.98,-24.68,135
71.74,61.37,75,45.8,79,30,73,27.3,85,-4.96,34.83,-18,101,-27,-8,-18,6.72,-15.32,39,9,47,28,136,40.98,4.69,-4.02,70,141,22,-6,-7.85,35,4,123,117,23.27,-4.99,-25,-36,71.26
50.57,101,86,139,-37,-21,7,3,63.01,71.54,68.7,51.07,135,-46,60,-5.07,-45,61,72,58.67,31,36.69,114,-33,48,-3,-8.45,1.49,78,11.5,15,53.73,104,8.85,55.88,-13.43,-30,69,-3.05,37.78
-12,-19.63,142,108,75,5,57,-35,37.36,67.96,-11.02,-49,67.15,29.65,-17,-21.27,45.47,-38,-3,35.04,20.73,73.02,30.22,18.22,39.4,18,42.55,-5.45,103,30,-6.23,28,69.58,5.53,27.19,21,36.93,56,80,1.92
32.96,125,49.77,68.88,26,90,56.95,2,28.74,134,-42,-12,-7,66,99,72.54,0,18,67.26,78,24,141,-30,81,19.3,64.85,80,-49,-4.72,28.33,-28,21.9,20.59,5,18.99,63,-13.92,122,141,16.36
26,69,129,73,41.29,4.27,-10.89,-13,28.55,12,-7.75,112,-22.57,6,65.49,-22,25.37,135,45,62,-36,-2.94,70,15,27.75,90,1,26.08,-41,33,72,100,-43,121,114,-30,30.62,59,-10,27.09
30.14,66,-43,-28,31,73.36,8.4,34.87,38.5,-10,40,94,-11,139,54,1.47,34.59,117,72,-21.88,53.28,21,-9,137,20.02,-16.55,-12,-44,-39,-11.15,47.25,19,18.84,-47,46.11,-14.49,147,59,-12.41,14
3,28,128,27,24,145,110,109,22.97,47.44,-1.61,-21.62,49,32,98,119,-2.2,-24,31.91,17,18.68,29.28,73.41,36,-19.46,147,8,-19,10.75,70,4.19,63,-8.72,39.8,-16.6,3,-39,22,143,84
115,66,134,41.85,131,-14.52,65.94,60,16.53,79,125,59,73.72,7.94,100,73,-32,22,71,137,23.61,35,135,88,83,20,43.87,69.36,-14.27,39.68,48.81,96,-2.74,-20.88,115,126,-7,61,73.94,9.5
18,28,36.22,146,37.14,110,148,-25,48.53,18.87,147,38.1,50,34.09,56.37,45.94,43.36,84,11,84,46.99,-32,88,51.06,-14.02,51,116,64.88,75,-33,41,101,-27,148,-13.94,55,64.85,99,52.43,-22
115,2,-49,-27,96,105,9.33,30,84,113,14.98,21,88,114,126,-20,48.29,1.31,72,39.99,1.43,34,31.81,27,1.6,70.04,102,-24.66,58,26.18,136,63,2.47,103,76,120,127,129,53,16
-7.99,23.86,-31,92,42,86,66.38,126,51,11,-10,112,-40,19,69.88,-19.03,3.45,-3.86,31.94,-2,61.14,120,-27,-12,62,59.87,60.17,41,1.71,-42,110,47,-12.88,56.14,3.54,86,110,49,42,-14
58.91,80,30,35.34,68,-3,-13.59,23,44,19.63,69,-3.76,-4,48,7,66,26,21.93,47,35,40.33,10.96,34,-17,130,27.86,140,47,31.9,6.31,6.17,28,-11.65,119,54,38.76,-48,-40,27.16,108
37.48,-35,11.39,86,15.67,-41,7,96,58.82,33.45,33,73.12,91,-48,-11,-20,-30,59.49,96,13.82,102,82,49.44,28,7,61,-18,-16.88,8.1,2.56,136,43.72,61,-8.63,-21.55,37.16,105,5.43,102,42.14
38,37,-12.58,132,20.14,-1,27.31,48.21,98,108,59,74.61,67,104,57,73.26,131,53,64.46,64,83,21.94,128,57,-21,108,90,22.66,24,-22.57,41.64,67.66,75,-31,18.14,-7,36.18,52,38.88,25.4
-41,70.73,127,133,89,-4,47.15,59,14.28,42.02,51,67,-8,139,39,16.76,7.08,-33,-9.53,109,51.29,97,10.45,7,-16,121,57.86,65,-28,25,3.95,-6.01,-28,21.61,47.38,92,-18,9.75,-5,17.26
30.13,19.05,72.95,104,9.79,118,-22,-30,77,148,-16,-14.39,101,51.52,-21,0.69,6.44,35.76,-11.71,92,-41,30,-19,19.5,-50,56.42,21,12.53,-41,111,-2.68,43,54.22,72.1,20.8,58.06,33.51,47.68,1.38,14
71,60.78,20,-7,111,62,-29,135,81,113,72.07,-41,-15,31,-11,107,25,31,15.21,28.86,144,69.33,44,31.86,-46,30,21,36.87,38.98,25.11,65,61.32,11.82,-44,141,3,110,1.96,37.25,0
72,34,-6.85,8.3,14,40,63.23,12.86,58.03,32.8,49.88,33.8,145,88,-3.14,86,129,64,64.67,115,-27,-31,118,79,47,143,-0.78,105,53.04,49.99,18,-33,-34,-28,95,-5,67.25,32,-9.87,85
29.06,46,126,145,84,9,108,17,63,21.42,14,31,124,37,36.46,-10,-20,-24.24,17.3,-23,18.61,119,123,70.06,62.17,-14.33,20.5,-2,21.56,16.84,49.27,71,-38,56,-19,-49,13.3,63,-24,39
-19,63,-32,99,64,38.97,67,40.66,-5,-5,125,67.37,-10.5,14,66,121,61.25,70.74,33.64,32,47,110,73.01,20,81,38.32,118,63.07,3.08,-33,-40,-7,134,72.34,22.57,140,113,49.32,8,-22.83
100,10,-21,59.46,75,14.5,116,-39,21.22,-36,53.42,-17.66,143,63.95,38,130,137,8.73,18.31,60,63.12,8,-44,4.01,113,-3,140,31.94,-33,-2.63,25.64,58,-29,-12,64.4,-33,35.72,111,108,32
74,31,32,68,116,91,-41,-5,145,114,12,-13,50,-48,98,70,20.19,8.47,134,43,-19.75,38.96,1,66,139,-22.93,134,-8,-24.99,136,-21,65.68,-19,13.54,-40,-9.54,147,40.34,28,-24.38
110,24.01,1.75,56.39,24,-46,-40,16,49.43,-15.26,4.02,19,-45,43,-15,-45,144,118,102,-39,119,-7,90,68.31,140,8.82,-43,19,6.3,36,-25,-1.1,10.09,66.02,20,2,53.04,29,105,52
11,137,78,108,-15.47,-8.34,38.19,78,-21.18,21.16,13.52,34.33,-13,82,27.38,132,126,13.27,13,-21,-37,43.17,-31,135,50.3,-28,6.99,33,-12,-34,-40,55.74,101,-46,-19.54,-42,17,-15.49,-28,-41
107,100,15.11,-40,44.86,100,-13.1,35.15,72,-8,48.89,-8.44,-39,78,-9.92,41.81,45,3,16.45,77,33.01,-17.37,6,96,64,0.75,11,3.85,-1,23.67,5.66,139,52,57.45,-1,85,24.94,24.02,23.93,87
65.18,43,106,115,14,3.69,-22,54.86,-19,121,35.59,7,149,-1.47,-1,23,64,-20.11,16.27,30.93,125,134,13.12,138,2.7,24.1,-23,26.8,36,32,30.95,22,44.9,40.21,73,22,-26,28.56,2,45.82
57,62,50,51.33,16,2,-2.81,47.65,70,5,-38,38,121,53,85,36,93,145,37,101,68,-38,112,-14.95,63.32,-31,42,50.09,82,29.91,37,-21,-11,-23,18,-23,-25,36,68.62,71.85
12.76,39.32,17.5,46,18,146,-23.84,71,76,-20,102,70,60,-22,46,28.76,126,39.36,36.11,-20.18,94,59.58,78,90,-7,65,63,71.78,55.51,31.75,118,26.98,73,-21,129,-24,-18,103,129,45.31
55,75,41.19,-6.92,51,133,-11,51.06,22,76,29.52,-33,-0.52,138,109,-41,-39,1.29,14,57.63,37.53,11.42,102,-21,55,31.43,-4,-14.91,27.41,-0.72,14,76,47,24,77,7.07,15.99,144,-19.66,139
26,49.52,59.51,12,45,122,50,1,95,39,18.98,84,4.59,36,65,26.25,36.56,0.08,46.47,24.54,-37,59.53,20.96,142,-27,91,-2,20.68,116,96,77,-46,-44,15,139,74.72,98,58,51.71,17
59,54,59,34,8.3,118,33,63.15,33,-4.72,16.61,44.14,66.51,-1.6,-10,-45,106,-24,-26,145,74.3,108,8.79,65.84,10.7,-31,80,14.15,73.65,39.77,68.14,61.85,107,78,10.64,33,15.81,53.75,-3.23,51.92
-5.04,-7,1.81,113,-29,-7.42,33,39,98,89,114,-37,100,-32,19,73,46,44.43,8,129,146,2.32,27.14,-42,82,123,31.72,0,56,-37,-2,39.26,-19,58.89,-43,23.57,12.05,16.65,118,100
76,4.62,-2,77,41.64,92,-48,28.28,1,-43,51,65.69,60.42,56.73,42.89,49.11,-10.06,148,-33,56,130,-7.31,-41,-15.23,133,36.27,68,21,31.5,30,65,26.84,-1,131,144,-19,-7.57,52.84,70.53,-2
12.63,6,67.61,78,53.92,72,-10.69,31,44.11,-19,58,-21,118,64,-40,30,95,125,-42,69.25,142,68.44,96,48.3,0,60.68,24.87,60,62.43,60.57,132,-2.2,88,19.88,19,5.85,117,9.23,19.58,68.91
58,73,5.96,-26,63.84,5,26.87,58,-19.3,-22.25,30,-36,76,136,111,70.03,33.9,-2.16,4.83,72.37,60,3.59,-43,63,113,12.88,37.77,-7.45,57.13,-3,-17.84,30,18.36,-4.48,58.61,123,133,-23.46,-26,51.49
62.72,27.56,18,115,145,54,88,5.86,-33,59,-17.85,-21.14,22.12,96,131,18.3,-30,-8.5,146,85,53.03,33,-30,130,50,-16.14,40.34,-24,8,10.17,-47,129,97,11,0,25,125,130,42,6.77
-22,-23,-42,106,5.34,-16,61.15,12.58,-7,47.94,125,-18.39,135,12,3.51,1.12,88,128,-10.78,64,111,16,32.96,21.26,-7.13,-44,-29,-24,146,133,60.34,63,48.91,-7.52,146,-14,0.77,47.74,70,64
34,105,-11.75,63,38,148,52,44.59,-20.62,-0.19,36.99,145,69.61,-19.85,68,16,-14.74,7.38,89,22,127,34.13,62,-34,-45,96,105,75,-12.49,3,90,52.46,115,1,26.72,60.6,91,-27,135,97
68,27.05,33,15.7,-2.36,21.35,30.33,110,114,78,-7.86,8.28,2,135,-41,92,-46,75,33.32,20.21,8.54,113,-21,47,94,-4.91,67.97,16,36,28.89,59.97,25.9,43.14,-19.88,68,47.63,52.41,25.64,34,131
19.92,39.84,-23.62,-47,-6.09,-2.9,73,47,-8.39,35.01,47.2,-46,-24,18,41,34.24,20.84,32.55,25,-22,50,131,39.97,-2.23,56.09,50,72,102,41.29,24.13,25,-5.25,52.81,47,-50,82,93,6.67,64,43
-44,-12.01,125,55.6,64,107,30.37,49,-44,16,20,-19.51,13,25,30.95,17,0.43,-16.52,110,21.78,-12,-28,84,39,-36,115,15.73,3,30,128,-22.17,91,69.5,32.7,-1,17,124,113,25.36,86
16.26,142,-23,-43,3,47.23,70.41,-47,61,145,56,-16.91,-17,53.2,-2.99,28,-22.15,23.94,-5.72,-13.27,-20,31.63,141,126,68.42,-15,69,122,47.08,35,44.72,2.99,-5.02,129,111,20,88,85,96,2
4,9.33,63.47,108,123,0.53,94,56.86,33.85,6.85,9,2.3,27.53,10.7,83,-31,30.6,149,-4.21,-4,54.63,16.26,16,134,50.34,-7.76,-41,112,58,43.45,27.2,117,37,67.61,13,123,34.38,37,52,74.57
17.56,56,39.04,42.67,92,-50,54,49.78,28.58,-16.35,72.66,82,-50,45,34.55,-30,-2,59,11,45,94,40,11.4,23.8,102,-13.06,-37,21,136,-1.16,32.81,60,113,60.63,-4.31,28.5,64.13,58.83,38.68,-20.43
28.74,-3,143,71.17,37.85,37.7,109,141,53,-34,91,12.41,31.81,40.37,105,95,121,44.23,-2,109,-0.44,22.26,-7,9.99,48.92,129,-31,70,62,-12,-3.91,0.29,4,41,24,32.63,95,-1.13,120,48.98
-2.48,44,-17.62,43,60.95,121,139,63.73,-39,-16,144,142,14.69,132,-37,57.79,128,32,113,31,-36,141,-32,62,62.63,-2,46.88,-1.66,146,66,-0.08,46.41,35,97,20,75,45.53,46.25,36.2,27.18
97,137,97,46.39,108,-3.01,7.36,-15.75,138,47.99,101,142,-4,50.91,18.85,51.41,21,-23.99,40,113,32.62,110,-25,72,5.09,70.16,72,3.89,144,10,-23.06,-11,-12.36,35.36,-47,-21,94,-17.15,55.58,64
148,-48,7,44.4,126,29,-15.84,55.58,39,59.76,31.75,21.46,142,90,66.28,22,30,12,93,34,-6.65,43.6,73.83,61,9.99,2,-7,37,-33,-44,95,-37,59.91,43,27.53,-29,25.61,-13.39,144,65
9.2,-23.78,120,-41,-3.12,92,-15.92,56.77,40,-40,35,35.72,74.54,-12.42,74,-20.77,29.06,-35,44,17.58,4.35,41.99,-42,33,85,97,-21.09,123,134,98,18,57.35,111,-15.78,-8.82,56,25.75,-25,118,-4.02
63,2.21,-37,30,-5,39,60.45,-2.88,67,-25,112,-13.45,32,3.68,-27,26.79,-8,-14,-14.11,0,61,19.61,-15.11,146,31.01,30.5,116,42.32,81,73,13.61,3.2,97,37,64,48,25.58,134,0,42.46
71,-24.78,26.11,31,-23,43.72,65.53,-29,41.5,83,53.32,67,45,19,90,87,38,129,-20.74,77,-9.09,11.19,26.05,119,54,-29,56.3,-12,117,9,99,21,67,-13,-22,77,82,104,61.03,127
97,-25,-1,27,28,-13.51,79,45.41,-20.59,5,60.08,117,103,-22,15.05,104,77,32,79,26.31,27.24,-43,-45,105,-36,55.27,98,78,116,83,39.6,132,105,103,115,9.33,26.79,-48,-1.97,37.97
133,36.69,7.42,-20.54,-11,100,130,86,136,64,132,106,-28,113,7.28,12.47,-19.25,43.35,-14.55,50,65.04,99,-31,35,8.53,13,74.93,33.97,66,-5.8,60.14,28.08,122,49,-21.12,-10,-11.15,58,48,110
112,38,87,91,38.92,46,144,129,74.65,112,142,16.14,-35,7,135,55.16,139,63.04,-42,47.04,44,-35,96,124,104,80,-16,148,34,-14.79,23.69,70.09,-7,95,-36,13.83,16,21,-14.58,17
142,74.27,-14.81,40.26,113,8.05,70,2,120,52,27.49,63.97,109,81,-5,82,-13.16,-25,51,148,31.16,47.64,76,55.11,130,79,85,-17,-16.44,68,20,57.04,59,38,105,135,-14.39,-3.46,51,-0.18
-7.83,27.4,-23,65,-27,-32,116,104,103,109,2,35.1,129,86,0,65,-8,60,-47,114,-18,6.37,100,68.26,8.8,55,-6,33.05,148,-2,-24,20,31.34,106,48,-34,61.31,-1,19.5,3.48
46.28,39,52.83,5.78,44,71.77,100,-17,-7.69,60.69,44.93,-22,11,-9,-48,59,43,8.14,18.76,56,25.35,-9,81,42.19,47,51.68,41.56,34.67,27,-12.47,57.63,130,-48,76,147,-28,-14,-28,-11.69,-1.26
105,-18.08,129,23.84,34,20,55.05,-16,54,126,-20.03,25.14,31,22,22.38,71.14,42.05,35.46,48,18.74,-15.89,80,33.51,0.03,145,37.17,25.43,51.7,30.06,14.15,27.19,101,109,-4.57,84,136,58,59.07,36.39,10.6
21.39,-7.74,78,22,46.25,65.88,67.37,-14,142,36,67,28,66,126,15.97,98,-42,105,24.12,29.48,15,35,8,-19.38,95,-9,60.09,7.91,74.05,50.07,-34,-42,55,4.7,19.48,23,65.54,-1,-19,29
31,127,-40,62,74.1,56.94,18,74.3,76,-13.3,140,-8.53,76,-19,65.46,54.14,13.47,46.61,17,118,-10.56,-18.53,40,-7,13,63,58.37,30.78,45,-24.99,112,10,97,32,82,101,61,49,119,27.39
-7,41.16,25.88,40.75,29,71,68,-6,71.7,-3,-34,60.68,50,12,-18,-4.61,-34,131,28,45,102,53.15,22.17,73,-16.88,59,72.98,108,25.42,112,74.32,8,100,86,20.48,43.29,112,143,28.58,144
-14,-32,48.22,28,72,-30,1,33.96,136,24,38,38.08,64,-20,48.52,114,-18,97,93,128,21.23,30,137,31,25,-17,36.68,38,-2,73,-7,139,11,50.84,102,-10.69,54.84,35.64,-16,50.41
51.09,-7.53,-23.61,133,70.87,85,-22.21,3.41,-6.31,67.17,59,149,58,80,108,89,-4.49,143,148,3,93,17,34.87,45.02,48,44.39,-16.62,19,128,22,14,-25,18.83,67.39,14.54,63,104,108,55,82
84,-10.38,142,-13,110,-48,140,109,49.42,47.17,-0.21,60.26,37.33,71,30,118,-11,32,-6,-38,31,44,-4,108,110,117,65.7,113,64,-4.72,44,-4,47.2,83,74.22,-14,15.86,121,5.68,86
-21,127,-46,30,-10.3,22.34,13,136,33.81,20,113,115,-48,20.97,-19,49,137,59,-13,91,8.26,-21,27.59,-43,88,22,10,-25,58.82,-44,69,46,-32,-23.07,20,26,20,45,-14,103
105,21,0,21.39,42.37,-38,10.37,23,27,131,37.45,12.51,105,63.08,141,145,66.38,98,1,54,71,-44,38,-3,24.99,-9.05,145,-16.79,141,137,57,73,62,129,19,-44,-36,-16,42,43
-8,41.41,-10.74,39,-25,-6,29.79,42.77,43,38,68.24,83,39,36.64,-20,-12.74,-7,-11.52,-21.15,121,-22.57,83,30,25.26,22,71,-13,57.79,81,144,17.74,-18.71,-45,-18.31,123,59,71.92,53.69,147,37.13
45.39,72.1,5,90,129,-5,-21,61,25.59,48.21,62,-12,-33,-50,-44,57,93,35,-7,-21.9,23.47,25.77,-48,74.08,-9.23,73,2,10.24,64,-2.72,92,25,6.71,-11,99,21.49,66.8,30,3.56,-0.38
-36,60.56,51,141,141,49.77,62.67,15.36,48,-5,93,49,63.43,-5.11,61,-42,48.37,96,98,22.71,25.12,21,36.66,15,68.44,16,112,41.57,-16.69,60.89,112,-43,43.8,86,40.56,44.36,46.84,106,51.07,124
34,69,9,4.4,-1.61,27,48,18,-45,46,-3.6,61.76,43,5.16,57,136,26.31,19.92,27.44,25,111,33.17,17.59,-6,133,4.87,53,68,15.26,13.88,-12,66.66,82,114,-12,-47,19,55,134,19
6,129,-24,20.41,-27,-47,109,-10,74.48,3,8.3,33.46,-34,72.54,140,-21.63,-23.53,-7,103,26.72,5,-26,-46,2.41,-3,77,138,70,-43,13,-49,-17,51,1.53,-10.61,130,-22,53,-15,35.76
21.05,12.8,39,91,10,10.9,26.79,61.42,95,144,69.03,-3,82,129,48.7,-45,122,-5.27,-6.95,82,42.95,11,20,68.53,-14.63,93,94,30.07,101,69.83,-13.47,108,-5.88,12,-9.47,-50,27.53,3,148,-0.29
20,48,47.24,43.64,41.16,16.11,25.13,66,-17,-2.32,1,-9.82,-19.72,6,-4,58,17.57,41.47,40.42,71,-1,-14,62,94,24.27,51,113,70.95,142,14.22,9.73,-14.83,45.87,59.98,101,45.98,-25,-27,-18,-23.13
26,37.72,-34,-20.9,124,44,88,23.75,127,1.83,62.18,91,72,24.42,63,-39,-4.32,-10,0,59,52,-30,122,131,81,13,116,85,68.27,-4.96,58.2,133,9,-16.04,30.16,-10,1.5,-0.5,13,15
104,-1,-23,73.4,23.15,-2.93,-14.28,39.64,60,125,18,48.82,109,63.78,38,4.67,60.69,28.39,-9,114,-47,-20.07,25,8,31.37,-37,120,128,38.89,42,45.34,48.73,-37,83,72,21,-21.1,-33,41.67,-18
145,128,-20,-17,95,26,66,-31,40,29,139,-33,3,23,78,71.9,63.76,56.43,44.38,0.5,72.33,-18,-5,38.64,-9.03,87,72,83,49.39,64.3,105,28,100,3.25,56.23,-22.94,43,5,27,13.97
34,20.58,-11.84,-10.09,62.33,4.5,-6.1,21.77,13.32,86,24.36,18,49.53,4,10.95,22,27.53,71.15,13.62,110,141,45,-24,-20,87,58.28,51,62.54,-48,95,-45,24.19,45,59,-21,27,41,20.25,-9.58,6.36
23,30,2.2,28.81,-2,105,-10.07,-13,41.37,20.71,14.5,36,144,113,117,94,2.27,16.66,107,-20,-27,72.23,-19,-17,23,89,-18.9,99,67.92,7.81,14,65,67.68,-14,80,68,110,107,62,3.78
16.84,55,-11.46,57,20,-1,-8,64.65,-44,88,68.15,134,127,62,-48,-12.79,-15.95,124,-2.04,74,0.27,59.2,59.09,140,36,141,64.96,27.16,138,142,50.81,-44,112,-18,72.35,3,135,137,15,26.07
-14,62.37,-19.97,106,-31,13.42,126,69.18,11,-35,47,74.4,-4.97,-40,-46,31,121,7,-13,57.65,51.19,-44,86,-46,38,11,22.18,9,1.41,73.24,29,12.73,42,130,14.56,50.41,57.41,143,16,-6.85
5.78,34.29,24,-35,37.58,47,45.39,74.77,-5,-8,11,19.25,21.55,11.68,38.6,-31,2,4.96,70,57,45.4,99,134,86,-16.99,-4.76,20.13,18,-3.99,149,26.35,61,23,30.2,70,49.57,25,127,103,140
44.51,-2.73,74,35,123,-27,122,91,0,-21,94,48,124,8,36.17,95,47.07,118,-9.01,63,36,68,7,42,32,63,21.98,70,31,2.86,143,49,39.18,32.82,-36,-4,45.34,64.44,119,119
6,18.65,14,-21.78,-23,49.36,9.61,-6,17.19,104,-20,82,86,146,20,11.81,-0.41,66,62.41,62.09,38.45,133,28.28,68,2.2,-17.44,121,95,11,23,-47,144,139,14.41,67.16,72,69.17,126,72.32,12.33
-33,26.58,52,33,-7.35,31.41,-49,60.24,-8.85,34.13,0.08,-31,139,81,106,31,129,-14,-5,-4.27,74,18.46,-12.58,-7.07,97,10.04,63,11.14,12.69,102,65,60,26,-41,-29,-18.98,56,17,-9,28.08
8.31,16.57,70.88,-11.48,-37,7,6.21,67,81,134,-38,2.76,-11.67,3.51,44.52,-6,68,34.7,20.48,-4.31,30,-14.9,107,133,23.12,-21.75,44.8,45,47,11,85,21,134,54.03,52.7,-1.37,-31,-40,64.61,2
-8,-12,9.78,63,-0.44,69,-9,147,53,-45,54.86,89,58.24,110,23,76,72.86,3.41,58.75,23,66.41,-4.19,12.61,57.8,34,-18.59,-22.42,144,27.51,147,69,55.97,38,-12.97,-49,-37,18.42,16,23.89,10
55,114,18,105,36.45,-37,57,-30,-3,36.67,-31,44,-6,2.53,-18.84,-12,47.32,59.77,1,132,15,85,-8.93,31.43,62.05,12,72.29,92,61.2,145,7,61,-2,67,39.32,62.37,60,-9.72,101,87
-22.36,97,-3.28,14,38,7.64,31.4,64.82,-11,136,34,125,15.15,-1.15,4.79,6,22.8,1,63,41.18,-17.1,-16,-24.67,115,15,-40,2.32,87,99,-20.04,39,18,23.6,146,47,-25,-18,19.66,69,15.97
60,114,-9.94,32,-3,42.07,31.14,49.39,94,63,-50,52,66,-42,42.29,40,30,38.21,126,-12.43,-42,22.37,36.13,0,87,36,133,55,65,3,8.93,22.45,131,26,-44,25,36.07,65.6,71.53,7.08
7,-48,36,117,-38,8,129,-12.01,7,-4,9.24,-32,53,3.21,67.28,135,-26,48.52,19.05,-3,-26,-47,58.61,64.21,126,-12.46,96,119,-44,34.69,119,146,61.05,66,-28,-8.87,-0.68,-18,42,-34
143,50,9.6,131,47.07,-12,146,8.01,107,-25,71.84,88,139,94,18.43,69.33,-21.64,-7.08,-15,54.33,-10.18,34.63,67.95,109,-30,59,21,57,-2,5,68,73,-17,125,79,53,35.74,6,-30,33.19
-37,65,72,47.65,45,-2,102,46.87,24.62,68,139,-50,-24,97,7,-15,7,60.38,41,87,79,-17.91,109,24.91,75,94,-20.65,1.56,122,6.22,-5,63,84,-10,55.51,55,36,16.48,-10,13.3
58.48,12.36,143,10.03,96,100,79,65,27.05,4,28,43,-39,139,-22.84,44,64.4,-40,89,68.33,-11.85,13,27.08,72,-7.06,91,103,-15,17.77,74.33,148,26,91,50,119,-48,-15,52.67,69.18,-14.73
47.48,-15,143,40,-30,11.18,36.78,-24,67.98,10.05,9,56,81,69,18.88,-11,-12.89,73.86,15,7,127,8,15.79,-3,93,-45,58.47,13.98,-0.16,74,58,138,-15,-16,-17.78,-11,69,127,110,37.79
97,-30,-41,6,-29,113,104,-1,4,51.5,-6,-29,149,71.34,58.29,25.23,117,0.36,91,-15.21,-0.65,44,-42,87,40.53,88,129,-6,112,7.61,-7,24.08,-12.79,29,27.03,127,-9.59,67,132,3
1,137,-15,35,71.63,-13.89,-15,-45,-16,-1.91,39.39,8.5,-17.53,100,30,25,62.74,-2,17,51.44,50.93,28.84,53.77,4.22,58.16,61,-25,54.47,-49,96,72.2,-23.21,2.37,21.03,76,12,-9,57,27,17.65
23.43,67,-7,-2,87,41,33.78,115,-10.39,92,147,-9,85,104,131,3.34,4,22.22,53,61.04,139,66,0,31.38,142,148,65,-13.89,61.17,-28,-23.18,5,40.35,60,82,-40,122,38,-4,31
54.11,72.3,44,18.68,27,116,-39,-31,31.46,35.25,120,114,66.21,134,76,60,23,-9,63.81,52,60,-32,65,126,137,47.68,5.36,89,48.42,83,-20.47,109,52.37,-39,-36,-48,-0.6,-6,-49,39
106,84,73,142,3.4,107,35.83,63.02,59.79,14,83,13.89,65.62,53.46,60,63.09,139,107,-21.56,58,60,-23.14,80,51.99,44.48,128,117,140,24,30,63,138,36,145,63,86,42.23,-26,122,-35
-7.92,-24.58,-21,95,41,52.34,25.99,32,133,13.49,10,-7.45,85,-35,53,55.76,9.28,125,53,39.72,10,112,-18,-14,30.29,31.21,44,25.44,24,1.7,49.9,50.09,95,45.29,43.9,-23.29,-48,145,78,38
55.2,0.64,35.63,-10.13,8.34,25,40,98,-22.88,91,86,107,4,48,-2.36,30,-36,76,98,51,-20,15.08,24,17,39.19,27,85,-21,95,116,69.85,131,-11.97,58.61,69,47,134,-25,61.61,36.15
16,67.78,24.58,67.14,-4.85,12,95,51.37,36.73,-13.05,30,10.99,18.88,-45,123,100,36.36,41.44,60.73,37,35.14,-37,35,-21,-17.91,6,11,-21,3.18,68.79,24,109,61,51,35,70.42,50,61,18.61,-5.55
-37,34,-9.8,49,-7.12,110,41,128,-28,19,1.22,4.2,-30,20.71,35.1,19.08,46.38,1,12.81,52,142,-32,34.75,24,-33,73.81,63.17,27.57,104,34,27,147,-6.09,-18.42,14.65,88,-49,130,125,18
-10,66,53,28,55,33.13,-48,96,41.93,37.55,51.21,125,-20,-13,-39,-32,20.5,-20.73,85,81,16.04,55.57,-32,111,115,40,132,-14.13,106,142,20.74,69,100,48,71,16.05,139,112,66,137
73,42,46,-28,60.68,5.16,62,25,38.46,141,136,-5,19.72,22,103,27,81,45.78,-45,87,46.51,-5.12,47,20,71,24,36,48.12,-2.14,-14,31.66,65,28.71,103,-23.62,66,-22.18,59,81,37
70.71,66.31,88,8.31,43.65,6.6,141,52,135,116,78,0,-45,-11,73,37,123,-21,-3,0,146,69.29,146,-10.41,9.53,-40,11.22,18,60.83,6.81,48.39,-47,105,142,46,91,18.36,24,20.72,135
-22,29,52.17,39,108,58,34.68,14.66,69,71.88,30,9.44,61,-13,32.65,-21.96,29,-12.44,40,53.8,31,-9.43,100,5.47,-22.29,-41,60.59,30,2.11,-25,-1.62,-11.48,13.74,38.7,28.47,-31,-1.77,-37,25,10
103,-12.75,19,-20.01,-1.65,60,63,55.88,-23.41,-10.32,-10,-13,9.73,48.42,5.95,47,85,-8.53,-47,90,-19.13,-8,11.18,102,-2,45.65,26.58,-27,-8,38,54,128,-22.83,58,48.99,-21.61,36.51,7.76,-8.83,55
-10.52,-15.16,12.07,32.2,63.38,-19.94,16,-12.09,-13.67,71.33,129,-3.68,28,48,101,51.25,-18,107,58.23,66.88,101,112,-36,-23.47,67,88,61.85,17.02,68,138,-24.14,-7,-22,-15,49.39,139,-12.95,-8.2,29.77,14.38
1.93,145,-18.09,13,10.84,24.09,58,-29,64.67,30,137,3,17,118,102,29,22.23,-16.13,-16,-40,62.51,-3.69,88,139,8.16,-17.2,102,14,47,148,133,38.41,-12,10,-45,126,39.3,-3.24,143,53
45,55,148,138,53,116,-17,137,38.21,7,57.05,24,48,-13.28,54,18,18,-10.4,63,-34,-35,35,114,-45,131,36.17,114,29,37.78,104,100,24.94,16.76,-5,-45,7.52,33.89,75,-16,59
10.2,124,22.26,-4,34.67,40.63,5,11,7,41.32,146,-10,22.88,6,72.01,87,-4.62,-0.61,-39,-50,50.57,-17,133,68.17,-12.37,27,-32,-35,63.28,71.95,-30,31,-11,102,-16.1,24,59,-14.75,144,35
125,-45,50.37,29,-30,130,52,-11,131,10,19.52,53.8,60,59,37,-10,147,-50,-5,32,33.53,94,-26,13.79,136,29,-8.23,25.67,-11.58,138,-13.75,61.26,33,27.68,35,65.45,128,-1,61,37
116,90,32,-12.83,-49,131,-5.72,-23.01,48,42.57,64,-9,0.44,148,76,115,5.42,35.08,39.99,14.51,-3.68,34.04,31.42,-16,-26,-49,-6.2,107,36,11,37,64.88,-6.51,51,37.26,48.24,71,-18.48,38,149
-23.05,-27,0,-11,-14.36,26.17,52.18,44,10.86,103,22.41,67,2,-24.92,-7,-10,59,-0.74,77,140,74,-32,61.31,75,136,-39,72.76,51.08,-12,63.72,4,10.75,10.84,108,65,-7.14,52,4,115,-24
140,88,-33,-37,134,-39,33,47,36.88,127,21,31,137,-29,-24,19,83,-5,-14,-7,40.14,49.32,137,138,79,25.52,73,17,-19,84,25.18,-30,149,33.7,-19,100,134,6.82,15.15,-32
70.61,-5,-9,-17,48.11,129,1.74,-49,-15.18,39,-1.64,74.38,119,-11,-50,-45,130,72.32,46.82,135,-24.47,-35,8,29.52,117,53,29,-20,136,67.49,-2.4,-30,54,83,-14.29,21.64,33,-25,19,-22
93,19.59,5,121,70,21.41,51,50.21,-22.4,46.41,15.4,-25,-10.24,9,96,10,89,-20,-23,70,46.87,87,37.62,119,-7.61,126,81,-2,126,112,0,50.71,127,11,-20,86,-38,117,47,-36
50.33,25.51,83,17.92,40,36.99,-22.57,130,-23.31,-13,12,74.29,-23.2,29.52,6,13,1.49,72.85,44.96,100,60,-10.83,-1,43.85,-47,1,2,136,37.05,10,-14.54,-19.4,-25,32.36,69.78,-26,-15.45,25,42.05,23
26.17,44.96,-21,-6.76,20,31,-21.56,144,69.57,133,-17,136,39.65,141,30.49,21,137,0.68,5.61,-2.86,15,98,9.4,57,-7,-2.97,104,109,7.82,23.8,36,-7.21,-20,106,73.03,-18.57,68,-4.86,109,85
-33,72,-7.96,137,-33,47.95,67.35,122,-45,39.22,145,25.42,13.17,17.61,8.22,32.16,9.49,145,76,34.52,67.6,45,17,7.26,-33,89,30,36.7,131,37.48,38,12.23,34,41.96,51,-32,-5.05,95,69,-5
41,21,14,142,21.46,32,100,123,96,-11,-40,116,127,106,72.53,-16,-10,-31,-6,79,-3.98,70,68,26.85,48.7,138,8,50.93,46,87,148,58.52,40.43,112,94,66,39,21,103,24.78
-10,55,70.77,43.01,-14,84,95,44.92,58.25,55.33,13.61,-32,12,12,102,50,-7.8,136,96,147,1.82,37.08,73.83,-2.56,60,-15.07,18.56,27.5,31.58,107,55.11,76,48,84,61.67,18.93,53.2,96,-2.89,-22.77
-47,55,12.28,54,44.29,67.24,55,78,38.67,-15,15.16,88,30.29,75,80,141,29.99,97,41,145,49.59,0,-21.14,31.76,59,73.12,89,10.66,-0.11,-11.11,-32,24,-14,128,31,3.72,37.38,-2,20.02,141
41,27,68.38,148,44,28.88,-2.94,66.88,33,56.08,-50,59,95,8.37,-12,84,24,149,-20.92,60.46,97,90,9.43,16,85,67.79,5,41.43,2,31.03,16.79,65.46,-29,47.36,7.59,74.52,-27,29.11,39.85,61
100,65,16.06,122,106,34.54,135,-22.74,30,93,144,110,-21.05,-8.09,11.29,27.57,-39,122,0.6,-0.89,75,15.45,60.35,-21,47.77,-2,35,-3.92,49.92,77,116,14.53,-23.15,100,46,31,71.84,26.77,48,14
-6,19,-12.33,39.09,55.17,69.4,63.68,90,15.89,34.54,2,32.3,17.03,-35,-8.84,43.47,-42,-38,104,4.9,-3,47.89,94,37,61,-12.71,3.65,-21.64,75,49.92,87,33.75,110,87,29.38,13.38,33,-11.55,87,27.23
58.73,38.46,52,-3,17,-18.58,-50,-44,17.44,70,48,74.14,24.87,100,14,-50,-10.08,107,1.68,110,-31,27.65,41.71,59,91,22,124,142,28.22,112,-9.76,104,-15,23.03,35,37,-4,83,67.89,103
-4.88,14,74.83,109,78,79,64.85,9.11,56,14,2,33.58,-35,91,136,52.16,20.18,98,128,37.45,71.81,-34,-22,68.81,54,19.52,20,4.97,-12.6,97,-38,66,9.26,-46,149,15,87,-16,-7,-21
-1.96,79,7,20,56,41,-16.62,57.49,96,0,-19.91,-6,17.01,49.54,97,7.04,42,-2.82,-20.02,15.92,17.78,41,57.71,2.28,-36,145,126,29.17,37.06,-7,143,61,4.78,18.79,39.15,59.92,36,10,-12.93,-24.86
92,13.73,4.92,-29,-19.9,-18.06,98,54,25,-5.53,52.98,50,78,-18.19,-24.07,-19.62,135,29.3,107,-35,8,74,83,29.77,14.1,111,90,51,44.97,59,142,58,73,102,99,50.84,143,-7,58,64.69
35,22.94,-7,149,53,124,7.56,59.28,40.04,148,22.77,64,39,24.46,49,-38,138,-17,-0.76,141,-9,19,78,54.23,-8,6,87,94,30,-13,48.67,-36,136,94,40.05,-19,41,-11,-37,-17.43
102,-4.65,32.77,-24,56,136,33,36,36.99,-41,2,-23,146,132,73.14,-30,133,92,28.93,93,69.71,-27,47.73,63,-42,20.39,-17,-15.29,89,-9.08,-12,58.33,75,71,69.36,4,13,73.63,28.83,25
19,143,46.28,127,-2.51,91,94,30.8,132,-47,12.38,16.92,-12,91,17,-50,-24.96,-11,-33,-41,57.73,-1,88,62,43.06,15.91,122,62.24,-19.61,110,-31,-12.17,16.04,22.45,91,16.79,24,16.96,58.12,31
36.59,100,-20.03,20,97,16.75,72.49,59.24,22,136,40,-10.45,21,50.56,-43,60,81,139,4,93,99,145,37.5,-11.59,123,8,55.45,122,101,55.84,26,67.42,116,35.95,13,74,51.16,94,-21,-22
62.23,81,47,13.99,-21,-45,40.61,57.87,73,92,-6,113,28,63.87,57,73.31,54.35,-28,0.93,-21,-22.51,20.24,84,25,27,-30,144,-11,122,146,38,-22,17.24,-16.27,25,-2,145,-30,10.79,-36
149,15.82,125,31.59,26,40,65,35.86,70.81,8.76,-47,-32,27,-12,19.41,-1,-22,29.38,69.47,55.39,-8.12,87,69,54,62.05,29,20.58,127,52.31,-34,-21.83,106,106,-8,9,28.04,-43,9,134,14.02
37.89,-6.84,47.24,64.19,79,45,7.15,147,12,29,2.63,65,39,-11,-28,-5.66,71.44,3.79,14,142,-5,69.6,-29,-2,30,66,87,-45,125,27.65,118,41,32,15.7,-37,140,25.06,-27,100,80
89,129,-14.69,-1.77,32,41,43.6,122,-13.88,69,-4,137,-14.22,-1.09,61,145,-42,50.72,116,16.18,132,-48,100,148,119,13.21,-24.84,131,36.47,64.01,59.44,27.6,75,100,54.43,147,20.35,25,123,46.66
56.21,-42,55,70.9,57,69,18.14,9,79,-4.9,2,51.88,74,50.51,44,-43,-7,-4.27,30,108,24.46,98,14,45.64,9.33,127,86,84,-27,16,41.28,58,107,104,58.2,72.67,-6.05,67.01,-1.04,47.25
65.07,72.1,90,115,133,70,3,70.41,105,119,-7,131,20,26.92,94,-43,-0.14,-30,-18.56,43,92,61.62,89,2.68,44.91,59,-9,-49,-7,-8.98,23.96,-23,38.1,12.18,26.31,-13,146,25,36.42,32.01
90,27.21,75,75,-7,16.19,145,92,67.35,-27,-1,-47,74.74,0.77,15.84,35.2,36.35,4.8,68,-2.39,70,148,-10.31,-9.16,-2.93,26,31.18,25,-0.75,18.99,47,79,59.61,-44,120,20,5.84,145,-3,143
20.53,-8.22,110,76,144,64,56,-39,148,31,-9.34,127,103,-4.92,22.81,31,74,70.47,7,114,6.7,50.22,99,52.44,-10.73,58.59,-15.97,94,104,55.55,145,-23,-25,58.81,31,66.04,-31,56.36,-13.27,-47
-7.37,-8.14,39.86,-41,106,127,-21.39,-15.42,99,118,89,26,104,17,-19.29,57.74,34.16,-24.75,-22.17,89,81,-20,13.71,-35,123,-10.17,146,39.64,94,-41,-6.66,112,94,42,-36,-1.35,66.69,14.64,11.89,24.13
45.47,-2.12,49.24,-22,-2.29,15.09,57,0.03,21.71,39,7,77,69,-12.06,-16,5,128,-17,-9.94,53,142,-18,94,17.96,147,41,66.15,122,32,71,70,40.88,10.05,-33,-11.46,7,-6.99,47.99,124,40
54,-7.32,-14,106,145,-9.81,68.9,62.26,-20,49,93,-15.52,94,1.68,93,43.97,132,36.51,112,100,15.52,73,6,58,65.13,99,-33,-33,-8.43,67,23,38.03,54.36,95,112,97,-37,-44,-22.44,42.03
-15,50,-11.31,40,-28,38.42,101,-47,39.32,80,0.57,-30,72,59.56,90,59.42,74.87,68.26,60,-49,25,40.84,-11.12,11.88,43,70.3,33,35,32,16.57,12.45,-5,49,85,134,-42,148,65,49.23,-44
30.07,18,30.12,120,27.96,20.22,30,130,53.44,-39,11,49.27,129,26.23,118,52,63.82,-6.22,35.68,129,-12.06,26.61,146,30,34,88,32.64,32.69,-43,106,71,-18,59.71,17.05,141,8.84,29.17,58.73,-11,57.85
35.56,25.54,-39,62.56,143,41,123,-17.58,69,95,-7.16,128,115,55.58,58.3,42,-23,111,-8,58.22,32.19,34,64.76,-24.4,68.16,73,108,37,94,125,-6,79,38,29.86,-14,45.95,9,20.72,96,24.57
-17,18.84,-16.01,118,7,57.85,-4.12,33.12,127,-17,91,101,49,-41,58.19,47.69,107,53,105,-5,146,63.78,126,120,-34,48.87,13.17,50,-15.35,19.19,40,-22.43,131,76,89,-32,24.49,11.16,68,-10
69.49,-17.91,92,-44,2,142,5,34,18,9.26,19.95,64.77,-37,14.72,140,-19.4,-7.93,-45,8,-46,94,13.87,-13,65,-24.14,7.25,118,56,107,74.49,30,53.5,21.25,52.98,94,107,49.72,-18.5,-16.14,-8
4.08,31.72,-7.82,-10.64,0.1,-44,-11.13,-9,-13.48,87,6.73,33.93,0.86,102,-14,-1.73,61,45.7,139,2.96,-3,-20,-32,-4,-11,-25,-11.89,-47,33,47.24,-21.57,-1.24,56.94,139,140,-10,-5.51,103,95,70.69
104,-46,113,13,52.39,29,8,61.04,-19,21.17,-36,30.28,143,49,86,20.31,72,63.47,-13.78,5.52,21.81,93,-35,13.21,-0.3,7.88,-50,9.93,-50,38.73,92,6.64,14.33,21,-9,83,52.4,-15.98,-24,2.19
59,73,127,61.78,110,-5,60.07,123,-8,16.5,56.39,82,95,56.91,14.03,-30,66,100,3,139,25.48,67,19,20,35,102,2.03,72,2,92,63.3,-36,81,102,74,-50,118,73,6,9.49
94,49.06,52.73,-7.78,127,140,148,93,-48,7,74.92,31,13.39,74,128,94,5.52,98,129,0,10.56,128,37,48.94,-2.05,9.81,22.47,91,82,106,-33,-16.23,100,115,144,-30,3,24.44,3.66,56.74
-41,76,19,127,49,41.3,98,39.27,133,-44,14,68.82,13.68,103,19,105,-1.03,-17,49,63,-4.71,53.81,13,12,137,-2,-7.37,20.08,69.96,18,59.12,30.58,-16.42,76,-32,7.67,-39,108,-28,0
145,20,70.86,-30,123,43.83,27.9,23,97,76,-42,94,141,96,-34,-37,65.79,73,4.65,42,11.66,58.28,-3.48,45.94,71,15,110,-7.61,9.32,39.34,8.18,61,60.56,21.13,-10.02,6,104,71,28.26,-15.59
11,-27,9.6,33.47,-2.36,23,41.25,81,122,48,13.06,147,30,-8.99,-42,132,44,-21,11.97,54,83,-40,45.76,12,7,46.42,-23,9,124,11.86,-22,101,125,91,14,34.93,131,69,-11.44,34.76
86,7.52,-3,146,-20,-14.75,60,-11.39,106,-18.78,47.92,128,117,-15.64,-45,-22,32.67,25.97,-5.18,49.7,116,60,73,29,52.49,10,142,35.58,10,66,4,16,83,82,57,32,55.66,38.64,-13.43,59.67
20,70.48,25.42,3.73,146,63.17,26,113,27.53,40.18,109,-25,13,-45,108,48.57,67,-32,87,121,56,65,55,44.52,16.69,22,125,2.18,46.87,46.37,91,11,56,43,129,34.12,53,70,12,75
60,81,139,-46,48.13,-8.69,-48,-40,70,-42,28.22,40,-31,22,-8.91,-6.03,35.64,18,52.32,65,126,105,90,142,-11.16,80,23.2,-50,1.08,63.2,64.63,52.02,11.64,74,-5.81,54,-34,-13,127,53
68,51,99,109,43.42,47.47,70,-1.83,127,143,23.39,66.58,-3.29,73.89,27.31,45,1.71,-13.02,14.52,94,47,29.42,10,-5,38.02,71.88,-3,-16.71,-15,16,51.03,-50,46,-30,73.42,44.18,26,-39,-29,-27
69.62,146,21,97,-3,-36,29.3,104,80,113,74.19,-4,27,121,149,103,-24.5,-15.22,140,-9.69,-3.32,3.23,48,69.62,-7.77,-22,10,91,38.44,-2.06,112,72.26,-11,22,-16.13,64,37.83,-2.82,11.3,44.3
41,27,36.06,55,49.39,-15,45,-2.9,46.96,-10.28,90,-45,90,46,146,144,34,27.09,-1,-2.61,47,122,19.7,145,42,12,21.6,44,49,72.93,135,-40,27.52,-42,40.42,17,61,-11,46,18
96,92,39.97,29.06,-17,16.98,70.85,63.87,-45,140,47.29,121,4,0,55.07,21,51,5.81,142,-39,-31,31,-21.41,11.67,137,-33,62,132,130,9,73.92,-1.92,76,0,144,134,46,86,50.41,25.01
87,-24.42,-6.85,8,71.45,-36,44.09,64,77,9.91,118,-11,126,-8.45,-8.29,16,18.16,73.92,99,13.35,108,-29,-43,32.75,-4.86,0.8,24.28,112,-8,-13,41,-45,46.28,19,5,31.66,89,64.07,-40,-12
101,-46,105,49,116,63.8,109,-22,-6,2.9,76,73.02,-23,36.23,-14,140,73.13,-2.17,127,49.6,7.88,-13.25,46,-22,8,52,87,-32,-44,35.07,-1.54,5,7.06,73,49.29,57.15,71.79,15.58,6.22,63.55
-7.49,33,55,144,43.77,-2,22.59,33.24,118,60,39.61,131,55.8,-45,84,58,-8,82,71.42,52.58,8.8,2.56,5.23,127,149,113,52,67.86,-10,39,-8.87,115,86,2.21,39.45,57,52,40.56,4.38,27.49
75,97,-30,127,48.84,81,40,-4.95,22,6,14.06,2,39.84,18,29,77,145,-18,24.09,137,38,142,129,121,-21.44,118,26.59,93,39.2,-8.38,5.39,96,-3.89,62.52,49.27,90,136,-3,-44,48
101,40.35,24,44,-24.25,14,-33,-6.4,-12.7,45,52.55,29.47,64,51,49,-20,12,17,91,33.9,3.37,0.44,29,61,7.64,35.9,17,85,-11,-22,105,63.01,90,22,146,72.25,16.54,130,101,-48
-24.95,84,86,24.54,1.56,-45,120,70.71,-44,95,143,39,85,-22,142,74.52,-14,112,37,59,28.11,57.94,112,64,35,1,70.79,30,-10,73,99,-13,111,21.11,39.05,-20.69,88,-45,23.4,45.47
111,15.83,148,-8,-21.9,46.92,17.64,83,15,68,-13.53,43,100,-31,14,9.46,75,-35,17.38,27.13,51,26.81,44.91,-28,-27,-6,97,121,51.9,37.61,132,47.84,89,51.26,61.99,4.59,-11.93,-27,98,41.18
-14.66,103,146,75,69.13,18,85,29,124,7.21,145,34,82,116,113,96,50.65,-25,-13.48,-44,-12,66,43,73,62,25.79,40,79,-41,2.03,-9.9,47.74,-11,59,-10.57,30,56,47,73.87,55.55
53.45,52,45.24,-4.31,-11,63,106,70.65,149,39.97,-10.96,-47,106,23.5,25.78,4,31.81,116,7,89,75,-23.17,49.92,-14.15,47.6,71.12,46.39,-39,-17.69,-25,13,70.82,-22.55,8.52,36,-23,94,103,-14.65,25.2
14.12,72,59.08,48.61,91,30,99,-14,-43,25,140,74.57,36,-1,123,-10,-21.26,41,37.56,-27,-11,43,-27,134,130,115,49.8,28.11,22,-26,2,109,34,34.52,145,6.89,3.6,49.58,-18.73,12.8
149,5.79,21.63,141,149,140,71.06,20.78,16,52,138,21.46,128,62,-14.49,-10.32,60.83,46.44,130,20,-9,-48,48,5,48.27,100,-20,-5,54.31,13.94,-32,24.92,125,68.99,43,-11,54.11,31.17,0.79,-19
104,45.64,26.73,115,-37,121,26,147,20.85,55,-5,43.21,75,57.26,2,-16,85,133,-23.84,149,15.94,-4.81,21.72,12.74,141,121,3.94,73,40,7.02,60,-31,29,45,21.02,35.96,21.07,59,61,10.36
59.61,139,119,128,5.59,21,111,36.43,67.16,34.27,60,-46,61,-19,13.58,28.38,35,-49,131,68.16,50.43,69.94,66.05,-1,78,3.31,121,115,3,-46,49,48.34,108,20.97,107,69,10,-11.89,136,-22.65
10.8,109,-6.65,42.44,127,35,36,53.59,49,13.2,61,30,62,21,-15.94,-37,14,135,-15,-44,-6.63,-19,-9.42,71.02,-47,-16.51,39.9,74,95,-17,114,-10.34,46.81,63,58,-24.99,40,134,-11.44,66.19
7.21,33.87,-24.18,104,65.38,20,123,21,14.36,73,34.88,88,30,-45,31.75,62.19,30.22,102,16.19,17,0,-15.98,95,-35,14.9,-6.29,21.15,36.31,49,138,50,2,27.38,-36,-11,125,123,16.81,68.44,80
40.2,-13.52,149,48.13,42,-1.06,59.4,1,30.69,-10.79,54,6,12.56,49,135,55.08,12,146,53,121,121,-41,26,20,17.22,69,-15,92,64.86,64.76,-41,93,6,42.03,-15,67.19,10,72.03,-13.67,-5
-38,148,58.67,19,38,86,12,93,109,52.16,28.45,6.86,38.55,64,7.99,53.95,-20,76,52.34,15,104,-28,35.74,-22,16,100,-12.67,139,-28,142,54.5,55.36,44.25,44.07,83,45,44.42,-25,0,106
43,39,-15.81,56.15,70,69,5.21,116,-17.73,98,56,65,35.8,145,16.5,101,24,-8,0,69,-3.32,69.11,122,6,10,36.59,64,33,-15.05,97,123,-1.79,-0.81,13.49,-4,138,116,38,-7,130
-9.15,137,64.34,145,34.68,20.56,33,122,96,29.23,16,67.11,148,77,102,42.01,67.43,48.72,54,-14.95,-1,-21,-8,13.38,33.93,-12,19,-17.7,30,-38,-19.81,60,0,-7,149,-21,26,28,-7.25,41.05
53,-44,30.22,145,143,55,79,-1.18,-17.58,74.9,33,55.77,-45,18.56,35.93,126,54,127,72,3,108,96,-39,26.46,59.7,7.62,30,-11,68.88,69,46,20,104,128,39,-9,118,-10.43,16.82,22
149,13,7,-6.05,113,51.17,62,62,87,149,56,0,32.42,24,-21,119,55.59,124,28.43,73,63.72,114,30,66.71,5,131,18.71,17,120,56.95,-5,4.47,57.75,60,-7.49,62.12,44,72.22,1,1
-39,58,112,46.68,72.69,0,14,54.13,22.14,134,53.32,68,58,85,22.79,-46,21.17,74.14,-18.79,61,19.47,25,25.57,-8.22,-34,-1,22.8,132,73.22,20.01,52,106,119,-3,107,44,31,46.26,-4,42.16
106,36,5,-16.36,62.39,99,52,0.59,104,7.71,-4.68,26.52,58.03,57,-35,47,129,7,108,-49,32,-8,15,0.7,18.89,90,45,53.97,52.53,64.17,122,76,-10,7.52,73.92,-22.01,11,3,67,31
17.89,1.49,-11.29,11,96,48.67,67.92,9.88,63,-44,74.7,-12,59.96,24.91,106,21,-0.5,135,7.05,-35,54,-2,108,115,146,19.1,-17,6.69,-3,31,19,-24,64.83,89,81,-9.35,94,-46,-39,86
149,21,59,-22,61,-27,19,-21,-29,-25,-26,-13.2,33.22,73.06,-43,-9.92,-3.9,5.6,36.77,82,67.68,6.37,110,-2,148,-42,-6,31,-14.63,60,55.7,51.43,124,16.78,48.63,0,-34,49.81,56,36
61.87,56.1,31.88,-4.3,-25,-25,13,46.85,-11,116,1.52,141,98,100,27.37,149,18.04,-14.86,58.59,40,-19.43,10,128,83,72.46,-49,46.78,82,-22.41,69,88,11,42.44,28,37.1,64,22.92,-6,73.92,65
23,65,-0.21,-15.83,35.06,16.84,93,-27,130,3.51,2,-13,36.39,62.54,24.01,0,143,147,23,54.06,81,-13.17,-4.15,12.15,-9.1,51.57,-24.41,68,148,91,75,73,-14.82,69,-10.04,70.57,140,72,-16,110
39.21,145,28,75,149,28,16.08,67.96,37.46,23.54,-18,130,-20.83,-12.34,39,-6.18,-38,57,91,42.46,137,45.26,-29,-29,12.68,5,111,-17.97,32.08,130,46.86,121,-23.54,-44,68,26,133,42,14.27,-19.33
48.78,31,25.28,65.39,41.83,68.27,16,9.99,-14.29,33.36,100,64,51.15,54,-40,26,-23,58,67,50,2,-42,-17,-18.99,62,11,-23,-20,33,-10.07,-18,-10.25,-22,111,49,65.21,40,11,-31,17.33
35.75,10.01,24.89,-30,116,-34,32,42.18,89,-1.9,-25,-7.27,-16.09,84,53.26,46.45,9,3.36,73,-24,63,68.46,131,22,10.42,34.47,-31,45.16,79,96,87,-1.05,31.23,34,-28,-5.08,20.33,116,-36,7.44
-40,48.22,-9,54.39,32,66.62,93,52,-44,131,33,22,-9,52.2,98,61,134,42.72,22,27,23.02,-21.94,70.08,44,38.68,9,6.55,-14.64,-29,84,11.39,80,11,76,-26,33,-26,32.88,53,-17.75
16.74,54,52.93,-24,14.86,26.9,-6.69,-34,-8,46,-4.55,141,56,-16.49,-48,134,92,16,58.76,-11,36.34,50.24,58.09,33.36,65.13,69,84,-8,-3.55,141,9,-7,-6,140,63,146,29,68.41,-8.25,-12.25
30.28,-21.24,-1.14,-43,116,73,-24.84,-4.88,11,-20,-10.28,31.34,37,-9,39.98,44,-4.38,121,26,34,-44,-23,8,-14.62,95,46,122,-24,33,94,5.55,-15.17,107,-36,30.75,-3.71,146,49,35.96,-0.69
9,63.54,6.92,18.69,12.83,31,28.03,-34,55.63,-28,105,7,41,-8,-43,69,71,0,32.97,99,-44,-10,56.32,0.07,144,30,116,58,-11,108,64.71,37,141,-10.21,-2.27,54.66,12.54,-43,1,82
17.69,118,-9.64,21,-18.85,49.46,59.48,-29,15.97,8,62,24,45,-43,-18,-9.7,33,-12.46,17,-6,-9.59,19,62,-27,113,25.48,77,44.4,88,112,-5,-5,74.86,53.84,85,14,118,-47,74.84,118
139,45.52,139,3.7,7,108,8,80,59.71,29,11,-17.9,-18,93,36,32,117,67.39,6,135,-24.04,39,36.67,73,128,-21,48.44,98,-21,41.23,70.63,-35,92,32.83,-20.82,-31,0,120,-10.6,38.78
-24.98,83,32,-46,-40,-1,-32,73,140,-1,73.94,-32,37.47,74.31,42.99,35.99,44,119,68.8,139,-8,71.92,85,-16.82,4,-11.24,-2,94,111,55,73,5,46,20,21,8,56,15.12,5,66.07
-25,-9,50.49,0.25,54.24,28,-20.8,33.7,101,-13,44.41,102,-3,14,126,98,55.42,35,64,55.04,46,52,3,-8,44.91,107,42.47,69,-22,1.29,134,-24,72,-33,45,120,53.68,98,34,90
1.24,-21,57.76,-38,121,70.86,101,30.3,-14,-4,71.13,69,11,106,-4.52,-13,127,-7,48.85,63,4,17.12,6,15.09,12,64,135,109,119,38,77,-1.51,-31,61.18,31.07,37.61,-24,148,22.63,108
39.61,5.94,73.14,-35,69.34,40,135,114,29.07,73.63,-18.26,127,65,-6.17,41,78,49.26,13.27,104,62.9,83,-25,-15.53,27.43,-9.2,29.58,126,41.46,-9,-2,67.13,-6.74,42.86,142,-18.46,46.48,-6.26,87,36.04,67
52,14.93,-19,-40,68,-33,65,64.3,-0.84,53,105,142,67.95,-22.74,9.97,146,33.09,25.47,54,128,-26,7.44,26.33,133,10.03,-18,49,105,9.85,66.11,57,125,90,44,-19.55,-21,-37,-21.8,133,-36
92,71.92,-33,0,111,60.08,71.07,118,57,-23,47,-9.33,59.16,-46,-19.27,126,66.99,33.65,-3.49,-8,-22.95,74.68,0,14,-19,69,-32,106,75,49,44,45.83,-27,18.82,-45,16.96,-35,130,1.7,20.45
109,-5,26.96,143,119,-50,-21,41.16,145,58.23,67.49,14.98,52.94,87,-36,37,39.03,45,103,117,46.7,54,41.97,12,34,-12.98,39.4,109,46,20.94,-35,-33,17,41.54,-27,-15,46,83,-15.19,49.54
116,-19,115,61,49,-22,10.17,-45,28,64.62,17,-3.69,59,-10.66,25.78,-17.61,109,25.48,43.82,-10,149,-7,-5,69,23,133,30.84,-18,43.2,12,51,127,-36,89,-7.13,-31,114,113,39.83,-37
-32,-5,89,54,91,144,142,4.37,97,-48,4,15.8,34,-45,29.44,30,8.51,94,7.49,95,-11.84,45,-13.7,47,39,16,14.25,47.47,60.97,86,42.99,20.94,72,-2,82,-2,135,-7,48.06,70.92
18,19,-31,-11,-22,140,71,15.24,-44,-28,33.31,31.82,39.28,9.08,26.32,-16,17,65,15.5,36,13,-2,20.56,124,114,-21,-0.88,10,-16.81,83,-2.63,-24.59,57.5,47.5,-10.02,-2,43,65,40.44,-47
0.29,34.64,46,21.11,28.14,-47,3,-43,-0.57,65.49,16.84,-22.45,-14,-8,-46,39,7.58,87,-13.89,18.64,-21.03,15,72.52,-29,-17.82,64,46.64,138,-45,54,-31,93,-30,2.87,-21,-37,2,12,18,65.12
-5.58,143,22,45.71,-38,76,55.54,-17,74.62,-39,-30,109,29.27,4,130,8,-16.4,74.58,-40,63.57,27,68,-19,146,41,-21.06,28.7,35.7,136,85,-4.54,-2,27.93,62.86,22.44,36,34,-5,5.3,26.16
107,70,2.87,1,148,66.11,35.64,72,83,-12.08,47,-6.38,-36,29.96,105,17.98,-18,74.89,61,73.06,36,14.32,-10.64,5,68,-6.7,113,-26,-28,97,90,1.7,49.63,-41,-17,31.34,80,112,42,-3.18
57,68.23,-40,-14.14,-15.47,-15,22,-17,68.56,130,125,41.95,26.72,-18.69,-21,47.37,22,28.72,-41,10.99,71.04,13.9,35.72,58.37,17.63,4,0.29,130,89,114,-15,60.46,128,49.04,86,140,68,106,125,106
-22,26,27,60.22,5.14,-22.32,17,4,-23,15.84,95,130,-40,4.41,146,26.54,103,94,-23,145,13.25,124,59.65,50.18,110,145,55,22.84,102,45.16,34.93,-12.88,101,34.56,101,28.74,4,-19.14,61.02,139
145,86,124,19.84,-1.95,-45,19.94,43,56,107,52,49,35,6,-39,138,136,5.88,3.54,-22.9,70.48,-24,2.4,-12.09,37.19,-43,144,126,22.3,92,130,16.82,20.65,63.74,-28,-6,10,35.96,42.72,-17.45
56,106,26.13,-48,-5.97,69,6.48,28,106,37,30.04,14.29,45,134,7,131,103,41.56,-42,114,105,-20.74,97,-33,25.91,-7.67,-12,31,38.25,2,60.49,-13.23,42.97,16.02,9,23.3,19,10.24,45,65.53
77,31.05,-1.46,-48,7,89,51.28,18.75,109,59,141,12.39,100,32.18,43,54.11,70.29,-44,-19.12,-23.67,22.65,-48,56.67,2,42.04,44,33,36,-14,-8.47,58.01,148,-2.66,4.54,52.24,84,19,22,-20.19,-21
61,-28,35.7,93,50.71,18,103,106,35,-1,83,85,60,-24.84,46.85,41.82,85,-4.54,-33,-31,22,79,30.4,123,-14,92,1.69,-16,-10.8,-45,100,-2.88,-27,-29,85,-40,66.65,8,26,58
27.09,35.47,-5,34,19.3,-7.05,-24.4,54.27,131,11,59,-0.49,17.61,45,45.33,43.83,-47,3.8,11,-39,43.6,-48,54.13,23.88,144,45.64,58.84,148,-47,55,37,20.52,16,-1,-49,54,29,-33,-25,9.99
140,-38,10.34,84,73.2,25.13,43.55,-18,58.58,23,-45,50.92,68,47,-17.71,73.68,60,43.61,5,25.03,22.14,41.43,116,6.58,51,127,-39,45,102,24.12,-24.62,105,41.62,-8.37,127,-35,32,9,33,21.83
51,41,-23,132,18,41.81,41,-19,-10.6,-42,21,103,-23,22,66,-50,47,28.45,72,79,42,104,6.93,-10.67,73.35,66.97,24.21,60,17,70.07,52,139,67,74.66,-28,38,34,-24.77,136,-40
78,-10,124,122,3.15,21.89,-30,-28,-32,46,77,124,71.66,64.42,22.65,54.52,1,60,-19.36,65.9,-2.89,144,-2,42,56,-43,-16.98,6.93,0.3,37.1,44.34,90,10.81,108,61.84,73.76,27.64,-17.95,72,112
80,74.07,5,-19.88,46.26,-3.03,2.96,2,-15,76,4.94,149,-1.78,-46,18,1.11,60.98,12.8,123,-16.62,30.38,83,59.62,58.56,34,38,-4.33,6,44,35.23,54,59.12,-18,136,32.61,-6,14,53,-8,-19.54
36.9,13.93,91,-32,25,-0.59,64.43,14.99,-22,43,29.69,-48,20.33,142,66,92,6.84,-47,71,41,60,-6.83,13,-16,115,18.82,-47,6.83,-43,10,-19,32.44,-2,-27,55,38.32,15,78,-2.07,41
105,-24,72.42,-42,25.27,96,19.21,18.9,17,70.28,119,-34,135,-40,58.6,60.13,-7,141,25.16,135,23,4.02,104,129,66.27,148,140,21.73,51.04,-4.98,-20.24,70.82,-6.63,33.99,113,119,104,67,100,81
47,20.65,-25,77,-20.92,102,36,-41,121,-47,91,-2.41,52,17.88,132,-27,-10.24,-19.47,21.78,-19,28,7.56,89,58,73.69,84,7.53,17.49,-13,24.39,-10,142,128,-22.73,12,57,52.4,-2,-9,55.32
22,113,92,112,41.02,107,93,36.59,7.59,23.65,20.2,67,-3,23.53,107,-7,14,40,115,117,-18.41,21.9,114,38.94,143,4,63.02,119,137,-43,3,19,141,48.03,34,41,62,30.48,-4.79,71.24
-29,46.74,-1.16,116,97,-15.6,23.55,-7,85,-48,84,117,35,3,19,31.45,-12,66.08,83,54,98,32.51,3.77,-25,145,70,39.08,-7.86,97,48.56,35,-11.07,-10,43,63.75,55.63,43.39,64.24,64.75,49.75
43,135,86,-17.91,37.41,8,68.96,52.44,77,112,66.25,115,59.14,41.66,116,16.25,17,2,132,90,89,13.25,-9.72,30.64,22,142,-24,-10.21,-50,48.44,-48,67.2,113,9.33,-4,58.46,125,90,93,-0.76
94,80,24,-16.84,-10,-15.29,25.46,91,-8,-1.39,64.25,42.63,116,109,19.75,75,140,23,-1.04,30,13,49.24,5.76,65.85,82,69.35,-2.19,-8.06,-31,1,131,18.05,66,37.9,7.38,108,-27,64.52,127,8.34
60,-12.14,74.69,60.61,41.4,-11,124,44,95,27.99,139,107,79,-15.43,22.85,-46,28.27,105,70,-17,27.2,33.03,74,117,106,-42,5.99,9.87,-16.91,55,57.04,3.89,-4,60.06,17,-6.88,20,21,84,-4
32,61,6.17,-17.23,37.2,-1.74,12,50.07,99,56.62,120,143,50.35,-6,-7.38,80,0,44,-17,16,53,74,132,-25,29.94,-24.36,145,17,-31,-28,45.35,20.75,39,40,84,37.41,26,106,-13.94,59.73
-44,14.51,-26,-2.18,131,85,28.61,-15.16,82,-8.31,-32,138,-49,73,2.17,46.81,-10.38,111,133,48.67,-36,68,18,-8,30,0.4,49.09,124,3,-14,37,18.23,98,-12.63,52,84,64.27,127,62,-22
0,68,84,-34,24.65,-10.45,17.08,125,8.89,-7,42,-9,12,2.07,-7,114,144,75,40,-9.88,129,-5.85,-32,92,-5.26,96,74.63,69.04,-21,62,-1.34,-17,72,97,50.81,89,-0.6,81,-3,29.1
19.82,60.69,-30,64.14,122,-25,65.79,7.15,4.66,43.16,-14.84,146,78,66,-24.93,5.63,-6,93,-9.54,91,110,18,27,7,-1.48,3,84,33.71,66.61,17.07,55,42,-12.35,6,75,1,-29,123,-29,72
61.35,49,22.9,53.93,-14.57,27,-15,35,87,17.49,8,-4,-30,25.44,-7.57,-12.86,-32,63.84,63,143,-14.93,-5,135,3,-42,51.71,87,-22,4,23,11.22,100,-14,13,48.35,23.21,59.44,143,117,145
-11,107,-30,-23,22,66.44,8,57.39,4.45,25.19,49.95,7.08,34.42,109,-2.89,19,-0.25,-9,134,10,63.73,66,-6,106,123,35,35.84,-37,31,45,85,126,-48,95,33,101,136,-0.62,77,128
38,57,48.46,90,18,8,69.81,-17.47,-32,42.68,128,12.04,73,33,49.28,43.32,65,45.92,-24.67,27,44,79,66.27,69,40,52,21,99,5.44,70.39,43,47,-23,75,77,140,68.52,69.54,-2.26,40.47
1.93,65,45,66,32.26,-24,-2.67,-41,86,74,3,31.56,61.77,67.67,-12.69,-3,121,47.42,110,-8.45,3.83,74.89,142,74,14.93,-0.73,47,31.65,28,-21,-23,37.98,43,31,31,33,8,54.18,134,89
60,-9.99,51,1,64,66,13.16,98,18.26,56.87,146,133,1,-41,25.93,72.65,61,70.46,124,-8.43,41,94,11,110,123,61.2,29,11.87,-48,62.45,103,116,128,15.28,-42,74,7.59,35.31,16.09,-19.74
39,69,68,27,-10.86,111,-16.58,43,121,108,-4,51,-23.79,148,61,54.5,96,69,40.7,51.83,66.65,-11,98,15.9,11.08,30,56,36,37,109,52,-23.09,65,4.25,10.69,71.86,66,47,-4.64,-17
-49,22.52,98,108,0.78,32,40.9,29.76,14,91,-35,65,141,44.13,32,78,-42,1,33,11,131,-12.61,18.6,-10.27,26.41,41.86,-9.46,2,-16.67,-35,131,66.36,70.9,-22.13,72,49,-17.95,-3.36,-35,14
11.27,36.37,-29,142,-3.4,138,104,69,-20,-16,-21.38,-27,65.85,116,88,10.25,62.47,9.6,-13.12,108,-28,98,-8,-16,113,62.89,111,105,23.12,111,34.11,94,-48,4.16,0.41,67.89,60,-30,31.43,112
31.87,49,16,11,66,32.79,142,-16.14,10.91,-8.87,36.72,-42,16.88,-13,111,13.56,-20.06,8,59,53.52,60,83,-33,-17,-22,64.53,-22,9,113,-3,54,-7,-4,-20.31,17,134,-28,-13,56.6,-40
-16,73.08,98,142,48.26,62.67,73,52.55,-19.06,31.75,1,77,30,43.67,128,37,9,47.24,31,71.52,70.21,99,7.92,122,-28,36,105,-39,-8.04,40.5,59.72,-2,38,-18.01,-46,39.21,140,70,-14.76,68.95
100,82,-1,66.83,2,22,10,54,18,73.75,89,39,87,-38,115,-6.02,-18.67,107,119,131,7,138,5,99,-32,1.35,32,4,-39,141,58.91,-45,124,-6.25,38,8,-5,120,47.78,99
7.8,10,73.01,34.04,49,45.75,35.97,104,23.04,5.53,-27,80,-40,59.47,-1,34,85,73,50,102,147,72,-27,20.16,22.46,89,35.65,137,100,112,-31,97,15.25,9.3,67,39.55,11.11,24.99,-45,54
-24,22.11,116,48,28.8,67,76,102,97,-24,-14,112,16.08,15,-31,104,58,62,70.52,71.6,-15.37,-20.27,5,26,108,112,9.59,29.05,133,16,79,40.28,-34,-36,55,21.01,47.55,-12.54,12,72
-32,12,114,11,-26,59.52,81,42.03,114,43,85,40.81,130,1,-36,36.77,41,6.72,92,-34,24,-42,64,8,-30,36.88,40,59,90,51.34,62.59,95,17.84,-18,15,-26,19,29.08,6.82,15.66
6,-12,101,0,5.85,-33,32.71,21.74,-7,68,41.79,-18.57,-9,3.08,133,-9.57,118,46.83,82,65,45.04,68,16.25,39.71,-5.39,-24.83,23.19,26,-14.5,40,-7,24,5,-37,149,21.9,17,54.76,94,81
42,-34,-49,102,38,-34,13,-17,45.25,85,-3,102,82,68.77,42.51,101,39.03,12.06,61.4,41.41,-9,149,47.51,34,40,78,61.9,89,-20,114,29.23,1,1,-4.19,46.65,6.86,16,87,30.32,44
56,115,123,-34,-5.85,105,-20,46,73.47,90,40,26,43,73,104,-5.33,38,-50,-32,50.21,15.13,133,55.66,-25,23.16,55,-0.83,19,31.88,14.19,36.47,136,82,108,48,-4.1,-24,-22.71,133,27.89
29.96,120,-2,22.37,65.58,-4.57,44,32,17.43,55.16,23.97,31.61,44,35.52,19,52,30,56,81,128,35.1,-24.95,92,72,42.27,48.51,34.78,68,51,65.84,-48,10,-49,13,59.54,76,65.33,-24,9.66,28.84
-43,67.18,58.23,30,53.12,-31,125,-30,145,69.3,90,72.24,6.3,99,67,4.25,11.14,-8,21.68,14.63,24.27,43.02,18,100,34,-34,18.92,110,101,54.43,23.95,131,24,99,103,143,105,72,-19.26,47
124,107,-37,112,0,4,37.66,35,14.89,67,2,24,62,82,14.77,20.22,121,62,36,71,-19,-15.99,-7,70.31,106,131,61.92,27,25.31,132,88,18.36,62.91,18,108,-24.17,66,63,56.22,55
62.65,114,78,-10.17,63,94,57.06,-14.22,44,81,99,99,-24,51,65.89,91,-0.81,134,66,-43,29.09,-17.69,26.2,87,71.09,2,0,28.48,24,-17,74.5,-19,-41,-19,63.69,44.82,63.37,23,113,140
144,56,15.53,41.07,-22.24,20.19,89,23,128,0,61,18,-46,52,42.59,116,-29,43.8,98,-28,17,54.98,-9,-23,-38,66.29,59,-49,-19,101,6,18.56,93,43.85,18.04,22,56.36,106,1,143
69.91,36.66,33,16,-7.86,-50,10.51,126,-4.5,115,-12.7,142,20,14.5,29.12,67,116,-6.71,52,83,57,22.31,88,-18.2,99,-8.09,148,68.49,142,108,125,54.84,82,92,48,66,-17.79,71.54,21.61,137
117,-5,96,-14,-21,-5,133,137,-31,69.6,-13.76,51.43,8.09,130,109,95,136,-40,69.19,-29,-4,3.66,76,94,-29,134,-7.66,4,-18.64,48,7.94,15,16,3.78,97,21,24.77,90,73.08,-3.11
94,-24.14,72.86,100,146,60.51,-15,-40,142,-20.42,-11.78,66,-25,4.64,43,87,12,16.97,8.94,25.76,73,-18,-29,-4.89,11.37,5.39,98,10.01,41,147,121,52,71.96,119,127,144,-24.1,-11.58,-22,7.85
8.07,51,0,14,104,143,54,62,37,-24,-9,-8.09,66,19,34,54,60.3,93,139,145,22,-32,20,-1,89,-2.75,33.9,69.79,28,14.84,32.47,-22,12.93,-17,18,58,-38,17.92,20,70.44
34.91,-39,-22.75,50,-31,128,102,-0.92,28,38.61,-4,58.3,61.29,19,47.36,100,-26,42.58,136,82,128,69,16.01,4,9,106,1.28,32.82,49.95,-10.21,13.21,-26,44.23,-12.6,69,-8,-9,7,20.46,91
149,149,44.72,13.13,32,83,50.93,12.49,-17.83,36.21,74,32.03,36,58.03,3.33,99,-24.82,13.95,104,18.15,-13.58,-49,-45,91,34.28,-30,8,50,-17,13.23,119,-25,96,43.99,111,-41,46.48,-36,29.47,-8.65
20.25,-22,0,6.47,119,-15.05,-26,49,22.76,58,55.05,15.62,22.44,27,72.81,70.7,-38,134,14.32,0,113,-21.37,68.9,65,139,-7,37,112,127,72.89,121,-11,41.76,141,43.84,125,6.67,37.93,7.68,110
56.58,140,41.23,16,119,65,0,58.47,116,-34,-14,-30,55.97,75,-17.16,-33,-7.06,-18,39.74,91,-6,-19,110,-37,17.85,38.41,60.63,93,62,125,38,9.85,-12,26.32,41.6,19.45,58.18,-21,33.85,65
17.78,17.36,-4.58,26,28,-35,-49,10.17,84,53.81,-38,-33,128,-12.67,142,17.35,65.78,52.9,11.69,59,52.85,-12.41,56,-46,6,125,37.25,117,55.49,-31,40,3.06,41,5.78,133,10,13,55,-3,79
12.51,57,131,-2,-29,2,144,-4,52,65,12,49.8,129,1.75,11.15,-22.72,2.45,39,47.7,16,58.39,32,65,26,41,4,62.01,58,-29,66.34,-18.61,94,39.33,53.37,59,28.94,105,59.21,24,57.39
3.98,131,105,14,71,31.29,26.92,60.87,70.87,80,-19.81,38.8,-17,12.77,93,29,96,63.6,54,72,-36,-32,-18,66.94,-50,34,30.84,110,32.78,30,13.74,-49,2.11,140,31.21,129,9,105,49,-7
122,63.2,18,45,25,-9,112,-23.7,129,116,74.94,42,-36,40,60,-21,-21.87,36.28,97,-17,51,59.13,136,8.64,35.23,138,-34,106,84,122,132,62.06,34,115,123,29,-23,-25,52.38,39.06
109,48.21,43.43,41.76,50.04,-21.64,23.22,49,6.42,40.23,16.19,20.73,59,8.36,92,-38,-13.38,32.62,3,31.92,-29,-23.79,42.63,70,102,42.6,46.4,60,3.11,88,138,107,38.11,45,-47,12,135,140,-23,-2.55
18.85,130,149,93,133,74.12,-12,62.86,-35,108,-10,125,-8.51,32,105,-12,40,125,-19.04,-40,15,138,-47,-6,144,93,-25,95,12,98,117,140,64,21,13.68,95,-7,97,43,1.96
-36,-7,-3,73.27,2.41,102,43,102,55,141,35.2,72.04,-20.88,1,51.34,40.36,-1,91,9.52,30.49,81,39,-23.75,85,-19.32,148,-6.26,65.76,149,40,100,146,48.06,46,-30,96,134,67.1,31.12,-20.79
9.96,18,-22,-11.11,18.57,1,24,129,-45,15,118,0.03,41,-31,62,1,45,23.18,28.54,-9.73,70.62,89,64,107,43.48,-31,98,85,62.74,23.53,128,-22,27,1,57.92,70.14,-11,50,25.62,18
101,93,30.97,-5.59,-42,-20.9,120,148,47,15.78,3.97,-18.62,131,11,-17.9,-47,19.81,89,58.57,-22,65,100,60.33,31.9,98,-41,80,1,31.48,0,-11.27,12.54,-21.15,68.49,102,72,-7.58,108,44.63,2.54
20.59,92,-17,32.92,-45,39,43.98,139,92,45.81,13.74,-18.94,71.48,-18,42.15,-36,118,60.84,-20.12,5.64,16,27,7.96,118,42,24.58,20,-14.53,100,23,91,18,32.11,17.47,138,120,34.25,55,-10,144
27,117,2.26,142,-3.81,101,132,12,68.47,-19.82,-4,-3.85,11,34,36.02,19,1.14,43.02,7,50.32,75,31.36,64.44,111,-24,99,32.29,-23.65,-8.57,116,-49,-19,41.43,90,51,47.34,21,-5,140,20
125,97,142,69,59,61.27,19.25,109,45,58.33,-46,-16.31,74.04,64,-17,128,92,75,42.33,125,50.01,99,33,94,49,99,24,38.96,-33,-6,143,143,61,20,54.56,133,9.31,13.66,24,36
22.47,105,-3,35,11.66,112,23,5,-11,122,74,43.16,70,4.87,117,-5.09,39,117,126,-31,34,2.57,-23.12,54.57,62.08,76,39,41.76,6,84,-34,-4.18,59.14,115,-48,18.53,-10.49,68,-14.68,13
-34,17,30,0.04,3,98,-2,33.66,-49,115,48.7,55,-24.22,140,2.03,47.9,84,14,1.89,76,-8.55,55.08,141,31,60.83,20.15,110,48,1,-23.44,-46,-36,28.81,99,-17.06,40.23,-12.62,19,6,27
52.8,63,97,54,72.23,-37,21,35,-1.97,148,60,48.23,25,69.24,74,108,-10,-18,4,116,58.44,37,24.37,28.29,22.3,-9.75,39,56.05,84,111,7.83,-15.07,126,-35,33.22,72,-12.49,137,68,22
58,57.52,58.63,103,31.39,116,16,3.99,23,19,-42,-16,76,124,-11,137,28,34.95,-31,110,5.66,28,-27,52.3,42.21,-12.03,33.68,30.67,-17,5.54,24,81,58.72,26.66,-42,56.33,72,48,51.05,51
-18.13,29.25,12.77,-1.17,67.56,36,105,98,85,17,26.51,-17,19.3,55,87,-37,111,60.48,118,36.15,6,18,38.48,-7,-8,89,147,30,54.46,46.59,-24,34,-23.71,49,-45,91,14.35,61.89,116,37
135,85,52.22,21,-2.49,25.83,14.29,78,-16.95,72.11,56.62,35,52,70,57.45,-15.87,60,124,10.84,2,52,19,-33,-14.9,23.32,-12.92,-33,76,115,4,-35,28.43,65.57,10,62.3,47.17,44.31,-23.58,123,50.51
10,-10.05,-42,-37,22,-50,7,5.05,106,134,62,8,24,11,66.62,9,47.86,49.53,42.41,60.02,47.92,96,64,59,65,29.65,74,-12,69.03,-48,55.28,61,139,81,20,-38,-10,135,0,24.74
53,11.47,35,141,103,127,100,76,34.16,-24,58,-34,63,5.59,34.64,141,-4.17,21.68,-1.51,19,-37,100,132,45.69,141,109,100,-16.28,131,-20,19.25,16,1.27,28,65.44,73,88,57,-20.82,72.21
-3,-48,-4,18.59,9.39,-23.28,40,3.01,29.51,-7.8,98,132,20.38,25.68,46,57.39,-8.24,73,39,128,100,33.48,15,-10,-38,-22.3,135,9,36.85,117,113,-26,4,55.96,73.62,134,47,39.12,112,136
23,43,59.24,69.2,69,42.55,112,-40,64.92,64.94,34.25,-18.67,50.44,7.29,72,15,10,-6,1,-9.41,23.51,36.82,-18,112,-5,15,-19.15,72.82,146,-16,-9.19,72.95,39.15,106,-48,-13.22,16,47,55,10
21,37.61,-7,2.7,124,-14,5.43,-19.1,98,107,-12,-9.62,61,26,124,37,-12.59,50,-6,-21,73.84,39,-7,92,46.46,71.33,62.21,-46,39.55,24,-18.1,4,46,123,85,108,19.53,132,36.52,79
128,26,-40,30.82,-22.42,113,56.06,-19.66,30.47,112,-14,-17.24,125,35,88,68,59,145,-6,8,4.07,28.88,-14.63,0.26,70,124,62.76,9.09,7,47,25.14,-12.08,4,121,-20.37,-32,-2.88,26.11,27.88,40.58
11,-13.08,-36,138,-13.72,11,-34,-6,40.74,41.84,69,-39,103,1.4,50,79,-13.77,-22,-28,41.06,0.59,128,35.68,-6.4,22.11,29.61,54.48,-11.99,-40,139,110,66.48,86,97,5.39,13,12,87,47.68,42
33,-4.26,78,142,-22.03,-11.9,21,66.5,-9,132,13.63,50.75,36,-28,15.31,114,85,115,8.31,22.95,126,132,21,-13.43,-11,19.12,100,61.21,19.81,144,54.02,88,61.52,65,51.48,60,-10.55,17,80,16
47.2,24,64.63,31.55,61,-16,51,113,18.39,-11.2,85,-37,46,-12.97,3.23,141,0.77,-16.78,-21.93,29.44,51.35,45.61,-29,-11,-13,63,58.93,89,67.9,129,-1.37,128,94,-47,-3.56,-40,46.59,-40,76,132
-13,-23,-48,23.39,137,57.86,35.37,42.04,87,19.42,53,43,103,-7,41.75,44,20.24,16,72,49,87,8,28.06,53,117,3.79,-16,65,26.3,117,-3,-13.74,65,11,7,48.58,-21.21,59,-5.6,-13.69
63.41,86,77,114,-1.14,117,3.77,111,38.21,89,1.36,71.55,28.7,26.04,128,-4.84,39,66,-6.7,-8,11.07,16,54,130,-4.4,-9.39,26,-9.72,133,79,21.05,133,26.24,139,73,16.46,4,31,95,16.03
63,20.68,41.12,22.87,67,-25,40.21,39,72.7,82,57.35,108,5,64,-23,120,89,-35,142,17,75,131,41.64,33.63,-19,138,114,-39,57,80,113,46.16,-0.41,13,36,-18.51,-5.78,93,20,59.94
96,18.75,-16.17,34.45,-37,40,17.86,16,111,-6,144,59.43,13.55,61,-3.32,145,2.92,84,54.15,56,64,2.48,9,23,47,20.29,117,3,42.34,5.06,-49,35.71,87,10.01,-14,52.49,56.92,10,39.82,23.21
-27,-20.47,46.15,-12,-2,7.65,124,47,26,-27,2.12,35,52.84,48.04,28,144,98,24.94,121,50,19,140,144,31,-8.74,3.02,62.25,46.39,28,120,119,-15,138,-44,91,43,25,73,74,27.38
16,-32,63.12,24,29.35,-0.86,100,-12,-4,42.56,74.8,-22.83,118,-5,-16.64,-20,5.32,62.95,54.08,43,41.57,108,33.79,34,77,141,67.68,123,146,28,-3.72,77,3.77,-13,111,-6,10.59,-8.17,32.62,27.85
45.95,74.38,-39,38.3,147,66,112,76,97,145,50.96,-3,55,36.76,-5,-14,48.99,-16.67,69.51,-27,57,-42,92,142,37.66,68.06,-40,-21.52,28.03,38,-5.22,35,-3.17,117,98,138,-49,115,122,58.25
-29,116,-22,56,63,122,-23,52,56,49.1,-4.33,-20.44,63,59,85,-4,64.43,30,39,-25,106,-28,48.64,118,139,-35,56.77,111,13.49,44.83,-9.66,144,-14.86,60,40.81,62.13,98,62.05,90,-8.14
32,11.09,32.63,133,16.51,-25,-2.18,-24.17,58.99,33,12.06,-15,43.84,8,10,15.86,69,6.93,42.38,8.99,-22,-4,-12.08,-7.04,-1,8.46,107,43,82,-23.86,44,12,14.47,-18.44,-20,50.54,-20.73,103,33.53,73.94
56.97,36,101,122,2.94,-4.6,1.51,-15,68.66,66,33,118,118,122,-29,99,-6.94,64,-22.79,-32,80,16.02,74,-26,-8,94,80,79,-49,0.74,85,43,31,-23,106,41,60.3,118,145,-40
51.14,74.61,23,-3,57,24,97,-7,4.45,23,-11.09,19.47,125,53.67,34,69.23,85,8.2,-14.32,-31,87,27,-13.48,7.49,57,38,-37,19.49,0.51,-23.59,87,-13.83,58.11,16.07,-13,-25,-11.33,82,99,8.38
55,55.88,55.37,27,59.07,36,27.26,3,142,132,71.31,19.95,21.13,8.71,80,138,10,-40,26.41,0,26,57.09,10.19,-12.53,44.15,-10,-11.26,74,-31,65.37,61.69,31,24,79,-32,-16.74,116,-15.88,10.08,-2.44
93,38.93,116,-23.89,43.57,25.49,134,-10.2,14.75,64.55,46.13,12.31,-14.68,24.69,-7.18,112,-19.32,69.14,1.29,118,-17,105,36,27.54,45,-10.83,84,66.84,38,96,67.15,-33,45,38.05,92,-45,21.02,77,5,66
44.3,101,-35,47.49,17.22,-7.3,47,67.42,121,-2,142,49,35,-23,138,58.43,89,17,110,-37,77,111,-6,0.35,-21,73,32,45,130,95,128,56,-16.92,-13,2.91,-10.37,94,27,36.8,44.13
-22.95,94,-2.43,-9,121,-15,2.34,72.38,72.92,0,104,-1.94,108,54,74.12,42.92,137,140,12,83,-19.19,14.41,-33,19,-30,21,69,-6.06,-45,0.72,51.73,31,117,23,16.75,-28,-30,60.16,7,14
-50,-15.72,141,74,78,31.9,-38,7,-17.34,140,-11.46,42,7,-25,71.59,65.58,-21.27,74.52,66.2,34,72,2.61,97,137,17.33,-14,49,128,38.19,75,12.95,-2.31,39.44,25,86,57,-12.32,26.37,17,38.36
53.26,45.32,35,122,58.97,22,1.39,79,44.94,123,118,59,3.04,-7,35.86,37.37,57.55,-11.67,54.53,-14,-7.2,129,-23,118,39.81,-1,139,-17.62,-14.85,41,41.9,73,2.38,16.38,-7,-37,-9.52,55,32.42,-21.83
-32,76,31,73.3,34.15,7,-30,42,37,-15,132,106,57.59,110,95,16.12,19.03,-17,50,61.31,27.74,74,117,-23,-3,15,62,-9.68,-12.5,119,32.68,73,-45,51.71,71.9,60.72,-14.92,56.39,-10.34,149
18,131,10,45.87,16.51,19,59.99,29,130,75,-23,97,79,-23.31,114,138,138,11,-18,-20,-40,46.52,87,127,-45,61.61,70.31,30.49,-4,-31,124,34.65,110,32.29,58.29,53,61,58,64,-25
131,36.74,130,46.54,59,34,-17,64,51.68,131,-26,127,39.44,12.82,-6,-20.28,45,28.04,29,109,48,123,-45,19.92,-32,125,32.41,-10,17.59,-29,31.71,118,-17.29,67,66,68.75,39.23,105,137,71
-42,129,14,6.68,14,100,44,49,37.46,19.71,15.67,70,4.18,122,48.77,72.77,73,29.02,84,45,61.49,10.13,-44,139,54.05,145,137,16,132,16,-31,50,18.51,2,27,10,49.51,52.05,41,43
96,-5.83,60,13.83,14.56,134,48,24.11,42.64,-10.35,52.06,67,52.38,-44,78,23.19,-7.24,66,21.44,-4.83,136,58,-15,81,-46,-23,-16.65,49,47,143,97,35.08,95,40.44,67.21,14,24,36.62,116,31.43
135,8.82,-4,53.71,-34,43,138,-4.69,91,31.17,148,28.61,64.83,-40,-45,63,-29,141,83,145,-50,41,-16.64,59,63.31,0,69.84,70.96,78,85,-16,16.6,144,147,145,73.12,-32,59.21,66.96,-12.26
122,42.32,63.79,2.74,99,-12,-19.17,-4,67.24,63,20,90,34,28.26,-41,61.07,26,-19.47,-10,-21,93,17,-14,10,108,-1.93,-3,-47,140,62.92,36.35,-16,-13,56,64.62,-18.09,-42,44,87,74
20,-34,118,-32,23,-0.39,142,4,71.01,20.42,21.59,3,-3,38,114,43.23,45.12,-11,-13.33,5.78,81,-40,51,-48,37,-6.61,148,104,74.28,-34,55,-39,-13.93,-9.12,-33,117,13.95,130,-22.04,-4
36,113,-23,148,32.6,73.4,15.99,147,57.61,145,68.17,83,5.91,27,-19,19.27,42.53,6,113,145,34.58,-21.81,54.73,35,2,65.22,-49,35,-14.97,15,104,82,65.54,70,68,141,-1.36,36,95,36.88
130,24.07,22.3,36.34,2,143,16,52.77,3.41,10.72,47,54,0,-4,81,52,-41,98,-17,-14,-1,1,54,47.89,50.76,35,147,128,62.98,16.07,106,25,-31,-21,31,55.63,32,62,107,29.96
4.35,17.6,138,118,-36,66,91,59,56,147,-44,17.41,119,99,-17,7.01,-45,-27,-3,6,126,-2,81,141,105,-36,9.51,70.34,129,149,55.26,111,23.42,15.86,37,125,135,49,-23,64.78
105,-47,24.62,67.16,-15.14,127,34,46,117,120,41.27,-10,-47,90,55.79,107,8,58.5,-1,75,28.66,43.41,36.48,-19,84,125,44.11,97,-28,58.02,-20,42,146,110,71.73,-17.64,92,84,-38,26.77
27.24,116,148,26.91,38,62,9,54.37,38,-33,26,110,67.62,60,9.33,65.08,-2,-11,143,17,-24.61,43,-7.39,-25,116,36.19,-10.44,-5.97,101,73,1,-35,0,62.86,36.16,-50,50.24,-28,-28,9.55
26,15.69,-0.19,45,128,91,39,68.03,127,36,38.32,-22,57,86,1.72,45.23,16.7,15,126,73,-10,59,109,47.43,-27,-25,107,-41,97,-23.21,-9.3,47,70.8,20,-18.64,-50,32,32,106,22.48
4,113,3,62.44,-4.43,119,24,-19,-1,-4.17,148,90,34,53,3.3,10,-21,4,-15.34,10,-5.75,135,28.33,141,-0.29,-8.69,-18,-1,0,-4,-43,-21,69,19.85,-6.4,32,47,24,-22.93,90
23,84,106,2,-21,125,137,4,-18.89,33,-24,49,-21.89,70.11,138,30.9,-23.23,115,60,-26,-29,67,2,149,-15.91,36.46,56,74,142,90,73,-22,128,5.35,65,97,67.56,69,-5,78
-42,47.09,149,36,111,-6,112,68.95,25,73.35,56.18,7,48,-10,-22,-19,114,33,18.12,-22.01,78,51.74,26.83,85,62.2,111,5.8,3,-37,6,119,42.64,-23.97,51.98,-4,43.35,45.06,45,61,78
24,68.66,120,22.61,50.39,34,27.05,-13.13,85,-8,4.47,48.6,-13.38,0,32,47.12,69.38,-39,81,12,-1.45,3,-40,21,80,-45,-46,42.31,53,96,55.31,-47,9,77,69.04,97,26.85,-50,38,74
145,16,109,53,42,-48,146,104,117,-34,22,55.01,31,-1,-4,124,18.25,26.14,74.26,53.67,75,36.85,63.68,9.05,-36,80,-7.67,-6,57,119,32,46.42,-4.96,68,37,18,24,-39,62,-23.36
-10.93,67.63,23.83,145,2,66.59,-35,131,114,86,48.23,64,7,114,56.86,4.08,29,12,77,-20,59,67.15,149,44.98,4.28,63,66,91,114,135,-29,53.57,54.89,49.6,69.13,146,8.69,-46,51.44,91
-7.79,-3.32,148,61,-25,97,111,58.15,62,71.36,132,64.52,-22,5.01,107,118,49.44,110,143,-37,68.18,68,-33,-44,28.85,118,-9.32,17.67,8.48,56.47,1.72,64,44.67,24.89,-5.87,73,-17,63.35,0.72,58.73
71,4.12,61,-50,71,78,15,76,84,93,127,45.41,18,-3.35,61.11,142,116,-14.33,9,-3.89,112,-25,71,6,50,70.96,88,-35,63,-5,32.16,18.11,38.7,7.55,40,55.98,30.48,42,-35,44.93
120,-23.18,84,97,31,35,27,27,122,-4.42,11,32.66,144,129,113,47,19,20.54,61.06,-31,132,62.44,69,96,-18,88,44.78,-2.68,69.78,136,147,4,58.59,78,-30,33,-24.66,55.63,25.36,33
-7.97,47.83,11.67,75,65.05,79,-24.87,25.17,-15.67,48.88,-47,17,12.19,94,35.62,9.79,5,141,122,-19.83,125,-11.89,22.37,116,-18,68.3,60,67,-17,22.2,12,26,98,-1.89,3.15,74,44.37,144,103,54.35
142,147,43,18.39,33.73,56,33.13,-22.16,14.36,59,-7.26,-47,-22.05,111,70.89,-2.52,-47,67,149,105,50.39,4.51,56.71,-37,98,40,79,30,-22.85,131,54,70,58.32,51,51.33,-9,82,35.45,68,-28
14.6,61.69,64,74.14,-8.21,-28,-30,33,62.51,137,11,24.27,-5.63,26.12,-7,29,140,71.3,35.22,74.18,53,118,-42,48,61,128,10,100,27,28,42,132,59,10,42,71.22,54,-12.58,-50,42.48
99,138,17.58,111,7.2,-36,4.33,-27,147,59.3,149,54,77,142,-8.17,52,133,26,1,100,33.18,22,29.11,8.11,21,90,139,-8.03,14.54,52.11,38.18,63.64,10,69.6,47.42,143,11.23,21.47,-4.34,29.47
20.04,35.74,36,46.33,-47,-5.77,18.54,33.77,-29,21,50.22,56.22,-20.43,35.59,30,49.5,-8,35,16,-35,-44,34.75,-43,13.36,21.63,38.79,112,61,-24,-19.42,47,-20.66,77,65.1,118,24.14,96,138,3.81,133
26.21,-50,82,-16.67,10.86,73,146,38.25,-45,-5.16,62,-14.27,80,82,-10,139,-10.22,14.97,100,19,29,54.85,125,14,-43,39,10.87,117,89,16.02,-45,16.55,3,72.08,53,-2,-48,4.42,-28,116
6,-8.43,55,145,105,-21,-41,29.23,-1.99,26.53,67,5,58.26,34.93,-36,-13,34.96,12.2,-12,-23,53,-21.56,127,66.68,3,90,73.68,-34,29.57,7,83,36.37,7,10.12,38.04,26.61,-1,49.94,2.31,37.29
29.54,35.55,47,-3,33.83,62,39.69,21,-42,118,31,8,4.28,67,111,5.8,-50,56.79,143,-24.99,-23,111,127,0,-50,33,72.32,31,121,-47,-33,-23.06,-25,5,50.69,-25,117,48.08,49,-20
13.78,28.96,120,75,-26,76,38,132,-5.98,12,62.6,13,50,58.44,3,23.56,-5.92,-26,133,116,-2.86,14.64,56,24.65,63.96,16,58,-24,-17,40,-17,-17.51,148,-7,50.48,66.02,133,-11.7,55.36,7.64
33.65,96,55,25,114,89,66.77,-11,33,-6.42,45.73,138,-12,131,-2.8,4,116,77,-18,-10.89,-10.59,-38,33,56.23,44.06,81,84,129,-17.36,120,20,-6,-12.45,112,65.5,143,57,27,0,-40
-1.29,-10.33,-45,146,-17.38,126,-20.3,-23,33.33,14,46,-4.92,65.96,7,29,17,76,84,117,-22.5,121,39.58,64.92,-20,30,-27,-20,95,9.23,138,56,96,4.79,144,-30,135,2.04,76,61,130
-23.43,53,145,-5,42,134,-6.06,-30,18,32.94,114,66.56,-1.03,41.22,85,11,15.32,-27,35.82,130,-26,2.52,-15,56,89,129,-6,27.27,71,-30,6,-43,73.14,96,87,19.91,58,15.75,114,-21
-41,43,147,21,2,-12,32.2,60,43.56,70.03,38.81,6.58,70.39,64,61.52,-44,86,47,88,2.13,13.2,55,-32,-5,32.5,134,14.37,-4.41,49,51,133,55.05,27,119,-49,62.38,-30,44,-19.45,2.87
64.4,-9,-49,2.83,129,145,40.73,64.92,106,72.06,58.38,-20,45,54,-42,71.06,31.28,64,135,16,51.85,120,-0.2,36,46,71.62,-6,46.09,56,75,39,65.74,106,52.59,96,146,-42,42.01,62.33,143
129,91,-2,50.96,3.06,92,81,74.73,112,-11,-48,39,14,72.79,134,-28,132,12,86,-1,82,27.04,96,98,63.85,-5.48,108,37.95,69,99,120,40,2.07,118,-49,55,147,147,51.22,77
-7.45,-5.23,-44,-8,61,23.91,35,73,54,55,-35,20,67,88,131,3,149,7.63,0,46,147,15,40.2,148,-22,-19,86,-2,-17.63,111,-20,4.76,-5.32,34.76,71.65,20,-0.82,-28,59.9,-38
63,142,25.78,104,38,68.82,-6.44,38.13,-10.25,87,-22.33,71,68.1,68,22.82,5.38,121,44.54,-45,108,-23,139,24.38,-18.52,-47,121,24,-16.38,29,131,22.66,145,117,23,-14,-0.59,-16.58,139,79,93
-4,-34,-19,-8,-20,73.72,52,104,100,61,-47,103,37.34,-22.49,16,107,-19,98,80,64,139,-27,-4.58,135,146,17.4,95,101,44.61,-22.19,24.59,100,21.33,-24,129,-20,49,-5.69,142,109
-10,-27,138,66,-21,40.33,55.1,42.05,-44,119,15,31,26,92,107,7.05,36,12.95,123,22,9,127,7.95,-41,43,28,-19.22,82,-9,49.42,6,52.51,3,-4.89,109,143,-13.76,90,61.3,131
59,11,15.76,-12.46,83,6,32,20,-10.48,64,49,26.58,133,48.49,13,94,10.28,-9,-28,35,54,51.73,131,14.33,74.93,143,45,65.55,57,-10,26.24,-14.97,58,62,-1,-13,-29,51.4,-46,-48
23.26,143,20,115,53,64,128,77,19,50,48,136,-0.27,60.17,45.48,33,91,129,54,33,41,-24,49,35.34,92,56.61,-19.68,6.51,74.34,63.53,-6,52.96,74.52,-50,-23,121,44.46,100,40.89,21.92
35.59,-8,141,-8,20,68.82,20.63,37.03,105,146,125,-27,27.09,38.02,52.34,144,124,57.13,68,21,45.21,41.13,8.15,59,-49,26,-13,85,30,110,-7.73,12.49,75,42,39,27.9,-18,55,-34,69.18
-28,-11,-20,-32,35.24,44.72,-21.72,103,18.6,-5.81,52.55,71.11,-42,17.38,-13,-47,-16.95,15.86,2,-17,33.12,-11.19,13.16,-20.41,-33,54.35,-16.84,-8,-7,40.42,75,-27,38,119,56.01,100,45,-8,48.97,-16.26
-11,-1.25,33,-20,18.97,55.82,-18.03,17,47,52.56,-20.68,-42,36,-44,5.55,90,63,79,47,123,45,63,52.29,32,-5,-12.14,60,-21.2,65.67,75,39.82,38,98,111,69,34,22.61,136,-23,103
4,59,48,13.98,23,-8.57,40,56,-15.44,-37,25.56,1,-31,72,32,27,49.66,49.66,85,8.27,17.2,76,-34,-42,124,44.33,56.63,50,-5,-3.63,-7.97,-18,50,125,-19,31,-5.79,-6,49.04,14.24
112,28.88,43,59.9,67,125,-4.11,122,68,20.29,-28,-1.96,39,31.73,29.57,101,-5,-12.09,49.18,18,121,-35,70,117,3.27,83,-10,84,72.74,30.86,19,44,146,91,117,-11.5,79,56.12,13.25,11.91
-27,-42,99,-2,71.19,27.89,24.02,53.99,76,-14.64,-36,-7,102,50,19.77,84,21,-17.33,108,66.14,108,8.31,130,-7.52,11.83,99,65,122,69.72,130,-8,29.54,27,58.84,109,149,-38,74.28,41.2,22.53
22.72,135,-12,54,61,77,85,134,-22.69,61,113,62,-14,10.96,9.44,-5,-33,-7.22,46,-40,63,145,50.99,0,21,132,49.05,-17,46.23,10,12,72,-9,-6,41.6,141,148,106,50.97,14
-13.44,-20.49,-15.48,27,-5.38,92,75,100,82,-18,101,54,67,82,75,12.34,2.66,-11.48,-6.84,49,5.82,67.96,-49,26.49,56,-17.69,-12,46,-32,100,5,-12.42,111,-45,74.18,22,-0.57,55,19.72,38
55.77,-16.57,7,19.29,40.19,-31,72.27,22,49.99,147,-18,-19,38,-23,37.39,1.78,50.99,64.38,41.55,35.58,46.83,35,9,34.25,-23.11,37,1.5,106,-36,31,55,-35,70.77,48,15.46,36,148,-7.88,30.6,15
33,-38,7,-23,67.76,-18.29,41,85,42.25,-44,-1,45,2,-18,69.68,-12.36,-0.16,66.73,129,9.64,82,57.73,147,15,-2.62,49.74,-36,-17.15,28,23.59,46.14,-17,-16,67.28,-17,-28,-19,33.65,118,41
-6.54,119,-11,-34,110,83,24.13,120,9.4,63.9,-3.54,-8.69,-41,35,72,105,-1,0.48,109,3,-23,21,48,-24,-20,36,29.66,-19.63,73,25.18,12.12,-4,12,-28,129,98,71.62,35,35.61,40.77
49,-10.74,25.03,94,18.29,45.35,65.15,2.43,61.56,42,31,120,-0.04,8.85,50.01,-12.54,-20.76,17,97,50,67.17,7,-19,26,7,48,-15.39,25.07,-14.16,3.94,27.37,5.54,19.64,-12.71,51,34.59,14,39.39,56,38.67
25.05,15,55.68,73.49,-1,67.52,17.72,6,-23,92,-8,17.19,112,-20,53,107,63.83,55,70.37,44.23,-12.6,-4,44.99,-19.64,18.06,44.37,13.38,32,50,47,103,54.13,35,21.67,24.55,-4.13,-28,134,107,10.78
-0.32,12,-26,30,-24,21,71,45,129,66.45,-49,71.09,48.35,94,103,85,67,88,108,-10.92,70.57,-7,0.55,35,28,-19.89,17.51,1.96,64.14,65.89,-6,66.62,13.86,12,65.51,54.41,115,-2,113,126
52,30.27,22.11,11.67,-28,42.16,76,-16.54,87,8.65,-17.79,4.95,101,24.94,66,44.48,-49,133,63,83,1.22,-16,-13,46.82,105,11.6,14.77,43.96,16,132,146,41.93,-0.02,-44,37,29.67,84,13.79,23.43,39
-13,71,-49,71,91,74,-20.33,48,37.66,-24,37,56.13,-8.02,53.35,-12,-34,-23,31.5,23.17,106,52.03,19.3,133,86,45,20,73.09,73,33.98,-5,-27,22.49,75,-13.57,79,-17.65,-30,-0.44,51,44.3
53.12,2,44.93,-20.71,19,65,49.09,8,149,146,15.61,45.03,67.79,30.62,93,-17,64.61,-5.64,1.63,112,-41,-17,96,14.49,34,12,70.65,106,47.37,12.58,127,8,51.95,-38,-13.6,26.5,123,119,4.28,-18
30.78,-3.91,-10.37,-4,125,-38,44.93,-1,4,10,126,43.83,55.79,71.62,0,-23,74.14,-21.87,44,-18.81,102,40,45.46,41,8,20,34.39,-10.56,73,-1,111,-11,56.34,19.39,0,-48,61.54,67,25.07,121
59,46.49,-14,73.33,-8.1,12.65,60.23,66,47,0,144,73.7,34.71,-2.3,-1,40.41,9,-13,-9,73,70.86,148,67.73,88,84,133,102,6.62,-49,-15,96,137,77,-20.79,37.19,46.89,30.8,31.74,60,113
-29,25,-12.62,107,104,109,-13.26,33.29,-24.22,66.98,-10.42,-42,35.56,53.64,11.42,-14,0,52,37,12.63,110,-47,32.68,69,38.59,43,130,-42,-7,63.51,-30,61.77,64.76,118,135,139,-23.1,87,12.45,-17
66,116,-19,9,14,18.29,63.56,110,45.07,65.95,72,60,59,127,62.99,26,-12.91,69,114,43.27,-14,61.18,65.6,60,7.85,34,92,69,-24.91,12.31,60.48,19.5,121,13.79,62.79,85,140,-41,-21,61
75,132,73,44.64,35.81,25.04,35.7,-8,-25,102,-24,10.16,66.36,-44,-19,95,58.39,-18.71,33,126,70.82,-7.68,112,69.9,136,70.59,33.77,54,-50,7.77,83,57.4,23,73,49,65,32,-1,146,12.91
-43,42.25,-47,17.48,37.09,62.46,-7,-46,-9.03,66.71,-49,-36,-3.78,50.2,8.02,97,17,95,-3.2,56,26.32,88,2.52,-10.87,125,39,7,50.21,-14,68.82,24.29,11.06,-21,11,53,128,32,71.81,39,-24.56
43.53,5.01,90,54,122,63,30.23,-17,-36,67,67,-24,27,97,-43,-18,21.14,-10,-15.02,-21.77,57,112,53,105,87,-3.45,38,98,-33,-34,73,36.21,-21.28,34,-36,35.99,69,-22,55.11,36.49
13.92,-12,108,47,135,-15,36,40.81,5.95,-18,52.9,8,25,73.19,-9.12,54,131,122,82,70,10.54,-23.99,123,136,60,27.37,138,-38,39.67,-9.85,58,-7.95,-43,-0.11,7,-23,-16.25,-33,-9.52,-11
55.57,15,5,19.98,32,-48,17,115,-22.1,57,66,68.13,4.17,46.38,-3.49,11,118,61.11,71.72,58,14,35.8,83,58.72,112,-3.74,68.53,8.5,-4.25,49.39,48.91,117,-14.72,84,93,-10,146,124,19.64,-11
-19.78,-16,103,68.05,56.9,77,55,26,-16,80,-2.13,96,8.9,-21.97,104,10.56,19.98,43.48,53,-44,27,82,45,88,142,64.71,21,54.35,9.95,66.62,65,-42,14,53.45,44.55,52.61,35.7,142,-19.31,24
39.93,129,96,41.71,68,74.78,-7.05,-15,15.86,66.34,-24.19,71,118,74.79,38,-41,0.88,4,61,7.33,36,-8,-15.56,6.9,4.53,37,11.65,89,82,128,17.6,75,51.77,28.98,-11.54,-10,-27,70.55,5,52
9.95,60,118,78,113,45.04,104,14.48,3.13,3.29,-42,103,-15,112,-16.19,-4,62.06,71,51.29,54,67.81,-29,-36,18,82,17.58,41.83,-22.87,138,89,82,33.9,127,111,13,16.6,134,62.36,62,146
74,16,73,133,6,50,-43,119,51,54,118,28.2,-4,-21.86,62.09,57.5,-24,-8,138,-49,73,82,42,82,36.04,20.2,54.5,-8.11,69.1,78,-36,-34,126,-7,135,6,-3,21,22.88,-44
3,53,-33,19,52.27,58,-18.27,-4,-2,43.93,106,-43,83,55.92,45.36,73,111,-20,21.75,15,-19.42,89,29.77,-30,-29,51,72.56,76,67,96,-14,-25,28,-50,38,70.56,-43,-6.88,66,35.02
-21,-18,-44,16.27,30.87,55.87,16,72,36,17,57,68.12,5,0.06,61,-50,136,109,-18.89,56.11,21,-46,59,41.49,-5.17,47.85,109,-0.25,-50,48.79,32,30,117,3.77,114,-9,50.96,38.18,34,-15.39
142,-16,60.08,14.17,70.05,-41,21.79,56.47,-47,-7.04,-13,-1.38,12.75,148,52,-43,-50,82,43,41,-15,85,144,64,64.36,1.03,50,-1.55,98,69,88,1.51,121,37.37,148,-24.85,136,141,-35,10
22.15,-14.84,-14,-6,64,12,16.12,23,133,137,8,145,76,-28,124,34.77,92,73,-43,58.84,-24.27,57.65,74.14,24,46.46,99,129,1,139,148,-49,45.93,11.69,48.18,-33,8.89,63.65,114,1.54,19
83,62.65,38.98,-2,4,-11.82,-39,127,46.06,26.94,-27,-12.99,-34,131,119,117,130,78,81,51.21,9.22,21.85,139,-5.83,-12.64,61,2,-43,33.41,107,21,37,3,38.16,-2.06,47.08,15.48,72.08,99,22.21
-1.31,-9.95,11.92,72.49,-19,-23,70,98,104,-35,122,94,69,22,65,54,7,-2.42,70.67,20,96,44,-10.95,7.08,119,-29,34.91,54.6,-5,-11.07,29.07,74,101,29,122,37,-25,-40,108,-46
64.39,-34,20.83,68,114,-49,40.92,-44,146,-9.83,19.08,7.16,33.83,61,53.29,45,15.93,58.22,117,59,-9.26,59,-23,38,11,11,4.84,-24.1,55,45,44,47.24,33.72,68.21,11.49,-35,-9,40.65,104,-24.39
87,-7.92,37,104,-48,47,70,98,29.72,35.81,53.57,67,-37,69,41,0.43,103,16,4,57,148,65,11,44,122,121,13.41,-20,20.12,12.38,5.7,-36,12.31,-49,46,68.07,138,46.37,33,56
17.32,4,13,8.86,-3.77,70,45,6,-5.33,138,-0.66,-6,142,20.14,29.15,57.57,65.61,-23,-12,51.2,8,29.06,52,65,30,11.45,-23.62,92,53.84,69,-40,-13,24,3,38,-50,-6.6,-15,118,-1.06
79,58,114,6,98,91,67.11,-2.85,51.76,115,79,-44,-31,137,32.35,10.28,58.22,19,84,9.57,63,13.21,23.52,-19,55.96,-5,37,21.3,42.29,48.38,109,67.62,59.28,25.16,40.66,16,59.32,3.45,38.28,43.22
-48,73,63.35,-23,3.47,107,-38,5.13,24,2.34,-41,-17.83,-0.54,113,83,-14,-13,13,87,38.17,-3,33.4,64.34,-48,58.89,57.48,11,0.75,69.6,27,98,70,-19.33,-50,62,45.96,72,125,102,129
71,-24.05,-14,67.31,15,-50,-4.2,106,90,-24,26.96,91,61.38,74.56,60.65,52.56,-9.79,32.29,2,20,34,125,43,-47,17,-17.33,-6.53,-9,6,109,67.01,-26,129,71,121,56,68,-42,25.47,9.28
84,-11,-44,61.29,-16,70.26,73,-10,90,128,132,19,20.66,66,42.79,-2.17,104,7.07,56,66.84,-11,24.16,13.44,46,133,90,-24.64,-19.62,94,100,-19.03,-40,-50,94,12,110,110,3,-0.16,67.44
-20,87,-14.03,46.24,34,37.81,28.81,4.98,65.65,2,50.23,18,102,8.68,123,-6,48.42,-12.81,70,128,6.59,23.94,128,15,22.36,67,114,107,43.15,7,-13.41,-46,-5,-34,46.71,134,77,21,46.86,79
5.77,-25,40,11.24,3.58,144,59,-19,-8.16,139,51.7,117,50.25,147,108,67.26,86,83,-48,24,123,-47,20,56.28,128,4,39,27,-0.85,48,-16,-20.49,37,21.24,110,-39,-14,39.84,138,91
53,-13,95,5,149,-21.88,-8,90,104,-41,6.89,74.5,20.41,1.23,49,5,120,-5.5,7,140,119,120,83,149,78,30.01,74.48,27.51,64.9,112,-32,7.11,-27,76,58,54.36,-37,-9,39.41,-19
111,24,-15.95,69,-21,65.28,53.1,45,147,96,83,-41,11.36,108,40.35,117,-4.22,-4,8.36,-13,13,136,35,-9.31,1,29.12,63.42,70,-20,126,55,65.55,-20.42,62.46,35.18,41.32,57,-4,-13.75,109
65.39,7.45,-1,12,-16,-33,20.08,88,9,-9,131,29.5,5.06,13.2,17.58,145,88,20,-23.06,21,57.52,-37,10.1,67.68,12.67,78,-1.99,133,53,37.89,-17.91,-19.13,-14.69,45.7,47,11,62.29,-47,43.73,-26
-4.44,93,59.46,22.5,6.37,122,132,-37,23.21,70,140,86,1,4.21,-16,71.69,67,-21,-36,10.83,98,72,136,128,28.76,8,21,63,76,-22.36,-23.75,67,48.49,-21,33,42.12,-36,60,138,28.42
145,-6.15,33.08,-1,23.69,-19.6,143,-7,28,34.58,-34,73.63,137,12,-2.02,-30,22.65,75,30.85,-31,66.36,9,58,26.65,48.07,-4.9,-24.5,31.14,-39,-11.57,-15.63,18,37.46,24.82,-3,-32,-0.29,78,5,41.98
104,70,120,-5.69,78,-13,-7,59,56,28,1.08,69.54,8.85,78,28,34,-12.12,-21,14.98,77,-13,-7,38.1,-49,73.36,-26,85,99,94,59.74,117,61,61.03,21,-6,72.68,42.91,-48,65,22
5.56,61,85,66,14.84,35.77,-7.59,73,135,72.12,-26,21.82,50.32,-0.47,2,57.61,4,-36,29,23.48,43.35,65,112,45.59,102,-6.73,120,72,-35,39,67.51,73,20.82,-34,45,-11.93,-12,31,-44,96
66,0.39,114,74.94,54.97,44.31,145,-19,62.3,104,52,103,18.01,-23,55.9,-33,17,100,143,-12.81,24,38,139,62,46.78,-16.08,146,24.14,149,70,-14,57,11,110,-35,23.77,1,-31,69,-21
28.91,25.4,-18,-47,22,84,129,85,52,34,8.18,-18.67,119,121,131,-28,57.62,-34,26,-41,0,57.15,73,-32,33.75,26,-2,30,-15,141,31,-9,131,50.94,72.93,35,15.96,14.01,16.44,-11
16,72.08,41.59,-25,66,46,149,67.28,-3.2,44.19,4.28,103,106,131,60,-44,140,-34,55.82,-33,128,-4.38,109,13,-30,114,98,11,59,33,52,60,66,68,58.82,84,18.84,57,-23,-30
105,53,125,-46,-4.43,63.99,0,61.86,19.52,-5.97,-12.97,28.55,22,27.48,9.31,54,73.24,9,95,26,73.25,49.86,-5.13,-5.68,62,33.3,-21,-15.84,-48,77,136,10.27,20.82,0,138,-0.34,6,53.52,-50,134
141,-21,35.62,107,-24,-31,130,-0.75,-21,62,87,60,-3.11,129,-30,-7.57,-1.61,25,-30,82,28.96,86,-19,49,-42,3.87,-11.64,75,40.63,41,11,-13.19,-14,29.6,-14.85,-2.31,-45,-8,45.99,66.31
13.89,13,26.44,32.27,-21.22,0.1,42.27,-42,1,53.18,67,66.87,42,-8.51,-22.13,4.03,6.99,14,115,55,64,147,130,103,149,-14,127,45,55.88,22.56,24.52,66.04,-19.38,23.73,43.43,103,13,36.9,1.52,40.7
13.67,113,7,104,-46,28,-10.98,-18.28,64.21,81,-11,44.26,30.68,14,-8,75,-4,83,80,141,-7.2,106,-3,99,135,-38,29,40,23,-6.8,122,-40,-29,-40,55.57,-4.34,112,35.43,-12,-9.91
119,-43,-49,-37,94,67.03,116,-22.7,15.71,-1,-40,116,124,58.12,40.25,40,51.28,18.27,-24,42.51,44.34,64,-1.27,-48,39.93,109,-47,126,-4,9,6,48.33,42,63,40.57,139,-39,138,51.24,42
5,67.95,70.34,3,8,25.91,104,-8,-2.06,22,58.4,49,70.83,-14.33,14,29.15,20.5,52.13,1,-4.56,-9.92,99,66,40.93,133,21.29,92,47.19,54,29.69,9,41.97,-37,74.53,0.55,-23.8,50.3,134,47.79,100
-47,-43,138,25.67,92,19.06,116,-4.21,56,22.6,77,-0.86,-40,46.76,16.05,-14.96,50,-34,126,-9.95,-24,-43,28.05,52.83,80,40.76,22.28,6.54,11.62,91,-12.08,107,-15.19,-22.17,53.91,-22.62,-25,72.82,32,37
25.6,90,28,-8.66,62,20.97,60,43.06,6.04,66,59.69,93,69.38,-25,11,56.06,35,131,-16,11,-22.96,66.6,44.83,74.33,104,-13.25,14.24,27,81,-16.09,-0.61,60,115,26,27.08,147,147,61.42,-29,67
0,144,70.16,43.63,48,-26,46,20.59,-24,68.79,58.97,58.37,-18.46,46.56,143,2,1.9,49,129,106,40,-16.82,62.39,57,62,2,32,60,56,36,31.27,-10,9.48,23.67,21.87,69.42,131,129,2.3,-8
124,-7,-33,56.68,81,55.56,-38,125,125,68,10,138,-40,95,29.4,102,35,4.37,39.46,-1,65.74,-37,29.91,94,-11.25,-11.47,-20.58,20.49,61.59,42,45.12,-15.58,96,-22.86,108,134,16,-33,-19.77,97
17.84,-22.17,60,10.26,51,-19,33.96,-23,25.43,58,3.96,-14,-40,-17,-11,-18,113,43.43,53.7,89,46.73,26,62,67.75,125,31.76,10.12,148,58.7,-17,64.32,6,38,60,26,17.62,97,60.17,10,88
-20,-49,-11,19.92,111,48.06,-28,66,90,67.91,92,54.03,57,48,72,-11.96,115,75,145,-45,102,134,109,136,66,57.04,60.03,-13.5,20,75,39,48.62,73.47,12.84,-21.98,6,42,97,14.66,-35
-50,40.06,99,-16,67.33,83,27.78,-19,-30,-3,-15.27,-22.9,10,64.75,90,15.21,-7.11,12,66.63,-31,95,37,91,46,124,-23.18,0,84,-14.29,81,-33,123,8.16,-29,70.84,2,81,-6,96,90
-45,6.53,44,-20,4.62,-23.65,-1,142,-20,42.99,36,10,-32,-42,112,51,5.48,29,67.61,-10,81,3,65.83,55,18,33,57,-24.86,133,78,81,71,118,45.32,20.02,31,113,4.68,-17.5,22
66,-39,-3.42,63,30.68,-6,-8,84,86,59,32.01,-10,62.29,7.55,8.15,29.4,25.83,103,-20,5.7,-26,67,32.76,-8.87,43,-6,58,143,33.08,-7,-6.18,102,23,-0.26,81,63.83,140,134,67,29.83
118,128,22.6,-1,54.23,-46,62.92,58.97,127,17,32,55.91,28.6,10,52,-32,-47,90,126,-15.45,-31,45.77,59,138,71,18,62,83,38.59,14.64,12.33,-44,65,91,61,32.3,-4.75,-46,-10,87
87,21.98,70,60,126,35,85,128,-23,111,26.99,109,46,54.7,128,80,104,5.4,9.04,-48,-48,-8.29,119,35,45,-19.18,145,65.69,5.28,2,52.11,-8.08,126,35.89,47,-17,35.27,113,50.89,56.4
116,-40,31.32,47,96,-2,26,28,-17,40.58,129,52.66,28.97,45.51,109,-4.54,-1.2,-9,51,117,26.12,113,15.23,-15,-13,-20,2,130,72,2,10.83,22,135,-8,101,-19,66.25,16.32,134,-19
71,129,-37,74.63,148,69.76,108,147,67.17,22.76,62.32,-10,19.39,-6,121,135,-17.51,97,22,22,23,-10.53,12.65,2,67.15,97,96,128,-24,11.93,-21,-20,141,139,-22.96,-2.43,18.37,-45,39,55.38
58.22,136,68,24.43,132,46,34,120,36.31,94,-4.86,79,47.96,-1,1.06,86,114,-39,45,41,36,55.32,62.18,25,54,43,38,141,9,53,5.41,79,86,32,49.61,22,134,-22.79,70,-6
46.63,15.63,62.71,35,64.33,41,0.49,115,21,42.18,-2,149,1,-47,13,144,-42,106,8.77,102,0.02,10,-10.52,141,40,28.38,115,33.79,17,-10.98,10,43.96,7.45,141,54,26,97,60,13,-4
-12.35,67,-0.37,28.75,-4,94,89,65,129,62,66,80,-0.22,114,73,97,7,10.1,128,63.65,14,28,39,-11.09,73.1,47.4,-12,51.87,-15,-29,61.76,12,-8.94,8,78,90,26.92,12.77,55.98,36
84,13.35,18.69,73,34.07,39,-1,54,-17,18,64,95,6.34,-12,3,-13,46,-24,78,35.43,-14.53,-32,29.96,23,6.36,-21.51,134,-18.6,127,69.01,-9.35,-10.67,-3.92,74.85,28.19,8,29.71,-38,-21.58,58.36
58,17,116,-5,33.99,100,57,72.28,117,33.85,25,-26,-2.12,3.45,-9,113,25.97,110,63,48,28.15,29.39,67.58,1.19,55.89,125,112,22.88,47.19,48.69,17.18,8.21,75,16.2,53,24.12,36,66,35,65
3.46,-50,47.09,41.8,-7.91,18.99,113,30,124,50.08,1.45,148,121,1,-39,-38,136,83,4.17,121,-9.06,125,41,45.02,54.79,83,-7.52,70,-33,41.74,35.7,1.49,10.77,141,66,13,13.91,119,52.4,-16
58,73.11,-16,-12.46,14.62,114,34,135,-17.71,104,29,13.16,58.6,38,120,-27,71.66,75,58,-44,25,37,60,99,-5.01,88,-23.15,69.56,12,25.02,-24,2,58,92,50.7,138,10,54,146,72
111,94,127,-4.33,101,50.61,-23.11,35,74,17,20.63,-15,-33,129,130,36,50.17,70,41.08,4,61.97,-20,22.83,91,50,135,127,43.82,92,28,131,6,-32,112,37,9.73,8.79,58.03,31,126
34,41,96,-22,116,-20,79,111,17.86,38.43,32.06,20,71.74,-24,29,-8.3,51.14,48,108,36,19.2,27.97,32.21,-30,59.57,53.81,65,-1,69.08,35,55.05,83,70.39,122,65,-24.5,-24.61,33,-12,-40
14,79,-12.41,-2,69,39,39,-30,66.76,34.08,-22,72,146,-31,148,-21,-19.97,59,13,33,43.02,-4,89,33.35,58,-13.37,10.37,-3,55.85,113,-20,-14,43.72,68,0,51,2.17,126,20.41,46.74
-32,-11,43.15,122,-37,-13,-41,-2.06,7.01,53.14,-4.6,136,10,-4.89,57.18,48.29,23.87,-2.78,1,53.2,-10,141,-0.25,0.51,30.46,-29,28.73,-16.86,0.12,108,43,64.76,130,64,55.06,3.24,31,49,-13,66.62
114,0,15.09,26.71,112,1.55,16.6,126,44.28,5.14,128,138,116,-5.51,51.24,72.49,71.4,75,21,-34,90,23.17,10.9,-36,11.86,-23.08,47.53,72.46,-18,133,78,73.91,118,45,-4.87,-7.08,29,-12,-14.68,5
-16,67,99,73,36,90,142,-2,73,-18.32,34,111,18,119,101,7.79,16,35,106,-24.66,3,133,7,44,-42,94,66.57,-0.02,63,-14.21,52.64,62.57,39,74,39.14,37,-2.04,11.13,40.15,-8.43
72,134,19.42,50.27,138,2,-32,21.79,61.92,-3,15.76,-7.04,65,98,21,66,138,18.18,-7.86,103,22.49,98,15.54,25,133,29.63,27.16,148,40,51.56,-14.06,24.93,20.44,6.3,-8.09,11.6,-12.03,20.78,104,23
35,132,112,132,28,23,-18.5,74.46,65.57,135,49,8.43,-1.9,25.79,66.95,110,38,117,53,-25,37,17.52,31,36.12,50.65,41.37,77,14,36.87,123,-5,62,-10.59,88,62,12.98,96,-44,78,123
19.23,57,29,121,77,111,35.65,86,114,9.48,111,94,-2,-7,-17.45,-16.75,7.2,32,71,57.79,74.98,88,94,107,-38,16.01,27.66,149,59.11,57.7,54,26.62,42,-34,133,-4,97,62.61,73,-15
-3,52,-40,-40,29.37,23.3,37.84,40,-20.84,41.74,58.35,71.75,-8.4,-31,138,35,71,-11.57,101,-46,13.89,57,40,70,70,-1.46,-46,-21,-47,35,-10.22,-22.79,16,-13,71,-11.94,142,69.96,-12.78,7.89
91,-3,12,13.57,-33,59.67,8,-21,104,32.8,-46,133,32.7,8.6,8.07,114,107,57.9,117,-20.95,44.59,31.64,-23.94,10,-13.34,72,-17.63,91,7,-2.41,71,47.83,71.09,53,144,140,-21,50,-18.78,41.05
-19.21,35.88,38.66,-3.51,118,-2,-4.95,-16.72,39.33,129,125,87,123,50.2,54.14,145,38,109,2,37,82,-19,74.64,-35,11.02,11.56,-21,20,137,64,38,14.6,72,71.07,54.89,93,28.05,0,-47,106
-7.52,19,19.16,17.87,-27,49.65,72.97,46.64,-31,14.37,-17.85,36,61.33,5,27.81,19.79,130,-3.48,21,57,51,-31,63.29,-37,37,94,50,46,59,5,-41,93,21.65,101,1,21.86,27.59,70.18,-16.67,23.13
42,98,85,-5.99,125,-11,60.32,-10.52,41,-8.62,104,106,-11,142,135,57,36.13,133,-21,74,-3.77,78,29,61,22.03,141,17,36.46,-42,63.05,30.83,10.72,49.77,113,38.33,-6,49.66,55.94,69.89,14
66,17.23,136,-3.61,-19.46,44,120,17.38,-49,62,-8.65,0.1,-4,-9,86,14,94,-46,57.84,-30,-6.41,49,36.42,93,19.17,84,25.08,-16,25.09,17.54,85,57.35,38,104,32,90,36.44,18,31,117
40,118,32.37,41.1,43,86,10,35.64,45.51,104,102,31.55,-13,149,130,-15.45,91,19.2,-1,-19.88,69.12,23.83,-8,9.52,2,60.34,33.74,41.94,-1,45.84,118,122,-9.24,69,26.39,-18.73,-9.61,-9.94,6.99,-11
145,-17.84,19.46,114,-18,-41,110,-25,99,60.81,3.79,30.84,138,-12.56,9.04,-7.37,56,46.18,123,-10.86,14,16,119,-23.68,72.48,20,68.54,42.14,136,2.71,64.22,1,-32,58.73,-50,9.5,138,110,61,99
13.69,44.83,17,127,129,40,43.14,115,28,6,-35,48.47,111,26,-6.63,20,19.54,37,44,33.85,54,20,-47,34.93,-16,69,-7.61,111,142,138,-3,49,11,65,69.41,147,70,47,24.14,37
102,48.72,77,55.59,95,59.29,72,-43,-19.5,20,145,53,82,34.73,56.2,133,128,32,-18.47,88,52.95,-12.84,101,-5.35,20.46,34,24.72,-36,8.75,33,6.36,-10.2,148,98,-20,24.09,32.63,2.32,73.94,61
50.62,43.15,54.69,49.3,-6.14,50.67,27.42,134,110,77,-40,22,0,-36,64.03,-22.74,67.4,-13,12.35,66.92,29.62,-16.21,135,139,-25,122,-16,47.88,92,74,12,61,114,-1.95,7.82,15.63,135,62.37,55.73,-25
-21.68,104,-7,48.32,99,-2.75,68.71,24.45,27,-4.08,73,6.7,-12,35.73,-19.35,-23.1,131,-2.86,97,13,5,126,132,23,68,102,28.1,44,20.02,-36,148,112,71.79,-17,-23,-4.98,52,70,122,21.36
148,54.28,69.71,-2.36,-10.11,18.17,0.95,46,90,25.68,79,-0.02,34.09,35.53,56.45,28,-9,72.78,131,-4.91,38,-49,-4.94,0.52,16.21,-25,31,29.57,69.87,20.35,141,49.96,-17.87,16,22,34.94,-21,32,73,137
12.48,-7.67,41.23,68,38,135,66,36.68,78,-16.32,88,44.85,44,99,34,135,68.36,16,-13,-15,-26,-19.74,94,62.54,100,19.47,106,-21,69,0,59.57,58,-49,36.94,-20.28,123,39.46,72.75,-23.48,-24
103,100,4.36,9,21,120,59.07,67.49,-6,80,-25,84,-14.76,50.61,-5,143,16.22,120,-4,4.92,49,20,137,51.62,71.25,147,44,76,58.31,7,82,111,62.22,49.88,118,-25,-9.76,-20,74.53,3.91
59.12,42.75,58.18,32.47,15,25.88,-6.22,68,-12,9,1.71,-3.75,39.49,-27,21,83,96,19.71,-27,-3.95,35,129,58.93,-0.14,65.15,82,-34,76,96,30.45,-50,52,124,60,-10,55,35.59,-18.69,26.8,16.68
67,79,60.89,31.15,-5,68.58,68,1,44,70.23,43.17,-21,69.11,8,59,22,22,-11.81,27,13.78,90,16.34,140,66.33,69.04,-49,121,27.05,-14.01,-48,28.39,-29,89,-41,2,12.6,102,-22.56,-2.21,-19
65,140,25,111,93,-6,38.55,-21.07,18.66,-6.47,114,73.03,62.42,-12.05,49,70,-4.82,127,57,10,66,-12,3,-11,19,21.11,38,-27,-16,24.61,11,36,-20.46,21,54.39,12,70.54,32.92,87,42.79
102,71,-2.43,33,85,50,-50,-22,7.8,-28,69,58.62,13.07,23.62,135,73,114,-17.27,-23.42,18,63,-15.51,27.4,72,1.92,139,39.53,28.69,129,62,-37,135,-16.6,10.59,39,-7,-33,143,-18,80
-45,123,39,43,145,109,-13,42,45,18.68,-1.51,-15,111,101,28,53.62,-2,140,66,10.4,50.86,61.81,5.35,50.35,96,40.81,89,59.33,50.16,47,49.36,136,8.33,90,126,57.82,-14,-5.04,-34,75
66.36,-23.32,-49,-19.74,-10.86,20.47,69.1,55.78,141,-10.12,-17,14,11,57,34,25.88,70,140,-39,2,48.1,27.3,-45,-8,134,59,51,21,26.94,-28,71,137,99,119,139,-11,-4.94,132,60.63,63
29.5,-44,85,107,63.5,-19,-16.11,45,37.86,4,69,37.78,19,38.31,40.48,6,62.41,128,-23.66,32,54,83,116,132,51,90,14,12,118,108,134,46,50.55,129,-7.68,135,-10,-12,119,38.68
-4.47,7,117,127,15.51,39.76,35,22.12,-3.31,13.37,9.95,2,18.6,-8,61.91,-1.79,6,59.67,23,43,50.82,-39,49,108,119,-16.16,-13.93,-4,-12.6,116,51.21,139,13,137,14.39,41,74.67,-25,38,107
56.5,83,74,139,-31,148,32,73.83,-30,33,69.41,35,36.67,138,43.02,27.3,36,70,55,132,12.5,63.18,60.02,52,19.37,23.82,98,15.07,-24,-16.35,127,120,107,-3.78,24.24,58,22.88,142,24,145
32.81,52,72,27.21,-1,-15,-14.48,-23.44,-7,133,2,98,-9.64,51,-23.49,42,7.21,-49,70.22,69.05,-16,59,90,82,8,34,72,-19,-45,131,25.3,127,120,-24.14,23,-38,131,54.47,80,-4
54,19,16.75,-17.92,73.23,139,14,55.75,-8.98,114,-46,-48,6.89,-33,56.26,37,-50,84,12,-10,138,112,34.75,-12.19,68.2,-21.39,32,79,-12,-5.18,-1,-18,52.04,147,8.87,10.27,-25,42,67.71,-48
3.68,30,117,31.18,-40,56.83,50,-44,112,11.9,60,5.24,58.92,11,-31,46,58.1,57,110,60,65,43.01,54.85,36.77,61.62,-3.59,-22,71.13,8.77,85,-45,60,55,36,2.66,-12.79,63,65.41,48.78,58.28
-49,87,1,-4.91,5.67,62.85,90,69.13,32.67,142,36.22,5,1.39,102,146,63.77,63,11.64,22.54,29.83,3.68,33,48,-10.59,-2,47.19,-17.26,64.06,-26,12.15,-31,56.68,147,-23.54,66.2,17,90,49.49,-19.3,-17.31
-9.72,-40,35.61,-21.36,67,64.45,10.07,99,-21.34,124,-47,126,122,67.3,-49,31,-44,-38,56.16,47,-20.2,35,60,57.19,56.6,20.5,-41,22,73,-20,5,-33,68,18,123,133,69.97,108,-13.82,62
67,25.19,-4,73,14.16,33,128,14,50,-40,17.99,75,73.34,41.28,30,92,68.46,-23.6,17.04,-31,80,97,-22.59,-24.66,36.35,70.93,38.94,35,63.35,-6.74,48,39,64.28,64.43,15,-22.85,135,71.59,4,10.87
68,60.53,-36,-23.69,0.44,117,98,130,34.05,0.24,134,54.55,-14.23,22.46,20,71,74,23,64,110,45,18.81,36,108,-7.57,132,-11,88,3.35,6,42.08,61,-17.39,29.61,-18.62,48.59,-8.66,80,133,42.97
46.69,72.03,73,148,108,63,59,65.7,63,-3.23,-41,10,69.89,20,5,56.13,74.67,17,-13,20.18,16,43.27,39.01,70.16,-24,-47,-45,30.88,52.05,87,5.57,121,90,12,83,132,-28,97,-40,53.4
38.36,57.51,-22.84,30.17,12,10.29,16.55,26,118,17.27,-3,47,127,-38,26,0.9,41.59,17,-0.48,12,41.66,98,-28,98,98,21.86,49,126,21.07,-11,81,22.35,-10.65,104,55.53,69.9,31,55.71,117,30.39
10.22,87,147,-39,31.42,121,0,23.19,65,-21,-17,19.77,-25,-11,52.3,45.55,-15.59,37.61,3.77,64,46,60.66,145,64,13.83,30.43,74.17,38,79,-0.04,-4.12,47.07,-12,44.98,16.59,94,143,21,53.47,-30
49,-22.76,-20.04,-18,76,134,48,-24.79,59.51,148,133,-31,68,-24.67,70,10.6,140,-15.78,66,62,30.95,107,27,20.11,29,32.26,23,31,-11,-15,129,35.06,-5,53,64.58,-25,37,29,44.84,74.91
15.02,-22.35,-5.17,26,11.43,101,73,90,63.78,-30,38,14,40.61,88,-15.32,-26,143,86,-18.14,119,31,-35,-40,52.42,86,-5.59,-15.06,64,24.64,-3,114,9,148,31.19,29.71,-18,18,49.19,-21.38,74
-5,54,-38,55.82,29,-27,131,146,-35,133,-43,53.93,-33,114,126,-11.13,20.87,140,33.84,-18.21,13.58,45,-18,-17.93,41.8,64,87,112,-1,12,38.94,-14.27,-14,75,128,105,3.09,17.04,12.23,-17.11
133,57,-5,-22.82,-44,129,15,45.14,59,-5,-17.81,-14,54,59.19,131,77,147,3,84,25.14,67.69,17.52,42.13,58.92,-17.51,-17.94,-14.48,-5,59.04,-19,-15,71.59,30,-9.74,-12.21,2.53,97,29,10.08,8
79,20,65.28,-10,36,28,100,94,36.28,102,49.58,35,61,-7.23,56.42,84,68,-4,53,94,103,-9.44,56.51,90,4.74,140,125,3.56,23,127,46.32,96,12,-17,-41,54.07,11,-11.4,-12.91,35
83,-20,36.29,126,23.6,5,135,11.8,69.33,71,0,36.2,46.95,39.06,99,95,-3,-3,20,20.34,59.38,101,124,-47,31,-50,38.73,11,66.15,43,25,-37,91,141,66,58,59.47,99,15.69,103
38,4,-9.28,88,-38,34,137,50.37,89,-26,16,77,-27,67.81,140,25,-40,7,-11,55.03,19.38,28.24,35.08,11,11.36,9,126,-14,102,74,70.19,60.75,-35,76,11,64.28,18.75,108,-21,115
120,-3.66,93,85,148,-19,68.88,29,-43,14.48,68,47.86,52,32.41,121,53.37,140,10,29,116,10.98,52.27,41.46,-48,30,12,26.11,100,38.53,82,49,0,23.75,8.08,43.57,128,88,-11.37,54,52.13
9.26,18.04,-1.61,-8.29,67,40.29,-39,-14.29,45.89,-22,37.2,36,44,95,58.58,113,10,30,51.79,-0.93,72,68.31,-22.8,134,75,39,100,-17,-7.23,-20.96,-13.41,41,112,71,53,45,26,50.02,51.69,65.51
1.57,22,0.78,50.5,11.5,-42,27,74,-24,129,-13.79,-23,114,0.03,102,62,-7,-6.56,8.62,90,33.94,-24,38.73,22.02,42.15,12.91,-6.57,135,127,66.62,80,138,87,50.18,70.26,118,100,140,-44,16.7
-7,11,113,-24,-0.99,99,68.52,-11.73,85,-46,42,34,-12.85,61,12.44,26.88,56.07,92,94,-21,46,23.2,69.82,-13,11.66,50.37,0,12,3.77,50.66,0.45,63.01,118,46.89,25,17.66,25,-7,-41,68
99,-11,99,-7.9,71,34.93,129,49,-30,58,-43,13.99,11.44,-30,45.36,141,-29,-14.4,-12.89,70.44,92,-14.86,59.04,77,116,40,69.64,-24.7,63.96,34,25,65,-17.37,105,56,-3.73,23.79,135,102,140
14,5,17,5,-3.79,55,125,149,-15.49,55.22,142,147,50,49,36,-5.48,-6.98,0,64,100,-23.59,89,-7.79,143,36,70.6,62,62.67,-24,47.04,129,44.13,119,137,134,78,80,73.23,31.42,59
23.55,22,44.13,59.53,-23.77,89,63,30.26,27.67,-22.49,40.09,-10.9,7.59,-18.06,-49,-32,63,-19,117,30.17,70.14,54.1,31,146,110,94,-16.82,6.56,50.23,132,142,-1.88,-4.82,24.83,90,59.58,21,111,-19.64,-10.07
56.37,50,44.39,120,28,83,55,45,71,54,103,141,71.72,54,7.81,-1.11,-25,121,53.88,52.39,140,-42,145,135,48,50.39,49.85,-12.35,22,93,-20.5,-19.01,72.97,68.5,114,11.83,29.47,-21,-18,46
21.8,83,15.36,36.15,74,-38,9,67.22,-21.86,31.68,16,11,-27,47.52,4,2.98,17.92,67,17.01,32.5,-21.51,-22,68.08,6,13,57.74,149,18.21,-19,101,55,115,142,45.85,-18.52,113,101,93,45,17.81
103,42,70.31,34,-1,41.25,32.8,25.78,-21.8,-16,-6.03,41,-40,100,-11.16,52.09,117,-24,-5.65,-15.71,44.78,63.2,48.51,-19,125,-15,26.97,8,-5,55.24,111,29,33.11,-6.48,41,36,-17.31,-15,-27,81
108,142,6.69,43.07,61.35,68,56,1.05,71,21,126,7.92,143,84,-32,-37,21.04,59.39,-8.35,28.94,65.74,7,46,43,31,10.89,54.73,2.25,8,63,-42,18,-12,-11.26,45,-10,-13,61.12,16,115
-1.24,24.95,73.57,24.42,53.56,120,62,9.55,148,-2,110,35,0,-19.41,35.41,19,24,118,35,34.16,109,96,25.17,40.16,115,76,6,119,54.58,6,35.56,16,4.94,62.97,-4.39,49,4.15,141,-3.7,-2.81
24.59,21.64,47.03,142,58.64,21.86,141,-33,-45,128,-0.23,46.22,19.11,-16,127,-4.03,-22,43,38.14,65,74,55.95,34.7,-32,69.77,125,18.94,49,-10.76,-3,87,-23.88,73.18,-19,53,-47,45.32,10,70.53,-20.04
82,-10.44,2,21.73,112,55.98,-22,94,70.04,58,125,55.24,45,114,98,67.12,83,22,112,7.44,-41,17.46,105,112,76,94,95,0.76,22,38.95,4.98,-1,42,58.43,-8.36,29.6,62.78,149,12,148
-26,35,33,121,39.48,-12.71,69.11,51.66,121,40.33,5.94,5,59,48,48,8,69,119,59,4.28,-7,65.59,5,33,64,74,17,94,33.28,21,85,-26,-35,53.48,102,-16.13,53,60,54.78,131
-7,-0.2,4.3,-9,95,-27,122,90,-22,-18,118,129,22.53,37.52,-23.25,47.19,-35,113,102,52,36.83,-7.74,54,45.85,117,-3.15,65.65,65,53.6,118,47.1,0,-17.52,9.8,-40,119,38,68,-44,50.12
-0.42,122,-28,-16.45,13.6,10.5,-23.46,9,60,52.71,102,128,32.6,71,35,-39,82,-40,13.2,12,51,7,-23,115,54,3,123,7,117,-3,4,57.62,31,53,20.43,61,61.47,27,52.21,38.69
-21,41.43,19,-3.21,87,65.59,129,53,16,137,107,133,-30,111,128,11,5.61,52.32,0,37,57.97,-3,17.3,105,144,4.34,41.75,131,42,-3,-37,46.51,136,66,-15.9,57.94,143,-31,136,2.13
28.61,84,14.24,-41,42,84,6.28,61.16,-41,-1,134,18.79,27,-19.6,-34,99,72.39,-46,23,17.65,69,43,65,79,142,-50,113,47.3,65.73,15.9,90,4.35,44,-15,-4,70,53,-8.41,25,22.23
119,-16.33,56.65,9.25,-33,12.73,42.33,31,53,69.77,-10.35,49,52,13.99,-32,-17.87,71,36.97,-14.61,34.02,118,-39,11,-16,100,12,104,32.09,80,8.1,111,137,64.13,95,10.73,37.44,-15.66,23,67.6,-2
65.64,46,64.86,-30,63,3.19,128,24.04,-15,54,74,-23,-49,-5.06,35,106,-0.4,55,-15.04,142,-1.36,71,129,83,106,98,-2.38,51.02,99,-17,18.36,-11.69,-12.24,70.58,52,-14,40,-13.46,92,74.69
149,27.02,3,85,56,4,59.12,57,-13,76,94,48.31,110,-45,41.27,-38,52.05,-17,20.32,-39,64,69.37,-49,139,103,90,-44,-18.46,121,-14,116,0,3.79,111,21.93,22,68.23,1,8,98
36,149,26.1,121,146,-45,-4.47,-5.03,-4.4,125,108,8.45,118,-13.6,146,-32,124,-16.21,140,122,39.37,8,20.79,113,39.25,17,16.16,24.47,38,55.44,36.57,19.89,122,143,-24.62,125,-2,48,-18.17,58.22
144,77,18.22,127,-7,-9,141,39,68.72,22.31,42.17,60,22.77,-17,51,55.33,-45,33,46.38,7.34,31,34.19,51,42,-40,42,108,-15.96,1.65,39.18,-13.73,37.76,121,23,59.28,85,-11,37,49.18,69
43,-20.98,34.8,126,-35,134,125,44,16,-14.65,23,68.7,-1.91,52.73,-12.5,-24.51,78,-48,-46,36,33.18,25,-46,92,111,-41,103,72.16,26,-45,73,13,18,17.73,70,45,21.81,-8.43,12.49,69
-29,72,93,16.84,119,30,83,31.53,-34,25.08,39.13,112,121,110,149,-15.22,48.99,-20,-4.68,96,14.67,19.43,55.55,78,46,34,-6,48.68,99,58,85,-5,57.39,94,-5,19,60.6,-36,2.62,134
-1,148,51.06,108,-11.04,88,73.99,50.17,24.97,-48,-24,131,60.75,69.42,45.69,24,16.58,97,-20.58,67,18,119,133,43,-16,66,38,103,-21,12.43,38,72,88,-20.74,92,115,56.86,50,132,89
-50,112,37.34,21.54,122,105,7.89,42.12,68.13,-22,6,-41,43.93,21.03,22,0.59,146,42.81,139,20.87,139,13.04,7,94,51.36,31.76,-22.45,66.41,-19,120,49.49,9.57,0.39,23,21.18,-9.27,50.08,130,-47,9.93
61,45,62.46,110,27,-22.92,25,64.7,11,12.92,33,-33,2,138,58,-29,74.08,-40,20.49,86,-23.57,33,-21.09,30.21,55,131,140,44.32,-49,10.45,-37,8.71,30.67,21,19,1.02,45,66,20.39,-20
46,37.44,60.11,123,-14,-10,66.11,37.1,-12,30.09,12,-47,65,-21.76,82,35.74,56.65,45,66.14,124,58,29,70,-44,122,-41,-1,63.47,30.33,-32,18,117,80,7,17.28,49,-19,16,52,-23
120,9,106,-12,-2,47.32,35.14,52,37.83,-29,4.82,94,51,145,35.98,-15,130,11,24.22,71.15,60.19,74.44,72.06,69,6.91,-18,77,-11.44,10,129,9,28,53,98,-12.56,-28,50,148,-3.76,-9
126,121,-17,68,-3.83,13,-4,-11,-19.25,138,52.97,115,1.18,59.12,-43,135,-47,99,-32,-14.11,85,8,15,55.11,38.08,42.83,39.23,10,111,146,33.92,45.9,6.59,119,68,20.08,69.85,-10,38.55,58.46
87,36,-39,49.12,129,43.54,-18,62,81,49.14,29,33.79,20,-15,44,-8.98,118,23,-32,-15.23,19.07,95,16,19,20,-16.23,11.57,56.82,103,-23,33.01,66,27,94,34.77,-24.22,-30,50,-5,-15
109,-4.81,135,53,47,77,-8.63,79,68.11,-18.41,-18.33,112,14,19,103,-16,5,-38,-17,12,143,20.19,57.43,113,136,47.55,-40,28.95,-5,41,80,48.06,7,20,93,36.72,97,40.54,12,74
6.82,25.56,55.27,86,59.03,62.41,18.83,137,-29,52,53.58,38,-40,26.63,-11.83,100,82,-25,-21.1,124,76,-49,106,54.36,-47,-41,48.85,18.26,7.88,118,-7.78,36,-12,57.48,26.62,59,23.88,59,36,26.78
38.31,50.29,31.91,-45,30,109,-50,-2.99,5.51,71.5,124,28.01,30,-0.85,28.81,99,100,3.18,128,-34,28,85,-2,66,125,101,129,98,44,135,87,-3,145,-6.81,6.07,20.79,-7,69,-18,-16.53
142,67.74,23.48,128,-44,34.03,-18.17,32,74.81,-10.85,-13,-24,32,63,-30,-12.48,38,16,40.07,23.76,26.61,-29,-38,42.67,86,-22.99,76,75,1,61,64.31,42.08,115,83,-5.73,71.82,-12,61,47.45,38.56
28,38.33,118,-0.42,59,22.51,26.47,40.16,-38,57,126,-37,-12,26.14,84,6.41,-2.48,-40,62.58,43,-34,47.93,138,69.63,-8.09,81,118,108,60.01,148,-19,97,43,26.73,73.35,-28,35,48.19,-45,18
-20.47,-23,59.64,138,-33,58.33,-17.4,-4,132,-0.82,37,27,15.19,-6,50,134,37.12,35,16,16.92,38,14,2.45,38.77,140,72,78,68,39,141,-20,28,106,26.57,18.43,106,21,13,37,134
143,21.34,-31,26,8,64.71,14.43,41.59,63.74,-25,11.78,-12.05,-18,116,123,62.75,-41,107,-16.65,-22,-22.07,-35,35.54,149,61,-8.37,-40,-8,38.17,-35,13.6,-18,-1,133,-11.92,34,-24,91,-20.74,-4.8
6.05,129,54,129,-16,-36,87,112,-36,-36,141,125,-12.19,5.66,139,83,26.3,2.44,-50,-12.91,11,42,25.76,-1,-33,9.56,29.18,-21,-1.51,70,-39,43,67.5,-20,12,-11.56,38.43,-23.13,-50,122
43.98,130,83,60,60.5,110,-7,126,-3,28.18,73.73,127,-10,142,92,128,-16.48,29,-48,-9.86,-50,-29,6.91,44,105,43.63,63.52,58.55,75,125,52,58,-31,115,2.97,-2,18.63,42.22,24,-44
70,109,-24,29,57.43,-34,57.97,97,-6,109,64.15,7,33.81,59.05,143,21.63,134,-18,58.14,-5.68,29,1,82,98,115,110,-11.87,16,-2,63,-14.09,67.69,30.66,52.31,67,-5,105,33.72,29.21,32.27
13.99,-15.95,-20.17,47.67,32.48,36.42,42,97,-3,-14,-6.69,70.27,51.39,66,117,45.46,60,-4,63.98,62.09,11,58.83,19,144,70,-1.14,46,64,68.97,26,-7.78,65.32,84,145,133,63.91,71.69,-20,-24.27,-13
131,-19.16,63,3.18,124,65,149,117,72.26,-12,15.8,68.73,-23,-5,16.2,61,38.07,105,67.8,28.14,133,-32,-35,136,-16.87,63.42,-12,-8,-15,11,62.44,52.46,-46,80,38,101,81,109,90,1.61
103,63.86,55,5,102,110,52.69,61.11,135,18,40,80,108,134,97,59.59,-15,113,136,69.75,34.89,-18.01,43,52.09,38,48,94,10.05,76,45.03,15,-19.07,-35,46,30.94,-13.56,-21.07,-21.12,47.24,107
38.44,111,6,73.71,-4,89,135,14.95,-38,61.26,102,19.14,-10.84,12.06,-14.26,28.44,-30,41.52,-8.49,27,45.39,-17,8,60.44,-46,-8.56,10,5,8.95,114,-46,46.22,129,71.06,94,58,37.42,26,-39,63.21
71.3,3,-26,118,44,131,63,-39,39.14,18.99,101,61.66,20,40.92,16,104,25.84,-1.94,-0.66,13.59,3,143,74,73,-21,-15.36,28.58,124,148,61.07,-3.49,96,25.44,60.52,-18.24,-16.45,-28,1.31,40,-45
107,61.21,99,20.79,24,120,22,-20.5,92,27,103,120,-35,2.44,138,55,69,32,26,39,-22,-5,123,28.17,32.12,-12.14,-10.34,10,25.36,16.04,78,14,48.86,25,16.45,71.18,72.38,-40,3,-3.33
86,109,42.83,55.64,138,57.45,-26,-20.88,52.6,49.82,60,50.21,12,-28,54,72,6,27,28,100,67.13,68.44,146,52.02,84,-40,-9.57,4.07,14.61,72.95,-2.62,138,34,10.8,-3.63,-9.2,48.89,-24.86,84,-24
30.89,5,-41,132,41.9,35.7,75,29.75,57.89,43,26,94,-46,-12,65.76,73,57.1,84,144,75,37,-13.83,-23.57,30,3.71,130,126,120,14,74,101,28.5,81,126,-42,54,-30,-44,-45,44
109,11.44,6.87,74.57,25.74,50.7,28.12,21.67,-18.03,124,61,51.03,17.08,-18,-14,39.75,68.88,-15.96,81,-24,-23.28,-48,111,96,5,4.9,120,63,21.24,60,75,-12.07,-45,-50,134,-27,-11,59,73.02,148
27,23.09,13,95,-9.97,-18,-2,72.22,20.46,63,58,57.49,-11.14,-41,31.68,123,60.56,35.93,16.79,29,-12.4,15,47,43.28,0.66,-41,-43,137,84,-8.2,1,-16,9,67,111,43,-5.32,-5.18,70,25.57
70.61,57.44,-19.51,120,16.57,87,10,100,-6,24.47,74.17,73,87,131,66,77,11,111,10,25.24,61.75,-0.38,14,81,55.88,14,29.94,-8.42,7.54,45,-7,69,1.34,102,81,37,80,-4.39,15.03,-23.31
102,91,23,11.31,121,145,61.19,-18,48,3,85,37.93,55,148,22,42.5,142,19,-3,14,58.14,71,33.75,18.98,8,87,-42,49.86,-21.32,-42,-19.09,54.39,129,45,15,108,121,32.39,-38,16.12
3.53,73.64,3.33,-11,67.58,96,58.99,120,-1.61,-6.32,-25,56.17,137,19,15,-6.58,98,86,-18.55,112,35,36.41,24,65,133,-1.44,42,52,-9.03,28.82,38.45,100,27,50,25.08,148,29.07,60.99,-33,111
15.4,49,67.03,99,43.81,51,83,81,17.73,99,71,33,113,63.87,53,110,28,-3,-17,7,35,83,1.65,-45,23.27,65.79,16.8,2,63.32,-11.45,29.15,115,20.81,0,12.79,10,144,33,31,14.8
120,126,6,-4.46,-1,29.62,-14.23,40.1,90,60,35.69,36,82,72.7,72.07,-17,38.01,-25,84,88,144,13.18,1,35.72,24,147,31,42.05,44,-20,99,-37,-33,-13,56,143,138,-38,99,46.3
26.51,89,70.1,-43,48.16,45.92,4,51.18,50.78,-29,-11,12.24,-9,44.68,31.96,-15.32,56.26,6,49,103,54,-24.32,-19.26,33,23.41,13.64,18,127,17.64,80,-24.89,60,21,37.07,39,76,35.51,-17.65,60,29
52.18,50.36,98,59,77,-19.21,139,63.28,93,66.19,105,67.15,15,44.1,30.76,60,-3.64,30.24,-1.95,-20.11,50,67.87,-8.3,13,19.21,-3,37.22,-18,66.45,125,54,-1.18,101,8.8,77,135,-22.62,-24,31,-4.84
-1,-16.6,63.37,119,59.91,53.39,10,49,35.19,50,-12,115,39.38,0.19,124,99,43.01,25.59,18.33,44,9.19,15,42,137,-34,141,-11.73,33.13,5.81,42.01,15.54,21.45,32,54,-36,-20.59,64,33,68.01,62
8,-15.7,108,93,69,19,92,-35,75,-35,-42,68.29,-36,120,61.89,-50,36,15.42,115,-21.79,57.4,-24.73,14.7,61.47,139,142,26,74.64,-12.64,16.67,139,43,94,46,26.98,-46,6.09,-32,91,-9.88
44,2.88,46,84,105,14.72,35.26,36,121,73.96,18.18,134,34,31,-6,36.86,35.01,70,128,142,36,4,53.77,95,-23,9,2,64.2,-7.73,-29,40.65,37.56,74,79,32.33,58.37,49.7,72,-45,-19
4.99,-23.71,19.52,-10.99,73,67.24,133,63.29,57.7,-32,-7,72,42,113,128,35.62,-20.23,-48,15.16,-22,-18.17,-1,21.31,30,4,23,114,9,69.6,48,114,70.67,50,34.19,67,39.94,-21.16,-11,15,55.53
65.82,-50,27.89,-7.86,2.98,19.46,107,146,28,148,53.55,0.07,116,8,1,80,36,8,70.27,60.96,18.08,35.49,130,25.03,137,106,112,27,-12,62,21,59,25.08,146,38.34,111,40.96,47,130,36
81,36.28,-7,8.57,-16.1,142,-23.37,-21.69,-33,33,-17.76,56,9,42.69,114,23,90,8.14,-10.93,33.24,66,20.05,-1.09,78,62.01,16.4,67.19,35.82,-40,148,39,-14,79,14,39,66,-17.1,23.72,10.55,-13.47
117,-10,-37,-41,134,81,-9.49,35,70.88,82,101,-36,131,-22,64,47.82,57.32,-6,114,26.72,-18.89,34,39.44,-41,2.07,57.09,38,71.3,-16,145,41,66.84,1.17,35,28,44.8,30.56,-28,73.26,60.07
17,48,118,52,15.38,64.96,106,81,20.89,-50,126,21,56,30,80,31,30.46,57.87,-0.58,-18,7,47.09,91,45.12,27,47,102,59,47,65.02,-20,33.15,38,7,52,-13,-2,29.08,-20,67
-10,16.02,26.23,143,122,-14,82,101,-22,55,46,71,44.64,29.43,61.8,36.94,20,17.04,-22,107,-23,10.87,90,-38,43.12,-22,-16,12.74,-44,52,58.42,59.79,1,147,74.24,97,65.16,8.01,61,20
-9.03,2.89,35,60,16,67,72,74.52,51.42,63.7,105,68.64,74.96,92,93,52.23,114,-49,49.6,61,104,35,62,63.25,129,111,9.28,26.7,23.26,-8.65,-8.83,8,64,121,-42,28,149,-29,111,86
67.17,52.12,-49,-41,16,101,139,-15.01,55,38.96,23.6,79,-31,-33,-31,18,98,12.28,58.35,60,83,27.15,-50,117,126,13.66,16.7,-2,68,44.88,-16.14,-15.65,-41,136,32.83,-6.34,31.51,-23.01,67,138
25.9,73.51,109,51.07,106,-10,-0.76,-8,10,76,-44,49.01,-18.23,65.3,62.06,90,19.98,144,8.35,-22.41,-22.8,54.12,-21,86,-1.93,28.59,20.07,54,80,106,-13,28,14.5,22.27,19.77,104,6.05,26,-35,-10
-10.77,-21,62,129,-33,142,96,61,107,91,115,-32,58.12,70.7,126,114,42.84,41.5,4.33,-3.84,-22.73,120,-31,2,8,-19.67,78,60,28.34,79,-20,-27,71.26,-10,53,79,30,86,15,67.79
120,49,18,11.43,0.33,97,50,-48,58,127,31,5,106,14.75,-14.84,-10,42.19,145,-9.08,-0.27,32.64,71.78,21.17,40.96,40,-8,100,-17.64,21.17,146,13.61,117,1.82,-9,-7,0.59,53,67.49,134,139
16,26.26,51,24.71,-4.19,-32,49.16,120,74.81,-2,16,-9.77,44.54,2.54,61.57,93,17.65,-1,144,65,22.51,29.46,-0.31,-26,16,98,36,29,-20.53,-8,73,-24,45,133,103,49.66,143,-13,31.13,129
121,73.27,-14.99,46.03,52,12,106,56,31,95,36.26,13,63,79,141,-20.36,64,18.85,47,116,50.94,50.69,-47,141,-0.23,32,-26,37.25,-13,74,51,141,28.3,5,56.61,42.31,101,53.95,-41,41.66
32.91,36.08,-12.34,21,145,-3.19,62.96,-19,24,0,35.73,137,27.01,53.27,1.7,90,81,2,58,25.55,33,37,-14,59,-1.75,30.64,-7.43,47.65,-10.77,29.14,41.69,96,37,126,54.03,25.96,21,104,4.68,5
4,19.86,74,137,107,16,113,103,16.72,14,139,-11.51,20.36,21.18,-21.06,36,37.81,-4.06,-16,98,25,66,35,73.48,148,16,80,118,17.26,120,65.66,47.61,58.75,41,12,103,106,-1,-3,-19
57.47,94,114,31,-8,78,-19,48,113,41.28,-0.76,-30,28,64.77,63.61,84,35,70,19,36,56.3,27,74,21.7,-5.04,15.67,-33,-9.6,84,58.22,3,63.06,-0.82,-37,70.63,144,-5,136,50,30.61
59.06,42.87,13.15,129,38.43,110,54,82,-43,113,56.43,9,13,-3.86,40.2,141,123,128,96,-45,148,73.4,-0.4,54,-19,2.31,118,132,100,98,-9.66,12.4,64.04,-3,132,116,41.31,45.62,-23.9,31.94
27,117,79,67,23.79,40.59,-48,-38,97,41.75,-2.86,122,122,129,138,-39,-10.11,-23,58,40.98,50.11,132,139,-47,57,13,53.56,21.11,19.8,-13.38,47,61.26,72,69,53,-20.94,30.07,49,77,118
-23.69,66.74,121,-23.36,16.16,8,89,-4,-21.52,-32,50,-44,112,18,65,6.34,31.04,-13.73,139,-4.66,-9.04,-9,50,50.57,14,32.18,133,-16.46,56,-11.25,-48,-42,43.4,30.65,37.66,113,77,89,39.65,-17
-16.59,2.77,59.32,53.69,16,70,-6.17,50,-36,-1,10.39,-5.42,28,78,-8,-0.98,26.23,92,-26,132,5,41,-3.8,148,-24.8,-16.19,33,71,5,-27,52,48,70.33,122,32,-22,12,86,-10,2.38
42.88,123,53,-9.67,31,74,42.61,-18.95,25.81,34,64.15,75,74.2,40,74.17,44,53,122,8.73,-17.41,11,53,-48,-2,-8.38,-50,17.54,9,29.12,3.9,-15.71,70.11,-8.45,29.77,-0.37,0,122,27.71,132,71
-31,61.51,31,26,4.75,-5.82,80,49,47.03,19,-9.36,53,-13,46.26,17.4,73.4,104,12,-3.72,104,107,25,68.38,-1,9,25.16,-9.33,-36,2.11,100,36,83,-50,-29,144,36.43,-4.97,71,84,55
44.1,45,-19,25.28,-20.69,-21,146,148,74.73,11.49,-3.99,130,67.26,99,37,36,-40,-20.44,59.09,37,135,34,149,38.46,-2.93,36.39,107,-9.31,47,-7,69,112,-21,30.62,2.34,46,61.49,-28,44.32,116
90,112,-9,-7,-5.15,94,102,142,65.43,91,-48,142,119,23.11,14.26,-23.2,-23,-37,12.62,58.8,22,-5.84,70,-13,85,45,13.21,13.27,138,97,53,21.84,130,19.99,20,74.71,142,45,-22.08,131
-5,1,64.41,61.24,61.23,80,35.52,13.44,60.14,7.04,32,-5,12.46,5,21,122,9.67,44.64,-26,-16.14,43.87,39,33.05,110,68,55.75,112,26.25,127,-0.52,45,134,-32,23.51,147,-50,26.07,-18,109,89
101,19.75,11,-23.78,49.77,16.72,76,128,37,-27,5.81,-2.04,-9.84,40,-12.33,6,29,93,0.32,62.41,49.79,134,89,66,25,-19,147,-10.05,2.9,-20.76,-15.31,61.08,-0.2,72,61.91,69.73,137,63,-6.76,63.38
118,112,-43,32.41,24,-0.52,-1,3.49,-15,-21.1,22.39,71.74,42,15.62,15.99,11,41.55,5.32,44.29,-9.51,7.45,37.82,63,53.45,148,-50,33,23.9,28.81,134,64.98,-1.7,-30,43.89,62.59,42.04,128,131,37.49,148
18.3,97,-12.22,9.32,132,64.07,131,63.63,30.07,-1,-49,86,53.51,136,63,13.45,-27,106,38,-6.03,-47,46,23.98,7.7,-29,-32,53.66,126,-20.87,-31,74.39,134,126,-14.48,-38,29,-27,123,-21,25.74
66.89,51,-18.87,103,23,103,-2,0.42,25.67,49,-10.76,-11.76,115,70.32,86,11,130,108,-24.94,97,-7,17.36,146,34,113,-22.67,12,-7,145,94,56.25,127,42,-16,-14.85,91,25.98,54,-4.59,37.16
-13.73,66.86,10.37,74,126,25.77,133,27.33,122,2.19,-20,1.88,23.15,4.24,9.12,44,12.63,-3,72.84,-48,108,138,31,55,-1.8,146,-5,18,61.18,70.84,27.21,61.59,142,10,63.54,5.52,3,136,9,-23
40,-2,-5,87,123,50.03,22.32,19.8,122,27.57,18,133,39.45,33,73.32,68.53,125,-26,41,29.87,16.3,16.91,114,35.91,73,61.3,3,66.78,0,28.92,19,114,123,-50,123,9.45,30.64,-49,33,6.48
73.48,84,76,74,-10.02,-2.64,69.06,141,23,28,64.03,-7,37,10.97,-34,2.55,0,24,18.18,-6.8,64,32.9,73.39,2.43,85,127,74,112,70.77,93,58,9.33,64,73.8,46.32,-12,-23.69,6.94,-30,75
66.74,-22,23.62,57,24.26,72.88,-28,15,22.99,-0.55,106,57,-14,-38,29,62.36,-34,51,40,52,-27,36,31.05,65.96,23.83,74,-44,25.62,122,43.72,-20,136,14.22,46,149,-19.74,32,1.96,-3.06,117
48.49,-20,89,86,67.21,-45,128,0,92,63.98,50,31.81,57.41,28.7,-1.89,26.02,33.21,76,145,35,73.09,60.41,-13.93,-12.4,105,63.64,6,121,-39,47.02,1.19,58,97,4.9,-44,56,-9.66,53.06,-16.67,25.89
149,-23,149,47,95,-38,69.65,27.55,146,70.45,-46,39.62,43.17,1.92,51.03,71.09,52,84,-21.48,41.09,-27,-28,48,18,103,63.77,65.78,140,12,55.08,20.94,68,22,48.98,-19,6,66.08,36,35,7
124,96,112,1.38,22,-44,31.1,-42,-24.79,14,65.75,-19,45,130,3.05,12.84,143,45,64.06,70,-18.72,132,111,86,-3,-18.19,-19.78,-10.54,74.61,65.78,70,-19.8,9,-34,135,19.91,11.53,-41,58.07,60.96
131,-27,50.94,-16.7,-4,69.46,135,4,39,94,125,-3.69,-12.72,-30,3.12,105,-25,-37,-9,-24,90,70,46.51,12,28.23,16,114,72,37.18,-0.37,72.67,37.09,1.98,30,-5,37.35,3,20.12,143,-21
52,17,43,-14,9,21.32,17.67,-8.93,64,40.36,7,-11.45,31,-12.23,4.52,89,-8.51,-0.81,0.68,42.3,24.05,137,-48,-27,22.92,33,73.26,44,119,-50,-42,135,88,68.01,14,50,34.78,-11.71,60.39,-7
18.32,40,-42,-22,54.74,110,147,-33,23.32,68,18,70,40,-15.77,6,-49,134,81,86,92,37.87,-21.29,-6,-1.71,58,-22.38,124,-36,76,-6.73,5.35,-22.92,19.6,147,20,35,79,-22,74.27,-21.14
52.58,17,141,-9,-8.78,61.3,18.63,-10.37,-4.84,120,75,76,53.49,-35,73,-44,4.36,8.17,11,34,4,148,10,58,44,6.66,56.63,-43,85,23.88,39.79,91,7,-33,109,43.26,16,55.59,0,141
77,118,28,128,84,0.77,13.78,35,51,14,-13,80,-17,52,20.7,-18.5,128,106,-1.12,102,40.47,0,64,7.67,37,106,141,5.9,14.81,-3.17,-28,55.46,8.6,-47,-10.35,134,116,4.32,62.9,60.75
38,7,60.84,9.91,36,83,-31,-34,25.03,105,73,91,22,115,108,43.05,78,3,58.32,149,66.85,47,103,134,27.4,-7,130,-2.91,143,52.43,40.5,103,91,-34,36.67,44.26,64,15,40.1,0.45
25,-44,37.74,15,5,11,-19.71,-30,-14,6.4,-50,5.28,43,116,0,35.78,-18.06,-20,149,24.49,-32,-6.77,-4.62,92,132,36,-13.4,12,133,-12.17,65.66,-40,10.56,-4.8,-11,-5.4,115,31.13,131,8
-12.16,72,29.39,-18.57,-14,53.22,136,90,114,109,61.71,-22.86,111,50,24.47,-26,-22.38,76,40.88,-35,-33,148,-32,58.51,58.62,-1.57,-11,21.59,107,-5,56.8,43,-3,45.49,4.38,109,71,3,42,98
-40,-11,-44,120,140,63,60.62,6.81,30.47,68,-1.84,140,8,42.65,19.86,124,97,-24,48.61,67.37,60.25,-21.7,77,48.47,50.64,-16,-32,117,79,-13.82,22.16,-32,80,77,19.77,22.32,137,25.78,-25,-10
10,-8.05,95,35,62.95,133,-17,6,-33,-2,-37,28,31,0,124,-41,39.25,79,53.77,64,39,123,84,19.46,14,131,-12,3,20.82,119,-26,17.85,58,91,4.05,78,137,-9,-44,20
-10.84,-11,15.49,38.46,44,72,18.83,89,-20.99,-20.75,-4,30.48,16,-3.37,-12,39,36,83,-26,48.93,16,-34,-43,12,-13.48,-4.28,50,80,42,82,34.46,38.69,92,15,3.04,68.8,68,-37,-1.33,14.26
98,93,77,77,65,-18.42,3,50.01,-21.63,19.3,35.74,87,91,26,16.28,-4,9.83,0.28,118,-2,-0.79,70,80,0,74.51,75,86,-2.1,61.06,74,11.42,23,37,62.02,139,-18.6,12,-5.98,-3,-14.34
45,55.67,142,109,69.46,-19,63.29,149,37,141,50,-14,24.54,31,-46,17,-13.07,96,-0.46,108,-9.32,0,50,35,-5.22,-15,-0.11,117,137,-30,1.51,42.55,149,143,25,97,-4.6,91,59,8.67
34.34,42.58,9,127,55.94,35,4.72,-9.78,94,0.91,-12,71,128,5,70,-34,148,126,22,31,28,58.36,-48,31.55,-29,24,55.63,-21,40.22,68.71,28.6,41,-4.75,30.26,-1.97,17.31,117,6.93,6,69
-4,14.18,-9.37,74,87,17.26,18,71.29,-21.03,-6.77,-13.55,71.66,50,106,23.12,24,40.83,78,-0.15,25.02,63,2.52,83,91,77,66.26,132,3,-31,136,141,17.42,106,22.41,-30,-25,20,-44,8.27,52
8,72.63,-22,26,-46,9.26,84,33,-44,147,-5,49.68,63,120,8.51,71,4.75,60,37,-3.49,-9.48,18.07,-28,-21.72,93,-19.19,123,103,68,-11,35.26,-5,28,75,146,-48,38.66,-38,8.11,12.4
42.42,-13,37,93,36,125,-35,123,4,134,123,45.42,55,-45,34.43,14,0.17,14.69,134,1,22.15,62,97,16,-20.49,-15,43,74.07,-13,31.09,1,132,26.19,107,-3,76,46.23,-23.41,70.84,-2
109,-42,21,-10.35,36.08,121,56.16,63.8,82,30,75,63.61,-29,6.39,79,1.73,61.64,72.92,17.63,73.31,47,122,6.57,29,144,40,47.16,17,37,20,107,-18.29,26.38,14.18,-17.33,85,138,60,40.68,-46
109,26,59.72,102,73.73,5,51,-23,-6.2,-3.1,33,18.5,29.94,64,73.71,40,-44,-30,71,88,146,140,-21.79,22.95,55,92,104,-36,10.23,39,145,64,-5,38.12,37.22,54,40,81,-17,61.71
53,76,54,27.78,-7,-15.35,-11.5,37.33,104,135,-12.32,72.42,59,40.39,12,-29,107,11.99,-23,-24.99,131,-18.27,41,94,29.45,137,10.78,-31,27,124,141,-17,-24,-9.99,9.15,39,59.4,42.75,43.92,105
-22.2,-25,-41,97,-7.2,43,62,-20.47,3,40.77,112,9.32,11,54.6,3.03,140,19,127,-15,120,-10.31,4,41.22,45.62,133,47.1,-5.38,58.76,-26,132,50.88,29,34,80,95,103,-18.14,86,67,2
79,47.76,146,-14.66,148,27.4,47,56.5,-8,27.7,-6,-29,113,28.3,68,113,27,110,89,57,118,-0.31,5,63.93,-36,100,15.92,61.39,-8,53,-48,71.07,-33,52.69,34.82,142,57,53.81,101,-41
115,104,40,127,61.85,46.25,48,75,-24.7,-11.55,30.24,138,22.91,115,-43,27,20.87,99,-29,4,88,39,-8.32,-12.09,-13,-10,60,-18.49,-3,21.72,-4.57,30.37,37,-12.79,65,60.88,131,64,-2.48,28.83
62.92,134,-16,28,53.45,-34,-7,97,-38,73.05,-10.99,118,20.37,-6,37.04,58.17,51,-17,49.17,-6.3,40,143,54,142,48,126,17.07,-15.41,10.62,11,-14,45.63,42,-22,2,18.77,41,114,66,-20.77
-32,-1.72,112,36.13,130,-37,9,112,111,-15,-1,11,105,87,49,21.43,84,55,-4.67,-8,28.54,-11,43,124,47.31,34.72,59.15,10,5.22,147,74.6,120,10.47,20,-29,66,28.99,33,55.76,5.36
28.85,16.01,41.68,0.22,-18.82,37,73,109,-16,52.79,108,-44,67.92,-5,12,78,26.46,10,132,36.72,48.71,56.64,135,132,124,19,66.5,71,59.59,105,-27,132,39,18.14,72.94,23.15,58,60.42,25,-19.9
62.69,-12,-1.68,-7.92,20,-13,29.07,-14.45,17.13,63.42,-21.94,-46,73.22,-13.53,113,72,70.31,-9.87,69,51.94,134,-21.73,-49,-13,13.74,72.36,44,34,128,124,21.85,3.4,37,38.02,86,-36,-33,14,71,105
-20.44,-37,8.59,-42,22.19,15,69.88,17.77,67.48,-15.62,42,130,25.64,-7,-15.28,-4,32.85,117,148,-12.86,109,112,4.47,24,143,16,-12.24,49.75,98,49.37,99,15,-14.27,149,-22.68,-22.58,46.08,-23.18,9,43.38
0.15,144,-26,68.39,62.97,29,-15,-49,-35,-7,18.31,12.73,10,111,-18.83,9,119,97,102,136,43,21.16,144,4.57,36,-41,-19.49,66.96,-34,140,27,-25,-30,-9,79,37.45,0.79,139,77,28.55
108,32.3,43.11,57.38,-1.73,137,127,50,126,-44,52.36,3.86,14,121,-19.1,-12,-27,53.17,11.86,64.26,-43,148,-16,29.64,100,-9.92,-18,62.52,111,137,61.91,23.25,-35,142,-32,78,122,-48,-41,-23.29
0.62,56.03,-7.37,36.02,17.73,9,13,84,17,58,0,-24.31,6,119,146,-3,-32,130,35.41,51.9,27.06,77,67,59.39,30.86,111,48.55,61,77,-4.43,24,-18.17,-11,16.9,48.74,-37,93,44,47.82,36
35.39,53,149,14,-17,15.28,35,63.81,-5.49,10.98,5.23,136,149,-41,-48,10,58,-40,89,18.48,26,-31,54.07,53.13,4.26,33.34,109,8,111,66.64,-47,128,49,-20.3,32,-9.5,-12,35,144,22.12
2,135,77,18.45,68.99,33.88,63,-13,29.11,70.16,58,10,53,52.15,39.95,-6.13,25.2,116,29,43.17,100,40.07,16,-42,-14,121,73.57,78,20,-45,-45,5.01,43.64,126,-23.96,32.09,61.32,79,32,-17.6
27.21,91,-7,41.44,108,-21,6.71,10.14,32.62,-14,40.7,70,-31,105,-17.25,98,41.8,44,98,117,21,92,1,126,71.41,40,0.84,42,25,27.17,105,-7,-7.76,128,-15,71.99,49,64.56,5,31
50,4,-24.64,0.65,15.08,-13,-44,148,1.44,62,26.73,100,109,57.02,141,21,-6,5.9,61,38.1,49,95,67.5,43,127,23,-23.1,14.82,32.82,-10.41,7.51,-22.33,144,-22,49,72,34.77,10.47,62.94,18.29
-41,39.81,-24.23,-11.54,36,-12.54,-18,48.1,8,64.91,-28,42.85,54.12,100,69.2,81,11.74,-16.09,-4.42,124,86,29.61,13.7,21,52,-33,87,35,21,-21,12,-9.97,58,130,10.34,-22.53,-36,77,46,-40
143,65.25,118,9,-20,28.93,105,-32,7,106,-41,75,107,44.96,20,70.19,101,10.98,-25,37,64.86,2.31,69.35,113,68,141,17.3,14,55,5,-15.82,40,58,87,63,23,-22,70.9,-39,-42
87,20.32,89,48,-37,51.99,-33,2.03,-39,-6,-10,44.61,21,146,66,64.43,52.26,116,149,127,4,149,32.1,122,111,10.07,117,-24.23,115,51,-47,1,-0.13,101,-29,95,35.37,38,-19.8,74
-13.9,32.67,26,47.14,-36,29,53,74.17,-9,17.39,10,-16,33,-40,-14.75,74.56,62,35.74,139,-41,141,92,48.57,66.1,9,19.26,143,19,65,-46,71.41,28.39,-26,50,-43,139,18,31.2,51,91
105,47,-27,52.3,146,-30,49,35,75,10,72,90,-23.44,24.7,-39,136,67.75,-1.37,-42,-42,128,-24,-21,46.74,-1.41,-49,36.91,71,-10,87,142,8.01,137,103,84,68.06,73,27.2,81,-10.99
51.8,44,23.18,-14,-45,117,65.2,40.39,-1.42,57.44,6.98,-44,-18.64,46.82,16,-11.71,8,45.21,54,137,-21.49,32.89,40.34,30,37.32,-38,132,74.18,20.09,89,-20,-3.66,52.35,118,56.04,-34,60.66,50.57,68,55.92
41.3,27.99,41.29,24,24,9.53,58.68,-13.45,1.77,116,60.59,-1,39,119,46,20.84,129,35.33,-5,-41,-9.16,-11.27,145,72.42,18,51.78,137,41.81,-11,110,1.04,55,137,-50,67.3,-7,118,115,14.79,146
-9,47,62,68,122,38.86,-6,-17,28.86,92,69,36.5,97,-36,25,-38,-30,-29,54,25.84,52.34,49.76,33,54,131,5.7,29,41.03,131,-5.53,91,40,87,-47,61.19,-43,-12,138,17.34,16.53
25.55,55.01,43,131,-24.82,28.46,132,19,125,-16,9.28,44,-16,111,44,-20,-27,72.31,29.71,127,55,41,71,45,6.55,21.26,146,64,5,27.53,-13.59,52.86,-3.3,94,125,-16,73.07,-30,30,103
26,-4.11,-27,42.68,80,66.15,55,143,16,15,35,35,-9,54,-23.62,12.95,-23,133,110,148,49.58,2,47.84,138,-38,79,-39,64.9,6,-38,3,5.31,19,149,87,114,60.17,119,-1.76,88
101,45,98,69,-3,3.71,-4.07,82,-19.13,33.49,37,3,-2.79,-14,16,23,90,-22,-29,4.18,11.87,13.42,57.92,-32,146,28.97,104,94,-20.92,23.09,68.3,100,-34,112,-5.13,-5.15,69,15.72,59.61,9.79
20,38,39,-50,25,95,68.76,-33,60,74,39,72.16,70.05,68,36.6,132,44.29,21.45,64,49,-14.43,131,9.45,10,64.87,137,51.41,-9,42,21,-39,149,92,117,1.38,66.44,59.22,-21.17,61,-9
67.03,-16.52,21,-48,65.44,8,6.82,18.98,23.42,63.81,56,71,50.86,10,-8,67,13.8,10.28,46,37,144,45,63,12,30.9,0.04,65.31,5.95,50.68,64.74,25.95,-8.6,-20.63,94,125,-48,-3,56.21,139,-20
104,14.82,15.73,-6.72,96,34,109,61.81,-17.06,141,57.97,126,111,131,-7.61,-18,19,53,71.29,49.91,47,61.46,127,32,-7.52,41,-30,-19.4,3,23.12,22,0,22.71,129,-10,-14,64,139,47,59.37
62,53.8,44.74,-23.74,-2,-30,52.81,114,67.09,117,100,72,44.71,56,74.87,-18,70.65,-24,-34,-5,77,26.02,47,50.07,31.55,71.61,8.1,82,68,16,23.88,-13,62.91,50,-12.8,18.12,-12.45,52,-3,-18.19
42.81,51,9,-7,42.14,42,115,61.63,120,120,37,139,142,24.76,1,-19,126,27,4.72,49.65,-22,72.77,-39,52.2,137,29,17.19,68.82,48,65.9,26.49,128,48.29,82,67,90,60,-43,-9.55,17.48
-50,122,93,36.16,99,-7.95,99,95,25,71.39,3,38.24,-43,96,46.87,66.56,14.99,34.48,100,71.18,32.15,67,-15.2,-19,48.19,47,53.01,123,76,32.4,26.3,122,60.02,143,-11.76,100,-5,76,83,69
38.06,-30,67,94,-49,-21,79,-11.22,37.3,146,-17,97,10,28.38,11,38.61,48.15,22,-11,69.61,32.37,54.99,-4.91,48,10.02,78,77,3.18,46.51,15,77,0,18,-23,-9,59,13,0.05,2,3.5
28,0.75,38,-14,70.61,-16,28.97,58.2,93,31,42,16.67,-5.71,58.17,18.16,29,-26,30,55.99,54.7,-18.7,-12,87,44,-1.22,74.25,135,73.5,-2.82,-41,92,-50,149,7,-32,17,110,74.14,64,38.37
7,73,-39,-32,107,40,21,-21.7,50,68,105,136,-10,30.53,103,98,36,69,13.81,81,4.72,54.93,-12.73,26,-21.71,70.3,42,107,-6,0.58,32,22,6,-18.25,35.23,2,-40,54.55,-13.89,55.84
73,-9.54,-11.81,96,63,55,0.79,70.71,88,-22.43,18.16,129,18,49.42,38,84,-3,-9.75,46,0,8.17,28.59,-37,-17,89,118,137,16.9,18.16,38.17,63,110,56,-20,14.4,61.82,-15.81,-33,68,20
-39,73.21,-1,7.05,16.82,35,-1.77,34.94,56.64,109,1.03,143,-31,66.22,-21,70.43,96,92,76,2.56,50.31,-29,67.72,-13,-48,58.8,-8.45,148,46,-30,-7.93,67.04,13.03,-11.11,26,9,117,-37,9.54,29.77
-21.87,68.6,59.54,30.85,23.91,-23,43,20,65.8,-43,-8.26,44.31,-9.29,113,10.25,-10,76,27.78,3.42,48,-4,47,-22.51,-22.97,16.4,-20.83,133,-4.87,22.37,36.32,48.59,107,-26,-19,-30,52.08,141,-29,125,111
-23.87,-50,-18.14,-4,48.58,-7,11.06,148,4,69,77,26,-9,53.12,53,0.07,10.81,148,30.01,145,113,49.32,29,145,-6.12,47,110,-13,100,8.01,8,53,-45,-21.21,20.6,-40,40.51,61.88,-7,-42
44.4,19,9.45,71,-38,26,136,88,68,105,114,6.5,-42,131,116,-40,-18.31,34,58.55,7.81,0.87,67.83,-19.43,-10.67,47,146,106,82,7,121,-10,50,88,68.48,48,145,13.12,-14.33,1.29,110
139,99,50.07,19.79,66,108,134,20.23,-30,-13.74,67.3,38.61,41,-4.8,32.43,1.25,108,26,65,38.13,-11.61,-18,31,47.17,57,28,-16.68,58.74,-47,63,39.7,146,15.14,-39,138,-45,50,5.59,36,148
100,66,-33,148,-39,-22,127,92,98,-33,-26,54.14,31,0.38,74.69,62.49,7,-23.11,19.7,-46,18.26,40,140,7,15.38,6.21,145,18,95,-8,7,-13,9,53.42,32,59,35.76,37,55,31
-16,28.53,-14,-29,138,36,31.27,-22.59,-23,25,33.96,64.3,40.16,22,114,-9.98,22,125,48.45,-18.32,68.5,-17.53,-30,62,-7,7.77,22,-33,72.34,82,-5,9,28.9,107,135,56.07,-5.97,-7.38,134,39
14,119,44.21,29.77,65.93,-5.81,-12,74,104,28.65,83,59.11,50.17,-8,68,23,-46,121,31,53,15.17,49,-1,12.4,134,102,117,59,56,6,3.71,86,73,9.72,85,52.99,45.47,126,67.71,-3
-24.73,63.37,11.68,-19.71,86,41,-21,-4,-4,20,60,135,0.84,96,89,104,71.46,106,36.81,24.96,2,84,32,36.54,68.54,2.57,1.9,35,-28,-12.16,46,40.19,27,148,3.5,107,12.05,-23,57.42,36.6
41,108,76,110,-9.31,-18,43.46,77,55.13,-0.24,39.8,61.56,-9.59,-29,60.55,11,20.66,28,-1,43.21,41.2,-7,-11.78,110,-26,138,141,59.3,73,128,10,81,38.45,145,26.22,-36,85,55,49.08,-3
58.51,64,-44,16.1,54.7,3.43,66,83,0,4.64,110,13,54.22,-48,27.38,34,-4.77,47,-48,2,91,55.51,145,37.15,101,26,58,140,-6.26,-8.17,-23.97,101,37.04,-24,1,56.25,-22.26,28.82,57,62.06
41.51,0,13.2,54,97,29.47,-12.82,-0.11,59,14,-2.14,-1.2,-22.14,-2.98,4,7.62,97,21.35,75,-7.55,93,-28,-30,-31,-24.85,105,24.71,-3,103,96,43,72.48,73.36,45,97,39,70,53,144,4
79,78,42,3.21,103,14.06,101,77,99,18,46.52,67.51,-0.67,14.1,16,-20.12,69.05,5,16,127,-30,-22.45,3.47,-37,62,-15,6.58,128,134,38,12,61.21,24.97,92,-4,-29,-38,11.3,89,34.49
55,110,61.68,57,32.22,-17,24.92,95,11,54.39,37,80,59.27,-32,137,18.51,133,32.71,-8.84,33,-2.72,130,61.2,148,95,66.37,91,-21.2,-20.02,7,38,3.84,-4,142,-3,-6.2,32.33,51,144,120
-8.68,30,11.45,-16.05,-10.53,-16,73,90,52.77,-1,76,49.2,-1.97,127,29,33,32,140,60,95,10,-15.46,99,68,24.44,-36,58,69.97,48.5,-16.58,148,94,27,56,78,112,123,-22.47,111,61
135,-22,-48,5.03,45,55.03,-7.69,-2.73,98,-4,34.37,65,8.28,76,142,22,125,76,54.75,-10,-45,69.64,-20.2,-21.6,134,116,103,16,14,56,9,51.57,8,144,-34,-20.3,-23.2,1.37,10.48,111
29.02,120,55.71,130,73,65.73,47.79,-2.35,59,28.37,71,125,-38,28.73,3.15,-20,148,-7.73,10,-17.05,27.74,38.37,97,-18,29,38.44,1.36,102,-41,40.98,-15.16,-20.39,29.96,68,57.12,-32,98,-31,61,66
59.1,70.31,10,-2.91,121,54.16,44.89,61.93,-14,22.76,3,33.85,83,33,-0.37,97,31.25,37.04,2.56,64,138,139,11,15.55,-17.92,64.35,-1,123,19,37.4,96,37.39,45,32.95,62.14,0.72,63.09,50.41,13.09,-26
134,-21,18.95,65.03,19.51,22,33,7,105,31,28.73,13,10,50,62,58.35,-45,21.39,71.05,41.65,43.5,22.68,18.77,102,70,-17.09,-20.27,132,12,8.97,-12.33,-21.87,63.46,144,43.03,60,-47,52.39,46,79
71.89,18.6,45,-38,120,-8,71.46,137,-45,6,37.66,66.79,2.07,3.44,146,136,-49,39.95,9,129,61,56.74,28,96,1,81,19,28.26,114,49,18.77,53.33,111,-6.51,39.05,72.81,124,127,9,99
52,52.47,77,-3.2,46.62,118,11,48.21,61.12,0,61,85,-39,-7,132,-42,33,-11.07,-39,15.96,2,42.54,78,42.12,-47,31,62,-45,132,-13,-37,28,-1,23,101,-19,131,112,59.45,-20.37
-13.84,39,59.48,16.41,91,43.04,-14.35,-15.91,4.97,130,-29,-5.72,-9,-9.66,50,87,69,-2.22,22.78,37,6,124,-20,51,53,-47,-2,2.87,78,2.48,-23.99,-19,112,-40,-17.26,54,41.59,109,104,135
80,104,32,72,-0.68,131,-6,71.14,115,-47,-23,135,-17.89,52,18.2,-37,-49,1.74,37.12,1.81,149,56,38.89,9.5,47,23,144,19,32.67,59,15,137,118,72.27,54.24,-2,131,39,90,-13
33.5,91,131,66,10.21,140,52,5.77,35,0.04,112,-23,10.29,69.76,2,40,58.29,-43,41.31,92,30.01,69,113,27.56,72,56.44,75,100,59,-3.75,-23,-24.97,34,7,-28,-44,-24,72,72,-21.57
18.66,28.17,63,113,121,149,21.81,-47,122,30.74,127,-7,-20,5,37.93,142,58.78,12,-50,-23,-45,-31,29.34,32,-26,7.02,41.53,25.99,75,55.24,7.49,1.25,-20,86,15.09,-7.28,15,39.26,-20.46,71.88
59.1,-5,129,105,-21.93,63.38,53,56.8,-3.15,27,18.47,40.35,-49,56.32,147,-9.23,6.11,-21,-7.37,13,-46,2.39,82,-33,-41,4,59,120,-50,41.13,114,29.97,-27,-37,-44,1.59,11.82,149,98,-9
-2.47,24,17.49,55,-39,37,113,89,-43,58,142,-8.59,115,11,137,43,7,100,20,31.78,25.2,47.36,32,74.22,4.92,57.59,64.74,47,136,69,66.28,-15.46,21,50,146,92,4,99,69.32,30.67
116,47.12,39.14,91,34.57,106,5,0,25,-26,14,-5,16.9,105,68.87,35,58.92,44,100,59.85,45,54.7,105,57.86,125,14,62.9,-9.19,50.12,-49,3.66,108,50.3,-4,58,-17,-14.37,-15,10,48.16
65.46,59.68,29.54,66.12,38.19,5,-36,61,-8,117,67.75,106,116,127,-15.52,-8,-19,-13,44,55.33,37.53,61.8,69,15.82,-5.47,115,18.54,5,71,17,-43,60.57,53.25,39,58,102,18,-0.1,136,26.79
49.69,2,131,67.18,54.95,124,68,59,115,53,27.8,79,64,49.98,21.38,53.88,31.59,11.51,137,76,73,2,96,70,18,34.79,16,35.86,114,44,19,72.55,-28,70.41,33.67,18.54,147,3.41,106,52
-16,32.06,5,39,-26,47.44,56,57,36.1,44,15.03,118,77,28,104,-41,-29,119,-39,107,73,17,-4.24,64,-49,14.38,-13.15,96,-1,6,-20,61,-19.07,4.04,62,35,25.34,82,38.05,11.41
-16.08,-8,-9.54,33,56,-0.26,23,24,126,114,12,7,21,-31,59,17.64,18,64.71,7,37,78,72,20.02,57,148,-14,11.49,-17,147,-17.36,110,61.81,31.52,27,77,21,49,131,6.67,22.84
-21.9,127,5.58,-7.8,67,73.97,10.09,149,17.98,144,15,119,147,-41,49.88,51.36,92,-24.93,101,-4,70,58.54,-24,-16,17,-13,-5,59.01,27.59,48,37.27,22.19,-6.18,27,7.54,-8.12,27.11,50,-38,49
-12,23,49.94,117,37,33.06,40,115,12.71,-22,109,2.01,20,140,120,-34,15,70.24,5,149,124,41,-37,143,-44,-2.08,37.51,39.24,-14.61,73.68,121,20,71.67,-27,25.13,-18.41,73.29,21.44,125,148
50.42,-22.04,-21,131,86,80,56,34,113,-7.13,-15.88,-20.2,-32,-8,-16.25,60.02,54,16,108,22,75,14.52,22.17,21.35,-19,-42,6.2,95,-22,-23,18.14,-30,11,64.9,4,28.57,6,47,147,53
126,-15,-24,65.02,-1,-23,52.63,37,-27,25.02,54,14.19,-16,74.82,-48,106,-14.1,114,39,115,-8,-40,63.47,73.91,53,-3,51,17.02,1,104,65.32,30,93,-1,39,122,69.65,11.42,-19.12,48
21,-43,6,73.59,52,95,106,-40,7.25,59.97,33,59,12.95,77,50.39,74.69,138,8,62,74.81,63,5.31,98,106,71,39,80,144,38.24,51.15,71.79,55.09,141,100,72.08,125,43,6,37.04,24
32.99,28,142,-22.12,44,28,48,-24.44,74,22,-17.25,24,-33,64.51,147,25.17,-21.62,6,-47,17,29.18,48.72,34,-36,-45,106,0,-17.71,-2.89,73,49.49,74,24,-19,99,-45,3.49,25,81,-3.75
128,4.11,-3.98,-43,8.13,-42,70,-21,102,67.99,-30,8.26,131,100,14,-15,-38,26,84,-39,76,72,-27,74,10,122,93,133,67.69,61.93,19.82,26.91,67,147,2,5.46,116,-10,134,55
64.22,110,48.85,44,-18.07,133,-17,-2.85,36,3.69,89,99,-34,-19.83,63,-18.04,65.96,135,49.96,-7,83,-3.41,111,24.99,78,71,144,-43,68.31,125,35,108,-9.11,133,74,-1.99,38,31,20.69,55
39,40,98,5,7.94,69,86,49.98,39.27,15.13,-16,91,114,72.9,69,12,-20,25,17,74.53,117,92,27.9,1.97,8,-18.84,127,24.39,58,18,75,-30,61,31,-20.52,21.93,-10,121,-15,-40
106,-17,-22,10.15,65.63,58.97,-35,61,4.81,96,46.19,118,63,18,43,134,37.48,-34,22.11,-7.89,51,-48,53.5,60.72,61,6,18,46,35.12,95,-23,0,66.07,147,-35,29.68,84,-41,51.45,86
71.08,89,-27,129,-19,52,31,87,127,36.67,122,103,129,-4.17,26.74,45,31.24,25,-29,49.26,-41,22,-21.68,37.6,60,66,12,30,-11,20.36,40.1,6.79,32,40,38,137,38,50,-4,33
89,49.09,-17,27,60,109,72.18,17.57,10,99,72,5.6,72.4,18,50.32,74,61.74,3,101,40.68,53.3,38,3.3,16.91,-3.7,133,53.21,141,131,63,0,16.83,56,2.81,72.55,68.4,67,137,32,98
-32,-1,74.47,-22,-18,35.83,2.79,11.07,7,26,63,134,25,-11.61,73.75,67.6,28,74.8,70,-20.74,-27,84,9,146,-20.44,68,127,122,52,137,50,63.62,87,72.69,51,141,-41,57.17,25.4,-2
97,-3.03,-18.61,24,-20,-17,-43,78,-1.68,-42,-39,-17,132,69,-12.7,5.72,66,4.53,48.97,19.99,66,-13.05,-18.88,28,31.48,69,-24,100,12.42,8.58,43.75,51.09,58,106,64,28,36.51,2.67,6.68,43
-4,27.92,-21.08,37,8,-18.39,67,0,-48,101,-6.37,23,121,40,74,132,-45,117,38.91,-25,116,95,-36,-6.56,147,8,74,2,59.59,-39,67.71,67.74,71,-47,124,143,68.56,96,-4.61,113
11,67.16,56,29.98,-39,84,4,-24,78,146,46,-49,42,69,123,-33,5.78,37.49,103,10.98,-23,21,10.29,2.04,130,-8,64,84,55.89,-5,12,18,-4.08,65.81,0,82,55.83,26,68,113
49.34,107,-4.13,57.3,115,111,46.92,-25,138,-0.31,111,29.3,66,-29,-12.63,39,-5.09,-11.77,-20,32.8,-22,65.06,67.04,1.49,11,11.54,148,12,20.3,15,25.68,28,7.9,126,10,119,63.14,26.16,13.3,-38
-42,38.44,23.82,10,70,108,3,34.99,9.79,-41,66.07,62.21,71,-10.95,-33,55.8,49.35,-7.22,2.35,-5,110,36,34.45,127,16,69,14,148,80,-16.7,60.94,38,26.45,-11,146,81,77,16.42,11.61,49
21,123,12.34,-24.69,73.42,82,135,109,-0.78,-11,-45,138,-4.17,27,-16.32,108,-32,73.89,64,72.83,25.33,3.61,-18.05,-15,31,63,-50,-11.37,10,12.19,74,93,8.41,-17,31,112,-29,146,-12,142
-3,146,28.66,-12.9,119,-43,32.56,10.98,33.49,74.74,52.58,-1.82,-42,-35,43.52,-8.36,31.94,88,22,64,-30,45.04,34.13,-35,14,52.1,65.58,-35,54.16,32,-0.76,69,36.33,145,44,-3.98,118,15.05,29.32,121
-31,27,64,30.49,29,58.46,91,3.8,-24.85,-4,-14,120,21.68,80,-49,68.63,123,20.06,117,73,85,144,82,-20.5,-38,4,52,12.97,-24.59,9,69.63,4.28,101,59,105,48,18,13,20,21
95,117,-43,5,-3.62,56.3,117,-47,80,27,73.31,-15.26,37.84,-17.77,104,12.93,106,-16.28,36,54.37,0,8,-26,56,-29,70.91,74,68.31,109,-28,24.6,36.05,73,133,-26,61.52,-43,83,25,144
66,-4.19,90,50.99,6,27.24,105,-45,40.42,12.19,2,81,32.08,-43,18,9,-43,43.78,134,117,50,-8.42,148,-49,75,57.55,135,-15,-7,45.8,130,5.89,40,10.25,26,21,8.78,14.94,146,7
71,54,40.32,45.36,19.37,71.12,73.2,-18.99,78,57.32,-21,32.69,-3.56,12,20.87,-10.86,-9.21,-10,53.28,-23.48,64,131,99,67,3.58,14.33,-16,49,43,-39,74.01,114,-5.76,38.9,68,58.32,-13.82,148,115,130
18,51.24,-21,-18,68.36,72.19,50,96,11.55,47.65,68.35,129,28.11,59,5,24,49.07,46,61,148,-2.73,127,38.91,12,127,70,-26,-6.51,106,46,117,14,-45,14,-2.97,28.26,60.52,13.11,123,0.55
112,9.41,117,-30,12,45.66,94,61.1,14.83,114,40,65.55,59,-14.78,124,-3.98,64,69.29,-10.99,16,52.11,145,-17,49,6.39,133,-19.53,1,53,28.85,58.89,13.66,-22.72,-12.51,52,-27,39,18,-4,50
35.22,6.55,-32,37,19,30,36.79,12.88,85,102,6,104,90,-21,-8,-28,55,-22.33,107,-7.54,-47,29,-30,-49,-40,98,76,-30,-49,-7.15,54.31,-13.53,-24,133,-32,38.35,64.55,57.91,61,137
7,40,94,59.12,35.66,15.8,70,-32,11.58,64.31,142,-37,51.53,126,74,-41,-28,-12.92,-7.72,27.68,31.85,41.89,40,53.08,91,8,7,-15,43.91,37.07,40.18,44.06,26,8.84,141,132,94,84,-30,38
27,27,48,51.61,83,-4,23,-11,1.33,-16,56,49.6,-12,-20.01,70,24.11,11.18,57,74.25,36,21.02,102,-11,70,-20,36.71,4.58,132,-47,17,29.76,-22,23.83,128,139,54.42,-7,85,-18,2.3
75,25,-1,42,132,58,68,-45,64.61,48.77,-18,13,3,-14.45,84,57,99,24,33.89,20,62.96,110,-28,52.67,13.33,-18,40.11,-15.36,44.49,19,50.83,-30,42.94,-2.78,44,1.23,-17,-46,-6,60.96
126,28.46,-11.21,52.15,1,126,112,127,30,95,23,104,-20,44.19,-16.51,106,-35,94,56,97,128,-41,22.97,31,110,13,19.48,52,-50,55.58,57,8.03,65,87,29.53,49,144,-6.05,128,17.47
87,-14.09,47.27,-24.82,127,-1.92,142,20,87,53.11,-43,38,-9,59,13,5.94,-20.28,23.42,129,122,6.35,42,149,43.05,-18.38,5,15,11,59.53,-44,62,146,11,11.73,51.44,74.04,25,73.51,46.29,-28
24,-12.4,-35,48.06,20,39.92,82,19,36.39,59.32,132,-45,26,99,18.54,12.85,-28,97,50,33.65,22.27,149,-8.88,122,123,64,66,68.57,17.08,126,46.37,-10.12,113,66.97,-5.31,-35,111,-29,54.04,71
136,129,-16,65.73,9,118,132,39.38,84,97,66,109,146,3.29,-1.15,148,-32,12,2,62,20.08,4.4,19.47,-10.7,107,48.74,69.8,37,118,61.34,58.69,66.71,-49,45.1,-5.87,127,142,88,-1,50.35
61.24,37,89,56,9.66,39,113,55.19,31,15.04,-25,58.01,60,63,-12,147,28,145,-17,57.19,70.67,-50,108,-23.19,75,134,-8.92,-20.77,0.01,-22.76,62.47,5,87,60,126,48.51,22,-33,135,-40
-34,141,59,90,23.69,-21.64,70,93,67.23,12.65,-12,142,57.45,-8,-10.3,-12.61,88,51,7,9,18,41.04,148,54.05,56.1,106,9.23,0,137,0,49.63,121,147,74,61.76,-18,35.35,-26,21.79,-8.76
59,-5,120,-15.65,40.14,48,-7,125,6.88,0,55,-14.25,65,-11,133,89,12.98,-38,34.11,-49,133,22,97,36,67.68,-32,124,11,127,-7,12.75,100,-18,95,83,0,98,57.66,44.37,-21.62
-39,-9.18,110,74.4,70,28.7,111,-27,19,49,141,49,82,66,-5.56,59.36,-33,30,40,52.77,-3.51,63,24,37,129,109,12.75,57.68,54,-22.05,15,47.49,18.31,49.85,20,-2,9.92,58,68,20
54,48.45,63,20.1,24.41,20.89,56.2,122,-30,37.06,7,-14.55,-49,-16.11,64.27,-22.92,146,57,29.26,81,-18,-1.13,74,132,-20.22,52.32,1.44,50,95,50,-6.68,-46,-7,-42,-17.21,101,-24.47,53,-48,20
99,9.51,47.65,149,30.04,-12.42,26.75,-16.54,14.7,-35,57,56.89,4.44,6.53,-47,-17,-8,33,-19.9,52,6.12,74,135,5.78,-8.02,29.93,57,49,11.38,38.08,33,57,29.4,48.98,7.83,87,-5,19.93,130,69.85
143,70,27.53,110,-48,-18,29.42,105,-3,74.97,-47,19.96,39.73,-10.3,54,3.14,147,67,70.63,62,11,97,96,74.75,118,32,-29,23.55,133,97,106,24.16,131,84,84,11,106,46.33,74.8,-25
-21,82,64,56.92,33,-50,41.87,70,45.16,16.61,44,141,19,7.24,21.66,127,-9.36,28,81,14.91,-31,15.86,11,-1,58,15.45,139,-13,-21,48,109,69.6,35,67.45,39.91,17.38,45.28,-10.52,39.58,43.37
101,-2,139,10.53,92,25,54,0.08,4.04,-8.32,67,-50,45.59,41,28.48,22.03,39,-9.22,53,49.24,-38,62,33.72,12.38,-4,-50,17,17,35.4,130,-23.05,1,75,79,-21.78,9,-16.05,8.5,64.09,50
124,17.46,19.7,0.66,137,11.16,52,-17.77,104,34.15,-42,51.36,149,25.69,-7.49,60.02,124,25.62,-23,4.12,61,67.82,-18,30,-20,72,44,20,45.03,125,-30,111,34.06,32.64,11,32.61,61.76,-19,-29,-26
117,128,133,32.46,-20,124,95,42.02,50.74,58.79,13.48,20,4.62,49,-5,-5.8,13,95,56,2.58,126,-28,6,42.34,51.17,123,76,89,-15.25,144,71,81,5,-33,140,61.15,82,47.88,-49,55
-7.04,67,72,27,54.91,-50,-24,109,-14.95,1.84,140,-21,121,89,-48,30.84,37,64,48,12,19,104,41.64,30,2.51,120,39.6,-17.21,37,69,15,57.55,-30,-0.79,14.82,107,-6.43,26.5,-46,1.11
109,88,-0.24,-9,45.25,-3,117,46.09,-24,24,88,-42,-10,65.53,34.03,8.45,68.35,-3,-29,72,0.05,-6,72,6.95,-36,124,36.13,-43,-1,60,11,23,-12.15,83,-26,5.69,48,-43,53.58,32
-19,39,143,5,63,-17.42,10,-34,10.75,-10,-24,44.73,17.23,-19.05,37,71,0,62.87,73.83,36,122,54,3,30,-15,-16,45.81,3,-20,-14,18.37,71,-17.4,134,-10,87,19,21.68,17.4,-10
28.2,5.05,-17,3,19,55.37,46,42,52.31,33,72.64,97,68,-20.77,47.67,25.36,55,24,124,-40,40.08,34.55,-27,97,-21.28,103,-2,26.88,84,-18.78,35,-3,87,37,-14,8.34,74,22,-42,-41
-34,2.15,78,-2,6,34.54,9.01,-17.38,30.71,25,6.06,41.02,34,105,-19.97,132,134,134,-15.16,21.55,68.81,133,60.89,141,65.43,-40,4.42,-43,-29,-34,-29,28.41,-20.08,-18.31,15.76,64,11,5,72.52,62.13
4,-21,20,89,-24.14,49.39,16.46,130,-42,132,99,56,129,2,-14,139,101,54.36,-13.36,136,68.98,70.43,129,9.49,10.35,8.07,74,104,134,3,13.44,115,7,107,15.09,54,52,-6,3,49
52.96,84,14.97,-34,50.33,63.81,-18.84,6,-3.94,2.39,-29,77,25.35,130,-2,142,39,-14.05,5.36,59,-19,70,27.9,-24,5,0.89,14.25,4,-47,-36,68.38,71,34,89,21.03,39.66,-7,32,-37,147
73.64,115,48.55,59.11,14,21,-9,99,-1.61,136,-18.82,106,97,-13,82,-16.1,43.77,103,103,100,24,-8.39,-18,91,-8,110,108,74.39,25,15.66,23.25,86,6.76,2,-1,-48,10,126,7,144
18,77,-22.04,57.01,-26,45,109,-27,-13.59,37.79,122,101,139,36,35,40.57,5,45.73,27,62.96,-17.07,29.34,134,44,4,-18,18.47,93,149,-16.12,144,9.09,13.09,-4.81,-47,-39,-8,10,-2.18,29
-3.69,51.52,133,124,3,13.22,55,8,12.85,10,37.64,-0.15,4.73,-22.12,28.56,40.37,42,49,-30,16.92,-25,14,119,42,83,67.78,-40,-24.83,62.64,71,54.45,71,-10.35,110,-18.3,34.75,30.03,5.48,106,30.37
51,129,51,68,65,114,-35,-5,20.81,-9.32,-45,-13,20,127,8.43,69,141,48.8,37,-29,58,-11.82,18.5,32.3,108,109,2,106,105,74,-29,7,67.06,44.61,18,80,3.98,-5.36,102,46.54
122,-38,90,1,142,-13.31,53.3,-18.58,104,6,-18.64,47.9,25,-50,-19.43,-11.83,8.23,88,51,-7.53,92,47.38,28,8.19,63,98,64.53,33.8,33.95,67.92,66,43.76,6.41,17,70,13,11,1.58,126,63.3
40,-44,44,54.48,14,132,120,4.73,131,-3,5.18,81,33,34,33.8,39.95,60.45,43,64,47,73.3,55.88,40.48,23.62,52,101,-3,-26,-6.05,21,127,-20,64,131,-18.67,74,-1.76,4.01,55.46,148
60.6,74,80,50,32,40.64,-9,46,-41,93,7.2,-10.21,-33,47.38,43,100,-47,49.66,-31,-15,-15,137,53,-50,106,69.21,-11,-10,141,-6.74,73,72,11.84,25.04,-26,15.48,56.41,76,-4,-6
7,-29,119,-11,76,64.72,11,-41,-22,68,95,7.05,-4.85,47.08,13,-0.98,-3,-11.21,-19,50.97,-6.18,122,99,69,-0.13,88,-21.73,-15.19,-12.3,73,-48,69.01,23.32,137,17.68,37.08,136,-49,89,-48
72,4,42,66,4.81,-12,74.27,42.69,120,60,138,47,15,-21.88,1,48.44,79,14.97,8,120,35.32,58,138,19.91,81,101,52.61,-11,-27,-13.41,101,-19.08,5,-37,-48,127,2.39,45,2,47
60.47,51,-3.4,-13.51,-33,118,52,-22.26,132,69.46,7.14,105,7,-10,130,-10.71,7.9,-29,-15.58,-18,-2.56,66.28,-13.06,-31,21.91,33.05,74,19,-49,39,-7.37,95,-1,-22,19,-6,-16,112,48.64,42
76,74,-12,130,-4,11.71,-1.74,3.34,66.76,70.23,-41,52,-18,25.76,17,126,104,-7,-13,15,111,-15,54,-9.06,-39,88,59,-17,53.77,-0.9,-34,11.08,-33,-15.88,88,-3,19,13.98,-2.9,94
-20,-12,-50,24,92,11.04,5,-3,-42,53.23,-44,108,77,147,24.82,133,-24.06,-3.56,-0.43,17.45,62,36,24,10.95,21.59,48.68,121,6,20.86,-28,2.14,-18.08,7,4,61.37,-6,52,-32,32,13.71
139,65.72,90,-26,-7.02,63.21,2.95,20,12,106,-23,70.35,122,142,10,43,57.17,30.28,94,72,-50,91,-24,9,70.08,147,28.85,137,41.91,-20,33,61.25,45,126,-20.52,9.7,46,4.15,48,112
113,34,7.74,26.77,71,-17.95,5,25.02,47,-12,149,-27,121,-17.01,52.57,119,58.59,-18,63,-16.58,145,39,64.64,49,11,0.71,-9,-43,-30,62.43,19.47,37,121,-24,-11.54,107,39,48,19.89,-11.33
45.83,131,130,45,9,60,149,5.31,95,58,64,4.13,67.59,4,6,14.53,91,-13.58,-1.56,79,93,-10,55,123,-11,71,42.25,58.37,-6.94,18,5,-13.93,90,24.72,73.75,68,50.18,104,-46,-18.33
16.5,61,120,85,44.44,-4,18.63,-28,-11,27.48,-50,26.05,70.44,-7.39,-4,-47,-48,-24,54.56,-29,35.57,97,102,73.95,11.42,130,11.4,32.8,96,-6,36,-7,21,85,107,58,56.44,-48,-32,10.22
113,27.48,66,83,-24.01,-3.88,46,-15,-25,4.55,12,72,4.59,68.56,21.38,3.74,-8,-17,43.79,12,33,5,127,63,21.66,65.75,-19,138,140,13.34,82,41,-4.08,104,46,50,47.31,-31,75,89
33.01,25.1,21.17,-18.9,133,3.74,9.4,4.18,-34,-3,8,-17,62,130,94,96,103,27.54,13,104,29,18,56,99,37.5,123,-23.35,9,-23.27,12.87,63.33,-43,8,35.18,82,13.76,-24,-7,135,2.14
106,54.91,55.16,-5.27,102,-8.48,-17,11,12,141,10.55,102,44.81,16,1.04,63,111,-20.16,72.2,-45,81,18.23,78,18,34.96,64.53,95,34.34,141,62.5,53.93,-23,95,129,50.3,123,120,42.71,140,68
88,42.13,3.59,82,30.02,67.43,30,32.83,-23,18.9,3,104,18.88,71,-46,71.1,59,17,56.86,142,-4.12,89,39,-18,56,44.9,20,-2.7,-40,32.29,17.58,67.7,60.53,51.7,2,77,45,140,83,105
87,69.55,-7.86,127,66.21,-47,30.86,-32,7.56,123,77,82,26,-10,143,32.74,99,-15.72,5.89,21.11,-20.63,98,13.45,60.12,-2.59,-20.96,-16,70,-25,59.7,128,96,50,11.98,74,-40,100,0.15,120,-9.02
-23.22,44,118,38,133,45,60.85,-43,38.07,-1.76,34,-21.02,16,9.53,-22,47.06,107,51.39,67,74.51,42,41.45,-7.71,-1.19,52.42,144,131,71.35,143,32,64.38,64.06,69,-2.39,82,94,0.89,17,-23.44,23.06
40,42.19,64.9,86,58.78,19.1,53,58,21,134,27.93,31,6.73,61,145,128,90,82,28,0.19,-31,71,-12,10,18.54,33.4,115,-18,-36,107,64,-21,-43,41.18,34,-27,50.23,4.68,74,-7
114,-34,110,38,44,92,20.75,-23.52,2,18.74,78,30.63,91,-6,73.47,28.39,-11.9,6,119,111,80,106,140,-19,109,35.66,-0.36,75,31.22,77,-41,35,88,46.61,44.91,-5,48.02,-43,13,45
-10.31,-49,125,-8,37.92,41,61.58,1.77,147,65,41.37,-10.07,3,65,-13.97,-41,-15,57,-19.15,0,46.64,94,104,-20,63,73.58,-1.51,7,40,97,113,110,145,-23,65,143,15,14.88,44,39.26
-18.19,49.64,34.39,52,28.86,-11,15,63.19,53.65,86,59.95,67.64,124,8,60,52,57,96,-16.1,14,-42,60.47,56.97,-5.15,49,-11.48,-27,138,97,55.89,45.15,148,58.7,-15.79,71,27.5,3.02,134,44.91,128
-12,110,139,26.63,122,121,139,13.57,46,123,-16,98,36,-4.5,-24.6,91,45.68,24.05,-8.15,16,25,57.31,40.73,30.58,68,-4.09,110,85,50.66,5,62.68,-42,37.58,22,34,-12,19,24,15.14,14.69
40.95,69,26,57.66,-18,94,133,140,-37,0,-7.04,6.23,-46,143,-16.16,58.6,18.83,76,40,-11.27,33.05,83,113,-31,104,10,13,56,41.61,119,107,62.96,129,-13.41,2.04,-49,54.52,-13,30,33.24
71.51,-7,8.43,107,-1.02,20,66,-0.1,-48,89,25.23,51,145,72.38,64.77,-16,-3.48,70.87,91,18.55,3.22,23,149,70,44.14,7,123,68.96,143,-13.67,14,-21.5,39.6,58,11.56,23.85,48.99,63.79,-35,18
-2.92,148,11,32.85,74.27,68.04,-0.07,103,48.22,-19.87,135,59,39,-4,140,30,-30,39,113,-43,34,19.9,49.67,90,54.67,-14,0,102,131,1.42,17,108,47,19.57,-25,-6,-22,141,65,31.07
13,-7.17,-34,65.61,2,-34,133,67,73.07,-9,-2.01,84,120,52,53.8,54.67,70,5.6,18,58.9,-17,58,46,16,139,61.34,58.11,-48,125,137,-28,42,-44,-30,137,9.1,23.52,-48,52,31.53
2.07,96,35,65.67,30.18,60,19,-5,71.3,-50,-5,39.1,-7,71,4,106,13.81,-11.7,11,-27,111,67.07,98,72.7,61,6.18,2.38,-44,38.15,-8.39,-42,137,45,-2.11,83,81,66.44,33.58,-16.7,48.56
-17,63.86,31.19,8,-48,22.42,35,-47,111,118,51.39,5.32,146,11,71.04,9.15,14.84,7.12,-11.55,7.59,53,-50,49.71,49.06,-0.59,-13,23,-10.91,133,-9.74,102,9.31,-26,61,20.45,-18.06,29.87,134,68,-16
31.24,22.15,143,49.03,59.12,84,52.7,39,13,125,43,101,135,78,133,44,59,-1.85,-5,68,21.12,-20,74.83,15.22,60,16.99,107,-22,-11.06,-6.11,2.24,-5,85,13.81,119,70,54,24,-7.02,73
-8,64.29,90,2,113,53,45.79,-25,35.87,-1,40.32,-22,53.21,19,57.48,28,6,-17,121,54.43,1,40,61,64.35,62.4,-7.2,5.19,60.06,68,-39,34.63,-34,19.12,27,-3.66,-12.52,19.35,52.43,-19.68,42.83
-3,13.89,-5,-0.62,-5.89,-20,24.51,-18,31.21,132,-8.61,124,41,39.14,48,41,59,76,71,100,45,70.9,36.16,85,86,-23.92,140,126,69.09,-32,-19.19,57,91,97,-22,-2.46,24.94,113,-24.79,-28
79,-34,50.1,-22.49,123,11.83,-8,106,-43,123,76,61,56,103,-24,9.84,-48,54.49,66.07,46.48,96,16.74,5,3.19,49.18,-12.9,91,124,-3.96,115,39.57,40,118,-21,-1.19,62,13.05,52.83,-2.72,81
97,81,29,62.54,-18.58,48,-17.44,109,-0.22,19,59,57,69,-23.04,80,69.12,77,27.07,75,149,30.07,5.35,42.19,85,-14.98,11.04,-41,32,17,25.73,43,-13,-0.28,49.42,-21.24,53,126,21.37,21.74,132
-14.16,24,24.15,26.27,14,94,47.82,148,114,-30,23,134,96,148,101,86,28,31,38.47,95,-41,21,-43,42.7,99,-50,-14.7,131,72.69,1,128,148,73,95,48.44,14.17,54,39,65,127
21,12,46.78,57.8,17.01,-13,110,-17.59,97,-19.41,129,43.95,10.32,62,72.05,25,-22.67,10,113,22,-18,87,116,39,77,3,37.73,12.6,-23,65.37,-4.22,68,-12.35,24.05,123,103,136,-3,88,46.65
120,134,85,128,23.58,-23,0.67,61.43,-19.55,65,21,17.11,79,60.51,-29,44,74,114,-4.86,21,4.26,-42,92,43,147,137,94,-14.27,-17.61,3.13,-16,56.92,25.92,11.84,44,19.21,-26,5.61,-12,72.67
17.46,110,50.09,109,55.59,66.48,33,85,-11.27,57.7,-42,21.9,-1.4,6,110,83,-9.2,134,146,60.55,28,45,-7,97,-27,10.54,-12,114,-20,-13.43,40.86,29.77,-8.26,101,-47,-7.66,70.05,-3.84,43.49,53
-50,11,33.38,77,134,87,131,143,73,138,100,14.61,21,-42,56,-13.18,-7.13,86,133,96,37,90,18,38,26.54,74.49,55.37,72.74,62.64,7,-7,48,132,27,-29,74.82,36.57,27,-3,-16.84
-5.99,94,-8.27,38.19,11,87,24.46,137,47,73,6,-21.48,119,15,-24.02,110,52,41.68,86,32,58.49,17,-9.75,-37,30.61,47.39,56,34.98,74,141,-5,39,131,-43,45,-43,1,124,-21.09,56
75,21,-9.56,69.58,87,149,-15.79,91,5.46,59.86,27.52,108,45.13,145,11,88,35.36,104,61,59.42,8,62,53,58.09,42.85,-20,11.73,73,-3,41.7,67.74,130,-18,89,127,60.97,27,22.32,36.4,148
72.66,19.68,19.62,55,21.98,52.34,116,-45,-38,20,144,6.93,137,93,70.65,109,66,9.76,51.19,146,58,64.19,41.28,36.05,11,38.14,74.23,18.86,39,8.87,67,5,3,38,41,-24.26,73.33,52.51,14.19,50
-2.97,-22,74,-24.62,7.39,-16,-32,91,-18.24,23.87,141,18.46,25,126,99,16.86,44.83,109,74,-36,128,25,28.47,148,145,-37,27.01,65.62,-2.64,39,140,11,-28,-7.82,-5,110,-5.92,46,47.94,20
-10.28,123,9.56,82,88,147,35.31,-2.19,106,15,86,62,-24,-34,121,-21,-42,8.14,21.85,98,-12,10.57,47,147,29,57,18.64,120,-23.51,-13.01,83,-17.84,59.05,-1.27,12,17,8,-20,-36,54.78
-19,-22,44.64,32.24,2,17.74,0.15,140,0.78,58.83,41.93,55.05,-30,27,59,65.37,60,132,-39,-22.37,46,64,134,38.7,-3.5,59,58.3,6,24.41,58.41,36,-38,3.43,8.01,5.63,-13.16,0,-24.66,49,31
2,-11.23,120,-6,34,63.2,63.36,27.56,43,50,53.99,7.9,-5.85,94,-11.67,109,16.52,70,59,-1.64,6.09,-22.64,-29,60.9,-11,43.3,-20,29.54,61.89,63,57,-35,-25,1.98,-39,49.13,33,139,54,78
24.62,52,-9,36.77,36,18,13,14,-8.36,49,22,86,21.58,2.72,73,52.95,108,-11.64,65.56,143,15,126,86,87,16.18,-0.9,144,-0.13,-21.33,-11.02,-12,8.47,-40,54.23,-1,53,18,-17.55,-29,102
122,22.9,57.45,74.64,37,-7.88,14,35.47,10.41,30.76,-3,61.78,90,102,132,73.25,69,93,-24.3,139,62.52,17.2,130,-15.06,96,35,79,17.97,35,26.28,-23,7.06,-15.19,24.24,91,2.59,26,119,12.09,83
35.4,-2.24,72.82,63.33,-17.43,121,-1.59,18,56.21,39.62,112,77,118,66,21,40,19.48,-11,-7,-1,84,124,22.74,64.24,2.16,97,46,-13.52,26,20,-19,0,50.52,87,63.17,149,-3,-26,100,29.21
66.34,47.48,46.62,32.71,21,59,132,-16.66,33,-34,-11.05,0,86,1,142,59.31,-18,125,127,36,10.74,145,57,37.85,-21,-5,119,-23.13,-15.06,117,-12.87,86,69.14,50.21,0.47,-22.63,144,-44,54,3
44.21,9.78,12.17,93,78,60.49,-18,146,82,99,38.03,48.25,85,149,-30,-5.22,62,113,74.98,87,-12,20.21,-25,46.8,41,43,83,-16.79,35.96,72,-25,74,133,-24,74,-22.35,51.2,40.67,106,52
-3.85,90,-31,-14,69.93,68.69,84,-6,-16.95,-40,95,78,-39,-4,45,40.72,-27,-1,-14,28.12,-0.25,115,79,59.44,46.76,13.6,62.83,66.81,29,-26,2.74,62,61.02,32.17,23.68,114,127,-9.03,71,36
-18,24.43,108,2.92,103,11.17,42.94,39.5,-41,18,16,-11.39,59,133,49.16,-8.15,147,21,51,15.28,132,35.66,24,104,-11.85,8.9,84,70.11,105,-13.33,-0.23,43.28,-1,76,-4,13,137,104,0,-9.39
119,10,72.6,68.32,18.95,11.19,12.52,46.36,5.25,44,41.73,131,-16,-2.74,0.04,-18.77,4.12,94,120,34,86,-7.21,85,-22,22.25,18.55,19.39,68,-19,144,131,40,38,26.39,-39,31.23,25,42,-12.32,22.64
32,-34,105,29,8.51,45.69,-39,115,83,79,-8.81,-14.82,57.94,59.12,33,109,58.34,61.27,122,43.79,41,-17,47,48,71.58,90,92,72.6,130,85,66.14,-2.31,10.54,-1.89,-26,20.98,12.23,30,-22.92,94
-7,116,73.91,20.37,26,-35,74.9,32.15,48.84,128,36,4,5.6,7.22,-19,101,14,88,4,44.57,25.9,129,-9.94,39.82,-36,-49,3.49,39,68,-29,59.1,65,98,-28,48,89,-0.59,122,-7.02,10.81
26.57,11.54,94,48.27,62.59,-43,16,137,66.55,-11.86,105,61.47,74,11.02,44.92,145,134,48,122,63,3.35,70.69,29.41,42,-11.08,16.5,97,66,74,13.56,-5.91,-4,56,63,-17.76,-36,88,0.19,18,-10.78
52,25.7,41.18,40.48,-1,70.55,83,20,-23.46,55.19,47.92,20.84,-10,69.94,123,32,58,25,-40,113,-43,135,99,1.12,46,-35,-6.25,-14.9,71.69,40,-11,6.07,-40,87,107,66.6,20,63.59,24.85,74
68.85,17,9,85,-3.09,103,117,75,30,123,-12,72.36,21,23.72,51.78,145,121,23,40.02,-19,141,33,6.1,-34,28,142,36,-46,64.66,88,-13,14.42,130,26.47,7.01,53.45,12.39,3,57,-8.19
34,95,27,8,7,-11.61,122,-47,145,-41,51.04,72.03,44,23,-30,143,17,17.77,5,5.77,-26,102,97,-23.8,-3.93,73.97,28.05,-4,-17,32.07,53,2.93,-42,74,-16.14,92,71,-7,10,33.23
35.11,29,-39,64.27,84,68.2,-16.46,20,142,-32,136,38,104,10,38,129,73,-21,37,100,-6.73,-28,126,6,60,33,94,24,55.08,38,18,28,-12.45,46,70.83,-4.52,47.43,59.49,52.22,69.12
53.6,71.87,46,-23,17,-22.83,-8,70,82,60.27,21.61,-37,55,67.45,61.83,57,-38,62.56,4,21.81,-34,44.29,109,-12,144,35.37,12.24,-34,124,130,-15.06,9.47,14,94,50.43,31.9,120,134,121,47
19.47,25.94,37.97,112,66,56,44,64,-6.22,104,134,3.52,29.68,11.55,22.6,86,-19.37,2.22,108,-27,149,70.67,106,134,-12,17.48,59,39.11,47.42,49,-27,40,-7,65.04,31.48,-28,5.03,79,118,17.87
44,4.55,28.45,-35,17,16.32,67,10.98,8.41,-13.41,118,65.08,55.17,15.04,7,135,32,13.38,114,-32,117,-8.19,-28,145,85,-7,-47,21,28,63,57.54,59,-32,110,3.27,118,66,-35,12.08,8
5.48,-19,61,-23.34,22,4.32,31.06,-9.56,119,22.27,26,4,77,61.05,42,-20,34,-21,30,-17,124,86,94,142,33.79,16,81,-9,99,109,27,36.12,96,4,27,51,60,36,44.45,91
19.05,141,-43,131,-9.39,22.43,-7,66,134,63.08,75,69,-31,36.78,-5.67,125,106,52.33,60.4,48,73.35,18,85,75,43,-24,-24.91,-18,-9,142,-23.39,52.22,-1,51.67,17,-31,94,55,-17,49
19,1,-38,-15,56.9,127,5.63,8,36,29.1,139,129,123,20,9,64,129,32.36,79,-3,143,26,70.44,3.99,90,120,10.83,63.79,131,24,149,101,-15.73,1.86,-33,-4,58,-21.55,45,-6
-7,21,-28,75,45.06,43,49,12.47,30.31,-34,65,-28,59,15.99,11,-21.34,60.67,-12,24.76,8,35.19,86,43.79,-32,0.35,42.48,10,10.5,-13.06,-43,52,81,44,-31,99,105,94,6,137,62.74
26.43,9,-26,-49,27,-1,-12,133,56,24,6.65,24,101,-43,106,61,73,97,10.26,126,5.6,-24.68,12,2.98,-10.67,-20.13,-9.83,34.34,136,9,110,113,0.94,51,-24,15,54.78,42.2,-25,-40
62,-7,117,44.69,3.64,4,30,68.63,12,57,91,60.75,28,15.8,71,84,56.46,44.39,47,47,-49,46.62,-41,3.41,0,-20.86,-15.78,25.56,-13,-16,-42,86,91,26.06,33,65,99,133,93,-7.72
1.84,94,-7,107,-18.96,-45,127,124,121,120,45.75,17.44,32,62.76,-22.9,59,24.11,-3.6,19.75,120,65.99,-13.43,110,131,-23,-3.71,33,4.44,57,93,43.33,-21.13,32.17,23,3,-7,75,3.32,-22,15.17
-17,59.78,52,1.55,77,-41,-7.58,41.63,-35,33,133,101,72.88,1.53,69.78,63.41,16,111,40.92,18,36.15,46,-32,23.79,-10,4.63,31,94,-36,-1.86,27.91,-37,-28,-26,42.84,43,40.71,36.58,29,132
-3,124,6.88,74.61,66,53.74,97,117,70.46,42.72,50,-34,43.13,-36,38.97,49,45,41,46.45,27.08,36,29,49.09,95,115,12.77,37.33,38.64,128,-21,113,63,56.48,24,62.58,-6,50,-44,46,30
51,108,-18.26,0.44,23.85,102,20,17,-23.96,111,14.64,72,42.19,-0.9,72,100,52,46.41,7.35,3.52,34.95,-16.38,109,46.87,28,44,13,36,-36,-29,-11,10.38,48.95,-5.2,48,-5,-21,24.36,0.08,33.15
19.06,21.44,83,-50,113,78,46.86,69,108,44.33,7,-46,101,74.12,47,41.24,-18.71,17,1.2,-2.96,149,-46,-38,45,-11.09,-9.13,-3,110,46.31,42.6,-5.64,77,15,12,-2,75,0.34,3.59,-14.75,60
10.59,-4.72,9.58,-27,43.52,-32,69,137,0,56.34,14.17,24.38,-15.19,65.3,102,-21,71,22.14,-11.74,8,-17.76,43.54,-1,66.12,-25,-32,-38,125,126,53.95,65.78,21,7,28.45,47.58,21.72,28.67,23.82,64.83,120
62,-3.19,3.69,-24.41,62,41.05,55.43,53.19,-49,9.32,123,118,38,67,121,4,52.64,-17,24.65,52.85,139,58.85,32,4,16,-9.85,10.77,19.32,7.82,38,-10.7,-24.2,49,70,35.06,16,-14.34,15,-48,20.9
22,-11,69.57,133,53,1.88,-12,-15,27.72,-11.53,-0.23,24,-34,-6.01,26,-8,4,-47,21.17,-16,-27,81,4.12,23,128,59.43,105,22.6,75,29.43,-3.15,41.88,89,26.91,26.3,55.99,-13.23,69.15,43.28,15.68
21,5.83,-23.58,78,35.35,95,53.36,50.89,66,76,58.19,-30,94,-8,64.57,81,-14,-19.3,27,75,77,10.68,54,139,-12,24.28,103,97,52,96,21.21,138,15.68,139,111,-19.89,112,-38,124,18.51
149,72,119,133,43.5,96,140,66.33,-18,-10.45,41.77,5.4,-22.95,122,45,25,148,-38,10,8.91,82,20.42,51,48.99,60.34,64.3,45.1,-13.93,22.99,30,70.77,53.11,-40,46.12,60.09,118,143,45.21,8,38.43
33.55,62,134,31,-0.48,29.47,-7,125,-30,25,38.85,39.17,136,132,53.72,28.54,-7.88,92,-24.56,31.11,74,31,10,16.95,26.5,-6,-29,-28,-20.65,20.53,56.54,54,71.39,-37,73.49,0,-15,-44,73.08,-41
16.74,110,117,85,-19,25.07,28.98,145,74,44,31.18,78,10.75,70,30,62,-16,11,111,-14.93,13,15.16,28.1,97,142,20,77,65,0,85,-4.19,91,5.99,-3,129,27.21,138,102,77,64
39.6,50.69,54.55,-9,-33,-4.63,20.7,16,54,94,-9,10.51,39.5,18.24,-4.84,69,64,104,127,-17,109,57,112,-8.7,120,49,97,31,32.08,101,13,23,53.59,12.19,54,60,-14,0.11,16.75,-8.25
88,-49,-7.79,118,52,104,58,-5,-13.28,-40,148,-22.88,129,-26,76,114,63.93,105,37.32,12.98,54.32,5.13,97,4.94,46,64.84,39.88,87,-11,-10.98,6.6,-40,24.85,49.8,61,126,43.29,46.74,58.25,-26
-18.72,-17.29,31.14,61.77,8.66,34.86,-15.85,22,3.94,25.58,48.61,46.57,79,90,50,-19.38,39.6,-16,-3.42,-13.64,-9.85,81,-50,-13,28.19,38,58.03,39,70.49,104,36.57,29,26,67.68,45.65,115,36,-19.54,20.12,71
68,-24.11,131,32.32,56.36,129,96,56,-21.46,5.1,10,35,33.9,91,-21,-47,81,125,-2,69,144,9,138,-46,11.37,-21.49,-8.37,29,46.8,26,33,49.82,47,46.54,-12.77,5.65,123,29,33.03,61.28
-16,-9,138,88,57.56,-17,-22.38,61,22,102,19.96,8.08,58,-7.48,54.4,-2.12,115,-21.95,11,52.37,32,68.31,15,4,2.22,56.91,9.94,-23,42,10,64.08,-3.91,43,-35,49,59.14,140,25.47,-9,72
39.59,46.94,9.26,-7,74,32.38,-22,-40,83,15,2,85,37,-1.42,30,69.35,46.17,147,-9,69,64,-1,35.81,8,8.9,52.35,39.01,-12.18,31.67,131,53.43,-23.27,9,-22.96,15.2,91,-50,73,-20.5,147
-11.19,90,138,28,12,-23,9.62,-14,-1.59,93,2,-5,4.33,133,101,72.25,56,36.49,111,32,-16.16,118,-33,-20.87,-31,53.64,-28,67,-47,12.85,-13.73,143,24.22,-9,145,124,66,9,146,75
-47,55.5,99,57,4,35.07,15.67,-17,9,126,-14.43,54.56,-16,34,55,68,42,25.79,0,-3,18,-36,78,72.5,53.58,54,-2,-48,142,-5,-31,-15.97,129,50.57,61.49,51.15,49.25,-6,35,14
3.92,53.8,39,-47,-2,46.95,-17.74,-49,-21,105,29,35.74,74,-2.22,59,15.94,134,-20.45,118,143,-6.21,49.36,58.71,-33,-22,0,37,41,32,-24,56.03,70,17.13,39.57,34.57,-24,139,42,138,4
23.72,62.89,57,0,-20,4.92,-2,42,105,-39,86,62.94,21.35,20,57,68.61,35.62,-30,142,136,29.02,31.05,-19.56,-2.65,-8.35,31.15,-39,56,91,-7,-42,108,116,115,73,21.21,21,-49,58.26,39.88
-21,-21.25,-36,-13.73,4,-5,5.75,17.8,4.61,52,-7.03,28.57,46.54,-45,38.12,54,14.12,-46,124,72.08,70,-21.5,-33,36.64,66,68.94,29.31,132,115,-16,145,-46,92,77,22.94,-10,72.57,4,59.83,67.71
65.75,49.03,-12.86,136,136,30.73,87,15.84,35.38,-49,-9.94,49,32,84,135,121,-24.67,1,115,54.8,-5,59.86,16.05,53.52,53,49,38,89,-22.2,104,16,35.31,127,89,42.08,80,58.13,67,-19.23,50
23,62,-12.81,16,64.42,66,16,28.42,26.89,-48,40.84,26.36,55.49,69,114,-30,14.79,147,-30,52,63.51,140,-11.62,-1,51.99,25,12.14,-20.61,23.33,63,105,6.85,35.75,122,47.01,-6,53,113,74.21,88
69.02,69.55,38,23.48,57.98,30,18,25.53,-18,-10,3,49.16,33,35,-50,43.41,38,47,-21.56,3.85,4.41,8.48,96,94,84,3.79,22.64,-1.22,9.76,17,117,13.87,-26,73.01,61.83,-31,89,15.67,-8,-5
107,-22.24,-37,31.22,-42,128,-47,7,-45,107,60,-1,60,-47,59.95,-40,15,69,-16.67,24,40.62,14.48,-12.14,60,60.15,54.49,-0.41,70.57,47.07,105,12,-43,-25,4.22,-23.36,-46,119,129,44,54
117,19.89,-13.2,25.07,31,122,53.49,37.67,66.1,88,73,-11.47,17,22,140,-20,18,67,103,91,14.74,54,-13,147,97,1.07,-14.74,55.12,28,12.88,22,128,-32,-2,143,78,67,148,105,60
35,-14.61,79,117,95,-35,141,67.6,-46,119,-0.01,-11.71,114,-14,43.52,16.96,103,45.81,99,-28,3,-17.33,108,-45,-21,-16,-14,96,17,106,83,89,116,23.98,-3.99,-5,126,-48,52,62
84,47,7,125,34,45,70,57.81,56.55,109,41,106,39.15,20.46,93,-49,48,41.4,16.99,41.34,36.88,-13,50,18.32,-1.22,97,33.64,26.2,119,101,-13.17,51,46.53,9,61,9.57,144,31,36.79,64.55
3.2,87,68.86,127,49,95,39.42,36,72.31,123,7.62,-13.27,-39,8,39,-24.27,24.81,-4.13,129,-39,83,132,39.86,36,136,-14,15.89,138,11,38,-24,149,25,13.06,-26,33.48,102,58,50.72,27.9
27,37.04,-22.95,100,72,27,138,-12.63,-34,26,104,19.27,84,32,37.43,65.66,65,118,67.09,61.03,59.84,67,57,26,25.3,117,18.07,29.68,-21,42,-42,67.47,46,17,38.82,69.54,-10.01,110,-19.36,-13
-10.66,46,39.12,19.21,-30,85,46.81,110,147,87,60,-12.46,101,11,49.04,138,69.04,52.51,52.15,114,45.68,14.01,48.16,114,-10,17.78,-46,52.12,-50,86,-24,33,75,59,-16.75,15.97,111,89,-8,55.48
39.1,-14.69,-46,14,132,137,53,79,51.26,102,26,127,117,9.7,64,19.79,-17.16,-20.53,-17,-4,34,29,108,37,-14,62,4.81,97,23.6,-21.65,-12,-19,53.07,-8,92,13,-11,-16.07,-23.07,67
134,30.5,35.38,-46,-31,-19,120,82,-5,11,27,122,40.55,-21,97,41,26.44,123,55,54,-1.65,135,51,56.1,-9,19.57,58,-9,146,88,-41,13.21,30.2,-35,-40,69,-3,27.24,15,-6
63.93,27,-9,58.18,-33,65.18,48,80,136,13.2,38.7,127,11,72,23.06,72.58,29.8,64.85,146,145,95,102,115,7.36,19.1,26.27,92,72,60.43,-17,90,96,-37,104,33.63,44.09,-34,80,67,52.45
20.93,9.84,91,133,65.05,16,-18.63,-12.17,145,18,81,57,114,109,98,-28,131,6,-12.86,110,-43,57.49,63,22.24,48.1,138,70.04,10.74,-6,-1.99,14,121,-12.92,43,74,121,104,1.02,64.07,-2
68,14,2.21,130,129,-22.12,83,97,6.68,42.72,18,1,11,-19.64,-21.16,4,54,65.22,54.82,19,21.97,17.15,46,-20.29,24,-42,-32,146,23,12.04,98,-6,-14.65,79,52,45.26,103,111,29,128
12,-13.94,134,16,17.8,-13,31.09,125,73.08,16.77,-36,17.56,9,63.77,58,115,71,-33,129,11,54.48,-14,112,51,-47,-21,15.13,111,45.21,56,73.47,141,93,24,-42,70,92,143,68,68.5
-11.69,45,44.56,108,44.17,24.4,-19,7,2.06,48.29,23,-5,49.73,66,76,-48,7.8,78,46.71,6,72.32,43,105,-15,62.09,-38,41.04,67,30,70.59,36,16.95,49.88,-8.45,59.49,65.52,42.99,117,90,-20.6
27.8,-10.14,60,-14.34,60.98,144,134,74,71.03,9.25,34,40.76,43.87,15.76,-24.15,42.22,-5,102,24,112,62.74,27,77,37,11,-44,40.07,58,8.62,86,27.09,-11.42,-38,59.83,77,122,71.49,1.89,72.94,30
58.47,41.79,96,41,38,60,45.53,-6.53,101,-18,47.4,144,18.89,46,49,18,-12.51,-10.19,7,-38,22.74,60.32,145,-38,117,66.25,52.61,-1.21,89,64.42,-21.82,3.65,-25,-25,87,-47,-35,-27,66.1,43.94
-11,70.1,41.1,-21,51.22,99,16,37.94,7.78,12.14,69.77,31.14,-7,0.23,-14.94,55.79,-5.27,-10,-20.41,19.03,136,37.25,44.58,-50,146,51,58,1,-1,118,104,1,-31,-8,78,93,-18.92,32.74,69.87,21.63
27,139,-37,-13.12,30,35,67,39.29,52.82,-14.9,15,86,14.72,20,44,35,23.14,47.04,64.05,-44,87,23.46,47.38,18,51.75,51,52.79,-33,-44,71,51.38,67,-2.95,-10.34,-1.47,43,8.65,56,-8,-19.02
24.92,37,31,-13,120,134,102,133,142,57.85,62,6.11,27,67.92,16,106,20.68,26.16,61.57,146,52,131,56.44,75,116,31.27,15.94,-41,-8,-43,67.91,-22,35.3,50,120,-0.42,31.85,54,32,53.87
49,-24.37,119,15,6,-25,52,2.35,16.79,100,43,21,68.37,10,58.26,73.38,44.97,56,40,-50,122,-18.34,37.07,-5,15,99,142,60.14,30,3.8,-20.47,-49,9.56,-23,127,18.13,3.11,-8.91,105,87
6.36,-36,115,59.3,19.14,49,-28,50.29,60.71,15,-6,-13.3,147,64,18,52.36,7.28,-18.19,-8.64,14.46,-27,24,61.87,107,45,22,113,-13.92,39,64,97,24,74.43,-7.91,-31,30.49,70.15,28,55.55,52
-13.09,42,-35,35,11.27,6.94,-50,28,97,46,37.27,19.01,55,-49,14.09,-5.04,86,19,74,-35,-5.46,66,30.8,137,103,45,61.61,11,28,5.39,112,142,85,13.53,51.55,57.4,26,138,-14,52.94
-15,-6.31,110,82,45.65,58,17,117,52,-9.15,38.75,37.27,30.99,135,71,38.69,-25,33,-1.56,-20.71,-11.91,58.35,117,33,124,-43,19.52,-0.32,143,-8.29,22,-5.18,76,25,20.66,114,89,71.51,133,11.55
64,42.25,145,81,75,-11.34,-41,22.16,133,97,30.57,-39,-4,77,29,23,17,39.27,7.3,48.31,8.03,132,39,19.93,49.94,-13,-17,100,27.85,70.51,-18,66.21,-7,-42,-4.55,-50,-21,74.6,26,-37
47,33.17,39,50.33,46.58,29.85,73.14,-16.27,-47,-49,18.97,9,26,-5.53,51.81,-16.64,123,25,40.89,114,99,53,52,7,64.07,70.89,3,-31,6,56,118,35,68.08,54,37.07,128,63,13,104,-31
87,110,8,-10.75,9.52,87,-24.7,131,10,7,106,-18,-14.26,71,61.05,35.6,44.94,67.76,70,-4.85,-32,2,143,7,101,138,-6.78,-14,99,44.09,16,34.96,132,38.8,-7,48,36,53.05,37,-47
-20.65,45,21.02,67,65.5,27.38,-39,-16,68.69,145,-22,10,103,86,31.68,37.42,86,55,25.98,56,49,7.35,-1,145,-24.56,35,19.92,7.24,63,118,7.01,7.44,126,24.86,41,31,59,53.47,-21.89,-3.16
-46,84,-13,64.13,-13,-12,87,42,61.03,81,7.36,-6,147,51,13,-15,-36,57,11,1.74,12,57,19,-7,118,141,-44,64,60.61,28.49,126,40.31,11.22,96,37.91,-7,49,71,86,-41
44.1,3.4,60,-8,30,49.85,-12,-4.07,-2.7,-16.52,10.74,69,96,-1,-14.54,12.3,95,74.43,-19,52,-9.81,-8.68,37,61.7,20.29,65.98,19,-36,16,-2.49,130,113,44,8.02,141,28,-21.74,36.65,-12.87,-6.33
-0.44,22.33,15.13,96,33.86,149,-29,8.28,-35,78,-26,65,107,-16.95,0.28,111,69,-8.2,87,14,16,55.36,112,17,69.53,15.04,30,143,43,119,21,54,2,47.79,5,18.43,-35,107,124,62.08
-14,17.49,37.83,-50,60.24,117,-49,91,4.45,14,96,21.47,92,80,104,-30,44.7,85,111,37.49,29.13,109,-1.64,-23.65,118,46.7,26,11.77,75,-23,122,148,135,32,-27,67,42,143,120,84
-38,73,-18,67.66,132,8,48,62.49,55,45.03,124,141,-48,131,68.62,22.3,-7,111,75,114,77,-40,16.25,47.32,65.95,4.79,70,-20.12,80,-17,27.14,23,105,44,36,45.26,72.32,-35,-48,35.2
73.77,63.67,63,32,112,29.55,61.12,19.21,131,-26,35,17,-31,63,23,11,28,99,74.42,89,108,3.33,62,1,121,57.01,25,81,49.43,115,-15.26,-7,-12.97,94,14,-12.89,34,59.1,5.33,26
56.6,6,118,72,97,-9.38,15,56.39,-23,56.04,69,69,8,89,26.33,58,122,59,69,147,93,75,43,-23,65.43,53.34,-8.35,-48,37.55,32.01,26.52,-5.98,-13.73,29.41,73.77,90,65,84,49,129
146,-37,101,-9.74,146,38,50.22,74,18,26.34,-43,74.4,48.68,16,47.08,56,23.3,64,50.63,142,87,102,22,57,-12,102,17.03,26,29,46.62,54.69,52,35.19,-25,71,-1.07,-24.1,-12,56.69,73
20,25.72,107,28.58,93,31,47.38,146,18.15,78,73,-11.47,26,11,12,40,87,-45,13.99,-5.52,99,37.05,-20,130,76,62,-24.1,27.66,66,-31,66,-14.26,22.69,91,101,-15.99,68.8,93,-9.93,-7
60.45,-8.23,52.06,99,51.76,-5,17,113,83,27.74,78,64,-22,2,13.44,-6,66.35,-10,-31,52.37,30.98,-42,48,45.64,64,30.58,-3.51,36.52,107,-7.98,-11,21,20.51,140,-18.07,83,8,14.59,40.3,99
-48,-36,127,13,124,76,37.1,17,149,24,31.58,13,-16.24,99,61,26.19,8,132,-10.89,68.29,-40,51.23,23,15.1,127,49.1,47.57,57.71,78,60,98,121,41.79,64,19.03,26,-4,85,-5.67,-8.2
46.85,4,60.97,70.77,17.4,83,61.59,-0.24,-14,138,-29,16.95,-9,-23.92,19,29,-0.93,21.13,-11.44,-22,-23,108,149,98,57.53,71,63.75,-14.89,79,54.9,128,3.89,116,147,76,27.71,25.45,97,39,9.19
-12.54,-24.99,-2,45,44.34,7.74,-45,69,-5,-34,134,147,15.41,45,94,41.48,41.12,33,126,-22.81,53.52,148,45.38,3.95,52,-36,144,134,120,33,-5,-9,97,137,117,-34,122,-19.29,31,11
-22.46,13,-31,10,3,-29,137,61.9,111,66.67,28.74,-26,-22.86,34.5,63.96,-47,62.8,12,18,3,26,48.7,53.92,55.14,-25,52,-28,71.37,18.49,115,-4,46,-5.18,57,-12.19,-38,105,69.47,-7,107
6.67,-17.23,2.44,-10.52,-16.26,120,-3.63,104,12.52,31.33,0.41,-27,78,-35,-8.98,9,96,20,142,-14,128,148,-9.32,104,83,10.37,99,30.53,92,24,14,28.08,-24.86,71.83,109,-43,143,-23.95,62.32,95
149,-16,11.2,59.81,29.87,114,7,-23,57.14,4,-36,75,62.36,-16.9,-31,-14.74,113,24,-3.86,27,124,-11,42,115,1,55,73.86,1.63,-1,18,8.52,27.21,115,17,95,132,16,17,45.8,107
71.99,61.86,49,-11,101,100,10,75,-12.64,52.66,99,69.73,101,139,42.83,140,83,-11.26,40,148,38,41.62,-12,104,1.7,43.72,137,135,33.17,5.95,73.5,56.69,-14.59,67,137,97,39.9,-15.84,49,-15.26
149,81,83,-22,68,83,3.18,86,44.96,46.17,-36,65,73.28,37,38.52,19,-2,29,-22,-30,64.19,129,-48,80,104,49.63,4.36,-15,122,141,108,-19,40.57,139,69.81,36,98,-7,-22,-6
51.78,47,-18.87,-36,-40,83,-29,87,51.26,100,-13.55,69.22,45,67,-20.73,-15.9,59.58,-6,59,9.49,112,50.84,140,112,57.09,26,38.59,8.21,22,9,-20.49,-2.94,141,117,24,10,28,100,2.26,73.73
74.86,16.18,23,63.45,-16,92,47.04,50.05,-6,137,6.22,102,142,124,44,-15,16.08,73.39,-17,59.63,69.15,-44,-46,104,-21,25.75,7,148,13.05,-21,-23.34,-0.79,52.08,65.87,-18,81,-8.82,10.05,54.04,-38
35.08,92,109,-1.37,-35,40,-1,74.16,83,-15,46.48,83,42,-27,32,27,107,39.57,94,119,-19,6.01,13.97,23,34.35,65.97,45.62,0,-7.94,90,-21,-12.45,22,-2.18,45,107,83,66.09,66.19,106
113,31.33,50.74,-30,-11,89,99,18,68.3,68,36.72,51.92,-20.41,16,11.63,134,12,-3.41,37,67.4,41,7.26,18.74,31.64,-1,102,62.45,35.81,36.61,10.3,65.5,49.58,113,59.65,4,-41,35.81,74,86,-15
61.66,36.13,48.31,30,-19,-24,10.54,48.89,4.74,13.19,84,14,73,-17.06,34.21,2,32.71,35.15,22,66.44,82,20.99,14,119,74,0,-7.21,-4.33,-18,101,-50,-11.41,52.08,32.6,7.16,47,93,22.33,51.72,142
-18.7,-42,132,68,-11,140,40,60.34,9.1,91,16,85,125,21.08,-14,-10,18.01,50,-38,114,-10,-41,9,-7,122,93,108,102,7,124,26.66,-13,97,43,-24.3,-2,13.11,-30,93,54
-4,-20.64,-1.17,-17,-18.15,44.08,50.45,66.54,-43,65,-48,48.68,20.04,79,14,46,43,-18.73,126,125,56.81,-4.64,-16,53,146,52.06,53,74,-5,35.11,116,-38,39.54,51.28,-10,4,145,56.44,4,1.5
58,-2.09,-24,68.87,-17,131,74,22,148,101,41,110,12,104,142,-6,38.59,-15.58,70.7,52.63,17,104,5.74,34,-31,1,38.07,45.51,136,34,82,14.41,10.7,104,86,41,-48,-14.43,-26,34.17
30.01,72.37,33.36,-2.25,14,-1,99,-49,91,82,-24.5,-14.32,148,67.54,19.42,61.09,-31,112,55.23,-39,-21.95,43,-47,109,126,39.21,-46,-3.32,67.94,34.97,-0.42,63,17,74.67,38.55,102,81,-7.06,30.35,74.22
-20,-24.22,14.63,29,4,149,133,42.96,-19,-21.51,71,0.73,-38,-9.46,3.55,104,123,55.23,-30,94,21.67,3.55,6,142,100,7.24,11.51,-16,-1.78,67,-10,24.02,85,-5.96,0,-27,57.51,9.19,24,98
1.54,100,11.34,106,70.19,-14,31.33,-16.74,75,36.51,94,7.43,70,44,-7,93,21.81,-2,24.03,1,11,6,58,7.16,76,61.31,29,38,51.8,63.69,17.01,39,24.7,4.14,36.3,41.74,40.3,-46,44.59,89
-5.99,50.83,-18,-41,78,54.8,79,33,60.38,70,141,139,103,103,6.45,72,46,68,47,-19.49,25.06,-23.32,-4,-34,115,50.51,-15.88,44.56,20.1,5.89,33,3.17,28.53,-15,8,31.54,108,129,125,107
-14.02,29.55,-22.81,-28,93,-14,-27,15.38,21,-5.94,3,-14,2.36,-48,-13.54,26.5,-12,20,42.16,-3.57,54,-12.72,26.5,62.69,-4.3,-14.78,74.53,-6,11,2.64,-22.24,93,74.65,43.38,-43,74.72,31.11,33.86,-15.93,63.8
46.4,139,98,38,70,-24.83,28,47.02,56.3,60.93,12.56,51,-5,26,2.5,-26,32.44,31,31,20,65,70,4,141,12.07,-7.71,-17,29,-33,71,126,7,22.13,-14,49.45,71.83,149,88,39.03,98
-30,37,68,57.03,102,4.51,-12,73,115,14.98,43,-8.53,5.44,72,60,65,61.88,109,131,-11.26,16.1,-42,47.55,34.94,6,-13.98,-48,-37,-17.76,0.85,79,27,-13.32,55.9,71,-26,55,149,87,2.19
125,-46,-15.95,12.28,47.3,-13,-2.07,-24,100,-17.83,34,5.67,59.61,12.15,122,107,51,142,12,137,69,62,-24.29,109,17,43,30,80,-10.29,6.61,138,73.19,20,-15.62,-31,-31,102,96,-33,21.86
55,2.82,-16,-18.56,147,35.19,2,-27,56.29,-17.19,-50,74.26,-28,146,-40,-7,-3,148,22.53,44,139,-18,1,7,-19,-14,120,49.49,-20.22,26.05,89,64.19,-1.99,76,50.75,20.91,-33,1.64,-4.83,14.67
-48,36,-16.76,1.11,-23.62,60.11,135,42,-33,68,-24.4,-20.91,3,36,99,128,51,2.02,69,49,149,40.85,-15.72,55.45,26.31,-5.22,-24.07,-3,33,29.83,64,69,24.52,54.65,19,116,-1,11,91,58
138,84,-12.06,17,42.97,-15.8,75,106,61.92,-33,29.4,45.76,105,26,11.85,79,-21.36,15,81,81,46,133,28.6,-31,-15,111,15.65,50.87,-1.5,133,-43,133,116,23,18.66,45,-36,119,-6.04,36.38
29.92,-13,106,-31,-21.06,68.57,19,27,54,103,23,139,65.9,43,16.8,-32,60,-6,-12.06,84,-15.47,32,34.03,-4,103,71.03,25.26,79,35.01,11.24,84,-39,69.09,32.45,99,1.96,-25,116,-0.55,2.58
16.41,-5,57.39,114,-11,76,-36,60.36,-14,-11.63,56.83,62.94,139,32.11,-11,14.66,74.18,11.77,7,58,128,18.63,30.56,-43,36,108,119,-0.5,45,117,112,29.82,24.93,28,57.23,31,-23.47,-37,46,132
7.64,9.09,10,-19,-16,-10,-14.18,63.14,-47,-36,41.19,-15,41,144,69.4,19.69,41.04,1,59.85,1,-21.4,-4.88,148,5.41,67.74,15,7.98,87,26.32,4,-18,31,4.88,27,39,-14.4,78,49.55,43.27,-16.53
11,143,3.63,38.25,-6.22,5,41,-32,-11,71.14,41,57.2,41.09,118,115,0.95,61,17,113,88,124,-33,7.4,77,71,52,72.02,34.09,130,19,132,67,-19,43.86,-5,145,34.35,-4,57,44
-11.09,74.67,22.45,136,146,50,130,47.69,-29,34.9,8,-23.19,88,-11,98,128,75,63.11,52,-6,30.97,28,16.74,74,12,62.66,105,48.21,75,49.75,63.31,115,139,57.8,-34,34.71,34.73,-17.37,13,-48
140,-21.71,95,-38,24,16,65.09,117,21.53,64.38,3,-19,-20,108,96,-41,86,28,36.83,12.15,22,-7,141,-31,137,88,6,46.28,-41,-49,18.21,36.23,103,16.7,64,113,131,14,54,36
38.86,41.34,51,-18.68,12.02,43.79,-35,128,-20.7,49,15.6,54.21,25,-11.04,72,68.05,-8.86,56,115,-18.22,113,14.89,34.54,37.37,99,-2,-24.88,124,54,57.3,-6,31.04,19,51,90,16.71,-6,9,23.27,15
13,128,130,24.99,41.49,-4.34,88,59.93,1.55,-22,74,11.22,40.74,-31,57.34,11.73,28,33,10.03,27,-23.98,14.3,9.49,-40,8.38,68.42,98,20,140,117,-38,6.43,58,22.08,131,14,39.34,-13.39,8,69
10.28,122,31.13,132,11,82,114,123,83,27.6,4.4,137,35.94,98,131,48,22,21,-5.56,49.95,-29,32.13,-16,109,-1,-8.63,38,23,-29,-40,41,61,65,45,56.94,39.03,-18.32,24.74,2.46,3
52.12,-5.19,-22,84,142,30.15,107,57.15,120,12.48,141,107,30,14.25,-43,55.33,-17,90,14.83,76,19.74,13.49,16,115,-48,66,33.63,-25,92,-11.46,-27,20.43,58.41,143,50,46,7.86,64,-6.38,-43
46,139,3,34,-3,149,49,16.72,119,56,57.29,81,2.65,114,-15.21,-50,44,-35,101,115,-23,3.5,86,-38,-39,103,74.64,-29,69,-16.5,71,90,24,81,5.83,-42,42,32.06,27.23,-11
59.26,140,103,49.23,4,109,113,-48,65,-2,50.64,120,-37,21,38.57,-5.65,97,3,139,117,40,24.18,134,16.47,-3.09,63.08,-48,38.7,128,56.42,25.82,34.17,71.32,-35,33.48,27.31,65.95,-18.38,-30,85
6.63,38.51,70.14,33.15,34,83,27.98,-6.63,25,-28,86,-18,-5.07,58.12,57.34,43.99,2.06,86,1.84,133,54.95,97,30.66,30.5,10.54,64,55.46,0.01,-31,69,-50,-31,-5,54,13,38.69,122,10.63,50,36.12
-23,32,102,-13,12.74,19.13,36.67,66.6,-30,22.19,30,-5.02,134,146,132,49,74.63,14,106,138,51,43.46,61,77,67,105,73.18,56,-40,50.95,96,27,44.32,16,59.92,128,140,44,-13,55.15
14,-47,121,31,43.33,32.92,65,20.08,11.18,-44,1.8,97,51,92,-31,52.09,-11,-39,-12,25,-8.04,48,27,-12,-17.76,41.8,123,66.7,18.94,-13,25.12,78,70,70.13,47,40,47.93,104,147,56
3.4,19,142,70,83,41.54,49.45,-4,121,-22,-13.01,97,-15.37,41.15,-39,-47,59.28,3,115,74.36,110,35,15,112,41,121,23.03,64.49,4,48.98,34.36,113,8.24,-38,105,148,49.89,-23,64.86,33.84
4.28,24,-19,-29,-38,44.16,25,-30,49,25.93,-19.13,-22,-25,-32,134,115,-10.74,38.18,93,-11.19,41.78,74,-22,54.32,58,89,3.93,14,112,69.66,-7,122,120,63,38.65,-23.64,-36,-11.8,33.46,34.62
129,4,80,86,41.92,-20,119,-16,-35,-6.88,73,36,81,-20,138,27,65.94,144,58.7,-12.83,19,68,56,133,116,2,67.81,-12,43.4,15,-30,71.56,-22.04,19,14.7,4,-15,40.26,60,-32
-32,68,92,33.1,141,-16.64,17.61,-30,1,-14.02,66,8,0.89,84,135,94,-31,-31,97,108,12,-32,20.98,23,42.8,69.44,-17,64.05,17,39.94,-15,-12,0.06,36.42,29,50.58,32.98,-35,14.73,60.92
13,57.43,105,124,18.14,46.96,128,47.06,138,40,14.12,22,-18.67,36,102,9.72,110,75,50.93,115,127,57,102,2.14,86,70.77,24,76,11,60,61.66,27,21,3.86,-11,17,67.38,27,42,33
34.21,15,99,124,15,22.46,120,42.25,51.67,61,-19.55,-18.96,-3.21,58.41,93,57,20,51.31,7.91,-38,83,66.27,29.15,9.37,-7,-38,0,-6,48,50.13,33,42.07,66.48,-10.15,46.86,-7,88,95,10.57,45
18,147,47,51.9,41.72,-48,94,53.83,107,-18.06,89,90,138,-17,44,37.44,64,73,-20.43,92,139,-13,4.22,27.23,-38,120,-10.02,137,36.3,-21.01,-28,66.77,43.68,33,-21.02,47,22,-19.94,98,90
9.8,28,-46,-4,68.18,30,52,10.58,75,2,1,73,-24.68,-38,-17.56,48,59,-28,62,13.27,69.94,108,22,-18.42,-4,33.7,2.01,57.36,-14.4,129,-29,103,-6,-10.06,69.74,6,-10.67,27.79,-40,56.45
-0.08,48.6,1.81,53.48,63.02,-37,-9,42,51,64.34,39,6,110,80,12.7,-15.08,66,90,-47,34.69,81,92,-19,94,19.45,63.73,123,67.04,62.42,44,46.52,89,-4,-3.43,-18.8,54,25.85,-5,57,-10
63,16,-4,133,139,12.58,49,-3,-49,145,54,103,143,-21.21,21.65,66.42,36.41,68,134,12.58,89,55.41,-17.65,65,49.22,51.16,-2.11,26,46.52,63,42.29,-50,23.92,61.58,72.78,-5,-14.97,67.53,46.31,134
16,36,65.54,82,-34,128,23.48,-18,126,7.7,58.23,134,28.89,18.86,60.31,82,43.68,76,105,16,1,30,-0.36,-20,28.2,-11,106,101,61,-0.93,47.09,31.42,2,62.72,9.85,21,68.43,49.98,0.89,148
47,1,33.18,-5.97,12.91,110,52.09,-15.31,-1.17,122,-7.72,-22.06,90,14.31,28,7.17,74,37.36,56,122,120,9.92,4,116,31,-48,88,118,48.56,4.2,67.27,1.72,21.25,39.85,130,90,48,13.44,91,-47
105,-11.81,29,46,22.81,-6,-5,49.25,-3,51.65,-2,104,72,19.68,85,-7,55,148,53.07,31,66.69,43,64.53,113,70,-13.55,45.77,-5,91,5.49,-1,14.53,-17.15,102,31.7,90,-6.51,37.16,26,95
43.39,65,147,50.18,49.74,1.89,3.43,-18.29,-5.51,119,-4.79,52,-21,16,94,-5.98,-7.71,67,6.1,-9.91,22,6,-12.47,89,-18,-17,62,-28,0,77,-17.04,119,55,149,67.47,66.29,18,-23.69,65,-11.33
117,81,29.93,95,28,36,74.2,67.65,82,58.71,37,61,24,31,53,-43,-11.28,21,56,3.92,33,38,78,-11.51,16.39,54.59,59,64,47.73,24.66,58.96,22.09,0.93,12,97,-20.14,-8,44,49,5.33
55.96,8,130,0.26,117,-19.98,30,36,69.08,33,2,131,48.59,13.96,45,53,52,23.81,102,67.79,15.28,11,29,6,47.92,53,-49,-13.11,48,60.01,-5.64,-0.12,73.48,51,40.3,60,47.91,19.57,64.24,-43
45,20.87,74,-31,80,60.88,-22.07,53,50.49,-21,-29,-16.13,102,-19.36,-40,76,-39,24.76,53,36,26.18,66.28,-35,-5.5,33.74,-8.25,5,98,9.34,9,44.05,44.49,120,14.07,37.2,47.88,100,-7.57,-28,38.61
111,146,54.21,132,-13.43,3,19.85,46.54,-37,78,-2.63,-50,-4,148,41.36,128,20,47.83,42,-8.54,30.15,8,119,-12,109,-8.38,92,2,1,48.31,60,23.73,49,68.41,27.42,52,53.06,-42,29.31,-21.19
130,58.76,16,-8,56,41,15,128,64.87,-12,6,72,33.04,-41,148,-48,59.96,-2.34,-10.38,3.56,50.87,18.09,80,145,30.84,56.83,-21,5.04,65,35,-7.58,45.97,7.58,133,56,-15,24.14,13,-19.05,17.06
38.68,6.21,39.26,130,40.21,56,9.56,10.73,15,138,40.28,17,80,83,-5,127,26,51.26,25,-9.61,56.67,120,56.36,45.03,-45,35.38,126,-6.06,19.38,5,-16.7,53.62,-36,17.22,-31,-31,20.33,-1,41.19,8.69
8.92,132,-23,119,57.37,138,19,41.62,72.49,68.25,42,126,77,34.4,20.04,33,70.41,10.44,81,63,139,106,23.61,41,32.8,32,65.91,120,-2.39,97,-21.35,34.53,116,39.69,4,72,31,41,13.48,-32
67.52,84,14,65,69,-22.06,67.06,0.74,-3.69,74,-12.79,56.06,107,49.69,-45,-28,-31,14.93,23,109,148,60,121,61,-1.7,57.7,5,34.99,-33,27.47,136,25,52,76,-16.94,37,4.36,19.12,123,59.44
-10.9,-15,101,-30,20,-40,-12.11,76,46,65,109,-33,119,30,73.25,49,6.59,25.98,-14.61,-22,86,32,135,43.61,51.79,8.51,30.11,-12.16,-5.38,101,106,4.79,-13.45,26.41,15.03,49.69,138,100,62.96,93
-33,64.87,52.81,58.56,131,73.36,50.14,-21,26.23,43,67,134,-25,148,-22.85,45,27.52,65,106,74.14,32,118,11.34,97,-20.77,45.57,12.36,-32,50.69,-8.18,24,101,51.1,27,144,26.27,9.18,-7.22,66,54.58
17,9,116,-19,77,61,8.65,24.76,26.49,14.72,54.78,1,29,7.38,1.9,4.66,67,30,98,-7.42,-15.5,64,98,103,75,0.96,52,21,74.43,146,101,45.32,136,46.86,-9,92,67.13,71,17.41,-21.76
53.06,123,101,-28,40,-10,-24.43,-42,-42,25,-2.87,57.98,127,-7.1,31,134,19,134,-11.12,71,99,60.61,-4,2.17,47.58,63,126,-22,-13.34,-23,129,134,16.56,61.7,32,25.33,17,144,82,128
-39,65,134,42,-32,-35,-47,-5.07,11,13.82,14.69,71,-12.36,39.89,99,-11,92,-3.2,39.1,62,119,97,-18,-23.03,17,-3.7,15.73,51,108,54,-18.41,59.79,8,144,149,-44,-1.52,-23.65,69.17,64.67
-32,25.88,22.79,38,122,54.12,0.26,8.24,122,83,53.89,40.04,68.63,3.87,83,-9.12,-12.07,12.7,38,11,83,56,54,45.24,-6.5,123,-1.83,80,20,28,6,-12,122,41,2,115,110,64.97,-44,67.21
-1.42,19.18,7.85,148,131,79,12,44.21,-5,14.55,3.66,-8.1,139,38,28,19,9,-35,5.24,72,32.61,148,-6.57,138,-32,34.95,43.05,-17,-19.51,73,122,110,13,21,21.91,9,-7,4,8,11.3
70.3,12,118,41,19.01,-44,52,-40,11,61.49,-7,-40,37.42,138,-14,96,110,18,31.34,107,-2.72,39,18.98,8.21,69.36,-22.47,10,57,63,71.5,20,37.73,-4.33,-20,14,42.86,56.8,67.89,66.51,45.48
138,-21.28,33,60.35,121,143,20.35,62.51,-28,85,18,-10,21.9,-42,-20,66,92,-15,-10.06,-15.47,-6,-28,-3.64,8,4.88,132,136,-1.95,115,72.83,64,-16.56,-47,23,36.59,63.57,127,-9.29,41.55,135
130,2,46,122,115,54.76,-24,30,38.11,69.34,54.03,118,33.33,0,-30,81,-33,119,5.47,146,-12.97,55,-13.23,-29,40.62,-28,74.85,-41,74,34,43.4,16.34,-14,80,62,-23,10,-1,95,3
87,4.35,25,-17.72,5,-27,13.56,14.15,-13.6,-2.25,-22.87,62,26.89,10.86,10,17,104,59.7,59.87,80,-24.67,85,-45,57,28.66,62.68,47.4,52,137,60,60.97,11,99,57,116,-7.72,74,4,3,-3
92,137,9,28,-11,123,143,15,10,93,27,121,46,-21,119,123,136,10,120,-36,103,44.41,0.45,-15.19,6,51.12,110,102,2,123,-21.43,-8.09,45.89,71.21,6,66.23,15,61.09,119,-22.12
-50,40.6,15,49,71.83,26,48,0.78,-42,-1.76,141,-21.31,69.11,66,36.42,31,-12,81,44,56,47,-49,49.16,25,-27,5.43,-12,22.07,102,32.24,70.7,40.5,131,43,57.38,-6.58,56.99,147,131,70.43
114,65.73,57.15,33,-12.06,7,26,-16.55,38,46,-4,87,-14,-7,-9,58,112,15.54,130,127,-9.65,-19.46,101,21.75,-26,38.91,67.32,61.58,149,138,55,137,81,81,-37,148,2,67.31,141,-36
8.2,35,53.42,-16.57,26.95,54.65,-38,19.94,-18.29,32,3,103,-21,64.59,4.47,43.29,18,68,-30,104,-20.28,40.92,-19.29,108,-48,-5.72,126,137,67.21,65,54.86,64.93,25.98,15.31,27.88,80,-35,-11.22,6,78
-8.28,-31,103,71.43,132,-12,-5.15,49.33,70.48,14,105,23,-4,15,69,26,101,104,49.26,34.5,19,71.96,14.11,35.06,88,64,80,147,35,59.51,111,147,126,77,-7.39,58.2,36,-38,16.13,-49
30,46.91,144,42,-40,30.83,40,131,-0.88,134,-2.38,33.49,52.73,10.51,-50,81,80,-34,95,28,29.58,-44,-21.79,-24,28.71,18,23,-16.4,128,52,20.61,-14.93,69.79,-5.92,28,48.57,33,21,7.64,73
30.89,65.58,10.02,46,25.88,138,58,110,5.3,28,14,15,65,-12,78,56.16,23.73,93,-14,-2.39,122,-19,-23,126,5,26,9.68,15.88,139,63,-3.11,-23.77,64.38,60,40.4,146,134,50.43,68,25.96
-16.96,-42,96,31,8.92,65.45,-47,92,21.82,90,69,108,9,-42,54.1,24.37,3.71,-50,63,139,16.72,139,8.58,45,98,-49,140,8,37,83,98,4.39,99,135,87,18,36,57.37,108,10.97
125,7.22,21,26,35,83,-22,-49,107,-19,48,6,3,6.9,145,68.02,-23,38.63,-20,128,115,85,145,37,6,115,72.28,-11,27,-9,87,-3,96,-20,-5,62.95,53.24,3.2,45.03,102
21,73,111,-32,87,142,18,46.88,8.79,43,-13.67,7.09,120,41.09,107,-20,4,16.35,22.61,70.41,128,130,23.97,126,134,-19.46,-23.75,53.6,32.69,137,60,119,148,45.88,78,-28,96,4,-1,42
-14.15,25.06,70.66,70,27.89,9.43,-12.7,20,-4.03,14.28,65,-48,-40,-10,47,84,72,60,-6.5,46,61,57.26,10,56.23,146,89,11.28,94,29.33,-14,-44,50,-17.66,149,85,-23.86,26,-46,26,2
53.23,64.16,-44,-20,134,127,88,-14.49,31.12,110,-8.22,-41,1,28.91,12,131,-12,116,9,-27,2,39,38.33,-33,111,-29,89,133,7.98,35.88,-7,3,-2.86,54.42,-23.73,-37,-2,25.83,67.77,28.35
145,-18,96,146,77,56,116,140,83,65,-15.44,-0.21,118,122,-23,-45,-9,22.96,1,-23,42.95,-23,43.21,37.14,149,5,74.92,49.67,32,-38,140,27,16.79,148,90,76,53,6.86,47.67,57
-44,56.96,-22,42.67,57,112,39,3,3.85,101,74.86,-5,22,36.43,35.16,-19,-19.72,63.27,-11.57,-38,127,56,42.17,-10,79,22,37,132,-16.99,40.53,-38,127,31,52,138,19,40,55,140,69.15
9,-25,36.32,84,53.01,-36,3,129,20,49,-14,9.64,94,-1.08,42,30.52,6,67,98,13.41,-4.95,-4,-18.19,67,-12,17.86,33.25,-6.51,-34,145,73.24,-7,111,74.13,-0.77,111,69,69.84,135,32.21
126,66.85,72.36,126,-33,29.56,51.15,-9.75,89,112,-31,-10.38,36.77,110,98,-22,56.4,-28,6,65,-7,-10,0.39,-46,72.38,108,11,147,103,32.51,61.84,60.29,43.48,29,0.72,-1.96,29.8,48.3,-16,25.34
27,-42,11.12,112,38.08,-10,143,109,129,137,148,51,-1.19,42.88,-15,-13.27,6,4,68,15.67,-9,64,47.13,-19.99,43,-46,57.92,-18,18.35,67.55,59.33,19.98,2,-13.79,-9,97,103,-19.43,93,2
63.89,41,41.3,39,9.65,116,130,22,-20,128,4,103,64,21,34.73,4,10.26,73,29.8,49.19,34.09,-28,45,37.38,6.78,22.17,-4.42,114,31,38.96,140,94,-44,-15.86,20,34.39,138,5.79,101,-38
86,118,8.87,90,-24.76,-40,64.87,37,-21,34.43,65.82,91,41.17,-26,52,26,-24.21,-23.99,88,52,13,-23.63,23,-19.52,16.06,17.41,6.83,46,-4,98,-6.13,34,6.42,-9.58,74,64.86,-14.14,41,93,126
19.71,60,50,3.62,10.29,34,-3,-15.87,66,22.82,10,3,-10.52,73,59,70,93,125,23.59,11,15.23,-17.62,24,11,148,14.29,17.27,44.11,12,93,-6.58,-0.56,61.45,-40,33.57,124,148,59,59.88,57
-20,-14,38.63,113,87,-12.45,12,48,57,32.89,-25,91,96,50.45,3.92,-24.1,8.18,-25,3.2,-5,138,12.56,60,115,18,55.75,146,-10.09,25.38,136,118,17,119,48,50.44,54,86,19.53,94,-19
-7,115,32,32,40.2,-36,-6.1,-2.24,83,-25,50.46,101,8.77,148,-6,133,76,-5.51,-29,26.11,54.91,31.88,69.99,103,-34,10.77,-29,28.85,112,116,142,56,-15,2.17,61.12,103,18.56,26,23.24,125
-11,122,51.71,22.35,138,81,26,-3.39,-46,-6.26,32.6,51.06,-19.78,32.46,-9,19.92,27.86,-3.41,50,-42,67,38.04,10,91,-35,-19,36,-35,-8.76,26.94,36,-49,65.25,118,114,53.86,39,40,61.5,-6
58.69,-17,-40,48.42,0,38.96,-30,133,56,32.89,52,-3,33.52,68.42,93,-17,12,28.22,112,41.74,36,10,124,70,28,56,147,-33,-25,53,-8,66,89,60.79,84,-5.25,32.43,18,-12,47
18.3,67.85,79,87,73,26,20,-28,31.23,75,-11.62,-7.7,85,-46,54,16.77,24.18,113,39.27,113,-23.39,41.62,-18.94,140,110,96,22,-49,8.55,62.3,57.92,41.1,-46,91,60,106,147,48,65,46
51.08,1,67.16,38.04,53.42,129,33,37.58,-44,16,134,-6.89,51.29,135,-22.77,65.1,-9.2,30.12,24.19,116,-9,39.52,129,64.75,16.65,10.52,69.49,74.56,-6,66.23,8,41.92,101,36,74,142,-18.99,137,95,91
-6.56,78,69,26,112,74.52,59.57,131,-22,-15,54.86,17.41,78,137,4.91,134,141,66.92,1.23,-2,102,80,30,42.72,-3.99,0,58.94,37.37,21.37,11.43,60.43,-20.61,93,29,-32,-18.1,62,109,37,68
55,64,-18,109,-42,17.37,-10.69,135,53,45,8.69,112,21.27,80,13.75,82,-9.06,5.62,43.52,-1,111,70.08,-3,5,16,32,24.35,112,123,9.01,68,4,11,74.96,58.74,100,8.74,-34,26,45.86
28,-15.76,-9.22,-2.7,85,-13,17.37,-16.72,87,45.28,39,-1,46,-3,76,0,149,72,2.92,130,35,76,110,18,45,140,82,28,29,29.89,49.11,-1.29,139,-9,67,135,-19,140,107,-39
-5.27,-11,74,70,108,71.18,35.46,-5,9,67,-32,92,88,115,-24.87,39.45,115,72.66,-16,61,45.07,7,-29,-1,2.56,85,-11,22,48.75,116,2,-27,9,9.68,26.02,-2.86,137,48,27,79
73.72,45,-2.64,13.32,24,63.07,49.54,-15,26,42,59,-4,98,56.09,-18.5,122,9.48,1.1,120,38.49,43,-19,-37,107,-47,22,-1.28,14.43,20.52,102,-46,72.74,92,121,108,5.38,108,95,62.98,-27
-26,118,-24,47.89,145,2,144,-35,57,50.84,0.16,52.97,53.3,117,0,67,70.4,34.2,92,70.77,61,6.37,23.53,45,21,38,69.05,65.77,133,52.59,-23,87,53.79,27.04,49.11,30.55,-9.16,-2,89,112
42.67,-36,121,-17.22,-11,10.67,28,-6.53,-28,37,133,43.7,-2,-16.47,51.83,-33,144,116,134,149,34.08,28,64,129,-3.64,88,13.34,-0.48,24.46,-45,66.96,101,69.73,4.05,120,63.62,-3.5,62.29,-7.9,37
22,52.92,-19,25,136,33.25,31.88,20.16,98,116,72,123,15.17,-22,127,-27,33,11,119,18,98,67,113,35.43,66.06,73.67,9,39.58,-2.04,70.28,24.44,107,56.95,0,141,22,9.59,-22,7.4,-4.78
-40,12.8,60,146,94,35.27,-11.23,-7.15,114,3,66.45,57.22,21,37.4,-10.49,-43,27,82,-4.81,99,143,32,-20,22.93,21,46,-14.44,25.9,38.41,-10.66,44,109,122,-29,55.55,125,-11,136,53.62,-27
64.12,121,-45,17,18,-30,131,48,70.72,69,8.54,-5.3,15.06,60,115,96,52.69,-4.88,89,21.08,48,57.55,57.33,41,-49,74.6,65.51,31.48,45.02,-22.31,124,30.44,90,8,32,35,135,53.26,54.73,75
19.06,4,60.96,27.94,8,48.93,68.43,3,136,118,-15.53,105,44.6,63,24.56,53,-16.62,71,79,83,84,32.61,-25,42.62,66.73,3.14,80,66,99,-20,42.16,-27,63,-11.75,37.14,-9,64.66,145,43,72
86,133,4,69.9,-12,83,42.45,105,62,36.25,55,2.79,47.29,72.98,141,15.53,-16,-18.5,67,57.01,-28,66.13,40.31,44.37,-35,21.52,27,-17.87,18.96,-5,87,126,48.29,79,69.6,15.89,72,16,149,36.04
-22,73,29.4,42,125,7,1,-11,49.16,-14,-10.74,9.2,38.32,-13.29,31.36,70.17,69.87,131,-20,12.6,-11.67,116,-27,10.88,9.1,72.62,0.08,60,92,20,69.22,19.29,-23,21,61.96,-35,47,25.1,-16.26,37.12
50.93,92,126,36,129,57.71,72,143,-11,-23,35.11,-17.13,64.53,76,99,42.86,-3,127,-33,-20.61,101,48,4.59,-18.72,-7.68,23.68,53.79,113,-13,-19.16,-15.53,16.09,61.3,27.18,52.22,-49,-18.8,122,8.17,59
25,-18,143,44,-11.04,12.98,64.72,40.36,80,22,-14.61,30.51,-9.11,54,119,132,21.3,30.23,27.99,70.97,7.52,29,44,122,76,142,-1,1.36,39,4,53.08,120,58.74,96,2,7,73,45,-40,63.18
3.4,95,29,84,21,115,142,3.58,57.77,25.13,-35,-32,5,133,-16.56,143,-2.74,128,33,-19,20,111,90,14.4,31.44,57.99,-19,7.55,1,-18.75,149,27.1,-30,40.25,56.94,123,145,-29,44.97,-30
57,121,87,-16,-18.05,-31,63,57.01,98,-42,65.73,47.92,31.84,128,32,140,21.09,6,90,-34,6,73.11,64.23,24,71,27.4,57,59.23,-14.94,7,63,42,88,-38,10.6,96,127,22.16,-4.68,26
39,-50,73.43,14.98,62.82,-37,45.97,-5.72,73,14.51,13.07,31.16,-13.1,91,-20.43,13.98,54,47,34.55,34,-0.59,-14.36,35.46,7,-1.81,-38,-16,49,49.11,2.35,129,-9,-22,24.57,65,3.06,102,140,-29,4
-4.76,-19,-43,-22.71,3.11,46,149,-33,83,57.29,-1,104,-28,-42,-35,73.21,49.19,-41,63.93,147,58.92,61.23,38.82,-39,56.94,12,4.7,-2.3,57.08,27,43.97,135,67.65,143,142,-34,38.75,28.8,59,-14.93
74,-17,66.65,-43,86,75,50.13,-5.23,-34,72,81,48.42,11,-22,-32,-22.56,142,1.39,71,-16,1,20,20.13,55.55,15.54,-18,25,74,55.5,51,-16,65.01,6.72,97,36.82,8.97,-46,45,25.42,32
36.98,125,-28,39,33.51,19,36,15.29,113,71.26,18,-14.58,-29,132,37,100,69.5,-23.02,49.11,32.54,35,61.84,10,39.23,56.56,133,35.45,-26,52,5.69,-14.71,20.06,-38,9,-46,53.96,122,35.53,7,-23
33.22,101,-33,59,20,23.43,65.36,32,105,37,43,8,26.07,-40,34.99,-21.22,42.48,133,148,68,66.77,-24.91,9.95,-18,70,43.89,134,68.41,68,62,45.85,80,27,21.36,50,-8.75,-0.8,43,14.31,42
64.62,26.25,91,149,-36,68,138,92,149,121,119,4.03,-43,109,55.5,146,-16.83,145,24,11.4,59.85,-5,21.15,27,37.92,-43,32,14,-32,-1.1,89,31,-24.24,67.44,67.5,126,14,3,69.04,46
33.95,63.35,142,42.26,128,1.65,13,54.76,81,124,16,31.52,139,113,113,38.9,93,41,113,50.59,47,50.19,17,-12,45.89,59.99,-26,53.32,-4.17,28,-20.42,59.45,2,14.69,119,15.88,4.77,5.16,17.08,0.86
-27,101,42,57.66,123,6.34,-49,7.75,54.17,47,41,45,85,89,119,95,92,31,132,30.47,-12,43.27,62.9,-18.89,112,-14,-7.56,34.42,-17,43.89,53.5,-13,63.36,89,56,73,7.54,47.16,127,131
51,-15.88,59,12,-39,9,42.33,-30,133,46,74.61,40.14,78,-17.23,17,57,66.87,21.32,-36,25,129,22.77,-3,27,50.68,-3,143,-24.68,-37,92,-19.25,-43,29.71,33,81,-27,80,-6.59,91,-12.72
1.83,119,-9,1.91,-48,-49,-34,11,24,8,115,-19.98,15,-21.04,16,-8,-5.8,33.41,118,81,123,30.6,16,100,71,9,74,-13,17.34,91,87,44,13.71,-9.11,-9.87,61.82,-7,65.5,35,100
67,102,106,132,16,2.09,46.28,-14.27,33.35,15.48,-21.91,76,42.3,72,-14.6,125,53.3,-45,35.93,44.85,118,32.49,-50,8,-47,65.97,30,24.44,55.98,-4,18.2,118,-35,-2,88,61.33,-24,7.77,-39,37.99
108,6.86,-15.35,43.08,66.57,-7.82,44,58.45,133,-5.1,-48,71.06,139,144,-15,60.35,54.46,74.31,41.14,-4,47.32,-20.98,24.22,70.58,-15,54.62,58.81,89,6,17.38,61,144,71.17,140,-23.41,-7,95,-11,-44,-17.91
93,106,55.15,-48,71.25,6.81,-6.75,2,6,26.22,93,17.01,-34,-12,118,97,47.59,13.8,8.67,50.79,-20,12.99,62.13,23.07,17,149,32,49,134,80,36.41,134,-14.33,-9,100,-39,89,-37,119,26
6.35,55.7,22,60,4.22,34.74,63,83,-6.45,66.02,110,27,140,90,148,-7,28.31,59.28,-19,56.18,35.12,20.03,119,4,32,105,71.07,23.48,39,25.51,23.34,-6,9.71,-4.46,139,-41,22,57.76,98,-20.19
8,78,41,-15.15,107,76,-11,4.35,135,13.22,73.65,135,73.51,62.86,15.96,15.47,112,27.53,117,72,26,38.98,136,34.07,21.88,33.53,56,-39,111,-13,75,-18.13,23.3,70.34,55,74.32,-34,-19.99,1.57,123
7,64.1,-25,42.63,73,23,141,146,65.82,48.49,4.53,52.01,100,60.36,59.06,123,121,122,54.92,111,47,111,13,5,-22.42,134,56.71,10,-4,24.88,33.89,-8,-1.64,123,41.57,66.55,11.01,21.95,57.77,146
48,-31,130,59.69,-31,13.76,-10.14,68,93,19,117,136,125,22.93,28.63,58.53,40,72.2,111,36,28.75,97,63.7,135,37,9,-20,-20.57,130,69,71.1,13,46.79,14.29,57.66,63,-9.06,-13.97,40,112
29,135,-16,-33,66.77,62.46,15,0.03,1.51,-6.12,39,26,-14.97,-11,50,15.8,-23,67.33,6,53.17,4.2,20,-9.26,-5.17,-44,106,40.43,142,33.14,-44,27.81,39,47.19,-13.23,63.85,-17.55,17,55.34,64,93
117,-17.61,109,15,-15,-16.03,-2.46,131,-7.7,-24,-3.67,30.01,112,34.64,134,21.02,44.43,138,-3,-5,15,20.16,81,-34,48.17,-0.89,49,15.32,77,-8,-33,-18,50.42,7,43.57,2.69,99,106,15,148
17.15,2,-13,-18.55,-12.29,-6.87,31.63,78,76,149,33.67,53,16,60,67.41,-19.85,-11,67.31,30,-20,84,-2,-1,70.56,103,-46,123,43,-27,59.51,5.56,85,-11,-1,0.35,98,0,36,55,-5
35,6.36,42.55,1,-13.8,-42,82,127,60,-13,11,-7,84,0.06,-46,135,74,75,-13.55,52.11,39,-36,-31,105,131,44.76,-16.02,-16,-13.37,17,23.79,51,145,33,135,81,-35,31,38,-50
-6,6.11,81,45.08,26,-47,143,-23.92,92,109,42,-13,-17.95,-34,57,-10,16,-12.86,-46,35,10,52.63,88,88,-49,54,-40,0.91,50.69,12.85,37.36,-15.73,114,-9,114,137,3,-50,69.08,-1
74.35,-44,95,65.67,143,75,-20,90,-21.72,33,2.68,1,3.92,-8.1,-31,-6.91,54.22,107,45.83,0,71.92,70,115,-33,145,22.75,4.06,13.49,-15,98,0.4,32,46.78,55,58.3,1.14,-9.22,-4,15,20
114,-42,64,36,-6,60.95,3.22,-11.24,148,-1,-6,102,17.96,76,66.56,134,-4.14,22.26,-7,118,14,20,52,70.15,-6.08,71.04,55.01,-28,97,54.82,70.09,84,-7,-23,133,40,-6.06,33.25,109,98
-32,78,86,91,54.83,-4,-38,136,67.61,46,27.97,57.87,98,-1,-45,31,39,13,82,-3.43,36.19,-6,45.19,-16.91,32.5,131,99,64.38,38.3,-3,48.54,-15.15,54,23,4.41,73.39,63,120,22.32,45
111,-30,-46,-4,-18,4.16,41.53,101,67.55,147,119,29.12,68.13,-43,122,14,31,136,36,44.87,135,69.76,6.48,62,-6,36.05,134,52.95,59.91,9.22,148,72.34,17,125,-46,-17,-0.47,-11,-34,84
53.09,149,36.58,146,59,-19,-4,107,116,110,56.48,64,130,38,128,-41,42.83,60.52,47.99,-30,77,47,70,61.73,93,8.25,1,40.37,40.45,56,118,136,84,66.3,10.88,133,-35,81,117,-11.28
-3.5,111,7,116,-10,51.15,7.38,138,-48,97,93,-25,29,111,39,-22,7,121,0.98,16,41.91,113,-14,45.95,43,-24.56,5,59,9,28,57.15,19,-37,8,54.47,-3.34,-50,64.62,-19,45.23
46,36,29.71,4.26,24,-9.09,28.84,123,-23,132,52.92,103,-42,127,-6,-12.66,35.79,147,59.56,94,41.7,57,-39,34.06,63.06,-32,53,-23,-11,-38,3.35,3,-22.22,149,92,-21.51,91,58.67,70.41,16
64.95,65,91,-6.97,133,70,58.02,129,73,-5.73,13,149,-15.55,-21,-2,62.77,-2,1,147,67.53,60.18,-40,12.78,51,106,-13.7,104,38,45.86,22,110,-35,7,18.03,15.03,-20.86,-1.92,137,-34,-48
108,-36,-39,101,129,-18.06,51.21,45,42.24,64.66,60,74.12,76,-30,137,6.22,40.8,63.18,15.5,4.24,83,61.53,55.17,112,60.02,84,41.87,99,51,72.62,22.79,93,51.86,68.54,0.22,74,-17,34,-11,41
36.67,52,-49,-28,48.87,42,87,-49,53.77,-16,58.02,1,18,31.11,-12.31,147,56.95,89,11.63,21.92,-21.98,48.65,-8.3,57.07,120,147,-43,128,38,-6,33.42,99,68.17,63.1,141,-19.09,33.75,-23.05,125,33.54
28.84,-23.1,-16.01,27.7,-6.03,100,139,-50,-38,-6.1,-2,-9.27,-26,29.27,25.82,-23.72,19.9,16,22.45,146,-1,58,-25,-21.26,26.19,109,24,28.26,62,-4.48,19.89,45.32,-39,65.77,18,71.99,-4,95,36.41,-1.99
8,-33,-2,-8.56,141,71.92,-23,73,-25,-40,19.59,39.42,-2.37,-15.44,66.92,69,75,131,61,53.01,94,42.5,-1.74,18.83,1.9,104,42.58,9.12,30,-50,43,20.08,106,-17.32,47,57,76,-20.7,-48,-21.04
-5.8,14,43,35.66,17,24,57,40.87,115,125,20,1,27.36,9,48.68,40.41,68.44,92,59,-8,-26,44,134,26.61,64,26,34,-23.4,-1.93,2,35.12,118,29.81,16.9,-41,109,23,-7,60,-46
-6,21.14,59.66,17.83,117,69,-12.46,-42,45.92,60,102,62.22,-13.79,-9.3,-10,132,15.52,101,53,34.46,-7,-37,1,53,-24,-10,56,59.72,35.06,3,-11,147,66.25,64.72,-32,-16.1,118,68.31,-8,74.88
-19.02,52.2,-35,-40,-23,60,42,18.45,20,74,146,26.44,11,21.16,52.64,-16,17,-18.82,58,6,60.9,90,132,-12.31,-30,126,20,9,63,17,42.2,3.11,51.7,3,24.12,87,61,19,7,92
88,55.55,142,-3.74,-30,125,32.28,60,120,-18.71,72.48,22.34,74,132,-7.93,41,102,118,-13.05,57.68,-21.29,-11.09,45.08,27,-39,4.89,14,39.83,-26,51.84,22.09,50.53,70,106,-24.9,41,48,46,41.03,55
-14.17,112,9.78,22,76,8.37,69.21,-34,-9,54,-49,-32,44,-2.86,42.63,113,26.3,-50,67,59.78,46.85,3.37,138,18.24,55.43,45.07,9,85,83,-24,72.43,-17.1,36.05,21.22,51.13,-10,50.55,-23.18,-48,68.24
-29,32.07,-45,12,80,63,70,107,-14.73,-17.97,137,-7.93,56.76,11.3,-15,-1,113,87,34.44,-17,14,-10.72,3.04,-12,66,19.84,12,120,-32,53.11,-7.33,-15.33,33,35,-23.29,9,8,52.14,2.15,14.65
33,-42,43.63,20.05,9,-14.84,78,58,73,33.12,141,65.74,63.2,112,60.77,61.05,49,0.09,-1.12,9,0.18,74,-6,-23.81,-14,11.77,63.01,-48,37,0.24,17,-16.72,51,47.94,-13,73.91,85,82,-16,-3
66.33,21.81,50.37,7,0,-3.6,73.67,-9.13,9.07,-3,66,73.92,56,18.89,-2,119,87,26,71.68,-4.65,131,-12.83,-24.69,71.87,20,43,134,-20,62,145,14.73,-20,5,129,43,46.21,-2.89,-26,28.8,37
-4,62.94,101,-21,-6.52,1.67,-18.69,70,11,38.32,13.42,57,60.86,55.6,6,142,50.73,105,43.68,-38,-14,80,127,-44,118,142,32.48,102,132,138,7.66,99,7.53,-16,64,35.36,45.3,-16.71,-49,61.86
73,10,-11,57.44,73,41,55.23,-5.2,-40,1,59,59,24.28,53.47,127,1.22,37,22.13,-18.79,-30,57.23,67,56.24,74.01,-1.56,17,13,31.73,89,24.68,35.95,47.98,7,-18.84,103,-38,108,33.58,53.93,-14.39
58,134,139,37.48,54.69,77,3,-5,67,-11,101,-23.5,16.55,-42,73.33,-44,-12,-9,36.31,37.43,115,89,-5.84,42.51,49.94,43,67,23,-4.89,28.97,-23.03,69.11,117,-16,29,106,18,139,65.19,-30
63,-29,104,-8.63,-49,114,27.76,23.66,70.56,-5,81,86,-11.22,148,78,32,34,-5,28,28,50,82,33,27.59,3.83,56,125,-3.49,5.98,17.98,18.17,-48,13,-7.2,58.54,-17.08,28.86,39,-33,53.3
13.24,-20,-49,73.76,126,47.47,139,106,8.33,99,138,15,-9.4,77,-47,61.98,26.85,1,31.94,70.48,34,-24,70.36,39.63,90,5,72,4,93,74.43,25,60,-11.92,140,2,-24.55,17,94,-31,57.39
2.99,53.8,-18,47,39.3,25.62,66,0.3,47.58,84,-24.96,34,81,34,92,-35,-26,113,135,147,103,16.71,33.46,60,117,62,26.86,33,6.39,-13.97,129,-19.21,21.8,117,73,48.72,0.29,-12.97,-35,-14
-35,-24.54,-22.85,78,18.25,97,-40,63,56,36,133,120,91,13,-27,95,-15.11,61,54,128,28.06,86,57,77,111,70.35,56.87,92,145,-7.91,37,-17.83,23.62,27,-11.39,-42,5.49,136,-29,51.04
9.75,-30,31,44,-25,-21,44,42.69,-41,35.83,15,42.11,31,41.37,-8,-23,-20,-1.62,36,26.06,52.84,59.41,-3,5,-26,74.86,107,42,21.49,135,67.27,64.51,-20.69,32.47,74.49,9.86,103,-19,44.18,-22
10,0.51,-5,131,-44,51,71.48,-37,-13.88,-21.42,46,7,119,36,127,85,73.83,136,42,138,41.17,65.19,56.16,42,103,1,88,37.06,116,27.53,81,-16.76,98,4,32.5,32.19,30,49.33,73.12,12
-0.05,69.09,73,94,-24,17,-16,112,-46,72.54,87,22,37.15,48.03,80,68.91,61.39,-8,72.6,34,-21.6,28.39,30,12,86,77,55.56,31.04,117,39.34,10.3,108,53.93,-47,18.99,35.38,69,-7.17,88,4
139,84,69,17.89,56.02,65.16,-10,-50,-23.53,115,76,-29,-49,-46,39.23,-28,23,122,121,38.3,74.98,-31,71,35.54,73.46,50.31,44,20.82,77,102,24.94,71.48,-24,-31,136,70,14.39,3,57.93,-19.23
109,23,8,141,-6,10.51,129,52.51,52.66,54,96,-7.27,111,-10,-1,84,120,28,92,67,-0.93,38.45,-35,-41,41,15.74,44,-15.81,-21.6,-46,134,9.74,-7.31,97,21.71,45,-12.64,-13.43,32.11,-10
45,72.45,104,69.21,-47,45.69,73.52,5,104,55.68,8.4,15,16.72,111,-22,17.69,90,46.36,69.03,63.55,0.46,97,77,53.02,-25,-1,142,1,27,26,1,109,-2.1,53,46.52,95,8.53,6,93,8
66.25,28.17,36.52,147,115,-9.63,-11.4,25,-2.08,-50,-8,14,80,-13.93,99,24,1,50.39,62,-18,40.49,57,3.63,46,13.86,-21,58.72,21,19,108,-20,95,90,74,130,39,-2.89,13.81,139,7.79
75,-7,21.42,18,34.09,8.06,-13.59,11.63,5.82,25,12,-30,139,2,83,-2,42.72,124,53.56,16,-1,69,137,55.23,64.28,-1,5,18,25.44,84,43,19,31,-30,7,65.96,107,-20.25,2.73,-30
60.54,15,52.15,62.45,-22.85,-16,36,45,2,12.77,46.66,29,30,45.36,-33,120,43,113,-20.37,65,33.51,48,71.4,1,56.73,-15.91,34.36,118,32.02,66.47,81,63,47.4,69.63,28,136,87,33.77,14,51.52
82,59,37.86,137,36,144,60,17,132,8.79,104,122,55.73,-42,127,17.31,129,28.21,46,45.03,51,132,37.41,141,-18.18,94,31,140,79,8,27,145,20.57,65,23,59.18,22,-6,65,24.54
8.49,-10.33,-30,104,-15.52,61.2,130,13.13,32.28,33.1,-38,115,148,60,41.54,-22.17,84,74.27,56.56,56,15,131,144,-13.2,-50,100,50,76,48,-22,-13.47,20.15,-6.69,24.14,57.82,-4,38.84,68.52,59.16,-8.55
-9.79,67,24,8,97,74,-9,-21.57,-40,-37,12.91,59,6.95,28.11,91,1,-9,135,-23,18.25,116,111,45.62,65,62.45,-22.78,47,88,76,12,-49,45,23.22,146,-38,19.38,149,-15.92,14.72,-10.99
51,59,30,137,129,-21.37,-15,-37,9.87,53.76,60.75,119,66.99,10.66,108,65.25,-11.6,-3,-5,108,33.98,106,-14,71,-15.42,87,14.19,-18.1,10.08,-45,37,-41,68,121,133,67,74,42,-25,-43
137,61.62,34.24,147,23.93,37,93,127,72,-9.91,141,35.08,124,-49,45.91,28,12.56,141,43.81,-1,67.06,19,99,25.48,110,94,58,135,89,-4.47,25.51,36,-13.36,63,38,36.23,101,18.71,33,120
115,-0.7,73.06,88,87,117,-23,41,58,67,80,0.47,-38,132,48.58,-45,105,17,33.07,80,11,23,-14.31,135,63,2.41,102,27.6,89,36,43.19,34.81,141,-4.79,78,121,47,20.36,49.2,-8
-42,-13,34,7,66.41,4.94,77,29.6,-0.01,21.39,93,78,3,141,19.5,16.07,142,105,53,94,139,-12,139,39.17,-41,-4.28,40,38,69,15.01,33.25,138,16,46.59,30.13,27.74,14.75,5.41,58.89,72
-47,22,55.66,-16.05,-41,9.27,1.34,54.78,-22,62.15,34,73.99,61.63,124,46,132,-10.69,-33,29.26,97,49.27,40.08,0.53,-1,-22.77,45.96,105,-7.53,5,2,-35,-9.73,16.5,-4,69.62,126,56,59.52,37.61,37.38
-35,135,-37,7.17,57.91,-27,135,49.25,-13.87,109,80,149,-22.36,54.79,25,28,60.95,-10,24,-6.9,66,11.5,32.99,-22.76,84,30.3,141,-7.25,-13,118,91,-4.15,125,41.89,34,-9.85,40,60,15.24,-11.77
-15,72.1,-23.76,35,103,20.94,-9.16,42.35,30.05,66,129,-19.36,-16,3.02,-36,33,75,57,119,123,-28,-11.33,50.02,148,35.2,-18.39,-29,26,15,23,120,-34,69,-7.66,30,-21.27,53,70,54,9
65,5.43,70.71,70,59.45,1.75,42.38,19.24,101,1.33,84,34.43,106,60.75,30.39,68,47.95,68,-50,96,60.82,39.98,-15.46,-5,65.65,84,124,53.1,55.76,111,-21,66.22,30,63.35,-20.53,12,10.53,23,73.35,106
146,114,57,22,121,67.9,98,-14.15,25.06,115,26,45,10.85,-20,-39,7.93,-50,27,-43,68.26,92,7,56,65,5.38,119,31.92,70,1.53,32.5,70.47,26,55.06,-5,-4,20.24,61.87,66.64,-19,38
17,132,-14,106,28,59,53.67,-4,33.24,1,42.2,-15,68.49,36,11,50,55,4.55,-37,-47,33,-10,-32,-14.4,44.56,121,82,19.31,140,38,-29,20.24,3,38.37,62.22,52.39,74.72,67.35,73,-44
-21,-16.15,42.78,-11,56,-7,-8,-2.87,-18.05,14,44.7,41.55,-49,49,-18.33,6.65,-20.1,17.66,38.59,-5.6,28.26,56,72.77,124,28.95,64,50.16,141,42.82,-22,0.22,48.03,16.17,85,23.88,14,33.05,35,-47,-19
134,132,13.56,-7.23,21.46,12,46,22,60.41,41,-50,4,46,15.56,-10,1,53.05,45,-15.74,-23,-47,3,31.04,68.99,72.87,3.59,11.61,8.13,68.67,-16,-8,44,64,-44,-21,128,45.4,-23,85,135
66,-12.91,71.84,-35,-18,46.91,61,94,-16,13,33,8.92,-37,21.21,-12,-32,59,-19.51,42,77,-33,124,37.23,68,5,-36,95,27,136,-15,56.66,35.15,-17.39,76,51,30,35,-3.01,19.82,63
0,-42,49,17.32,55.63,89,45,48.49,14.35,48.25,122,69,-40,-13,-20.24,-6,-15.2,141,110,13.86,60.98,-29,16,47.58,46.75,68,-5.97,4.2,-21,73,0.61,36.46,112,-2.86,141,11.66,129,46.07,-47,57
119,6.83,-48,119,20.65,48.06,-2,0,-15.14,17,75,-27,65.1,18.6,4,14,-9,145,49.2,32.99,-14.81,58.47,69,130,-4,57,17,73,58.09,129,82,-5,-7.36,5,16,83,50,40.08,-8,14
77,-4.44,16,1.86,-37,58.2,71.32,66.77,20,42,54.8,102,-8,70.82,63.88,8,52,34,39.97,120,139,-34,20.37,119,21.08,83,48,55.22,130,29.9,-5,62,88,-15.49,43.97,116,56,61.82,52.89,84
-33,142,68.57,4.45,121,16,36,-7,-18.88,101,1,37,-5.3,-19.58,143,138,70,-9,49,62.51,-36,5.69,101,71,35,-14.13,72,85,-26,54,-9.66,65,44,-2.41,27,-16,5.63,-24,65,25.89
-41,-43,53.87,47.6,58.01,122,57.84,15,122,-11.25,-21.16,-34,-22,29.73,-40,27.01,17.22,21,-14.2,12.3,13.54,115,25.54,4,133,62.02,129,12,-2.38,96,-20.53,42.57,101,58,5,138,57.23,68,-23.93,-4.85
127,121,-35,69,134,19,-18,16,-5.98,51.85,98,141,-43,42,20.62,48.82,-1.02,106,116,-43,92,148,35.74,3,-1.87,67.42,39.9,30,24.66,-5.59,67,-25,143,10.51,9.72,17,57.45,32.69,57.86,54
29,74,134,-38,3.43,7,109,-19,123,-16.62,-7.55,139,46.25,147,-40,49.23,56,30.01,114,55,48.43,124,11,30.46,-40,-16,26,-8.26,34.29,64.06,21.88,11,-20.2,133,66.43,-20,4.57,22,27.04,-10
40,14.92,36,-10.2,38.24,-41,2.79,45,3.2,11.75,143,9.62,43,-4.32,2,80,-2,140,23,-37,4,-40,-35,8.38,-18.59,-26,5,-7.81,3,20.01,32.79,136,12.6,105,16.58,72.1,14,118,110,5
138,-5.23,36,56,-22,60.28,6,122,11.14,46.77,67,67.71,16,145,21,-40,34,-13,28,75,117,118,55.96,55,2,23,134,-6,-17.49,22.39,-17,35,-24.18,22.63,-9.7,-17.78,53.14,-36,-18,11
54,63,29.23,72,51,141,94,60,15.33,-14.7,45,-9.7,64,118,139,-12.2,78,15,37,16.55,35.52,25,36.81,70,20.94,72,48.89,-22,71.04,69,-35,61,-46,55.1,34,3.6,37,73,22.01,33
48.96,27.08,90,72.83,102,56,0.93,143,46,147,118,71.93,83,-21,-3.84,72.76,14.47,27,-42,62,88,41,-3.11,72.96,41.66,49.61,105,34.45,-3,58,-12.36,33.22,68.22,-11.28,62.6,28.28,20.22,-1.37,-1,18.38
130,31,31.1,77,85,115,10,102,107,-33,30.39,93,22.07,7,98,-3.18,20.75,31.25,37,-49,-49,70.46,62,-31,12.73,147,30.83,27,138,1,-1,73.53,144,86,-32,47,121,-15.98,46,74.01
82,51,68,66,53.42,16.55,123,35,-41,-7,21,74,-15.6,116,60,133,60.3,32,36.48,-7.07,30,104,41.3,53.13,43.56,48.25,-7.16,-15.79,118,142,93,-49,55.62,69.77,71,47.44,47.82,-21.38,38,-17
145,-27,8,112,-2,-25,94,40.03,-22,19,62,4,26.06,116,55.52,69.07,-33,43,141,-8.91,65.95,-18.47,18.38,-15.08,88,83,149,56.88,50.75,18,11.04,23.08,-45,-14.96,-23.45,-24.41,91,131,69,111
23.24,35,-30,-6,45.25,-29,47.94,106,95,113,1.18,106,74.8,118,66.32,59,63,-18,125,-2.87,4.6,17,43.09,42,112,-9,-14,84,35.05,81,102,26,60.12,8,103,138,143,87,42.35,53.4
23.08,16.74,42.53,61.64,104,-3,-20,-30,130,-21.56,74.65,5.81,84,9,3.95,60,-23.77,72.38,20,-9.2,44.11,-1.87,-18.51,42.54,-8.86,0.32,87,21.81,95,23.87,-49,139,68,80,86,30,30.83,98,96,48
-42,48,17,-16.69,47,45,78,101,116,52.53,14,40.07,-2.07,-5.12,-23.98,122,-49,23.31,55.84,-47,14.77,-22.42,3,46.06,66.55,134,13.4,20.38,-12,61,26.96,88,44.56,-45,79,48,97,45.34,5.36,16.03
126,-5.16,129,-3.26,33,54,22.29,55,-34,106,58.01,4.3,74,-25,11.24,53.53,32,75,46,95,61.23,88,46.7,-9,144,46.5,70,-35,-47,31,26.59,-7,114,59,88,-13.34,20.61,21,69,2.33
41,-20.7,-8.99,-0.43,-18.89,49.78,112,38.25,-50,-44,37,-6,72.92,79,5,-23,144,80,85,-8.47,73.92,31.35,132,28.84,47,-21.61,-20.46,141,56.85,6,130,-9.76,69,46,-21.28,17,40,12.82,88,51
58,71.12,-6,-34,93,-47,-19.68,-42,66.46,27,-20,17.12,-42,77,64.63,52.12,-16.18,65,27.17,-50,74.98,70.77,45,76,17.74,115,98,67.06,17.86,87,17,55.23,60.66,29,138,100,-31,-20,28.6,-22
107,35,3,6.3,24,5.28,-8.89,-24,87,43,108,70,93,50,0.06,147,36.27,117,-41,46,65,109,122,121,51.52,83,18.2,49,-32,22,-40,144,-13,48.42,43.14,-22,2.66,94,147,13.21
10,20,148,123,58.51,7.65,16,93,-9.15,28.11,13.24,102,129,42,43.12,139,137,123,116,87,38.36,-34,-6,116,44,53.83,-0.74,126,95,14,39.81,49,17.31,95,-37,43.53,34.69,122,117,33.6
-17.32,143,-42,22.82,25,-21,109,50,107,31.62,-17,102,8.2,59.37,-42,61.93,14,11.34,-23,-43,-12.25,65,40.13,46,-18.08,-38,55.56,-18,-33,139,121,15.32,21.2,49.37,23.01,64,41.71,59.94,-38,7.28
48,17.96,18.64,3.27,7,106,55.68,120,37,64,132,121,-49,-20.02,44.64,88,46,39.52,80,57.43,58.76,2,-10.1,29.02,-1.71,118,52.43,60.92,-22.96,27.87,-2,137,3.18,35.42,7.81,29.32,-3.83,-18,39,-29
54.61,34.9,-38,26.26,44.51,-12.18,-2.02,11.12,8,92,112,-45,-21.1,80,142,121,88,66,-22,9,-47,57,-20.56,61.07,73,95,-1,119,5,72.04,69.9,5.91,-11.55,57.43,126,131,36,17.82,6.15,140
28.77,85,5.14,-47,41.98,135,-6,120,30.64,26.61,34,19.71,19,40.15,125,123,-16,23,18.12,62,24,-28,57.36,-43,118,29,17,40.91,33.34,30.69,59.55,-12.74,20.08,144,31,76,35.61,137,119,135
60,-8,138,33.48,-0.3,-40,-12.21,-23,32,72,2,61,-47,-17.31,98,123,120,32,-4,-13.27,7,11,90,136,-5.94,-1,-29,78,0,-10.2,72.52,-7.08,149,137,7.1,64,40.27,79,64.03,8
71.98,28,94,42,53,-27,57.03,42,-37,48.59,-2.39,-50,100,142,125,100,-23.84,-38,48,-23.34,66,34.29,47,32.54,130,34.99,105,-1.54,96,19.92,67,119,148,3,35,143,7.27,-22,121,142
69,84,50.83,25.26,22.03,24,39.47,82,-13.06,38.73,62.41,-20.07,70.47,10.07,64,-32,21.43,-41,-11.16,68,145,19.11,42,-12,22.79,59.26,128,-41,74,66.96,48.66,62,59.14,15.49,16,83,29,-40,133,-26
32.59,-0.74,6.89,9.17,104,6,55.71,-50,103,38.21,-3.45,72.4,-23.82,-19,-42,84,36.82,-5,43.47,-38,-21,82,136,12.67,109,-26,61,93,60,-20.01,46.71,56,140,6.29,40.52,-31,32.65,117,2.99,99
-42,38.39,130,94,16,-17,-5,114,-24.25,26,111,-0.01,-13,22,2.86,37.94,31.63,9,-23.38,2.92,6.03,142,4.53,-4.53,47,76,2,149,-16.07,-33,112,97,38.56,36.88,134,-41,24.72,35.35,-43,36.68
44.84,21.45,35,96,14,-33,22.91,48,86,84,-22.57,17.35,69.9,54,22,52.39,66.55,117,15,-32,-18.08,52.61,17,-19,-21.75,63,143,85,22.6,43,60.09,-42,3.79,69.4,-17.02,58.35,51.53,-32,70.07,-14
20,72.65,28.23,72,-28,-14,-17.56,48.06,-9,54,-27,12.07,37.53,2.16,-12,136,71.81,33.37,38.87,44,-11.69,8.65,-22,-23.07,-27,25.05,5.22,10.48,139,104,-10.13,23,15,135,23,-24.88,78,36,89,3.61
0.24,109,54.81,22.75,-47,65.28,74.14,38.15,-19.43,71,89,67.3,0.49,25,64,32,-29,-18,-45,-8,37.91,126,54.39,-26,1.87,98,16.93,56.07,81,47.39,20,135,27,39.27,73,137,-12.94,133,-47,9.01
15,44.51,85,-23,19,0,-17.96,134,7.36,137,-9.34,97,-44,52.92,14,45,-25,-18,-13,-22.76,-7,63.53,51.43,53.64,98,31.55,8,39.16,91,41.56,-22.19,-27,-19,60.74,-44,60,-23,15.18,60,102
-38,27.07,17,66,71.93,137,45.25,118,-22,28,-22,52.55,59.5,4,67.22,20,43,1.76,50.63,35,-24.36,27,49.28,43,-28,-28,-17.08,-33,-1,-19,53.07,23.96,-8,120,86,108,54,101,-20,39
3,57,-4.3,68,81,-19.58,5,100,7.19,85,37.22,38,39,-33,136,35.13,68,20,52.15,66,15.88,71,6,-22.38,17,44.95,-15.08,88,-17.13,93,67,99,27.64,128,-22,-18.84,93,3,60.56,-19.36
-15.6,117,-2.16,105,16.67,-20,-45,79,-4,114,4,66,81,18,148,118,144,25.51,-13.21,32.38,62.66,30.4,10.92,65,32,66,73.33,45,23.72,60.37,131,115,117,146,71.36,-13.47,143,68.06,-47,64.97
113,59.01,-0.81,11.58,70,122,111,97,58.57,95,37.01,-11,73.86,3,94,53,24,6,-21,120,66,53,6.75,35.28,103,20,80,-8.43,19,-38,138,21.63,1.44,-30,9,-30,44.97,-13,-12,-10.65
106,-34,2.69,-5.28,61,-17,51,35,23.66,28.93,4,64.49,0.6,63.75,-29,47,90,-23,15.54,53.18,148,73.63,20.07,30.51,70.09,132,-14.65,17,-8.32,72.1,44,104,-2.77,-6,8.95,84,7.84,-24.21,27.79,0.63
43.8,-25,45,-49,3,28.99,83,-4.53,-19,5.19,-4.9,82,52,27,-21.12,-5.35,38,13,47,86,-33,50.86,112,52,127,49,14.9,54,-30,115,-15,-14.51,145,27,74,125,42,105,47,69
5.22,92,54.99,27.08,89,-45,-14.2,53.3,17.81,146,114,55,114,-40,116,89,20.05,25,-19,63.25,-39,50.01,139,13,26,130,78,96,20.02,101,29.46,130,77,24,-4.84,138,-6,26.82,-41,9.6
106,49.26,0.45,-3,10,40.51,12,83,13.87,69,112,72,-9,36.4,30,23,-50,130,-15,-34,44,29,105,61.52,10.13,55.18,123,65.34,105,3.86,2,68.64,63.78,52.37,-1,11.64,-0.17,60.61,25.04,35.93
134,64.39,63.73,31,-31,-28,21,3.98,-44,101,-38,49,144,49,31.45,34,4,4.23,34,18.66,83,63.79,-8.92,64,138,0.8,11,23,74.16,132,27.39,0,-5.41,-49,-16,70.54,143,26,31.56,30.47
-29,-45,44.56,18.72,-4.25,-34,6.77,41,119,8.95,130,75,50.13,104,48.86,36.73,52.07,68.1,62,11,-21.59,17.19,-50,-39,40,12.87,149,64.8,27.69,-4,40.44,29.55,31,28.07,86,36,62,5.93,50,106
90,76,4,56.17,-14,48,37,63.8,71,6,68.05,54,10,65.07,26.93,-6.71,-22.78,103,143,41,73.24,54.79,-19,32.74,49.6,72.85,85,27.74,114,140,31,5.42,40.36,112,67,10,145,43,-36,25.86
19,1,-27,53.85,25.59,142,-23,3,74.71,114,32,45,42,56.5,103,134,-7.25,-10,28,72.1,-4.56,39.33,112,67.01,52,2,-27,41.36,87,61.51,26,30,-29,15.45,28.51,8,95,82,45,71.97
35,-11.39,25.47,24.86,54,24.84,-12,105,93,-7.9,8,46,135,39.24,30.92,65.95,15,29.4,146,-6.49,-5.37,-31,108,-2.12,12,-33,23.76,-2.79,-9.17,15,8,51,-6,46,30,-17.63,123,34,68.9,-15
17.62,56,36,49.31,146,52.85,31,63.21,-4.12,5,2.66,-31,117,-22.72,19.85,79,73,129,16.83,114,92,53.26,5,-8,137,20.52,72.8,23,-18.25,-24.4,32,25.82,-19,-19,57,50.51,26.03,117,140,52.24
12.87,72.18,-0.52,68,0,109,32,81,-21,-0.94,43.23,-44,70.31,43.89,45.82,114,39,9.74,10,21.53,42,78,-11.19,62.75,88,60.71,137,71,-12.09,66.48,140,-14.91,-31,-18.24,-13,143,98,101,-19.81,3
-43,26,69,-0.23,112,57.77,74,16.1,11.78,7.06,55.16,85,74.34,16,-8.78,80,11,-46,124,3,38,-7.52,90,2,-18.76,43.72,32.11,46.29,33,75,38.58,25,32,46.46,56.51,50.13,114,24,93,-23.51
131,27.51,25.19,28.38,31.72,-6.74,94,92,57,52.67,108,18,115,65.55,18,9,27.88,39.15,62.57,-7,21,11.87,35,54.02,110,53,38,-37,-30,24,-37,38,31.31,-6,46.48,35,92,134,-6.18,73
65.03,145,37.44,143,-11.73,91,139,57,84,91,-2.66,63.1,106,48,82,20,78,74,16,138,17.73,17,-2.53,-1.02,88,146,46.6,6,-12.13,132,20,45,8,-2.22,45.42,1,17,-7,-0.72,110
2,-21,19,16.87,49,-21,38,52,23.51,135,-38,31.36,111,74.86,-21.91,74,62,37.78,-28,115,62,68.19,-22.45,-44,-38,99,38,139,72.5,-43,37,148,41.53,-5,-49,43,116,-4.37,25,-35
-0.68,103,72.3,-9,41.7,25.3,68.01,42.52,33.26,-8.83,49,33,51.81,37,-9.21,11.21,4.61,52,96,144,56.72,9.84,-19.91,64,77,-44,-17.09,25.58,21.05,-0.26,90,-24,36,36,60.72,94,21.18,89,65.02,144
48.87,66,77,75,33,38.87,40.48,62,141,14,49.3,17,16.1,-1.64,92,48.96,50,16.92,23.21,109,24.29,28.83,-34,103,12,20,45.22,-14.05,41,140,18,-44,54.79,-4,28.25,-41,73,46,-16.06,61.54
-4.02,22,69.85,141,69.48,-9.45,103,144,41.99,-44,127,12.82,-3.88,138,59,55.88,145,-41,-4,-41,27,-34,-20.78,11.22,-9.3,8.16,-10,-6.08,141,16,66.7,40,11,6,22.11,82,98,51,-20.61,31
1,41.38,63.11,15.68,141,97,93,43,72,83,-10,132,55,59.45,-44,118,32,10.5,146,73,-18.75,50,103,132,-8.35,74,10.7,127,-30,-23.79,-13,67.42,34,16.19,-43,4,127,5,17.49,-48
26.02,105,33.01,82,52.13,-23,27,63,-6,40.37,28,66,-11.84,25.08,53.47,-33,149,-25,1,70.59,39.33,-5.28,63.13,39.87,143,143,-11,46,66.22,40,37,19,33,144,-16.15,105,27.99,50,139,-34
30.89,21,53,-21.66,54,29.71,146,42.22,67.91,66,-16,10,52.01,-9,9,41.28,-7.8,12,0.95,108,34,40.26,-20,39,0.63,144,74,31,53.98,6.16,-21,-36,-1,40,69.02,1,109,-50,141,60
-17,32,46.86,51.49,149,10.12,25,13,-1.68,43,17.89,-16.09,44.39,43.52,148,132,133,-1.85,-18.08,63.38,44.12,40.72,23,86,79,-17.03,30.81,19,34.05,17.5,86,26,109,104,70,68.84,113,65.57,31.54,33.97
101,119,8.77,69.06,68,31.91,120,45.87,16,67.84,-37,-11.29,69.58,40.51,46.38,120,38.22,63,41,68.54,101,123,96,22.4,71,149,-30,136,5,72,21.07,93,51,133,30.59,14,-1.85,40,-6.82,11
27.99,9.19,-15.66,119,44,42,-8.57,-9,-34,77,2,62,16.37,49.47,9,17,61.07,-7.74,30.08,74.82,70,16.49,-0.04,139,-7,131,131,98,38,45.88,21.31,102,8,122,90,20.99,45.71,56,34.82,3
1.55,68.84,-37,-6.73,66.37,0.2,65,-15,121,52.34,111,23.69,-36,76,46.92,-25,130,-15,38,4.78,50.23,119,40,30,66.98,-13.31,29.33,80,121,27.66,98,45,-41,-8,-16.96,66.75,39.01,120,62,-3.32
28,-22.71,-36,6.84,-35,24,124,30,15,70.95,-22.51,24,9,53.37,14.7,28.08,-0.63,-17,78,-19.31,10,127,39,52.45,142,38.83,117,114,18.74,60.32,47.66,110,-23.64,67.16,7,-33,69.84,128,27.91,137
43.97,63.52,-23.71,15,38.2,37.54,35.91,53,34.11,4.69,-10,-19.74,122,54.5,61,147,3.36,136,104,2.81,-18.25,80,57.69,-13,67,-17.93,146,147,11.46,-39,-44,20.66,-5.17,12.89,32,11.83,60,5.97,13.77,-5
89,5,63,36,85,78,-24.13,-28,83,-22.43,81,-5,98,73,-20.61,128,125,57.48,53.57,63.55,9.21,33,93,-0.61,-27,38,4,103,13,78,34.34,128,69,-23.32,65,-21.73,54,85,56.84,-7
130,11,-27,65,118,29,67,42.19,70.99,-45,121,42.97,139,17.78,106,38.26,38,138,-10,48.84,18,-34,33.03,64,119,-15,47,-41,16.66,-12.63,59,-18.76,25.7,48,32,30.05,70.51,129,40,34.37
87,-23.73,54.81,86,81,96,29,51.2,46.15,27.54,62,-34,15,1,-41,131,-23,3.86,-0.76,114,31,-9,89,-43,26,124,25.29,41.38,-12,70.15,70.85,35,52.84,-4.85,-11,6.52,129,74.61,5,-16.27
16,47.29,-34,-17,-17,74,-11,103,-41,0,45,3,135,-33,18,44.38,43.77,58,5.2,80,4.38,12.6,-48,30.62,6.19,69.53,24,64.06,6.8,25,36,79,61.55,70.34,141,-1.46,33.39,8,47,-19.09
2,37.77,74.17,59,53.64,40.27,19,1.96,45,36.85,140,-17.12,42.06,103,39,37,33,22,3.06,-29,137,31,103,98,23.56,-41,131,103,24.83,35.86,109,21.72,17,105,0.37,85,94,-17.75,145,57.85
144,33.96,-50,134,13.78,-16.88,2.99,62,91,19.71,102,-40,35.64,11,-48,-9,14,40,-1.42,142,50,34,28.14,17.99,-1.18,85,7,62,18,12.13,-22.62,-16.96,144,46,144,64,50.27,6,-42,61.8
55,143,5.91,21,84,40.31,149,128,9.7,-28,103,-20.28,16,45.01,48,26.13,-9.67,4.81,56.32,-24.47,-34,24,26.51,24.17,5.55,65.25,91,6.39,9,143,-36,32,15.83,144,72,98,44.35,66.73,70,70.39
129,50,84,-1.37,61,103,87,42.7,96,46,72,-36,54,-23,146,42,111,137,-24.18,81,-11.46,41,37,58.36,61.48,20,86,5,122,121,74,-18,116,44.69,-6,69.74,65,72.31,29,104
38.3,-12,6,68,-18,23.5,121,64.29,-10,-43,36,-23.47,90,94,6.39,90,110,72.82,68.75,7.65,37,138,15,43,53.02,33,26,96,71,-24.57,10,28.43,85,-15,37.61,71,137,-25,71,65.69
36.84,6,-22,7,6.18,-23,-8,-49,14,68.98,1.58,56,-18.37,-6,42.99,56,7.65,50.06,6.38,52.8,-21,60.09,3.25,87,121,-17,-9,147,29,24,68,74.71,19.65,54.16,24,-4.06,-24.67,-33,-2,9
-23.39,13.24,65.4,53,48.05,-22.42,44.71,29,43.47,-13.85,26,120,-3,2.54,122,50,33.86,72.81,35,-12.53,118,-1,96,79,23,58,10,120,0.15,28.73,42.71,-15.89,133,-20.56,-18.24,45.11,-16.6,-12.06,72.3,2
-24,-41,-16.03,-1,3.66,67.49,-17.36,127,32,97,37,126,-2.73,58,-49,68.82,-3,52.57,30.49,38.07,114,57,103,-32,8,12.72,56,11,108,29.47,6,17,-20.61,47,91,85,3,36.17,-20,22
134,-6.86,-8.02,73,121,35.19,13,32.73,0,-4,40.6,11.23,106,95,66,113,-10,-10.07,46.52,-39,34.81,-27,147,45,112,-45,61,140,118,130,-37,-1,52,89,-24.97,109,72.17,16,30,-18
33,77,-7,-11.73,132,10.83,4,131,21.35,13,65,28,1.36,128,49,123,98,33.4,51.61,15.39,2.8,124,7.85,48.04,9,6.8,-10,96,-0.71,29,149,-14.53,68,66,64,6.56,51,76,17.88,-18
95,23.03,48,-42,74.59,141,-39,38,-3.58,34,114,55,61.98,8,138,42.58,-17.78,27.48,86,5.31,20,1.95,-47,113,20,61.72,-13.85,53.05,44,88,10.81,148,-32,-22,-30,56,13,78,-15,57
47.89,103,38.44,138,67.79,124,15,-23,106,113,63.3,25.95,136,113,-50,-5,64,-21,49.5,-26,46,-13.71,122,28.06,-26,54,82,-41,-0.79,127,61.2,74.82,32.94,-22,110,49.64,2,110,58.35,79
-20.25,-22,109,35,-36,125,42,-22.16,5.5,52,66,68.48,71,24.6,91,18.88,63,68.91,26,81,44,10.72,6.37,60,71.13,47.37,147,58,-30,-27,12,80,2.12,60,40.15,135,93,73.94,32,50.69
85,57.97,68.7,119,116,43,142,-34,27,47.28,52,50,-22.53,-26,41.93,-3,6.49,18,146,-1.52,35.46,96,61,11.99,37.83,-6.58,-15,-19,-0.31,140,65,18.43,-11,48,136,-6.36,1,129,126,72.68
37,-13.77,54,-12,99,76,0.54,1,56,-33,33,-42,70,64,98,-3.38,-22,-23,140,58.79,-3.51,0,5,100,64.4,65.9,-14,-24,61.08,50.63,61,-46,0,37,134,-1,131,47.17,-17.02,17
71,-37,32.63,-6.45,109,96,135,1.9,106,72.47,-26,-17,-12.15,149,-8,88,33,76,73,1,-19,12.36,-2.66,25,68,-14,57.97,-37,26,-23.73,-4.95,50.88,11,0.63,117,63,-42,57,-12.91,-3
77,-20.01,41,128,-17,104,79,-50,67.02,58.1,4.87,-18.04,90,94,-14.74,78,-2,11.34,74.9,-10.99,74,56.84,39,40.62,121,140,9.19,89,69,-35,125,-5,9,98,76,38.81,146,-8.91,61,28
66.9,-50,40,29,-23.97,94,81,37.93,48,-22,80,-40,70.49,45.69,32.12,35.16,45.4,11.28,-49,51.39,-19.91,99,48.93,10,44.52,-12,50.44,-9.41,31.33,24.84,108,-34,27.22,-10,54.55,11.11,107,142,-10,13
85,0,2.23,49.86,-14.18,56.95,32,-16,5,112,59,27,142,0,-49,74,85,-45,12,67.15,18,112,-20,63.3,83,-9,67,13.39,2.59,9,19.93,49.08,14.13,-2.14,114,24,52.71,-6,64.85,3
-14.94,100,125,-10,17,-5,70.62,8,48.32,131,-23,-11.01,-14.2,-9,13,19.98,32,114,67,12.57,123,64.94,47,14.06,111,60.61,-8.61,86,73,32,101,66,-23,-48,30,106,57.01,-11.38,100,65
6.53,49.21,67,-16,52.85,63,105,2.88,23,48,149,116,136,-13.52,25.6,61.43,65,28.59,-20.81,-2.26,-20,134,23.86,-21,131,68,-14.71,148,52,52,143,85,69.69,126,-6.31,115,50,113,26.77,3
38.03,-14,34,54,136,141,111,20,132,120,1,96,68,42.87,19,74.8,2,146,-39,70,72,14.72,-23.21,69.52,29.38,-10.24,108,3,27.49,26.48,-39,128,-40,-27,23.14,57.97,34,64.72,64.45,49.23
98,20,-27,-37,14,62.6,10,84,107,0.37,133,-9,98,8,-18.04,57,24,-23.35,-3.88,41.68,57,24.81,7.88,-12,-47,81,144,18.73,50,121,62.37,83,-8.25,85,8,107,6.89,40,104,-18.24
37.83,-14.9,25.13,-24.29,-19,96,16,14,-16.81,71,-40,10,89,52,37.27,47.92,129,69.63,-28,107,58.42,45.74,1,13,12,43,19.09,-23,34.44,72,59.37,103,-29,38.24,17.92,131,62.18,132,48.68,33
78,-33,5.18,2,-40,-28,-37,45,31,-19,27,73,21,-22.55,-31,118,53,29.77,5.44,53.61,116,-35,67.44,29.78,0.46,57.62,-39,35,128,49,56.18,-9.95,42.92,5.59,-11,53,20.04,31,-28,74.18
146,62.78,93,13,70,-22.17,91,122,-11,65.78,33.78,44.07,80,-12.01,-24.26,-2.67,130,63,134,103,127,4.9,61,52.69,82,10,-38,30.16,46.71,25.6,71.11,1.12,64.99,35,-41,17.9,12,7,-6.5,34.57
-34,-11,125,-10,55.23,101,24.85,96,63.49,-12.6,146,68.69,32,67.27,129,44,-37,29.99,39,34.88,113,40.86,-7,-42,47.31,57.22,119,55,-7.1,-14.62,38,56.14,76,30,60,-9.38,126,68.1,-22.75,116
-25,72,23.38,51.31,56,-34,87,65.89,46.87,127,95,59.21,18,34,33.54,-32,35,27,-9.6,-33,54.39,15.43,11,106,58.01,63,42,17.18,-32,56.05,73.33,144,-48,27,29.6,19.81,117,14,62,74
73,-36,41.39,55,56.99,143,45.4,-28,48.52,18,64,-15.51,-9.82,-12,117,59.6,-1.31,37.26,-17.29,-15.66,42.43,81,33,30.37,114,80,45,68,56,33,20.1,7,-35,54,64,138,42,77,132,15.79
81,14.5,48.76,76,55,-34,145,19.53,-3,69,20,0.35,78,64.56,-4,-24.12,24,53,126,66.67,73,46.16,36,64,43.08,31.92,-23,10.29,68.15,-13.76,85,5.02,82,125,74,105,9.25,119,59.47,143
2,-24,43,12.57,108,6,36,54,56,-10,37,-3.03,91,-6,29.66,133,89,56,-8,58,66.09,120,88,4,-43,-10,12.37,-29,60.3,-24.3,89,6.64,34,21.57,73,37,117,40.54,-10.02,45.36
69.17,25.85,57.66,28.48,22,96,74.93,135,48,34.84,-14,86,24.13,-9,-30,126,47,-39,32.31,3,27.62,4.87,65,-15,53.56,-37,-26,-41,84,99,43.61,-46,63,-5.27,-13.23,14,43.18,55,59,73.54
-12,-8.85,-11.84,62,38,-36,136,-7,57,35.69,92,5,1.14,112,106,49.56,22.57,47.59,4,0.63,60.95,112,36.48,29,2.24,69,22,-47,22,37.01,40.16,146,74,31.85,21,71,49,-36,71,49.24
105,71.84,89,90,71,128,-17.95,73.98,131,29,31,68.87,-43,38,98,2,-2.46,23,120,19.83,26.68,-13.63,-12,60,48.86,26.37,3,1.48,132,29,141,-17,-41,70,35.37,24.49,-22.55,106,10,50.95
-15.93,-43,32,125,67.95,4,-36,80,52.72,67,72.84,-17,4.99,20.46,-12,1.17,35.07,-38,61.58,126,61.02,70,134,72,116,-40,19,32.26,-4.45,91,35.95,-9,1,-35,6,53.68,71.14,-17.28,9.51,44.93
39.99,-12,24.72,-38,70.46,10,120,116,51.74,55.49,94,36,-14.31,84,46.83,52,146,-17.09,107,-24,137,63.64,128,-16.07,-6.43,80,-8.51,51.34,110,104,84,-6,53,-21.28,51.67,10.9,133,92,8,81
56,19.18,23,-3.87,78,63,103,-23.65,11,28,48.39,21.11,11.13,88,-8,-21.46,-6,28,68,-1,-14.11,0,114,102,65,44.11,-32,142,-15,43,-13.03,144,1.07,96,-2.26,-3,7.91,136,107,7
-47,65.56,20,-8,16.66,-35,-24.64,36.56,60.86,136,-31,7,123,82,18,-11,1.15,4,14,55.04,55.74,22.96,-5.61,-35,-22.31,11,70,-42,-38,-25,-26,18.1,41,-2,48,-24.09,23.21,-15,59.08,105
20.81,-14.22,-0.55,55.98,-34,31,15.56,123,57,124,1,-22.55,80,-12,52,66,105,-12.29,25,44,-23,2,63.01,42.73,36.07,3,-15,12,-22.95,-23,123,115,31.56,130,114,40.03,57.87,-13.74,54.91,103
73.88,14.51,19.41,97,62.15,112,43.28,4.27,75,55,48,-21.26,52,-18.05,71,51,-15.27,28,2.01,-45,12.2,133,83,40.25,100,15.74,-46,49.29,27,25,41,49.41,22,10,-3.83,-38,20.9,48.66,-29,79
-0.7,10,74,3.5,-5,132,96,146,12,80,68,76,33.05,-11,68.35,-9.06,17.78,68.53,15.39,25,10,-11.89,44,99,12.91,6,83,26.25,17.06,-3,59.83,-33,-16,21,121,31,48.71,38.67,87,-11.11
58,103,55.94,42.78,67.53,140,-11,46,52,126,105,120,-24.31,86,40.83,31.73,142,-13,86,-11.58,-23.08,73,94,78,73,16,-24.7,-14,116,5.65,135,-12.86,123,-21.28,-28,148,111,114,42,-22.37
-4.25,52,-31,133,52,56,50.75,-10.23,-1,104,-31,14,14,22,72.77,-27,66.63,-50,-20,48,-34,-16.63,-29,-35,-19.84,13,134,66,146,13.05,-1,13.05,85,2.45,98,81,19.23,81,83,68
-12,10.77,37.86,41.57,10,112,44,66,-36,37,128,34.23,-15,42.37,28,27.27,44,110,-3,-8,25.09,21,90,20,-8.15,9.78,132,22.99,102,12,-41,-3,-5.16,45.78,-33,-0.56,56.92,7.34,31,12.36
27.17,37,76,12,-2.45,-22,72,19.3,55.87,76,-10,-32,-9,116,106,-23.86,32,126,70.13,52.06,-44,81,98,113,-41,63.53,1.34,-18,66.55,63,-45,9,-9,61.1,85,134,-1.87,-4.36,63.41,0
128,1.38,-18,62,74,23,33,15.79,26.7,68.1,144,21,61,92,98,-24,74,148,-37,103,46.35,45,51.7,69,92,45,-40,87,46,47,45.97,42.67,53.94,141,3.71,-9,138,2.86,69.64,23.03
-1,2.84,78,121,46.82,123,-18.6,2,60,72.13,67,74,92,143,7,65,124,46.21,45,77,119,45.01,115,-47,34,-32,114,1,-16,-15,7.1,28.37,1,18,58,16,-12.48,-34,55.77,112
114,-2,-42,-21.04,-7,-43,50,53,-10.26,3,0.82,-23,55.59,42,92,115,101,22,79,115,5,-8,30.32,-26,77,60,57.08,80,1.69,-30,45.64,59.84,-4.62,-18.72,46.56,39.55,-20,38,-10.94,88
46.13,-19.16,39.67,74.37,53,13,2.96,14.7,5.02,54.28,-9.19,54,-47,135,8,30,-37,81,104,-3.05,29.71,133,36,-20.31,74,37.35,-10.52,48,73,145,-11.89,34,67,-11.27,110,55.89,-19,108,7.66,-18.45
73.82,-9.87,5.06,26,34.37,6.65,-9,134,62,40.38,149,24.13,70,52,-49,74,-11.01,-8.11,139,-1.2,43,4.79,61.45,51,33,-1,-28,17.62,37,10,37,78,127,58,140,119,26,36,47,-44
103,-12,117,63,-12.68,136,29.93,51.32,-20,-50,1.16,-3.15,110,112,39,64,-31,-14,22.7,27.51,-11,17,-9,90,87,67.73,15,61.16,-0.43,5,-5.9,69.96,12.3,53.75,-32,58.25,60.13,61,120,10
115,99,27.63,71.15,6.66,-10,0.42,119,77,-45,-45,-2.87,-40,47,10.35,62,30.9,67.64,10.28,137,-34,35.83,27,43.96,90,27.71,63,21,116,126,-50,-21.51,62.49,97,21.19,-36,-44,5.01,35.47,69
-12,56,-35,5.54,109,101,63.64,38,15.38,42.11,57,16.08,130,62,-4,54,75,-23.06,35.18,101,-23.81,-18,-2.12,-17.86,-3,60.45,-20,64.98,-11,-37,-7,33.55,-29,-5.92,8,42.65,122,17,0.28,48.41
147,18,35,-45,61.25,31.06,141,73.38,-12,-32,-46,7.19,135,4,116,-37,104,-8,126,72.12,70,24,43.46,120,112,67,43,79,-1,69.58,-8,33,16.94,-4,70,65,23.08,55.34,-0.48,30.51
49.68,19,18,-3,147,-35,92,33.04,42.47,40,134,-21.04,58.58,6,86,24.04,148,-17.8,56,-6,67.39,37,8,18,-48,139,37,36,108,131,61,-5.67,140,60,100,-21.25,-11,-39,30,48
-32,77,48.31,-43,-17.05,-21.68,1,28.58,42.44,103,51,-31,101,70,-36,81,77,39,77,138,49,143,23.66,-5.23,59.73,37,38.32,-12.03,-10.08,90,94,13.33,112,52,-21.47,20.62,0.12,-15,-19.28,90
149,65,64,-21.1,-19.8,55.81,-39,24.21,2,54,29.73,68,94,-20.61,52.56,-36,9.27,-16.79,-48,130,58.01,55.21,72,37,71,31.52,-30,68.04,33.59,-40,-29,26.81,49.53,56,-12,132,70.69,54,92,64.35
45,-21,65.91,81,-47,-38,99,-47,17,2.34,52.66,69,98,-5,62.9,40,-8.96,34,-5,57.22,-31,-33,130,-14.01,-42,50.14,-19.01,-36,13,6.17,-44,-35,33,111,63,2.78,33,-38,61.13,28.48
18,64.65,28,4.18,143,85,50,6,76,143,10.82,64,84,11,-16.02,-36,140,5.67,-3.6,41.25,71,116,-2.57,22,58.8,58.69,131,82,-15.44,-2.96,58.36,-14.65,-6.17,22,22.18,134,41.67,13.2,-13.54,-50
49.37,49,18,55,19,44,-9.27,-46,130,-14,50,28,79,9.25,8.81,-0.54,66.84,-6.14,57,115,37.56,-5.82,-14,127,138,52,-0.36,-14,-37,4,24.76,35,-29,49,92,141,38.34,-12.71,40.78,72.24
95,-11.47,6,55.93,35,82,58,40,-3,31.22,59,81,43,31,34,146,-4,-7,-48,35,-50,-50,15.1,7.75,7.18,114,59.16,68,33.92,-7.57,21,-48,113,15.11,-35,50,5,131,50.16,10.28
45.74,114,37.94,103,73,-2,6.98,47,131,85,96,130,-47,-21,97,137,146,23,9.56,6,67.99,-1,102,45,-10.85,39,117,87,81,72,79,10.7,43.9,-17,61.99,-46,20.89,57.62,-4,10.03
-4.52,-1.84,39.46,118,1,72,136,30,37,58.5,107,4.99,76,17,30,-17.08,96,-12.12,110,149,8.75,60.44,48,17.79,48,51.32,26.92,30.77,16,37.37,3,69,-24,11.04,68.02,106,23.22,-13,32.15,59
110,71,55.52,100,12,-48,67.13,35.02,53.65,48.46,121,57.51,-21,-43,16.9,146,12.87,74,-26,60.06,1.32,46,146,19,5.72,3.39,-10.35,-1,75,66.51,-24,42,-38,24.74,-3.44,44,53,108,32.15,82
149,-35,-16,117,1.94,38.77,-17.71,39,47,44,140,94,96,52,-39,76,-13,12.06,50,-16,120,131,45.81,-17,-1,-16,130,114,53,130,16,57,-24,30.69,101,119,-18,80,8,77
71.28,28,3,66,9.97,8.69,125,-47,56.11,46.64,120,-21.77,31.69,13.72,69,52,1.99,4.7,67,28,117,33.54,77,6.37,-5,101,7,14.38,130,29,-6.75,-21,67,15,69.45,47,0,35.92,146,111
121,36.01,144,12.12,29,92,84,9.21,62.86,92,-6.79,64.77,68,-6,75,-18.38,-8.13,-22,-17.17,147,149,107,-35,46.96,107,5,102,29,65,21.93,12.5,54,-30,51,81,24.55,130,61.52,132,-19.01
30.58,-48,98,131,62.35,92,25.18,102,-36,58.09,35.18,91,46,124,121,-42,85,-15.73,48.84,29.27,77,50,54.53,20,7.41,127,61,58.57,42.86,132,78,55.98,23,71,-4,-28,-24,74.59,149,28
-13,22,132,-39,68.39,-21,69,53.43,-11,147,-4,2.08,-3,41.21,-27,-21.69,30,-19,53.69,128,-30,49.62,-27,35,64.06,51.29,-11,-36,-5.85,24.63,117,6.25,-16,59.37,-3.98,45.2,-18.91,117,33.08,115
75,75,43,21.79,102,97,1.7,-12,100,18.46,131,64.13,63.9,57,-4.74,122,120,-39,32.21,-25,-14.72,-13,53.2,-12,47,68,59.7,-24.47,91,-13.44,-24.14,-15,149,34,57.87,36.4,-10.62,24.01,53.47,128
-6.01,58.04,-15.83,54.73,-39,10,-20.71,117,23.65,84,-31,23,-24.42,18,54,10.21,-22,62,-15.58,92,-19.24,106,128,-22.46,115,93,71.72,-44,11,33.49,63.14,128,2.34,40,113,73,1.88,132,65.36,-19.89
113,-21,18,108,109,51,-14.2,46,-15.16,98,56.4,-15,128,82,31.64,110,29.21,51.77,59.93,114,137,118,146,112,42,70.37,59,74,-16,4,19,-5.81,121,-24.95,63,25.73,64.54,4,-21,3
-5.14,41.81,32.61,-40,-24,5.95,60,128,-16.16,-30,144,114,101,-3.33,61,55,129,-20,55.38,79,-13,56,121,131,52,90,133,149,121,139,113,131,28.89,-13,75,-18,60,3.2,43.76,101
125,124,20.15,12.94,2,65.08,99,65.63,13.18,0,146,133,-34,12.08,-5,32.85,12.2,30,82,51,-2.93,-27,132,-12.1,-12.34,17.49,100,20.74,35.52,-11.06,10,-19,-18.94,52,129,61.76,63.56,17,31,139
-7.5,95,24,63,61.02,17.27,43.62,-17,68.79,63,141,78,-16,72.88,113,8,32,65.11,127,41.42,37.88,-8.74,-21.44,-3.73,-3.37,29,-15.53,-19,103,55,107,46.77,0.45,3.16,-3,14.87,-15.37,56,70.14,132
24.79,19,128,116,147,-42,78,-16,57,79,14.91,60,15.97,18,46.9,149,148,-19.07,17.34,75,-8,69,114,0.41,82,68.79,12.99,18,149,49.86,77,68,-15.79,-8,24.66,79,26.74,-31,-39,118
58.67,94,50.54,-12,60,31.78,147,-2,67.45,-30,9,57,67.08,-31,54,-15.77,-13,114,57.68,52.13,19.65,-34,0,125,-26,100,147,-8,76,0,54.34,-37,72,133,-25,52.5,123,-41,-0.27,73.46
-45,72,76,14,45.71,54.05,7.7,49.9,58.63,-10,-32,141,-13,40.4,-21.33,27,11,48.55,16.45,46,121,64,147,57.25,8,11.52,-6.33,-17,-36,-29,-9,4,24.19,43,41.21,46.37,23.69,51.8,-35,-41
24.42,55.58,74,-6.43,138,-12.01,-39,102,77,40.56,104,134,126,48,71,9,21.02,43.08,23.47,27,-36,48.88,51.77,-4.54,-25,31,148,21,47,28,62.44,-9.58,1.21,2,88,10,47.24,137,18,116
139,123,30.65,114,10.95,98,143,109,-30,102,6,60.69,33.99,45.51,16.39,149,120,17.68,58,69.97,146,101,98,68,32,-9.39,66.53,-10,-8.04,-44,4.95,2,39.82,45,66.62,-44,-10,31,37.89,22
87,55.59,136,69,-18,-11,130,2.78,35.93,24.6,144,18,56.3,60,110,-1.68,33.07,134,-44,109,54.75,-15,15.67,-47,34.52,57,59.9,98,-35,62,55.23,32.74,-9.51,142,57.17,70,-3,43.62,41.83,56
131,-4,39,-43,2,77,91,3,27,53.09,93,-43,38.43,-6,100,83,131,36.29,8,73.15,-23.61,-16.45,-10,85,79,18,-12.87,142,73,36.56,56,-24.87,80,61.54,-21,17,113,23.94,122,52
43.04,123,8.53,-46,-21.84,54,13.1,72,114,125,88,52,105,64.35,-20.07,54,57,129,62,127,-3,107,57.52,104,82,104,-42,7.69,101,11.45,-4,-15,22,39.28,11,121,147,110,36.2,58
66,-6.39,108,-37,-40,-37,41,-14,35,133,106,65,78,86,64.19,115,-10,-33,67,41,-16.95,90,8.43,125,53.57,0.05,35,7.44,131,43.2,145,-3.68,14.85,54.52,54.88,-22,143,64.11,116,10
2.75,101,37.18,143,98,92,-24.97,0.62,-17.39,37,-20.47,17.95,-28,126,132,10.13,17,10,9,-19,21.3,-7.8,17.15,12.5,13,126,118,64.53,58.58,69.25,-19,17.58,-45,-33,71.02,-5,90,-3.6,95,-2.23
30,39,-10.9,-15,-48,19,61.05,112,105,-20.28,-47,21.01,31.42,10.37,12.91,68.12,125,10,39.93,-9.86,81,23,73,139,77,78,-8,141,72.39,40.89,69,28.06,66.51,31,56.7,21.4,-35,118,69,61
-20,117,67.46,-47,-35,49,59.24,-2.84,-5.6,46,40.61,89,148,-46,-12.5,-17,10,12,36.02,5.6,-24,46.38,147,53,27.57,34,21,12.64,-27,31,60.34,18.77,118,-35,128,-30,-42,40,38,-7.31
88,66.11,117,-22.27,-3,79,-17.58,71,-22,25.69,141,25.22,90,101,-32,30.96,26.67,41,19.08,55,49,47,56.81,67.98,9.12,-9.57,-9.15,26.64,-18,67,17.86,-20.29,138,114,57.32,46.77,129,22.79,51.82,85
-6,64.81,-29,19,11.93,117,13.97,62,4.95,47,109,36.12,-24.43,60,76,79,90,-24,47,34,-16.17,44.87,16.98,68,54,12.03,77,-28,-23.87,46.1,-23.62,138,61.62,-5.16,41.83,102,-40,148,53.48,-2
78,132,81,15.86,105,-21.89,48.78,41.13,71.4,40.06,35.3,64.11,13,44,-23,106,32,135,27.28,-49,46.25,62.33,-27,110,66,-13,122,46.64,42.17,124,58.74,70,7,-22,-13,-10,25,-44,51,21
22,95,109,114,23.53,65,-7.54,45.74,32,31,11,142,144,84,57.73,134,61.49,21.97,90,-19,-15,-6,54.93,61,0,88,115,16.8,123,24,11.3,7,37,32.69,72,66.87,-8.97,35.36,145,145
-25,68.45,67.58,-15,5.66,1,102,-1,141,29,-9.64,-6,78,56.68,23.18,-3,26,74.39,99,12.41,-47,23.5,65,36.99,-18,-38,54,-13.81,74,-16.16,6.91,99,15.93,103,19.97,21,25,8,28,-40
69.98,47.41,-16,48.12,0,-6.47,85,27.69,56.21,19.51,36,-3,-14,23,6.23,137,140,-16,121,38.39,-37,8.32,53,18.07,84,70.49,-9.49,-17.11,-7.86,28.29,12,113,-24.82,90,-33,-17.5,-14,26.32,-23,142
27.65,4,-19.97,-46,87,138,82,35,98,17.02,4,69,76,-0.1,70.91,24,32,6,-40,-19,-31,-2.65,67.31,110,-16,13.29,-38,-29,-2,145,26,37.56,-17,103,70,73.52,13.97,73.29,36,-15.43
50,36.52,-50,8,9.39,28,58.4,-19.69,-4.21,53,85,105,46,-43,-11,6,121,-13.4,42.54,58,60.94,13.54,10.95,121,71,-13.89,121,36,1.76,29.88,69.21,39.6,-20.97,128,80,67.07,-38,59,-8,141
24,23.95,116,-15.91,83,-16,55,-0.36,115,58.26,6,88,65.85,132,39.42,137,22,39.29,84,101,-50,31.39,10,28,-34,5.78,3.01,-20,26,87,118,62,21.65,65,36,16,32.04,23.21,143,76
-33,-5.49,59.37,49,99,4.99,139,-36,117,65,123,-50,109,-39,-40,-2,3.91,62.24,61,10,24,11.6,90,28.04,5.16,67.28,24,37.92,112,55.64,-13,137,-24,35.66,-12,16,-3.75,86,20,33
127,1.62,39,89,9.9,23,-21.05,107,16,128,-15,134,13,-6,55.14,76,47.5,15.08,69.31,24.24,-10.49,57.78,18.16,29.12,8,-0.31,6,5,4.65,-19,126,-6.99,45,84,-7,95,32,135,-22.34,13
-36,121,-5.86,-17.95,62.94,27,148,3.59,116,-13.19,138,43.41,-34,11,36.95,3.21,12,6.66,58,87,93,108,142,61,126,51.62,52.02,-2,-38,87,59,131,-43,56.79,36.96,43,35.84,56,61,6
39.52,86,-40,-42,57.17,81,104,35.37,43.23,88,10,95,7.87,-8.93,97,11,133,115,134,-13.58,72,106,16.49,-28,149,-13.34,33.37,14.41,76,139,-32,47,12.08,53,-47,89,35,85,131,52
42,74.1,16,28,61.78,6,7,133,76,49,86,121,39.91,68.89,144,3,75,-47,-9.42,74.86,34.5,10.93,81,46,-21.71,21,-7,-8.55,27,53.59,120,142,73.67,-12,-12.31,66.91,5.79,63.27,122,132
29.51,2,49.68,-16,129,-29,71.13,103,100,24.29,-12,134,-19.98,99,93,25.44,-34,-30,55,78,-13,55,141,92,43,123,50.85,-16.7,46.54,145,2.58,36,42,25,66,11.74,-9.37,37.07,115,19.47
115,137,-17,-13,23,-43,-24.76,-17.6,-40,-17.55,-7,71,133,67,131,17.18,20.1,142,98,6,16.74,-39,147,-45,1,93,-3.85,66.04,13,58.87,64.29,11,-1.57,42.64,64.1,69,-12,20,24,-29
15.87,17,19,19,25.81,-32,111,146,68.39,-20,65,119,46,46,64,-13,98,137,87,111,-47,-4.82,-9,46.64,8.56,54.95,35,64,128,93,15.56,13,77,-31,66.09,92,-18,54,11.67,122
43.48,23.69,59.19,25,54.01,108,47.54,10.33,136,-11.78,-4,25.65,77,58.51,53,89,-30,-48,26.81,-3.08,74.46,59,8,-21,123,117,-3,-1,57,91,7,-23.14,38.85,33.07,-43,52.14,-19.3,-15.6,29,125
89,47,32.52,35,34,35,44,-10,146,64,97,41.32,15.23,147,53,-24.47,-9.12,-24.37,30,73,126,58,107,26.9,72.26,-17.22,2.47,-40,-44,73.89,3,7,-3,70.09,59,64.22,21.3,63,44.14,32
37,1,67.63,67,75,-10.1,-32,-48,115,59.21,13.68,6,14.21,-24.39,80,-48,142,-16.2,57,120,25.2,-21.64,57,48.03,20.61,-22.19,-45,32.66,20,-28,74,-18,30.27,115,-7.92,135,-29,125,48,-49
10,88,4,40,40,-30,47,57,36,-27,16.99,33.25,-18.11,67,142,-16.55,-7,-5.87,4.92,-13.72,51.79,78,66.66,138,81,47,148,113,73,59.29,4.06,25.61,73.08,56,-10.37,101,67.79,13,-17.45,68
123,80,106,43.12,142,149,-47,73.42,67,-9.76,-9.44,33.28,-8,132,-50,119,105,0.01,44.92,115,12.48,81,123,55.16,107,-7.19,-12.08,-28,-45,12,-24.64,110,-33,42.42,32.16,9,88,112,10.1,-28
31,44.94,-36,-23,15,11.67,118,141,-15,104,21.13,65.04,88,2.86,14.53,22.48,69,6.42,21,-1.89,5.98,-29,24.97,12.91,74,134,-29,-15.1,68.08,-9.54,52,14.44,63,-4,51,-7.64,2,11.24,61.97,-18
106,126,148,-22.19,12.21,49.08,133,71,20,-24,67,100,21.37,30,16.32,-23.42,53,26.1,14,28,139,-29,76,21.73,0.92,106,50,113,36,15,88,46.24,135,137,81,82,49,6.61,-33,114
-28,28.87,57.98,5,74,22,43.7,134,28,18.49,86,37,-48,145,-15,9.16,33.32,-10.04,-48,31,26,-24,5.42,31,22.73,31.52,93,-2.2,84,62.66,67,46,2.64,49,42,69,109,-10.8,35.88,32
98,56.39,103,-27,14.87,8,-15,26.07,56,1.29,42,-32,-15,-20.44,23.39,73,101,73.7,21.39,55.8,-19,105,28.81,-21,82,12.42,39,-38,21,9.19,-30,73,88,37,-6.82,6.07,23.42,118,132,35.54
8.21,81,-45,71.85,0,64.58,-3.18,5.09,-24,48,121,-40,-1.96,60.75,107,-36,87,32.14,33.82,-42,89,148,-3,-50,6.97,97,104,-19.24,31,12.5,144,59.56,136,88,32,-7.3,23,16.61,-3.36,127
-49,-16.99,36.27,74.86,56,54.78,54,105,45,-17.54,24,115,139,-27,5.05,36.69,29.53,-7,85,-13,38.41,-27,50.04,8.03,57.64,24.53,28.23,-31,84,-43,19,72.64,113,148,147,92,-22.51,-11.59,48.06,56.74
11,18.29,16,85,75,143,49.45,41,118,-0.8,120,22.87,131,65.3,20,-21.28,6,101,-7.64,25,12.9,72.87,43.73,-44,-34,104,4,42,-23,57.75,107,40.15,67.36,-20.81,137,13.69,-18,42.84,-40,54
38.06,-40,5.66,-22.63,2,-24,105,108,-39,28.97,122,95,1.05,-7,49.5,59,5.81,49,-45,-42,136,61,114,-8.84,34.35,33.36,-4.2,84,24.99,66.69,36,116,82,-37,-11.17,0,138,6,113,18.64
14,-20,65.54,13.38,133,101,66.88,98,39,-33,0.63,65.5,2.31,38.49,-9.82,-20.67,33,-6,-5.92,109,12.91,65.51,-8,-14.21,17.46,62,-19.88,80,35.93,9.08,7.83,47.04,70,-30,62.15,80,84,64,33.42,21.44
4.79,102,-33,54.41,-19.72,33,5,1.5,17.68,2.57,28,12,46,-14.09,7.02,66,8,72,141,132,70.73,61.67,136,45.21,-25,48.51,49,-18,131,115,69.66,112,1,68.17,-24,64.23,50,39.63,0,-38
124,16.41,60,3.28,49,-23,-12,47,97,53,94,-44,25.28,-36,55.96,94,53,93,-8.16,10,68.17,42.48,-3.13,-37,64,76,-50,-31,-15.33,38,-29,62.66,21,87,40,93,10.93,46,25.29,12.7
-3.77,46,129,21.69,18,72.04,55.24,36,46,123,68.66,48.91,-18.03,40.92,17.64,8,82,28.27,-9,31.69,129,51,-30,-18,-10,29,29,48,73.31,98,100,62.9,-21.29,71,-12,105,-50,43.41,63.41,0.55
127,135,83,83,61.2,-20,85,73,70,-37,142,31.61,53.08,20,129,65,13.46,60.08,110,133,25.55,-10,83,80,34,17,47,-42,26.71,-20,36,69.02,36.2,98,44.46,54.89,75,-38,124,38.1
-12,32.5,6.21,17.58,54.54,20,85,26,106,66.91,74.15,-20.36,79,-6,54.75,103,61,15,51.05,50,-16,13.51,-20,-19,-19,-26,68.1,69,22.51,138,65,16.7,4.08,104,60.77,60.18,65,-23.51,19,90
36.23,-49,89,0,5,26.56,86,65.36,-21.67,40.38,60.53,50.14,-42,116,-11.9,-19.43,24.7,85,2.59,64,2.88,30,6.02,56,112,52.07,76,73.81,-21.43,57,113,-11.73,121,-42,132,13.57,48.52,22,-2,61
25,101,26.32,15,102,125,58,83,47.1,110,34.77,63,-1,7.16,60.74,44.24,21,102,6,121,87,65,107,51.91,-38,3.79,45.37,61.99,76,95,99,-47,115,2.53,104,-20,15.87,46,96,108
13,53,69,4.96,42,9.47,-17,133,-12,101,9.27,73,53.1,114,-16.95,7,50.38,121,-14.78,-3,112,-27,27.5,61,17.87,124,-20.43,79,60,-13.27,29,55.17,12.51,62.75,83,-16.84,37,62,12.21,29
-21.88,55.03,-6.01,66,145,143,73,81,17.31,32,64.82,31.44,101,-47,34,44,74,20.18,109,140,-2,-4.16,17.58,93,-41,57.34,85,9.77,41.59,82,94,-23,10.05,1,-41,-14.84,38.28,123,48.12,-4.28
57.28,-34,40.58,40,1.31,100,45.88,-23,129,50,-8,0.4,-4.61,-17,110,44.56,45.09,79,-0.54,-19,113,66,14.62,141,12.71,82,-5,-44,83,86,-14,39.62,26.35,5,136,72,-36,54,-29,51.44
-23.11,11.28,-15.13,133,96,74,8,10,14,57.26,1,24,35.78,66.64,69.9,67.38,1.59,143,-13.6,112,49,44,53,74.5,-14.39,-12.17,68,96,-37,47.22,118,67.47,-20,55.14,-23.17,88,95,14,93,25
62.09,49,-50,53.75,12.67,129,21,34,105,-9.22,69.49,6,57,138,-24,113,10,77,65.5,-49,-43,28.06,-27,121,-9.68,70.29,-15,106,-2,123,38,-8,-50,73,43.11,32,-12,36.19,126,4
-12.15,111,127,-3.02,31,31,63.48,88,8.05,-20.08,26.03,-34,72.39,-23.66,32.63,98,64.71,4,56,19.71,0,61.01,-16,35.46,22.13,10.26,113,35.8,15.82,-43,-44,128,144,67.96,31.2,-1.21,-9.34,19.96,-16.11,7
125,-9,101,1.62,16,49,10,-24,3.19,75,-21.19,4,138,30.68,-33,9.85,64,59,134,-42,25,135,11.56,-45,-30,2,11,52.86,3,67,126,131,61,45.67,63.5,59,50.13,-15,16,97
-28,76,14.51,40,4,93,66.07,-3.99,88,-19,-2.09,-17.64,41,-47,65.72,-10,128,4,60.31,88,69,-38,3,52.84,8.32,-39,-14,61.62,63.22,92,117,-15.7,91,41,49.45,17.16,-1.48,98,35,51
-14,9,92,83,69,52.6,142,30.11,-45,-36,67.79,36.31,91,0,-11.04,130,109,65,69,96,40.02,30,-12.43,146,-17,111,38,94,33,-23.11,-4,7.58,-7,-7,105,30.59,51,38.42,-16,62
90,17.84,26.43,-35,42.52,84,11.1,19.81,70,67.22,9.37,2,71.41,-18.44,65.43,40,69,78,-13.14,70,29.09,-3,37.75,116,80,-33,147,45.86,57,-45,33.49,72.19,20.34,44.48,68,70.28,5.45,4,44,99
-25,28,123,10,71.69,-26,-6.88,0.19,57,-42,39,73.45,24,4.07,4,63.86,58,115,78,120,46.86,-10,57.61,-29,-24.44,-2.64,66,15,17,63.9,73.66,124,2.56,97,-44,141,33.15,-15,-2,67.1
62.09,70.92,0,25.7,103,112,37.97,42,-17.72,49.33,47,39,-4.52,15.07,12,15.24,61,5.09,45.72,-9.03,44,82,115,3.02,56.35,25,25.4,65,14,141,22.24,67.34,8.89,18.37,6.31,50,21,59.08,91,42
16.14,19,16,143,-14.09,-2,-15.66,111,67.09,142,51,141,46.54,110,-3.8,99,-2,-3.88,-1,-5,73.4,-49,55.93,59.28,99,-0.48,42.25,-14.88,102,125,36,73.68,-32,108,19.38,88,132,-27,72,131
24.79,80,16,64.75,-21,59.18,-3.18,141,11.2,74,77,23.47,70,73.2,61.77,-50,-7,136,-44,20.92,-10,138,-36,23.83,55,34,-24.6,146,1.14,47,141,-16,102,83,35.58,135,101,20.78,99,7
149,15,88,22,63,113,135,12,50,-5.15,32,-26,16,25.17,0,-18,-8.12,8,-27,113,14,12,116,60,-4.65,-18,47.92,34.89,-6.58,113,15,-28,-50,65,34.29,66.24,115,146,15.13,137
39.99,144,-13.99,6.37,2.93,21.16,23,120,23,1,3,37,118,-6.9,-19,81,19,39.1,1,118,42.48,130,-47,93,43.5,104,21.97,42.82,73.72,125,75,135,-28,71,24.67,126,37.69,30.74,78,63
10,21,-28,114,104,-5.42,23.56,15.65,32.29,-27,26.28,-36,-4,67,2.3,-3.24,123,12,44.51,30,55,94,23,71.07,133,67.06,18,-21.05,22,63,96,40,-19.14,56.86,34,59,147,43.91,83,35.47
144,18.41,-9.09,-13.94,107,116,36.66,11,57,124,47.75,-14.09,62.85,12.56,57.46,116,101,65,78,21,33.52,-10,69.98,5.51,-12.1,111,8,118,93,71.58,123,65.68,65.28,-18.88,112,49,-44,-22.52,70.8,65
54.71,-29,58.99,36.13,25.3,2.21,33.26,-14.04,21.88,133,11.31,103,-3.65,129,62.36,69.21,-22.04,36.84,20.17,118,23,11,-40,1.08,-19.36,73.79,35.11,10.46,35.16,97,120,91,41.11,34.73,46,-23.34,108,12,31,3
36.03,69.55,-23,-20,87,-46,66,-16.52,149,119,-21.6,39.2,21.42,49.3,74.76,-8,42.51,83,21,34,-3,-13.25,20,40.92,-19,63.49,46,47,-24.35,-16,24.31,89,55.01,98,-24.71,40.45,38.5,51.09,75,62.27
94,7,47,47.77,108,125,55.31,62.18,-3,-9.99,28,-20.76,64.1,-10.32,49,69,32,36.04,103,114,16,-45,-42,129,-1.59,66.67,96,106,-5.49,89,27.75,144,39.98,36,-24.29,13,-29,32,0,-28
-1.23,57,38.86,39,27.01,33.84,103,57.8,64.03,-23,-3.65,119,91,6,78,98,-27,18,91,13,91,69.01,-44,-33,99,38.35,0.8,27,23.92,60.73,132,16.17,14,21.38,62.9,2,16.06,7.73,37,13.4
66.56,47.48,68,-6.97,-26,-21,-42,46,65.09,78,14.19,111,-7.06,138,29,-43,9.55,114,22,24.76,-21,12,33.75,19,42.75,5.8,14,95,5,33.09,147,5,76,4.88,-2.25,64.47,-6,-6.23,14,-39
124,45,90,33.89,-35,-15.14,117,145,-8.24,8,133,-3.62,135,91,-23.97,105,36.77,-20.57,31.57,-24.42,-14.07,70,93,-1.69,-6,-20,-20.79,35,134,101,52.45,-46,39.36,10.39,76,19,95,14,-10.26,62.77
-38,-6,65,81,14,83,61.99,-7.4,28.82,66,137,78,-17,39,149,31.79,-19.41,101,8.48,99,-23,43,137,48.07,-5,-3,3.66,25.5,114,3.17,2.85,-21.87,139,38,4.19,2.26,-1.67,14,50,18.78
52.24,67.21,-42,27.28,-2.54,41,47,80,24,-21,-7.95,-24,-49,-10,-6,-3,101,114,23.77,70.43,-0.27,31,132,-46,55,7,16.08,27.97,-11.81,76,-32,-19,20.37,-9,84,-2.93,119,31.19,30.75,-37
33.32,70.03,-37,58.71,110,96,25.01,78,-30,-4.29,35,41.56,-15,56.4,6.56,121,123,145,29,52,-11,62.84,79,63,50,-23,60,28,116,27,-17.06,2.37,-40,3,-42,82,74.84,49,0.88,72
47.62,140,8.17,60.43,49.22,-23.11,40.66,59.1,-22,-7,-42,83,69.75,141,65.72,-40,34.76,-36,18.39,7.14,-13,69.03,64.28,43.54,71,-35,67.73,-20.81,-1.04,101,-23,27.74,50.19,-6,13.9,7.52,-6.85,-2.11,36,-23
-40,30.77,45,37.35,21.29,73.32,-36,17.92,60,48,97,-41,73,95,61.64,11,-24,48.76,137,-1,98,49,112,-4,-18,138,-5.53,23,31,50,35,45.55,32,135,19.96,-18,129,132,1,-2
1,75,116,-7.61,6,144,3,36.79,-7.3,39,109,44,77,111,-22,-6.87,21,2.05,75,-24.88,19.73,132,-11,80,38.56,14,12,121,10,32.32,15.42,149,67.13,0,-30,-19.27,42,-18.52,5,60
66.55,-36,-7.69,78,57,66,2,-31,74.12,8.73,97,65.28,-22.16,86,23,138,28.98,137,118,-23.05,140,59,14.52,30,-1,36.79,40,102,65,19.82,-5,120,33.74,94,125,65.78,34.16,33.39,12.26,-8
68.25,8.13,-45,33.55,112,-0.77,53,-14.58,18.67,113,101,27.06,42.75,77,57,57,68.11,31.14,67.59,-21,121,-9.31,134,57.9,25.51,25.61,85,130,-43,-48,80,128,36.88,7.38,14.62,30.83,56.59,67.03,0.3,9.33
-12,63,116,91,-1.16,122,148,21.49,-10,50.27,45,25.03,-34,95,130,108,71.26,-12,32,-20,8.18,83,-46,6,-47,-33,58.25,-40,74.58,97,120,-17.63,43.04,18.55,120,122,147,82,57.89,62.9
21,147,4,76,29.63,-1,-27,70.08,-1,30,-10.35,33.38,91,-20.64,54.08,-22,1,60.72,67.34,118,-19,11,50.68,-10,74,52,143,-15,-25,18.88,13.77,-4.14,-15.71,-29,7.01,7.79,6.11,-11.48,12,44
53.58,109,19,19,-12.61,-19.76,104,1.14,138,92,107,41.12,22.56,-11.38,-4,13.67,121,29,35,31,-4,76,18.11,65,69.44,26,7.06,23.69,68.75,34.62,11.7,67.6,56,101,68.81,8.08,143,27,13.96,13.54
-35,66,4.13,17,67.45,-4.81,23.93,73.94,99,149,-21.09,58.96,74,28,-20.64,74,65.26,103,83,-38,107,59.13,23.39,2.84,8.21,72,-22,37.36,131,6.12,24.24,34.97,-11,24.09,8.51,56.33,64.72,145,98,138
31.12,70.8,-14.54,90,79,63.52,10,61.13,80,-39,56,50,96,51,137,50.91,21,69.47,27,141,67,64.37,98,-37,-20,45,145,43.87,-13,45,119,-20,121,28.08,17.91,57,89,10.68,-16,36.23
39,34.94,62.63,38.72,131,63.5,65.14,141,-12.37,29.48,99,-29,-49,-3.73,71.48,-42,9.65,-16.53,57.7,-27,112,50,-11,26,-11,149,7,18,39,51.52,-24,44.23,48,90,139,13.7,8.94,15.18,79,52
83,16,-13,42.44,22,139,14.04,-39,-26,47.83,98,48,124,6.24,11.04,20.93,98,-47,27.28,55,44.02,19,102,46,142,62,-47,125,69,51.69,-10,10.21,-24,-31,3.25,30,66.11,-15,62,76
10.75,-13.61,94,108,-32,44,0,145,118,35,48.79,-35,128,124,132,1,14,53.6,54,144,3,29.42,42,74.43,2.61,29.34,28.28,74,16.43,22.76,12,113,10.53,132,-8,70.47,4.14,10.64,-20,-24.03
-30,116,114,5.94,-14.99,60.37,131,-48,21,144,138,79,41.33,19,20.02,137,149,32,-33,93,64,38,140,11.72,-40,13.63,62.2,79,17,85,-36,-31,51,-18.45,82,1.79,-5.09,53,-15.21,32
145,110,46,35,43.84,-50,110,44.29,5.3,88,56.97,-8,37.61,-40,64.29,58.34,-23,-7.8,81,72.43,102,125,-44,-1,66.9,-17.9,81,22.35,3.14,139,-0.67,-9.25,33.3,51,-49,130,32.15,66.24,-31,72.3
135,-37,22.42,-17,80,-14.56,19,47.15,44,34.77,57.56,30,144,-6,-18,-16.69,13.78,23.03,-9,7,61.29,31,-25,73.45,4,41,13,31.4,71,-43,45,60.73,23,72,145,46.54,141,65,-3.08,113
121,63,66,-0.88,140,49.29,9.68,-5.83,66.29,73,29.53,7.67,139,128,-29,7,-11,-32,35.39,-0.87,136,19.99,8,5.44,124,112,-21,67,33,10,121,17,57.93,136,-12.6,40.7,-18,-21.3,51.66,-1.3
118,53,11.14,-42,80,141,47,121,65.5,7,36.74,3.58,-23.27,40,66.06,-5,-25,113,2.95,-14.76,9,-12.72,56.07,119,45,34.93,-11,147,-13.98,66,-24,-2.35,-10,-6.02,20.43,57.83,-6.25,-34,65.97,62.65
52.81,73.27,-4,-15,38.12,-24,20.25,123,-10.69,9.46,-22.8,-1.16,-23.96,84,-13.43,40,37.18,1.84,35.65,28.54,2.04,136,10,131,-35,-35,20,-4,92,33,27.18,43,15.74,59,31.24,-15.35,3,74.99,51.41,-15.15
-25,43.09,38.2,62.78,11.58,34.57,17.6,-19,13.73,-2.51,-41,53,7.09,30.16,-0.2,42.61,100,37,88,122,-28,-0.29,-11.11,27.97,70.92,23,65,50,29.27,98,103,31.15,68.75,-11.11,16.4,-16.17,-12,110,-49,78
130,-48,-45,79,101,79,64.92,24.85,23,57,-0.55,124,62,4.7,-0.84,86,69.36,64,32.18,-15.94,40,-45,28.19,107,11.11,68,90,111,10.98,99,113,102,1,14,129,29,16,73,54.14,-28
27,-35,40.41,-18.52,60.7,-24.49,51.73,119,81,1.81,-15.14,101,-39,95,107,-13.69,47,145,144,40.14,-29,-2.89,60,45.98,136,51,149,-37,2.56,42.09,-46,13.82,11.94,11.38,118,16.09,23,-3.14,135,45.78
37,111,-44,-8,95,144,-26,87,48.77,-41,-1.14,46,74.59,65.04,135,93,-45,-17.87,-25,49,85,35.4,-31,-14,29,23.23,28.52,92,-13.4,17.27,147,58,100,76,33.94,11,-10.07,15.27,-43,57
112,-6,106,26.21,10.45,48.61,81,102,70.18,74,80,104,-25,18,-17,37.54,55.22,123,-33,-25,-7,29,45,-6.55,51.36,86,138,-50,-2.36,1.69,109,-22.9,39,46.09,2.7,93,70.33,13.84,111,20.65
33,142,18,77,-22,98,6,35.38,-43,37.24,-23,21,67,-0.6,6,79,-31,8.38,94,10.93,106,120,2,110,48,65,5.35,17,79,-11,38,5,-10.68,23.94,4.03,81,8.66,29.77,-18,146
60,-18,-29,69.02,0.76,29,32.4,104,-29,31,140,-25,39.6,76,-21,53,34.59,63.28,36.82,64.46,103,-7.97,80,30.49,-29,1.02,98,118,55.24,0,64,-24,29,22,-19.24,36,68.96,26.65,45.93,24
64.46,67.41,-47,111,2.4,19.09,95,60,108,137,81,24.89,61.67,63,122,50.27,40.78,94,102,80,3,-24.28,113,33,63.59,21.67,8,46.62,63,70,119,-20,114,57,120,-31,9.7,98,-28,37.31
59,-4,24.98,4.77,-39,36.76,40,-11.61,137,0.39,86,87,63.19,99,-0.03,52.38,-9,7,48.38,55,29,71,-39,-38,15.69,34.69,65.87,83,60.94,91,26.33,132,-11,31,60,148,33.08,148,69,47.14
79,54,12,95,60.17,28,-6,120,1.77,-50,115,137,-9,-21.83,41,-12.29,137,20,-32,-4.56,-4.14,148,98,-0.22,-7.66,127,68,54,50.29,80,50.69,-3.29,58,128,33.86,71,-35,22,22,52.05
-10.28,-9,23,32.15,-13,122,-18.79,36,49.93,-6.79,32.32,77,60.15,20,11,72,71.2,135,33,1.93,91,147,49.17,9.69,74,-47,97,46.67,-43,55.92,-40,7,6.43,35.44,61,40.14,97,-14.36,135,22
12,52.18,11,132,-12,147,106,101,45,89,6,-8,109,-2.96,23.67,-3.44,-24.35,133,37.1,62,138,-3.65,32,89,22,59.03,64.3,16,13.69,7.88,90,-8,22.02,-2.81,15,115,-21.25,28,16.04,65
118,34,4.97,40.13,46.66,-21.23,62,125,-24.71,63,-27,43.46,41.28,60,63,109,42,44,40.03,2,63,-16.93,17.84,-1,67.19,41.95,22,112,4.55,2.37,-18,-8,-19.35,60,59.77,74,-37,-16.3,-16.82,29.7
51.98,51,-7,8,-20.71,116,89,96,13.37,-9.43,11.79,61,76,11.33,-7.41,61.18,9.95,43.32,146,-36,82,102,-34,86,45.14,-27,51.4,72.97,-5,61.82,78,144,30,35,-37,40,8.8,44.38,39,14
25.46,47,99,-22,-5.29,40,26.68,69,113,58,-22.55,61,50.79,70,63.04,37,51.14,45.7,5.06,34.47,-38,-18,-15.06,-7.36,68,65.64,-46,35.89,111,15,-5,55,50.71,-9.25,-12.92,-20.86,-11.72,73.86,111,112
12.26,-14.62,120,12.42,16.18,54,-25,-9.59,139,51.22,-22.06,147,38.62,85,6,139,63.09,-30,10.23,44.67,-45,51,21.05,43.16,41,65,3,51,-12,80,115,91,-34,85,40.27,-37,-19,47,70.5,-46
102,101,-15,-15,2,90,97,19.03,-11.73,14.09,-1.53,-19.31,71.01,12.16,-43,96,119,-18,6.8,24,44,-43,34.46,-17,134,73,80,33,25,0.36,11.88,91,-32,66.57,138,61.83,57,111,74.33,41.47
59.46,146,147,128,-50,115,65,138,95,61.23,90,27,-13.03,-36,64,-14.44,-20.92,71,15.33,70.54,37.02,-3.58,145,8,138,61.03,-4,43.52,146,16.98,62,59,124,87,-17,72.43,115,26.15,100,58
114,62,74.31,40.08,-0.37,6.14,-18.74,129,-17.23,-0.63,124,-10.4,59.47,-0.88,-20.16,-10.57,103,4,48,135,29.78,97,-22.46,119,110,-36,125,97,130,7,-39,57.37,79,134,28,34.54,70,-13,-36,47.64
-36,37,4.19,121,7,73.17,17,63.67,93,64.04,37.8,49.02,146,-30,10.19,47,140,-24,39,10.28,-31,55.77,53.45,6.59,21.94,-3.68,2,-45,-39,75,96,47,-22.11,13.27,52.74,-42,48,-10,38.78,-0.32
11,0,72.18,83,-49,24.46,45.13,128,50,28,-31,64.11,58.92,28,58,39.66,68.88,-27,35,-5,1,-11.32,72,6,74,-7,-24,-8.25,90,134,55,19,-13.93,17,117,16,-32,-4.29,61,29.66
11,-27,64,57.03,16.32,53.93,107,108,41.71,47,-36,60.09,-31,127,-6.59,41.18,88,69,85,117,58,-35,-36,59,76,24,22.94,1.46,9.87,123,9.86,45.94,8.36,27,-11,146,89,9.98,42,54.66
114,39,64.89,2,20,94,67,-2.01,37,-4.49,-7.78,148,28.35,33,31,67.25,43,71.91,1.4,43.75,-5.62,66,6.88,138,-9.91,54.88,35.62,121,-20.45,7,-1.24,86,118,-34,-7,19,137,102,71.21,-7.22
-23.5,-48,18,123,-24.74,14,118,21.29,46.53,54,3.37,22.03,125,4.51,40,54.31,10.21,3.96,-15,147,37.9,43.09,60,124,57,-24,-38,-36,34.4,73.95,40,39.63,-9.6,45,113,101,148,-15.92,90,13
-14,1,95,143,70,-36,-5,78,-31,-11,74.73,35.69,68.91,80,-2.62,30,22.64,55.38,9.89,112,-12,140,45,41,71.76,110,-11.06,110,29,11.8,0.98,-21.88,48.47,-49,-6.47,149,-34,15,74.55,46
136,16,13.69,53.32,41.14,100,72,10,-35,148,48.57,55.35,2.79,54.16,52,-41,-1.53,-21,28.17,70.24,64.53,-41,-2.21,15,15,48.11,-32,1.25,116,20.32,32.03,127,-35,-26,67,-31,33.45,23.13,-17,1.53
53,148,59,-0.47,15.84,43.32,-45,60.48,-23.02,-50,-18.23,83,37,60,137,53.52,-5.81,52.22,-8.02,63,23.46,-22.54,-13.07,21.87,139,57.48,21,70.28,12,124,6.21,121,5,-38,37.82,149,-6.85,17,102,51.85
-6.41,42,108,63.84,-6.72,65,32,-2,-3,59,45.64,33,-40,24.54,63.32,-1.67,32.72,32.25,17.95,45.12,-10.93,45.63,18,-13,12.18,-21.71,53,54.1,100,28.69,101,111,24.81,12.2,-16,31.72,59,63,-4,-6.87
1.42,57.05,-13.76,20.43,11.21,102,44,81,44,-49,-16,27.34,10.54,92,15.88,-5,-20.99,33.59,-15.98,74,93,-32,131,-6,57,57.87,-23,145,22.05,28,15.59,114,23.87,-23.99,0.84,57.27,10.18,54.22,145,70
12,26.07,-27,1.69,39.5,118,51,63.39,27.51,53.75,-5.17,69.5,14.36,83,44.8,39.07,61.52,44.07,37,47.39,-21,40.35,58.17,67,62,44.52,50,87,46.42,-14,54.37,24.59,90,141,110,23,124,66,-35,52
80,66.84,-21,-42,-6.82,52,12,123,23.5,-37,66.21,72,18.52,-17.36,-11.79,-16,137,-15,51,82,-41,-49,24.06,74.16,37,140,30.09,83,70,120,-2,74,-13.28,140,35.26,137,77,-15,-4.37,1
63.72,61.84,3.22,10.17,33.98,147,104,24.79,-43,21.35,10.94,-25,61.14,98,18,-21,36.99,30,3,-13.62,-5,88,85,14,-4,37.51,116,96,47,-23.8,27,30.84,49.23,115,80,-33,-42,-11.24,99,6
26,37,136,4.1,143,-2,83,9.49,44,22,73.49,62.29,-43,-1.32,107,129,15.94,32.92,-3.18,10,71.77,66.3,31.6,135,148,66.16,-3,28,144,55.29,-32,67.63,45,7.48,35,7.91,88,31.55,25,-9.82
-44,-4.04,56.38,-34,-27,-11.5,68.06,14,37.01,-6.43,124,149,45,53,20.45,-12.87,76,-7,11.51,89,38,-36,5.12,1.33,22,38.96,66,79,51.04,73.84,-15,50.98,-5,139,97,-1.79,66,118,29,57.69
-41,65,-15.5,2.83,-38,35.88,132,5.56,112,-5.46,23,19,61.67,133,15.15,22.42,54.72,-11,-17,40.06,15.77,54.67,8.18,-24.83,-6,94,-14.57,-38,60,-13.49,30.72,107,16.34,108,55,-3,18.01,57.84,100,47
93,124,110,-34,119,-5,-6,67.79,133,136,83,-7,61,53,44.91,70.32,56,127,70.18,60.22,14.57,54.02,-42,5,56,14.2,54,18.43,127,85,61.87,5,91,135,-22,64,3.53,44,73.9,41
62.31,51.44,7.96,26.49,7.11,108,119,-38,63.18,-37,-2.37,50.69,75,21,28,76,-6.31,74,5.23,146,65,-36,112,4.59,147,55,64.26,-26,4.36,-22.55,45.06,4.34,45,-43,139,138,52.78,130,-17,32
74.5,18,47.6,67,-9.53,67,135,94,-32,60.03,77,39.23,8,72.87,84,122,68.14,-10,51.92,-27,52.46,144,41.33,61.33,65.28,69,33.94,139,83,-4.55,-21.81,-36,21,63.63,-6.77,74.7,-10,45,17,36.13
23.73,100,6.6,-12.89,28,25.39,13.25,62.11,36.27,6.38,33.59,96,38.56,102,87,-1.37,9,99,13.73,146,74,54,-8,137,-38,-37,21.98,30,5,34,-24.85,17.47,83,-23,7.87,35.87,76,133,5.02,61.27
57,51.62,34.33,72.86,-29,44,85,-39,78,-30,148,0.35,71.43,9.23,5.62,42,36,45.78,-15.86,-35,58.18,-13,-46,64.95,73.35,1,15,-1.21,55.84,71.16,50,73.5,54.94,25.06,-16.39,44,-45,42.12,51.66,65
27,-41,30,-19,39,18,34,76,32.04,101,-1.02,118,-13,10.79,62.25,18,22,93,-16,49.21,41,119,129,-7.81,33.61,-42,126,141,83,70.14,30,70.51,31,136,-29,125,0.43,76,-49,-13
26,-4.09,-32,28,121,147,70.46,31.8,143,-19.05,24.81,96,-40,-42,-15,116,42,3,-18.31,-28,20.8,39.86,59,126,7.4,41.06,0.48,48.46,77,49.39,30,-17,51.69,18.61,9.73,51,115,42,-16.61,138
19.21,-15,98,-50,71.03,40,32.57,117,-20,19,-38,-12,6.8,-8.4,0.31,-27,25,-13.3,97,-2.92,75,111,-4.26,-49,44.15,17.63,36,12,9.01,52.38,-1,115,100,70,36,-42,12.26,42.93,70,124
11,97,48,-19.84,112,-2.19,109,21,120,16.8,-28,109,50.46,76,94,144,121,-42,8,-18.47,74,43,-10,-30,-35,67,120,71,21.13,46.77,-12.24,94,30,-49,-8,61.21,62.48,-18.14,-29,136
32,22,145,134,-18,69,48,82,15.35,36.16,6,106,54,-18.16,44,63.74,18.82,108,68,103,-33,42.7,-19,10.24,65.6,66,10.53,-13,-18.54,-6.59,-49,72.36,6.58,-7.23,25,66.37,70.33,39.47,83,-10
-8.81,149,55.34,-26,24,86,29,22,104,14,21.27,-11.93,-29,-1.08,82,-42,52.84,56.51,-16.79,149,106,134,4.3,31,10.75,39,91,14.15,122,20,135,-38,3,96,46,6,58.51,-11.25,37.06,-4.57
133,32.28,62,25.71,66,-10.31,105,-13.15,118,12.14,68.71,7.9,111,76,33.77,-3,-39,16.51,73,20.19,-16,-27,35.38,91,4.87,70.96,135,26,79,31.73,99,38,-10,131,146,136,13.5,114,13.15,12
133,146,-4.15,-49,77,60,-1.74,53.97,105,136,70,41.89,44,-6,120,140,12.42,54.54,67.89,52,-7.55,1,15,12.23,-17,0.09,33.27,56.28,23.95,-20.71,-12,119,73,86,48.56,29.41,9,60.57,1,106
-50,52.15,66,64,47.49,-34,77,14.91,58,100,-14,96,1,-19,89,40.13,58,38,44,75,56.51,62.21,2.46,113,-19,111,145,38.99,72.14,-50,-23.48,-19,-7,121,-5.46,52.44,-0.04,104,64.5,-0.63
-25,2.13,-9.7,104,-17.12,76,0.65,124,107,73,57.51,-15,63.03,109,1.81,-18,110,56.4,57,12,-23.96,38.26,101,82,12.48,12.46,-4.39,68.51,66,80,105,58.92,148,-5.23,87,-18,-18.47,23,-42,110
-24.73,-10,129,147,66,-28,135,118,-42,17.14,37.54,45.22,62,37.52,-19.79,59,-4,79,15.54,25,67,52.16,147,-3.33,43,125,61,94,-23,33.83,49,131,-19,-38,37,12,-15,146,-47,-13.2
13.23,35,66.58,-27,74,-12,125,3,-26,67,60,33.36,-50,56,37.11,56.91,145,-5,7.62,56,-30,94,-8.48,60.14,34,-5,73.04,-19.31,62.61,74.25,21.12,124,105,14,-23.03,3.9,122,77,109,53.04
-23.16,43,-9.47,18.18,23.18,86,84,-2.87,134,-1,2.11,-7,54,47,43,135,-33,3.42,117,75,82,98,33,-24.87,23.75,72,-23,35.56,-36,26.61,80,47,-13.99,-20.78,3,24.67,113,31,47.68,120
1.6,111,16.68,28.32,19,19.21,-14,50,9.64,59,-19.41,40.27,117,-15,30.35,-21.26,58,16.41,99,9.53,65,138,-10.17,0,54.77,43,-50,88,-0.51,-14.2,38.9,21,65.65,143,118,86,46.46,27.94,53.18,1
-8.46,69,52.98,59,1.06,30,-21.19,14.05,87,47,54,139,62,41.44,53.83,-25,19.07,47.27,2,40.53,-41,54,-24.5,7.69,-29,-10.05,49.76,77,-37,87,135,66.02,-20.37,19,20,61,-31,-15,-6,81
-48,106,9.29,138,-15,61,99,31,-38,77,6,140,75,37.8,125,-4,4.26,-22.04,31,129,-6,-23,-3,55.35,57.74,99,121,98,-17.69,-3,1,67,15.65,77,54,-5.77,146,48,-24.59,-9.48
-12,-12.84,39,4,40,71.09,131,42,84,83,92,-21.34,92,27.29,79,-14,95,22,-47,111,101,80,16.16,9.09,13.24,84,-9.75,46,-10.65,57,4.07,-1.83,-1,-30,42,-5,17,44.99,125,-6
15.8,19,26.51,128,23,40.92,139,60,46,96,53.51,65.81,142,32.42,3,22.03,38.91,-39,121,37.6,-18.95,-2.84,0.51,80,-2,93,70.92,115,62.77,11,0.07,94,61,148,88,56.45,70,50.17,-35,-49
79,32,24.15,-38,133,5,1,-48,22.2,34,69,71.35,-44,-20.33,139,11.3,-7.6,58.68,128,-13,115,12,-46,96,3,-11,109,45.59,117,18,-19.64,55,-23.79,11.19,3,115,52.09,-17.59,16.82,12.11
11.91,147,102,44.3,-0.43,49.58,9.02,148,149,-19.26,-14.65,-20.6,121,72,1.08,-7.65,88,37.33,54,41,20.19,62.58,105,-27,74.68,13.35,41.32,137,29.28,48,56,139,73.2,51,-11.3,58,-43,35.36,77,14.96
-14.03,32,-14.13,139,43.49,69,-16.57,-47,34,54,63,148,39.29,-21.91,10.9,36.51,67.57,129,23.02,1.89,-16,23.85,120,66.31,50.21,121,14.7,51,-7.15,56.5,117,30,74.62,57.19,7.84,-32,137,-12,144,135
-5.58,60.13,-38,-34,60,19,-38,0,11.99,135,68,-7.16,56.82,-17,141,-10.76,147,71.62,112,-2,123,8,5,139,129,-29,37.96,15.97,-32,-7.8,73.74,13,52,105,-22.65,13.75,-29,33,117,-17.33
82,0.15,30,38.9,23.16,15,59.01,5,120,80,52.12,-7.8,9.53,14.87,52,42,141,147,-9,-18.76,73.03,-13,32,44.7,-18,37.21,59.89,58,1.59,-31,71.44,63.96,-7.63,122,-34,-34,17.53,-13.74,39.33,-16.23
-41,33.83,-18,78,-44,119,69,-22.01,-14,52,96,68.85,-5.95,82,93,112,55.05,-24,-25,14,-37,19,-30,109,-41,34,34.41,101,135,36,119,128,95,-4.61,56.61,74,103,26,55,0.81
90,139,93,-1.57,99,23.14,138,32.1,16,7.82,90,113,27,-9,134,95,40.78,36.56,146,115,128,109,12,57.53,29,56.31,-7.91,6.15,129,-13.74,22.49,33.45,39.45,1.44,-2.46,101,21,78,35.43,37
142,144,66.06,17.01,40,45,55.02,2,97,25,32.2,122,11,124,57.3,31,68.76,35.74,-25,39,-3.1,22.17,56,75,-24,13,59.45,27,-11,46.89,81,-8.75,81,96,126,138,116,-34,46.08,4.25
2.37,-24.28,30,79,56.88,63.93,100,73,146,115,51,-45,-12,140,48.44,136,8,16,31,105,129,59,104,121,0,86,16,54,59.34,-18,47.92,-8.25,65.08,3,133,126,26,6.94,-9.01,-28
71.23,17.57,26,-15,47.78,48.19,82,15.44,7.66,41,-6,93,7.44,47.37,125,93,-19,139,67,99,103,-25,140,-7,44.62,3.91,143,45.17,37,-21,-3.08,21,-15,11,70.5,74,-22,51,82,-26
61.9,62,62,45,36.18,25,38,86,123,73.22,73.86,6.02,106,32.11,118,58,83,15,55,5.76,41,4,125,-42,69.38,127,127,56.79,135,-17.67,60,-14.87,-4,49.73,32.59,142,119,24.74,33.65,58.86
133,-7,94,125,53,-21.16,38.41,62,134,73,-28,55,26.42,71,18.03,-45,73,49,78,-9.42,116,0,-17,61.35,-15,69.17,57.91,-39,-16.36,89,59.46,51,-34,72,41.06,-24,34,62.29,24.71,66.8
64,30.11,9.69,105,-26,24.78,-15,64,-43,13.07,42.25,-41,139,104,58.08,112,129,22.24,42.17,19.12,5.62,122,14.61,18,40,30,41.09,66.24,-24.71,-50,33.93,64.33,-28,76,-9,61,51.24,35,111,-20.35
67.45,38.16,73,104,-18.31,111,-2.32,21,23.02,-24.7,58.03,-3.39,55,39.82,31.37,121,-9.85,48,-21.15,62.19,-29,7.73,10,111,59.75,132,-8,15,16,-15,125,11,-9,15,64,-7.61,-20,11,38.33,20.37
145,120,67.12,148,42,58.73,75,44.89,58,90,46.02,57.12,-13.56,45,90,31,-6,69,29,-17,68.13,61.05,-34,73,19.17,127,-2.2,34.76,16.44,8.92,121,10.56,-7.8,142,-22.73,64.81,49.49,125,-16,5.02
-18.06,5,2,53.35,100,67.9,58,113,37,63.64,53,-7.61,114,34.07,72.08,59,45,115,-39,49,63,86,-14,-33,58.26,-33,16.59,-27,75,50.81,13,-16,0,140,11.42,61,36.21,59.94,148,91
95,6,33.21,46,121,125,26.94,60.42,-0.5,-15,56.7,41.47,60.85,-2,-32,71,61.4,54,89,46.3,34,2,42,54,-37,-45,123,137,148,79,63.61,55.98,-4.03,12,-20.1,33.56,30.89,-2.24,74.96,78
75,64,54.94,48.72,-10,-17.96,49.75,55,85,144,49.54,31.7,-36,1,79,49,43.58,38,38,20.11,62.23,10,9.94,52.69,56.83,73.36,71.51,114,146,51,-28,24,115,17,-30,71,-7,109,-18.66,-0.14
110,30.69,84,29,77,-7,67,120,26.86,68,17,15,-8.89,16.5,-7.13,-0.74,8,-1.18,121,62.8,-13.6,126,69,136,-23.42,75,-4.14,46,71,-7,8,47.58,20,71.87,-7.91,141,137,50.54,81,39.3
82,-0.13,73,8,0.77,49,-14,-14.3,94,114,62.09,40.24,-13,-41,-16,-39,-6,13.43,31.91,6.7,4.83,-32,50.31,-39,87,-29,-36,46,8.06,-44,121,60.54,-11,-13.35,59.42,55.87,119,25.5,54,104
124,89,-47,21.98,-29,66.76,110,33,-27,37.87,-1,123,35.45,79,105,36,-12.65,19,122,116,3.69,100,6.77,34,-10.27,30,67.78,29.85,-23.31,30.44,65,55,2.5,30.44,-16,146,57.06,63,109,103
6,51.79,86,58,18,-23,141,50,112,47,111,62,22.35,14,113,132,61.53,-7.57,-30,-25,-46,115,55.21,-18.62,9.14,49,63.57,-10.49,99,52,46.99,45.8,114,64,40,63.83,86,0.91,36.91,-40
98,64.43,-11,71.05,-32,40,22.7,-43,25.82,-20.54,12.78,14.29,107,126,96,14.47,33,14,26.28,84,7,23.77,-3,-7.16,64.92,37,95,-48,70,-23.68,26.1,64.43,38,110,92,4,122,62,-42,-9
19,48,-17.7,140,50.69,132,-21.99,-20.39,128,29.28,71.99,-42,143,110,99,96,31.11,20,133,82,-30,29.96,33,126,-8,74.01,62,-1.54,37,13,60.25,26.11,5.75,47,79,46,97,68.84,69.49,50
63,-17.13,62,136,66,-18.04,24.51,117,79,38.76,-32,27,2.72,-14,-6.57,100,53.29,-23.53,-2.19,61,-25,-17.56,115,3,-7.14,27.8,50,-19,-24.03,29,30,70.22,49.35,23,-21.87,30.33,33.83,15.84,-14.1,-14.45
-12,121,99,39.72,130,139,-48,11.63,23.42,35.54,71.31,-19.09,-14,68.42,16.73,22.97,101,-7.24,-45,69.99,86,70.44,40.37,-33,-1.8,64,62,17,57,-8.94,32.34,92,-21,47.28,15,-24,-0.38,111,118,-22.12
-0.17,123,109,72,12,-17.18,61,124,-40,-38,96,59.9,-20,5.26,-31,61.48,-19.52,-1,142,93,72.37,-50,13.69,8,67.97,1.29,56.12,-10.24,-36,104,136,56,141,4,127,-6.98,35.33,9.29,-19.44,15.39
-3,-11,129,-16.59,21,-24.67,-19.57,82,115,58.73,-29,-24,118,33,64.78,-6,11.32,-14.04,-38,-5,-10.81,16,12,-23.76,-5.11,35,29.39,0,43.02,7,48.38,50.63,27.6,102,13,39,-11.71,147,-37,65.57
147,125,23.69,-44,89,-7.56,43.01,57.21,-19,-8.12,72.23,130,24.56,20.1,-31,30.05,-43,-48,122,-9,43,71,50,38.06,-14,33,79,70,107,25,-1,-47,11.23,-3.86,21,13.72,68.66,2.42,41,97
19.29,48,72.22,47.01,136,11,66.43,-3,35.47,33,-25,87,68.54,20.99,41.92,53,39.15,137,135,28,22.22,32,55,61,104,-21.66,62.17,32.16,18.51,41.83,27.67,83,4,34,-6,-16,146,19,8,90
116,10.44,78,-11.32,12.8,-36,-21,23,40.08,113,-18,63,-9,-4.08,34.15,21.36,-50,109,-42,34.39,64.23,53,19,121,16.49,-9.31,-10.41,-3.51,43,32.78,-5,22,133,37,49.75,94,98,50.07,79,80
66.65,48,97,107,25.89,-7.64,139,23.19,71,142,36.95,47,-36,-41,101,46.72,-15,-27,9.38,19,-29,29,28.34,97,48.36,42.79,69,39,17.31,43.35,52,27.69,15,70,13.84,36.34,44,-15.22,93,-11
-34,26.05,46.75,80,128,-27,69.6,10,102,56.47,50.99,44.38,1.78,96,67,40.27,15,24,1,72,66,-21,39,145,-33,42,-4,72,34.43,71,68.76,21,61.09,26.98,61,-37,44.07,-2.27,116,47
-18,-19.54,3,102,30,30,38.67,1.09,-6,-10.41,50.26,-45,32,-30,13,53,39,-4,120,24.08,98,132,38.29,-18.58,-11.77,53.78,7.97,45.47,20.12,52,-40,33.31,109,37.04,90,39,45.58,49.36,39,26.94
59.32,-25,70,5,103,74.99,46.83,91,3.38,116,130,-8.9,141,-12,9.14,38,138,40.55,9.6,-36,-3.4,47.21,63.4,144,-7,17,43,20.66,-44,58,105,114,1.54,79,70.21,136,-9,61.08,69,35.57
101,73.98,26.93,88,-4,63.1,-4.63,-11,52.52,41,-22.7,-15.94,-23,67.35,1.34,38.08,51,59.88,52.55,-13,44,9.68,5,118,-24,37,96,7.76,-12,60,20.98,72.67,-12.01,51.68,129,-45,-1,3.15,87,120
104,-8.72,-4,59,-11.14,69.11,118,0.84,34.99,70.85,42,124,-2.73,-31,143,54,13,-11,-24,-10.29,-24.45,18.67,71,30.86,51.3,-14.4,9.02,43,-50,52,50.03,63,14.6,-25,73.5,28.65,-25,42.67,109,-5.46
54,22,-41,123,46.79,-0.47,-14.42,-0.84,28.21,-1.47,60.72,102,31.24,101,7,37.55,61,30,72,42.35,-24.62,10.05,67,133,123,-41,66,51,61.88,25.19,53.88,-3.28,15.82,27,-4.71,135,39.88,56,10.89,69.25
44.19,33,8.38,44,-30,13.05,3.6,-2,-4,-23.84,-1,80,23,-3.39,149,111,94,11,132,12,116,-50,11,18,6.6,46.94,29.36,127,2.32,139,63.23,72.8,8,28.85,54,5,81,13,34,69.38
19.91,34.28,40,49,-17.44,8.18,137,41.94,146,-2,60.34,0.14,-16,-4,-15,66.54,19.89,29,1,67,8,-4.73,17,10.9,62.78,131,25.07,-10,38.54,76,17,7.67,68.8,77,70.67,32.41,57.87,34.49,2.36,137
-20,28.52,-6.08,57.04,-23.96,-12.01,-23.69,87,-2.62,19.91,-1,141,-10.5,33,90,149,69.53,-42,27.85,-36,59.34,-10.15,-39,6.81,1.43,25.52,104,120,22,69.85,20,2.39,52.47,-30,62,-21.35,46,-0.12,18.85,55.04
-26,-25,65,-19.98,37,17,48,-19,68.77,-22.05,2,-4.17,11,0.15,-23,73.43,71,13.43,15.97,14.08,30.9,40,60.62,105,83,137,45.73,99,101,124,26.74,28,127,-37,98,110,144,37,73,4
6.85,63,108,-49,65,44.42,61,100,117,-12.15,62,66.67,19.44,-14,142,11.84,100,43.17,12,117,46.84,2,6.08,67.21,50.38,-18,32.88,61.85,14.9,50.4,-14.62,51.65,50.15,-11,63.82,42,-16,-29,122,-5
112,143,55,94,-19,124,107,3.04,61.3,130,-2.37,147,96,21.4,-45,127,64,49.47,6,1,113,75,-22.04,6.91,70.83,-18.02,-18,145,4.2,-23,25,-15.22,65,78,130,16,-4.49,59,-13.45,90
3.74,17,-17.37,-2.06,67.37,40,68.58,-1.06,133,60.52,72,34.61,33,30.62,-13.47,-43,31,11,85,-13.65,-6,71.05,11,82,-10,-7,-48,-24,8,103,31.15,67.85,142,146,52,55.07,16.22,55,51.84,144
46.19,72,38.15,6.32,27.51,38,121,75,-6,2,-0.02,-21.46,62,64.29,7,-15,49,19,130,59,4.27,49.55,147,2.98,0,19.92,17.73,0.16,-6.39,53.28,130,12,12,-24,92,34,-21.79,104,111,54
11,30,18,77,-9,-39,60,1,20.15,57.39,-20.55,13.65,25.24,72,41.86,23.57,38,15,-16.96,57.58,33,51,64,57,9.42,22.41,139,0,58.02,145,-5,-9,77,-11.36,110,127,90,-41,145,118
-12.16,18.4,58,60.13,60.13,-6,82,83,24.06,36.22,7.81,0.6,50.28,5.16,38,26,44.84,13.29,-44,33.39,107,13.46,-24.33,12,15.27,35.07,69,41,60,-18.96,-15,-16,22.81,28,62,17,98,14,6,72.81
37,54.61,6,48,1.38,131,31,57,10,57,-15,-45,144,61,-10.79,-5.95,124,-22.41,99,55.63,71.91,131,56.15,35,43,29.12,61.26,-22,-33,41.79,25.53,-17,134,-10,2.43,59.84,-50,18.77,87,130
54.58,53,-16,41,61.28,70,7,66.91,40.88,129,31.97,76,39.71,0.32,29.68,-5.82,9.52,116,5,-28,-28,45.94,49.91,19,-24.52,123,53.28,79,-0.36,49,72.16,12.12,8,65.93,6.22,18.64,-11.08,-17,23.07,9.59
-1,114,-0.4,16.4,136,30.41,43.52,136,-14,45,-35,48.74,71.58,11,5,-16.24,102,111,70.15,9.75,70,20,49.45,-41,134,138,76,34.11,99,-42,-50,20.94,47,147,-37,137,147,71,24,59.83
16,64,-40,64.41,-10.83,0.75,83,59,136,57.23,34,130,69.18,22.15,60.02,-6,47,123,45,70.25,34,-10.02,22.36,34.4,25.71,132,45.12,-7,24,-20.17,-43,16.33,39,3.3,-15,-16,16,36.15,24.48,86
94,111,72,-15,119,43,11,20.27,2.99,-19.54,4.93,51.21,106,-41,13,24.08,-5.18,33,143,-43,39.07,29,44.16,-12,32.13,-30,30,71.13,-11,146,73.19,-36,-0.05,-38,57.04,-30,-35,105,-40,39
-37,-31,128,7,124,-18,12,-13.08,-4.26,59.91,73,38.28,41,-14.33,59,22,56.52,12.63,55,-22,109,89,45,72.65,-43,43.71,-1,-13,20.8,-11.17,26,8.99,-20.91,97,106,-50,34.26,1,-9.71,59
52.93,41,59,51,52,46.62,63.77,101,102,18.6,135,24,40.38,106,130,6.53,-23.24,14.3,-17,79,106,20,-2.99,-41,45,138,109,21.63,78,61.23,56,136,149,14,-18,74,-12,23.46,23.87,-3.86
-15.24,-4.17,-27,-9.92,-42,137,31.66,4,18.14,104,64.28,-12.75,44,43,18,5.23,-25,3.92,106,53.23,57.56,10.09,40,64,78,2.93,115,-23.75,68,20.65,-29,38.81,41.41,61,-10,11,26,41.78,46.59,61.43
43,123,9,4,105,67.37,67.91,70,26.27,-18.55,-14,-23.84,51.32,29.43,36,91,-50,136,27.92,128,112,139,-36,-42,26.25,1.31,50.83,64.01,78,29.35,-16,119,58.61,115,26.21,1,16.64,119,44.23,56.62
149,68,40,76,44.15,93,-31,20,-25,12,16.76,115,13,89,-31,24,5,113,-25,18.82,-27,53.07,35.69,49.77,51.02,113,67,125,44,149,98,11.35,20,-16.4,3.49,61,26.91,84,17.81,51.78
143,41,58.69,35.26,73.01,9.5,43,145,59.92,-22.03,-1,-14.37,9,38.12,-1.66,18.01,-6.76,-26,105,-20,-47,26,65.36,37,21,90,-19.19,51,21,117,130,-39,73,37,91,30.82,16.75,-7.16,67,61.05
-43,35,123,18.43,-1,78,30.34,-44,-18,29,73.04,13.92,-50,125,61.74,-29,25.33,14,4,144,50,106,-22,105,113,-15.06,23,34.82,72.39,92,58,55.66,31,-25,-19,16.6,26.44,28,134,-12.44
77,-49,-2,90,0.7,27.06,54.94,52.26,-43,-20.32,-46,71,-7,30,48.67,45,-50,-24.62,70,-39,-24,66,131,133,-48,102,-14.37,19.29,-13.29,22.5,30,-15,117,-36,-42,1.22,-47,55.86,72,-19.73
19,137,-14.1,29.33,-11.91,-24.09,107,33.16,-30,144,41.55,111,-32,-1,11.63,69,2.16,10,104,12,40,-41,-8.8,56.31,35,30.5,-49,-23.45,-41,39,47.96,-12.94,62,-17,39.75,53,147,18.21,-23.41,-2.27
18.17,-2.85,-18,-48,59.66,55.48,-48,119,50.29,124,-18.45,86,19.87,58.08,23.5,68,21.53,48,37,6,-10.02,-18.82,-7,82,65.64,105,112,118,40.27,33.06,148,-31,58,-50,-10.36,-11.19,100,31,48,33.01
-29,17,11.63,117,4.12,50,-14.14,68,9,4,-4.96,17.88,-6.6,10,27,14,110,9.59,-37,59.78,88,106,147,-24.8,19.71,144,30,-14.42,-27,-2,61.62,46,94,-11,61.27,25.13,0,-3.44,14,-15.84
10,80,-17.44,-33,26,101,139,62.33,4,106,8.7,24,-21.01,77,25,-1,50.74,32.11,-46,-4,67,92,103,20,93,-22,27,15.91,64,48.28,66.92,-32,-14,149,26,27,70,148,4.62,-19
138,-32,-8,20,37.9,-17.02,51,54.49,-14.5,78,-8.65,0,5,77,-43,23,-2,115,140,97,58,41,-1.86,14.79,-18,50,21,34.18,39.56,51,113,-4,65,135,65.49,0,-24.71,51.12,3.75,-36
-9,131,57.28,141,-42,68.81,60,-19.94,48.55,45,62,-45,118,50,-12,49.83,-23.68,39.73,147,60.72,68,73.18,2,74.85,133,34,-18,-24.7,29,79,24,18.99,-11.04,51.65,57.04,65,51,118,69.38,54.12
53,57,95,69.91,28.06,85,-18.51,32,2.26,-33,-20.79,15.62,55,21,44.08,-10,13.69,18.75,62,145,12,71.07,105,-40,11.31,-46,50,73.66,51.46,59,-5.44,44,16,87,20,32,91,70,8.48,62.01
120,-39,-49,70.39,22.51,-15,-10,-21,43.99,-19.17,95,51,-16.59,-8.75,-18,54.57,72.78,15.84,-18.28,16,6.82,-8.2,66,12.87,52.25,71.14,37.27,22,71.73,115,23,89,-8.99,-30,38,46,44.13,68.26,-5.07,73
22.33,-43,140,3.65,-44,52.16,7,57.55,106,33,-22,10.55,133,66,16.7,73.54,-17.74,21.21,71.9,44,-16.17,7,21.08,70.42,-23.98,104,114,133,109,27.09,61.89,147,76,-13,-35,78,-20.89,85,4.58,72.96
26,-23,71,64.3,39,79,56,96,-47,97,16,29,46,19,-20,-8,74,-23,72,-22.81,57.79,-48,110,96,116,7,73.19,57.09,63.14,37,101,129,26.55,135,102,-16,74.66,43,-22,64
-19.94,83,137,2.78,-50,96,125,-19.76,46.16,-8.66,0,31,63,20.77,15.48,25,129,-18.39,35,104,11.37,130,34.75,36.73,60,-43,72.56,145,38,-24.23,6,43.47,112,45,68.86,75,104,74.96,-48,57
-49,-1.47,-9,3,-38,69,30,55.98,79,-4,-10.8,120,-1,100,-18,-14,42,145,8.62,8,34.12,55,-11,53.66,11.13,-6,59,70,99,-20.09,52.08,25.38,-40,21.45,19,-9,9.54,16,50,-6.92
75,17,-6.85,113,-12,47.8,51,-4,46.39,10.2,102,8,-11.36,6,69.36,-13,-7.01,74.44,32.36,-19,-2,-12.92,3.25,-21,48.92,18.85,41,66,74.32,138,31.94,91,82,-23.94,3,-0.27,33.39,39,-4.96,108
114,126,-9,30.87,66.24,111,7.31,88,140,120,93,149,-4,19.25,81,112,75,33.99,5,29.18,25,41,138,-32,-5,130,22,72,41.96,18.64,11.58,121,64.15,69.85,13,39,-35,73.93,61,54
35.96,98,35.47,106,106,-22.54,8.57,2,109,110,12.93,57.44,32.19,25.92,115,62,36,94,-12,144,-10,143,50.39,11,-34,25.17,30,23,18.25,66.09,36,21.66,112,44.98,66.66,32.24,-6,86,68,27
36.42,2,56,59,84,110,-40,-2.06,-46,23,3,-4.96,-17.97,-13.17,6,51,67.49,96,44,46.79,112,123,-11.76,43.09,-6.71,-32,107,54,59,90,36,138,33.11,70.64,51.87,108,52.58,120,146,6
49.92,-36,15,26.1,30,6,11,-34,18,61,136,-1.66,26.65,36.34,8.51,-4,66.27,-46,70,62.87,-11,71.8,113,147,25,11,2.42,46.61,74,-12.66,51.62,46,-22,-24.96,-4,104,28,8.84,9,104
44,33,29,45.94,95,35.77,-4.3,122,71,22,68,108,55.46,-26,15.9,37.21,-49,72.76,54.46,-8,108,44.8,-21,63.81,11.4,-1.39,18.76,84,121,17,16,2.5,68.75,-7,-13,120,16.59,113,-20.52,50.38
134,-14.2,104,-12.71,47.93,124,-4.3,11.59,-23.58,109,-40,44.17,-2.43,-35,108,11.79,74.27,137,-13,16.61,60,-18,86,23.59,36,120,121,0.92,31.13,27.33,33.59,120,17.49,5.5,60,-20,38.01,-6.7,-10,87
-34,48,49,47.99,-17.91,104,27.05,-32,-12,103,126,49,38.34,72.35,-26,126,54.34,-44,21,-20.81,85,71.7,11.02,42,3,50,38.41,4.09,-5.61,74,26,5,40,37,-14,76,12.16,34,-3.68,15.64
42.41,88,-5.42,95,-36,1,52,17.53,67,59,-5.47,-2.7,55.12,8,118,23,-22,45,16.41,7,70.04,47,129,28,-12.46,61.97,-13.11,68,34,-19,-24.35,23.41,59.77,149,51,17,-19,-22.19,119,31
121,100,66,70,-36,148,40.9,44.57,114,-4.86,123,-43,60,-25,49.92,-9.07,28,73.28,116,17.29,-24,-15,44,-12.09,19.53,68,137,-9.22,31.29,22,65.09,-35,124,-0.35,41,-3.76,32.99,68,41.42,74
24,26,17,124,103,6.04,141,44,100,-11,-17.71,58.4,88,42.44,1.87,110,19,-5,-23,21.22,133,102,29.23,127,139,49.84,141,136,118,42.66,32.76,3,75,3,-13,61,0,53,38.4,45
117,-38,23.36,45.4,-35,126,93,62,-21.04,10,123,123,-49,38,19.84,-19.95,83,13.77,73.22,4.76,88,142,70,140,20,-3,40.6,102,66.62,73.46,-4,23,41,26.65,21.14,-38,4.79,20,0,-23
21,121,-9.56,82,-14.45,106,20.21,72.81,82,90,33.76,10,120,-4,74.28,69.22,38,123,18.08,70,44,43,95,-19,98,57.07,63.67,13.49,11.14,-49,39.71,35.75,-37,68,135,-7,124,119,64,46.64
-17.75,-26,25.7,-20,17,1.36,28,54,-34,-14,7.33,52,-1,31.54,-16,140,77,76,44,51.56,-15.1,-31,65,59,-11.49,51,-41,11,-32,50,7.03,-45,-12.97,108,82,70.49,-24,-39,51.85,47
78,72,18.45,53,-7.92,26,23,11.66,58,2.56,-3.76,15.57,68.55,50.18,62.94,27,8,-2,5.39,38,146,74,79,12.63,77,53.58,-31,81,2,-9,-36,92,101,51.28,36.5,62,86,1.49,-25,40.28
-37,1.27,6.2,101,88,-4.98,56,-14.97,140,64.26,113,6,20.82,22.05,60,64.49,-0.11,-14,106,28.1,36.13,133,-39,-47,109,7.11,44,61,-15.6,26,83,80,-3,14,43.38,-49,92,96,90,-1.89
53.34,59.39,-26,2.78,-49,76,-1,114,70.81,-48,69.54,61.56,56.05,-22,19,9.08,59.1,31.26,59.56,6.03,111,99,21.2,130,29.14,-23,1,56.13,-21.17,-21,130,142,6.39,116,-39,72.48,-6,31.41,-5.36,147
38.12,90,127,50,-24.89,126,91,74.8,89,32.4,-15.06,-11.19,149,100,17.83,74.13,47,80,108,-13.84,89,35.16,-34,71,73.97,-24.7,38,47.26,-26,7.73,-7,62.98,53.35,88,33.12,59.35,-14.98,106,46.34,70.77
21.35,133,80,51.03,90,34.17,-15,39,44.39,149,52.71,-20,49.89,123,5.61,-13.79,-43,98,56.49,102,-8,105,116,65,-3,73,16,77,-6.55,-3,61.65,63,1.67,14.99,112,95,31,-10.28,37.24,88
-22.39,38,45.25,-21.31,-5.16,4.99,49.86,68.38,-4.81,94,-18.43,129,0,24,-13.02,26,117,10,34,149,24,71.5,58,134,36.03,-5,-46,79,1,3,75,49.21,98,35,106,-42,4.67,6,25.37,76
19,45,67.65,2,-40,31,-24,44.63,-10.36,22,9,41.61,145,10.13,101,59,39,127,79,114,99,55,52.79,-23.28,72.62,103,-9.61,48.44,-42,100,6,114,90,110,9.88,3.91,61.6,101,-11.69,14.74
-50,-12.48,87,-5.24,149,5.51,103,93,23,41.82,11,43.79,115,101,-5.21,125,31,147,47.05,32,116,21,35,36,125,84,16.75,108,54,19,35,121,-32,-38,143,66.21,6,15,60.13,38.92
127,44,25.49,-39,-46,58,-17.08,85,-28,-7.19,8,117,24,57.78,28.54,134,35.49,33.17,50.29,101,91,133,42.49,30.96,37.29,51.14,88,46,1,3,22,55.08,-17.23,45.98,45,35,111,15.38,46.49,98
2,36,4,29,14.68,83,133,-24,-31,61.51,7.15,100,-11,12.23,3.64,114,-16.17,78,104,31.14,65.99,-16.27,111,-15.33,27.56,136,74.4,94,32.2,-10,4,45.5,35.92,11,24,-21.36,14.39,107,11.21,60
60,-19.8,13,-14,42.01,-38,21.19,67.43,122,-23.83,-12.09,26.18,28.86,9,61.46,136,15.43,59,-21,35.37,-19.08,3,25.75,70.01,89,38.76,94,44.27,138,63,8.15,110,8.48,-15.93,63,46,144,22.61,41,102
57.38,10.51,-5,24,141,-10,37,102,18,70.8,59.05,3.17,88,73.01,146,2.86,44.06,68.19,-17.9,71.47,98,-31,97,123,-8.92,77,61,41.53,34.32,69,147,47.57,-29,-2.18,54,69.41,133,16.39,52,89
-45,145,-19.01,41,61.55,38.25,26.65,-5,76,52,21.14,35.58,-24.27,66,-10,34,136,85,67.3,-7,49,63,33.96,1.63,7.01,43,-24.32,112,144,75,-23.59,57.7,-0.84,25.35,108,15,-17.16,26.41,74,25.7
129,12.27,-5.59,5,-24.31,73,108,40,117,133,24.51,-5,6,111,72,126,91,18.68,45,115,18.41,29.34,-13,131,37,49.58,64.88,-3.29,4,-41,-32,-18.45,-11.17,67.38,71.7,-24,76,2,45,-39
15.9,54.14,88,29.32,37,-12.23,72,69,12.01,-7.44,-4.78,103,-2,128,59,20.62,4.54,37,-31,-2,-24.77,-42,29,71,79,-1.87,124,-24.26,74.95,67.79,28.29,1,3.24,15.62,137,17,68,47.5,62.47,77
71.11,36.57,57,-6.67,0.67,14,-19,27.09,47,9,-15.51,8,34.83,52,89,48,94,6,70.09,128,52.48,69.92,140,27.14,137,-14,82,14.1,-8,131,60.86,-35,104,72.27,75,9.97,29.99,-21,64.25,25.47
55,-25,6.32,117,89,23.84,4.78,-43,50.91,-20.45,71.04,137,39.94,73,43,25.92,16.38,-14.99,-23.79,63,118,48.31,17.92,-2.34,15,71.74,-1.21,94,33,-23,18,88,-32,127,-38,60.54,22.72,32.84,63,71
31,-4,0,40.79,11.22,-9,58,-2.91,3,136,75,74,-7.62,-7.74,22,41.95,144,18.52,70,-8,22.68,42.46,-3.6,75,17.48,-6.35,148,-49,38.63,4,14,37,23,-32,37,12,-38,-48,139,-6.28
53,4,-7.79,-15,106,44.23,-40,48.32,89,34.43,134,9.46,21,34.31,58,126,2.67,-9,15.81,1,53.37,-15.85,62.76,8,38,-50,-6.36,42.14,146,-48,24.99,98,128,10.02,146,15.45,79,-30,2,42
-32,44.88,127,74,0,38,96,71,95,-2,-7,39.51,99,41.65,-24.83,136,103,25.42,81,5,57.54,-42,52.91,22.7,137,134,4.61,15,-2.3,64,128,67.76,2.52,27,1,92,35,40.79,-16.94,142
129,7,37,123,83,17,133,145,-13,60.26,33.08,64,37,-43,18,-42,2.08,-24,-47,104,33.72,120,-20.19,82,-32,-9,42,58.06,88,44,-30,103,39.06,54,32.54,106,-8.02,81,39,39.81
25.51,-9,48.33,49.84,-33,-23.41,81,5.08,11.53,23.73,-40,-49,48.21,17,69,47,2.59,-24.03,47.94,31,55,-19.94,98,38,127,70.99,14,119,68,50.16,-13.11,18,137,126,66.03,44.46,51.69,44,123,19.5
-4.79,8,134,-14,65,42,-28,44,-43,63,72,36.82,42,13.21,13.32,-22,3,-46,16.94,50.02,128,7.94,26,-0.46,51,-33,99,-17,13.39,-17.04,4,14,43.16,37.82,85,-28,-8.67,8,49,-19
67.86,-12,69,45.41,69.12,-6.79,136,71.92,37.96,-9.99,103,-7.8,-13,116,-49,35,50.08,72.58,-44,15.6,46,-0.6,15,3,45,-0.76,-37,29.44,16.53,82,56.13,58.26,36,-31,15,47.31,80,71.58,22.3,83
-10,118,-40,71.16,31,61,-11,-4.01,15,67.58,102,-2.31,62.15,-33,90,-38,-3,-2,121,-45,16.75,-22.76,49.34,47.83,7,3.75,-12.82,103,-1.03,51.93,40.91,110,131,102,0,63.77,109,38,101,147
128,-5.35,63,29,64.62,91,21.55,86,44,36.81,126,83,121,58,147,101,-43,147,56.25,-14,73,22.34,29,99,17.26,60.71,69,74.7,-3,71.25,45.31,34,7.35,55,149,-1.49,15.81,53,96,-43
2.19,57.4,14,63,38,126,134,119,50,-16,102,-2.97,34.33,41.73,47.59,21.61,44.15,61.34,-1.6,23.09,17.99,-23.49,62,19,22,-10.01,23.9,123,78,14,121,147,-26,52,113,63.35,144,73,13,-0.13
-43,-19.39,46,67,149,49,104,23.55,47.54,126,143,21.56,43,57,73.1,144,64,-49,3.67,-6,43,94,125,99,18.66,27,1.92,142,71.42,-38,-4.29,-35,32.77,22,6,57.76,23.98,78,7.4,92
-45,34.58,58.05,37,2.24,48.4,30,44.09,87,-43,8,37,-15.8,24.44,67,-20.98,12.99,40.62,68,39,48,135,131,11,66.56,51,66,25.07,133,25.54,50.88,-48,75,55.89,117,131,68.78,109,32.68,-17
19.3,89,50,34.4,137,69.03,54,41.14,-34,-9.49,18,53.33,82,44,-3.29,63.68,41.45,129,58.03,6,56,53.57,-12.92,145,-27,-9.42,47,140,113,60.85,82,112,83,-14,147,-27,-11.38,35.36,-6,68.36
7,93,62.97,-42,40,-45,60,-8,70.09,44,46.04,-11.22,0,132,33.5,62.79,86,99,-15.67,-18,26.57,94,-44,-11,91,12,-9.11,53,130,65,45,41,6.56,37.72,-5.15,121,-23.59,42,42.27,73
105,-3,12.54,91,2.17,136,116,-13,23,19,-22,-0.25,29.18,-14,72.73,28,25,83,16,-11,59.69,-43,41,63.94,29.64,87,63.53,123,-27,41.99,101,57.7,-24,-46,95,147,123,70,47,106
143,119,36.41,-44,109,25.36,31.8,44,23.07,51,97,-28,22,6.32,-4.27,-32,-34,-33,46,81,-49,-20.76,-2.87,40.7,-31,1.09,-11,132,123,117,22.63,-5.71,137,-4,71.44,137,69.28,104,-35,-9
-28,68,31.69,67,113,-11,56.22,45.15,71,88,-3,68,-18,29,16,79,25,60.31,13.74,0,15,25.66,38,62,46,90,35.91,128,14,38,94,32,66.21,76,-37,13.09,43.02,39,66.98,7
94,30,123,60,9,39,-22,18.2,-49,1,-42,-5,59,13,-15.95,51.41,2.67,4.87,98,-20,94,-20.34,-19,118,10.7,40,-32,112,-13,-0.8,-6,115,90,58.03,-23,25,50.72,25,50,57.57
27.66,5.66,-6,-15,139,70.21,-9.63,132,21,23,33,4.38,112,102,-10.35,-3.56,43.68,-30,69,20.87,-0.96,40.73,105,-6.46,41.03,-12.49,119,45,65.11,-5,-26,30.13,15.98,-17.4,56.63,90,11.32,-20,69.7,-12
19,-36,-49,27,73,48,8,17.22,-14.62,56.79,-16,115,70.16,4,-2,56.37,8.18,122,45.09,33,54.11,52.31,24,124,104,53,96,12.26,60.27,62.99,-19.27,27,31,100,-17.1,-2.47,86,128,-34,73
32.59,60,15.86,25.56,48,68.06,43.6,-5,136,12.18,30,32.24,68.03,10.08,61.7,13,29,110,39.48,34,52,54.3,67.61,-43,8,-36,50.24,-11.42,44.33,-19.32,-20.47,49.38,52.59,-11.25,13,32.28,-46,-10.91,-4,85
30.53,148,40.13,0,58.32,-20,-22.22,-16,27.05,-3.34,15,-1,-33,-24.39,47,25,-19,-45,-4,-27,-16,42.02,-24,64.6,-12,73.44,55.63,70,68.51,37.46,27,-13,24.45,-44,98,143,141,130,-1,39.81
-24.98,115,68.96,127,-22.63,71.13,1,63,-5.11,67,74.68,110,27,118,41,53,-18,7.48,20.07,-10.09,-40,-10,-23,20.08,44,-5.78,-49,-44,68,18,-4.17,-16,91,90,2.25,-24.58,-4.23,109,83,88
44,48.52,104,31,69.52,86,142,130,-15.2,116,5.59,95,63,53,41,-13.69,8.96,-25,73,110,62,99,137,-1.33,40.27,76,14,10.59,44.98,53,13,-1.21,-21,107,24,-23.25,10.58,55,36,36.06
97,70,17,77,30.39,53,23,55.37,-7.06,149,-33,13.08,47.59,38,-0.87,16.4,15.81,-11.12,50.47,7,39.51,47.68,48,25.94,-9.91,-30,97,-14.83,15,78,-22,80,124,59,21.97,-1.14,40.27,-5.38,45,-4
58.87,59.89,101,62,125,-8,78,73.27,-17,23.66,-1,-30,-5,34.19,90,33,2.47,51.22,5.88,4.63,9.17,57.32,51,-40,17.78,57.45,-16.39,32,39.5,30,47.52,49.36,-18.86,40,-31,68.14,113,59,11.45,90
-10.97,78,21.62,102,23.9,-34,63,67.14,33,63,25.68,8.18,7.31,28,-8.82,83,-1,10.22,104,-13,125,-0.41,76,72,34.01,-49,-6.91,9.05,130,36,23.3,-32,94,40.84,59,133,-8.39,20.31,124,0.66
-50,-49,147,64.38,9.81,-21.25,73.51,-12,81,-18,4.09,70.17,49.43,107,80,123,68.99,15.31,50,-19.25,-16,-28,25,3,65,138,8.65,-33,13.2,117,67.69,95,55,135,62.22,2,91,1,-0.53,81
51.63,2,16.53,58,42,-8,3,100,118,29,15.3,-47,-16.6,-19.67,87,37,56,144,21.07,51.31,111,44,50.96,114,89,-29,13,50,40.33,43,-41,12.6,-2,-16,1,70,-28,90,7.75,72.48
61,25.53,-36,7.9,108,62.89,58,46.48,133,57.84,56.06,38.34,-29,54.77,117,128,27,54,33,-33,45,-20,60,10,43.32,-17,10,-15,-1.32,67,53.2,7.06,8,119,-7,33.47,74.08,93,115,66.39
8,53.81,75,-15,136,67,142,13.46,-22.29,57,-43,102,22.29,43,39.97,-24.08,36.54,-19.21,30.61,21,42.04,21.7,49.35,-32,10.83,-9,85,3.26,40,96,-9,47,60.28,74.12,-44,55,115,41.6,6.22,97
-7,-20,8,7,40.26,98,145,55.67,0.95,-1,88,111,-31,63.15,34.38,2,-16.49,38.59,102,21,87,-4.77,-46,146,28,82,124,-14,7,-11.95,3.24,101,75,148,127,47.7,-19,105,-20.06,39
45.3,-7,53,-46,34,15,56,16,-0.19,90,102,-19,29.17,76,-27,127,3,102,-9.07,127,67.71,27.09,29.01,100,-2,2.08,-11.1,-4.41,68,60.46,77,-37,116,61,-35,128,-39,139,49.83,143
104,38,56.74,63.42,72,133,14.24,-8,50.75,-44,60,16.48,-17,9,66.1,102,47.31,-18,52,6,62,-0.04,53,-48,-1,121,56.37,102,84,60.04,26.68,-12.16,51.63,147,-13.7,-28,35.5,-9.34,-11.38,-18.84
-20.05,49,-17.84,48.2,50,3,3.78,134,113,-11,41,114,78,12,130,58,-19.63,38.32,86,-12.53,-45,65,11,98,57.22,69.02,-9.98,-19.42,48.34,49,-18,63.76,86,8.66,72,82,-0.91,-27,-12,-10.15
-25,20,83,-36,-16.48,32.44,-8.1,83,18,0.89,27.6,86,32,3.81,81,28,-37,66.12,-16.77,-23.51,11,84,0,78,-13.97,145,-4.2,-43,88,-48,59,62,61.88,64.57,-28,1.51,119,34,-40,11.33
18.3,77,-9.37,6,62.31,-24.37,67.38,57,68,-16.53,144,120,81,68,-18.77,65,-5.1,-0.61,35,4,67,-6,109,75,-48,34.41,33.95,-4,70,137,81,-20,-11.95,24.48,118,112,67,-0.98,7.18,-5.36
30.93,46.1,117,82,-24.13,144,-16,58.71,6,40,130,83,10,130,-12,81,70,44.42,13.13,83,-38,40.7,-42,-23,12,32.71,-21.72,70.89,55,124,68.36,-9.38,21.32,51.96,31,107,107,-43,11.98,-11.55
123,144,-6,67,55.88,41.9,-22,61.6,63,113,-15.74,-8,69.68,72.05,-18.14,25.4,71.18,108,29,130,-8.41,-6.9,30.7,95,65.28,52,91,103,115,147,57,6.14,59,71.68,36,49.07,43,58,126,144
146,17.75,59.84,57.61,122,141,104,129,-5,58,53,-21.64,35.92,-23,-2,43,101,76,109,129,-42,-32,58.95,87,45.9,7.77,36.21,-19,64,108,4.86,100,61.59,-39,42.77,54.7,14,104,-43,43
7,-2.99,5.38,38,-30,37.97,-28,116,6,1,-9,51.99,-26,13,62.93,-26,78,-26,19.33,1,-41,6,64,59,-21.1,-8.47,69,107,-38,-23.64,25.78,51.18,53.08,-50,48.42,-13.82,-6,-18.57,134,81
83,-5.47,-23,66.94,-34,-2.36,67.69,129,133,15,72.28,37.6,-43,53.13,62,122,55.07,148,60.63,47.84,-3.46,107,-20,125,14.01,4.97,96,-14,-12.03,94,45.09,83,14.17,-9.21,-16.21,-19,56.69,-39,88,59.46
-13.46,72,34,140,-14,-3,27.17,51.82,106,24,99,27.29,66.53,128,24.11,99,129,65.13,33.99,131,121,-47,-2.08,69,9,45.06,0.73,51.27,10.37,65.38,-14.95,86,27,14,21,17.57,-17.52,19.73,4,118
20,136,98,-48,-1.61,50.25,14,54.24,32.02,113,-13,23,30,-36,24.65,107,36.06,-7,22.05,21.4,85,56.53,32,103,36.12,15.64,122,-20.7,87,-12.65,32,70.99,48,-13,60.82,58,-41,-2.38,8.19,8
51.55,3.65,-18.97,113,78,0,-1.94,122,120,-4.25,11,63.88,18.61,49,-43,127,64.57,-18,55,38,1.4,83,10,81,36.53,23.27,77,63,44.38,14.37,76,32.68,58,-34,57,-19,26.04,-1.59,111,46.48
50,7.79,73,-7,60.57,137,-36,55,70.92,-15.35,-48,27.95,15,46.79,146,97,10.18,51.68,97,-0.55,34.56,55.92,10,19.16,118,25,-7.45,-22.88,-5.09,-8.55,11.08,-15.72,98,3.5,-30,36.73,70.12,-14,7.1,62.16
36.33,8,84,-10,79,105,77,75,47.23,14.13,70,56.86,32.64,-35,-32,45,73,54,19,21.86,4,-4.42,90,27,133,6.13,132,67,60,38,-23,89,65.05,-21,29,43.6,-9.75,20.5,37.77,137
61.02,3.35,-3.67,45.69,58,4.43,62.85,18.82,50.72,65.42,-32,44.06,-41,106,-46,26.74,-38,56,42.69,77,47,56.66,138,34,2.44,-11,60.53,-12,19.45,41.57,16,91,23,0.69,37.21,144,99,-13,74.35,42
137,15.12,72.62,25,48.37,-14.4,1.58,13,-48,24.6,65.39,24.3,1,-5.32,73,32.56,28,-30,113,79,4.05,69.42,-22,111,124,72.45,54,71,21.15,-37,15.57,-23.14,-49,77,126,26,107,27,-12.64,130
82,140,88,49.09,46,-13,69,-49,122,67.26,-5,-3,59.96,-9.98,71,-33,-14,16.51,54,21.91,53.21,43.59,49,87,86,26.66,-8.77,146,-19.25,-16.52,-5,133,78,8.21,-13.11,140,38.09,135,-13.46,-12
58.93,-18,51.25,109,47,51.56,52.05,30.2,86,49,31.64,-20,40,-49,90,32,10.8,22.55,7.68,15.7,49.96,11,-45,30.3,70,74,77,-36,0,-14.42,57,-2.85,131,-16,52,-21.82,35,48.57,-29,3
135,60.67,32.19,20.63,-13.12,107,123,82,6.9,-2,-37,-18.7,33.68,48,3.48,-22.58,-19,33.83,-17,124,87,7.55,16.44,36.73,74,115,-39,110,12.41,-23.81,-6,98,-5,128,-20.68,1,74.75,49.74,17,138
35.7,-28,-23.24,60,34,-7.11,-26,98,-12.86,50.25,17.55,37.13,-33,4,88,-42,37.3,53,69.8,-6,0,61.9,13.6,142,101,-6.61,-17,17.06,-18.77,87,112,-6.39,24.25,-30,54,7.44,79,118,69.27,26
8,39,39.46,-18.15,40,34.95,-24.6,-19,60,-49,-40,149,33.71,-2.26,141,58,41,58.22,60,-49,33.75,23,-43,-1.08,85,-24.78,129,22,-17,17.66,11,37.29,8,96,56,99,68,75,7,72.26
-1.87,36.87,42.94,12.01,0,46,99,-17,31,34,87,-5.71,-6.33,102,-15.9,31.08,56.32,109,69,144,64.23,-26,-50,-2.9,1,66.01,40.96,57,-29,121,54.63,66.29,79,16,60,24.22,5.55,33,1,100
5,72.72,73.73,7.64,-40,68.52,2,102,-17,74.92,10.58,20,36.13,113,5,81,52.8,-14,-8.94,73,73,17.51,69,35.81,-12,141,1.28,57,119,-32,28,-25,25,-3.57,-24.22,35.17,-13,-24,-9.14,20
-7.47,60.97,124,34,8,115,26,13,9.95,8.14,-47,79,-20.28,-35,-7.24,149,33.03,0,44.92,33.12,66.34,65,28,25.95,24.78,9,101,112,-14,66,41,25,118,57.07,40,15.38,34,-26,113,61
38.73,36.2,118,114,73,-10.53,100,-25,15,89,143,102,42.64,18,80,78,-3.79,121,142,62,-14.44,1.4,16.98,-7.32,29,27.39,0,9.85,62,31,-34,83,0.46,63.44,136,11,118,138,38.8,-14.8
96,41,35.93,-9.43,4,35,41.3,80,-38,145,91,49,72,-39,138,41,20.86,-18,81,29.71,-5.38,47,57.06,34,57,-6.43,50,145,60.19,-12.13,81,3,80,128,76,-33,81,142,-29,57.5
-22,-36,24.56,118,25,-43,8.53,-17,19.62,71.38,-25,-20,-3.99,-46,149,-11,87,21.24,104,107,58.64,1.84,146,44.42,53,-36,-14.7,90,8,-8,144,2.78,38.98,58,41,127,-19,38,42,72
10,2,-13.37,68.94,70,-11.63,-15,-9,11.76,17.52,-34,-14.77,27.19,134,118,-2,35,85,44.94,47.25,21.37,47.69,33,20,100,73,67,101,44.28,147,55,13,104,71.8,27,37.28,-8.07,-35,64,55.78
86,61,96,1,88,42,26.46,-2,24,19,66,12.48,20.56,22,-1.5,30,139,-2.57,60.09,1,92,-8,13,-44,119,83,54.91,-14,22.65,84,57.94,46.48,8,-15.44,-11,43,50,55.18,100,13.53
52.03,-40,26,16,4.34,5.9,-39,143,23,-14.11,51,57,-29,1.46,30.65,10.56,11.81,26,-10.94,75,39,66,73,66.66,31.95,70.33,14,-23.25,-13.25,103,32.87,2.44,51.89,84,38.36,-27,-35,31.27,48,49.51
109,-14,29.34,1,-7,-50,5.84,26,6,95,11.43,-25,51.36,66,145,-41,2,-15.65,37,22.31,24.88,104,41.15,38,64,-40,85,8,-3,89,36.47,-2,-2,115,10.98,-13.1,30,33.56,24,110
117,91,42.54,53.3,56,22.19,5.08,-16,114,1,106,28.58,33.14,37,85,-33,94,65,-27,20.62,27.02,24.89,93,41.4,-45,129,132,-48,20,58,31.33,-25,58.14,95,-47,39,114,14,29,136
46,115,42.26,13.78,28.53,43,86,49,17.15,41,25.99,27,21,48.52,43.01,16.57,29,17.54,62,50.55,115,52,14.14,47.2,27.87,-5,-22.13,126,99,100,111,10,-21,35,74.09,27,82,24.93,-23,23.05
-1,-14,12,23,68.96,24,92,83,7,107,69.12,-12,139,7,-13.95,-26,7.07,12,6,44.44,52.55,-7.53,-21.82,59,24.03,-17,-5,35.01,17,140,-4.68,-20,-16.26,90,109,143,64,100,-24,54.59
121,52,5.93,108,86,10,135,6.11,83,54.03,31,-20,41.04,-37,2,32.98,116,79,63.37,79,19.57,135,-23.08,-14,11,45,-25,-11,-49,-8,-9.64,13.14,19.24,148,-39,38.39,14.88,124,8.79,51
62.1,147,-49,-34,23,55.71,149,-16.42,95,-3.13,49.47,35.88,17,-5,147,26.41,69,32.52,31,-15.93,138,13.86,99,25.73,68.09,136,59.55,-24,78,16,126,68,94,15.12,66.55,-19.76,0.83,3,-6,-18
-27,63,22,-18.37,-6,17.67,-9.42,26,9.5,9,-38,64,-2,19,18.46,-36,62.72,43.86,-8,50.38,-14,-37,-9,37.1,118,21,0.61,-39,63,93,114,5,16.46,137,56,41,97,131,9.17,111
29,18,-26,45,8,114,15,44.06,42,148,-18.8,-1.54,-0.4,-27,29,78,32.2,146,145,0.08,-13.03,12.17,-19.46,102,102,36,80,40,7.91,101,102,30,56,-26,30.15,132,-11.09,33.51,9.08,5
56,57.7,103,70,67.43,38,6.42,119,68.51,143,25,74,111,68,-14.86,-16,1,-14,32,-18,122,15.33,-12.9,64,53,71.1,86,40.39,50.71,9,127,18.19,126,42.54,43,0.07,49,21.71,-7.59,93
14,57.22,-22,-10.46,-27,132,8.7,17,95,15,-23,64.28,-10.4,-24.4,-19,127,114,136,-34,74.94,41.6,70,42.05,81,38,71,13.82,72,64,3.29,94,66,-5.4,89,148,50.54,146,125,97,-19
0.95,55.97,90,-49,10.05,-9.23,61.77,38,104,7,53,40.61,139,-1.44,22,-23,-3.84,60.38,7,-10.37,7.07,61,-37,-21,147,46,33,-42,-8.19,85,33,-17.37,87,14,13.44,-43,15.26,10.55,45,-22
41.99,69.8,60,43.92,-50,-5,53.17,12,62,147,31.87,-9,138,-4,49.66,73,-2,-9.74,119,41.97,-8.96,44.09,3,22,-4.9,-18.67,54.25,4,-31,135,130,-24,63,5.31,86,74.76,11.33,45,-13.65,54.18
-46,6.89,77,67.67,89,19,117,-22.67,-46,37,65.12,91,96,135,114,57,88,-2,74,53,89,26,-23,7.64,118,59.45,-16.14,4.6,-7,-4.39,46.45,46,-3.16,-20.74,69,74,15,143,36.31,-30
104,-40,49.6,-9,-25,-8.69,140,67.78,0.52,10,40.38,87,-8,6,-9.98,5.89,109,32.74,16.87,-7.21,-13.49,-26,35,21,125,-21.91,98,129,8,144,69,-31,38,47.47,36,14.58,31.58,107,-42,65.91
55.29,130,-11.85,137,54,-37,-10.11,128,-20.72,-35,-38,94,16.47,36.5,-14,-38,28,13,-27,-8.38,52.46,-6.89,-3.46,-37,37.99,46.31,-25,5.53,-40,-12.12,46.89,21.6,27,102,110,32,7,49,22,22.92
126,112,62.89,89,45,-22.52,140,82,61.16,16.11,127,42,-14.18,0.68,11.41,56,22.69,-0.24,115,-41,138,-44,-16,5.07,-10,3.71,29,22,-23,-11.53,37.07,95,-2.42,121,132,124,7,24.28,85,7
-17,26,0.83,13,-37,-26,-44,23.56,41.01,57.39,66.88,60,59,20.56,22.76,3,80,73,16.05,-14.14,63.23,62,91,15,-10.87,-13,-37,128,122,91,131,102,74.69,99,6,-14,59.1,66.9,63,33.45
25,-41,80,25,4.58,60.96,-13,100,68.65,24,117,25,58.49,101,-4.55,25.22,127,-45,-14.28,139,-6,-19,70.98,78,-43,95,-12.16,-50,41.79,24,36,45.95,-29,33,61.03,101,-33,54.63,83,3
-23,16.19,35.18,97,38,12.34,47.13,146,69.47,9,51.08,52.5,-19.46,63,33.4,58,16,-1,26,35,-25,-37,144,43.36,107,16,72.56,32.12,59.58,136,33,49,42.22,148,38,12.33,77,115,143,45
65,64,16,83,-34,47,71.19,29,148,15.61,133,93,6,113,86,84,36,-18.11,-28,54.49,7,79,44.07,-11.07,73.73,-44,-10.31,36.62,72,-19,-19,62,-23.34,51,20.21,54.67,-8,149,89,139
93,32.93,73,105,20.52,55.43,140,26,13.54,28,38.78,109,141,-0.74,3,65.81,61.01,-9.62,134,-45,-0.12,63.37,13,130,1,25.04,94,126,-7.99,29.31,50,2.24,-7,34.45,7,53.1,28.69,73.5,-12,-0.02
-45,-5.79,142,57.7,44.29,50,-0.83,127,106,48.98,10.83,-33,49.2,11,46.1,19,-20.42,138,27.58,40,18,24,17.29,-4.45,-43,-8.6,-19.26,16.34,140,30,-48,-13,-7.25,29,53,123,15,74,29.06,5
-20.92,10,-40,-39,-23,-12.61,-10.89,-2.51,-48,-17.06,120,6.98,134,146,7,56,-1.44,-11,117,-0.96,48.1,-42,109,-39,46.53,77,49.51,37,27.79,63.77,49.57,20,63.32,136,44.3,-48,33,12,69.01,56
41,66,65,46.28,61.03,17.4,26.93,149,41.55,97,40.67,-34,34.73,10.1,57,-38,42.04,136,141,22.34,-37,48.94,-9.15,117,8.09,68,149,-13,79,-12.49,137,-11.97,63,116,43,101,43.67,138,26.18,31
-12.81,53,-11,-16.42,16.16,-21,113,-3.1,39.94,29.23,-38,4,62.57,-15.24,50,-13,51.91,97,108,99,-3.15,1,80,-41,26.44,99,72,-18.93,63.12,52.39,-1.9,-16,-15,120,118,18.65,58.33,24.36,-15,-3
3.63,-38,111,68.57,37.17,58.79,59,69,32.56,-1.73,89,-7.4,-46,59.31,-2.1,11.06,-12.86,37.77,52,44,73,8,116,32.32,62.31,-37,1.89,130,132,55.99,34,-2,16.18,87,-32,12.49,-10.58,42.85,46.91,6.97
129,23.63,125,49,19.85,39,-32,-34,28,70.91,-16.99,-15,11.47,69,6,-4,18.84,-23.79,11.64,-13.96,40,-6,55,104,40,4,62.45,60.11,6.05,47.22,140,26.69,16.71,6.95,-9.62,-19,22.93,-11,3.6,18
-30,21.09,-8,115,-8,80,-20,67,127,36,8.31,13,78,13.58,0,55.77,46.92,8.29,-2,111,17,24,60.37,-41,41.75,72,108,11.51,22.5,76,-2,75,-43,-19.61,20,88,87,34.16,6.3,117
32,18.49,-26,-17.3,56.82,68,-9.26,-35,-49,4.75,-18,96,64,-35,48.03,54,-45,71.5,67.28,102,-27,26.13,45.98,34.13,94,-12,-3,-24,25.66,64.02,30,131,-4.26,22,31.68,40.09,2,97,145,-50
61.37,9.38,-3,38.07,-31,141,-22.6,127,45.05,148,70.18,-36,-27,87,-7,35.91,-3.14,122,-20,133,-5,50,-10.34,44.52,36.14,-7.58,41.48,65.36,-20,9.76,66,-17.12,120,106,12.65,77,130,93,18.87,-42
85,-25,-29,-18,97,-15,46.99,-14,35,48.1,9,-3.09,33.48,59.71,38,45,50.39,63.96,10.51,-4.42,72.29,-13.87,-14.8,-38,37.72,-22.61,47,-19.08,15,64.61,-21.35,-16.58,-35,87,-14.97,-3.65,11.98,67,17.02,70
49,103,-7,-49,46,36,-19.37,45.78,-4.81,-8.93,122,-8.57,-46,-24,11,-17.15,92,14,15.18,70,-9,29,9,40,42,86,33.6,44,1.06,-9,-7.78,111,47.19,57.56,-13,18.51,25,35.57,94,120
-41,47,-1.41,45,31,72.94,-8.33,47.73,9.33,131,104,-5.93,-1,50,148,27,11.38,131,56.46,104,141,4.8,35.41,-8.24,122,-4,-5.13,64.28,1.54,17.44,-9,68,-0.82,-45,113,54.7,4,11.26,81,66.76
33,-1.73,-20.22,43,53,35,19.68,12.74,69,6,129,127,130,-15.49,3,42.53,95,-21,95,42.35,43.82,14.26,134,73.3,15,-12,70,-20,28.98,32.01,-27,134,46,73.87,-9.91,24,83,3.66,68.42,21.89
17.89,132,-40,61.36,-31,118,-13,132,91,18.41,17.9,9.44,-4.69,56.1,74.87,44.24,3.22,36,-28,-1.07,-3.23,129,71,-13.91,-3,66.35,33,96,-6,28.05,84,-33,-40,6.21,72,-0.9,-17,0,95,51.13
41,65,-15.48,43.67,87,52.56,8.46,-11,89,129,44,72.73,85,103,39,73.08,-1.55,24,-21,41,36,16.07,37.96,20,70,21.69,21.4,115,28,97,46,-11,133,13.71,32,123,73.57,35,-34,34
74.47,26.42,51.07,0.86,128,34.17,8.83,25,78,51,71.01,-26,47.43,-13.24,146,-12.26,25.37,112,82,148,-42,-30,28,64,106,-48,-42,51.23,32.49,50.46,43,-36,-5,-24,69,-19.37,71,-5,111,113
4.4,56.15,59,77,68.7,74.99,115,23.84,22,131,43.11,-20,-40,61,81,72,-6.23,-4.17,146,67,-4.15,-11.1,68.6,3.45,73,95,-15.89,26.98,1,131,79,83,104,-16.84,47.21,6.22,97,69,54,-24.06
47.69,-20.31,-36,-36,54,145,36.13,82,-1,33.44,71.45,-31,-17.5,83,-6.87,135,88,52.7,11,101,22.01,53,-12.87,-9.31,39.71,54.36,47.97,-50,-10,61,89,30,44.79,123,78,123,47.03,128,9.52,8
66.99,117,6,45.67,75,50,-14.17,66.08,30.09,101,33,32,71.23,-17,21,29,67.38,58.29,39,79,-47,73.63,-23.13,-4.49,76,46.92,-32,36.77,30.54,104,7,-26,57,140,138,0,53.55,81,4,135
106,92,76,-26,137,-29,45.94,121,70,10.53,-35,8.77,101,76,23,-12.7,-3,-15,-47,134,23.95,127,-20.58,15.54,149,-20.79,27.57,37.64,44.57,100,140,39,108,14.79,3,55.41,2,-22,45.07,100
55,114,122,77,41,-8,0.63,22.8,19.96,-17.45,53.4,-24,3.86,-23,-35,-12.6,115,53.37,3,-20.8,98,19.99,33.89,5.68,89,45,30.95,26.43,-41,114,22.27,15.08,37.28,134,-14.58,25,35.85,-49,22.97,66
-15.22,63.44,33.5,68,80,-16,-4.86,25,45,1,22,-42,71.64,-3,25,59,-14.94,-8.97,-14,41.19,6.91,-3,81,133,9,58.77,-17,65,-41,2,3,18,-16,-1.53,-34,65.16,-32,21.47,18.67,36
14,0,137,49.88,24.24,135,0.08,68,118,30,77,63,32.25,29.22,131,8,64,19,-25,10,76,90,71,-14.58,65,30.49,21.04,3.81,-14.08,-35,-20.25,-48,90,34,-15.48,8.28,57,59,143,137
73,94,-21,8.81,53.69,144,-4.14,101,-3,29.91,93,-36,-15.08,-36,32.7,33,72,-16.66,109,45,87,54.54,31,-36,-1,-24.17,-10,37,-12.22,-32,-4.31,62,70.93,132,104,57.22,-47,102,12,97
30.16,47.34,90,-18.61,106,-41,-26,13.75,106,30.87,18,-15,122,73.06,67,147,97,-21,42.52,78,103,35.41,20.48,37.82,127,26,-9.1,-8,66.73,72.07,142,82,40,26,-23,26,65,149,27.84,89
31.04,31.07,97,-7,-9.73,-34,91,145,115,-45,52.41,-37,97,60.41,-21,8.58,-7.15,38.18,20.54,-3,59.69,18.61,149,40,149,123,43,-29,48,136,-13.97,-21.57,138,73.69,62.7,-11.2,68.93,149,126,68.45
-22,148,7.76,70,46.7,28,-9.36,60.59,48.55,-30,53.06,39.44,39.07,13,68.11,-41,53.92,6,24,-23,93,118,-26,72.93,147,115,67.59,108,91,23.24,63.34,-1.86,113,24.09,-21,18.1,94,42.38,86,-21.46
-21.21,145,105,59.79,1.1,-33,-24.26,-16.67,-23,79,-5.98,19.82,137,135,-12.3,74,-27,56,102,146,47,43.66,93,32.42,-14.77,26.74,33,56,73,63.76,61,43.04,1,132,-6.86,132,-22.28,9,-36,9
-10.04,-17.76,40.05,-43,-33,23,25.98,96,43,145,82,22,67,40,38,46.75,-16,11,48,-3,-15.87,-0.51,34.01,32.19,56.72,68.5,16.89,97,-12.32,88,120,70.98,-24.48,-39,57.23,-14.43,-13.32,-4.68,19,-17
80,54,14.44,34.56,79,38.81,40,108,6.84,17.87,86,39,54,101,68.42,-20.43,-9,103,28.91,87,149,-21.3,7.09,86,53,40.25,-29,17.71,78,68.78,74,-11.95,60.81,-15.18,-38,19.78,-15.64,-9,88,18
45.82,125,59,5,116,47.24,43.56,131,27.34,57.67,76,53.66,37,45,72.68,59.4,44.16,-20.05,40,-8.07,14.86,50.2,-35,-12,106,96,105,17.76,-26,68.07,-30,-6,30.07,19,43.46,31,80,37.74,9,132
72.44,51,-40,-50,77,22,68.64,-39,62.88,-13.21,-40,111,32,28,53.37,59.45,7.58,116,-14.78,-0.02,43.2,-12.63,61.55,66,66.38,17.38,-13.39,136,-20,-5,-49,52,8,9.4,-6.4,51,29.38,43.97,3.14,72
-14.31,21.53,125,-21.15,50.55,-17,91,57.44,21,-48,0.17,-47,68.76,7.42,-10.97,103,38.09,48.28,118,113,13.66,-9,8,-0.1,144,145,53,28.34,-6.39,18.83,47.44,-5.67,-43,41,54.63,119,6,42,56,137
62,70.15,-19.95,-15.91,11.31,-37,33,62.82,11.72,42,20.43,7,14.45,41,39,31,19.84,47.15,7.7,-6.82,-42,32,127,-16,69,101,7,51,-27,16.21,-41,9.1,116,66.88,93,52,-19.55,10.77,46.3,51.24
35.93,101,122,49,-44,146,46,24.32,35.75,61.48,4.66,23.7,-7.5,145,48.74,121,27,-17,63,114,49.16,-2.22,-8.09,-32,-39,-18.04,31.91,59,45.07,146,40,48.66,39,-5,143,67.9,-24.39,111,-36,37.7
118,66,72.71,86,24,28,63.23,40.71,-3.27,49,46,-11.77,46,24,29,100,99,1,143,102,18,-25,-47,75,-2.5,19,14,44,15.16,52.79,67.42,52.3,120,117,31.95,37.76,60.91,-2.46,12,45.16
59.12,10,8,74.43,-28,-9.66,134,14.97,49.77,73,54.35,60.68,-5,-28,0,14.51,75,130,36.97,114,19.61,141,-19,71.17,27.58,-27,8,126,132,32,-3,62.81,68,15,57.97,48,108,14.04,-45,105
-48,60.78,127,20,144,134,-21.16,4.76,0.42,37,102,-5.76,63.19,134,51,39.03,57.19,103,56,44,73,39.67,36,122,68,11,100,63,-24,70,0,106,22.41,-22,10.03,40.27,36.74,87,96,-0.79
62,-9,35.95,15.58,71.92,-17,137,28.91,31.89,130,-36,15.75,-9,-5.19,33.92,-33,84,31.2,96,4,61,104,96,-9,14,20.28,68,-41,96,130,10.97,15.94,-21,84,4,121,-36,67.2,45.7,71
-3.11,81,68,71,109,111,-38,3,84,52.2,87,51.4,148,80,28,38.27,20.05,13,3.75,36.94,146,42.78,128,53,6,-18.25,-15,-3.2,74,128,121,46.6,-6,-7,47.05,5.09,-11.34,-4.18,43.18,-12
146,133,58.03,105,-30,-3.46,119,0,107,64,-31,14.71,56,-21,-45,-22,30.42,-46,31.77,-10,11.62,69.98,44.23,7,83,36,113,71.25,136,45.79,62.34,149,100,7.71,-18.8,117,-2,61.4,68,136
-2.32,-24.48,115,17.77,23.38,92,27.41,31.69,30,-28,84,71.93,3.25,-13.8,71,-4.1,40.29,16,108,6,23.26,3,-44,-23.97,43.54,-7.1,53,-6.56,94,37,-18,52.2,141,4.19,54,106,40,-6,57,7
43,27.21,74,139,23.35,-20.1,-5.16,58,-30,8.3,139,-2,129,-18.96,6,-22,35,19.4,113,20.7,0,4.13,70.98,-6,-46,-45,10,121,-16.37,122,75,20.92,111,58.85,-4,-7.16,64.02,-20.68,76,146
48.57,53.07,-46,114,76,-15.03,64,12,103,41.17,12,-5,43.91,100,30,25.12,46.31,-46,58,-28,-16.32,29,33,100,-17,32,90,29,23.26,31.92,26.9,-8,-2,77,62.55,21.48,-5.17,33,33.3,7
-6.18,-48,-27,74.78,41.31,69.09,65,-23.55,-2.25,55,-9,39.31,83,54,-37,92,-21.62,121,65,-32,6,-4.29,13,42.31,56.13,32.8,56.44,-15,22,42,41.02,-11.26,74.86,-50,40,10,31.59,128,-24.82,59
68,49.99,61.06,-45,47.44,44,11,-22.82,-14,15.66,114,15,139,1,69.5,1.71,65,121,59,-1.73,17,87,30,1,0,85,11.99,1.9,11,-5,37,73.6,11.87,61.54,21,55.2,-6.92,-15.66,-38,148
-14.22,70,60,-41,-33,17.84,-4,-9.41,49,62.92,75,39,-25,4.95,35,50,91,50,135,17.12,70,34.75,74.96,68,-49,79,-50,58,6.73,77,38,38,-7,37.99,-19.79,39,66,-15,66.95,97
67,9.27,43.22,142,35,-34,-20,24,-13,4,122,52,14.14,52,96,27.57,74,61.2,3.28,-2.41,28,129,-7.51,57,102,57,58.28,10.66,90,-27,18,47,121,-20,-10,54.66,140,125,149,73.13
84,147,49,32,27.68,113,25.41,17.5,101,-14,43.78,58.57,15.71,34.9,-4.68,-17.75,61,50.97,71,34.02,36,128,112,132,61,-12.53,5.54,77,43.84,89,27.23,33,-46,-11,34.59,125,3,95,1.2,57.47
146,-19.34,107,7.4,112,-20,41.59,21.49,69.88,107,-23.87,-33,3.94,93,-12.38,36.77,121,43.13,-3.53,41.74,-48,66,146,-21.94,-8,1.14,-24.53,146,44,49.24,3,-17.49,36.96,149,60.65,-33,-6,-19,-2,83
62.19,-14,22.42,16.41,91,-2,62.89,23.18,138,29,19.7,47.38,35,47,69,-6.43,-37,75,-50,12.56,56.19,-36,147,-21,-16.86,50.66,58.4,49.73,-14,58,-5.8,-5.07,37,24.19,116,17.11,16,75,-26,29.47
-21.19,-19.69,-25,3.93,16,-3,95,-11.5,108,31.88,53.23,-42,24,27.09,114,5,-33,128,112,96,-21.83,18.48,59.91,0,121,27.84,-17.92,70,13,123,59.98,51.84,42.76,44,-3,-9,15.21,-13,-23.43,90
116,2,6.43,-4,96,16,139,-33,133,7,12.65,27.38,71,14.65,98,54,24.39,105,-5,-20,27.19,64.42,-23.45,58.12,142,102,145,-22.45,-9.91,140,140,61,105,140,52,51.98,13,83,0,57
66,42,45.33,-7,52,15.33,39.63,2.02,82,9,-19,148,72.69,16,29.12,-10,68.26,43.34,23.85,67.67,20,68,110,62.02,1.98,126,126,64.65,145,76,106,-13,18.08,91,-28,29.13,10.46,103,15.28,-35
62,-30,32,-18,49.57,140,77,-6,36,76,-12.48,108,64.82,79,76,5.57,90,68,107,0,11,83,4,76,-22.02,-20.61,-33,113,15,115,-7,-26,28.53,39,28.71,70,60.49,33.11,117,98
58.17,-13.44,-44,43.47,5,47,95,-7,63.24,31.93,-40,132,16,61,17,29,-17,24,60.52,41,9.32,-12.65,-13.7,99,63.46,111,94,62,20.59,6.21,68,-6.69,76,41.72,-39,-48,-17.53,66,39,107
44,47.23,92,-24,6.23,43,90,73.57,2.99,84,6.72,93,22,77,113,0.25,7.45,61,132,113,95,41.85,8.93,-13.75,37.86,62,137,31.57,-41,72.43,74,16.08,-1,-45,6.28,23,69.59,37,144,79
27.96,60,-17.7,41.76,74.94,8.24,107,38.3,15,141,51,42.39,102,72,31.86,74.53,-18.52,113,32,86,149,-1,63,134,-47,62.15,74.82,49.03,35.38,-2,-17.23,-34,50.34,118,83,133,6,37.53,62,70
135,136,54.75,28,149,4,25.32,143,6.5,31.24,98,76,133,-20.1,90,65.58,30.83,135,-23.37,56.2,56.63,-44,30.7,62,24,48.95,26,17.06,53,137,-19,-5,-6,42.37,-20.84,69.34,65,143,58.7,58
130,97,59.74,88,39,3,58,-49,62.29,15,44,63.46,71.14,-0.92,5.42,38.78,2.69,46,-13.46,46.89,111,58,40.66,30.2,22,60,97,-16,62,71.29,-44,40,42.32,140,111,67,112,64.54,18.93,41.76
-14.18,-42,20.66,51.14,70,-4.39,142,-26,-1.83,26,108,22.8,80,-13.29,60,58.36,38,-10,53,47,93,29.06,78,-21.17,63,8.12,58.59,32.08,-4.17,117,144,145,-17,111,-9,43.26,-4,-9.02,62.61,-10.57
60.09,32.36,50.19,48,20.92,54.16,62.95,44.63,118,8.2,142,-35,31.82,13.09,134,43.06,30.41,2,-4,30,16.33,72.72,63,77,26,92,69.84,45.57,-1.62,11,100,16.33,84,48,87,26.09,58,49,23.16,19.73
110,6.33,47.14,41.6,114,52,-39,95,-44,-25,61,62.05,85,-38,145,100,-10.45,24.99,-34,-35,63.58,139,93,74.19,65.32,4.03,94,56,69,-6.1,117,36.56,136,-1,-50,112,1,86,-5.29,109
-4,70.23,122,141,69.26,65,112,25.46,99,45.66,18.58,137,123,106,-9.57,-16,-20.41,32,-18,35.18,-4.89,67,79,108,134,-3.04,14,10,48.86,69,66.31,102,37.36,52.67,0.75,60.23,69.57,-16,73.76,45.56
-17,139,5.52,32,-19.1,73.35,96,-11.56,50.56,45,12.25,111,14.42,-24.29,88,73,9.45,-17,28.05,-8.87,-13.45,72.11,137,37.06,27.87,3,-20,146,31,70,85,30,35.21,30.57,47.28,47.2,69,21.79,45.69,20
-17.52,89,112,14.99,37,-50,36,114,144,23,53.08,-4.12,81,40.53,55.27,77,113,-24.18,104,124,-47,-11.85,50,16,88,-33,112,59.38,34.62,85,63.17,-7.05,130,-12,18.88,88,31,100,11.1,3.37
-44,31.57,-15,14,14,74.23,-17.28,42,15.54,5.12,-20.01,80,1,63,45.84,22.42,124,-14.99,21,-15.98,16.79,138,12.25,64,124,122,33,20.34,12.38,-48,-5.44,68.36,10.49,30.83,-39,-46,50,-14.12,11,36
-6,84,7,130,-36,66.45,-8,31,67.25,-7.47,69.92,78,124,12,96,114,88,101,20.2,32,26,11,59.04,-20,39,79,103,87,-4,-19.52,-30,82,36,-20,32.84,50,67,29,123,-40
67.3,113,29,12,108,82,107,3.55,63,-42,108,34.42,-20.94,139,-6,25.29,73,-35,-36,20.91,35,48.35,-21.18,136,-35,44.24,64.18,-27,95,105,-4.77,11,-21,19,135,-17.08,5.49,129,123,117
129,66.43,64.39,1.53,103,47.06,97,55,98,71.58,14.82,93,21,136,129,-13,-19,-33,20.58,61.04,14,37.53,83,-33,107,130,51.42,67.56,48.06,92,40,-39,35.8,11.69,43.83,5,52,144,65.82,100
142,29,-4.73,-30,109,-46,28.47,-23,129,60,-1.8,32.71,39,112,49,-20.59,46.83,120,73.5,94,1.26,37.84,83,-10,-32,-24.13,9.48,12.98,-29,64,125,45.93,15.99,71,28,126,-18.08,-23.31,59.9,74.62
39,68,30.67,63,1.25,50,118,99,21.94,0.19,118,29.01,45,57,-4,57.19,119,139,46,64.74,35,10.47,-32,10,13.21,36,71.02,-11.01,77,74.77,29.16,36,-29,-46,66.55,10.02,-20.52,-16.76,141,4.6
132,66.2,38,-45,0.27,65.76,42,34,149,-11.5,55.97,-19,-19.86,-6.55,18,22.21,-46,15.88,27.36,42.71,-44,-39,43.05,-36,58,74.32,25.66,-22.55,-21,58,64,-6.55,-49,-9.6,-13.64,46.4,76,33,24.63,47
2,107,15.17,65.48,30.32,-35,122,-9.49,129,50.02,41.49,36.52,112,117,112,15,-11.66,-10.73,-24.39,141,-12.2,74.87,66,39.29,-50,58.97,-50,-1.95,19.5,-42,145,134,34.75,7.94,-10.79,24,146,-38,120,62.91
-45,137,11.38,11.04,-10.88,32,62.71,25,72,72.1,5.77,60.49,-43,-18,92,-20,-18,-26,11,14,40,12.5,82,8,26.49,-24.08,21.4,122,9.27,-23.58,94,12.11,-3.87,29.09,-21.87,31.13,25.65,6,-23,74
3,109,-43,31.46,-36,45,-2.3,-19.09,142,22,25.46,34,-9,51,70.32,69,24,107,-40,81,-24.43,139,27.7,-2.14,57.32,8.17,16,81,117,32,55.03,-23,71,88,48.8,142,-14,3,-25,114
27,19,62,7,-9,44.11,68.32,83,45.71,15.98,37.3,-26,66,56.37,120,148,66,20.85,12.02,84,44.75,102,14.11,127,-3.72,-1,24.99,23.72,12,-23.06,16,50.75,-1,27,-12,-3,20,132,9,13
-33,-34,50.03,62,83,17,65.68,4.84,117,22,114,20.79,143,71.85,65.76,69,13.49,25.6,-13,-18.44,37.03,138,99,47,25.94,137,51,29.2,17.33,138,67.31,44,70.02,49,-19,1.61,59,122,-26,53.85
71.01,75,112,13.92,-2,35,141,32.31,46.67,-19.7,63.85,146,-3,-41,39.5,22.04,8,-5,23.73,3,63,5,48.92,-16,19.3,23.76,74.38,64,149,127,28,-15,-18.34,-20,8.89,21,24,18.83,-16,53.82
30.27,138,-39,84,-24.88,60,-11,63.78,95,36.04,-16,-16,23.74,71,46.06,-27,23,95,-9,-24.09,66.11,65,123,88,72.1,138,-13.85,66.63,-15.85,0,-10,80,35.95,34,28,18.78,26.9,67,-20,137
0,25,-30,44.39,66,-15,3.95,90,58.19,-0.22,72.36,35,63.75,142,66.62,120,88,22,4.29,-1,-19.09,81,130,49,94,28.13,22,3,59,59,39.48,29,-16.17,18.02,-10.71,-39,19.26,89,141,-0.53
-0.41,68.77,-9,35.33,18,69.21,-22.28,113,23.69,72.54,98,91,148,42,-14.16,66.47,55.31,-8.44,63,37,54.39,142,68,27.49,116,57,12.4,34,39,-47,-44,-12.74,34,32.82,32.89,1,-6.06,67.96,68.07,65.83
-17,-13,28,20,66.1,10,118,137,84,-19.36,71,15.58,22,148,44,-8.82,28,-10,71,144,-13.65,28.38,50,77,-11.4,55.68,70,108,99,-23,-4.52,-16,68.88,79,-15,5.79,118,-12.5,44.4,22.18
-6.92,32,105,34,7,-23,19,147,-32,126,21.28,2.15,-9,63.81,148,-26,-36,146,106,34.78,19.03,-9.01,41,-8.93,-4.23,99,67,77,103,45,5,11,70,25.85,-47,52.04,-25,99,127,30
148,70.85,-18.53,101,2,124,55.82,-22.62,1.72,13.37,-3.66,32,-9,59,-16,-15,7,9,89,-47,45,22,-49,-9.55,9.76,12.03,10,-12.93,17,69.43,8,29.3,28.01,-2.77,80,6.14,12,39.81,-5.99,39.5
63,3.69,21.8,122,45.62,55.06,93,-20.02,-28,22.17,114,67,47,2.01,12.4,35.33,67,130,70,-19,103,-34,31,43,55.88,64.33,56.25,-1,-14.26,87,117,-42,51.14,72,66,92,48,-29,106,74.86
7,135,38,53.35,-24.96,24.25,62,-21.13,38.71,-3.9,-2.65,106,-3.11,27.24,39,-38,-15,43.32,17,139,124,-6,48.44,66.31,147,130,33,30.97,38,-8,4,69.09,24.75,112,22.38,-12,-36,-31,148,-14
16,40.05,57.14,-12,-7.76,134,118,147,63.49,49,6.05,-13,35,97,69.59,52,89,2,20.82,59.08,94,39.33,17,-11.75,137,-28,-37,65,105,144,133,-38,-34,52.13,-9,131,96,-1,-14,100
-14.73,61.33,-38,114,68.15,-25,-13.87,47.81,-4.75,-10,-23.92,21,14,-28,131,63.49,130,-15.5,-28,114,-30,57,90,98,36.59,112,1,54,34.71,104,63.44,3,-37,76,43.49,33.63,-3,46.59,-2.54,61
104,-11,-12,63,-32,41.75,17,-21,-23.77,83,127,17,39.18,38.15,46.63,116,120,124,141,145,31.77,10.4,0.52,-11,11.78,92,71.44,-38,-5.57,14,-5.98,92,85,56.58,-36,110,28,-3.52,-6.35,102
5,74.87,77,5.16,8.4,35,-36,-18,88,77,-30,33,67.36,32,48.52,43.61,-1.53,58.8,111,128,2.19,47,17,22,115,6.69,-36,46,-5.74,53,45,19,112,-15.18,-14.74,55,96,-6.41,58.11,140
32,-30,78,130,-6,116,21,87,-19,49.16,10,64,18,95,32,124,36,115,67,-14.03,-45,-37,71.94,18.4,144,-29,116,-44,18,-34,26,22.81,46,-10,-14,-13.28,10.97,-40,9,47
-32,37.21,46,35.53,19,6,26.05,40,32.86,-2.05,134,62.54,16.57,-18,23.54,-8,21.55,33.75,124,34.07,31,-4.88,-34,0.94,33.49,-19,22.17,31,1.06,46.05,37.04,-5.7,-13.24,42,22,23.03,68.55,53.45,44.34,70.26
13.46,149,114,17.11,57,58.38,27,-47,147,25.26,-14.58,-22,68,-31,70.25,48.7,101,44,133,112,-36,51.36,105,41.04,-26,43,99,57.6,16.96,15,62.22,30.56,39,59,42.22,142,-24.66,-8.47,140,2
142,141,28.35,43.67,122,8.89,86,45.65,128,14,61.4,-15,19,125,72.1,-12,-19,27,-39,78,135,67.56,-39,68.66,61,98,92,114,-44,107,68,144,97,19,134,56,52.58,23,11,8.52
-24,31.15,137,-12.12,124,53,-17,47.35,147,-25,-22,89,-0.69,107,-12.45,71.66,27,39.46,71,5.18,-9.07,-20.34,48.34,-24.34,139,48.98,-4,-15,-50,49,-13.44,17.19,25,-42,13,62.88,100,-16.03,-49,37.84
44,110,50,31.07,25,36,-39,64,58.53,23.55,15.39,32.3,31,-42,38.29,-13,50,75,110,-35,49,64.25,72,73.04,42,33.86,8.32,51,12,97,3.25,-10,54,39.33,-42,-5.47,55.17,90,-2.87,61.2
-22,33,132,46,-35,-15.1,0,51.79,25.7,42.84,-17,-19.96,56.74,12.99,51,14,-28,6,38,68,113,-15,58.98,20.96,135,141,7.95,-16.96,72,115,69.89,73,111,68.96,4,67.01,1.71,-34,149,49
23.9,32.65,105,10,139,141,-21,30.42,29.5,-24.68,112,-24.04,-8.62,-17.7,16.34,56,110,-15,58.54,57,10.1,131,-7.97,141,58,27.22,124,-20.93,124,79,-50,-16.52,64,58,19,56,34.21,50,-2,105
104,33,56.34,-8,42.06,140,28,19,55.31,36,-1.53,12.09,29,44,-33,-5,35.52,57.13,85,8.69,98,-4.62,83,61,124,79,102,88,70,-14.37,35,79,-44,-49,62,-11.83,43.15,-19,46.19,-3
-25,102,37,38,-41,52.19,51,-47,52.9,32.97,-0.43,22.75,-36,110,-29,41.88,120,103,42.19,73,104,0.03,109,42,24,81,65,45,11,72.83,-8,-23,-6.83,-46,-22,-34,37.27,126,47.04,-37
-6.57,141,137,134,56,-10.37,137,-31,-7.31,-2,-8,114,-37,39,31,113,114,53.24,23,28.05,27,24.7,43.2,129,-8.78,7,5.75,60.65,69,147,56,65.76,121,-2,94,50.11,27,30,114,-1
132,62.49,18.45,136,100,9.44,-15.79,91,34,42.08,58.1,20.05,35.14,138,29,46.54,110,-34,104,18.32,52.07,0.63,26.83,7.77,108,91,142,29.36,82,137,84,80,-10.18,-8.02,61,-5.34,-22,41,-10,112
8,45.55,23.78,107,-14.06,-48,79,73,-47,25,4.96,47.06,8.6,-17,4,41.8,-20.81,122,11.5,35,-0.9,-14,-22.23,81,71.51,55,-45,78,-11.7,14.65,-13.95,1.27,-23.25,26,53.73,-50,60,39,-47,73.71
17.49,-8,5.89,18,142,34.67,120,49,122,133,-18,8,-49,62,62,-11.78,128,86,16.68,-44,70,121,51.57,9.03,144,-36,66.06,27.14,41,-8.86,93,109,115,149,127,72.1,31,-5.96,9.1,41
139,-48,0.2,67.75,42.1,-19.31,64,-11.68,-26,32,111,68.82,42,32,143,57.56,68.67,134,127,27.69,28,-9,2.08,141,18.22,4.27,107,-13.03,8.08,121,-36,99,59.63,-8.87,1,-8,115,-26,66.77,52.07
-31,5.98,-17,-4.65,8,90,16,24,114,-8,-17.32,16,31.36,48.15,25.24,23.24,103,136,88,-8.28,48.9,-13.93,13.76,3.74,92,40,29,51.17,-36,33.75,-10.79,61.91,13.14,67.93,65,125,-12,92,123,138
-2,60.25,75,23.29,1,38,30.17,148,32.12,-7,-13.88,69,56.02,21,-17,15.71,26.26,82,-9,71.58,50.61,14.63,47,55,116,-3.21,9,101,34,22.28,71.26,-16.11,-10.39,-5.9,98,80,-44,35.24,13.42,133
140,136,71.53,51.67,126,50.4,47,51,32,-10,38,-8.71,-7.43,-1,23,14,9,-18.28,35,141,100,8,50.04,85,18,58.63,103,145,-18.87,-45,34,31.68,52.4,75,39.21,55.28,135,122,49,-1.56
-14,145,15.51,92,72,48.71,30,72.69,-35,34,66.11,75,71.88,129,96,55.71,66.22,-23,38,74,62,129,90,48.84,40.56,103,74,31.53,-5.67,44.5,28,-24,5,55.87,107,-21.33,12.58,-48,24,0
23.47,-14.68,46.69,54.48,7.08,133,136,6,64,-4.29,65.46,58,-12.23,54.57,144,-36,143,-30,124,-22,51,96,105,56,54.23,-21,64.42,78,13,32,49.7,21.85,-19,4.3,-9.53,14,117,53,67.2,67
-11.24,52,72,-39,65.9,-6,-23,-50,15,54,104,11.52,119,23,-2,125,-44,13.38,73,94,57.97,30,146,2,67,50.99,-13,25.7,49,-20.98,47.22,17,46.85,107,-32,26.38,107,7.59,21,27.2
105,90,22.13,-5,40,43,131,41.12,69,-16.48,3.4,40,137,33.64,44.25,48.05,50.67,1,49.28,35,114,-4.23,49.01,127,52.39,30,139,-38,-2,-35,-1.39,-14,9,-12,68.09,62.18,25,46.58,61.57,46.16
10,41,4.08,46.36,76,52.74,95,-2,9.29,25.69,-8.46,130,-26,-27,-44,85,-10.24,4.47,55,-27,11,18.88,33.29,101,119,13,122,107,30,111,90,-43,56,58.02,146,36.51,149,63,86,-32
-5,56.76,-14,58,63.42,142,3.78,145,-12,19,123,97,71.87,-15,68,68.58,-10.36,-42,52.28,65.32,8.3,135,6,59,57,6.83,46,-6.35,101,34,-16.78,111,8,-29,41,19,70.08,43.76,107,-7
126,10.55,71,-33,48.4,95,32.6,-15,119,64.33,122,55,-47,51,56.42,90,50.26,7,16.44,-22,119,75,46.12,1,-6.51,-20.16,-19,-35,135,-14.6,-2.14,138,91,35.17,35.92,112,-13.61,-50,89,-3.15
47.65,57.78,-18,3.51,89,16,110,44,134,70,41.16,-38,-1,-24,-18.3,127,125,-42,116,49.25,1.37,145,14.89,106,-4.58,7.59,120,26,-32,-0.49,-39,72.21,34.05,-1.85,51.47,-18.01,17.75,-43,69.31,60
-11,-15.48,0,17,115,18.45,107,125,38.66,84,1.48,103,65.48,72.36,23.51,13.88,31.6,30.05,42,57.97,12,-9.59,-33,-1.84,50.78,26.56,41,28.49,-48,64.53,-29,82,-31,137,14.65,3,22.32,-49,20.85,125
-24.94,-19.75,-1.86,132,34,-13.45,10,-37,101,1.46,-12.31,26.52,72,70.67,127,19,101,29.87,38.49,-5,-42,144,64,33,55,5,127,40,-10.78,39.53,139,47,82,-50,67.72,32,-16.49,25,-23,122
40,-32,107,-22,146,68,3,-37,-38,10,62,30.01,-10.64,34,124,80,55.41,-11.98,-45,62.64,93,25.57,71.15,24,57.87,82,54.09,149,-24,144,83,113,9,16,6.96,-0.72,86,-19.74,6.77,3.33
128,134,-12.73,-22,-14.59,147,26,69.17,19.3,71,124,-49,130,45.06,14,16,147,50.76,58.89,145,44,146,-1,-3.91,140,72.91,113,-45,29.5,60,-24.5,83,143,50.98,7,-24.72,113,-23,43.52,-22
21.79,15.83,13,23.05,33.18,90,-48,29.06,-24.71,62.62,51.65,60,56,3,-38,11,3,63,74.07,108,77,42,-1.85,31,30,-10,10.77,122,41.81,-29,47.32,-18.76,88,66,17,87,25.15,111,94,14
126,25,133,-8.52,57,52,19.29,36.87,143,41.26,72.07,-40,0,5,47.59,147,-15,-29,141,-17.7,57.45,67.56,119,90,-23.73,74.68,28,39.42,102,91,139,143,8.11,-20,-2,136,73,4.2,98,121
68.82,21,138,93,58,20,124,65.51,-10,2,-3.97,-17,54.37,34,50.27,145,-12,66.22,-17.45,9.02,130,68.85,25,18,80,11.4,2,62.42,121,119,74,-3.36,69.26,-0.75,51,82,-9.2,59.87,-21,-16
24,111,8.27,115,128,-7.34,79,127,20.48,-22.6,0,58,70,52,52,11.84,51,-44,59.44,124,34.64,131,60.02,25.17,-4.34,114,3,26.57,29.55,-6.52,85,104,-22,129,48.93,-3,24,-5.83,70.8,36.12
29,114,31.49,3,136,0,60.55,9.83,141,30.97,-48,71.32,101,146,-25,75,9.11,2,45,62,0,-6,130,8.08,23.93,119,33,23.25,6.1,53,-7.58,1.73,-7.07,5.16,15,-24,-15.77,143,53.64,71
-10.05,61.56,85,60,-36,33,119,25,72.4,70,9.56,55,70,-34,-40,-23.55,17.03,92,123,2.11,-47,21.05,85,63,24.08,3.49,134,51.2,-10,102,80,1.73,71,103,-16,76,48,116,33,-22.1
47.78,-21.39,138,-4,9.71,39.26,45.85,-19.41,-12.56,-29,48.14,102,43.67,0,78,-49,27.98,37,18,4.85,43,72,144,50.83,25.66,-7,-11,-3,23,22,11,-36,104,99,85,11,44,31.41,-13.88,36
2.51,36.2,22,58.92,28.63,-6.73,47,43.45,16.26,13.41,20.45,44,-27,94,107,14.59,-15,55.76,21,14,0.65,63.08,-41,-22.26,74.52,53,71.47,-21,13,55,65.92,120,-11.6,24.93,48.95,80,73,37.23,22,66
5.01,-11,122,-4.6,18,-6.52,38,126,146,19.73,105,-38,-41,-8.97,-31,-10.39,47.25,15,52.11,64.72,44,64,11,-14,48,37,-17.71,-10.45,45.98,118,-20,60,5,-5.35,-4.4,37.85,-46,-21.42,-11.51,44
-38,-19,62,-8.05,-14,42.88,-41,18.44,70,-8.78,48,109,64,10,88,80,3,53,38,148,41,-13,49.86,148,90,-13.02,46.04,14.67,-30,24.16,-14,118,149,71.88,108,73.46,-17.16,61.53,18,77
-21,61,-45,-23.98,24.35,58,36.28,147,-44,52.89,146,60,-11.57,50.14,-0.26,-24.65,6,68,48.89,-7,11.66,-22.87,31.73,54.3,45.93,9,84,29.62,105,47.71,0,-18,16,-6.32,44.29,15.5,53.2,12,94,-24
18.19,54.82,68.59,-1,48,-40,135,-18.3,117,30.04,-33,37,80,121,17.04,56,43.79,108,56,9.14,139,10,-22.68,52.81,-13.79,43,35.86,70.99,142,-48,29,124,-14.34,136,-22.33,131,116,103,67.46,61.39
-3,-9.51,2.02,125,130,76,52,-23.01,56.67,6.76,99,31.39,18.56,-9.51,26.36,126,79,8.03,2.16,-8,22.33,139,6,-24.99,126,28.58,-13.59,-5.92,95,61,55.03,-48,-16.3,53,-10.88,9,128,68.82,35,134
-43,-19.1,43.31,5.59,55.45,-20,-24.13,-32,7.05,25,55,55.92,138,3.86,50,69,70.95,23,76,142,79,-30,47.79,124,10.17,-17,-24,-16,141,-35,67.29,30.35,41,89,-8,48.02,4,-1.73,-4,113
137,53,88,67.5,28,56.54,12.35,11,136,107,47,134,132,43.14,44,62.54,15.01,72,25.64,-9,77,-36,144,111,74,18.82,31,115,53.24,48,8.6,59,54.12,100,41.73,46.95,40.99,110,48.82,54.98
73.1,28,106,25.03,76,25,124,62,56,10.04,-9.67,51,-16.88,121,55.29,4,10.65,66.97,52.27,143,15,38.04,54,25.81,-46,138,-9.55,34.87,35,47.97,10.98,38.84,19.56,104,113,-15,80,-32,40,106
56.25,51,78,53.83,49,11,121,131,-24.75,69,129,36.08,2.77,107,46.99,69,-24,73.03,32,112,141,-9,73.58,-1,-25,56,-1.53,47,32.85,110,74.34,24.9,16,36,13,67,73.44,-9.48,12.83,144
-19.54,-14.41,15.97,136,75,104,50,102,119,39.45,19,25,8,29,-12,-28,107,67.33,67,-6,67.03,61.14,55.59,-50,35,47.62,14,29,40.82,94,2.68,135,51.86,-40,22.1,30.84,-30,20,-12,-13.14
37.62,-32,16.09,37,109,-33,72,-19,44.77,52.4,138,80,32.6,135,-28,20.05,46,27.39,32,91,9.67,51.15,104,67.56,58,5.3,-21.78,30.35,8,2,-38,-28,-4,119,-14.98,-4,16.16,14.26,114,44.06
59,38,40.97,-3,-49,23,147,-6.84,-37,52.95,136,-4.22,25,137,102,3.61,-11.47,142,-23,-14,100,120,21.51,3.98,56.57,2,73.91,16,93,14.68,-18,-13.54,94,25,120,-10.96,-5,-14,26.17,9.97
-4,99,16.95,148,7.26,-19.41,72.57,32,92,46,25.62,-34,108,41.26,67.6,-36,32,20,-33,-39,24,41.01,-15,-26,67.87,4,54.43,29,73.3,146,-43,16,120,-48,128,6,54.63,8.96,73,-50
2,36,125,-2.6,1,105,38.81,71.9,-31,24,133,-4.57,82,53,52,8,4.35,60.65,18,51,-16.32,-24,63,58,-40,18.25,121,84,4,0.48,84,131,71.15,7.46,-24.83,90,45.95,33.15,90,136
5.46,-20.43,47,-31,10.89,6.93,30.48,-8,27.72,-2.67,149,18,48,42.09,123,30.92,54,12.22,17,-1,27.78,7.23,88,74,39.86,41.57,75,98,9,101,17,123,100,14,-37,113,20.91,-20.65,54.03,29
9,133,57,-19,52.05,-7,71,-12.29,-1,144,87,-13.77,-3.9,102,34,61,8.18,115,-3,17,38,73.74,110,-24,8,-17,23,63.07,126,115,-26,27.09,-32,0,63.8,55.37,-33,4.18,31,10.7
13.2,41.33,13.32,-38,57.99,42,6.07,41.91,-21.86,101,30,37.43,48,119,123,23.15,121,9.64,-50,33,-9.59,91,15,11.33,86,44.9,24,124,124,110,52,38,41.2,101,-34,120,-18.24,-38,-23.57,102
56,88,93,51,36.01,22,57.82,149,27,36,133,66,72.12,102,0,37.21,123,126,-23.27,74.93,13.25,27,-10,128,138,123,15,-22,114,93,121,21,28,-26,7.77,-15,68,61.63,17.42,39.8
58.96,-45,49.47,77,-12,52.93,-27,46.15,66.73,-4.09,145,131,-11.04,11.3,46,-38,21.48,31.74,67.64,114,33.45,-15.34,-17,129,98,72,-32,91,-24,50.37,106,45.33,-18.41,112,-24,37,45.42,119,5.69,120
-0.21,-1,-32,123,-6.63,31.71,31.49,53,-40,-18,56,12,-28,82,112,68.28,25.21,104,126,61.22,68.94,18,114,-18.73,-21.91,-7.43,-21,84,145,109,49.28,112,-22,-2,55,90,30.32,-16.63,16.34,142
18.1,112,132,0,37,-35,146,36.03,-7.27,28.67,-33,40,-1,-38,146,26,76,22.88,101,-22,0,-5.57,-20,-44,-22,82,42.05,-34,116,69,45.68,-36,30,-41,59.46,-15.33,-24.19,100,26,90
126,-17,3,86,34,52.56,125,6.89,86,120,9.15,70.3,120,34.66,134,48.56,59.49,88,108,16,95,-23,-15,-47,-26,-37,11,62.8,137,-15,85,36.15,36.13,1,7.87,15.74,104,36.15,-21,50.87
-24,104,93,45,115,-43,109,51,-12,-22.93,84,-14.83,18.58,57.59,64.39,0.34,126,98,-24,88,38.06,68.96,46.78,25.8,56,71,71.84,112,77,133,-43,60,107,67.81,10.91,74.81,59,29,32.02,128
2.31,53,55.14,31.69,100,37.22,-5,27.72,104,66.44,19,4,52.62,19,33.39,118,106,59,-32,-24,13.1,80,-7,75,-20,45.98,46.86,-14,37,41,19,37,-28,-36,68,61.64,73.8,16.94,-1,-6.82
67,36.92,68,25,124,-20,33.37,1,-2,46,36.79,-6,10,-17,116,33.15,98,148,-23.7,135,-31,42.39,110,81,96,-18.05,49.76,78,16.41,118,-34,5,42,117,14,-35,141,61,0.42,94
11.88,91,-4.09,69.63,73.91,114,-13,8,134,-42,25,100,15,60,3,111,130,112,48,45.95,105,44,146,67,-38,-37,32.66,127,-4.69,148,33,138,130,1.18,51,-32,24,-8,41.19,51.43
113,5.05,3,59,149,11.11,30.12,128,-10.1,-5.54,29.68,132,49,15.46,66,-11.65,15.33,25,65,55,22.93,86,42.45,101,65.73,63,135,147,130,73,17.56,-40,144,-3.61,122,-0.62,79,-8,146,-47
-6.77,47,43,36.34,49.66,10,22,81,-20.87,119,32,6,-36,89,24.05,71.92,-0.74,-50,15.51,-7.1,44.61,134,110,51.69,80,133,49,9.37,4,116,107,133,125,18,60.23,12.49,25,-35,111,65
-9.13,107,-6.17,66.9,-23.52,29,131,48.95,61,59.78,26.74,142,136,-23.33,6,-30,40.92,66,-33,2.46,41,123,3,79,38.48,6,101,40.95,55,45.76,16,62.72,147,1.98,30,19,-47,53.95,8,-10.29
66.61,54.03,55,30,89,-22,16,116,5,44.66,107,-50,29,70.68,11,45,-35,-42,42.13,49,119,74,-14,105,12,129,107,14.9,29,48.25,121,52.26,11,80,98,21,72.94,55.18,15.83,33.66
84,107,35.14,-14.43,-27,-15.03,-8,36.57,64.7,73.58,43.3,141,5.91,88,-19.93,-1.14,146,-0.5,-25,-4,-9.18,56.76,-33,-45,22.58,112,-17,-17.76,101,86,-17,83,-49,-33,62.41,1,90,-4,59.52,-17.91
8.48,35.55,114,-5.33,-1,82,52.92,70.23,139,-9.43,-2.36,53,9,21,0.41,24.59,11.26,74,-50,24.83,74,147,14,16,143,0.92,111,33,47.22,29.31,146,69.43,-21,4,-29,17.59,-15.68,54,80,-44
11.71,24,91,-31,124,47.21,-37,52,-5.3,41,60,-23,32,54,-27,60.99,75,-41,42.87,69.92,94,15,-37,16.02,-19.71,18.73,46,145,-15.6,2.16,-23,55.42,37.69,-16,70,47.45,-7.79,-11.71,140,86
23,98,44.79,73,-27,17.85,-15,5.11,33.29,-17.82,-15.45,10.07,105,123,134,-24.89,103,3.66,2.35,37,-7.4,64,134,38.47,-48,58.32,56.67,-9,37,61,-44,22.85,-19.47,10.91,11.23,48.49,-11.07,-16,-9,10
0.59,47.65,1,38.38,-21.15,18.73,-32,147,119,-46,107,-46,4.9,24.71,64,34.14,52.72,-43,57.85,128,-8.54,132,55,69,109,28,45,38.8,24,4,43.95,102,12,103,-8.62,94,29.25,61,56.73,15
-32,57.39,36.38,-20.17,4.24,62.93,-10.55,-11.14,98,132,16,16,-31,13.12,5,40,73,71,60.67,-19,42,33.53,64.73,73.1,119,134,52,-14.55,108,16,58.37,117,14.28,89,134,141,102,54,-10,-18.17
-1,9,4,27,1,68,-43,91,60,3.48,-20,23,95,59,73,-17,131,14,50,0,34.76,15.57,-45,98,-24.45,74.66,5.51,87,48.38,69,83,116,20,109,97,31.97,0,13,-29,61.47
65,82,-38,2,123,-23.8,11.17,104,90,102,4.04,45.21,27.86,31,-32,61,87,52.07,17.97,-14,64,46.46,68.53,52,130,-41,144,138,-3,6,2.36,27,-7.92,136,-21,36,95,-22.54,62,42
69.41,18,-6.8,49,46,75,43.22,10,35.25,-44,47,90,145,132,145,17.04,0.09,100,52.26,4.6,27,76,73,-13.05,107,23,134,130,52.24,14.11,137,-22.22,15.61,-3,48.75,118,30,-22,5,146
46,65,43,5.87,-21.28,77,-7.59,28.98,117,64,146,105,82,-15.65,56,7,110,-23.47,-7.14,33.86,36.2,-21,-16,119,142,3.95,111,110,-26,-10.19,93,84,5.11,-30,-36,27,80,71.48,61,23.99
55,-27,67,6,51.41,44.68,88,-48,1,-0.92,18,5.48,17,19,-23,6,-32,1,77,-7,140,-45,72.16,23,-8.83,47,32.54,123,77,70,-21.98,40,31,33,37.15,-47,-5.95,45.12,2.2,1.39
125,26,-10,22,-4.6,-24.62,42.31,55,37,53.22,48.73,-18.64,6,121,26,89,58,21,69.73,-20,23.36,0,-17.49,25.14,5,-9.15,-19,121,144,73.02,114,50,74.25,130,-4,14,-6.92,84,125,-13.98
130,65,107,-39,-9,86,98,-43,140,65.45,47,86,-17.52,114,-30,-21,-20.6,46,-14.91,-6,-21,22,48.39,24.19,17.55,-23,28.35,70,-30,50,81,131,19.97,98,10.03,134,44.41,16.61,5.76,-6
18,129,45,-8,-20.12,-21,-30,18.84,-10.84,35.12,79,78,69,43.31,-36,-48,133,142,6,39,145,51.57,106,-20.5,144,71.63,130,-49,24.41,70.46,127,83,37,58.97,103,33,96,21.55,43,89
47.82,132,-37,46.94,8,87,42.56,-3,100,-44,69,-19.75,122,140,146,118,-14,117,97,26.76,31.82,38,70,70.81,4.14,23,30,22,146,-31,44.99,8.87,73,-42,35.8,-19,65.52,-31,30,18.13
70,64.45,50.1,44,-7,14.12,-5,70.38,65,130,52,76,27,-11,102,62.59,74,50.7,62,64.65,19.4,149,58.6,-6.28,127,1,132,-35,-3,-8,41,145,19,35.12,15.11,-28,115,6.84,95,-16.34
44.84,88,25.99,127,70.52,-14.27,28.37,79,41.82,132,-16,50.99,3.93,99,28,-20,138,149,55,63,116,100,113,76,85,41.37,59.87,-8.68,40,-10,142,126,-23.25,8.19,-49,107,58,-20.84,-44,-20.98
52.94,117,109,59,1,25.45,70,8,77,67.33,51,141,5.48,-42,6.5,45.24,27.56,106,36.33,-18,13,81,30,43.51,57.65,114,69.21,148,-1.25,139,-12.48,-18,41.62,76,9,-41,66.45,120,-35,58
-16,134,62.93,69.43,-1,115,60.68,7.23,-24.59,38,34.8,94,-13.65,-24.78,31,-8.47,59.38,29,54.83,74.89,66.13,59,-46,10.41,18,44,23,45,-22,38.74,-20.3,1.02,14.99,99,36,4,-48,-29,95,53
32,-47,38.66,2,102,49.37,-47,120,12.06,12.39,-32,66,4.32,37.94,144,35,-1,-43,-35,23.48,3.55,-44,22.71,11.33,47,33,124,69,-6.42,-21,37,81,42,42.14,137,26.8,98,-11.63,89,38
82,107,15.23,21,5,-21.02,148,5.47,-23,149,21.46,128,96,18.79,-6,113,93,23.94,49,42,8,28,58,72.34,-19.06,-17,145,20,18,124,71,2.16,5.16,139,-2.82,-4.94,37,106,115,40.09
14.17,36.72,32.93,89,44,66,-17.76,119,-19,45,70,14.26,23.81,-22,42.88,-30,8,7.8,25.32,143,70.28,133,-3,31.78,-16.69,66.52,119,22,-4.71,32,38,53,131,81,34,94,127,22,26,-23
54,69.28,78,53.77,98,82,-4,7.41,-30,-47,81,36.49,69.66,29.23,58.51,30.96,-3.65,73.48,70.45,112,65,59.38,-13,36.06,34.39,148,36.81,8,71,74,81,70,-42,20,63,-40,-10,-15,-15.11,22
11.2,15.02,50.18,-7,21,130,-1.28,144,-30,48.56,35.87,40.17,8.85,-7.59,-13,91,136,23.71,38,28,41,145,67.13,-43,86,38.43,22.58,137,-22.62,147,51,79,38.47,118,38,26.54,136,94,45,33
31.5,97,126,-17,29.49,42,71.3,36.25,74,29,-22,-9,63.22,99,28.42,27.02,-27,-25,43,22.55,-23.29,-16,-35,76,61.38,147,26,91,62.49,-35,69,16.47,-27,88,25.03,5.41,-8.87,91,24.36,119
48.81,80,67,149,15.63,144,23.58,-8,12,39,20,132,23,63.59,41.72,63.82,48.19,25.55,38.62,135,99,61,1.44,62.61,-40,65.13,22.1,36,-5.56,60.63,119,77,69.44,-11,-30,-41,-0.12,34.41,-6.33,109
4.04,25.73,-6,66,31.96,75,7.44,100,70,29.47,20.39,-16,84,46.84,-29,148,8.21,43,66.79,20,65.54,72,19.4,145,13,36.14,38.84,-15.33,122,48.24,18,-4.73,-29,11.72,148,61,6,20,65,-2.61
34.47,73.21,-3,46,46.32,2.11,93,6,-0.46,-25,60.38,131,68.03,135,14.98,50,60,69,14,126,20,14,125,8,65.09,67,114,90,74.54,36.81,68.54,-12,-19,40,43,50.12,19.4,10.43,81,-3
-23,33.53,123,-22.25,66.34,35.14,43,100,18,36.9,12.47,32,73,79,102,21.32,63,-1.81,11,97,27.76,114,14.99,134,13.65,13,132,31,-34,103,56.81,84,-31,68,44,21,-36,69,97,145
1.22,64.02,76,143,-14.22,43,39.13,70,-1,-11.8,140,-26,41,-38,33.26,108,-20,74,113,47.12,95,45.15,49.97,56.03,131,-4.72,-48,20.84,21,94,93,36.3,12,5,-36,-28,138,11,13.13,84
44,112,5,-24.93,95,14.55,1.05,21.32,94,42.42,-8.01,55,62.61,-38,123,41.76,72.78,15.32,-3.92,25.5,-21.78,122,60.65,-17.57,-43,-18.19,36,48.81,2.52,54.93,42.02,137,53.97,44.49,45.62,50.44,-26,-2.03,43.81,-5.91
27.78,-8,66,31.17,66,5.92,3,33.07,55.29,0,36,16.97,-13.31,-4,72.51,-6,74.26,26,50.98,46.98,-0.84,-46,-5.8,-21.74,68.63,-19,15.83,-24,10,63.81,-37,86,58.83,29,50,107,63,39,-0.97,140
-18.48,-21,70,-15.45,51,76,137,41.72,9.4,146,63,-27,-36,-6.4,66,4.7,87,63.49,91,8,146,8.29,-34,55.88,27.36,28.18,62.85,130,103,54,-12.84,29.3,3.23,-5,-4,124,-16.88,56.99,57,-13.71
14.22,43.22,-21.31,144,52.96,60.69,86,140,-37,-13.3,17,-9,74,-30,67.87,42,55.33,-3.27,99,59.57,15,143,65.32,46,8.49,48.09,-13,-32,98,73,32,96,133,9.42,5,61,95,-14.95,43,39.99
135,59.57,-8.79,53.25,144,-24,-45,88,146,53,-21.77,98,148,14.73,-16.69,33,141,-9.91,64.4,69,24,130,31,-25,-25,32,75,22.11,66.53,-12,20,30.8,8,119,-32,22.39,14,119,1,31.31
77,62.45,107,-13.42,5,74.58,19.25,-6.13,64,-36,62,61.49,93,69,33.91,10.16,6.1,-8.17,30,23.98,36,-4,8.97,64,135,-11,-23,1.77,46.85,-17,-48,63,53.77,-47,143,15.5,-11.19,50,-34,60.54
-8,38,145,17.49,36,47,-33,69,-44,15.77,149,37.29,101,10,-17.2,40,123,-10.31,44.99,84,-15,17.64,-7,-12,50.14,80,115,14.04,107,89,91,44.89,144,141,80,-22,-37,60,71.84,17
-20.89,-20,61,117,15.94,140,58,23,-22,27,-23.3,147,72.3,98,-10,22.19,-20,36,18.71,42,111,92,18.89,93,68,64.92,-19.69,64.44,45,94,9.09,-13.57,54,51,120,-3.87,65.07,43,149,22
20.34,126,56.89,16,-6.07,100,12,-16.21,3.32,-41,90,83,-37,57,138,-15,-2.5,107,130,131,25.87,-2,123,32,10.17,46.6,68.09,107,20,44,36.13,-41,-12,147,128,83,-1.89,20.36,72.68,10
-21,15.22,21,37,73,49.18,34.72,-12,-4.82,61.69,31,49.67,-24.32,84,76,-12,102,-10.66,-10.38,-11,7,87,48.28,-28,-10,-21,51.01,28,-35,48.18,32,-4,55,23,-21,130,47.25,88,121,2
-13,148,147,13,19.34,81,59,-36,-32,143,121,48.08,20,117,-21.64,6.21,9.31,57.59,95,41.62,83,27.94,-28,14,54.33,110,39.64,149,-15,-7,43.34,40.47,14,48.37,128,8,15.05,123,103,72
-18.37,133,36,136,102,42.9,61,73.65,52,28.52,126,24,101,72.63,115,0,78,26,125,52.61,52,-4,50.13,0,50,50,133,9,23,33,31.07,25,97,90,106,114,-8,147,50.22,7
61.45,17,-14.27,-18.94,-22.71,37.86,65,132,123,45,48,65,-39,-41,69,-14.85,87,21,87,-26,9,67.7,72.01,16,13.11,64.98,-38,51.58,59,65.22,-21,82,103,60.33,124,35.56,29,-41,99,27.04
31,123,-3.92,-7.45,73.97,29.53,-14,2.74,22.71,92,42.14,61.18,57.29,69,6,-41,46.02,62.41,47.02,67.19,141,-7.38,42.24,12.44,11,138,53,11,86,26,61.7,46,-17.35,37.32,147,-24.9,73,74.79,57,67.86
43,40.3,15,-1.24,43.25,16,83,-19.46,30.71,43.28,-2,55.41,-38,30,-7.55,-29,-10.92,41.05,54.01,19,-20,-18,104,57,66,46.4,74,65,2,14,141,137,-5.38,45,92,46,4,28.54,127,-7.21
60.8,97,66.5,40,145,3.82,-5.34,-23,-27,40,-6,53,25,137,8.5,-3.9,121,11.17,2.72,61.51,-11,-11,126,51.59,147,24.72,-18,-15,-15.52,74,4.55,6.06,-50,86,84,31,53.3,-8,149,11.5
56.27,69.06,41,47.47,48.83,85,-13.86,-14.08,88,4,-47,44,-24,141,42,-34,42,115,57,94,2.27,-11.41,-18.56,82,8,73,141,-18.03,-14.71,15,9,15.4,-16.24,87,-6.95,36,47,7.87,-50,-10
-10.79,80,90,37.52,137,105,74.01,52,103,67.65,-17.99,124,12.46,-3,38,63.46,126,87,42,118,-49,19.03,-21.09,73,73,25.92,143,28,43,8,20,-1,-35,-22,4.06,56.77,54.14,-16.96,91,37.32
-4.43,14.87,8,16.56,62,17,-11,53,-29,53.84,30.28,-6.08,100,25.48,28.84,55.45,12,70,31.73,41,23.12,140,49.17,142,37,-28,69.68,4,125,-41,19,55.26,34,50,31,49.62,70,129,58.16,48
-48,-30,69.07,-37,18,53,85,29,-37,-39,-25,41,146,45.81,16,38,2,34,148,-4.87,23.64,14.5,54.74,56,-19,35,-18.31,52.61,-9,32.97,99,129,4.78,133,19.71,24,-21.45,-10,3.16,50.19
-35,67.1,34,-32,20,34,-14.41,83,91,-36,-8.81,-40,3.35,-7,35,22.8,35.61,33,-20,47,6,-20,13,138,26.69,42,13.67,45.35,123,1.83,65.93,123,41,103,65.45,115,-30,124,149,18.7
49,-10.07,52.65,-44,48.19,48,68.46,-44,38,148,-8.59,30.95,9.08,34.99,147,-15,7.52,65.8,64.15,110,-15.82,118,-7.64,111,52.78,99,9.14,16.23,91,113,52,-31,22.76,133,52.18,-8,110,88,3,21.94
129,71.76,40.69,-19.63,39,-14,114,-24,-42,12.63,-10.55,-31,109,41,147,111,0,-41,-3.48,4.49,21.39,138,-5.91,-31,-1.44,13,84,138,19,50.07,-11,145,-10.36,38.26,-13,142,112,-2.38,-18.84,83
14.97,43.98,112,88,30.57,-6.16,63.52,5,-12.64,117,40.14,127,42,91,-8.12,6.69,-21.73,-9,30,66.63,17.87,72.05,-20,80,98,-13.96,78,133,39.41,61.65,129,30,30,93,14.14,-47,40.06,37,141,36.73
46.13,19.94,144,61,93,53.36,25.34,36,2.98,38,78,19,-3.03,107,105,68,-31,36.59,56.3,12.28,43.83,3,34,92,63.27,16.56,46.2,82,59,133,-19.45,-12.09,72,127,121,-9.23,36,4,73,56.62
-31,10.51,72.22,-24.14,147,125,67,-8.5,56.59,8,4,96,45,56.04,56.19,6.1,59,-34,30.89,118,12,45.68,-7.6,-11.2,32.3,-45,81,-34,26,115,73.78,-46,3,50,42.95,16.56,60.7,47.44,-20.54,57
2,-14.7,-44,-18.59,32.19,-2.02,-9.88,-3,118,-5,31,95,-5,26,49.76,42.95,34.11,54,29.33,53,32.3,70.51,65,125,15,-32,28.79,62,72.85,35,3,122,32,31.01,52.45,52,67.46,41.04,16.71,94
77,16,68,44.79,15.95,-23.58,20.61,68,67,118,82,-5.32,29,-0.5,65,1.83,28.4,-24,36.1,9,137,92,-49,84,52,-18.18,35,-47,79,-31,29.63,8.21,140,-22.57,-20.83,24.52,-24,56,-26,5
70.39,124,67,-32,6.58,17.83,130,84,43,-1.17,8,-13.5,141,88,93,-20,19.22,5.8,104,75,61.59,99,-32,7.36,-18,6.19,4,55,-20.87,17.17,-18,49.73,85,-50,128,-21.72,-7,40.46,-35,-5
-22,99,0.68,137,29.89,41.74,78,-33,38.54,-5,54.35,-22,45,47,133,13,32.19,100,-38,52.4,65,149,3.6,30.77,1.58,54.65,77,48.67,58.78,142,-50,14,12,-22,-0.24,112,114,142,51.38,34
76,59,73.49,13,36,31.35,5,5.43,-14.69,56.61,7,89,8.25,-19.63,9.25,64,146,23,145,70.04,100,-1.85,70.03,23.09,38,-17.66,-2,80,62.76,-28,76,14.67,54,141,-1,33,136,-3.06,104,72
40,93,92,44.52,-6.4,36.82,38,30,-45,-9,-47,145,104,27,-4,55.99,7.37,-7,10.49,11.2,-48,83,40.26,87,59.29,-14,50,-23,12.45,39.8,76,17.58,7.14,-7.07,3.92,80,45.67,35.01,29,-34
141,37.63,50.65,71,25,39.58,63,-7.31,67,-47,59,-43,10.2,-12.83,-30,89,0.52,1.73,-20.49,11.44,55,129,64,1,54.45,-22.44,4.01,61.69,148,31,17,0.07,135,-37,-5.13,-12.23,24.31,65.56,47.66,55
33.21,94,100,92,54.78,74.14,23.64,-14,123,24.32,32,15.16,110,10,108,20.58,-20,69,125,40,-47,-2,-0.11,20,93,-7.52,115,50,-0.58,-31,53,9.75,30,11,19.26,77,141,-24.12,117,99
29.75,-45,138,-21.4,119,84,40,50,131,64.8,-8,0,97,-22.36,-12.03,63.47,74,-19.64,-16,12.9,125,103,50.65,-10,-34,54.03,-49,90,-42,50.36,20.01,68,52,16,15.06,-15.67,-18.86,123,15.91,133
88,122,44,-14,1.67,38,134,25,33.19,63.68,59,138,42,13.24,-43,74.39,-8.28,-16.72,60,96,12.08,68,101,-15.26,-17,23,-16.22,-2.35,-30,30.4,47.3,16.09,4.59,29.48,24.15,7,-22,74.49,71,-39
59.94,-23.77,10.34,19.64,32,30,0,50.07,111,-10,-13.18,11,-50,94,14,16,47,70,57,44,-35,49.99,3,71,121,30.73,60.27,10.75,-6,7.03,106,31.23,103,23,18.73,112,-38,106,7,18.95
134,148,55,55,148,-39,-8.25,24,112,88,28,-31,-9.68,91,29.35,36,81,69,29.73,42,86,45,90,50,-15,81,-30,52.19,78,50.62,119,-22.36,71.98,52.41,29,29.92,-13.06,148,55.01,52
106,147,-16.71,48.02,5.79,-48,10,36,-30,19,7.25,12.35,35.11,45.31,14,-28,44,74.39,119,-50,66.26,-42,-5.84,74,36,-12,130,60,81,8,-31,14,42.92,-38,13.26,88,-20,71.98,-35,59
64.96,15,88,9.48,-34,61,-5.66,51,28,-39,44,72.01,-1.09,64.18,0.45,45.46,-33,139,8.27,90,23,60,19.63,140,-20,18,14,61.66,-29,27.48,-30,36.91,41,18.79,140,38.52,-10,43.41,-48,15.74
77,39.93,122,141,50.38,39.47,-11.96,-18.49,139,-17,-22.94,65.3,32.28,66.64,-2.98,-39,49.94,9.42,7.3,74,95,59.18,49.13,123,18.03,60.78,45.56,-5.66,116,63.48,27.03,136,51.92,118,-3,-12.33,-16,-30,127,103
-20.74,42,48.21,42,89,-40,54.31,-22.63,128,23.17,6,-0.72,93,10,13,-23.81,104,105,47.99,-32,138,-17.34,2.25,5,-18,9,59,80,46.39,107,27.81,52.68,115,61,35,23.34,55,-24,7,100
105,72,67,77,28.47,72,31.11,128,-5.93,14.18,140,-42,-10,130,83,25.36,2,-17.38,70,142,1.98,27,-47,123,119,134,104,99,108,-23.93,20.65,18,92,-20,134,129,-18.71,55,107,-3.37
15,80,55.26,11.43,-20.44,107,91,130,45,8,-22.61,25,78,84,48,-9,1,32,81,4,76,-29,84,31,58,-19.55,125,-24.95,46,110,-7.44,19,90,67,51.52,22.02,120,117,57,-15
27.9,109,7.88,32,112,8.98,94,128,55.72,22,78,24.05,-10,-15.41,67.2,-12,-3.79,20,19,-15.87,-14,110,60,32,83,112,69,44,7,62.73,32.88,-31,32.35,114,-34,121,125,73,33,37.49
89,43,-17,46,91,63.92,64.24,127,2,39,-16,43,42,-46,79,62,7,111,33,51.54,99,2.05,80,44.68,31,-19.74,21,56,52.8,-1.48,42.02,87,-4.1,131,66,0,46.28,149,45,39.56
-11.87,-47,38.17,75,-16.61,24,148,-15.96,-6,-30,105,124,21,94,146,113,19,79,34.39,107,14,-27,-9.9,63.42,72,72.55,88,54.28,10,24.43,-21.76,14.72,67,4.52,24,4.07,-29,141,69.95,71.33
-31,-20,87,65.59,-5.13,115,-5.77,-6.53,-4.4,3,67,-48,89,58.2,51,12,-23.81,45,-25,-6,-37,126,9.32,102,86,63,-10.07,144,24,36.43,63.74,86,-40,36,-14.22,1,-42,24.47,-2.53,57
79,61.59,139,-17.43,-42,-20,42.86,-41,0,-4.36,-4,102,38.31,36.83,14.64,122,49,-28,-24,-7.67,104,43.97,-6.41,141,-0.34,-24,18.33,58.36,-5.4,28,90,37,-48,-38,57,-21,73.8,91,-10.09,31.59
49,148,43,72,-17.87,22,-29,60,60,-6,-25,34.57,67.5,46,113,139,148,10.47,-9.95,-10,76,100,30.85,10,-29,-2,44.76,64,44.76,36,54.77,5,31,110,98,82,34,24.35,111,-23.99
76,43.35,14.13,149,8.86,149,128,-17.9,100,12,18.63,-2,34,-6,80,21.13,39.61,96,-36,-18.31,-3.12,112,-16.45,83,131,133,41,-16,66,51,-6,72.27,146,100,4,-16.49,6.47,12,-37,-30
-0.63,49.82,7.25,-23,83,31,15.95,-5,49.16,106,29.19,115,68,-8.74,105,39.01,37.32,135,31.46,51,124,4.83,147,-8.61,-46,93,49.65,52,-18,47,69,87,71,79,18.17,29,120,14.08,14.73,129
6.37,54.59,15,127,54,15.27,-8.43,18.77,-37,-48,145,47.9,22,83,111,-13.99,122,-24,35,-16.63,27.25,63,147,115,33.34,52.27,62.13,61.05,20.99,95,23,41.8,3,22,71.1,11,14,69,-6,-39
-45,-26,71,139,39.68,5.6,132,28.67,69,6.31,-6,73,-15,0,63.62,57.66,27.56,38,67,57.45,71,27.83,51,50,65,-15.46,109,15.39,127,-0.55,-24.71,14.9,-12.28,71,39,94,77,71.14,23.76,112
134,114,56.14,58,-43,138,-48,65,51.72,38.66,79,133,59.61,144,-18.82,54.71,121,82,44,-41,-4.7,15.79,7.94,72,18.23,72.98,-34,58,70.28,51,139,-28,-7.38,81,29.37,-16,53,-6.24,-3,55.38
26,60.95,41,-19.78,18.22,74,-3.55,-22.2,119,116,66.05,14.1,-0.1,39,43.77,95,92,-48,51,14,-43,74.5,65,-6.67,77,45,112,-48,-34,-15.33,22,40.19,0.54,50,6,-21,-7.38,19,23.25,120
-24,-45,-21,23,71,-24,-18.39,127,106,18,40.34,-14.34,-28,28.16,47.27,4.11,-27,117,43,-27,5.88,74.93,139,-12.44,76,-11,30.48,40.27,58.55,-3,27.48,-28,133,81,22.54,148,-13,64.45,-6.35,111
6,96,0.35,-37,41,70.1,98,-10.39,100,120,89,53.06,-41,47,-3.15,0,125,43.88,-48,11.16,-1,34,-28,47.28,-13,52.19,103,-7.23,56.22,51.48,-20.4,53,38.73,29.86,66,-3.09,31,11,48.29,133
74,61.65,-17.89,114,30.68,72.61,138,60,61,0,-3,59.69,-20,27,10.48,68.72,144,60,60,18.3,88,-23.37,14.62,69,66,-15,112,124,32.14,67.89,70.51,39.1,-3.23,-42,57.49,5.32,25,48,29.33,14
-49,18.43,-15,-12.99,-6,-35,-23.12,-4.79,135,114,129,-7.2,67.57,16,-2,144,-17.48,130,-3,54.68,-23.72,20,11.48,11,-46,22.45,30.93,107,-16.78,14.3,-12.14,63,88,-8.57,101,3.6,-50,-48,58.86,69.27
126,-10.47,36,24.07,-1.7,12.82,113,134,89,59,44.3,-3.08,73,-8,29,14,66.84,111,97,-27,6.4,1.32,64,32.41,-15.82,-40,11,102,-41,-34,33.04,-42,77,38,96,64.95,114,-2.2,124,-27
130,-45,9,49,19.7,-13.57,101,22,139,-10.97,17,23.71,65.68,12.65,37.34,31,13,135,-13,31.24,56.12,-20,125,59,75,66.41,42.51,126,36.45,-38,-20.12,27.93,64.22,-4.94,37.32,14.91,39.65,23,30,39.19
-28,45.19,-13.14,58.45,111,39.9,38.88,52.57,-26,40.1,146,129,-13.81,13.11,104,68,18,19.55,38,-3.78,-16.81,120,19.48,14.73,4,-9,-6.49,14.21,97,75,118,54,9,42.68,-16.27,2,25.65,-9,4.02,-24
27.34,102,18,52.38,71,52.26,-30,5.33,83,11.07,115,22.87,-30,-12.68,26,-9,18,103,37.68,27,17.3,-27,7.87,26,42,14,104,27.34,68,113,11.17,-20.47,3.12,20,47.82,55,59.77,69,45.69,-41
37,-22,57.37,70.98,128,-42,-2,-1,61.65,71.91,30.07,-31,-6,14.48,-23.23,-46,19,115,78,131,-46,21.11,-9.45,56,24,-19,90,-13.26,107,73.5,10.71,133,30,21,-49,113,-19.74,-48,46,-15.17
-13.76,84,63.49,-19.02,-6.07,43.71,54.37,90,25.47,6,1,-24.4,18.51,14.23,0.38,60.21,66.44,93,149,17,29,39,93,2,45,40,35,16,135,49.04,0,-39,73.87,-38,-14.62,77,20.44,58,-35,7.8
135,7.33,8.32,53.92,45,25,-21,96,24,25,-2.48,96,140,83,99,88,3,-14,-16.86,54.42,72.42,141,36.89,-22,-25,102,84,11.89,-5.15,39.24,9,73.49,30,74.05,113,-4.87,52.55,-20,-20.9,40.41
-6,-15.18,74.03,-14.61,3.32,13,-32,98,33.14,-18.69,61.78,136,54,79,23.87,36,14.65,137,71.61,61.16,72.25,137,91,24.14,-5.07,49.57,72,63,32.02,-31,16.42,72.18,103,22.79,64,65,-33,-9.61,64,-17.47
-50,77,91,49,8,97,-7.46,84,96,62,13,29.68,82,90,17.84,92,-24.34,19.51,51.29,112,-38,-6.19,84,-8,-20,37.66,23.21,107,133,74,36.18,38.36,6.53,34.33,127,20.26,136,-24,111,-6
25,48,72,64,23.24,-42,28.29,-6,12,78,127,-22,8.14,17,0,22.72,85,5,-9,9,37,-17.79,11.1,-22,46.08,145,16.95,-21.35,-24.46,47.89,63,50,-13.68,112,87,127,54.63,-42,32,135
-45,9.22,38.37,81,34,-9,32.21,36.69,58,20.34,45,60.31,12,56,28,-37,-15.67,126,74,85,147,54,48.4,56,52,-9,48,25.28,-7.12,-17.8,-22.33,56.33,43.46,-37,3.59,16.04,1.07,-35,56.04,-1.12
48.54,125,25.03,83,61.25,-7,139,17,-17.02,-35,43,-8.72,-42,101,38.71,1,67,63.37,107,77,37.64,-2.74,130,41,65.77,76,16.04,109,-4.37,69.4,146,31.22,-20.51,142,68,-29,9.65,121,145,16
59,145,15.29,-49,-11,39,50.89,37.98,28.28,149,50.22,-21.82,16.61,29,-4.22,-5,-14,123,135,62,62,12,-12.44,67.46,54,61.93,21.89,37.17,62,-22,16.69,120,102,133,-14.88,-4,133,58,74.29,43
29.06,-1.4,122,54.85,4.17,103,62.75,100,73,-7.12,93,-21,35,-14.9,6.71,68,-0.11,21.4,116,-29,70,63.95,23,17.84,76,43,-38,-22.07,24,-6.23,-47,60,16,3.13,-11.3,83,147,49,18.94,142
21.67,122,9,12.6,-7,28,121,51,74,81,131,85,29.77,-35,41.16,-14,135,39.78,41.79,33,130,144,44,23.37,124,12,53.69,-47,-45,128,3,134,66,-12.03,-20.23,11.1,39.06,-23,29,55
47.9,39.65,0,137,31.39,59,107,20,-21.02,96,18,103,99,56,65.92,92,-50,58,0.53,47.32,138,19.7,47.83,64,70,74.86,-17,89,19,68,97,112,19.63,-12.02,88,43.55,109,75,100,79
81,49.54,-13,143,52.75,-33,-16.76,34.15,65,44.58,68.27,45.89,-6,145,-34,15,54,-21.76,32,110,54.73,-10,49,-16,-3,88,-2,29,65,93,87,64.05,-2.98,-42,-19.41,111,7,65.47,38.71,132
-8,-21,127,-0.69,123,66.29,14,81,1,32,21.45,23.72,41.4,11,90,113,19,97,138,-38,37,-45,-15,23.36,148,25,95,64,11,71,-6.57,-4,-18,-6.3,120,91,-4.94,68.3,53,59
25.63,-23.13,58.6,122,32.82,128,44,35.62,1,101,39.95,14,101,135,47,-48,139,123,-19.85,54,115,-42,37.73,73.51,15.59,70.31,56,119,22.58,11,123,-20.31,56.88,25.02,52,21.47,82,47.29,-0.52,57.26
-20,61.18,50,10.18,-4,66,58,37,-5.51,15,28,36,-39,-20,70.6,71.32,-1.11,38,-31,23.18,49,60,74,4.42,71,-19.75,55.5,59.95,22.71,65.25,106,115,144,16.26,31.96,3.82,70.36,42.32,17.16,1.91
48.87,-24.86,19,2,45.49,60,61.54,39,78,52.44,-44,-6,104,119,72.31,108,-37,18,89,-6.28,-37,50.65,52,21.09,54,29,15,-13,-19,16,19,16.71,74,2,74.59,-47,50,97,43,19
75,57.53,26.66,-14,15,62.24,59.51,93,68.27,81,53.03,12,22.77,-15,12.04,-37,32,137,33,7,-29,-14,-14,136,142,-12.81,20,20.62,67,138,-42,25,65.88,42.2,-16.07,-24.7,-21.13,62.95,63.24,55
102,31.48,134,70.68,39,-10.72,149,-50,-22.38,-33,122,4.84,17.1,-10.1,17.78,-6,73.79,-21.29,-34,93,-44,134,60.77,91,-11.84,134,1.5,9,37.24,17.14,35,-19.05,38.37,23.22,92,53,40.55,55,26,12.51
60,56.31,58.95,-14,70,-9,29,62,116,18,73.12,-32,57,-1.86,49.51,36.36,112,55,17.87,113,-24.73,-4.04,106,25.61,-17.34,136,-24.32,114,-12.11,0,10.64,89,98,22,144,-50,24.41,130,54,64
-16,8.04,40.26,-38,117,85,-8,-5,-9.07,70,31.29,27,86,46.57,35.04,-3,-18.22,-30,-8.71,119,-9.04,-21,-7.34,16.53,12.04,103,47.81,-20.19,52.4,36,6,41.53,30,37.89,128,12.67,68.24,-14,9.5,17
72.52,-34,65.64,55,3,136,66,107,-20.17,10,60,135,26.39,46.33,-30,133,111,-11,50.87,103,79,-21,82,7,-24,37.82,7.24,7.85,94,32.1,113,126,11.23,-13.22,8,17.67,-19,6,116,117
17.37,136,-47,15.53,-13.1,36.13,15.45,70,124,-23.66,40,26,143,86,-24,50.23,16.46,98,147,32,90,28.35,-12,85,7,130,12.23,-29,49.72,15.49,36,133,66,26.1,88,83,70,2.01,139,40.87
64,40.04,68.33,-50,0.31,77,19.29,68.46,141,12,148,-25,132,-21.29,0.74,66,52.31,138,47.11,3,-26,105,18,90,69.84,53,-20,-12,51,37,21.18,55,33.8,103,51.51,-8.05,73.04,-15,66.33,-4
42,-23.96,-5.52,73.7,137,32,17.7,54,-45,8.21,75,140,-30,29.2,88,-34,-36,54,10,33.96,42,21,136,30.3,82,16,29,-22,37.04,-12,124,48.73,60.57,62,22,25,60,146,13.5,36.99
86,141,-33,51.59,-7,7.04,14,-24,99,98,72.05,-13,-12.76,75,67.98,8,-7.33,91,101,9,125,-1.73,11.6,97,-6,17,27.55,-19.07,43,-16,-13.56,79,53,40,52,89,-17,41,-10,143
69,-11.51,-47,135,30,125,-7.46,-23,66.35,131,34.83,105,115,-15,82,124,61,-44,63,-12.81,-39,46,72.93,74.69,3,-17,-19.98,34,61,108,69.69,122,-17,9.12,106,37.8,79,-22.12,115,140
-7.9,2.05,143,11,90,88,-23.37,6.02,-32,126,92,51.21,-26,57.53,51.18,36.61,-35,7.35,24,39.68,6,56.11,-42,-13,95,4,129,-18,134,64,21.48,65.09,-16,3,14.78,39,145,17.08,-0.5,35
67.37,120,70.99,-0.85,-1,-46,92,-21.86,10,-17.96,95,44,16.96,131,141,34.69,25.06,-15.81,35.05,62,-13,141,-3,48.07,10,14,109,-26,52.38,33,6.18,148,16.49,-23.28,88,-42,59.93,119,12,29.97
29.68,-18.45,31,14.62,30.47,30,63,-8.73,84,103,1.99,9,133,37,43.98,24.85,108,7.38,143,142,38,13,32.16,78,10.75,68,84,110,9.48,5.94,100,50,139,49,22.9,1.12,125,74.34,-35,93
24,72.69,70,12.63,8,-19.45,31,2.01,90,-16.33,37,33.87,3.54,62.35,25.04,35.64,119,-6.84,0.24,39.15,-3.43,-46,-26,110,25,131,-32,-5.49,113,84,-23.24,66.69,-28,110,-13,144,40.79,22.44,6,42
104,9.39,-44,52.9,49,35,120,-21,-15,-1,-9,-4.38,-0.55,59,73.62,74,12,-16,-8.62,14.23,18,119,29,39,99,-23,82,-13,63,142,11.38,69.4,25.04,30,139,-6.63,-10.98,-1.17,60.23,-8
43.26,1,119,85,-47,-45,115,-20,26.69,49,34.68,34.82,3,68.85,64.48,149,84,107,19,-43,87,68.53,78,56,134,-4.2,1,113,20.48,59.26,95,99,28.09,55.73,-21,0,-34,-18.39,121,49.64
45,-17,116,20,63.33,-15,-37,-33,32.5,-7.29,29,-46,82,5,16.22,-20,46,-25,30.91,-11,5,63.98,6.52,-24.21,57.12,54.86,-7.03,51.38,21,8.68,9,3.03,32.8,-2,43,10.55,67.74,27.41,11.6,12.34
61,-13,37,-4.01,13,-30,139,9.72,67.78,19.16,-24,52,29,78,62,34.68,49.23,26.68,4.98,57,17.45,20.39,-17.73,18,-13,-17,62.57,117,8.28,54,42,55,127,-2.49,48.52,-28,-13.93,93,-47,11
81,104,122,51,100,101,1,-3,-19,-15,107,-22.4,59,-6.79,74.32,-48,61.85,23,0,-4,60,74.27,9.69,40,21.47,111,9,-4.73,118,53,15.93,-19,122,25,4.13,-20,38.79,106,-20.78,3
-13.45,36,70,-37,86,136,55.94,48.5,110,-11.78,18,28,27.11,102,-18.02,48,90,56,-23.46,5,71.58,49.54,-7,-7.51,9.94,12.26,47.96,92,-13.66,-26,43.81,-36,32,57.95,123,70,-6,-10.28,74,33
127,101,12,38.43,38,72,-9,-34,108,100,-1.33,69.2,123,81,86,11,55.91,-8,-24.18,-44,149,30,-17,81,-6.61,114,-4,-43,-4,37.21,138,93,51.12,94,-37,138,-31,62.31,-3.6,56
-13,0,143,10,69,-20.63,30.16,39,96,51.19,121,86,145,74.91,-37,143,53,-9.96,-12.98,121,-21,-40,-20.73,52,67,20,11.04,118,50.63,131,83,9,0.22,-11.09,42.33,-29,-6,32.23,21,65.89
28.45,0,27.83,85,-15.78,141,39,57,149,-15.3,71,73,-11,24,38,-13,128,0,63,109,-1.06,-1,0,27.82,148,28.09,36,47,34.55,-43,-7,-7,24.36,9.78,51.51,-8.65,-21.52,17,53,42.69
9,40,98,129,58,127,-3,11,149,89,38.28,6.82,70,149,1,26,71,33.82,-6.55,8,56,21.99,130,34,100,21.87,17.32,37.3,47,10.56,-4,38.32,87,40.2,67.86,74,-38,1,-6,39.55
-16,10,-4.44,27.81,149,20,-15.96,58.4,-33,25.47,16,44.14,64.51,53,-16,-0.2,121,40,-26,-15,23,19,49.67,38.82,29,-10,80,-10.9,18.45,-9.12,138,-14.55,74.01,36,54.82,62.18,-38,-23.21,-16,-34
8,-34,35,0,141,-39,146,14.26,82,1.66,136,64,42,11.83,33,-36,60,-38,21,-19.45,64,136,69.12,-8,134,135,-37,71,10,-2,107,55,-36,72,60,19.64,-21,21.89,56.72,67.11
84,149,21,7,-3.87,33.6,12.66,-2.27,21.75,34.44,4,131,132,-6,-49,77,115,-15.91,-36,90,107,59.08,9,108,60.56,50,24.54,6,118,77,-14,46,32,35,78,0.41,69.07,101,57.77,19
16.08,13,46,62.66,13,45.49,10.13,9.1,16.25,47.81,41.71,10,93,-47,-0.13,130,70,-10.84,95,47,60.92,63.6,111,97,117,52,44.77,9.17,42,-7.15,107,78,22.11,73,16.93,25,43,40.42,73.41,57
102,25.02,-7,-15.72,-22,67.92,72.46,39.59,123,68.69,67.44,-12.2,8.99,67,69.03,-6,14.04,47.98,4,64,148,27,136,20.92,5.51,-14.07,-41,140,54,-13.79,149,45,-7.55,-33,-21.44,146,-18,62,41.25,78
123,45.16,74,-43,-5,28,5.82,134,144,-47,30,41,2.06,-30,-42,65.24,68,-4,68.88,51.93,1.85,106,30,65,92,120,44.33,71.1,-11.31,31.13,65,1.65,47.46,46.06,22,54,36,-13,18.7,134
96,68,19.8,-14.22,73.3,41.02,30.58,6,-12.14,135,-46,145,54,57.93,83,149,-44,-40,44.84,-31,10.49,41.32,55.96,129,72.79,5.82,96,27.05,52,28.1,87,64.93,55.12,139,141,30.08,6,-14,10.04,-6
-20,0.1,2,16,47,-24.82,5.7,-34,5,40.32,-23,28.06,-11.5,74.78,24,58,32.81,23.1,122,-1,26.7,-44,53,-25,29.91,132,66,-11.36,-24.71,69,5.2,107,-6,-42,123,-8.95,28.18,75,67.73,-6
45.23,-15,46,29,143,107,42.55,-21,-3.74,-7,39,136,5,91,-2.44,137,101,36,-17.34,105,4,58,61.12,46.62,-40,-49,71.35,13.92,17,-20,-33,120,-16.86,124,-44,46,4,113,40.67,36
138,44.7,12,-46,21,8,-17,21.51,-17,-33,43.08,66.17,70.32,13.13,28,32,-26,15.18,-14.73,68.34,112,21.55,105,62,143,70.23,9.89,31,62.33,107,-4,-30,67.7,62,-10.57,13,25.84,3,87,114
9.66,-20.78,-40,-3,79,144,139,74.11,-44,72.14,10,4.32,64,31.54,120,78,4.25,12.68,4.21,3.42,39.84,59.87,-6.34,61.96,-12,147,68,72,104,35.5,-23.3,22.07,69.19,101,-20.85,38,-29,-7.54,80,131
41,62.25,21,-13.39,58,117,76,66.26,61.87,18,69.78,-9.3,33,31,-3.45,1.24,97,-18,93,52.44,59,16,148,136,121,75,28.82,139,29.77,142,38,-8,-18.13,-25,26.06,86,37.88,124,33.15,36
143,-7.33,-2.56,50.85,-8.53,16.03,-19.74,16,89,70,-36,104,40.33,14.16,-21.44,122,126,-19,8,54.09,63.07,45.67,-9,85,21,-27,15.18,51,87,-29,42.26,-30,46,-1.61,-19.5,77,111,-15.37,6,71
17.68,33.12,36,-26,62.19,71.42,121,48,73,38,-3,28.04,88,-35,81,42.1,141,64.24,11,0,113,69.62,56,-4,41.47,-24,30.77,143,-6.42,73.07,2.55,113,-28,66,29.3,-38,79,-22.46,11.75,-37
-8.75,-24,-19,59.68,-13,-45,135,52.83,-29,19,15.99,48,60,10,-12,-8,49,51.94,62,5.88,92,68.1,63,111,16,29.96,-48,-6,-10.29,36.08,-45,-46,67.65,-1,64.26,92,-16,86,25,2.5
-21.32,-10.55,15.93,30,2.19,6,105,30,69.36,24.5,127,-29,108,54.63,100,142,13,90,28,72.17,-17,73,-17.11,54.85,29.69,-0.57,-3,-7,-30,98,4.07,-23,104,71.09,89,14.28,88,83,41.41,6.86
2,18.38,-6.26,32,71,-12.6,107,142,12.54,31,4,0,54,3.98,21.15,102,-39,62.23,13,-23,125,-3,73,65.68,86,66.93,65,58.79,13,63.91,18.96,147,44,139,-36,50.27,-6.68,-10,-14.2,97
5,58.79,2,-9.51,46,-14,120,27.9,-7.38,66,-38,-3.44,148,-24,72.99,-10,-19.59,107,3.84,20,101,141,-22.44,38,105,-26,17,49.1,116,9.34,27,56,38.95,-44,33.72,18,38.68,139,19.3,-46
147,30.83,38.99,47.82,49,-13.74,-37,104,41.95,93,4.98,116,23.8,6,50,109,22.74,134,4.69,52,136,-4.71,3,11,135,56,32.1,32,126,111,100,48.99,28,17,140,-30,-18.69,-14,23,62.96
59,-1.9,-14.08,9.73,105,24,54,48,-39,-2.89,51.01,63,-4.15,-7.24,1,-16.49,58,54.84,35.49,148,56.28,85,74.96,-20,42,54,51.22,140,29.61,54.63,34.87,62,107,145,-37,149,8,-6.64,140,42
86,68.81,15.46,101,17.52,123,35,77,104,18.26,53,117,-43,60.53,38,62.97,-29,85,-19.66,45,44.39,-6,11,15.04,3.35,-49,56,12.08,102,21,61.39,93,-7.32,-23.06,39,2,-2.83,-24.07,-5,36.03
24,-14.56,30,87,49.22,125,134,54.72,131,-43,34.3,71,107,67.25,26.19,69.35,95,112,104,-10.54,70.13,46.25,-10.14,16,51.98,121,-39,33.78,-16,42.23,117,110,56,125,50,-22,-32,1,24,72.46
10,-9,-19.56,-5,62,12.66,129,60,30.08,-11.74,121,-9.22,8,7.24,44,129,105,-25,74,-14,3,48,-34,26,-47,73.08,125,69.48,-4,-7.25,72,7.32,88,135,38.5,-12,18,105,20,-9.07
68.65,82,-44,13.81,123,78,21,97,-20,1,145,-11.11,10.62,-20.64,-1,-43,5,44,74,97,-35,21,148,23.74,111,26.85,116,-28,61.07,-49,49.68,-4.55,38.18,69.64,114,45,97,67,-45,-23.43
35.75,21,11.49,101,23,57.95,135,16,-39,73.2,17.8,39,-11.47,119,-1,74.83,71,-12.86,67.79,-16.39,48,57,48.99,133,78,27.23,149,-9.65,-11.27,-13.46,10,37,3.83,47,40,1.58,144,40,5,44
112,52.17,-21,-25,68,65.87,-42,-17.16,-50,94,61,-1,-3,125,54.46,4.13,46.12,133,100,74,4,87,137,74,72,149,96,78,74.84,47.75,-46,3,57.38,-18,73.95,-13,134,140,-0.67,19
21.59,13,-30,-20,0.94,61.55,97,-32,16.15,57.82,74.62,-7,101,23,29,95,61.6,63,34,26,-47,111,149,-9,77,72.95,144,86,46,110,-44,66.27,-23.97,-50,60,75,-9.39,43.21,79,67.85
19,-41,29,45,39,-6.8,134,-19,-14,148,33,0.94,142,29.6,-4.08,73.22,52.46,117,126,71,-31,114,109,131,34,66,72.8,39,29,-15,41.46,120,39.49,26.54,56.89,-45,32.07,2.69,10,14.57
-31,111,-2,-1.06,-23.69,37.75,83,64.56,86,18,24.64,-8.51,95,149,60,-31,32.22,-13.03,26.7,-44,48,73.99,139,103,65.57,49.17,20,-15.12,40,-4.28,34.19,148,24.83,147,14.87,39,38.21,46.76,112,-41
61.03,-19.08,-41,101,-38,-14,-3.12,26,17.43,-2.64,26,-30,113,67,81,-7.15,-0.45,82,-19,142,36,136,52.21,26.27,0.99,64,131,0,9,45.02,2.82,-36,81,46.07,64.01,45,129,14,32.46,88
-38,-8.17,49.1,111,66.98,56.11,40,-34,19,53,-6.32,93,46,36.56,123,24,-39,8.57,110,61,4,-34,35.39,22.03,112,67.31,40.53,24.19,12.8,39,99,3,65,71,-19.34,33,9,99,94,-12
50.05,18.65,-29,21,3,16.04,-42,146,-12.83,130,2,118,-3.44,115,24,30.83,62.18,-10.33,45,59.43,57,54,66.67,127,49.81,43.03,13.85,-6,76,35.43,34.38,72,15,147,99,-13,62,-22.88,84,10.7
-23,55.41,-44,119,102,-35,60.35,61.52,48,-3,51.42,63.81,56.52,110,147,64,91,29,105,105,11,42.08,-25,76,15.46,19.19,137,96,-23.94,112,-13.05,93,13.38,-10.1,63,55.84,49.66,41.11,52.61,72.88
144,-3.42,68.53,-50,17,131,-35,28.47,100,72,86,137,-11,67.78,73.35,137,-20,-27,117,-17.61,-0.77,48.95,-24,147,-23.7,-26,84,72.4,54.84,10.13,-5,13.37,73.59,43.76,-18,63,-5,-9.2,88,62.47
12.59,34,21.11,-4.96,-7,79,118,119,43.85,7.16,67.32,61.31,95,-24.4,61.53,62,63.97,-3.46,77,29,84,30,-1,-46,64.15,78,-32,-22.73,32,94,11,108,53.61,-13.87,36,-30,21,-7,73,51.29
106,7,27,6.84,-10,95,27,43.95,10,17.98,27,118,22.23,2.83,10,6,68,22.93,-18.65,15.68,22,29,19.83,116,-45,20,18.09,27,47,24,48.74,-31,-18.21,87,25.72,58,-1,73,-10.31,110
-41,-44,145,-21.82,21.26,36,96,-20.91,88,73,56.03,0.56,109,122,53,46,56,83,118,11.28,107,-7,50.74,2.1,17.73,28.15,82,40.8,4.13,55.26,2.4,54.67,-7.31,-31,105,89,61.34,20.2,63.38,10
65,55.55,5.1,58,51.79,13,-14,146,48.14,131,98,5.61,12,16,4,57.88,-35,56.4,6,27.44,64.68,16,118,-0.29,1.16,2,-19,108,116,63.55,99,148,70.17,20.56,-43,56,-19,35.85,140,94
52,13.52,118,-40,-37,114,72,33.95,-20.62,31,36,62.04,-26,-13.77,-39,-20,98,65.45,57,11.03,-3.82,37.77,-14,-35,3.16,-2,-9.33,5.63,142,39.61,47.12,1.79,-32,35.94,33,68,-9,-17,111,-12
-10,89,52,52,-19,91,-9.73,-15,127,112,47,56,50.43,142,37,9,33.81,-21.67,116,-29,-26,62.99,58.59,46.11,97,-15.73,135,119,127,5,-13,118,-26,49.29,60.44,50,79,-16.41,114,26
-18.85,-31,53,9.28,137,26,71.4,29,34,34.6,-7,47.75,56,-41,18,27.33,82,55.21,145,48.22,14.57,11.27,-19.92,74.13,71.32,-17,70.27,39.13,18.14,23.73,-28,65.62,13,60.94,63.22,56,10.83,7.84,-16.54,-21.34
55,82,35.42,95,-10.53,38,7.69,109,60.82,22.58,-16.01,-34,50,-10,-13.13,28.71,42,-25,-31,21.43,90,121,-28,-4.62,64,-38,130,48,137,0.02,141,11,86,19.8,-4.54,3.84,39,9.03,16,3.95
-7.52,64,41.2,0,16.26,139,-36,61.46,69,-20.19,42.66,-47,69,2.56,39.77,2,-29,60,69.38,8,142,37.8,7,31.35,-44,66.36,44.07,133,114,74,22,-19.42,17,38.77,25.96,21.41,21.15,149,42,144
80,139,23,38,74.27,68,-5.47,-1.66,66.67,62.48,10,111,51.44,67,26.14,120,22.49,27.48,35,22.74,0,-9.53,123,55.97,62,-18,29,65,-4,-24.42,54.53,-25,83,-18.63,-25,-5,-16.86,65.36,64,120
-10,-11.06,5.18,-47,61,98,-9,13.68,4,24,50.38,29,-2,46.1,68.15,42.49,3.05,134,41,89,59.2,136,33,89,-25,49.37,40.59,-19,61,3,-24.16,69.06,54,-8,81,65,86,100,-13,5
28,99,-20.48,39,-21.99,1,6,12.62,149,4.91,147,35.61,3.13,-13.01,5.31,111,1.88,65.93,-21,84,42,68.95,72,61.29,46.14,19.58,3.41,29.52,38.51,55,73,67,53.66,-11.14,33.7,-4.42,-0.04,68.82,-17,13.84
72,57.64,143,-24.43,-13,9.9,78,146,-4.95,39.84,132,130,102,-13,22.5,56,23.64,37,92,30.28,72.04,52.8,52.58,34,30,4,-35,-3,-23.38,127,31,31,11,-11.37,65,73.36,-27,13,-20.88,45.06
-46,67.05,55,15.2,65,64.94,32,78,60.07,34.82,43,76,104,125,-22.09,34.42,68.45,66.43,41,69.45,91,2,114,42.61,-13,-38,56.82,65,55.78,67,118,-18.51,5.58,14.65,-6,-12,-37,60.55,5.74,-20
-5,51.27,107,124,57.65,-24.05,49.58,75,-38,13,61,108,95,-5,70,87,20,50.94,-41,-21.84,1,134,32,25.12,-12,-32,72,84,-24.09,132,48.57,2.47,-13,136,31.34,66.75,14,62.34,90,-23.25
-21,49,37.35,92,109,61,70,58.06,88,-38,137,121,-21.07,-23,29.44,-13,67.12,79,-31,31,136,39.12,67.82,-29,129,84,-45,34.01,66.71,49.55,70,57.01,-15.72,11.54,68.63,38.74,28.35,28,-12,49
-24.19,50.4,-39,63,-20.34,35,58,56.76,118,66.62,4.07,44.63,17,40.7,128,9.99,58,46,56.39,27,-23.26,109,47.62,22.24,-10.78,61,35.27,-49,1.74,-4,-8,109,-1.08,0.83,-20.68,44.32,-12,69.45,46,63
-2.65,87,52,23,48.08,-3.33,120,62.48,72.83,40.39,5.84,22,64.88,16,-6,145,23.75,50.56,-17.42,115,63.08,29.32,11,20.66,22.99,-1.74,17,-1.98,-21.77,63,12.61,11.18,42,31,14,7.59,-10.53,-8,-26,118
-7.55,87,50,38,28,-5.67,93,25,-24.56,102,20,70,132,135,-17,35.31,-31,-38,52.25,137,43.11,47.14,45,13,65.16,78,61.41,45.43,24.36,65,28,58.3,61,-16.68,69,-18,117,-47,59.78,47.36
16,18,97,-28,50.47,12.12,-17.46,57.53,113,117,-19.59,-1.14,72.56,0,-13,-32,-16,-20.76,140,35.51,-27,93,-17.96,33,18.77,33.54,-3,22,19.16,22,-31,58,0.07,52.71,65,9.13,31,-12,-23.29,-6
14.7,-48,29.88,66,68,0,28.55,19.55,10.23,91,-30,26,32.48,-11.5,-13.7,61,-0.56,126,-13.35,141,-22.79,-12.33,-45,83,70,29,20.93,90,-33,-5.2,74,139,-0.74,108,11.92,93,42,119,95,-14
49.67,-1.16,95,-20,104,56.04,70.82,29,35.14,64.94,72,-24,50.81,-13.3,14.09,-12,92,24,64.04,-12.48,20,32,141,71.24,-46,121,-2,137,61.95,-26,-6,-5,3.46,60.65,-8.5,20,14,82,45,63
40,-17,-19.02,131,74,-46,50.67,61.21,41,9,31.23,-16,63.12,7.51,124,-13.99,79,-21.54,96,33.79,29.98,66,89,40,85,51,9,-36,12,-23.5,50.5,20.9,115,9,-18.69,-50,-22,39,81,61
129,4,-2.91,20.42,125,56.47,16,22,44.06,99,-19.88,3.53,-50,101,-13.34,-2,41,60.36,54,11.96,83,-37,138,77,14.34,70,1.52,88,52,1,60,13.38,20,65.91,146,115,-0.71,86,146,106
95,99,-15,-29,102,103,61,71,98,43,64,58.32,49.85,68.89,-3.87,-31,114,2,-2,58,3,30,-1,55.46,19,0,74,45,55.2,9.66,-29,34.76,-10.82,0.45,-9,-24.78,82,32.16,-4.8,11.11
15,77,-30,92,25,38.37,-44,55.12,44.83,-24,-0.32,6.51,44.56,18,1,-13.17,-2.51,120,93,91,101,-24.83,-20,37.04,-8,28.16,-18,117,64.13,70.88,61.97,-21.08,61.98,99,-21,25,27.69,91,14.88,98
118,65.39,-26,120,22.82,-22,-32,-6.78,63.81,56.19,57,47.91,67,49,-26,69.58,20,14,-18.63,20,-4,17.33,6.04,147,124,73.49,-23,74.9,-12.26,30,-3.23,-18.43,-17.68,11.87,-38,65,-0.88,42,0.74,22.08
72,34.46,18,68.38,-24.87,-23,135,113,7.93,118,131,-12,-2.55,9.8,55,61,3.78,94,13.44,7.29,31.1,-15,14.16,53,26.95,77,20.85,26.53,26,8,145,27.74,85,41,51.16,17.04,-11.55,72.39,-20.35,37.95
43.27,67,-10,31,13.26,41,-38,9.71,5,66,141,-11.68,6.89,54.8,48,97,135,-23.38,145,52.63,-6.49,77,107,65,-7,-1,101,102,57.34,134,20.74,77,65,5,26,21,57.41,41.31,-26,27
-9.24,54,73.83,73,34.92,-7,62.14,-19.04,25.1,53,42,23,4,6.15,100,42.23,93,-26,72.96,-37,2,-20.42,98,136,84,4.04,-8,19,49,29.71,4,-45,87,8.96,136,141,34.06,105,35,129
128,120,58.33,122,102,71,-19.95,-47,18.57,46,-11.95,100,56.46,71.26,144,50.78,-0.11,8.64,34.53,43.22,94,-18.86,42,-16.42,29,21.37,-29,88,19,141,65,100,56.65,115,17.41,-50,17.25,6.19,55.76,11.79
67,-19.84,-40,44,-43,142,6.87,53.77,-20.14,50.06,12.85,133,87,-24.91,30.55,70,42.36,136,19.69,-24.4,14,68.02,-2,137,-2.55,59.88,10.86,-45,47,104,73.2,-6.49,45.61,-0.66,54.93,9,25,29.1,121,47
56,-17,-5.63,82,19.78,34.26,70.89,41.47,61,35.69,78,-23,89,6.04,93,55,-7,33,12.05,67.59,149,-19.67,-13.42,-1.98,-29,38.08,45.44,-8.58,26.1,15,3.46,122,31,-8,71,45.67,114,20.42,-38,73.8
-44,-10.15,22,42,57,42,130,-8.02,77,9.1,23,-5,-46,129,135,31.91,36.23,20,65.98,94,72,-11.19,-13.9,-6,71,45,69,-19,37,-34,42,6,91,23.29,-10.84,109,142,43,8,35.14
1,107,59.49,126,58,96,109,17.58,7,98,-33,62.76,16,98,22.99,87,50.97,-17.07,122,80,-3,60,45.83,-15.62,19.55,3,-2.62,6,22,62.07,128,60.44,21,73.43,14.31,61,-3,126,80,68.24
16,-42,-11,36,-38,-33,9.98,14.02,6.06,42.71,-13,43,-32,50.14,-11.97,43.99,10.54,98,21.5,18.88,53,65,45,62.57,47.58,63,88,82,122,52,107,79,64.86,-21.59,-23.91,-49,26.93,55.64,-37,-8
7.57,24.84,1.5,-8,-10.76,69.97,62.94,21,49,52.28,-12,70.93,82,7,118,-2,148,-2,86,-21,138,104,24,49.27,13,18,40.76,111,32,116,1.51,69,133,-46,34,-6.94,71.17,-18.53,38.93,122
137,100,91,19.97,-15,40.38,44,87,36.34,135,74,43.43,47.57,-46,10.63,44.93,38,109,28.72,-2,-7,22.54,32.7,8.3,117,10.96,29.55,57.84,41,43,9.11,5,13.02,49.56,68.53,-30,30.66,-40,-11.44,42.41
39,7.47,18,141,-10.65,28.67,-13.79,63,2.8,21.37,35.78,-3,22.79,18.03,53,42.78,-37,112,-9.04,33.51,-50,43.33,-18.92,13.38,121,38,132,2.01,35,115,9.74,-37,63,122,25.06,39,-20.08,66,95,100
-26,-11.21,49.56,-0.65,-22,10,-11,29,-28,66.59,27.73,36.6,-38,25,-39,7,36.32,125,106,33.67,1.96,27,53,31.3,72,47,-12,14,124,-50,15.87,13.32,64.16,135,-0.84,66.71,-35,24.82,141,-13.95
46.8,16.84,17,71.61,10.57,39.28,80,-7.87,-35,28,-12.4,37.76,52.63,-20.99,48,11.39,65.88,60,7.58,0.6,64.21,-5.53,29,112,-48,49.84,134,47.27,5,20,86,119,7.54,26.84,99,9,145,17,105,127
86,-10.33,29.76,-19,76,34.27,14.85,7.66,46.56,148,-5,44,-45,26,110,48.63,-7,72,66,88,75,44.9,84,-23,-47,105,57,43,58.28,63,-11.97,74,82,113,-22.33,-21.24,-23,2,112,34.6
74.8,-3,70,44.55,-18,12,17.48,82,138,-11.05,34,37,31.93,57.79,47,68,11,15.05,102,132,66.02,142,68.38,37.52,53,118,18.78,103,73,63,36,23,72.88,-39,48.91,134,45,38.96,-45,51
2.47,52,25.33,-6.3,19.75,55,26,20.84,116,36.85,16,8.9,62.77,31.17,98,87,44,11.64,80,52,148,118,28,44,61.12,-19.61,-9.33,-11.83,-0.73,-7,-4,148,66.67,-23,50,-22,101,0.9,42,33
63,-49,29.9,-12,64.31,71,119,74.39,-27,-40,-15,4.62,-14.3,-41,62.71,38.81,0,-12,63.74,100,68,141,-10.17,74,31.78,-48,-9.88,54.07,102,127,103,53,-8,71.91,-25,73,105,64,-10.2,-9.56
61,50.19,70,110,-5,-16,-12,137,-46,30,61.04,57.81,149,24.88,64.86,-23.37,40,140,47,-9.95,-3,40.8,2.41,-20.73,58.62,10.58,-38,57.87,-2,28,25.01,-13.71,58.73,58.79,54,-13,135,110,41.02,-26
45.58,-36,-29,-33,-38,110,101,75,2,-39,50,124,-34,73.94,51.77,-13.32,-8.44,7.91,111,54,114,112,33.59,17.28,137,48.4,62.72,-18,-7,-18.78,23.98,-22,-19.7,-27,-46,0.91,32.14,21.21,30,57
-12,-42,-40,33,102,14.4,-12.55,141,-27,122,63,58,12.94,61.28,1.19,16,-2,70,38.62,23,-21.26,142,-20.86,98,40,94,36.09,95,36.14,12,128,70.69,-15.46,109,19.34,-5.22,71.17,-14.1,135,133
13,140,87,-8,128,113,78,4.47,-3,111,-48,28,42.92,38.03,-39,113,22.69,49,54.28,52,-43,49.59,14.28,-17.64,59,-4.04,119,49.48,131,42,-21.88,16,72.83,77,22.17,50,-26,67,18,87
143,11,47.88,-12.28,61.55,20,68.78,86,71.2,50.16,-1,65.33,117,139,-23.87,67.66,81,37,94,-24.17,60,-13,-5.55,49,62,100,52.9,-13.97,34.73,85,84,129,84,94,39.54,102,116,-27,109,54.26
-23,64.24,28.27,65.28,-45,7.9,56,79,107,60.71,102,-15,54.75,85,141,22.89,9,86,19.11,70,49,149,45,117,68,143,84,26.94,11.67,15.85,39.28,-11,-31,9,-2.29,68.17,-5.47,-2.4,-6.87,33
93,131,125,-7.34,-11.82,13.39,45.19,16,48,-0.99,37.17,18.33,58,122,31.87,12,-22.66,-3.86,58,22.86,121,37.1,69,9.13,-5.96,58.36,-50,100,114,-2.09,-19.81,-10.19,30.69,14.1,131,0,15.38,65,-6.65,32
134,-13,29.07,-19.43,55.29,28,-9.79,55.11,55,108,35.27,49,65.95,50,-48,46.18,-11.2,57.1,110,17.83,62.61,146,38.49,116,141,124,51.36,-36,27.93,42.26,37.52,-24.84,74,-6,60.01,-40,13,-24.68,-20,-6.54
127,65.69,21,-24.68,-24.87,4.53,-37,124,67,99,26.64,55,73.42,-48,59.79,8.47,3.65,56,-19,0,40.55,10,8,126,-45,45.35,73,69,-4,70,-41,-1.35,-38,129,59,20,10,46,33,-21.55
42.5,49.37,140,1,1.31,96,-23.29,90,-3.28,-47,20.18,23.96,31,-27,29,11.07,61.19,27,3,131,57.13,35.65,60.99,-46,71,-29,48,19.49,3,44.88,39,-21.22,10.07,71.36,106,125,128,16,-6.49,31
124,63.28,44.41,15.02,106,6.34,130,132,23.3,129,65.5,146,-13,44.1,23,65.81,84,-15.69,42.4,14.35,50,71.81,-35,18.37,110,51.07,106,36,86,-3,-31,20.03,-4.25,-18.15,71,64,-4,31,-22.94,-4
49,15.01,34.88,37,48,-22.58,71.28,100,80,125,48,80,135,-12.39,34,54.87,-29,-3.05,-31,56.11,54.01,131,38.58,44.88,-30,-12.78,117,35,37,69.59,53,59,21.73,120,-0.66,0,-42,-2,44.04,66.24
-35,63.92,-14,-44,68,67,27.15,94,68,17.77,22.55,85,30.13,-42,22.89,57,73,-4.57,121,34.56,22,115,149,-23.58,130,51.46,139,64,84,-5.68,2,-48,-8,33.5,67,55.47,-6.55,8.56,139,1
61,29.92,134,7,-22,121,55,8.55,74.96,53,96,98,88,15.51,106,130,-8,24.07,15.86,140,19.82,-21,121,93,55.71,0,-19,8,62,106,-46,62,62.26,-37,-11,63,37,39.82,79,43
-9.99,34,38.63,123,-19,10,94,9,24,-46,17.57,2,4,145,-6.46,143,68.93,55.95,26.75,147,72.01,117,83,1,120,62.84,-18,73,-21.44,50,-22.35,-17,1.15,57,26.08,-49,26.82,26.42,49.78,128
-4,103,-25,60,-37,9.47,108,137,83,68.97,-24.34,22.66,35.4,131,146,62.7,-37,8,33.48,30.55,1.99,37.52,-27,45.31,44,106,1.26,51,74.26,39.4,-6.48,12.41,30,-2.03,108,60.7,138,57.69,108,141
22.78,50.75,-33,-13.4,130,112,66,65.28,20,-39,48.13,16,16,132,-17.54,45.11,-11.61,110,54.1,147,-36,-7,76,68.76,43,95,101,51,-5,-14,135,25,-21.58,-11.43,109,13,88,102,12.8,77
131,119,-1,2,21,-4,29.58,-36,10.65,3.72,50.96,137,66.48,55.71,135,-21.04,-28,49,10.42,30.3,64.43,122,13.88,-49,26,-20.04,-13,-28,46,-0.18,17.21,45,92,-31,55.8,38.71,-10,44.02,74.04,41.77
89,120,105,47.14,94,149,-12.44,-17.94,135,-4,69,-20.1,47.33,-10.71,13,39.26,90,26.67,51.26,83,20.43,-9.42,5.62,28.52,147,6.79,15,3.05,138,42,-42,30,7,40,9.25,125,28,78,21,54.5
60.45,-14.33,15.19,135,17.88,36,59.45,121,134,52.56,69.41,57.45,26.58,18.66,42,-4,-33,116,-3,32.68,-21.4,54.85,35,73.32,36.04,87,131,136,72.21,-16,98,28,139,-31,55,-10.24,66.82,17.86,-18,89
-23.11,22,34.7,128,-13.14,33.52,72.53,23.89,-35,107,145,127,3.93,28,-5.55,109,120,30,19.1,47.99,128,149,16,19,141,13,-45,-7.59,23.17,-44,129,125,74.2,38,56.21,32.52,35,18,55,19.17
55,-5,97,147,-15,-42,-20,88,-23,-3.81,73.21,94,-14.99,136,33,55,20.5,9.94,-7.02,117,107,57.69,10.07,52.04,70.63,73,3.27,9,83,125,66,53.4,3.62,62,-35,-19.69,38,-2,30,-5.24
58.35,21,20,57,-30,90,14.71,71.21,2,140,43.75,3,-14,60,126,109,46,105,71.64,36,-6.1,-16.46,71,67,34.65,58.47,-5,-8,98,-22,109,59.22,141,92,91,122,60.32,147,69.84,-17.89
0,48,112,38,68,-44,25.56,-18.93,-30,-3.13,55,65.34,-18.95,48.77,91,98,6,43,26.91,38.51,148,11.22,-27,-44,-5.97,82,1,-14.62,121,117,32.6,11.74,-20.86,13,123,3,32.4,7.17,121,5.87
6.34,50.37,17,62.87,44.72,8.88,45,-8.11,50.39,72.83,18,6.56,55,19.92,108,-15,-2.6,71,70.04,129,0.94,27.35,17.75,59,14,-4,37,41,19.36,-19.79,81,26,47.3,32.48,27,43,49.53,63.24,42,13
58,27.57,137,-11.09,27,-1.83,46.46,142,115,54.61,-15,25,6.95,-38,52.8,49.22,-3.26,-12,32.26,4,17.51,70.8,47,46.26,45.87,70.66,64,128,45,21,51,38,50,98,38.06,121,34,3.27,141,63.8
140,27.32,39.99,77,-5,23.74,58,46.92,55,-28,67.99,60.86,-20.93,5.27,42,-15,28,109,9,65,71,-36,-22.78,65.75,-26,-33,78,73.58,67.36,-38,90,-3.36,112,10,126,12.39,-4.42,123,-13.88,3.01
-13.29,59,90,11,-21.2,19,62.51,54,29.18,74.11,67,61.16,-13,119,60.56,10.81,-41,48,144,-15.2,139,32.21,61,16.86,4.93,24.14,149,90,89,132,55.81,73,-2.35,56.16,-21.21,144,143,64.39,37.66,135
-11.48,105,-3.92,78,-27,55.52,7,28,25.94,-6.87,109,24.8,-24,-12,7.62,106,-41,19,-41,-6.56,38.82,15.15,-15.79,54.77,102,58,100,44,34,46,17.73,148,34.7,26.17,-18,45.8,-37,-37,-18.73,52
-8,87,41.03,51,6.94,76,10.36,129,57.64,-40,44.57,49.01,-12.77,132,7.6,9,-12,2,15,30.71,-42,90,44,-7,61,82,88,24.85,53.84,46,38,63,59.83,102,85,140,-12,-9.77,38.48,94
147,3,10,61.67,85,29.17,62,-24.08,117,4.44,28.53,36,138,54.74,15.63,99,-39,131,69,139,22,70.47,3.69,52,14,63.81,111,121,-5,88,24.64,117,120,46,27,32,-46,18.21,61.88,98
88,71.63,-16.21,56.92,-46,3,24.89,48,-11,113,34.87,-11.82,135,97,58.52,33,-20,-23.11,-42,17,15,103,-16.33,31,72.27,113,22,148,73.77,0.4,100,7.97,141,21.72,54.3,36,21,86,123,71.31
124,-5,3,52.07,-24,16.71,94,9.92,-7.84,73,5,99,63.5,0.19,16.38,-43,28.56,30.21,59,45,-27,64.76,50,71,52,-28,39.53,73.14,105,119,134,-45,27.75,13.6,70.55,-8.89,-24,47.94,143,-15
-50,56,82,30,6.77,4,-43,-8,117,-4,111,147,-13.54,67.44,-11.05,109,-49,69,106,63.67,-9.56,75,18,15.18,112,9.84,5.74,146,-46,129,63.64,0.3,-29,68,86,5,139,103,98,-41
72.28,-5.1,111,61,93,127,13,35,57,83,44,-41,-13.14,41,-4,72.65,14.11,31.21,37,107,91,74,60.85,33.55,44.25,148,105,81,123,74.04,120,69.48,55.83,43,99,3,56,65.83,91,56
13.16,59.93,0.59,11.94,41.98,91,54,108,-34,68,41.88,64.29,41.64,-13,33,103,42,108,39,51.51,11,-13.14,77,66,-15.13,53,43.15,61.61,46,23.68,142,55,60,73.48,14.73,11,-4,68,49,55.1
50.57,2,-30,-2,-1.09,65.36,143,-11.14,11.38,80,25.35,84,37,25.67,-2.38,37,33,-48,99,61,56.75,52.32,66.78,7,-17.81,-4.15,-21.64,40,8,39.58,66.27,78,19,54,45.03,145,43,122,97,22
87,62.09,-13.51,-39,67.27,9.43,136,71.28,-0.44,47.84,132,70.82,-4,48,118,2.5,3.67,38,8.11,27,53,39.5,60.24,20.57,57,10,7,-18.31,52,126,8.17,19,62.47,118,12,74.73,49.25,17,18,133
52.96,8.75,74.18,67,30.81,-10.83,50,134,-6,-15,17.59,54,-18,95,33.6,125,65.78,126,15.08,34.23,12.2,3,21,24.13,96,1.65,71.18,13,-15,53.97,54.94,-3,56.43,-22.94,35.75,119,33,58.07,60.69,-5.72
1,67.76,39.54,22.65,56,34.28,10.34,99,74,24.91,-4.22,53.35,65.59,83,-42,-50,-44,134,-5.7,-8.96,-10,-17.71,27.94,-19,70.26,-10.2,-9,52.77,92,123,27.2,-41,13.79,16,13,49.17,18,126,11,-5
61.86,65,25,-40,-8,-36,100,117,-49,63.47,127,118,108,34,-38,-14.61,116,14.12,102,-1,67.71,-16.84,-17,78,148,-9.15,74,-3.67,20.27,-30,10,5.85,46,-22.82,71.51,-27,22.58,90,38,-5
-14.47,49.52,-22.5,-32,-13.68,-22,-0.84,82,0,80,20,40.8,19,47,27.33,15,126,11.28,-38,14,18.84,5.62,66.28,99,78,89,124,42.7,86,108,5.3,45.27,10.65,131,45.26,30,11.26,-33,-19,95
56.78,-12,8,143,0.98,105,7,121,35,39,47,-35,4.52,34.86,107,30,-38,59,45.22,95,94,-7.99,136,64,-12,20.46,62,71,13,4,-22,-9.79,105,10,15.06,58.82,24.35,96,30.5,137
25.47,109,58,109,68.18,67,28,124,1.56,-21,77,148,2,58.76,12.19,21.51,52.55,83,-49,-25,4.4,46.93,120,73,123,-22,64,64.27,14.13,90,45.9,38,-17.13,73,91,18.15,-21,-32,46,80
26,53,-12,-1.87,-9,-17.67,69,88,25.95,41.9,7.17,18,67,6.04,101,13,11.98,-1,49.16,-37,-26,-15.85,0.12,2,134,38,133,87,54.62,33.35,49.1,-41,43.96,-28,1.32,74.6,-40,24.48,-49,25.4
100,-12.99,24,-13.63,10,3,-46,5,20,28.08,108,-43,32.55,67.19,133,69,149,53.48,-20,70.6,62.32,75,18,26.2,22.24,12.99,58,60.05,4.48,-28,-9,34.37,8,-21.79,146,46,29.98,-13.8,69.25,63.34
87,69.89,24.72,18.89,-26,-16,56,74.96,2.95,70.53,141,32,37,101,47,111,100,26.09,6,138,-31,58,-23.87,33.49,18.93,-4.57,111,49,39,-31,24.1,105,33,-9.52,41,39.57,-23.14,-14.99,-2.64,-22.54
34.41,139,1,-3.33,42,-45,23,19,-23.06,13.02,-33,90,66.5,-16.4,134,36,25.8,73.7,-17,-41,-17,-24.34,67,-17.56,34.54,147,28,63.48,56,65.78,52.26,36.1,32.78,22.13,-9,-5,144,46.72,32,54.82
-6.83,56.77,69.22,-18,147,149,36,-28,30.76,44.16,9.87,24,25,38.28,49.16,20,17.21,44,-13,-6,-16.75,128,15.5,131,-22.12,10.84,144,65.68,71,44.44,71.64,11.48,54.63,49,74,138,4.55,74.71,-1,-17
83,31.88,121,37.56,14.14,37,65,130,81,40,41,-13.81,70.73,61,58.59,-40,53,71.75,-13.72,131,-2,145,21,124,17.12,106,28,36,60,63,144,16.61,73,-4,60,52.24,11.13,138,146,41.75
68.8,53.76,69,-2.04,-3,43.58,5,68,73,-24,-13,59,-7.25,28,39,51,5,30,-9.14,14,-7,49,103,86,-7.88,70.89,-24.22,-6.64,62,35.99,67,96,72.93,110,89,120,47.99,51.06,-0.5,5.3
117,77,-46,106,117,-7.72,105,135,33,-37,109,148,45,142,-22,22.03,7.02,-5.21,-44,96,-33,108,132,136,147,126,144,30,138,-18,-38,73,-16,5.72,32.3,136,-36,17.96,27,8
50.27,-9,-17.68,50.68,61,59,4,123,81,-6,52,26.2,23,118,19.19,-22,1,98,30.8,85,74.72,-11,-31,-5.85,28,134,110,3.7,-13,109,-22,137,65.15,1.36,119,61,41.08,31.38,-13.07,86
-2.58,79,-6,34.79,100,40,-16.83,59.07,90,31,-8.56,17,-6.36,-1.27,13.19,20.33,53.93,-5,-11,59.85,63,18,38.81,66.77,100,138,38,-28,-35,100,43.98,-6.35,8.76,-43,84,26.31,64,149,137,49
-40,-4.65,8.49,-8.88,59,120,-32,11.97,31.1,-24,-49,-33,9,0,-12.1,29,135,27.75,66.06,32.12,30.95,-11.84,134,10,54.88,17.73,91,22.73,24.22,14.44,130,65.73,126,56.97,123,117,3.33,34.43,35.19,91
7.43,-19,-47,-6,12.41,-17.32,2,35,-18,-17.31,118,50,74.24,23.46,41.62,19,-26,18,23.19,13,132,2.17,69,118,13.28,-16.39,54,-29,98,81,36.79,15.01,-14.06,60,12.2,62.64,67.82,21.42,85,70.55
22.34,139,107,54,29.73,53,-12.77,-15,-21.94,25.81,134,144,5.91,77,42.42,-12,7.61,71.75,84,20,8.69,-9,66,-16,145,33,74,-7.36,-23,-24,49.39,8.23,-42,10,-42,-20.59,92,62,139,70.47
-14,112,133,-6,92,8.01,61.06,113,-8.77,24,99,41.02,-11,-33,60.16,130,-10.75,61,59.8,-30,-9,63.15,75,30,26,-5.91,15.91,-16.73,-14.27,149,53.89,-24,24.76,73,62,91,23,15.88,9.81,-7.75
101,43.47,12.82,20,101,-35,57.75,98,-22.17,69.15,-23,97,-23,34.41,29.44,107,78,34,29.82,63,8,17,58,21.26,24,94,-8,101,58.02,50.49,-9,-24.74,19.61,18,0.52,-23.17,-48,68,79,-24
14.49,103,-28,-19,145,63,71.2,-10,97,21,30.11,61,56,-3.42,21.34,24,-22.66,26.74,-23.08,66,-10.17,52.64,51.58,-11.52,130,141,127,-18,12,12.03,57.83,-38,44.07,67.32,63.66,90,51,15.64,93,0.89
90,56,134,24,148,-21.8,-19.05,6.84,40,24.24,11.23,74.43,-6.91,21.15,49,-10.56,-13,98,47.8,-18.73,63,42,120,3,13,134,90,30.55,-18,36.04,-8.2,70.99,52,147,0,-44,2,13.77,1.46,19.99
137,3.11,3,9.87,-3,6,145,-3,80,117,52.69,-27,69,27.44,-19,43.48,134,63,37.03,8,-0.55,-19.42,-47,6,31.57,19.62,-16,-20,-8.87,9,12,41,12,93,64,25,12.01,48,40,-30
-44,124,23,88,108,55.32,18.63,70,-35,-18.66,47,14.55,16.3,50,12.05,39.36,132,-5.5,3.98,135,20,65,18,-21.98,-3,29,136,133,61,-16.33,18.6,140,61.7,33,16,12.87,-10.71,61.65,-11,36.4
-34,33.37,-2,-47,9,55.81,100,18.45,25.32,10,1,79,-36,133,140,140,51.93,86,47.2,25,18,25,97,-18,-29,88,60,60,40,-3.4,-34,65.8,-8.05,44,105,116,-22,59.14,-35,6
24,9.79,-47,40.34,11.98,27.69,110,127,19,32.86,23.49,24.28,115,36.07,30,-25,-5,115,128,141,50.24,70.28,-30,66,-10.64,61,127,39.74,27.83,21,6.45,51,95,48,-23,61.82,58.08,58.54,-8.4,13.53
55,62.17,-7.08,-6,81,31,23.51,134,77,16,132,76,-3.75,47.06,30.12,37.99,71.14,-0.28,121,79,58,28.34,143,10.91,72,114,131,105,44.08,83,15,30.01,-0.34,72.34,1,33.82,36,67,40.06,-12
15.22,110,-12,146,38.49,139,56.73,11.88,-23.02,29.43,53.58,36,91,66.04,44,92,77,0.61,-11.69,68,3.04,97,54.26,13.21,60.2,6.35,-4.46,45.47,-24.92,105,116,34.39,3,-20.86,-7.25,125,133,-9,98,57
24,16,-42,36,25.69,24.36,135,53.91,139,136,7,39.83,-15,-23.37,9,72.56,106,74.01,54,102,135,40.51,36.39,145,52.82,-45,79,-19.26,18,72.59,35.43,-11,47.33,55.78,95,-15,36,41,-50,-36
23,55,-20,50.45,137,58,-10,39.67,43,104,118,48,118,107,-4.81,2.49,3.12,8.26,53,-42,26,21.85,74,21.74,39.01,110,31.52,17.08,33.91,67.36,-21.23,-23.14,36,29.3,-24.08,-6.42,79,-16.75,16.07,-18.45
9.73,21.7,106,74,117,36,45,-11.23,48.13,-8.2,42,40,50.8,91,98,26,59.39,-39,61,67,-13,60,29.94,69.92,132,-20.49,105,42.86,52,58.56,-12.68,72,37.57,55,106,28.96,67.62,-19,-20.67,15.5
24,0.45,32.37,-0.6,-21,30.96,36.23,21,57,-47,120,113,-23,57.52,29.78,67.49,-8.29,20,69,-25,62.54,-10,42.37,-33,-29,57.26,63,16.61,9.04,38.99,-36,-31,3,39,-22.05,101,58.05,-20,33.67,60.54
-35,55.39,114,47.59,-23,0,50,91,2.19,-30,10.04,31,21.1,18,27.13,109,17,22.72,19,5.93,54.66,105,9,-19,23.9,84,121,70.63,15.78,-21,54,71.14,15,44,-10,72.5,76,29.51,27.99,61.84
10.1,5.29,65.26,74.3,-20.62,139,-9.06,124,17,13.17,69.33,42.36,23,117,-29,-49,65,10.1,110,55.22,76,64,33.93,20,8.89,-30,67.79,-32,-44,-21.41,27.1,-23.9,32.61,-5.36,24,-10.83,46.11,77,-47,55.65
104,-40,40,62.35,53.29,43.26,72.68,46,51.93,124,-35,-16,133,118,146,53.56,43,21.3,67,64.7,42,116,21.75,-43,-28,31,54.95,135,-18,116,64.04,-15,45.69,5.32,0,89,64.99,8.06,-19,0.7
64.53,108,140,-39,15.61,59.66,-49,12.27,121,34,12,-8.06,9.32,26,74,-4.79,42.65,26,109,119,-27,61.15,50.09,36.49,147,52.06,50,110,-19,19,-17,40.65,20,-24.25,-15.81,3.49,64,20.68,2,30.66
141,-2,10.86,97,51,41.44,20.46,-30,144,105,-9,48,23.25,27.53,-1.8,59.97,97,-1,26.45,30.61,12.02,28,117,66,39.5,2.94,25.73,68,92,64,10.08,51.93,29.31,74.33,65.57,-8.73,91,42.37,56,41.8
145,60,37,-41,149,-5.72,39.01,61,-2,-30,5.22,130,15.65,47,63,-9,12,-25,-12,-35,-13.83,-9.84,15.15,-21.36,9.91,-12,55.39,-30,118,82,36.58,118,28.1,53.2,93,133,-13.64,-22,-42,4.89
68.42,22.91,53.08,24,-0.78,56.04,73.23,132,18.16,-8,58.6,146,-37,126,69.43,18,-8.79,58.25,128,41,33,26.23,38,7,74.09,9,21.03,65.76,-3.11,71.26,58,75,-15.01,-21.45,-17.51,-44,78,110,126,-1.47
-7.88,107,17.42,-27,-1,37,27.85,103,63,39.21,140,72.83,-19.38,-3,31,-45,-40,55,95,-16.05,14,67,4.21,4.75,134,100,147,15,-18.86,87,13.33,-23.37,-50,106,-2,44.07,-12,28,-21,114
51,69,42,67.97,-29,141,138,52,87,45.93,77,100,4.83,-21.46,110,52,0.14,-49,6.22,20,14.95,66,122,70,54,-16.75,124,-32,-22.9,1.56,136,28.14,63.29,-2,35.79,-3.15,16.72,7,101,65.22
-4.74,43,-7,51.53,38,77,-42,25.78,90,44.47,21,20.32,26.68,-4,18,-6.68,58.79,128,149,-21,126,52,-23,69.22,57.52,9,126,-18.3,26.69,69,118,81,-12.01,-5.69,-10.82,-14,-13,0.08,50.62,23
49,4.02,7.64,-37,-32,-11.68,-50,63,-2.22,-40,-23.5,68,78,4.74,49,55.74,16,68.84,48.13,-22.23,-0.64,24.42,75,-15.5,-4,37,-30,30.23,62,66.86,26,46,136,-35,78,18.08,16,39.71,146,53.97
27,19.14,58.57,135,50.86,70.06,73,45,52,71,-5.65,48,76,30,63,147,27.23,62,-14,66.45,-24,21.16,-14.1,74.43,-14,102,40,73.44,51,-28,-15.86,49,69.15,-1.41,-22.21,56.99,72,10.47,7.98,17.23
16,16,16.89,127,0.84,59,9.67,56.59,5.96,75,61,25,3.65,47,-2.82,-2.55,138,-8.48,123,61,-9.56,82,-20.13,17,-17.94,75,18.85,-10.77,32,-13,16.89,47,-1.54,33.7,24,-26,149,-30,0,37
67.69,9,-5,61.76,23.01,4,138,118,6,2,-40,98,29.09,19,-46,61.91,40.3,63.54,95,115,70.79,107,-20,18,-23,53.37,-2,61.74,55,27.67,101,128,19,46,136,-20,19.96,52,-7,-50
4.03,97,-24.43,47.22,-18.45,77,18.46,113,72,134,57.27,48,-35,-6,68,95,84,57,10.16,-21,1.86,0,-22,70,44,35,13.51,126,39,18.62,56.16,89,-5,55.53,9.22,107,47,52.44,-47,-31
133,39.9,133,3.11,95,127,74.86,18.68,122,24,20,53.55,48.37,71.42,32.94,26.95,149,31,50.41,66,51,74.01,25,26.8,80,107,-8,146,-4.58,69.45,30,6.78,-7.1,22,-21.6,30,62.24,120,138,30.68
140,108,34,29,117,-39,4.94,121,140,43.53,-1,46,-15.37,30.86,13,133,3,38.68,1,22.02,1.13,28,118,59,7.88,9,13.85,-29,16,144,34.53,-25,42.88,27,98,103,111,-12,59,74
14,9.47,9.38,41.52,134,75,-12,126,52.23,-24,27.97,-1,149,106,10,37,1.67,58.19,46,15.29,40,63,148,48.17,62,8.31,35.28,42.15,85,33.59,-31,-11.41,22.28,52.94,144,106,149,-1,101,135
129,62,83,101,39,62.54,13.35,102,46.89,28,57.22,115,136,92,133,80,-13.35,53.72,12.82,1,51,132,146,88,31.27,84,-45,-39,3.24,41,-18.77,19.45,72.52,-31,-14,144,23.96,78,24.66,58.99
23,39,74,19.72,8,68,91,148,122,10.3,103,4,54,36,-23.83,-19.92,35,74,-37,117,69,-1.55,-21,36,19,8.54,-40,70.06,-8,22.06,49,-22.81,-36,2,15.63,37.07,69,67.68,45.67,19
1.97,149,35.6,-2.96,59,-14,29,-49,98,23.96,130,85,50.78,58,20.55,21.76,80,65,-9.26,118,108,90,-5.3,60.45,69,3,69.86,-31,76,27,3.45,59.9,123,17.64,63,65,34,47.55,64,80
20.82,66.34,-10.27,-43,3,52,64.66,66,64,-41,64,1.4,133,-10.63,68.97,-7,148,96,73,6,-4.24,28,40,-7.37,59,46,-43,12.45,-35,63.44,44.86,57.11,35.84,137,124,24.29,-29,69,27.48,-13
38,72,101,4.19,60.52,102,148,57,34.87,23,-30,71,-14,136,2.38,-36,-1,26,54,34.39,-1,122,23,-14.61,80,53,137,-13,45.65,28.71,149,-10.92,51.51,100,95,108,22,47,60.48,73
5.77,-46,55.89,83,-5,9.33,13,20.61,57.62,73.26,33.63,-48,73.2,125,-27,62.99,89,42.95,58,42,24.35,144,62,124,26,18,38.62,65.47,28.39,110,108,16,32.28,32.91,72,69.17,109,54.02,37,-11
4,-4,21.37,148,22,146,0.37,59.8,-5.2,52,106,141,-8.49,-29,149,-38,50,36,131,64.09,141,114,56,63.79,-45,-21.35,127,139,-1,68.87,-3.69,45,29,107,34,-5,94,38.7,-21.15,8
26,145,9.22,2,65,47,47.47,52,50,55,-47,58.48,9,59.47,12,103,31,9.37,-14.71,7,2.31,2,-21,-15.41,42.72,-7.08,-23.36,3.15,28.05,11,43.51,-11.66,46.42,60,8,72.55,3.74,49,6.29,56
117,105,118,36,18.4,34,23,-18,49,-15.43,60,137,9,43.32,129,62,23.67,-47,-15.74,112,42,33.08,10,85,38,54.3,-15,1,-7.02,50,-16,17.89,-26,44,119,58.23,132,17.03,48.84,-32
61.6,-30,112,89,89,48,9,4.34,125,68,103,71,46.26,-23.04,-50,27,87,27,-29,-36,14.4,40.38,44.07,5,6,-40,34,90,-27,0,-41,54.06,35,-13.75,-36,-3,63.34,70.16,83,71.9
28.41,117,42,50.53,14,43.17,95,33.31,31.11,-19,83,31.28,-25,87,31,101,113,-23.31,25.94,83,39.5,25.22,120,-39,11,50,16.77,104,89,-28,-21,2,48,122,12.27,44,5.93,90,79,-22
58,-28,24,49,56,29,143,72.97,40,-38,6.3,31.97,41.73,34.69,-24.18,56.61,69,37,61.06,11.32,45.21,55.09,73,104,65.3,87,-8.23,85,39.4,128,49,-3.35,24.85,99,117,69.42,57.9,56.66,-41,-19
120,6,51,-39,22.13,109,-11,40,-38,86,-46,43.49,-32,-20,-12,-38,107,59,68.84,62.87,86,105,1.26,58,66,0,105,22.87,15,41.67,34.83,96,135,142,65,71,-0.58,65.14,24.45,25
27,109,33,135,-3.32,134,-1,27,-13,73.48,7.81,21,1.49,52.37,-27,47.17,13.34,-0.43,39.37,-20.16,123,28.87,92,83,-24.76,65,58,13.66,-12.89,71,128,-41,146,-13.73,124,71.32,19,127,35.65,70.69
-0.94,-31,75,51.36,29,77,35.12,71.78,50.05,56.44,83,-5.49,16,68.61,62,-22.97,14,49.58,10.19,32,109,28,52.6,127,112,59,96,14,59,-10,130,61,-13.07,104,17,116,18.71,70.3,-0.67,20.63
9.62,28.42,-4.43,65.93,-18,145,-0.85,-20,4,72,25,-20.48,149,58.78,-8.02,50.8,39.6,-23.11,129,141,64.81,17.43,12,56.33,112,58,31,2,126,9.35,80,15,-16.97,-11.04,34,62.13,46.2,26.68,132,69.95
147,78,70.96,-31,3.92,44,68.47,46.18,13,51,71,76,138,95,49.46,141,-19,21,-28,72,127,10.3,145,52,34.14,-17,83,21.79,41.44,-48,77,91,41,118,-11,74,145,42.92,60,37.94
142,36,69.24,-50,72,116,131,-0.77,61,51.65,111,-19.74,5,-24,-47,10.78,-27,14.18,-13,115,51,146,149,55.62,78,21.29,46.52,15.22,127,-27,50.68,144,11.48,70,126,83,6,24,-23.53,17.14
29,46.18,124,72,17,134,1.81,83,53,-46,83,-16,99,108,54.65,-13,-14.7,4.99,-16.61,4.11,146,40.23,30.22,13,112,49,39,41.56,97,146,-27,19.35,-2,72,17.2,-19,30,113,100,55
12,-1.56,29.83,5.67,51,42.38,114,-42,107,60,2,14.1,124,-13,17,-14,60,3.04,22.19,1,-22.38,-40,94,-13,97,-8.37,15.23,56.13,15.87,87,-50,48.4,24.45,48.4,-19.73,94,22.32,-20.37,0.39,35.19
-30,116,-47,14.22,134,70.53,121,31.55,14.2,-8,101,53.57,7.3,-24.79,12.71,39,-8,-42,0,47.85,-6,63,13.91,99,68,-9,134,-42,142,0,-34,127,134,-4.24,97,25,-12.21,127,149,18.65
-7.56,20,31,0,18.15,91,54,73.72,26,118,-7.33,-17.61,-0.5,-16.16,44.08,29,132,56,111,99,88,81,25.41,78,-23,1.09,51,64.68,-27,146,22.17,57,-3,59,-35,56,44.97,39.76,-15.9,11.96
1,113,-27,140,22,58,57.18,39,-23,17.52,93,62.88,60.55,100,56,-1,49,44.53,14.77,-13.36,111,-1,63,-11,-12.1,-40,-50,63,5.37,69.51,103,12.09,136,69.26,-8.29,1.1,30.28,29,42.95,-11
83,-24,122,112,57.68,-33,3.62,71,116,67.77,146,-39,72.33,-0.99,7.24,57.49,32.51,-43,118,42,93,145,123,-23.29,7.17,-50,-19.15,14,-17.69,148,135,64,38.51,-16,-6,-16.09,7.48,104,53.59,141
25.16,72,95,-18.47,124,1,-21.47,50,-24.7,31,102,53.25,136,-3,-19.02,76,131,-31,53,56.65,14,45,20.19,57.45,16,40.2,26,-27,20,16.34,130,-22,20,25.37,3,-16.48,-46,35,20.5,110
-44,35,117,142,13.15,130,76,81,54.09,126,19,-19.33,88,36.9,117,-8,37.45,-0.61,140,120,5,20,78,53.36,28.47,41.79,69,-5.49,6,-50,40.18,65.57,59,48.52,120,-18,95,26.85,125,72.67
-26,25.05,-9.25,-20,61.63,112,76,74,61.5,41.29,127,-38,98,127,137,-19,-4,9.8,-32,63,-7.51,49.17,104,74.84,5.21,65.92,127,22.61,52,48.01,138,130,17.6,4,34.11,0.43,58.83,-14.26,35.41,69.24
-1.5,36.24,-48,73,-2,25,58.72,124,-31,11.24,29.87,16,-23,44.97,49.84,59.47,17.34,42,39.25,73.68,-20.14,57.77,17.28,-1,-10.74,-5,136,52,-1,32,4,-4,69.09,64,-38,10.4,76,69,38.54,-5
-16,-24,45,-30,-6.87,93,-9.7,-47,24.39,56.9,9,12.93,-1.64,86,32.96,-17,100,83,-12,-11.65,26.06,68.88,-16,41,50.95,-49,21,81,30,25,16,1,40.38,9.32,-8,122,50,36.79,128,3.77
-10.59,-2,115,28.43,-0.67,58.3,43.98,97,8.54,11.57,85,42.29,33.39,49.36,66,129,-12.06,-26,43,136,24.19,-22.93,147,33,120,65.14,-2,61.32,12.48,57,-39,140,54,25,-1.8,-8,14.08,89,35.77,60
18,7.5,103,88,27.44,63.87,125,-22,60.08,70.4,-43,61.54,13.49,-21.92,-6,74,72.97,17.32,61.97,131,47,142,-9.69,126,139,149,29,-47,135,59,59.82,-34,134,-15,78,122,0.85,12,-27,-11.35
90,51.57,147,99,-10.74,-15.39,63,45.65,15.02,41,21,31.41,28,-39,-3.97,117,-24,-21,-13.95,118,35.04,-11.76,92,74,-1,14.19,68.12,58.28,-8,60,15.25,25,119,-11,37.88,70.72,13.5,9.24,19.04,3.39
76,53.72,-23.43,19,69,56,9.24,-11.66,95,18.37,100,2,11.2,40.09,61.88,-45,16,68,-9,31.85,-47,3.52,-17,74,80,52.3,4.55,55.48,56.62,58.58,-16.16,57,29,32,122,131,-5.67,141,-15.39,13.49
-16.87,43.26,111,20,5.49,60.88,26.16,69,107,6.43,30.35,-20,-41,-17,-14.79,24.23,110,51.86,49,40,-9,-6.09,-44,-15,0,70.74,125,-14,76,3,-5.48,106,93,126,88,98,105,-4,-39,69.77
48,69,81,99,-30,67.26,8,-35,-39,51,17,148,-23.03,-19.94,4,116,-7.12,17.91,83,34,-15,95,-11.48,-32,67.5,40,111,8.48,103,-32,62,22.56,-8,-24,59.05,-20.06,19,24,11,120
21.96,54.65,56,-50,8,128,112,20,19,112,-48,-44,65.32,20.95,-40,62.67,47.43,72.84,-15,33.91,41.91,12.17,-22,5.66,5,53,3,68,-44,-13.46,10.63,7,-36,41,49.3,52.52,-4,122,-45,-4.41
21,-23,-3.45,24,135,39.11,11.35,-34,-30,35.76,-0.22,64.72,123,-17.79,104,-12.21,47,63,-7.33,-42,33,-34,40,45.88,88,42.02,7,54.06,-36,-28,72.78,139,122,37,26,-22.34,129,106,49.03,88
1.74,-8.29,18.31,148,67,41.17,-36,-41,29.75,47.28,70.86,115,106,3,113,1,-5,21.19,14,117,82,119,83,-46,137,12.15,5.81,-23.89,47,-9.26,64,14.27,67,-38,1.1,-18.01,148,12.03,25.58,15.52
48,-21.68,35,-24,18,42.71,-45,-19.56,16.01,12.77,-34,85,121,-14,-18,-33,-36,37.5,-30,23,56,13,55.6,49.45,-16.83,-34,-15.72,-6,12,25.07,13.72,-41,46,94,81,144,46.51,15,127,-8.71
50,5.04,14.16,65,133,41.3,68,147,20.93,-9,70.77,71,38.74,107,43,97,105,-7,-18.7,10,83,115,63.41,54.97,80,-10.67,-18.28,120,76,61.17,116,41.43,91,36,132,97,-6.1,122,93,-21.5
9,31.17,-34,27,-16,103,-16,41.49,139,14,7,41.8,135,-36,44,113,-43,50.84,131,137,115,-21.03,18.28,133,131,37,66.81,63.79,-20.36,44,5,11.33,51.09,-41,62.12,24,48.9,24.98,88,-29
24,1.5,45,13,21,-23,-28,40,-26,148,135,3,22.15,118,70.44,60.93,81,-14,107,55.02,95,48.07,25.53,-10,30.58,28.4,19,49,-11.85,139,-5,105,10.25,64.82,57,94,60,54,88,-18.65
68.16,25.74,49.25,61.98,75,68.4,90,5,81,118,-47,100,144,38.25,-7,-21,34,-1,118,24.44,122,-29,-44,65.65,32.51,38.77,-15.62,18.9,95,-47,114,126,-19.3,35,97,74,16,88,-13.4,-19
46,-45,4.89,78,-17.04,-9,45.59,42,90,74.69,81,55,-7.69,79,82,48.39,4.58,38.75,38,5,-26,84,-24.73,87,4,122,124,19,22,24,18,25.37,9,20,-44,38.3,98,-23.57,-2,115
106,-13.54,-14.1,-44,9,22.25,28.83,-37,-38,49.75,138,107,99,140,128,88,16.38,-21.17,64,-8.42,-48,142,8,-18,135,55,64.98,-2,97,49.68,146,8,27,14.1,130,76,121,60,23.29,57.01
24,77,73.78,23.74,12.78,64.45,135,75,-5.46,-38,20,64,9,-18,143,143,-17.48,-1.67,53.11,115,-33,108,41.63,-4,21,-16,-31,47,32,39,64,60.23,63.61,56,28,27.73,-18.85,-11,-2,40
-16.01,107,30,135,38,-11.53,37,102,-43,42.32,107,10.86,56.87,57.97,-39,-21,0.23,71,57.59,67,72,-24.02,140,57,30.69,74.58,39,-1,30.49,26.06,3,16.35,-8.99,5,27.06,-5.09,-5.97,110,118,16.6
30.29,16,-25,39.58,-31,18.56,68.07,-43,144,126,-36,27.35,14.02,36.91,41.52,-19,122,133,59.99,92,36.36,-11,11.33,62,36.86,8.4,87,70,103,114,135,-34,89,31,-11.44,141,117,28.35,40,-17.45
15.04,58.95,-7.33,87,96,-2.1,-20.31,67,7.93,91,7.18,-1,-19.69,88,-33,54.65,14,34.67,2,-19,126,-20.05,91,131,10.61,8.04,-39,-11,61.7,47,123,-9.73,-8.32,-16,51,25,110,5.47,25.07,38.1
141,11,-2.35,96,20.55,33.34,-17,83,3.8,-38,16.5,17,58,-23.95,-19.14,51.38,-35,20.26,130,-2.51,-21.41,-15.52,-11.36,45,61,-9,33.08,146,63,7,-15.31,123,67.23,-16.89,43.54,-10,-28,38.83,34,16.53
149,-6.78,0,-23.76,-13.49,39.61,44.43,3,-13,3.98,73,17.76,-31,26.62,72.99,-32,14,135,137,-22,40.42,61.22,38.64,49.5,102,26.57,55.15,11,-15,-28,74.38,42,-0.23,21.68,93,56,10,63.49,-41,58.08
68.1,6.93,14.21,32,-27,-12.68,18.22,-28,11,131,30.37,87,76,132,8,11.61,-0.94,109,32.35,80,-20.11,81,-23,149,114,54,70.64,-44,63.54,-10.7,27.01,46.2,-19.22,12,90,4,51.9,53,12,32
-13.45,-21,147,11.3,77,15.27,-14.39,-0.73,132,-34,-23.57,100,-15,16,-16,-17.9,139,71.39,53,66.24,-7.42,69,-49,113,-45,30.19,-12.39,73.09,96,2.42,-26,-18,48.92,-3.96,132,-21.11,4,62,13.36,81
-19.14,2.95,91,-21,5,33.97,21.91,8,-8.01,30,108,-17.92,92,59.4,4.76,68,74.45,96,14,5.89,11.73,50.08,71.2,-38,127,-20.58,12,5.71,69.26,32,-47,7,47.99,67.52,-23,9.73,67,-22,-7,45
-13.78,80,24,6.88,-31,-17,51.57,-31,-20,-29,36.62,65.25,-24,30,24,9.1,-7,84,-6,-17,42,27.52,22,31,-3.13,-17.41,71.05,0.5,-12.31,122,40,12,122,59,62.33,42,31.63,144,26,-17
142,141,-44,13,83,-46,2.6,74.52,29.47,69,0.48,-22,-5.22,110,44.89,41,136,-29,57,75,33,-20.41,122,56.67,9,-14.89,130,-36,-19.69,129,19.99,122,32.41,33,39,25,27,29,73.31,145
-26,31.91,-8,23.5,46,29,69.38,63.38,138,-11,6,103,-12,-10,64.59,24.6,19.83,50,75,8.17,-28,-34,48,34,65,-25,53.22,-24.53,24,122,115,55.01,2.07,57,15.51,-20.04,15.35,19,127,33.13
47.92,63.11,21,54,-33,-12.93,74,126,53.14,79,23.89,29.29,113,-50,43.72,48,95,-6,7.03,-50,5,35.9,-9,18,42,46.82,70.04,114,8.12,-11.12,-32,110,129,111,58,-11.92,131,95,95,-25
89,91,121,2,15,22,127,-30,100,88,-26,105,63.75,113,27.27,43,38.65,-10.24,48.84,1,136,10,78,3.82,27.16,147,30,4.93,37.2,-21,56.88,147,19.91,21,70.22,19.77,39.54,43,21.12,115
-24.12,106,84,2.91,55.52,125,71.17,57.82,7,125,-7.12,37.6,32,9,33.33,64.87,129,58,83,36,-33,2.27,4.28,38,64.01,-20.62,25,4.37,14.3,117,3.42,69.53,56.14,-21,54.6,-14,-1.5,125,53,51.25
45.78,59,129,16,149,48.15,105,24.42,8.11,21,116,-31,13,35,-15.97,50,-46,-4,109,132,146,133,102,25.14,-22,73.12,110,27,95,10,92,-11.37,127,53.45,111,143,62,116,7.22,74
56,28.93,-12,119,56.32,148,17,45.6,-28,47,12,-13,-36,126,98,-32,-4,19.75,1,67.34,9.57,129,83,52,40,-14,96,-6,53,103,136,43.35,28.98,96,19,144,37.59,-45,73,-6
-16,24,74.4,16,-23,-17.58,-44,11.29,-49,38.75,29.83,45.8,-13,33.12,-18.45,4.14,20,34,53.4,138,3,93,-18.04,-34,26,53,-14.88,-20,3.15,57.62,120,107,-9.31,18.26,1.26,124,16.09,30.06,138,37
14.36,146,32,-39,68.83,29,13.8,60,96,30.84,3,46.41,-2.79,23.93,15,56,59.19,-9,137,15.12,-3,20,90,55,-38,79,-36,33.99,39,72,65.89,21.71,16.82,69.5,-21,52,37.29,31,45,89
122,125,9,-5,31.62,30,25.38,-24.38,24.62,-42,52.57,-20.54,11,15,44.48,-37,106,34,35.92,-48,119,25.38,5,3.89,-13.86,47.5,43.96,37,34.94,147,-49,-20.37,-1,124,-47,63,3.27,74,-17,12.74
-26,117,7.09,-17.27,21,62,77,-6.46,73.29,108,70.57,20,30.76,36,-6,66.84,99,51.01,-24,73.44,148,69.73,-23.5,7,-2,43.04,-14,66,14,-1.98,134,35,47,140,147,40.63,77,120,26,76
96,50,4,45,107,32.95,60,-3.55,-26,75,-21.98,3.19,59.92,34.52,115,21.15,-8.97,46.11,34,-18,-25,0,63.13,76,101,31,47,59,-20.68,-34,-18,-12,38,24.49,94,27,-20,-22.53,-12.38,4.96
145,41.31,32.73,143,48,-1.27,72,-24.91,120,-11.05,34.24,27.51,103,-23,-3,120,39,23.75,10.37,70.14,-12.77,26.47,75,91,36.09,69.35,71.81,35.79,37.1,-39,71.9,16,131,121,12.37,124,140,72,53,52
120,27.97,22.89,92,92,-45,-41,-11.05,-8,56.15,51.01,131,-46,138,21.95,25.92,134,37.17,28.8,16.48,74,59,5,-50,13.03,110,124,139,20.42,-2,10,13.14,88,20,5.05,-48,25,-25,58.92,36.33
16,0,48.47,51,119,0.14,41.24,72,119,5.61,33.73,-16,-50,127,-1.08,63,-19.09,134,47,76,3.5,20.02,44,117,0.68,99,-17.31,45,125,-36,62,121,130,-15,-50,14.63,122,62.38,109,121
73,98,17,41,-21.1,-50,86,72,55,18.69,21.4,-10.75,33.98,8.11,46.18,-1,-48,-48,41.49,22.66,62,91,-8.8,-13.88,-4,-5,70.42,68.14,-4,16,-15,45.9,51.63,73.9,24,43.77,-5.13,18.92,-30,60
-12,17,68,5,44.37,77,44,27,45,-5,134,80,-50,127,67,-26,104,119,14,-13.49,13,-2.87,44,70.69,140,8,132,74.93,118,130,6.19,123,73.44,-48,-36,52,128,64.65,68.7,-2
137,33,-21,36.48,-28,68.8,31,33.08,-33,50.21,23,-18.82,-23,-2,-35,146,0,50.66,-3.11,33,-7.03,63.16,25.19,29.3,59,2,-13.15,107,107,64.4,-20,42,59.85,2,-21,48.99,52,1.83,112,-14
69.88,36,43.85,34,63,22,10.83,9,62.92,-1,56,47.06,-20.77,-10,-22,94,41,75,-4.19,12.4,136,-5,8.85,54.67,119,11.68,-13.44,39,24,61,55,25,12.14,127,-16.04,139,24,53,73,67.74
-27,33.84,48.83,26,-36,49,55.2,48.04,48.75,30.95,71,4,43,29.59,-12.01,145,92,71.43,111,41,61,12,69.4,149,75,-18.21,96,99,-8.3,119,26.31,74.41,-8.74,-12.9,-9,129,4,-50,-28,22
8.5,5.07,87,139,81,10.03,-47,83,-26,-3,126,6,88,16.61,96,20.13,6,-6.08,62,26.79,-7.33,66,149,-26,-46,-14.88,36.86,-21,21.32,8.83,-50,-13.24,-41,3.13,-13.88,19.92,55.67,-16,60.9,33.06
59,-20.56,16,1.69,-17,-10.5,-26,61.84,17,46.22,48.36,16.06,21,123,27.24,97,9.72,-21.56,59,-7.87,63,96,-10.38,43.12,103,19,24.56,136,18,67.18,-8,116,4,-1.88,115,64,7.47,15,52,31.2
32.9,96,37.03,18.55,43,48.3,145,146,-31,-40,-1.31,78,37.99,65,72,38,5.45,0.93,127,69.67,147,41.63,13,91,60.92,85,8,68.2,12.15,79,99,33.78,11,-8.49,14,2.93,33,-10.65,114,4
41.07,60.47,44.93,121,86,-26,56,66,109,-13.75,29.4,36,-12,51,-5,94,72,119,16.26,140,43.25,58.56,12.63,29.27,-44,93,-7,25.3,121,33,83,67.38,41,-16,7,23.85,37,16,83,-23.17
-7.45,35.15,-1,50.37,-12.98,-21,4.72,-2,-7.19,4,-27,1,64.54,-42,92,-23.22,51.41,113,16.94,4,-21,91,-13.42,80,-9,30,49.51,22.95,26,111,56.23,55.36,-12.22,97,139,14.96,25.96,-47,32.16,-4.85
89,-34,95,148,37.74,-22.31,-23.38,-28,45,58,-43,39.76,8.67,-19,105,32,-23.23,75,133,-18.06,-7,-12,-28,-41,72.71,80,15,-47,79,64,135,54.8,45,50,-24.02,-42,-13.14,-13,25.59,41.67
-42,41,23.79,-9.51,78,92,-23.86,139,60.35,22,34.79,-24.42,114,-19.07,63.22,73.28,24.42,21,-48,74,42.29,44.69,-28,-48,63,16.4,116,-3.47,12.64,7,72.16,-9.09,11,-49,3,56.6,-10,51,82,6
-22,-1,-12.46,5,65.54,70.16,43.64,33.2,121,10.18,1,54,-22.42,-17,104,-10.48,68,25,76,147,22.95,54,19.76,63.41,-3.9,45.06,73,57.78,-17,72,-32,31.96,56.07,0.72,45.36,-22.32,-35,137,62.42,69.58
107,-3.21,139,-15,4.04,47,-39,143,106,91,67.14,12.06,-14.87,109,51,67.14,-7,9,-37,79,-18.66,23.8,65,-19,-39,60,58.86,13.19,58.34,14,21.18,3,118,1,9,25,76,-20,83,77
12.12,4.83,11,29.97,5.67,-41,35.45,-26,57.71,36.28,40.06,7,-12.43,128,-3,15.88,136,14.82,75,124,0,-16.25,-7.21,61.51,111,23,44,-22.87,62.46,9.35,87,7.77,107,139,75,52.74,-40,29,120,48.2
5.76,18,17,-4.7,21,119,76,94,38.78,-15.22,52,106,-17.33,144,2.31,75,101,16.83,94,86,-37,44,15.6,147,132,63.86,12,-20.46,-15.05,13.69,29.75,38.35,57.07,-3.24,-19,-23.95,-8,-19.52,32.51,-17.52
51,64,-4.46,-17,35.34,10.61,4.37,5,53,34.42,33.69,51.1,-42,-44,-23,-4,121,-31,5.4,21,-16,46.91,143,22.28,59.04,-29,37.1,5,63.25,109,101,65.6,-16,51.51,-2,108,5.14,144,-43,61.36
4,-22.12,-45,4,-8.34,46.44,23.44,-6.88,64,146,-4.46,106,136,141,-45,24.5,37,56,-0.98,63.9,87,-21,23,-24.5,71.44,51,-24,-3,107,148,-47,105,-33,15,87,10.65,34,-14,135,22.08
33,109,44.37,25,-46,117,141,141,31.06,117,21.97,38,113,54,143,-1,24,58,59,83,35.57,-39,85,67.4,48.01,-18,-18,18,19.28,70.7,136,146,109,105,59.25,-14.03,0,-18,-12.81,87
47.52,69.54,31,51.21,-3,13.01,55.42,146,13,149,-15.28,20,-17.69,32.62,3,38.96,42.08,123,79,4,51.05,111,106,64.89,69.19,4,75,15,94,74.92,129,90,64,64,55.18,-18,-10.48,-45,57.77,22
88,52,50.33,37.25,-32,-18,-9.16,67.14,116,49,-15.41,-40,99,-27,18.57,72,-7,58,48.04,111,25,25.88,0.83,20,6.14,23.76,50.13,-29,15,31.17,108,9.81,-17.38,-19,-8.31,-4.94,104,-22.23,69.56,8
72.79,114,-40,-10.81,134,-48,129,65.58,-4.72,-3,-4,13.44,64.5,57.8,-36,-15.11,-49,89,32,139,-8.92,85,26.73,80,53.58,77,9,127,-0.96,111,-10,28.32,42.41,132,5,83,26.25,23.32,-45,61.5
58,67.21,98,-16.15,121,96,24.24,131,111,0.99,22,-16.93,0.25,46,51,30.45,-25,22.02,-29,59.68,-19.82,64.44,-35,76,79,-10.77,73.79,38.25,-1.56,-27,-3.18,73.95,24.13,120,76,-30,105,-21.08,26,3.07
142,-17.15,105,-6.95,98,80,101,86,100,33.94,44,-36,35.73,40.6,144,-34,57.14,45,60,42.73,124,42,-25,105,54.97,117,-9,50.2,135,71,-39,-41,53.24,148,-42,15.31,79,122,71,-27
111,17,-3,-38,7.41,60.99,114,34.15,-35,-26,-26,81,-22,40.3,37.47,139,-42,106,5.89,1,33.12,79,13,112,54,90,95,-18.63,51,51,138,24.24,74,17,89,-12,2,48.97,-35,39
47.34,115,-11,-23,50.13,7.33,-33,-18.86,149,56.95,106,111,30,63.65,77,36,-50,-36,57.78,-15,-14,-19.87,-20.88,149,11.91,1.42,-34,90,-9.13,-42,19.82,21.98,47,-6,113,-18,53,-48,143,66
76,70.3,-45,84,28.8,4,20,92,37,65,62.55,26,-1.6,119,-13.24,-10.28,-44,-9,-21,-3,72.95,46.35,34.7,-12,145,77,27.93,83,34.65,102,-38,47,-20.28,59,102,57,38,119,15.46,33
12.71,120,13.44,73.04,73.14,23,88,44,9.27,57.9,18.58,20,-28,29.43,53.6,65,96,112,-8.56,27,30,117,-22.48,141,32,124,4,-35,59.57,100,11.56,46,32.42,-12.26,36,22.99,83,56.34,143,-11.52
-47,-39,138,58.59,-32,-6.58,-3.87,143,40.85,-13,42.99,-2,13.11,64.08,-4,-31,15.1,63,-40,27.16,-49,15.64,98,85,13,-36,11,-49,49.92,47.35,39.03,124,70,24,148,33.58,113,108,112,18
128,46,62.69,69.87,101,64.04,31.27,4,45.59,-50,79,137,-3.91,42,-37,56,-23.02,122,-36,16.14,-39,-21.11,56.18,69,144,120,85,52.68,1.28,82,-29,44.37,-2,7.15,20,88,16.88,140,70,40.66
27,-21.16,133,-1.68,6.93,105,32.34,88,-12,53.84,65.36,108,52.61,-47,48.07,54,65.83,17,149,-47,53.22,78,58.21,12.55,-29,-41,-20.45,149,2,54.48,42.6,-23.77,61.22,-35,-20.92,-22,1.68,20.14,-23.16,36.47
44,36.41,14,9.92,73.5,24,8,34.76,5.24,133,94,79,-29,60.23,-23.2,26.74,118,56,111,73.87,6,-25,56.68,8.24,33,45.25,8,35.19,98,144,14.71,29,29.92,49.13,138,128,121,119,68.13,-24
-21.67,104,-21,95,96,-38,6,16.21,-41,73.57,102,69.97,125,101,17.38,27,100,-2.3,-49,-6.25,-2.87,19.64,68,6,-32,71.26,0.67,56.15,59.32,73,30.02,-28,109,74.35,8.15,91,29.02,79,20,91
13.49,-30,149,-13.76,62.16,18,60.99,-12.95,87,13.94,-44,29,49,60.86,48,7,-41,-39,-8,137,-40,-2,-3.11,55,21,-21,39.93,92,7,79,57.17,37,60.38,74,9.77,50.24,19,-1.52,14.8,41
63.2,16.88,81,-44,86,-16.25,11.52,131,53.24,68,24,71,71,24.65,25,19,44,-6,53,12.61,104,20,-24,46.82,60.64,0.65,102,-3,112,44,-20.5,11.75,-22,-33,106,80,14,13,5,61.64
3,-5,85,14,47,-46,33,32,34.22,-36,-15,-19,33,-6.83,15.86,110,43.7,-41,124,44,74,-3,130,146,146,128,91,-14,102,6,-2,71.68,49,15.87,130,14.82,-5.01,-40,128,-13
54.58,2,104,121,-21,-3.39,112,34,149,64.78,43.66,43,63.07,92,-21.61,48,35,-9.13,34,52.34,22.95,68.33,-14,62.17,93,-17.23,23.53,112,17,20,-17.71,16.55,50,68.8,101,48.83,60,-1.78,73,7
125,5.62,40.95,-36,-15.04,115,-29,69.95,7,78,32,62.2,-32,78,144,11,56.4,137,18.77,136,39,146,22.89,-10,10,29,128,-22,-23,-16.57,84,-17,-46,-7,-21,21.37,126,14.97,-5,130
74,43.34,-50,63,45,143,18,41.57,-40,131,42,49.47,8.98,54,39.98,18.39,68.02,-26,15.22,61,-13,36,-23.64,10.78,7,23.37,61.96,22.93,-45,78,17,-6.99,-21,96,67,18.19,-9,71,-10.5,44.85
102,-25,108,45,-13,-16,-21.23,-24,-18.37,58,5.34,-7,8.86,141,26.44,8,-12.02,-21,-2.07,61.73,28.18,26.08,143,50.08,83,147,70.82,12.51,-48,42,50,36.03,-0.06,43.35,-0.73,-18,-23.06,47,68.1,56.57
86,111,-2.63,19,31,96,87,26.51,50.38,-24.29,145,16.49,108,99,145,146,81,53,0.75,-12,38.71,-22,-7,14,120,-24,66,149,68,32,6.18,80,34.56,73.09,-5.47,-22,11,138,28,143
9.98,-1,0.45,20.97,75,-3.75,-35,69.49,34.68,59.16,9.77,101,134,130,-22.95,18,-6.39,22,95,64.24,99,10,8,14.66,53.76,6,9.81,25,25.32,-23.83,119,52.01,125,5.35,68,32,50.53,-1,-27,121
29.14,-9,-11.4,-9.74,141,79,147,139,38.58,18,16.81,17,73.66,36.31,-21.92,54.65,4.53,-24,-2.31,8,84,2,121,-16,-6,-33,-36,42.05,-31,-12.34,143,87,71.19,149,125,-38,140,-26,42.62,72
-35,-48,25.55,-11.28,73.73,66.15,64.29,-36,44.59,-17.3,40.43,-48,-1.84,-11,26.53,71,106,17.93,-34,98,55.91,-21.76,45,-21.1,31.77,-23,-24,38.7,60.66,8,-41,39.06,-15.25,98,-7,15.75,114,78,-5,-14.89
-24.26,38,51.35,6.07,60.35,62,-22.73,-20.26,12,9.36,60,-26,-48,61,-36,74.49,3,-15.36,20.56,115,12.82,139,53.14,-38,80,-23,15.18,18,107,-2.91,-42,-5,0,32,66,-12.56,87,73,68,-24.34
83,126,15,-41,26,19,-4.44,98,51,124,122,141,81,11,18.09,62,-33,109,33.3,68.61,59.25,123,66.68,41,90,15.71,96,4.73,69.96,100,62,127,-22,3.28,68,-21.78,112,-14,32.41,-16
-43,25.08,-39,49,75,-45,19.54,-50,3.28,89,7.76,-40,104,-14.38,93,110,106,10,40,-22.55,-8,51,71,27.19,-22.79,50.72,53,65.32,23,56.26,122,10,9.77,9.93,77,-50,-13,93,68.99,86
30,113,34,74.49,66,104,8,31.22,52.04,65.64,-11,55,-3,35,41.24,15.6,13.21,65.17,52.04,29,41,38,7,2.39,36.92,41.41,-47,146,49,20.85,-3,-18,-37,17.87,-3,2,-39,107,-16,-29
58.02,108,10,57,-37,146,49.3,16.75,4.64,19.81,63,141,75,70.85,56,62.16,124,49,66,41.87,-12.75,10.97,2.61,27.88,89,-1.53,5.92,126,58.34,6.3,44,105,36,75,139,46.37,-8,139,-4.55,67.89
-4,-5,25,147,40.88,-2,81,138,147,-33,-0.39,98,58.96,-12,2.52,-5,63.93,-39,28,-48,66,45,-19,-13.8,96,33,4.83,86,34.35,37,92,-20.07,0.06,39.14,22,21.81,111,95,-22.08,-2
126,52,36,61.76,125,135,-14.18,-19,-49,143,11.77,44.34,8,27.3,108,123,44,117,-43,72.1,-11.26,71.73,97,102,56,22.41,98,23.31,1.75,135,32.34,-20,-22.64,-25,86,43,25,46,13,-11.41
75,20.66,19,80,128,40,7.67,104,123,0,102,-9,137,29.13,68,135,69.35,50,55,-15.83,-26,-20.06,69,2,73,97,48.69,131,-39,39.77,24,12,-1.64,50,133,23.56,114,141,-5,99
30.01,11.32,22.49,58,14.46,39.83,31,-47,-15.13,47.13,79,-3,71.48,49.23,-17,22,74,-21,116,24,61,35.11,11.51,14.81,83,0,-4.26,117,29.51,-21.67,102,18.98,-3.61,-20,25.26,10.11,-17.77,98,109,-50
82,-11.89,58,97,115,56,138,-7,113,50.33,116,136,85,73.99,60.29,43.25,122,33.3,44,63,40.99,49,66.14,-2.82,6.39,-48,86,56,68,110,107,93,57.16,130,5,-37,39.54,41.85,26,143
-28,77,60.2,31.71,34.4,-17.07,85,145,62,122,113,72,73.95,-30,-3,14.14,35,78,61,28.58,33.34,77,-16.1,64.26,73,63.91,49.17,47.31,-26,124,-3,73.91,49,44,66,48.48,45,-10.22,6,29.3
101,-8.87,64,6,140,41.62,-14.77,54.4,148,128,33,61.56,-9,-3.35,-18,61.76,33,45.39,-6.6,98,101,71,-8.81,132,18.64,76,104,-26,-16.29,147,-1,53.98,-6.81,23.37,11.11,32.19,-48,15,32,-41
31,55,60,38,24,82,-41,38,23.9,65.95,42.93,92,8,51,138,109,-1,27,-12,-16,-5,127,36.98,27.44,102,31.76,22,61,73.67,-14.01,78,73,-41,33,71,139,-15.36,57.89,-37,31.68
14,26.8,30,45,122,46,110,44,123,102,-18.19,125,128,127,-35,28.43,45.19,-2,117,-1.18,44,65.26,-16,-17.16,-6.78,56,14,50,-16.66,-38,3,-8,129,60.34,62,19.57,132,29,16.95,-3.23
-12.29,69,52.25,94,11.08,131,114,22,63,6.45,106,7,-11,-8,29,-1,-30,131,24.15,63.49,-24,-20,17.5,-25,-20.47,-37,-6.31,34.98,0.73,93,-16,29.2,48,-49,54.89,60,63.32,-31,-30,0
1,-24,104,73,70.07,21.85,47.3,-13,121,-21,10.06,52.62,59.1,30.34,16,138,37.06,31.69,12.5,59.25,-3.12,23.55,-44,73,139,51.84,-14.91,1,65,15.62,145,13.1,50.86,38.43,23,9.4,67,24.08,38,80
113,-5,74.17,42.14,99,115,13,49,-22,73,28.97,21.22,-49,33,-17.97,35.45,-13,13.56,6.28,-42,69,24.49,109,56,48.19,85,3.85,-21,55,41,100,41,85,73.33,11,66.71,33.59,-40,-28,47.38
-5.67,36,-18,58.12,46.99,72.45,7.81,134,141,-46,20,69.54,12,54,138,75,55.63,-31,70.78,82,33.21,52.41,-34,116,66,-7.3,30,-22,49,20,70.24,47,-42,59,39,-3.25,65.36,67,134,-22.45
73,-24,32,6,30,23.49,113,52.98,18.25,44.43,145,54.42,97,88,95,-9,55.73,23.03,64.9,31.4,113,59,124,19.85,56.51,-19,22,43.05,112,93,91,11,18.91,-20,51.4,66,23.55,148,17.15,147
17,25,142,-19.12,65.86,76,117,47.09,32.68,126,112,119,20.41,-4,-21.93,-9.04,-40,28.75,-37,102,67.51,4.12,115,24,77,54,56.08,20.43,23.73,-46,-15,14.41,-22.72,43.5,-12.18,-17.76,-30,-9,9,44
58,62.77,54.56,80,24,104,5,149,-6.39,96,126,-6.6,38.85,25.14,-18,-3,13.54,126,71,64.61,54.22,22.06,96,74.09,118,-47,36,-21,9,148,51,60.2,16,-22.48,24.35,3,79,59.87,-2.42,46.98
20,61,5,2,57.67,143,65.23,17,66,23.24,57.4,140,-10.65,19,23.79,-44,100,10.93,45,53,18,129,54.37,-32,104,-28,67.37,18.09,73.66,70.16,29,96,137,149,0.7,-4,33,-50,16.62,54.26
-24,2.37,-6.1,81,-5,8,-18.46,14,86,127,-33,-5.17,24.42,60,-2,32,146,65.43,24.34,48.89,71,21,14.73,102,1,115,-8.38,50.28,9,50,-18,63.43,10,21,46.48,71.88,69,-23,53,54
72,95,112,41,20,116,42,-26,37.93,66.81,132,11,117,79,22.05,-12,78,-26,-2,70,-11,-1,-24.12,72.84,-15,-20.95,120,39,57,38.85,70.89,121,53,132,36.8,17,68.51,97,112,-9.44
-33,33.71,46,-30,-12.53,142,-39,27,118,42,122,58.5,-9,93,31,36.01,-21.55,-43,25.12,-21,-3.32,14,47.38,-3,36.7,-20.48,48,83,22.61,39.49,-5.27,100,70,31,149,-5.74,56.59,134,71.24,55.63
13.67,-26,104,27.02,131,69,52,-17,36,-22.44,11.92,26.41,-28,-21,-11,30.37,-3.88,7.12,-30,4.67,25.49,45.68,56.95,29,105,52,23,95,114,71.28,71.92,3.48,12.99,25.2,31.56,-16.14,0.66,-5.5,112,6.87
9.57,79,15.14,14.23,33,112,-16,1,127,36.51,-14.73,30.61,-2.46,-20.41,45.86,-14,21,132,-35,15.37,145,59.82,-20,-49,37,0,-1.99,-40,102,32,38.44,27.41,33,63.92,149,124,135,21,-30,44
104,57,-24.31,-25,-50,39.49,-4.9,136,-23,6,133,18,62,69,9,-2.39,67,-7.23,62,60,38,15,-13,-5.63,85,20.6,119,-48,11.91,146,47.85,75,147,35.41,103,-18,80,4.22,18.24,20
117,-23,20.51,66,42.69,-12.19,144,141,59.48,59,15,5,130,-5.38,120,43.59,-43,6.35,17.04,53,61.43,41,13,28,127,68,21.29,33.56,-14,124,47,126,49,66,105,13,36,38.58,42.9,-21
-6.27,69.93,56,-19.5,55.81,-33,140,7,63,53.81,-20.99,48,1,31,73,136,32,-20,-5,46.06,133,81,47.97,35.96,97,-15.12,-14.47,23.63,66.83,49.48,77,-3.91,49.32,69.17,93,13,0.27,144,28,-30
78,100,4,29.27,102,137,40,102,91,36,149,137,147,62,132,80,129,11,47.22,123,47,-28,0,106,27.83,46,11.47,-23.57,-44,87,127,3,40,115,64.52,-24.19,-25,15,73.28,70.98
28,33.69,31,7,47,43,52.38,90,-42,56,133,-31,17.3,63,68.91,40,-32,-1,-26,-4,-1,149,41.89,9.43,6.66,44.13,24.67,94,9,35.26,115,69,-23,18.08,-17,-49,65,-24.68,43,-7
69.25,96,12.79,140,65.56,-14.04,77,-25,128,62.12,3,121,118,-5.55,136,31,30.11,23,-18.1,46,40,-11.06,12,24.75,104,8.46,58.63,58,-5.83,77,127,54,-16,-27,80,-47,21,58.27,-25,115
65.67,13,4,19,148,71.96,22,-6,13,52,-16,71.15,1.53,-1,23.55,86,6.11,40,19.32,-10.48,66,43.36,31.93,-8,-5.61,29.79,46.11,44.65,75,-5.49,35.73,44.18,17,-44,35.28,40.28,66.31,68.55,12,86
31,41.71,-23,60.08,44.55,-4.41,31,35,-33,-47,11.18,144,28.87,16,70.43,-9,2.77,47.35,-36,89,31.44,53,64.88,142,118,141,39.25,-15.92,52.6,142,136,-21,143,47,2.68,26.52,1.12,47.04,-6.1,80
65,-17.33,131,5,27.19,125,108,-15.79,119,-23.25,12.02,50,0.58,59.91,135,65.58,-49,39.92,54,22.64,105,24.56,77,-6,144,-9,25,-3.77,105,64,-42,-20.16,30.12,-50,14,-8.04,-36,-40,-4.11,-21
37,4.8,-21,27,126,49.71,58.91,-10,57.78,62.68,133,77,-14.64,109,21.94,48,53.05,19.47,7,-37,-48,146,65,-7,102,78,98,102,74.05,20,11.05,42.13,-23.53,52,118,72.68,13.65,59,-50,13
-46,32,35.94,-8.84,52.74,32,63,103,-12,38,50,144,84,128,13,82,49.6,118,11,18.81,44.27,-11,58.94,11,139,147,-21.25,-19.81,28,22.05,37,130,22,-5,-22.94,114,-40,28,35.73,49.15
-45,-4,56,45.49,-39,-4.08,60.64,120,-16,15.49,109,41.98,82,53,35.45,-41,63,26.48,60,83,66.35,-26,74.08,-17,113,1,-33,14.77,28.36,9,111,50,56.53,-14.68,-6,-19.39,82,40,-28,69.76
38,-2.97,67,5.84,60.55,49,16,-8.02,-28,52.27,-10.65,142,51,37.9,67.55,133,127,34,61.18,116,-18,92,133,57.33,-6.17,-42,-21.44,17.59,101,33.78,132,-25,47,80,59.47,42.87,-13,46.72,19,127
-45,146,55.09,12.29,-16,-24,66,17.82,-50,34,24,78,21,35.92,54,27.73,82,82,84,5,68,55.12,4.07,59.73,103,53.57,92,20.95,144,39,19,86,-12.16,-14.52,38,110,116,10.63,72.65,40
107,-19.17,97,-40,0,-1.89,64.47,-43,39.27,-21.16,57,69,-11.02,-23.35,49.32,139,57,-14.7,-14.81,26.42,27,-9,26.3,29.9,50,25,117,16.09,22.42,20.19,-22.88,45.05,134,40.71,141,-31,109,84,129,48.35
52,13,15.63,-11,54.5,89,37,125,38.02,27,17.83,145,51,64,127,36.86,71.36,26,21.67,-12.23,114,-27,-25,20.34,-5.73,17,-1,117,104,71.36,-11.55,4.99,0.76,-4.62,6,-37,52.96,-15.3,2.13,-14
88,70.77,-14.57,31.93,26,-8.25,2,85,-31,-13.93,104,137,32.52,-37,78,57.23,-3.97,-3.53,63.61,33.56,30,41.26,-21,77,57,22,91,58,105,-30,73,-15.8,46.61,16,66,68.4,34.28,61.34,113,11.78
-2.9,-18.44,22.31,36.02,45,-22.71,14,70.71,33.12,-18,58.59,-10.87,-22,110,31.47,-7.6,72.65,4,91,63,27,29,38.46,22,145,31.67,10.65,74.52,6.83,78,38.48,117,8.26,93,8.74,58,18.37,3.45,-47,68.94
36.98,-14.57,97,1,15,37,-35,5.34,104,129,87,7.17,98,67,114,-10.37,21,39.34,31,-2,-42,85,99,-44,108,114,-35,-13,9.01,-3.34,43.57,2,119,-35,61.87,70,21.18,49.11,59,32
-46,126,-38,101,31,35.54,60,-12,41.93,125,41.15,132,118,21,25,95,-16,-12,4,3.74,14,-8.53,62.43,60,30.56,53.74,144,-46,50.66,-14,52,63.63,24.22,26.74,-46,1.69,66,59,59.2,-6.93
36,82,105,54,56.51,62,57.89,-0.3,-16.13,56,40.48,-11,-15.35,-19,-2.95,89,70,-10,-49,39.28,115,-6,-16,35.52,4.51,-8.58,14.61,121,106,138,8.61,13,2.79,21.84,-16,60,33.31,-24.22,51,17.13
44.48,25,111,31,68.28,16,-30,24,66.71,-16,91,92,110,-45,49.43,24.38,27,63,86,-43,8,94,65.6,72,130,43.38,42.54,-37,14.06,40,38,-25,0,25,18,51,53.31,133,22.02,73.68
-6,51.95,125,-4.29,81,1.3,32,101,55,49,46.34,-6,50,83,56,28.51,18.27,92,139,8.95,-12.96,143,7,34.1,-40,11.47,138,73,14.28,69.96,54.89,-14.3,11.19,119,64,119,129,-21.27,19.67,112
44,-16.88,59,25,132,-6.28,83,18,136,46,2,68,132,26.88,57,-27,58.92,75,75,48.43,37.69,68.75,92,31,80,73.21,126,9.51,25,-49,6,9.58,39.33,29,-14,21.17,-2.73,-20,-5.88,13.41
60,-15,53.42,27,27.08,38,-9,53,-1.37,45.6,27.17,5.85,30,-47,112,30.82,-3,17,-0.4,142,112,-12,-33,44,41.79,72.53,72,20.46,75,8.02,-2.45,33,136,-35,-15.17,-8,-14,67.76,39.45,67.9
81,47.95,18.86,5.83,-16.31,27.01,39.43,21.54,74.47,15,56,27.33,21,37,104,91,-6,39.23,0.31,37.7,-20,38.21,32.28,146,38.35,-12.69,57.89,57,-26,-43,39.13,129,68.34,73.87,71,-42,37,-23.44,10,146
50.35,64.05,68,57,100,25.91,39.04,-32,82,2.26,72.31,125,4,148,33.48,9,113,96,52.68,16.29,-18,148,33.28,39.5,32.74,135,38.7,-3,-25,16,39.92,121,15,19.93,21.36,-3.76,-12,-6.29,81,-28
28.31,-18.77,117,9,36.15,12,-16,-9.63,-32,10,64,-14.61,-11.2,102,62.46,7.81,-2.89,2.41,52.86,6,29.66,-18.58,21.55,25.14,-10,32,80,-37,144,37.54,62,101,111,132,-15.98,-4,120,42,-40,67.34
123,83,-18.31,13,72,82,-14.38,56.66,141,-23,96,100,20,66.91,4,-9,-8.5,13.65,4.2,13.91,7,146,15,0.48,28.24,-24,61,-22,92,126,96,107,20.07,110,66.15,-30,5,58,91,110
-14.17,57,13.73,89,-24,19.14,44.44,95,25,66,-30,110,-14,0,73.28,25,62.43,139,-16.84,4,119,122,56.11,40.08,112,90,-35,-17.51,117,132,149,-4.44,49.65,96,115,51,53,15.25,-24.52,130
-8,87,16.46,112,93,48.51,-23,1,35,33.92,84,-12.95,31,35,61,27.9,-14.31,-20,92,81,14.05,7.19,-21,71.31,-9,-10.73,-35,1,23.64,111,-10,55,-9.49,139,107,-6,48,144,57.71,38.36
-11.04,74.57,72,124,26,-9.05,-11.99,-4.38,-17,7,36,50.21,25,-31,-28,120,51,-41,83,104,130,79,122,-33,65.37,142,-0.3,46.83,44,118,54.73,-27,58,42.77,61.6,-45,80,106,38.06,50.87
134,73,117,-9,-50,78,23.67,122,2,-23.61,4,61.96,110,-3.99,42.42,19.01,11,140,-8.18,10,3.84,46.06,-50,70,127,-40,116,23,2.17,26.64,22.27,57,-11,8.97,-14.85,70,-43,17.66,2.05,32
-11.04,35.01,4,45,67.46,69.3,54.65,-10,112,87,36.51,-34,-21.19,-4,-24.8,134,40,-12.85,22.28,87,31,7,41,63.5,-12.78,4,-22,-15.84,4.29,18,26.84,25.15,2.34,143,95,38.14,52,34.32,10,1
-21,51.59,57,63,-4.63,112,42.87,-43,-41,70,149,-13,-8,-35,111,11.44,7,50.09,73,21,-1,5,19.2,110,-30,51.34,31.87,46,5.32,26.21,41.33,5.26,61,-46,-43,77,29,28,58.68,11.78
136,24.01,99,13,50.68,148,62,38,-25,77,-0.65,74.52,147,40.09,-22,2,80,91,45.65,97,28,49.11,-3,77,-8.82,24.14,-9.8,-11,51.96,28,33.78,8,23.44,-11,99,122,36,12,10,74
45,77,54.39,46,-44,-17.99,118,126,62.05,-4,48.08,1,36.59,105,-14.89,23.74,17,112,23.3,115,61,62.5,-37,-7.5,-47,-20,4.77,12.9,37.29,89,112,12,62.99,-19.82,66.52,55,-18.05,-48,-47,-28
-22,72.1,103,71,-17.21,59.22,13.89,-39,16,41.42,-18,-9,131,32.01,74,72.18,84,13,-47,60.35,99,136,91,-13.25,0.32,96,-7,11,85,-22.66,-15.43,61,-4,117,43,-10.55,12.19,67,109,6
1.77,25,-23.19,70.27,81,49.95,9.62,15,12,49,116,86,-10.84,49.98,-5,39,113,82,49.2,146,48,-11.35,44.29,10,-12,58.4,-9,143,95,11.61,7,48,24,44.43,36,43.77,42,-25,18,-32
45.39,17.33,51.79,-23,-8.05,115,132,87,24,-23.48,37.21,-16,72.09,15.82,89,122,68,18.54,47,10,39.38,65.16,-16,25.18,59.56,23,149,39,135,-22,37.92,84,35.28,-40,-26,-47,-1.24,123,72.62,79
-18,131,109,71.91,62,17.35,32.55,-18.33,28.63,27.19,55,-4,73.37,34.16,91,62.22,71,13,5.9,-43,-31,125,0.56,-31,118,100,37,-35,-6.39,132,5.37,92,61,90,-49,-22.12,-32,130,86,96
113,51,60.77,81,8.08,135,61.61,112,49.01,58,6,-50,-21,123,125,53.56,130,-6.76,-46,17.79,-14.6,-6.34,96,-24.05,52.15,82,-13,73,11,37.81,14.54,23,-13.49,3.19,35,14,-7.79,116,-18.87,133
14,54.78,85,23,28,22.04,33.39,17.61,-10.97,25.6,-8.29,-13.92,-46,39.74,15.7,55,27.77,-4,67,56,69,99,-11,127,26,3.37,-12.49,-12,79,37,-18,-11.89,2.53,132,69.15,-15.64,118,62,142,56
-3,-10,-13.12,40,-10.98,9,54.29,61,-5,64.51,-35,-11.65,55.64,136,12,68.87,21,39,1.23,54.08,16.16,33.3,35,146,145,-23.01,34,31.46,16.58,-9,60,125,23.06,34.12,82,43.76,90,-9.28,42,70.56
33,-11,50.87,6,29,57,106,-35,36.06,71.72,61.32,74.56,19.99,21.33,12,25.91,34.4,134,4,84,-43,21,22.25,117,135,19,38.27,132,124,99,32,64.2,7,60.19,17,149,29.11,123,-20,0
78,-4.24,52,19.12,47,9.35,34.4,100,144,52,81,110,132,6.7,19.12,8,60,31,2.99,53,71.66,41.54,136,-13,37.6,80,-18.99,31,3.96,0.5,19,63.87,-32,-3.67,-11,-20.94,-10.98,133,-11,48.36
7,25,-39,74.52,55,133,-28,7.22,99,15,27,-36,-41,35.82,84,-21,-22.51,120,57,133,26,-21.22,49.83,147,-6,124,140,47,68.9,128,129,134,-36,69.91,-48,136,51,-15.02,30.83,-13
61.91,4,12.12,-29,-48,19,144,51,121,-13.13,46.61,81,-47,93,-14.26,20.15,26,82,12,-7.51,12,-3,38.83,143,71.44,4.38,39.02,35.87,141,56,39,-19,-4,35.64,-9.76,-17,-12.27,-17,53.81,104
44,45,41,9.97,27.99,103,60,-20,131,39.25,7.69,-29,-12.59,-17.38,-47,18.28,93,137,140,31.54,-21.39,93,-19.86,87,-0.4,113,52.91,12.87,67,9,9.44,129,38,60.24,106,50.38,127,-0.14,-17.07,22.55
6,96,114,8.24,23.71,9,36,14.31,-4.54,69,21.63,42,98,8,13,-17,65,50.59,29.86,21.67,-11,-47,17,141,91,-48,0.37,-8,28,11.31,7,67,32.35,-3.03,9.53,139,141,51,48,76
-47,1,53.2,-12.99,144,146,101,18,-32,3,1.35,-22.56,71,146,-13.78,46.99,-7,65,-39,140,86,53.67,-16.86,73,-28,-18.27,72,47.31,72.36,13,114,34.45,-41,20,57,59.98,14.77,14.46,33.09,-7.95
114,120,42.03,53,19.65,-10.19,79,121,75,74.71,99,68,116,42,2.08,40.87,55.42,-3,17.43,118,119,60.66,42.24,-6.63,-12.17,45,-18.13,48.03,40.26,82,85,-12.08,1,141,-15.06,12,65.44,74.71,38.74,90
12.64,143,39,47,-29,49.63,77,10,132,77,67,42.26,-16.5,70.17,-2.76,20.57,-41,101,-31,19.55,-4.65,41,40.89,-20.36,27.1,-0.64,50,51.16,66,39.58,28.58,6,100,-17.6,73.24,55,19,103,-23.69,39
108,100,20.25,36,-19.36,96,34.34,7.94,58.92,-11.19,61,115,-43,16.02,-23,68.56,48.42,143,9,15,39,135,63.51,38.65,12.03,88,33,82,61.34,-47,-29,-10.58,69.49,91,19.77,20.54,-6.89,14.02,-48,-21
58.06,12.81,149,3.19,37.11,85,8.68,30,-7.38,24,-1.35,-26,7,-2.81,-17,116,2,67.72,68.57,63.07,38,33.54,71,66.39,135,72,-33,137,107,-19,57,9.37,-15.66,34.67,-1,43,23.48,30.54,11.96,46
32,55,54,38,8.26,41,61,73,101,-12,37.62,44.43,61,53,133,-11.99,0.8,143,49,58,68.11,70.84,-22,84,47.14,14.42,49.07,42.68,21,-1.74,-13.76,19,9,64.02,39.1,48,0.9,54.42,39.91,23.91
23.67,-15.72,42.15,-14,73,73,24.91,-48,-1.91,-11.6,-44,37,47.59,-18.74,-11,47.62,34.79,111,40.54,-36,134,54.25,-5.45,-41,72,79,78,52,-10,28.2,38.65,71.1,59.89,58.19,107,27.39,92,29.14,140,23
72,10.71,32.74,-2,-1.42,20.63,128,0.03,-26,134,18.07,143,-7.99,11,-8,-39,31.14,5.7,119,65.06,32.4,18.39,46,109,68,21,-12.99,8.45,81,138,-23.16,53.38,67.97,66,59,43,13,-30,59,114
111,36.12,20.8,27.42,87,23,49,88,68.34,138,-19.51,67,16.56,-16.43,10,149,92,-34,30.72,13.01,-7,111,49.95,38,47,3.16,3,-37,144,66,-15,119,-5,59,70.82,-30,58,19,124,-8.79
38.6,42,-43,30.56,18.57,71.27,39,124,127,114,4.47,120,-46,143,72.16,-5.84,-42,65,21.83,18.63,-4.79,-31,-25,42,50,-1.9,4,117,64.67,77,55.63,0.19,99,-14.48,46.48,105,148,-16.32,15,140
56,12.39,-6.54,86,96,101,2.37,13,51.22,138,30,2.91,12.92,55,0,-22.34,8.39,67,103,37.83,147,91,103,13.74,-15,-38,80,74,-46,2,-2.07,39,16,106,31.2,49.15,31,89,-21,110
51,-22,147,18.07,-44,57,124,43.68,18.41,32.96,-7,15,10.42,97,3.71,54.78,12.01,27.17,44.29,109,33.02,-30,16.19,46,32,-10,143,140,-44,19,95,33,121,-21,24.41,-12.18,13.51,39,-42,-12
10,-47,90,-33,-7.66,10.17,-26,-15,114,59.14,93,49.66,37.13,50,-33,39,36.7,-12,60.74,-44,46.36,15,63.73,-21.72,129,-21.61,43.41,55,99,57.41,143,-33,73,81,122,73,89,-17,51,97
0,135,119,0.3,-14,43.18,-14.64,-31,33.57,66,30,16.88,34,100,1,60,75,32.78,107,41.48,39.11,-25,-1.62,80,60.7,108,-5.01,48,79,21,-9.58,148,67.44,137,27.67,30,11.86,25.34,25.01,22
62,69,44.85,61.12,23.89,9.07,147,16.03,58.07,3.39,69,119,93,-12.37,131,118,39.99,-35,-23.84,59,71.58,39.62,-7,32.16,-5.88,22.01,11.4,74.53,50,81,128,51.13,12.1,16.28,88,138,130,15.95,-27,-6.13
62,137,18.04,-23.91,6,-7.65,15.03,96,17.55,20.93,76,55.24,-39,68,15,1.21,32.21,-47,0,21.46,13,130,42,72.34,49,-14.83,90,55,-16.44,130,-5.8,138,9,39,19.01,112,72.36,88,77,7.2
27,-31,34,70.16,8,-5.19,25.76,-6.33,24.82,127,37.72,68,1,112,63.69,30,39.48,-5.67,128,89,69,143,90,9,49.56,4,-49,27.66,31.75,13,-46,23.55,57,-2,65.04,64,28.51,40,7.46,-21.04
133,77,142,7,57,92,48,-16.42,124,-3.94,-23.98,8,137,-33,88,144,-18,-27,60.54,2.08,-5,146,69,42.45,77,18,24,90,104,145,49.61,123,51,122,124,35.96,102,28.42,-15,-15.54
44,88,18.33,-12.7,-17.15,66.53,-18.43,-16.11,29,39.3,98,83,61.96,18.37,68.88,-5,122,84,84,-9.53,3.2,-20.72,35,-37,86,53.46,-4.17,-25,29,52,29.36,24.28,10,-11,143,-5.82,26.25,82,149,73
-18.33,-48,37.61,6.71,-41,20.66,135,149,58,33.57,-36,-4.86,71,106,-46,0,7,-24,-5.82,-16.25,1.41,27.06,52,115,-23,93,57.76,136,41.17,96,59.25,-2,10.32,65,31,12,13.52,16.63,42,76
-1.36,8.06,96,116,43.51,26.02,38,68,-18.04,27,80,-42,57.56,-50,31.25,20,98,86,29,69.35,139,62,3.18,32,14,31,12.04,137,43.33,69,66.96,-42,57.41,112,56.01,66,-47,-43,65.05,149
53.03,74,59,41.65,28.05,57.78,82,-18,20,30.75,-2,39.65,6,98,143,-29,110,112,57.43,-27,52,149,-10,-30,100,86,-23.06,5,25.71,-22,115,33.59,40.65,64,78,113,-38,49,33.57,65.66
31,-5.61,-48,59,23.85,62.08,8,64.96,114,149,15.71,-27,31.71,6,-38,17.72,-14,-13.12,-17.14,-46,-31,-37,47.61,113,26.67,149,58.7,59,3.06,92,7.3,16.83,-21.57,-15.25,139,41.95,-20,48.07,55.45,-23.21
-24.89,-20,18.58,17.62,38,1.23,4,72.76,42.71,49.68,27.17,44,-10,143,66.05,-48,30.75,47.61,123,79,-40,-14,52.2,125,67.39,61.65,18.9,49.52,-6,57,-23.71,66.75,61,134,99,10.86,32,142,27.26,-19
109,51.86,25.16,63,-17,44.14,-12,33,84,14.91,18,22.3,44.76,109,-29,52,67,144,54.83,65.6,5.85,126,-36,-10.37,-35,76,22.83,27,137,123,116,-0.03,54.09,76,27.92,-11.13,147,-3.41,70.36,147
66,148,51.49,53.91,60.6,50.77,19,53,-8,-19.47,132,33,25.19,65,-19.92,13.3,6,-6,122,40.15,32.92,-14,6,30,74.38,121,48.4,149,71.81,46.28,-25,53.62,65.41,8.86,-22,129,136,37,-4.16,5
66,40.41,-16,-37,0.97,109,59.09,65,79,65.03,140,-16,13.83,0.21,149,28.78,49.46,52.18,22.75,18,24.13,127,-10.27,-14,53,53.52,43,-5.83,61,71,122,48,-3.19,67,28.81,4,1,-32,-8,31.29
135,-18.93,-2.34,147,-4.27,41,-24,5,-6.88,102,-12.22,54.3,61.26,98,-8.04,0,81,86,56.93,-32,-20,11.97,129,55.84,89,9,-14.54,57.99,43,8.68,58,-18,-39,1,39,132,47.85,-0.78,25,63
-15.16,52,122,5.43,-0.31,21,65.76,-9.12,-38,76,39.42,141,53.58,85,57.72,69,129,100,-15.13,28,18.76,144,63.42,139,63.31,-2.31,122,12,-17,63.73,59.47,11.6,23.51,82,39,-1,44.36,37,-42,119
44,40,24,25.62,123,45.65,91,-50,-18.66,27.21,-18.48,21,142,-46,33.77,119,147,20.72,14.91,-3.29,26.88,91,69.96,33.18,42.5,50.26,-5,40.5,17.27,132,105,-7.87,56,15,39.27,-38,76,82,-14.76,41.39
-36,53.92,-22.27,-22,56.52,36,-6,48.14,125,71.94,62,133,8.35,-49,24,27,10.73,54.61,-13.15,23.62,4,44.99,74,56.99,-24.21,-22.96,37,45.35,67.48,134,41.99,-3,2.63,61.12,131,-20.75,14.34,60,58,-19.13
58,67.43,1,29,-49,31,-2,-46,74.25,2.76,27,122,122,-21,46.46,92,15.71,64,133,1.64,128,13,4.07,41,88,38,46.13,82,61,58,-3,-22.35,-30,33.67,66.9,68,57.11,63.01,61,88
88,74,70,48.17,-14,2.73,102,7.05,-15.39,46,-28,15.57,-2,28.45,-41,58,141,-39,143,-1,126,-15.56,9,29.06,137,64,-8.1,49.3,96,58,117,139,95,-36,136,-25,48.66,20.76,72.96,-15
108,61,34.33,24.92,44,19,-23,9.51,-25,60,122,-8,19,-27,-9,9.19,26,-5,64,82,115,139,65.88,48.99,59,87,-19,108,113,-34,76,13,56.71,3,50,16.57,53.74,64.5,19,37.06
5,-24.4,107,8,-15.56,4,13.55,8,56.93,7,-17,145,11.91,83,-2.73,26.01,-4,61.04,-29,55,-48,80,122,-38,-33,79,136,103,88,50.92,38.52,93,6,68.22,4,-9,77,-37,113,-20.71
28,68,55.5,0,-22,54,5.42,17.22,120,8.52,-36,116,47.2,-50,103,-22.07,55,53,38,61.65,59,37,65,44,32,134,140,60,84,104,-19.75,3,52,-13,77,97,12,-2.6,37,-32
65.86,-22.8,128,47,5,49,37,65,39.68,15.09,136,53,53.96,6.28,-45,21.13,31,-5.21,29,47.03,-15,69,-29,35,47.99,38.79,5.53,97,26,19.47,108,73.58,27,39,114,17,145,77,-3,28.88
51.82,29.11,-16,90,56.01,24,45.51,129,35.94,-29,21.49,-41,-15,91,48.42,71,108,43.4,53,62.79,132,128,35,59,51.46,127,48,23,14.04,-5,0,60.49,70,93,26.65,9.18,67.61,24.91,-6.99,2
36.96,25.12,-1,120,23.88,102,49,55.43,145,-45,5,68.48,29,24.84,-10,114,96,90,98,-12.52,-46,81,-31,69.61,13,-23,144,135,-21.75,-33,38,-14,-4.52,13.04,34.84,72.65,10.13,46.27,80,14.56
1.21,6.64,14.86,146,-24,39.22,117,-19,116,65.34,-31,38,-20,-22,33,-18.06,82,-27,89,54.34,-21,44,90,-45,109,-7.55,49,89,117,43,-0.69,14.08,143,-7.11,99,128,128,13.39,84,86
50,135,57,-27,63,105,-20,-18.09,48.19,8,-1.09,69.67,41,70,114,128,63,-21,24,145,83,21.27,35,65,-46,70,30,13,64.54,69,133,-17,114,-48,30.82,25.41,57,126,70.44,-24.46
53.93,-16.42,143,31,17,43.05,-29,6.3,44,-21,-7.4,-24.44,-27,124,13,37,106,13.1,117,60.93,36,7.13,12.1,30.03,27,-23,127,59,64,130,130,69,36.25,24.88,122,70.86,139,80,12.63,72.47
125,96,27.05,142,-30,-20,28.21,27,102,-15.52,72.53,119,18,68.6,37.87,19,-16.09,-3.38,11,46,97,-8,-24.7,-14.87,-27,101,-15,13.43,67.96,-20,44,98,30.36,6,41.9,-12.27,79,72,66,-15
5.45,30.59,144,56,33.47,100,44.26,37.92,56,4.67,51.95,49,17.49,14,40,-33,77,-14.13,-5,24.42,-8.13,-20.49,19.23,49,28,64.3,148,-7,-16.87,41,63,1.94,3.34,1.33,98,5,7,141,28,50.91
-4,-14,-2,23,58,17,49.97,36,6,111,17,45,129,53.77,92,4,-4,39.02,-21,7.77,-3,107,0.34,43.05,91,43.24,95,131,126,-14.25,30.18,43.84,117,124,17,23,22.21,124,-23.43,102
24.29,43,65.95,56,-7,23.91,129,33.17,57,-25,1.84,58,-13,16.34,88,-20,63,28.77,48,34.25,5.84,-23.15,42,20,52,-7,141,-8.65,56.44,46,46.09,-10,40.85,-23.03,111,21.27,-21,58.6,120,36
6.04,148,53.81,49.64,6.31,33.95,103,69,38.03,41,75,11,103,87,87,42,-17.8,65,-38,148,81,134,4,-28,0.28,126,67.27,133,-36,7.14,30.38,44,115,18,13,-27,85,-31,-26,58.69
-10.8,-34,143,130,101,35.5,140,50,2.25,144,56.75,52,-19,-48,84,-21.17,47.54,107,145,47.96,-22,-17.27,50.99,3,44,-37,-26,48,-48,54.27,-4,58,125,119,23.62,67,-2,75,8.48,17
72.23,-12.03,-42,-42,25.88,-43,-2.43,129,133,74,141,118,37.09,64.05,98,8,3,65.86,16,-16,-17.92,-17,56.48,71,40.03,-45,51.61,23,-17.69,68.09,146,140,14.9,-16,-17.54,92,81,-21.05,81,-17
33.81,28.15,48,-48,-49,69.05,38.78,-6,63.02,149,56.78,36,-8.23,43,48,39,121,-33,72.49,5.69,87,28,65,27.05,-13.28,16,8.66,-42,-21.11,-18.96,-14.27,1,8,119,119,26,-7.94,129,97,2.69
149,102,35.18,75,-19,110,16.56,127,55.96,52.3,70,56.12,1.66,74.33,74,4.39,39.01,24.53,113,100,7.9,28.11,66,129,7,49,-15.73,54,73.51,66.51,-31,-14,34,20,123,-29,76,103,21,137
49.69,68,95,40,42,50.63,40,66,14.95,33.74,-20,19.17,83,61,28.71,-17.3,25.01,4.46,58,79,56,111,99,109,55.78,0.63,72.12,129,15.68,-7,7.31,-45,-5.5,12.01,46.17,-18.85,77,45.17,-23.85,-28
-1.01,140,-6.98,27,52.23,36.6,53.35,9,3,128,32.58,43.25,56,64,17.77,-37,29.13,77,-7.62,36.08,46.1,27.31,37,67.94,72.87,-38,69.11,35.95,104,41.28,53.35,77,50,31,-44,31,34.97,69.72,74,139
41.68,45,19.31,50,10.27,115,-40,50,23,72.01,72.72,7,-2,-23,111,130,57,146,37,44.64,1,34,52,71,127,-18.6,84,75,129,145,67.62,-44,37,38,54,115,84,84,56,61
49.61,62.26,110,32.54,58,-9.89,72,-1.44,81,102,33,21.92,11.44,130,120,-21.31,102,127,-48,5.73,65,23,100,-43,77,-34,35,21,-26,74,26.49,63,141,147,-44,-22,138,58,145,2.23
44.01,48.97,27,66.61,73.12,-47,74,-47,28,-1.01,-28,44,105,66,31.88,8.85,88,2.88,4.09,-38,145,61,57.81,34,-21.96,27.9,58.26,122,16.14,94,-37,88,50,56.61,44.15,63,19,49.83,-8,48.24
0,51,-31,127,78,149,10,73,16.52,5.49,29.51,104,127,4.9,-32,29.52,16.54,48,144,28,6.77,33,62,-18,4.88,25.39,64,121,59,-1,29.9,-0.61,-41,-27,4,55.09,47.24,-13,41,29.62
40.98,27.91,47.47,74.3,-23.85,104,143,-8,34,22,15,25.54,44,25,66.97,19,62,6.55,28.82,29,124,19.73,30,-48,36.02,65,-37,31,46,13.01,16,63,-1,63.46,-4.26,69.99,-18.35,54,45.78,61.42
27.47,-42,30.6,45,-12.25,13.53,-20,38.17,19,97,63,-23.01,122,109,-45,120,102,51,14.38,111,22.43,38,6.6,141,32,39,39.01,4,28.1,76,-4.94,35.99,-23,58,-38,127,-3.48,-13,143,52.12
-24,29.55,71,10,-26,33,-28,-16.26,46.93,40,41.36,70,118,47.93,142,-24.05,33.41,61,26,30,137,57,18.86,56.52,142,84,68.2,16,104,40.99,0,-39,96,29,-26,72.65,66,84,68.2,35.27
0,38,-9,-24.25,16,103,33.78,110,26,32,99,1,8,-16.31,78,22.77,27.39,108,33.08,39.01,4.6,-12,67.51,84,-30,78,-11,-7,9.13,-0.72,-22,53.7,45.28,32.56,-22.22,46,62,58.82,-5.13,95
0,34.48,62.17,-47,63,73,56,147,135,-7,32.24,-12.2,49,-30,10,28.24,7,-43,68.11,-37,29,19.07,38.66,-0.74,114,143,24.58,-21.94,67,37,-10,127,-8.45,107,-5.44,26,49.6,-44,38,70.11
32,-8,91,-13,-14,-1,40,49.26,79,-29,6.99,61,31.67,10.83,64,54.3,61,50.12,129,62,39,-5,10.4,89,-21.66,62.86,26.47,62,21,-50,-18,146,17,63.8,43,31.99,92,-26,71,35
14,-9,4.24,-9,122,64,99,71.91,48.52,115,62.65,-15,136,30.36,34.86,4.35,54.58,50.66,49.01,85,-24,-29,86,146,91,106,12.85,16.87,111,70.62,-47,27,135,63.45,28,72.02,11,27.11,16,78
25.66,38.16,-4,32.35,61.62,-11.65,-10,22,23,139,141,-18.41,80,74.11,68.87,9,-49,34.23,132,27,9.6,66,72.74,108,23,21.37,20.72,8,52.65,122,132,4.99,145,7.81,18.55,-4,-20.56,-9,101,66.95
52,8.7,12,30.42,57.2,13.3,79,-14,52,120,44.5,68.14,86,18.66,-24.21,-19.59,62.6,62,41.6,96,18.45,80,72.44,-17.13,-17,55.35,25.47,101,31.94,31.87,-22.24,12.2,71.5,10,141,-4.65,48.45,57,29.8,89
96,-41,60.99,5.93,99,-6.77,136,50.94,16.29,121,48.27,9.73,-9.18,53.7,21,31,-18.55,15,82,87,78,-39,-0.9,-22.71,65.42,129,-33,83,76,-17.5,106,37.02,0.33,-40,97,17,24,0,14.98,43.46
69.54,3.99,112,60.75,98,45,129,21,14.35,-37,11,66.66,44,-7.73,19.96,38,32.23,38.45,37.72,-21.64,-18.24,-13,145,22,-23.46,67.24,3.29,69,-33,31.36,43.02,144,-35,129,-18.26,53,-8.28,129,83,51.3
0,48.21,39,-17.12,41,103,-21.55,20.46,103,48,49.82,56.19,64,-1.36,132,115,-26,29.21,130,35.49,42.81,65,-7,119,104,0.41,25,33.4,26,112,72.92,38.07,38,14.04,34,66,37,-26,-23.88,40.48
88,21.92,53.43,36.48,53.08,26,61.7,23.03,70,56.48,61.55,80,62.36,6.7,60,17,139,-25,112,-17.19,24.47,1,38,22,29.19,109,44,134,10.77,41.88,12,-12.84,109,-22.8,117,8.61,22,73,-48,-9.96
-36,-15.18,6.48,74.07,112,4,-43,128,14.41,42.53,-43,122,113,0,39.18,72.41,39.37,148,115,94,86,42.88,16,-11,-30,133,-45,-3,149,-15.19,115,67,66.41,-45,127,38,87,41.56,136,-42
61.98,83,0.38,-8.08,35.8,28.07,140,85,-10.18,86,-10,144,44,7.82,29,34.16,1.27,17,20.66,25.9,27.68,-27,-14.62,54,-3,-25,42.26,34.98,129,-16,-9.63,-44,71.77,-37,138,34,94,-32,35,-27
36.88,43,97,-20,25,-6.96,30.9,30,60.01,47.27,52,92,110,67.02,9.98,45,126,56,20,18.82,-19.61,115,49.4,-17,38,27.74,34.92,113,62.24,48,19.09,54,37.59,-37,-42,-7,99,41.72,128,-44
-3.08,56.22,-14,4.5,-28,-24,58.67,-10,2,21,6.5,45.93,35,67,23,49,68,-0.87,36.97,135,92,-20,20,-44,86,37,20,16,49.17,49.5,99,108,58.35,-18,-32,33,63,59,128,31.98
48,-21.08,110,66,123,101,5.5,-21,-1.04,22.85,10,-15,-24,106,47,-23.81,92,78,-24.88,110,102,116,71.42,146,68,3,-16.93,5,44.66,90,136,43,41.04,-47,24,57.02,68.79,10,17,-12.51
33,-2.54,-8.98,114,53,8,19,40.83,-14,64,48.43,66.16,45.49,9,91,105,60,22.29,94,-44,-16,7,68.84,30.67,33,58,-36,4.45,-9,16,-13,3,80,46.13,46.59,26,60,38,73.51,37.04
27.8,4.79,65.7,81,-5.05,30.72,38.52,72.3,134,46,5,-13.13,-22,-12,-29,-18.2,16,9.14,-10,59,-9.43,5,13.69,54.51,57.15,36.03,58.34,62.39,86,14.32,-12,63,-19,-26,-11,46,5,135,42.53,71
147,54.95,-15,11.52,-4.21,17,-13,-38,146,-46,135,21.7,35,36,-14.7,46.13,10.38,-29,64,15,-9,35,23,55.15,-4.6,87,7.26,15,54,16.11,13,-7.79,3.67,48,15,136,37.65,-47,55.21,20
49,120,19,49,-28,81,-22,149,-31,-32,62,-21,137,-39,2,61,56.81,133,-14,15,-22,-2,-45,53.22,26.28,69,-21.25,-18.74,-8.74,135,61,0.73,11.67,29.18,-36,62,84,66.92,78,55.68
-8,25.71,-15,-13.54,127,120,33,117,77,64,78,130,2,-7.98,39,52.89,42.15,36.4,-12.37,-15.71,-24.98,35,58,124,93,64.57,-48,109,20.23,41,-20,-26,20.49,-4,60.88,24.36,55,-24,-48,103
40.12,-8.78,57.2,-5.59,-36,47.51,44.92,4,145,32.55,-40,-6.23,38.04,15,25,56.8,65.83,12.27,-17.63,24.46,17.37,65.53,52,51.33,-32,0,36.4,134,-9.94,-47,112,23.65,28,15.85,94,-50,56,92,-16.49,147
63.63,82,68.24,6,19.53,6.1,30,4,28.93,79,-13.84,112,-20,70.99,67.68,75,74,4.81,27.02,60,33,39.46,42,62.66,38,144,5,118,34,71,79,71.87,104,127,91,46,45,55,16.97,67.91
13.5,121,61.08,36,114,103,76,-8.48,-3,-23.76,0,55.97,-47,76,9,-21.02,82,-24.6,2.48,-9,32,74,39.16,-5.3,28.56,7.28,69.22,76,-1,41,-6.81,46.73,43.56,6.54,25,93,46.78,127,141,-4.07
-23,80,95,106,73,61.59,47,-45,106,118,36,1.38,5,-16.35,27,-21,52.64,-6.58,-35,140,12.03,25,-4,-30,13.28,-3.57,104,72.25,-20.12,52,53,24,38.26,-25,-10,-20,12.88,108,65.54,-19.6
49,26.82,2.31,51,-19.61,-37,47,95,28.38,-29,-25,116,66,69.23,45.11,-3,73.21,-15.91,148,-17,-20.66,3,-6.57,41,28,13.1,53,101,71,28,-8,103,30,139,126,77,-50,65,7,24.71
46.75,-40,57,95,50.9,11.24,118,73.23,-2,-22.09,65.06,8,5.75,1.42,139,75,145,-0.54,-5,-29,64.78,63.18,81,47,98,30.08,77,65.85,23.66,-26,51.96,100,137,-10.46,-41,127,-15,33.32,-7,9
12.63,11,26.37,71,-7.35,10,54.19,73,19,-11,2.99,19.65,18.29,62,-47,29.19,122,14.77,-18,2.09,-13,-23.64,-46,51,62.75,141,134,22,68.07,60,-12.67,17,52.66,136,20.26,17.41,27,-29,-29,136
56,46.74,-16,110,32,51.05,68,-0.01,123,1.44,-36,38,35.63,30,149,69,-28,10.41,58.78,82,22.6,36,57.89,5.92,-11.39,81,53,-3,-19,20.98,12.61,55.1,69.76,42.42,33,-49,-3.36,-1.27,32.34,-5.41
49.85,69,70,31,28.72,42,-8.82,-5.55,83,-0.67,-9,0.3,96,-10.23,146,43.76,23,26,-44,8.69,-6.96,-18,-38,75,27.56,-44,26.42,87,-18.99,74.49,51,18,65.36,-32,70.19,-14,125,-7.08,23.28,-6
11,55,-14,47.25,85,-21.08,11,-13.71,-40,-38,18.61,33.53,29.6,45.33,29,147,51.86,126,2.49,-12.4,-1,63.28,-5.84,-19,-45,9.3,0.05,10.32,64,-10,30,51,-9.91,108,21,-44,27.2,54.52,69.73,-45
-22,-0.28,28.11,17.74,27.34,119,39.2,88,-11,91,-41,3.75,65,57,6,148,57,143,-3.29,7,-39,64,87,148,9.33,14,-18,19,9,-35,128,-5,-4.33,29,106,7.92,-9.45,-31,55,141
11,-8,72,116,148,72,-5,84,88,14,142,-37,-6,69.49,24.31,-27,57,27,83,76,97,35,67,45.69,6.52,-23.91,71,87,9,30,-18,24.24,103,63.73,47.35,88,148,33.09,-29,133
64.28,11,-19.96,30,65.25,-3.92,-2,147,16,-14.75,59,-10,35.92,-21,89,69.59,55.1,120,17.84,-27,148,-5,-11.13,19,142,15.96,7.3,37,115,58.31,44.54,58.76,-36,-10.53,103,66,137,-24.14,110,-8
56.16,-6.23,79,-15,-4.58,54.91,10,133,-23.72,1.75,49.35,72.28,-13,10.1,43.87,77,12.88,115,105,4.72,34.3,98,-10.58,74,46,99,67.02,109,52.16,36.95,51.22,54,18.61,99,95,-11.67,82,-31,19,120
46.42,39,-2.46,41.69,125,41,124,48.07,-19,-22.16,-12,56.63,-22.83,-8.15,-26,-6.95,16.37,26.93,-6,107,54,20.25,81,126,95,137,53,1.86,68.66,133,149,19.75,56,71.65,90,3.63,87,-20.38,128,27.56
22.08,72.21,-41,98,84,77,33.29,67,112,41,-45,73.34,13.95,40.45,-10.16,62.47,78,7.78,-20.21,71.92,56,48.62,12,-33,123,64.38,-17.11,34,89,105,-20,45,64.3,-10,-42,10,-17,112,67.74,9
-27,19.51,9.75,60,-7,26,-25,33.52,69.21,92,-50,135,16.59,71,73,74.75,-38,23,63.9,-4.44,111,39,-23.32,24,23.87,31,-10.95,0,12,66.46,107,74.42,13.32,-43,2.32,132,122,-17.67,87,14.85
118,-5.39,-1.64,42.08,33.08,32.05,34,6.11,35,132,133,84,10,54,143,2.82,6.28,136,143,72.52,46,77,-21.87,139,73.15,-8,19.64,-11.83,140,-2.47,40.37,21,12.69,44,52,-27,1,92,-8,-40
20.37,61.01,83,147,16.93,80,-11.62,62,55,26.89,10,58.41,67.75,61,57.88,59,-13,-36,90,20.54,-6.64,97,110,12.02,37.26,103,29,72.72,7.76,59,74,64,98,144,93,69.46,43,64.44,-49,11
-49,-49,32.76,4.18,51,103,-4.97,31,-47,51.05,23,-24,103,51,4,10,11,-3,60.49,25.72,0.25,30.74,-1,52,0,-22,-24.96,5,20.29,85,11,-37,83,23,63,63.12,58.34,-29,55.79,-8
-38,48.52,26,15.59,118,-1,46.95,135,59.9,12,27.38,80,124,130,42.25,42.09,48,-45,49,72,45,-43,-40,41.33,-20.92,43,34,-18.83,27.4,105,-12,114,82,119,64.16,25.19,-22.61,9,-33,143
58.19,-10.21,54,-15,-32,31.36,147,81,89,21,38,139,65.58,21.68,54.04,19,10,43,-24,-45,-43,41,5,130,51.63,-5.64,-24,85,57,-14,-44,-17,23.53,4.35,52,-38,69,-18.13,34.96,-23.5
114,2.05,110,12.89,64.85,-44,-21,87,-34,103,61.84,13.98,96,2,-3,64.97,67.63,56.27,60,10,78,16.53,24.6,118,33,-25,-2.53,80,-49,47.73,78,6,-11,-0.6,30,13,123,-46,42.72,-40
27.28,67,41,52,29,124,99,146,9,-12.7,43,-24.93,0.32,47,-44,62.37,25,125,-23.04,22.37,88,66.62,63,82,72,20.67,1,21.43,29.22,-22,-23,102,87,1,128,32,73,58,-45,-19.03
121,118,38.26,-20,50.07,46.89,35,133,15,50,65.77,19,73.12,69.82,9.97,-16,13,75,49.32,24.28,-5.55,59.1,19.23,77,147,72,94,38,10,-13,68,-44,139,-14.66,32.11,3.65,9.1,18.15,148,50.92
96,91,70,-7,-40,65.59,43.75,-31,30,129,97,38.13,97,138,-6.76,54,-6.49,42.19,-17.65,117,135,132,19,61,29,125,29.21,31,124,25.25,93,143,-20.76,48,-2,21,41,122,131,-22.53
-5.79,-10.13,72.1,59.06,-22.58,39.13,-21,123,76,114,110,41.86,104,14.79,139,1.21,-12,60.67,-4.78,-45,0,-44,25.97,-11,70.81,51,-13.11,-28,-50,-22,48.47,-50,42.24,8,-4.92,134,-16,125,44,-36
-20.8,55.42,31.49,43,-47,-50,42.04,42.26,54,-1.33,36,-6,16.82,-3.93,142,-41,-35,131,88,42.38,115,-31,82,102,17,-10,6,85,-22,44.47,28,-12.82,-13.95,-15,66,53,111,147,78,-8
63,-17,-22.15,120,48.97,-48,-39,2.09,26.12,122,25,90,141,69.63,70,126,19.54,-45,-37,52.65,6,109,53,71,-17.6,-18.43,118,14,28.24,-48,29,11.83,2.85,23,46.22,16,81,19.33,82,131
60,-3.87,24.71,-35,43.88,-13,137,52.63,35,67.59,54.05,-21,59.09,10.65,-2,43.85,20.75,-17.09,39.06,-19,75,42,-6,-8,50.76,-1.04,26.37,71,82,101,113,10.4,66.65,92,61.84,29.91,-5,-22,21.81,-16.1
144,10.04,62,32.67,141,17.33,42,53.51,-22,9,-9.94,73,126,108,-48,79,22,28,-4,-30,-23.13,70.49,56.48,144,73,31.91,31,107,23,28.15,60.2,88,51.23,64,63,53,-17.21,62,49.11,109
38,7.8,16,18.93,-20,67,106,-23.81,127,52.73,139,15,48.6,13.25,31,-30,3.12,-24.33,43.97,-3.78,23,142,112,-14,37.36,69,-7,40.27,126,97,61.54,-48,47,37.99,-31,37.31,25,14,29,-24.31
-37,52.4,-21,-35,51.54,-18.56,-25,8.21,-6.62,63,39.68,18,73.23,99,-37,113,47.75,139,-12,-21,-7,-3,11,40.99,57.96,13,64.51,76,45,136,126,28.77,98,30,44.39,50,2.81,23,58,23.38
88,141,139,23.74,-14.17,-1,18,-4,44.91,-10.72,38.26,60.86,38.47,9,41,3.4,39,49,63.05,-8.13,36.44,128,22.81,101,-9.05,4.28,-8,21,17,23,41,69,85,-16.96,54,86,146,57.97,-18.76,-18
46.81,64,52,15,-22.66,3.08,70.68,66,-17.96,4,6.58,105,-18.26,62.29,20,119,26,-6,-43,70,107,-24.68,-12.65,100,65.77,146,-5,65,78,14.86,97,30.31,58,36,133,-13.96,23.55,73.41,-4,-38
12.36,21,44,-38,52,149,94,145,49.44,-48,31,44,71,-28,-30,140,60,92,-4.48,78,65.91,25.78,148,40.88,36.9,124,61.34,64,-25,99,54.03,19.01,49.35,-17.81,106,56.37,24,56,-44,64
-42,6.48,63.57,63.97,12.08,84,-18,-23,34.96,35.06,24.84,50.84,-28,124,98,21.59,3.88,16,-20.22,102,9.19,-8.94,33.38,-12.73,112,142,43,19,36,-14.1,70.99,-15,32.32,-1.75,148,19.8,111,-12,135,-14
48.43,44.99,61.73,40,-7,107,27.61,10.64,-20,73.52,10,57.47,-1.78,-13,76,59.5,66,-5,42,98,36.72,109,30,-46,100,26.06,40.17,30.1,55.94,-24,50,144,21.6,100,70.35,2,40,15,59.64,-14
22,68,-7,136,91,74,22,60.94,-22.87,132,28.73,42,-26,-28,63.41,-2.96,-6,50.02,106,23,29.43,19.78,85,28,65.86,47,98,32,-27,118,33.09,38.55,41.38,138,27,81,-21,103,3.63,32
-21,26.85,-46,67.24,112,-20.72,30,96,43.79,67,136,61,106,-13.75,71,47.02,49,6,71,66,132,71.64,17.68,41,133,74,-10,-1,76,-8.17,62,53.28,-19,-14,130,114,105,87,69.06,30.76
12,-19,35.98,17.12,35,7.29,26.52,61.03,147,-7.65,68.69,-9,-5,59.89,-18.11,63,37,4,78,-5.84,50.62,49,95,-18.97,72.67,48.9,-38,53,-15.24,-49,0.08,129,-19,74,44,-0.31,50.77,31,4.27,31
60,-19.01,27.25,56.66,98,65.32,78,120,46,-20,94,24.06,63.41,112,-41,71.54,-41,54,-15.39,40.43,6,33,36,-24,18.43,65,26,143,11.64,64.79,39,65.77,71.99,113,-50,50.46,49.1,17,59.36,41
138,39,75,51.46,111,42,30.64,64.61,68,90,81,-13,71,-13.57,51.36,-20.16,24.86,83,-44,19.61,73.96,38.88,135,74,62.63,-5,37,68.06,29,135,49,139,133,144,29,50.86,88,10.57,41,-6
70,-1.29,-13.17,9,15.47,144,72,17.55,-16.18,58.48,-19,-6,20.46,48.32,21,20,70,-4.43,9,-24.43,64.93,19,85,24.47,55.81,74,104,73,15,5,30.9,78,-22.28,59,41.68,131,54.55,77,109,3.12
47.79,31,74,124,57.62,-42,40.77,31.75,67.92,13,23.44,87,80,32,108,-10.91,32,-22,61.66,32.21,46.69,42.36,-31,-11.39,-21.06,63.3,11,114,41.85,143,55.67,-4,-30,-44,71.91,65,49.84,64.29,-17.95,-45
47.61,35,48.07,131,50,54.92,118,71.54,-1.27,30,-27,77,0,34.64,40.3,-25,-15,29.16,92,41.72,10,-34,36,-5.85,9,47,58.19,-20,-20.93,-7,104,100,-47,116,-13,10.17,-12,70.57,50.19,-20.26
-4.33,6,-46,140,14,-3.97,6,-12.47,62.94,97,85,4,41.27,110,60,18,19,110,-34,16.3,135,22,-18,-22,14,63,-18.4,38.68,54,138,7.9,17.96,17.97,73.37,-37,67,-4.23,-15.52,39.99,51
-3,20,127,-41,65,65,62,6,0.02,37,81,5.57,148,145,-49,16,98,28,25.98,60.72,27.81,69,134,147,-26,-29,38,72.64,24,-17.82,56,29.58,37.7,53.62,16,108,124,-24.92,146,13.66
18,49,146,40.83,69,125,146,2,3.62,-14,98,105,48.51,-24.89,-50,25,-28,43.31,68.1,28,-36,54.98,42,149,-6.96,-14,132,-10.53,129,66.14,86,74.95,-21,-32,58,-24.48,74,28.43,-9.74,2
-14,54.63,133,146,146,20.49,62.91,-8,-9.38,-49,-10.5,74,89,10,-12.75,-17.15,12.99,52.93,-2,105,61,24.28,28.27,-35,59.46,-27,20,-0.29,31.41,91,81,116,143,59,60.76,-40,-2.63,99,89,25.44
26,82,96,32.29,111,10,-22,3,-15,120,45.79,-0.66,37.09,96,-27,51.35,11.9,127,-11.47,67.7,69.12,97,18,68,-1.86,123,-23,60,73.31,110,56,0.44,-9,69,121,-17.9,100,-24,-15.1,57.43
130,46.67,99,-20.42,31.66,50,-25,61,19.36,72,55.6,27.32,136,141,142,67,66,30,-10.35,89,21,-25,-14.81,70,-2,132,109,-49,25,42.49,31.45,79,-12,84,-20,24,114,53.74,117,-34
135,109,65,70.18,-30,17.23,99,0.88,29.89,-23,72,-13.07,55,-23,106,-29,142,-3.15,143,-24.47,145,145,-24.67,28.21,56,45,-43,105,18,-1.14,61.99,31.9,17.84,129,-32,5.21,44,39.6,66.65,-24
-21.43,18,73,-36,131,79,90,22.85,25,71.64,73.35,-9.2,37,36,-8,62.04,31.94,-28,-9,-4.48,67,54,43,62,-23.6,-23.74,127,149,67.58,24.61,-44,-13,137,47,33,2.18,-13.04,104,-50,82
47.73,39.59,-13,-15,6.76,18.19,43.95,60.09,111,111,8,-8,12.03,12.91,8.82,89,-21.66,19.21,-50,47,112,55,-19,-3,0.64,148,108,-37,-33,-13,26.12,78,134,67.7,63,23,45,-0.13,91,-39
-38,26,68,-11,7.11,57,-45,19.09,12,40,10.87,108,101,112,26,37,69,-18.35,5.92,143,87,72,-50,3,140,12,39.97,121,131,-20,148,31,-20,3.55,61.05,0,-16.65,-35,149,121
33.56,-45,-17,54.38,-2.75,44.14,139,-20.14,42,-27,-17,52,33.35,69.67,32,128,-48,40.05,77,50.82,-4.12,52.25,-20.14,93,23,11.87,-22.52,15,35,55,54,58,-37,93,2,-17,-33,37,1.97,61
54,91,-21,-45,75,146,66.77,0,109,58.26,22.05,-13.6,0.46,-14,3,11,-24,115,49,-12.55,23.67,108,60,28.24,38.71,-18.68,32,31,-37,56.15,44.23,8,-17.01,27.74,24.3,19.77,116,79,42.96,53
113,1,-11,-36,-8.42,12.9,60.13,80,100,90,-42,-20.88,56.37,-20.78,14.53,37.64,-7.36,24.59,9.41,11,60,53,85,-27,-40,-16.36,-38,84,27,-8,-20.53,-10.06,37.3,61.9,-50,70.57,61.78,-10.62,1.17,10
49,-49,64.28,11,68,-20.29,21,18.75,45.36,108,57.96,2,5,-7.06,12.32,6.17,26.2,27.96,-24.95,109,44,4.23,57.03,89,51.38,23,-9,-23.94,20.1,62.52,128,124,131,-13.99,-20,58.55,7.93,14.21,58,149
4.19,-11,83,-35,124,55.23,49,70,32,95,18.99,-13.38,-23,22,21.99,1.08,0,42.23,2.34,137,14,-44,46,77,121,73.54,53,107,-12,106,119,-1.27,76,59,49.25,2.94,-3,-11.83,91,149
-14,36.79,53,-21.41,142,25.38,106,86,19,65.37,6.2,138,-28,118,118,90,72.74,128,128,-48,47,89,28,110,34.27,-11.52,133,131,-45,129,-20.12,38.59,2,-14,20.65,17,142,16,-4.15,53.32
74,63.63,26.77,100,68.49,36.67,-10,81,-1,9,74,35,130,60.27,68,62,36.14,-11,-7.61,-11.91,45,31.09,62.82,41,48.73,15.23,2.21,-15.54,-9.2,57.02,48,-8.55,5.19,23,-40,76,-8.85,82,65.72,18
57.04,55,23.82,-15.91,91,90,5,7.4,113,31,25,97,40.64,-24.9,21,84,45.36,76,148,32.15,61,-35,1.79,33,45.29,33.25,98,134,79,77,-1,8,-1.46,73.28,65,-6.79,71.36,-24.79,-30,28.25
76,46,-17,135,4,-4,-40,-3,41,48,66,56.09,134,-21.63,-11.25,24.61,-10.55,11,-32,143,46,130,42.51,-2.32,75,-23,4.56,-3.13,-47,66.56,58.96,94,-21.05,-2.54,96,22.38,89,74.67,63,-18.18
58.44,8.69,12.86,-35,-35,-46,-33,77,121,77,30,137,41.63,21,147,135,55.03,36,135,-25,13,78,137,26.03,146,69.47,53.78,69.36,61.25,139,-1,-37,8,32.68,68,29,26.82,47.15,49,-4.69
-43,-31,146,37,97,-22.52,86,20.9,27,18,-4,104,69.52,68.8,37,-15,65,28,30.28,48.16,14,12,1,36.36,10.56,23,27,5,3.78,-45,35.4,-18.81,58.94,50,40.35,-50,5.6,50.09,53.17,-16
43.3,41.29,64,21,35.94,44.77,88,34.79,-50,-10,11.37,43,46.17,9.88,-36,70,99,46.47,29,79,131,68,-16.82,1.15,14,63,38,100,16.16,138,111,5,6.49,11.35,46,-13.72,119,100,-39,-20.59
40.38,-17,119,139,40.28,131,118,39.65,-41,110,-30,-36,-31,106,78,126,38.03,-3,16.44,75,59.64,-50,125,12.38,-9,-22,29.65,59,36,131,34.32,24,120,61.96,117,-14.15,-5.52,-18,-3,1.12
-11.82,22,62.32,72,134,53,-11,3,22,0,59.9,12,67,4.39,69.8,30,42.27,21,42.98,125,3.31,129,99,-15,141,98,23,36,91,142,19,50,43.93,111,15.72,138,50.97,-34,-21,29.3
-31,-19,41,49.61,85,-12,12,52,3,27,-34,86,20.03,70.4,18.18,16,139,88,4,22,-32,-15,9,-17.24,51,15.64,-6,-25,19,-34,-20,38.28,-29,145,6.66,-17.65,55,-17,51,28.32
11.78,22.53,129,-7,44,-12,66,-11,2.01,-35,67,-39,-25,95,99,14,4,-34,112,24.28,100,10,72.86,-34,42,10.92,-15,71.49,-20,15,80,20,-24.09,22.26,54.15,3.68,5.39,52.76,-3.18,37.84
-13,12.56,101,-14,135,82,45.27,17.86,-39,-21.55,-24.8,63.44,133,25.12,30.81,78,66,-2.83,-6,-24.7,5,-21,-22.8,89,121,-32,-11.96,59.99,16.93,64.25,55,15.69,16,39.85,-48,69.34,15,31,33,-34
99,122,30,26,-10.78,-16.14,72,83,40.88,90,38.46,-48,52,92,-3.2,9,85,70,-9.71,65.76,21.88,141,129,-26,35.28,98,95,91,63,81,53.34,-35,38,-27,26.66,78,66,-46,127,139
47.83,46,100,12.58,110,8,35,-24,-24.53,28,-29,45.5,18,49.15,-44,-33,67,146,58.28,26.58,43,82,66.01,-5.01,112,92,130,4,83,61.45,148,37.44,-12,-6.96,-6.51,21.49,2,29,49.02,93
-5,-9,98,-13.5,-4.54,45,61,127,-2.8,143,-23,78,27.8,23.98,81,34.2,27.79,19,23.12,-9.26,74,-19.89,-40,142,52.17,24,131,75,4,-9,72.65,-48,-20.05,-23,-32,137,61.94,118,23.06,32.52
59.42,25.78,121,83,68,-17.65,111,47.34,1,-2,-5,53.89,1.85,4,40,-23,51,52,63,33.63,58.37,105,53.89,-21,-29,34.23,81,73.23,-37,13,-44,108,40,62,73.11,62,-4.71,95,-15,-19.41
-44,-20.49,16.17,13,105,24,-11.64,99,-13.42,113,43,5.54,112,59.8,116,12.94,33.61,46,-17,-43,-29,149,-1,145,21.26,64,12.09,20.61,60,-41,65.08,59.07,140,7.92,51.87,-27,69.39,-16.47,4,-44
-11,52,-21,-42,75,67.1,67.85,46,124,59.92,62.51,47,-43,-5.43,23,-30,4,-18.67,39.95,20,-21.07,8,57,49.88,54.8,-25,-17,87,149,23,63.81,13,-45,2.05,103,51.37,90,-17.25,101,118
36,11,-25,32.45,-32,50.89,32,-14,-12,2,24.41,69.4,15,68.03,138,47.43,9.52,-0.81,34.8,42,-21,27,140,68,4.93,20.48,-20.43,5,33.79,100,47.73,128,50,50.86,-11,15,8,47,5.94,8.74
22.28,118,-46,69.91,3,64.34,18.7,13,70,66.86,128,143,16,-48,71,113,55.56,-20.34,31.11,2.01,137,145,149,88,-33,-41,80,-9.67,19,-28,45,17.59,128,143,0,34,-3,62.39,67.63,-19
25.49,65,-23.02,37.76,59.68,119,50,-5,9.21,-10.75,130,93,41.15,-28,-18,43,-11,43,19.09,30.21,142,51.42,-7.39,5.22,-13.75,6,129,-7.94,70,102,71.06,-15.12,-18.1,69,37,-20,-7,142,57.87,122
42.8,7,-48,34.53,87,98,49,139,117,134,-1.63,20,45.04,-36,-8,68.69,-28,26,106,74.59,27,-32,127,129,65,-18.46,16.47,17.76,40,15.48,13.47,32.71,57,31,8.52,63.93,49.82,60.59,-10.41,-31
-17,2.09,-44,49,127,103,-3,108,82,35.26,-41,127,97,100,71.29,-6.65,44.21,48.41,23,37.3,77,-24.73,111,49.41,-36,-9.23,67.22,69.49,10,65.62,-23.5,-30,69.38,115,69,-5,-1.28,58.9,113,28.75
121,-16.98,43,47,13.18,16,-45,53,65,67.01,47,44.17,99,-18,-9.12,74,-17.81,122,125,92,-50,19.6,16.01,-32,-23,7,66,66,20,21.37,17.61,-8.39,9.73,96,-25,51,50.36,68.05,89,58.79
41,73,134,86,17.51,61.9,109,39.59,50.45,-18,51,69,24.26,-23.3,34.8,20,44,71.98,-23,-16.21,30,48.93,-12.52,-2,28,32,18,73,-20,-13,98,31,81,-44,97,54,134,33,-49,-46
56.58,124,135,6,31.36,50.77,19.62,-18.58,-30,-12,-9.9,97,148,25.02,-13.5,-18.56,53.06,-13.87,29.79,-17.41,16.52,-16.08,69,80,14.02,-22.57,16,16.17,-24.11,115,-26,110,58.36,89,33,44.77,-3.18,68,6,14.22
-19.55,17,13.21,-16,-21.13,97,28,37.05,72.65,77,134,43.48,-10,20,34.3,16,41,48.05,89,-3,130,24.25,27.58,42.01,42.13,-49,39,53.49,146,32.85,87,-8.28,1.91,70,47.38,-24.58,1,13.49,35,-16.32
23.84,72.33,52.48,14,35.27,136,51.95,89,12,-12,-8,19.9,-1.51,-21,75,12,14.47,24,38.54,142,12,130,30,52.39,1.73,-43,7.75,-50,1,-44,-40,132,7.37,142,60.7,142,121,66,26.42,94
-1,-2.96,71,38.74,122,-5.51,61.84,12.81,-1.26,12.05,55.71,116,108,109,-46,31.44,4.34,130,-50,72.76,22,-2,40.18,57.99,14.32,105,-4.75,-20,18.88,73,97,53.8,128,94,-16.49,134,29.62,0,-15,6
16,106,23,13.07,109,68.36,-0.31,-9,49,88,21.11,-11.77,-6.74,0.04,20.13,20.11,9,71,9.26,29.75,0.25,34.11,-0.74,60.21,48.8,54.64,78,29,-18.22,-4,61,67,133,128,7.28,37,-3.79,22,86,-17.12
-8,37.15,-19.7,38,28,-6.94,-17.24,-43,-7.78,123,147,138,143,32,-2.14,53.71,-1.97,-41,25.47,79,-10,69.15,-7,33.24,41.37,129,44,0.1,11.9,-20.81,3,25.8,66,46.36,52.14,87,29.1,73,68,-10.73
4,66.6,143,67,30.34,122,53.54,-39,-3,117,1,7,63.85,102,34,65,74.03,-42,35,22.76,31,47.49,-22,19,48.78,31.07,-12.22,33.57,20.68,127,88,-0.75,62,53,52,-0.45,103,44.49,15.65,107
-16.66,44,21,58.99,40,99,12.82,-10.36,-50,44,66.11,76,33.51,21.33,46,-7.35,136,-3,50.17,-20,-14.82,40.41,98,132,15.48,141,35.34,94,33.96,-12,17.29,130,123,12,74,-3.55,42,63.29,-2,105
-13.45,12,21,1.61,73.55,95,-6.56,17,45.68,-1.38,14,40.69,2,130,37.55,-16,145,49.87,45.68,-2,47.36,-37,5,-4,3,0,76,-33,127,49.3,-43,5.34,67.46,141,57.55,-5,57,3,103,71
-40,13,64.86,73.52,39.41,13,-23.22,50,32,67,34,25.35,48.02,37.78,62,55,-44,74,-43,98,23,55.16,57.22,78,40.24,145,99,54,49,73.07,26,92,0,-5.82,18,45,72.16,9,2.39,142
137,69.32,19.25,76,31,-50,-18,53,63,71.91,26.16,62,54.83,45.23,-7.14,47.63,39,50.47,0,-50,33.27,139,3.87,144,116,4.39,104,66.33,42.4,80,-22.53,-13.75,120,-16.86,-14,20.16,16.82,30.87,66,101
-8,55,12,74,-1,43.13,-18.63,22.05,63.63,-23.37,40.7,9,107,40,41.76,-12,11.95,-6.45,53,104,87,-0.07,-14,8.1,-45,99,108,-21.3,-16,119,10,19,-14,60.84,-16,117,7.29,-26,24,10
21.8,63,16.48,129,93,-42,8.24,39.53,-12.78,95,21,50,136,50.38,7,-28,17.8,18,-20,113,71,-5,122,41.76,68.94,54.63,131,38,64,22.38,42,-43,30.42,20.54,15.35,136,114,89,-26,-36
-46,138,-26,-11.89,-8,87,99,11,33.79,93,14.18,-2,92,138,147,0.93,53,54.46,142,-18.16,-16.38,37.09,21,-31,-6.89,29,61.44,81,67.1,-15,124,-28,11.22,50.83,67,47.19,55.25,122,18.96,32
-46,28.13,67,13.67,23.1,120,125,2,-23,59,133,-31,80,-20.92,124,-23.13,19,67.57,29.15,21.34,39,30,-22.09,44.98,40.72,46,-45,98,-10,23.53,-22.43,-28,15,11,54.32,72.06,1,-40,49.65,-45
9.19,15.23,134,21,29.77,15.09,-50,-18,57,-3,28.66,62.85,53.04,12.88,-14.11,66.95,46,-17.79,45.76,63.56,56.61,78,-20,42.94,70,13,-12,67.7,131,-2.84,74.82,15,54,133,-44,103,71.06,32,14,65.44
41.59,58.92,-11,-27,72,100,-1.34,25.12,111,-25,-43,66.32,40.15,6.08,88,95,-18.04,70.16,-10.52,38.37,57,34.02,52.92,37.38,144,104,41,112,-29,-36,57,-8.91,-43,126,61.48,-3,-14.24,34.94,7,32
96,40.39,135,91,85,25.93,-25,70.98,-5,-1.34,28.44,-39,129,-14,71,-8,21.13,-20,25,-19.2,23.42,-18,-33,22.49,30,-22.03,-13.5,0.58,43.19,23.13,2,21.69,-17.93,-23,23,54,71.05,-13.44,-12,4
3.08,-32,57,23,60,5,59.52,38.26,34,91,84,132,65.59,38.49,14.29,55,123,46.35,-0.82,-45,140,119,73.51,56,-6.14,-6.54,49.59,28,80,31,90,-18.88,39,-14,-34,-32,58.91,64.35,128,-42
12.15,29,12,74,36,0.93,113,71.05,38,8.96,-15,-30,-31,125,14.01,-6,-39,38.72,-28,-9,26.65,67.71,59.37,-44,43.05,-24.02,79,106,-9.6,25.13,-50,77,-30,50,32.38,5.47,45.58,2,111,55.79
53.63,23.15,147,-3,-24,99,125,12.59,2,4.43,139,-7.51,79,114,6.7,18,-25,33,-8,15.7,4,91,0,-17,51,79,66,36.98,126,115,93,68,59,-27,63.06,0.62,68,38.88,117,52.91
-10.1,45.33,72,-49,88,37.49,-27,136,84,33,21.57,28.48,3.24,28.92,-49,-30,-37,98,-17,69.52,18,35,-11.87,84,26.34,23.31,22,25,92,40.11,-22.08,67,45.96,6.64,52.56,27,134,133,21.72,67.88
120,24.4,75,34.43,42.89,108,34.87,58.29,20.27,68.8,61.68,-37,146,68,112,89,27,-14.7,100,58.02,63,-3,64.62,141,-15,70.99,8,34,43,48.29,-12,32.86,40,100,84,81,-24.12,-46,40.64,82
36.87,36.47,95,80,21.73,14,34,122,27.87,29.58,17,62,69.97,-4.5,-26,28.49,-37,144,117,47,74.52,35.79,121,79,74,26.47,16.25,73.6,33.69,16,34,48,32.76,-22,39.76,115,-32,-25,5.82,85
91,-15.9,3.88,99,149,115,-31,-25,65.89,124,30,102,38.77,49.38,48,-25,127,-3.21,61.96,29,127,123,10.3,116,-34,17.78,64,-44,-3,3.95,110,23,145,50,81,-19.87,49,38,109,112
36.38,-45,-35,-21,-20,104,73,47.57,119,108,3,116,15.43,74.75,63.04,29.04,77,104,112,32.07,120,88,48,55.49,20,141,20.2,104,-22,74.06,-5.32,-10,79,54.43,-19.17,67,136,-28,38.93,18.19
111,-27,60.36,-11.04,28,1,-34,-21,-23.88,3,63.48,116,29.07,58.2,49,26.76,-38,27,102,29.73,-0.33,51.09,-35,-36,24,1.68,98,-31,93,77,23,-2.11,46,-30,73,29,-39,133,19.75,7.23
92,-24,85,-50,42,-1,-16.5,64,23,72,-11,-29,37,37.45,-10,12.28,76,12,16.83,98,82,36.93,13,-13,37.25,144,43,3.15,-9.73,-24,57,65.77,-0.6,91,57,-15.25,14,-23.48,34,21.04
20.12,-18.99,39,-20,5.14,0,38,3,46,23.93,46,-42,-20.87,45.19,-3.35,31.32,-4,71.08,93,62,-4,49,119,14,139,25,99,96,69.35,38.43,114,130,47.85,32.56,131,14,-23.23,21.87,146,61
100,107,40.68,93,72.21,75,149,49.7,62.6,35,106,-7.44,70.59,11,11,54.28,43,55,57,7.77,28,7,34.05,57,40.28,31,-14.45,53.54,27.77,26,56.92,33,61,15.36,14,72.64,119,-41,7,42
139,87,20,-7.93,40.4,43.41,2.47,11.6,18.78,25.92,61.98,-18.76,-37,-16,67.92,53.26,17,30.51,42.46,-16.13,63.51,68.18,-23.45,-17.13,52.87,145,140,-8.94,-25,100,17,113,119,61,92,0.35,127,109,9,-1
-12.89,6.48,-18.11,45,26,53,60.07,129,61,-24.25,149,139,36.2,26,0.47,2.35,105,47,-9.24,118,-12.92,48.33,9.24,26,48.12,100,37.13,123,5.56,27,55,132,118,21.47,119,65,4,-17,27,23.42
90,-41,97,45,111,-4.1,45.23,0.98,113,38.86,45,136,-19,36.11,-11,107,30,-30,13,109,24,30.86,40,56.2,65,-38,17,8,64.92,44,128,71.16,20.84,41.73,135,23.54,61.92,37.39,141,40.06
73.62,-36,74,-2.61,7.88,-7,-39,51.7,-33,127,-20.86,73.24,45.88,122,-15,80,114,59.53,-15.69,120,-3,-22.89,-36,93,39,-18,72.1,13.3,90,25,80,143,-11.9,48.89,94,32,91,132,-15.98,32
-14,140,97,-22.25,100,1.79,123,15.79,-9.46,110,43.92,64.47,103,51.15,2.41,52.42,73.09,3,110,72.6,-7.63,91,53,-40,67,20,-24,144,23,51.36,57.12,-48,2,92,135,124,27,10.5,53,-43
22.54,65.41,56.35,48.32,21,31.39,149,106,57.73,19.34,2.12,15.55,-45,17.1,-41,133,147,31.38,33.24,-28,6.94,3,-15.61,-16,93,29,50.45,103,138,132,19,-36,43.37,136,137,12.16,69.68,-18,51,106
-32,24.4,33.06,21,63.84,-10.49,23.35,24.17,118,26,51.19,9,65.73,67.87,148,-19.06,15,140,117,-20,65,35,16.14,-16.27,69.36,64.47,-15,-4.27,44,40,-15,-22.58,18.86,77,57,50.93,-16.47,66.29,68.21,32.02
131,119,29,121,41.95,30.53,31.82,58.85,140,56,72.44,25.25,51,39,-28,27.13,26,-10,102,31.1,-33,-30,-7.17,47.97,92,51,136,51.8,56.13,-1.47,-44,17,-17,31.98,11.05,75,149,5.24,-6,4
19.21,18.41,4.32,19,31.57,-24.86,1,13.78,68.43,53,62.98,27,77,17,6.94,61.73,137,138,29.1,61.66,67.7,-6.71,-4,103,40.55,5.56,13,149,68.87,119,-28,46.13,19.15,107,63.64,-49,79,132,109,47.87
13,47.63,84,122,60,127,-20.31,110,-15.74,105,-29,56,124,87,-5.47,-6.83,47,98,84,60,18.32,61,26,-9,47.11,4.17,82,67.69,65,30.7,10.67,88,46.29,125,58,62,99,76,-5.21,19.82
-9,49.44,-7,-36,-15.11,-6,-11,-5.83,71.88,61.51,48,61,-49,-10,-49,23,18.92,-33,77,-14.76,77,36.71,72.6,27.31,17,72,67.73,114,137,67,63.36,71.91,73,90,84,10,64,116,-44,-13.17
53.91,55,119,71.48,114,90,96,61.52,-18,76,-45,115,95,28,-31,-12,42,134,37.77,-14.04,0.92,137,-44,48.57,18.8,117,102,69,123,72.46,14,74.99,44.06,-35,47.06,44,13.2,108,32.99,-10.23
72.55,3.58,49,20,37.94,63,105,4.73,-19.06,-4,-44,83,43.48,11,111,44.97,19.89,73,-11.83,43,-2.04,78,86,53.68,50,64,11,57.43,57.36,59,-0.61,22.83,134,149,15.38,29.64,-28,58.38,27,37.59
74.38,69,113,103,24,-20.69,-7.08,41.98,82,-12.22,0,45,-5,23.69,137,0.06,-27,-50,76,-3.33,-11.05,-1.83,54.81,68,52.02,-35,28,68.62,51,27,78,-0.96,34,59.51,67,-14.81,40.68,68.56,86,65.94
33,59.26,50.23,38.96,-23.32,0.5,3,30,106,44,-23.94,22.3,93,72.04,6,85,-3,13,23.85,-2.26,139,125,49,14,76,48.28,126,28.89,36,37.88,-23.58,57.66,-21,11,58.02,-1,37.32,113,123,43
64.93,-6.71,-40,11,85,-23.13,-20.69,125,54.32,-17,43.31,148,-45,26.53,7,4,146,-9,-48,135,-35,-5.3,147,49.66,42.45,63.03,58.74,-4,107,-17,18,88,-49,40,84,6.08,99,51,-18.46,10.56
117,14.91,97,105,1,113,26.21,49.17,78,-15,4.08,12.41,41.29,-6.16,-9,-13,23,101,47,132,28.16,21.57,149,17,-49,59.11,-30,106,118,6.85,115,11,-10,25.8,48.04,32.52,99,-10.56,68,55.83
-5,74.81,40.19,51.01,-17.11,133,7,80,38,16,-49,48.39,123,34.07,57,11,-47,113,106,40.67,64.24,-34,25.39,21.89,18.42,33,21.45,20.74,91,40.22,32.42,-8.42,-22.1,-24.02,43.46,110,-3,-15,82,33.65
69,-35,-14.35,-1.42,51,-41,34,-16.87,-24,-24.84,-29,-11.67,27.66,101,116,53.02,84,36,57.52,-22.29,91,-5,42,30.24,90,38.48,-21,-5.16,38,34,83,21.17,35.61,36.57,32.01,-43,93,-41,41,-3
13.97,-20.04,74.83,-11.87,11,88,34.58,119,58,24,14.76,29,-49,59.27,-2,3,130,17,10,-25,82,-30,80,37,87,50.19,78,147,-1,15.2,0,35.23,-5.02,-17,3,42.44,142,26.26,72,53
26.59,-19.61,86,0,5.84,-24,131,15,43.57,32,24,4.94,3.56,65.05,46.56,-12.98,-39,33.22,140,-21.23,53,35.62,145,123,50.24,-7.03,-34,-14.49,14.39,24,10.21,143,11.92,121,59.28,27,7.93,-7.13,54.78,68
-35,76,62,13.86,87,41.96,-14,88,6,135,56.03,36.25,50.97,30.43,41.88,-46,121,70,-35,70.29,65,15,59,-14,116,51.19,1.37,57,133,111,22.12,-2.99,138,144,82,-20.93,-40,-5.82,-7.94,-3.44
48,29.47,97,-0.11,10.83,44,89,-1.36,27.83,91,-26,48.46,49,25.04,-18,95,60,25,32.31,97,5,22,4,39,10,144,113,5.52,-17.19,115,50.94,36.22,41,-12.29,3,30.6,-23.21,30.9,61.13,47
72,25.25,132,71,-22.45,-48,68.08,132,-2.6,19,144,146,18,142,-32,75,103,78,48,-3.01,4,65,-23,29,48.11,2.05,121,73.06,88,-36,7,49.87,106,101,-9.63,103,117,28.5,-17.58,140
50.22,93,44,14,58.82,-17,-38,-4,-20,83,140,71.83,34,-2.5,-23.16,21,65.83,44,129,112,13,115,-49,84,131,47,144,38,82,60.98,86,7,105,26.07,45,144,123,106,19.45,21.24
132,39,-19,-47,29,111,58.57,86,79,110,133,41.03,9,-33,-0.29,51.49,36.83,17,38.79,117,113,99,60,-20.37,46.9,-18,4,-27,-20.53,30.04,112,0,27,15,112,-31,58,-9,-10.54,-9.54
2,63.36,132,-46,81,111,123,68,11,148,-19,2.05,77,-9,-4,62.69,66,65.58,104,-3.49,81,74,50.55,42,94,-1,46.71,-19.07,35.26,139,50.31,-20.06,88,-3,-41,115,41,101,-48,32.88
103,50.73,16.13,-40,109,69.53,44,68.22,61,14.63,8.42,15.9,35.73,118,53.36,44.55,45,24.37,25.33,73.31,51,37.57,-15.64,-16.29,44,51.14,-26,34,-8,-24,-17.1,55.37,16,26.34,137,16,87,38.01,-31,6.82
136,29,146,-20,21,-10,-5.94,54,-17.26,12.69,53.98,3.08,133,-17.97,67.82,-11,63,22.92,-44,-6.85,129,48.39,23.23,115,-46,-28,68,88,45.13,-22,49.77,51,17,-21.96,36,-43,121,142,45,57.33
19,32.66,66.67,64,54.26,139,48.02,-38,22.48,142,23,70.59,134,42,1,-13.78,72,136,100,146,-18,10.84,-13.83,120,76,28.05,11,-37,50,-48,32.45,55,37,55.57,-21.43,6,33,7.31,67,-4.46
-20.27,-5.83,-6.8,96,-24.09,-2.47,79,-10.34,40,-28,-15.79,4,40.95,59.72,21.21,132,103,139,-29,56.66,-22,103,-30,-32,48.02,59.28,87,37.98,29.84,113,62.26,21,21.65,-11,-7.58,0.53,121,131,131,118
64.75,12,67.42,-42,120,133,146,59,-14,43,141,40.89,9.43,-17,-9,19,141,137,24.73,37.19,73,-29,147,115,75,20.55,-49,-6.11,13,-42,111,35.53,51.95,-15.33,21,-38,39.43,-1.2,-22,-25
81,27.95,-27,36.85,33.67,65,-19.96,-42,71.69,-12,-9.84,-17.24,33,59,-3.17,-31,52,128,73.02,-24,106,74,36,-13.9,-2.52,81,39.54,54,-20.55,42.9,12,48,14.26,-14.61,60.09,-6.56,-27,60,119,139
49,98,20.23,138,-26,12.83,52.01,-41,47.97,8.98,142,7,81,86,47,-19.83,8,89,119,46,51,100,45.18,34,119,80,61.35,131,5.2,67.37,42.75,66.46,52,11,34.42,92,-13,68,104,125
12.74,-17,33.2,44.8,27,74.57,-3,15.47,1,-22.01,138,-3.77,68,100,7,-36,129,54,49.02,115,-12,6,75,58.52,71.6,108,0.8,132,54.62,46,-12,-5.31,-16.65,-3,-14.65,53,135,90,-10,8
96,-22,44.17,25,60.97,-30,132,-48,33.18,62.73,-14.68,-8,144,14.88,27,-16.69,-7.39,-16.44,102,45,13.27,5,-12.55,27,45.19,14.55,125,1.28,104,98,25.39,45,95,15,-24,92,11,-14,21.61,146
24.64,135,-5.91,37,16,35.39,67.77,-3.98,13.6,115,-6,74,-10,72,148,18.38,17,22,55,-39,37.89,-42,-1,-13.65,26.03,74.41,23,-22.58,20.78,123,71.7,-15.04,1.68,-24,112,6,-20.84,58,32.08,120
27,-36,-50,111,-44,57.82,37,-41,58.03,-7.97,56,64.15,-4.17,-7,-28,-3.95,-0.63,-40,94,148,26,68,-36,47,38,-45,38.54,35,29.77,70.58,92,63,19,56,37,13.34,147,16,96,70.83
60,146,46,-15,55.16,140,31.28,-5.11,30.69,50.24,70,68,15,28.21,37,10.55,144,138,41,-1,-16.22,66.2,68.52,1.36,149,-22.64,28.98,126,58.37,124,60.38,18.68,0,27,39,43.85,136,44,59.71,59.43
41,114,54.67,30.89,-8,14.33,90,61,42,108,-13.42,72,-12,52.21,70.9,61,53.45,41,133,109,128,23,31,60,136,50.05,123,92,101,-35,106,148,121,-15,-4.68,117,53,31,131,46.28
47.34,-8,92,-18.4,137,93,41,68,20,131,18.99,26,9.09,-11.97,97,139,-15.12,-24.95,-7.22,125,1,81,6,21,31.24,122,33.48,-12.43,25.62,-19.26,49.24,6.33,-12.91,99,62.94,-16,36,102,10.36,142
11,20,44.25,53.74,54,-1,24.48,-17.39,67,-9.04,34.11,49.85,131,143,114,72,54.35,0,-14.09,140,68,49,7.32,73.11,19,125,12,24,41.36,-0.75,60.66,-14,-21.06,141,58,60,118,1,73.5,5
117,88,48,-8.28,41.34,72,-7,-5,17,113,28.51,61,2,7,-2.55,55,-49,14.49,55.71,57.44,28.73,81,54.9,35.06,11,-10.75,40,65.72,-11,24.31,10.89,-21.08,69,-37,-10.57,-9,47,-14,136,14.9
132,1.37,-11.9,65.54,72.05,22,28.63,-24,141,33.01,62.98,104,16,34,-23,114,73.58,-3,-11.32,47,22,16.11,29.24,-42,51,53,5.28,20,145,67,38,-32,6,46.09,-24.02,52.44,-1.57,111,32,94
53.18,39,145,11,109,124,13,10.62,55.3,114,-18,11.07,111,54.9,21.59,5.2,55.75,52,-5,-47,-43,53,41,47.2,-4.32,67.33,54,25,8,126,52,82,145,86,25.69,103,55,61.9,-28,-49
16.99,-13.56,22.88,-9,0.2,142,-15.24,136,75,-31,46.55,12.19,-34,27.44,89,49,100,23,59.72,20.11,-35,2,-47,-37,93,96,138,107,83,68,-26,120,-19,72.44,89,67,28.39,24.05,0,105
98,35.95,126,61.56,120,20.48,140,81,45.23,56,-16.17,25.47,36.59,15.34,70,85,10.56,19.5,118,75,124,47,-27,-43,51,56.47,56.12,13.5,10,-2.24,112,67,71,105,40,9,23.47,-23,-22.99,-11
45,27.86,22.26,-4.2,140,35.76,-8.57,-21,-30,93,-4.19,-17,46.37,37,90,112,72.26,76,58.34,83,8.1,115,-12,31,25.65,76,74,5,107,1,-42,-30,17,6,144,126,14.76,-16,-24.53,40.33
109,2,-31,13,40.27,97,14,32,97,-34,44.29,49,83,12.16,40.71,-26,-49,-44,-2.68,149,55,115,74,13,110,22.56,-13.4,-35,86,69.92,-10.42,-20.26,0,39.01,5,-22,114,70,8.42,-19.37
8.01,61.97,44.6,-31,144,55,124,16,-37,-17,142,19,44.84,127,-12,17.71,108,44.39,-4,73,20,68,-18,-25,4.1,0.32,69,52,39.36,5.28,-47,125,-6.13,143,20.36,72.1,62.86,62,52.76,25.62
-9,68,14,37.56,27.57,92,-28,11,47.92,-10,57,83,32,143,-45,100,-20.94,51,1,32,124,77,57,63,70.96,39,-39,30.2,-24,77,21,133,63.26,106,61,54,105,-40,71.79,143
113,115,142,-21,29.93,38,64.97,83,18,-18,43,33.18,-32,-42,132,101,-20.54,43,5,41.43,98,83,63.01,0,15.46,90,46,50.71,-17,105,73,99,43.71,43.8,63,131,-22.14,-9,-8,-11.96
-23.02,15.28,-5.25,97,-24.9,49.43,46,-34,51,79,-20.5,-11.44,-39,68.08,13.52,5,15.16,37.94,50.62,27,69.71,143,121,36.34,44,-8,5,30.44,57,8.03,31,85,32.85,18.28,32.33,61,-41,65,135,-18
87,57.83,87,100,20.12,22.03,90,11,-15.44,77,34.39,84,0.79,105,9.07,59.61,4.8,-19,20.7,83,92,47,40,101,136,22,71.8,27.82,26.14,26.43,103,-47,58,37.99,-18,118,88,55,33,-22.41
-50,71.57,-10.33,-30,-14.22,68.46,-21.47,27,5.58,64.82,30.11,-50,17.84,112,138,38.7,142,-19.54,50.07,4.43,8,10,51,71.93,-10.87,26.11,-22.91,52,58.82,4.46,-11.68,49.42,141,-1.79,12.72,12,18.11,-41,20,27.06
-0.93,48,22.62,54.27,14.23,-6.54,-14,11,0.7,92,-13,85,-47,97,27.96,-8,9.79,113,56,40,-19,29.89,44.96,-3,67,145,107,30,48.48,-43,-32,81,107,105,58,25.02,22.11,17.61,43,-9
-19.38,20,34.32,30,84,11,123,44,51,141,46,132,73,129,68.93,83,16.02,84,32,19.21,19.76,-14,-38,45,70.19,-13.55,77,114,53.36,118,-19.62,-5.14,75,-36,38.36,58.96,110,35,-40,-1
65,-3.3,38.78,146,-19.79,101,3.5,31.1,8,99,35,4,47.09,126,111,38,55.73,73,23.03,111,72,-8.08,12.89,-17.32,-27,144,65.77,1.21,50.69,73,74.11,38.79,12.35,-32,52.37,68.68,120,96,6,-11.59
47.11,-21.92,51,111,21,111,55,30,9.92,143,15.18,77,-5,15.13,39.79,47.33,24.7,0.2,122,28,-11,27.46,146,123,145,26.04,58,14.26,26.49,121,27.28,106,51,33.04,-28,43.72,5,44.53,53.96,52.35
-17,-8.45,28.84,131,58,3,4.35,3.65,90,15.13,79,46.26,128,76,134,-30,54.8,59,51.43,31,-37,115,39,117,-10.56,73.86,102,38.91,1,29,62.77,-8.29,18,10,81,82,-20,9,-27,18.2
-37,-37,-3.11,50,48.8,37.78,-20.31,52.24,-6.78,144,57.22,114,51,87,18.83,-22.16,58.56,60.93,-23.49,128,138,88,-22,-2.09,-43,22,-24.46,91,49.64,18,-20,-30,39,14,-5,54,29,149,-6,48
15.38,22,24.55,22.9,53.42,-24.91,138,5,80,43,20,56,93,49,76,-18.04,-19,82,92,-39,124,-47,127,50.8,51.36,135,15.79,133,-8,111,15.1,-22.51,-33,45.86,28.09,105,74.11,-13.87,74,20.93
-19.39,-13.61,39,56,57.45,130,70.1,86,72,-18,56.7,99,7.76,102,125,138,47,31,72.3,39.14,145,-24,116,29,56.44,36.92,28.18,63.51,89,-17.17,94,95,90,55,-24.26,149,146,46,-20.54,-15.95
47,-8.03,41.58,93,53,-6.65,43,15.96,-17.57,12.51,60.87,84,-41,82,135,39,18,51,-36,-0.73,136,-2.92,54,36,40.16,10.87,-15,74,11,13.44,108,-0.33,22.28,7,107,14.46,89,34,9.45,-9
-16.44,33.47,21,-42,126,120,-2.8,22,25,103,142,6,86,74,-45,-1,-45,-20,25,139,7,65,63.12,127,-37,64,-20.63,105,114,-3,70.97,-0.54,-7,8.59,27.54,-15.87,34,-22.14,63.65,19.99
-24,66.94,-20,90,2.1,-19.35,32,141,22.9,99,-5,34.51,46.38,24,-1.29,67.87,1.65,31,24.97,116,123,43.81,73.15,72.02,71,7.72,58.17,73.66,85,124,2,60,-13,-24,57,1.22,59.14,65.9,32.68,-28
-18.53,-11,7.11,40,11,62.4,66.56,25.13,58.04,74.55,2.47,27.13,32,120,73.36,-24,-42,39,57.51,35.57,25,104,139,35,49,50,16,145,13.86,40,71.74,50.83,-47,114,94,15.87,68,93,-14.9,22
-23.75,82,-8.08,46,42.21,112,24.31,71,48.36,-8.14,144,-16,9.36,-24.83,-33,-12.31,77,-1,-5,20,17.95,19,-23,102,67,115,33.72,-9.03,113,2.38,11.92,-16,9,120,-4.85,15.06,39,71.51,-37,66.26
96,86,25,19.32,100,3,43,1.44,-34,-16.64,-43,-26,-23,-0.35,55,123,96,119,52.8,17.77,46.66,49.43,18.01,17,58.75,43,27.04,18,-23.03,76,27,67,-12.09,-49,83,58.19,32.86,22.7,19.26,54
91,-28,79,41,-14,102,2.19,-10.84,82,-3.28,-7.48,23.44,81,79,-20.96,-0.55,74,52.84,4,12,-34,136,56.39,-5.67,134,0,90,58.18,-15.81,148,72.35,9.38,38,53.36,-15,-9,22,109,33.22,33.19
51,133,36,10.77,72.22,133,57.79,-17.31,53.67,-17,36.75,-27,15.04,124,73.35,8,64.3,82,117,-25,60.96,11.78,-45,-15.73,99,52.58,90,105,15,89,-2,55,130,-33,72.19,-28,87,61,110,34
26.65,19,8.88,-22,43.84,73.75,-34,57.97,14.26,23.94,5.41,22.72,-11.59,47.48,-2.85,63.51,-29,-23.12,64.2,101,22.81,1.01,-35,56.85,101,-12,51.07,50.81,46.06,142,48,61.15,41,73.74,34.75,143,131,105,46.52,25
-13.22,43.91,-0.38,63,-33,139,68,-22,32,43.63,13,-18.66,69.39,41,-3,-16.22,76,40.25,-7.78,-5,-16,-46,38.46,72.82,-1.73,-31,-9,16,0,-10.15,-6,49.44,-1,-28,72.83,61,3,45.5,35,24
5.73,27,38,35,134,110,11,92,15,-40,24,98,-20.78,141,97,-9.88,1.32,67.73,-28,-24,-18.87,-18,122,-10.22,59.02,-23,17,-47,0,21,100,94,-12.97,97,71,24,-39,-18.57,-39,64
10.44,92,51,50.95,-22.59,31,37.23,54.96,101,24,54,88,6.71,3,102,2,13.85,23.05,63,-7.19,-12,16.74,25.36,-24.19,-48,118,47.84,22,-27,88,19.81,117,86,113,95,10.08,12.72,6.03,14.7,-7.78
63,51,-39,114,-25,71,52,26.55,103,21,40.97,143,35,61.59,1.97,11,18,8.44,74.78,15.84,-6.4,-17.43,132,55.49,-18.81,-24.81,3.15,32.25,56,59.12,35.91,15,63.94,26.5,65,69,112,-16,71,-48
-12,-22.28,135,58.1,109,-12.42,73,8.01,23,58.63,6.95,30.01,49,8,13.05,-24,49,-0.76,66,139,132,40.78,110,30.83,110,20.63,16.34,70.82,69.86,99,70,45.07,109,31.79,7.08,24.21,-3.98,128,-23,-27
25,51,77,15.78,6,54.55,50,-11.87,-30,68,-23.38,16.55,24,94,106,120,101,70.18,16,122,13.4,74,70.45,65.6,18.31,77,-1.98,105,126,-16.81,39,36,18.29,10,46.63,59.5,-4.71,73,40,8.21
55.66,71.07,63,28.63,-40,67,71.93,47.24,135,107,-22.28,-36,8,-13.33,-9,46.5,4.4,61,31.52,2.08,121,6.67,42.31,10.06,85,81,13,-1.57,14.47,95,72.88,-19.02,96,107,43,78,22,52.03,1.57,-32
14.54,-2,30.91,50.25,94,-38,-42,56,35,-20,138,14.01,70.95,57,51,44,130,47.1,28.98,-1,99,142,-16.04,3,-6,9.28,-49,36.55,40,65.7,143,19,51.12,25,53.55,-0.99,75,93,1.6,7.53
149,124,-43,71,-20,47.8,-18.49,62,60,-4.01,60.86,29,111,-4.42,6.67,-4.26,65.88,-34,144,4.27,98,81,18.6,22.11,42.4,117,17.48,52,-12.26,95,5.8,-2.25,125,37,21,40.23,69.67,105,54.87,-35
74.27,77,49,9.99,-7,-21,41.86,-17.29,99,54.54,140,24,53.91,42,11.72,-22.12,-7.42,69,21.72,47,34,64.89,101,129,41.71,16,85,143,66.57,64.61,49.35,20.86,26.56,86,129,15.73,-19.74,69,61.58,71.53
-12.31,87,-9.5,49.61,129,51.36,-13.81,-22,-20.38,18.07,17,19.96,29.14,147,-35,132,-0.45,70.59,15.23,-14.54,109,-44,65,-9.12,5,-9,143,105,21.37,-16,6.25,-9,38.75,16.18,-8.75,-32,105,4,-16.92,24
4.25,62.14,20.92,24.32,-9,75,3.3,-3,18,-21.86,115,-40,58.97,12.98,37.63,88,56.44,91,123,122,-41,113,58,22.32,47.26,22.05,-44,30.88,133,69.95,-21,-4.39,-9,80,-2.27,56,8,25.74,133,-2.23
-43,-17,40.15,-9.95,15,3,76,54.75,54,-27,-17.3,5.39,74,32.57,71.37,17.87,84,74.35,112,-4,141,-44,-10.96,92,-28,-2.08,41.6,70,121,115,12,12,8.63,-26,143,123,133,110,59,-28
-49,16,-6,36.39,55,69.56,18.1,8.87,8.6,15,39.4,-12.55,-40,13.9,1,-3,-16.84,-1.74,24.77,59.73,-4,-22.96,130,103,0.03,-19.98,-48,57.53,58.35,-27,44.77,-10.94,60.56,69.88,12,34,83,138,33.35,115
122,92,125,73.85,102,58,54.31,-1.8,62.33,40.27,40.76,45.38,74.79,91,-15.79,74.65,36,-39,104,70.03,45.9,68.23,-20.93,60.08,24.51,33,-36,-10.64,-42,120,-9,-9.55,24,-21,52,-10,53,-3.24,73.11,48
-7,-28,47,101,52,60,28.64,62,39,62,-34,72.99,-19,-10.7,64,149,143,65.94,33.9,-47,63,32,18.65,95,37,-19,-17.2,122,128,-17,46,74.3,62.84,70.42,96,113,-1,27,48.16,111
-20,-9.14,24.79,18,36,56.9,49.3,-36,46,139,-25,78,6.3,-6.73,102,70.27,92,55.63,46.67,50.76,6,32,-15.97,-15.78,28,103,127,-10,-35,38,52.99,-50,-28,-11.53,43,31,16.94,43,-19,7
99,46.96,29.71,-31,-0.84,108,140,57.3,80,61,26.26,74,31,112,-11.34,-17,130,25,64.12,42,73,-37,47.61,31,5,141,73.59,86,59,35,56.68,46.3,-17.27,1,12.31,44.75,125,-8.23,24.21,-15
48.97,65.15,-35,7,-31,72.49,-9.8,8.67,-5.45,-17.34,-21,-18.77,1.34,18.06,-26,40.31,0,62.46,-6,69,137,109,65.96,-49,-36,-5.09,53,19.8,1,-14,41,61.97,2.91,96,-14.05,18.83,73,-11,16.78,-15.18
-12.25,69,36.6,28.93,120,24.03,51.83,-22,42.28,-34,55,48,33.57,49.37,23,-7.72,33,31,19.31,28.87,25,12.66,143,28,7.23,26.01,-7.68,18,-2.95,35.07,48,-47,8,105,-49,34.2,52,131,-21.35,133
-49,58,65.27,61.72,-19.65,9,12.39,2,-2.82,-8,29.69,-48,40.67,25.94,68,45.57,85,105,-45,66,2.5,132,45,53,38.21,50.48,131,138,-5.01,66.92,66.48,47.59,-22,-20.09,97,124,20,31.02,12.7,-23.9
56,109,-49,19,137,-13.82,-1,61,-13,53.04,-36,26.38,46.24,15,-17.41,25,70.4,98,-11,2,136,1,-17.52,-47,-9.73,100,-19,48,48,72,-18,145,54,48.28,134,70.33,20.2,5,54,58
-15.99,28,70.53,3,29.2,112,64,79,10.19,39.9,124,43,105,-8.29,112,77,59,71,90,0.01,-40,9,2,2.57,67.14,131,24.52,28,27,13,79,88,-0.21,81,-47,-27,40.32,-1,28.01,-6.3
23,141,34.31,36,7,56,90,-18.15,100,51.16,30.32,47,-16,27.13,33.38,8.34,26,11.74,26,29,33,-0.18,59,88,12,67.21,43.17,-1,102,124,21,72.39,45,18.63,46,7.29,50,91,79,48.38
69.81,60,80,4,100,60.5,-13.46,130,-24,-15,35,21.66,27,-8.32,-16.08,144,80,32,31,-33,134,50.64,-23.44,36.05,56.56,48.06,42,-40,54.26,38,-38,129,-7.3,-5.14,15.85,120,35.41,68,84,74.22
31.83,104,-11.12,-9,12.29,54.43,58,-10.65,132,71,146,-2.4,71,90,42,33.13,44.31,28.53,73,138,130,42,-47,-48,63,32.4,49.51,-7.26,1,-47,38.5,28.27,5.44,136,98,130,43.88,58,76,33
-38,-12,-46,-35,31,-1,6,74,40.6,-22.97,66,95,9.73,134,-38,14.83,-12.95,1.83,-23.56,26,-22.23,73.46,110,14,84,37,30.76,110,-2.49,96,74.7,-32,16.48,73,53,25.19,29,-43,56.27,41.24
49,-2,113,-16,-35,115,75,126,-5.7,22,65,118,69,4.96,55.33,-13,9,22.42,53.26,127,89,16.39,5,72,43,13.46,118,17.25,-25,62.9,-8.86,-14.4,86,4.41,30.9,73.28,-12,63.75,7.66,53.96
20.8,62.38,24.16,-44,56,117,0,-48,-5,127,132,-15,-16.22,12,-30,70,18.86,8.14,-45,8,44,76,94,87,-43,87,-14,93,26.88,30.06,49.91,123,0.65,64.04,-25,-12.87,11.74,39.69,2.7,-23.83
-3.37,85,1,19,115,24.12,4.5,26,66,144,17.29,-37,-8,-40,-40,113,47.62,45.34,9.93,29.92,-48,-4.73,33.44,-0.37,63.76,119,21,47.14,111,99,22.86,-21,7,45.19,84,-24,42,37.77,119,22.26
-48,-24,84,117,53,27,-15.43,90,18.88,60.31,23,-23.94,41.5,148,11,-0.17,-27,-6.72,-5,25.61,-10.22,-4.36,129,132,55.93,63.69,-17.07,64,53.94,49,17,6.15,-13.48,-15.33,16,-8,67.5,25.89,80,24.96
125,12,52.88,-5.3,13.24,50.75,-49,32.09,21.76,36,71.7,31.08,46,3.7,111,16,138,-23.36,30.52,121,70,6.49,-3.65,145,48.89,77,58,21,42.51,34.53,29.45,36,69,46,18,65,20.01,29,69.07,7
-1.45,8.2,58.18,-21.12,61,130,48,-1,-50,-45,50,-46,22,95,48.8,44,37.45,14.28,74,2,89,62.94,1.77,-39,82,54.24,68,14,110,86,134,125,46.45,119,17.18,-13.99,144,72.37,4.68,133
-29,130,106,132,15,61.74,96,9.09,-47,21.05,13.73,-13,131,6.89,63,90,60.85,6.12,31.98,-13.41,40.28,112,82,37,5.09,119,92,41.09,36.11,47.03,73.82,56,-25,40,65.73,145,62.21,14.73,74,32.85
40,-29,66,-11.23,29,133,42.85,54,66,31.47,73.35,-17,101,48,-24,61,32.66,60,41.23,66.74,111,-10,16.4,-24.35,-8,-50,31,27.39,-1,44,140,34.16,3.82,-24.2,118,-3.64,24.4,23.09,26,-19
68,70.48,51,44.96,110,66.99,7,25.71,139,55,15.06,105,27.59,52.52,120,52,121,149,1.69,32.99,7.13,24,113,55,131,27,14.89,43.9,30,66.05,-19,-21.83,56,54,11,-12.61,-4,59,131,34.23
-1,66,-22.1,62,-19,29,34.95,135,132,26.11,-34,66,62.41,105,44.18,-18,45.12,-14,-43,-2,101,-32,79,-14.65,-23,18.58,-10.8,15,20,0.71,138,113,5,142,64.92,-34,-23.45,23.35,143,5.94
-17.47,54.81,-9,85,56.81,0.86,-4,26.87,-21.97,-30,68,100,87,84,20.14,53,138,33.43,65,-27,-16.66,14,19,44.66,44.94,42.53,109,21,-27,-3.36,27,0.77,-3.53,4.25,127,54.24,28,-25,31.04,80
84,15,129,101,56.68,52.6,20,99,38.38,57.28,62.02,17,72.42,-25,54.88,50,13,51,53,5.89,135,-37,122,80,32,20.75,35,71.53,132,64,-3,25.28,11.13,11.29,19,-23.7,52.12,21,7,139
-0.14,35.15,87,12.35,45,55.78,60.45,30,-4,14,-18.35,-5.19,141,28,-21.02,-31,69,64.68,111,27,0,4.95,-15.27,-10,72.8,37,42,-22,44,77,47.69,-1.25,47.41,88,37.56,-31,22,58.29,-4,98
122,-23.05,84,-1,31.96,8,122,37,141,73.1,76,138,134,40.92,4.4,6.85,-11,-2,16.38,81,1.18,-19,149,-17.49,6.07,63,30.55,101,118,82,45.11,-10.4,11,43,102,-27,54,31,65.42,20
51.21,30,72,-23.49,18.33,96,23,-16.33,89,48,-31,77,24.85,55,85,42,50,15,21.92,-43,121,-20.34,14.62,48.33,53.69,20,11,30.81,-19.08,-40,9,-49,-32,96,74.09,141,6,27.15,53,47
135,52.7,49,122,70,75,36,22.67,65.85,35.03,4.42,-6,-44,58.39,29.92,132,118,-23,-32,36.73,8,-33,-19,14,83,4.14,145,66.49,15.68,50,130,-43,24.79,19.91,27,63,121,92,53.91,-11.87
87,-29,-47,-26,42.52,20,11,76,1.69,33,-35,122,61,36.32,-20,33,14.38,111,36.59,-18,-44,50.06,44,54.73,26.72,60.29,16,88,61.48,103,50.99,70,64.16,143,121,19.87,-18.3,53,59,81
24.14,45.96,-16,-8,107,61.2,34,114,-21.71,28,17.95,52.87,-14,8,10.67,17,0.73,71.09,56,68,56,56.02,114,-19.43,-29,125,-24,33.77,-1.99,84,31.75,59.71,-11.91,133,44,7.05,-14.85,67,-4.86,-10
90,92,104,89,149,126,-2.65,68.37,-4.95,-31,43,64,45.68,70.98,108,-11.87,129,1.95,106,141,-16.66,59,64.96,72,30,-47,23.73,140,138,147,-48,-6.47,65.31,18,-22,21,128,58.43,55.06,2
32.89,143,-22.71,26,4,48.82,126,11,5.85,99,53,141,136,37.4,-24.16,21.73,59,68,-36,37.93,36,20.94,14,-36,62,56,-21.51,47.72,100,62.66,0.09,59.53,129,14,148,-1,4.12,-10.22,-3,108
-23.39,76,126,56.06,144,29,17.8,114,4,-9.38,83,43,128,12.34,115,-11.83,53,65.57,-11.92,66,-7.55,109,-39,12,143,37,-20,87,123,-27,69,136,133,-2.18,46.74,39.14,9.3,108,-13,75
16,52.55,40,50,26.74,94,42,-27,5,141,41.2,73.1,32,47.63,73.7,149,17,87,14.07,6.47,78,82,2.02,49.56,-14.06,19.38,1,55,144,48,-14,0.06,29,35.31,15,84,13,29.61,110,22
12.23,44,31.05,23.32,-9,144,-17.98,39,61,58,38,38.91,40.99,76,67.04,114,12,49,12.52,34.39,-15.15,-44,17.54,66.17,12,-38,19.39,-38,-7,41,49.54,143,0,69.23,112,121,29.1,149,-43,-21
-23.57,3.26,112,13,4.59,108,128,57.27,-34,139,94,9.37,-1,61.14,-31,143,112,-14.42,38,-23.86,68.56,63.16,9.63,16.89,82,58,28,-2,-40,-22.37,1.01,51,60.69,-2,-2.09,15.48,133,-2,131,113
-44,-15,24,47,-13,-24,23,43.53,59.89,107,19,-14.92,14.4,2.11,97,34.2,5,8.5,62.9,35.83,106,39.87,7.8,26,109,0.68,62,115,19.84,5,79,-9.86,-22.92,-48,91,62.24,-26,-17.29,21,44
-44,-13.07,-49,4,-21.01,37.89,56,26,114,47.98,11.27,28.81,66,37.29,-8.02,114,27.2,3,-28,129,48.05,58,144,-20,61.79,14.9,67,144,50.82,137,65.96,23.62,19.21,19,91,26,83,42.46,49.48,-24.73
31,-39,8.38,-28,-30,68.77,39.97,61.88,128,94,52,63,20.65,66,61,5.15,74.38,51,55.2,28,43.79,-32,-10.18,32.41,69,116,113,14.7,8.25,-41,-22,19.2,37,46,21.48,-4,70.45,43,98,2.33
27.44,8.14,144,-9.41,29,120,61,11,100,20.52,61.08,28,144,44.96,0.48,69,97,0.34,60,31.78,135,-36,72,-23,32.25,67,16.89,47.51,88,69.68,-5,79,-48,-49,68.71,31,83,2,54.87,72.74
115,-38,17,7,-27,49,41.64,21,57.98,67,-42,-3,68.5,-23.14,6,-8.65,29,33.22,96,10,53,38,-8.7,46.13,130,41,122,140,-12.44,73,29.08,-1.12,103,34.81,42,53,134,113,-14.3,38
55,-18,3,36.12,63.51,29,8,21.99,52.55,14,68,15.6,16.54,76,109,70,-3,85,15.69,138,-36,45,26.36,65,60.02,95,35.38,0,-28,63.53,77,-50,123,75,24,34,50,2,-4,-24
43.99,112,39.76,35.23,8,-18,69,129,67.6,70.13,68.25,43,-18,83,90,117,146,24,22,-38,-12.94,52.78,82,-16,131,-6,21.88,5.81,10,43,-14.61,1.94,126,25,130,-33,64.98,-22,61.85,-8.36
14.34,109,24,134,66,59.86,54,42.11,1,55.07,-15.8,56.39,66,76,30.61,10,116,35.99,136,146,-18,53.48,125,76,72,-7.78,-40,3.03,76,143,124,68.23,68.97,17.61,45.24,72,80,91,41,78
31,127,16.66,105,119,55.67,125,143,100,-4,29.49,48.84,4.4,-2.65,12,54.26,106,2.72,-50,52.36,-24,127,25,-18.23,-23.88,102,-20.35,21,-19.93,34.95,41,-1,122,-28,13.34,56,1,-37,8.85,101
24.01,53.16,16,20.9,52,37,33.33,121,119,107,2,68.08,71,-34,16,-8.24,141,143,87,33.07,42.13,-1,-1,3,108,142,-9.47,64.22,-38,22,126,24.97,74,1,87,-26,2.76,-20.27,79,90
112,144,50,129,-11,100,-13,32.62,58,104,147,5.78,104,41.25,3.52,-37,60.38,-36,64,83,-7.83,69,14.31,78,-19,67.07,134,6,71.64,-5.44,48.95,13.39,-9,-40,65.32,38,-45,114,-19,88
-6.15,13,8.78,15,51.41,-7,67,54,19.04,126,-23.76,142,127,121,22,69.13,-16,46.95,73,106,-16,116,66.68,-26,-20.92,45,34,-46,-3,72,132,10.62,85,-5.57,14,105,-37,7.62,17.54,-12.06
-6,38.29,2,32.37,52.99,66.74,128,144,22,36,34.16,19,-20,-35,102,144,15,42.59,2.76,11,16,30,79,4.42,44.85,116,69.91,22,21.3,8.09,93,-7.59,-16.11,13.84,7,116,63,18.31,137,-22.01
77,-37,111,54.69,0,24.25,-44,74.51,-31,31.49,-49,145,66.06,48.76,-4.34,-5.23,140,-39,82,-15.64,-12.16,22.52,138,-30,20.17,10.11,50,80,140,31.1,-4.76,103,54,8,120,64.29,79,7,-2.37,23
78,27.75,78,12.39,100,36.6,129,-12,19.26,142,68.66,143,-20.51,107,-26,28.24,133,81,33.2,-36,19,47,-17,137,137,104,60,71,112,-4.45,15.46,16,10.4,48.5,36.68,134,100,45,-21,34
147,11,47,-22.59,34.27,37.61,38.16,103,-47,42,72.06,-8,25,34,30,-34,23.76,22.56,14,0,60,46.57,9.91,50,6.53,-15,30,15.52,88,23,36.25,29.25,56.07,100,65,73,18.32,-43,-4.05,35
72.71,22.72,63,59.28,70.68,119,40.66,121,19.65,36,59,77,54,-49,-8.52,47.95,-15,27.76,29,60.89,47.69,-16,-45,53,68,65.32,-38,30.32,-27,51,-27,46.36,46,74.59,46,66.86,122,15,68.58,15.22
-3.72,12.38,23.54,23.76,76,84,32.73,-1,65,32,-6,49.58,6,62.3,-22.8,-24.07,43,130,144,-21,33,138,120,29,22,21.52,-13,74,61.64,10,-26,62,103,20.44,20,134,-21.88,71,51,148
1.91,105,53.06,129,18.66,32.69,118,20.07,23.09,-16,-8.89,8,27.45,1,-48,45.71,52.39,2,7.14,46.41,66,-38,84,105,-8.58,21.42,-16,69,-5.4,41.07,25.41,5,0.68,-11,-34,35,-30,47.5,21.33,31
39.26,15,70,58.83,45.86,57.29,67,16,71,43,26,134,2.95,109,20,-3,-22.58,-12,10.02,26.89,36.95,62.09,64,23,2,-40,55.85,143,-21,54,-0.83,125,3,52.99,40.29,-19.58,1,53,13.59,64.72
134,38.78,-14.07,53.99,85,-1,148,47,64,-13.12,149,73,-7.64,23.03,130,57.12,118,96,63.14,-1.99,49.36,34.38,-3,108,24,99,53,62.76,82,-28,142,-14,35.17,9.37,59,129,78,20,0.5,77
-19.99,53.81,53.42,-19,54.19,-31,35.16,82,112,-19.07,28.54,136,16,13,54,30.29,67,19.14,29.54,71.9,27.23,84,110,-15.4,144,28.85,41.93,-2.15,106,138,146,62.3,-44,64.38,10.71,109,-12.23,2.65,58.95,-16
73,-18.12,-13.73,128,-14.49,15,57,64,48,44.21,4.72,4.03,-1,33,104,-10.5,10,8,14,6,65.72,103,74.2,45,-20.07,105,20.31,87,-22,51,39,41.75,55,44.3,49.41,-6,69.82,108,23,13
48.77,41,42,55.23,102,147,55.44,25.56,62,49,9,17.51,58.86,-21,20.09,-5.29,70.93,140,-23.53,9,62,44.47,99,-21.19,-10,-22.3,5.35,145,-18.64,37.87,64,97,84,124,27,81,36.12,49,66,67
-37,37,-5.97,50,69.24,-43,49.86,66.42,109,90,-23.34,-19,132,-2,14,-0.62,-4.58,71,102,50.24,20.66,21,-20.76,65.02,-42,19,41.98,11.63,137,-12,62,-12,32,-41,106,-19,106,40,85,-24.35
-19.22,51.4,122,-16.47,145,39,-38,2.16,36.57,-12.74,88,53,105,-8,7.28,-41,35.11,43,-16,75,7,15,54.64,77,30,94,-12.21,137,-45,17.76,26,-10,10.13,55,-6.52,46.84,71,-14,24.76,68
20.44,110,-39,3.13,52,136,61.43,-29,-2,148,-9,-0.19,-19,141,0.63,63.06,60.18,14.38,-38,-14,15.15,105,127,3.37,57.44,55.2,-33,63,72.71,66.9,13,70,57.36,74,-23,-4.96,129,-17,70,124
47,-15.11,58,34,31.74,19,32,24.18,26.57,113,57.86,72.62,92,41,-21.2,-36,125,73.19,-33,67.32,-31,57,56.68,30,-42,73.14,38,-3.79,6.49,144,34.35,65.7,123,1,136,-14,21,21,97,63
12.95,4,59,-1.01,-21,-16,26.76,48,-23.45,52.26,57.29,-33,23.66,-28,-49,140,10.73,-34,11,-25,-15.94,75,148,66,72,111,56,113,-17.77,56,-15.82,57,104,136,10,113,16.03,72.07,19.08,21
35,20,-43,35.05,113,0.98,-46,128,-14.53,146,86,8.3,119,93,-9,-15.88,32,-50,42,38.98,3,76,131,-8,146,12.02,-17.35,120,87,24.55,43,26.79,5,-42,-0.07,5.89,29,-6.35,1.04,48.06
-15,88,47.8,-19,44.44,13.07,28,-15,52,40,33.27,15.58,7.35,31.79,89,37.69,110,-50,39.73,35,77,13,-35,-44,8,10,23,23,21,62.78,23.53,148,3.14,114,27,132,3,97,24.56,11.13
18,34,42.11,-4,33.14,72,74.51,67,54.85,6,14.08,83,45,-8,114,26.65,60.51,-10.62,-26,141,144,56,107,113,47,-45,105,-38,93,-44,-7,62.12,97,54.55,46.19,-3.72,111,141,47.2,110
38.77,9,63.15,-11,134,-5.8,4.47,104,0,43,-9.83,21.34,-35,9.55,12,-39,-12.45,-42,125,36.08,141,15.49,77,-7,-12,56.79,-13,-7.54,75,107,59.49,-26,18.78,61.38,-33,62,-48,-8,-10,-3
146,57.46,26.61,52,27.24,8.46,101,-16,95,64,124,-24.48,0,73.35,37,62.99,79,12,81,5,-9.96,68.41,-25,33.17,9.66,6.43,26.83,-7.53,40,17.77,67,-38,-23.16,49.37,47.76,49,44,143,6,21.6
79,18.82,59.41,74,-20.89,147,29,119,-27,62,-5.21,76,38,33.33,83,4.22,62,66.21,70.45,15,-3.87,146,126,-48,70.44,-7,51,11.9,-32,57,-9.6,75,-3.35,-18,92,71,10,12.54,-5,106
10,118,65.45,65.37,72,143,-37,-23,31,8,5.73,99,73,17,-20,39,127,10,11.38,96,11.08,67,78,-44,-12,18.43,65,-37,51,83,73,66.95,107,14,94,-2,58.82,66,58,134
-31,-2.84,80,32,33,29,56,-2,6.59,41.89,25.25,-22.67,14,-20,4.8,25,-14.23,63.02,20.36,68.58,108,66,115,132,83,131,130,62,140,60,-13.33,11.86,3,35.15,-22,47.63,11.62,147,45,-0.17
30,129,89,27,67.69,21,7,16,60,-37,61,66.5,-50,27.57,-39,-15.98,31,78,-24.88,-29,-8.55,-17.96,11.89,-21,18,61,90,53.53,40.11,80,63.2,-20.99,136,60.82,14,50.85,87,143,55,44.34
-15,69,61.24,27.91,94,59.32,-0.62,47,63,135,129,112,17.32,77,124,58.64,7.7,40.57,118,110,-18.48,106,62,11,45.71,40,16,126,143,40.41,-14.46,64,4.55,88,109,24.23,60.44,-17,86,1.61
23.6,17.44,18.23,18.95,25.22,46.65,87,103,28.3,-21.96,96,-43,0,41.09,-36,31,-12.7,9.48,-2.46,128,72,60,20.05,-16.52,-46,-44,129,17.69,-14.55,-14.06,119,-45,9,-22,77,75,74.22,22,-21.75,101
85,39.85,21.79,-8.07,67.79,51.33,19.15,93,33.32,23.33,13,71.96,71.65,101,35,13.39,-22.94,127,-43,82,-48,85,-49,-39,149,0.7,46,5,65,53,49.6,2.18,-29,99,27,50,103,44.18,6.78,17
112,53.27,146,26,43,3,26.24,-20,27,42.78,-0.38,68,149,111,1.41,-35,31.21,68,-44,62.78,30.15,19.19,58.76,114,118,86,-9.49,-3.06,-41,-10.05,33.82,33.17,101,67,114,35,-6.01,2.53,-13.34,72.52
20.34,42.77,-4,17.47,62,-21,-12.48,96,103,122,11.35,19.51,55,6.4,-27,-10.36,29.93,52.36,24.71,98,32,-34,-4.37,-36,100,109,56,25.91,45.63,46.06,-47,21.7,23.85,69.09,21,-12,49,-5.14,40,51
-40,7.65,147,61,-9,6,9.49,7,67.3,63,5.19,-5.08,6.93,61.81,47,73.39,-21,14.29,-33,-13,104,96,31.94,17,68,24,148,-23,147,3.9,104,2.06,56.92,-38,53,41.14,72,-3,71.29,-8
65.63,90,25,33.12,52,53.17,-10,-45,68,51,-33,28.86,26,-25,31,74.94,20,121,-29,10.36,2,10.39,2.61,73.37,-3.94,-33,101,-20.09,-22.53,146,-9.63,21,139,38.8,80,122,18,-13,52,-12.59
63,-5.36,59.61,-12.11,28.07,73,17,74,101,14.82,131,50,-17.67,119,46.08,73.39,2.22,74.5,15,56.32,-18.09,53,15,27,100,-5,48.66,66,103,-15,-29,145,-28,-43,55.9,109,5,144,94,102
-6.49,31,0.16,-20,-41,59.99,39,8.72,66.05,65.05,24,-45,127,29,-23.09,46.98,-24,9,10.91,118,26.71,-4.89,120,26.76,92,49.27,14.33,15,133,21.79,66,69,5,-2.68,54,-23.23,50.88,13.68,49,141
-21,-9,9,57.2,-26,31.6,7.74,20,51,68,75,-29,-7,95,2.83,74.41,57.67,47,-2.04,2,-17,24,20.72,44,-11.65,85,21.78,11.54,-1,-24.05,39.03,-34,47.11,-48,5.23,8.15,64.74,57,-1.72,138
-33,119,-6,108,-18.24,50.3,52.34,0,116,88,88,11,142,64,-13.74,15.47,8.71,10.98,18.83,-5.04,84,8,135,23,116,54,97,-50,38.9,8.94,97,41.82,58,65,69,93,68.77,23.6,45.46,17.39
61.38,26.87,125,-29,56.92,40,-3.81,118,-39,61,-0.3,-43,43,59.49,118,6,50,-48,102,95,-13,45.23,76,4.59,-38,-12.23,-46,26,15.5,37.19,29,-36,11.1,-46,103,71,8.32,51.57,30.46,50.38
-8,145,-24,15.36,32.26,23,0,-4,-17,17.19,100,-23.82,91,-29,30.07,47,-21.98,28.58,-34,23,114,-7.81,147,96,114,-27,-4.14,92,-14.14,61.38,67.77,49,27,39,-16.57,54,-32,36,55.53,67.49
-40,69.7,6.37,116,73,117,82,122,117,34.47,-9.69,53.17,67.33,-10,35,11,-14,26,16.37,-44,89,73.71,-7,43.99,74.79,28,35.69,22.2,29.17,38,8,31.35,48,118,-9.84,65.34,-26,44.48,21.27,30.43
109,0,10.07,13,17,-28,124,-24,52,51.75,83,-21.65,39,34.04,2.59,89,-17,145,31,38.97,3.24,24.79,142,7.01,44,61.47,-13.22,51,-22,61,54.6,115,106,60.47,-40,135,-43,-24.16,22.73,52.6
61.31,-18,67.41,59.54,-18.41,87,-6,28,69.13,-26,33.6,31,61,-4.68,-15.84,38,115,11.16,-26,27.83,-16,-20,20.31,26.55,74.35,78,46,80,51.27,-26,108,99,93,54.04,113,-13,24.06,138,43.48,13
-15,55,0.5,-44,22.84,51.13,2.65,36,17.71,-22,50,72.25,51.14,109,-3,33.89,138,35.3,36,14,135,-46,103,60,31.93,7.99,52,147,-49,147,-12.65,-24.74,27.24,13.2,74.03,-31,84,62,62,-9.95
28,27,70,93,4,17,46.11,45.55,-16.77,28.26,58,-11,38,126,124,79,49.93,38.74,15.33,8,60.49,103,6.3,29,128,32.12,119,-38,117,10.39,54,15,29.44,130,4,51.2,38.46,102,61,21
-13,73,23.74,-13.06,61.43,39.7,56.48,14,67.5,69.89,66,118,96,-12.25,6,143,-26,-18,20.39,118,60,40,71,35.17,143,44,3,72.2,70.72,74,-6,18.01,29.09,-2,-6.14,-10,-36,50.71,-16,-16.68
56,130,115,-6.32,-6.98,37.84,64.03,72.59,-18.23,6.82,96,-11.69,59,41.68,100,14,44,6.71,94,57,74.58,0,-34,23,68,6.58,19,13.69,86,-16.05,64.39,5.3,72,-17.91,63,98,52.62,111,124,29.89
-5.27,-10.8,127,51.82,43,103,15,-24,112,62,-2.05,19,102,-18,52,-7,148,145,18.51,27.98,63.64,96,141,-30,37.13,0.7,90,52,94,66.75,95,25,26.57,13,124,17,95,-22,-31,18
66.79,2,124,38.31,93,-22.74,149,147,67.27,52.02,111,24,119,12.81,-39,69,-17.92,-39,48,14,145,10,130,64.73,44,-0.85,14,40,131,63,147,141,45.31,3.82,-2.39,-19,77,13.42,50,44.68
-42,53,1.72,74.14,83,31.92,91,-2.7,0,22,23,17,104,8,9,-50,-30,119,-10,63.13,-16.81,65.86,-13,37.85,29.58,124,-17,52,30.91,11.55,11,6.63,125,-1.74,32,-3.92,12.07,-7,121,44.03
122,115,96,77,14.41,124,57.26,-49,-1.67,92,24.38,141,59,19.91,10,4.33,-4.4,35.91,-49,63,103,-36,18.3,53,66,-19.11,68.85,31.6,35,3.66,146,-15,-34,99,64.84,56.01,46,143,-12,37
61.56,97,-26,17.92,-6,-8.42,26,35.84,-2.99,19.22,89,6,71.68,35,20.12,-13,136,-12,-16.84,28,67,77,135,136,41,3,11,128,35.98,32.38,-14,-2,108,67,65,143,-9,108,46.12,-27
51.2,-13.13,-42,55.4,103,56,25,-28,98,-3.46,67.12,36.27,51.57,48.03,28,56,84,93,1.14,88,94,-9,18,140,46,-3.63,79,-6,7,94,57.87,-21.55,-20,69,148,16,-14.8,61,45.46,96
10,-27,-24,35,2.07,-38,-15.29,25.65,-16.88,111,18.52,125,-10,36.55,-3.13,30.75,-5,101,67.23,33.42,71.95,120,-22,23.2,40.04,7.81,55.25,72.23,138,35,-35,15.28,-24,10,103,38.36,24,63.21,-19,29
130,47.73,-5.71,5.03,69.62,23,77,34,65.97,38,44.3,50,56,62,123,130,126,45.32,-3,89,62.21,-3,107,38,88,20.29,80,7,-20.96,73.46,92,99,36.72,-6.26,63,50.44,71,21.1,31.82,4
38.4,15,111,32.89,-11,63.22,70,106,70.21,110,-24,3.79,60.3,13.81,71.53,-17,82,-13,19.41,52.41,-6,-2.75,21,48,90,27.27,-1.67,33,5,68.21,-13.25,142,56.06,28,71,129,114,49,18.55,80
118,30,66,19,-9,42,93,94,69,144,-22.02,89,-44,93,125,38,16,65,100,0,140,41,-1,23.81,-10.82,26,-41,101,14.85,11,10,143,37.69,-48,54,0.72,53.63,90,42,56
93,51.55,-1,-22,14,24,46,0.16,118,-5.03,27,-39,142,-21,27,24,-48,-9.19,41.48,99,72,41.23,48.49,79,-36,-6,133,10.31,39,146,8.69,46.51,134,25,5,125,-1,112,135,23
48,122,-15,124,37,3,135,-48,17.87,59,122,33.98,62,19.81,-24,-44,37.68,14.46,71.57,16.08,45.3,-2.49,32,77,-0.43,55.93,124,39.75,98,113,69.33,55.57,70,89,22,88,49.28,130,-23.44,-13
58.86,-2,55,28.2,144,33,72.63,20.08,114,0.67,50.43,44,79,128,-23.06,18,-36,-31,-7.63,-20,47.07,67.74,-2.92,50.68,65.43,6,42.76,63,27.49,132,-20.62,13.87,132,130,104,-14,3,62,25,35
-48,-2.64,90,32.72,-11.11,146,53.9,-6.01,-27,22.23,86,38,16,9.69,48.81,122,-7,18.28,60.56,60,71.17,62.16,10.47,-13,52,58,-18.96,65.94,138,18.73,59.01,67.91,14,13,116,67,46,62.55,91,15.69
-25,34.39,43.21,8,18,140,70.17,76,46,-6,-23,-19.84,63,64.61,47,110,23,144,73.32,-5.22,21,12,82,-7,-0.01,18.25,52,121,115,-5.11,55,-36,-43,-22.46,142,99,-34,13.82,60.42,-39
0.62,-14,96,100,14,64,7.79,34.32,26.47,96,60,79,38,14,61.49,23,108,31,88,48.83,0,-4,56.84,113,27.52,17,16.13,123,48.47,89,116,-36,19,4.42,-12.91,-18.42,57,72.34,10,24.85
64.56,108,-10.32,-4,15.12,95,31,65,26,-36,11.68,51.45,58.72,104,80,28.61,55,63,-43,91,41.62,32.8,133,141,-24,-1,57.75,105,-3,-46,25,0,132,17.27,88,64,-8,5,6.33,57
-22,-5.34,54,58,28,123,-11.16,44.9,80,-40,-49,75,147,34.63,31.75,69.01,99,115,26,49.4,-20.4,20.31,17,43.16,-21.2,27.34,57.76,25,97,74,-4,-23,116,21,105,4.06,63.78,3.14,31.13,-17.19
11,45,52,89,7.96,-13.79,49.16,56.33,-16.92,108,-13,64.65,21.43,74,-7.24,68,47,117,-45,23,114,139,35,50.74,-2,84,17.82,-7.12,76,50,36,4,-50,-45,-32,86,-14,91,-23,73
143,-15.12,30,30,85,-32,67.51,58,0,8.89,146,59,147,111,44.57,-18,-32,103,-21.57,123,71.25,-8,24.22,7.89,71.34,66.44,68.65,146,77,-37,91,-15,46.06,-43,45.87,-11.08,-8.47,6,54.92,80
140,-5.78,-6,2,59.19,132,32.91,-47,67.12,-17.14,92,-17.05,44.19,84,94,29,31.47,105,-16.9,14.51,-1.78,-47,76,-13.88,58,73.22,6.92,74.45,68,124,117,46,34,35,120,66.52,47.58,126,-11.35,28.11
73,74,30.14,97,136,8,53,81,-0.36,39,8.27,110,-4.2,-47,-4.7,83,55.46,109,-18,-33,72.52,98,72.42,55,3.32,-15,47,102,-7.02,15.35,-9.7,14.58,-12,12.89,28.19,86,-18,35,20,26.48
99,10.19,2,-11.51,11,134,74,70,71.66,-9.09,24,19.41,78,11.62,138,-6.64,47,14,126,129,-47,131,-47,48,-22.76,85,85,-32,20,118,26.78,39,74,16.42,112,139,-22.99,27.82,86,69
59.83,-41,-7,-40,-11.25,68,56,-11,17.85,106,-25,-12,-23.33,2,14.6,77,68.79,146,4.08,52,-5.41,-8,37.44,26.84,27,-6,106,50.15,45.5,65.82,13,44,7,113,70.72,40,55.65,-3.19,8,48.97
17,68.82,17,130,-18.51,-9.58,-1,-13,16.74,84,20.7,4.63,25,-7.76,45,53.75,35.4,39,43,141,-28,-6.54,91,127,15.18,58.71,59.34,143,18.33,122,51,-36,43,19.39,-8.01,74,58,85,6.44,89
60,56.52,-11.36,60.05,-14,42.3,120,-37,-4.92,-30,42.71,33.11,-18.38,6.15,45.87,148,34.26,92,38.76,41.41,147,39.72,133,33,30.75,-28,-21.5,56.47,85,20.71,-33,-7,45.83,21,-31,-10,41,-3.47,55,82
26,59.25,-23.25,-11.09,70.37,-9.1,54.57,44.11,79,14,22,90,14.67,24,74.89,56.86,99,41.9,-15.51,51.26,-41,1.36,55.4,10.93,134,69.69,-16,22.41,136,144,-47,11.34,-5.25,34,108,46.49,63,61.35,49,-2
139,95,122,31,47.72,122,-38,47,-20.76,-23,-50,-37,15,30.3,-39,54,106,-3.02,40,106,2,145,6.07,8.78,77,22.51,7,51.15,34,46.07,-38,-1,-35,106,29.57,38,-16.42,-10.79,6.81,33.03
72,-41,0,66.51,66.27,53.14,143,-24.08,123,1,63,40,93,-7,-2.2,87,76,-6.11,0.47,128,-13.71,38.06,94,108,17.13,51,64.05,29.75,21.37,115,14.76,-27,117,48,35.38,-26,62.77,13,125,35
47.19,-22,107,56,20.08,124,71,45,-22.94,-6.59,98,140,58.82,6,137,20,20.24,-8.06,66.63,-13.83,29.19,70,46.29,-24.92,-17,26,0,91,67,25.14,-1.72,6.53,126,70.44,74.31,68.36,1.61,65.58,130,70
72,52.91,36.32,34,27.94,42.32,42,5,10,69.99,-24,-26,46.92,25.98,74.28,-9.38,-36,11,-3.42,143,58,18.57,65.03,-23.17,86,57.17,78,41.15,67,62.96,-37,50.3,28.47,-18.42,10,-16.15,81,-23.82,102,146
74.22,48,79,-20.67,115,-7,12.37,-45,142,-1.16,5,65.21,45,40.57,74.73,-38,149,-12,-9,133,6,21,75,-2,85,18,56.79,17.2,46.23,52,65.12,-5.07,32.49,-1.98,116,43.05,6.95,58,43.79,70.71
29,54,24,61.37,91,19.61,31.1,54.28,115,-34,58,-14,23,79,30,131,89,54,99,107,-4,59.76,-9,51,47,99,137,81,68,56.83,85,2.14,25,38,122,-28,73,68,5,-30
-24,55.45,26.84,112,117,9.39,47,-2,126,-12,35.3,51.76,-22.99,-3,55,47.33,69.03,-1,21,127,-32,4.36,-6.14,62.17,98,37.66,-9.08,11,123,46,33,-7.28,56,93,71.14,55.81,-0.82,96,-38,65.67
-20.68,68.27,63.31,113,12.35,118,133,128,-40,126,67,-4.54,27,23.08,-42,11,145,10.13,64,109,-5.33,81,145,-17,108,15.39,37.69,-17.14,85,-27,-40,14.54,44.37,6,12.23,35.07,92,17,144,7.33
114,14.83,-1,35.25,143,87,-22,110,48,62.13,132,-17.35,95,64,47.35,8.21,149,141,8.55,-19.85,-20.13,12,-11.14,38.4,70,4.07,-31,0.22,6.54,15,140,-20.6,121,-11,-2,-4.78,43.11,69,99,-21.03
57.51,43.31,-8,149,35.75,-18,60.69,-42,7,-23,59.14,65.57,55.74,37.92,112,-12.8,-6.24,-21,44.54,42.48,-36,63.34,22,74.96,97,-32,16.44,-24.97,2.61,-48,68,15.44,37.56,-33,-10.15,-12.42,60.55,97,17,89
53.66,31.63,86,-16.08,-10.9,145,133,19,10.51,-8.98,5.66,-4.85,7.03,10,73.25,50,149,-3.39,53.46,41.72,72.54,88,-17,21.94,74.67,65,73.55,-5,-11.86,-35,45.56,-18.14,-19.18,6.38,18,53.26,11,47.97,68,47
143,111,-18,-11.3,66.68,69.05,44.49,66.27,-3,-0.49,82,18.99,87,13.4,66.27,34,14,70,-50,-24,72.17,-17.05,28,36.2,149,-30,117,22.54,0,6,-17,-21.73,-29,-43,30.04,82,6.55,45.48,46.34,72.04
101,31,21.61,3,-1.47,53,-28,-3,73,3,-16,62.84,-36,-40,77,78,-3.57,36,57.85,12.51,15.65,111,69.7,66,86,113,66.87,146,44,60,67,-1.54,127,-17.64,71.37,-45,131,62.35,33,18
38.16,73.83,29,-8.83,13,116,-27,46,27.62,27,-48,140,-16.95,20.98,60.28,-37,20,-46,72,28,124,51.95,76,61.04,-34,130,-43,47,1.51,40,55,-13.98,144,12,-50,5,-3,-17.55,-29,100
71.96,19,-8,121,11,30.21,0.99,64,39,17,15,54.13,9,101,50.01,53.5,-27,-23.46,-18.56,10,62.9,115,-10.61,-2.38,58,63.63,24,27,149,58.41,70.84,23.53,119,65.79,53,1.22,18.43,68,-10.52,-22.94
82,102,11.6,119,-20.7,67,-6,1,20.61,38.82,0,138,-50,59.83,98,101,55,34.3,67,-14.96,133,44.15,127,142,34,122,25,-18,-19.73,146,50.54,-48,-44,101,108,-38,-9.38,139,80,65.73
66,12,139,14,84,144,43,58.51,53,21.09,122,-3.02,38,5,12,-49,23,68.94,50.04,99,87,-16.96,71.1,-2,148,11,59,55,-10.93,9.12,-3,61.15,11.84,1.18,45,101,50.82,57,70.87,142
-37,53.43,45,22.49,137,73.93,-49,-37,45,33,70.92,-25,7.52,34,101,146,-33,123,36.41,98,-49,94,73,-1.38,-9,16,143,36,64.38,29.04,-23.77,64.25,12.22,-17.37,-8,42.38,-46,31,13.7,118
70,-22.35,90,139,36.25,88,104,74.93,1.91,115,50,100,-30,104,128,42.2,141,-7.83,45.94,39,114,-1.31,43.78,-25,133,-4,10.63,73,24,42.24,6.21,59,-19,89,32.12,-23,70,85,5,4.09
53,30,-12.01,68.87,17.97,47,94,79,57,73,70,77,54,111,37,1.6,-20,-11,-28,-7,12.78,116,118,-13.09,7.6,-20,147,143,132,-33,32,60,-3,-11.4,148,-10.5,59.19,-39,-6.56,14.36
2,64,2,79,115,26.54,72,-49,42.71,28.9,134,7,13.73,120,2,66.7,93,64,-16.49,-10.86,17,55.79,35.46,-3,49,131,101,127,52,148,-25,47,-29,20,28,124,107,-20,149,20.41
105,69.73,-49,76,24,103,1,21,68,-8,26.28,-2,42,122,-22,89,16.85,54,-8.32,45,132,32,41.52,-6.75,-21.44,40,-8,139,57,112,-5,4.84,95,140,-21.07,73.9,-24.68,37.05,149,72
-36,10,99,-21,-48,71,-7.1,-33,1.01,25.72,-6.98,41.75,133,123,84,49,33.25,-12,10.29,92,9.38,66.68,-11.29,25.99,148,85,88,-41,-41,149,96,-23,-15.17,-43,42,34.1,39,74.92,47.49,-44
137,-29,95,-9.5,99,61,54.32,-7.57,70.23,69.82,42,59.53,-35,49,97,-15,70,58.08,78,-36,-29,15,-30,26.3,63,98,-49,-47,87,67.32,-20,10.54,9.9,45.79,-13.08,12,-40,-13.2,0,43.75
38.07,69.94,23.03,133,51,140,-34,68,-15,119,-21.14,31.02,-42,41.8,116,136,120,0,134,-7.15,-47,6.24,28.14,16,-11.53,120,149,44,5.96,9,3.99,38,36,82,108,72.27,41,69.45,6.28,119
25.32,82,-29,68,28,31,33,18.4,6.37,75,-26,121,-0.75,60.33,46.54,-38,-5,41,-6.99,-46,70.89,62.26,-50,-8,-40,-2.46,105,-37,134,115,41,61.5,105,22.89,35.62,65,31,-34,76,16.23
54,-8.18,114,116,14.39,34.31,-46,43,138,-33,-22.61,14,-24.79,110,36.92,-8,68,-2.08,83,69,77,-7.01,79,-10,21,126,71,26,36,9,10,-24,97,14.59,13,37,-1,74.01,27,64.09
0,74.95,9,20,148,92,32.79,70.88,86,47.61,32,6.89,-11.23,10,81,-23.35,24,-1,23.4,33.7,64,66.86,-20,12,52.19,33,-47,8.57,4,31.92,-10,-20,91,108,50.13,97,14,115,-39,56.86
79,17.08,91,35.91,72.26,70.53,-22.64,73.21,111,-46,4,46,22.3,-5,41,-41,-20,58,27.8,6.61,48,31,60.77,43.32,138,-24.93,111,72,116,5,-46,54,-19,40.23,119,12,53.08,-14.8,139,29
56.52,64.71,40,72,117,61,100,65.1,70,9.95,129,59.11,67.08,59.43,46.98,55.02,80,-5.34,8.59,13.96,138,90,57.18,84,109,-6,42,-44,43,2,35.72,2.11,-21.47,7.19,51,17,17.84,96,30.4,138
7,-1,70,141,4,8.75,-36,-2.31,25.59,-37,-15,39,0.34,-32,-37,46,28,-25,82,147,48.01,-7.06,67,-27,7,14,-35,-3,88,1,15,74.36,-6.76,29,52.59,116,101,23.43,-9.93,21
2,19.87,137,15,65.61,29.26,111,130,-5,-2.92,39.35,-1.89,43.16,70.22,119,-34,126,72,41,-9.42,-45,62.19,44,4,62,118,-6.75,-16.92,-49,-13,63.84,-7,37,-5.65,64,86,70,-34,70.1,-17.77
-7,-36,128,-8,11.67,-16.11,-32,-25,66.71,11.58,50,-16,25,148,-4,29,-22,23,-16,51,121,53,24.45,74.52,29,-20.16,-19,-23,32.13,-42,-20.76,68,-19,-41,34.52,10.02,4,46,-2.77,-6.88
30.89,-16.7,107,79,3.46,127,-24.81,82,-36,93,51,29.43,-3.62,-13.52,28,9.45,55.15,106,44.99,103,51.3,66,60.21,9,127,34.84,35,39.58,128,143,32.1,48.09,36.12,68,74,57.78,33,68,138,73.38
-30,33,134,-11.91,74.31,0,57,144,80,0,100,149,34.23,-17.47,134,146,105,16,24.18,12,4.65,106,138,90,78,40,71,-18,4,40.85,21,45,85,12.36,65,2.77,61.75,-44,144,83
4,139,-4,37,55.7,58.46,39,-18,-20.29,69.13,84,-41,124,-50,84,108,32,37.28,7.75,-6.36,-16,45.7,-37,46,33,64.7,140,-6.75,82,91,84,-23.39,125,9.16,72,66,73.76,130,42.82,85
72.06,17.29,47,68.61,-22.08,-42,27,144,62,55,65.02,2.14,118,132,56.49,56.93,-20.21,56,29.61,70.16,26,82,64.97,57.58,95,74.31,102,71.64,-32,19,71.46,88,135,13,-50,6.68,21.08,127,54.91,72
10,-11,69.44,37.45,47,71.92,-2.87,-5.24,140,50,19,-49,55.54,-41,48.14,73.05,51.39,53.54,11,10.5,11,32.93,8,-30,-0.94,46.06,-18.96,128,15.99,101,28.34,51.66,23,-24,9,-44,38.58,39,-9.65,1.49
43.72,35,15.63,122,33,107,46.02,11.95,50.48,21,25.22,48,66,99,38.74,-15,30,21.32,135,52,99,-12.12,36,-18,110,33.47,-6.81,4,73.36,123,14,70.52,7,-10.58,105,22.13,96,4.14,53,148
74.74,115,34.23,-22.47,15.97,27,21.35,0.52,41.47,41,-19.89,-5.09,2,-2.47,27,98,101,-11.6,53.94,-17.44,18.82,59,15.67,64,88,22.3,5.1,9,113,98,3.16,70.6,27.2,17.78,17.78,63,43.27,31.5,55,43.48
21.07,33.11,-6,49.84,-23.14,-49,67.83,43,91,28,-10.33,142,43.3,70,48.52,83,35.4,-24.9,116,49.03,119,6.04,5,132,93,31.87,3.62,-5.48,8.49,29.05,-14.62,-24.16,-46,-42,-8.38,-13.51,-36,8.64,23,78
-47,12.84,15,67,131,89,92,55.63,-46,115,-17,55,104,1.77,-39,53.44,59,53.02,-10,91,-19.78,21.42,-20.23,90,-7.76,-18,-3,86,7.3,-32,123,-22,8.25,77,-6.16,-49,145,14,27.37,-23
38.08,-19,-7.6,-32,58,31,18.43,117,105,32.14,37,-46,44.47,-4.01,-9,32.54,33,29,48,-24,82,120,120,4,-12,35.2,45.84,78,46,2,55.69,73.51,32,-11.46,40.87,25.53,60,-23,-22.59,104
-43,18.38,114,21,57.09,69,20,31.12,35.15,73.82,-37,23,134,-11.09,12,22.88,79,86,2.52,35,127,-6.8,20.13,33,0.76,-6,116,131,113,91,6,1.66,-42,45.73,73,14.74,-50,5.44,133,-26
25,9.15,50,-17.58,-21.11,-14,62,-4,-13,95,41,-37,37,144,30,50.61,-3.08,-26,8.35,88,-15.63,44.18,-46,63,-16,135,-1.49,-31,35,-4.24,-38,131,21,-9,148,7,143,16.93,-13,92
-34,49.25,125,66,137,27.87,79,31.24,59.48,1.94,44.39,-16.26,-0.26,-8.4,82,7.88,106,7,0,144,67.11,60,-8.84,42,-17.9,144,31.46,76,144,1,89,31.01,1.33,-50,120,3.75,32,101,67.4,17.56
21.05,28,8.74,65.3,-10,-7.37,15,58,144,60.61,137,64,119,84,61.28,62.85,61,57.44,-44,68,58.04,50.64,8.48,63.44,124,3.38,-1.52,24.3,-48,84,24.45,46,128,49,125,41,59,18.95,-18.62,52
60,-31,106,8,58.52,43.35,69,26.19,1,44,45.62,129,63.31,106,71.55,74.53,40.66,-6.76,67.78,8.54,65,35,80,71.09,90,57,-20.43,-47,23.97,120,122,-18.82,37.29,52,17.66,34.7,27,-4.42,140,23.36
-50,-4,66.45,71.48,16.29,26.52,-6.7,35.93,-12.98,-46,27.79,-16.15,-17,22.56,45,47.37,55.05,69,50,51.31,52.38,131,148,119,30,65.54,113,53.63,66.59,43.57,27.82,108,107,-5.71,65.26,37.53,136,-8.55,66.59,-5.56
9.19,-22,116,26,31,11,-40,127,112,24.57,50.23,8.9,18.84,45,42,42,64.89,136,94,111,-13.5,64.33,-1,66.78,41.2,146,96,46,17.08,90,13.23,-36,36.28,-8.16,-16,40.19,53,54,7.41,-12.65
118,-38,-35,67,140,9,3,72.13,21,30,0.82,48,-14.07,23.57,44,105,119,24.59,73,24.45,-3.06,95,64.46,53.11,-14.47,70,-30,-8,12.18,66,25.09,104,76,99,-17,20.33,-48,-16,38.17,102
76,57.09,74.88,-22,-13.83,41,131,15.07,69.19,90,98,2,11.46,29,-4,70.59,101,52.02,65.34,-14,29.15,15.98,15.93,14.59,-4.97,103,34.82,104,27.22,65.46,101,95,13,0.67,22,-18.35,126,-21.81,64.38,99
73.27,140,93,-2.33,48.76,-2,129,142,30.2,-34,32.55,-33,12,104,-3.44,4.43,132,35,-21.86,89,33.27,100,20,84,31.06,-18.21,4,74,141,35,138,-41,-4,8,113,5.97,-13.05,88,36,-12
38,9.41,126,-26,21.41,57.87,40,84,-18.58,83,86,36.18,26.93,82,62,96,-16.37,59.04,138,70.18,-15,94,-15,16,25.61,91,-14,-16.31,118,65,33.64,89,6.18,108,56,37,59,54,-24.86,68.19
65.34,-18,142,19,30.94,132,-0.56,16,120,48.61,-18.32,70.44,-2.95,26.32,37.94,138,3.94,42,-8.04,-43,117,-47,22.89,-19.28,20.02,31.03,-8.44,127,1,109,29,-37,5,14,101,14,-28,18.61,9.26,28.82
-43,111,59,-2,146,39.44,132,52.72,15,-23.35,26,47,70.9,109,-32,-11,99,7,19.87,59,49.79,88,77,46.82,101,-13,132,66,-19.67,66,-16,20,38,-22.42,-14,73.6,43.82,71.79,62.76,0.42
59.63,40.36,4.92,134,-29,71.33,118,-47,-38,27,-31,-27,120,49,38.27,-17,48.13,-14,133,30,26,27,86,37.65,69,-44,-23.11,41.49,-22,24.99,71.91,18.92,-47,-4,106,87,-37,47.29,27.76,44.71
92,-6,-12.58,16,0,-5.6,-20.31,-17.54,70.19,26.71,113,15,61.83,4,-4.4,138,120,56,147,-50,113,78,8.55,32.86,13.97,-49,49.11,11,90,58,26.4,50.62,4.47,11.37,45.09,98,-44,-11,136,-21.41
8.41,-34,69,54.15,33.15,17.95,64.94,24.17,-9,53,-14.69,64,23.17,0,31.45,-46,19,46.99,125,35,13.11,15.71,-20.54,21.08,2.69,55.66,129,-39,-29,105,-8.26,23,34,42.25,61.45,140,44,89,89,99
-2,-46,-22.81,49.94,123,-37,28,3,8.68,30.66,2.24,-40,49.36,41,-8,80,117,-27,-48,62.02,67.76,-15.32,-38,3.58,-19.41,-5.31,40.31,15.76,65.05,124,54,-37,46.4,-3.85,134,-48,41.21,-12,-47,53.13
114,-29,-1.99,39.37,29.27,11,6.48,-23,-0.75,35.56,51.24,-39,29.35,-28,109,43,58.81,129,111,-31,-5.89,69,-2,93,114,103,62,133,-16,-8,39.51,27,18.22,129,63.91,10.76,-39,23,2,-12
7.07,0,11.04,2,3.13,44.31,-45,104,51.96,44.34,11.4,40.32,38.55,31.88,82,46.63,71,45,18,13,83,-37,-30,4.71,-24.47,96,-21,15,-18,138,59.44,109,139,42,138,106,63.17,42.91,49,-8.94
62.27,37,-23.92,52,71,49,65.91,-1.66,142,-4.57,-11,60.33,102,26.14,93,29.21,42,-45,20,58,88,14.09,48.84,38,7,18.26,8.5,-13,38.71,133,76,9.2,61.1,123,27.46,-18.27,28.63,46.58,2.64,54.95
24.99,71.83,35.85,41.94,79,77,17.09,26.36,-48,26,-0.55,-6.79,92,65,133,70.85,-8.44,63,89,-10.25,62,146,7,-41,94,106,47.66,47,10.81,4,131,19.68,26,-7,90,95,113,53.08,25,38.87
44.63,3.82,78,41.69,128,10,13,125,-7.8,67.24,69,45.53,26.95,-4,-11.71,-20,88,46,16,1,37,142,25,-15.71,57,146,37.21,29,-20,1,45,91,93,139,-30,27.35,9.13,133,68,7
2.44,101,21.98,-27,-12.1,0.14,145,74,-22.67,-13.27,66.17,-0.56,105,-15.47,44,2,-7.73,22.27,67.08,17,-12.49,131,-8.64,32.64,-18.72,-20.59,50,-16.04,148,-14,81,74,0.24,79,-23.27,115,-28,39.32,-20,138
13,77,-6.96,12,-25,149,-36,8,52.14,37,7,130,100,-35,14,71,74.71,141,54,17.45,43.96,68,-16,123,138,69.81,19.78,39.52,63.32,79,-2.24,30,115,46,30.61,55.21,9.93,-23.37,43,135
130,63.86,59.14,-13.12,138,64.25,44,21.39,-38,128,59,73.08,-7.27,22.99,55.98,135,16.75,-48,70.36,62.34,-6.73,5.39,41.66,11.62,26.4,58.99,-50,14,2.75,32.1,35,49.72,63.55,-24,59.49,19.32,-30,-20,95,48.63
-19.55,50.41,127,-12,-7.78,36.12,-18.08,46.47,68,73,125,34.54,-19,63.37,4.59,33,6,-19.51,47,59.56,-29,40,50.72,64.47,145,26.46,-12.38,41.68,71,-22.77,24,71,-7.87,9,-21.48,-35,54,-42,6.24,71
67.3,-44,103,134,88,-34,67.22,128,39.23,-9.71,59.94,1,48,36.18,-16.64,15.25,-19,-17,-36,24,33,84,-50,46,1,49,-1,140,4.91,124,-28,28.05,30.46,36,74.72,5.1,93,62.64,50.03,-16
58.82,-36,-5,132,26.29,-13.47,11.87,112,51.67,-21,129,33.27,54.47,66.96,72,53,38,41.42,49,60,36,46.35,144,-20.37,0.27,46.35,-14.42,-16,-5,-32,69.46,-22,62,-43,-1.35,45,35,51.75,62,41.72
-24.05,5.57,47,-35,36.11,10,-26,45.18,60.27,147,57.41,-48,-15,52.77,106,143,29.18,74.73,-33,38,56.95,30.13,31,32,3.73,-10,-45,-20.86,25.68,-0.79,39,20,66.76,29,26.55,77,76,80,-49,31
27,-1.28,58.84,37.08,-39,65,-46,1,-33,5.04,38.74,75,-5,14.83,-33,-13.26,37,63.24,-25,-7,8.86,81,4.1,-4.91,47,-13,0,141,9.15,-16,112,-32,-21.1,102,76,55,36.17,71,139,-10.83
96,-17.84,16.68,-16.43,74.37,46.7,15.05,29,36.05,61,56,145,54,128,77,70.94,-50,-8.7,2,112,36.44,-25,114,-23.28,42,89,-2.2,45.69,62,-21.86,41,66,41.53,58,122,-41,0.93,13,17.54,67.66
-19.55,8,-17,-44,56,55,-3.32,-2,25,3,-4,10.9,-18.98,28.69,35,99,-10.82,29,16,66,137,62.07,64,3,15,35.72,24,138,105,-39,9.6,41,91,-34,110,101,20,131,7,58
140,140,-21.21,28.17,47,-30,19,51.98,31.86,62.39,49.76,-18,32.47,43,148,19.13,91,60.72,62.04,20,119,137,-20,80,47,37.17,81,9,55.49,12.12,53,20.49,113,13.16,52.07,105,54,15,115,144
-6,95,97,115,63.87,32.97,127,-24.35,48.56,104,56,-19,-45,99,14.57,11,7.44,-0.04,31,70,-24.31,-24,56.32,-15.06,81,148,35,23.7,70.37,-30,148,0.4,6.97,34,-18,82,95,65,75,2.5
39,24.86,38.14,52.9,25.11,22.92,19,45.65,57,139,69,42,17.97,66.15,47,31,28.92,72.98,-15,-46,48,-15.62,102,-8,-26,-27,18.25,120,48.69,52,-1,25.18,32,126,60,76,33,26,85,45
105,93,-13.39,68.91,41,66,71.43,137,53.16,64,28,-18.19,100,125,-45,41,28.79,1.76,44,94,-11.78,118,88,18,20,-14,-36,15.67,66.75,13,-16,58,-33,10.8,-8.79,20,122,65,45,10.51
7,129,27,56,24.89,31.78,38.15,140,114,-28,145,-2,52,51.28,139,64,19,110,20,-22.06,21.39,6,126,74,130,65,-8.83,76,31,44.25,46,18.28,147,-14.38,36.14,-19,28.11,107,44.3,-10.63
-15.15,4,-44,-16.09,86,67.53,56.12,-17,88,-2,109,132,16,32,68,53.38,-32,9,127,89,147,28,6.89,3.1,27.26,137,59.39,36.55,56,137,120,-9,53,9.6,28.08,-4,55,54,140,9.14
-5.17,-33,86,51,33,52,36,99,16.31,35,20.18,116,-31,73,73,55.73,47.35,88,-8.81,-34,123,22,49.01,106,-44,12,13,44,-44,18.19,25,-17.24,26.62,120,66.32,8,46.4,34,38.72,15.63
47,140,1.33,68,46,17.21,26.75,-21,26.57,1,16.27,61.38,129,-6.28,8,12.32,43,-23,41,56.57,45.45,26.52,67.33,46,-10,22,28,42.09,51.89,-1,23,31.48,63,-31,-1.14,-36,68,135,121,56.88
47.43,118,24,-47,8.53,32,143,104,95,7.1,82,-16.82,-1,42,123,-26,126,41.07,83,29.82,71,59,38,4,73.92,102,104,55.92,27.83,-19.3,62,-2,-26,6.95,30.79,38.51,71.2,80,-47,67.74
36.82,16.48,-33,-21.43,35.67,13.42,57.52,51.28,24,5.4,11.04,140,74,-25,15,14.03,33,49.25,83,96,72,-12.01,39.18,68.54,88,108,107,17,-17.64,49,119,31,81,89,140,18.24,85,43.39,139,122
3.18,1.38,86,-1.06,87,74.05,108,-23,55.25,8.71,-7.76,20.98,-19.64,88,100,-13.23,-2.85,55.89,146,103,16.57,50.53,24,67,13.82,21.73,37.47,0.94,-6.41,120,133,126,50.83,-9,88,-33,138,66,-24.98,42.17
138,30.16,50,1,121,118,45.01,71,10.17,31,88,1,59.26,8.72,86,-46,-16,37.18,27,61.79,-21,88,49.02,113,14.53,63,29,59.12,87,22,-32,72,0.45,135,-21.72,-12.38,15.35,103,5,53.59
87,-9,29.09,22.77,2.09,1,-21,10,1.6,79,16.41,34.96,67.17,138,-7.38,73.44,16.89,-14.4,41.55,50.86,-18,101,111,19.97,95,-24,51.94,134,23,111,109,72.03,-43,142,123,31.35,9,-0.51,27.3,56
-24.07,15.04,6.76,50.52,-38,59,48.77,92,9.9,17.76,-42,22.7,111,37.95,3.41,52.83,71.71,45,-19,32.44,-35,68,9,137,11.27,147,103,84,98,6,47.3,81,105,-30,100,8,46,54.62,67,2
116,32.37,27.66,38.76,50,125,-23.89,93,10,61.57,-12.29,-10,44.39,76,5.49,-14.64,89,77,21,-50,-35,60.29,26.98,74.6,-4,-18.3,73.59,67.99,96,32.11,55.76,96,120,1.05,17,4.27,50.34,46.72,62,121
82,28.29,69.14,112,-43,24.69,128,127,46.59,-34,63.51,63.28,61.54,38,-14,-49,10,11.13,47.52,25.69,34.91,35.65,73,26.89,20,28,-19.99,48,70.49,-2,62.91,64.63,69,51.27,80,63.47,-1,73,-11,-38
23.79,60.81,-16.74,20.43,16,34.6,18,52.19,-7.45,-18.43,-7.65,142,131,25.1,46,33.35,105,68.91,42.77,62.1,11.95,-3.3,-38,38,36,114,141,34.92,69.22,-12.09,120,6,30,67.24,24.45,51,-11,118,49.8,57.78
88,-22,95,132,29.94,18.72,119,66.44,84,56,139,-4.55,13,-4,126,78,31,19,2.26,66,-32,-24,14.08,51,62.13,147,53,55,9.15,-48,60.37,103,32,44.51,71.76,6,6,65.71,56,-6.97
-11,86,60.56,52,128,4.27,-14.79,-19,18,118,-4,100,44.28,113,48,138,6,33,-6.27,-5.86,-10,59.02,95,60,78,-21,9.97,-15.13,-24,12,53.98,131,112,-13,90,48.78,9.26,44,93,-1
106,35,53.17,15,70,48.99,69,14,25,120,2,-22.36,43.38,18.71,-43,33,-23.33,47.52,87,64,131,8.13,19.05,-6,108,146,30.68,-8.82,65,104,-13.41,64,56.11,70.29,-16.95,-31,30,35.83,62,33
59.73,36.28,29,67.71,26,25.92,41,71.31,-15,1,60,146,55.41,6.58,-34,53.8,108,86,-13,4.48,-37,118,38,-8,5,29,-7,68.09,51.2,44.09,4.52,27.23,48.36,39.46,8.79,16,-11,16,50.86,38.94
137,-6.36,-46,9.55,52.89,31,86,46.22,116,83,9.52,-14,33.26,21,111,-33,15,21,-5.78,39,-17.82,67.81,136,72.45,12,-24,2.42,73.61,123,-42,-29,-13.13,-32,10.34,10.32,14.81,128,-45,45,32.91
134,81,68.32,-17.7,35,144,108,-31,10.1,39.73,-11,72.9,109,79,108,3.94,60,59,133,63.44,-48,-12,60,2.81,0,-33,41.58,67,46,-28,101,32,89,39.02,110,104,10,83,104,-11
-8.65,6,39.31,-0.86,39,3,144,73,46,87,-12.23,17.07,7.59,51.48,44,26,108,51.96,-8.83,-35,53.79,20.22,-2.17,113,-0.13,125,12.5,138,38,31,-13.17,63.89,139,115,-33,63,75,80,57,45.84
45.55,19,43,-19,64.66,-21,30.29,9.87,32,-20,-38,35.24,-19,31,98,4,-5,37,124,-0.56,139,50.68,55,49.34,10,80,7.04,31,129,-19.28,-20.29,-6.02,45,30.54,35,-8.83,-24,55,1.28,-41
-17,2,-8,-49,-49,7,-14,63.97,10.54,-45,71,94,92,-6.73,22,117,33.24,45.87,0.17,96,17.81,50,-3,132,120,88,-50,23.53,64,114,63,71,111,28.14,64,-46,17,131,-39,118
24.88,37,99,25.61,51,53,-35,3,65,130,64,112,27,55.41,35,-20.4,40.83,22.05,67.7,93,80,30,11,88,126,118,46.52,25.23,30.8,79,125,-8,-12.98,143,34,121,121,1.16,140,63.94
29.56,-2.41,-15,137,11,131,65,4,22,12.93,100,146,-23,74,105,33,13.78,49.01,111,54,64.41,147,-12.24,22,2.78,70,56,126,65.95,146,108,57.8,125,14.73,-39,46.22,73,30.34,14.86,130
115,64.74,29,-6,-46,-27,-5.53,0.03,139,122,35,88,42.56,72,124,82,50,7.25,50.02,31,-6,100,64,47.13,80,72,-41,42.95,4,-3.05,107,38.28,13.47,-14,-1,108,19,27.29,70.94,66.36
29.08,25,132,115,-8,4,52.03,-30,0,-17,126,-11.47,139,9,31.82,6.86,68,124,22.11,14,3.67,113,0.5,49.9,95,11.74,-36,-33,-18,123,74,-22,45.18,32.16,30,71,138,79,21.88,-17.8
11,-37,-24.25,-3,-13,-31,88,112,33,13.34,67.41,19.7,33,45.87,41,72,-22,73,44,126,113,46,-11,-39,18.02,-48,43.16,61.62,41.39,-28,37.45,0.02,118,89,4.93,37,54.44,4,78,74
54.2,63,14,-9.52,58.61,5,-14,84,50.2,65.94,-17.92,-21.19,21,142,-22,51.72,142,-6.98,133,-23.76,-8.01,67,68.69,-41,30.33,-14.43,126,61.13,134,110,-3,108,51.07,69,-6,117,79,98,-44,21.22
-4.29,93,36.24,-50,38,18.47,-18,-48,1,52.61,11,6,12.31,-19.47,58.18,-30,60.19,17,-26,-38,15.18,-6.13,74,-22.97,130,-38,125,-45,119,103,6.61,-18,-12.49,41.11,104,19,-20.71,59,40.78,-47
35.27,-32,-12.1,0.63,19.58,-12.49,1.77,85,-31,87,110,104,-46,39.77,139,-2.61,0,14.9,-1.46,41,46.83,7,100,17,117,1,-8.14,2.08,-39,-23,61.77,141,-21.99,142,-2.53,7.11,32.05,-39,-17.84,100
147,54.72,-14.44,59.32,16,41,69.33,-28,24.98,114,11.08,43.52,146,-8.66,-38,26,-4.6,74,44.78,19,-38,3.46,43.27,-12,37.73,-21.95,-19.15,19.48,58,60,85,17,-1,66.7,59.34,62,119,96,-11,71.93
65.99,14,-39,4.43,-1,118,57.57,76,25.99,69.12,23,42,58,145,40.11,13.28,-9.04,36.51,55.69,20,-14.58,30.55,67,93,47,14,-3,23.79,15,-19.03,-39,-23,77,6.75,59.02,30.64,-36,56,34,63.15
114,-7.81,47,23.78,71.3,80,73.2,35.68,-4.62,141,-9,-10,98,111,91,83,29.38,134,137,45.54,80,42,68,45,-45,52.5,29,32.6,-10,35,56,45.46,24,28,41,0.53,64,10.95,125,-40
-48,83,79,27,18,47,37.18,62,-29,74,29,83,-17,47.27,-26,41,57.86,-37,11,89,97,126,20.72,-9.65,43,32,-14,93,-4,7,23.87,30,124,5,21.6,61.52,40.72,16.53,29.66,63.58
44,-25,58.04,40.65,33,-19.08,-4.97,38.9,77,99,138,28.58,-9,48,-30,18,60,-43,-15,60.04,73.79,-8,11.84,14,13.29,-17.55,88,44,-3.74,47,6,58.21,124,-19,18.83,78,-12,34.61,42.87,68.66
51.21,81,-20,-5,62.69,73.81,-23.67,65,48.71,45.76,73.85,-22.39,40,-39,-32,26.91,60,60.07,73.42,-13.48,-42,53.98,48,0.06,25.54,-10,117,9,-24.62,-50,-15,16.09,91,115,-16.76,-2,1,-18,41,-7.31
10.79,126,30.63,58.66,117,59.55,-7,8,34.21,24.2,56.72,-0.45,13.2,-18.81,69.53,-16,38,146,-30,24,19.18,-23,-17.54,26,-2.95,72.25,49.26,42,-33,121,62.12,87,-40,104,-17,30,-24,148,-15.61,104
-7.73,62,-5,-12,0.21,41,36.78,92,-2.76,-24.56,48,124,42,123,37.68,104,103,-0.43,16.55,107,69,-16,94,15.35,87,-19.27,-39,109,-20.28,103,133,24.46,64.34,-32,20.83,10.04,40.34,9,9.16,-34
60,49,24.49,-45,19,43,-3.04,69,127,-49,127,93,-10.2,43,77,-12.11,22.92,29.99,84,22.24,67,107,-36,48.6,97,9.56,73,41.58,65.39,39.74,0.71,135,144,126,43.45,111,87,31.8,-34,20
128,-33,50,-39,19,23.78,72,15,26.46,48.75,42,149,-8.55,98,42,29,63,15,4.49,29.9,30,54,26.33,37.08,13.18,24.84,114,-4,-20,147,36.06,42.39,14,-17.4,2.09,29.69,60,-9,23,52
2,104,64.69,32.48,60,47.24,41.79,20.55,113,-5.09,-1,77,43.04,103,47,40,-48,39,-5,149,48.45,-15,126,3.72,99,14.8,62,-37,45,-23,49.28,145,-22,28,-4.11,45.11,113,95,-15.57,133
68,-3.59,26.77,66.72,95,123,-42,38,-19.99,56,111,2,5.72,16.53,2.66,35.27,23,42,22.99,105,48,94,9.26,55.63,140,-21.71,-16.91,55,-13.11,73.78,18.36,10.64,-14,38.43,-48,88,-7,24.49,28,3
1.98,35,-16.13,34.14,66,63.5,37,87,147,97,-8,-25,7.77,40,127,17.24,103,-22.8,67.8,24,41,10,-1.62,-44,59.76,59.64,-36,12,97,120,42,116,-42,-14,-4,-35,7,52,-13.12,106
101,-7.74,-16,67,81,15.76,35,51.83,6,62,100,23,98,13.47,-4.9,149,-12,-24.71,41,38.69,25,-11,-35,36.94,90,27.44,23,36,49.22,25.27,-2,111,15,34.53,67.58,55.11,-21,48.71,3.87,10.06
3,76,130,-8,7.43,4,80,-4,17.64,9.18,24,47.95,-42,-25,23.83,51.64,55.98,-22.36,98,117,-17.03,31,30.43,71,48,-4,65,113,41,-6.33,125,65.98,-2.05,-21,36.81,17,59.19,-10,6.52,90
98,34.31,134,-21,137,1.64,19.31,45.36,-25,65.53,53,37.22,47,0.91,147,32.1,7.45,146,55,1,-23,38.55,103,19,40.95,-37,-0.25,11,86,38.25,53,-4,-35,-26,-23.38,10,133,6,89,-12
110,47,18.79,14,70,88,61.31,111,-18.55,138,100,-6,66.29,34,47.9,144,49,15.05,-46,28.83,-37,48,29.35,3,84,14,-5.64,31.25,59,47.65,76,119,78,52.78,112,56.81,-14,145,121,60
34.96,25,135,0.69,131,42.09,133,143,70,-10.62,2.21,52.29,-40,77,-47,27.14,5.06,90,85,78,43.12,19,1.4,17,56,15,77,23.14,36.13,39.58,-1,103,-15,28,-46,116,51,8.42,-20.26,1.89
-15.73,2.27,72.86,-8.56,73,26,35,44.32,-16.42,-50,13.04,40,-43,-12.52,32.31,71.56,8,2,86,32.51,104,63.82,4,-19,72.01,-9.05,68.83,-11,-28,25,-23,-20.37,108,3,-45,3.1,20,1.52,33.84,-10.91
-49,84,148,127,18,-32,41.09,59.91,62.41,28,60.14,141,96,51.55,17,29.63,55.84,8,71,92,-12.05,142,-32,143,61.48,10,49,57,48,-15,137,149,-40,103,26.77,36.26,80,27.73,138,-5.34
56.81,50,9.55,97,43,-34,-46,60,-5,51.77,50.22,7.1,73,72,121,-17.41,62.95,6.06,0,34,83,147,25.05,-16.33,123,73.09,-33,149,61.1,-11.46,-9,118,-14.17,10,62,-13.87,73.3,-3.71,-30,13
53,69,41.61,55,25.31,19,60,-4.72,-24.72,137,6,129,26.65,-20.56,-19.96,-2.55,36,30,49,2,74.95,102,-16.41,-18.01,-10,-1.19,-14.31,44,54.93,137,117,24,68.05,-2,28,-1,140,138,46,35.16
38.5,-4,148,-8,90,52.63,-42,8,-23,16,-7,139,67.05,42,-3,22.44,-25,-10,141,3.24,-2,18,34.91,-4.74,82,23.44,85,123,-31,145,67.44,77,-37,6,18,109,13.1,51,-10,42.16
3.21,-26,-3.3,-5.14,8.26,9.67,107,-20,20.4,-19,52.49,113,-3,48.46,-14,68.59,139,-33,-13,17.11,116,59,-13.95,9.08,4.65,100,134,118,65,118,11.97,12.36,-21.3,42.33,20.16,11.27,16.79,66,-14,-44
-15,11,16,113,105,-21.76,40,5,135,32,-23.21,-23.17,-23.42,-2,37.9,25,6.74,7.84,142,-17.04,29,61,59,-7,-1.47,-36,79,-8,35,35.42,65,-19.83,26.31,13.65,138,5.48,95,51.21,119,91
-45,-7,39.63,-9.5,77,-18,74.32,-14,52.43,-4.83,-23.02,13.03,-5.57,52,110,110,9,105,11,-23.76,133,20.7,104,68,24,62.09,109,119,81,139,-0.5,117,26,-22,-45,72.98,29,5,86,46
7,82,36.53,-13,35,-24.67,77,-18,34,-5.97,78,47.3,55,47.18,19,91,28.24,11.4,29,41,68,20,48,33,-4.24,-26,56,139,19.14,50,69,8,-49,123,15,45.72,105,44,2,6
-1.88,69.01,100,16.8,63,59.72,-3.18,99,85,7,97,144,67,130,-37,68,-36,27.89,37,-7,23.89,93,2.83,42.87,77,-9.45,142,15,-16,49.4,86,99,-16.79,45,14,29,31.97,49,-24,-48
-15,52,-47,37.55,44,-12,77,105,145,60,21,45.49,6.41,26,86,-15,117,11,1.78,50,-12.99,10.16,90,5,67.14,46,56.06,77,-15.23,40,33.1,-25,65.92,49,138,117,-6,134,8.42,85
127,1.86,43.03,80,57.13,57,97,-12.53,35.3,13.56,-15.38,116,-15.53,72,9.65,-42,5,136,15,58.12,66,-24.26,68.49,125,51,110,75,115,29.85,40.44,-41,-4,2.37,-47,-23.76,25,-17,2.89,99,51.87
53.37,-38,-11,-10,46,74.56,68.6,106,16,148,36.77,149,49.35,38.25,5.09,-5.52,13.44,63.55,7,141,52.73,86,-13,82,-18.92,46.74,139,-1,-14.79,14.78,49,30,-1.74,-11,67.2,22.83,-18.34,-3.63,135,73.44
72,51,3.03,22.76,141,-3.76,57.06,71.76,39.04,33,66.31,23.8,148,-1.94,126,109,23,22.86,52.09,63.37,146,16,18.04,37.27,52.16,-6.87,12.15,-31,32.21,121,41,46.28,30,2.41,141,75,58,37.75,103,32.61
105,61.87,28,8,132,114,-34,-14.32,-6.8,-17,11,62,-8,64.33,46.51,120,29.31,0.9,62.64,-18.96,60,11,23.01,-40,30,25.19,58.57,-11.98,105,135,69,-22,50,41,4.01,72.23,64,1.4,43,72.61
57,-9.18,2.46,20.34,47,124,83,146,36,128,22,54.28,64,-6.39,30.22,42.26,78,94,-25,92,24,-18,102,-8.43,11.54,10.3,-32,92,103,-13.95,17,22.34,-45,12,65,44.67,52.32,58,2,-18.11
42,10,100,11.97,-17,-40,82,146,74.12,64,105,16,24,144,-1.24,67,-16.23,-0.66,15.14,11.53,-23.4,125,1.05,72,-10.65,55.5,69,48,53.72,135,88,-2.14,45.03,-1,3,6,-50,8.35,33.9,36.29
24.88,27,108,54.4,67.74,54,27,24.24,81,10.4,-21.58,-16.84,92,-38,23.49,47.78,148,-21.96,69,25.9,-19.28,5,-29,-6.08,-27,-18.85,38.58,25,25,8,-5,-5.41,133,-3.85,32.2,-10.9,16.81,26,17.01,-8
44,0.9,136,-42,19.47,39,77,15.28,74.73,100,89,38.26,9.85,3.43,-2.6,138,67.67,82,-15.88,105,61,10.68,-8.58,132,-11.57,5.38,60,49.28,85,123,110,-32,-16.92,33,-11.61,75,-42,149,8.03,38
-5,81,8,6.01,101,31.91,5.3,63,-16.39,136,33,71,82,72.87,58,-1.02,-27,23.55,110,72.56,62,60,33,13,61.91,59.3,2.92,40.78,-4.29,63,2,50.88,52.33,72.99,47.39,121,139,16,88,25
-31,39,-1.87,28,128,17.08,126,36,69.84,123,91,69.89,147,39,-6.46,52.61,-10.95,-19.02,40.38,8,6,55.46,86,52.1,36,58.33,-34,6,35.04,45,-15.62,44,144,107,-24.52,137,55.01,88,-12.82,31.38
109,66,56,58.04,-14.67,-4.54,-17.1,-19.49,85,-42,147,75,82,122,82,52.7,67.19,0.33,-42,4.32,37,140,103,120,-6,67,8.46,26.87,31,-0.04,26,-16.75,6.96,60.18,29.37,-38,87,137,77,-9
66,56.13,49.64,66.03,15.3,94,19.34,-50,128,10,16,-14,-16.48,27,36.34,26,92,106,-21,-9.11,31.34,40.23,-39,93,70.77,23.11,-1,84,33.75,7.18,20,2,-7.47,22,3.73,-4.65,131,2.24,27.84,79
87,91,-12,131,22,14,6.19,96,23.32,4.53,99,-32,-1.8,27,128,122,106,36,-29,8,65,70,51.15,126,2,52.37,-33,-26,45.57,13,-24,9.21,-0.46,8,73.33,-27,-37,81,28,16
-37,63,106,-3,63.41,71.23,105,145,-33,38.49,93,19.15,19.08,-20.19,58.76,68,-17,16,35.41,-9.67,45.2,56,86,20,61.72,147,68,58,67,-47,67,-6.2,-13,53,67,39,73,-15,-23,47
-34,-19,38.36,116,55.78,104,29,52.55,52.91,-8,4.47,147,79,7.32,68.5,5.03,57,-47,143,23.44,141,29.34,4,28.78,34.81,-16,111,75,112,78,62.79,133,-9,110,-38,-18.68,48.1,147,-44,125
-37,14,17.52,20.65,77,-46,86,74,-48,43.3,22.28,52.71,29.61,51.53,-3,2.48,41.48,12.05,-1,59.58,34,146,118,14.4,-8.09,77,-37,24,81,6.78,134,-11,64.39,114,58.31,11.71,141,50,28,10.32
53.37,4.16,94,-3.97,31.49,53,11.15,24.54,17,71,41.36,110,133,23.66,-23,46.24,136,-24,104,41,-43,-34,-3.8,-23,6.02,21,7.43,22,-42,121,125,55.4,7,33,94,28.78,-46,-12,80,11.21
58.61,-22,62.03,51.88,30.54,48.03,69,-9,148,47.3,25.11,60,9.58,131,33.67,18,77,119,-47,3.55,71,114,-30,0,27.64,40,-36,20.69,20,145,31.63,137,54.16,115,-42,11,21.18,133,-19.17,137
12.56,60,37.01,25,35.75,-19,73.3,9,119,44.55,10,-39,47.62,69.74,103,-1.62,17,-16,137,147,24,59,46.33,59,37.9,57,34.63,112,49,133,-32,20,-21.69,66.87,-36,6,-21.03,-24,44,-1
-14,61.24,6.99,56,55,-3,58,146,115,11.48,50,33.87,146,12.34,-47,-21.73,55.97,69.12,47.31,23.2,125,138,32.18,6.49,45,16,86,47.99,-37,-3,143,-28,67,13,29.88,21,-49,89,41,30
36.39,55,138,-46,-21.81,-44,56.28,8.2,124,-36,84,63,-9.45,-11.64,-35,-21.8,37.97,97,80,22.52,52,33.74,25,147,-11,17.96,17,147,-1,122,25.99,127,50,55,5,85,10,109,29.04,-46
15,45,-21.51,72.41,-19.03,78,-45,-23,-20.87,88,64.01,102,-11.2,-45,78,128,9.33,49,18,4.55,14.89,-6,60.01,-13.09,20.06,94,77,24.9,-13.1,32.46,15.49,120,55,4.91,10,10,131,68,39,51.25
18,90,84,0.17,28.11,-13,-21.04,139,1,-49,32,74.02,11,56.81,50,-40,-30,-8,7,58,99,149,105,137,34,66,-16,94,20.82,-6.09,97,99,-1.53,-6.49,30.51,67.81,62.83,79,-37,48.08
-6,53,19.35,125,72.93,41.17,52.01,107,63.64,14,37,1,39.48,68.73,-41,129,-5.96,10,68,19,40,38.07,-31,19,17.48,46,-18,17,9.33,110,-15.72,84,33,80,-33,30,62.71,-14,93,-4.56
17,88,-39,9.05,2,-14.14,145,-7.15,5.46,-22.41,60,-6.96,-32,125,64.51,-5.35,22,-4.86,116,62,80,35,124,17.01,8.27,-42,-8,5.74,-7.19,-21,139,131,20,39.36,56.63,149,27,16,33.23,-33
-12.79,-42,42,69.67,124,48.19,-11,32.92,11,80,-17.57,64.05,59.33,-42,11.07,31.88,78,112,26,-5.37,-18,44.84,-15,-6,-16,-28,129,-20.23,5.57,-9.61,36,10.07,-18.05,52.15,138,3,-17.23,-37,54.82,42
-21.95,-2,71.78,123,61.73,-19,52,71,12.28,19.18,74.67,73.28,38.41,51,67,12,69,-50,40.2,53.4,39.73,47,41.72,-11,68,64.53,70.01,23,-13,38.12,73.52,55.56,37,62,96,68,41,51,8,60.94
141,71,-45,-18.57,49.78,133,36,-2.43,104,11.54,53,-10.02,68,112,74.54,53.73,68.78,3.89,61,64,-36,4.28,-23,9.02,37.77,46.61,24,-20.63,147,-30,8,-7,-3,133,4,51.32,18.57,59.73,50,67
58,139,-17.5,103,50,-20,113,57.77,6.22,7.27,-42,6.2,114,2.69,-36,59.57,22,-11.78,27,71,-46,-33,-19,35.74,46.82,-40,24.36,42.44,98,46,97,11,-24.6,76,53,-13,-4.17,63,20,0
54.09,104,41.74,-19.36,-19.89,43.02,8.08,24.33,5,55,40,38,38.83,-29,61,11,-46,-32,17,-1,-14,79,37.05,86,13,-16,23.63,28,-28,-5,72,130,147,25.14,66,9,135,35.36,75,52.46
-24,121,14.59,-47,-23,105,39.34,120,40,39.31,97,63.66,76,-7.04,24.27,-22.98,-4.83,-9,41,39.81,50,35,70.36,-4,4.59,64,70.85,53,104,33,55.31,17,60,7.64,-15,88,27.07,10.23,27.95,58.47
-16,115,9,51,-18.98,29,105,-1,146,62,-15.72,-24.85,54.24,1.84,-5.6,-35,52,78,-5,-17,59.88,138,66.39,30,1.46,-41,23,38.65,11.02,46.86,-24.72,103,-50,115,79,-10.05,137,90,32,32
7.54,67.66,98,23,-23,-4,8.64,-8,27,-3.06,30.54,146,21.01,138,48,-49,96,28,40.23,54.69,117,104,62.44,68,17,72,-8,66,61.86,54,139,142,12.86,26,-48,-23,61.97,-3,73,13.84
-41,122,51,17,-26,136,33,144,-15,51.08,58.23,44.87,109,134,65.14,82,18.03,-15.92,20.1,34,13.64,33.38,23.64,114,136,-4,130,51,47.62,3.65,-15.45,-11.28,10.52,28.62,-19.18,125,147,141,65.1,67.95
-30,109,149,34.8,-26,12,-3.76,24.85,11.14,110,8.62,58.12,112,105,53,35.04,-49,-14.85,141,-4.66,-23,35.54,-5,83,44,12,79,63,51.96,71,20.48,-4.18,-31,-43,118,-42,95,78,41.2,-12
143,23,134,65,28.08,79,-16.12,27.53,-8.15,-7.15,126,-17,15.18,112,65.02,-6,4,69.23,138,38.15,34.74,33.49,49,-8.76,3.54,93,64,20.27,103,50,41,87,127,64,70,-2,-8.92,29.54,65,3.7
-36,50.83,73,10.23,32,19,-4,38,90,33.58,-21.42,62.74,129,2.39,-17,8.15,73,-4.13,-7,17,14,69,35.44,60,-50,46,-23.52,5.72,-28,-21.84,35,28.04,-11,117,132,-19.56,-22.35,-24.31,109,125
31.75,53.26,31,21.24,92,13,128,68,-6.13,-9,57,-36,-4,-17.51,35.91,25,106,128,50.47,-0.8,0.46,37,61,61,23,42,84,99,91,111,-7.7,5.05,4.22,-16,-24.71,-17.49,36.57,103,61,5.01
127,31.29,-14,-5.56,48,33,-20,-9.99,66.33,-3.74,-40,76,45.98,11.7,-25,-39,21.23,68,15,2,-37,16.98,39.45,49,18.3,129,15,20.72,62.05,4.22,144,31.35,36.21,120,32.85,101,144,-47,41,97
-20,-48,20.56,31,87,-39,68.15,29,56.07,52.2,109,-9.79,10.81,14.71,52,40.01,9.21,-5,4,17,-47,-19.81,-4.61,-17,-3.85,19.23,35.8,93,102,60.96,15,60,107,146,13,142,29.53,-13.92,38,-9
-4,35,3.8,-11,38,129,15,132,5,136,-25,108,148,33.52,122,-23,60.75,-33,103,25.08,-12.74,67.33,122,4.88,15,131,60.07,4.2,-40,136,7.38,23.85,-14,27,-15.91,124,17.77,73,56.6,-25
42,39,37,64.85,16,123,109,9.5,-9.19,138,-8.68,41,24.25,19.17,81,56,-6,117,-11.46,14,31.77,-20.76,64.98,63.87,88,71.04,44.75,-49,25,-48,144,-12.68,54,-18.36,50,147,-15.09,21,-19,53.68
-11,21.41,29.64,113,99,15,140,53,86,-14,-47,141,149,46,56.18,40.16,-10.68,53.4,144,85,123,5.82,90,111,53,43,115,88,58.36,-7.9,141,91,131,121,137,15.17,80,-9.11,-16.73,-10.46
76,34.57,134,68,-26,50.83,-24,96,-3.32,-12,-17,47,66.08,32,67.65,-14.57,-23.12,-39,-12.33,50,114,109,19.45,47.71,48,62,12,-45,13,53.27,69.27,-7.79,-15,33.89,45.56,24.04,-13,23,19.78,83
-34,57.83,126,126,-17,28.62,13.96,37.93,-8.56,31,8,54.95,136,7,39,92,4,25,80,67.16,19.51,-1.96,64,29.04,148,43,38.99,18.71,109,-4.15,21.84,-2,-36,40.68,21,11.95,-33,-26,57.23,55
36,-18,100,22.7,11,-12.17,36,16,42,55.51,115,73,34,122,110,3.81,61.45,46.1,118,140,12.02,145,43.92,-10.59,60,-7,74,66,52,82,-11,74.22,48.53,37,32,21,108,52.94,50,-13.72
-5.08,38.23,113,25.54,-14,17.18,59.12,26,0.53,-21,28.68,129,86,60,-21.69,41.85,-36,49,69,95,1,-9.55,34.19,24.71,77,48.55,16.8,134,74.56,41,4,35.09,69,51.56,80,118,7.95,-48,77,-46
-23.05,59,62,44,-22.08,-16.88,-31,52,10.16,59.59,120,60,71.83,17.19,88,-25,128,89,-8,101,-12.16,82,5,52,35,61,51.23,0,99,94,84,41.52,103,83,25.71,26,24,38,-32,39.29
74,61,146,-34,-4.24,0.25,-50,34,65.54,114,3.23,13.44,-25,98,59,-0.25,53,134,100,51.52,64.76,-22,110,11,66,32,61.83,74.5,66.73,-10,-3,-46,-1,15.34,68.47,-19,64,149,55,-45
30.52,26.08,13.89,44,2.17,5.39,-8.56,63,-2.29,25.85,-14.62,-16.55,58.18,26,61,120,-19,35,-1,94,58.59,61.51,30,108,29,23.56,58,54.63,29,-15.65,58.68,65.07,12.14,131,36.23,-12.05,69.55,-2.37,-36,73.13
62,29,92,110,-45,54.07,-38,15,-48,37,71.95,19.75,-12.72,-0.57,116,-24.18,-37,52.71,-34,-18,35.57,114,143,71,-30,76,-10,-13.21,-9.49,-0.9,1.42,30.71,37.58,54,36.64,65,16.98,29.04,40.66,84
36.52,-22.34,24.1,9.79,65.61,27,71,14.49,-47,90,12,122,-41,102,94,-10.41,33.94,-27,96,-12,122,19,32.08,20.95,41.43,-15,-2.74,-26,29,76,22,141,11,71.19,51.59,71.52,62.41,-46,51,-17.77
13,-1.08,6.94,17,-5.12,141,42.2,26,-7,133,44.53,42,56.89,72.97,-33,-20,17.62,97,79,37.57,9,-44,149,56.88,70,16,-37,63,74,133,-20,24,132,-12,0,9.84,12.66,-34,11.07,26
60,-37,114,45.92,56,54.79,126,48.26,146,0.01,39.59,-46,9.02,89,-23.7,130,27,114,-14.43,-27,139,82,-23.97,4.38,40.32,3.93,50,-42,-45,66,73.54,-2,35,46,-29,26,-10,-23,-8,-8
130,73.45,123,0.13,84,93,-5,-9,139,19.71,28.89,74.88,-35,-6.2,-1,32.15,67.81,-9.37,-12,16,90,22,42.87,19.23,63,20.46,-7,0,12,-50,131,54,43.3,39.34,72,59,-34,34,143,102
12.53,-13.79,57,37,41.7,95,-8,-26,27,35.99,-9.96,74,15,73.53,127,93,107,18.69,28.03,112,41,-16.43,50.65,-6,28,140,0,57,11,22.97,142,23.61,86,-49,66,29.24,-41,-12.31,56,-14.5
-15.45,54.14,101,4.52,55.17,16.83,60,28.63,12.86,74,-18,-15.87,-25,143,15,90,21.55,3,58.92,29,11.99,54.33,49.38,15,-16,68.35,70.58,49,63.41,21.34,55.51,-8,121,136,131,50.65,30.66,30,42.11,115
58,48.61,64,30.13,149,107,97,147,95,115,-9,137,14.86,-49,85,-30,6,135,26.12,79,39,128,9.22,21,65,47.58,-41,61,-45,59,54,71.41,-38,-26,88,42,-38,-21.91,-0.05,5.56
9.83,136,67,-41,68.36,2.18,76,53,74,-31,22.82,-11,-19,103,31.22,102,60.93,25.97,122,24.29,54,11,-8.65,30,8.73,11,-49,106,142,-22.82,-18.24,24.49,-19,26,57.45,28,19.16,9,-5,62.49
-17,57.37,70,20,-7,112,111,74.22,10,-24,38,73.48,-8.76,103,65,-16.43,52,-14.1,45.58,-35,-27,-8,-2,-14.78,97,101,-11,124,59,80,9,-19,88,7,-18,48.27,-2.03,123,114,130
69,1.04,25.48,128,31,-6.01,142,116,-25,-38,25.52,94,51,-18,122,97,146,66.01,8.35,3.68,-10.73,-17.8,74.86,68.84,10,125,130,77,84,58.21,79,72.91,19.75,-7.65,24.97,100,55.78,50,37,-7.69
-22.78,19,56.03,-6.27,70.81,48.35,-20.05,-29,-19,-8.4,106,21.24,70.02,12,66,-8.48,25,72,24,97,11,44,56.68,51,69,147,36.38,-22.02,140,22.3,64.9,132,5,-38,-35,4,129,6,-16.1,24
31.67,74,-18,-12,36.24,126,129,107,135,-15.62,-17,119,113,49.54,145,59.04,92,42,-28,18,54,6.85,44.57,-2,15.19,18.45,74.12,-6.49,77,3.03,57,37,26,145,0,99,74,86,89,41.38
79,-22.64,107,77,42.62,97,70,12.96,61.97,-15,31,111,94,64.01,93,58.53,117,72.71,-46,-23,49.87,-7,-44,70.22,15.63,116,8.67,39.66,14.1,105,-22,144,19,64,40.68,-47,71,47,-10.96,-42
4,20.2,69.3,-18,118,-46,50,11,46.78,-27,60.88,80,-27,-32,15,-49,-16,-41,1.57,-0.93,21.14,40.34,60.3,-21.85,47,-4,125,-41,-13.18,22.83,-1,-14.12,-21.82,84,50,50,42,114,7,0
-40,28.16,109,50,147,-1.5,49.36,130,28.9,70,73.85,42,68,-16,73,-3.46,122,59,-23.8,43.05,52,31.43,116,-38,38.33,49,33,22.26,117,88,-16,36.81,20,-29,39,53.03,123,58,-4,-32
105,-14.26,15.96,7,123,-30,69.94,139,51,-0.93,120,113,-4.09,112,15.64,-11,18.43,28.9,-3.29,85,52.12,0,40.7,59.14,125,62.65,15.13,48,-24,144,9.63,60,9,-1,26.49,13.78,32,17.31,-34,72.75
-17,42.89,10.17,72.33,2,-19.84,138,-22.3,135,66,52,54.7,55,31.12,106,80,27,29.96,38.2,-49,5,-40,37.66,-24,-9.3,34,-32,135,-19.54,58.28,70.3,105,-5.63,58.44,1.26,147,53.01,21.41,63.82,-24.06
34,-44,1,84,57.03,62.74,17.45,-27,70,-1,118,133,58.32,-45,68,34,136,-28,-5.71,-43,92,94,67,133,130,14,16.65,10,85,121,-50,68.66,70,75,88,89,3,8,99,55.97
76,53.38,16.33,21.58,57,16.26,146,144,-24,6.67,4.2,-23.29,100,-10.07,-19,76,37.2,118,54.98,142,-42,-1,48.35,40.81,-33,134,61.22,138,13,65,102,51.55,80,97,69,47,11.26,98,-7.29,0.71
-48,46.47,28,72,-1,5.5,-2,138,111,3.24,54,-1.33,97,29.09,112,98,68.14,-29,32.3,27.69,84,58.3,20.01,35,67.68,49,23.32,-14.15,30,-36,19,5,29.84,-5.95,-12.76,-12,110,75,-33,63.85
57.42,63,148,45.5,13.88,34,70,37.52,95,57,-42,16,121,43,51.19,-24,145,-38,52.07,68.15,131,-50,33.39,3,67.13,110,-23.06,-2,-18,72.35,12,-0.07,74,-40,-30,-22,71.63,-4,110,104
32.87,-17,118,-44,45,26,-24,-11.75,90,28.52,14.57,-21.46,25,69.64,-24,131,130,72.03,-17.93,50,96,14.66,-39,4.03,12,53,73,58.11,19.34,112,52,74,122,65,27,-5,68.68,46,60.99,147
-2.48,35.68,94,59,-30,45,88,7.12,-5,-41,97,45.81,-42,-15.66,91,19.81,56,90,97,21,54.46,69,0,21,-3.67,131,47,68,-13.39,74.35,-32,66.58,60,-45,98,66.47,38.64,78,-20.6,-9
5.39,95,-21.43,43.88,27.05,34,147,41.26,-43,65.68,140,10.2,70.59,-0.69,24.26,-7,-10.43,46.12,32.36,38.68,19.94,40,-48,69,32.31,72.78,-2.91,11.43,51.78,5.86,57,84,42,58,14,57,82,-39,8.24,50.51
55.84,-46,73.55,-34,35.88,11.83,55.23,45.87,36,-10,43,100,47,17.5,24.89,117,-13.97,43,31.08,8,33.86,23,36,13.3,11,55,2,120,4,-15.09,31.9,51.16,140,-14,73,-6.84,76,44.7,133,49
20,37.72,-1,64,58.01,108,-36,12,-32,-12,33.42,63,-32,75,20.81,10.22,-15.73,26,21.59,137,49.62,-38,25,70.45,5,-8.19,40.32,134,126,81,83,142,44.72,7,-20.16,0,9.57,9,11.1,36
45,44.89,32,4,74,16,142,132,3,58.93,-21,5,134,-5.46,38,60.06,71.53,1,59.19,35,68,125,35.81,89,142,58.32,-7,121,-9.39,32.91,26,147,-3,-37,13.11,-7,-49,37.32,73,-23
122,35,-19.85,54.84,59.48,88,66,-25,10.8,57,141,112,112,22.89,36.88,81,7.44,110,-35,64.09,90,-22,99,46,97,123,5.91,-33,-9.24,-16,80,137,-14,51.92,87,10,-7,-33,119,65.08
-25,-16,-39,115,35.23,9.42,64.44,100,68,149,66,-17,76,77,-37,-50,64.25,-17,51,-19,126,36,-12.63,44,-7.91,39.69,-40,-1,38.98,132,133,41,14.63,26.04,55,13.76,-12,31.97,149,47
0.42,24,85,-27,53.5,128,-27,41,68.58,73.85,34,-1.14,102,58,34,50.84,68,132,119,-35,-10.99,-3.97,-44,22,70.25,-32,-16,-18,-3,26,82,70.65,-38,146,128,125,43,99,52.9,-24
24,51,26,95,92,-22.05,-32,18,19.55,-11.36,-14.54,118,24.96,20.6,107,-15,64.63,102,56.39,30.8,-16,44.53,129,23.6,28.3,5,-9,97,-20.08,34,-8.82,27.09,-36,55,83,94,-3,71.56,-44,98
23.6,-9,63,-7.63,-14.65,-22.47,108,-22.64,119,132,17,13,115,3.47,13,46.84,-16.59,5.56,-30,-6.76,56.52,138,62.78,107,114,24.76,54,51.92,49,30,28,108,-40,-47,-19,32.68,61,124,104,25
20,-2.2,-6.29,141,134,91,103,-33,92,-14,59.56,54,148,3.19,21.06,87,12.02,5.99,33,24,24,66.17,-26,73.22,45.49,49.91,25,69.04,-22.62,45,46.17,53.51,-26,-12,-1,-14.87,-46,51,-37,40
2.52,126,92,42.33,41.32,32,4.16,81,22.34,72,31.31,-4,138,8,8.62,18.89,149,3.96,137,30.13,23.67,128,18.56,47.24,-48,25.48,-48,81,25.6,69.38,-21.16,1.71,-16,-1.29,8,14,-10,69,70.78,20
42,52.77,-23,25.95,10.6,-18,53,128,21.17,34.53,-36,142,113,73.65,143,-12.6,50.09,74.04,71,-25,64,96,95,27,-50,-3.9,72,56,3.02,104,34,92,-38,74,23,26,42,119,126,7.53
-12.94,13,59,8.11,68,-13.7,96,22,9.86,41.14,14,19.38,3.22,68,131,24,-23,90,55,64.79,-47,104,71,97,1.58,131,13.56,-39,23,117,37.13,142,-21.93,-10,-11.57,122,42.56,74,103,-20.35
6.26,32,42.35,33.47,53.03,-19.87,113,66,50,-3,42.36,82,15,61.64,-10,42,-31,-2.39,61.96,126,-9.15,61,25.71,103,95,-18.24,22,-20.26,145,83,-16.57,95,28,32.16,-11,6,95,39.32,-43,112
49,142,63.38,82,-43,39.2,28.67,-20,-17.18,37,34.27,61,36.3,4.77,38.64,31,-5,106,65.68,62,73.88,-29,35.17,10,66,-7.2,-23.52,105,135,107,91,98,49,29,39,13.29,54.59,112,57,-46
-44,1,143,-9,7,40.09,26,45,25.5,3.3,63.12,59.24,39,-43,38,-8,121,4,61,132,39,106,54.65,2.47,-14,45.15,78,59,121,33,125,39.86,20,3.09,65,-22.83,-38,27.14,-43,-12.03
27.59,0.3,43.95,115,-32,53.62,131,11.22,127,34.6,100,36.26,21.47,85,91,78,141,24,45,-6.92,33,-48,46,37,79,50,-28,16,19.37,70.47,72,23,57,56.39,17,81,29,74.63,56.79,4.89
-38,110,14,15,67,24,-2.42,74.59,-7.24,60.25,34.79,74.47,35,49,45.74,-24,61,23,-9.86,-30,4.19,-41,13.88,0,69.57,43,112,-1.18,62,55,66,15.14,19.5,89,23.07,37.07,33.98,49.26,-13,-29
16,57.62,62.54,139,48,36.04,19.48,54.52,30,27.39,4,9.72,121,-15,-8.82,-23,-38,-37,17,18,104,50,28.82,139,51.4,-0.33,53.07,-34,-25,147,53,40.22,10,122,73,145,61.41,-47,95,61
31.65,110,66.17,-6.44,49,124,50.16,70.24,56,-3.53,-22,20.9,122,-5.68,-47,70,-2,-37,52.5,12,14.55,59,5.64,61.6,57.71,-14.76,18,77,25,30,42.48,133,38,-1.76,56.6,60,-3.22,25,96,38
123,83,147,33,4.8,26,39,143,29,-2.68,69.49,79,145,32.76,35,-11,6.28,47.04,39,-8,31.3,-30,-9,-8.08,-12,-13,-18.62,122,-49,13.24,30.39,-13.82,97,0,133,3.54,-40,54,-17,144
-39,-15.3,-4.41,-31,147,-18.52,112,16,106,51.94,84,4.08,-27,117,-31,-8,36.12,51,6,35.16,141,5,-23,-40,-14,14,45.04,65,-11,-8,-21.43,16,129,35.31,59,7.96,135,8,71.65,93
-10,19.01,83,27.55,38,44.25,60.05,70,105,-29,46,50.03,59.51,145,-37,-45,20.29,-32,48,74.16,21,-3.64,73.35,-29,127,15,26.37,18.05,-25,-2.85,24,145,-0.35,-34,-27,27.25,-13,-36,-24,18.28
13,26,70,100,25.15,28.03,-15,8.49,12.2,53.05,106,43,71.17,-15.89,-8,45,31.96,50,18.63,-18.52,38,64.57,4.77,-23,58,30,28,-13.13,-44,54.73,144,56,29.62,-1.96,-17,-2.42,149,27,67,74
-1.22,54,114,102,31,3.15,58.2,88,138,68.84,120,-11.11,38.04,58.47,13.13,71,45,118,5,40.52,31.25,1,-23.65,-22.57,20.3,44.85,-22,38,5.11,53.5,61.54,2.81,41,102,20,16.16,42.27,15.51,-8,40
143,61.35,122,33,79,-28,73,-23,-28,56.42,95,-50,39.3,-16,94,29.74,18,-5.44,86,59.08,128,97,35.54,81,46,73.4,34,-11.97,124,-19.32,147,34,16.3,107,61,112,95,107,85,4
-20,138,130,-4.7,-11,14,65.41,39,110,138,38.25,62,-40,65,51.78,57.43,8.63,36,24.81,-9,47.35,5,70.55,3,9.78,59.83,16.57,-14.32,-45,-20,109,-12,-10,80,101,39.55,66.64,-17,45,52
-19.95,73.64,45,-17,94,-12.88,-6.21,-35,138,139,96,-21,-38,73,128,24.57,47.31,27,105,21.46,71.56,127,-19,-7,-49,35.61,-44,2.53,-31,-27,2,139,35,63,-0.26,33,132,34.79,130,30.97
73.29,137,-3.27,52.08,76,42,130,-8.01,41,74.24,82,31,9,29.97,132,32,66.4,70,-4,97,47,23.55,-6.8,-22.66,23,21,52,-49,-5.99,-2.51,50.42,-13,-14.94,-17,2,149,32.34,17,-7,-17.89
10.25,21,-6,-22,52,41.8,40,41.14,24.34,69,132,-2.46,119,67.6,57.6,-23.14,99,-5.23,16.22,46.31,4.55,104,-35,57.07,148,-9,145,64.76,77,93,18,41.24,26,49.68,76,100,129,149,28.43,88
71,63,22,87,71,135,55.07,86,58,18,34.06,138,8,-31,138,32,135,6,29,-37,-23,56.3,13.38,37,47.15,27.99,1.63,60,137,-36,145,18.5,44.36,6,-16.9,-34,66,94,-23.4,62.98
58.83,17.29,30.42,-1.33,54.41,-18.02,58,-32,37,-38,11.57,118,41,1.2,-18,-23.43,-49,24.89,96,49.76,-47,140,50.09,145,45,68.38,3,128,112,-19.56,54,-35,41,100,42.21,70.87,11.65,-8,95,69.61
1,-25,74,-28,147,42.33,-33,86,72.49,70,5.21,112,-15.5,24.69,-24,82,-12,72,-9.73,30.07,50,4.1,32.69,44,81,5.98,14,68.53,81,132,94,129,-1.75,128,58.38,-1,-48,-38,16,48
121,8,19,-19.7,-38,62,61,23.93,32.59,78,15.56,68,111,10.07,44.78,-5.66,14,17.83,65.21,44,119,-16,5.35,-47,136,29,77,108,7.05,-15.71,12.91,21.5,83,113,11,-17.46,54.78,84,105,75
97,8,-8.16,105,74.26,4.99,-22,-3,60.69,36.71,3.11,-36,65,44.23,42.82,58.47,62,-40,86,18.01,-38,14.88,67,31,135,-1,70.12,91,-0.45,-38,42.77,82,52.71,-6.76,-25,68.61,34,67.89,-26,19.94
29,48.74,30,0,100,52.58,18.89,-12,69,35.04,37.87,-7.32,148,34,95,108,6.63,16,8,135,62.47,23.91,14.69,96,-28,-5.02,33.59,-20.79,-3,67,132,50,-16,-14.1,-2.22,89,97,-22.24,88,-15.49
-6.81,0.36,146,-12.8,21,-0.83,-11.55,78,-14.66,29,49.8,12,96,131,140,51.27,13,60.89,33.31,-9.14,92,40.74,133,-6,133,-3,-20,-36,74.2,5.7,42.72,135,-23,57.04,32.63,9.5,111,74.11,-41,-34
-17,-7.64,71.98,-20,28.93,34.23,45,-24.7,69,87,122,39,-46,-17.41,-26,127,135,-30,20.98,35,23.51,-13.74,-18.85,4.91,57.71,-42,-19.7,30,53.36,32,117,36.57,140,93,26,56.05,-13.26,28,93,30.37
-18.94,-11.83,13.7,47.95,80,48.22,46,-15.12,-32,4.93,3.35,63.23,17.55,23.85,43,34.7,48.36,81,15,7.5,-17,-47,47.68,33.82,88,99,112,69.25,105,77,53,-1,-27,-3,12.08,100,13.07,-16.13,19.28,34
7.76,39.58,67,50.26,-3.27,52.14,-7,46,5,-49,-49,48.69,18,37.39,39,23.35,-24.82,117,-45,17.77,44.97,20.46,67.33,110,19,9.72,2,-43,51,48,61.8,36.36,131,-24.27,20.52,115,40,-40,121,39.41
-15,-9,6,142,-14.21,55.35,145,25,4.89,-8.55,132,60,144,45.57,65.45,57.42,9,-23.06,52.63,63.98,124,73,-12,-11,0.79,41.62,66.35,136,75,17,-19,94,21.11,114,148,91,142,125,-43,45.73
70.72,130,-24.88,72,41,53,137,-5.04,22.58,-36,-5.25,117,120,-36,15,75,25.21,-33,110,95,85,-29,148,-7.77,33.74,-22,-47,16,57.53,91,66,47.36,96,61.44,32.98,43.63,31.63,71,16.22,-19
148,23.34,59.94,68,138,-42,39.8,1.9,66.29,115,113,-43,-2,-29,56.38,68.09,28.2,71,-11.56,121,54.59,24,47,-31,74.12,-7,39,25.76,66.96,52,37,53.63,-46,19.9,0.57,-43,-13.88,145,-29,28.38
53,81,-20,7.74,-34,27.6,112,78,41.68,4.19,1.08,66,21,30,19.89,21.74,-3.37,13.99,-15.27,-22,115,3.72,133,135,27,31.53,18.44,7.95,56.25,-24.04,16.8,39.54,57,61,2,-19.98,92,-2,-5.14,107
-23.21,71.37,140,21.2,30,140,51.26,137,2,77,-10.91,70.69,139,14,5.45,-22,-12,61,-23,29.74,-27,64.35,92,-46,44.08,48,37.52,31,-14.99,-13.06,10,131,117,-31,111,67.3,0.94,95,-4,108
61.35,-23,70,47,44.52,-1,42,15.37,132,71.19,-24.69,68.65,73.17,51.99,-2.5,19.38,3.55,-27,149,112,-47,15.86,49,123,30.72,61,138,64,74,20.34,109,-7.75,1.1,6,89,145,19,15.55,-26,30.74
55.14,131,73,-22.03,7,-40,-18.87,58,-25,8,133,66.33,-41,36.32,120,15,40.25,74.25,-11,-50,41,142,133,16.04,97,67.94,15.52,25,50,133,4.83,14,10.03,10.29,8.14,-31,122,44.7,44.71,125
-21.42,63,57,62,-10.34,23.17,28,65.52,86,55.18,46.47,32,5.48,117,74,-6.2,22.86,84,107,25.04,21.7,10.35,63.71,111,27,68,6.53,51,-17,30,39.03,-29,23.78,-20,27,59,66.95,38.79,67.14,56.59
51,-5.07,2,0.1,-43,22,39.29,122,46,119,58.78,-2.84,28,-18,68.36,123,34,19,140,9.49,126,31.06,-31,69,-5.31,-13.57,7,-18.92,-34,-45,-11.7,-10,77,40.34,40.53,49.1,70.87,-18.1,-5.79,-50
-27,57.81,-13.03,8.24,5.64,-10.45,-4,-5,21.89,35,68,3,-37,-8.68,39.19,11.64,-47,-21,147,23.12,1,71.89,49.27,88,70,108,11,36.84,-50,-21,-23.61,116,36.95,-11.22,98,126,18,34,-17.4,130
39,39,116,38.56,117,94,32.67,3,-32,114,27.68,22,20.8,-19.36,40.77,107,60.44,134,31.26,43.72,122,40,51.77,15.88,-0.33,-22.81,115,61.82,92,90,120,-43,33.44,61,71.02,31.38,41.5,15.99,67.1,17.26
-35,-1,16,137,32,76,109,-41,135,52.01,28,-1.6,1.03,139,-19.09,41.12,84,-21.11,93,10.03,140,124,26,92,-3.93,7.62,77,-45,104,93,23,76,-12.92,-4.2,93,5.19,-12.19,106,15,44
26.77,129,-19.61,16.12,-46,64.54,14.04,-18,27,24,5,30.58,70,6,-20,122,130,88,0.03,0,114,70.64,56.21,13,27.47,129,43.94,101,1,23.59,-45,95,-23.39,103,66,72.86,22.41,-16.38,-27,53.57
22,-33,-24,61,-1.47,34,29,13,81,-27,68.41,10.6,-31,-32,39.59,-24,69.06,132,-24,3.22,-7,123,35.85,72,-30,11.9,16,74,52,-16,43,59,139,25,43.33,20.6,95,74.03,-1.83,51.81
94,117,8.11,-3,1.75,81,28,58.23,91,91,-18.5,-10.85,40.25,146,-1,132,73.66,-10.31,5.66,-5.38,1.43,93,-1.88,50.43,47,4,143,-44,-15.44,20.97,10,-1.1,125,-28,0.43,-37,-3.51,-23,18.08,115
139,45.81,-8,117,56.84,74,107,59,25.39,58,126,72.26,-23.28,71,-33,-13,53.12,14.45,4.07,74.16,10.99,-34,-15.52,52,-19,125,108,107,61.65,109,-22.37,72,54,128,43.31,69.28,24,61.79,118,36.72
28,-5.03,59.39,-5.49,5,72,47,143,47,17.44,38,53.82,35,-4,55,87,41.19,-11,-37,27,46,-8,20.36,14.6,70.42,-13.82,69.34,27,-20.99,2.77,48.43,40.51,-9,64,18,-9.6,53.61,-14,41,124
31.5,145,-32,44.9,6,110,5.61,115,-17.27,-31,-38,35.15,148,110,60.28,89,13.62,91,-7.49,104,-7,-6.61,46.45,39.33,5.45,0,-11,97,29.07,116,46.09,119,65,-36,36.96,27.82,16.67,-7.09,135,0.07
131,-21.48,135,14.92,-4,36,18,60.41,35,90,118,-22,8.43,39.16,43,52.9,79,25,39,86,104,-12.71,146,104,32,55,65,97,16,-5.54,144,28,58.6,-29,32,50,72.39,147,39.99,29.7
89,99,70.57,120,137,11,94,21,3,64.45,15,90,-3,7,80,-47,6.98,-10.55,62.24,49.46,-26,70,20.73,9,147,36.87,66.14,-15.54,146,-30,56,5,-15.02,4.86,73.73,92,16,133,142,24.84
62,-11.82,144,21.05,130,89,53.71,-39,71.48,29.62,74.95,78,45.84,50.48,16.87,20.67,-33,-32,23.57,7,101,-15,110,-9,37,120,-28,-8,72.44,8,87,67,62,45,34.05,64,23.87,-17.14,35,67
-10,35.64,-42,60.93,144,-33,97,0.98,134,52.26,-0.69,55,29.95,114,82,54.61,7,61.63,65,102,112,68,76,-21,27.81,23,10.5,-9.16,3.52,72.09,56,-1.71,54,50.01,149,45,-13.47,114,70.88,141
42.49,83,45,58.85,91,148,0,-36,-20.76,36.85,-34,8,73.09,-6,39.86,96,13,66.7,9.82,-24.74,57,92,-12.11,67.14,17.54,74.12,116,-47,131,-4.63,91,-46,106,-43,-14.47,35,142,134,-2,68
44,4,5.33,1.62,55.96,13.06,65.34,20,48.32,14.41,41.12,10.64,44,-28,35,-32,102,67.16,-49,-15.78,9,129,10,10.08,55,46.36,24.51,40,126,-35,75,-10.88,-22.56,45.66,19.32,56,130,33,13.64,43
-13.05,127,143,98,28.06,36.91,100,54,138,19.12,34.96,66.36,41.47,-33,45,-11,119,22,-44,55.61,60.61,8.47,-7.33,16,33,17,-7.5,80,-2.93,107,41,-2,25.79,49.64,2.55,-3.04,41.62,-39,-4.73,67.83
26,12.33,94,6.03,72.56,85,-35,44.43,137,66,22,143,115,123,-2.13,-17,105,-3.14,130,95,-44,148,106,58.27,72.4,23,37,-16.06,24,23.7,5.7,123,60.32,22,110,101,7.41,86,120,5
61,1.5,6,69.58,-28,14,67,19.13,52,31.53,81,30.75,-50,-24.57,48.18,94,21.41,21.17,37.71,37,117,119,45,62.29,32.72,-23,-18.73,73.21,56.86,19,46,65,12,17,-4,0.21,144,32.94,51.02,111
37.35,6.08,-11.8,51.3,122,32.15,65,-14,13,31.2,47.39,-34,42.3,27,52.8,1,17.22,41,67.33,149,14,-35,2.25,73.83,4,-12,103,138,127,21.09,12,-20.8,37,25.82,-26,-14,100,28.08,54.05,0
20,13.55,1,25.04,-0.22,72,-7.25,39.3,59,53.18,14.5,-0.21,27.91,21.66,38.37,47.8,72.2,15,-15.85,39,102,93,66.9,2.76,79,37.79,-7,30,57,147,60.85,-22.17,30,92,53.14,50.37,55.64,62,-6.02,28.55
53.78,40,16.45,50.67,5,28.35,-5,-3,-20,59.86,32.85,16.87,-13.05,0,51.72,146,35.02,82,49.43,131,113,16,114,40,30,26,91,11.39,56,13.42,-20.76,-18.49,-16,67.84,-44,66,18,-50,40,53.34
119,148,-23,15.52,37.8,144,-17,70.96,-41,29,8,30.95,-22.79,48.87,-36,54.94,113,56.58,-13.12,30,57.65,109,69,29,-48,28,42.64,104,56,-48,-39,13.33,16,103,85,78,103,41.52,8.81,73.51
-7.02,-30,35.82,6,4.4,-46,56.97,84,1.55,62.57,114,144,-49,41,13.63,6.13,47.07,-30,-15.19,122,-45,64,34,74,1.75,81,85,143,28,108,118,-30,21,131,-38,73.14,63,88,-9,65.11
15,116,119,-1.44,-11,121,133,101,91,-20,37,33,56,57.55,60.02,77,33.73,24.88,94,0,31.56,19.45,110,81,-43,18.95,43.71,56.93,21.92,28.28,99,45,20.58,46.42,46.69,53.21,106,-2,100,-4.32
139,3,38.9,23,62,97,-42,108,31.77,-31,-8.22,-9.38,0,17.59,-23.48,60.72,123,90,34.29,133,34,12,33,23.63,17,63.92,34,44,94,15.73,-4,23.4,29.83,94,-43,-30,147,58,27.75,6
129,11,53.09,31.82,91,-29,42.55,83,116,85,74,40.56,13,14,39,131,15,-22.46,42.64,12,-1.52,72.79,134,-13.53,58.69,47,-36,59.26,71,55,63.35,134,-16.28,45,35.66,112,60.62,-5,84,-42
90,30,15.67,-5,11.36,35,-21,104,68.65,5.6,126,5.18,106,136,11,114,145,13,26.33,-17.58,3.22,17.8,59.52,-23,-25,66,45.67,57.49,-8.82,-12,107,-3.32,52.35,112,39.82,8.72,53.81,119,-6,78
67,-44,28.7,37.21,16,129,18.75,76,26,43,73,104,-4,62.46,-3,-8,139,66,93,6.35,7,15.16,-4,-28,9.25,126,3,95,116,46,68.51,4.28,-34,66.28,-7,27.6,111,41.38,37,11.79
33.99,69,-1.35,50.07,-9.04,124,33.11,28,43,21.57,92,123,-9,-22,96,-44,1.2,-1.1,-38,24.37,108,107,63.54,-27,114,128,69.91,15.53,23,-47,61.9,74,50.78,-12,-45,44,-38,137,149,100
140,122,-16,17.25,84,-16.14,56,18.85,92,18.97,61.04,137,48.27,38.71,-42,76,5.52,-21.31,56,-9.9,120,67.92,26,12,33,124,64.73,14,37,93,66.03,-29,-30,-1,49.16,41.48,34.38,4,-22,78
134,38.33,0.54,124,19.92,73.3,120,99,-9.37,10.03,66.37,143,-1.54,28,11.64,-0.54,129,40.23,130,80,132,21.74,-20,14.77,-8.67,-14.95,60.24,21.79,-40,-9,58.48,9.97,9.96,129,13,121,129,-10,-16.71,66.7
127,3.72,48.42,0.16,71.6,65.22,-40,59.9,-9,1,-4.49,22.52,138,92,73.88,50,116,-34,0,8,16,37.84,52.12,11,14.12,62,-4.39,5.14,-15.25,12,21,40.59,-14,28.86,50,-24.9,-7.36,130,137,138
-19.54,64.85,71,34.5,-24.4,2.6,45.65,10,96,9.91,-35,-7.48,108,77,-23.69,-23.41,108,41,-34,30.41,0.85,105,-9,30,-10.31,43.91,-24.62,-17,12,-12,15.3,89,69.16,47.65,-4,46,3,13,-15,111
44,10.5,-3.32,35.8,72.17,149,-4.74,37.94,14,-27,-13,7,50.6,137,31.55,36,29.74,36.23,27.51,-11,102,-49,25,-38,60,59.17,128,39.97,2,-30,-37,42.63,-24,-21.26,29,-28,74,87,62.43,54.38
11,-20,22.65,147,-50,23.33,139,104,4.82,18.42,-2,115,14,35.02,27,36,115,-5,34.75,49.52,-1,35.61,27.87,41.66,21.93,140,-4,-23.21,36,-13.82,-34,108,-25,40.19,63.64,25,-49,1.84,38.57,-14
59.04,131,39,1,43,23.63,55.88,99,141,0.25,113,30.24,60.03,19,-16,134,36,93,121,108,146,42.01,23,10.01,34.93,-2,2.75,52.13,-12.16,73,-45,51.37,23,53.32,-7,-7.46,9,-5,88,122
43.77,124,-5,6,97,149,133,97,67.36,-46,130,-3.44,17.11,-6,91,41.06,47.35,29,92,113,-24.61,2.75,32,-8.34,68.11,22.81,-43,55.38,24,-13.38,-11,13.06,-9.52,12.25,-5.4,-6,117,3.19,28,36.96
139,12.94,36.64,59.66,-32,130,39.35,13.02,23,32.64,116,30,49.6,16,81,-4.64,-3.42,73.42,11,-35,-2,-23.16,26,-26,115,-49,-21.23,24.35,75,38,42.24,24,-42,64.5,115,74.36,-22.73,44.74,-38,13.31
116,35,44,40.27,-24.88,58.68,65.8,31,86,77,63.69,-22,-13.19,5,148,34,33.7,-20.39,-20,58,-33,-23,90,-16,22.52,61.92,126,6,1,-5,61,131,62.15,124,70.74,47,46.71,33.32,45,-42
100,69,15.44,-44,49.33,52,130,-20,71.36,50,-6,14.2,114,54,40.95,22,37,98,68.85,35.31,16,94,119,-1,63,4.32,54,63.74,116,13,71.32,-28,62.99,-23.36,-13.63,60.26,12,135,141,-22
121,-24.26,-38,71.29,-5.53,53,60.54,-45,74,30.83,-22.47,115,73.23,48.58,43.11,72.24,-39,64,55.3,30.66,31.53,-10.79,82,41,91,147,15.54,32.04,56.25,-16.84,-48,32.87,49,52,49.01,5.49,-36,61.9,68,10
15.24,145,-18,82,37,3.82,124,97,-12,58,120,-28,12.13,42.28,54.63,-17.72,138,111,134,-24,79,47.83,73,88,55.73,140,-9,141,86,52.65,37.99,110,35,91,1.33,16.58,79,63.04,53.18,18
38.18,-16,29.31,21.31,44.7,82,66.1,67.54,51,75,38.78,67,105,0,98,-2.42,121,-14.76,54,-31,24,-10,122,82,72.92,54,59,18,41.7,34,88,67,78,146,29,120,-50,-45,51,-5
45.01,24.49,27.89,59.56,7.64,70.59,32,135,125,3.94,-9,3,-26,-14.54,57.37,124,48.65,44.6,-19.07,-38,-1,-41,71,-13,37,14,107,85,19.52,142,60,62,-13.71,114,-25,133,-7.5,40.77,-21.89,81
3,33,85,-0.4,113,64.99,117,61.5,-19.62,-26,6,108,0,136,102,41.15,13.56,8.4,75,72.24,73.16,-11.54,58.58,-19.04,7,62.63,28,4,38,-2,83,63.67,7.05,128,20,128,-24.34,-2.77,-0.26,37.48
74.17,28.78,51,22,21.32,71.14,44.97,108,-18.12,82,11.14,148,52,19,45,93,69,-17.17,-14,4,-38,31.62,0.51,77,31.86,38,39,49.6,3,18,-11,140,146,69.31,-16,40.02,89,-21.95,-22,24.45
17,21,-24.18,-24,39.98,17,33,-12,66,30.68,19,71,57.83,19.67,25,72.64,26.46,0.17,113,59,109,57.31,-11.84,23.6,35.86,27.95,22.62,118,47,-12.94,34,-7,-42,32,67.85,145,126,-23.44,-27,144
12.16,-10,48.79,-36,19.73,68.97,63,22.98,-14,-10,70,-6,20,22.59,85,12.65,33.7,-8.26,46.13,-36,139,-9.12,117,16.57,100,32.07,88,56,115,-5,-22.16,-8,-21.46,17,97,11.54,129,91,140,-12.74
85,11,57.02,35.12,23.51,119,46,8,134,73.82,2,143,46,-21.65,-11,-13.62,50.46,62,32.03,102,23,31.45,15.39,94,41.66,108,27.42,-49,-18.9,-21.69,143,-35,58.71,47,65.56,-4.54,11,16.83,37.53,83
-18.69,93,-6,2,58,21.16,-29,84,-38,108,11.66,-21,-6,69,66,122,58.78,34.4,33,6.04,71,-48,29,55,-7,49.15,3.55,64.17,37,8,50,31,-23.32,101,88,17,19,131,65,51
15,42.78,-28,-20.25,-29,67.07,-11.02,149,27.79,91,72.17,129,66.61,58,46,68,35.52,31,40.38,7.7,78,-20,39,149,25.11,8.76,-1,73,-2,63,-20.02,-6,39.6,44,61,-24,-10.51,25,50,-46
34.87,39.36,-16,53,26.14,124,128,60.79,73.39,36,5.56,78,136,26.8,24,28.58,1.87,131,-12,34.92,120,19.77,118,19.77,37,44.84,9.15,12.7,120,-29,19,-18.05,12.89,131,18,17,22.61,9,55,66.88
47,-2,27,57.06,-13,-19.76,116,144,2.24,39,104,39.46,33.36,-22.29,28,107,-35,-3.75,61,14,128,-2,53.24,120,60,42,-5.26,13.53,-10,66.78,-22.87,91,64,1.36,9,121,54.09,97,-49,55.29
-23,21,107,83,131,-11,40,92,-0.11,102,-41,44.66,40,-37,49.95,29,51,62.94,134,-9,5.06,94,80,44,49.62,90,120,92,36,55,67.2,10,10.65,-48,15,74,22.33,-16,45.56,16.78
44.9,116,8,-13.68,100,-49,-3.14,67,2.78,-22,-1,64.2,83,85,28,115,100,25,-4,11,-14,-23.37,109,10,18.04,138,-2,-15,-23.01,-10,-12.75,44,-46,108,-11.68,111,-9.14,36,59.07,-47
-23,-16,-13.46,56.19,10,69.64,41.52,24,58,2.84,139,17,61.58,46.96,-48,12.65,18,9,118,10,139,-19.24,19.59,-6.51,31.66,23.42,-9,46,-5,25.14,26.18,-20,-23.27,43.17,118,-31,-16,146,28.28,24.4
-30,34.12,27.11,31,-12,3,93,73.89,57.65,122,114,-7,-13,7.6,-14,44.72,40,26,69,7.65,42,79,39.07,25.02,0.56,53.24,-12,53.25,39,114,-18,64.3,100,95,2.97,144,9.51,65,14.64,52
28.63,85,-23.01,75,60.04,-13,10,60.01,38.88,-13,0,-46,-21.72,104,14.39,55.36,-15.6,14,61.19,119,27,-20,8,52.22,61,29.63,-12,33.1,73,128,25,9,92,-11,4,73,19.24,42.13,47.17,132
81,123,55.05,72,129,35,51.12,31,93,49.43,123,-15.59,-9.14,15,119,-9,-14.02,86,-24.73,34.39,103,-31,8,72.99,-11.42,-12.14,-14.14,47.75,38,0.2,-4,-0.56,100,110,-18.92,47.42,87,0,88,47.76
38.06,-16.88,74,2.06,-10,28,-2.24,50.95,23.94,37.75,1.86,98,74.02,46.04,-3.42,148,97,-48,50.94,-11.37,135,46.24,66.53,-40,20,33,130,107,59,41.83,43,-1,12,43,92,110,14.79,-10,39,9
85,-12.91,103,124,128,0,-49,39,113,-45,70,44.37,54,23,140,80,-23,76,89,60,145,-22.74,90,-14,32.44,-28,55,137,79,47,39,51,134,64.27,-39,148,-7.05,135,69,3
11.4,13.99,-14.48,134,56.45,11,-12,79,-40,4.68,-25,53.91,78,42.01,-21.26,0,121,124,60.65,8,125,63.69,48,-16.44,92,30,-40,-5.86,68.42,-13.71,10.63,64.24,68.68,24.02,68.3,-23.62,142,117,6.53,66.57
116,45.62,97,7,7.98,19,1,106,18,92,-12.08,101,-43,124,11.97,76,51.05,58,-31,-19,51,72.01,72,-29,54,48.77,102,49.62,14.76,-28,13,85,-33,76,7,-34,69.15,58,75,130
67.43,-28,30.11,54,68,73.05,94,-37,27,118,58,19,47.05,40.73,-2,14.12,-14,94,56,143,48.24,36.48,-41,39,86,-4,-39,27.77,149,34.8,21.29,19,15,7,-4,6.91,2,144,38,10.45
52,64.53,11,108,110,2,-12.17,34,-18.83,-13.66,11,7,59,68.79,10,92,121,123,12.45,-24,-34,19.72,-6.18,44,-40,-9.89,50,55,120,68.18,82,62,74.18,2.12,37.08,7.89,28,-31,-16,98
113,13.05,8,140,19.08,41.69,-24.29,-26,144,-3.4,31.66,-22.09,14.73,70,-5.61,35.39,16,134,-19,11.94,38.67,67.01,109,-21,38.03,-17.81,-4.54,-5.81,25,86,52,74.19,24.83,-44,73,55,47,114,4.8,110
-1.24,62,97,-3.15,8.53,89,72.11,68,79,-41,60.41,116,54.53,148,75,10,98,27,77,98,15,67,40.9,97,23.06,-44,98,12.74,57.27,71.51,-48,59.23,-14.25,139,36.55,118,-5.88,3,47.6,-24.06
47.66,-34,-20.94,1.28,13.24,-16.72,45,39.44,123,43,48.6,6.17,23,17.61,65.86,20,55.23,25.46,36.7,-44,21,-41,-21,102,31.31,15.09,67.63,-50,57,17,86,41.73,51,134,67,33.39,17,-13.23,-44,66
75,65,69.62,70,45.12,20,134,-22.46,67,-0.97,3.21,38.82,-6.87,89,117,106,69.65,30,20.82,61,28,2,79,66,24,-16,23.54,16,-33,-17.62,-39,-17,70.19,142,51,7.56,37.95,144,39.27,-34
101,71.31,1.63,-21,43.54,14,-15,-8.69,-28,24,-13.07,59,112,-5.56,57.3,63.05,126,41,96,37.86,91,-4,112,22,5,68,0.14,-12.21,79,-9,-3,17.17,2,73.8,23.36,-36,21.76,33,74.81,6.02
-38,58.48,30.7,45.48,50,57.85,34,124,125,128,16.06,56.13,56.83,16,39,-31,138,-12.99,57,-3,-41,-14,-4,50.32,23,10,145,147,14.64,29.97,81,0,21,136,-39,-15,141,-1,45.21,35
-19.54,11.74,114,18,1,40,116,20,-22.86,-14.78,59,104,21,-47,-0.12,11.41,22,4,95,-17.09,10,62,138,35.71,140,-13.5,58,22.26,65.57,29.74,145,-4,-7.97,-28,-15,9,28.33,56,69.5,-36
-19,-20,-24.8,45.57,-24,31,-28,96,66.59,-23.12,48.75,107,9,55.95,41.03,24,-15,-49,39.8,50.71,112,66,118,67.46,119,113,-12.63,49,145,-24,45,-44,8,61.42,12,12.33,126,88,-48,-18.25
35.58,-32,16,101,21.1,71,53.28,95,22.19,148,-10,63.42,63,-29,27,2.43,128,95,16.86,133,147,70.49,-9.58,-36,26,82,-7.63,65,11,11,-30,-30,69.31,-2,49.18,2.92,-10.72,47.19,21,108
-19.52,108,67,-11.16,-18,-36,-3.26,67,21.85,1,9,-11,58,49.97,1.99,-20.57,4,75,85,44,96,10.91,21,78,15.84,44,-19.58,69,8.87,93,43,64.51,-8.54,55,-4.83,94,56.82,14.04,51,-1
114,17,-4,85,-0.74,58.28,29.22,47.44,116,125,87,-12,-15.69,45.05,51,62,131,-25,36.32,4.74,52.14,-20,-5.66,-16,-3,86,92,65.96,-18.88,57,-41,-20.33,-9.34,-15.76,56.4,66.25,96,66,70,44.79
-20.37,88,33.31,-13,139,52.42,-19.37,29,37.26,72,7,24.39,137,-22.32,-13,108,54.52,131,59,8.21,27,46.33,10,31.44,43,-49,-48,117,69,3.36,31.1,41.08,147,-30,-10.08,42.42,18.5,-29,99,126
-4.48,34.38,138,-16,-6.17,-22.73,94,-15.47,3.38,-19.72,114,29.16,141,28,-2.72,24,-16,32,116,108,5.73,29,24,-18.71,51,-21,24,24,-8,31,-10.49,27,48.12,-29,65,-17.32,13.99,75,56.88,120
0,108,124,67,34.39,16.61,48.41,43.3,43,2.47,34,25.04,62,-9,35.27,115,41.44,119,60.43,21.49,-39,-37,79,74,-10.57,69,-23,40,-37,46,-30,-49,-16,-3.93,33,31.16,-20.88,25.96,63.7,67.78
87,6.7,-6,148,-40,108,-1.84,43,53,96,68.99,89,-0.16,130,-21.25,121,50.78,70.58,98,47,2.57,-48,-22,62.79,-4.86,14,21.81,10,143,33,80,2.26,22.53,-5.51,61.15,28,72,-7,88,113
51.29,44.29,75,-48,-47,-10,16.5,-40,63.56,140,32.41,146,64.42,40,17,40,-9,-10.81,8.76,70,53.38,-0.97,97,61.76,5,-12,58.64,21.13,126,45,25.05,56.12,6.35,108,143,48,147,-6.1,-28,71
28,141,8,28,112,20.81,-48,-19,50,27,-8,127,90,-31,-24,101,59,67.09,18,65.62,-17.77,-11,4.35,12.34,57,41.47,-7.99,133,41.15,49.93,113,-35,50.22,-37,71.3,38.47,133,38.71,81,97
24,59.57,17.26,144,-9,33,86,8,11.92,24.07,50.31,87,16.98,23.45,76,101,19.78,-0.24,64,-35,24.65,11,30.37,13.25,-21,-3.68,-39,2.04,27.86,61,30,-36,138,92,11,125,76,62.91,23,37.33
-46,-2.9,47.56,-13.53,136,59,30.25,27,-9.53,23,88,39,-5,69,-14,-46,70,93,74.01,-5,-14.1,38,106,-47,12.2,7.46,48.72,21.43,63.1,119,-17.47,-16.03,64.92,59.73,24.91,92,-38,147,-48,80
27.27,74.6,35,33.79,-46,-4.13,-45,88,-15,139,64.82,59,1,68,-7.03,58,-20.98,40.42,132,130,36,4.16,-15,6.82,60.58,-0.2,2.52,6,93,59.49,77,11,78,66.29,43.81,128,-4,124,-23.29,114
-35,16,140,144,-12.09,-9.89,53,-11.22,15.32,1.59,43.9,119,7.19,108,33.91,39.95,27,95,20.66,34.11,39,54.96,52.28,82,53,14,124,105,56,30.8,4.89,-48,10.27,57,86,3.36,-8.9,20.23,81,10
38.97,21,8,33.88,33.75,-6.58,-10.99,-38,66,29.01,36,131,27.41,17.03,55,52,129,44.42,32.6,57,117,49.19,33,125,139,-24,51.65,100,132,10,82,142,22.32,16,101,-10,4,-36,-13.59,44
120,61,51,134,146,70.3,135,36,-48,7,16,-41,116,47,-19.87,66.62,111,15,123,13.85,120,-16.9,5,41,72.95,-23.43,143,67.3,109,72.57,85,67.71,97,-12,67.29,126,63.99,91,107,-41
-12.06,96,30,16.64,-50,-20.44,-5.47,92,132,38.37,47,19,-17.07,-33,33.49,64.71,119,1.65,-24.29,50.36,67.19,4.06,16.17,6.88,38.12,52.52,-4,-11.37,69.45,54.42,105,112,54,78,49.86,113,-26,69,-7,99
-3,25,36,-11,6,68.24,7.58,-11,137,121,1.32,62,9.42,-36,38.94,123,14.92,30.54,-2.45,31,74,-11.81,-24.88,17.34,35,54.97,68.99,141,82,-8.85,6.97,125,22,42.03,146,-20.79,-47,115,45,-19.27
-37,21,33,66,-17,101,-43,-4,131,40.79,22.16,25,33,109,70.54,12.93,95,24.42,26.03,-18,93,-25,19.89,60.42,68.71,103,25.03,-24,67.68,-9,74.98,-40,24,68,24,35.86,-2,114,84,-9.19
-1.89,83,38,49,12,43.67,-34,68.92,137,58,6,-0.54,37.65,44,-11.11,23,99,-26,108,149,138,-17.38,116,41.56,64.97,94,-12.85,39,33,34,115,3,28,67,29.41,85,128,-14.09,22,126