46,9,43.17,25.25,-12.91,74,-34,-3,77,147,-14,57.77,-8,113,73.75,82,-30,122,93,94,-17.59,120,133,-49,-16.84
-18.73,5.32,136,44.19,49,141,146,28.02,38.16,88,38.92,41.65,-0.49,-8,-41,96,-2,38,17.98,125,89,24.54,7.15,57,52.4
13,-50,134,147,-6.38,25.68,70.7,21,41,47.66,-43,51.11,-11,10.46,120,-19.88,63.35,61.63,28.85,43,77,117,35,-27,-8
133,24.13,-9.13,26,51.84,147,111,98,59.25,55.23,54,39.29,84,61.47,-31,-4.29,54,-19.91,34,38,6.87,40.15,-17.57,25.2,40
23.87,100,58.01,33,109,73.62,62.33,-37,16.55,-21,-22,105,102,6.32,62,-13,-20.63,-15.94,-23,92,-16.63,60.73,56.61,19.61,-29
4,74.92,40,65,4.43,110,7.11,50.8,32,-11.77,36.33,93,135,23.38,-34,45,11.65,129,66.96,19.51,29.27,-48,37,10,33
113,32,-14,17,-13.17,55.16,-4,2.37,33.56,-28,1.39,4.08,44.99,76,4.4,-9,9.26,99,102,-5,7,-24,-23.82,45.63,51.86
130,-22,44,-4.72,32,20.83,79,67.43,12.5,81,-45,93,84,112,6.81,19,20,17.13,104,-8.74,17,147,-24,-24.32,53
110,13,-20.63,73,-38,34,39,33.08,114,37,147,-5.17,144,36,-39,-37,7,125,-7.15,66,71.97,7.26,-19.01,24.15,-37
38.17,32,14,-20.04,8.72,1,94,50,47.68,93,54.97,70,107,44.8,125,116,122,145,14.68,138,103,101,56.02,49,-11
107,-5.95,2.75,-40,-26,-34,12.8,-9.17,-4,59,23,81,7.36,5.67,-25,24,-14,-16,41,49,46,77,60,-1,98
-2.11,117,39,141,59.86,126,-5.5,119,147,78,115,21.15,-17,84,-21.19,70.49,-2.81,140,-21.57,94,146,143,60,106,-20.21
-5.37,101,25,126,135,54.58,42,52.77,34.99,-20.78,67.89,130,21.32,48.41,-26,33.67,67,60.52,114,131,3.33,142,122,-1.32,136
139,8,68.84,73.63,51.61,141,61.34,136,54,-4,70,40,7.24,42.1,126,36,25.08,-17,-3,40,124,-12.74,-20.92,68,50
-39,128,56,93,-8,-14,144,-1.92,23.64,50.85,88,45.84,24.03,2.98,70,-20.68,131,48.69,26,-29,-3.43,106,55,-4,41.06
58,130,6,-2.83,44.74,-23.27,136,15.71,-50,10.9,8.9,76,1,141,35.83,-11.06,73,14.42,44.8,-7,48,31.42,-2,39.5,128
65,-9.93,40.61,137,91,35,13.18,102,30.89,48.85,-6,25,113,51,138,33,-43,-20.55,-14.69,40,39,139,30.63,73,51
-4.34,63,-7,9,73.64,27,13.2,98,9,-23.72,77,32.66,3.78,57.58,29.82,29,-5.06,-2,-1.77,-2.59,89,80,94,120,51.01
72,125,-3,57.08,78,1,37,6,65.98,64,-11.27,111,95,1.04,10.5,-46,67.47,59,5.05,87,15,66.22,-12,47.02,-2.94
126,66,-12.89,24.43,-4.8,50.51,68,49,1.44,15.1,98,36.65,93,-8.05,68,48.7,124,-21,140,15.15,115,68.53,48.42,141,36
-25,-22,-15.43,52.97,7.12,23.18,-18,-17.63,22,88,125,-16,25.7,-8.55,124,-37,-3.79,50.37,7,-19,30,-15.68,-38,-8.12,-19.22
143,11,-24,-6.99,144,64,69.75,53,43.89,3.82,129,64,-12.06,-17.28,36.16,-4,143,43,52.59,-3,-10.88,-35,-9.27,-15,23.74
-16.98,-20.32,147,114,59,18.42,-2,7.07,36,52.76,18.25,-9,8.28,-48,2.61,16,32.01,51,96,99,-11.97,7,38,90,55.01
-30,5.67,29.1,126,142,23,41.63,41,48.52,35,69.18,15.09,-15.99,-8.31,31.65,87,97,-14,4.11,2.67,78,15.21,9.64,-18,-5
73.9,63,-14,-23,27.99,50,70.02,97,134,62.65,-20,81,-48,-1,37.61,14,-47,5.41,74,3.31,28.47,4,53.38,-7.36,30
4.86,125,-4.92,123,43.86,40.09,-9,39.93,15.82,16.84,58.7,62,50,124,-16.26,-14.74,60.32,38.49,58,9,29.34,-48,133,18.5,44.29
54,8.38,122,-23.74,130,37,130,70.63,-43,-5.67,-21.95,4,117,-6.17,31.13,45,5,-4.83,10.11,63,3.63,37.38,47.92,76,-9.5
54,37.49,14,107,23.79,80,13.04,60.97,27,140,-46,-44,-6.74,69.37,22.17,7.13,77,58,-6.86,-5,-43,103,63.15,91,111
32,64,51.63,27.21,-31,137,96,-8.31,72.79,106,37.03,37,45,137,17.43,-5,41.52,-27,95,-36,45,47.37,102,8.38,74
68.7,98,87,49,23.03,74,-24,31,101,30,21.11,114,139,-1.04,110,-4.83,-16,50.55,21,126,46,38,30.22,148,52.32
-15.64,94,99,-10,29.62,69.58,132,129,69,51.2,145,-21,8,31.3,8,0.78,6,7.16,31.21,118,-13.74,-41,-50,-26,39.13
53,-7.72,-37,64.76,131,-49,104,101,83,34,2,39.57,128,7.59,34.42,-12,138,128,-26,86,-6.24,57.91,-9.85,108,22.02
140,144,135,128,-22,0.59,26,148,-21.45,61.48,67,73.26,2,31.46,-9.65,59,-42,-49,60.63,102,70.75,66,31.96,58,73.59
141,-42,12.05,144,102,123,55.53,129,67.37,104,136,66.61,47.82,63.4,-18.44,26.02,66.94,16,144,-4,118,71.34,19.83,-20.71,48
73.74,37.4,0,120,-43,116,70.39,65.88,114,-2,145,117,126,120,38.87,64,-35,70.05,115,65,-16,-40,50.97,-13,12.92
98,35.98,124,110,-47,17,117,-12,125,27,-35,-9,64.18,44,-30,60.75,11,1.18,124,40,59.01,-11.27,89,59.9,-10.26
-3.09,19,-12.33,44,-17.43,25,143,40,22.15,64.63,148,42,-50,6.19,53.84,146,-27,59.4,113,-7,28,42,-13,112,28.21
101,-39,-2.43,63.31,-18,109,69.04,21.13,-23,64,147,20,50.9,9,7.53,-8,73,40.03,-44,-14,49.41,39,125,-11,132
26,62.43,71.25,10,89,79,-32,16.16,5.62,22.94,-4.82,23.13,147,-15.58,120,64.22,64.91,64,56,56,-28,-9.76,58.63,6.4,-9.67
-1,88,-15.31,33.43,-45,79,101,-10.79,-10.2,34.17,-41,28.88,47,61,2.72,45.75,10,-14.23,48.49,95,70.43,-29,79,105,34.13
117,62.15,82,103,3,26,-0.68,-19.11,-45,108,21,51.51,136,145,-27,-1.84,121,58.57,25,30.64,2.39,55,72,15,-5
19,45.17,-18,66,58,52.84,70.2,49,-42,10,127,105,130,-6.17,-8,27,9,49,130,52.28,26,3,-1.39,25.29,4.11
36.46,84,39,81,68,84,136,126,122,91,-11,32.31,30.33,31,-13,20.29,30,15,29.64,65.29,21.3,-23,67.09,120,40.17
83,-30,60,51,-44,-25,74,45,32.02,40,-15.44,118,11.14,30,-15,78,33,4.65,-1.72,117,4.64,25.51,111,23,64
67.34,9,10.56,-24.09,138,23.44,43,-14.14,-16,-12.38,33,130,62.29,-17,54.89,10.74,121,-18.99,40,-25,26,145,-29,18,19.03
34.92,76,55,-19.45,54,4,137,125,0,-21,118,15,0,-24,-1.25,59.43,49.86,-22,70.74,-9.03,59.5,48.62,70.26,-41,149
45,61.67,99,84,40,75,-30,139,66,51,54.76,54,10.4,42,149,10,72.81,4,63.6,62,-9.36,16.88,137,23,-4
1,63.18,2,52.21,39.09,36,119,58.41,149,93,143,21.48,-3,69,-4.19,26.81,73.44,134,104,-32,51,50.2,16.85,101,-5.6
103,36.71,34,16.76,-8.4,147,33,97,62,112,46.21,66.9,140,97,-1.88,48,72,114,33,44.59,7,-10,-15.8,31,74.56
147,24,109,18.91,-12,100,-23.69,-31,19.99,21.14,38,144,92,45.52,-11,-14.76,75,21,65.69,17,47,13.31,68,-2.3,88
-22,34.45,63.53,-47,90,86,135,25,45,12.75,-1.72,-13.52,45,68,5.01,96,74,2.39,74.21,67.17,55.92,101,19,119,51.94
-23,-11,63.56,106,-13,32.43,134,81,28.63,112,93,30.78,102,-38,-9.92,19,61,126,88,18.07,144,-33,118,133,-17
134,69.63,51,30,19,107,1,79,33,61.03,30.55,-30,100,17.23,105,135,-17,49.74,23,121,-36,142,-31,21,61.52
59.93,-24,103,14.37,-20,-3,-16,-43,-12.75,38.23,56,-8,-39,34.5,-14,51.4,86,6.34,20.25,1,62.04,63.19,64.7,-14.61,-10
72,59,148,104,89,114,-17.44,-31,65.54,50.89,112,35.06,66.68,82,13.12,69.81,135,-23,18.76,-8.12,1.03,89,35.35,47.16,-43
60.11,-17,23,19,141,81,127,122,102,25.67,14,89,-24.78,-22,-8.06,-13,131,71.01,-21,-40,139,-18.36,10,29.93,37
11.53,-12,3,-2,23.12,56,129,-1.38,80,141,132,138,131,58,3,50,72,92,7.89,68,-40,66.71,-23.05,15.1,62.16
122,28,130,-2,1.85,-19.26,-24,-45,-46,11,73,-10,47,10.77,-14.75,68.4,26,72.63,54,-44,83,-9,41.85,94,34
40,-14,-32,112,20.2,59.36,17,-44,-20,-2.34,69,0,87,64.54,48,69.87,59,73,112,12.51,21,-19,52,57.06,9.86
13,67,19,75,7.87,-39,99,-21,60.94,85,75,-8,131,142,46,42.61,58,-20,-37,135,40,124,32,48,-43
30.31,108,-15.99,66.44,29,55,65.54,38.47,-15.13,45.55,-16.33,-35,62,-39,-17,120,11.24,19.37,124,38.54,28.87,6.89,-0.84,-50,-12
-50,44.02,77,11.31,68,12.59,139,-2,12.62,74,-17.84,114,132,32.1,23.49,54.23,132,-9.05,81,44.42,113,37.2,17.18,58,1.16
14,-17.69,70,126,-21.68,12.21,36,104,63,70,25.29,6,51,48.74,136,142,41.3,39.77,-14,42.89,94,92,85,-43,22
108,133,4.51,7.36,50.34,-7.15,-12.19,123,123,91,70,146,87,-5.02,17.94,30.27,-18.73,-46,142,46.99,39,74,17.7,5.03,31
-18,94,138,128,22.35,44,-42,14.82,49.82,44.92,26.91,-18.12,27,4.64,36.23,68,53,42,35,-4.2,19,-1,-43,62.11,58
138,12.7,24,56,65.68,-6.53,49.55,56.73,27,6.61,-7.8,54,-19,14.95,12,-32,53,-1,-23,61,23,104,-42,-9.24,9
32.47,74.14,73,121,128,42.28,69,121,58,15.44,50,-17.64,-12,-8,33,-17,43.47,-16.71,-23,-27,-7.27,7,42,-25,40
30,44.63,-1.86,42.47,-10.39,-20,-43,110,21,64.2,76,44.81,88,85,-18,66,-9.44,-6.61,95,-17,51.83,99,17,92,147
71.85,63.36,53.16,125,-3.1,141,-31,119,59.56,42,21,120,14,138,-6.44,149,-10,-26,108,22.79,-40,17.26,100,20,-43
37,66,17.22,20.43,14.1,89,64,144,-36,4,-21.92,35.19,-5.51,-3.6,93,57,4.72,-47,69.37,52.42,-13,-27,91,35.43,77
42.34,132,129,-19.35,-18.57,4.8,29,58,-3.77,54.2,-16,-8.91,6,48,120,-19,13.09,27,110,-23.19,-42,20.61,53.74,39,-21.62
3.97,21.93,51.42,49.08,11.02,-14,10.79,68.07,33.36,-16,32,43.66,-9,-9.91,42,30.34,57,-20,104,34.15,60,71,4,-16,100
17,68.25,60.13,91,54,130,149,54,10.95,-13.34,31.11,67,-24.45,29,70.78,139,36.7,-19.65,-11,56.11,-12.01,6,22.24,117,68.97
10.92,126,40,-42,-8,-47,1,-4.23,-23,138,6,114,34,14,3,103,71,-11,-28,54.3,2,-19.79,-19,0.94,40.04
-15,64,19,99,34,-1.15,11.71,-41,5.28,-7,-3,33,-16,23,38.48,139,-4.07,82,-14.43,-4,-22.95,23,71.82,103,81
23.14,16.55,68.92,70,-35,93,107,83,60.81,23.5,67.78,11.77,147,1.13,-34,0.01,-20,40,6.21,-17,-5,30,72.84,66.74,-16
97,29,-23,17.07,-25,15.82,-1,70,-5,41.94,103,136,43.1,-19.29,93,51,-13,57,-12,144,-32,72.85,35.41,73.16,82
32.18,13,49.61,44.88,-20,114,0.25,2,23,10.5,102,27,-21.61,75,3.34,13,18.1,101,-24.11,85,71.49,113,19.68,148,16
-50,-11.75,149,39.44,130,-2.8,-8,0,36,-47,59.49,41.37,108,7.26,4,4.72,57.63,-35,-44,148,22,-3.69,49,-3.1,71
31.41,42,36.2,-3.12,57.09,128,-11.61,148,91,128,40,129,38,-17,46.06,98,-35,8,28.93,25.88,36,120,10.83,33,36
111,0.57,8.94,67.35,-44,31.54,-44,61,30,63.7,55,43.01,48.35,73.61,109,-2.6,97,95,2,77,-24.23,107,52,-10.33,-23.89
37.76,2.38,67,96,-25,8,52,61.74,64.26,54,-11,-5,32.82,135,22.15,125,43.35,-29,98,18.43,-6,71,145,15.24,-41
18,25.59,-27,7.87,-17,46,109,-8,72,39,24,-29,132,-10.87,-40,3.86,-12.43,84,70,55.94,56.14,-30,138,-25,26
55,42.7,117,73,-23,56.35,38.57,126,71,30.6,42,98,-29,27,-43,68,144,101,27.73,17.88,-1,-43,132,-24,-9
80,119,138,142,27.97,74.83,23,-40,-43,72.58,3,119,20.2,14.8,57,-2.08,-18.83,14.34,119,57,-9,145,40,35,-26
44.28,-21,135,87,25.36,17,60.29,80,67.15,63.43,83,66,-25,-22,26,97,35.16,-8.99,111,29.42,-46,11.47,140,68,26.89
62.38,104,-21,59.74,50,45,43,42.13,74,59,-9,-12,119,90,40.44,51.37,0,44,33,47.48,-44,144,33,67,47.81
71,11.18,54.21,-6.69,78,88,-49,14.31,95,-8.03,59.22,58.59,21,56.53,58.28,55.81,57,-48,-21.35,-16.43,41,79,-44,48,-15.61
-13.62,68.89,4,141,21,-2,-18,50.2,-10.7,-15.99,81,-4.87,-27,46.79,142,110,46.94,37.39,-23,49.06,113,-7.91,46,125,2.55
50.3,51,24.24,57,90,94,62,146,61.1,60,124,58.51,-3.61,108,19.42,24.22,55,130,-21.78,55.79,33.51,97,-50,51,-8
61.64,39.54,33.97,84,4.16,-18.53,-27,84,115,-5,-35,-43,-22,55.14,73,137,15.22,63.42,39.89,15.57,13,114,19,-13,-6.89
73,29.56,-15.9,98,63,-22.15,128,42.54,145,-20.91,60,27.66,64.69,70.38,13,36,28.59,94,51,-0.02,3,128,46.25,1.33,20.05
24.38,22,57,-5.21,8,19.62,23,15.78,-14,16,72.67,3,70.23,62,41,16.89,-4.74,46.21,19.85,-14.86,40.48,37,44,89,58.18
65.53,58,72.07,102,109,25.02,10,72.09,147,-18.79,137,-1,118,43,12.93,-13,40.23,106,79,59.2,133,12.56,-11.08,86,50
7.38,101,-1.88,-43,-6,45,6,-18.63,42.98,31,38,104,132,20,23.35,21,-40,137,36,36.61,42,-47,-33,-20,19.66
56.93,132,101,27,50,11.66,55.09,41.15,112,6.68,39.78,7,95,47.03,118,-3.78,26,46.53,10,11.24,-31,94,55.61,2.58,20.37
56.82,24.56,-5.08,139,-1.36,36,136,60.32,43,29,106,98,-10.2,30.52,80,22,69,-23,33.97,132,73.13,-2,3,34,-11.46
36.74,11,7.11,45,70,-22.8,42.87,48,42,-39,40.22,47,6.55,37.64,53,17,71,31,14.06,54.25,-2,28.09,117,139,-17.99
-2.84,29,44.18,55,-13,26.8,57.37,-11,-34,79,121,68,47.31,-24.28,-27,51,15.74,-39,101,-4,68,20.03,116,93,-12.39
8.09,74.89,33.22,48.2,-8.89,83,40.61,46,50.17,-24,58,14,-30,22.32,107,59.26,43.76,75,-2,60,89,35,13.57,-22,41
-22.67,109,55,75,-14.42,1,82,113,-37,-7.82,48,-44,98,3.37,-38,95,133,3.75,30.55,140,57.25,-5.85,32.8,-6,21.26
89,-24.04,-14,76,134,50,7,-30,5,53,6.51,141,59,62.15,24.48,19,135,99,140,-1.48,52.37,-17,-50,-41,52
56.14,30,81,44.07,92,49,119,22,64.53,96,53.16,100,110,-13,41,133,95,122,18.93,123,79,61,40,53.95,45
12,144,-29,52.26,149,97,23,-47,-1.76,26,-36,47,45.77,44,23,35,70,-33,-44,31,17.89,34.25,8.76,145,105
-8,2.43,61.91,-28,13,99,-42,134,138,56,91,30,-20,133,19.12,139,-11,-20,13,65.71,21.09,28.51,135,52.03,-17.51
36,127,138,-9.96,144,-16,35,22,11.3,-19,75,66.39,25.46,79,-31,99,60.18,143,26,39,104,-4.76,47.32,25.05,65
0,-2.78,46,-2.05,87,-35,-13.61,-7,45.62,53,58,6,29.39,-43,17,73,66,24,46,146,68,14.25,-45,37.63,25.27
7.61,97,9.7,128,121,44.4,85,43,-0.38,51.67,-11.68,79,21.19,102,-16,89,59.48,17,-21.82,-47,67,8,143,63.49,24.53
34.13,5.1,44,132,-2.7,82,103,-18.63,-48,21,55.16,31.51,22.45,104,-44,-20,49.06,11,98,-49,17,-10,143,39.96,-21.28
-12.2,20,86,-16,-18.15,72,1.45,48,63,-48,-24,-22,2,73,54,127,67.81,-15.62,-44,72.72,-2.82,74,28,-14,23.34
-40,10,17,79,16.97,113,-24,64.12,13,1.54,-1.36,-8,44,-11,-7,42,11,53.09,48,80,-14,43.46,3,46,-26
92,2.17,57.07,35,102,-31,-50,148,-21,-17,64.09,-10,-14.67,103,41.06,14.11,68,2.92,-21,82,-4.34,-18.08,8,82,-16.39
137,39,-11.8,144,14,14.51,62.9,5,-21.61,47.55,-17,-2.78,4.72,73,111,63.75,101,26.97,10.67,116,-43,57.46,-5,67.92,-18.53
70.41,54.31,146,135,-39,39,2,104,63.49,-23,-9.15,27.28,128,30.95,8.1,56.08,49,17.76,45,66,-11,8.52,23,56,39.3
-35,41.7,32.53,-29,53,102,-36,62,18.24,2,65,51,73.56,113,-20.95,-27,-24.33,30.38,89,-24,37,-47,-15,69.68,14
93,31,30,33,-33,-50,-21.51,6.09,56.67,66.84,81,111,144,-31,41.11,6.89,1.27,-22.86,120,49,5.85,4,-14,-36,47
25.34,-2,0.68,100,132,51,-18,16.62,28.71,80,35.3,-18,71.73,-6.46,9.01,115,28,120,74,14,19,71,14,104,20.88
64,34.16,60.71,48,53.33,43.03,122,-11,14.83,111,-14.94,-16.7,146,-23,84,53,-30,55,-46,57,55,15.83,7,-23.78,127
-22,74,87,-29,17.5,75,118,68,-21.49,144,-13.2,-18,-17.84,-16.38,72.92,14,62.55,73.19,102,65.09,34.97,-21.2,8.18,54,32.45
18.17,93,142,-5.65,142,101,107,30.77,-29,38,31.51,-17,116,-4.73,26.54,30.69,141,65.14,0.29,-35,-17.98,-13.69,45,47.79,29.06
0,20,-15,21.09,75,-13,53.44,73,-11.17,61.93,-6.21,68,21,-4,92,0,17,37,27.66,149,-45,54.6,53.36,17.1,-21.39
36,52.91,-24,34,-1.8,-10.91,134,18.42,18.84,-24.95,64,-30,46.55,23,134,99,-21,76,19,128,17,12.32,49.54,61,9
99,3.43,133,1,42,-48,65,124,17,57,29.01,-12,7,23,51.61,136,143,-12.16,13.09,139,128,85,-0.32,-17,57.53
13.68,98,-50,29.48,76,75,36.43,29,132,83,43,-49,10,29,16,16.39,70.52,46.72,107,-50,129,42,-20.31,30,74.17
57.09,-13,41,-7.29,-18,-10,23.21,-19.26,6.98,132,62.84,-5.64,74.69,-14,6,95,78,105,-48,-21.44,32.49,11,123,10,138
-47,2.19,14,-14.67,94,99,-44,49.11,33.5,31,-17.74,52,-43,113,108,48,138,-48,9.13,109,22.94,69.99,20.45,-11,-1.08
-7.32,11.33,-21.09,95,60,3.08,-21,117,-28,-2.89,76,-5.83,45.98,-11.46,0,4,91,63,34,51.11,-8.73,-7.12,73.88,44.87,27
48.05,39.81,7,66.73,59,-14.78,136,66.14,1,49.07,-24.01,-2,140,-32,49,-10,8.04,118,66.17,136,71.87,74,-21.19,137,45.52
-23,31.5,42.02,136,4.76,14.37,61.16,73,52,101,101,-38,43.36,46.93,73,69,67,124,72,21.39,40,-6,26.47,29,-20
-16,37.49,29,27.75,-23,18,137,69.42,22.13,143,40.64,124,59,122,27,127,58.91,23,21.89,-10.65,62.41,-27,141,134,7.92
6,36,94,21.64,29,100,68,117,149,112,26,12,77,-7.42,89,61,80,41,-38,59.39,-25,-42,17.74,49.65,77
9,118,-23,106,-17.33,124,131,140,70.59,73.55,69.02,34.32,50,72,4,22,-0.17,108,38.7,-19.69,62,110,46,1,-31
-14.68,47.6,43.43,7.11,74.56,-41,66.01,91,-23,13.48,69.84,-9,55,33,136,48,31,122,19.01,32,68.21,86,24.68,0.81,-24.17
97,142,106,-16.31,23,50.19,133,16.28,68.69,105,129,0,50,134,-45,9,2.93,36.39,48,42.14,21.95,11,-5,106,-15.61
128,76,43,141,76,45,0,-17,62.77,47.91,66,-49,-40,-12,-44,-42,20.92,0.47,50.5,67,47,39,143,-4.96,-26
68,7.16,-7.57,50.84,29.73,35.37,81,6.02,122,-23,113,34,93,4.15,2.66,-43,143,25,127,53,60.11,50.57,134,33,41
10.33,130,1,12.32,-11.73,41.88,53,110,9.46,-21.97,30.65,115,8.58,35,131,63,21,-9.86,98,6,43.72,110,-0.51,83,53
63.03,125,-19.02,85,-10.86,145,114,54.4,-0.44,59,3,73,74,51.65,-22.06,81,115,-27,-11.36,47.75,-7.11,130,68,-18.35,1.78
-16,-17.77,112,22.59,91,71.22,11.88,36,35.99,21,87,61.19,56.64,-6,-1.19,67.68,83,145,3.69,10,63.94,50,6,63,54.19
53.26,-4.17,44,-23,-16.26,98,7.19,-28,102,16.97,51.67,0.94,122,31.6,15.36,-40,87,-45,30,21.58,44.71,44.21,62,43,0.79
59.35,41.82,72.71,45,42,32.3,143,73,76,51.05,-16,39,-24,6,0,-3,113,17,32,3,-41,-44,-12,72.47,-24.24
25.88,-35,-21.85,-7.44,5.06,145,67.93,-22.56,27.89,11.2,22,-45,60.6,53.42,73.7,63.49,41.17,125,-18,55.13,108,140,70.91,22,11.07
4.81,47,-5.3,32.73,38,13.95,56.7,-48,-18.47,121,-50,-11.35,14.14,-1.61,22,61.43,-22,-26,-25,15.58,8.89,140,130,91,46.52
-15,66.62,-6,27,-31,26,30,68,51,45,-16.53,52.57,-12,25,-21,90,23,50,6,40,-12,-41,11.58,14.21,-24
82,126,23.98,64.49,69.32,23.96,66,57,91,0,11,31,50,70,-42,-43,146,4,-28,-18.06,42,21.28,118,55,49.83
0.6,65.86,58.63,29,45.96,-5,-10,-22.09,122,138,144,47.91,-12,11.16,-2.65,105,-22.43,140,16.16,-10,11.89,-49,59,-11.47,71
-5.95,16.49,15.67,119,-10,28.07,55,-24.65,93,1.69,31.23,54,9.66,-4.46,14.45,-6.18,0,-34,16.09,20.16,98,-23.94,21,117,32.84
-32,-12.21,74.72,108,59,145,129,23.36,2,45.53,136,8,45.62,84,73.42,56.71,33.52,19.63,-3.91,109,20,64,59,25.33,105
-11.44,47,-45,-36,136,8.35,16.21,83,11,126,138,53.32,11.16,44,43.85,64.83,-14,72.17,64.85,55,140,-2,17.17,-41,49
53,124,87,130,-13.62,24.43,81,97,135,-19,116,53.7,56.57,18.51,147,113,4.38,11.96,144,94,-13.29,37.86,34,29.25,-4.78
12.22,40,147,-42,95,62.17,49,102,6,131,64.3,2.4,27,3,26,86,10.77,22,-49,29.38,83,20,66.21,5,8
16.87,-25,-14.14,63.79,24,105,42,36.32,-0.16,57,-12.92,-47,145,10.26,131,134,-48,119,54,55.91,12.72,32,-24.52,-16.06,107
-30,97,37,17,-16.56,46.92,9,-34,-33,-4,122,-50,7.8,2,113,28,140,63,68.58,-2.21,-21,-34,63.86,-23.98,32.64
115,44.06,32.01,39.14,-41,117,137,56,130,8,84,-8.29,124,-17,42.44,-10,-8.07,47,-9,-38,-6,56,97,52,-28
41,56.44,96,4.5,50.9,93,-13.2,86,65.13,118,42.64,79,100,-11,20,49,107,-24.57,33,85,45.79,-3,141,69.15,59.56
140,65,-31,113,112,14.07,11.06,35.47,3.85,21.38,53.23,72.35,26.56,138,-5,37.92,-34,69.68,106,3.06,-3.76,-46,147,-24,-11
113,31.5,-7.42,88,61,-43,112,83,12.04,2,53.31,-50,-2.05,-2.51,59.24,74,132,14.16,68,125,-17.95,88,121,15,-4.27
145,133,139,76,145,16,61.38,138,-47,55.36,-34,47,-12.65,41,62.85,-13.66,11,-21.79,127,58.48,39,13.72,100,73,24.85
-2.13,25,97,-3,130,57,-34,53,140,-14.24,65,128,126,59.93,117,25.4,107,87,31.38,-25,-21.47,68.02,59.3,133,47.2
50,-26,121,98,81,37.51,32.04,26.48,-7.3,69.13,-21.6,2,78,-15.07,100,18,36.46,137,141,65,0,-7.67,55.3,74.23,118
-15,101,131,59.91,61.58,-9,38.2,44.78,20.6,57,120,84,107,-22.49,43.68,23,28,9.61,-5.47,47.75,41.65,129,71.26,21.94,25
-26,-32,89,67.71,-30,101,27.63,-18,41,13.2,-26,46,-23,84,28,27,-4,139,103,-7.31,46.79,32,68.94,-2.59,7.78
109,-11.25,47,21.51,-23,76,127,62.94,4.46,17.09,84,14.61,-14,39.9,95,-8,64,-20.64,-17.34,74.54,-22.35,41,58.52,10,33.6
106,68.36,72.71,1.23,-14.76,8.16,61.54,-35,59.36,114,13.91,9,97,-0.81,114,-38,-50,127,98,39.5,-30,143,36,-50,64.93
105,148,84,137,-14.2,122,42.23,30.07,63.53,27.84,89,-6.79,33.01,47,121,66.53,-21.35,61.44,-44,79,74.91,68.6,-32,-11.82,-15
144,-38,46,137,-33,-28,137,-43,120,-7,99,17,99,132,87,53.41,71.59,118,94,-21.2,36.85,4.44,-17,20.19,-12.31
49,17,38,-22.16,61.39,49,34,62.92,-16,102,60,-6,135,70.08,103,36.34,105,-34,50,28.7,83,27,36,137,-40
73.26,6.88,14.31,37.01,41.79,-18,73.68,18.82,70,110,20,-1,-0.79,15.75,14,138,30.63,128,132,47,90,-37,132,-37,79
36.42,52.58,-24.77,52,14,60,60,66.43,-46,59.8,94,132,105,-8,119,34.76,1,38.67,-24.08,144,95,-19,32,105,75
70,-13.44,46,30.66,132,100,-8.72,108,-18.38,-15.45,10,78,59.51,136,43.59,-36,49.42,-21.62,41,24,-23.05,21,18,26,68
124,106,61.85,46.5,15.98,-6,6,3,32.44,120,25.99,149,121,-24.01,145,62.36,77,103,6.55,7,1.1,23.45,59,57,66.15
7,-11,6.95,-13.82,31.22,68.91,93,51,149,-34,46.72,98,44.4,39,9.78,118,8.66,-15.23,64,60.26,101,34.54,-11.35,28.12,5.35
43,-24,-15,148,23.73,61.32,15,62,-19.5,7.94,-9.81,51,145,62.92,34.74,31.57,55.07,-28,62.61,55.05,1.86,122,149,36.61,40.12
125,67,47,98,29,-6.3,99,20,111,-3,134,45.23,-2.77,73.61,102,-15.11,101,51.97,129,101,51,0,45,25,5.82
-3.26,71.35,-4.67,4,64.67,27.6,3.19,125,-40,-6,106,-10.99,23.21,74,105,74.54,69.42,124,61.05,49,-17.65,-13.88,-38,-2.56,17.76
-24.37,49.88,-48,38.36,57,109,56,-21,45,-47,22,-18.39,143,48.33,3,-39,92,18.38,95,-17,13,-28,-21.15,146,-17.14
56,17,110,-1,-50,24.93,143,104,33,108,-19.19,27,8.8,5.21,57.49,121,53,-16.23,61,49,33.68,68,42.1,128,34.71
21.54,-34,5.77,56,44.17,47.7,-7,-5,14,-18.47,133,4,4.08,132,99,11.7,18.56,49,48.05,98,69.99,-35,34.98,-5.55,-45
-27,-33,133,18.59,-42,80,89,35.38,58,-12.32,78,119,35,19.06,-4.07,-32,-33,44.29,-30,-15.98,79,-9.4,48.54,-13,-23
-14.63,40.98,34.38,-15.6,41,65.34,128,64,106,104,61.76,-42,91,-41,70.46,36.34,-49,12,64,29.11,56.18,74.48,118,6,28.03
38.76,-19,51.86,33.76,-3,35.39,30,32.96,106,109,-1.93,126,96,57.27,32,-37,86,17.85,29,-22.33,124,-33,73.08,47.68,59.57
11,-5,-15.17,135,7.16,42.09,25,-20.89,44.01,-4.68,11.53,70.45,110,40.92,45,10,-17.6,-8.15,22,15.4,81,32,47,40,44
49.2,-11,134,70,64,-21,-30,41.3,144,16,16.48,21.74,-49,-33,-35,20.21,86,-3,-45,4.59,47.61,81,41.33,28.28,115
127,-47,34.77,145,15,109,98,66.59,87,37.68,-12.71,139,39.76,-8,145,119,-12.08,148,-14.88,115,107,-14,113,5.32,36.88
-12.7,97,-42,50,30.39,99,93,-14.32,5.03,-26,30,-23.04,75,-9.16,4.62,21,65.29,74,73,78,32.35,109,17,49,110
47.01,122,24.64,-16.12,146,56.49,15.72,7.44,109,44.99,-7.44,88,55,16.02,-25,40.68,-16,147,11,-35,12.28,61.21,20.03,67.3,-23.21
2.06,20.81,143,-28,99,74.08,-4.06,107,25,70.24,20.38,-3.95,8.63,-1,6.32,77,27,7,-36,121,104,81,28,-22,4.48
59,2.86,92,-2,52.54,26,136,-24.42,-36,102,149,10,0.13,63.23,47.1,57,131,12.03,-20,-6,1,10.6,-27,54,-42
34.45,123,-6.79,84,-2,17.13,-15,12.51,6,89,48,-32,87,120,136,43.95,68.64,-37,-5.06,40,-47,-45,-50,2.94,-19
27.9,12.2,112,82,69,23.31,2.58,-1.95,41.61,126,-13,34.74,-28,8,121,-21,87,-12.84,138,23,87,51.59,91,-20.73,23
51,139,52.48,20.53,96,126,23.9,-23.45,93,-25,62.75,-3,53.5,71.95,133,16.42,56.99,-30,48,73.12,1.89,-17.43,147,86,106
-7,62,-5,-41,137,140,62,142,102,44.05,-43,34.76,117,-5,137,-32,51.88,45.89,58.6,25.68,37,-19.79,48.67,132,-30
71,146,11.85,10,54.31,48.12,146,46.07,1,38,-6,54,65.17,16,121,136,53,41,43,-0.46,59.98,-37,72.07,12.43,-50
0.13,109,125,103,28,108,65,139,19,82,-44,-47,32.32,66,22.95,127,-45,4,108,45.67,78,-0.13,-28,71.86,136
-17.31,28,105,16.41,72.5,82,78,67,40.3,2.05,-2,45.19,68,44.7,148,-23.26,5.25,147,5,-36,67.34,57,5.71,-5,40
63,55.71,32.21,67,33.23,38,66.91,58,-9.96,144,67.59,24.63,84,69.32,48,4.91,70.45,58,144,21.86,78,16.55,12.76,135,57.2
14.43,-18,55,1.87,16,-17,16.45,47,13.23,76,144,40,-2.45,86,59.23,13.76,-27,44.06,3.08,-47,69.01,-12,11.77,27.62,4.94
-22.52,58.42,137,78,27.44,90,35.23,132,61.55,93,34,-14.21,-39,23.02,134,105,18.48,59,-6.41,5.23,60.53,113,-41,32,105
141,20,-16,73,32,-30,5,-28,8,42,131,36.3,78,75,-20.38,94,68.12,97,5.65,-40,115,56.6,74,54,129
38.75,135,55.14,75,139,-34,21.3,-35,15,66,71.22,9.01,-17.6,61.67,76,124,-16,-21.59,-25,90,148,-41,-33,19,78
148,53,130,-9.44,4.67,88,70.99,24.8,37.11,71.83,93,139,0,61.54,149,5,-13.01,117,77,-25,54.44,140,23.12,-25,116
-25,71.89,-24.5,31,9.13,35.17,72.96,38.58,7,12.56,37,52.71,-24.76,62.89,-28,-7.48,35.3,-22.5,0.78,71,2.25,-15.58,-20.14,63.99,-2.54
42.76,0,27.57,45.79,24.78,60.7,79,88,97,8.69,101,122,-13,104,-15.83,50.59,-14.81,60.25,21.79,18,112,50,104,92,95
74,111,5.02,38,-12,15.16,127,141,44.52,147,19.8,21.42,36,-20,79,132,25.1,-6.35,59.63,99,1.94,57,31.44,38,145
109,-2,75,52,40.35,92,37.78,26.11,97,90,88,-11,23,-19,-6.32,-49,135,44,-10.98,-13,0.83,-19.09,-36,-39,-16.07
75,18.54,116,40.4,11.03,9.56,53.36,19.65,34.21,34,119,-23.64,18.64,38.94,-18,108,11,124,-40,19.5,125,111,51.41,-2.96,73.73
50,-46,147,148,61,3,-41,-41,-4,-4.72,1.37,41,-21.77,83,13.21,-11.98,40.82,-18,46,57,18.99,55.28,50,110,91
-37,22.98,130,64.86,-18.69,30.14,-11,-41,87,0.86,49,-37,128,51,3.56,-20.57,19,19.26,38.44,7,3.04,43.36,64.76,48.25,127
19.81,100,112,27,63,-23.28,7.36,22.4,64,-48,55.95,131,107,69,15.47,59,51.91,-43,125,54,74.05,138,62.63,11.14,106
118,-38,2.24,-26,142,10.62,-10.65,-12.64,83,105,18.48,114,55.67,70,48.57,48,-49,58.63,93,48,40.74,-21,-23.39,19,-39
38.88,-0.43,-28,-49,-29,-9,62.79,36.71,78,91,108,143,42.94,-0.13,81,-0.18,67.31,55.66,28.16,11,42.89,149,72.64,76,126
-40,46.57,49.57,98,119,40.95,55.11,3,52.77,-35,-37,-42,46.64,60,19.54,140,136,12,13.68,-47,69,-16.71,40,-50,117
-3,90,74.93,123,82,-6.21,41.68,-26,17.82,8.06,20.23,12.5,-11.78,29.91,26.31,-5.97,-42,70.06,39,89,21,-27,-3.79,60,32
-8.06,-20.21,4,125,3,12.9,132,15.83,34.62,-44,-14,-50,45,86,56,147,-10.18,65,66,-14,110,-3,58,100,-10.34
50.44,74.41,-42,31.78,8.16,115,52.2,128,-21,126,0,83,49,66.43,133,31.88,64.02,89,70.59,-12.34,19,24.93,64,0.98,38
12,143,-17,141,37.67,16.83,47,144,-24.95,-28,21.99,122,36.86,-24.99,-6,5,69.86,31.59,12.91,94,1.56,33,-2,-13.61,46.43
-14,-12,2.1,-11,108,-22.22,109,24.29,8,141,3.59,28.77,51.38,29.32,39.99,147,29.71,-16,52.53,35.41,-2.9,33,89,-16,48
72,47.24,50,20,113,27,35.59,46.51,-27,-10.15,-5.21,-34,49,14.88,-42,62.95,-13.48,119,119,55,57.94,-9,10.77,42.03,9
14.7,13.86,66,47,41.57,-8,143,81,68,11.04,0.84,-15.58,123,37,1.34,95,128,-23.76,47.38,24.54,66.92,127,0.99,85,27
-3,5,39.99,27,142,56,143,-13.15,58.31,34.52,54.76,-18,9,105,9,123,-30,-2.53,144,-24.3,65.09,39.77,64,-5.68,23
76,72.29,9,53,11.51,123,-15,-34,-25,10.21,-12,65.13,18,-6.88,106,2.73,82,71,112,71.14,35,22.93,63,35.67,81
59.33,103,-6.09,14.44,12.26,-9,9.75,38,-0.47,120,129,-16,113,55.61,14,21,-7,61.11,74.01,-48,66.37,51,42,-32,42.84
112,51,-49,15.46,-7.42,25,49,114,148,11.55,25,85,52,108,144,9.76,98,23.26,-22,57.86,-25,46.08,114,141,-27
73.18,29,131,-50,87,23.83,-29,42.21,83,135,3,87,34.57,-34,27.64,9.83,72.85,61,50.71,142,-11.88,-12.08,-35,-23,25
18,58,20.29,24,-21.09,123,123,-15,97,48.92,24,58,-5.69,-35,23,16,95,-10.09,126,23.26,81,-43,78,5.77,42.89
48,130,24.23,8,123,135,56,143,62,122,64.93,-10.78,-2.11,26,66.45,61.45,29.45,-37,41.96,68,72,9.66,39.25,-31,134
57.31,50.52,38.04,1,146,60.04,-8.54,25.38,71.63,90,43.64,21,34.61,41,75,114,140,52.99,-3,-9,65,34,10.59,69.3,70
-12.68,0.36,48.43,46.04,-20.08,101,7,-6,33.5,52.05,-5.33,-34,62.9,54.14,24.86,113,71,24.74,48,57.35,17.99,-29,126,-27,6.7
14,88,13.74,114,61.21,48,18.89,68.65,54.94,2.43,39.72,60,99,2,134,-7,-40,106,-7,-41,96,101,17.55,-22,68
-6.04,63,-8.52,22,97,149,32.6,93,-35,51.81,30,148,-27,42.89,-35,21.7,75,34,132,7.04,116,56,149,-30,121
10.16,-49,23,145,-4.72,45.85,59.77,61.36,79,99,32.81,68,10,69,66.1,49,7.6,82,52,66,18,32,47.78,87,20
5,10.94,10.44,-16,143,6,74.12,17.79,128,-10.22,103,44,100,41,60.18,-32,-15.21,63,-12,52.81,73,47,-8,-15,1
-3.14,136,-21.33,83,104,123,67.12,64.63,37.96,58.1,35,41.55,45.08,53.5,-7.15,5,-4.72,32,39,106,-35,33,-14.18,48,107
68,47.97,-9.91,-46,14.67,66.25,9.05,75,147,131,-41,37.73,147,-40,95,-50,1,-16.86,75,59.7,86,47,-8.96,50,54
100,102,19.37,143,127,54,-1.07,25.72,58.53,66.82,69,-22.13,-48,-12.73,-0.77,29.91,138,-26,-32,-7.12,127,61,8.33,119,53
47,0.82,122,149,-2.02,19.33,121,58,29.67,132,68.18,-9.4,71.53,49.18,-23.98,-2.09,53.07,72,29.17,55.96,-1,95,-15.77,144,56.73
-8,143,22.36,89,138,48.07,40,43,56,20,67.21,-1.76,21.61,-20,-48,-11.66,-16.29,12.99,24,23,34.95,-43,45.54,21,1.38
64,79,57.57,90,-34,-29,147,-22.94,1,14.86,111,3.63,20.11,103,133,-13,9.07,112,-46,72.72,-33,-5.56,100,36,-15.84
-35,148,108,17.76,71.42,10.62,30,-11.09,31,54.48,-6,147,30,97,18.95,129,71,125,-13.52,72.47,80,75,6,46,-13
122,50,19,53.11,70.24,18.29,31.23,-41,-17,50,12.97,81,-10.1,23,45,6.58,-19,60.86,58,-22.61,97,15,-14.93,105,-20
12,58.87,68,7.23,19.02,47.99,-9,66.36,144,59,6,-31,138,55,145,-28,134,48.04,144,51,101,73,13.86,121,25.36
129,-26,126,-23.34,38.6,65.59,-11.21,54,20.57,9,-23.73,2.29,56,40,108,108,65.94,1.63,37.5,60.14,101,72.96,130,70.67,-40
-49,127,68.36,67.79,72.52,-21,-4.89,125,-12.14,-10.03,-19.83,18.26,11,46.74,1,142,22,100,116,18,131,2,65,-43,21.42
148,-8.61,63.37,1.17,99,12,58.82,39,63,70.69,86,61.13,124,59,103,106,104,-40,19.89,-17.41,3,-20.24,121,102,61.44
-14.93,33,29.07,-37,-39,8.21,85,76,74.91,-50,70,11,25.14,13.73,16.64,71.59,123,-42,-35,41.82,-40,31.94,126,36,117
131,35,9.63,-11.48,52.22,-2.36,53,55,127,132,134,75,14.69,-14.09,92,77,-6.59,10.01,108,40.47,81,83,88,51,56
-15,61.07,132,-18,-24.44,43,18.01,46.36,25,103,147,-10.54,-16.47,-25,35,-39,28,80,42,113,51.53,147,-4.88,63,-12.1
-24,-3,80,-12,110,-42,70.98,43.31,24,18,19,57,64,50.87,-42,98,5,102,24.01,30.33,83,29,95,47.68,-42
-44,-14,71,-8,-46,50,-24,37.89,-43,142,73.45,90,26.52,120,137,-6,59,5.82,4,28.66,124,1,68.3,-11.87,13
114,-14.87,94,59,-1,14.17,-16.72,29.77,-12,48.15,134,28.51,67,113,-17.02,-48,8.32,-7.08,90,87,56.34,127,25,-22,137
-1,14,49.75,-6,122,46.36,15,11,22.83,20,-7.76,-38,-2,65,21.62,-6,64.98,114,-18.65,52,-13.83,65,71.85,-16,-8.66
13.99,149,-17.78,21.21,50.09,28.91,-16,37,64,52,-19,38.32,106,-50,122,12,39.48,69.99,-11.43,-12,147,138,149,-17.75,-47
25.08,86,71.34,-20,24.4,-46,132,47,8.59,64.66,26,24,129,19.36,64,116,53.8,37,68,6.21,32.45,48,20.93,-47,-20
140,18,45,72.09,62,-33,-25,-1,8.83,97,70,60,-20,-46,79,-40,13,148,106,-12.95,49.99,-22.68,-17,27,73
53.71,63,71.29,-11,40.2,23.16,29.19,-1.77,6,47.77,-23.8,144,-1.09,69.77,55,7,62.27,37.54,140,-8.92,31,35.39,7.01,-19.53,30.14
98,93,142,66.59,-22.97,45,42.26,44,7,82,-23,147,71.13,141,32.42,-29,-11.51,-11.23,20,68,80,69.37,22.37,53.67,16
49,70,137,-2,-39,1,113,32.57,133,141,58.09,36,69,8,0.13,66.56,36.38,-2,22,-10.06,122,-23.72,-16,50.34,22
-36,14.78,-13.04,27.34,47,60,110,71,24.59,60.9,49.74,92,60,126,101,-30,121,94,-15,89,23.41,43,34.12,21,68
16.51,53.03,48,101,-11.3,-8,36,89,33,65.01,63,67.33,70.36,71,43,48,125,93,29.43,15.75,10.27,83,-10,-4.95,10.19
79,61,68,46.52,46.04,18,-37,38.35,77,74.02,27,-45,30,31.52,64,-12.66,-49,76,9.47,54,93,100,37,44.18,71
18.09,23,-20,-7,28.42,22.22,-2.63,10.4,0.16,18.05,53,-37,46.23,-14.35,-17,86,32,58.51,-12.32,-10,-18,-16.24,-32,10,114
54,38,55.1,115,-15,15,0,57.2,-3.36,25,4.01,-15.08,-13.99,92,-35,-39,138,87,72,11.68,55,65,-4,1,53.53
-4.11,110,97,-20,57,4,-24.38,143,-17,1,117,84,-22.89,25.46,109,111,29,17.45,54,9,47.15,-20,116,58,99
-33,3,60.17,72.18,-49,56,60.14,43,138,-6.61,-5.25,-28,98,33.36,41,27.49,137,38,63,-36,80,37,-13.72,-13.23,106
20.33,97,106,24.46,61,101,40,114,106,92,-3.95,1,-36,-27,-8.2,16.9,-14.76,8.6,-44,82,60,101,123,21.8,-7.22
58.94,68,16.89,56,85,23,109,50.58,90,44,-3,49,15.53,137,15.03,67.01,119,-18,24,-15.2,55,63.35,46,64,-46
59,-13.08,64.51,14,6,45,-27,-42,42.31,114,-10,101,-21,26.67,6.42,-40,49.99,0,89,22,142,-22,43,74,131
108,-14.69,47.11,72.97,-22,-15.29,41,53,56.02,142,125,146,84,61,57.32,-41,-43,47,55.85,-34,73.65,123,83,67,23.31
62.95,8.73,58,74.45,104,-14.02,27,131,1.67,46.53,49,10.26,142,136,136,-26,98,58,38,-39,16,-2.23,-33,-6.71,70.92
38,119,92,106,31,85,28.71,-38,-5.71,-1,114,13.84,-14,-15.43,56,44.41,141,21.23,134,120,32.77,45.82,28,11.29,-13
-9.72,64,96,86,2.58,41.83,144,106,-21,137,62.8,71,54,71,-31,-20,29.52,74.19,48,37.92,48.95,6,71,135,23
78,122,-42,137,-23.43,2.78,70,28.17,-3,-19.75,46,128,140,24.16,13.37,-12.18,38,44,68.7,-0.13,-2.55,34.88,-34,-19,3.03
4.48,7,36.65,67.41,91,-1,136,29.08,24,58,24.08,36.17,45.99,124,126,9.23,45.04,0.04,2,-9.25,18.24,10.33,-2,-17.9,9.76
24.05,80,-10,6,35.43,-42,-33,42,11,129,14,140,53,65,-24,16,18.62,65.82,114,-12.29,17.48,103,101,-16.47,-10.76
72.18,17,26.87,27.28,17,54,14,6,0.83,-1,54,47.88,24.53,68,17,47.19,65.5,67.89,-1,47,52.11,3,11,133,25
32.04,54,-6.9,30.15,21.98,-45,22.99,8,-29,26,33.44,138,144,17.57,127,78,14.88,139,32.17,126,3,102,33,-25,55.54
35,-22,-6,56,-17,-34,-12.22,-34,6.54,61.07,49.09,-7.61,-12.34,121,28.37,135,-39,106,19.08,122,121,-24.12,-18.72,-23.14,59
9,1.55,131,-5.81,44.47,-23.73,49.82,10.83,94,37.72,147,-25,-24,16,64.23,90,110,65.44,19.29,-2,-19,20.83,16.57,116,63.15
-15,16,9.48,16,-49,66,-30,39.37,80,-30,36,-16,74.12,52,78,17.39,-5,-40,37.37,9.39,-24.33,65.92,2.34,-19.75,7
9.96,36,70.32,119,22.34,11,82,16,32,-26,-38,12,105,17,-14.11,126,-5.96,39.58,84,64,116,51.7,38,73,117
28,28,30,131,132,104,-42,-19.07,53.98,-20.81,88,119,3.45,63.39,64.49,38.47,92,7,118,49,70,63,21.22,65,109
19.04,5.94,47.43,10.75,71.26,33.41,-18,-1,103,33.4,66,97,25,-50,12,76,73.2,-17,39.28,-16,-16.53,25.41,67,55,59.2
107,34.78,47.78,109,73.16,-32,70.98,15.15,32,-2,21.01,22,54,53,90,20,112,4,-36,62,109,128,2,-1.67,40.29
-26,-41,58,33,62,20,-19,56.71,52,149,63.52,-42,-31,67.97,108,-7.34,-34,35,59.88,139,-7,-6,132,22,43
148,60.32,47,18.04,22,96,-43,30,26.58,57,45,63,122,149,-4,-12,-38,28,-25,142,-45,5.02,60.56,36.88,-24.69
57.54,30.23,-17.68,46.87,44,57.39,51,9,34.94,6,23.55,6.87,40,-14.83,21,-31,29,25.94,89,49,-43,138,68.6,-23,-18.34
80,61.68,82,48,-7.36,120,52.04,142,93,63,122,68.59,101,62,-43,144,24.38,37.48,67,96,-13.34,31,18.5,115,68.45
25.02,60,-9,-47,18.22,-17.07,-30,147,38.71,-27,-49,2,-1.3,26.93,53.18,18.81,49,18.51,36.6,-10.23,23.9,112,-23,2.1,56
-44,68.09,54,115,-9.56,19.96,-44,17.53,66.54,69.79,2.83,24,-24,12,-27,79,74,100,-1.85,64.8,93,53.9,31.82,26.32,-26
-48,-22,35.36,7.09,-43,25,70.2,135,48,128,-37,-24.86,122,24,26,109,21.98,3.1,47.96,41.99,26,14.45,-10,-17.07,46.91
128,81,2.26,23,72,51.52,128,68.46,98,96,42,77,35,103,-37,78,-9,-8,39.82,19,56.32,134,49,8,27.7
83,19,31,-11,16,3.23,-28,64,-3,38,106,-24.9,-25,69,12.32,21,39,46,2,37.14,79,-16,28.79,66,33
84,110,83,73.93,35,-2,130,119,72,10.72,23,-2,118,55,120,71.19,-20.32,74.33,5.77,12.44,74.07,42.9,7,42,14.4
65.38,74,133,138,42.14,-2.43,-4.9,-50,17.94,36.89,41,134,30,71,68.23,116,82,-19.52,38.24,35,-14.96,29.74,22.01,31,107
-37,84,4,-11,119,22.36,0.11,36.04,-27,5,15.87,30,7,-4,28,141,14.51,48.9,30,52.45,69,38,2.15,105,-11
-18,82,-29,-46,7.84,8,-8.07,-20,16,25,146,117,55.66,60.4,-5,48.78,-13,65.14,17,133,146,-10.01,96,10.83,15
27,140,37.74,112,-9,70,35.04,74.41,15,-42,56,68.13,6.42,-22,108,64.26,34,-5.21,50.75,24.88,63.8,47.5,7.66,-16,19.95
110,-3,133,-39,62,27.58,28.2,113,88,87,144,-8.04,145,61.26,15,38.02,51.48,61.56,35,118,70,107,-20,63.22,-2.84
134,111,-17.07,104,25,27.77,80,66.32,14,92,53.79,31.45,54.32,53,10.81,101,4,130,9.47,44.71,79,71,4.96,58,37
-24,42,9.71,62.26,17.63,-36,80,40.49,91,50.52,63,-18,-48,-22.18,125,95,6.25,12.22,17,-4,92,58,-23.09,35.28,66
68.65,59,72,141,-24,48,93,-26,75,111,39.36,-4,-37,20.84,43.85,-8.92,66,-22,-14.13,105,121,-24,2,44.87,0.08
33,95,95,42.19,35,135,123,-25,61.07,55,144,58,36,22,14.92,14.55,44.44,140,47.12,144,-15,134,-11.57,17,27
69.43,17,-33,28.94,27.91,-20.23,13.39,18.13,28.09,92,143,-22,-46,9,-8.49,63.67,72.47,117,32.8,33,7.7,35,67.55,5,11.54
50.47,92,37.38,-10.57,-37,31,116,-8,38.66,-0.25,34.43,-15.11,-6,123,108,5,131,10,-5,100,83,124,44.17,17.66,127
83,-22.09,-23.95,109,-10.42,31.93,120,-22.99,13.49,13.5,-26,66.41,10,8.54,-47,-31,56.12,23,-19.27,57.87,8,49,115,18.86,5.03
42.61,95,8.63,70,26.57,126,86,80,-9,27.88,38,-33,-12,107,-8.76,-21,124,71.43,16.52,23.84,-2,52.75,68.41,27.72,21.19
73.98,18,144,66,-24.97,109,-12.05,-38,37.77,55.47,48.63,-11.56,28.73,-17.95,0.76,125,-2,-12.68,8.91,52.38,145,-3,63,12.42,66
-48,76,73,-6,149,42,92,117,18.5,50.97,47.78,53,14.27,37,36.44,-41,0,-33,50.19,72.45,-30,48.97,58,-16,-12.07
50,66.9,91,23,21.45,5,98,148,122,1,-38,61.75,-28,-4.79,123,81,-20,122,19.52,54,12.74,57,105,83,146
66,-27,21.45,-4.22,82,75,27.7,73,-2.08,81,19.76,54,33,17.71,90,32.18,128,50,1.45,112,42.71,26,124,61.55,-43
-17,58.98,39,25,71.51,72,139,65.75,24,43.14,131,-8,-39,50,34.57,-29,5.34,54.73,71.73,117,-10.8,-15.49,-34,57,119
-23.61,-23.01,43,75,145,-37,67.05,139,-12.44,12.67,52.63,-24,35.49,125,129,135,-17.77,94,-16,115,-11.56,46,-31,-13.22,30.14
-14,39,41.72,9.22,114,70.4,73.65,-36,142,35.38,114,23,26.92,0,5,52,62,45,49,-37,4,87,-10.17,117,131
36.33,96,118,21.74,75,83,13,15,68.39,45.34,59.66,147,48.77,40.12,131,37,110,24,19,81,70.35,42.25,119,53,-18.56
-17,79,118,58.11,109,82,8,120,42.42,-38,17.87,-32,115,43.88,25,68,72,63.72,-4.77,72,60,61,2,5.7,-15.62
-4.75,-29,60.22,140,145,1,75,59,-18,-5.9,31.74,72.83,126,52.73,-19,66.59,103,12,-17.27,-29,69.38,62.8,-7,-31,51.05
94,-36,30,7,111,125,43.78,77,122,63.4,15,-38,39.79,-23,12,137,21,26,32,112,42.49,1.49,9.51,74,46
59,-15,146,16,60.75,62.83,21,-2,16.89,27,78,-19.13,-34,148,135,130,107,49.81,20.01,99,27.19,-1.96,6.48,116,24.41
95,135,140,121,72.35,30.12,20.33,87,4.67,10,64.71,56,11.06,-3.08,-29,57,28.24,112,-26,34.26,88,60,38,90,53.09
61,69.24,13,-16,95,4.85,12.58,21,137,43,8.11,137,7.16,-15.97,42,141,19.02,20.3,58.91,18.36,-2.35,-7.58,-43,32.09,82
112,23.3,68.67,26.02,44.94,124,121,34,70.08,-18,25.3,66,-35,45,34,108,-32,60,-3.84,44,8,-0.96,46,121,2.23
72.54,47,144,25,64,54.81,-7.52,-49,63,74.08,90,66.79,54,10,35.29,94,58.58,37,115,80,144,-16.83,128,105,-22.55
109,35.97,-22.62,-19.05,-24.62,65.24,2.52,8,-40,36.25,15.88,-24,55.48,-37,-1.53,25.84,129,-1,53,131,137,68,12.08,-9.62,10
-40,111,12.3,34,-2.43,102,-35,14.09,36.74,27,61.14,-3,-17,52.89,55,24,71.44,23.26,16.74,-45,-33,133,23,100,11.1
-14,14.04,19,54.5,-21,73,109,1.65,7.67,60.18,98,137,145,44.67,50,101,-36,3,42.96,-24,48,28.24,18,-24.67,105
45.64,34,-24.09,95,21.05,56,21.49,50,-38,-28,19,149,83,27.01,30,23,43,36,-12.61,64,123,45,-19,38.07,27.6
39.28,106,10.87,-49,31.84,38.14,149,113,129,-12.11,37,-46,40,-8.49,58,67,87,70,122,57.78,52.81,91,-48,-8,58.08
121,-1,106,24.04,56,4,-21.89,5.18,9,74.22,115,54,125,14.88,124,41.99,125,28.18,63.34,104,66,-14.7,39,122,144
33.91,98,39.62,-1.61,45.08,44,21,29,115,45,13.97,118,44,-7.57,54,51.28,6,113,106,121,-25,127,43.74,94,77
72.7,-47,4.6,-6.2,12.81,146,47.84,27,127,73.81,55.42,-5,80,3,-19,49.52,68.85,48.83,2.31,-23.69,85,42,94,21,37
-8,21,-29,0,37.12,128,56.93,-45,-12.76,0,64,-15,12,49,-20,-20,122,-2.79,-22.36,20,-0.53,41,2.79,31,65.58
33,149,15.73,38.8,103,-50,21.55,-37,6,-4.97,38.59,35,147,-17,-22.4,-7.17,-1,50,62.26,113,-12.82,26.31,-16.74,16.56,37.81
68.22,16,-19.03,-15,17.59,132,-45,56.94,41.05,127,-11,44,136,49,-50,-20,145,74.07,13.34,20.27,143,3.38,90,113,147
103,110,-15.13,10,53,3.51,59.31,14.62,127,71.58,137,34.21,-5.27,-11.14,-42,-11,65,69,31,64.52,73.8,84,-33,32,122
-8,-39,70.03,112,27.91,108,80,65.64,92,-20,47,56,-50,131,86,31,145,-10.91,-8.45,-17.47,132,19,135,146,31.02
37,62.82,-8,78,60.67,43.03,32.74,127,124,141,71.81,114,23,0.19,-1.33,-35,-4.61,31,26.63,51,-20.52,41.59,50.22,25,45
-49,-28,85,138,27,87,32.01,60.19,84,34.31,133,-8,59,32.14,51.01,9,20.26,47.6,-8.33,66,-18.15,43.92,-1,93,57.73
114,72,100,-48,19,12,-11.05,-5.36,-13.34,26.46,42,0.62,35.5,32,11.1,18,53.56,-29,30.27,27.41,22,95,-18,-25,41.64
99,67.69,30.31,-19,91,119,16,27,53.54,-10.27,-23.96,110,129,138,40.15,-49,13.34,29.86,35,51,29,-22.8,95,121,98
71,-30,21,25,4,33.74,1.38,-38,30,-26,-11.48,-4.28,29.53,-19.63,57,-12.92,88,-14,131,-45,70,-1,-21.89,-47,28
2.48,8.32,144,10.67,71.02,-16.87,109,55.3,-8.45,61.08,110,-23.55,144,21,61,25,-50,0.53,-3.13,75,34.1,4.06,45.26,99,49
30.64,16,118,95,55.1,46,-40,-42,71.6,112,98,27,83,119,20.74,58.59,9,40.18,19,26.27,-16.48,54,80,13.02,-33
-21.04,67.99,-46,-6,55.25,-4,23,63.66,-24.31,130,50.49,19.79,-14,18.11,127,-30,-4.76,6.33,-11,-25,6.33,48.46,-8,60,117
96,-17.58,70,48.93,-38,-10.43,25.86,41,112,38.65,-3,-11.65,-11.22,113,56,1.36,55.17,110,20,86,61.53,55,-29,29,48.91
58.02,54,104,67,-6.18,-14.75,95,1,-37,101,8.8,46,68,126,8.21,147,33.82,0.2,32,45.99,33.31,0.63,-2,37,15
91,-1.37,85,105,10,-29,118,115,59,41,-13,3.63,14,-20,30.07,35.98,25,5.08,-0.17,66.96,98,108,-40,-8.25,24.26
7,7.82,33.02,24.84,101,31.06,73.31,58,56.65,114,66.33,90,8,82,-15.54,-1,75,133,35.02,128,99,34.34,2,141,-5.57
-17.51,-43,-7,-48,76,69.64,39,73.36,34.73,-23,9,47,32,2,15.82,69,36.02,42,-6,62,-30,-7.07,125,90,-39
107,-15,47.27,79,10.58,-6.08,51,-1.45,-5,-13.58,29,58.28,-23,67,-11.95,20,-2,108,68.59,77,28.37,30,43,1.71,31.42
32.96,123,11.32,73.15,51,-44,-26,64.9,14,16,20,72.08,14,53,136,-7.8,81,-21.62,6,49.63,74,35,30,-4,54.66
-15,68,3,-45,-48,115,71,45,120,59.63,67,101,-33,28.68,-4.33,30,67.03,-12.49,77,71.94,8.73,141,-20.41,66.68,34.26
88,-23.23,124,23,10,39.79,72,59.35,-35,140,9,-50,128,10.86,69,36,106,147,90,33.23,132,53.66,3,0.29,113
10.81,130,96,51.57,94,37,91,-11.35,38.82,-16,143,93,-20,-3.09,1.37,71,43.58,94,147,-22,2,148,65.05,92,59
45,39,80,6,-11.17,104,143,53.3,43.8,43.18,48.41,136,134,80,23.76,-26,51,15,107,11.31,46.86,-5.1,-9.98,117,136
73.2,37.42,42,4,62.13,-4.93,18.53,53,15.23,-12,-24,-23,53.24,28.24,18,-23,82,22,27,51.91,26,-1.55,-20,55,-13
-0.02,90,7.65,38,69,-7.39,81,64.78,18.24,-19,50.48,-14,123,13.27,50,-8.74,51.36,16.85,-29,15.56,13.04,-20.48,93,47,-20.07
44,26.74,36.97,-47,-10.09,83,60,22,103,20.55,51.5,-7.85,68,47,36.59,95,-11.16,-6.31,-25,96,73.48,107,96,10.64,7
68,71.35,31.54,66,49.82,-46,42,112,59,95,19.21,20,-10.6,-19.36,-40,60.44,-12,-15.03,35,105,125,-6.89,57,65.29,-21
97,37,-10,60.55,2.56,140,48,43.12,39,17,97,13,33.92,136,96,-45,4,54,8.34,-18.34,8.16,86,49.93,1,39
-35,28,28,10.73,50.74,-16,41,-2,74.57,61.81,-10.8,91,34,9,-23,8.92,51,50.67,33,-10,-27,5,66,107,6.75
7,-22.94,73.59,80,88,13,-27,-43,24.89,44,-0.69,50,138,6,56.32,-17,-11.65,83,13.42,71.58,21,72.06,13.44,135,-11.72
-31,71.34,22.03,-28,24.96,79,-28,8,-10.3,-24,107,8,94,39,53.81,83,34,9.07,115,70,-11.98,63.68,58.33,-6,62
3,33.49,14.33,81,0.99,122,137,72,-5,120,145,84,-3.57,58.06,53,56,87,142,16.32,122,138,91,-44,90,-26
32,-31,9.34,32.6,128,7,52,-39,17.34,-4.04,-9.79,13,-33,78,44.88,-1,71,25.75,32.68,-9.23,33,101,126,-30,50
-50,65.99,10.21,-15.63,5.97,-46,20,-26,137,31.26,5.64,-29,-10.51,62,-50,96,-26,59.59,131,13.98,59,142,63,111,-50
31,54.07,133,31,38.37,81,-23,56,-42,59.6,13.33,104,149,-22.99,-29,87,129,-0.46,67,45,34.36,55.05,78,-8.12,82
65,69,-3.09,14.56,-15.32,-41,9,0.12,47,64.25,109,123,38,98,57,125,47.04,-4.76,38,73.64,24.71,108,-23,116,-37
-28,143,22.07,-7.68,-16,69,-26,38,47,-1.3,39.82,24,-17,-22,-3,2.34,92,69,85,7,95,146,93,65.65,140
148,124,-8.3,69.24,64,125,-12.28,-43,64,-9.69,-8.58,57,-5,63.25,108,-24.63,50.71,51,88,36,52.11,64.2,15.86,42.66,47.09
-14,8,0.58,39.34,-7,4.9,36.91,17,-43,47.68,-15.39,69.49,16,19.08,-26,-10,-49,41.69,4.97,1,-9.55,-20.91,17,4,71.32
82,0.68,106,64.83,-8.82,49.33,-41,56.22,-16.61,-28,57.46,128,72.55,66,7,-24,11,-28,57,-48,36.54,-34,87,62,-13
35,137,25.58,77,23.08,72.62,-1.1,73.19,5.09,-3.38,-12.36,126,-9,54,-22,-19,57.54,10.76,103,-15,111,12.56,2,50,74.57
-43,-44,70,67,-6.94,-30,71.84,-21.21,147,-26,20.67,110,-10.12,30.55,-24.76,31.32,-13.22,17.76,37.86,19,-42,79,18.31,-9,134
-10.67,29.67,83,102,-24,83,-25,132,-15.33,35,5.29,59.04,-37,146,69.07,-10.27,17,46,98,-16,34.93,118,57,-24.01,63.91
-37,50,55,-17,30.34,-16,112,23.49,36.71,122,36,31,134,7,92,25.36,26.75,-18.1,-33,140,92,17,-35,119,17
15.88,-17.76,-3,-5.55,-31,113,127,40,61.21,3,68,-33,93,-13,61,124,112,-13,64.31,-6.55,-47,35.4,26,100,-6
44,56.62,-30,144,138,33.83,18,11,-21.62,54.16,41.1,-20.47,-21.32,11.51,-0.24,68.33,42,28,133,90,140,9.48,60,19.45,72.29
35.19,27,-27,44.67,138,-42,-30,-18,-23,92,4,81,-30,18.37,-32,59.3,6.22,-25,19,23,48.25,0,-27,80,42.62
85,-33,27.98,106,11.93,32.96,-3,-4,106,-13.48,38,31.5,113,-21.55,-19,56.08,31.6,82,71,4,-46,22.11,71,33.82,117
-43,12,-11,105,10.55,-18,136,136,71.95,38,38,67.25,115,119,104,50,1,47.01,-1.39,48.59,-30,50.38,85,47.98,-11
32.41,22,29.35,104,-1.87,69,141,27,125,23.73,78,133,33.06,-44,125,59.46,59.25,71,55.47,31,27,-1.9,-19.54,53.61,52
146,56.54,21,7,24,124,-24.25,68,11.8,-10.87,26,87,-6.06,75,57.17,-47,-2,22.54,32,29,-21.92,44,50.16,4.06,9
-29,129,-9.4,19.77,44.5,2.3,-48,3,-25,16.5,42.37,141,108,1,47,61,-45,72,91,48,-5,132,45.02,130,70.95
89,-15.4,-13.37,51.6,96,145,68.79,32,69.32,105,46.11,27.46,119,-19.1,13,123,61.98,52.93,141,36,30.61,33,47.6,-2.12,28.99
127,-31,24.32,143,5,15.84,59,67,-34,76,-23,35,24,60,-7,60.91,3,-18,68.63,-2.33,129,12,99,-46,43.2
22.74,-13.55,33,0,147,114,31.84,45,57.42,114,0.31,-11,56.7,0.25,-11.27,19.3,42,129,139,13.36,-19.51,-7,73,-21.48,73.74
68.5,28.14,39.09,50.56,25,95,-18,105,88,-46,31,110,-17.14,117,108,45.07,-16.5,-4,63,39.07,-4,-5,63.18,33.21,53.36
-47,-6,39,-43,-33,-26,25,-49,72.15,-28,-7.19,-11,-9,45,-16.25,113,-14.33,58,144,68.79,12.31,108,149,149,46
-23.02,69.29,31,46.87,83,-37,2.41,141,44.25,96,135,6,63,-1,0.57,25.75,-8.27,43.41,127,100,59,107,20,95,-19.85
37.92,-19.62,120,-30,71,53,61,50.84,-11,-8.63,16.61,32,-48,-25,-21,41.64,74,137,115,48.23,109,67,-22.29,6,-1.03
40,-4.84,-18.91,6,15,32.14,109,50,77,68.54,22.92,113,57.86,18.24,60.43,5.97,-30,-12.77,-10.35,121,-47,59.15,22.14,72.01,22
-49,-42,92,-4.73,-39,25,18,-6,47.6,37,34.24,-46,5.54,-11.57,-21.39,-47,14.89,112,64,111,136,105,103,77,-49
33,-19,20.64,108,-37,98,93,-28,10.4,-27,17,38.69,0,145,74.49,2.49,-16,12.91,-27,10,11,82,59,34.17,-19.71
15,47.25,26.74,64,141,54.53,125,125,17.14,58.59,-5,23.65,90,-11.97,67,3,-17,132,38,18,73.94,44,-3.77,-20.83,53
73.25,-45,120,85,-32,31.82,-13,35,111,132,144,-2.82,-6,107,50.22,55,142,19,-37,-32,47,123,37,55.26,28.7
27.03,48,-1,117,-9,44.98,54,38.81,68,126,114,-13.39,4,6.21,-38,-5,7.06,24.7,-48,-14.94,3,122,44.92,84,67
5,17.22,-8.05,97,120,50,62.93,128,83,-35,18.95,57,13.78,10,63.79,21.88,-11.48,33,128,21.51,74.62,-47,-10,-11.12,66.9
12.69,74.56,147,14.7,56,33.84,37.84,24.48,9.31,80,7.02,61.91,135,116,116,69,58.25,1.32,87,11.29,122,51.72,32.28,131,93
42.47,10.97,61,-13.42,1,-23,109,66,-5.18,-24.47,-8,71.36,83,68,108,73,-23.42,14,15,78,36.01,-15.32,97,72,25
125,23,146,-25,138,143,46.15,83,19,66,25.73,-18,21.5,40.06,52.5,85,87,-11,10.23,13,103,19.02,23.74,109,63.61
132,-12,49,12,67.8,118,-7.35,22,6,26,54.08,3,69,37.85,51.62,63.74,59,74,17,61.01,59.29,17,98,-31,14
61,-36,-3,-39,-13.56,26,145,14,6,47,73,-36,59,37.75,1.78,70.07,74,-2.21,-37,66.3,60.67,38.86,34,64.48,129
7,38.79,-23,69,97,-37,71.35,-12.15,54.76,58.83,-23,53,-27,29,51,-11,-33,138,102,-40,146,109,117,137,32.49
-26,132,30,2,67,-49,74,21,85,87,94,-44,115,33,-3,123,14.73,65.48,-13.31,-14,-43,74,34.43,53,-44
-2.15,-22,52.09,39,87,-8,11,115,-48,-23.62,129,68.98,127,92,62.23,45,-40,21.91,61.74,39,113,6,14.7,68.83,38.03
-12,9.29,36.81,53,136,73.02,9,125,109,-40,117,4,-17.09,-27,6,50.39,120,42.09,85,-3.92,-13.88,74.03,88,19.02,-39
24.46,30,-46,70,118,60.99,110,142,88,-50,114,91,19.82,3.45,-25,36.15,63.21,107,-9,-32,-4.13,-26,-13,21,104
52.95,27,5.11,-36,35.02,2.14,-3,86,35.35,5.35,38.74,24.03,27.17,-38,104,11.71,55,108,108,8,39.45,134,41.14,-1.63,79
145,31.46,127,100,19.65,146,-25,-41,67.57,116,11.46,-50,133,53.1,38.08,117,64,94,-9.14,51,53.31,90,39.24,-4.67,49.58
-12,12.61,65.24,30.69,46,60.05,33.44,81,-13.87,14,148,52,34.58,15.48,39,9.28,-14.24,61,54.34,-46,132,116,-21,33,39.34
66.88,19.46,70.36,69,-32,-1,6.18,145,111,9,-25,-27,86,54,-19.67,5,64,74,91,-40,140,3,96,55.74,67.21
74.46,108,-10,49,120,104,-12,62,111,63.33,50.52,13.18,40.74,103,-9,49.55,149,-4,90,-8.2,34.92,-2,62.86,-24.01,55
20.41,0.67,-15.01,37.32,5,42.92,129,57,148,87,131,30.56,63.2,-26,66,61,57.94,14,-34,31.04,13.3,48.66,-9.87,-21,18
-10.2,-46,125,90,35,43.2,26,133,5.75,18,67,22.03,7.36,-14,19,29,41.04,26.25,1.83,40,-48,-11.45,-32,-32,119
120,106,-1,-20.52,-22,-5,1.74,148,34.16,-40,12,-19,60.77,63,20.19,-5,132,-1,141,-49,73.17,-36,92,-19,13
11.56,15.9,146,130,4.37,43.22,131,-41,-0.22,134,74,-46,34,37.57,-15.59,62.98,94,-42,-15.43,-11,18.56,7,127,46,-32
40,-33,141,-12.62,58.86,51.58,85,49,34.1,39.94,-34,17.72,30.38,-46,44.47,106,-10.32,76,39.41,47.01,96,52.73,-28,11.05,88
63.99,-36,-8.35,149,130,35.83,-21,53.08,71.48,52.34,74,143,148,-23.06,72,-34,9.06,6,71.06,19.12,-29,28.02,-5.91,-7.76,32.45
58,136,14,144,104,41.51,140,-21.37,46,18,2.62,-23.21,10,43,35.21,-35,26.1,57.68,82,138,-8.44,-15.73,-47,6,-18.29
73,122,-8.76,50.62,125,44,62,14,136,44.83,73,116,26,56,1.5,20.39,78,56,52,-1,50.57,-2,10.75,95,-14.61
59.23,1.77,94,-10,-30,-3.54,69,-23,-10.04,61,-7,-12,56.39,-18,72.06,64,99,7,64.24,-18,-5,85,74,16,17
9,144,147,-1.23,12,32,-7.8,129,30,35.64,18,66.83,50.81,38.13,64,10,43.64,-24,-9.07,57,51.62,46.84,17.88,-5,-20
-27,68,98,44.83,-4.6,96,72.9,101,4.4,-12,84,-5,-15,63.28,38.56,35.23,23,56.43,21,56.66,-50,143,90,57.6,-11
17.81,93,-27,71.03,22,139,37,46.1,64.41,-12.5,149,16.22,-19.06,47,19.17,74.6,37,29,-25,90,30.06,62.02,54.99,39,25.39
11.62,20.2,19,37,-1,17.65,25,56,27,108,58.45,52.11,134,43,-24,-14,36,68.1,-16.91,-16.8,53,69,59,70.1,26.37
-22.49,-38,61,6.82,20,51.35,124,104,-15.94,52,119,-8,28,47,-36,-0.14,-32,12.81,32.89,120,25,-28,60.22,56,138
47,19.07,25.49,-0.68,-13.61,109,126,121,0.01,10.09,80,73.14,139,124,64,60,101,131,62.97,11,-6,59,-22,66.83,5
-22.27,53,41.09,64,-40,148,57.25,28,32.73,144,62.32,26.6,15.72,115,-27,-30,74.59,53,29,-3.92,-50,-15.89,-21,129,-8.2
5,7.14,82,-17,71,66,70.14,-22,67.74,-14.64,61,125,24,56.49,36,-20,30,69.68,-9,53,21,41,56,42,117
-1.29,55.02,114,54.03,-13,59,75,149,29,128,-11,38.86,-15,-14,22.45,57.3,58,0.11,68,-45,75,45,120,79,-1.6
0,-22.53,75,32.07,-22.14,139,66,39.04,68.72,63.05,-1,14.61,0.47,-21,7.07,4.41,12.77,-13,-0.7,67.47,60,65.31,-4.98,21,37
11.93,92,52.96,-10.85,50.82,-9.07,-18.76,85,56,-47,61,61,24.58,-28,22,98,15,101,87,-41,21.01,69.7,101,-7,60.91
86,120,22.69,-12.88,47.85,64.54,24.08,143,5,39.74,64,-17.71,33.54,-9,105,96,117,97,20.53,86,3.68,76,73,-24,46.35
68.12,-16.58,-32,52.95,-47,-0.66,71.08,21,109,-1.43,10.03,-8.18,-39,140,80,92,75,122,41,0.07,30.11,62,59,-17.4,69.91
143,-6,111,-1,2,-7.55,127,60.72,-36,51,10,78,110,65.63,94,64,139,70,36.37,58,-6,-45,52,85,-21.08
-16,-3,4,54.23,30.93,31.12,13.07,-24,32,-3.54,125,119,18.56,45.21,93,24.11,101,106,20,95,-35,62.34,87,95,35.3
116,28,1,-17.94,92,-32,35,20,147,46.47,1,48.23,12.61,34.34,118,108,-11,60,12.03,9,-1,42,-11,91,45
-18.65,-16,100,64.59,145,-23.97,143,67.76,70,57.75,60.1,-30,19,-20.92,10,-17,30,-0.79,31.09,115,27,30,0.53,18,143
45.24,-25,-18.5,33.48,103,5,-1.97,144,20,48,-23.39,-3.5,-8.36,118,95,32.8,83,52.08,87,105,121,57,70,48.58,34.92
14.65,-8.12,35.89,53,47.31,-47,60.21,-34,-23.11,29,53.33,94,-21,58.28,54,-0.04,43,0,137,30.24,36,18,137,57,38
-24.36,45,-14.06,-46,25.54,131,13.48,119,34.57,108,20.89,90,141,58.19,-19.2,60.56,98,127,27.86,51,116,3.57,88,1.2,37
9.75,141,72.28,-46,-4,-12.34,119,111,-11,127,4,60.06,130,75,106,-15,26,0.5,-18.6,30.76,41.85,-47,19,144,-16.32
-22.05,-10.39,47.71,64,65,74,122,78,-6.65,-26,38,50,47,22,98,18.57,-5,89,67.77,-2.78,12,44,133,-20.23,22
-45,-0.74,16,-24,71.49,136,101,-21.64,26.35,64,55.25,14,43.39,44.29,50.12,103,16.82,46.78,53,55.14,82,-43,35,81,52.52
-17.56,35,63,-3,12.86,-16.26,55.28,23.2,18.42,33,58.07,6.35,61.34,-39,14,73,26.19,8.69,-32,71.98,45.49,22.71,45.4,25.25,-16.12
-22,114,-47,13,-1.5,-18.6,-15,137,42,-49,74.7,13.2,145,113,38,83,100,57.18,110,-24,-16.74,114,58,-11.62,-8
98,10,6,43.59,55.82,94,34,7,-16,-12.55,38.71,51,76,36,97,-24.33,41.31,55.74,67,24,140,1.12,42,26,124
23.41,89,63.96,71.99,3,102,71,78,28.43,-22,34,55.05,-23,110,38.68,74.57,83,79,102,-9.4,73.4,45.66,130,-4,48
64.84,59.03,23.27,91,147,-1.89,-37,-39,0.01,2,70.25,143,34,118,29,43,65.56,10,102,24,-15,-18,45.21,33,53
-19.27,-10.05,21.01,-4.73,144,-40,40.89,-40,39,75,-9.62,-7.54,46.67,11.7,44,4.84,85,21,116,95,78,-20.13,74.14,20.4,61
-16.03,-36,96,59,53,-16.6,22,48,5.24,136,137,-40,0.2,-15.69,56.96,62,-22.75,-3,-4.71,81,45.69,64.78,54.22,53,-15
22,19.13,-26,64.33,59,88,-23.24,136,62.02,-5,54,63.89,-42,-21.44,144,103,136,11,7,56,81,33,-21.32,55,-24
52.63,38.54,129,-18,68,-40,139,-21.73,17,60.72,25.36,93,-34,-34,65,122,-2,3.9,129,149,48,-0.11,29,6,0.14
35.24,128,97,20.26,-42,8,28,38.79,-8.82,61,7.8,71.68,17.83,-29,-22.83,-16,98,22.84,41,40,59,96,25,62,62.2
73,56,67.94,63,95,132,-10.03,65,-13.96,57,-6,-21.94,27.5,148,27,26.77,111,0,12.46,41,-44,111,42.98,-0.76,24
88,32,-5.08,70,-4,37.03,-15.87,-39,9.48,34,-48,57,60,54,30.93,71,47.18,31,-49,15,-29,60.15,6.71,36.38,122
88,-12.64,43,41.43,59,61,-10.71,92,15.22,-33,128,-14.5,47,-12.68,-48,19,110,42,32,107,72.33,51,4.61,-9,-40
-3,-19.91,6,-8.98,82,48,134,96,5.26,107,65.04,-23,67,55.48,48.88,55.07,-22,29.24,-29,107,5,116,-1.03,-8,136
114,44,12,-40,-39,-23,73.38,42,81,-21,-24.32,61.18,125,-0.62,126,38,-2,84,7,73.21,64.23,35,60,-42,149
23.68,-13.23,16.01,-6.65,95,51,-36,-30,-1.84,-43,71,32.01,-47,-26,-41,56,91,36,27.94,-49,39.24,-47,103,125,127
-37,37,-11,53,-40,53.11,121,116,42,93,79,119,61,92,139,101,20,56.66,-12,-40,35,11,56.28,74.46,38.09
23.33,135,-6.95,56,-33,59.24,51,137,45,53,-26,30.35,105,-20.99,-48,57.67,130,28,19.99,73,21.96,112,31,28.95,73
-41,16.97,21.17,85,14.11,-17,-17.5,74,56,42.15,20,2,141,50.51,33.56,25.62,-11.81,39.69,52.45,-28,62,61.71,112,12,-32
43.76,15,29.53,3.05,3,20.92,-16.93,45.61,20,4,9,-37,8.49,-1,49.88,12,-17,-27,39.64,90,-38,0.03,105,86,121
-9.27,-9.07,15,66.95,-7.06,-39,8,-1.65,-35,2.55,-17,65,32.98,-32,116,67,25.7,91,108,75,43.39,-44,56,90,46
-40,143,8,-16,106,73.7,9,-5,-21,-11,44.83,-21,70,31,5.39,-29,66.12,9,-31,44.33,92,18,0.62,-15,91
-36,-46,44.42,93,143,16.55,-35,54,53.02,38.86,23,4,51.32,-25,19.41,32.31,29.31,35.63,24.88,10.03,85,6,59.1,-39,112
-41,-4,-48,62.92,28.15,30.34,55.74,-14.05,17.74,-22,30,-26,-16,-11.34,-22,108,-29,-18,61,34,-42,41.1,16.26,73.94,8.01
-23,-17,3.34,52.65,63.91,109,-15.07,83,147,25,17,63.81,22.89,24.94,131,73,21.85,139,-14.12,133,-18,51.14,75,24,-43
-6,30.84,45.69,-8.81,-5.98,40,66,5,73.5,19,67.1,-13,57.44,-1.58,91,-9.89,-9.16,-31,111,91,-19.25,42.49,-24,-44,105
46.98,-50,126,-12,91,18.83,69.72,-43,49,68.65,-35,77,21.94,148,-29,65.42,-10,137,79,-19,-24.12,57.48,108,37,22.15
132,-40,84,41.08,85,17.11,23.29,24.44,22,-17.71,120,147,56.11,-26,94,29.92,64.49,33.16,53,72,21.96,39.85,45.94,60.61,125
46.54,-21.75,33.64,14.29,1.9,70,19,58,29,52.24,142,52.67,-15,0.49,25.35,54.46,7,51.75,28.62,45.43,12,48,-20.43,52.83,143
-3,43,41,58.79,90,36,52,-38,127,-6,46.02,63,46.61,102,-40,22.82,-48,84,65,3.78,-21.37,-23.92,7.05,25.49,50.17
63.19,31.55,21.86,36.89,6,26.06,-4.98,53.49,101,-3,32,12.49,145,61,82,70,8.36,13.92,12.85,86,-20,5.34,50,-1,-28
131,-22.08,43,28,-24,-15.67,58.26,117,23.22,121,111,144,13.77,32,120,-46,-24,-21.44,149,72,22,45.01,20.17,73.36,-0.22
57.27,6,57.51,58.89,71.95,4,67.14,-27,-8,143,38.08,-32,125,87,13,117,74.78,145,45,11.71,-15,-34,83,29.58,62.14
-24,107,34.75,13.63,14,49,41.14,-21.46,40.55,3,-43,141,29,36,30,-1.28,149,-50,25,-5.83,106,24,37.8,-29,10.44
20.35,3,36,13.54,140,23.31,20,32,-5,12,33.38,9.42,6,0.62,132,59.72,-38,30,-6,108,35.49,58,45,143,56
124,-9,-44,38.58,-41,79,23,-40,2,44,-4,98,14,44,32.74,63.28,55,-20.42,-8.35,34.24,58.33,98,80,-1,109
30,38,130,24.09,-1.09,142,39,68,33,64.81,43.02,102,-23.21,43,5.19,13,14.3,0.94,16,149,55.09,89,68,-15.5,35
54,71,5.62,27.31,69.32,125,38,147,91,51,71.07,25,20.72,58.12,75,35.89,47,52.92,38.58,-22,22,51.23,10,72,42
37.16,108,115,93,145,149,94,66,26.92,31.37,65.51,141,-12,69.26,77,106,68.32,59.28,54,135,56,14.95,19,18,86
33,-24,62.01,27,-45,43.63,-20.37,-11,75,121,-27,31,-37,24.52,137,-1.09,-6.18,30,30,141,117,118,-14.25,36,48
5,89,-38,-13.68,140,29.32,-18.48,47,-35,85,49,93,40.87,-20,-14.87,137,59.78,48.66,120,25,105,-50,32,-14,117
124,131,144,147,-10.32,68,46,117,21,-28,-30,-2,-1.56,-6.45,84,147,143,-25,69,-2,49,71,0,-0.88,112
17,-12.09,-14.64,122,128,-2.74,39,41,77,46.66,-36,42,30.3,72,126,-19.02,0,145,5,109,-22,48,0.88,-6.26,2
3,-20,-12.94,24,147,27,-3.55,72.2,0.14,27.21,116,-40,24.79,65.28,74,88,-3,40.29,47.05,94,60.63,14,56.46,43.62,-15.43
74.34,61.97,-10,28.03,-23.1,29,56,20,84,-11.79,12,-11.74,100,27.96,58.56,15.08,101,-23,49.85,65,46.74,-16.91,107,7,-0.18
140,56.27,-7,82,-3,-35,15.03,87,123,42.15,143,125,72.05,-48,72,-12,62.74,90,-2.14,104,11.27,19.99,72.41,83,41.87
23.35,-44,-10.66,73.78,32,-27,85,71,-20,24.81,58.26,85,44.92,5.67,60.45,3.34,12.28,-7.22,31,-46,80,111,9.8,8.11,31.47
-10.87,89,8,111,-3.28,50,114,37,130,116,-11,28.48,23.21,65.3,-2.7,52.98,52,115,-24.85,-29,100,44,65.71,45.53,92
-7.83,55.19,2.73,97,120,46.55,105,65,-13.95,-10.51,13.61,43.04,48,41,56,72.77,85,24,34.86,68.29,112,63.94,36,35.7,127
33,92,144,106,60,7,70.54,-18,70,-14,-32,31.07,104,8,11,134,21.84,34.05,48,26.08,149,-21.13,56,-27,-7.94
-3,24.08,21.1,-39,71,145,-13.31,-39,60,57.93,45.63,28,149,32.56,-29,-19,137,-39,30.5,12.12,38.39,26.97,-11.79,-6,147
108,67,17.69,126,55.32,27.99,111,11.49,116,124,10.6,9,-23,36,4.03,69,111,-13.82,-18,1.64,37,109,39,-6.49,126
18,-12.49,37,55,144,60.72,65.49,69.16,-29,87,22.8,-49,10,37,15,-23,-1.6,-14,-28,141,-4.88,101,-9.76,0.01,12
-16.12,-19.41,103,88,71.2,83,66.37,65,28,66.91,11.44,-2.01,-21.96,8.46,-13,142,56.91,-28,35,58.82,-11.46,-24.22,-24.02,85,-27
58.55,133,112,33,-46,53,29.33,96,36.9,40,5,57.32,-38,-7.16,28,17.46,-21.18,-40,136,113,31.8,26.37,-8.03,40.56,6.8
95,49.99,89,109,-7.09,134,4.64,133,-23.39,40,37.77,26.8,-23.04,75,73.4,124,126,69,120,11,6,-0.33,18.49,-49,62
65,113,46.25,-17,-25,92,20.82,-29,-6.44,-8.84,72,12.74,-50,27,-49,2.51,62.58,-10.58,149,33,115,-40,-11.34,38.26,19.78
74.47,-23,32,17.41,133,121,71.59,8.6,0.37,22,59,47,62.02,-14.5,25.04,33.52,109,11,-46,120,71.7,100,51.94,133,94
26.92,127,60,-7,-21.53,77,31.85,21,63,-5,33,19,-4.76,64.76,67.55,-22,7,40.28,-12.63,2.86,107,-6.99,59.96,63,108
44,12.07,52.31,37.11,81,9,-0.48,145,147,128,-8.26,74.37,49,39,27.06,59,131,120,78,61,16.82,-32,39,83,-40
64.05,3,0,6,40.2,55.54,21.13,60.25,31.35,74,76,-5.41,4.8,6.47,71.92,15.91,1,75,47.55,57.6,9,149,-12.43,31,61.24
129,-10,33,65,39,53.05,108,10,7.16,76,74,26.26,29.69,-3.9,30.49,-18.22,19.92,-11,-22,3.15,148,95,-8.87,74.11,31
88,11,138,46,118,76,29.32,57,3.83,67.93,-5.46,109,79,100,11.02,107,-4.31,34,42.56,-24.26,17,38.2,-4.79,-3.7,69.86
23,38.77,57,74.12,71.23,-19.83,-34,54,111,73.37,51.47,142,-19,73,63.78,36,83,73.73,34,32,39,16.98,13.92,27,-36
-30,39.41,70,88,28,-5,-45,-19,103,-9.74,10,-29,-15,-16,60,47,114,119,-47,82,-36,-8.75,-36,8,50.97
113,-23.07,-9.22,-0.74,99,35,43,147,106,92,114,-36,-6.19,39.46,84,5.95,-2,51.29,69.89,149,88,23.17,-50,72.08,125
51.04,27,30,34,-3.51,-8.61,-37,111,1.18,68.7,47.47,100,-26,71,40.36,111,45,-50,45.92,37,30,23,59,18.75,51.33
28,-17.89,7.95,116,18,31,32,8,54,25.61,-26,34.02,-49,51.3,-46,54.41,102,-22.8,-25,-4,36.84,49,-22,-24.68,78
98,59.72,-13.3,31.82,-28,52,-0.53,-21.86,19.28,-31,34.42,107,-12,35.99,25,48.56,1.54,26.25,34.49,18,-0.71,64.02,-20.49,35,44
-11,-45,72,26.35,15.08,4,35.36,-13,-6.35,-3,71.62,-1,31,-5,-1,109,-40,60,70.96,17.59,25.34,116,35.36,105,26
130,131,107,105,17.78,99,-7,46,-21,103,46.14,68.79,38,20.09,-16.87,53,126,-50,67.44,39.97,14,30.52,28.37,79,102
-10.48,61.35,-26,37.46,14,-8,45.44,-41,-21,6,61,147,-8.71,68,61,22.42,-2,23,119,30.49,-13,43.14,107,-13.02,39.08
54.58,35,64.23,27,24.03,-11,-0.05,65,114,-7.5,148,114,9.77,13,89,16,33,27,0.24,44.02,141,84,32.86,102,87
143,37.98,-0.55,66.35,73,103,29.3,68.7,-4.56,74.58,93,117,113,19,112,116,76,5,-30,2,145,12,51.3,-21.23,15
35.45,-22.23,43.29,35,6,98,-25,-4,36,123,50,147,58.36,19.53,48.66,-20,-37,141,43.74,63,61.13,45,-21.23,107,103
-30,22,59.96,65.78,55,84,54.5,143,72,-37,53.34,46,28,55.31,-23,138,8.19,104,75,149,9.02,17.1,4.51,-16.34,149
14.33,26,119,-18,14.34,21.06,68.51,45,37.54,24.73,51,46.11,120,-14.6,29.91,-15.06,52,60,38,66.2,-38,73.8,104,61,-2.09
-9.82,-18,59.03,48.34,-8,55,26.23,59.77,18.97,8.97,4,-3,36,30,-5.03,146,12,-19,42,56.25,22,74.34,13,25,10
44.75,63.24,6.13,-16.92,-28,72.78,24,-15,-19.92,-35,25.68,-11.46,-15.48,116,13.93,56.71,119,40.04,58.87,59,56,122,-1,52.89,95
136,38.4,-23,111,110,61.16,49,90,137,63.32,42,110,59.72,73.37,137,148,27,-22.9,-11,42,39.09,4.09,50,30,-44
16.14,136,-21.91,143,80,72,-43,7.41,35.77,97,136,29,75,-37,-49,49.43,9,43.9,51.72,67,107,-6.82,42,-23.98,38.59
-44,20,13.75,19,49.95,-3,93,19,101,18.77,-17,-20,-50,130,-20,3.24,55.08,6,38.07,18.93,116,7.54,106,-47,70
74,149,13,-3.21,44,130,10.31,30,23,9.5,-43,-49,8.17,56.95,19,7,59,-40,29.29,23,-18,7,61.61,-8,98
72.03,135,15.8,134,20.68,41.1,11.11,3,62.57,22.95,101,-5,-29,39,27,29,36,34.15,80,-23,-23.01,-7.38,4.56,16.2,63.48
16,19,48.31,56.43,-0.53,84,96,-4,98,-34,56,-8.78,53.25,52.11,48,111,118,137,28.33,95,78,42,1,73.37,28.99
130,48.83,44.32,-35,45,33.62,40,137,-6,71.81,33,92,-31,-16.21,-21.61,113,-4,148,-6,-16,21.19,-22.28,10,40.13,68
-16,-8,46,55,28,41,68.59,-46,87,30.62,125,37.91,15.48,58,-7.79,55.45,-3.73,56.56,15.72,15,23.91,49.29,72.72,67.04,109
14.14,135,127,-3,-9.05,92,36.52,39.37,39,70,62.55,-20.19,-23,53,139,13.4,-50,102,71.63,117,16,30,38.13,59.1,47.14
-23,124,141,-23,11,-19,122,57.47,81,49.71,70,-27,46.57,-10,23.79,1,36,35.61,-0.51,72.23,107,76,107,-12.46,-15
-4.01,84,69,-4,14.22,34.72,117,-12.51,-11.87,-1.53,-5,50.24,-32,105,14,33,-27,63.11,105,40.88,82,138,71.35,40,71.38
58,-3.32,44.95,30.4,-1.99,143,54,2,28.46,129,29.62,18.71,127,66.89,55.51,107,36,10.89,74.4,103,41,23.54,-10.56,-11.07,55
-48,65.64,-1,21,147,-21,87,60.6,52.5,42,-44,-17.17,-13.12,-34,56.27,-15,1.07,46,29.82,144,91,8.95,-12,66.76,17.06
147,93,124,129,-7,-18.88,49.35,61.3,21.05,93,-50,81,22,14.3,67.5,-26,31.03,100,44.43,45.92,-40,32,8,2.32,62
121,-18,-6,44,68,140,112,123,-4.22,53.31,-17.4,75,24,5.14,39.17,3,56.45,66,-32,19,89,47,-13,-33,-45
89,2,149,-43,69.34,88,9,13,135,3.47,23.13,108,-44,-5.04,-1,36.33,81,-29,-10.41,-16,116,-3.99,-14,30.24,60
142,13.24,-44,56.06,126,43.13,-22,77,-17.06,13.69,23.87,68.37,122,13.26,-38,12,67,96,62,69,102,84,74.08,-16,96
61,145,48,27.25,36.85,3.77,60.01,33,42,4,25.63,73.88,-3,-12,50.63,7.58,-7,47,131,87,63.13,9,141,15.87,142
25,146,95,-43,-39,10.59,-27,64,118,16.73,30,105,109,-18.08,39,137,-23,101,133,60.22,77,95,143,54.54,54.95
119,47,149,33,42.87,130,23.22,149,27.33,103,78,42.97,103,-8,0,24,55.02,55.73,39,3.57,83,-0.21,-2,124,8
25.19,43.82,29.09,-12.32,83,-6,-10,-23.83,-19.36,97,71,70.32,89,19.02,105,38.54,-4.3,56.31,52.42,-46,67.83,-3,4,70.64,16
59,-5.42,-20.72,-24.05,25,59,85,24.67,45.6,67.14,144,36.37,135,50.26,103,119,21.58,14,57.78,51.47,40,31.22,-18,40.6,101
38,42.38,18,69,-5.77,110,91,-2.97,85,65,-35,10.7,-24,-28,111,-40,50,28.65,-17,6,46.37,132,135,55,-25
67,116,96,67,88,24.6,139,37.42,-31,104,99,6.36,22,90,31.18,-4,-30,27.46,54.3,0.93,94,35.04,116,43,128
31.15,-24.46,135,115,10.94,73.12,4.98,26,112,-7,88,-19.6,67,38.34,37,66.91,46.95,115,30.06,103,136,71,40.75,29.39,-13
21.79,56,-50,-13,-38,-25,112,37.58,38,120,42,19.93,4.31,141,0,65.78,134,24.71,11,-46,22.75,132,60.09,-20.03,109
-12,62.29,135,20,72.33,-11,-26,-12,-20.19,66,22.29,147,41.9,67,64.1,11.69,39,127,114,24,20,72.92,-50,25.06,51.98
133,122,12.87,69.62,107,39.53,46,147,-15,81,102,52.74,2.54,26.71,14.18,121,2.12,6.09,102,43,-46,-9.59,-20,-6,30.88
34.99,-21,-3,-10.67,21.23,135,62.22,0.65,26,30.72,106,28.21,-48,101,-0.49,100,-4,57.34,42.24,19,-11,98,116,68.93,38.78
121,35.01,-41,27.19,-32,-41,-18.91,147,45.32,128,112,57.68,109,62.63,60,128,3,-20,35.78,57.01,60.76,73,-8.77,23.03,6
-28,-18,-38,9.38,55.71,121,82,101,-31,-17,111,47.87,-45,15,25,14.98,65.18,37,120,8.72,130,113,89,109,42
137,-48,20.01,33.33,54.09,27.12,-18,68,35,6,-16.09,59,-7.72,1.22,59.63,-33,36,54,-44,73,127,-23.34,65.24,7,111
72.77,104,113,70,27,-47,64,3,23.77,97,40.92,7.52,-18.76,30.68,71.96,6,143,-16,36.47,7.36,32.54,-48,37.9,120,52
107,77,-15,54,59.48,28.07,109,9,66,137,79,58,123,-2.75,1.73,94,44,-10.24,142,116,115,69.87,74.6,-22,73.87
-25,40,8,5.92,4.9,146,85,129,37.05,6,68.13,115,36,105,141,48,127,3.75,60.43,-15.65,-10.28,72.62,-20,21.21,64.84
67.17,-2.24,-23.83,57,29.34,-10,73,38.86,86,6.91,32.25,40.67,67.54,102,80,22,146,124,37.08,10,-23,33,35,43,147
23,-42,11.79,-3.93,50.59,55,-11.61,53.87,29.43,62,-24.05,23,29,11.38,43.3,-49,-23,49.64,-34,47.62,123,129,36.91,9.8,64
4,71.69,53.69,-8.43,131,-7,36.67,129,16,-24.58,37,-24.89,66.72,-17,56,13.15,60.21,30.37,10.79,118,-3,9.82,27,51,74
124,-38,42.94,64.09,40.79,94,23.56,8.99,-49,-14,71,-8,38,8.08,73.31,72.67,84,-13.1,58.14,76,4,-22.46,-2.76,48,-38
137,12,148,121,70,-19.78,94,22,-2,22.94,-21,31,-25,0.32,-19,-13.86,-1,-18.78,77,137,16.12,10.44,-12.57,-18,95
-24,20.92,32,17.47,86,-14.55,-41,7.08,19.63,11,13,-1,93,-27,14.27,72,-16,-40,-46,43.8,83,34,-1,63,133
46,55,41.36,28.16,31.86,33,15.45,48,-9.04,64.37,85,90,27,73,129,124,54.4,58.44,116,5.6,-28,48.67,57.99,74,9
74.42,-42,97,143,38.78,104,11.41,-20.41,140,-48,-11,-2,-14,-17.98,-33,27.61,49,22.93,-12.62,77,-17.71,74,27.93,91,14.56
44.53,39.15,44,138,-5,61.19,-20.78,63.34,55.43,-33,68,71,88,16,-11.87,52.38,28.07,25.56,55.5,-22.82,8.55,138,13,61.19,45
37,38,54.35,41,-32,117,131,18.68,-36,33.23,127,-6.16,-2.1,9.18,-14,83,-2,79,3.81,72,-15,-37,-24,-25,132
23,45.58,-19,98,-7,11.65,89,-2.93,11.57,68,71,-19,131,-10,-11.85,40.64,71.08,31,-22,64,-33,132,5.46,-4.44,-36
4.62,-9.94,-1,72.17,-17,-5,33,137,138,61.99,73,49.47,74.14,97,32.6,144,7.08,120,32,112,37.14,-47,52,-21,7.19
-41,86,51.96,-24,13.85,-35,41,75,-42,104,7.48,64.94,69,16,103,125,46.95,74,37,12,5.64,87,37,-6.72,101
5.58,20,72.81,-20,141,-17,102,74,136,30,1,25,54.51,22.23,85,139,15.32,122,-1.01,67,-6,79,130,-11,27
60,25,128,-3,-38,21.5,43.16,130,-19.31,-1.38,127,100,71.48,29,68.9,10.05,-21,39.65,102,74.75,24.1,58.77,64.58,38,134
-48,39.99,128,10,-27,-23,-22.05,98,145,79,-41,-12.35,54.29,69,-50,51.85,-40,74,31,79,81,2.3,6.62,-2.97,-16.44
-1,25,27.75,90,13,29.74,47,17.88,-4.38,-41,73,58.69,44.46,19,66,30.21,-45,72.05,91,69.27,46,10,102,-8,28.51
107,63,78,125,15.55,33.95,63.8,-19.62,-49,68.73,101,61,-16,110,-46,118,148,-48,-29,31.04,83,-8.32,2.26,67.08,139
31.86,21,-17,-22,127,-45,71.32,10,2.22,-16.05,29.71,58,1,-7.86,-1.96,24,46.94,55.63,47.97,-15.53,-13,17,10.89,-26,-30
-10,-13,-4.88,47.61,60,-12.15,19.54,-37,137,7,-43,107,35,24,115,105,79,-48,-22,126,62.09,-19.67,8,6.49,5.77
12.69,71.59,-33,124,105,-42,-7,1,-26,7.98,26,-32,27.89,-4.93,21,70.36,-15.13,-24,104,-8,-5.56,95,-27,70.71,24.65
36.89,55.01,24,13,-50,-47,-14.54,14.37,118,-17.04,146,14,147,65,66,19,40,1.77,7,-22,125,8,52.66,55,53.84
16.8,94,-6.37,-31,31,149,33.42,57.91,78,27.34,-1.72,19,32.47,57.72,52.12,-8,41.08,119,-4.7,-22,5.73,11.64,127,133,-48
18.48,95,30,-46,26,2,62.09,-47,22,133,61.97,-5.78,98,72,31,143,-24,144,-39,17.38,79,113,79,0,66
-8.78,66,73,52,59.02,22,58,25,21.29,86,-17,37.31,-28,53,48,60.53,35.52,-17.6,-20.43,-3,141,63,-2,-15.47,20.51
-49,-31,13.61,11.46,0,-41,115,-3,55.26,50.45,43.87,48,-20,8,8.53,48.99,-41,-33,60.25,58,-23,-22,95,82,63
27.26,0,25.08,-35,32.35,9.27,39.13,31.13,-7.32,61.43,61.06,16,121,133,130,98,79,12.32,138,48.69,-21.76,45.1,78,65,-12
-25,-23.73,16.59,74.09,74,-15,41.79,33.33,-21.78,8,-9.91,46.17,145,40.94,-37,-17.16,71.34,45.09,67.46,-22.9,-13.73,35,7.07,5,122
45.62,91,115,49,111,106,113,38.04,129,-16.02,109,104,-1.97,-17.32,67.31,106,61,17.81,3,7.59,-7.73,35.63,48.38,60.33,21.1
-22.52,54,1.72,133,117,129,-5.02,-44,43.14,-12.32,109,72.97,71,-10,-19.77,65,17,25,126,63,-29,55,12.06,-1.71,-31
-30,-6,83,37.9,-20.92,36.71,-14.89,-34,-46,46.69,-4.52,10.05,86,4.78,86,-7.53,50.01,55.59,37,-18.01,116,51,63.92,99,14.21
32.82,53,118,-36,1.72,78,4,134,110,-19,100,-15,-13,45,8.79,-19,36,43,6.31,-12.73,64.6,95,-9,47,68
96,95,129,67,44,120,10.08,76,40.39,95,-8.63,-15,97,-12,7,13,65.19,110,12.57,31,45,-14.8,28.73,33,24
125,2.04,108,96,37.27,111,3.72,92,2,-34,51.74,127,74,-11.07,59,137,-22.74,40,34,136,-42,60.94,19.14,141,97
10.96,59.82,67,57,68.15,75,0.4,34,-33,93,43.63,135,56,-27,15,15,96,-12.83,112,2,80,30,65,12.65,52.28
22,143,-18.87,-25,60.13,67.97,87,81,50.86,54.27,126,72.86,70.81,126,14,23,-38,131,-47,16.13,18.21,115,43.76,105,2
79,-13,-47,-24,12.76,2.09,108,57,74,103,-23,87,-14.42,63,72.72,63,-35,66,52,48,129,66,130,50.55,25
49,28.65,56,68,46.45,134,59,52,21.18,112,62,-3,124,33,-12,68,2,108,-3,49,-30,34,14,114,-19
65.68,133,-0.94,53.25,32.26,85,104,34,-12.99,2.97,30.32,4.45,-11,82,-20,132,41.04,68,-37,61.7,13.63,10.25,-24.91,65,16
-32,-14.73,41,115,58,113,114,145,40,56.82,26,13.1,67.88,122,7.61,99,3.82,-24.93,137,23,142,29.95,9.96,42.99,68.18
36.3,17,125,-12,1.61,24.9,68.17,10,121,18.56,-23.57,115,140,15,123,52.2,-14,64,24.92,74.97,120,40.39,-18,30,38.62
-1,49.26,39.6,34.82,-21,-26,-45,120,-22,1,-19.86,73.16,71.51,5.97,38.46,110,-19.06,143,13.84,113,-46,-17,-31,-12.26,13.72
-20.13,2,37.71,10.95,-14,-24,-20,100,24.4,-14.53,64.49,-5.83,144,23,7.8,25.74,4.35,2,-14.36,25.85,-4,148,124,119,43
-0.06,-47,-39,86,-10.92,12.38,-11.18,37,29,140,67.01,138,22.46,37.7,48.98,112,-10.63,29.52,40.41,49.31,40.15,57.71,126,-1,9.32
65,62.43,10.7,27,74,93,114,56,60.66,141,38,52.91,24,62,-1.76,17.99,3.23,-20.49,45.14,-40,96,118,27,8.22,37.68
106,41,64.71,37,-11,140,55,-4,66.88,-9.41,-14.55,-21.66,34.53,123,127,-46,58.5,137,41.81,20.35,48.33,122,85,42.36,-30
-22,52,-17,-24,50.7,27,-7,90,-11,72,107,15,28,60.6,106,99,-8.94,143,-23,-1.47,45,32.56,28.22,-17.59,17
52,35.16,49.44,82,18,43,116,58,-10.52,1.69,4.1,35.67,9.82,50.94,63.77,22.81,57.65,-26,71.51,-15.3,113,140,36,34,-1
40,-20.17,13,-18.57,-26,-26,14.91,53.42,122,79,72,111,110,26.44,131,14,30,36.77,58.7,33,37,90,132,56,65
-34,55,135,23,133,36,68,44.87,123,64.09,-0.44,-18.08,74.37,-43,21,44,67.15,27.98,38,104,30,-14,43,3,128
-38,-50,61.7,-14.6,-39,32.77,53.81,112,27.14,52.78,62,55.58,83,39.35,24.22,-9.36,28,122,25,54,29,-36,60,91,0
77,46.32,48,9.53,-37,122,28,66,20.01,14.66,18,88,21.23,-36,18.74,35,-3.06,20.82,96,-27,37.63,100,49.47,43.98,41.2
21.29,-7,-41,143,34.47,121,16.5,-22.03,143,71,-9,-21.96,66,30,25,-24,32.72,69.5,52.38,42.13,108,90,18.3,-32,9.4
20.23,72.85,10,10,42.21,33.71,12.47,-11.39,47.84,126,9.98,38.01,70.12,-9,10.09,-20.81,-32,50.88,81,51,-12,60,29,106,73
-12,58,57,61.06,-17,3,39,-45,-24.18,105,18.03,38.05,-43,91,-10,-19.66,-10.71,-44,-11,41,76,54.59,69.36,30.26,98
38.99,62,52,119,88,-5.56,12,138,44,125,42.27,-23.27,-23.13,143,51.95,66,106,93,73.18,-28,122,102,71.79,51.29,14.65
-41,-9.18,63,12.22,-21.93,4.79,-8.99,-25,-8.23,-20.41,-49,112,-7,82,16,42,17.89,87,24.36,88,30,45.81,72.51,129,88
70,119,73.5,38.19,-43,76,-13,83,50.55,76,-7.05,61,36,-25,95,27.97,1,-16,69,23,26,23,-9,18,50.53
-1.03,44,42.09,62.87,60.32,57.17,16.5,60.67,-1,21.5,55,17.11,10,96,73.33,11.85,2.93,3.94,-4.61,67.51,43.43,3.94,92,-26,89
21.3,92,-14,33.25,78,33,-26,8.11,108,-3.34,87,34.13,-21,45.48,45.2,112,21.15,73,92,60,92,9.38,129,110,55.12
3.2,84,16.15,69.39,131,40.4,63.06,70,98,76,68,-24.22,60,44,61.75,52.62,34.16,34.23,109,25.29,103,-5,29.13,70.62,-11.53
55.55,71.73,30,-24.04,48,146,-26,-47,42.11,12.41,-38,-5,-4,-25,32,16.33,8.38,24.8,-28,64,43,111,70.89,49.65,96
77,47,-4.81,110,80,6.76,-16,61.01,-45,51,29.46,-46,52.68,137,63,-6,139,79,-7,49,-26,51.78,96,82,-3
10.32,37,-22,25,44.86,31.68,-36,3,4,-41,7,133,-15.28,67,-2,-14.31,-31,-20.39,-7.35,72.56,42.96,125,28.4,64,54
3.37,-48,122,27.08,11.12,22,122,44.02,16,136,63.1,44,2.76,123,117,77,122,-7.11,62.15,-14,-8.83,77,106,75,-41
79,42,72.65,129,128,110,-9,-12,76,69,-9,47.86,-28,17.67,-0.33,0.88,48,14.9,138,27.16,-2,96,109,3.5,3
16,-50,-4,-12,19.24,68,-50,12.16,-26,143,44,146,-18,21.77,-21.72,-14,-17,139,-24,29,127,32.14,-14.77,68,49
109,53.11,29,48,-48,50.57,-42,74.8,16,38.03,45,-19.86,129,47.43,-10.18,49.33,-21.92,-17.41,33,-28,62.05,142,100,17.77,-8.58
-9.15,72,1,0.36,137,59,25,78,71.54,78,-8.3,41,27.39,63,-4.26,107,118,22,145,100,0.76,67.49,2,42.77,21
5.44,2,117,124,45.79,44,6.65,145,114,111,-3,73.95,61,98,80,20.61,19,-46,72.17,32.85,5,142,-11.84,-16.27,67
29.28,-6.83,149,2.73,-25,-43,-40,69.49,-23.45,27.52,16,-28,58,73.95,97,-23.65,55.12,16,7.46,54,29.04,119,120,88,-44
49.12,44.55,31,69,133,42,-8,41,-46,124,48.4,65,34.01,26.19,71.77,-9,44,-36,58,61.71,20,44.75,-23.46,46.55,26.9
56,74,-46,16.96,-1,-6.35,1.24,78,25,13,13,1,8.05,100,43,22,91,111,93,-1,-20.34,68.88,-30,-25,123
-22.75,70,-37,27,65.33,66,14,-14.82,49.14,85,28,49.7,-12.25,-15.57,63,147,-19,-47,40,32.54,-11.51,35.62,28.84,0.64,28.76
30,8.64,-17.92,23,-29,107,49.37,-36,34,47.69,95,145,-22.55,51.64,5,48.67,-9,-24.9,-1,-4,73,5.58,20,70,-19
84,11.88,10.07,4.21,-36,87,79,33,4,40.61,4,76,132,94,17,-40,-6.3,108,72,56.05,43.67,55.69,-15.97,50,81
41.96,9.12,-19.66,128,19.51,24,7.01,102,36,102,33.71,85,3,92,-18,45.63,-5.09,12.51,-47,24,-3,17,-20.07,17.79,13.47
132,146,21.64,-4,28.98,-7.24,80,26,-44,73,92,42.17,-21.31,-46,-35,-27,-23,136,40.35,52,-27,-3.28,124,101,33.09
-19.97,-47,78,149,33,43.69,-46,6.34,-8.62,119,149,79,43.68,26.96,18.67,67,-1.49,74.52,34,76,2.76,98,112,113,28
62.97,44.37,-18.18,75,40,5,105,-12,109,113,-23,135,134,104,67,94,20.45,-43,142,79,132,12,50,-24.32,66.78
-20.26,56.66,113,111,56.82,18.85,11.9,9,-11,112,28,72.3,-31,66.65,-26,125,30.28,66.42,-7.22,137,-31,14.08,-48,26.5,54.82
32.47,-42,79,46,26.11,141,51,54.37,69,92,18,66.06,9,-2,37,76,131,-6.44,109,39,15,15,53,55,73
18,22,0,74.76,43.77,128,133,51.89,15.99,-1.96,49,7,92,-36,136,137,13.92,-10.53,-34,57.89,59.29,66.49,19.31,68,42.36
-6.11,-37,-18,38.82,139,-47,67,-4,146,-3,58,45.47,73.03,-20.25,12.57,93,-50,36.06,-8,12.42,5.19,105,41,72.47,63.2
63.91,73.04,40.45,4,32,-20,33,24,28,42.25,145,18,80,134,24,-8,-48,-8,-50,4.28,89,126,-16,19.75,32.46
65.01,33.88,-5.56,2,24.46,140,65,-16.86,61,34.69,134,28,50,4.25,126,52.54,-15,51.46,13.09,53,43,43.14,-14.23,68.13,86
-33,40,-16.72,135,30,-9.72,-22,15.29,5,-6.35,118,51,2,41.51,-48,31,-28,56,46,41,37.86,116,28.76,11.34,148
68.98,131,21.09,-49,-10.59,-8,17.59,8.22,129,-15.5,144,1.42,52,90,0,-21.54,-1.87,79,57,-12.55,97,46,-3.55,-23,26.04
34,28.91,69,-10,68,4,32,-15,-6.07,92,87,5,7.14,32,110,-4,65,24.96,-24,126,55,74.34,17.49,144,23.33
-42,108,35.52,111,100,55.96,4.13,-18.18,25,-18,-34,77,46.04,108,22.42,127,-22.18,28.14,25.08,68,33,58.93,67,-35,-18.39
25.01,105,24,30,123,-12,-24,28.42,-19.21,37,-43,-9.95,68.93,65,9,31,5.8,101,-14,95,51.06,41,46,8.52,87
-15.7,7,-22,86,139,141,130,27.97,-47,47.41,-8.97,138,55.8,-21.94,23.83,102,120,-8,-6.2,45.67,-20.94,123,32,115,27
13.89,50.33,43.08,42.31,144,25.57,50.53,-11.67,17.07,139,36,137,55,-9.27,17,113,140,36.25,-1,73.88,72,80,26,9.4,73.67
-46,54.91,43.9,68,60,16,24.92,34.88,31,52,17.61,-20.97,-47,-7,80,35,-1,110,-22.33,92,84,64,-8,18,-38
-10.87,14.86,60.66,61,-31,-13,45.81,32.8,23,-17.75,1.72,45.17,-19,95,-2.65,59,10.63,133,50.85,-14.51,103,-22.17,46.24,62,129
45.61,115,60.99,54,-6,16.82,-9,-2,138,13,27,42.93,2,44.5,20.97,94,52.36,67.53,16,2.16,74,43,84,47,83
-35,48.66,0,17,78,3.48,46,39.68,65.82,-9.7,46.73,148,-47,-40,-0.84,-34,7.19,-46,95,74,37.13,-42,47.56,87,-2
74.82,-49,-9.81,115,-31,-36,135,24.39,45.81,-22.58,-22.94,-21,117,-35,-45,0.25,9.48,106,11.68,144,43.89,65.07,41.21,-39,87
31.9,0.11,139,9,15.72,29.98,46.89,10.69,124,20.58,-26,91,67.7,42.09,-19,51.44,-22,11,145,64.35,126,23.63,-13,58,25
3,-30,141,113,-1.7,-7.74,-17.48,55.51,76,30,111,46,-41,2.79,113,53.61,112,-12,19.11,64.57,6.59,4.63,21.16,126,34.86
-17.48,40.08,63.63,20,-11.23,72,8.45,54.01,38.13,-47,124,104,39,93,58.8,-28,84,18.55,-27,22.89,28.34,47.07,9.2,4.81,6.12
30.21,-2.13,27.64,63,-9.01,-3,-40,146,10.4,-9,-20.54,51,-27,44,10,-17,5.33,-3.97,8.43,-15,12,62,-22,123,52.94
97,69,110,24,10,-18,16,65,96,-26,-46,61,51.92,91,149,-9,-9,47,26.74,44,-23.2,2,89,85,48.17
86,17.09,80,43.07,30,-1.89,-20,0.98,29,45.74,136,1.24,-8,19,-3,75,58,138,99,9.18,74,27.6,21.9,95,-25
4,-23.98,103,-27,0.6,92,3.71,5,-26,-27,42,-42,134,92,100,31,-40,144,97,15,42.84,-34,-40,17.46,-9.61
58.19,40.39,71.24,-45,-23.69,13,7.39,122,144,-18,-4.21,-20.05,-1.2,105,60.39,-13,61,26.92,21.45,-4,92,133,1,42.85,-34
51.66,64.07,64,13,115,-47,-19.02,-8,-17.66,124,-12.22,-0.54,8,143,-4.75,115,36.07,-11.12,99,3.04,128,142,109,112,-45
48.86,-15.76,57,98,93,98,72.39,-13,58,21.41,65.31,-11.16,116,118,-5.38,23.96,99,-14.43,134,-33,-47,144,109,27.45,-7
107,-2.39,54,22.46,29,23,53.23,93,-47,70.15,117,60.6,62.09,16.06,-4,30.43,48,111,-15,25.86,-20.88,10,62,-20.93,58.37
139,35.8,51,133,70,39.3,123,12.2,21.86,49,33,39.38,136,77,-4,41.8,20,115,-41,67.63,-22.04,13.41,80,16,58.89
141,18,74,105,54,58.57,99,-26,71.94,65.85,30,84,0.52,67.55,129,-3,49,24,126,133,-3,-42,50.83,39.29,31
20.57,55,-45,-1,89,-42,142,73.36,31,81,38,13.11,68,23,68.33,-24.84,35,-19,51.01,58,-20,53.42,-11,-21.92,41
93,8,-38,89,-4,20,2.52,9.69,105,-16.82,60,-10,6.46,15.84,21.98,68.64,11,54.09,126,28,9.86,0.23,118,101,137
-16.89,117,123,55.04,128,59.12,11.4,147,25.4,64.36,74.6,108,18.03,8,0.2,74.76,56,-21,36,45.72,149,108,57.15,20.44,-15
10.09,-21.25,1.37,-16,118,30.89,19,68,98,-40,19.5,102,42.8,5,62.85,6.39,-50,148,12.4,11.15,72,122,16.72,29,-23
-16.44,-4,-2,89,114,102,99,40.35,134,144,14.25,-0.03,30.19,11.09,-14.02,-3.82,136,148,24,47.16,42.73,58,115,75,52.15
41,29,73.12,98,-13.05,58,59.37,89,-9.12,40.71,81,10.82,134,9.9,0,119,-6,127,144,124,47,14,-15.44,-38,-31
33.54,7,-16.21,69,29.84,60,77,60.74,46,-35,49.95,109,120,26.7,18.79,97,80,-43,65,-15,96,10,49,148,16
142,-17.66,74.6,97,47.43,-2.25,16.59,69,-12.41,1.1,-12.29,34,-26,139,4.67,60.23,30,25.42,131,121,16.22,-26,3,30.43,87
-41,96,3,-7,-10.46,-12.26,47,-10.5,39.9,-14.66,99,17,56.31,119,68,-25,47.47,-0.69,127,132,-17.07,-8.46,148,89,101
30.49,-18.76,53,9.33,31.91,46,26.6,22,125,120,67.51,49,-16.47,56,5,19.41,24,129,120,6.06,47.95,4.68,38.57,9.85,141
30,29.99,32,57.7,112,34.78,93,13.14,118,117,34,12,67,-9.15,-21,-3.94,35,105,31.66,69.71,128,38.07,45.75,97,5.11
-11,92,104,29.34,-11,68.46,56.36,36.92,62,46,2.55,57.61,107,53,118,31,95,85,-15,64.49,109,-42,-4,59,-47
72,130,-44,82,27.53,119,71.67,-48,64.98,-1,115,17.72,-17.26,55.12,-16,-18,-11.14,68.08,43,147,-10.69,-1,-30,-5.64,126
73.68,40,26,-28,-43,-34,2.33,64,13,53.8,36,27.35,14,47.11,3.68,47,0.19,143,85,32,6,-16.91,-19,38,53.15
-13.07,4,8.93,47.53,49.38,-23,71,-25,40,92,-16,42.32,113,-11,-11.15,57.63,52,64.62,41,90,16,-13.73,-20,-3,-37
-33,3,30.81,-12,-23,123,18,20.72,74.09,-27,149,72,127,7.5,1,139,26,-23,64,49.65,93,-35,-4,8.02,103
31.54,110,136,-11,44.29,38,25.34,22.13,23.66,71,106,79,137,16.18,50,55.68,140,-39,131,37,31.56,103,70.45,34,139
142,119,81,72,139,63,66.44,141,22,-30,-11.03,-2.31,69,1.99,42.54,38.1,-12.55,22.26,-23.13,27,130,135,-48,30.19,-3.32
116,60,10,34.51,21.18,145,40,-7.94,72.36,60,58,104,110,4.88,-11.07,-21,30.3,65,-14.32,4,48.41,91,-16.81,-16,71
-30,43,14.71,30.55,40.42,133,10,2,60.61,61.66,-5,25.3,28.58,37.31,-34,-48,-16,22.43,141,24.59,-10,-50,13.43,18.34,14
-43,30.25,143,141,-23.16,34.39,-22,54.38,97,40.91,19.57,21,13.5,100,44,-9.02,92,38.98,30,68.46,-7.91,-7,121,-5.81,146
45,-2.8,47.65,-24.95,32.94,61,30,37,137,-6.98,-50,88,60,-20,-13.45,127,71.17,132,-44,-35,122,-14,29.83,105,37.47
57.58,18.98,26.68,10.71,36,-21.26,-4,59.22,63.95,50,105,133,145,29.16,105,73.77,109,-19.73,135,-3.09,95,21.85,20,80,8
53.33,92,2.13,-3,15,61.69,4,-13.53,10,56.71,137,-17.3,98,39.08,16.59,108,19,3.1,11,-8,8,70,38,65,-16.44
-32,3.98,13.78,26.2,68,51.44,109,5.76,61,-2.04,-22.62,84,-3.78,65.82,10.52,145,21,-47,59.5,27.02,8,-24.14,69,148,-19
39.04,65.6,35.74,1.42,33.46,-32,-26,-16.28,2.8,79,10,128,70.78,15,12.47,21,11,53.42,143,-18,35.4,66,82,-42,62
0,60.27,-40,134,117,2.14,2,144,75,82,133,-10,56.16,18,-8,137,149,68.01,54.27,17.3,103,40,19.7,63.24,-13.03
51,7.6,-34,107,40,-3,16.76,113,37.73,64,-34,42,-16,56.68,54.53,-0.17,40.31,11,97,74,54,28,-2,43,35.44
56,-16.37,63.06,31.73,59,67,77,11.1,-18,-5.16,118,-2.52,28,103,37,18,51.31,-15,47,-12.56,25,114,40.23,17,-35
74.56,-45,-48,52,128,103,90,-8,0,34.41,-34,31.04,-31,-42,55,50.25,-2,-19.79,73,33.66,131,17,44.05,66.95,33.43
42,35,-43,-25,129,71,-44,-32,46.02,8.54,-20,36.12,49.77,9.89,-22,114,98,-37,13.52,-4,-22.43,33,93,112,22.28
27,-32,58,30,80,94,51,-5,10.71,91,83,4,51.21,-23,53,-5.08,3.14,16.18,33.89,3,57.45,61,58,50.21,53
-26,58,73.35,-33,5.24,145,3.98,45,141,-22.4,141,-14.21,8,56.74,78,51,56.07,-22,-3.09,-14.14,102,133,37.11,-11,18.15
48,60.78,49,74.6,-18.88,16.16,5.36,59.77,134,130,6,49.46,136,90,5.18,88,-3,73.09,33.35,47.86,-11.28,48,141,66,-2
140,56.51,13.04,67.25,-13.85,129,27.94,89,62.76,70,-23.99,65,49,19,43.07,-24,41.77,94,126,73.57,41,115,102,68,13.56
40,49.85,138,-6.43,-23,-15.93,51,-17,-2,123,66,4.43,93,26,8,57.51,13,134,-39,15.57,5.08,82,86,39.57,-16
22,73,35.03,134,21.37,90,-12,56,93,23,134,18,115,15.18,-22,91,6,66.07,-12,27.15,-11,121,45.62,65.76,65.16
38.03,61.18,8,85,67,77,94,-6,80,52.8,128,62,-37,56.37,2.54,-17.36,5,-32,-0.94,76,-23.02,25.29,56,41,10
133,47,-39,-20.53,13.67,-31,58.44,15,34.91,20,97,27,24,140,84,30,79,-14.95,-9,25.03,17.56,49.52,-45,107,19
44.77,81,40.03,41,43,-46,41.73,-46,91,73.41,34.55,135,19.99,-24.2,111,125,14.84,50.74,108,84,60.28,21,13,-30,-26
103,55.11,-16,-39,118,79,66,39,25,69.43,74,60.39,-10,14.7,69.68,-49,53.25,53.55,99,114,89,-1.58,147,17.49,80
81,31,23,2.29,-22.5,107,-48,-14.94,-7,-9,-23.49,-5,28.75,7.4,68.7,18.03,40,-7,-23.91,47.47,-14.81,-2,-11,39,26
64,139,-5.72,1.04,73.59,15.49,129,41.12,101,-4.68,14,56.05,51.07,32,47,2,-11.78,124,52.12,-5.04,57.82,141,-17,37,20.15
129,37.48,44,3.71,45.25,36,18.42,13,37.83,-3,-5.62,117,15,46.07,124,-6,73,57,146,93,80,43,99,133,6
35,27.72,14.11,-9,33,17,26.43,118,6,14,72.52,-10,11.97,11.97,30,-41,7.58,16.69,-31,53,23.1,41,-11,90,-20.7
71.5,138,140,35,15.7,89,31.59,3,-17.25,56,-30,-4,59.65,62.16,134,28.41,-12,16.71,7.43,54.06,17.74,3,19.42,103,61.64
69.52,-4,4,27.68,14,-33,6.88,104,-21.77,-19.93,6.09,45,11.21,38,-9,51.43,-3.75,60,113,71,1.19,69,57.64,31.68,14.72
32.71,11.33,-19.06,44,4.26,13,5.93,18.48,130,48.82,-32,92,8.7,30.2,62.53,36.82,18.77,-25,-5.16,37.34,-25,-1,49,-1.98,33
62,29,76,11.82,56.02,-14,145,66,64,16,38,12.61,22.55,-13,28.1,9,63,14.37,64.71,-6.44,45.64,16,-23,0.1,32.8
30.61,-30,126,-19.4,29.56,10,40.31,49,18.22,42.49,-18,17.63,-5,56.9,49,22,39.61,36.49,-22.07,-18.75,53.82,29.12,15,34,2.19
-30,96,108,-3.98,85,55.88,33.65,5,50,-17,91,-18,41,137,-4.1,27.84,-14,63,-17.19,70.54,69.2,-11,16.48,-25,44.82
47,-31,5,-23,68.58,73,67.98,17.13,-34,84,-38,70.93,-39,-2,5,51,138,20.04,65,-17,-41,60.47,83,67,132
-1,0.88,84,59,-36,120,118,49,-22.61,26.58,81,-40,118,47,115,9,58.07,83,21.9,114,68.27,139,116,134,42.36
68,-13.78,-35,136,99,39,-1.52,39.96,26,4.23,17,123,19,-18,1,1.23,-20.7,-14.49,55.32,119,43.76,87,-36,115,99
-17.16,41,29.15,26,130,-8.13,-23,5.06,135,-13,40,74,-1.11,-26,48.7,-2.73,140,19,55.97,5,-44,136,63,9,86
46,20.99,38,43.83,-44,121,54.6,-49,-21.59,49.37,34,-24,137,-5.15,35.02,71.46,31.57,15,110,56,84,1,23,54,17.53
12.27,45.98,34.16,-19.86,116,19.24,128,93,-9,98,6.21,67,-17,-48,-18.67,-5.09,3,53,64,-5,73,145,55,29.32,19
89,-15.19,-21.36,73.35,-40,49.48,27.64,42.13,147,-24,8,-28,146,-19.19,-42,-23.44,117,-24.15,-43,-48,74.39,54,23.03,68.93,59.68
67.56,47,-4,43,16,113,117,-17.11,52,33.02,30.31,106,56.63,53.5,17.24,-8,115,38,-41,56,95,60.38,68.73,-8.16,-0.51
71.43,78,111,-28,2.11,42,35,-14.26,-8.73,39.74,54,33.4,19,15,21.06,30.83,51,14.92,36,3,71,-19,21,1,29.17
0.9,74.14,113,138,-22.19,4.98,-40,18.45,7,-24.99,16,96,32,14.09,-8.38,6.78,27,0,-7.59,8,63,-49,79,50,138
-4,-8,127,-35,55.5,49.55,27.3,62,61.19,142,32.94,-6.46,22,45,68.64,-27,61,2,-11.5,72.3,25.96,5,11.61,6,13.97
-22.13,21,143,43.36,-24,-18.98,3,-22,124,92,7.58,40.47,103,-11,42,42,23.14,31.81,-24,18.81,-4,66.45,34,46.27,15.29
21.5,10,145,144,32,48,85,9.27,60,2.55,15,9,-26,49,58.7,-13.06,-47,66.22,112,4.2,-36,-44,38,19.22,-6
85,119,-32,129,-15.64,-40,56.67,-3.88,127,74.4,36.61,69,98,120,53.73,58,32,-1.89,68.13,66.16,67.62,29.4,89,21,57
29.34,-13,-19,11.31,33,9,62,45.45,-15.62,59.25,-23.34,148,-20.58,31.28,62,34,62.29,-4,71,72.31,36.24,-22.11,12,-45,98
60,12,114,61,4,-19.2,54.5,43.71,33.79,48,4.07,-4.56,6.85,47,60.59,-46,-18,79,17.89,73.71,127,29,-21.98,8.71,-18
-14,70,-11,12,24,12,61.67,22.81,137,-44,-14,73.53,101,56,20.18,59,114,118,-4.56,37,-23.16,82,15,123,27.69
60.21,-13,70,116,30.88,-11,20,23.22,28.68,17,119,28.31,-24.93,32.9,0.27,10.18,-47,146,51,-6.84,55,10,118,-3.16,23
2.5,34,11.19,20,-26,105,56.73,119,12.94,-29,58,69,65.63,-5.1,-16.45,22,69.11,-4,117,-13.72,-11.53,28.82,-2.45,22,-37
141,-6.97,138,141,38.75,140,-5.93,19.43,-22,-7.29,-14,17.1,52.7,3,102,145,-8.45,-4.72,69.72,38.58,-3.49,57.05,62,-7.9,110
115,8,-0.36,25,107,25.23,104,70,100,-29,-30,-10.36,132,114,31.08,39.83,86,136,119,141,54,-6,38.08,56,87
9.97,-42,71.91,30,61.2,-16,56.19,6,29.74,-2,41.42,59.03,18.36,17.41,18.81,-6,16.71,74.56,7.47,99,-17.48,-12.51,39.46,62,19
30,-19.42,-43,14.71,74.76,49,-48,-29,108,60.82,3.89,78,41,-3,29.76,84,70.7,62.73,-6.76,123,-38,78,149,106,-35
-22.02,10,91,24,145,91,52,135,31.93,-46,144,57.01,66,10,-47,27,37.06,6.34,-40,-21,-39,-14,35.2,9.96,35.04
17,5.81,-41,61.92,58.64,85,50.32,26,21,31,64.16,-26,111,61.05,-25,21,63,68.59,28.86,114,72,34.01,33,74.96,59
66.86,137,50.49,-15.28,34,55.35,73.49,5.52,46.91,-19.17,54.54,19.76,-16.83,55.53,6,-0.61,66.11,48.72,-6.13,69,-31,111,67,-10,15.63
-13.52,118,-32,-35,21.22,-8.26,117,139,30,-16,7.31,8,29,50,147,49.41,17.37,-18.68,135,-37,59.88,-4.77,68,66.13,-1.27
108,81,13.64,-22,125,3,38.02,-9.1,93,7.78,102,47.94,29.28,77,72.11,22,120,23.39,148,122,93,72,-19,5.87,114
102,15.98,-2.27,92,50.58,-0.45,46.89,19,0.72,74,-22.27,57,67,117,87,56,56.11,-27,82,49,16,13,80,37.32,17.57
-15.93,96,68.34,39.15,18.64,-25,42.5,45,-48,-36,72.34,-3.32,107,-21.02,143,38,100,20,36.9,15.83,68.56,67,1,-6.43,33.48
18.82,-21.98,11,29,14,-17,128,112,27,119,69,69.99,49.75,46,-6.99,66.5,1,-4.2,126,62,68.67,94,5,63,35
29.05,58,-6,-4.66,-9,57,49.99,60,39.49,-27,110,-32,73.8,56.11,48.56,23.75,102,29,-15,0.1,-22,-11,137,120,72
54,69.13,-5,-42,20.43,28,65.39,89,63,43.5,11,-8,81,61.49,140,18,25,112,108,99,10.78,33.17,-25,18.41,-3
25.38,23.29,55,6,44.92,126,-19.41,59.56,-18.73,-19,7.52,-4,55,51.58,101,-2.74,61.36,57.38,32,63.93,36.58,21,56.07,60,67.9
26,26.01,-29,98,-45,125,-19.63,67.06,69.17,-21,-49,-18,52.21,14,-15,-49,73,-25,137,-45,114,20.8,121,-49,142
-47,139,33,-24.61,52.75,-42,139,119,0.32,-21,-34,53.4,30.21,-14,2,66.8,118,79,-31,6,112,-15,105,74.93,40.37
3,54.22,98,22,-12,48.08,104,-24,31.13,78,74.99,67,30.06,14,13,76,55,-12.52,17,74,-4.99,108,19,54.32,146
50.78,20.57,47,24,-11.5,114,56,-7.84,2.61,26.25,50,54.08,55,26,34,140,140,52.23,26,-1,34.12,136,39.88,-47,-9
59.73,62,125,62.05,113,3.24,129,55.4,105,-38,24.26,-45,97,113,65,66.15,-7.36,15,42,49.08,63.94,5,23.95,-16.89,-4.06
16.37,9,121,58.92,14,37,77,59,116,17.55,3,-16.48,15,16.53,18.65,-49,139,83,21.5,26.46,46,73.17,35.37,-21,36
61,-16,-23,-4,-18,74,36.83,17.17,3,-14.92,78,-7.28,69.39,89,-16,-30,27,14.39,131,12.2,29.08,-20,108,56.16,29.32
1.24,30.12,45.04,136,30.08,28.82,45,53,-16.13,40.89,-22,36.02,11.85,42,-30,16.88,16.2,9,15.39,10.97,18,69,71.37,44.47,-45
9,-29,54.39,15,8.85,40.74,55.3,54.84,50.42,9.18,60.43,116,49,72,143,66.09,29.67,59,38.35,3.88,-1.07,3.27,-18,10,9.51
139,45,58.42,48.39,-5,-49,66,50,86,1.01,102,-47,-33,-13.78,144,63.4,29.78,-11.22,-36,130,84,-34,-5,19.35,56.17
-2.82,17.66,-22.19,62.54,44.98,-4,145,112,-37,53.16,53.2,18.28,-8,52.08,30,76,55.23,-2,-38,-12,-3.88,-35,22.63,12.52,30.07
122,12.03,27.1,-34,17.86,14,38.28,51.11,70.37,78,54,-10.3,125,-19,7,57.98,-23,25,-23,92,-8,-27,85,0,113
34,6.27,41.29,44.39,10,-49,66,53.57,15.18,26,24.12,-18,73,-15.24,16.34,-21.92,-2,-43,32,6,7.14,65,137,-15.77,31
53.64,88,64,-12,-11.58,31.81,73.75,140,141,20,90,35,36.47,23,-47,13,60.06,-21.91,144,-15,43,-27,92,142,-8
29,25,-6,77,94,21,1.71,100,-23,-29,109,61.04,115,-21.97,37.02,41.77,129,-16,-24,77,71.27,73,67.03,-31,-4.28
-19,78,122,-10.57,14,21.16,34.87,0.95,114,67,20.92,22.71,32.24,104,71.1,123,77,32,89,42.22,50,129,66.74,-13.28,25
132,115,90,142,102,17,64,-12,65.96,52.23,85,121,-3,67.87,148,19.15,43.97,-6.68,5,17,50,50,92,-44,8.56
-18.02,74,-6,108,131,53,-3.2,102,34.68,-14,117,72,-3,77,54,-49,120,25,68,53.53,74.63,73.4,8.48,31,14.47
66.1,135,8.57,106,136,49,42.52,60,25,126,4.47,46,43,-9,77,0.49,147,137,61.92,21.04,28.39,50.82,-0.76,-15.9,103
137,42.75,27,121,41.3,39.22,-25,26,130,22.29,126,81,145,57,-18,57.29,145,132,61,57,-8,41,61.8,71.48,3.45
-36,-7,29.32,67.65,30,-41,143,27.13,-7.35,3.95,71.92,116,64.42,19.68,37,111,137,82,-22,42.03,24.79,6,74.99,54,-38
58.35,-14,-11.78,130,120,2.16,-36,-18.81,-41,77,-24,-4.83,-31,26,48,128,72,16.83,-47,109,61.1,-25,72,-8.2,29.23
66,-18.28,-6.22,32.29,128,-23.65,7,-0.49,42,74.36,18,15.66,140,66.16,-28,-35,30,-14.94,54.65,12.12,117,-48,32,42,61.01
40.98,47.2,49,-19,101,-9.76,-19.35,-9.02,18,136,126,37,24.43,47.9,135,126,10,54.62,44.25,9.76,36,26.61,26.71,-49,6
26.95,15.61,-9.9,34,32.07,127,-47,-22.96,59,42,-19.95,122,61.58,20.03,71.51,70,11.69,107,74.54,-1,38,21,-8,3,35.7
74.86,-41,111,66.76,1,61,88,-47,101,-25,-39,2.65,55.36,12.5,68,61.2,68.72,17.31,-31,90,-16.23,-19,-1,-10,102
132,69,4.52,51,-16,138,28,-5,78,57.72,-13.46,43.39,8.78,-31,83,42.61,64.24,7,62,59.33,35.31,2.28,63,120,36
55.84,-20.8,39,57.88,-19.84,42,135,89,-16,134,-0.21,23.09,4,47,-36,73.91,78,31.67,2,123,50.58,34,55.16,44.07,-43
70,69.15,138,7.49,36.16,65,22,85,121,-33,6,63,19,128,-43,13.71,42.77,29,50,-5,60.04,30,141,24.46,45
-24,82,18,93,61.06,-16,76,9,84,-40,57,-10.85,142,44,147,143,29.34,-4,45,44.74,-47,52,-25,-1,107
106,116,68.27,9.65,-46,-46,41.79,-0.19,36,10,97,-23.94,-22,61.98,-16.1,24.87,2,-23,51.2,-48,60.73,95,32.38,115,64.03
-28,125,100,41.68,17.06,112,41,-8.74,74.6,9.86,97,37.95,69.07,0.9,-14.22,-49,125,13,57.88,74.72,-40,113,40,70,-7.27
104,-1.84,139,21,33,12.28,126,100,22,27.45,3,58.65,39,29,-24.98,-18.68,55,104,39,-33,101,-14,73,-48,69
-37,13,-43,39,48.82,-22.18,20,146,23,-17.87,-14,46.25,64,-0.68,124,10.5,-18.4,117,11.11,-4.44,67,18,134,-3.56,13
12.51,8,-23.12,131,-21.7,71.06,14.26,2.34,56.63,70,98,74.84,-6.54,100,24,112,-20,63.61,-33,77,126,39.94,57.46,86,14.07
63,148,70,52.58,-14.17,106,59.61,-17.91,71,136,-4,69,-43,18.07,-12.83,11.44,63.79,65,124,72,121,146,41.15,-43,62.05
-6,85,5.88,91,-13.13,-43,58,50.6,-17.08,-35,-8.59,42.86,40.59,-8,18.14,77,35,141,-44,46,74.3,102,31,43.52,-11
81,17.8,117,-33,73.7,143,102,39,90,135,64,3.97,90,36.26,36.53,61.4,45.38,68.67,19.14,30.35,112,92,63,20,116
33.31,-6.4,8,66.04,76,65,74,-32,-4,-32,37.31,98,-13.21,12.66,86,-39,-29,101,101,19.83,26.59,-16,-33,24.48,75
67.47,-49,21.25,58.67,26.67,-3.24,-10,36.57,23.41,90,38.77,-12,109,37.55,55.49,49.88,25.1,66,74,33.15,26.75,45,50,-24.55,3.33
-21,78,0,36.29,87,32,-7.01,-21.01,63.97,-11,-22,1.68,29,16.5,134,48.72,-33,123,125,-17,145,-3,-36,-33,131
110,92,62.3,11.05,47,125,-48,63.16,61.8,33,112,8,19,124,-19.76,12.49,124,31,53,133,129,-15.16,71.09,-13,-21
-0.69,25.5,40.91,-35,28.57,-43,115,-22.41,109,103,-48,15.28,59,16,90,-28,74,78,48,44.4,64,109,53,9.51,74
-37,26,12.63,54.83,110,-7,119,-12.11,0.02,36,5,-11,28.65,94,2.95,-22.3,131,107,10.74,110,-14.51,-16.76,-3,25.21,110
69.07,-47,47.17,14,121,86,78,17.5,26.37,46.67,-12.26,59.31,50.81,113,8,14.81,74,3.67,-46,-14.52,47,51.27,69,24.48,5
-45,-13,-15,-12.63,60,57,40,-23.74,54.02,73.01,66.11,102,-11,75,-14.63,47,17,24,-13,35,0.3,29.79,22,97,83
19,-11.93,133,37.39,70.43,65.32,62.51,113,-12,67,58,-43,70.32,105,109,3.28,-15.88,57,87,23,59.94,11.98,42,16,81
68.92,-19.6,19,-13.54,69.28,6,13,15.61,-20.31,10.34,0.29,116,-1,-41,26.59,-6,76,31.9,15,-42,41.27,8.8,3.68,13,-8.87
25.84,126,26,62.8,-2.52,66.36,-3,11.8,-36,-1.48,20.96,72,72.85,124,-29,49.88,10,113,80,140,-32,57,64,-16.4,-15.82
22,63,2,-46,84,13.04,145,27.55,-13.87,134,127,123,60,130,61,3.59,67,-13,62.28,132,56,22.94,36.96,88,33.38
-4.85,-10.83,136,132,48,48,101,107,69.69,0.06,3,59,118,22,117,-32,73,-10.44,72.78,98,22,21,128,117,27.88
64,2,42,-21.1,24.5,-18.19,20.24,63.09,-29,144,14.39,-4.43,87,92,6,-24.08,32.57,11.59,37.62,73.51,102,70,-13,72.3,142
136,22.21,42,73,109,56,98,56,4.65,30.14,12.92,142,59.03,40.05,-28,10.73,62.52,2,67,6.61,15,124,94,61.27,14.61
68.15,56,39.87,18,11.81,41,-15.82,96,99,98,135,123,-2,-6.79,148,11,36,85,-9,38.07,56.01,-15,40.79,25,106
-20,85,-21.88,134,-10.8,-4,128,-23.25,-12,15.82,46.92,123,105,-23,31,132,-33,12,33,47.23,124,-7.8,42.88,-10,32.62
-5,-12,-16,119,-17.83,48,-15,35,65,23.95,-6,69.69,33.37,69.59,60,-6.93,-3.35,4,-8.94,9,96,-20.12,3,14.66,60
-2.41,48.1,-12,-1,24.6,5.21,135,-3,-26,-0.14,72.89,-23,-31,19.04,1,22,-11,68.9,-3,51,46,-14,138,-15,2
95,125,58,60.22,-13.19,2.73,2.18,139,92,57.83,113,35.54,-12,-46,60.15,49.7,56,-22,25.32,53.02,47.51,-8,111,66.32,34
130,50,59,9.69,8.77,23.24,3.82,100,-20.87,44,78,-23,77,-24.73,24.52,28.37,-20.79,62.19,14,61.95,-11.89,15.28,-34,-24.64,46
8.68,63,99,99,18,20.86,-16.57,9,-6,0.65,24,19.22,-4.27,1,124,36.2,-25,-12,104,137,128,-8.7,3,-21.43,-7.06
-16.73,143,3.91,2.42,127,78,-10,56.01,63,74,40.09,44.54,109,123,34.5,17.19,-50,5.75,27,138,32,64.81,-8,17.74,-4.33
-5.21,-22.04,74.97,21,-23,0,110,-29,-9,21.65,73.01,42.83,-27,57,74.67,-18.25,51.83,115,147,127,46,25.3,29,6,44.12
131,16.42,78,-41,102,92,76,5,-13,-19,63,-16.27,27.27,-48,-24.59,-33,42.05,142,70,-4.82,11.05,-27,40.97,17,-4.22
28,14.94,-17,109,59.6,128,-32,29,-46,28.21,70,-27,-15.89,61.08,54.86,33.17,72,-49,96,94,20,20,-17,56.62,-10
-15,4.38,97,49.79,72,66.61,20,47.39,43,75,28,54,-23.2,16.05,1,12,121,139,74,53.44,40.52,58.89,149,-40,-21.43
74.55,10.41,68.88,38.52,78,147,22,69,35.27,-47,49.5,37.07,-1.56,-9,69,43.01,4,-22.42,-6.67,45,-14,107,42,14,44
113,25.21,-6.62,65.04,26.6,85,29.36,34,6.02,37.11,-23,53.56,135,112,125,95,-20,-39,-35,53,-2.84,8.66,145,39,-21.3
65,68.94,-16,86,-9.19,81,88,84,77,25,136,137,-11.03,19,136,7.81,90,-6.27,-13.33,57.74,49.87,52.21,57,2.73,8.89
-11,77,27.53,-15,67,-21,14.05,-47,75,120,-11.11,0,73.9,116,10,-50,70.56,120,23.41,-13.16,-50,70,14.95,102,105
-8,10,6.74,17,40.49,67.28,139,-1,46,2,-29,47.23,24.35,23.84,13.07,1.13,-13.9,-23,7.08,29.45,35.84,-41,19,44,52.3
95,122,38,48,28.92,122,-13,45,-50,68.74,97,0,-16.59,8.44,26.81,-50,77,-11.44,-16.56,38,-16.21,110,37,-9.4,17.81
71,51.94,41.48,-42,-21,105,18.8,43.49,22,82,8,81,24,-8.68,1,34,67.43,18.86,74.45,-20,73.96,17,-5.61,59.74,-19.13
69,23,104,-24.43,4.08,-24,96,-48,31,73,4.82,53.63,108,36.75,-38,10,90,-10.32,132,6,-12,141,-20,-33,1.35
-48,52,105,-8.84,55,8.01,34.64,94,11.96,69,24,42.71,3.46,6.75,15,49,27.58,112,5.64,-46,20.31,27,23.29,51.49,109
-17.68,53.3,90,-2.75,-41,16,50,-17,0.08,64.21,145,-16,30,52,59,54,34,-6.36,148,58,54.47,53.17,18,27.69,61
1,65.44,69.37,-13,48,146,94,44,-25,2.85,100,12,-18.41,66.58,120,0.98,90,70,149,81,-10.14,52,58,65,116
5,-43,41.96,69.84,71,138,-22,24.05,11.13,53,-23.25,147,-6.37,29,80,19.24,73,71,112,38,139,101,-19.68,46,-47
20.03,16,78,26,-3.44,130,-36,-49,15,-22.32,73.57,-14.72,26,-18.48,67,62.71,44,109,114,41,143,-8,116,40,123
18,6.54,95,-15,139,144,29.28,65.63,102,101,127,66,15.44,114,-50,148,119,-22.05,-4.38,-14,-23.46,121,27,-34,68.85
-5.49,63,65.19,11.27,111,147,42.07,89,87,58.24,129,14.09,57,-20,32,58,-17,48,-37,116,29,6.52,116,-13.02,-3
124,-2.53,-17,-8.71,-17,59,-10.64,148,26,130,19,102,50.28,61,111,-26,61,65,-17,-19,65.17,28.58,-5,-20.35,21.73
-38,-36,45.15,51.09,67,0.86,39,94,58.77,-17,26.76,69,13.62,40.09,24.39,72,68,69.1,118,69,23.38,47.55,40,120,79
-25,28,15.14,149,56,50,-23.63,21,23.35,0,-35,124,-22,44,55,108,45.29,116,106,65.45,-18,19,57,63.72,7.8
19.94,27.03,-10.96,66,-5,63,-13.23,-3,28.01,22,-7.27,127,-39,138,55.86,56.12,-41,57,52.01,137,-10,23,136,82,12.59
17.46,22,-14.67,19.16,132,12,45.03,71,-9.29,-16,88,50.02,28.65,19.21,24.2,46,64,-45,-13,-18,-16,-7,28.16,62.39,73
24,-11.72,46.96,44.09,8.43,1.38,114,-2.26,19.36,139,-12,68.77,47.38,37,31,51.19,11.56,-2.87,-2.83,21.68,-48,28,71,15.95,18
143,-12.23,23.47,82,18,6.29,-3,12.17,-45,35,-2,50,13.73,142,129,120,63.91,2,1,148,51.57,-44,55.62,143,-50
65,43.9,40.9,-39,17,9.4,94,8.86,30.19,-5.68,-24.78,42,-14.64,-35,54.64,111,-25,35.27,109,117,67.86,45,52,63,62.56
53.83,108,1,34.86,8.83,19.05,15,42.87,-41,149,-22.55,26.3,21,0.06,25,0.29,28.2,-38,109,15.03,57.32,56.43,69.89,121,93
25,-27,136,111,-36,-15.65,-24,13,124,24,-8.7,-2.87,38.33,-22,19.86,9.23,27.08,72,55.77,-36,52.28,-7,47.66,50.26,23.69
7.32,69,149,-28,21,56,77,65.53,105,133,48.78,149,107,105,-2,32.2,71,120,15.34,121,93,22,-13.44,49,-1
42.86,112,9,39.6,-23.76,-20.58,-13.39,77,116,73.91,49,8,41,53,-6,26.88,37,72.51,69.19,17.95,60.18,120,-13,56.32,18
13,67.82,82,19.57,-1.88,59,-11.14,146,4,46.49,135,79,85,69.87,63.37,49.61,121,-50,22.71,13,-5.06,69.58,15.97,-24.84,-48
103,26.11,61,18.23,100,40.2,5,54.5,94,37.46,71,5,24.5,127,-45,134,64.81,76,2,129,-2.46,-21,43,47,42
69,-29,83,105,137,74,41.32,48,20.8,97,23.08,8.66,58.03,47.56,48.55,68.05,65.84,147,-49,80,-23,15.87,35.79,17.97,4.66
138,53.69,-38,56.55,-6,59,9,39,89,-5,53.92,12.99,139,59,28,74,30.52,16.59,43.96,16,60.05,126,-16.87,-26,-18.84
40,4,143,-12.25,33,47.43,29.82,-45,123,-6,53.45,38,0.72,66,116,56.35,89,6.16,-11.83,137,41.78,23.93,59.02,93,35.96
-23,136,47.31,101,109,8,54.32,97,12,68,59,98,96,13.18,-8.09,18,79,-42,0,25,113,12,145,58.1,105
20.39,86,20.42,31.19,143,20,106,128,49,141,142,130,-8,-8.24,-34,33.3,48,-47,15.66,-13.47,30.85,6.81,-10.96,124,33
51,134,-10,148,62.98,58.54,53,33.15,70.93,39,42.37,-18.46,53,22,16.64,29.01,137,143,46.85,42,57.11,108,114,127,85
10,2,-47,-1.45,47.25,-19.66,19.19,-1,27.42,63.62,-13,6.02,116,-20.44,-46,135,128,18,31,-21,85,40,98,-11,10.76
56.93,33.11,32.84,67.24,149,66.95,124,134,14.12,61.1,54.99,129,-43,126,-4,43.6,56,103,112,0.28,119,-20.02,70.93,39.12,-34
41.46,13,22.23,119,12,-35,0,8.04,68.1,9,-15,11.49,64,34.93,-37,3.49,144,141,3,72.27,80,118,83,134,32
-49,-16.96,81,63.55,-20,23.35,140,-19.11,147,126,33.5,-9.76,-13,71.86,11.9,45.21,82,30,70,13.66,5.5,-23,25,-31,3
95,76,34.68,39.25,53,-20,97,26.21,69.38,49.39,16.99,135,-24,93,5.71,105,-14,63,-11.22,30.59,131,54,-19,-7.9,-31
90,135,52.85,105,-2.92,6.76,137,31.09,56.75,49,-30,36.17,72.14,49.34,107,-1.25,46,31.19,36,96,5.11,118,63.13,125,32.18
118,56.38,34.27,-23.12,131,-27,-12.74,31.5,-37,69,12.42,19.42,13.4,11,49.09,3,79,35.04,132,62.77,104,127,28,89,-4
-49,117,38,105,15.55,51,88,51.41,-41,9.49,12,-5.73,146,-3,73.32,62.57,-9.01,-15,100,-26,32.7,80,6,23.42,92
-7,3,51,76,63,10,-44,18.75,-11.38,69.06,135,38,-7.24,-18.14,41,-20,-18,12.22,132,87,8,5,55,45.78,55
-29,52,36.23,68,-7.98,-19,145,-25,111,118,27.89,-2,147,36,35.15,35.12,4.53,92,57,141,-26,26,72.56,-21.2,-8.43
45.67,5.73,-8,38.19,35,69.55,19.26,18.03,38.52,-35,72,69,68,-13.31,-11.16,0.34,63.4,22.09,-33,5.78,75,-22.15,14,74.87,64
-6.85,-32,39,-18,39.85,133,-7.1,40,114,50.5,60.78,9.07,128,62,71.12,13,148,23,58,29,-13.65,-43,-24,-9.21,-20.89
98,114,69,17.39,9.49,51,-46,-27,74.34,-45,25,132,131,148,-5.23,1,19.12,22,62.45,-49,-31,10,61,115,11
-22,20.94,-43,27,78,-10,82,67.83,-44,87,53,30.29,71.85,121,-50,22.95,71.7,13,-45,58.29,-8.54,11.17,41.4,136,-7
75,6,-18.56,42,26,-43,49,51.51,-35,-20.73,-11.2,14.93,-12.33,68.7,111,60.79,43.6,127,-3.67,62,124,73,12.04,-20,14
-32,68.92,-35,-26,65.93,-4,-18.18,128,31,59,-3,-49,23,-15.44,26.83,-31,67.79,11,-9,43,24,147,-11.98,-30,42.3
69,81,-5.78,140,-14.75,26,49.09,1,-2,30,31,138,-46,20.32,116,-25,-19.95,-27,30.61,23.32,-17.85,17.32,-45,35,38
78,147,2.55,-28,37.36,63.09,4.76,26,-21,89,68.33,-9,43.39,52.15,80,118,120,89,15.06,94,114,-4.38,87,-1.56,80
52,-21,1.62,13,-46,42,55,35.66,39.02,1,48,-6,65.39,91,56.65,115,14.11,139,24.23,24.91,-11.14,22,103,-11,43
-50,32,32.09,4,111,-5.14,67,8,124,0,115,47.82,-22.14,114,-14,-25,61,8.9,89,-45,-30,24.52,11,137,3
148,8.8,16.43,6,9,71,51,16.2,-38,-10,26.46,134,62,5,66.9,-18.63,-16,36.42,147,-9,72,29.29,138,-9.64,15.65
10.57,-13.79,60.88,-14,16.42,62,-28,-44,71,-0.16,21,1.53,61,113,56.94,57.79,60,23,36,55,-42,51,22.69,72,25.21
108,23,5,5,90,106,38.9,57,45.26,36.5,38,118,64.41,-7,18.86,-1.98,5.58,1.15,28.09,119,79,32.35,46,82,19
16,41.89,31,-20.8,14,15,53.87,-12,142,-12.66,2,-24,-10.13,20.91,-7.22,31.13,30,-48,-20.61,25.67,7.18,146,-23,75,-14.64
139,-39,87,129,56.5,-32,-41,-6.57,-11.92,61.47,145,-13,75,10,135,36,73,-37,-45,48,97,-6.58,61,-6.37,125
55.08,41,99,8.67,-23.42,128,46.96,-44,47.41,-13.11,-50,-23.95,-30,22,-7.36,22,-49,20.64,81,-4,23,42,143,72.12,49.08
23.92,26,-25,10.67,19.38,133,-3,62,11.9,146,117,-20.11,42.39,91,-14.63,-31,-36,10.73,2,62.57,124,24,-49,-15.35,15.21
4,-2.92,18,24,-13.15,58,-20.94,70,-19.06,48.28,38.15,75,41.61,31,9.1,-3.22,24.45,-49,69.68,130,61,42,-20.95,34.06,-33
90,148,102,-47,106,-7,-28,0.74,-14,64,19.27,-40,48,61,73.68,35,-46,78,73,5,145,80,1,71.29,26
48.6,34.6,68.17,4,43.16,136,8.79,138,-5,-31,-21.7,50.32,114,90,8.36,68,-21.57,144,29.46,145,-19,3.39,33,129,89
107,75,87,29,7.21,24,21,-49,25.78,61.03,14.69,2,93,17,106,33,-2,13.84,126,-12,139,122,44.05,-10,45.51
-12,110,-49,4.02,4,108,115,23.32,-21,-18,126,-45,8,2.02,44,99,74.58,42.2,6.3,15,30.86,59,1.94,32,71
32,29,-50,14,-9,18.89,4.66,25,88,130,-49,28,74.42,89,68,16.28,26.66,115,60.41,38,103,66.91,99,74,18
-14.01,133,115,14,12,57,-10.89,61.78,12.44,-24,44,-45,115,-45,17.18,19.42,-13.8,35.24,-18.9,69.32,31,-35,51.58,32.46,-12.4
-14.51,66,41,33,-14.48,-17.64,108,-40,-4,47.96,51,-21,0.85,40.14,15,65.98,73.67,62.93,15.95,111,9,-0.89,54.31,52.91,121
-2.39,50.83,143,-30,27,141,1,69.95,34,16,42.35,-7,22,125,55.12,34.07,11.4,-24.72,11.6,126,58.3,32,-23,74.04,2
10,-47,0.97,105,68.22,101,4,-40,-1.93,5,105,-50,5,44,44,108,46.01,-28,50.99,60.85,37.84,12.82,19,62,57
132,21.08,64.2,103,-9,40,60.74,92,44,-12,93,47,62.95,61.14,110,68,57,-17,61.89,34.65,60.54,-5,76,32,50
47,-19.82,97,79,95,40,65,31.49,50,-11,12,44.16,0,19,55,5,5,11.72,35.08,-17.62,77,89,81,42.1,93
1,26,-21.27,-15,58.4,121,58.79,-19,-13,43,78,10.33,-39,-0.14,80,-23.57,77,75,-22,29.97,148,-11,30,66.86,-21
65.19,61.82,18.39,13,107,101,60.82,14.34,45.57,36.31,33,87,132,27,-42,44,49,49.49,-7,18.14,37,75,-5.39,140,-21.3
11,57.92,24,-47,-3.17,4.65,39.15,8,49,40.05,-29,6.79,-42,36.25,-33,130,129,132,56.94,42.24,-33,-27,57.17,79,-20
-19.21,13.92,97,41,74,-38,18,59.52,35.95,59,-23,82,-0.44,18.05,16.58,138,21,11.64,141,119,69.75,28,-32,6.45,3
-6,-9.21,-5,122,21,66.77,26.12,-30,74.55,-8.73,10,-6,-9.23,145,-6.22,-5,55,-15,41,55.59,-24.35,69.04,-46,19.71,-50
4.65,109,17,26,-21,59.21,28,15.47,0,10,-42,72,19.83,27.9,65.42,-30,60,-41,-17.5,-16,66,-3.74,43.72,-11.76,-9
51.62,2,125,-39,97,67.8,37.01,-11.72,77,30.85,135,33,61.66,15.06,147,146,110,56,24.74,45,24,0.7,-18.38,3.63,24.2
74,26.49,0,126,139,28,125,-12.07,41,136,96,14.83,63,33,59,39.18,29,68.9,65.94,14,-14.86,7.35,33.13,93,35
-14,-3.9,-11,8.83,12.17,-14.11,-24.35,110,133,-39,-14,2.62,25,58,138,37,30,-8.52,77,102,48,105,-4.12,14.75,-24.44
136,48.07,55.61,74.75,40.14,72.27,123,62.51,-9.42,26.51,-28,2.38,20,116,130,21.07,110,32,123,3.46,-25,10,47,20,28
35.53,106,52,149,16,7.83,-4,127,24.47,-0.51,80,71.8,-41,111,81,41,103,67,-24.09,-21.05,131,73.06,18.53,103,-45
78,69,21,136,72,-10,-19.19,147,89,13,66.8,109,4,69,111,42.72,2,93,24.91,101,51.44,95,55,8.46,-21
69,66.21,67,49.41,73,7.6,33.97,15,102,119,-16,28,23.26,60.97,67,19.57,141,30,24.81,84,-3,133,24.05,1.05,18.34
121,67.17,88,-25,36,-12.41,-21.87,119,122,-37,146,-10,17.93,139,-13.73,135,42.76,134,63,70.48,22.95,-29,-12,-22.68,67
90,72.71,2,-5,123,87,67.19,-4,44.56,-36,55,-5.87,41.01,62,70,136,131,-0.58,-18.52,32,-6,-8.37,58.65,-46,123
109,-6,35,69.05,-34,139,30.47,-29,24,117,34.05,145,118,70,-9.92,72,-6,88,-6.17,54.41,-8.27,49.21,12.28,28,67.49
141,10.1,-5.08,59,31.67,40.46,-9.25,107,42.76,21.81,-34,110,-38,35,12,39.12,105,105,23.95,-0.49,44.69,71.2,19.48,22,74
25.18,-12.64,15,133,72,47,30.48,39,106,9.62,66.28,22,131,23.65,26.19,93,5.9,4,133,54,17.3,-12,-25,73,-5
64.67,62.33,63.16,14.12,9,4.22,2,78,-29,107,-16.64,12,-34,68,-1,8.79,7,34.22,11.12,148,55.42,118,56.73,95,95
56.84,94,-38,28.57,119,-24.81,31.19,67.1,122,34.16,-24,-41,37.61,46.4,-5.13,50.9,56,39.24,-13.17,95,27.31,46,31,15.39,31.89
148,57.7,-17.51,4.5,145,18,67.5,111,76,137,31,20,82,-8.73,-16,-17,17.19,46,33.45,17.21,72.93,94,86,30,43.58
90,47,6,-20,11,-14,-19,19.95,9.68,147,-20.47,79,48.38,39.86,-32,73.81,94,9,34.4,54,104,70,13.54,8,-20
131,-13,81,19.33,-19.87,-28,5.4,106,-20.53,34,51,12,126,-2.19,63.3,-9,85,40.69,102,35,34.66,17.96,16.81,40,93
3.04,112,52,61,65,79,69.04,131,-23.74,-24.22,30.61,116,59,-38,57,22,68.04,-13,16,45.52,15,124,109,-4,-8.92
90,60.6,142,65.95,67.03,62.47,-48,-0.13,-15.14,-24.95,57.08,-13.93,70.01,24.23,56,-20.64,38,0,46,15.92,42.31,53.12,111,57.13,47
0,-14.3,28,-4,-10,-17.05,41,52,24.82,46.56,31,45.79,51.03,97,73.37,29.56,-16.99,0.03,-17.54,5,-21.57,-4.22,112,58.62,-13.14
149,23.17,51.36,37,11.26,66.55,109,130,22,98,47,12,21,-17,137,125,58.31,72.81,68,26,-21,-8,46,46.77,36
3.57,26,15.51,11,-5.2,49.32,85,-19,122,-3.16,43,58.23,-4,44.43,31.35,-1,34.47,147,136,-19,-2,116,7,65,38.54
27,-4,-24.62,13,-5.58,-47,-35,39,45,139,19,94,7.73,52,-8,29.38,-24.17,-4.79,-2.75,51,28.68,34.03,65.61,-4,35
26.76,-36,-10,1.58,66,52,64,13.54,72.79,40.49,72.96,13.85,72,144,32,-22,98,-24,18,-6.34,55.57,45.66,-37,148,101
51.29,67.72,20.14,-9.82,113,48.86,30.28,146,51.72,-19.89,20.42,65,9,4,-19,-8.69,127,9.22,-18.08,52,60.19,-3.44,-20.58,92,-5
86,74.63,41.81,-5.88,34,129,-27,-24,73,145,136,94,84,42,122,45,-3,47,26,-12.02,119,96,118,-23.51,59
23,-42,-40,66,8.32,46.26,25.81,102,86,66.11,65.89,134,108,-23,36.37,107,31.53,75,-0.25,73.01,12,119,2.3,118,-12
-50,-2.46,40.53,101,68,32.7,-2,-12.76,-26,72,46,107,68,35,51.94,-29,71,130,45,54,19.52,66.57,25.47,58.15,-7.28
149,37,36.21,-9,22,52,-10.44,17.68,-34,30.7,31.93,81,53,-6.77,86,46.82,144,114,9,-6,-6.31,-7.05,13.34,12.96,148
-50,2.05,27.58,-42,87,8,-20.03,135,10,-11.87,-9.35,-43,-16.72,41,73,-13.2,-0.54,-5,-2,32,58,75,23.85,88,93
106,-12,60.93,45.76,-32,-10,79,60,62,50,71.09,117,-19.61,35,18,-11,42.79,37,92,-50,134,42.71,55,92,119
-21,-17,128,35.54,-45,-4,-14,94,26,28,11,43.46,-22,53.9,77,-15.68,122,5,144,32.78,-8.76,125,-19.3,66.03,-4.97
10.52,26,96,108,1,4,53.17,67.24,143,58,56,-0.47,59.57,-14,3.99,29,42.88,113,74,42.45,-39,36,50,47.08,75
57.38,9,135,59.1,61,-18.07,-16,-38,43.38,-14.04,46,148,59,-3,25,-13.24,69.6,40.12,-17,38.58,44.72,123,27,-6,-16
137,32,11,21.29,-30,47.99,16.67,31,71,2,39.83,31,56.94,50.08,1,-5,-9.38,57.7,66.31,41.29,60,34,68.51,125,46
65,-20.19,76,24,32,-33,25.76,138,36.41,15,48,53,-5.5,-8,21,-37,103,44,67.93,129,33.3,-6.06,64.67,3,101
84,56,98,126,136,125,67,55.34,-5.24,4,15.72,37.19,37.09,15,65.19,-5.62,10.86,90,71,30.61,52,28,15,58,22.85
-3,-6.24,47,122,85,144,96,72,-13.99,82,124,-17.83,-19,14.59,-0.39,25,115,-45,53.86,61,87,140,-1.55,-17.46,86
30.7,4,56.78,0,34.79,7,32.6,70,79,-13,-46,114,-8,40.42,87,20,-32,79,-4.35,21,67,74.29,56,23,56.79
-16.91,69.4,101,-16,7.02,112,97,38.64,3.5,-24.18,94,-32,65,135,130,36.6,-9,9.27,67,-2.9,7.17,59,51,43.18,-12
-12.08,-12,9,-11,-44,36,34.88,123,27.1,26.45,-4.83,76,35.54,118,-20.02,33.95,5.25,81,19,86,110,-4.18,50.85,-9.38,57
51.45,43,61.37,139,100,15,118,22,96,-5,7,49.71,60.48,19,39,85,45.91,91,-29,13,109,-3.09,-6.68,96,-17.7
-11.07,-19.99,-28,68.14,8,-3.31,4,70,-4,139,62.3,-4.42,-14.34,94,47.51,62.66,141,60.57,30,52.2,20,4.18,27.41,-15,28
34.92,72.13,126,18,28.9,28.28,7.19,33.64,-16.25,-37,47.38,57,70.55,149,-11,22.26,-2.71,-28,59.71,126,21,52,91,8.06,32.22
14,123,4.19,92,2.55,-50,23,65,130,69.36,27,116,-8,108,44,21.45,-13.48,93,119,18.19,-39,-13.72,-44,39.84,6.97
-0.62,27,-27,104,142,119,135,17,48,54,95,1.6,66,39.83,-40,62,40.06,61.76,5,140,-38,-2.34,54.12,66,36
-5.41,16.17,90,24.31,39.65,-2,8.69,91,101,34.8,28.11,31.1,52.32,50.76,-3,114,33.27,149,59,71,126,-12.39,131,17.99,11.22
-18.11,108,51.06,59,28.85,-2,50,102,135,50,34.59,49.77,137,43,15,34,46,1.5,99,7,128,39.17,14,73.93,64.58
95,108,77,8.93,41,44,55.39,-20,126,145,64,-16,-13,140,66.27,47.22,47,-25,23,55.09,47.8,30,-1,52,10.28
117,21.1,51.04,3.7,-20,3,-4,-45,85,20,-41,109,8,4,58.12,-6.38,30.54,15.18,72,2.41,55,57,107,24.03,16.53
14,28,-48,-0.49,-36,64.58,22.67,-3.72,-3.11,90,65.38,73,25,-7.89,9,-1.33,27,-2.8,1,-33,63.8,-18.21,109,61,-9.65
9.8,129,21.97,-22.04,103,5,119,61.17,135,73.33,80,-8.98,-10.17,22,118,34.4,19.72,87,49,54.79,29.21,38,-7.56,64,128
-14.95,-31,87,59,93,148,139,6,130,67,53,56.54,116,3.58,107,72,-33,-32,83,-4,5,62,-22,-9,-4.18
19,-40,11.66,-12,-6,19.52,135,11,-10.1,14.92,68.08,-14,48,10.94,44,72,14.56,42,25,26,47,-45,132,-39,-1
136,50.15,20.76,136,10.44,19,80,89,57,54.4,118,-19,41.45,-14,37,-4,75,25.5,13.68,63,139,84,142,42,63.9
-8.63,50.97,-17.27,34.36,98,35,12,-20.45,82,-30,39,50,70,-11.87,114,-7.73,85,85,-19.17,-21,11,-1,50.35,-15,20
-4.88,-22,4,5.1,-43,67,20,126,14,67,39.33,16,-9.19,41,18,23.05,-34,-2,-15.34,42.77,95,-35,16,125,37
63,67,35,25.76,-7.98,-2,32,-45,34,120,24,-20.22,-10.19,135,11,118,21.73,-37,-8.96,40,86,7,143,98,66.37
123,73.54,-14.65,51,46.24,74,45,73.8,68,-37,-39,-46,131,99,-9.53,61.87,-2,-28,38,18.49,89,52.33,-1.21,62.33,-20.98
82,16.01,-10.88,3.08,-40,-12.06,130,50,-2,54,70.12,-23.76,49.58,25.88,32.17,72.67,124,-15.78,6,10,69.76,66.02,139,35,60
54,62.98,-5.88,5.22,50.34,65.66,105,-0.06,26.22,70,12.32,-2.94,105,131,96,14,6.08,80,40,55.6,91,115,-6,16.06,-9.76
-23.16,142,0,107,29.03,65.21,127,148,-32,-13,137,78,39.18,11.13,-37,101,-24,41.85,39,146,105,108,23,66.42,-10
34.87,15.72,37.18,50.92,88,57,-13,47,28,86,-19.77,85,147,44,27,-36,140,39,13.73,63,40.82,0,142,0,11
-3.88,35,-15.13,37,145,5,0.71,-9,40,9,82,13,-46,75,-15.01,90,130,14,107,79,-25,34,65.1,-46,66.88
-37,19,-24.4,19.56,106,106,-15.22,46,-31,-46,-17.74,-42,53.16,19.02,141,141,-36,90,15,50,47,50,42.87,32,103
-26,134,9.13,-2.69,-33,-22,19,16.82,107,145,31,-25,145,53,-24.52,32.12,-18.94,102,14,144,-31,10,61.86,47.39,-27
52.96,40,45,68,-23.52,-42,84,-5.2,-29,71,56.31,53.15,146,36,37.8,131,106,56,123,69.38,133,29.06,-3.58,22.07,-6
116,21.04,121,2.15,133,135,70.21,-23.17,-2,124,-5,2.02,9,21.34,91,43,45.79,134,56.82,-22.48,-48,61.39,117,-17,37
-21,43,70,69.81,-32,50.56,119,47.17,-10.7,46.17,-19.14,-2,-14,8.42,-9,28,55,57,69.59,-6,144,19.95,86,19.25,-44
48.23,114,-31,1.76,8.67,124,-14.21,-6,89,137,78,63.04,134,110,113,65,61,131,-14.35,90,2.68,-4.68,102,7,15
102,52.99,32,145,-2,20,143,82,122,33.62,118,61,127,46,-4.85,131,145,90,66,1.49,62.88,74,66.83,148,44
65,22.07,-8,-7,1.07,105,62.48,56,55.24,28,96,37.36,7,-24.14,-25,-12.13,89,53,45,132,-20.57,69,92,-29,56.76
57.84,-10.52,111,-38,44,79,30.81,65,58.13,-23,91,145,73.64,60,-44,49.88,59.28,89,120,-8.81,48.18,113,-5,-21.42,87
1.84,112,65,36,103,14.92,18,58.38,64.62,-17.31,7.92,-21.17,28,74.35,1.16,48,62.12,38,21,6,12.11,122,98,50.8,72.81
36,144,18.2,123,30,93,49.97,55.58,44,-25,-20,40,9,66.75,0.04,134,-34,56.15,-33,-10.42,28.38,40.66,65.45,-8.6,2
112,18.28,28.71,-8,4.17,43.2,14.15,144,-34,25.59,130,70.85,70,14,-12.82,35.96,132,99,-44,35,48,29,52,-16.95,-21.51
-21.1,87,23.59,54.68,70.92,35.68,94,69.97,43.15,0.48,37,20,15.97,43,7.31,85,30.66,90,-1.02,-2.54,-6.86,-24.74,89,38,61.41
72.94,33.32,50.35,36.01,72,-18.97,-9.33,-22,127,51,4.76,69.74,26.97,121,72.89,53,3,84,61,-10,-33,41,66.61,-23.57,0.78
7,-17.6,95,-1.53,42.86,72,144,75,11.86,1,-19,0.73,-31,113,-21.44,70.29,56,53.96,16,15,21.08,116,124,36.67,105
52.71,87,-16,38,70,18,39,-15,9,55.95,131,-2.75,-23.45,-24.45,115,-4,25,20,-10.02,-50,69,6.05,8.08,148,126
37.4,76,126,14.31,61.39,91,7.72,14,-27,70,60.15,32.3,141,-47,-41,59,43,-1,23.8,107,142,5.99,51.82,-29,-10.67
61,17,13.14,18,66,-15,38,1,-47,2,80,23.27,45.67,106,-15,113,-5,-21.82,-17.66,-43,128,116,126,96,-23
139,-19.03,124,15,118,13,44.9,-15.03,-3.49,6.97,-22.53,-11.85,120,44.89,4,17,62.36,22,14,112,103,-20.23,93,54.17,50.96
-17.36,42,106,47,18.22,57,5,133,-21.9,3,111,33.3,40.91,-15.83,6,58.45,-37,0,-4,30,56,-7,74.62,62,47.98
4.95,119,15,-8,24,-5,132,5.14,126,66,-3,55.42,29.33,-20.54,-22,116,83,25,39.35,90,47.21,53.89,-36,2,38
-36,46,30,54.4,36,7.39,73.23,2,101,-43,54.76,59.49,1.45,19,-35,-2.46,95,135,-19.78,-24,55.4,-20,35,41,45
129,-44,14,-1.64,-31,-50,17,57.81,67,49.06,83,51.13,32.81,18,67.22,36,4.87,10,-41,65,38,28,72.95,-30,30.38
44,122,63.89,53,42,115,13,10,55.96,62.69,17.2,108,-27,30.1,-28,-11.34,134,128,140,46.83,-12.9,60,-46,31.5,79
28,-21.58,15.01,135,-13,4,44,-19,88,130,-24,114,4.63,-41,96,79,37.03,-50,15,-27,8.43,114,21.45,-14.65,33
2.93,11.97,88,-16.35,-17,96,-41,121,-16,-15.55,76,48,110,86,29.07,-33,-31,-33,-43,29.72,41.91,7.54,-44,-16.31,43
-24,114,17,136,1.47,-7,3,-29,82,16.83,23.44,68,-44,21.72,140,21.17,56,-10.36,74.4,68,-4,-5.8,-0.63,67.62,-4.87
-44,28.14,131,65.82,-32,27.18,-8,129,-42,17.24,-22.19,-38,121,57.03,80,57,-48,-44,35.11,50.97,-12.15,-27,133,15,146
126,70.19,-35,98,61,42,50,123,85,80,47.44,-1.31,52.15,36.8,-25,13.91,38,8.95,17,58.81,38,43.49,144,-21.96,59
-26,65.58,-38,93,-36,53.24,87,-2,74.67,9,67.13,-21.64,121,64,-14,127,51,42.21,149,33,42.84,-17,5,-15.86,-29
89,-11,27,-2.26,-10,21.35,57.28,32,25,-11,16.52,20.75,119,-4.83,-25,37.81,42.72,-24.41,73.1,107,38,54,40,120,-40
11.99,103,-28,106,74,-47,20.11,-41,16.93,-47,36,29.7,-20.19,75,-36,28.47,-36,95,137,-16.15,120,71.87,37.85,44,94
-5.84,11.88,133,-15,96,67,29.62,141,78,50,8.88,129,40.54,123,-11,4,3.94,61,144,1,115,47,70.56,73.8,-20.04
-20.21,23.35,55,3,113,96,62,42,14,34.5,0,5,108,-17.42,3,-45,-24.84,137,15.38,10.45,121,45,47.83,55.66,105
68,-11,-6.14,74.56,57,72.48,120,19.33,34.74,47,87,-33,55.56,29.73,-2.48,51,7.54,21,23.74,-11.08,120,6,-32,7.06,38
121,-10.17,39.74,5,-18.23,19,54.97,64.41,16,107,64,31.72,38.82,-9.34,32.3,56.08,-4,52.39,136,60,62.33,80,12,63.97,1
94,23.38,-12.49,17,5.34,137,51.2,93,66.8,139,80,3.3,20.64,22,4,44,29,74.29,32,55,49.43,77,19.85,65.55,-30
50,76,118,116,7.08,28,-14.2,90,-12.35,44.97,79,-47,25.16,61.69,-8.32,-9,22.08,110,136,40.64,78,-23.57,56,93,67
-24.67,141,-6.82,-6.42,33.71,148,143,-7.41,111,42.97,19.38,59.97,39.58,-9,-22.75,-24.15,-15,52,106,-33,113,22.96,42.5,104,43.03
14.17,9.56,112,27,122,79,20,-49,-13,115,-17.39,-39,72,-6,80,8.58,-28,23,-16.97,-46,141,5,51.93,44,110
27.8,23,92,-14.55,2.75,-1.6,117,16.61,-15.16,146,-16.76,19.21,135,59,60,100,-13,10,72.35,37,149,111,69,44.2,-2.42
-19.3,41.05,18,-35,1.7,-21.14,5,6,-23.96,30,140,106,0,54,64.9,21.46,69,73,6,43.33,66.04,-2,-7.26,29,-3.51
9,103,119,2,41.47,15,7.25,27.92,138,80,-15,34.4,19.7,98,12,69.65,68,-8.29,-50,139,-9.6,119,51.81,54,143
139,105,-14.42,27,141,85,-18,-7.25,-4.79,72,2.45,-20,120,135,25.51,80,5,-4,137,103,120,59.78,16.23,-30,7
49.37,-23.61,-39,82,-30,138,54.78,64.67,65.04,50.75,-38,58.55,99,-10.01,24,-46,-4.84,95,53.23,29.22,7,-44,103,4.48,-27
68.3,15.5,16,143,91,-4.38,-41,-24.92,109,-31,105,20.7,129,-3,56.9,-12.23,29.01,13,99,-13.22,42,120,58.89,139,19.48
74,67.37,53.71,122,130,23.68,38.51,57,10.24,-33,14,85,-13.6,39,-19,-14.2,91,137,53,73.05,27.71,-48,102,67.62,-16
136,103,114,61.4,72,-24,67,-4,64.67,31,50.11,145,52,77,109,69.66,23.7,61,-39,17,47.06,123,110,-20,134
104,106,12.84,137,125,55.95,74.11,129,-13.47,-20.93,16.67,40.91,50,14,5.82,-13.41,84,-12,62.01,40.23,0.07,100,-24.81,65.89,-19
149,105,100,36.27,54.3,-13,98,122,31,73.67,17,65,-17,29.41,61.09,6.84,39,145,73.51,-20,40,55.35,20,4.77,62
69,-4,-15,121,28.75,58.47,-4,39.81,11,65,120,14,113,-46,-28,26.39,56,76,56.1,60.99,49,108,-25,40.9,-28
-15,-23,56.89,99,-5.74,-24.63,-13,55.38,148,120,39,36,88,44.43,-11,9.65,137,31,1.13,61,61,-1,40.16,8.25,26
16,45.75,-45,-12,39.45,76,119,102,-15.54,16.24,145,139,66,77,-1,-18.98,114,8.69,31.87,67.07,31.28,143,-11.91,11.36,37.65
116,10,86,-14,10.01,19.15,129,48.9,-41,98,24.44,78,-4.61,111,60,136,111,69.71,24,49.71,30,81,50.29,-33,138
29,114,-9,-37,69,52.4,118,123,11,64,119,-16.98,-21.49,-18,-42,8,-45,35.74,-18,-3.37,33.26,105,74.45,31.96,140
76,36.59,48,72,21.88,-6.08,-19.39,12.82,13.35,46,-3.78,-2,-3.42,-32,-28,-19.38,68,-38,65,28.48,-40,73.01,55.65,45,129
68,141,47,40.89,49,116,3,65,51.38,1,131,109,-18,56.25,110,9,19,16.03,55.35,11,23.1,25.23,53.1,-50,55
135,10.71,14.96,57.51,47.95,14,57,37,-16,-8.26,1.56,58.45,-4,-16,-16,-26,17,-14.79,145,16.76,-5,137,59,101,29
33,104,-3.87,-20,97,57.38,53,-33,68.32,82,21.72,139,72.77,48,-14.14,-29,57,47,104,104,47.73,70,130,19,74.93
32.29,-0.47,27.58,66.61,94,33,23.44,45,29.36,65,40.47,-21,-9,-19,67.66,5.75,73.2,62,0.12,73.51,8.31,57,48,-21.68,19
72,-9.08,-9.85,-18.02,-20.66,73,94,38.89,12,-19,-41,-17.24,13.01,25,63,-20.2,1.63,-24.07,119,50.05,67.83,136,68.85,27.13,37.42
53.45,-9,141,-22.37,83,144,20,127,49,31.96,11,55,105,2,-13,121,114,-24.68,52.06,30,47,146,7,112,38
-5.74,3,107,59,27.02,71.7,24,145,-23.69,21,147,103,-17,123,15.64,-4,136,96,36.16,25,14.77,127,5,-21,59.18
3.33,-7.95,76,15.51,1.6,16,130,41.11,141,70.98,57.35,149,-24.78,40,22.06,13,25,-25,-45,35.8,45.52,45,84,-14,33.62
130,55.37,34,101,74,52.5,105,15,145,-7.12,19,-14,5.21,-20,115,22.24,-16.71,97,77,37.83,19,-21.45,47,63.89,83
93,117,53,148,36.27,147,58,18.62,19.8,-21,59,26,149,27.57,143,29.29,87,99,-12.79,5,-27,-16.11,66,57.47,-21
-43,128,79,-16,32.08,-21.37,67,95,60.37,32.71,-41,70,86,29.75,21.42,-2,-14.18,-12,16,65,74.06,73.06,38,-22,4
84,104,88,139,34,81,0,29.05,16,-44,-22,85,-10.13,40,30.53,-12.05,16.24,40.18,15,9.54,7.15,-14,45.49,31.7,64.8
17.16,105,6.73,82,7,23.6,133,68.12,137,-19.63,38.98,52.65,16.15,19,82,57.88,49.69,-8,139,8.52,134,29,-9,66,8.1
94,-44,47,51.01,22.04,-31,-2.35,126,74,146,-4.23,31.59,121,97,46,-6.81,47.13,3.51,38,-14.41,31.26,70.94,99,4.18,-25
35.26,39,-15,-9.38,63.96,60,34,-6.28,-0.32,-8.4,142,96,133,15.62,56,-14.33,25.26,50.04,68,38.46,94,38.47,2,-7.35,59
144,59.03,11,62,8.64,-4,127,93,6,-38,-18.32,27,11,-9,64,0.03,79,59.27,44.18,42.57,19,51.13,-22.94,35.74,36
79,8,10.48,-14.25,-8.1,23,18,52.37,1,129,63.69,-16,-1,79,53,-9.04,136,47.23,9.91,114,13.02,17,144,4.42,9.37
-21,-23.62,100,32.48,71.28,39,7,43.7,97,35,-12.41,33,12.42,12.48,-8.46,47.04,8.73,-43,4,115,-46,34,-26,99,59
-39,68,-11.82,70.29,9,143,50.75,35,10,51.77,111,-1,-3.7,38,1.65,93,98,99,134,20.93,96,29.59,52.27,-9,41
146,-24.27,128,-48,-18.45,65,10,-2.36,-34,-45,93,-6.33,20,5,-20,58.58,68,-20.06,-14.34,27,2,91,-16,11.02,94
122,29,69.1,-3.01,-3,6,-17,47,-37,59,62.89,22.34,102,11.53,57.95,102,34,136,-4.18,8,-42,29,7.14,107,148
-28,-3.36,145,58.01,130,34,31,17.26,7,-3.82,-15.84,38,34,71.66,20,56.42,99,77,55.32,26.83,89,61.08,25,68,3.96
-17.38,59.76,5.93,28,42,81,1.8,-24.62,-36,-21.48,144,-11.98,144,-21.18,134,20.11,-48,149,-23,6,-4,-11,58,24.38,11
61.84,28,55,14.36,32,31,15,5,-45,-4,58.15,11,2.16,103,44.06,35,16.97,121,6.09,9.25,-23,54,3,144,-12.18
34.48,-23,-50,124,-38,50.52,74.77,105,17.38,58.37,14,-16.72,-44,33.47,71,18.18,8.75,36.3,90,36,74.02,56,24,-24.89,73.65
142,28.84,-45,-19.95,38.51,27,114,45,63.27,27,31,31,2,-14,145,-21,15.31,-12,-14,-12,55.84,55,51.7,23,-36
33,62,47,125,-16.71,-27,65,49.4,-40,3.93,95,65.3,84,-8.89,67.43,-9,57,24,24.31,99,-14.49,41.14,-10.18,-7.72,65
68,20,33.2,50,91,1.64,24.88,65.78,0,-22.17,-38,66,-50,-16.13,100,-23.71,-18,96,72.82,59.95,35.29,-31,143,86,-42
123,68.77,58,17.26,-12.92,50.12,114,-35,98,-23.81,9,-6.78,22.26,-23.04,28,54.86,145,71,88,86,61.07,91,62.95,126,-6
45,76,36.5,-34,28.82,14.36,-0.43,28.73,14.91,126,-1,-15,5,-30,55.12,10.52,18.87,28.77,68,38,-10,-27,-11.48,17,47
140,62,4.43,-10.11,42.64,123,57.18,53,77,39.86,-41,7.27,-12,-16,77,65.81,39,-2.26,-14,38,27,-14,140,73.54,114
34.62,71,33,-22,11,7.17,100,-18.82,85,34.12,6,55,65.97,5.95,137,-41,4,45.61,36,33.88,133,57,9.49,-13.17,84
-10.51,146,114,21,-5.13,72.46,40,146,61.03,33,-5,49,33,-14.32,-20,145,119,116,45,-15,-31,69.75,81,-14,51
35.37,26.23,124,74,84,75,-22.27,90,119,63,139,90,52.24,30,2.96,17,64,6.98,21.23,23,-47,128,16.58,43.18,63
-37,52.18,18.65,7.46,-37,-28,103,-37,45,21,43,11,-6,-4.09,72,10,65,38.73,22,90,91,75,63.68,-8,66.06
74,20,-50,48.44,26.83,74,52,-9.23,72.03,26,22,86,93,67.91,-42,10.35,75,-8.67,99,58,148,-1.12,7.29,93,97
-13,137,66,100,-0.25,38,3.65,36,44,46.24,149,109,25.92,-14.41,97,73.32,15.73,4,46.88,-1.53,37.34,120,-42,34.75,-21.1
123,27.52,127,4.78,-13,141,6.53,-13,113,-18.77,-15.49,61.15,45.21,38,-29,56,42.21,12,62.73,87,45.11,-2.39,111,42,62
-3.55,131,-37,144,-2,89,62.5,67,-36,55.77,39.15,-22.51,8,81,59.12,102,-49,139,-2,48,-30,-7.79,71.68,18.95,78
89,18.6,-17,16.16,49,66,40,-8.79,27,-6,-21,63.95,95,-21,-1,42.81,-9,1,56,117,-23.93,85,-45,0,-13
-21.31,48.81,20.8,148,139,50.02,-32,92,74,1,-17.76,31.11,64.95,-28,-12,29,-49,72,13.03,24.55,20,68.6,125,90,0.78
26,-46,41,17.46,-21.27,13.04,-6.67,72,40,-6,52,50.84,-32,-16,25,75,124,-49,12,144,68,42,43.78,71.71,85
-21,43.5,7,65,-2.12,42.67,-9,134,43,33.26,72.79,57,-13.74,36.66,63,12,54.85,72.01,-48,123,37.22,45,78,22.44,-17.91
-34,31.42,86,38,64.5,120,25,12.51,-1.24,-12,-5,71.14,-17.03,51,2.21,-25,7.15,67.2,-9,126,5,25,65,83,55.9
146,48.42,-26,3.92,3.31,43,68.33,25,65,11,50,15.98,49,24.06,-26,110,133,72,46,105,18,127,81,56.53,132
128,19.04,113,38,70,126,135,12.43,28,23,72.68,139,-38,87,61.89,-49,-4.27,62,96,87,-7.68,44.38,-19,116,17.87
32,-4.91,147,17.39,28,-41,149,143,-1.99,23,23.87,22,19.56,-7.33,129,66.4,-31,9.73,-50,33.05,7.96,7,-45,44.28,-5.29
82,83,39.42,139,36.1,-10.34,122,39,47.44,14.64,-12.79,28.61,135,55.93,68.2,10,110,-16.71,-7.53,43.72,-11.95,-13,129,16,56
47.79,-12.26,96,39.7,55,40,35.81,144,144,124,-24,133,7,56.13,62,-21.83,-49,-21.84,138,-21.75,6.4,-23,-23.3,-35,33.22
1,47.47,7,-16.9,23.21,26.85,67.5,19,48,119,96,49,55.24,7,67.96,65,95,23,115,101,69.91,56,52,38,77
146,147,149,65.35,125,105,33,70.81,120,19.7,123,68,55.44,62.55,25.47,17.66,75,68.82,136,83,-9.48,-24,-17.11,109,70
56,63,50.37,-16.26,-24.76,25.19,30,-16.15,44,13.86,5.57,148,31,124,27.06,94,-4,134,-35,60.01,50.32,44.73,-24,29.25,87
63.01,4.51,47,-9.65,-10.88,8.21,-17,0,102,124,-12,-9.9,-23.88,44.89,22.75,31.29,53,142,23.05,65.94,-17,26.37,62,57,79
-29,7,68,23.78,52.61,18.37,42.24,-2.73,128,133,67.62,74.34,29.33,-8.97,-11,40.41,95,12.18,118,1,15,35,145,-26,54.93
27.37,70.18,-5,60.96,-38,-37,136,62,115,81,70.02,66,-7,96,93,-1.94,-7,19.81,20.35,114,-24,-11.15,29.2,68,35
12.26,85,-36,95,32,46.49,-27,93,122,78,35.8,14,114,24,-10,64,43,73.94,38.94,52,14,116,26,29,-13.91
75,83,49,88,64,-32,78,-24.04,-50,55.67,40.31,73,32.29,33.32,28.93,71,-16,44,44.54,84,62.89,99,38.65,-27,39.49
11,37.27,28,70,-26,71.69,76,41,111,7,41,65.46,-11.65,1,100,62.25,21,-13,58,16.63,54,34.64,30.87,47,56.78
30,-7.29,-25,92,92,-50,-7.32,-17,29.13,140,-34,67.46,50,-46,53.29,65.85,-11.04,58,-24.89,-38,26.13,54,-0.96,12.74,134
56.6,13.54,-11,24,65,6.49,42.75,31,38,2.24,-24.17,92,60.1,-3,106,18.79,66.26,16,3.28,-20,70,44.84,-9,66,107
-31,-34,1,104,-4.5,45,52,99,46,118,108,7.21,62,0.23,-10,96,16,22,62.31,53,-16,38.68,100,71,39.3
52.67,145,37.01,85,-5.58,-24.13,70,31,5,12,-2.89,-21,17.36,131,131,65.22,137,147,1.24,-1.73,-3.78,146,35.63,28.67,-2
147,59,54.05,144,10.16,68.52,-4.34,-40,140,60,-2.75,36,115,-2.51,23,93,11.41,145,38.12,89,76,3,131,71.46,-16.33
3.19,-15.46,-9.92,0.05,91,-13,-7.11,47,148,33.59,60.19,4,96,-7.17,14.38,-11.09,-3.42,48,-19,-1.74,-23,1.7,23,8.5,35
29,52,61.43,36,74,140,14,66,68,48.46,33.94,70,8,65.27,63.14,92,-37,-38,39.52,-10.37,-19,136,-22.2,39.48,106
78,4,3.47,50.46,140,0,-7.16,57,77,88,24,-11.47,116,-5,11,22.86,24.43,-30,4,36.47,132,26,5,-22.77,41
31.34,16.99,18,87,-6.57,146,149,-39,70.87,-12.14,-0.64,106,-24,45,-4,-11.39,1,-27,94,25.9,10.79,69.09,66.37,-33,-15.78
11.46,79,28.96,35.55,-16.65,-4.62,57,38.56,128,-2.06,-19,19.41,-45,-23,13.17,123,22.59,29,-35,57.85,16,69,146,-43,-18.43
139,95,48,52.84,-17.35,31,21.61,28,73.14,-48,47,85,59.89,-17,119,41,109,32,37,123,2.04,72.01,-10.28,40,53.58
14,77,17.46,21.01,91,135,-41,-12.05,126,67,29.66,22.58,41.93,87,72.9,19.26,54,53,-4.69,9,-3.92,87,58,62.01,6
-12.84,-30,86,88,116,132,73,11.11,2.19,70,-12.24,45,59,85,-15.87,26,6.39,24,36.25,-6.16,22.27,-39,120,55.71,-18.99
52,-9.99,116,90,32,-35,-3.3,29.33,34,70,-22.51,74,40.39,-31,52,-14,62.27,-14,-3.71,-39,-8.88,140,43.18,57,-8
20,77,-16.52,-1.59,-22,146,-20,-50,55.39,27.19,2,57.4,85,134,-47,28,62,44,-38,125,4,-29,51.35,55,1
87,29.66,40,40,71,-4,45.98,26,99,-39,3.36,-41,50,102,92,-40,23.26,-8.74,13.26,42,-16.5,52.55,5.1,128,-24
11,-20.79,26.84,0.04,37,74.41,51.96,49.92,82,130,89,31.56,109,-15.69,95,18,19.25,-38,61.36,62.64,48.38,39,18.91,-8.43,39.45
-39,7.87,11,56,-14.08,135,1,132,105,-11.47,147,-9.59,49.6,-11.47,12.73,24.39,-15.89,78,46,71.98,-45,0.34,24,39,21.37
-24,111,114,-13,71,-26,117,-7.45,3,-37,17.26,35,46.73,-1.75,53.93,46.8,-20.4,-19.59,-4.48,16.89,27,-14.01,57,-29,13.32
-23.05,62.83,92,19.51,20.99,-7.28,39,-17,-33,13,46,145,30,-11,50,147,55.91,23.58,4.54,60.91,38.42,136,89,80,73
22.72,-8.17,142,147,85,47,8,-46,33,18.89,46.09,44.52,1,40,-50,55,-43,-13,25.12,65.71,-14,-5.9,65.58,67.58,-44
-19.76,89,73,110,3,26,-33,58.68,-48,72.52,88,-17,17,-1.79,32,24,30,139,80,41.5,30,71.87,13,12,44
120,88,89,65.63,-44,71.64,92,101,68.36,-8.44,45,-35,47,3,66,-33,-4.49,5.97,103,-45,52,83,62.09,37.3,49.59
105,149,-34,-5,64.67,-32,60.16,5,-18.13,48.87,38.19,44,-5,-23.96,13.07,112,92,106,6,144,114,-1.31,-35,69,60.95
-32,67,45,-7.8,8.61,109,117,22.67,120,-16.07,89,-20.28,74.76,76,34,57.52,-5.18,-8.7,-24.39,-5,-26,-42,114,81,-39
-12,50.79,-49,72,29.33,32.16,71.26,-14,-21.7,1,111,36.2,43,55,124,140,36.04,-23,-22,-20,47.21,-37,-44,136,-22.13
3.66,33.69,28,-2,12.61,68,6,67.9,18.37,47.31,41.4,-25,90,25,14.83,-12.82,0.44,32,45,145,-23,34,-15,64.28,48.74
-27,-5,11.11,23,-37,16.77,136,9.11,15.57,19,120,101,38,23.26,29,-6,85,70.29,11,66.03,44.68,119,72.57,111,70
8,-31,47,-20.17,32.95,36,-4,71,-3,-40,131,13,71.23,10.81,-7.43,76,79,66.51,-0.78,24,-27,39.04,14,-23,23.82
19.03,10,122,41.06,-13.06,71.35,-47,78,103,74.33,86,72.53,80,56.28,-6.9,71.31,41.83,-5.58,86,-9.8,45.01,66,76,24.58,-29
16.11,4.4,-15.64,63,-15,-30,-18,18,141,38.38,94,101,-44,113,60,2,10,-12.19,23,-23,-1,10.32,95,149,68.11
-35,-19.44,4.63,14,56.97,-22,7.13,11,-16,67.11,145,39.36,74,76,85,42,11.38,82,58,73,-31,13,-18.22,106,-44
75,-8.51,22.7,40.31,-12.4,92,-18.11,122,58,131,91,36.22,37,-6.79,63,105,63,55,116,67.88,16.68,143,126,-27,102
23,19.2,5,-11,44,134,146,-21,82,34,3.33,-44,38,127,0.43,-8.72,64.23,105,4,2,-5,-12.92,65,1,105
-15,76,-8.52,-24,134,129,8.17,-7.62,81,32,-10.7,-17.65,-20.37,-8,29,69.63,54.93,-12.95,110,55.87,-34,85,9.01,72.96,31.82
55.69,31.03,149,4,3.88,133,48,51.45,-10.85,142,35.66,-11,-2,13,66.29,-37,-8.41,-26,58,12.79,-2.46,54.36,10.5,73,23.66
-33,33.71,3,35,28.54,7.96,23.4,-15,19.57,-33,-31,47.28,37.45,14,-17.45,134,129,49.36,-5,-1.07,98,101,-23,68.24,101
5,42,2.35,57,60.77,1.82,25.88,117,44,9,-30,20,80,45,-5.13,65.34,18,41,56,-32,67,-24.66,4.3,27,-6
-8.4,135,-26,46,64,59,16.66,37,58.18,57,-41,48.7,12,22,15.78,-19,-4,32.9,-14,133,16.48,136,-17.94,140,-4
119,114,21.17,19,62,40,-17.56,83,19.92,-2.89,-48,-41,136,118,15.79,-13,68,2.57,23,47,29.3,113,4,66,-35
53.32,-28,49.79,78,81,53.42,-11.55,39,45.2,-23,-44,2.21,78,78,5.72,37,80,90,10.78,21.26,-24.91,68,30,129,105
102,71.48,134,-25,54,147,-38,145,28,51,47,134,19,6,124,54,108,147,87,-0.22,115,-6.88,113,47,9.97
92,16.93,131,12,63.65,40.59,67,1.24,117,124,122,106,70.17,11.77,147,77,25.84,0,125,-9,83,143,-3.78,33.32,102
45,135,1,-6.35,62,-20,-4,-34,69.96,90,23.04,-26,134,-12.15,136,88,83,-7,-30,63.69,97,35,43.83,80,0
-27,52,113,-21,7,126,95,-15,-9,-18,110,-4.8,91,5,37.89,39.94,47.1,11.06,35.94,4,37.39,84,-29,27,109
108,107,20,-2.58,-16,117,-36,19.29,17,-4,74.32,0.36,-3,146,-7,-36,7,41.01,33.87,58.02,6.76,88,56.88,0.77,100
108,85,100,34.32,59.16,62,-9.47,119,-18.18,-26,65.76,0.12,-40,-36,29.5,50.75,85,-43,-41,7,23.85,88,52,27,65.88
80,43,-16,49.27,50.67,39,23.86,52,-18,-39,-31,1.03,115,121,59,66.25,50.4,7,16,43,12.74,91,8,73,31.1
42.22,-5.24,12,-0.39,32.59,50,-7.74,48.04,4.55,50,69.51,-4,113,40,66.56,-11,-16,37,149,72.73,140,10,-49,63.88,-11
9.3,60,59,134,10,49.19,3,18.38,23.43,115,41.26,36,-18.68,26,70.73,28.19,129,58,14.64,41.83,-13.37,106,53,-22.35,42.89
12,11.54,69.63,137,67,26.09,-41,95,-4.65,148,67.09,87,114,54.59,95,-22.23,-16.79,12,107,119,8,39.39,74.38,38.58,-23
48.03,-7,-6.64,71.03,-36,-22.84,-23.19,90,46,80,-40,56,-8.15,-7,42.92,-1.16,17.45,114,65.24,119,107,-17.63,55,-11,83
-13.13,-23.35,-16.39,-3.22,-23,-17,138,16,4,29.97,13.33,-10.86,60,-17,59.17,-22.64,102,-12.82,-16,15.15,65.74,33.09,52.01,19.56,-10.54
-14.51,50,67.72,21.86,86,60,75,45,82,97,43,-9,69.69,-21.12,-36,106,15.07,-18.29,-10.7,22,67.29,49.83,68.11,63.28,13
40.01,-9.15,0.01,65,72.76,23.13,-34,55,71.79,-50,34.37,-45,53.91,9.18,24,29,123,-16.87,30,116,60.83,14,93,-6,41
4.31,4,37.88,-9.92,148,-38,-42,118,-35,66,58,95,25,56.78,29.73,24,-7.81,6,38.57,29.58,51,58.92,-11.05,9,-37
26,-30,83,74.51,64.46,5.16,96,24.87,117,148,76,-14.8,-1,19,-24.81,26,118,50,26.85,-6,36.83,10,10.44,45,22.9
-4,50.45,71,65.78,65,-34,40.14,-44,63.51,48,36.63,35,73,-36,6,-50,68.74,99,-20.12,-25,-19,108,29,41,88
34,56.32,70.43,-5.02,-27,25,-18,59,63,-28,7.79,-15.9,38.18,-2.58,17.38,45,51.32,55.17,3.53,7,32.09,29.69,53,115,-6
146,-38,-4.13,134,-9.62,44.5,30.4,106,36,9,53.34,-21,111,9.05,-21,73,23,94,-7,25.94,-18.11,86,-10,-9.95,117
3.81,52.1,-19.26,-3,92,55.41,43.56,14,115,132,-19.27,65,80,-42,20.07,26,-24.72,127,-19.52,44,64.73,75,1.75,9.81,101
56,29.46,61.76,22,27.79,-20.25,22,7.84,126,75,9.09,13,-1,-23.62,18,2.98,65.31,111,25.77,-5.65,64,-47,64,25.87,33.96
13,-23.61,-10.15,-26,55,29,18.69,116,5.72,117,44.45,-24,50.63,105,2,69,-1.89,122,13.3,140,-31,129,145,110,107
11,38.06,47.16,28,-0.71,105,44,39,-12,124,80,76,57,-28,118,89,3,78,23.48,40.34,15.41,17.44,44.88,44.6,-45
14.08,19,20,-11.92,68,76,139,-34,-10.24,102,-35,-0.67,92,103,-10.9,43.83,120,-14.83,-40,24.41,-2.63,32.1,18,68,60
8.17,62.21,84,143,145,35,137,45.91,10.22,69,41.87,120,19,77,-5.53,83,-22,74,103,17,137,132,61.9,77,27
7,-23.57,-13.75,-43,122,33.29,14,55.85,-40,59,32.18,43,48,44,100,47.06,22,-5,82,10.29,24.65,-41,-16.72,-13.4,-10
74.87,-34,17.11,-5,18,-31,-0.62,-18.4,-39,5,11.9,-46,102,-0.32,9,51.34,104,22.78,64,60,121,54.48,65,144,53
116,80,-3,53.17,69,25,36.47,18,64,46.01,71,13,7,40,24.52,112,99,-19.2,-21.3,51.8,60,103,5.71,-9,133
-3.29,-1,25,127,20,3.98,20.06,123,83,-5,52,45,28,-18.12,-13,-38,147,86,137,130,32.48,-14.03,-30,103,-21
36,68.06,105,145,3.38,63,0,28.39,73,109,12.85,48.93,-0.11,-10.01,65,-16,72.58,7.34,49,31.41,31.13,90,40,51,43.39
88,-43,126,60.8,109,-24.79,16,49.54,-6.47,-48,-2,-8.57,63.83,-2,-21,-3.98,58.22,18.47,117,-42,146,106,-43,-42,87
-19.46,57,-12.64,75,42.13,38.22,85,-4,-20.79,148,37.83,35.49,72.01,7,-28,0,-17,135,18.74,45,110,-22,70,-20,-20
36,-8.3,15.99,-42,72,97,133,20.42,-24,44,27.78,28.63,27.05,-48,46,14.4,141,12,51.83,-5,140,42.79,62.47,13,41.44
82,101,73,20.56,67.13,78,-39,7.39,-12.29,5,145,101,95,11,62,125,6,-20.15,-41,51.87,41.39,64.61,57,134,6.21
46,10,39,0.73,105,42.71,-22.65,3.89,110,0,52,56,73,56.09,-40,11,61,-5,17.67,-1.67,144,45.24,50,73,22.51
132,49.8,-23,23.76,107,-23.94,28.86,51,12.93,62.1,-37,-23.87,-28,-7,99,13,29.38,7,86,67.2,-11.61,37.18,25,125,-0.11
-48,0,37.92,-3.14,123,1,61.42,-7.71,9,-8.65,-16.84,-19.02,34.44,15.37,-20.27,11.44,-48,13,2.86,11,73.42,123,13.58,-13,21
6.98,69.99,75,-28,-16,13,107,3.86,-15,-49,71,31,5,73.41,-9,128,50.7,13,64.01,-33,21.82,3,36.48,-14.53,14.05
-50,45,71.3,122,3,63.69,9,-5.63,-25,8.92,34,19.95,43,124,122,1,-6,61,-22.45,10.62,59,-20.09,124,-4.55,24.38
37.77,63,27,-6.1,114,74,-31,0.69,128,72.85,-6.23,123,-1.43,63.62,17.49,10.92,60.49,57.78,110,110,143,77,-42,-40,56.52
126,39,50.39,11,33.14,-17.92,-29,125,-1.17,63.41,-5,65,122,18.44,91,66.23,62,93,60.29,53.16,-2.54,137,-1.71,13.3,-7
79,-9.23,31,123,-11.66,15,108,15.56,0.05,-38,79,16.67,-8,69.96,97,-7,26,108,-1.2,55.95,47.42,-18,12.87,30.92,134
-39,17.83,46.53,-37,71.89,-12.41,90,114,-21.11,63.42,32.26,76,32.11,55,-12,16,0.6,14.18,136,17.5,-24.45,43.34,68.16,56.84,-38
27.26,6,53.96,7,72,6,-4,72,16.86,90,1.42,56.55,147,0,124,30,18,15.83,-39,70.81,39,31.23,-39,-5.38,22.08
147,-14.1,67,93,52.54,-20.19,66.27,44.37,-23.88,-0.23,120,5.97,40,-16.99,28.65,5,52.38,26.16,-19.1,93,91,58,-42,4,72.89
-42,64,78,132,-23.87,111,104,-32,72.76,144,113,8.9,4.8,38,98,14.58,-3,144,58.18,78,-38,65.77,53,127,92
92,72.88,45.03,129,30.58,-6,-2.32,114,15.48,136,57.77,-12,25,115,-18.85,23.75,20.85,69.49,-10,29.88,60.68,125,130,6,124
87,-28,26.2,125,64.76,56,27.18,58,5,71.65,-29,117,-20,128,68,55.84,122,121,15,108,23.85,50.84,-5.12,6,-34
125,2.96,-11,1,-27,81,-43,55,-19.49,-8,-29,116,136,-11.26,35,51,78,60.22,129,47,-3,9.43,86,-16,48
117,140,26.85,115,43.64,65,63,54,137,-20.88,-15.29,-10.84,58,59,84,59.06,67,32,4,130,56.2,5,30,66.61,95
27.88,-37,71,68.34,29,24.2,18.72,132,-12.2,73,103,53,86,12.23,61.33,-13.07,52.29,27,23.63,-20,69.83,53,95,-1,97
68,-24.29,-15.44,51.62,-45,1.57,-19.06,-19,52.25,-10,45.78,21.45,18.36,-4,29,0,7,-15.22,21,-14.97,-9,1.37,-21.68,12.01,51
43.45,-16.81,-4,65.49,-12,57,127,-6,44.36,38,-2.89,18,61.03,39,92,71.03,55.92,-25,-6,-22.66,83,-38,74,-3,29.59
55.22,108,9.7,52,25.97,109,-28,14,-4.28,-33,-2.75,132,104,42,1.22,18.52,-18.98,114,-0.87,-17.45,93,109,-18,72.77,33.2
21.84,65,39.5,68.01,7,127,110,119,31,25,72.88,-43,27,-32,52,108,73.32,87,19,1.17,60.74,-28,49,132,28.15
18.09,43.98,119,-5,109,138,149,42.52,42.68,62,130,110,37.31,50.02,73,1.51,70.82,-0.86,-19.74,-21,129,41,46.94,74,37
78,-22.24,4,100,104,8,33.64,138,78,48.55,81,109,-37,-14.08,54,76,58.29,23,57.71,-21,36.81,-46,32.87,17.66,46
57.79,51.36,-29,-30,20.02,109,4,103,58.43,-36,103,57,-3,133,-34,71.94,-6,71,89,67.7,46.53,13,38.63,30.07,21.19
86,46.79,40.72,22,30,-21,1,-17,125,18,26.42,0,120,30.28,123,36.24,-32,-22,35,63,1,63.78,147,45,96
27,-17,71,-15,78,-15.5,1.52,-5.7,-3.75,76,61.57,108,-1.44,71.23,45.03,119,25.17,72,126,24.13,-50,50,-10,86,148
76,42,55,48,-36,61,38,68,78,81,12,43.38,136,-17,-1.74,81,69.1,133,-15,-13.79,46.78,132,-28,54,133
120,-10,-14,58.77,71,20,40.22,-46,147,-14.61,6,-21,128,31.1,57.38,13.49,32,-17,5,106,18.59,66,132,-45,-6
47,16,79,-46,53.52,-13.82,129,74.59,4,148,47.34,10.98,36,-26,83,-2.99,135,36,81,-21.91,12.89,-15,65.24,145,46
-15.56,-9.7,35,70,0.24,111,-9.34,39,93,48,39,-18,34,30.4,54.45,69.78,-4,46.41,45,23.57,27.49,33.29,-1.35,-42,140
64,18,107,4.69,43.07,20,12.49,4.72,42.41,-2,-17.79,31,-26,46,43,-18,58.87,-47,78,-6.03,-26,135,97,-25,40
37.49,90,56.43,-45,55.3,-20,-1.89,31,69.48,-21,26.86,109,-6.5,-22,48,72.38,-13.7,-22,31,67.75,69,72,113,25,33.27
94,96,-19,138,-8.14,31.69,58,32.08,94,44,140,5.32,56.54,-45,113,10,136,96,61.69,62.36,16.9,-44,99,32,85
37.87,82,59,62,-36,-10.04,69,-11.65,33.26,144,93,73.77,121,39.33,5,67.07,4,130,101,-47,38,44,61.9,-17,-43
-1,59,-29,-14,-50,74.46,59.51,39,-24.3,9,102,-18.68,-10.26,63.12,37.91,57.84,-6,-18.77,68.29,56.28,11.06,-20,-35,-10.14,107
83,-18.88,5.21,82,18.71,30,-16.54,72,-38,88,-18,84,30.91,31.13,4,-2.12,26.93,50,-10,59,-8.66,72.26,92,-24,-41
12,27.07,18,63,20,58.42,133,82,19.82,43.55,7.28,5,-7.52,44,10.93,5,37,24.01,-5.83,15,59,5.1,61.77,97,18
50.46,7,137,-35,53,68,-4,-15,-8.06,54.16,12,24,16.64,67.92,57,29,72.06,3.47,-0.32,68,14.74,34,65.74,-28,6.55
-21.15,39.37,38,-6.9,-5.85,-45,36,-14.29,66.9,-13.86,-18.35,63,85,49.64,-19,98,-36,-28,35,13.73,-1.08,84,-14.18,45,71.52
-25,33.77,43.29,38.28,8.51,133,50.51,41.62,66.82,38.08,73.96,49.92,6,14.11,9.61,-37,56.19,-23,2.5,-39,7.96,-23.89,-13,-48,72
42,59.91,-24,105,-3,2.66,50,134,40,-15,48.98,42.91,-22.23,8.17,60,111,46.62,23.79,-14.76,-44,77,38,57,85,6.27
71.38,-12.41,62,17,65,50,23.57,62.36,22.88,2.04,-15.7,99,88,-14,121,120,75,44,-4,45.86,51.64,27,-35,52.11,-26
39.93,34.68,12,73.65,72.39,69,64,11,113,100,136,29,34.69,146,22.32,-46,2,8,47.66,-3.89,34.47,-12.91,-14,117,33
-5,-28,71,90,40,74.26,-19.04,-7.89,-2.12,68,-2,-16,128,-9,-1,22.53,75,99,-5,42,-22,16.75,-15,98,59
-47,86,6,3,42.89,82,-2,100,-21.63,67,-46,24.06,36,48,50.36,88,-15,60.29,66.77,126,3.04,48,5,120,75
-29,6,44,44.92,135,109,85,147,119,3,25,38,18.11,-16.85,94,-41,30,44.27,94,15,126,11.34,111,-42,71
-8.68,44.98,-16,-21,-24.02,-20,29.93,40,-13,96,64,27,32,-13.17,72.51,76,145,139,-5.1,61.09,37,-7,120,49.48,10.03
48.5,50,100,102,69.58,-19,42,30,58.23,7.19,125,-38,82,72,-21,33,49.2,67.18,-15,25.29,6.7,84,25,43.55,10.85
42.06,32.11,31,91,41.77,10,137,-12.56,7,100,-44,45.67,17,-22,13,73,146,-10.96,50,-24,52,29.26,60,58.41,122
107,73.86,-36,58,-28,125,92,103,104,65.22,89,49.03,71,-6,145,-30,-12.02,40,65,143,-23.14,-19.49,-25,0.09,28
60.07,39,-29,-21.53,30.16,-5.24,19.17,59,-17.31,11.59,4,89,52.79,-17.66,52.04,-14.86,57.88,-22.8,42,55,109,65.87,12.82,62.33,114
112,30,84,58,-45,114,1.12,37,76,-44,-46,21,95,5.84,20.78,-43,29.91,-22,-40,28.69,-19.21,-6,148,-12.35,141
104,31,143,9.94,-16,-10,52.34,-18.72,-25,87,71,100,-37,34.14,27.99,67,89,70.04,-16.51,-27,16.41,135,-32,41.59,-9.41
-48,-6.59,133,33,-25,3.71,43,3,44,21.66,67.89,62.8,30.39,149,5.08,-16,-2,9,-1,66.35,-7.4,7,116,21.75,46
24,-46,46.36,2.76,-7,-40,29,-16.63,-47,-10,133,136,-27,85,22,22,-28,80,45,32,-6.96,15.53,4,-1,29.51
13,18,9.47,23,-5,73,-4,101,33,37.34,-13.15,23,66.99,42,40.19,113,147,71,-24.35,35.85,31,17,-25,72,29
-3,111,-47,120,40.88,113,143,7.67,38.27,15,116,21,43,142,42,31.03,70,-10.65,-15,95,-34,118,2.94,131,42
-41,85,121,-5.62,35,37.16,4.24,127,21.39,17.2,-6,61.54,-20,83,-37,59.8,-12,141,51,127,-32,16.1,-5.19,33,46.1
-0.63,44,9.86,75,-49,74,-13,63.57,1,-17.9,-4,4.45,33.05,66.54,5.25,77,-33,122,-6.54,-7.18,62.81,-4.48,55.57,-5.85,38
68.89,-23.28,116,-47,147,4.23,-50,-15,43.92,63.54,145,14,42,28,-20,-31,3.3,17,146,15.7,143,27.66,-43,75,11.4
-18.49,86,-12.33,116,101,10.69,27.72,140,105,101,144,-2.64,6,123,14.2,2,95,19.74,-2,4.9,61.22,12.8,36,131,-31
-20.37,22.1,5.78,134,55,16.76,3,14.08,-6,74.94,76,-5.41,10.25,23.65,19.8,41.6,-20.27,-5.56,23.24,26,9.31,48.44,-13.85,65.48,127
-21.04,22.13,69.56,138,-25,4,-43,32.71,7.87,63,3.54,129,55.86,119,-36,51,28.63,63,-5,-3,125,35,44.14,3.39,27
58,25.26,-8,-4,48,15,26.31,-24.17,20.44,-7,5,-19,-45,37,-18.6,16.43,-8,27.29,0,78,-17.56,52.2,45,8.21,18.08
-3.2,74.29,-12.73,27,35.73,-50,-1.17,22,-24,122,17,51.2,22.34,36.87,47,94,-40,46,-7.17,104,-9,46.47,149,-5.19,-28
-46,85,20,131,41.37,74,46,92,45.7,68,74.46,41.23,-23,23.82,101,37,72,100,54.41,64.83,-3.73,88,59,9,16
125,52.45,64,35.63,-11.92,-5,46,-22,15.63,71,75,30.39,-2.49,-15,17.13,89,6.93,9.09,26.76,-1,51,-46,-24.82,84,9
70,110,18.91,-36,60.61,75,23.86,-29,33,-46,-47,113,-18,12.54,97,31.77,83,102,2,23.03,99,48,85,63.55,49
64,-48,41,-31,39,-11.32,19.2,6.47,17.15,3,123,-20.9,112,-12.73,124,16,-9,-15.55,26.74,13,84,63.3,89,83,149
0,-17.91,-27,14.89,126,121,50.03,27.12,16.4,115,38.78,-6.75,-22,136,-24.76,26.89,-4,43.84,69,69,124,30.73,28,3.77,36.15
-7.95,115,-2.55,-31,71.32,12,-22.12,5,29.24,116,101,45.71,143,18,-23,41,-48,145,28,48.45,42,126,39.02,-1,50
52.91,50.96,120,-9.7,-33,62.08,16,79,111,10.2,102,-16,9,114,-42,17.61,-22.78,68.49,2,27.59,48,41.76,8,-21,-42
-41,54,-7.1,1,119,38.1,77,117,13.48,73.34,-32,23.06,58,56,51.41,109,47.8,96,58.51,79,7.88,124,11.14,92,56.04
-20.34,57.56,48,57.31,-15,-46,93,63.59,-2,22.47,37.82,28,-15,-21.78,81,12,-47,-39,58,62.99,12.78,123,68.94,69,77
122,58,76,-39,-42,55.17,147,-24.4,101,40,76,37.5,84,64.38,47.04,-21,11.84,5.89,72.28,76,76,-13,-11,46.22,110
23.42,26.33,37.39,21.91,0.51,-42,-6,51.54,42,29,-9.25,88,125,34.29,-13,22.07,125,75,145,115,118,38.97,38,138,40.37
90,35.85,96,99,-8,-34,117,11.82,-20.53,54.17,80,-9.31,20.74,42.17,59,-7,14.64,41.05,122,44.83,50.46,142,64.35,82,21
9,85,-3.21,73.78,-14.36,19.4,18.1,-31,33.13,142,87,64,21.41,146,102,-20.4,-2.74,139,46.11,-49,-6.8,-3,71.16,38.88,-24
-10.76,101,71.37,45.25,-13.13,3,-40,-44,144,31,139,65,-16.23,75,51,37.71,84,-8,97,33,60,9.34,104,45.43,141
-20,31,122,27,-7,-5.35,96,79,47.36,-1,27,3,15,118,3.54,78,62,26.59,17.61,9.6,-28,99,63.39,71,46.33
-14.65,11.28,-50,39.33,49,119,113,16,-12,11.69,23.79,87,109,125,29.29,41,-27,-7,76,3,64.01,-13,56,9.23,-4.59
56,14.62,14.95,146,120,36,44.66,102,76,71.21,55.16,33.59,82,31.47,67.48,22.82,6.92,68,59.58,100,40,110,68.28,31,67.12
74,-17.18,8,-16.22,33.92,-17,63.06,103,11.86,10.25,28,42.37,45.16,10.09,-12.94,15.96,44.91,112,44,18.97,69,60.63,-35,44,82
-8.24,47,9.88,101,65,27,84,57.85,97,68.5,8.18,149,63,-3.98,-0.85,4.73,31,92,-7.61,37.19,-2,64.22,35.66,15.56,12.67
-19.55,20.53,-45,109,-18,64,42.46,110,24,-20,44,1,-14,67.79,-36,140,72,55.48,58.68,63.54,106,37.81,-7,4.44,90
-11.71,-29,-29,3.64,76,-20.93,-13.07,11,8,13,31.57,91,127,137,51,41.75,22.45,59,138,-43,59,65.3,132,-38,141
2,-9.57,-39,108,42.84,31.87,17,26,7,-43,89,108,37,94,17,60,35.88,1.05,-26,113,68,70.43,44,-16,-20
2.1,-37,91,17,14,40.14,96,98,26.41,-21,45.81,43.77,112,29.29,-24.5,-14,-2,72,34,68.79,47.62,-2.41,87,57,108
112,-4.94,45.57,65,133,42,77,-19.35,43,14.46,-22,-37,59.06,53,26.39,76,-5,-6,15.51,106,-39,-29,-36,-40,58.55
37,-2,28.89,64,17,1.81,13,10.57,-19,-14,118,-9.51,28,52,126,0.23,121,26,41.08,-8,133,75,119,134,-4
24.79,-42,-43,-19,5,148,-12.22,-5,71,33.19,23,77,67,22.34,-18,65.05,-3.18,89,109,134,99,-21,62.76,104,38
37.37,76,8.69,1.74,64.68,22.13,33.32,111,13,48,60.39,139,8,95,94,113,43,48.45,52.1,73.95,-6,-4,-18.54,26.37,41.12
69,-28,66,36,148,-1,60.29,-9,15.72,1.13,90,147,73.47,-20,-22.13,19.28,-49,114,40,20.77,50,98,-8,65.15,-3
24,48.65,42.67,112,-14.17,57,56,129,131,21.02,64,71,134,32,25.19,28,9.39,131,104,119,84,10.92,-24,-6,49.45
-37,-23.69,46,77,44,-2.03,39,27,16,13.26,47.2,15,17,-48,1,-40,93,27.26,38.01,22,100,8.05,-3,25.29,-49
40.21,26,5.92,-23,-45,-50,44.33,120,59.59,-25,71.02,-44,81,26.53,-2.74,24.03,131,59.24,15.8,42,-29,-22.24,115,-13,38
69.09,109,72.08,13.47,63.11,-35,-2.98,26.61,64.92,22,46.21,102,1,146,-25,138,40.2,115,-2,-4,125,60.23,-21.55,30.84,-3.74
-28,47,-13.43,-39,146,83,21,3.97,148,72.6,-14.01,42.35,-39,67.79,64.48,146,-45,84,-47,31.5,-6.23,55.55,4,74.52,84
59.9,63,123,39.27,120,-16.74,54,103,87,60.99,-21,81,-27,19.07,27,139,-6.43,46.03,9,74,5,78,-13.75,43,-28
-19.42,105,35,31.04,74,-8.22,7,43,-44,-8.86,79,-14.18,6.77,-33,25.68,47.55,32,57,141,24.23,-6.11,39.75,72,12.08,7.35
109,137,70.03,68,8.74,55,-26,61,85,30,-19,27.44,45,73.62,-37,89,52,42.97,-4,-42,3,64.06,59,37.12,132
42.97,24,-4.95,37.39,53.45,-28,138,67.19,-19.44,2,-16,36.33,8,-12.9,-13,94,-24,-15.92,-15,8,12.56,120,66.05,99,136
-12.23,-23.34,10.45,81,48.26,68.93,118,4,43,54,-26,74,5.52,-40,26.53,50.44,104,38.87,74.48,12.72,126,62,62.67,55,128
91,40,54,-17,73.99,99,40,58.56,67.21,15,-8.42,-42,6.99,63.62,-34,90,11.17,34.01,140,2,-14.78,-49,62,-14,21.76
134,6.27,15.11,-11,22,-22,18.64,94,60.14,-18,8.88,-2,8,50.76,98,18,56,72,-35,-14,115,1.39,-7,-17,76
12.92,143,65.36,61.79,6.22,142,99,-25,82,5.73,120,-16.47,-19.5,54.36,25,142,93,8.29,3,-20.14,-40,-37,72.39,75,78
-17.92,-24,131,5.63,66,106,-14,135,-3,4,42,20,24,54.7,36,45,-47,94,138,-18.09,41,-22.98,-9,75,41
-3.87,20.71,-21,-30,136,97,94,14,114,68.47,21,-24.14,-7.23,17,54.28,-18.28,127,48.34,147,63,-26,56.71,55.12,108,17.11
94,-6.31,7.82,19.04,14.29,97,-1.94,45.16,-40,62.51,22,-50,70.09,45.23,79,61,69.44,20.19,37.29,26.08,9.7,61,2,127,15.55
-16,-18.99,19.73,9,58,-24.59,12,2,122,116,-3.85,37,54,31.63,36.16,70,70.76,52.78,41.58,77,-12.86,39.63,-17,85,88
0,17,-41,30.42,17,-36,73,64.95,-14,22.75,37,-5,44,62,-6,100,-48,48,-25,90,125,20.36,135,33.67,114
0,-33,46.06,-11.06,47.11,147,-24.38,-14,48.55,102,-14.2,34.56,25.17,-21,19,86,80,135,26.26,114,-25,6,37.1,100,-18
132,6.49,118,-5.59,-34,42,21.55,56.29,28,29.83,-48,-28,120,12,-14.2,81,92,105,91,40,28.31,-13,9,55,39
56.85,40,-47,131,11.33,29.08,5,-43,-22,40.64,50,67,139,16,7,147,92,38.6,-33,79,143,-10.23,42.41,-18.87,-19.03
-24,12.02,41.53,35,55.07,17.93,-6.13,-3.47,53,-34,125,140,28.79,29,-46,71.47,110,38,-39,30.4,96,19.53,10,67.12,38.11
-4,-40,-48,-23,-22,13.09,-36,71,104,-46,67,148,43,2.95,92,18.79,68.92,40.17,57,73.96,-6.54,9,63.69,63,74.46
129,62.45,-40,-45,-29,25,131,36.8,10,7.22,54,41,110,23.19,91,97,31.31,-11,-50,115,5,73.95,-14.23,72,121
10,51,70.87,96,44.28,11.98,-23,132,70.68,-36,2.11,61.71,101,-4,61.59,62,32.72,116,39,53.47,21.51,35.41,13,70.28,136
12,-6,-46,34.87,75,37,-19,143,37.02,139,-10.07,19,8,-2.93,124,118,23.62,113,51.8,49.01,-49,21,62,-18.89,94
67,84,-7.07,37,88,1.5,57,-23.7,114,43,-38,104,122,84,18.96,68,31.67,64,43.3,93,101,-1.29,8.47,-15.02,85
16.37,1,42.65,119,34.95,39,29,72.98,3.24,13,21.2,48,148,48,61,132,-8,46,90,-1.26,3.68,-24.82,7.09,11,55.65
133,80,137,12,-4.41,64,53.97,88,149,-29,43,119,-15,112,95,34.25,23,-12,18,53.05,104,11,118,106,88
-49,-10.25,149,-49,70,50,27.92,35,-16,-12,53,-49,56,-20.95,15.43,-42,64.97,14,46.62,54.73,-44,38.4,124,-16.21,91
-5.97,45,1.61,-15.99,-41,26.05,105,-0.5,84,70.09,103,40,14,97,-45,58,7,106,32.48,46.72,5.76,140,20,6.46,64.99
-38,83,40,-14.38,22,135,73,-46,-8.95,67.4,100,11,-18.07,77,57,41,82,65.23,69,115,7.34,57.83,-16,-5,67.22
136,33,131,3.58,128,22,49.18,63.42,38,-42,-35,-12.83,41.53,-16,143,145,34,67.34,-22,71,51.7,48,-34,132,18.09
-27,-17.54,106,111,24,20.8,35.34,148,6,80,39,77,-23.52,44.24,27.83,80,21,147,-5,-23.27,12,64.93,95,76,18
15.81,64.83,-7.82,78,-11,71.87,22.52,53,38,-6.09,-21.64,-20.39,113,144,5.2,45,-22,-47,51.2,-3,-21.94,-6.09,-14.58,59,25.31
3,-19.78,-50,-33,69,13.15,-18.26,-23.45,49,148,11.82,-23.08,8.32,-44,70,-2,114,126,-17,48,9,46,46,-19,2.13
72.99,28,-4,37,92,90,101,-9.27,-10,59,75,-2.04,7.08,9.22,-30,-27,18.42,75,76,92,75,58.88,70.94,19,-4.5
63.61,0,85,34,89,33.71,110,-20,-20,95,64.4,103,17,2,13,21.68,-26,42.83,56,-20.34,51.1,67.58,61,55,133
44.79,-28,23.45,24,-33,-20.01,-20.12,76,16.65,29,121,-42,24,-25,121,19,-47,58.58,-22.1,-45,146,-35,146,-5,134
140,-14.4,-10.97,-7.26,42,121,-30,3,-38,37.96,22,-50,17.76,-7,142,-43,118,74,64.21,76,126,-24.52,-26,-11.17,136
26,96,-10,70,-17.17,43.38,-33,36,31.8,108,99,-12.78,122,-9.67,35.32,6.47,63,51,132,-33,58.2,54,46,12,76
18,146,-19,132,72,-23,143,64.46,73.19,12.81,-41,58.11,-11.11,111,11.35,86,-15.36,123,-31,73.34,40,53.3,116,24,80
25.19,145,114,61.75,23.92,69.33,5.66,-23.6,11,45,35,62,3.56,46.7,91,142,33.09,1,130,35.2,12,-20,-10,138,-47
57.4,-30,-7.57,35.87,-49,129,91,30.82,-14,32.4,42,58.92,64.44,58.96,-2,28,0.54,-15,48.3,-20.61,4.05,139,-40,-17,-18
-1.07,-15.32,60.65,-13,58,-16,-14.17,71,74.92,-24,51.49,61,32.13,81,-22.65,26.35,121,28,117,22.25,59.61,94,56,-1.85,-34
24,13,67,73.48,-25,15.74,-39,39,146,48.25,51,-48,-19.2,49.66,-20.97,89,-15.37,57,-28,62.84,83,-20,-12.08,46,48
2.84,26.07,-11.16,79,61,-1,-19,-5,20,128,50.11,-16,16.12,-15.9,30,80,69,88,52.54,81,5.3,69.02,107,121,22.81
65.99,39.24,134,-1.14,-4.56,66,128,0,39.4,137,-14,55.65,-8,13,145,-13.23,19.5,134,63.11,128,29.08,-20.39,42.51,101,55.06
58.97,96,4,40.74,94,34,28.99,136,42,45,-28,93,46,70,53.92,106,35,-21.49,37.99,15.83,-30,-7.93,57.63,19,36.57
60.02,-22.12,22.46,-5.2,-48,47.54,-48,70.27,90,121,35,31.08,21.42,12.06,58.6,9,104,23,-13.43,19.14,72.52,60.84,-11,138,64
65.48,32.84,84,36.34,46.46,69,-3.91,9,-8,97,-36,68.85,101,59.25,97,137,-41,-17,133,136,-42,111,66.16,74,43.65
62,17,25.98,71.93,45,119,74,-35,32,-8,-0.74,129,-45,55,50.04,-17,44,-20.01,123,-9.23,15.43,30,149,62,131
136,118,93,70.21,146,43.22,28.11,136,-16,33.32,-29,-14.71,129,-15.39,53,118,24,-24,13.28,-23.77,50,-46,-21.77,74,-13.55
49.46,22.07,107,144,-42,136,136,-41,-19.46,-2.35,1,32,30.51,57.08,83,72,11.76,64,-13.71,-31,107,-9.58,-5.64,50.34,43.18
64.9,40.79,11.42,123,47,52.14,85,46,136,43,132,19,29,-8,73.22,14,49.29,-5.7,52,97,16,8,40.1,66,-16.07
3,-7.19,-44,123,20.4,20,108,8,24.79,115,63.45,-15,36,-5.13,-42,84,45.52,-1.92,93,-15.89,-16.05,37.72,101,-12.28,40
47.94,89,48.29,-16,112,34,-47,116,38,-19,93,43,87,4.73,5.9,48.35,55,71.6,60,96,54.1,-15,94,66.12,6.15
45,142,48,-26,-24.31,103,5,17.3,14.97,-3.72,40,-34,26.42,-42,79,74.26,15.23,82,-17.98,-43,71,-43,-33,26.04,93
7,-36,80,-9,45.97,144,104,127,58,30,4,61,15,110,24.53,-16.08,-15.06,66,-17.9,83,128,-11.64,88,23.21,70.83
16,-6,-6.32,62.53,-30,-14.49,90,-41,132,35,62.86,-13,-24.24,-41,62.71,5.47,-24.87,75,148,30.89,125,143,51,-25,66
13.59,-16,38,66,135,13.6,47.09,-50,-36,116,-28,122,-29,127,13.72,-5,-15,-3,32.63,117,106,40,16.93,43,-34
-39,83,-5.96,50.67,137,63.66,-32,58,3.59,-22,91,25.94,64.04,-12.13,133,36,88,2,96,149,18,-21.17,-17,-21.97,-12.01
125,57.92,41,-29,14,94,-31,93,-30,99,5,-7,-16,83,7.78,-16,120,24,45,-49,29.4,12.09,7,113,25
22,28,54,68.33,-45,128,3,63,-24,-0.62,-17.78,109,28.89,136,45.72,39.07,-23,99,-25,145,-18.2,35.89,-17.08,33,9
-14.1,90,70,20,122,-38,-11,103,-31,94,71,70.94,116,21.48,42.81,-21.35,13.11,31,-20,34,32.13,-21.32,-18,55.43,11.4
38.18,96,-28,135,134,41.76,6.93,11,21,67,25,22,73,44,25,51.3,53,60.13,70.26,-2,-0.1,22,46,-40,32.88
75,13.35,-1.66,43.99,70.94,-5,13,-16.1,20,61.74,-1,57,11,-44,-2,105,52,27,-40,-0.73,122,41,-44,-1,65
-12,26.34,63.52,-17.32,144,1,46.17,-48,47,98,-40,79,56.5,-0.14,-23,99,112,18.64,4,32,37,48.18,24.56,-22.1,124
-20,141,100,124,0.7,-9.81,84,14,-35,-17,101,14.34,11.2,112,-1,11.35,52,115,127,54.27,60.61,-22.56,24,36.9,43
-42,3.42,-43,-19,41.61,73,7.86,53,-13.92,0.53,71.92,33.98,-6,130,92,-20.69,110,126,5,134,144,45,22.88,-31,40
29.94,132,67.11,-34,25,19,23.05,-12.86,61,57,61.7,-21.37,115,6,135,80,138,15.79,149,-32,19,41,42.25,64,3.96
115,68,26.6,20.56,101,39,49,101,44.26,58,-16.31,86,29,-2,58.22,22,80,111,-23.61,50,54.24,17.63,-8,144,63.43
68.72,5.1,-15,-31,32.17,3.57,-50,-2.79,37.83,135,36,-1,50.47,-18,29,140,102,7,1.62,57.87,13,72.45,106,-45,73.74
80,-49,93,145,141,45.98,28.94,50.89,136,4,145,128,11.23,119,-15.86,116,-13.99,65.55,-2.37,70.86,31.01,145,-5,145,148
6.68,73,-9.96,-16.06,-7.9,77,144,-16,33.57,58.85,116,52.54,51,-2.01,55.95,35.29,63.51,-30,61.25,-16.32,-1.62,6.11,67.02,-8.13,-6
142,38,-20,56.29,51.1,35.15,42.61,97,14.83,-20,40,-20.34,45.83,97,0,19,-0.21,-7,109,21.92,79,54.12,-5.05,16,28
31.85,148,49.2,43,-49,141,104,41,139,-23,93,4.56,142,68.4,32,10,-10.7,-24.69,15,40,51.23,88,71,5,119
2.75,-45,24.57,7.25,-37,-21,-24.73,-42,33.68,51,-10,125,-3.23,-18.37,-15.95,-6.85,46.36,3.93,47.05,-37,53,15.79,16.11,133,68.57
28.37,44,36,92,148,22,46,-24,143,22,121,112,13.26,-17.27,83,133,69.01,58,34.83,47.88,51.98,-2,59.36,137,67.1
37,0,96,114,36.97,65,132,-27,7.55,54.77,44.59,29.09,42.36,-0.66,3.86,129,78,-10.11,-34,10,131,113,43.8,112,106
113,74.44,40.91,-16.08,1,111,133,9,37.49,-14,1,130,31.73,108,-6.47,141,14,125,18.3,9.24,54,17.05,95,14,149
-24,38,-18.16,53,-11.84,76,-0.46,-5,110,23.04,10,51.8,68,20.31,60,111,75,12.88,-25,55.5,41.77,45.46,73,-12,60.86
50,32.11,-6,-0.15,69.84,55,93,8,-4.8,30,-9,-12.15,-5.55,15.47,116,-41,105,67,106,137,55,-2,10,45,78
112,-30,18.22,63,60.83,29.23,112,18.39,-36,-21.17,43,9,21.02,-50,148,132,-14,60.35,24,-43,40.05,-22.14,63.73,84,-24
73,-3,-50,134,27.89,72,103,-16.44,135,39.75,31,-37,11,-34,46,17.04,47,111,44.8,103,52.8,63.13,-12,7,65
98,139,-50,70.42,20.84,24.19,-42,-1.34,0.45,74.94,107,115,-3.36,45,74,21.81,47.43,30.8,54.23,-13.4,104,-15,-31,1,30
-30,75,139,146,3.46,8.86,86,61,59,103,8,112,121,85,30.66,0.46,53.01,53.97,116,-5.07,118,64,60.04,24,67
99,64,-44,93,66,66.36,20,-9.58,0,47,-41,89,95,-6,-11,8.98,55,27.34,109,-47,63,12,74,39.85,58
31.64,136,92,61.54,-11,21,114,-16.42,-10.87,44.77,142,-8.53,54.07,-19.57,41.43,12,22.1,-19,43.91,-14.46,-8,90,97,6.96,-44
104,-13,124,87,16.7,8,52,15,10,142,147,-12.99,-2,57.99,40.54,-15.99,32,-11,-44,49,67,20.38,-13.81,4.05,95
91,28.16,37.24,16,-42,-12.28,92,39,-19.57,116,39,26,36,36,-20.36,-19.29,57,43.83,17.63,17.45,-1,-10,74,-4.93,7
29.59,39,-11.99,11.6,56.73,-16.36,-1.55,78,1.36,4.82,13.2,133,47.59,25,71,56.06,1.5,118,-9.65,89,2.24,52.15,104,72,10.85
12.36,-44,130,136,62.77,33,-46,99,42,62,19,72,47.02,36.18,69,-42,93,38,137,7.58,-6,-10,101,104,48
34.24,127,66,50,-41,93,-37,49.29,25,51.91,-21.42,-2.34,56.34,-42,76,46,-12.08,129,139,54.96,132,-14,-16.21,48.88,-0.09
115,-40,34,13.26,49.7,-48,-2.6,10.52,51.75,94,121,123,118,48.88,-44,80,-14.19,-38,-2,35,68.57,16.59,-11,101,45.82
117,-1.36,55,49,57.26,101,143,48.79,40.25,108,115,-13,37.48,118,-18,-18,17,54,109,37,51.56,-24,143,126,27.51
-4,-1,14.69,-18,70,37.96,3,-33,33,-1.63,90,119,98,95,-46,105,130,-35,63,-18.39,17,-27,113,70,-33
27,147,77,28,-4,16,15.02,70.83,36.61,1.83,-9.23,70.47,38,44,67,49,-14,-25,-8,36.03,12,-36,145,66,75
61,53,-17.95,140,93,68.09,-14,-16.75,18.23,20.94,39,6,-9,31.83,17.05,44.75,25.23,2.41,9.67,-10,-3,137,-6.26,0,58
32,61.24,106,13,66.74,21,104,60,64,47.47,106,-4,18.95,-6.52,-31,32.62,-14.86,-18.33,17.16,28.35,109,121,4,38,-7.88
1,54,88,94,63,138,106,78,-38,-19,-3.28,35.27,42.11,36.8,51.3,44,-44,94,147,-33,117,125,-8,3.91,62.07
11,27.93,118,71,-10.58,38,-31,95,12.66,-0.61,-37,12.75,-38,3.21,120,82,70,76,79,74,125,3,69,97,130
41,145,44.32,14,-3.77,41,65,46.59,27,84,2.87,58,124,135,-38,-44,25.15,107,64.51,25.74,72.84,43.58,-4,123,28
-26,52.95,143,-6.57,146,-13.27,47.96,44,2.64,-21.8,112,71,76,-41,-6.41,7.12,-1,39,-48,115,121,-35,84,8,46.1
26,-36,35,74.41,52,56,149,-0.7,57.49,-6,54,72.08,36,-19.04,79,107,129,104,34.01,56.9,47.15,55.73,129,-19.23,51
-14.33,0.71,65.56,44.33,-8.97,36.35,40.94,24,35,12,4.67,114,25.06,102,93,85,44.91,107,73.58,69,53,132,6.02,40.24,38
-32,61.93,26,94,37.07,2.72,79,118,15.15,135,-38,3,74.7,61.15,-5,-16,54,29.01,123,99,17.51,-17,10.48,42.47,35.11
-21.42,-2,-5,149,25.01,51.97,67.65,18.69,115,119,-34,-38,31,95,115,-30,28.92,143,-36,115,22,106,-20.23,31.59,5
119,-14,106,22,31.51,75,41.74,-16.55,-20.7,61.52,55.78,15.18,-3.61,68,-38,-35,-16.04,96,36,133,121,34,44,71,136
94,135,51,40,-13.8,-14.14,17.51,24,65,53.05,-19,6,32,-22,84,106,-16.42,19.25,26.16,17.77,-23,31.85,-45,133,28.62
144,58.41,-9.16,26.21,-34,22.95,89,70.05,33.88,15,-1.34,-1,111,-21,11.75,-9.91,-47,-1.18,18,43.13,142,124,70.86,93,50
-9.71,53,60.84,13.45,14.33,88,101,113,-7.37,-8,135,-9,7,-22.55,0.37,1,31.1,36.98,126,-19,113,68,101,-37,-20.33
-41,-1.42,15.38,24.46,46,37.67,51.5,141,44,60,61,5.17,141,64.11,122,73.02,30.56,48.59,125,75,122,-2.35,22.15,25,-10.2
31.87,-50,6,57.66,4.8,18.1,61.86,9.94,-10.24,-22.03,64.54,-37,87,1,127,-44,37.47,-22,39,49,128,-50,0.28,-36,-22.79
22.9,-16.9,53.3,74.46,26.12,-17.66,101,32,-37,105,50.92,-46,36,9,45.27,102,-5,-43,-43,126,-21,137,95,66.96,76
70,62.46,59,51.68,33,64.48,-7,102,60,4,-24.36,10.13,70.78,35.99,59.95,-47,42.26,100,125,58,73.3,-4.37,-24,56.62,59.05
84,140,77,33.02,90,23,31.91,134,20,-9.18,-3,-3,128,110,-17.65,24.2,3.75,50,25.81,-47,53,43.02,81,56,67
-3.28,15,-10,34,24,32.56,36,116,86,62,121,72.3,46,-23,95,55.35,145,81,120,61.96,99,-34,21.94,143,12.44
137,95,89,143,29.9,-23.01,28.05,-32,59.48,-16.96,28.79,121,33.49,39.46,37.47,50,28.75,37,48,10,71.66,-10.37,3.65,17.55,54.17
-20.3,8,72.16,57.23,-26,26.56,-10.71,43,-7,-29,73,81,1.28,38.86,47,49.22,117,-6,-22,146,47,148,55.96,51.11,-6.38
58.34,27,42,48.46,52.14,71,-19.93,34,-24.53,64.14,143,32.6,-9.12,0.43,44.23,131,47.04,4,56.81,38.03,22.25,-20.76,142,2.44,-44
140,56.4,-29,39.96,-34,42,40,-21,8,28.41,61,3.94,-4,10,-17.52,18.04,70,42.78,89,60.09,146,-36,-1.84,45,39.85
64.14,124,47,50,149,127,62.61,15.09,31,63.27,137,91,-26,126,86,7,138,113,-35,-17.43,90,36,115,125,-7
-10,-8.45,85,33,49.46,-20.95,-8.29,-15.22,131,85,9,66,148,92,44.41,-14,29.55,55,-36,87,-38,13,98,16.47,133
-5,34.42,-15,30.97,109,54,100,99,-50,8.41,7,4,-12,-17,36.37,-21.89,-22.15,119,25.52,18,38.07,-19.77,36.37,142,43.38
42,82,38.21,45,-47,-12,6.57,20.36,62.27,-24.41,33.16,21.98,55,-32,27,66,21,3,102,143,39.33,53,87,-26,-13.33
82,-31,58,-18.79,72.06,-45,37,36.93,-5.82,48.18,56.14,65.36,9,49,70.57,49.96,-21.13,45.78,59.7,-21,-24,-5.46,104,-16.03,-48
-20,2,45,97,33,105,-21.22,134,110,-49,38,-45,40.08,46.52,147,22.42,83,78,128,17.5,30,118,26,85,-1.44
54.85,72,-8.71,31.66,92,-12,49.04,-48,62.23,122,33,69,30.14,-44,-9,117,117,0.54,63.6,125,-7.62,56,21.57,103,148
-23,63,15,-24,112,35.34,64.17,36,98,17.52,28.64,-18.37,-36,32.22,38,16,52.39,53.17,100,12.73,63.39,56.61,-6.58,145,-27
0.36,26.16,109,8.86,-7.89,19.83,135,74,-9.99,46.96,8,-48,24.57,1,-3,42.23,77,-9.55,-6.72,11,122,7,74,55,4
69.33,-29,6,40,25.26,-46,56.79,27.19,110,54.37,119,-14.13,114,-9.36,124,142,27,70.93,26.32,7.25,59,17,12,109,21.47
26.32,-3.81,65.59,54.32,115,11,36.89,52,64,134,78,21.89,-37,46.93,66.6,115,-5.16,31.88,116,46,-8,134,22.51,122,101
149,69.63,-40,52,46.55,85,9,70.18,8,25,58.17,72.15,136,136,55.34,-7.9,1,52.06,-8,51,-43,-18,97,94,47
64.91,-42,94,70,36.44,59.08,83,1,65.38,13.56,119,73.77,139,68.08,-36,108,60.62,73,-14,44.65,149,60,-17.16,109,37.33
6.63,80,46.85,61,46.96,130,73.62,12.35,70.22,-11.83,3,-24,118,54.65,-16.82,63,143,-15.53,-24.71,39.09,85,-44,16,-19,48.59
0.52,32.61,53,-23.31,15,-24,67,49,65.45,-20.18,24.04,70.65,92,61.76,36.93,114,106,45.29,-26,29.09,33.65,-0.43,-4,114,-4
13,-10,43.74,8.79,53,-7,-25,107,73,-9,69.39,146,62.87,31,95,-31,101,-15.46,-46,-10,-21,-31,55,37,74
94,34,24.92,135,86,55.19,77,-12.83,19.72,41,61,65.2,1,13.68,-18,50.16,71.01,-4,119,56,54,123,-44,21.63,124
56.64,132,-7.7,50.88,-47,53.99,2.76,36.67,2,82,-33,-10,70.49,46,108,62.05,98,22,29.55,13.22,102,-30,60,-46,-14.6
-14.08,58,2.61,81,47.82,27.59,-41,-8,-25,8.97,34.02,31.52,17,94,121,-16,-41,43,-19.57,7.61,-14,-6.48,110,7.81,26.12
43.49,147,-4.68,11,68,43,-9,9.42,129,0,74.01,53.79,-16.28,107,-24,-16,31,123,90,63,14,92,123,-10,137
-39,48.22,59,-13.29,26.3,23,50,69.78,-33,36,72,35.6,58,50.69,-21.33,71.58,-13.63,40.43,37,-21,134,50,103,106,43
134,-7,49.46,-21.05,94,120,146,-21.01,27.35,-14.57,49,58.94,19,40,-4.51,-7,46.41,123,22,128,33,-18.22,-18.09,131,50
24.66,89,138,-17.22,71.26,64.83,0.19,56,83,54.29,-3.61,-20.37,-22.13,2.86,-21.78,67,124,147,-6.52,32.21,-40,-48,23.85,4,24
0.4,117,25.56,27.24,24,27.36,-12,37.76,14.94,25,45.66,53,8.6,134,-15.5,-28,43,131,95,39,33.39,-24.3,25,-3.93,-22.47
-49,-18.16,135,71,35.46,45,109,6.71,1,68.12,83,51,108,-41,-1.68,-22.1,9.04,29.76,39.92,107,55,-32,24.09,77,-3
50,116,16,67.06,-30,23.87,112,91,18,-1,-9.88,94,23,70.78,43.92,3,-37,5.1,89,119,28.27,24,-17.47,45,47.88
125,-13.08,-14.54,131,62.29,12.93,127,62,31,103,25.36,45,5.73,131,-20.87,54,-13.3,67.8,39.85,22.24,10.6,19,144,-13,79
10,113,-24,40,38.43,39,4,38.02,-25,5.72,113,27.49,74.32,56,-0.55,-14,143,19.56,-26,121,139,-4,35,52.41,47.78
-9.36,115,13.01,67.01,-44,53.9,43.09,30,53.9,52.83,39,31.94,-9,36,-11.38,65,82,72.74,31,-45,48.97,-2,48,99,0
31.72,-13.52,32.92,71.86,47,90,51,36.54,92,-47,-12,66.24,90,-2,24.48,63.52,18,145,32,5.41,125,118,14.22,41,22
-47,-5.56,-23.94,62,54.91,139,60.29,-25,-50,90,-49,-39,146,125,20.25,-21.32,111,-50,35.62,35.8,47,-18.63,103,52.42,33.92
107,16,30,10,8,15.64,74,4,88,-41,1.37,47.69,42.07,-8.83,-15.33,-3.37,105,41.77,-2.67,49,54.81,139,72.07,-14.29,102
-8.08,91,43.38,105,-14.7,5.51,30,48,28,-2.12,18.43,67.91,38.2,5.64,15,-8.84,93,-43,43,5.4,-6.16,68.96,35,12.62,107
66,40,16.34,46.73,-48,14.03,80,27,15,113,20.04,38.64,44.39,82,-33,54.25,65,25.89,66.72,59.7,41.77,51.62,-6.71,-12.02,36.71
71.41,-21,-11.29,35.54,94,59.44,24,-23.61,-12,-13.22,51.42,114,45,-6.91,113,-13,31,-15.52,96,53,-49,61.45,-5.68,143,-16
138,47,69.86,-0.21,-10.45,-13.43,121,-49,143,6,34,-11,51,-16,21,94,42.76,74,22,131,-50,64.71,66.68,74,71
-21.51,18,73.66,108,9,139,-7,2.9,39.39,5.67,89,-21,68.42,-37,6,44,59.54,110,37,-49,-36,99,-15.02,-7.25,95
86,-1,15,144,23.39,64,93,55.05,-19,35.94,0.9,67,2,-24,59,58.18,39,-26,41,11,79,23.85,-1.55,42,2.8
92,102,105,-40,15.7,60,6.94,64.93,40.91,69,-20.81,99,40.56,31,-1.49,48,77,-5,46,-46,-11.39,14,2,68.87,86
-48,64.38,57.54,40.79,42,99,36,-14.37,55.45,146,-15.47,75,107,8.55,13.91,37.38,70,69.19,120,42,-22.84,40,3.27,25,45.59
55,13,-7.71,19.8,-38,123,109,105,-9,104,-45,21.57,4.02,101,-4,-14,43,-47,55.54,-19.92,72,90,145,131,7
99,6,129,39,140,23,29,65,-0.75,45.19,70.2,9.82,41.26,12.19,135,-1,-5.21,49.12,-50,49,26,62,132,90,14.24
46,-9,-5,125,89,148,-8,101,34,77,-22,23.84,122,74,-10,128,-19.61,-45,-46,6,107,17,43.51,61,64
12,37.53,26,45,37.7,79,87,51,98,53,36,51,-22.02,32.61,-25,99,40.44,-25,103,136,-38,-12.98,96,108,4.24
143,15.23,135,146,-39,133,-46,110,-25,104,31,-48,-7,62.84,6,-40,44.32,21.29,30.84,34.93,65,71,-22,-4.57,55.44
52,74,4.51,-14.88,-14.99,47.63,19,8.42,148,53.39,113,124,141,47,-18.95,27,65,50.82,45,46.93,56.56,8.04,-19,66,-24
67,13.12,-19,137,-2,34,8.16,18.2,45.25,58.19,128,61,135,-3.49,-17,140,10.19,49,3.14,24,58.61,24,40.66,25,29.92
9.93,10.76,-6,107,25,-28,120,-8.3,95,93,74,124,-11,68,139,-16.9,132,53.23,-18.33,1.3,47,126,38.91,81,143
51,71.88,14,22.6,31,9,-26,57.74,126,67,35.77,73,-17.63,113,111,130,144,102,85,-48,40,44,36,107,123
23.68,149,-42,-15.74,-36,5,65,-10.64,93,-15,-21,-14,17.3,4,0.14,22.02,90,-48,21,100,-22,135,34,28,10.37
-24.32,28,30.25,-47,34,51,39.65,41.72,25,67.6,20.84,-36,52,-1.82,25,51.32,-12,-20,67,55.31,-13.86,35.75,52.6,-27,102
56,65,1.53,-7,13,30.86,136,7,32,-7,129,75,73.52,-45,61.04,38.65,55,99,-37,-14,68.67,-39,81,-30,22.24
-24,27,9.34,49,13,61.76,-39,-10.25,57,52,-36,110,-24,38.32,-50,69,1,-3.29,30,114,20.5,-13.43,56,54,80
98,-3.84,121,54,129,-11.93,2.56,67,146,55.04,135,94,126,46,33.99,121,57,53.43,-14.92,49.06,95,-43,22,71,60.92
124,33,-14.4,60,43.49,-9.5,-18.47,-12,-30,37.52,-6.45,20,52.75,-50,-25,14,17.3,-10,131,24,29.78,65,-50,-42,35
134,49.34,122,135,25.29,68.86,47.25,30,2.44,2.52,61.22,55.42,-8.89,54,73.45,8.24,37.04,34.88,90,111,-14.05,17.04,129,-0.27,60.15
-28,-2,65.38,-21,82,66.99,59,15.32,62,120,140,72,-20,127,33,62.74,26,66.7,104,53.66,119,41.6,118,136,62.07
8.01,17,122,29,-23,6.04,-21,120,-6.66,17.85,56,-7.91,-3,70.92,107,-47,62,-18,61.36,76,-38,66.06,66.69,5,52
6.92,65.78,-4.42,146,-16.69,26,-15.75,44.5,-17.08,-26,5.71,141,101,138,107,43,-47,64.71,-8,18,104,105,31.71,8,8.56
70.26,115,-16.81,-24.57,143,61.18,67,-36,74.33,110,5.66,31,41.39,43,-35,123,9,23,69.23,70,76,40,130,-7,21.59
53,-9.06,82,56.17,0.01,-31,-16.12,122,113,55,134,49.88,37.93,7,32.11,12.5,31.56,39.4,15,100,-22.3,12.78,64.74,55.46,148
64,-20,12,-19.87,-3.54,126,-19.44,76,-18,-2.23,-12.05,68.38,72.45,92,19.13,19.64,121,70,24.71,41.83,3.45,48.35,67.3,51,-7
6,55,38.46,79,14,-13.2,23.96,55.98,56.5,-36,41.75,129,21.2,-22,30,32.38,69.77,27.62,52,35,47.75,16,-11,28,132
116,147,-24.18,33.62,135,-17.3,105,-38,104,75,-15.46,-8.1,5,51,117,24.53,-34,18,-16.2,-18.44,8.11,-21,34,37.58,51
-27,71.12,-13,57,1.25,43,16,89,-17.82,16,71.45,-26,27.72,-31,20,82,16,41,133,27.1,69,143,135,38.6,31
8.98,-7.75,-33,-19.73,20,140,45.61,39.21,43,-16.27,1,13,31,80,67.53,-1.54,55.05,73,41.93,24.39,136,69,125,-12.86,12.66
44.92,52.14,100,37,102,122,71,45,-39,66.12,-43,60,29,-22,-6.77,51.63,-15.88,34,8.92,79,22.53,144,26,75,144
119,85,149,-9.81,-47,30.26,3,45,-8,-26,4.42,-19.6,23.33,-24,25.98,52.82,-16.1,41.07,-1.26,34.86,24.38,31,6.04,45,67.35
17.18,27.45,4.47,35.42,74,84,67,111,45.05,62,28,48,-1,130,5,-12.68,72,134,-13,39,142,6.79,145,-17.87,79
29.55,14.69,57,-10.27,68,76,0.09,36,-16.76,24.53,24,-49,-29,113,85,46,22,59,-15,67,149,118,41.25,137,41.93
-19,100,72.63,63,145,-46,-20.25,137,31,-3.01,23.38,-46,52.94,67,95,65.96,33.35,29.15,22,26.55,-50,101,82,31.81,120
-39,119,-19.67,3,97,-9,-9,-23,116,13,21,57.34,8,-50,59,9,-48,63,21.38,95,122,-15.77,41.15,88,-35
9.75,45,18,16.35,-15.43,90,137,25.98,41,-49,11,55.38,84,54.83,145,114,138,24.92,39,76,-38,-14,21.7,25,-47
78,-33,33,25.39,139,-4.55,19,115,15.41,30.62,73,55,97,143,17,121,52,83,66,21.54,7,-8,100,146,69
52,131,140,60.68,115,118,99,30.03,59.95,34.61,32.05,-1,-24.64,76,-29,-10,147,-13,2.7,37,-44,138,137,-44,45
-16.81,67.78,-21.67,-1,131,-17.81,16.38,-9,140,111,123,-1.42,58,-7,117,51.37,22.72,-6,144,11.29,3,-26,88,-10.01,66.83
61.75,36,-45,83,-15.96,39,-12,8,30.07,14,-19.4,123,136,62.31,30.14,6,92,-27,-28,74,59,53.38,36,-8,134
-32,126,6.81,7,106,77,79,27,-11.21,21,10.33,12.1,96,1,112,61,27.02,48.5,48,142,85,35.68,6.18,30.84,26.27
36,12.2,74.46,17,63,-18,-8.54,-47,107,9.83,44.36,65,-4.74,38,69.45,-1.15,94,28,47,144,24.73,13.97,-20.19,148,56.84
142,-20.85,32,16,-19.05,7,31,99,26.67,38.2,60.79,49,91,41,-19.45,45.66,118,103,7.14,-8,123,-5,27.56,6.34,127
-23,15,16.18,18,21,58.12,7.33,35.3,41.61,115,-19,-0.98,-12,74,-16,127,23.48,7.27,140,116,147,32.64,62.31,-46,-20
23.59,-11,2.73,141,34,109,2.53,-7,55,20.39,58,65.99,142,131,-0.84,-13,109,60.72,94,129,-19.01,-18.69,-49,-24,36
45.47,25,110,57.52,54.41,45.7,22.1,75,110,36.16,88,23,42.58,31,-44,-37,93,54.65,135,98,17,6,7.3,3,70.8
48.72,-12.17,140,47,134,62.51,62.37,104,73,28.62,119,80,-27,36.35,40,-32,57.08,-21.75,-30,134,68,-16,20,64.15,34.92
63.6,101,13.57,51.99,-4,-24,73.39,81,104,-23,41,48.71,81,114,23,61.5,6.71,83,-29,29.3,59.97,103,-39,117,-23
84,-21.72,19,-6.62,26.02,0.5,15,5,139,6.26,1,55,23.82,-22,63.22,60.29,30.89,44.51,-16.01,-5.09,61.41,60.45,120,-10.05,-13
70.2,20.32,-6.34,125,122,65,112,31.07,126,2.86,35.22,104,-30,65,130,-11.08,76,4,87,20.94,-25,35.22,-5,50.7,-16.17
91,103,50.22,30,-1.17,86,-28,138,2,2,33.98,47,45.63,-9.93,146,48.34,43.32,-13.25,48.72,40.59,120,-28,4.42,22.8,7
93,59.39,10.79,-23,-10.93,102,-16.3,72,138,58.8,47,80,64.72,-30,21.57,141,-12.73,133,-8.29,-2.49,131,-23,108,40.75,46.55
67,90,135,-6.1,65.93,-2,-13,65,-7.32,29.62,29.04,18,-6,15.07,2,25,35.02,-5.48,47,1,2,49.94,19,-43,41
61.98,79,25.69,7.92,-7.02,121,13.55,122,20,64.44,70.31,10,9.93,58,144,111,-6,3.43,-26,74.06,82,3,-10.63,84,63.3
50.63,91,58.83,84,-10,17.76,59.9,56.78,22.45,143,48,27.98,71.18,35.5,-9,44.43,-3.4,66,-21.27,43.13,73.27,23.9,69,35,57
-10,33.34,9,33,18,33.7,148,89,1,115,54.75,47,72.96,48.14,5,27.81,131,10.69,-43,-35,-32,49.1,27,2.18,26.5
-11.62,140,119,97,94,-30,98,-47,56,96,-20,19,41,128,-3,107,-7,49.31,84,75,28,-12.78,130,119,147
149,-4.92,-10.52,-5,81,19,-10,43,99,41,60.82,8.51,-0.97,-6.15,7,-2.29,2.99,56,65.49,-8,90,-17.63,50,77,72.51
-19,32.9,67.52,-36,21,44.7,-9.03,19.09,40.3,5.55,115,41,47.84,-49,93,-21.22,32.35,132,31.27,113,-36,35.3,46,-20.51,51.7
0,-19,-14,64,47.4,24,38.03,37.55,76,119,147,-21.2,123,-14.72,56.74,19.55,-49,119,121,147,18.74,43.6,18,28.17,29
39.64,-44,9,22.06,48.77,6.6,43,65.41,-19.96,-40,41,57.63,111,-40,100,120,53,139,117,-1,81,-8.35,-9,31,-16.38
27.94,49,34.27,131,40,43.53,-23,119,32.12,-24.1,-17.16,97,-7,146,2,136,22,-22,-7,-19,20.99,12.93,28,30.23,59.88
-49,26,-1.87,62,15,0.51,52.2,-3.47,6.11,136,129,60,88,1.84,58.47,22.28,58.47,3.7,3,28.46,3.43,48.28,141,2.81,130
-19,-1.99,-0.04,46.05,-17.54,73.6,-5,11.92,1.25,-27,-19.85,-29,-14,95,-22.41,-17.24,64,121,76,-1.39,14,-35,111,3.22,118
143,43.36,122,83,53.72,-30,-9.95,45.81,-11,46.44,28.35,2,93,-14,-11.46,149,127,45,-10,44,16,73.73,20,48.82,31
48.51,66,24.72,52.72,138,103,36,-24,18,66.7,120,-46,87,72.53,75,94,58.29,-17.43,20,64.19,102,87,-49,66,-9
-40,90,47.83,26.05,65.01,35.9,1.72,143,126,70.58,33.7,-26,-8.79,-1.54,-19.72,122,9,13,45,127,25,119,76,-23.06,33.4
74.23,34.94,-48,-49,-23.95,96,80,98,-23.53,11,-1.33,122,51.32,39,48.28,128,-30,59.77,-17,-4.78,-46,98,57.38,28.18,40
52.24,25,36,3,131,21.8,3,34,34,-39,30,50,70.86,-15.03,-4,84,40.97,106,16.58,84,3.46,-8,70.75,12.3,75
-11,13,-19,-3.63,87,34.33,10,28,120,21.4,110,59,54.78,-20.79,71.04,-3,46.91,65.46,-19.18,139,31.56,-1.31,18.42,127,-5
43.26,53,67.13,-15.9,60.19,67,95,147,21.93,101,18,65.43,76,28,148,62.84,36.69,-4.36,111,53.39,141,34.52,2,128,-11
-3.87,138,99,62,54,68.05,-14.23,80,57,50.48,119,28.16,70,-32,67.53,38.85,49,61.91,23.08,-26,66.46,37.19,25.66,36,74
-4,106,118,-14.42,70.98,-12.85,-16,-30,4.87,34,-0.12,65.12,-39,45,-3,99,117,-12,9.32,20,-40,26,27,67,133
39,-17,2,-4.15,118,149,135,141,22.27,13.65,56.81,34.55,12,-2.88,5,140,48.2,5.97,51,81,-20.25,129,-33,70.89,148
44,69.42,49.72,-7.58,-10,43.47,49.11,15.99,-34,50,46,34.38,-50,67.09,68.94,-22.36,-3.99,-15,25,92,66,-22,40.53,21,-7.28
85,41.57,73.86,78,139,-5.53,-39,-10.26,-21.38,27,-24,-3.76,68.6,10,3.15,28.33,-9,37,48.84,-42,22,35,2.57,48.76,-44
21.27,117,65.02,36,60.22,-0.48,58.31,34,25.69,114,64.76,14.74,103,-40,-8,73.4,19.7,3.51,107,-37,1.93,15,-48,13,28
101,132,54.87,134,-9,34.39,-45,93,37.43,-3,22.32,51.4,43.74,134,-6,60,41.48,0,15,42.08,31.83,117,140,3.04,8.3
10.07,-43,-48,119,-50,66,-12.84,19,100,23,-3.58,44.91,22,7.59,20,19.95,132,136,109,143,25.07,34,0,-3.04,110
2,-7,133,-26,-8.48,37,-19.27,82,-11,24.49,-11,-28,22.73,60.76,-15.86,31.83,68,32.69,61.46,135,57,58.95,86,8,92
2.95,56,42.54,34,-50,125,19,-46,23,41.32,16.38,49,62,58.62,12,55.7,106,9,60.63,85,69,7,28.42,113,-17
25.68,0.15,48,64.94,129,44,71.25,84,0.12,35.69,93,106,75,97,-18,3.09,21.9,-21.81,-8.27,147,-6,-40,69,28,61
-37,-9.37,74,44,136,9.54,96,-29,5,19,143,89,143,24,105,-42,122,93,26.88,-16,54,-39,-45,74.33,70.47
34.55,38,-17,69.28,-12.02,45,-27,28,-19.46,52.54,49,-21.13,59.73,14.2,-18,7.79,-8,-4,129,-26,72.61,66.38,61.62,57,8.46
44.63,25.12,89,149,31,33.93,98,-24.5,-29,-46,15.13,-2.77,88,-8,31,126,82,119,22,-8,-37,-49,9,123,0
0.03,133,68.39,-37,19.79,-23,45.61,-7.18,43.15,-11.65,69,17,-2.95,122,116,33,81,-26,40,7.13,-12.82,42.14,51,32.99,-31
64,-28,-37,126,-18.19,-23.06,19.05,0.74,64.63,102,34.64,39,123,30,81,63,20.11,134,1.46,75,130,117,85,29.68,30.31
54.81,140,26,71.9,51.38,132,120,73,-12.2,108,46.27,8.93,2,44.56,21,54.78,57,-11.05,28,33,134,5,37.43,59.65,0.19
122,71,105,49,31.05,39.56,-0.48,2,-21,127,-8.7,9.81,58,7.02,131,-20.25,9,122,57.47,36.24,11.38,-0.31,-9,-14,70.03
73.03,19,56,98,-22,-19,66,23,64.53,79,86,8.25,-16,30.62,53.41,48.22,-3,-3,134,52,6.23,30,-3.37,60.6,70
87,119,6,35,41.02,69.86,48.89,43.33,12,31,1,16.28,42.85,31,-29,84,-23.34,63.84,-5.18,12,67.68,37,20.86,20.11,50.83
43,92,116,45.72,8,47,9.04,10.81,6.09,17.55,72.81,-1,135,3,43.97,30,20.42,109,84,126,103,72.74,21,76,127
-21,72.46,42.36,39.74,139,142,-5.65,72,51.09,22,-48,7,133,46.94,59.81,10,85,-8,134,58,46.68,11,79,30.97,44
-9.44,-42,45,93,92,-15.28,23,98,36.08,-18.19,74,19,60,72.83,56.34,26.93,15.37,56,17,78,76,50,-17.99,-10.84,-18.97
57,27,74,-37,-14.17,94,58,70.05,17,107,-46,14.03,81,22.72,111,31,-9,131,-30,69,76,19,104,21.51,60
-6.91,-17.8,61.38,68,90,48.93,119,111,86,-24,91,73,103,28.38,80,42.6,39.25,50.92,28,74.94,-20.38,32.96,11,136,-21.91
-11.6,31.95,-6,-20.23,-27,147,16.67,32,6.01,-35,74,40.51,74.39,20,-42,15,45,-46,146,98,33.17,-9,29,89,116
28.59,128,49,-4.77,2.92,58.35,13.01,72,25.45,-23,121,-20.55,77,16.69,112,147,3.68,58,36.26,-2,64.97,53.12,20.2,137,-47
64.64,103,9.87,-0.07,113,86,123,3.86,41,9.6,18,-10,25.19,95,1.64,-14,10,8,-2.93,-13.83,38.31,66.72,19,-8.7,14.91
113,29.53,41,6.54,110,6,118,-44,94,-33,143,23,57.2,89,120,49.51,-24,3,-15.89,26,10.85,63.5,72.71,50.4,30.98
-34,39.93,116,102,58,75,59,58.81,-7.9,98,53.52,9,28,66.33,-31,99,24,27.13,65,14,106,100,136,111,72
22.64,138,36,4,53.26,-7,63.51,33,-30,96,-15.01,128,28,55.94,56.48,20.13,61.96,-10.21,18,6,42.94,92,-40,-23.24,-33
99,55.48,130,38.75,84,122,-39,-4,17.42,-6.67,-44,23.79,11,-32,73.1,-9,123,31.69,46.66,148,55,-15,59.32,66.88,18
114,127,41.27,-22,54.96,55,16.35,106,16,-1.71,55.15,77,64.28,131,-18.4,1,108,-46,32,37.13,-19.65,-11,19.77,120,-22.69
-6,58.82,51.84,-21.44,120,-19.99,21,20,-46,6.61,60.04,-28,46.5,120,60,35.07,17,15.19,146,1.56,61.45,19.25,17.43,38.28,101
80,53.25,-44,-21.46,-14,53.93,128,40.91,-20.24,36,52,37.34,57.98,69.36,34,32,29,6.45,-40,122,-38,-2.76,30.96,117,64.57
-15.32,17,95,-35,44.25,-14.55,15,15,66.21,57.98,58,33.3,31.47,50,-7.12,124,113,-50,37.49,-0.39,36,146,-44,29,-20.96
-35,-23.52,24,18,-21.08,54,46.76,-12,13,65,-9.27,60,-21.72,95,-42,83,-22,34,46.04,44,4,64.45,26.99,89,12.67
12.71,72,97,-2,-14,75,50,148,-49,129,122,67.54,149,37,31,87,54.95,127,104,-11,-49,-41,-23.77,119,-48
-4.07,88,70,-1.3,13,57.05,66,-43,109,43,68.78,-9.12,34,126,19.61,75,21.49,71.31,63,121,121,17.91,109,-36,12.64
-10,56.02,72.05,-12,32.89,1.07,-30,46,24.39,-18.73,143,42,22.65,-23.65,50.69,-21.87,11.87,46,-11.3,82,59,54.27,-47,26.8,70
83,20.21,136,67,56.09,-7.23,149,104,-7,-7,36.9,73.89,136,-12.27,32.49,46,37,58,1.67,-14.04,40.36,91,22.87,-27,7.17
-1,3.3,69,-31,34.53,41.07,25.83,53,49.68,61,48.55,20.41,-33,50,-5.68,139,6,8,119,122,36,40,83,-3.96,142
84,34,26.52,-23.65,-34,10,64.33,8.68,-46,43.66,18.28,47,-9.23,60.7,-42,82,20.65,13,0,20.39,-11,122,15,65.32,31.19
50.94,138,28.34,49.06,83,93,77,3,-23.87,15.07,61,58,-29,23.96,0.55,39.53,47,-10,21.97,57,74.46,46.68,-17.95,12.01,49.23
-23,89,24.07,1,47,15,-29,-4,-48,36,48,127,53.16,34.27,-37,58.74,60,39.28,97,-18.26,147,73,-1.85,36,-14.82
141,-7.13,-43,37,-13,61,70.47,14.33,-6.35,48,-21.62,52.89,79,43,-45,90,-25,-10.46,140,102,68.18,81,33,122,14.08
47.29,147,19.87,86,-37,29,48,65,3.78,16,-35,-12.46,83,114,63.61,17,115,99,18.02,133,57.77,-14,73,-6,93
42,49,29,-20.98,82,62,35,76,23,46.87,34.27,37.92,28.15,117,32.99,49,54.73,4,5.55,5.3,26,-38,41,4.9,-16
65,101,123,55.25,57.41,31,-24.39,74,134,29.07,118,16.97,-6.7,59,-37,75,21,12,-9,5,62.71,96,-13,95,91
-45,102,64,34,-8,38,51,-0.83,53,72.85,19.45,14,23,-22.28,11.85,2.59,11,88,68,45.19,36.43,63,-26,-26,41.39
112,14.32,127,12.25,39,75,11.09,94,107,36,137,137,39.82,0,55.11,96,105,7.38,77,127,72,-2,114,-22.55,-31
-43,-5.09,92,39.44,-22,42,-32,131,36.56,133,28.23,1,91,-12,-46,-44,72.29,122,19.24,80,18,-5,-24,-7.01,7.6
60.45,17.13,105,12,29,13.76,50.69,3.99,63.12,-30,-21.64,26,31.56,30.42,41.89,16.68,71.97,40.19,-23,-19.58,64,-25,66,46.6,91
-41,111,12,37.45,40.74,-48,72.96,88,124,20.56,-35,104,-34,26.59,23.87,-20,55,-12,43.46,-15.68,-9,9,0,135,-14.71
32,31.91,67,-14.31,125,65.26,-9,149,64,99,74.64,53.26,22.16,13,73.24,39.56,135,-22.66,7.19,-11,20.23,-15.22,70,16.38,16
133,29.4,35.99,21.38,-19,-35,74.37,-12,-10.17,72.91,110,-5.38,72,48.15,-35,118,27,19.43,53,45.61,43.65,79,-1.85,64.06,138
64.44,142,13,31.08,30,4.67,123,19.11,99,37,57.37,25.67,79,104,129,-8.79,14,59.47,65.58,-18,16,142,23,132,44
25,144,30.23,137,62.49,-21.46,-12.64,68.27,-4,135,-5.79,3,17,-19.27,47,126,64.02,74.19,74.26,16.58,-35,137,127,-13,-19.74
53.83,-24,-19.69,1.47,141,-16,119,25.44,-0.43,-29,13,11.93,55,-5.49,15,132,4.32,116,13,16.71,118,30.56,78,51,9
133,-19.19,-19,21.88,46,-3,51,13.22,133,-10.33,7.98,109,14.75,34.26,12.61,135,28.6,69.13,56,31,109,3.08,1.95,127,103
54,-18,49,93,65.07,10,23.19,96,84,-22,7,11.08,42.93,-17.45,132,94,-13.55,29,-21.85,99,130,53.6,-22.13,122,30
-22.82,-6.61,33.25,-2,17.54,64,61.69,92,2,93,-12.63,104,65.49,-14,-5,-4,5.95,-29,2,-6,58,-8.58,20,6,33
95,42.7,5,60,108,19.71,74.04,2.61,65.64,7,45,-8,4.24,-11,4,36,91,75,51.8,105,115,28.4,-17.76,-22.5,89
-40,28.95,3.55,70.58,-20.27,51,-47,71,30,145,-13,106,66,11,-9.71,38.81,23,38.36,-5.87,19.52,12.13,-9.56,19.27,25.61,2
123,-1.17,44.15,13.88,31.88,120,146,38.03,21,-14.89,79,121,-26,-34,-49,34,54,-9.48,125,99,33.25,-45,58.55,34.21,65.3
33.45,-32,71.19,127,99,79,144,-9,-19,87,62.05,94,27,-34,-18.32,57,60.99,32,37.96,-26,60.75,33.77,87,56,60.43
86,-10,102,-46,136,52.8,71,68.5,12.29,141,34.39,-9,-25,7,31,34.57,-11,66.49,99,-22,14.82,-25,-13.15,64.9,13.27
121,-40,10,-45,35,58,54.27,77,-19,-15,40.11,-10.94,49,43,4,-1.03,149,18.17,-0.8,-33,52,-24,41,90,130
104,-3.72,12,-18.07,3,88,-9.98,60,93,25.28,120,51.11,93,-12.56,37,63,11.12,-9,16.69,-4.61,1.34,10,13,49.07,51.53
-44,-12,-11.81,56.06,25,122,-15,72.82,74.71,29.48,51.45,142,116,21,54,32.15,70.26,-1.01,-13,-33,138,43,-35,112,4.99
-19,35.52,26.33,-41,16,139,-23,47.94,45,143,6.36,81,28,-43,78,-7.22,12.4,133,77,49,69,107,141,61.83,20.45
34.62,48.8,41,46.55,38.32,71,22,47,47,127,57.07,30,132,2,14,-26,68.85,8.03,12.58,43.82,23.8,35.39,135,2.3,-7.05
18,6.62,124,45.46,17.13,131,10.08,9,49,138,13.18,4,92,-6.13,25,41.24,10,81,10,81,-39,21.52,94,21,111
56,-5.5,-34,-6.25,149,54.34,12.76,62,137,128,-8.85,80,43.89,102,6,98,74.77,13.17,102,66.68,-16.28,125,3.69,46.01,-2.57
-25,22.98,108,123,141,18.14,-13,17,2.13,70.52,26,79,41,-28,54,-26,71,-20.55,-6,33,-24.82,30.38,118,0.39,1
10.16,57,57.22,102,-23.71,41.4,44.28,4.87,-23.17,74.6,-24.95,133,-20.18,42,36,70,72,3.82,19,-5.89,56.14,27.78,146,26,27.15
13,65,-15.04,-16.06,63,26.02,121,38.16,-41,83,-1.58,95,-10,-42,41.62,56.88,62,-16,12,41.48,-27,-8.15,-17.33,98,61
60,6.92,41,-43,98,50,39.94,12.86,50,92,-46,32,20.46,-20.8,41,-37,61.45,56.17,-16,69.89,68.24,-5,39.03,85,-23.27
31.85,9,127,-48,142,-29,39.37,63.65,33.86,-11,62.1,89,63.87,115,4.43,136,4.32,115,71.41,47.05,22.89,79,89,10,67.91
-34,-1.87,9,59.25,26.54,3,-16.24,7.54,121,-45,129,14,141,58.69,118,90,65.01,4.9,51.65,58.38,2.07,-21,136,19.39,-36
124,21.35,69.06,66.02,49,4.43,37,144,84,72.64,-35,72,139,38.21,-2,3.41,55.8,-5,-42,97,132,114,0.19,-14,27
9.61,-11,-22.5,20.58,8.08,101,59.13,-46,129,-8.07,1.7,-13,106,96,44.19,-8.72,111,88,74,34,9.63,-12,-50,-12.19,3.32
88,-39,103,13.5,100,38.83,-39,74.28,46,-22.33,10,118,39.34,-0.69,31.09,17.87,-14.57,132,-30,-24,-47,-1,43.93,4,4
41,-2,39,49.72,63.65,109,70,-11.24,62,38.52,107,10,41.63,-20,-14.32,-46,11,121,-26,-44,-13,12.48,91,112,147
-35,-18.11,80,86,93,-42,128,-18.87,25,141,70.34,28.18,0.61,77,19,3.05,32,142,67.54,32.86,-24,37.43,-11.75,13.09,-26
135,82,-14,59.94,147,73.17,31,88,114,65.83,-37,113,43.99,61.9,-31,74.29,1.32,77,67,75,-6.14,77,47.1,-12,80
-7.63,56,25,19.51,15,-22.2,74.78,90,0,44,56.58,43,39.11,29.06,-20.48,-16,-50,65,21,-24.33,55,31,2.86,12,133
60.54,29,-19,-2.04,69,86,42.31,65.77,12,28,20,16.6,39.76,0,133,89,29,113,79,-42,71,-47,-42,42.79,131
128,100,112,7,-17,-17.1,-17.8,51.47,97,58.15,-3.38,-25,-27,52.86,-0.54,12,37.78,-19.86,20.86,45,19.6,24,-34,57.55,61.08
-35,147,56,-40,111,-46,9.86,126,143,-25,-18,5.53,-23.45,-18.08,-20.05,-23.04,47,-21.59,69,74,-25,-0.47,40.61,113,35.64
64,100,20.18,148,134,12,-9,102,-8,-11.35,111,24,-24,7,20,57.03,54,62,144,-13,-4,-35,-12.95,18.88,-18.69
-16.32,-33,130,4,40.83,50.88,67,56,45,-2.99,2.19,81,8,83,21.51,15.67,-17,-25,86,70,49,37.32,-6,25,11
-17,58.06,75,16,29,41,53.85,-10,60,-8.27,55.92,2.66,27.56,110,82,-44,18.09,94,3,-13,76,68.09,40,37.97,101
-16.01,119,15.1,66,108,127,-26,-7,-37,112,31,84,-15.18,102,51,-11,50.29,147,1,-22,24,32,44,40,-3
29.89,-9.63,74.91,144,100,-5.4,78,64.8,33.12,15,55.08,35,56,3.98,80,7,-5.07,102,68,125,15,51,32.81,115,127
53.38,23,-4,98,53,134,-47,115,37,41,27.18,90,19.24,-14.87,22.15,65.67,-13.18,-4,-7.32,40,62.96,109,3.17,-33,28.98
52.49,100,55.67,-47,112,120,-22.71,-20,52,127,-24.58,61,69.97,-35,13.64,48,11.78,-42,115,136,-15,-7,3.07,96,65
46.87,-45,-23,-14,6,-38,125,-15,110,64.43,50.36,62,26,62.73,111,10,65,-30,66.69,3.65,-7,16.57,25,36,-11.77
-10.48,-23,-7,48,65.49,42,74.34,15,-26,39,-35,-15,-22.74,-19,73.9,58,59,75,7.21,59,69.62,13,14.66,68,30.7
-5,-1,39.31,146,37.22,34,64,36.77,63,49,43,54.58,102,107,38,26.02,72.33,-5.51,26,38,74.82,45,74,-9.3,-33
27,15.62,-1.8,2,81,-23,-20,140,60.68,81,62.67,42.51,74,134,60.78,74.21,60.74,140,-18.52,88,113,47,-1.54,70.89,44.69
53,1.29,58,50.11,147,16.53,69.64,39.03,-21.12,34,131,68,109,-14,11.19,30,24.72,44,89,60.5,-2,-0.75,13,50.83,26
21,-35,18,12.14,-34,9.82,-7.93,95,51,58.54,-24,28.63,-41,47,108,10.43,81,-12,84,-4,-11,6,-5.15,72.42,58
54,50,15.65,52,13,44,-13,146,57.19,134,-4.38,29,-43,10.45,128,30.34,143,19,94,-15,14.29,-9.27,-18,45.01,93
-2,58.94,115,-46,-4,141,34.47,143,-25,55.32,36,-16,82,144,-13.57,9,78,5,94,111,38,-2,21,65,104
67,91,48.05,-9.15,13.8,121,110,56,-17.49,13,70.99,44,-12,111,16.8,-12.6,26,4.82,111,101,22.54,85,126,63.95,37
33,130,5.51,7.14,97,-17,-2.82,9.36,-2,-2.87,50.02,9,-43,-23,141,-25,44.55,-48,16,63.78,45,-34,45,54.59,51.5
44,22,-50,47.92,-5.78,55.71,-11.35,6.26,58,32,98,-21.96,-10.74,-0.41,110,52.05,148,62.06,31.28,87,-7,14.06,26,68.72,30.92
28.12,75,107,28.15,14.52,68,16.83,-34,104,-38,79,-13,59.83,-14,13,133,110,134,26,18,117,-19,25,78,44
20.83,-24.16,51,49.37,-27,62.03,-14.41,72,29.17,35,-35,64,-49,28.32,-4.77,21,28.58,132,69,45.26,15,135,86,26.31,-16.25
118,36,37.05,42.3,41.22,-12.06,19.7,56.56,52,102,59,-8.79,107,-30,53.3,63.27,79,99,30.22,16,37,1.16,123,10,32
-49,47,86,-28,101,-8,146,-20,0,23.3,52,86,-39,87,10.07,32.49,-2,146,30.43,6.7,122,133,68,7.91,-45
47.77,74,36,31.95,-11.58,121,149,85,56.36,71.26,-6.17,54,147,-13,45.34,46.57,38.72,6,-11,-2.47,20.38,107,-10,44,-1.58
0.12,65.37,111,51.57,-33,-23.82,-48,1,100,72,-17,69.19,82,1,6,-5.36,-23,-37,61.71,68,33.62,55.99,32,33.8,-22
-31,41,90,-46,54,27,16.98,-12,128,-20.22,70,119,53.36,148,72.27,109,56.03,76,-47,2.26,80,27.8,50.15,14.43,53.63
71.08,-18,77,12.06,7.95,135,65.56,58.09,-19,-4,80,147,-20,47,-2.82,14,53.53,-43,74,114,14,87,5.39,7.56,3.41
9,46.48,130,134,-21,-12.88,57.95,57.62,12.21,103,-4.58,77,8.26,36.76,118,-20,84,78,129,20,111,104,130,57.58,-11
-10,85,59.02,83,-4,-48,-4.76,98,109,55.35,5.6,62.41,-4.84,69.96,25,70,17,47.15,-17.33,-41,39.02,9.44,5,107,44
-42,-10,-31,-4,13,59,148,113,27.55,66,16,54.87,50.69,-21,-18.09,-2,-4,74,-22,9,-23,-7.71,25,47,129
3.82,127,-14.37,-4.7,-13.72,39.99,-4,24.89,123,72.75,74.74,24.05,104,66.88,0,65,106,33.1,129,-21.58,-2,-11.09,4,65.53,65.99
144,116,-32,39.73,-20.78,75,-2.75,-37,67.46,-2,8,4.47,-50,44.23,102,98,2,-14,-6.7,24,22.76,43,-14.04,-27,104
15.19,36.22,20.56,8,4,37.39,-20,6.3,-44,-14.92,-28,70.7,48.04,112,-24,105,59,65.62,72.53,116,-19.02,42,58,94,20
115,122,2.8,4.85,66.87,-2.08,85,54.91,19.21,11.09,60,149,-48,46.22,-20,135,95,-1.49,-30,-45,-19.65,52.64,15.28,55.68,-9.16
-1,44.1,86,109,24.38,117,-1.61,42.34,4,41,-18.04,-3,-18,-12.58,-2,89,15,42.76,3.36,-10.89,26,3,31,-50,49.36
-2.96,105,116,-45,28.51,112,9.75,19.66,43.14,56,3.94,-22.95,101,-25,2,39.33,38.25,-9,113,10,55.63,73,60.29,107,21.25
-39,111,92,30.73,46.73,45.67,115,63.3,52,119,56,29.88,66,76,40,-9,44,91,6.54,-47,-37,118,-5.67,133,29.16
144,147,51.07,5,33,68.77,-7.6,-15,-30,-41,36.13,-5,44.51,2.84,93,106,-13.36,13,37.78,45,-35,67,69,62,61
74,57.98,44.88,98,63,-34,31,-15,-23.12,-11.99,33,-6.38,-1.23,13.98,-32,46.85,39,64.89,28,45.69,93,114,49.01,12,74.42
-17.59,47.23,79,80,123,36.4,96,-4,28,38.69,61,-24.59,127,12.07,12,49.29,37,50,73,62,122,78,6.54,17,51
25,46.18,-50,138,12.34,81,-17.14,5.18,1,0,28.73,127,62.39,2.44,15.55,-31,43,66.22,49,33.88,69.47,-23.44,25,57,59
126,26,-7,83,84,-22.07,-7.12,86,-27,-22.28,-43,75,30.26,-21.85,140,78,143,12,72,-19.48,52.59,22,28.42,148,-13
54,29.41,125,-49,-29,124,100,68.29,38.49,-10.16,8.05,-20.07,129,-34,50.44,57,59.07,5.29,123,8.6,54.87,71,39.52,8.35,-6.3
54,96,84,144,69.02,49,55.67,61.86,111,97,31,-4.3,75,40,4.93,81,16.75,135,104,24,38.63,-16.28,35.4,91,-39
-17.74,-20,-4.88,53.25,33,-6,40.66,11.6,94,70.85,-7.82,-43,100,50,132,9,68.36,107,19.89,54,-45,10.62,64.5,53.18,87
-35,71.21,126,55,89,-30,27,-24,18.57,100,75,-37,19,38,75,31.68,45,72.73,2.79,-24.91,-7,63,-37,-18,89
137,104,91,15,32.48,42.27,42,-11.61,22.01,132,2.03,107,53,53.85,34,-7.32,41,48.66,23,51.04,27.88,97,124,-18,29
77,-23.87,59,4,123,145,-33,128,-17,125,108,90,22,93,4,-22.38,131,52.8,-21.4,-23,24,2,11,62,-17
55.07,128,-44,-17,-8.91,-15,104,69.53,24.09,-21,-26,-30,4.25,22,58.39,-9.87,-44,72.7,1,115,26.87,-12,-8.56,-6,-25
71.92,24,47,17,23.74,132,22.82,-12,72.77,56.2,21.48,-35,2,25,43,-21,67.16,-32,-30,44,-10,-22.45,84,17,72.48
27.77,-3,44.37,-10.65,11.62,-13.42,8.26,65.7,7.37,54,24.44,141,44,84,57,118,126,50.23,22,-38,110,13.26,140,16.07,3.99
64,28,-24,29,-19.39,36,8,79,55.18,47,77,5,71.98,-7.17,59,46,22.95,46.15,16.09,41,135,-8,132,9,53
3,122,12.28,12.09,-6.04,1,-11.95,8,89,58,41,-12,70.76,-2.31,58.03,-19.36,33.23,-47,126,24,38,-2,52.66,-20.58,18
-13.29,-4.54,-14,-40,147,-25,92,57.8,-22.27,69.71,13.61,-21,62,-19.35,-12,36,57,108,2,-43,38.58,27,33,106,34.7
-39,92,25,-36,13,6,1,136,15,112,134,-25,-1,4,-25,18,87,-26,-0.53,-41,127,45,71.78,55.74,-45
-8.49,144,133,-17,89,72,12.75,27.15,2.3,51,-17,-8.23,52,127,-6,68,4,70.55,57.29,42,-17,-22.47,-6.15,48,-44
69.7,31,12.09,52.57,129,131,90,148,68.68,52.12,12,37,-18.03,20,129,146,12,32.14,-5,35,34,72.75,-12.74,0.21,31.09
-28,12.76,28.4,3,20.5,138,-9.78,22.61,63.89,-31,51.01,-7,62,9,120,91,49,3,49.74,-16.58,33.58,-12.23,-7,-7,-18.96
-42,13,66.93,-18,56.81,7.23,117,131,-35,63,52.62,-6,-23,4,108,-9.88,17,-6,100,-19.67,-11.23,68,65.17,50.67,11.73
65.41,-11.13,-11.77,-42,44.95,-17.36,-17,50.72,-16,146,-5.3,-45,136,105,21.95,-30,-39,-28,-23,2.84,16.53,115,49.89,18,-8
65,80,21,45,96,14,52,24.57,20.47,-8,81,28.23,118,2,63,-45,-18,-20,-33,116,95,65.87,75,122,13.22
30.5,123,-21.06,-4.53,129,86,-17.23,91,76,124,-3.86,103,-12.06,-6.04,-25,61,69,46.11,-19.82,45.82,51.08,-43,-25,5.84,-14.14
17,-9.61,20,-19,34.3,10.51,54,27,102,40.9,69,60.6,-7.16,90,52,66.99,134,46,-33,-22,81,79,-8.98,133,18.9
140,41,61,50,76,145,12,-18.01,78,-9,116,36.21,1,141,11.57,55.65,116,78,26,31.92,52,106,112,108,-49
126,-11,91,5,98,12,12,145,68,91,57.81,29.24,48,133,11.96,44.13,102,-34,113,-31,12,43,35.38,-4.33,136
54.2,42,-25,60.76,15.64,92,118,70,64,80,8.32,57,-18,-13.79,-41,-44,27.84,122,16.01,64,6.64,38,10.07,51.54,0.53
-8.75,118,125,119,39.97,-33,45.4,33.68,59.67,-13.42,46.15,133,33.7,9,21.91,45.57,72,105,23.81,66.22,24.26,28.43,-26,-21,9
139,-17,40,-24.25,71,28.74,67,-34,-11,8,-32,0,48.65,51.01,-21,135,-44,83,41.8,19.43,120,97,55,40.73,29.32
2,6.19,73.53,44,51,28.13,32.77,25,97,111,114,-49,26.24,-3.57,68.39,19.6,-28,50.47,138,66.05,133,-32,-4,131,-10
59,-18,-12,23.26,5,12,99,132,-5,16.61,59.26,-25,0.67,-6,24.44,123,129,28,-10.57,64,31,4,30,-30,21.21
48,82,45,-17.44,73.85,-44,-43,-47,-23.98,106,59.74,24,-26,129,-46,64.75,27.52,19,-11.11,25.14,31.35,141,136,45.22,-1.01
21.01,-14,57.72,-8.38,119,0.91,-23,107,83,63.77,-4.29,-39,48.29,119,29,22.96,10,-11.44,49.11,-16.09,27.05,-1,24,25.08,112
14,15.69,49,38.92,-42,79,18.26,-20.91,61,88,95,13.21,54,18,87,49,51,50.64,149,-28,80,5,69.46,61,48.58
59.16,81,-5,97,86,21,-30,-7.62,-17,145,-25,-41,-8.74,118,53.65,20,-24,36,34.13,70.59,6,93,51.53,56.95,-41
67.55,91,-3,-34,45.33,-11.74,-38,-16,-22,34,-15.29,-29,20,30.59,102,140,35,46,-21,95,-26,-31,11.47,-13.8,144
117,65,44,-27,87,5,-44,10.31,136,-3.74,36,42,56,37,-26,13,85,110,93,77,-32,114,29,-14.03,40.2
-21.15,28,47,91,-0.63,-26,80,-40,34,-14,-12.5,35,-3,0,-29,90,24.48,48,79,-23.82,71,66,26.99,30,-19.55
44.95,6,-24.62,-1.12,25,87,-11.45,-14.08,12.76,-6,-25,60.77,109,126,1.14,-48,-6.62,0,14,87,0.16,122,-7.77,59,70.73
107,-14,89,12.74,24.36,2,53.59,136,121,-11,66,55,67.26,51,66,43.99,146,-8.26,0,17,-5.26,15,53.06,-1.32,67.76
-45,-47,36,48,78,-32,88,55,17,25,14.21,11,-5,29.79,-37,73.05,47.39,81,7.24,-18,63.22,60,34,36,54
79,132,99,-16.47,22.68,25.21,104,-33,95,-24,110,14.69,97,106,47,-38,40.17,-46,64,27.07,2.74,80,81,44.08,0
51,40.67,2,17,117,17.77,-9.04,74,52,104,50,46.3,24.75,94,127,-2,-16.06,72.99,21.39,17.35,28,-3,-28,-24.43,68.8
59,5.71,36.12,17,-50,-3.87,52.49,-18.41,139,33.84,136,109,-16.53,6.88,67,73.22,55,-22,22.74,-13,138,141,-21.28,11.15,-10
-17.91,-9,19,14,14.1,-49,-38,-3.01,-20.28,113,4,-15,-23.54,7,19.25,25,41.85,36.96,51.01,124,140,20.9,-6.95,126,36
132,70,24.51,18.93,9,70.74,41.06,139,-8,50,-11.76,10,-14.45,43.13,59.92,-4,53.18,17,10.81,23,16.42,24.08,34.08,91,79
65,66.44,37,34,17,28.1,40,19.29,51,-9.06,102,29.71,-11.76,104,51,45.08,65.83,-7.62,67,127,-5,-11.95,68.08,92,104
42.85,44.7,24,2.45,54,-42,94,-16,72.79,140,25,113,136,10.67,7,-9,146,2.48,-38,78,-9.66,98,-21,66,71.37
35.41,4.43,91,63.71,8.19,43,-23.99,46.68,-45,119,-46,35.47,119,-14,89,-29,21,30,7.81,60,-14,58.44,-9,38,54.34
19,-24.37,-10,22.4,59.9,7.83,-1,44.33,3,-17.43,3,-6.86,-14,40.22,-2,87,74,123,71.6,20.28,-20.57,-2.94,106,135,53.97
-3,3.4,82,-21.28,39.33,68.2,-13,-3,129,1.62,66.6,62.1,52,-24.94,98,123,37.39,32.31,111,123,6,-4,29.55,3,114
30.96,-45,26,44.79,-5.3,-44,108,6.71,102,124,48,80,99,103,65.94,54,-42,16.42,48,-41,-11.87,62,11.06,23,115
-30,20.63,-22,45.08,20,67.12,31,26,65,91,66.74,139,80,38.96,131,3.53,18,40.98,67.45,-48,124,-21,120,80,127
5.57,133,-7.52,57.85,5.77,79,57.16,15.32,-2.46,-3,55.69,-14.46,135,30.82,35.73,47.75,-9,37.28,34,32.87,-14.57,-34,79,21.59,35
135,74,54.24,53.22,33.87,61,58,138,18,56,-7,35,-25,142,83,129,44.5,18.17,-20,78,-14,8,128,30,58.72
-0.27,40,25.98,20.7,78,74,21.07,61,22.5,68.98,47,60.42,16,44.87,15.25,104,26.54,-34,-10,-14,-39,7.8,8.36,140,104
133,-41,129,90,66.29,53,-18,101,24.63,33,8.28,43.71,1,-40,49.17,15,51,98,37.5,41.31,9.64,14,59.21,28.46,58.23
4.57,74,44.96,22,41.72,120,124,79,-29,92,20,-47,39.45,-48,26.36,130,-8,131,103,-11.86,65.53,40,1,118,53.35
-41,16.16,10.7,3,45.83,110,34.37,145,37,119,82,116,45,26,131,1,-21.25,8,98,132,59.54,-6.45,118,17.28,123
79,30,22,-10.82,9,104,29.06,49.03,-12,-47,49,110,48.95,-10,101,49.53,69,47.9,10.99,52,-7,19,-20,-3,17.27
73,61.36,43.19,88,75,122,132,-19.54,19.2,14.54,27.7,141,-34,20.07,14,72.48,76,-3,93,-26,28,147,5.01,-7.73,110
74.99,-3.86,12,-7.15,9,41.46,7.54,-34,44.86,53.51,60.64,78,4,18.9,101,-11.6,0.91,66.3,-27,65.88,-12,-36,69.19,65,38
32,4.95,51,116,22.99,13,19.44,-24.43,5.25,-14.46,59,125,28,50,-25,34,38,69,56,84,56,16.97,20,6.67,64
99,-7.56,33.1,74,-36,1.22,-17.74,-14.13,30,28.5,22.17,32,-20,38.51,111,134,5,1,34,94,38.59,86,63.66,9,4
132,14.61,10,88,14.51,72.65,58,84,25,40,44,62.08,-35,13.63,102,126,51.26,63,135,114,133,24,65,-41,109
11.73,108,101,71.26,70,-19.22,18.83,124,76,-21.86,31.15,18.52,-11,102,-6.65,1.73,9.61,-46,-34,58,44,56.89,106,111,66.86
22,-7.96,12,64,-1,-23.21,13.81,6,-19,102,79,-1,67,-46,37.96,147,-23,-16.24,26.69,33.5,48,45.64,67.7,58,10.28
134,13.8,-16.13,32,42.52,59.32,54.95,89,97,3,-4,16.87,84,17.37,99,138,16.54,82,-47,138,124,61,123,1,92
19.66,46.41,12.14,51,79,47,0.99,7,-11.08,72.8,58.94,65.34,2.47,37.36,36.96,37.38,5.96,-9,8.78,33,16,6,-28,24.15,22
-0.22,80,27,18,14.43,13.27,21,141,115,40.39,52.58,-17.53,88,39,-5.35,-11,-20.29,28,73.46,-31,48,-19.56,9.54,77,-17.32
-20.33,130,59.36,-13.86,141,-10.73,-10,147,-6.87,57.52,67,44,-39,57.62,-48,10.52,32.72,-15,3,14,7.76,62.01,19,98,-7
46,41,21,1.53,-50,-39,14,52.48,43.77,56,-20,44.78,117,-12.24,-22.65,56,72.26,26.81,47.87,145,16,82,9,-24,82
77,15.74,-31,29,5.24,-12.24,74,46.36,-14,84,78,51.93,105,-34,44.85,148,-42,-10.56,32.36,41,123,62.14,61,-49,83
9.89,52,-5,93,134,66,50.61,142,-6.4,56,32.7,146,130,113,9.5,147,1.29,115,-27,62.72,-11,-12,37,-9.41,95
14.64,111,50,68,-26,-25,-11.74,-24,102,50.34,26.14,94,74.19,56,61,35.95,86,111,19,-27,136,58,53.83,97,28.47
-17,124,120,114,148,6,87,-25,117,-50,5.04,24,-1,-13.22,49.14,68.41,48,5.33,52.31,108,129,108,-48,129,128
-50,82,9.24,-23.95,42,111,-15.66,36,5.15,94,51.78,-42,121,39.52,0.79,54.41,20.58,94,46,71.91,-4.26,-22.47,61.12,-9.26,1
80,147,70,0.57,-15,79,110,141,40,0,115,-4,60.05,28.99,-2,50,-18,61,145,17,3.96,99,-23.22,45,62.74
69.13,-0.35,72,4.51,69,66.3,132,29.21,49,53.48,17.45,-43,5,-39,21.84,114,16.89,115,21.37,25,-24.43,43,147,12.01,10
6.05,41,-17,18,-3.14,80,-3.68,48.02,74,14,30,67.27,9.4,9,72.47,23.36,-48,37,-13,143,14.86,60.82,-18,86,42.04
8,13.6,-36,126,139,75,90,14,68,65.77,-9,92,12,60.78,133,-10,26,-39,9.23,-14.85,35.9,134,6,53.35,-2
49.8,45,87,46.48,55,60,83,17.91,23.98,-33,105,12,78,4,58.32,-0.76,51,55,84,-43,142,17.38,33.82,35,95
64.05,55.56,65.3,-1.08,8,-27,121,5,135,67,112,144,-33,-41,-39,72.67,67.85,-28,-20.28,49,19.33,51,38,-34,30.9
-49,56.74,-8.88,-18,87,72.24,43.54,10,57.51,40,72,118,-3.14,2,45,45,16.35,-30,43.37,-6.84,-34,118,26.27,54,11.49
-23,111,-19,133,129,88,-11.2,-1.41,-9.29,4.43,6,119,-45,44,8.15,-6.32,-38,126,129,19,69,35.87,41.97,54,50.84
19.74,35,-42,132,53,100,10,14.39,-15,-42,83,68,96,59.3,64.32,73.85,17.59,65.3,-18,53.19,-37,-9,40.39,-7,123
31,75,83,114,6.21,92,-19.03,80,-12,-1,-22,51.58,58.35,-10,100,100,44.48,119,-10.7,-20,7.49,9,132,87,2
65,41,-22,118,39.48,40.43,-1,-41,132,73.78,98,83,148,-19.44,41,56.3,135,134,20,81,53.9,34.32,77,25.42,-36
-36,-17.72,47.79,6,-34,7.03,-1,-45,-20.03,33.3,138,-30,41.17,22.73,13.96,37.11,37,11.4,127,-25,136,78,20,71.86,96
139,66,-29,144,-17.22,-33,54.93,12.27,-23.56,-9,-15.94,125,60,33.38,49.99,65,22.39,143,21.25,113,37.04,-3,70.32,-23.72,145
51.58,-40,97,47.33,-19.43,0.18,62.88,15.95,-28,-9.45,-21.05,131,71.39,51.38,78,25.49,108,25.53,-24.04,5.76,63,45.26,38.81,122,50
-27,-17.74,41,146,144,-17,80,49.86,7.79,16.67,46.87,18.28,51,-43,111,77,75,63.45,-4,68.15,20,9,66.11,-30,-12.95
128,23,-22.6,-1,13,26.21,38.55,29.06,79,128,20.92,52,58,71,44.7,5.79,96,-11.02,13,33,120,71.02,-19.5,48.24,47.08
-23,74,33.83,-43,40,44.14,87,-34,71,30,-11.11,-11,-6,-8.49,42.03,31,23.24,-11.07,79,139,-31,27.95,123,-37,148
-25,23.09,29.37,4,-7,-11.53,10.77,131,39.34,-26,49,27,8,-37,23.77,87,43,74,80,16,43.18,-15,17.57,10,-24.97
0.98,47,-49,3,4.57,66.62,135,56.64,117,128,12.58,2,-4,51,-17.69,65.5,99,-34,111,15,-1.65,34.79,147,56.45,-15
34.81,-4.6,38,5.7,-1.25,31.15,5,142,-11,8.15,-9.71,33,-15,-34,-9.09,121,18.57,105,59,-18.23,119,-19.4,57.21,-7,-9.55
-10.86,-1.24,77,106,36,-27,119,-40,106,125,141,93,64,-21.47,88,40.86,42.45,-3.21,84,38.76,92,119,0.88,59.36,118
-16,109,138,27.03,102,-14.81,32,-43,-39,38,138,64.82,63.26,43,-42,19.84,78,9.36,-8.7,9.99,-0.16,31.37,10.18,14,45
90,39,12.67,54,41.42,3.44,-1.92,-26,105,18,-6,131,71.05,-25,-2.55,-21,36.5,63,34,48.21,-44,70.25,109,129,-17
18.22,64,7,67,-8.87,113,42,-17,47,58,121,40.4,42.29,46.9,88,-9.44,12,38.65,13.61,43,30.74,12.91,19.74,25,131
45,-24.23,30,50.13,-42,137,67.29,62.94,62.13,9,-14,-19,35.1,97,41.35,9.45,5.16,-12.13,145,71.7,69.99,7.63,72,91,62
41.49,-24,26,-6.77,-38,7.01,72,144,105,-9.37,-8.97,-13.7,140,90,57,91,9,43.1,-9,128,42,85,-10.24,16,-4.31
73.03,38.08,24.31,122,-13.57,107,33.78,28.95,20,-33,-24.39,-6.23,-5.73,149,74.41,61,-40,21.3,90,83,140,1.95,24,57.42,23
-22.84,64,32,54.04,-14.71,10.11,-14.6,75,41,41,142,144,41,12.99,-30,11.76,1,2,98,8,-15,47.49,-43,9.55,32.23
127,138,10.84,27,-8.01,77,14.31,-31,64,142,45,10.35,69,100,145,107,76,99,54.19,-13.46,64,43.69,-14,14.66,91
15.49,-19.48,69.29,-2.16,8,51,104,88,49,14.01,51.28,123,10,87,138,-11,9.52,-42,40.23,55,4.2,142,-5,13.85,-35
24.75,95,-14.95,-9.98,52,63,49.32,33.48,-46,60,85,80,128,-1.73,88,56.58,-44,141,12,1.14,43.31,26.88,-2.8,104,-15.6
63.36,122,15,87,64.03,68.38,47.35,-18.82,55.77,84,1,17.56,-27,1,21.59,-27,-21,-8,67.02,19,-25,-24.83,30.6,139,-46
60,25.91,15,87,13,37.06,81,10,4,48,34.14,11,-48,67,-39,27.9,15,128,82,-23,30.29,-5.78,-5.52,-20,18.79
32,-14.41,-32,137,34.85,48.67,40.61,7.58,13,72.34,28.39,90,69.91,-5,106,-19,44.24,12.46,-25,95,40,131,21.3,46.03,55.07
84,26.57,28,17,132,114,76,20.64,-45,63,-19.47,127,33.11,53.11,24.51,66.14,-32,18.86,23,87,68,-10,111,1,-5.54
51,132,40.4,86,87,130,58.44,-10.05,134,6.79,46.6,-5,-22,-20.74,86,149,48.35,126,-43,95,57.48,87,-24,72.12,9.55
41.47,136,65.65,12,-16,-13.12,22,100,11.48,10.31,-7,4,-21,26.52,43,-16.4,-13.05,-35,-36,53,55,-18,63,105,47
-21.16,-7.82,50,91,71.58,-24,-49,-15,43,15.68,64,-23,-9.4,-1.93,104,71.93,-13,26,56,74.37,17.55,-13.27,-23.62,9,23
132,-18,116,20,10.73,44,71.89,91,-9.07,3.46,48,66,-6,-34,-49,18,42.11,128,50,-37,116,25.18,-36,38.11,-20
134,14.37,45.15,-26,68.6,-15.56,79,88,5.34,-40,1.99,17,132,60.86,-4.8,9.57,24,-20.5,34,-31,-13,86,-14,-6.36,16
-44,66.33,55.97,23.41,70.03,4.69,114,144,84,43.51,-23.56,57,32,74.32,10.22,18,66,19,-8.08,8.16,43,51,105,50.51,9
59,6,34.67,23.68,133,56,43.05,90,12.64,110,100,-10.73,79,17.31,37,51,26,-24,29.86,51.16,-2.1,53.23,47.45,1.49,-21.06
3.36,81,-34,97,17.57,65.55,23.13,70.03,58,26.03,105,23,50,70,58.3,122,56.41,72.26,149,46,-9,102,27,51.32,27
138,13.84,6,-15,39,-5,25.64,25,-11,74.38,92,-10.59,6.67,11.64,-26,52.02,4,-26,-11,107,141,-34,95,68.23,1
46.41,14,-16.49,-14,-7.93,84,20.45,17.33,47.28,137,3,68.47,7.63,37.51,59.4,31,55.22,14.32,16,106,14.28,-21,8,20.24,64.08
-44,64,53,-3.19,-19.58,-8,46.04,71,41,-10.78,140,-34,129,113,85,49.88,139,71.21,4,60,93,-14.88,-9.39,129,6.39
5,51.74,-40,-6.59,64,125,59,22,95,64.11,51,-30,88,106,6,59.69,73,27.05,34,31,142,13,37,89,21.12
56.8,-19,31,-49,15,118,-3.25,18,-12,-18.66,56.99,13.34,-5.01,-44,117,20,52,21.42,-36,38,66.09,24.35,80,-4,-18.87
43.5,29,125,-7,-3.57,-4.74,131,49.23,38.14,135,73,-13.57,95,26,0,-4.82,106,-41,74,23.31,49.31,-6.41,-14.04,-37,47.09
-1.24,-8,66,-33,54.76,88,8.37,8,-49,66.91,58.34,78,-49,41.34,102,-43,92,67,102,-28,71,82,-31,-11.81,45.54
129,136,42,54,71,-48,149,38.72,77,-11.53,138,36,-42,96,71.07,-4.71,9,-44,-39,-45,142,72.7,-15,-6.33,1
147,137,3,-14,65,-17.06,50.16,62.24,100,121,-30,62,136,90,-32,5,69,128,28.31,80,-14,-46,58,-3.75,14.34
-11.7,77,37.18,-17.79,-20.5,31.85,16,28,13,56,-24,61.38,-17.34,-6.86,44.59,2.28,58,45.66,-4.29,10.11,-20,115,-13.83,53.21,131
69.16,39.1,79,24.28,101,16.08,21.93,64.11,102,-10.66,95,45,65,89,43.2,-10,46.78,3,-24,-21.89,149,111,-29,32.79,106
49,72.3,47.43,46.77,47.05,127,-25,15.55,34.56,102,30.8,142,131,141,-16,55,106,-15.12,44.93,-25,56.71,8.97,-33,125,128
32.78,25.11,-24.47,-0.19,46.23,18.67,-16.17,-5.1,44.37,66,0,147,59.81,34,6,115,-2.46,22,19,-1.32,144,41,10,115,-42
-32,138,105,20,-38,10.28,123,-4.02,2.5,119,-22,4.16,34.33,9.33,-15.14,-28,-50,45,87,23.21,35,43,7,59.01,24
71.68,109,112,64.3,38.71,113,131,-29,112,69,-18.84,107,29.24,3.96,-28,-13,47.18,-46,-21.46,-28,43,-23.46,68,34.12,36.51
124,23.54,9,-16,29.17,-13.28,116,41.43,92,-8,21,47.83,116,11.68,-9.78,124,-4,97,136,145,-35,-3.92,19,137,61
28.11,120,-11.94,23.17,31,74,-9,73,15.58,46.39,93,-15,65.17,8,90,45,117,12.82,74.62,-35,95,-8,-24,71.33,122
28,74,4.23,-20,3.35,34,130,71,-24.7,-38,31.28,-19,128,-35,73,-1,129,8.7,132,49.47,67,-24,-39,122,-0.02
40.39,38.54,13,-3,-10,54.17,38.32,24,10,106,37,23.84,-39,55.86,-21.67,-44,61,-6,-4.85,-49,24.63,-47,140,36.29,12.81
10.66,-8.28,46,-13.56,-40,99,38,115,21.54,-9.32,97,-0.89,92,39,-44,4.27,85,-25,104,-39,74.18,-16,145,64.65,74.61
-5.17,40,11,57,26.28,-11,5,13.52,16.96,92,-21.66,-14,56,63.75,100,101,51.39,52,13,11,123,48.39,1.84,97,33
-10.11,4.18,122,51.48,-50,33,106,28,55.34,1.13,94,16.52,72.93,57.76,17.05,43,92,2.23,14.43,68.42,-35,-1,82,124,-12
32.5,71,79,95,20.72,66,-16,41.38,28,42.72,-23.51,62.84,133,-12,18.36,18.72,6.9,73,86,36.88,105,61.28,39,80,47.08
1.31,63.59,-11.34,74.39,36.4,7.82,70.4,-49,33,75,37.82,-7.17,37.19,15,57.25,74.12,106,17,132,123,-21.91,34.8,12.61,-21,9.57
35.42,-14,-12,47.6,-4,22.65,74.58,44,-13.23,12.91,-3.06,27.13,-25,128,-23,-11,62,-26,0,112,130,90,119,-20.59,34.32
57,113,61.03,17.09,-50,112,33.23,59,29,17,1,14,88,82,-47,119,9,-37,47.14,59,-0.66,0.55,144,12.3,27
12.7,31,28.84,-6.53,60.92,12.2,63.21,-13.29,109,110,-12,53,71.56,-5.32,25.16,25.63,145,112,15,134,-26,29,-38,54.51,78
14,-10,89,73.02,-7,-8,39,60,15.47,-26,-6.17,23.77,-2.11,22,142,53,-23,-14.7,-22.52,54.9,35.08,40.84,35,-4.62,22
-32,16,86,6.37,-6,61,0.73,39.29,2,-5,-20.45,106,-21,-37,-2.43,34.52,94,129,3,-9.86,138,24,-3,23,-8.88
-9,-36,34,46.67,-3.95,93,41.79,-44,-47,6.24,62.76,-26,-23.49,-3,107,26.24,21.15,29,92,4.58,1,7,-13.91,13.29,126
-48,-24,52,128,-22.84,61.23,50.64,-5,9.83,51,7,-44,63.5,55.26,-7,113,17.47,10.38,-2,57.52,-31,80,-10,53.09,23.03
-17,69.11,55.37,112,-37,31.99,125,44.56,106,74.53,79,29.58,16.56,58.09,57.1,73,36.56,71,72.29,127,25,125,-16,98,92
83,49,40.5,105,68.55,73,66.92,33.34,29,-19,-3.18,70,49.66,29.58,18,45,21.82,59.34,28.37,-32,61.18,24.03,-11,-50,44
-5.02,67.41,8.39,4.95,121,28,60.74,110,20,26.06,44.62,-22,48,30.64,-32,55.94,28.57,144,-45,-24,34,7,-46,-38,46
71,134,-7,144,-12.05,-49,34.3,48,82,60.38,-11.19,-6.92,27.5,-41,71.85,31.1,40.31,44.58,35,114,-23.14,96,18,43.12,53.63
-16,68,25.79,35.32,67.28,21.88,42.15,19,63.01,47,49.63,72.84,113,24.69,-7,68,115,62,9.78,36,-3.46,28,25.73,56.35,-13
-5.62,42.1,-30,86,133,82,82,-7.13,77,49.47,-24,-24,44,36,39.92,11,63.12,55,140,-25,35,27.1,38.02,84,-0.37
-10.4,137,-34,99,62.51,-15.47,-9.98,110,16,67.48,19,23,66.48,20.6,95,81,-32,34.05,-29,107,48.26,50.45,-20.86,95,146
-49,6,78,118,-24,27,40.12,-2,123,25.83,107,35.57,-5.88,20,-23.87,96,58.85,57.96,33.42,-15.88,82,53.98,-0.96,89,36.01
147,52.76,74,-47,-23,117,74,21.81,103,68,52.5,6,104,95,68,-20,41.72,66,47,32.63,-48,-14.4,-19.82,-15,67
-3.53,44.99,67,6.39,18,141,18.64,58.6,-1,146,-36,-49,-16.11,22.33,43,-5.54,46.84,34,48.18,-16,-17.01,-24,132,47.21,53
24,-14.43,-29,88,58,8.21,-19.1,65,22,25.08,47.07,20,97,1,-14,22,39,0,-9.31,14,67,8.67,0.64,33,2
49,80,40.75,70,52,-24.93,-12,107,8.89,46.66,23,6.07,7,99,-20.02,-48,18.21,23,71,-5.78,6.49,21.13,27.87,16.27,70.4
-10.42,-36,-21.08,29.04,36.53,21,29,112,91,35.63,70,136,100,146,-18.51,71,37.21,56,126,-48,13.49,129,-9.75,126,1.22
-28,126,74.95,3.53,72.87,-20,2,98,7.69,149,109,-24.01,-14,88,-12,-0.29,17.58,33,114,63.97,145,20.48,51,2.35,81
-35,-13,72.25,33.02,-11.1,28,126,118,8.42,32,30.68,-5.69,-17,40,126,20.69,18,109,22,95,48.72,63,116,15,118
-43,31.72,-22,130,4,-18.72,84,8,36.97,24,-10,-39,109,-32,11,-22.65,-4,45,146,82,-23,57,46.9,55.92,105
92,61.71,66,24,69,111,61.98,33,23.89,41,-11.8,32,55.87,39.87,97,-42,96,131,7.46,-7,47.07,131,54.52,39,58.83
6,-17.23,0,43,46,-2,35,-20.14,-6.1,-30,112,19.15,123,140,-2.95,113,60,57,-21.07,53.13,40,116,6,54.27,146
44,-50,-43,-1.63,82,59.28,121,-26,59,137,52.09,42.48,72,96,48,-22.7,52,25.41,104,24.08,99,-21.42,-18.76,136,14
36,22.94,43.95,45.55,-2.15,-19.3,24,45.27,17,26.15,149,0.67,99,12.23,39.29,50.52,133,102,103,59.44,9,67.42,95,19.79,62
70.89,38.75,43.22,67.9,-9.64,98,5,-26,39.99,108,83,93,24.08,60.88,92,5.74,54.26,-1.96,2,13,83,-5.48,4,109,62.31
-9,16,-2.32,-1,-31,138,64,61.25,-31,20.25,20,29,13,-22.99,107,52.49,55.36,44,110,17.82,57,41.18,-6.63,-39,116
33,-49,130,81,101,22,60.92,139,89,31,55.22,13,13.31,-32,17.81,33.52,51,110,78,70.83,67,-8,35,-15.89,58
20,73,55,-16,31,-9,36,2.97,52.59,79,-11.36,-11.97,73,-1,-15.69,18.42,-28,-30,-39,63.74,28,-37,53,144,43.84
77,20,26,-0.54,91,75,-20,107,51.41,-18,76,16,2,27,115,25.88,59,68.14,74.99,49.51,36.77,-8,16.7,105,-8.43
39,-24.22,-10.31,52,1,103,-25,44.68,53.46,-23.29,28,58.25,111,112,11,41,128,23.13,92,46,8.24,57.85,-16.55,42.71,6.3
60.86,8.91,-0.06,142,4.76,129,35.93,134,71.64,130,-32,-6,118,41.31,-8,32.09,7.37,53.36,79,-31,50,134,59,27.41,70.85
66.09,19.2,35,-1.92,-11.76,116,111,29,134,28.6,24.81,-36,31.17,54.11,135,133,149,147,40,-23.47,66.52,135,53,-6.49,134
9.27,-16,13,-38,27,-12.21,29,75,84,0.96,69.37,19,7,-13,54.84,19,117,60,15.5,116,55,95,5,11,32
-18.79,60,-28,118,14,-13.99,59.86,-32,74,122,-4.66,113,78,19.85,105,16,2.75,78,6.19,139,-18,-48,148,119,-24
-34,37,-19.07,28,8.79,36.98,45.86,85,-0.78,66.91,54,20.34,52.73,33,146,130,90,-4,-7,42.61,-39,135,12.58,-11,-43
73.35,-42,148,42.25,-17.73,61.21,7.69,127,-30,60,12.29,9.5,-0.55,-46,75,64.23,52.33,10,51,102,95,105,-35,74,50
-13.05,60.97,113,11,34.08,57,-8,77,121,112,11,39.55,46.78,141,2.24,81,-19,27.74,40.75,-16.65,74,46,101,137,-32
59.42,-5.55,68,-24.54,31,2.41,-42,47.09,-0.78,13.78,82,-15,-5.35,142,-35,42,47.01,16,36,46.84,102,49.79,-14,67.5,54.59
142,8,-42,-7.35,32.3,115,93,55.5,-15.65,-7.41,-18.36,22.44,-40,125,149,76,-19,-46,24.65,13.89,17.85,108,61.21,95,-12.87
59,8,49.06,34.06,32,50,68,109,111,142,9.98,141,63.21,-18.62,-35,63.08,32,25.88,20.93,8,-2.84,32.98,8,-23,45
51.39,-26,-2.8,146,19,36.54,36.77,131,50,-27,64,-15.98,-6,16.97,-36,-40,65,-1.28,5.22,115,8.73,68.06,3,121,63.71
63.89,55,127,3.56,98,-24.27,-43,-20,-13,7.63,89,103,136,58.93,44,120,62.84,-11,87,45,130,18.93,36,107,131
43,6,-50,-10.42,-1.48,-8.48,-9.44,62.52,22.57,29.63,-28,9,32.88,-20.22,70,50.66,91,31.35,22,143,-16.86,26.9,142,-17,-32
18.33,51.21,-40,-37,31,67,36,123,18,-24.7,17.79,53,92,70.96,10.81,-32,109,145,8,-9,24.17,-13,148,-19,-27
7,104,123,14,-5.08,147,137,60.6,25,20.18,75,149,8,-15.25,-37,69,80,-12,71,-36,47.63,75,69,-38,17
50.15,7,138,-12.33,26.14,73.14,72.9,23,72,12,147,122,115,135,134,-42,6.76,16.15,24,35,-40,131,-37,67.84,43
11,139,87,48,134,134,38,33.6,13,33.31,29.21,16.53,-11.87,1.07,35.77,42,41,-2.41,77,-50,106,98,108,94,44.01
26.63,-8.99,78,49.31,36,34,126,57.56,-21,-21,-24,149,23.68,38.29,9.52,98,6.12,140,-27,82,37,9.96,-14.42,7,38
17,42.52,-16.32,109,18.22,29.98,-12.45,-10,-1.43,67,-17,38.47,5.5,109,-10.02,108,3,-12,43,77,85,-2,65.04,47.78,67
139,137,7.86,48.76,54,1,13,-12.26,29.4,36.3,12,45.65,-18,-1.75,71.93,-18,135,129,63.26,-21,75,50,12,85,7.47
82,51,31,139,38.35,-16,80,118,38,-7,22.66,110,121,54,45,-8.7,21.15,-2.63,-22,9,-50,40.93,39,13,0
-8,58,60.48,-24.76,-34,49.34,43.26,25.27,73.04,144,71.75,15,62,68.44,120,144,47.67,72,119,-39,51.58,-17.35,-45,59,-21
22,-28,-18.74,-40,39,119,-35,21,48.4,52,-14,34.09,-47,127,26,-4,121,24.96,-22.17,-6.49,-7.08,29.49,-7.94,18,75
44.23,13.29,-18.09,-17.96,7.56,59,-9,-13.97,-25,8,-46,66.86,71.92,110,51.33,-4.95,112,49.54,41.93,22.85,138,119,-7,-16.82,3.13
-7.27,-18.51,3.65,-32,70,-16.7,-26,8,49.66,-42,-11.53,8,69,46,92,85,-20,-3,50.17,40.62,45.69,118,138,-16.09,82
147,-23,73,63,65,88,64.98,80,-33,134,38.14,63,-20.86,100,-9.89,83,3,74,145,68.79,-14.4,113,16,-14,-5
-31,-50,135,41.4,107,13.24,87,67,44.12,89,-12.37,78,-3,-22.8,46.82,20.31,61.66,7.6,42,57.96,127,-11.46,-26,29.06,127
5.74,75,35,-9.15,133,119,-2,-40,31.55,134,0.2,104,47.36,79,52,92,44.59,57.15,60.31,86,54.83,-15.45,4,46.93,-21
-8.5,-35,71.01,-27,-19,46,-43,54.72,31.45,56,39.15,19.05,34,-16,14.96,27.9,58,104,115,5,-17,-7.88,27.68,-20,-5
35.87,132,18.21,57,-12,-28,136,83,-16.07,-20.01,31,65.04,84,119,120,42,94,-21.19,54.73,106,-10.66,-44,35,67,125
18,29.92,141,24.37,29,-46,66,111,39,-48,99,73.1,16.18,58,65,97,-27,17.68,73,141,49,-13,11,15,144
19.99,41,5,-28,148,22,21.36,145,-12.95,69.99,74.81,45.07,21,107,134,0,37.7,-38,-25,101,-20.45,-36,64,111,66
-20.5,37.67,1,18,-18.25,-21,141,-24,71.78,15.42,104,-43,97,1,118,39,27,128,49,69.1,4.56,-35,41,41,25
25.11,73,17.63,46,-49,-2,-46,32,31.68,23.55,41,71.92,47.3,14,74,49.99,-22.11,-48,87,49.71,15.54,-23.43,8,-3,79
70.89,24.76,74.4,-20.43,-6.57,42.29,96,101,58.42,62,52,33.28,50.1,78,99,78,54,31.28,39.64,-9,82,-13,37,-5.33,111
109,58,-43,4.68,138,-26,-8.04,14.6,34.72,18.64,-9.43,142,41,69,-8.48,-19.87,9.41,121,57,-5,134,37.12,54.37,-38,-28
73,8,-10,60.74,71.49,77,-46,38.72,-49,103,38,29,140,64,-2.35,16,125,-11.17,137,147,12.14,-40,101,0,11
122,-7,-10.34,61.36,127,8.41,61,52.98,66.77,37,23.43,123,120,55.11,-21.14,53.35,149,117,26,54.3,-13.47,6,125,17,127
69,71.81,33.56,19,134,2.13,-36,85,-24.37,64.5,43,-16.09,56.14,-4.57,-42,0.13,44.98,142,67,-12.35,56,91,26,125,147
42,-8.97,-16.25,-18.28,64,118,-11,-14.67,74,-16,59,97,-12,55.86,-24.18,-17,51.76,55.52,32.95,-16,25.58,33,-14.43,34.59,0.15
-2.81,32.31,42.17,47.85,24,-20,61.15,-9.95,71.98,82,45.03,3,-33,52,56.96,98,-18,60.85,77,26.82,62.05,-9.24,-14.9,111,19.63
108,21.04,69.98,61.94,21.72,44.01,-23.89,-22.3,122,67,16.45,0,21.98,126,109,101,9,97,15,72,108,22,46,-34,74.09
52,27.93,-11.61,100,-8.8,45,91,43,25.54,66.75,39.05,-13.83,-49,123,32.16,7.85,105,47,-43,-16.43,-7.14,131,-4,16.69,-2.41
34.28,-4,78,131,103,33.37,38.43,131,-24,33.87,6.4,60,-8.35,-1,73.94,18.99,39,-14,74,22,-36,51.81,147,-22,35.88
45,105,56,74.36,116,41.66,-6.99,-6.56,-15.17,57.72,85,75,65.11,-28,76,68,57,45,-18.43,20,45.13,-44,67.15,72.76,31.12
46.74,25.69,33,63.7,23.08,128,-26,8,74.97,0,21.4,-14.32,45,-35,24.16,10.53,22.23,55.7,78,44.69,71,-19.58,48.6,77,60
48,25,68,-33,145,-6,45.33,113,112,130,32,56.65,146,-27,-20,12,21,63.7,140,25.55,-20.66,34,-3,105,82
145,-9.29,-8,-4.13,59.07,8,62.91,2,-21.55,24,39.71,50,-1.1,101,14.89,12.42,58,70,55,22.54,-41,24,112,1,126
-9,54,4,81,-19.53,116,148,114,99,54,12,3.06,51.95,-41,66.65,-4.33,5,-14.28,93,-6,149,46.34,27.21,54.16,45
60,8.42,-17.85,0,-13,122,-6,32,54.77,-2.44,4,17.39,47,-35,49,-22,137,60.02,-4,-19.92,79,-10.83,127,26.52,35.9
125,73.39,40,12,-3.79,74,-22.42,50,-20,46.82,-36,-25,32.73,135,1.19,-7,82,72.68,-7.07,74.06,-11,92,-45,12.81,-10
116,6,49.61,-3.37,73,7,-17,23,31,56,22.34,63,-15.44,52.59,-10,10.65,-23.59,48,-11.99,60.1,16,10,-17,55.74,90
89,36,44.59,145,70,-21,20,8,-2,-8.98,-49,-8,50.22,98,44.38,29,66.9,-4,60.74,110,-26,-50,7,-14.46,96
130,55,50.21,56,76,72.55,42,35,21.66,-8,39,46,35.35,7.3,-3.04,74,61.58,97,84,-19,8.41,32,31.36,22,27.39
-2,-18.45,111,28,55,123,92,-28,42.09,25.87,37,77,105,68.21,80,-11,43.22,47.09,10.35,-19,-16.46,74.67,-24.86,53.34,105
54.57,49,32,32,66.65,54.38,51,-23,37,-17.02,18,21.95,7.2,133,52.46,-0.44,125,97,119,142,94,72.24,109,-15.68,129
-7.75,39,112,51,21,-9.72,-20,98,6.71,34.27,104,145,-26,92,62.42,132,47,89,24,9.06,-48,0,15,5.71,49.8
143,49.49,13,12,127,16.54,64.2,-3,-37,20.59,136,74,69,26,98,-3.38,48,120,9.91,115,139,36,58.51,86,141
16,33.62,121,134,21.17,144,38.47,123,149,102,64,-38,29,19,90,119,-33,40.44,57.84,110,47.3,100,-46,60.37,32.45
9.56,-10.16,-22.35,19.65,33,66,106,-27,30.89,59,35.49,18.33,13,-4.71,-38,15,32.43,74,38,104,-14.86,20.32,20.79,-49,38.53
145,46.62,81,83,19,-49,39.45,47.99,69.68,139,56.16,-44,130,14.14,138,42.58,16,-8,50,18,3,112,134,33.31,14
-3,49,43,33,38,18,67.17,-35,-50,17.34,-26,-0.83,92,-20.09,60.37,61.9,25,-14.54,8.39,127,-34,21.22,11.86,20,25.47
5,-5.99,9,-24.52,8.48,20.51,113,5.77,134,118,69.69,-18.06,90,-9.37,21.59,-10.29,144,29,8,110,0.47,63.9,-47,44.05,-45
89,-18,136,-23,4,104,69.1,-46,83,120,-3,73,14.73,96,-6,82,106,36,57,43.35,56.48,32.36,110,-24.02,-35
24,64,31,142,-19.25,-9.55,141,-14.82,115,60,-1.38,68,148,12,63,15.88,65,138,137,147,-42,-16.51,-48,142,-25
-18.26,-23,7,121,60.01,34.16,100,13.07,-41,134,48,111,54.8,16.42,70.94,-29,-15.28,-25,52,-5.88,27,-4.5,-28,116,42.66
-0.18,91,90,-20,-40,-32,-4.97,45,96,-33,136,114,26.4,63,34.73,45,40.55,72,25.66,132,3.79,-41,80,71.63,39.18
-49,8,89,18.41,-45,37.28,-5.73,70.73,13.47,-8.87,-15.53,67,84,141,68,4.78,68,15.29,-16.57,28.74,92,148,-49,122,74
66.42,55.1,47.29,62,-18.94,32,-18,-0.74,-8.35,3.94,0.85,149,80,-12.1,63,17.62,-22,104,16.44,17.24,72.81,-17,15.74,-40,67.55
-20,45,92,-2,9,89,36.46,139,58,142,104,-15.63,56,3,25,94,101,149,82,-10.88,9.11,20.31,45,24.53,18
-32,67.03,-6.69,73.93,-10.09,-7.3,73,15,-20,92,61.77,109,6.45,31.43,-4,69.34,93,124,20.34,-16,44,24.3,7.58,47,-49
49,-12.04,-16,63,19.25,-12.68,115,28.77,52.49,97,21.87,120,95,4.11,6,35.49,-9,-28,20.15,-13,-44,8.81,12.29,109,60.96
-29,80,74,10.77,33,84,55,104,16,60.31,39.82,123,-10,22,95,93,-24.63,53.25,-4.32,58.43,9,74.58,15,-22.09,127
21.14,28.75,-41,45,68.93,-6.19,44.33,92,54.83,-16,7.98,30.48,-21.36,93,-19,2.42,70.62,-47,73.22,87,26.92,54.78,136,111,-46
38,62,112,28.58,131,3.08,51,117,108,-49,129,55.31,-30,31,-19.46,4.87,-14.2,61,-36,116,-27,8.45,-31,-1.73,129
-2.18,104,141,145,11.08,105,125,40,124,20,-3,108,-12.83,21.76,-7.88,-17.73,-31,70.67,-19,138,62,-42,13,122,2.62
68,68,20.21,141,17.79,44,28,67,-12,89,50,5.98,45.55,39.05,35,-13.69,62,138,68,-7.69,-14,4.83,1.42,99,-25
6.64,67,93,7,114,22.99,54.6,-10.66,-47,149,-2.42,44,87,29,56.87,5.71,62.96,2,42,140,11.03,26,55.84,56,92
42.63,-0.36,-33,66.23,-10,63,-1,71,31,16.91,-9.74,37.46,42.76,59,104,15,33,128,-9,-25,-24,101,86,149,-19.45
4,128,43,2.27,-12.56,56.73,19.82,50,82,40.81,95,29.04,-1.72,125,3.78,93,108,35.9,67.82,97,68.23,137,143,-50,146
6.48,6.06,59,7,10.85,33.55,64,25,141,72,56.95,-2,-40,114,-5.67,50.05,72,75,50.06,-9.89,34,121,15.71,-13.89,75
58.43,-26,-48,135,68.41,65,49.41,47,59.25,-41,-38,28.12,-7.6,-17.56,17,24,-50,42.67,33.92,19,78,46,118,16.49,4
44.1,18.81,-21,30,7.98,-11.7,50,56.73,45.52,-11,110,70.7,75,-29,35.33,64,14,-4.46,40.13,-45,70.77,-15,-31,-41,30.6
39.43,-14,-12.91,-11.19,73,77,60.11,70,-15,7,-44,140,-7,-11.2,-46,-7,-21.8,-49,4.84,121,4,11.17,11,-1,65
67,13.76,51,-22,60.53,53.77,-39,73.04,29,-43,55.81,66.77,30.61,-17.29,-9,47.63,35,-8.27,18.38,-4,-38,-32,62,69.29,-12.21
30.95,-24.7,-17.69,-12,42.32,28,99,113,45.59,68.23,14.61,-15,17.17,146,-8.69,-8.63,54,-13.48,-16.16,-7.13,-19.36,-10.82,65.58,56,5
44.62,55,52.87,-20,3,14.1,29.73,31.57,2.53,64,61.55,-42,-10.43,62,103,-20.86,9.25,-39,-50,123,-0.97,109,41.38,74,4.5
-24.32,13,137,-14.62,66.96,45,-3.99,-36,99,94,17.85,71.46,66.91,76,140,67.71,-13.01,41,-12,80,81,74,-18,76,47
69,39.15,0.64,67.94,53,2.85,22,104,-10,41,-18,2,27,0.61,19,54,71.31,32.92,4,70.45,5.22,-18.76,124,55.22,68
133,-8.04,6.66,-20.23,60.57,48,-5.38,144,29.66,32.85,22.23,-23.4,-19.05,-1.19,-10.98,16.69,55,141,39,8.03,83,38.57,27.08,-2.21,120
66,146,134,-22.04,-22.65,20.61,-48,-25,-8.9,79,91,-48,32,143,-8,-45,26.66,98,31,-50,-3,-21,21,35.59,72.46
123,-33,6.4,-41,10,35,5,44.65,56,21.52,-6.51,34.27,10.02,-22.68,73,-1,-2.95,113,51,67,84,-16,95,-26,51
4.59,41,110,-12.49,9,16.75,117,-48,-42,53,8.15,27.97,71.96,54.95,145,128,20.27,36,-1,127,16.57,49,-8,-31,39.67
-17.59,104,4,-48,140,62.23,-5.13,-4.61,32,-41,-32,7.88,2.37,121,20,8.23,35,-17.54,19.04,-6,-46,-22.34,66,119,21
26.41,56.14,51.95,124,71,70.22,73.46,12.68,53,1.45,-18.73,23.54,-48,20,71.32,-15,-6.78,9,123,50.9,35,73,97,39.5,-26
106,94,13.1,24.69,48.28,75,144,48,123,66,73.42,-46,74,25,-2,-13.26,74.06,-13.16,-47,17,62,42,112,85,-21
3,3,5.26,76,36.39,11,-19.43,46.04,-50,71.91,1.35,61,-6,6.44,58.02,127,31.37,134,74,16.79,39,138,-19.37,15,37.61
38.24,132,102,-28,66,-20,114,-36,-44,111,130,50.69,0.42,103,-21.61,5,-13,146,115,40.15,-10.53,135,66,69,-4
147,67,19.33,105,69.08,47.37,2.42,70,65,-34,73,94,58,34.4,-14.43,2,-10,145,76,3,15.87,-5.25,72.17,57.14,145
96,145,19,125,98,40.98,57.15,5,2.81,24,86,-11.87,73.48,60.23,118,60,-13.26,102,15,21.32,-3,81,-19.31,67.45,107
-50,84,-42,134,71.13,24.68,27,93,144,39.51,11,-18,101,-9.28,65,49,101,-3,-33,-14.13,0.41,-24,-35,2,12.53
15.41,64,35.54,8.69,-18.83,-45,-4,50,16,62.09,87,56.52,-32,63.14,-6,73.79,110,13.66,-20.17,147,62,-0.07,136,-14,60
47,-13.22,16.9,-14,12.84,14.25,-1,-0.09,50,67.31,-36,134,28.15,121,7.05,108,33,32,91,30.39,-23,105,59.77,45,95
-20.04,39,28,144,-7.43,38.61,4.64,-30,-0.28,24,107,120,63.12,22.71,8,141,66,119,0.48,108,-46,10.15,60.47,-50,55.33
-19.22,9,-18,131,104,57.41,68.63,-22.59,50,66,-24.47,69,5,-8,60.29,115,43,78,112,-10.7,-21.23,31,106,27.42,-3.41
49.18,36,46,24,45.3,32.06,-29,34.16,55,55.62,51.76,52.23,-8.81,65,34,-15.49,79,106,5,56.56,15,50.02,70.5,6.83,17.86
7.74,79,55,-18,59.86,11,109,-43,-6,134,36.64,-21,8.87,137,74,66.95,12.06,8,72.89,-10,-11.16,-13.63,58.46,19.89,101
36.26,27,-33,-22,69.62,-22.36,74,74.55,35.25,3,79,92,129,129,-50,-20.98,79,-5,38,111,44,33.93,-19,112,146
76,105,8.55,42,80,23,30.81,113,-32,14.47,77,54,90,-17,43,67.33,70.09,139,2.05,62,16,-20.64,-45,106,64.41
8.95,-33,142,127,-15,-0.52,72,76,54.17,-0.78,1.09,60,-9.83,-38,-5.86,54.6,118,12,-14.04,-22.12,-7.86,25,71,8,120
6.93,49.19,98,23,44,110,147,3,59,20,-8.87,4.47,16.42,40,23,43,-32,-20,25,43.63,40.15,48,92,99,-25
-2.85,89,129,139,46.33,17.45,74.76,-50,88,12.13,91,71.99,134,21.59,27.02,-35,84,-49,57,55.14,-4.38,53.13,20.34,142,89
11.18,-4,67.73,-6.19,2.83,-7.1,73,-8,47.85,12,143,88,-5.41,115,135,118,86,-13.91,58,-1.03,31.55,16.03,23.66,123,32.39
-20,-18.23,39.95,0,1.77,112,-15,133,50,11.68,-26,-10,-36,86,104,24,13.09,-16,43.54,60.29,11.75,134,34.67,32,39.87
47.83,-10,99,102,-8,62.06,17.93,56.91,84,58.57,53,70,59.87,79,-17.06,146,-13.13,-2.47,77,74.06,-44,47.63,80,72,-21.06
76,40.17,92,51.95,24.64,92,117,1,25.24,63,3.16,107,24,59,43,33.69,75,45,46.37,36.04,48.13,132,56.39,-45,-22
62,54.88,15.72,4,78,-18,48.74,33,142,110,44,8,76,139,-5.85,-13.53,4.18,65,-46,19.76,-50,60.66,46,45,90
-8.94,-11.02,27.49,54.41,15.07,-42,78,-3.84,6.55,5,1.87,13.85,92,-43,80,67,24,51.33,47,5.13,14.21,-31,87,-45,82
-39,125,110,-7.64,63.47,30.95,40,68,-15.46,-20.4,-20,-44,52,58,26,37.73,-46,110,10.32,-11.59,-45,4,35.87,115,8.13
-32,-29,40,70,-12.45,121,74.75,-21,0,-9.2,66.1,-37,-48,86,119,88,-13.23,26,-49,-34,5,20.44,18.14,35.18,127
72.14,14,20.26,43.88,20,-9.77,5,90,4.41,55.48,-23.87,-18,8,52.11,-16,76,18.82,-1,-28,-10,49,113,25.24,-1,-1.49
-6.26,-10.75,144,-32,-48,4.28,45,18.45,66.77,14,-50,75,16,38.38,119,-13,83,46,47.56,28.39,81,26,51.78,-7.41,16.75
-33,36.5,116,43.65,9,138,18.18,32,-1,69,131,-48,-10.79,-43,-5,66,-6,63,78,0.61,7,-8.18,-4.31,1.63,24.77
35,-20.16,134,80,106,-7.2,25.31,-4.13,4.38,4,-9,-30,142,109,69.37,-44,41.4,28.26,67.14,-3.32,10.06,-38,60,70.27,87
-11.03,135,35,-22,-25,27,63.31,94,7.43,77,72,44.96,49.52,-12,107,78,-19,-8.14,70.87,61,100,128,44.59,70,128
6.68,87,56,2,9,115,148,61,5,-5.5,88,7.54,23,53.43,140,62.22,31,143,102,10,-37,87,54.41,31,12.03
109,-11,-12.23,-1.77,19,16.72,-18.55,51,63,15.33,27.2,60,29.36,-18,35,-45,41.12,3.86,57,6.06,101,54.33,27.34,9.7,68
82,66,148,75,-20.99,131,116,129,83,12,43,65.48,99,36.38,40.19,60,36,128,-21.7,53.5,-20,114,17.95,-18.62,71.49
24.16,-50,38,141,128,42,2,-13.72,71.42,68.98,-23,3.3,19,49.52,95,32,35,30,113,-30,53,-41,129,47.78,3.44
2,114,-22.96,50,115,66,-36,144,9,22,24,-12.62,41.91,84,24.28,-21.47,-47,9.15,55,67.81,90,-26,36.91,23.07,23.09
61,65.69,-1.69,52.53,44.43,107,-12,-44,140,12,117,6.11,68.09,-31,148,-10.34,46,53.38,17.39,92,5,52.45,-20.46,-13,87
121,16,-37,80,127,129,34,59.17,65,44,-23.89,-16.49,125,48.94,46,47.49,107,71,47,117,44.5,32,8,40,21
-22.46,141,66,108,64.66,135,115,20.7,-45,61,-9.42,70.46,51.24,12.03,74.18,-44,57.34,48.33,-44,-15.3,16.21,18.38,21,79,129
83,71.34,-46,51.05,49,-10.05,118,144,9.21,119,29,32,-19.13,21,65.61,52.85,78,43,-42,74.84,97,-10.78,19,84,146
50.24,118,108,61.62,-40,50,51.81,-34,31,-43,-14.56,99,14.73,8.67,-8,9.3,139,144,40,51,54,74,-43,-5.23,33
38.73,1,-28,-2.23,91,4.85,-45,54.37,7.59,19.7,-3,-24.1,66.82,42.41,41.13,17.03,42,42,-15,57,112,2.12,38.26,-20.39,46.08
0,-33,68.69,-29,103,-19,-3.47,70,29.64,22,66,-48,-26,45.78,61,-4.24,0.9,-14.68,117,46.17,25,23,118,63.68,-16.64
98,55.04,-24.87,-21,-18.43,-16.75,41,116,14,8,19,0,46,43,49.31,1.42,12.31,70,37.34,12.96,47,29,-20.36,10,113
2.78,43.19,100,47.78,26,-6.08,68.35,59,45,-20.89,-6.65,98,12.48,7.95,140,-22,-47,58,25,54.15,12,-19,1.63,-5.89,13.45
143,34.11,3.82,18.21,23,44,59.26,128,102,2.75,31.22,42.67,61,-24.75,33,-37,64.03,45.28,29.26,-16.99,135,121,26.63,-36,23
138,-9.49,25,55.35,-36,-18.67,52.7,112,35,49.83,56,-2.58,122,130,44.13,41.36,-50,28.46,61.73,-12,-10.42,-47,134,69.21,15.15
9.08,54,-24.63,67.18,105,45,-10.36,-32,11,110,46.27,18.07,-21.07,66.25,72,19.25,57.96,93,97,35.68,-3.19,98,13,-24.31,19
31.06,25,-14,-21.9,146,-0.33,-6,67,112,-23,21.82,21.22,122,-43,70,123,82,36,62,35.24,125,133,129,-0.42,10.13
64,46.57,-4.97,15.39,-18.08,-15.29,-20.16,-24.77,-50,16,13.54,31,-42,119,93,56.3,-38,146,37,104,69,-28,21.71,-20,69.49
17.39,19.08,110,128,98,39.5,32,-50,54.1,-35,-46,53,41.94,-3,-14.5,110,8,49.46,40.71,-18.59,55.13,0,56,70,112
22.55,22,46,47.73,132,-2,44.79,69.07,58,52.26,54.01,10,13.83,-10,15,104,7,-19.58,-7,-3.07,-31,-7.49,-25,33,42
70,108,22,93,-1.41,42.19,-0.62,-20,51,49.49,-13,-19,-28,148,83,0.98,-16.29,58,24,34,41.54,74.05,-40,96,45
19.34,-23,31.64,73,105,138,130,-9,-8,-10.8,43,25.53,139,-4.56,-0.38,74,9.04,0.16,-13.83,147,31.8,76,36,129,-1.91
-21,113,-49,-12,31.76,25.12,-5.11,-18.37,11,52.84,-6.82,45.5,147,-16,41,12.01,33,64.7,51.64,90,-1.39,124,-10,-50,-18.91
-43,3.16,28.73,104,48,73.33,41,34.77,68,109,120,31.72,96,72.32,135,61.36,11.82,112,66.29,-17.64,42,42,-12,57,130
142,125,8,65.53,26,37.92,110,42.32,100,2,64,11,60.51,85,-8.54,-23.03,1.38,86,56.45,56.86,36.02,60.53,91,20.38,48
68,54.3,117,30,59,46.42,80,-16.7,61.96,-1.26,9.79,28.43,-21,-39,48.97,-11,-2.81,44,85,144,53,128,-24.37,-11,-37
-14.48,25,60,42,148,55.36,99,27,48.86,102,50.9,120,124,9.89,52,74.33,60.23,-22,51.61,27.68,91,40.37,-8.07,6.77,-7.25
76,41,139,80,68.11,-20,64,122,-50,49,43,84,69,21.19,47,62.84,146,120,128,149,120,91,143,29.68,48
132,-10,124,-13.24,-23.39,45.53,56,108,7.16,-21,-6,43,23,-6.91,75,51,73.38,19.82,-12,31.69,21.34,63.82,43,114,-39
51,64.73,1.27,-19,3,-29,4,117,72,23.47,61,-23.39,32,109,33.09,24.54,65.02,92,30.79,127,113,79,36.28,-19,94
47,32,32.8,22.95,-33,18,71.59,-34,45.41,53.95,-12,74.7,59,92,43.23,111,70.35,29,44.09,94,63,54,-38,128,17
119,26,77,30.83,-36,-14.71,-13,-50,119,63.88,79,70,36.07,29,73.66,8.22,84,18,17,-20.48,0,47.96,1,-1,65
19,97,-14,-30,64,75,74.85,82,84,72,1,57.02,-9,66,-42,113,51.35,128,-3,119,68.21,26.11,111,-15.2,47.95
79,130,19.39,56,-26,48,4.34,22,6.43,100,-9.51,-42,-41,149,-27,-5,29,29.85,-6.37,-3,105,25,-12.22,61.23,19
134,90,77,38.52,136,5,22.73,-19.37,46,9.99,61.74,81,25.76,42.72,65,8,128,-37,46,122,35.24,92,15.07,30.94,53
48,35,142,-27,50.16,43.42,32.26,-30,76,43,54.23,-19.57,-32,20,-5.14,72.25,-42,-46,-17.14,63.06,109,73.95,65.57,64,-8.04
-22.32,51,100,110,-22,-46,93,42,-47,146,50.85,129,-20.14,16,-8.59,-14,67,130,44,67.9,31.51,31,94,-12.99,58.75
22,23,81,-40,-2.69,44,19.2,105,31,81,-21,-29,142,-28,121,2,7,19.81,24.77,45.84,-11,112,1,-8.2,-14
34.35,-49,139,45.62,140,0.92,48.43,28.4,94,71,-23.63,41,7,55,79,60,49,35.57,92,68,112,-39,106,-36,-22.49
45.96,83,127,-45,113,23,73.77,72,-18.19,72.15,-42,-1,114,104,41.36,62.25,33.59,15.45,43,-3.08,56.3,-37,36.92,61.06,142
143,-10.09,22.71,9.84,109,-9.66,33.79,-8.19,66.52,-32,23,76,33,-19.3,-7.79,-10.57,83,95,20,113,-33,101,50.13,4,100
12.1,65.05,-41,6.24,-24,64.18,21,1.43,5.07,-39,28.89,10,12,21.92,121,22.88,8.09,90,47.03,75,7.95,35,42,65,53.18
35.99,30,60.11,-6,29,108,97,47,-42,64.23,-33,96,48.08,33.44,78,95,-41,125,149,35,19,40,21.78,-22.26,21.24
-0.19,14.75,-16,-25,41.54,15,44.38,87,11,11,-0.34,88,18,-5.66,96,43.25,39,97,136,-39,44.13,18.55,2.14,10.07,38.89
-15,15.29,-20.01,49,-9,149,112,31,126,21,61.41,115,-1.8,96,35,34,65.58,43,116,21,116,-12.65,21.55,14.15,18.68
29.93,56.08,-38,-10,76,42.66,36.99,142,16.83,72,-48,-24,53.13,2.9,93,62.1,52,54.63,-23.91,109,77,28,117,60,71.15
38.28,52,98,90,2.24,131,98,46,60,50.3,39.27,51.86,-15,2,8.02,-10.69,53,12,25.39,30.73,88,-3,134,130,-15
9.03,64,-14.6,55.75,9.2,51.05,92,43,57.64,29,36.05,106,2,7,13.22,-1.68,67,0,-26,27.75,-25,28.11,-25,29.97,47
81,40,9.38,31,22,-0.46,74.16,122,60,-3,28,71.04,39,105,41.35,82,-6.03,72.36,140,40.06,-4.83,-10.35,24,43.16,89
69,2,6.82,90,-15,-4.95,64.91,66.6,2,74.18,59,16.51,-1.73,-24.29,132,52,102,13.13,30,-42,54.45,-23,-2.34,13,71.84
-37,143,149,18.08,81,35.62,-10.7,104,3,47,20.85,69.95,-18,12,4,5.86,-12.55,24.65,36.81,3.56,-21,20.13,22,-16.83,20.26
79,95,-21.71,-34,131,119,32,139,-16,-24.34,93,110,110,-37,9.51,17.1,-40,74.13,31.25,-15,-33,2.28,-28,67,15.4
69,-6,-10.6,20,-29,83,-27,-28,-6.68,66,-29,-3,8.39,-27,-1,33.3,43,62,4.51,62,-36,60.41,-22,-23,142
-13,130,-22,33.9,-2.12,81,140,57,-12.28,-39,48,46,-18.65,135,77,-11,62.61,-46,40.11,-8,-3,-13,39.24,-42,-14.02
-32,14.37,62.54,37,136,58.03,71.24,45.09,68,66.38,79,11.31,61,35.73,72,61,130,18.26,10.11,70,41,16.6,123,33,66
7,74.53,-30,74.02,-46,-5.59,-48,88,71.86,-43,-7,66,51,65,-24.13,123,48,73.97,-43,-1,24.99,2.46,1,-23,-27
-5.64,38.09,-10,-12.82,48.75,55,-20.98,42,-5.35,48.67,42,72.31,44,-23.13,5.44,-7.56,74,51,70.91,-15,-7.38,37,37.68,-6,10.17
31,-15.56,74.32,71.8,-23,-23,148,-46,-16,-7.14,116,4,-23,12,36.82,1.56,24,86,-35,38.11,9,-5.82,81,-11,73
102,71,-17,108,11.29,41,63.36,35.53,146,95,100,-36,17.86,27.11,-38,38.67,1.11,67,-0.21,26.55,63,106,71.86,149,103
-3.45,59.16,-22.98,-2.88,20,82,60.62,19.3,40.2,-4.22,49.01,48.94,143,64.8,88,142,-17.15,24.6,32,63,22.36,12.33,39,6,136
-23.51,81,60,18,10.5,39,63.53,-28,74.76,65.9,125,138,-17.78,-9.97,61.78,121,64,5,43,13,-2,71,5,-9.53,17.3
87,-16,71.93,13.05,-36,-2.73,124,70.41,133,14.62,128,137,55.22,51,93,143,-4.46,105,-23,26.92,69,-41,-34,68,29.27
43.85,13.94,105,17.85,46.88,49,119,13.8,110,64,131,115,147,-41,-8.03,25,48.72,-18,35,54,-18,-20.76,38.58,112,89
99,-48,52.8,134,-5.34,42.74,-39,84,147,118,40.48,124,-17,68,69,59.34,-29,17.11,110,146,23.36,19,-32,-22,71
-16.69,40,36,-13.31,-17.69,31.21,40,-18.2,22,135,29,19.51,68.41,77,45,52,4.17,-9,32,5,22,138,-21,51.67,143
-28,49.23,28,-50,-29,16,30,68,17,91,-50,13.92,-22,-7,36,48,79,22.27,63,56,-16.54,138,53.29,32,-30
18,-14.53,55.81,112,6,121,51,77,-18,6,7,50,-41,63,43.47,-49,-46,124,18,-40,-31,72,-9,-27,8
90,-45,122,40.19,123,27.2,-43,58.84,82,18.6,73,65.63,134,-10,29.79,62,26.28,99,68.9,-21,32,16,-41,55,72
-41,89,-1.16,26,62,30.87,66.92,102,-35,-2,24,23.87,26.36,32,48.62,131,128,5.69,122,5.25,-16,90,-8.44,37,-28
67.71,-43,-44,-18.94,-3.42,30.31,-39,118,-0.63,51,26.77,144,-22.35,-11.33,51.8,29.01,129,137,-16,81,34.79,26.97,14.45,-49,-3
14,1.92,-5,103,143,-20,37.95,71,49.94,-23.55,14.57,122,72,70.88,-10.01,-31,-20,16.26,22,54,75,7,-9.65,-11.21,18
46.32,76,55,-6,135,-5.86,-2,89,31,17,65,81,65,34.96,-19,-21.69,61.63,22,63,-22.6,42.29,72.62,-23,38,7
-15,-3.42,100,62.76,3,45,4.38,37.5,-13.36,32.38,-29,-39,72,12.28,-40,74,113,122,-41,13,143,-21.56,23,-11,-15.42
122,22.42,67,89,-1.95,30,24.8,-7.11,139,20,25.23,76,137,49,32.42,15,56.46,124,-9,34.29,64.32,18,47.34,-22,41.62
44,-24.51,-22,62,40.39,50.89,15,-21,-3,37.68,-28,62,-10,66.35,114,31,27.51,10,82,107,2.28,66,132,12,39
72,83,143,6.71,16,37.81,56,78,39.93,50.14,-23,22.85,13.36,55,-42,31,88,48.34,37.36,101,31.15,24.94,-16,134,17.82
-45,48.14,22.71,-24,-40,29.92,16.08,138,70,43,-50,106,132,111,18,1,-21,-24.82,-1,-22.26,30.45,88,71,93,84
-13.83,64,74,29,39.17,-22,27,69,79,-29,-11.26,129,45.81,-11.7,140,18,5.26,82,-16.94,-17.75,-14.34,54.06,38.52,24,68
81,93,49.75,13.75,21.91,93,54.05,25,81,-45,22,-11,-20,35.1,-44,56,9,17,69.55,73.77,30,28.02,32.27,136,21.17
96,-17,15,-50,53,20.26,49,8.89,119,64,-9,40.15,97,45.06,49.61,25.28,14,-5,30.82,57.56,39.39,131,5.94,122,72.87
45.59,124,-15,-4.64,62.38,74.37,143,47.84,16.47,-2,13.99,67.38,-20,-17.99,56.6,-16,107,41.43,-7,-12.15,103,-8.1,-8.78,76,-37
118,3.64,137,-8.98,38,66,36,100,12.51,47,108,40.59,-17,70,138,12,-1.95,74,32,16.89,-21,125,122,126,53
31.41,98,-3,43.25,-49,63,1.43,66,107,-5,-20.7,25,55.25,88,16.97,24.18,3.91,138,58,116,76,67.3,49,19.61,41
62,60,48.81,-14.28,102,89,129,35.73,39,140,-36,67.44,122,37.31,130,61,-12.61,-1,65,46.31,37,41.31,13.14,-32,63.91
30.67,139,66.88,65.16,109,112,-5,68,-13.1,23.38,62,16.87,40,37,-24.3,49,35,112,32,26,60.21,40,46.55,0,-20
-17.36,-34,68,-14.21,28.05,21.46,40,15.3,1.5,53,118,44,107,90,71.19,99,59.04,-15.53,116,135,64.6,64.31,109,22.4,73
-20,54,62.88,-18,-24,147,-46,89,54.36,70.07,29.24,108,-5,-19.77,49.49,93,-21.15,33.68,-11,66.96,128,111,-27,5,58
24.31,95,62,-10.68,-11,7,121,-14,73.31,140,52,45.15,31.43,52.18,47,70.16,-26,-43,-17.62,74,73.23,54,6.79,80,58
50.91,-15.66,127,11,77,90,40.25,-50,133,124,65,86,-29,17,92,2.39,48,-24.51,33.13,53,50.27,90,48,-21.2,27.05
27.58,-11,134,1.66,18,-17,54.95,55,117,77,52,-8,-12.8,-23.59,-48,-10,-22,2.53,-3.24,1.09,91,131,-3,-21,113
66.47,6.63,55,143,69,98,-46,142,35.96,91,-38,44.38,42,50.49,-40,-6,3,122,82,65,97,-33,40,56.03,113
21,112,54.46,80,60.86,30,3,-31,121,-27,62.14,-15,35.4,7.19,-25,24,68,72,76,6.28,96,89,53,123,76
-22,55.08,9,47.52,135,66.29,105,52,114,-19.32,10,27.64,146,34,28,-38,123,113,45,39.34,71.17,-0.75,12.9,-38,-29
53.67,43.27,70,2,70,65.74,134,17.45,57,24.48,76,-6,135,-22.51,68.35,17,-37,65.98,112,48.68,1.55,46.9,17,125,-13
82,-23.43,-21,-7.5,23,61.51,76,84,142,13.19,-8,-1.68,-21,114,14,38,-32,16,70.63,-16,18.86,-19.82,46.87,73.59,-11
-6.78,73,32.47,-48,124,142,79,-18,19.07,22,16,121,47,-28,9,18.36,69.17,72,-37,11.07,143,9.07,41,69.89,-7.62
-38,25,-21,-5,131,66,132,-23,121,94,34.34,13,28.8,144,9,16,-5,-12,80,-46,-9,11.62,109,65.45,35.73
-35,72,39.11,73,-19.57,34.06,-14,29,21.96,10.56,-35,25.54,-23,-25,18.22,142,28.23,-29,20,78,107,1.25,12.78,60,82
69,29.58,17.43,122,-4,119,-10.97,-34,102,56.17,-41,-16.97,-23.8,139,13.59,8,41,62,5,91,26.84,-50,23.19,71.6,27
91,-4.61,-9,-31,67.73,77,100,145,139,41,-37,68,-16.43,46.98,6,-16,93,-1.12,113,39,84,70.57,3.05,55,-4.37
25.35,9.47,28.9,56,0.74,58.72,-31,89,-11.22,4.6,36.68,56,-28,69,44.72,-20,-6,33.51,27.37,52.26,66.69,101,38,-16,57
-12.93,-6.81,-40,19.14,131,52,-8,-21.94,-29,-44,54,35.25,41,61.57,144,67.6,60,-31,-41,-25,-0.05,-22.08,42.21,44.45,44.69
144,54.5,63.2,55.63,10,111,-35,2,46,108,24.64,137,4.49,5.23,119,77,45,-13.13,0,-16.36,21.24,78,64,57.99,32.33
40.24,33.55,62.5,105,128,26,-45,61,29,60.93,43.35,65,9.34,-11.49,77,1,50,87,90,137,-42,52.14,-29,17.21,32
-44,-11.68,39,-6.07,137,-13,16.17,55,47.13,50.75,62.65,62,28.11,47,-20.68,-35,77,78,62.5,18.11,135,85,72,149,51.39
-23.94,114,28,33,23.47,123,71.59,26,121,110,3,109,42,97,31,84,-39,-10,83,-44,-35,19.16,52.3,134,41
104,-36,48.13,58,4,117,25,46,-49,-10,56,54,41,52.64,131,-3,57.75,43.67,-0.42,3,16,67.06,136,26.67,-30
24.05,55.6,113,64.6,80,98,-33,128,73.6,18.04,-14,-35,71.49,89,73,144,15.27,118,43.38,76,-1,95,-7.04,7.84,143
42.39,0,78,-7.62,146,124,-8.54,6.87,67.06,-26,74,127,-17,83,-6,68,73.94,24,45.26,-1.02,88,8.55,7.87,18,-17.6
-24.33,7.45,70.23,60,35,-6.54,18,-12.42,28.63,-44,57.79,66.51,18,40,-11,4,125,53.97,77,123,59,145,-42,21,21
8.55,-10.67,54,33,106,60,-48,52,42,-17,127,-11,-17,63,75,134,37,46.73,123,43.76,6.43,39.59,61.57,-14,-7
-9,-8,119,51,14.98,66.83,72.21,72,22,19.85,7.78,45,-0.37,50,34.24,113,2.62,33.47,6.05,64.3,53,97,90,47.14,48.64
1,59.45,-11,98,-39,11.55,41,43,17,81,-8.89,129,74,99,41.85,142,-18.12,-34,74,-3.12,92,114,46,17,28
112,-9,-7.25,6,55.32,83,42,26,60,21.78,75,79,69.17,-44,27,-47,30.88,54.91,-15.3,31.65,22.95,109,-37,17.45,-29
-19,113,18.88,120,35.86,-5.19,0.1,-18,45,-23.87,64,-34,30.11,141,31.64,-39,55,54.72,67,39.58,45.26,82,60.95,115,13.21
77,14.22,48.49,32.56,-1.77,39,141,133,14,-2.28,58.35,114,29.93,36,15,54.5,27,93,16,18.1,-15.42,-4.51,56,-39,78
-15.18,59,139,-13.94,35.62,60,-32,-9.6,-22,63,63.44,107,74.87,81,79,44,62.72,71.52,5,2.84,-17.65,7,10.76,0,39
38,21.78,-12.6,-47,60.05,-31,143,-45,-20.05,75,9.64,51.72,-10.77,42.07,2,-38,27.4,110,133,-16,-8,32.56,101,-14,58
42,26,107,128,66.62,102,72,38.89,95,17.56,-18.26,60.1,68.07,91,-0.89,13,-9,145,43.96,59,-39,128,3,47,54.74
70.24,95,85,10.32,28,99,41,30.26,-12,37,34,55,34,28,58,128,74,40,110,62.4,6.35,-13.8,-15,-8.07,17
35.27,79,6.89,92,86,111,14,12.82,15.66,64,71,71.01,46,35.63,-45,-49,-17,2.31,86,-16.6,-11.69,-9,28.97,99,-37
37.25,43.51,30.08,-21.6,-44,123,-19.09,114,16.44,29.26,82,33,48.43,-27,59.19,40.19,3,-15.83,134,-21,22.54,93,144,-37,-11.93
28,89,44.04,37,124,-44,14.13,58,47,4.22,22.47,125,39.57,15,57,121,28,63,-14.19,27.65,90,21.06,-8.15,117,66
143,21.76,51,62.51,7,31,3.6,13.4,106,7,-10.87,96,-19.13,5.66,-2.94,138,54,70,8,131,124,68.6,60.01,13.87,109
-28,143,-44,17,2.1,133,47,21,39.41,-10.23,63.68,15,65,50,1,57,94,18.13,38.01,-47,140,16.7,-7,-23.76,30.9
68,-23.55,52,104,39.58,-49,-17.25,143,25,9,-11.89,47.82,113,28.02,48,-8,44.12,-49,9,13.5,5,105,-13.89,12.75,-6.99
117,23,-25,-23,81,-15.4,105,17,49.26,93,16,-48,54.21,-17,-20,1.22,-25,-1,37.99,-19,0.58,-24,72,139,56
-11,58.8,19,55,16,68.57,27.19,69,92,23,-43,-2.67,26,68,15,3,-50,149,22.28,106,147,35.44,30.12,36.74,-15
-13,22.71,36,-18.78,39.23,2.23,-26,83,20,-11,47.46,1.03,-36,64.42,136,6.81,149,127,34.58,-1,9.14,46,50,25.67,99
8,56.7,139,96,94,107,142,55,6.71,117,139,110,87,-34,-43,4,88,-20,-6,-2.86,-18.64,32,12,102,30.95
12,-22.66,86,53,35,28.06,-7,73,122,19.88,43,35,-18.57,9.16,-4.95,44.33,119,-15,71,23.03,36,112,101,-47,35.7
131,62,26.43,-4.72,61.15,54,-10.63,3,-33,91,-22,32,-9,63,37.43,145,41,72,11.24,14.08,28.72,73.99,-34,26.2,71
60.38,4.92,30.81,49,147,-28,-3,26.04,-19,94,5.6,81,17,38.21,21,-18,-37,45.8,48.71,33.47,1.94,-20.83,55.59,32.7,92
68.49,-18.36,55.07,64,26,42,23,55.33,142,-24.73,36.36,73,-3,5,61.07,62,97,40,-16.67,3,147,-0.95,73,13,54.26
135,125,-39,1,73.06,-38,-10,10.66,147,29.23,51,95,65,35.17,47.12,8,21.94,2,-6,-33,134,47,65,113,0.86
5.29,57.12,54,2.08,71,-33,-15,-9.05,44,58.48,7,7,108,-22,26.01,88,-37,60,4,69.67,55,-1,67,53.04,-1
16.2,76,63,35.23,27,-18.6,49,17.25,93,6,67,62,97,70.16,6.05,49.08,58.78,28,54,-22,34.56,-21,-7,3.76,46.79
64.66,21,136,60,80,-22.59,24,-49,8.94,-17.36,103,77,18.65,41.6,8.47,59,7.53,-16.58,120,105,38,54,52,91,-49
29,68.25,61,54,64.53,133,-34,108,23.02,54,-27,110,30.24,-18,16,37,44.11,135,5,-17.05,81,45.79,-26,9.51,9.79
147,124,71,37.25,86,10.51,-45,-36,17.67,-3,86,39,69,96,124,149,-29,62,43.61,68.18,95,-14,36,-16.85,-5
83,43.15,125,66.9,58,145,108,47.46,0.91,12,91,125,9,132,100,47,41,-5.07,43.74,16.69,46.21,7.43,-20,-30,65
4,4,72.24,109,-24.3,100,128,53.14,107,-27,113,17.71,-24,45.25,38.36,27.11,103,16.61,56.43,124,123,67,10,146,54
55.54,-24.9,-6.57,74.6,29.69,34.22,115,-21,-4.67,103,51.64,50,107,6,13.66,-21.43,76,15.62,124,10,19,70.75,-0.57,48,52.85
70.67,-12.39,-48,6.85,38,81,109,-21,-16.56,133,28,135,74.56,-14,29.87,66.03,-50,141,-1,28.61,40,80,70.94,145,-35
15.05,59.97,8.31,0.07,45,18.31,-18.09,-29,20,23,43.06,17.56,129,18.99,72.7,3.92,16,97,18.1,65.13,86,111,55,-29,-12.87
69,-24.83,-33,-13.86,42.25,21.8,131,62,55,109,146,68,59,-21.98,-13,108,99,0.13,63,146,3.3,12.73,65.19,74.45,1
-4.16,-38,88,-5,29,89,-47,149,43,16.84,19.44,31.64,27,60,66,56.93,69.89,62.95,-23.94,24.62,-10.08,134,-21,26,27
51.65,120,24.65,33,18,42.38,98,-18,39,67.2,104,120,-0.99,57.52,121,46.27,71,50,2.89,2.72,-49,39.4,68.46,-6,-0.1
30.55,30.52,95,42.34,23.24,104,24.6,38,-12,-12,142,18.1,66,-3.96,9.21,31.57,23.01,40,52.83,101,-33,15.16,-22,9,129
45,11.85,58.38,7,1,70.54,70,15.42,93,65.4,27,59,117,69.93,20.32,70.14,117,141,-9,19.58,8,69,71.2,28.26,105
130,-5.36,135,61.4,79,134,40.95,-29,-24.11,-39,149,74.4,30,94,-43,-22,46.24,40.77,14.03,51.61,-20,-39,21.05,13,-23.34
37.03,34,73.28,80,57,-26,31.46,-49,15.06,5.46,14.21,61.63,72.97,4,45,44,20,67.36,-21.92,-0.44,22.08,-12.71,18,-31,3
-12.11,92,64.47,43,69.02,27,-22,-23,27.62,-5,9.95,141,104,67,7.59,-15,-22,-2.35,46.89,39.46,18,77,10,94,-39
9.85,14.49,73.34,44.75,75,70,60,14.33,75,-17,50,-16.93,71,-46,9,-46,9.22,101,-35,-11,25.55,99,74.74,40.45,-12
-13.94,22.71,39,53.06,44,84,90,40,120,27,71.27,0,-44,136,120,69.22,25,130,12.51,-4.25,-7,10.96,-37,-18.96,20
30.58,91,59,-15.63,15,-3,29,142,-23.56,-19.69,10.11,28,57.39,57.17,7,9,-40,35.06,-49,112,-5,64,115,26,36.04
-38,52,51.99,133,145,59.66,-0.87,8,38,-9.03,61.08,76,42.1,64,-43,29,-13.52,92,64.83,44,-19.9,102,45,80,45
-7.02,39.84,-13.14,31.12,67,-12.34,59.09,0,38.84,15,105,-25,-22,20.05,-15,50.56,46,132,71.56,-1,74.33,-23.69,48.38,50.52,-32
47.23,-0.05,67,-27,-21.2,41.6,71,21.76,-3.07,-48,64.84,90,147,27.57,97,40,74,36,42,-4.16,5,30.51,1.72,25.96,69.34
23.44,31.74,53,49,23,-17,-19.28,32,-44,64.18,74,38.85,-48,30.67,-39,-5,92,-45,107,-34,2.63,43.28,143,23,15.48
59.67,93,45,22,72.88,-23.27,-32,86,56,129,-19.51,13.1,-47,145,21,-17,2.88,73.17,49,10.85,77,16.22,-39,62,74.19
96,112,143,38.17,124,40.57,-12.62,74,31.54,60,29.7,75,71.84,134,-31,83,32,-32,11,-7,112,48,44.04,11,0.72
57.46,134,-13,-10.93,7,-37,-6,139,-21,139,38,6.46,37,69,53.66,148,14.83,29,-3,148,-1.17,-19.07,81,81,0
109,77,22,84,34.23,127,-5.43,9.98,80,63,121,54.51,17,70.94,99,-26,40.96,59.11,12.79,23.21,72.33,51,-35,53.15,61.5
43.87,-1,147,49.87,65.02,115,67.15,16,60.24,63.96,4.97,-19,81,-42,7,114,60,88,43.88,70,51.02,46.94,27,-4.43,95
112,-5.99,43,26,-8,-2.91,139,148,22.91,-3.33,22.2,-3.11,44,65.29,36.26,-33,50,53,80,104,47.83,-39,-0.88,-14.45,1.93
110,88,5,23,104,56,22.32,118,48,139,-12.2,-38,-39,34,36.23,62,134,17.11,124,50.67,9.56,69.51,35.01,23.53,13
-5.77,59.15,-25,-21.82,-23.91,-16,50,61,91,-8.38,109,49.36,128,0,107,59.19,1,51,-22,40,132,101,-25,52,117
112,66,54,4.42,14.11,0,43,84,64.28,34,21,66,12.71,87,-10.32,51.49,122,51,74.6,97,35.84,44,-18.45,-8,32.54
-3.05,17,56,118,73.31,123,-13,10.83,147,-12.47,74.78,-24,78,40,133,46.59,-23.65,13.94,33.7,119,-42,120,93,54,48.46
109,84,135,58.65,-20.83,25.58,109,21,-36,-20.26,38.77,21,67.62,-2,64.69,-8.74,-13.63,38.85,2,26.87,33.71,16,96,47.37,16
13,45,79,29.3,-7.01,-29,-31,74.26,-46,39,75,-7,66,-45,119,135,48.75,8.48,59,15.64,48.44,-19.86,39,20.3,57
64.52,1,48,110,10.18,97,95,47.25,21.09,147,-21,142,24.64,-19.75,57.39,93,-19.25,-29,125,92,21.21,104,107,-36,1.58
8,1.77,111,5.52,85,126,102,74.34,31.83,117,144,63.28,134,146,6,18,49.74,64.08,144,9.06,129,47.97,119,120,28
61.03,3,72,77,20,-1,-47,10.74,23.74,-4,-21.19,125,24.05,-0.7,127,149,62,70.7,1,96,27.16,3.35,11,128,71.51
26,0,74,110,114,-27,28,76,-22.7,23,113,51.67,-44,37,19.82,-9.27,122,58,138,29.82,137,-12.99,-26,-40,132
2,-24,101,80,61,56.51,139,79,19.84,9,56,20.31,30,-30,12.03,10,-31,130,65,67.21,85,100,73.35,64.88,97
53,-29,32,-6,42,24,59,74.87,93,67,-23,123,40,-12,122,26,105,106,7,5.8,15,95,70,-44,0.04
-27,-4,148,-6,51,72.08,84,44.22,-40,149,135,122,-22,11.41,31.69,-41,-26,-32,-18.91,-12.06,103,-5.25,-7.37,39.4,47.78
40,10,-28,67.95,14.95,-13,-42,-3,6.75,121,-12.92,5.78,23,68.65,34,114,71,45.4,-9.71,49,135,7,19,-12.73,20
-21.06,63.06,69.55,81,50.43,67,21,73,99,-9,50,-17,-7.57,-9.34,16.58,-47,46,75,31.78,9.08,5.62,-43,34.71,86,149
26.2,3,141,31,9,-6.09,30.82,117,90,148,34.54,1.72,-31,53.41,-18.15,-44,-12,-42,-50,55.55,36.47,86,91,46.41,-9.5
49.68,-20,115,17,23,3.43,-21.12,10.59,88,129,142,-41,121,-18.23,64.67,-35,-15.93,106,50,109,11,86,-5,32,32
-17,-29,32,3.27,66,17.37,61.92,30,65.24,-17.32,135,44.3,-38,133,20,10.53,-14,68.3,40,-4.67,46.77,-1,-10,77,129
73.2,16,-12,-10.42,-37,-6,83,33.4,34.31,-28,70.03,21,27,103,-24.59,-20.97,16.42,43.47,72.31,13,71.3,111,-13,127,147
1,-33,73.92,-3.8,-50,98,39,103,54.77,35.3,25.86,0,30.54,64.72,94,114,73.92,-23.42,38,4,133,34,55,15.02,-11.24
115,-17.15,-33,80,-5,69.62,43.12,-22,40.19,132,96,21,48,126,-19.64,19,-30,14,-23.25,55,55.8,-14.49,18.27,77,28
10.96,64.26,119,33.31,127,6.58,-18.83,11,6,141,73,53.59,5,59,-21.69,28.42,68,110,110,33.47,-6.03,7.37,75,64,48
8.38,25.85,41.85,8,16.99,42,54,-5,-48,19.21,136,32.77,85,11.37,58.05,16.05,-43,27,68.51,146,48,14.82,57,-13,-10.99
103,42.78,-5,-19.91,102,-23.6,57.69,4,38.03,67.84,59,46,-23,-50,32.55,73.45,-5.9,111,46.38,117,57.34,-14,34.76,65,-14.05
35,11.96,7.36,-9,-0.53,-16,-38,16.92,17.48,62.12,-39,12,15.06,-50,27.71,1.46,-49,44.74,13,124,-11,-4,119,94,35.44
123,38,64.35,34.1,46,-32,51.58,-7.5,1.7,92,32.73,27.05,-36,93,-2,58,-8.04,86,148,71,106,125,69,69,33
123,-22,33,60,22,97,-14,27,39.49,140,-20,7.71,95,38.74,117,57,140,63,122,72.5,60,47.41,11.97,142,12
47,51.08,100,121,31,-23,74.72,31.16,48.1,12.29,-30,-11.86,54.69,108,68,118,5.53,57.15,23.5,141,83,32.77,135,-2.99,51.02
33.91,-23.2,-24.67,74,64.69,21.22,-1,99,2,39,-34,-5,74,-1.03,8.49,-2.65,-16.56,125,11.47,34.46,11,46.97,60,-19,4.42
140,23.68,-22,24.71,63.76,50.31,89,46,85,-27,31.24,-16,-31,118,117,10.37,126,126,76,-5,129,67,-4.72,20,28
-17.72,-7.91,32.81,27.09,19.16,14.18,92,71,-21.46,-19,38.42,-40,-23.41,-6.84,33,11,25,-38,55.75,-9.17,46.27,-18.8,85,-26,32.85
-29,42.78,119,29.54,120,-0.58,-17.77,38,-9,19.61,54,88,64.75,65,9.56,-37,44,147,60,113,-46,70,34.95,68,-4.5
93,-0.71,3.68,28,122,52.77,2.79,-22,32,143,35,0.6,-3,39,128,-34,33,-49,71.46,25.05,-7,2,64.57,68.11,10.45
119,0.25,59.72,138,84,102,29,57,98,-1.15,-5,49.48,66.82,-36,34.9,51.25,49,1.27,-47,87,-45,69.11,105,76,-39
62.38,68,15,48,44,95,16.08,1.89,130,130,84,15.08,18,30.31,104,68.37,-11.29,146,-19.1,34,58,88,70.82,11.29,30
26,45.76,119,26.5,64,34.74,-18.12,146,-29,49,77,1.43,43.18,31,14,-5,-27,97,-15.35,125,32.95,47,-9,18.48,62
124,-2.36,42,-12,58,120,-12,56,37,14.68,19.66,-14,-45,138,41,-25,45,54.42,13,138,41.62,-6,118,-28,37
13.22,70,91,110,-6.85,98,-38,77,-28,-2,23,66.61,18.43,109,-35,122,-20.07,-12.49,-8,102,19.13,137,-37,65,94
120,13.42,-44,-22.18,67.26,-23,84,-28,146,2.6,44.56,70.83,76,11,68.51,50.87,29.06,48,6,-18.31,-46,78,145,40,-10.66
-3,33.16,-6.67,73.98,93,21,88,-35,146,-13.43,132,-19.7,-22.59,29,59.28,8.56,124,30,51,10.08,-19,68.01,148,73.83,3.72
40.61,101,36.78,15.09,77,-23.42,58.57,46.41,-42,10,31.62,59.95,2.41,44,103,-11.52,37.41,66,71.04,12.99,93,54,116,-33,103
-21.27,-30,27,47.5,49,-16.94,138,-38,1.49,3,62,44,31,33,72,55.83,-29,27,134,93,6.13,117,3,18.9,-15.49
-29,42,50.74,-9.28,144,-16.24,29.24,34.92,68,69,24.35,25.96,-43,42,74.91,-13,93,-21,-49,108,54,69,24,56.97,73
37.11,109,-3.82,27,42.62,48.97,-3.69,-1.89,102,113,16,51,63.09,-40,104,24,65.13,106,73,48.63,51.2,121,14.98,88,98
-19.8,79,83,108,-18.05,36.93,27.25,51.14,125,88,64.72,20.36,125,12.61,61.89,145,76,-43,46.69,43.68,26.97,-16.3,106,135,4
-39,79,46.15,138,67.3,118,2.34,50,5,140,61.59,93,-24,-6,40,-20.22,47.7,28,-28,-11,-24.48,144,-19,11,23.07
38.36,-44,11,61.55,101,37,24.37,52.88,49,61,50.38,40.51,-8.37,94,11.33,92,69,92,12,60.8,55.12,-12,142,77,103
-25,21,106,-8.72,134,97,-13,94,52,42.15,22.56,-12.27,0.87,122,84,96,6.78,100,133,1.12,4.93,64.46,25,-6.57,73
89,-24.65,-31,7.9,123,-20.28,4,14.58,40,148,-48,63.62,-0.13,6.85,21.69,-45,58,116,-14.68,6.22,2.17,85,123,-12.31,-10.96
33.45,80,12,-15.97,127,59.76,115,73.59,73.67,54,41.85,-16,14,94,37,-16,113,-24.54,80,39.32,43,-18.67,79,12.62,68.83
57,99,129,50.03,49,-24.04,19.89,34,-7,32.79,-49,22,75,12.6,23,2,65.35,-20,-21,25,72.7,-26,31.49,71.15,78
50,33,62,-24.05,106,-19.49,7.21,-18.49,-11.76,109,61.42,34,48.92,53,1.28,70,37.27,35.4,14.4,49,-33,103,35.4,102,36.56
125,63,-2,107,68,99,64,92,41.75,18.21,25.18,10.77,22,18.41,79,46,68,32,43,12.79,41.54,96,42.18,6.85,-2.52
-21.18,50.97,-20,138,73,142,91,111,23,81,17.51,21,60,111,117,15.2,44.37,82,73,134,51,73.86,148,68.72,81
36,65,19,38,106,-49,95,40.57,146,11.64,-22.74,59.35,-18,21.32,9,21.4,84,111,111,2.49,37,66,-16.75,142,46
83,40.25,-39,93,-7.56,5,52.13,-28,64.44,135,57,-6.78,-13.92,15.7,6.77,-8.4,32,39.31,5,121,19,39,61.47,47.48,69.39
87,99,50.53,21,14.09,42,3,27,92,-4.74,-9.08,57,55,120,-6.84,20,65,26,-28,118,35.18,9.65,44.55,40,28
-11.78,13,-2,-5,-9.28,141,92,137,-7.98,38.81,82,106,84,78,90,-14,59.39,17.18,3.21,14.43,-12,14,0.97,-11.39,61.78
6.07,0,84,20.29,58.34,40.16,26.82,108,89,64.01,70.73,74.01,31.67,24.03,5,92,131,-23,70,50,115,1.61,-19,93,19
-10.21,77,20.77,-3,31.58,29,8,-10.05,67.25,29,112,88,-19.36,108,-14,46.1,28,71.02,31,41.3,53.79,105,33.88,47,14
74.67,-11.02,56,33.89,132,121,20.34,-49,121,49,28,47,-9.53,136,133,91,40.56,-19.43,-14,147,26.59,18,148,72.53,111
96,119,65.94,-12.01,45.6,48.19,29.4,79,-1,-3.66,64.09,137,119,28.9,51.02,21.42,51.58,17,-4.68,73,-19.47,103,23,16,46
18,15.17,-12.62,77,73,140,59.76,45.83,-35,5.79,70.78,-19,139,110,-12.98,55.05,-36,146,25.54,132,19.82,26.2,-18,12.75,61.09
-28,16.97,69,-7,44,37.72,143,141,27,69,67,37,17.05,-21.17,55.13,68,31.43,28,148,46.11,33.37,116,91,129,27
-41,0,30.56,-40,10.03,147,72.87,-17,16,-2.76,-8,115,-22.01,-48,118,84,93,17.69,-15,109,72,32,19.2,149,44
106,33.43,-8.05,35.32,50.59,-13,138,18,95,27.69,-8.61,-19.68,-1.2,58,-22.8,68,14.15,35,49.87,26.94,108,41,1.87,43.69,41.57
35,9.74,-26,51,-8.77,-35,47.92,-41,49.87,40.65,132,33.86,9.59,70.76,40,14,62.3,-8,64.93,52.11,39,48,30.52,0,4.17
-29,91,65.31,144,32.95,22.49,-14.65,12,-9.59,124,6.88,-13.92,45.12,0.05,128,35,39,130,11,40,-49,81,30.35,-16,77
36,90,91,51.23,16.5,52,-14.45,-5,121,-28,38,-27,-17.87,138,100,56.94,68.26,51.2,-39,-23.96,-15.15,85,31.95,-36,9.53
19,2.08,0.72,71,11,-16.77,26.51,47.42,56,8.02,54.73,44.83,87,40,-40,118,5.47,18.41,17.31,5.54,96,75,-7.46,-19,-42
12,-10.29,23.63,24,12,45.89,62.93,63,43.83,-25,39.52,43.89,148,80,65.09,109,34,-21.28,140,97,-1.3,-15.3,45.39,-10,-18.91
-39,139,44,43.42,-13.32,49,49,62,-30,-14.07,71.03,64.31,25.74,-33,-8.13,-8.69,41.92,-22,32,27.43,49.43,22,-17,47.95,148
16.32,26.8,111,-15.63,12.47,62.14,96,21,-13.03,22.72,-3,117,14,101,-50,56.61,-32,57,48,15.77,-39,58.55,94,66,-46
141,0.23,2,69.14,110,-16.86,24,51.8,40.54,112,55.34,-27,-12,3.33,41,57,73.97,26.43,16.26,22,27,10,112,72.57,129
10.27,4.11,61.22,-5,-31,6,55.45,19,44,67.35,123,92,37,26.62,47,90,116,54,9,-5,13.96,135,61,142,134
-25,109,137,-37,13.53,69,51.01,112,141,147,-6,101,82,38.88,35.6,95,60,59,120,13,-16.42,46.68,32,-33,12
58,62,42,62.58,148,31.25,69,122,-18.69,87,146,122,53.27,138,37,6.51,21.88,99,1,-22.51,-15,1.51,86,122,94
15,132,53,20.43,8.85,33,90,33.49,145,18.03,-3,42.99,60.78,66.7,-2,11,40.33,49.82,55.15,67,70.7,-37,41.09,-21.99,-6
28.08,44.63,-50,83,-32,-1,12.24,-18.95,41,15,54.5,16,108,16.67,146,-4.66,116,41,61.36,57.72,-14.38,92,50,136,-21
48.99,48.97,67.34,71,-12,71.78,73,9,86,44.72,123,-13.3,68,57.81,4.6,56.77,5.17,-20,30,30.15,65.67,-21.88,23,22,-1.7
7.97,54,46.37,69,41.04,5,69.99,124,-22.04,82,48,144,18,-1,9,101,54,6,148,38.54,90,64,15,146,52
51.51,-14,146,-22.67,-41,36.9,-24.26,47.96,29.52,104,68,77,147,59.58,4.93,51.45,-15.36,43,82,10.67,71,61,17,-28,36.75
-27,70.33,9,120,48,48.14,112,50,97,32,67,113,43.54,-26,80,101,52,53,5.28,120,7.58,66.53,5.13,31,35
130,9.25,7,19,-19.41,50.97,-16.96,48,4,62,112,6,33.66,5,74,14,-11.25,55,-36,18.88,61.09,-38,145,21.23,149
94,105,39.22,45,-12.05,42,39,-0.9,25.94,101,22.41,-16,94,40,37.63,46,26,-20.91,-10,7,1,0.5,110,64.41,2
43.05,113,-7,42.42,95,64,-16.85,118,22.56,73.47,-9,146,44.93,13.16,-35,63.64,26,13.66,-32,50,114,92,143,117,114
-21.87,2,76,41.63,-46,70,6,-1,7.28,59.44,130,5,-10,-19,86,34.22,41.74,66.5,49.64,30,57,19,23,44.32,62.77
11.64,95,-5.75,-33,37,126,-3,95,148,10,102,66,21,52.54,74.43,20,-11,37.2,-9.87,63,19,121,29,-6.88,31
39.35,53,-9.39,118,38.03,58,134,21,106,145,26.16,147,-26,118,48,22.27,94,68,115,-5.39,63.53,-13.69,63.83,-6.43,-28
42.76,123,107,1.53,46.32,28,-40,-48,-22,149,78,40,-23.28,72.22,19,62.84,107,49.17,65,7.34,85,36,-24,43.26,29
-12.19,-18.1,57,27.41,9.22,44.16,73.8,147,55,82,-29,47,31,2.16,63,71,71.37,2.08,19.12,-23.64,36.26,1,37,93,30.2
0.57,114,-27,-11.88,55,-9.05,38.24,37,73,75,-37,54.78,-1.86,-6,90,8.11,54,11,2.59,75,53,101,100,5.89,-9
-11.08,73,49.58,54.81,-17.91,56,137,-17,47.93,124,-39,36,122,-46,70.05,93,-22,41.11,69.62,12,107,128,48.78,-38,48.94
135,47.83,15.96,32.03,-12.89,61,-3,-21.53,128,-21.97,33,40.94,94,10.81,48.8,50.43,62,18.88,-22,106,45.15,67.79,-19.43,18,-1.73
65.48,56.73,74.98,-3,20,-12,16,55.92,64.73,-38,25.95,59.98,-20,143,137,-6.34,-2.98,-6.29,-49,110,43,62.86,-9.5,119,133
31.99,72,39,143,97,86,20.95,-13.56,25.88,-6.92,67,16.77,-0.49,129,69.57,4.52,117,-28,95,55,15.79,21,83,71,35.28
44.07,17,101,121,43,47.36,10.32,73.77,12.16,-1.34,73,-50,59,130,29.75,-48,112,65.35,138,43.61,12,45.23,-27,73.67,51
48.38,69.89,49.48,37,45.8,22.68,133,136,73.94,61,143,-42,30.29,-26,0.17,-10,56.93,-24,37.48,38.19,-10.85,-31,5.05,142,127
83,52,-50,-3,-20.4,-2.14,30,17,96,73.21,84,22.55,112,38,8,-45,131,28.61,70,37.45,91,84,12.06,14,-19.82
48.48,0,110,78,9,61,1,26,7.62,-10,72,28.54,30.57,58,2,53,22,24,47.24,73.77,16.91,39,29.96,44.39,7.65
-8,41.52,6,-6.56,128,3,35,18,-18,59.85,-3.11,73.33,-40,-4,8.32,73.15,101,-40,48,6.97,110,67.04,40,121,26
-24,105,106,21,-16.26,44,71,58.68,-1.5,91,57,18,97,72,133,-33,-21,67,65,-12.96,107,47.94,10.08,9.08,-17.5
-11,-29,121,6.12,18.35,-25,-33,55.55,-29,51.09,79,70,-9,133,12.06,68.24,-1.23,146,123,14.6,82,137,49,49.23,3.74
133,148,21.06,16,-24,43,-13,102,124,67.38,146,96,144,53.1,-16.73,72.78,141,86,0,-9.62,58,16.18,8.26,52.53,2.59
114,51,27,128,17.66,103,10.11,-48,59.94,-39,147,83,13.41,86,14,0.64,72,126,138,80,138,57.01,60,33.64,-31
-23.7,2,115,-9.74,33,-33,148,31,31,61,-16,55.62,104,29.61,31.93,91,-15.06,43,-15,-17.25,-9.63,9.39,6.85,140,-6.3
-22.92,48.85,-9.11,-44,86,28.11,60,-30,11,149,51.95,59.58,-8.9,62.91,114,62,97,24.28,49,80,9.15,-50,2.84,66.39,-7
-29,-23,22.41,-22,66.8,12.03,66,140,-15.97,135,13.96,-42,97,-21.88,11,145,-21.33,54.91,62,65,62.4,-37,13,72.34,94
25.77,-16.13,28.86,-7,-12.14,8,19.03,6.1,34.9,-48,3.53,-4,143,59,115,-44,62.96,-47,47.12,10,92,4,134,2,-19
14.84,124,27,-9.98,-32,44,15,24.82,70.95,59.97,-23,64.44,-13.11,38.79,-8,1,26,32,143,-12.31,113,39,17,-41,14
59,11,-7.81,85,-2.77,-15,0,-39,32.98,144,-48,10.49,-37,58.73,71.85,52,39.89,-6,-46,62.79,-22.6,4.72,31,42,34.13
41.2,63.82,32.61,23.88,67.32,115,121,2,4,102,55,9.78,59,49,99,48.19,-9,-23,-23,31,41.77,67.32,59,147,93
-12.55,-2.79,-35,73.59,88,24,74.71,-7.7,32,119,-37,-5,50.34,140,123,89,59.91,78,32,145,23.27,69.08,38,33,12.07
47,33,52.65,-24,-14.31,-18.41,-17,111,83,-23.2,-17.5,23,57.11,119,3,-4.68,25,68.63,1.64,-1,-0.04,47.39,19.23,-2.04,-6
-21.66,71,52,-17.26,75,17,39.73,23,-13.64,68.73,22,71.9,-17.34,14.23,29,76,83,-5,7,68,94,-33,75,26,20
129,9,98,-10.76,26.59,-4.6,22.49,-28,59.41,82,35.69,8.34,13,6,41,136,68,23,47.38,-46,-8,96,38.3,-24.85,64
-8,123,-7,21,8,25,-40,88,141,40.87,4.77,-15.99,39,12,0.69,-8.73,69,25,66.22,52,43,-7.91,49,-26,132
20.12,-31,24,137,47,98,62,55.7,17.02,-38,60,55.62,119,57.49,-18.03,12,-28,11.61,60.49,-5.1,-10.74,-43,-29,-6.3,136
21.97,61,8,44.44,41.65,140,83,-29,-22.35,88,29.48,102,-7.8,43,56.07,64.16,-15.3,142,12.54,-4.2,33,-22,36,53,-4
-42,82,52,45.16,67,-5.9,-25,126,69,38.23,32.01,140,38,62,10,32,-21.17,-29,-33,53,31.53,71.03,91,-42,-24.74
86,77,32.1,-21,68.26,75,20,88,-49,-18.05,34,81,20.34,74.33,88,114,-28,21,19.44,131,-5,44.08,12,-40,-43
129,-37,-49,38.55,15.71,13.37,65.73,132,37,20,33,37,-14.42,3.93,22,46,14,45.41,-32,-24,-32,16,73,15.72,-19
49.15,-38,-20,-23,83,-23.09,-12.86,-1,44,64.86,95,23.02,2.66,47,7,-17,108,46.71,59.87,33,56,-34,-46,44.51,25.58
71.27,-5.01,-32,-18.65,-10,34.47,-12.03,59,50.25,76,-7,70,64.38,66.38,136,44.83,20.81,122,102,-23,60.56,106,53,69,2.4
77,43,83,67.77,-11,-49,46,128,-12.69,-20.66,43.11,60.54,66.67,-20,16.26,77,-6.4,-15.92,6.74,125,5,73.14,58.3,-16,-33
83,15.22,54.1,68.41,-30,3,115,84,27.51,-6,68.78,-38,-44,68.96,99,49.13,-3.02,32,53.12,42.05,29,89,59,89,-6
45.3,142,-21,71,58.54,-44,73.92,-0.09,55,-28,52,55,20.43,14,94,-37,77,63.11,58,53.19,-50,62,24,23.44,28.38
-2.23,-38,107,-22,46.75,-20.18,20.56,-23,58,17.56,61,145,83,53,17.54,18,79,-21.35,75,-45,55,83,48.75,-15.13,15.42
130,38,9,110,81,60.5,38,34,-10.27,14.7,101,52,68.89,24,4.35,21,13,2.08,27.5,64.46,101,4,27.82,75,54
71.62,86,-14.97,76,8,-3.97,102,20,30,140,1.34,39.62,65.95,-15.05,2,-43,32.01,2.17,16.1,16.38,-5,19.47,-15,61.22,-7
55,5.42,5.31,-15.66,43.36,6.02,11,-24,33,111,110,101,1,67,142,27.37,102,-29,63,9.88,40.34,52.22,-21.4,55.76,19.85
48.94,33.93,138,23,62.33,45,115,-13,9,129,64.89,-19.36,25,99,36.76,43.59,37,67,56,110,102,127,41,52.31,28.57
112,13.49,147,-21.61,75,52,38,24.98,-15.08,-17,102,96,5.92,35.1,-7.03,15.97,40,43.92,34.22,123,-1,65,10,130,-24.51
138,105,80,85,66,133,-12.57,76,65.05,34,25.1,-4.72,102,75,-38,66,109,-44,31,41,32.62,17.92,44.69,-18.43,25.24
145,52.42,92,-14,-6.47,-27,74.26,10.27,-29,7.75,88,9.35,-47,65.91,62.22,-6.52,-16.59,118,131,25.28,111,38.11,-23.9,33.67,-17.5
5.81,142,146,138,78,71.69,70.96,-22,-11.65,2.15,116,87,86,-20,9.7,-21.27,41.2,54,120,-49,-50,53,100,60.64,-18.91
110,19.65,44.63,52,126,126,95,69,61.23,-9,33.66,-15,29,76,3.85,51,26,13,36.24,54,-3,67.16,94,24.01,-15
-42,-21.68,10.47,116,76,-4.44,-3,-45,74,74.81,51.94,52,93,51.18,-14.96,59,-29,-18,71.51,33.01,19,-50,70,46,-3.25
144,-12,-43,140,41.2,48,-23,11.5,5,134,23,36.79,-11,68,58.02,22,32.93,-22.27,13.24,80,9.47,-20.33,87,41,56
57,14.92,55.98,59,-4.91,-5,14,43,19,58.2,-10,8,72.47,6.62,33.36,67.86,17.2,-35,-11,46.76,59.74,121,-33,-32,99
-16.08,0.24,-23,11.82,56.94,38.81,-45,-32,111,60,8,-13.92,-48,34,-37,40,43.46,-15,50.8,5,32,105,86,65,62
47,108,87,41,-14,41.26,32.38,48.19,86,81,13,-5.3,7.88,131,0.75,44.7,34,147,30.09,-7,-24,43.07,35.35,-20.62,-24.43
2.51,111,81,-4.89,117,-16.11,54,5.85,42.37,54.24,8.41,24,133,129,-30,38.77,43,-3.17,149,-35,73.01,35.68,38.26,48.14,22.12
143,34.3,35,8.54,-40,130,-4,63,62.45,-17.96,-17.46,-5.96,94,-19,46,12,-7,17.56,61.8,51.94,-15.91,56,-39,102,-32
50.12,54,0,67.51,-44,52,-18,105,-21,58.52,2.16,-21.53,41,134,-15,84,5,30,-26,27.21,128,11.35,52.56,70,38.4
11.7,104,135,11,3,-45,110,-3,73.43,1.2,-20.17,37.71,141,117,82,65.9,-45,57,59,-19,-25,41.73,6,65.15,79
74.75,59,149,-18.42,27,69,3,-41,125,5,139,-48,2.25,63,-50,-43,107,143,18.63,-40,29,-19,-1.25,-13,118
54,-21.98,-48,30,67,47.55,68.96,-4.67,1,4.23,33.55,74.5,73.16,99,77,-44,-18,111,50.48,41,125,95,124,144,27.86
36,-25,131,137,-2,49.87,128,33.54,32,22,-17,-44,18.81,135,-21.08,105,-19.88,-27,-44,-15.54,-23,41.16,117,1.14,-26
-36,-17.2,-1.45,72,76,101,0.86,26.53,14.2,115,134,2,35,115,118,48.86,25,-12.78,39,23.16,149,146,147,134,111
-18.31,80,33.67,62.39,-19,5,27.69,98,39.4,-24.81,18,-36,84,-36,-4.5,-20,54,-24.96,12,-3.72,48,48,1.09,60,29
60.64,-35,148,-11.22,41.68,83,73.49,-8,63,140,16,79,71.48,-12.13,64.13,74.29,114,-18.14,146,39,-42,25.21,1.04,109,100
10.62,-43,18.65,33,-40,45,46.75,55.49,48.7,87,56.46,9.68,33.33,136,17,-1.91,22,49.13,20,77,148,74.82,88,8.84,-18
132,2.07,71,23,123,141,134,112,64.65,9.14,-20,25,-10.96,47.08,84,-33,-15.91,-8.06,21.25,83,47,76,71,-39,31.19
20.16,7.36,43,-20.36,-10,113,112,6,23.18,57.32,17,65,25.81,47,125,56.15,70.5,53.18,14.15,80,14.09,-10,-39,67.5,66
124,38.18,-3,44.67,56,-22.8,-26,10,68.84,-47,-20,8.65,7.5,-34,93,64.85,20,22,39.6,-4.18,8,-0.82,19.11,39.58,-6.12
43.27,-37,43.97,54,40,-4,55,-1,37.61,-49,-5,9,36.97,125,64,18.42,104,35.69,104,38.44,70,-8.49,139,49.27,103
96,25.15,98,-28,38,73.78,-11.44,0.8,111,10.06,56.67,68,32.64,67,-18,9,46.31,92,4.07,-17.49,121,117,-36,-20,-19
-25,65.55,28.16,101,-7,118,129,10.77,3.26,-14.35,36,-20.61,-36,35,30.56,110,57.8,39,9.46,7,44.81,-7.96,109,9.23,-32
-40,69,56,1.44,37.99,22.41,109,46,-23.38,66,8.92,71,57.47,74.27,71,98,56,47.86,19,122,-4.85,-9,70,-24.3,-0.48
149,-4,87,-1,-10.89,43.32,2.15,-49,46.63,0.56,73.37,72,67.1,101,131,17,40,36,-5,11,64,33.12,12,45,57
98,8,-20,129,146,35,-10.07,121,102,6.02,125,31.8,87,58.9,42,28.54,28,54,-13.05,71,51.99,148,10,-22,26
15,61,25.92,144,71.34,58.13,111,21,85,-42,73.83,12.44,30.92,105,-2.57,61.97,-2,61.62,45.45,75,-13.91,0.95,-5,20,18.25
-43,119,-23,123,31.72,-38,57,-29,35,65,25,65.99,57,70,25.65,79,40.14,105,104,54,66.6,27.06,124,139,127
-17,52.39,-37,79,84,-3,-49,47.02,-18,-32,122,93,1,-21,22.31,27.56,88,-15.6,-1.2,45,22.56,106,-48,-12,10.25
7,70.86,16.84,59.17,-31,123,43,127,13,66,-35,40.5,72.45,102,66.83,55.39,-12,18,-17,19.16,-3.56,51,64,44,84
-47,14,46.96,31,105,54,-6.14,-12,-23.91,105,-35,101,65,71.5,1,-33,-17.81,69,63,-16.75,-11.86,21.23,122,49.59,57.13
-19.35,119,51.78,27.41,23.11,66.6,50.99,56.27,74.55,41.98,16.71,45.48,-14.77,0,-18,13.41,54.55,70,101,126,20,-30,-46,26,147
13,-4,1,-32,-18,-21,8.72,40,69,107,-27,-20.41,64.41,40.46,-15,41.42,13.01,61.03,22.78,20,103,39.62,67.99,87,102
-13,23.96,11,45.32,131,69.05,22,74.15,60.81,18.92,42.83,39,59,22,85,35.16,24.45,65,-39,82,39.92,-3.36,33.43,36.47,28
46.53,72.12,0.08,61.41,16,30.04,90,139,70,25,9.21,28,145,61.25,-3,23,35,147,39,-22.59,34.44,32.89,59,14,141
124,-7.73,141,131,28,-40,95,-39,34.21,114,147,-18.76,-50,20.09,6.55,49.34,21,94,-35,92,-13.51,20.04,18.65,16,36
60,113,19.29,23,6,147,106,68.74,44.98,62.01,-16.77,99,108,74,64.56,125,64,-42,54.64,128,54,-39,33,42.24,25.75
33,-4,106,8.05,31.69,-36,13,107,-31,-13,-31,127,142,33.27,23,40.11,53.28,13,23.87,55.11,43.96,-24.17,-37,-41,22.4
68,46,122,46.8,-21.92,46,-14,44.36,69.92,29.68,-2,43,16.19,74,46.64,36.38,39,-20.19,11,17,127,58,-9.67,71.43,7.41
14.96,-7.55,-38,79,5.13,103,0.68,86,-5,139,125,145,41.51,27.44,-21,20.1,-13.27,1,13.79,65.62,41.03,76,-3.26,65,1.31
-22.92,-33,-39,-11.76,-12,-19,35,-38,52.94,109,-15,64.71,60.62,8,63,100,89,2.11,17.47,38,40,56,13,64.12,25.52
112,49.75,12,9.54,31,63,-13.18,38,24,66,17,22.54,-6.06,139,-16.05,74.46,51,40.46,65.16,24,4.01,52.73,40,29,71.15
90,-22.51,44,26,41,-22.32,98,-14,31.87,33,121,122,51,-10,131,114,54,64.78,27,118,139,-6,32,7.48,-7
-16.78,-4,32,81,36.23,36,9.83,91,139,32.46,49,74.05,47.56,-17.39,72,-44,8,30.63,24.35,60.06,41.63,100,-50,67,9
13.43,55.78,128,23.72,20,83,33.79,15,45.4,44,74,42.69,74.21,51.19,55,35,84,22.54,51,28.03,-19.43,37.53,-15,129,19
97,-5,33.7,-34,-19,20.81,30.41,40.3,57,68.8,-9,89,18,125,-38,-15,36,-8.6,-34,37.14,-16,-13,91,39,-22.52
7,78,21.53,85,25,62.76,11.36,-40,16.71,83,-43,14.96,44,40,142,90,22,46,73.87,74,73.39,136,-28,68.07,29.79
-7,92,0.29,54,64,32,-41,27.89,23.06,141,-15.18,-24,71.63,45,85,18.37,81,66.71,3.55,2.12,-23,-7.5,-16.64,-2,113
45,85,-12.47,47,32.22,43,1,7,86,69,33.18,60.76,100,81,87,77,-17.84,145,119,65,148,60.31,1,33.38,-18
59.56,6.29,54.49,118,-25,-15,26.69,81,71,54,-48,59.19,48,57,136,64.59,-7.71,54,23.47,-37,-46,-29,101,35,-21.81
-32,3,76,40.13,100,69,100,-19.35,52.14,-47,-47,109,-20.02,54,7.71,138,29.63,9,65,102,75,58.87,37,57,1.06
8.87,11,-20.56,79,-6.35,-29,38.63,-5,103,10.7,-43,84,-11.68,35.89,61.67,-20,28,65.59,45.2,26,8.35,26,12.6,56,2
38.81,-47,14,1.52,22,65,33.76,51.4,36.74,50.54,-43,25.51,89,75,50.39,-35,136,89,87,17,75,-39,5,12.34,55.65
6.29,124,98,130,140,50,-17.3,-33,16.62,6.68,-23.21,-25,113,13.1,140,64.12,31.7,-32,-37,-12,65,-43,79,-14.94,94
92,-5.99,-6.4,26,39.73,36.88,71.25,102,54.56,57,28.89,119,115,56,29.5,-5.42,87,31,98,53.99,147,-33,12,113,23.06
107,28.1,2,5,68.7,16.6,107,64,96,-12.1,122,8.44,25.46,7.09,48,-12.57,56,-43,87,3.67,-10,49,34.19,138,46
139,71.62,65.3,32.26,45.04,23.25,2.3,9.71,142,10.66,128,30.93,-22.3,22,-16.5,-16,126,66.53,13,129,29,48.45,-20.08,27,25
41,-7.9,-25,-46,1.93,-40,8.64,74.72,-12,41,-9.43,34.3,9.42,-12,49,3,-7,105,77,26.24,9,25.86,-28,116,66.34
18,-23.41,89,35.18,44,40,31.18,7,34.18,13.3,3.05,58.09,-41,36.69,-7.88,-14,18.05,46.04,51.18,117,-16.25,137,69.46,2,5
35,12.56,-12,22,-8.99,8,34.74,57,61,24.18,-45,-20,-21,9.53,40.64,73,-16.12,27,-21,-30,-9,-47,32,25.05,133
-18,-10,-1.53,59.63,80,-10.34,-18,126,-18.97,28.84,42,-21.99,104,48.34,107,120,31,-8,48,92,-22.74,-3.79,-14.12,-20.12,70.22
-17.79,127,100,32.89,37,-14,111,39.34,-33,-8.07,1,21.81,57.24,-2.73,-31,106,65.35,89,71.14,130,74,40.12,114,-24,42.44
11,140,69.76,0,-3,-19,0,50.3,2,81,135,66.02,132,14.46,-8,72,-5.28,130,129,53,60,8,140,30,-16
52.66,72.4,9.76,11.07,26.17,38,1.88,-1.94,57.47,92,56,18,-9.23,1.05,-33,33.33,28,52.38,72,14,-40,62,-15.37,-15,129
139,31.57,-35,19,2,37.03,134,57.04,14.38,123,-27,63,31.58,74,13,-3.92,140,102,140,85,16.42,60.55,46.83,-46,33
-17,53.74,30.19,-2,58.82,-19.85,63.87,91,49.56,-12.52,135,27,32.93,65.36,132,2.01,41.84,12,69.23,12.68,-10.25,-4.95,26.75,85,-9.68
56.21,148,30,59.39,3.69,68,97,55,-16.1,14.16,70,57,-10,32.99,140,-46,33,-21.12,-12,23.2,-11.89,74.5,-36,142,10.31
62.7,30,145,-19,-4,40,-15.47,-36,108,83,1.67,40.09,-50,139,30.55,142,81,-45,76,-28,56.06,7,8,-4.6,62.53
121,131,134,-1,129,-43,23.48,105,-14,22.01,133,61.83,78,35.32,1.6,72,3.55,109,3.63,5.68,21.12,34.84,28.27,74,87
144,-7.67,-27,140,-5.27,13.61,7.98,-29,103,36.99,51.94,-14,17.46,-32,-20.69,119,0,42,43.18,139,-24.21,-10,47,-21,125
51,76,33.6,-29,116,42.2,31,109,40.22,143,133,11,75,123,124,137,29,-33,108,123,-8.25,25.14,90,53.24,3.12
138,-34,9,42.32,146,-16,-1.31,88,43,-27,-3.21,-6.97,36.31,-7.11,-29,10.44,1,68.45,87,46.13,-1,4.39,-44,-21,56.87
131,93,27,72,-20.01,47,-23.62,59.95,-50,12.28,32,39,-25,-16,-16,-23.58,2.54,-11,13.74,30,138,27.4,15.07,-45,60.3
27.4,143,69.06,-29,38,22,16,60,-49,47,-20,68.75,31.79,66.08,59,68,114,10,-0.85,30.13,5.05,114,124,115,64
32.01,-25,26.1,47.14,-49,115,81,65,-36,101,105,67.28,94,73,139,-32,31,-46,22,60.69,115,41.27,59,-15,121
89,120,69.72,-15.78,17.88,46,-46,72.6,149,60,44,148,145,38,7.17,73,59.1,7.11,103,-3,-30,10.26,9.92,137,137
95,0,-22,52.07,59,45.01,35,30,-8.04,-7,86,18.62,10.93,-29,87,104,91,39.54,28.58,24,135,-15,-23.69,14.83,92
2,21,43,-4.2,32.28,8.86,126,119,113,116,-3,86,37.85,71.66,65.12,1.49,71,142,12,55,33.58,41.69,124,54,8.3
26.99,-25,18,15,101,-12.9,12.19,-19,85,79,86,91,7.78,44.62,-7,104,44,-24,14,70.4,146,35.62,74.43,1.56,-28
21.01,136,143,66.91,12,99,-8.31,-7.83,18.42,134,-13.98,52.09,-22,7,35,41.62,26.29,122,77,-22.91,12.24,29.1,12.47,33,-22
23,143,8,-19,49.58,121,67.01,51,19.12,1.09,90,25,31.75,146,149,12,47,-24.99,59.65,25.53,60.04,130,-36,52.57,8
-42,35,70,16.32,-11.57,-10.35,29.31,26,45.58,-18,8,45,137,148,19.86,41,123,20,-2.08,22,-37,-37,51,-11,122
71,21,57,46.87,11,141,146,79,35.11,141,134,-18,-18.71,78,41.04,100,-40,5,2.47,110,127,-47,90,-8.94,66.06
-40,82,12.94,67.17,-24.33,-34,54,-45,68,67.01,45.14,28.42,32,102,45,-26,-4.81,114,-19.54,26.22,34.2,27.12,137,41.36,62
-39,-9,-32,50,-19,39.24,63,-5.07,50.23,126,58.28,55.29,-14,-21.91,20,117,28,35.6,138,57,-32,58.48,68,24.19,144
53.79,-42,-36,82,83,-45,-9.52,-12.05,9,32.19,-17.35,54,137,35,-14.55,57,-20.82,22,37,80,57.53,64.63,126,12,-12.09
122,57.71,66.2,55.02,120,31.52,30.38,-25,71,-12.52,22.38,-33,54.88,28,21.42,66,-1,58.09,-25,108,98,-12,27.4,-5,47.93
74.6,-49,31.42,74.55,22.75,11.92,-13.97,16,-20.14,-13,2,103,-45,-4,6.82,65.77,46,-15,70.06,-15,114,-24.77,-9.73,45,7.8
17,34,54.6,-13,99,-32,115,-21.99,76,16.04,28.05,75,37,-13.61,-16.4,78,9.05,62.89,4.14,9,-47,16,-10.66,41,25
-18.11,-15.4,-27,147,76,57,107,103,41.33,42.94,42.39,8,10.38,17,-22.73,64.14,-15.16,-4,4.7,29,11.4,-18.61,67.52,76,65.91
6,71.99,138,98,76,-18,-3,38.7,72,99,-46,-6.21,29.21,49.36,93,-32,136,33,68.4,0,50.55,6,26.39,142,81
77,-9.47,18,42.02,22.73,-27,49.23,-24.38,36,8.56,89,-13.15,56,68,26.27,-20,104,101,-38,51,70.88,14.32,135,65.61,44
-43,32.73,12,-6,44.65,124,91,71,30,8,59,-31,112,78,-37,51,35,144,64,149,36.83,134,46.38,34,62.42
48.82,38,44.2,140,92,115,66,-11.17,66.36,65,24,45.7,44,59.28,-24,58.92,8,36,-5.87,-30,59.33,68,-20,67,66.59
-11,11.07,50,143,47,124,72.87,143,64,2,37,61.56,40.19,131,95,50.05,-50,141,20.73,-14.02,34,25.67,-23,-26,-24.43
131,24.17,14.16,135,56.25,37.71,2,11.95,-17.29,76,16.37,-7,28.2,34,-28,117,14,81,12.94,45,3.81,93,0,124,-4.62
-41,-48,9,-15,40,6,52,-45,95,57.35,62,86,46,-18,49.06,-24.97,-31,135,8.01,40,3,114,41.47,50.62,63
-31,96,123,105,24,53.21,49.61,-29,5,28.98,-3.28,-41,31.2,22,28.55,24,-22,106,25.54,57,127,57,51,58.13,147
5.06,61.9,25.32,0.69,-31,-46,-20,11.93,-8.55,148,128,-47,66,26,0,-38,31.3,23,17,-16.13,74.82,71,52.89,17.75,90
-11.92,0.55,142,83,23.98,18,-26,49,35.29,-34,64.08,59,-13.14,132,52.81,139,90,70,62.99,67.11,80,-20.01,10.79,-38,-5
100,-49,11.48,43.37,-7,-25,26.35,93,60.78,142,92,54,-17.82,-47,17,32.64,23.15,50,100,35.44,-25,25.24,66.78,6.82,-19.97
44.38,-17,27,134,-37,-18,30.18,3.34,146,8.51,28,129,-41,149,0,-1,131,122,30,14,50,29.02,18.79,114,59.06
-11.48,131,-32,96,35.96,76,112,133,48,121,-7,-10.2,135,48.59,18,108,12,-24.93,-48,52.73,-22,68,-18,40.8,10
-7.8,59,7,73.98,5,72.33,64.61,-27,29,94,-9.9,-12,-3.19,16,3.01,37.99,81,28,135,47,128,64.81,3.15,65.15,-17.21
147,18.94,60.25,96,84,98,-20.15,49,86,148,-9,-22.97,-1.23,-48,52,7,2,52,32,-24.58,0,-16,110,45,73.26
-29,-21,139,69,110,23.7,124,87,109,-49,67.4,57.6,13,80,18.32,50,-36,-6.36,-30,19.21,-9.08,70.19,99,140,59
63,42,42.01,47.5,-8.25,34.25,1.71,26.12,-13,112,128,109,-3,52,8.39,124,65.36,7,-26,51.91,72.24,2.1,-1,-8.44,84
23.41,61.73,1.58,131,54,-19.4,73.87,27,67.94,107,62.47,118,38,65,54,-50,-24.42,-39,48,136,138,43,121,-17.12,67.91
-16.35,58,67,42.17,70.32,31.49,18,-10.41,46,71,97,25,127,15.61,12.8,112,47,5.88,37.24,63,70.23,-24.08,39,-20.36,25.14
6,45,-23.62,8.06,-2.57,31.28,74.65,36,-1.68,84,71,29,-6.51,70.78,113,67,50,23.78,14,-45,13,31,1.73,-44,24.71
-23.71,49.42,28,70.26,-25,103,7.06,-45,2.28,-19.52,51,29.54,6,75,109,33.53,27,35.34,42.91,44.1,67,72,66,-20.77,69
61,-35,-9.71,26.41,-13.2,37,14,49.35,87,-15.09,-33,-40,8.19,147,68.04,-9,-19.64,-40,48,-18.35,26,-13.7,-23,-14,59
-7.72,135,47.14,55,42.61,3.27,61,115,48.7,-15,-25,72.98,-47,45,50.44,5,16,7,11.15,146,75,106,43.71,146,30
25,129,-43,43.91,69.83,50,99,65.7,25,17.09,107,147,88,40.29,53,114,38.17,4.04,139,3.01,74.88,41.77,98,91,138
20,35,-7.23,0.32,43,9.04,14,20.98,103,61.52,61.55,9.93,72,23,10.58,97,24,-27,34.5,51,-38,120,-18.64,89,41.86
3.39,-12,-37,74.44,97,10.42,50,15.25,-7,-13.03,133,122,36,14.29,62.59,-20,62.18,55.6,8,88,15,130,51.23,106,18.31
57.43,36,80,-0.58,-9.02,58.37,130,123,-31,110,-36,-2,41.49,61,114,10.38,44,-4,122,95,-4.22,-42,-24.94,40,45.53
-24,48.01,95,1.6,44.91,146,135,52,91,70,-21.09,5.89,3.69,32,24,4,79,-48,32.25,-12,36.58,63,72.89,135,117
61.13,56.38,134,68.27,49.17,83,38,107,6,72.88,115,71.24,47.5,-3.46,37.13,-36,123,11.08,-49,105,55.16,-6.94,-5,72,26.86
118,-19,4,79,115,50.5,19,14.12,-10,83,13.34,11.11,61.31,145,132,-4,-47,-50,49,146,58.81,120,126,0.36,104
10,-9,3,-25,65,106,18.31,-9,-48,-2,51.1,38,34,73.56,24.66,11.08,-7.2,48.64,62.09,146,19.47,23,92,73.06,61
-15.5,56.76,38.32,64,49,5.23,57,72.57,-20.99,4.95,-34,34.58,50,27.23,32.62,38.1,-32,-24,23,63,18.47,-14.63,-10,87,60
-23.65,1.67,-46,116,30,48.59,144,25.74,-16.57,-29,74.77,60,65,147,24.14,81,-13,36,63.6,106,-13.66,49,-22.15,20.66,-8.22
-50,31,118,14,-5,98,24,143,70.68,-2.54,28.94,-18,44,111,-16.81,18,38,24.75,4.51,-16,34,59.55,144,-15,-15
1.91,74,64.15,148,34.82,59,69.21,130,89,127,11.55,14,10.26,148,70.99,120,143,26.61,69.64,-24.26,113,18.58,59.86,1.6,73.32
-4.8,88,-5,20,89,17,18.93,-25,45.63,-23.33,34.7,-44,-10.79,6.34,-45,-17.9,32.79,7.12,23,3,56,133,14,32.75,42.14
86,7.64,-2.29,52,56.39,-15.81,77,71,15.81,-12,23,23.65,60,36.35,-20,137,12.77,103,24,30.08,12.69,115,93,10,-35
-6,54.8,6,73.94,37.35,72.6,92,46,-21.84,-24.6,36,19.51,3.74,105,124,125,-18,52.44,121,6.04,-8,55.05,-1,-36,56.38
34.52,130,16.32,-1.57,73.59,28.57,26,-8,51.91,58.47,-37,56.89,66.9,53.72,74,26,49.28,10,121,27,146,26,-44,18.42,49
35,10.06,3,-27,96,135,96,97,138,38,29.57,97,-0.28,110,-40,49,-49,60,-32,67.39,69.5,57,75,93,49
-21.22,25,17.95,46,-14.62,28,-30,-20,3.96,135,3.32,116,82,132,45,-14.58,-23,134,68,-6,-2.77,-24.87,-32,22,53
32,54,-20.5,-13,36.25,15.8,20.34,22.97,24.91,36.94,0.2,3.05,35,47,5.68,14,38.51,27.66,94,108,28,129,18,73,2.55
124,37.96,62.2,-18,2,46.67,-26,-35,135,58.67,18,47.35,-1.29,108,83,122,-20.83,5,-16.72,-44,-42,-5,-19,89,53.84
32.1,72.96,48,58,46,15.99,54,-25,12.47,46.57,22.5,48.98,32,-45,80,30.73,88,40.52,69,-30,16.92,142,48,-43,30
-14.42,74.16,-35,56.7,-24,16,3.56,52.14,8,21,42,131,17.1,30.41,22,48.73,42,22,134,-42,53.65,15.16,-28,-11,-12
-11.28,124,137,65.96,50.25,45.73,49,-47,-0.03,-10,65,45.53,-15,-19.56,-8,135,-15.57,26,47.39,14.92,33.65,82,57,30.79,27.85
41.64,-23.43,9.24,3,-9.28,144,46.08,63.81,31.17,-9.73,-31,-26,-0.09,14.45,-20.82,111,17,105,48,28.28,143,-10,54,-16.02,95
-12.75,-13,145,66.61,99,-40,147,21.91,2.55,104,27.01,46,133,59,66,60.09,75,90,23,-10.59,3,24,-1,142,-11.18
-7,35.1,19.77,146,-30,57.94,4.06,-17,43,84,-5.03,132,-17,24.15,-43,2.78,25,38.12,12.32,23.75,13.63,-12,125,-41,21.06
44,103,71.59,-1,104,11,-49,18,80,135,5.37,36.52,29.08,2,-33,-7.31,-15.21,-34,65.09,46,122,77,88,125,83
21.15,-6,88,-32,137,37,-10.22,-20.3,30.73,90,1,35,134,112,7.42,17.11,146,128,29.6,-11.65,39.88,16.87,41,127,59
13,13,84,-50,38,82,126,148,-41,69,107,26.16,38,-23,6.8,140,6,96,68.01,131,13.67,56.55,32.04,58,135
28,31.25,8,95,-11.84,23,44.32,44.88,-6.9,66.76,0.69,54.92,61,85,-4,-7,102,53,130,-34,74.08,11.18,9.99,-5,-38
18,29.67,44,72,105,88,31.86,118,5,91,-48,-16,60,33,24.64,30.16,19.19,33,22.74,66,38,-8,134,19.68,146
105,17.09,15.02,113,29,-13,-13.26,-9.08,71,5,24,63,80,-43,105,-17.44,4.83,-47,84,6,21.21,47,110,39,123
41.51,124,32,112,94,13.6,130,70.93,-15.95,12.63,-14.76,10.71,64,9.95,1,141,18.3,40.99,21.91,6.97,29.85,-39,-25,50,118
115,12.56,60.48,-37,5.65,2,13.35,-17.89,51.19,-39,-10,0.35,5,67.49,4.36,79,71.08,99,-40,37.44,26.87,84,103,-1.91,-37
40.22,126,68,34.42,141,-1.48,-9.96,-11,98,-19.26,13,7,62.11,53.04,33.44,102,85,-0.82,127,-2.38,-44,-22.24,11.99,15.72,9.9
85,24.97,8.78,117,-36,131,-0.21,29,124,84,-3,-22.3,73.19,-46,-34,-45,149,33.49,-11,22,144,-20,6.8,25.77,-19.79
146,102,-4.88,-22,61.52,76,-46,145,-29,53,38.64,-14,-8,101,-12.71,43,74,-10.59,43,-6,-33,91,2,15,-18.03
-43,138,52,6.28,13,-5.23,26,6,34,45.41,-7,85,58.79,126,-7,25,-21,-48,70,16.85,-28,99,-16.03,45,63
-6,-28,-24,-21,71,-16,74,16,80,96,50.97,-11,68,53.09,109,41.94,-37,-2.82,34.58,39.51,8.27,-11,46.39,95,61.31
140,25,131,38.12,19,-17.91,63,72,-47,113,59.85,145,-16.79,74,-9,30.25,65.4,109,87,137,55.06,-4.16,119,-38,90
144,80,28.6,107,102,45,64.86,-11.5,93,115,13.47,60.85,-13,124,143,59,44.51,48.39,149,-17,-10,40,145,13.94,52.57
49.85,24,-8.39,-12.14,10,-48,-21.25,-26,60.73,66,-20,98,-17.48,8.29,10,126,14,24.19,-9.98,5.32,-4.25,-7.65,127,56.02,-48
-21.12,33,-44,21,26.51,12,107,-19.75,28,93,73.82,37.63,23,35,44.35,142,76,30,139,56.28,16.6,22,96,45,7.92
136,1.44,88,75,88,149,8.19,-24,23.13,37,8,5.35,92,68.24,9,27.18,0.91,100,87,141,-14.44,121,-6.1,2,11
-3,13.09,104,103,35.98,-5,-46,0,130,33,63,35.95,143,139,50.71,110,41,68.33,17,13.8,-10,59,-6.15,31,-15.47
114,140,30,139,90,10,44,14,18.42,55,2.98,116,31,-18,92,74.92,68.81,1.66,55,36,-16.84,143,-39,-28,15
-32,52,-27,66,110,65.57,26.12,-16,17.73,42.23,32.83,-13,64.89,28.48,25,44.9,30,-30,-14,87,-17,17,-9,70.15,64
38.96,61.8,101,-37,72,54,-39,-15.8,83,120,-6.46,66.38,23,-38,6,-7,-13.72,149,33,-12,27,-21.32,57,118,48.75
27.04,67.79,-3.28,-35,15,-22,141,85,68.29,32.54,8,53,-11,-17,59,104,-29,148,16,113,-34,16,-24.25,-4.61,52.09
-26,5,58,10,42,-11,10,-49,-2.46,42.82,34.3,118,39.33,22.97,37.63,88,99,9.21,62.94,141,11.15,-20.48,-14.23,61,-47
76,66,71.25,-15,138,63,75,-31,68,45,-42,52.79,49,-29,43,78,99,131,19.26,70.11,103,11.27,75,98,-1.7
-22,79,36,111,35.96,45.63,-3,61.52,9.72,108,1,99,41.06,51.43,52,134,6,-15.66,81,-41,-35,49,26.91,25,-44
53.7,-12,-16,63,117,133,46,27.08,-36,76,-1.1,59,106,120,71.94,75,48.93,66,125,40,-32,11,63.48,70.17,-45
9,-23,43,31.21,70,-15,-2.81,42,6,60.98,14.86,53.89,36,45,124,-19.04,16.46,-27,116,65,-21.79,1,40,10.21,147
15,11,92,-7,104,127,44.73,-22.06,-27,-8.91,98,18,20,51.18,21.97,47.01,21,113,-24.66,81,-18.75,-35,121,-37,66.03
134,45,-33,-18,27,18.06,-24.05,-1.5,55.55,-15.17,-3.01,57.26,51.16,0.23,53,122,52.92,-2,43,142,41,46,44,-16,5
127,-0.07,52.75,38,122,58,40.36,-17,16.4,46,-10.07,7.75,12,106,41,143,64,-13,-11.75,-18.47,67.02,-32,2,14.14,15
94,-40,121,71.72,67.71,70.5,27,38,-0.99,58,-8,20,102,42.7,37,64.22,46.62,-41,89,-7,53,45.41,129,17,16
118,54,-2,35,46,29,-11.85,-30,42.05,-35,-2,16.44,26,-3.47,139,97,52.41,103,9.35,125,12.67,30.15,-24.01,100,99
-32,-1.26,63,109,122,5.58,32.1,62,67.06,42,114,129,-31,-5,133,21.93,13.27,-3.96,-48,95,55.59,67.61,23,-3,109
-14.55,5,24.81,-0.67,-50,109,37.44,19.6,-16.06,27.79,33.78,18,92,32,125,10.27,76,66.43,-36,41,2.46,-0.1,-14.25,-15.14,105
66.06,74,33.85,44.02,114,135,126,-28,10.85,147,16,16.53,68.97,109,-19.41,5.24,-33,30.55,16,-7,41.64,109,102,125,52
69.31,13,19.21,-37,66.97,-2,104,-23.58,141,31,107,-38,-34,99,3.22,-15,-48,98,33.58,65.73,-42,144,25,38.73,2
-38,-2,35,12.88,-43,28,117,-50,52.59,53.08,64,-26,34,97,-31,-48,32.18,34.13,94,19,41,-23,8,-4,-10
2.16,126,-8,15,-32,13.43,117,53.49,86,20.48,44.45,104,42,23.34,11,-2,-5,-50,125,134,122,50,103,61,37
0,47,71,73,23.44,63,-21,1.05,-5,19,17.53,29.91,31,141,-1.39,-4.23,32,48.05,-17,8.92,37.22,36.96,-42,-23.45,-8.75
113,51,-8,16.28,125,96,0.81,-24.66,-26,-41,-7.31,117,68,12,6.6,8.25,-28,-21,9.16,43.54,41.68,-47,124,41.07,147
70,56.86,21,26,73.9,93,65,22.97,59.76,98,-10,-20.76,32.51,46.54,20.65,33,-1,24.85,45.55,40,39,103,78,18,132
-23.99,37,6.97,-36,-10.61,111,8.96,22.09,66.97,49.64,-7,149,42.66,-40,109,45.12,-30,-44,143,73.75,52.81,50.2,72.98,16.53,44.44
64,62.6,-21.28,108,-3.5,69.33,23.42,77,5,-25,96,79,25.09,-22.33,61.45,-9.8,10.06,125,-22.06,70.88,100,120,38,36,-6
-13.4,14.47,65.63,33.28,-15,73.23,56,-11.71,54.07,5.91,76,-18.32,37.58,-44,61,-7.99,72,30,142,47.88,106,5,-13,51,15
-4,36,33,66,-44,36,148,38,55,123,12,95,56,94,138,60.5,96,27,74.78,72,144,-1,-14.44,47.22,57.37
-3.73,73.34,72.3,48.69,-16,35.03,54.62,-9,15,65.09,137,49,1,134,-29,54.91,38,34.82,51.06,33.09,9,71,20.52,44.92,-23
2,78,-43,69.34,44.94,-13.58,69.63,74,28.24,64.59,78,90,71,-37,-33,-40,32.72,1.77,50.75,-20,2.51,145,49.46,-5.86,63
28.05,84,40.55,33.46,32,6.81,74,76,-30,-39,107,64,21.11,-10,27.33,90,-19.79,4.5,105,-44,73,51.71,82,83,6
123,-8.7,115,54,-22.81,38.11,23.94,1,24.86,101,119,131,94,3.47,89,-19.5,-11,56,43,-4,-7,29,77,22,53
130,-15,118,88,46.43,123,-47,-26,124,40.65,15,72.09,36.07,15,135,-20.47,-37,14.7,-11.56,106,9.53,39.74,47.27,-4.24,20
22.01,8,57.26,99,61.35,-48,23.62,33,-17,-7.84,28.49,104,-7.64,-35,-20,-50,21.85,5.67,-12.15,74.91,-10,-36,57,-12.81,-3.18
49.08,58.71,22,91,124,13.55,-14.28,51.82,69,12.77,-12.12,63,15.12,92,-8.39,30,16.91,49.8,65,67.03,-44,-2,21,130,76
-2.9,6,37,103,23,-12.48,-11.16,53.88,102,61.34,112,32.62,59,8.45,14,37,94,34,34,145,74.21,59.29,46,20,-21.94
33.47,-36,24.49,84,49,73,29.93,78,42,59.24,-28,49.6,146,-7,5.71,56,67.03,64,72.13,53,24,118,22.23,133,-7.55
105,24,-14,26.08,132,52,47,22.03,96,2,36.72,44,-28,28,5,103,2.21,36.55,27,74,113,-7.77,66,31,86
99,28,72.55,131,140,136,127,-8.22,-8.92,66.85,49,65,108,33,149,4,149,69.57,11,-16,-2.92,76,27.56,53.07,11.71
48.92,6.62,87,-14,16,43.83,-23,-11.25,34,1,45.34,72,-20,2.78,-13.14,-23,73.58,-16,122,-7,88,-3.09,-20,45,-42
68.2,61.9,-7,110,7.69,127,41.37,147,38.49,89,122,63.6,124,30,8.22,136,144,65,94,88,68.09,61.38,58,21.8,65.11
54.75,122,-40,-43,89,2.64,146,54.14,60.29,-8,110,-9.92,-15,60,-22,63,86,-22.36,41.73,20.37,21,129,62.89,-21,43.96
-6,58,63,105,68.83,-3,-17.07,-13.72,60,-5.53,70.13,105,48.59,19,-39,49,44.59,3.59,16,-14,51,-11.84,71,-23.48,118
23.44,-19,114,-4,53.53,10.25,-14.9,-40,140,-2,21.83,14,63.13,48,71.66,27,35.38,121,90,16,123,3,-11,28,74
48,50,-19.24,-37,3,-31,-30,40,57,28.2,67,-17,32.9,148,42,26,92,63,9,25.43,46,-11.42,104,-25,102
16,20,89,78,16,-48,-1,126,138,100,29,94,-14.48,68,37.45,47,45.23,4,57,-5,-3.64,-24,7.73,100,50
-23.71,149,11.86,-2.37,-21.74,23.53,80,-4,114,106,4,-18.76,-5,102,17,142,141,-2.67,-50,115,88,80,51,57.17,94
149,19.16,48.5,51,12.05,63.7,112,121,18.12,116,7,26,104,130,57,-36,91,53.52,93,71.3,18,24.68,-17,42.8,30.43
99,47,72.28,108,71,60.57,-3.37,29,42,32.18,14.82,22,21.61,33,77,15.12,-9.11,11.48,-24,-41,92,-2,-20,104,42.88
99,53.57,88,-12,4,51.31,89,27.76,9.84,-9.12,-27,66,55.96,58.32,1.18,-10,100,142,61.54,88,73,31.65,55.14,-26,24.88
104,24.53,69.75,30,115,24,71.51,56,-24,-15.26,-39,-38,-17.3,135,12.6,40.39,46,6,130,109,60.55,78,145,26.12,5.13
66,64,-7.11,127,-23,89,61,49.67,31.17,15.88,19.08,17,16.52,6,51.79,35.55,-21.34,31.71,78,-19.48,56,65.63,10.6,134,-1
5.97,136,16.44,23.9,96,20.01,148,17,-7.13,22.92,133,117,130,71,65.45,-9,5.6,-44,12.65,19,67,0.42,148,-2,118
122,6.39,102,-48,75,59,13.01,-21,101,15,-19,-26,-13,136,43,-42,45,108,25.88,-12,-19.27,45.29,-9,39.35,25.71
139,-4,13,5,31.93,141,56,76,-3.1,18,67.83,-0.11,138,104,59,6.74,-17.4,46.75,80,40.47,82,43,46,142,1.28
74,21.63,56.48,100,5,36.08,-19.56,29.24,-22.8,6,64,-14.43,26.85,64.12,42,8.47,126,51,107,-40,17,64,-24.1,-21.39,-23
50,25.76,-9,-5,64.74,111,-23.04,114,73,-18.58,9,107,-33,142,71.41,117,63.32,3.63,93,30.11,44.8,26,-22.45,54,68
30,53.93,-37,149,14.76,53,42.19,32,-14,32.26,41,22,120,12,125,98,119,72,-4,90,131,128,17.71,53,64
10,66.69,102,134,62.63,27,-12.6,139,34,41,-22.83,21,76,-7.62,22.28,79,78,-10,-45,145,-14,-15.88,-23.41,62,110
66,113,-25,128,25.83,105,-27,146,25.93,36.89,0.67,56,-13,49,95,72.86,18.37,-13.92,12.34,-7.47,-8.51,138,30.57,59.96,79
93,125,92,65.8,22,108,28.8,3,59.13,-29,110,-3,16,34.01,-12,84,54,-31,135,145,75,12.36,30.58,132,139
38,13,-26,0.91,-6.6,43,-33,100,43.99,102,-40,2,2.42,3,90,-12.56,19.86,101,123,5,5.25,91,106,56.21,49.73
10.1,2,-45,59.26,13,72.36,85,-15,100,-19.18,101,139,63.57,114,48.43,-6.52,-15,140,140,42,14,34.01,9,53,36.34
6,112,-34,11.03,50.42,3,54.15,36.61,47,99,123,53.98,146,41.17,32,-15.74,29,144,48,7,-14,31.94,-24.77,25.9,12.64
-32,149,131,40,37,7.05,-10.27,-40,1.37,25.79,51.38,53.01,-6.22,107,75,7,15,50,35.79,92,41,59.17,114,52,36.81
118,60,19.41,70.51,142,13.52,51,38,-32,56.28,63.37,-44,30,45,57.11,15,63,7,-6.75,7,48,51.85,90,-4,24.32
38,-18.08,13,41,-18,2.39,7.66,-23,148,39,19.52,11,106,12.65,60.73,127,40.33,10.69,111,5.44,93,24,45,61,121
15.35,-22.76,20.57,134,-6,147,-25,11,39,-37,-7,140,13.54,144,51.09,57.31,143,97,99,17.46,113,127,57,-2.86,22.54
134,31.75,108,111,22.94,70.36,57.39,2,115,105,71.94,29.7,-20.03,5,140,105,137,59.16,20,-1,12.74,22.91,82,46.68,-5
21,146,-6,13.34,11.49,19,-25,38.2,84,78,146,13,-22.3,22.3,37,54.08,58,134,70,148,23.06,-40,1.22,30.04,-15
-1,126,73.3,106,17.04,40.4,-20.05,127,129,-3.97,20.11,5,-27,118,111,-14,116,69.25,98,-8,-14.35,33.68,10,61.93,120
42,65.3,36.73,63.5,107,72,96,64,145,45,37,100,-2,97,68.27,52,-16,38.56,-31,12.52,-7,55.32,-29,-42,81
-6,28.46,66.85,115,-12.27,134,16.47,122,36,-14,39,8.27,130,143,2,130,31.69,13,57.64,53.52,-8.19,-6,4.5,139,26
49,29.74,-20.51,19,-43,125,77,28.98,-30,58.38,-10.43,97,29,74,44.48,40,0,58.45,24,44,120,-3.56,-1,74.33,121
142,-19.31,46.21,12.63,13,-3,77,48,18.09,58.74,-6,114,0.48,56,12.16,66,-34,41,-7.27,119,57.98,107,46,-25,49
56,57,-20,32.61,21,1,-9,-9.28,-21.94,22,45,94,-4.24,54.57,-15,5,109,27,10,-18.73,93,142,44.16,61.54,69
8,39.47,97,-17,44.12,108,-0.19,51,24,127,63.56,3,-36,14.81,-1.46,3.63,12,33.26,108,-14.2,134,60,6.26,2.12,-10.55
-3,102,18,28,88,40.41,-41,40.21,132,-26,2.6,107,117,27,61,133,27,46,16.34,32.38,-16,48.73,69.82,-4,124
66,101,103,37,45.54,-36,-48,118,71,30,116,38.82,51,38.36,-12,32,134,-13,17.43,73.32,84,112,109,34,-23.34
-4,60,-21.04,61.26,-38,104,133,37,59,40,6.16,104,144,-49,89,-0.67,24.39,21.28,-25,39,-48,6,44.7,138,2
38,95,44.79,105,61,74.55,18,30.73,67.34,82,43.72,99,18.76,8.94,4.82,124,-10,-5.53,-27,30,50.64,-50,139,90,-17.46
-12.4,16.37,60,26.76,47.18,-23,33.05,108,-27,-12,145,-37,113,42,12.36,-18,69.31,57.63,-16.48,18,6.7,27.33,-7.54,23,58
38,21.99,112,102,6.17,133,48.76,-22.43,44.54,53,-50,118,-3,52.13,21,71,-14,2,-2.05,87,16.29,111,-7,-37,-10
29,70,112,-31,31.84,55,57.39,52.67,31.04,-38,28.32,57.01,99,32.34,-9.27,65.89,45.33,65.11,46,117,31.97,21.99,20,111,10.99
136,62.19,134,27,31,60,6.94,-47,-25,52,95,4.67,68,25,48.35,57.24,7,-8.26,74.82,55,17,142,22,55.98,145
-5.01,-40,4,14.81,-17.48,45,28,52.65,38.85,95,50.87,32.19,144,17,123,14.46,136,17.51,117,146,119,77,142,11,16.29
13,78,-11.4,16.47,135,73.64,11.13,17.34,41.06,68,42.92,-0.27,-41,55.49,47,118,53.09,-33,130,58,39.36,49.61,58.02,144,25.24
17.53,139,59.09,145,143,12,-15.46,65.91,90,36,54.37,22.21,115,-14,48,46.26,26,62.38,2,69,25.83,-20.07,5,65,-5.66
-11,148,62.41,-3,-5,136,109,-10,64,96,105,122,40.34,131,25.37,-18.49,62.15,-8,12,21.31,137,5.03,25.98,58.49,12.25
130,33.15,131,-2.42,3.08,-15,18,45.5,48,-28,91,27,1.06,8,100,-11.62,58,6.07,66,69.39,86,59,58,31.22,-23.49
-50,66.62,-18,-6,85,99,-39,97,38,62,131,28,59,20.06,92,-1,86,53.71,-40,2.52,78,71.94,101,-18,-10.7
79,-11,-23.67,-0.22,18,4,128,13,80,-13.33,71,59,-37,10.22,54,45.16,85,25,29,-24,49,101,-21.09,-50,33.74
11.03,74,32.36,2,74,114,147,28.77,16.97,84,38,66.45,53,-7.45,-38,-4.08,104,-31,14.03,123,50,49.77,127,-33,61.41
-31,11.11,69,133,-32,92,49.73,7.89,81,-9.61,93,41.87,138,64,137,26.2,9,128,12.81,91,20.98,107,5.15,-49,18
73.98,62.79,-9,21,75,-16.18,43,-24.87,108,35,44.89,47,59,70.27,32,-12.97,23.91,-7,8.32,133,115,131,74.18,105,7.4
69.18,48,18,115,36,148,5.23,17,-45,40.47,12,39.82,-29,122,28.5,-20,78,46,-34,-9.68,66,-4,65.51,32.66,115
59.59,80,30.67,54.5,16.1,50.27,0.51,62,24,122,-45,110,133,12.13,55.66,49.46,-8,56,-29,51.91,-29,63.93,-3,-2.54,-22.07
4,-30,-20.65,149,33.49,45.87,24,64.63,59.37,13,87,24,44.82,26,-9,116,-14.11,64,4.63,42.63,9.44,57,65.11,82,90
40.34,1.1,37.32,27,28,102,-19,65.05,55.44,64.15,85,14.68,47,34.08,57,134,56.97,43.96,-48,41,25,-6.35,72,67.53,47.97
21,-15.62,-13.2,11.58,41,59.39,129,20,-31,16.41,22.98,-6,104,71,135,-9.5,-24,140,-17.38,66.14,53.21,13,62.7,53,-9
129,27,6.13,7,6,-13,139,84,-14,11,119,11,-15.85,30,19,-49,49,8,23.46,142,-11.41,-2.98,116,66,-17
49,69,49.74,-18,125,127,-14,37.38,99,43,-23.49,130,43,103,148,55,-8.22,-22.62,89,67,66.56,2.99,105,15.44,-34
-22.06,14.44,87,-2.64,37.35,-12.18,136,57.67,49.98,132,-50,44.69,44,46,85,-14.16,2.97,61.67,43.18,-32,-2,111,3.17,115,-14.47
36.58,85,50.4,51.46,114,5,60.01,-1.61,23.19,60,-17.89,14.02,24.41,55,48.45,49.1,71.15,110,-16,107,-18,116,101,68.83,90
-9.66,-40,52,-46,-42,-23.75,-17,100,-4.42,-6,54,61.7,19.1,66,57,-5.99,6.59,116,-25,-29,87,67,-7.79,-12,129
44.57,-48,126,0.48,48.62,40.68,-0.26,109,71,89,-1,-2.3,11,2.44,124,64,99,7,93,79,48.17,52,-5.09,-9,66
1.39,49,141,-20,65,-16,100,-25,22.56,92,112,-2.73,35,16.91,41.43,-46,7.44,127,14.47,61.87,-7,66.57,-41,6,50
-19.15,44.21,-10.48,-22,22,140,24,-50,26,-11.01,-22.24,40,76,96,29.94,-40,-18.53,19.75,25.19,33.42,-41,55,80,-14.4,109
45.29,143,68.29,148,43.17,-18,32,48.73,-20.13,89,-17.19,133,-40,9,70,56.37,61,89,97,119,-26,137,11,-15.34,66
-23,63.06,71.32,66.46,37.36,-44,87,118,-3.03,38,-47,68.85,-16,-24,41.65,105,31.48,-46,42,-1,30.64,122,-32,-37,93
19.68,-16.53,-5.2,-7,8,26.09,0.02,146,103,6,104,-31,-24.53,46,-34,-23.3,54.29,94,51.77,75,4.56,137,-6.03,38.63,149
-18,71.9,68.69,58.97,-15,28.95,34.47,-22,47,30.64,-3,-48,47.4,65.86,22.93,134,20.74,16.13,135,119,113,-18.3,146,-17.67,71
-41,33,78,50.93,3,98,35,8.74,109,38,19.69,141,22.85,32,30.76,75,54.55,70.69,-41,-8.42,97,80,27.3,58.63,-18.96
7.13,68.63,121,-5.17,42.33,1,-15.79,79,92,124,49,-24.6,40.29,-7.18,49,108,21,31.22,-13,24.72,91,13,69.61,106,57
4.83,3.28,-20.69,15,17.35,43.1,149,16,24.43,36.57,38.77,28.45,-41,61,66.41,128,25,-21.1,4.4,144,3.07,74.92,148,65.86,52.19
41,61.35,46.82,71.23,11.84,28,41,20.56,38.79,-20,-15.49,-23,13.42,89,-47,71.59,32,66,125,-16.07,132,98,117,19.41,62.8
79,67,59.77,130,62.05,2,41.16,1.56,31,55,123,-3.34,84,4,54.06,8,108,34,131,63,147,28.96,-10.38,138,35
20.09,43.53,15,85,20.81,-12.76,26,98,34,-12.07,55.93,-21,7,-1,-13,70.1,138,45,2,-9,-43,28.84,36.63,122,-13.09
17,-6.26,7,-39,13.36,-14.97,49.78,35.03,28.71,-27,2,55.65,103,51.27,112,97,-18,44,64.38,27.52,100,85,-43,-34,139
52,32,56.33,89,3.42,72.35,60.48,60,84,16,-21.15,38.2,-40,-17.52,-1.94,33,33,-25,-26,131,-13,42,4,12.58,81
139,50.98,58,97,60.23,30.34,9.25,33.75,109,-2.1,26,68,137,1,61.32,55,54.42,9,62.49,-10.74,-13.82,13.62,-41,45.2,51.03
66,23,24,48,71.17,10.93,58.72,-7.6,62.81,38,8.78,16.68,-3,-20.86,33.3,-11.96,66,127,27.45,19,-3.3,39.03,56.32,13.66,-20
-39,-42,-10,-18.23,44.46,-38,78,-33,33.31,-24,118,6.76,-6.08,-3,14.12,-19,48,122,91,25.82,21.92,58,120,46.4,67
56.56,-13.34,114,62,39.13,78,38,136,23.47,83,19,72.7,19.57,26.46,63,36.43,-2.38,54,107,75,54.76,-22,138,149,105
-6.58,72.07,16,33.77,38,38.42,-33,7,46.91,50.83,64.88,-2,29.84,-10,16,1.47,94,24,0.43,4,124,-16.05,117,27,37.62
8,-35,33.77,43.46,120,81,43.65,45.14,33.13,84,41,41,134,-22.23,72.06,122,-34,-5,74.37,-5.59,54.25,-16,105,18.48,-14
6,52.96,43.1,43.38,32.05,1.9,98,98,137,35,2,65.49,56,9,128,41,58,-33,102,95,-40,145,70,5,122
-49,111,40.44,79,95,147,28.05,5,39,-9,14.6,-7.16,89,47.19,-19.34,63.09,-23.99,50,-7,29.07,53.65,73.1,-3,132,13.34
100,99,-9,74.97,72.52,10,10.53,21.69,-9.4,87,140,54.09,22,-31,-38,24,2,-10,-29,-11.08,26.68,45.45,82,32,19
41.47,45,-4,24,66,-1.13,-17.86,-14.9,-28,105,6.35,109,-8,113,35.52,72,18.32,4.44,-14,124,99,14.22,-8.84,-13.01,144
-14.88,-17,5.61,7.88,88,58,144,-5,145,15.6,0.81,130,-6,47.98,-13.5,-8,82,-15,14.67,79,8.32,44.65,54,20.59,-18
-16,117,121,132,13.72,-31,139,24,67.02,38.65,27,-13,-29,-9,64.78,13.14,84,105,124,58,114,52,52.5,-14.85,34
85,89,145,39,38,138,18.23,28,41.47,22.67,57,50,77,54.06,39,-1,51.93,61.54,-9,45.44,20,30.31,-43,27,-27
-35,16,-6,-16,-14,-10,70,-2,-19.62,29,-43,94,32.34,14,-8.32,149,54,10.38,16,84,-40,-48,1.69,28.92,1
-13.96,47.17,-30,33,27,-1.55,82,29,-5.98,46.03,70.27,-15.51,24,63.69,68,71.47,-24.08,62.84,85,18,78,45.77,140,69,70.4