-27,85,94,28.13,82,146,4.58,93,22.88,24.49,-37,142,39,45,21.59,-42,-13.09,-37,91,31,145,90,7.15,103,146
17.26,127,10,32.02,99,39.66,108,-48,-6.98,84,8,67,1,100,57,17,143,128,88,70.49,-3,2.67,-29,44.42,-19
-26,12.69,11.06,36,18,134,14.86,28.81,-33,72,42.53,-6.54,-13.27,8.42,40.15,-11.92,-8.17,-22.87,95,2.66,58,26.69,34.58,65.65,-20.3
-3.29,5,-42,-15.65,4,72,138,34.32,132,33.82,-1.19,107,48.84,65,3.29,47.98,67.9,71.94,146,104,25,-42,84,-8.4,80
111,33,82,-17,74.05,53.14,74.17,9.42,37.76,72,102,141,54,65,-10.98,68.25,25,30,-15,6.23,47.65,24.92,-1,138,45
-16.46,38.9,55.85,116,62,41,70.41,-48,-16.6,-9,61,-6.37,-13.26,72,70.87,66,-39,-46,123,23.81,86,9,-33,62.38,43.28
74.32,80,-18.91,-21,-38,-16.83,80,40.18,31.94,29.24,-7.76,56.93,9,31.01,21.69,17,-41,-50,96,39,60.28,44.97,15.82,128,72.7
61.95,-10.41,70.4,67.33,-45,43.25,27.36,77,-12,5.13,-15.31,-12.22,60.26,73.41,40,123,-11,-37,22,65,3.68,6.93,43.32,35.87,-20.65
68.11,-5.17,37,52,-23,-22.69,1,58.82,-34,16.57,31,-12.67,41,-2.61,48.03,43.39,127,12.8,30.31,5,-20,110,146,47.63,145
25.89,-22,-19.84,11.96,-2,65,123,69,-7.92,44.25,104,-14,35.26,32.95,-44,143,10,-5.79,147,-31,15,137,70.51,-16.43,89
62,84,-5,-3,25.5,-21,57,-14,53.33,8.84,-23.93,19.35,-23.09,23,-4,54.45,-26,19.33,64.68,70,146,46.84,140,14.06,143
39.81,98,-3.83,51,8.2,54,-11.73,44,15.01,110,104,71,25.77,24,135,1,99,49.77,54,125,57.44,9,-35,77,64
2,1.72,-6.04,2.93,48.29,45.43,40,72,113,40.21,31.2,40.06,82,-35,-49,132,23.06,130,148,-41,-3,108,67,-19.27,91
4,60.33,-14,-6,-0.91,62.02,74,13.55,20.72,98,74.93,-27,-4.12,8,50,78,46.78,-29,18.9,80,20,-46,52.38,77,-12.58
19.19,149,64.57,95,4.51,19.6,-32,25.79,-16,-37,-48,-18,-49,-23,-16.34,80,66.19,97,-26,43,59,28,0.06,45,-29
11,51.48,20.41,65,43,52,-48,49.09,95,89,71,36.25,-24.24,-13,-7.13,-2.23,59.98,134,147,50.4,-20.69,-30,-4.43,149,28.32
131,11,-8,54,66.6,39.57,59.4,-22.4,56,-24,30.07,-9.15,57.3,59.44,-20,42,39,4,124,-7,-22.26,89,2,19.49,7
135,64,60.68,2.93,72.72,14,-0.2,3.58,65,124,-17,19,25.1,-11,-13.29,16.3,8.2,4.45,-24.05,54.75,-2,68.2,111,-49,120
92,23.43,13.7,41.06,67.79,-29,44.35,55.08,19,-15.92,55.03,-38,44.36,92,-15,71.48,118,-16.29,58.2,80,49,63,5.13,-2.51,-30
145,62,-1.03,13.64,-4,-46,41,34.85,-2,79,15,91,108,57.52,-23.78,-33,42.51,114,-24.88,5.02,95,63.76,20.5,28.76,1.01
36,-7.35,98,52.15,26,82,-39,22.96,-45,-2.2,2,4,5,128,37,73.54,2.04,104,95,145,82,-33,51,33.93,-5.26
-9,-4,38.21,22.44,54.96,49,2,-0.8,70.92,100,8.72,-44,67.66,24,-4.56,96,74.41,60,22,-3.72,109,76,94,17,115
147,55,-23,134,36.13,27,-14,30,11.94,113,61,-20,31.42,-13,12.77,12.76,1,-1,33.22,98,-6,-8,89,-18,83
1.83,39,21.41,112,27,43.75,-13.44,-31,-3.11,-4.6,5,89,62,23.61,109,75,137,51.49,128,71.14,-25,111,10,68.79,0.68
83,14.84,-12,145,-6,52.21,-34,40,123,95,100,13,134,128,-38,-19.68,118,30.02,-33,-8,29,110,49,1,65.67
54.89,46.39,38.06,21.85,57,24,125,82,19,48.28,136,137,139,1,125,79,-11.49,54.83,106,51.31,1.74,-11,39,56,47
99,144,-10.19,141,46.01,51.13,97,-14,6.67,2.65,30.69,21.05,-49,124,10,71.21,20.13,128,14,44,-10.96,2.61,-9.96,-23,25.03
137,-6,2.51,3.45,129,29.88,8.95,129,66,29,-41,-9.92,101,49,-19.7,23,27,-6.4,113,75,-40,59.95,16.53,65,-14
97,37.63,78,59.39,-39,4,17.61,-10.16,67.43,64.91,45,38.82,65.89,-25,26,90,21.48,133,23.98,8,-25,-1,84,-37,-9
-24,29.04,50,-34,10.55,101,143,-8.99,88,12.75,43.85,-21,0,53.03,89,71.16,70,64.13,-12,36.47,40.23,60,6.88,80,10
-11.2,14.9,87,38,6,111,2.99,54,21,-34,65,18,14.24,-36,35,48.75,76,84,53,101,57,67,20.14,69,69
74,37,7.13,75,38.16,126,74.66,139,32.11,-22.7,95,65.51,12,-12.61,-32,85,-1,51.45,90,129,-28,32.17,32,-33,26.2
145,6.37,-38,-13.69,30.28,32,110,6,38,74,-19,92,25.01,-13.65,-15,-29,2.32,-13,112,1.14,105,-44,140,-10,118
-36,13,37,8,-31,-9.52,103,104,48.62,69.92,-31,-14,20,17,138,-17.55,-31,-3.07,106,76,-13.56,124,-28,56.72,-38
117,128,36,30.04,122,45.93,9,118,-8.58,42,67,105,-19.38,-45,145,-0.5,-3.7,-29,-14.89,71.75,60.67,14.08,36,142,24
31.58,9,68.65,137,-13.33,-24,134,110,16.6,16,9.52,-21,79,11,13,-1.08,33,-2,54.84,99,55,24.96,90,46,-4
32.74,-38,2,62,61,-10.38,-20.2,115,-13.85,97,-12.82,49,32,49.29,30.42,-46,7.88,-47,109,-11,54.01,1.39,93,44,1
-20.76,-31,46.48,39.87,17,22,106,35.95,25.98,110,129,-44,21.37,121,71.54,17,33.81,44.54,-40,9.8,62.66,26.69,32.63,65,88
62.26,41,15.1,5,-7,111,20,-17.01,79,47.28,-15.36,98,-18.27,22,17.06,1,31,37.72,-50,130,56.4,-6.13,-14.32,-29,73
-29,116,76,-16,-8,80,13.74,-22.87,120,52,-6,-18,86,127,-25,-22.59,-24.08,96,-47,33,-9,-18,34.14,58.98,-9.28
33,32,56,53.83,42.8,-15,149,91,109,144,115,1,70,45,22.24,29,3.53,-3.15,41,-21.84,120,47.5,-0.17,97,5
26,146,-38,52,21.18,84,-1.04,50,90,-3.56,25.22,20.1,146,16.86,-17,99,29.29,57,-17,15,-11.35,130,36,56,127
-14.35,44,-13.85,-2.72,30,6.68,122,-20.48,-18.19,27,16.28,-9,53.3,40,28.75,64,134,41.15,98,7.09,82,63.84,36.28,-6,23
51.31,26.1,25,62.17,-46,122,29,-12,-13.84,18.88,87,-36,-0.53,47.84,-44,1.29,17,-22.54,53,1.7,85,15.14,84,81,57.82
101,104,85,28,4.71,127,94,-18,146,147,-10,21.83,58.12,-1.24,23.41,11.81,116,70.59,-2,44.36,42.42,54,0,21.24,-15
14,13,85,-14.42,70,24.14,46,-40,144,111,25.45,14,6.63,111,-3.82,110,-7,8,100,68,-3,-9,66,-11.08,-23
5.09,5,63.47,4,-20.7,-22.68,107,-41,-21,-5,61.47,3.75,2,5.06,45,0.2,113,-45,-19.85,133,6,-10,123,106,50
-29,87,-49,65,17,-11.96,52.61,-35,65.41,-14.53,11.31,25,-20.21,24.59,-13.01,-50,-13.37,53,-9,62.37,112,-19.25,78,36.97,58.12
70.64,90,67,6,87,94,83,125,-12,1.62,149,40,107,64.02,35,-9.53,-21.91,67,13.69,12.55,84,67,-8.2,54.3,18.23
-25,59.33,9,-41,7.36,29.3,114,25.69,30,48,46.22,-3.4,-16,6.64,114,-9.86,25.9,25,74,22.17,23.49,-8,-13,-9.75,82
19,-23,-23.38,148,-26,140,-25,8,48,42,-10.27,48,72,71.42,13.85,96,141,10.22,-9,10.63,21.05,66,-23,13,37
67,49.89,128,42,-16,5.22,81,32,32.65,117,1.68,126,13.37,-39,52.24,-35,90,104,-32,51,-27,59.7,-12,147,-36
125,-30,-19.21,36.17,12,113,9,114,125,25.77,5.96,141,34.39,54.78,52.53,2.38,66.02,-32,-45,28,73.46,66.84,2.99,133,88
34,30,-27,-13,142,119,29.27,-22.83,33,118,7.9,35.01,9.41,55.54,100,9,0,111,90,-8,68,-0.24,-21.77,15,148
-16,31,9.31,124,47.51,48,56.12,41.73,102,55.21,123,66,-27,9,34.54,-7.01,104,57,38,18,101,31.25,-11,27.82,-6.13
64,110,6.58,80,-20.4,-14,-34,2.97,73.67,68,41.1,122,102,91,64.55,6,104,115,-27,-14.54,0.6,-17.92,-0.83,129,68.6
16.28,52.02,69.22,90,89,104,46.11,60.47,106,13.93,45.53,86,-24,79,28.69,12,5,22.64,-2,-13.13,30,43.63,38,140,-2
18.12,-21.18,-0.1,65.97,3.51,127,0.08,115,127,142,7.66,-3.86,46,-42,-5.69,-4,52,25,61,44.48,59.05,-0.82,28.24,8,-48
9.61,-48,29.21,26.49,67,139,132,42,-30,102,51.35,8,4.7,-2,17,0.58,-49,128,-45,-19,21,88,14,-41,35
-13.06,149,24,50.8,27,39.49,-7,-11.47,97,-49,0.78,31,-41,-17,-3.61,-28,11,60.97,-19.61,26.65,61.39,107,147,-44,42.19
24,9.58,70,-50,-8.46,71.92,63.3,7.24,88,7,11.2,71.21,-39,21.83,61,123,19,4,109,37,-23.55,50,138,10,69.04
21,-45,1.1,-50,95,11.3,13,10.45,-2.84,65,63,-31,-16.48,-16,41,-22.27,29,-9.45,61.01,6.71,25,97,-4.56,64.45,-15.89
-7,71,70.36,18.36,82,-30,-2.32,21.95,-6.11,45,77,-2,49.18,-17.03,147,42.78,144,-13,58.14,98,38,-11.32,0,126,54
71,8.54,32.84,121,-8,-15,12.03,14.71,61.09,5.59,-16.12,45,-0.77,-37,52,-20,-4.29,-9,7,111,-15,72,-49,-44,-2.04
24,23,-41,81,28.41,32,-46,64.01,1.72,-34,14.32,26.25,-24.65,44.44,101,-5.93,-39,135,-29,122,132,45.44,75,40,140
13.71,-16,3.69,-20.64,-15.74,37,-16.1,56.48,90,27,48.8,-23,61,29,5,46,-20,-45,72.41,7.99,57.52,16,0,34,5
-43,6.02,-32,-5.35,50.93,95,-34,-2,-49,13.23,-12.15,37,7.34,44.05,5,-38,-2,6,65.03,-8.54,137,-20,94,81,-43
-11,33.75,-2.21,-22.24,42,-20.63,-36,65.45,132,32.57,135,-28,55.59,110,6,44.74,4.13,43.01,139,-39,42.98,78,11,60.99,86
17,123,17,63,40.1,86,8.07,0.75,-8.54,36,0,48.87,116,19.24,129,37.9,32,61.61,25,107,-16.38,100,27.52,71,67.75
-18,22.07,32,63,17.02,107,11.07,108,64,68,134,-30,144,56.22,54.89,130,57.91,58.82,89,65.76,118,51,136,120,-36
90,-32,29,-5.28,58.04,139,-42,6,148,61.63,29.07,25.83,119,34,7,32.07,-44,2,134,-48,103,-20,97,61.01,9
22.77,-41,10,-27,29,-48,125,-12,19.94,126,-12.61,28,132,146,62.98,-19,-22,62,39,24,101,-19,132,30,68
4,42.91,-30,51,-21.07,66.23,-33,-11.26,58.78,99,-46,89,2.06,-5.81,133,28.87,32.57,49,52.32,118,-17.23,53.54,-42,-8,107
33.39,6.39,47,66.67,51.56,40.57,89,-11.01,24,-3,35.15,65,35,120,117,-37,48.9,113,95,0,-4.26,62.09,119,-9,40.04
19.89,69,116,81,10,16,54,-2.71,141,58.41,-12.78,139,74,73,62.11,105,6,112,107,87,97,-47,46.48,-34,10.06
2.25,-4.8,-19.91,146,-5.2,-8.87,44,145,46,82,20,129,71,65,45.97,141,-47,117,15,-19.49,130,-5.79,95,121,85
68,-9.93,19.04,86,-21.42,-23,-17,57.4,123,87,33.09,74,105,61.2,-35,99,-19,36.58,-24.94,21.9,128,99,25.34,1,-43
66,-47,-16.55,-1.37,109,125,48,93,6.85,140,25.65,4.82,26.53,11.55,29.99,98,54,123,62.08,40.21,-6,68.4,147,68.97,55.86
70,-12.49,55.06,59,-36,-10,147,87,47.09,112,53.63,-3.18,25,21,44,58.68,-5.27,7.4,118,-5.11,-5.37,66.23,44,35.69,57.59
-22,136,-50,100,35.88,2,63.47,-8,-41,40.1,69,45.73,49,30.48,-47,-41,135,42,63,-4,145,12.44,82,96,65
27.42,118,49.64,4.71,107,32.7,30,-20,-4.68,-23.52,20.57,66,-48,54.07,55.55,68.39,-5.81,83,-22.08,39.38,76,98,57.27,145,35.73
2,13,53,-36,-3.39,-23.77,18,6.28,-7,16.7,2,55.12,71.13,43.99,96,55,20,116,33,-43,39,32,-6,32.37,55
27,5.66,-10.31,24.46,14,-47,49,-40,30.81,83,28,-1.72,-19,137,15,62,29.69,65,145,-4.36,120,59.44,32.8,26.85,71.45
-6,22.48,121,71.22,105,62.62,-2.57,-46,74,101,90,83,1,52,25,-35,-37,75,41,-31,2.85,-15,2,-1.02,70
-1,25.61,111,44.49,57,36,-28,3,28.25,6.32,66,22.53,66,14.38,7.2,121,98,5.89,20.4,4,42,61,6,96,84
80,29.71,135,52.42,138,61,109,46,16,-21.45,10.39,61,126,131,28.68,-28,124,70.34,24.73,23,-17.03,-2.73,68.41,-46,111
141,57,74.96,6.95,121,34,80,49.66,25.77,54.32,140,12.18,128,41,96,148,39.1,40.06,149,29,9.84,-2.37,51.39,45.37,-18.17
45.59,35,60.8,54.23,-0.96,1,-10.31,-24.09,28,41.92,32.86,19.55,81,52.8,66,-5.42,22,111,54.31,95,-17.68,-4.73,39,-7.63,47
-21.07,57.12,19,0.68,43.94,10,-18.46,91,23.58,-20,62,-45,87,-6,-1.71,18.01,-25,69.63,27.66,28,-6.08,38,84,112,-15.91
37.72,-16.38,-37,52,6,-49,57,98,-22.67,121,-14,-2,36.45,68.31,-2,-16.42,25,18,-16,127,58.24,-15.58,28,33.29,142
-24,63.72,2.57,55.99,64,56,5,49.26,97,59,10.84,20,-14.08,41,73,67,-21,97,64,32.05,37,42,-5.94,31.77,63
18,72,20,74.79,7,-47,42.43,50,107,15.36,-35,136,58.73,-4,21.72,-14.79,-3,-18,144,72.83,109,-37,-4.91,107,57
33,-20,2,40.12,30,-16.74,-13,70,33.23,-21.15,-10,106,60.05,13,85,58.53,142,37.2,34.15,54,41,-2.62,44.33,25.48,-27
-16,65.92,16,44.21,-8.37,124,100,-22,50,63.93,-22,-35,57.26,-27,26.23,5.7,30.99,71.52,-49,124,143,59.18,5.43,49.21,-2.48
12,67,61,-10.79,148,-19.12,125,52.41,122,9.1,-7.27,-14,43.04,71,36,66.16,57.31,-25,62.09,117,4,120,53,75,25.26
26.5,73,65,-3,38,98,-24,-14.66,-1.17,-20,-19.27,107,-11,62,13,-38,-16.74,35.55,-34,-35,31,-16,139,14,121
6,114,42.86,-35,-44,-16,35.8,-12.46,52.96,-24,37.21,85,77,29,98,45.72,72.18,137,51.61,-8.53,-8.54,5.68,29.91,-3.08,-14.67
26.24,116,-30,-8.12,58,88,126,73,3,26.33,86,111,-28,52.92,101,-41,28.51,94,42.61,-10.08,30,-18.67,40,29.39,84
49,147,17.49,4.09,0,55,53.63,104,-14.26,43.76,122,83,105,78,137,79,68.5,63,29.48,64,43.83,51.92,-10,-22.7,-42
119,128,37.58,54.57,72,141,-9,41,52,-40,71.63,49,130,116,82,64,67,79,3.05,-9.39,65,-29,64,100,113
-6,14,8.06,-21,-1.9,-3.11,83,1,30,21.34,110,23,52,42,-47,-10,82,24.19,-14,109,-9.91,44.18,110,71,33
72.8,21,145,20.89,23.22,51,76,56.75,44,4.02,7.46,59.11,62.52,18,24.04,-11.36,13,0.52,97,3.62,37,42.51,113,-37,119
-30,75,29,39.59,73.26,-48,-11,36,27.01,-3.97,-29,34.23,-10.5,-11.47,-31,11.1,108,-21.12,30,23,-46,33.45,127,95,73.13
89,28.27,3.15,30.27,14.15,11,104,22.2,0.34,-10,21,149,37.77,-0.44,-20.6,107,63,51,92,-35,-50,21.36,-36,-30,118
49.97,129,41.38,18,-45,-3,-12.24,14.88,1,-20.45,54,-2.59,17.59,58,72,56.01,131,5,-19.37,33.86,69,-9.59,26,68.77,21.71
61.19,9.8,26.39,21,-49,137,-50,26.82,-15.47,-5.63,32.58,54.77,118,22,1.67,47,48,7.89,54,40.98,142,-22.95,43,108,-16
66.83,76,-17,120,21,51.4,4.15,-35,1.34,1.88,130,13.26,50.24,68.3,59.02,25.84,70,-44,96,85,-31,-7.46,-24,35.02,-21.72
94,-16.09,140,102,-1,70.63,-20.54,-8,19,89,86,74.16,-41,61,117,98,35,-19.19,27,134,20,-2.41,-23,-1,-6
48.33,-20,121,69,68.77,103,74.87,70,-41,16,130,132,10,38,21,1.89,95,96,39.75,-32,-19,-29,127,24.18,103
-1.9,0.35,-16,-31,54.79,6.57,71,56.79,69.55,119,-10,51,-21,136,26,60.74,27,85,-1.07,7,38,-40,34.64,21.08,1.85
26,28,132,-30,72.86,31.27,64.98,37,-44,24,58,44,4.3,57,127,36.53,83,12,41,-42,100,70.96,71.37,35.36,37
14.23,109,8,-12,37,-21,138,38,61.74,-5.99,-19.64,77,32,26.37,7,117,31.61,50.36,75,51.92,-11.25,63.94,81,149,43.26
66.7,-15.7,-16,-49,12.31,24,65.18,-12.38,-3,25.53,13,-17.51,-7,-29,94,-27,74.28,133,33.64,110,-33,16.71,122,6.59,64
120,18,54,9,21.3,70.87,-49,-36,15.12,-25,101,81,-0.5,-11,-6.46,72.79,-0.33,-24.74,1.42,106,35,49,-5.53,122,58.16
24,-32,12.41,22,71.86,5.06,28.67,17.69,111,29,-23.32,131,66,74,100,0.98,24,31,118,6.14,-0.52,-18.02,46,115,10.74
54.52,68.55,36,103,60,-10.16,126,-36,62.12,16.83,140,25,44.52,74.25,-32,6,27.7,12,129,1.03,-41,34.71,13.67,19,51.5
-14,-25,111,70,140,145,20,26,-16,3.51,83,0.24,71,14.62,31.59,71.99,1,-17,-2.6,60.91,119,35.86,74.25,128,-31
-15,54.11,137,48.79,32.44,124,73.11,81,-44,33,5,60.24,-24,-11.14,70,53,44.35,-6.35,108,17.9,86,-45,53,62.12,-6.24
53,7,-15.24,118,148,138,86,45.61,28,53,48,133,5.77,137,10,93,6.71,91,5.36,41,106,55.27,53,144,43.94
38.52,25,62.89,133,20.48,15.91,99,23,58,0.89,-16.82,32.38,-15.93,60,82,30.04,-46,36.61,48.06,14,0.05,34.91,-15,139,63
-23.06,70,45.18,137,-41,109,107,110,67,71.11,-38,97,18.66,22,-48,-20.08,121,-6.25,29,94,24.08,26,46.6,57.67,61.89
-22,43,3,69.95,66,132,4.57,-2.56,32,39.16,108,144,54.32,33.54,138,72,-23,-37,49.69,113,20,138,26,113,-3
-6.45,-3,130,20.39,-22,-5.67,-19,76,18,95,20,75,52.06,12.94,73.71,43,-20.54,-4.83,39.42,18,141,33.38,26.53,115,48
51.21,113,-9.09,120,15.73,-38,64,105,-23.91,42.55,-13,127,-3,32.39,28,64,8,-24.31,-38,-24,92,125,33.49,80,-21
22,36,10,-42,131,0,3.72,49.02,15.26,86,119,50,60,-43,1,14.03,-7,-4.39,137,75,17.9,14.04,17.02,51.83,83
31,-0.42,62.82,48,109,48.37,-36,8.22,133,35.7,47.06,74,143,-12,-15.25,-42,149,-25,-27,35,-30,49,-22.95,136,116
16.94,54,52.13,25,123,53,-30,42.81,111,147,82,93,67.54,34,27.79,125,-5,-7,119,-15.69,-17,3,0,23,-8.88
60,60.1,8,-40,91,107,-50,19.18,65.36,52.37,69,129,23.1,-34,-50,-14.82,58,23.65,20.33,107,32.08,61.26,47,118,46.06
-35,-21.9,137,87,94,65,46,67,107,35,7.56,14.57,2,-46,68.51,-36,32.95,96,14.84,21,101,35,71.41,136,41.4
38,83,76,134,-7.61,105,66.74,40.92,30.99,96,-25,25.74,72,11,54.12,116,48.24,9,32.12,144,16.25,22.65,30.59,146,15.37
-12,-20.08,-32,-31,-26,-3.59,36.18,121,-15,114,23,-2.57,124,-14,86,49,-16.71,26.12,-1.81,123,129,58,4.18,-14.45,52.23
63,65,0,142,48,74.89,126,104,-7,40.42,137,35,86,-19.21,13.31,-3.15,8,114,0.46,29,82,41.9,127,-10.79,40.11
89,92,149,141,128,14,17,-47,-2.89,-17.97,78,57.76,19.99,45,52.37,-41,-12,-5,-27,3.35,-16,147,11.62,30,-43
14.63,38.78,11,131,19,-40,20.71,-41,29,45.72,-13.96,130,-40,56,106,41,21,3,3.66,29,144,50.13,96,67.97,1
45.25,-35,46.04,53.54,86,41,89,24,-27,124,-45,-26,0,60,11,-25,44.31,-43,57,28,6.99,96,130,95,-14
55.78,74.61,-9,-16.47,53.71,54.16,108,18.23,46,100,80,7.6,4.79,3,59.96,0.28,-33,105,132,3,2.46,24.14,82,-4,143
121,35.88,86,66.89,28,-20.28,28.07,-16.21,-21,75,43.03,97,-0.01,-22.36,62,44.81,67.58,105,44,-24,2.86,7.28,-31,81,9.16
86,0.07,90,-12.01,51,-40,-22,102,108,31,-49,-26,-19,24,14,-16,40.01,13.15,-27,6.82,59.27,-4.63,12,-33,43
28,31,143,62.57,67.82,15.9,-18,31,49,65,32,42,39,-4,9.53,57.63,5.86,2,-13,-24.22,17.75,86,25,90,73
44,84,-15.56,128,52,92,133,3,37,-21.09,-49,-4.54,34.3,51,2.4,56,44.5,19,0.9,139,-13.94,38.24,15.54,16.76,0.59
101,53,-36,4.76,-6.56,72,44,8.81,125,10,-11,47.45,51.87,-9,77,-49,-38,32.66,146,31.32,66.7,98,86,39.11,59.85
2.67,27.01,55.18,-33,-3.46,45,117,139,52,-16.83,20.95,113,-49,72.16,65,46.4,104,-19.29,18.94,139,108,-11.5,58.42,88,43.71
51,74.25,-8,58.32,-3,-26,133,68.98,111,57.85,17.95,4.92,36.42,48,0.76,13,101,77,90,22.79,-40,-42,104,-13,77
128,48.49,133,94,37.74,5,35,24,24,64.94,68,138,29.49,17.12,12.35,97,-19.04,-2,-21.68,72.49,97,9,27,74.25,3.72
66,67.77,57.16,4,-11.84,38.12,79,40,15,-20,31.98,-19.65,50.63,71,12,-22,49,-10.33,134,-31,-39,114,106,51,-36
-22,71.73,43,-6,51.56,6.82,31.82,28,142,8,6.49,96,110,-11.55,-18,36.74,55.92,70.75,-4,22.51,36.9,88,36,68.71,0.41
15,4.3,20,38.22,98,121,50,-17.67,1.7,104,100,134,118,55.28,131,126,-21.58,105,56.53,102,-23.6,142,-37,65.35,77
24,18.93,123,-3,-40,65.49,140,117,-44,60,97,117,76,28,75,127,17.82,-34,-5,127,2,24,77,-36,136
54.56,-22,21,30,-42,26.16,63.14,-17,-6,125,-3.57,33,82,24.2,-23.43,105,-41,44.28,-18.01,0.31,23.01,8,-27,8,65.57
-11.5,28,54,-12,49.56,-23.6,48.26,-11.58,-11.72,146,3.78,21.97,-32,61.84,24.19,59,62.36,68,-33,79,68,37.36,90,38,37.82
118,-11.05,52,97,95,-16,80,-11.35,149,126,126,57,27.58,4,49.72,104,-16.7,-8,141,-5,31,65.18,79,147,136
121,50,2,-5.49,30,14.59,66.5,129,61.81,148,59,58,147,-24.47,73,53,24.17,121,125,-4.35,65,-21,-36,123,25.3
6.28,21,28.45,14.68,7,-3.81,21,16,144,114,-16.85,49.64,-19,121,-45,36,-36,65,0.76,6,36,38,-22,10.45,106
99,21,74,20.61,68.82,66.04,64.8,-2,111,-18.69,-0.5,32,109,39.67,69,86,-7,46,53,-5.83,-31,88,3,39.75,122
-24,12.99,121,10.15,104,-21.82,58.64,-19.91,132,103,24,94,67.33,46.53,126,68,15,134,-27,12,144,-11,44,19,28.86
-16.56,12.03,51.96,91,56.44,65,65,99,143,139,52.37,111,23,38.52,63.62,10,93,-21.65,2.12,-32,52.26,36.44,38,31.93,137
33.6,-14,69,66.28,-10,60,92,23.8,128,105,-8.04,132,-49,129,-13.28,71,10.46,93,63,-18,-40,89,-20.7,36.92,55
38,63.89,104,79,96,148,1.47,127,16,15.04,28,-19,19.08,96,12.82,73.92,-18,-43,-4,44,48,30.36,49.62,-5.95,89
62,8,1.99,37,-14.33,73.13,52,88,13.66,84,-10.74,88,129,50.11,-1.83,146,-49,17.07,139,4,-10.05,4,7.9,-16.01,-18.92
26,125,-33,43.9,131,51,5,128,112,-16.83,71.08,68.23,27,18.5,147,14,27.88,59,62.2,50,119,54.08,-8,27,127
125,145,-6,52.25,33,14,32.55,53.07,70.71,62.53,0,26.03,-14,10.4,-34,60,-10.83,-13,128,31,-24.97,-9,97,38,28.48
-13.63,9.84,68,46.91,91,147,-17,111,53.18,-18.66,-37,8,-12.53,42.84,26.82,131,50.46,-22,15.31,-19.67,-39,48,71,4.11,75
-19.31,12.76,83,-9,52.87,72.28,97,12.93,70,-2,6,9,27,52.9,54.59,46.17,39,99,18.21,42.87,11,62,-12.71,9.55,-20.44
88,146,60.22,41,3,44,-16.54,61,4,69.17,1,15.29,-36,19.46,124,-2.36,-44,5.3,30,140,32.93,5,63.2,42,81
36,54,-11,109,2.18,35.46,86,15,71,24,13,67,35,9.13,93,65.17,119,113,23,4.54,-17.5,52,105,14.97,77
33.41,-23.84,19,50,2.71,24,61.19,132,-25,26.45,49,-16,-28,-18.94,-12,69,-47,-4.32,55,106,-0.54,84,77,56,89
18.68,101,34,3.61,-9,21.28,-17.91,6.72,-39,7.54,106,109,-19.21,44,30,-18,135,-2,18.77,130,9,138,136,97,21.06
30.57,58,129,117,-41,89,100,-13,45,58.14,34.66,2,-7,6,46,12,16.21,28,-19.09,73,70,120,58.78,2.56,54.71
54.73,17,-17.78,18,78,-10.03,3,-43,47,-31,149,2.2,39,-14,-16.46,51,5.91,43.39,51.48,27.92,128,15,7,-17,-15.79
45,27,-46,19.16,107,70.98,10.92,114,41,-3,65.78,46,-45,57.39,75,-35,39.81,16.39,30,60.25,51.02,45,-21.22,-14,124
-39,-36,71,2,60.02,124,139,40,17,72.75,8.53,-42,71,83,62.07,-17,119,11.91,30.89,131,18.66,56.48,-9,130,-18.44
-16,-37,27,125,101,7.14,140,79,96,-42,54,42.08,97,122,74,54.8,-0.72,79,28,7,37.59,4.8,57.25,50.62,8
121,99,124,-36,121,87,27.39,15,-8.74,144,9,-8.36,-20.92,31.17,-30,-50,-8.8,37,145,-18.13,15,25.34,107,-0.6,-21.26
106,32.58,53.58,42,-21.2,-10.92,50,55.62,23.84,-15,1,-6.68,-29,118,18.54,26,5.43,0.06,20,112,48.01,-40,68,-0.7,27.99
19.54,49.29,14,6,-28,94,100,23.01,99,37,26,-22.5,112,107,99,9.77,23,34.48,111,-13,-3.83,103,60,-10.68,48
109,116,16,-31,-29,58.62,74.38,107,137,-18.09,59,141,45,41.26,2,-2,27.76,7,-4,23.03,145,23.12,-21.67,-5,29.64
12,66,27.87,67,84,-8.85,13.9,23,36.26,18.87,125,10,59,-3,12,-15,-32,-12,83,1,52.79,17.38,-48,104,140
-45,1.52,6,16,-46,69.33,69.01,39.55,-18,80,27,111,-7.69,62,2.72,-47,25.36,35.07,-18,-26,18.89,21,90,83,129
61.99,9.82,64,25.33,24.14,16.6,69,101,65,43,58,68.07,7,33,140,75,32,17.34,69.91,-21,-3.44,9,126,45,76
108,33,108,-18,53,96,49,122,30,37.44,32.16,-47,0.76,140,127,57.27,-14,97,44.91,7.79,43.09,46.34,-17.6,53,36
61.71,125,15.21,1.06,8,9,0.78,100,71.06,-33,9,-20.89,34.08,14,59.82,71.67,146,-47,114,77,-36,-13.26,29,-5.64,108
72,117,-33,41,65.11,102,-20,32,-12.65,-20.11,-42,28.74,119,14.11,72,11.53,29,-24,28.36,-25,6.85,-20,56.73,134,12
47.85,-18,-10.26,65,-28,11,21.71,39,48.78,85,-0.74,64.89,-0.07,55.13,133,124,-4,21,70.96,105,21,-31,68.99,-2.91,32.53
1,-21.71,9,32.24,53.17,1.84,10,-8.48,-19,32.5,102,19,76,-35,114,56,11.92,45.66,73,65,2.88,-22.14,10.39,-10.98,-36
18.93,-50,141,94,3.51,-0.54,-5.75,62,-7,-15,8,-1,22.54,114,-1,-12,51.12,145,-21,47.36,44.13,116,21.4,-13,54
61.66,8,68,20.82,6,-2,15.72,-26,142,7,140,49.86,78,-9,67,-43,97,8.82,56.56,34.41,-42,101,66,7.13,104
42.33,99,24.01,87,12.15,70.79,35.15,103,68,148,78,84,12.64,104,120,-1.92,18.16,100,12.49,-0.95,57.96,92,133,21,79
114,-15,-43,69.83,4,40.2,-2.78,40,-8,-5,-22.86,33,22.8,98,42.32,-23,-17,-11.71,60,-50,-34,-20.87,55,87,-48
-20.21,1.38,-18,-15.99,114,73.51,-38,29,-19.06,122,54.06,48,136,20.77,52,19.81,10,34.58,-12.43,36,34.14,9,34,142,110
133,-46,-17,26.49,145,-8,-1,84,28.13,136,-27,112,-21.19,72.9,-23.96,22.63,78,-1,-38,104,54,27.05,96,-3,45
71.34,30.12,12,12,-37,81,134,75,-42,139,-24.96,-28,-30,68.84,-18.58,-36,10,10.64,-16.3,-18.12,54,66,52,-1.86,134
149,29,120,15.42,77,8,54,-36,8.23,64.33,44.37,-15.21,46.1,42.57,16,45.68,80,95,-31,26.75,129,36,34.98,41,-38
52.45,20.6,-17.19,63,72.26,109,55.03,135,54,141,-14.36,23.73,44,29.3,-50,133,-20.48,-4.5,-13,-36,-3.32,-20,35.06,69.72,130
-13,81,36,-21.89,-41,-4.09,4,129,-4,26,5.34,4,114,-41,66,75,94,-3.31,3.18,10.8,49.8,116,64.35,-24.6,99
51.9,-33,94,35,25,-10,-1,23.66,101,23.39,-25,73.99,82,61,8,149,104,21.58,24.84,67.77,-10.35,75,53.45,137,5.59
3,-13.15,122,-19,-19.57,-8,-34,66.52,-14,-16,132,10.24,-11,12,84,14.88,23.66,64,42.02,51.24,-18,51.96,31.95,134,0
-19.42,56.2,111,-8.16,39,120,-22,54.07,141,42,10.2,-2,-14.12,-19,100,71.64,8,121,-10.37,6.78,20.52,-11.42,103,24.25,111
-0.89,-31,56.65,134,9.68,137,-26,11,-3.86,-6.83,148,-40,30.73,101,134,3.91,20.82,-10,33.69,109,82,10.36,65.17,15.04,28
28.72,51,29,3,34.77,127,10.27,-34,3.91,52.18,-8,81,18.52,40,59,137,47.5,57.54,32,13,-20.86,46,38.3,36.66,-16.56
38,35.43,4,40.49,18.34,-0.09,86,109,41,8.25,68.02,67.77,36.77,130,44,-7,-3,26.72,72.39,-34,15.87,-47,-23,7.53,-3
19.81,-7,16.74,0.06,6.61,-37,116,29.43,146,2.48,131,23.98,2.31,-19.23,68.58,-2,73.86,40,8.06,-3.34,66,-4,29.4,45.71,2.71
-34,58,27,49,9.16,-17,-10.12,-24,72.06,55.02,34.75,67.25,-47,39,115,29.44,-40,36,25,98,30.69,38.25,9,-5,14
83,38.82,58.46,30.01,-43,22.5,2.43,80,15,-7.13,115,52.98,24.51,105,-7,11,-48,-39,48,-2,76,-7.9,46.89,13,49.93
31.96,44.86,4,-5.13,20.82,14.24,89,52,146,-14.63,-28,-0.09,57,121,119,20,-50,25,36.7,1.93,-3.19,28.58,82,43.14,29
15.42,53.81,9,97,59,62.23,113,44.28,25.53,-8,44.67,52.89,106,115,-12,39.63,39,54.01,-41,-10.59,10.35,23.61,-16.43,52.5,40
20.94,8.26,46.56,-22,67,139,-22.6,7.82,24,59,31.14,53,-48,-3,60.05,61.37,81,144,42,29,42,-14.98,45.84,50,-12.89
103,-2,44,45.8,46.85,41.73,-13,20.58,-25,18,0.01,115,54.01,23.75,-13,17.11,26.3,-31,19.06,-13.15,104,44.6,0.88,64.49,110
-24.72,133,22,-16,-38,106,130,-50,23,6.63,25,117,44.05,37.62,40.52,9,66,16.13,62.96,-35,-30,57.36,50.05,139,72
-3,16,19.36,134,114,58.31,104,49,-7.23,17.74,97,51.1,-8.09,-36,88,55,42.29,70.71,-12,76,36,28.02,40,8.11,-4
20.23,-49,146,38,47.3,-26,-8.9,105,53,138,24,-9.31,116,42.09,39.55,148,124,70.45,85,33.25,34,-10,73.75,30.91,55
115,113,90,49.27,2.01,6.13,-47,17.71,59.84,31,64.69,55.87,51.02,63.62,69.17,40.16,82,128,13.75,20.25,126,21.96,7.94,-20,50
-10,52.08,-25,69,-2,97,-44,149,79,147,27,-19,91,-9.8,-44,14.24,56.45,-33,74,43.44,28,84,8,1,64
84,113,-2,23.02,83,5.09,72,53,17.27,74,74.07,38.97,103,-4,149,103,-32,54.7,15.11,47.46,-7.35,101,27,44.13,-1.46
29,-13.1,147,80,-4.37,110,-47,116,51.05,32.49,20,23,42.75,17,51,-17,63,73.49,149,20,-17,24,67.61,133,46.59
48.29,128,30.72,1.74,-3,66,22.53,51.97,34,39.13,124,83,87,-7,124,-37,28.17,12,-28,148,-7,43,-29,17.26,-37
141,98,53.86,20.53,-41,23.26,24,90,90,-3.7,38,149,-41,3.88,57,-47,74,116,114,44.86,144,35,3,6.09,-14.14
85,-39,32.85,3.6,68,74,74,91,13,-16.66,54.92,106,106,69.41,28,7.35,48,32.2,103,90,-50,33.61,4,-22,74
52.31,55.54,-25,144,29,135,40.17,22.71,118,-41,-23,-18.46,131,-9.36,141,-0.5,14.96,12,66.83,128,-19,-23.07,56,113,-24
116,26,-50,36.07,138,69,-27,40.17,-23,43.79,-27,60.32,58,143,-21,-25,-21.7,1.78,13,15.77,-15.37,24,13.25,49.09,83
62,30,130,5,127,7,14.04,135,70.89,136,-20.3,52.18,39.25,11,63.45,-41,133,29.88,2.16,87,-15.55,9.36,-21,-28,-37
124,10.25,25.54,94,130,-13.04,73,73,5.46,102,-19.61,-13.32,-4.66,-6,55.26,67,60,-34,-11.76,41,130,-8.11,32.3,-36,42.6
22,46.44,22.37,33,-19,15.28,78,-9.07,-10.34,78,-13.87,10.11,13,29.33,67,26.09,-5,16,-0.55,-1.11,142,126,25,-34,-21
-4,23.79,77,-21,47.92,-16.33,71.12,-21.86,78,2.73,-13,23,34,14.85,28,70.72,136,-5.05,-10.33,39,130,-29,89,18,120
13.69,-9,44.52,133,30.64,39.48,130,23.48,16,66.45,13.46,110,139,-28,42.01,12,134,61,129,59,22,4.18,74,56.3,9.32
24,-6.8,145,4.39,82,-14,122,-20.37,-10,12.95,-24.68,21.95,4.97,74,54,115,97,57.51,40,71.68,71.8,-13,25.63,28,-19
65,30,66,52.23,-9,71.11,-16,5.3,86,24,11,60,10,122,-45,59.05,-10.38,28,73.95,-23,-27,54,13.45,1,-48
136,120,148,-19.17,68,61.53,-5.25,11.24,41,22.6,139,83,74,-10.03,126,118,16.35,15,-40,5,34.8,-5,6,-3.92,98
69.52,38.56,6.76,144,129,37.88,-19.08,111,65,20.56,102,54,61.41,52.12,141,17,46,34,58,-14,122,53.61,69.61,5,-47
74.64,13,61,-1.43,-49,25,98,85,63.82,48,19.03,-14,106,-34,65.38,73.98,-27,90,6,12,19.83,6.4,68.14,-6.72,142
138,32.32,33.37,90,58.77,62,58,118,68,108,-41,-3,-3,91,8.98,126,4,22,38,32,-39,12,113,15.82,50.42
85,1.79,146,-8,-3.16,49.21,96,-2.56,29,58,117,-20,9.51,-19.33,-17.62,-25,69.7,48.44,6.92,41.62,68.96,-0.77,-26,59,25.4
-45,33.99,98,29,39.83,82,64.38,-10,41.57,55,48.93,29.19,94,-5,48,71,66.46,105,77,38.98,55,3.95,104,-33,34
37.61,-1,23,64,-11.17,131,76,57.04,66.68,113,47.27,74,33.8,34.31,30.02,43,39.24,0,62.01,66.52,-46,-39,25,12.33,57.34
143,-14.9,71,-19.64,-11.16,24,41.99,104,43,20,68.91,14.18,64.85,41.34,72.4,103,148,70.66,120,59.36,146,93,-35,111,-11.22
25,122,46.36,6.36,3,50,37.08,-37,69.03,48.56,-19,-13.83,72.33,9,6.02,51.96,15.66,-2.46,-16.58,62,-23.87,-35,146,118,-13
55.67,135,-35,-5,51,28,3,-14.28,30.45,-20.19,-16.87,41,104,54,135,14.19,113,148,-13.08,37.96,134,25,57,-7.88,57.22
57.58,137,-1.76,20.8,16,147,-46,35.08,129,-7,34,74,47.29,119,-3.71,47,67.77,77,-7,14.97,-24,2,-3.68,-46,-32
128,115,54.89,9.65,42.71,-3.13,21,59.46,61,88,15.74,41,5,93,81,-15,149,27,113,81,4,55,35.11,-6.66,-19
56,-14.65,-25,38,-40,56,16,60.01,138,13.61,82,141,83,71,68,87,-3,-41,43,134,16.72,58,1.19,21.92,58.4
13,-19.57,92,110,51.25,91,20,63,66,-47,143,98,68,32,78,-19,62,17,72.93,31,-9,-1,81,-8.1,9
-18.16,-43,57.03,105,49.19,43.96,-47,44,89,60,18,54,17,100,-17.1,-19,60,85,30.22,72,22,60.62,-7,64.57,1.72
-34,-38,45.3,69,-16,-7,-45,71.58,83,-19.35,-12.93,-37,29.74,-46,1,8.91,6,147,23,-9.36,140,-11,51.59,-11.54,97
61.43,-40,146,99,-10.34,-33,60.97,-5.35,43.24,40,-40,-31,61,48.97,34.41,144,33.14,59.03,-13,40.35,-3,99,-42,3.48,64.22
93,20.18,-46,48.51,-8,32,1.54,-12,72,99,12,49,56,16,32.94,-15.21,126,-5.53,10.99,-19.67,0.7,129,143,10,45.76
-1,33.27,-17.62,54.22,82,-23.77,70.44,92,13,143,49.85,-27,8,62.59,70,110,-14,52.27,-31,89,-13,-23.83,108,-16.14,44
123,102,46.55,83,138,85,-21,31.25,-49,5,-28,12.47,112,138,18.6,43.67,91,5.17,145,25.65,15,135,74,24,36
-16,48,113,12.38,139,45.14,82,-6,110,83,-12.6,13,21.14,115,-22,129,-24.04,7.59,114,-16.45,76,128,-40,58,100
12.81,-6,50,53,59,77,15,-39,7,122,-16,146,-21.34,-40,-0.41,50,71.42,-6,70,125,103,-18,-44,8,59.07
115,5,140,-24,11.95,-46,57.09,12.67,4,33.9,127,-16.73,17,-17.39,25,4,16.65,31,111,-24.04,21.14,16,-50,-49,103
-22,0,5.05,141,-9.72,140,-49,71.96,52.42,-4.37,32.16,23.48,12,22.63,-32,8,-5.25,53.86,-43,53,48.2,-49,109,-39,-12.93
19.72,113,22.57,110,46,55.27,24.77,134,52.66,43,104,-16,127,-1,-24.11,140,73.14,-23.35,-11.92,4.46,29.9,64.94,3,-50,104
31,11.27,60,19.28,28,-18.83,137,66,147,19.74,72.5,43.12,54.53,0,142,78,29.91,64,-42,91,47.69,65.92,21.03,120,-14.91
103,17,21,18,89,23.71,21,108,50,116,74.18,85,-23.76,91,-46,89,143,-9.52,-5,18,-19.97,73.58,-43,116,123
47.57,24.09,-18.92,-12.49,-19.95,115,-36,107,96,130,-3,89,-10,110,12.28,39.41,5.66,-19.08,84,57,-7,-16.87,146,-15,143
30.86,99,53.82,-6.46,60,-14.78,-14,89,63,-34,-22,144,4,13.75,74.36,22.64,-40,56,6,70.46,-27,54.49,8.66,55,107
-14.08,148,77,72.55,13,-28,101,21.38,-1.59,57.17,79,-19.8,76,0.47,35.65,34.75,76,145,143,16,29,40,61.37,7.85,9
13.48,43.56,35,60,97,6,27,4.34,-11,-18.46,18.27,-37,44,66.2,60,22.28,121,-32,11.98,-23.7,43,74,139,74,62
-6,56.49,13.06,91,75,142,39.53,86,110,121,18.17,88,34,142,9,66.94,-18.71,80,33,-26,28,26.18,73,9,67
72,-46,-43,51.92,3,-22.1,6.88,25.35,102,95,13.21,-0.48,10.55,63.65,11,21,6,-5.62,-12,75,52.35,34.56,46.47,51,7
-22.13,82,-11,-4,41,-18.77,1,-5.3,33,-19,67.12,-50,-1,42.31,59.79,33,71.03,128,-12,123,-27,108,134,33,-26
-23,-5.83,49,-4,61.98,-7,109,-35,1,11.86,-18,145,121,64.95,49.16,8.07,4,91,10.59,123,122,55.8,32.64,86,38
-6,24.55,99,74,-4,74,15.9,32.04,10,5.42,45,-21.02,24,148,85,33,17,-26,36,146,73,18.7,18,139,11.2
38,30,62.52,-11,-0.06,142,19.76,67.82,-26,48.4,83,61,16.41,-10.26,-30,56.08,-39,-48,-36,-6.18,114,110,-43,-20,-42
57.74,-34,20,23.6,-7.17,73.86,-22.3,120,7.27,-39,26.75,21,26,61.31,-43,54,-7,32,-33,80,98,-11,40,20.86,67.75
-24,-18,57.9,25,63.44,39.3,56.07,13,64.13,-1.99,71.91,-11.45,-29,26.21,33.6,-5,51,-6.78,-45,-9.4,-5,40.37,53.13,74,74.33
48.35,85,46.83,59,80,59,81,13.3,38,-11.97,17,135,-5,67,14,46.43,-49,12.56,38.72,-17,-14,98,13,42,11
62.47,30,37.65,22.99,87,65.08,108,110,10.95,-20,9.82,69.3,64.34,-33,102,73.55,67,11,107,8,11,58.65,-27,-29,-25
10,-2.71,-40,65.06,-50,86,-7,-4,-11.79,-13.83,70.84,73,93,-15,60,37.71,-21,38.18,-10.29,-40,97,67.22,84,72,-37
13.93,9.63,134,38.59,-16,148,118,118,-4.6,-22.47,72.08,16,40,-34,74,-19.38,31.24,-13,138,35,105,77,149,-7,-7
5.66,29.27,-43,58,142,-2,66.89,52.26,51,113,25,-22,3.14,52.14,31,4,-9.65,-32,104,11.55,45.6,32,63,39.67,12.98
92,-17,135,-1.82,-25,-15,-2,27.33,-13,-13.99,25.32,65.74,9.36,53,147,-1,113,140,63,49.89,7.57,54,41.7,15.2,69.17
53,16.65,89,-47,38,-9.33,1.44,-8.97,-15.88,75,-11.21,-2.74,101,78,109,-18,39,-33,30,81,141,149,-12.82,114,-21.89
121,109,3.69,-14,-12.76,38.7,-28,63.44,17.79,133,44,50.52,58.53,35,41,22,58.33,72,63,9.54,-29,-5,-29,19.15,-13
83,80,17.73,-6,92,45.22,111,7.9,-0.99,79,-12,61.11,-36,109,19,84,-7,104,148,62,25,94,18,42,21
129,7,54,14,-5,22.72,9,28.2,25.23,78,-11.5,52,-23.52,89,-9.85,47,44.5,15.88,75,33.12,117,41.03,110,73,-1.72
31,10.73,66.21,4,69.85,113,-9.33,51,53.09,44,36.44,105,-3,42.33,118,39.34,70.4,93,-29,92,91,43,21,117,43.83
40.12,39.3,58.85,7.69,7.61,18.67,-13.04,144,-1,26.78,47.73,60.6,126,-20,25.28,40.48,13.91,-41,-13.55,81,24.84,-23.98,-2.97,22,62
-32,6.96,72,-4.29,38,141,88,37,5.32,104,108,83,-6.91,8,131,91,34.34,54,0,56,10,62.38,-13,3,91
40,68.93,134,-8.88,35.77,18.67,50,121,43,71,-50,-11,82,5.98,-24.63,96,129,10,148,97,31,43.52,50.6,28.46,32.05
23.02,-49,21.31,56,1.99,48,23.26,1.49,111,39,146,138,-32,63.83,93,53.68,123,92,-48,69.61,70.9,-22.63,-1,12.32,63.14
119,63,93,-37,50,3,30,52.32,109,25.08,49,13.14,60.6,64.13,33.58,-2,-18,-37,144,-4,27.59,149,-44,40.43,-10.88
8.66,65,140,-23.47,-47,4.15,85,-13.99,43.39,10,93,51,106,16,-18.31,-24.33,-23.35,17,138,-45,4.9,106,91,4.16,10.33
40.71,1.67,50.97,67,55,-11,-36,59.56,-6.96,148,-20,64.37,-11.47,-26,-10,-22.42,58.35,0.05,60,-28,-30,84,61.6,23.44,-30
-46,144,15.24,76,14.9,2.68,8.98,132,-2,16.98,-12.59,112,96,83,63.2,27.88,41,18,39,91,122,37,-22.63,145,47
8.39,-43,142,-24,-20.29,19.73,60.36,147,107,22,92,5.02,55.51,38.97,91,34,56,71,122,-2,60.48,20.27,70.91,-12,47
48,128,104,45.5,33,56.88,5.21,103,3.88,51,-38,50.54,139,-12,66,148,-43,-21.86,-4,10,53.12,-44,145,83,107
-49,0.22,10,69.91,61.3,37.48,-11.32,97,144,32.63,-7.31,17.64,-13.14,136,27,92,-46,61,102,-29,0,-5.94,-22.79,72.67,1.35
92,-46,35.35,-38,27.67,11.14,-20.9,137,26,10.38,0.36,-31,-12,-38,3.57,132,48.43,15.08,-3.29,46.4,-2.16,-49,56,4.28,71
-3.92,67,3.23,-22.7,76,96,140,50,69.41,16.66,72,53,92,-50,60.04,-1,123,7,-0.45,71,17.17,30.24,73.54,63.98,59
7.38,55.75,43.78,23,124,59,49.62,-8.26,4.67,62.13,17.43,137,32.73,41,-36,-8.21,19,49,51.68,62.19,20,126,-24.53,58.04,-16.15
11,-2.94,36,5.43,76,12.39,100,28,28.91,111,125,18.85,84,0.46,26.32,21,18.44,29.98,61.36,19,50.11,20,51,39,7
-1.37,130,47.34,26.94,3,0,15.06,-41,74.28,-16.22,52.87,43.81,53.8,142,29.57,32.53,69.89,9.23,9.22,-14,38.83,31.78,-22,94,-38
50.14,117,32,-11,143,65.97,-24,42.28,49.4,62,-26,46,136,14.47,12.43,-1.41,98,80,7,64,135,-29,3,-20,106
75,5.52,21.55,5,-8.73,20.8,-43,29.92,114,12,35.25,-5.56,58,88,28,-1,13.76,23,36.89,17,-15.31,27,-4.73,-45,20.52
124,24,-12.53,-26,121,30,14,12.33,4,122,61.67,-49,132,78,136,74.93,46.03,145,54.01,40.44,-12.2,62.4,115,-9,-10
38.6,45.62,-3,-2.61,34.35,-3.76,2,12,2,-24.3,50.11,42.34,24,59,-17,125,-23.48,40.25,98,30.46,54.16,76,60,17,53.48
-16.65,67,72,101,79,-41,133,71,56.5,40.14,27.6,-3.72,-1.67,72,5.45,13,-42,58,98,1,41,17,75,82,52
64,99,111,93,41.18,-31,49,39.29,54,-24.48,21,-17,149,89,106,-19,77,29.9,71.18,141,74,124,143,-17.13,134
65,74.73,29,63,148,-45,-21,115,17.72,-50,142,63,57.36,43.83,-32,0.61,-36,117,38.38,48.11,12,35.17,-21.59,-11.19,149
-13.91,30,-23,13.08,-25,68,57,92,71,54.05,-45,-32,54.64,-46,57,-6,148,-0.34,-1.32,-14.99,84,91,1,52.85,113
71,-17.96,30.28,-17.5,12,26.71,69.12,33,19.98,-9.68,38.4,31.08,30.08,29.72,13.24,53.08,98,33,5,44,128,29,138,69.65,16
-7.46,94,23,4.95,-3.81,28.8,138,139,-20,33.42,-45,-19,20.06,13.01,6.63,-5,32.83,-3,21.88,-9,0.51,-14.72,-46,32.58,-11.94
21,6.48,117,67,59.12,53.8,23.05,39.42,-46,133,3.32,54,-27,40.29,123,23,-2,132,1,131,63.25,-7.36,-7.21,49.07,52.88
42.45,16,45.37,-40,12.18,60,133,79,61,-22.62,-14.76,46.97,124,144,-10,8.88,-22.07,101,89,38.14,-1.52,35,71.54,66.62,-8
54.91,108,44.01,132,-14,-9.2,-23,20,144,13,32,41.51,-33,-36,14,99,137,24.25,-16,-19,59.37,68.74,-40,63,134
62.91,40,28.01,130,3.52,46.05,123,-44,44.33,110,124,-15,11,-46,6,84,-43,-50,-5,-17.57,21.13,96,-5.28,-21,10
43,-7,50.19,18,40,90,58.19,53,-14,-50,80,36.34,134,105,-9.92,42.83,-14,-9.55,-19.8,97,40.26,-19,13.8,45.56,132
-4.61,-28,87,133,45.32,-43,16.6,54,-28,-6.29,135,63,11.86,4.95,-3.87,86,76,143,60.48,-4.1,29.07,100,-21.64,-41,132
44.88,61,53.65,-40,67,-16,138,25,135,105,111,31.41,79,-44,37.77,-39,135,18.15,137,76,42.15,3.87,-29,72.73,29.63
12,56.54,36.12,-44,51.98,19.94,119,57,140,44.2,-14.07,50.95,-14.77,6,6.48,-11,41,58,52.92,132,-12,50.93,101,109,4.55
121,-10.14,73.56,10.92,118,19,44.27,99,17.95,37,55,61,17.37,-22.43,68.62,82,9.66,133,33,72.44,12.18,7.84,60.58,-32,23.56
-21,4.58,20.18,-34,61.48,134,41.97,93,18.54,71,18.24,-2.18,109,-38,-2,-43,-10,-6.88,-25,34.5,-29,71,-12.04,42.85,52.79
14,10.58,36.76,30,21,15,61.64,113,-19.86,44,-15,70,129,-21,40.19,-46,1,125,4,24,-36,135,-21,25.02,-2.08
34,54,22,-5.5,56.11,46,1.81,72,133,13,52.88,108,57.77,38,33,1,58.07,76,69.82,76,-17.86,44,14,92,26.09
134,56.11,105,62,148,73,24.27,51,137,67.87,110,24,-16,10.09,45.43,-31,133,70,34.05,-23,106,85,125,61.62,-42
128,77,132,1.89,8,94,36,8.83,100,-5.53,17,48.45,32.39,29.43,109,-14,11.85,64.06,42,-20,136,19.42,83,18.97,-50
67,12,50.78,115,43,-13,144,23.78,42,-8,110,45,42.95,61.39,36,38,116,15,43.46,-13,61,48,36.27,16,49.35
-44,39.5,-19.68,55.18,105,-2.83,-14,14,-1.85,88,44,-7.02,50,15.4,-30,95,56,21,1,61.28,-34,3,-7,3.66,-22.59
50.04,-15.27,-3,-1,36.5,9.94,-27,41.3,39.83,18.74,58.83,53,76,6,78,43,-7,60.93,92,-20.49,35.47,-2.42,40,-31,20.93
42,23,-12.58,42,26.57,39.5,10.31,9,18.28,74,41,101,148,-2,25,-7.08,-23.33,-20,70,29,100,42.36,42,100,4
35,37,-5.1,103,35.34,13.99,25.7,148,30,126,3,42.52,-46,24.71,52,19.41,80,11,-22.19,124,21.24,86,-31,13,79
15,49.55,-13,-4.09,33.62,74.4,43,-41,53.04,-39,98,-0.93,121,99,50,43,83,147,130,47,120,51.49,146,-24.87,73.42
-44,63.51,46,3.5,39.46,2,17.52,55,-5.02,94,65.75,-30,0.12,33.43,90,-3.31,-4.21,6.46,-20.6,10,9,62.93,-13,-23.34,139
148,-50,51.36,-24.46,123,16,122,128,-16.28,112,36,-49,139,146,120,6.9,-42,-10,35.54,91,132,70,-9.83,42,1
128,47,29,63.82,26,24,117,14.25,123,40.06,11.42,4,48,31.37,104,54.24,22.17,6.66,40,10.97,68.81,12.65,76,-45,37
101,135,0.41,99,49,71.68,67.82,60,-33,6,-9,119,-5,-18.92,0,41,-3,27.21,-7.47,119,31.89,132,97,-19,48.11
-36,91,-17.56,14,-2.75,64.82,-19,107,104,-6.59,22.04,88,34.05,113,2,61,20,-38,-49,-1,10,78,132,75,36.9
41,83,122,-6.44,2,98,-23,1,146,34,15.55,107,103,101,136,14.65,1.42,18,-19.76,14.86,-11.67,99,-1.95,11,-15
35.79,25.65,96,-2.36,77,-36,19,112,25.51,34,139,-2.17,-7,85,-10.98,73,130,-7.87,57,107,-10,32.07,-7.82,61,26.16
-5,59,37.33,-13.75,8.85,-15.07,22,124,93,81,94,144,52.75,43.58,16.81,41.07,-10.51,111,26.47,144,3.6,26,-16.58,9.77,17.52
49.44,60.27,-1.96,-23.09,44.61,132,-33,130,56,-41,23.21,61.97,94,93,93,-35,111,14.37,59,124,12.4,105,27.36,-16.09,127
-19,59.04,-2,72,43,53,20.76,-19.1,39.08,53,-15.44,114,-18.94,0.22,47,107,4,148,-15.67,102,18,139,-31,52,-44
127,-27,99,7.95,78,66.47,18,24,30,39.4,2.34,-5.4,30.46,61.49,16,30,83,48.41,5.03,-28,44.3,6.65,56.88,131,51
111,77,9.97,66.88,-21,-18,52.77,-7.62,122,54,3,-46,58,56.69,140,42,59.46,14.54,46.12,87,92,69.08,55,136,-10
53.35,-24.41,106,113,24.01,33.05,2.11,-4,-5,122,56.81,11,37.57,35,42,-40,15.4,81,-13.66,3.56,-41,3,-9.18,48,73.02
96,76,1,8.47,69.55,26,31,-9.5,10.73,-38,-16,27,-1.96,1.27,73,94,-16.26,120,60,31.34,47,146,100,33,148
30.73,60,55,-7.87,-1.8,69.25,19.43,1.95,68.33,-23,62.04,55.99,-9.4,-47,18.66,36.92,8,8.88,83,74,56.71,105,-5.95,71,67
44.64,68,30.8,7,46,3.28,-6.66,53.65,146,-2,125,-39,27.66,35.91,62,-2.36,105,45,-15.3,26.66,50.71,115,63,14.54,-16
108,-39,-17.39,52,24,66.77,116,31,19,-42,26,93,57.19,-23.17,-8,0.53,95,-29,-50,53,-22.27,-19,59.73,111,61.09
12,28,-34,45.82,72,32,70.91,98,-7.54,127,-2,105,70.34,21.15,-30,-36,133,25,24,139,-33,101,8.22,-48,63.04
122,61.06,100,145,-1,-9,19.6,87,111,77,-45,-2,-6.31,5,123,54,96,64,48,-40,10.6,-39,148,55.71,-5.8
55,19,44,-34,-32,133,2,5,57.87,103,116,1,44,0.61,62.17,42.51,71,47,-13.33,43.14,-22,15.14,-2.05,89,-24
46.77,33,51.32,67.23,102,-16,41,79,2.76,-45,33,133,46,-25,96,36.2,1.86,51.93,148,-15,23,59.83,63.85,139,55
60.55,130,26,46.53,89,19,132,66,117,30,61,-22.33,-24,31.02,-31,76,46,-10,62,6.62,30.7,101,60.86,79,-20
144,43,25,26.05,-36,72.99,114,39.78,2.37,18.51,133,-8.71,7.61,25,37.98,-8.8,24.07,-14,72.75,67,-2.23,42.2,73,43.14,33.46
3,91,74,-42,45.77,10.2,29.28,31,61.31,7.37,25.43,4,39.36,42,135,19,106,136,55,-12,11,-35,-11,30.67,83
126,26.38,116,-26,94,52.67,9.58,144,36.45,-38,-1,66,140,122,-22.24,114,97,127,63,40,-5.29,60.65,105,-2.44,-9.12
72.18,-11.69,120,1,87,45,-46,90,4.67,12.94,55.84,-20.88,10.1,-22.46,59,62.61,102,24.85,40,-17.76,26.88,50,83,72.37,-22
-8,35,143,-22,13,-12.5,31,60.63,-16,39.76,13.43,127,-37,52.65,67,91,21.94,69.18,43,-44,43.11,-7.05,-30,52.8,122
27,42,41,66,-17.72,117,-8,90,16,69,-22,-15,-50,9,115,34.3,57,68.88,-17,0.9,-12,138,59.38,37,70.36
33,30.77,-3.36,-20.76,-4,46.06,28.65,-12.67,-14,118,68.89,50.19,130,53.47,112,-16.68,133,90,80,68,8.16,-13,25,-42,44.71
26,61.78,-11,16.29,90,-1.79,-47,73.71,123,9,49,20,-0.41,-21.24,52.7,133,69.86,10,86,62,31.02,48.83,29.16,120,63.96
98,-22.25,-14.85,55,10.18,53.36,57.12,0,-19.47,40.76,71.89,-39,78,56.66,124,34.06,72,-22.17,4.31,21.24,61.8,5,104,7,-2.28
-17,21.33,52,35.57,100,13,16.75,127,138,99,70,-30,-22,9.51,46.22,-42,24.13,22.51,92,-23,14.41,-30,47,82,103
0,19,45,41.26,108,101,57,103,109,-9,-24.36,-19,123,12.61,116,119,75,25.98,69.1,74,-9.06,72.44,57.76,35.16,-23
4,6,-2,-13,133,-44,67,105,139,42.79,34,-45,104,10.4,46.42,-5.08,-20.7,96,-36,111,146,87,-29,74.61,63
128,-10.07,37.77,43,-24,133,60.87,-6,146,-16,-23,-6.47,56.27,4.14,134,89,20.07,28,7,19,-19,76,82,-6.32,56
89,-21.51,59.16,7,-12.61,44,25,44,30.41,145,23.03,64.41,120,0,-26,9.03,113,-10.76,34,102,43.77,39,45.55,16.98,13
36.06,145,107,-4,2,83,47,46.17,133,-40,-30,139,2,90,18.7,-0.51,49.73,0.75,65.34,-18,19,-49,55,12,-3.4
30,37.05,-10.1,124,125,36.37,-3.3,-23.41,63,-2.07,-23.09,-29,41.75,49,134,28.53,24,31.25,-3,38.15,-33,55.67,-18.94,112,89
4.74,-12.12,149,112,34.95,31,33.04,23.44,-29,-28,37,59.09,11.81,-30,137,-11.36,78,40,-21,-40,22,53,70.21,39,-2.6
53,140,15,57.58,110,30,49,117,19,66,-27,119,72.44,39.02,10.28,38.61,2,53,16.51,8.11,-24.06,54.99,83,-0.01,16
148,48.38,9,61.9,6.76,58,41.49,-39,39.81,-12,-42,4.32,19,26.95,63.7,61,28.12,-5.78,65.72,125,144,48,102,140,114
-37,41,42,101,-19.44,-14.03,6.44,29,119,23.26,-24.61,69,22.21,-21.81,-6.07,-23.48,58.58,-17,13,136,63.81,107,27,20,20
24.23,99,45.58,118,-22.45,65,35.11,-20.84,48.62,-2,28.53,78,-10.57,-6.01,73,-17.01,108,79,35,36.65,23.62,65.56,115,-7.06,38.43
62,105,26.39,-20.65,81,89,114,1.22,48,68.83,101,72,124,32.5,-6.33,89,99,10.58,-4,106,40.72,8,13,61,73
85,137,12.93,88,-18.82,45.38,123,18.01,43,119,42.48,25.38,34,76,56,-23,-6,62,58.38,57.44,55.85,36.97,74.72,144,-14
65.45,-15.95,-47,103,6,-7.11,42.01,-45,118,68,-18,-15.38,22,2.77,-41,113,9.81,29.77,92,142,37,82,68.9,10,-41
105,-21,117,106,81,68,135,130,-14.94,-6.67,65.32,135,79,-8,53.27,-44,-15.82,-24,13,119,-12.07,10.96,123,37,149
26.55,122,67.72,-6,57.27,-2.73,-18,121,30,69.32,43,-18.35,16.2,0.17,47,-35,62,-9.33,11,136,30.51,106,35.03,71,105
12,8.05,39.15,23,2.15,137,117,48.76,4.32,50,25.29,-40,54,-2,-1.5,125,78,85,149,-17,66.96,-23.98,-10,-46,24
63.55,100,56,13,95,95,27.47,-18,50.33,65.76,3,33.42,146,65.33,28,112,143,12.15,35,-5.02,-47,20,11,42.12,108
-21,2.27,35.07,76,-23,3.5,132,103,28.94,40.01,-14,66.69,54.14,90,-42,14,-7,46.74,58,35.81,75,16,-28,47,138
101,15.11,6.55,17.84,69,24,63.25,20,96,-17,80,23.47,25.27,131,70.81,24.32,6,46,65,-33,3,-22.76,48.93,39,133
144,103,-38,-15,141,51.54,68,114,46.45,-23,133,-5.27,119,65.84,-8.56,92,-23,-19,83,-14.41,114,36.44,25.42,96,-5
-16,68.16,59.9,111,29,-14.16,-15,32.05,36,56,9.55,11.55,-32,114,24.05,32.78,57,-40,148,17,137,60,-20,10.62,18.72
1.02,147,111,-8,-24.22,-21,22,-1.93,-9.46,117,141,16,67,148,-34,43,19.1,120,105,-17,34.62,-15,70.05,0,34
-7.8,5.16,17.93,-38,139,-45,71.74,40,-14,58.46,91,127,18,-6,21.15,-23,61,14,64,-33,12,13.45,105,-22.02,13
38.36,75,-19,54,8,99,119,-16.79,99,1,97,88,35.11,5,63,-27,40.28,12.24,44.36,-29,62.25,3,8,-37,91
52.41,-42,3,13,-14.42,139,88,117,17.17,3,-23.1,8.04,35.95,58.64,81,109,29.74,-44,61,31,-16,106,102,131,-31
82,31,-49,-46,40.1,-32,135,111,59,4,139,98,64,33.03,-1,26,-6.27,16,73,37,117,17,68,3.99,-7.88
15,30.83,42.09,-7,-46,-9,33.98,-10.36,24.78,53,110,32,30.96,70.63,-23.69,11.05,39.82,-37,54,13.01,17.57,-30,123,10.8,-15.65
28.24,-24,-30,-15,-9.3,37.09,10.81,52,72.83,73,92,12.61,-9.42,34.57,69.32,90,62,90,101,137,-4,146,64.79,1.98,115
-13.53,105,48.67,74.51,-50,36.41,42.63,-29,41,54.07,32,141,145,14.26,27.77,69,84,87,-5,27,145,118,-17,0,-15.95
23.34,-18,131,19.4,0,-22.11,113,13.32,9.94,-0.49,81,101,91,-31,51.13,9.68,22,-20.49,72,25.92,55.75,-8,8.64,-44,119
105,41,140,-24.96,89,-22.12,-5.76,13.83,-18.4,57.83,73.08,70.78,62,128,7.52,-15,66.65,97,9,123,0,-4,58.18,44.05,141
70,114,32.43,-30,71,113,-13,-12.04,23.01,33,28,-3,63.75,135,55,-6.47,77,80,67,-9,70,44.95,117,127,-23.78
7.86,24.5,-11.64,6.77,-12.85,89,-21,17.61,107,68.68,-35,-40,1.23,-23.36,144,-21.04,20.34,-28,-37,21.91,42.57,-10,62,36,9
33,144,113,-11.44,-1.19,11.82,75,-36,16,63.49,18.23,6.55,84,24.78,-0.36,-42,104,114,18.02,14.74,50.55,69.83,-22.81,67,84
57,30.31,36,50.07,40.72,109,3,70,21.08,74,-25,111,2.48,-7.83,-14.15,-45,19.47,57.51,33,-8.7,-11.97,12,92,51.15,33
7,147,113,-0.26,132,5.55,59,69.92,90,67.97,3.78,-8,54.07,39.96,122,26.82,31.62,17.86,64,9,-4.54,10,21.88,-24.07,67
11.04,39,24.86,38.03,85,64.78,63.97,86,38.45,-20.82,106,64.13,62.68,21.07,62.33,63.02,64.37,137,105,36.84,88,21.09,20.12,64.01,-37
28,34.51,-17.91,40.12,36.41,50,1.95,110,99,-0.64,120,92,-10.45,-43,79,149,92,40,16,3.42,62,22,35.59,-19.24,-23
19.58,37,94,-29,72,20.65,30.85,-22.15,29,41,-31,24.7,63,29,68.19,53.06,14,32,88,94,42,65,-20,-49,67.98
114,4.48,16,34.88,122,82,-42,-4,52,8,34,43.36,-4,0.2,82,143,67.52,47.55,66.76,62,70.05,-4,144,-42,66
-15.44,89,64,41.65,20,40,53.73,35.8,-0.32,-11.62,31.99,4.93,56.31,-6,72.46,58,22.53,117,87,128,28.54,-2.32,112,147,113
-11.15,23.4,75,-14.88,64,55,58,24.65,-15.38,34,133,22.59,145,-21.5,17.6,60.33,-20,50,81,133,-9.07,35,9,105,-23
68.28,135,25.01,135,95,-9.12,73,40.88,51,-29,128,60.35,-9.9,75,19,-24,16,73.71,7.83,28.62,-21,-40,70.98,39,-48
90,26,22,44.19,-45,23.44,-2,33.09,-5.11,44.76,-11.11,-25,13,51.68,23.3,125,26,-27,60,-8.53,145,62.67,17.36,24.94,3.79
16.74,63.59,-17.88,-10.67,32,21.7,121,28.2,-6,126,74,31.41,61.89,-50,63.09,-44,103,41.77,-17,16.13,57.25,1.68,22,39,54.96
68.22,-43,41.75,-10,-22.78,19,52.46,39,44.27,17,146,-3,139,-48,-26,0.23,70.75,13,-28,113,86,24.65,19.13,101,78
64,143,57.43,22,-11,34,-22,32,68.55,60,75,141,47.06,-16,34.2,44.24,-42,-28,56.46,16.93,-3,7,115,38,1.26
78,137,26,101,64.65,62.53,1.62,118,23.34,47.81,0.82,61,-5.95,-24,133,38.82,33.64,-12,16.42,84,94,8.29,41,97,-32
110,118,68.1,-38,10.65,137,6.69,11.81,113,30,42,128,48.18,46.95,-18,69.57,111,10.89,76,-23.51,-9.16,-36,-0.97,139,15
69,-5.17,41.51,105,-4.98,15.58,-15,70.52,53.49,-4.3,23,-3.83,10.57,-13.08,68.34,-2.93,-2.5,-37,-48,37,41.15,59,-12,10,17
111,27,98,-19.16,107,116,18.42,63.03,52,-1,30,49,53,50.39,90,52,53.89,47.18,52.56,51,23.03,127,103,122,-20.56
1,12,20,-19,81,61.34,88,2.57,-11.59,144,131,-7,-14.47,67,85,58.46,-14.52,7,121,34.52,134,26,51,56,66.89
30,90,-46,-2,38.81,111,20,5,120,10.03,23.05,37.64,27.36,72.71,61.54,106,105,-7,-2,61,34.34,37.47,56,51.97,0
12.53,61.4,-9.5,132,61.99,0,7,-23.8,23.61,9.39,35.41,-2,69.22,112,46,-15,9.75,89,131,21.43,4.35,86,9.57,37,59.64
103,30.14,-33,98,-23,136,71.8,-11.62,55.48,64,9,119,62,39.15,66.66,-39,40,135,99,33.68,60.56,21.15,106,-4.06,-25
20.52,58,52,-46,47.64,10.89,-42,68.02,-32,42,5,138,91,62.32,24.97,27.79,2.04,132,104,-44,55,35.32,109,9,10.19
-43,72,127,-0.74,17.02,69.01,23,37,-20.01,117,109,9.17,-6.48,-6,51.55,7,46.45,61.91,1,31,135,-42,16,8.52,60.74
64.95,84,28.06,79,-13.01,57,31.98,-7.18,40.32,34.02,92,-16,83,118,28.07,-12.81,31.28,1.3,138,126,-15.85,2,61.61,58.38,126
51.24,112,78,36,30,-11.07,52,18.14,-3.76,-17,41.31,68,-25,4.09,117,5.54,46.64,58.82,106,147,40,6.51,-24.24,88,-14
130,37.66,-14.88,-30,42,4,-41,3.13,74.8,26,142,25.98,-4.25,-38,46.2,147,-32,-17.79,148,12.61,-22,67.72,-7.94,17.04,-48
15,98,9.12,90,47,90,60.7,6,98,54,-33,58.21,36,9.38,30.46,26.95,-4,61.47,2,2.85,139,-18.18,-1.54,-14.06,75
30.42,-3,10,34.6,26,135,-38,50.11,70.2,-15.24,-11.71,58.71,147,74,-5.38,35.4,75,-36,46,25.89,108,-31,105,86,143
5,132,53,-3,62,61,-41,-32,-19,-18,35,-23.47,70,141,97,93,58,106,68.16,10.45,141,45.81,-29,-35,71.46
-9,145,39.23,28.97,-10,-41,-33,-18.4,4,26,128,1,-12.81,46.88,36.72,44.82,65,-14,58.76,-4,37.24,18,102,92,66
42.59,139,127,80,86,-42,-30,-25,2,88,53.19,60.56,71.37,100,62,127,72.43,47,-22,-19.95,46.43,-16.76,71.68,87,26
38.28,26,60.39,53.23,121,18.05,-12.83,6.12,55.16,23,-7.95,-20,74.42,114,47,72,5,126,-33,83,-34,57,3,-6,140
-8,58,132,148,38.95,65.21,-10.12,-8.43,-39,56.23,-12.71,-28,128,-19.78,53,1.39,105,66,70,60,27.58,10,-18,70.69,-38
19.56,149,-46,47.47,-20.84,106,104,80,49.99,-4.1,-50,20,72.5,149,38,48.71,127,-1.54,-34,53.67,11,60,-1.34,144,28.53
-33,72.4,71,43.08,88,69.57,110,42.13,142,5.92,43,-43,-26,51.04,-50,-22.91,129,-45,33,18.2,37.83,69.68,-11.85,134,93
28.39,67.45,64.48,-5.62,80,65,107,59.11,5,17.26,96,27.49,60.4,63.42,-5.58,132,33,16.6,-15,-26,37,55,1.69,21,24
-10.29,17.11,-1.17,-29,24.2,60,106,-7,148,32,-5.43,20.24,72.81,79,98,-2.49,29.94,79,59,-33,113,108,68,52.97,27
35,-3.02,47.34,2.13,70.98,21.33,67.31,-15,64.77,-11,98,63.79,65.47,48.95,11.37,121,29.55,-17.46,60,68.68,-34,-39,56,18.21,-2.62
11.78,31,41,47,50.58,-24.35,-11.56,49,32.05,-31,8,-13,32.13,87,-13,-2.59,-31,-41,103,53,45.78,1.46,-5.35,-40,14.16
-20,124,43.26,101,112,28,21.07,132,25,148,29,19,84,14.56,21,16.39,54.45,73.08,142,125,3,-39,-9.03,-20.95,68.73
68.28,112,28.65,24,4,65,19,-1,-24.87,47.8,-15,75,-6,102,144,26,43,112,72.18,145,-24,6.41,56.47,149,59
-18.49,47.32,6.82,-2.92,-3.9,58.23,8,105,-4,73,-14.12,142,-10.08,13,53.92,8.84,20.66,15,19,137,22,21,33.41,0.21,5
56,110,-14,9,-20.26,-15.49,42.77,-17,95,-22.17,134,4.46,53.84,0.61,99,31.01,37,44.15,59,132,119,-47,38.02,36,-37
45.28,16.87,98,25,61,-11,-22,11,28.89,37.91,1,43.56,52.8,75,115,-17,69.61,48,-4.45,8.28,112,71.63,-17,-2,37
-17,71.87,39.81,96,126,140,-50,14,12,7.03,98,125,121,68.57,7,73.95,35.25,51.69,21,22,3.15,129,14,73.13,32.37
38,68,-1,94,-26,24.76,108,-16.28,-5.4,-21.78,46,-2.7,2.81,71,38,40,54.14,61.21,105,-12,-13.38,7,-1.57,45.28,37.94
76,128,52,68,45.9,37,119,8.08,68.51,139,71.86,68.62,67,140,114,71.32,27,77,-3.42,-30,120,138,38.62,-46,9.35
42,60,146,53,-48,125,-12.26,64,136,144,27,55,144,103,15.98,-43,101,-18,111,29,19.58,40,9,-43,137
65,149,38.16,55.89,116,20,42,118,55.97,42,-14.72,9,-6.34,-6.71,8.74,-39,-9,-39,101,144,101,62.7,10.31,-17,92
80,144,73,17.86,-10,92,80,134,1.36,7.6,48.14,75,-16,10.41,94,67.85,21.25,51,4.56,5.72,125,55.64,31,14,59
0.63,74.83,29.7,148,10,52,31,74.93,33.52,40.57,88,36.44,2,6,53.64,133,147,17.37,35.12,54.45,79,2,147,142,4
57.87,-46,18.02,69,44.44,56,-3,121,114,30,-9.73,-43,-32,149,50,-28,-5.62,32.86,140,-6,-43,47,64.66,100,105
-25,-31,49.12,61.73,60.17,143,59,3.23,119,144,9.33,144,141,23.26,-22,91,61.19,102,28.28,48,105,73,19.82,15.97,128
13.96,-24.03,-5,55,-23.64,-8,148,20,95,67.39,147,54,136,62.34,135,81,-21.22,19,45.1,97,23.84,-26,-39,70.36,65.65
110,68.49,14,-15.59,140,9.17,30.53,18,24.1,67,99,25.72,112,-13.76,140,-32,17,27.63,23,-14,-22,-14.56,32,15.05,116
140,11,15,47,54,-16,-36,73.33,67,110,-8,16.59,68,-23,-4,21,75,8.72,-24.44,-11,31.54,20.65,41,73.76,104
-12.96,-15,-13.27,64,77,-16,114,0,8.5,30,128,63.03,10,17,96,-13.03,-10,54.05,76,57,-39,-20.26,-15,33,0
-14,-35,73.13,-12.25,-38,-21.96,47,-12.56,61.41,-31,2,109,66.05,11.43,58.76,34,-30,43,69,-9,4,89,19.91,18.25,-16.12
94,14.67,33.84,-42,52,46.93,54,59.6,-28,-16,76,89,36.69,46.63,74.92,59,45.83,-13.73,4.83,44,102,70,32,50,110
101,-22,16,104,11.75,49.93,71,27,-29,55,-12.77,58.75,11,97,36.95,72,96,143,73,46.32,102,67.47,10,49.12,-20
46,15.24,-11.09,10,105,137,71,5,-22,62,-16.12,11,-18,-2,31,48,137,16.21,3,-38,117,79,67,-17,15
125,-18.67,-25,54,64.45,37,-20.81,12.79,12,3.88,18,69.23,56.25,67.72,27.54,72.04,6,63.21,114,82,49,57.91,109,-13,63.42
-5,36,-29,65.24,43.47,19.92,76,24,-7,47,46.14,135,-7,135,48.05,47,21.98,35.56,66,-20,-8.57,16.2,65.87,10,80
95,65.22,-33,149,81,68.18,-45,-8,125,112,2.71,106,136,46.1,123,29.21,-8,83,36,45,75,36,16.34,101,34.66
38.92,42,73.4,-31,-43,43.75,57,36,54,-31,0,-33,4.61,1,68,57,22,-21.51,-47,11,41.98,26.45,-27,55.62,27.25
34.04,60,132,18.43,19,-22.84,-3.36,-6.95,63.95,-17.07,-8,61,36,-12,6,114,47,-5,2.83,61.71,135,104,-15,4.45,57
-22.12,144,-12,42,51,20.98,-7.51,98,-2,42,51.69,-1.65,15.69,36.43,-32,58,-0.75,34,96,-24.11,76,117,28.52,5.66,100
17.47,-34,98,1,-13,-20,-20.09,73.88,128,-38,45,63.18,122,72,30.95,87,65,41,67,-35,23.66,23.86,51.63,91,25
41.24,49,74.47,-25,145,-2.79,-10,98,15.04,141,-12,85,26,41,78,67.62,109,140,146,35.5,23,-9,36.13,56.84,-21
118,79,10.71,-27,16.35,27.09,-26,-40,39.86,-18.89,7.55,17.13,25.61,99,66,42,41,100,48.47,94,124,22,58.98,135,65.74
149,-18.5,43,-23,33.83,26.7,81,73.17,62,-36,94,135,80,-48,125,74.2,68,27.19,12,-13,63,14,41,-37,34.62
-34,42.02,69,-47,15.59,55,-43,26.24,139,100,105,-44,33,52,-40,103,15,9.12,58.22,39.1,-39,-36,67.52,113,64
-8,131,42.69,1,-22.68,-11,25,74.68,134,10,48.64,30,-7,73,110,62.97,-22.77,140,66.14,-2.94,107,6,127,31,35
68.21,65.72,134,-3,-21,111,105,133,71.69,90,14,54.04,40.1,9.5,62.18,38,-37,42.95,-14,92,40,115,120,67.81,80
52,-8.88,69.2,5.69,99,33.05,32.18,51,-23,20,58,18.82,45.11,33,48.26,149,-21,146,-15,60.16,-39,124,80,25.73,99
94,9.86,-20.92,73,75,146,126,39.18,62,54,-49,101,57,63.55,9.28,116,71.69,1.15,-14,55,18,66,8.27,14.04,4
67.79,18,70.62,6,147,22,120,-30,44,16.06,43,19.08,92,-5,82,76,122,80,69.57,11.21,26,-32,-18.36,68,25
56.73,56.11,4.1,-46,38.79,15,-44,134,128,30,-28,56,37,-18.2,-16,133,-30,127,48,126,-8.3,47.14,59.53,10,55
-18,8,124,40.61,49.16,-23.32,-34,90,54,72.09,-1,97,12.79,20,76,32,53.15,52.11,65.3,22.21,123,-15.05,58,64.69,99
53,132,92,-19,60,-38,-20.19,15,-17,-47,-10.34,141,-2.63,112,86,-44,46,86,-28,-33,57.4,11.24,-50,-34,-17.13
-18,37.54,45.3,113,41,128,1,86,-40,57.85,-14,40.02,43.64,65.2,-30,11.22,137,109,-16,-25,77,-14,56.31,78,61.41
-42,-14,87,-3.96,24.37,29.7,51,18,-23,49.72,115,126,67.94,-22,53.24,109,-35,9,4.29,42.95,143,11,91,-8,-3
20.87,123,63.33,28,-7,-23.14,53.59,130,49,-43,7,0,-7,122,3.32,24.65,18.9,122,128,-2.48,-4.76,0.48,-41,6,0.77
-24.03,19.21,-4,10,-15.42,68,83,54,16.55,39,88,39.72,-21.6,95,-2.4,40.12,-18,10,90,-13,46,-50,62.99,70,129
70.61,85,63.62,125,85,-3.64,26.4,5.91,39.49,120,-41,12,30,74.04,-0.62,52.45,8.58,76,-29,32.42,79,-11,27,114,42.77
-14,60,85,-24,61,85,143,72,-5.24,47,106,43,32.54,81,0,-8,-14.21,-44,25.91,15.45,-10,74,22.51,53.1,19
-8.5,36,110,-10.1,86,43.63,-9.11,129,112,18,6.83,10.55,-10.07,41.43,87,68.64,49.07,62,-1.41,61.82,-19.38,118,114,128,-13.29
-14,-50,31,74.57,128,-0.67,-35,59.82,-44,34.27,43,-37,44.09,48,53,-42,3,32.96,30,143,49,84,50.28,27.25,61
56.91,13.56,110,14.26,131,100,-21,-27,124,-48,-5.46,21,8.75,145,11.89,19,4.48,43,-5.53,6,20,115,-22.69,10.08,94
128,65,69.41,19.6,38.81,33.58,91,-3,-41,44,36.17,36,11,65.82,22,102,72,-6,136,84,55.01,132,43.92,7.48,4
-7.36,67.54,-1,0.39,-4,30.86,11,129,20.86,-24,74.07,17,-5.8,-0.66,-45,47,47,71,136,28,-6,143,19,149,-16.47
110,-42,121,55.54,9,56.02,33,71,74.41,88,50.46,5.74,51.37,73.87,29.12,118,149,125,51,118,6.63,81,44.21,-47,31
65.15,53.06,129,20.26,148,-41,-21.53,54.31,119,-49,26,78,53.65,10,32.06,146,1,47,-50,3,7.14,32,57.19,-33,100
66.87,111,54.8,-36,30,-9.2,31.36,-30,36,88,63.73,9,-6.4,84,-0.19,19,96,7,58.31,107,-5.45,27,-18.2,13.69,-29
-3,74.17,36,114,-9.01,65,2,20.5,117,94,24,49.25,-23.81,127,-38,32.95,57.29,24,87,-2.66,51,-23.9,-18.04,-14.06,32.15
29.05,-3,-40,41,72.65,67.29,53.06,62.9,100,109,44.5,58.59,82,60.75,-0.99,57.71,-49,-17,132,71.6,5,-7,66.32,57,-24
30,103,33.51,58.01,-23,22,36.13,2.01,-35,5,-16.36,91,63.78,53.3,126,11.63,34.03,68,47,143,3,135,147,-31,94
77,12,32.35,103,132,71.72,-50,73.78,-46,-27,49,115,34.21,103,16,23.41,-45,11,25.77,144,37,72,20.79,66.98,-38
35,60,47.1,53,-35,-18.75,126,-4.91,61.17,-11.12,1,64.71,60.53,43.62,144,-38,88,16.3,57,43,39.56,-25,46.34,2,70
-44,7,12,90,-20.8,-49,-31,97,69.74,-48,127,-41,-17,-21,32.89,6,97,18,120,-49,0,-10.35,70,16.89,107
8.98,8,-44,39,-12.07,13,37.58,-5,-50,49,63.55,23.98,40.5,33.91,3,-24.95,138,122,142,56.24,-17.8,66,-32,67,39
-11.63,74.18,34.37,40,-45,14.15,36.1,43,135,108,16,98,13,8,48.42,-24.2,148,60.67,-39,81,-23.86,46.42,36,28.18,24
30.78,54.22,-21,20.95,40,101,26,50.42,125,-24.26,133,-38,-48,104,128,-20.38,-37,-49,49,40,2.08,35.39,-20.41,-21.32,16
48.29,14.21,45,30.67,29.14,105,73,8,29.31,0.77,34,95,34.02,62,-43,-13,115,13.05,48.42,55.91,36.61,48.25,140,-1,73
-23,-4.55,85,-8.61,81,30.31,-41,-29,-43,-4.78,11.18,81,49,139,103,59.6,-11,28.69,-40,124,6.13,127,85,69.68,77
-29,21,74.72,-24.16,15.28,71,-2,50.98,-3.77,-19,145,10.49,8.66,100,9,1,110,-3.3,62,-11.55,22.43,-5,29.79,148,44.02
-13,15.5,-12.31,113,117,11.67,-29,-18,129,51,2.32,-19.78,42.92,1,61,88,131,-30,-16.43,35.1,26.29,141,127,-2.45,44.66
82,-34,-7.52,29,22.01,37,-3.34,45.04,7.2,-24.08,62.96,147,11.41,135,55.61,131,30.77,132,56.15,12.38,102,4.39,2.75,93,28.7
57,29,24.6,35.79,4,53.1,-16,-22.72,98,-30,102,-14,-11.99,-15,136,45,74,-8,112,58,-6,11,35.29,-48,49
13,-13.64,65.48,147,111,8.58,-23.49,9.19,109,65.35,-15.71,68.4,130,-43,19.61,-11,65,38.17,7.41,50.22,55.61,33.77,17.81,19.29,72.53
108,132,130,60.92,11.24,136,99,-5.81,49,12.08,88,22,80,46,134,-44,-17.93,20.74,19,89,-23.51,117,14,-10.13,-33
25.43,-19,69,51.61,58.08,-50,-32,20.67,32.23,73.76,132,133,72.56,47,66,39.21,-32,2,-9.37,59,132,-19,-20.13,-29,59.49
59.38,18.62,47,108,127,92,73.79,93,67,129,120,86,9,24,50.31,24.99,49,20.9,14.26,-21,-26,141,108,-19.83,19
36,45.33,35.11,65.5,-42,61.31,-20.22,-14.95,-29,7,69.73,71.95,30.61,-20,-13,-14.59,24.66,20,140,74,-29,61,64,-19.06,5
57,43.53,-19.77,11.84,-45,126,16.45,106,-37,30,-33,36,2,-26,14,43,147,-13.19,24,16.23,10,31.31,-21,-20,-4.6
60.31,60,-10,148,82,43.65,72.6,57.39,-16.14,24,-8,4.48,73,26.1,75,7.72,144,13.81,23.44,-9.05,124,25,62,-23.76,28.18
-12,0,7,-2,22.27,136,59.25,48.26,8,42,-10.37,73.24,53.85,-25,60.4,87,-15,84,-13,143,90,-13.85,11,-2,81
117,18.63,10,34,42.05,-16.32,-7,34,42.96,11,24,15.87,34.02,19,-2.95,52.62,81,-14,-7,-8.4,12.56,32.89,25.71,0,59
46.64,-1.97,53,-11.33,99,52.52,74.09,-5,142,-2.05,37.79,55.39,36,-8,-2,21.95,63.51,-1,15.67,-24,19,146,-9.4,-27,68.56
69,74,-16.06,22.05,22.76,-15.59,58,64.42,53.4,32,139,35,32.63,135,38,109,67.12,66,-18,147,57,69.03,12,-39,76
49.11,27.8,17.86,60.2,2.4,57,97,-19.48,59,-18,115,45,48.44,55.17,82,-12.49,129,37,33.27,5,125,38.85,6,29.95,5.16
-11,-12,2.78,71,69,5.48,-44,25,-22.73,-10,52.38,89,123,-32,-5.68,11.58,21.59,95,65,63,125,29,88,49,73
74,-7,-16,40.74,4.91,63.11,-10,97,121,-3.87,60.21,48,139,99,124,96,26.43,69,39,58,-50,72,80,129,115
-36,20,-15.02,29.12,23.6,-50,29.88,-34,60,44.96,51.92,-40,10.45,106,37,91,124,47.64,37.16,15.82,18.55,53.6,71.22,-32,-40
-4.54,49.34,64.13,-2.01,49.6,59,21,-22.08,-7,94,52.14,-25,-21.02,-5.48,43.87,-1,-18,127,77,20.85,50.52,66.3,76,33.92,59
-24,-10.38,44.13,141,-40,14.81,-2,119,1,86,-6,15.76,-5.6,-3,84,111,15.28,-16,37,133,57.32,40.48,16,28,144
68,38.47,79,39,55,56,116,98,47,65.91,25,-27,-11.28,26.3,43,65.63,25,66,-14.41,147,-19,104,74,-21.39,44.75
40.67,11,16,61.81,58.13,57,70.88,73,-29,99,26.07,46.24,49.05,36,12,45,60.5,32.04,20.1,1,-15.7,32,2.48,-19.54,14.16
2,96,-44,-41,23,-36,74,72.32,37,61.47,51.2,-18,135,-6.49,38,22.29,63.73,64,60.41,118,41.19,30.28,24,59.71,57.57
10,130,-15,-25,7,120,50.79,0,11,102,141,88,-18.32,37,44.64,-9.89,149,0,140,2.49,121,-45,-22,23.96,142
-4.68,-17,104,-6,27,31.82,58,0,0.38,-38,31.36,49,48.62,-7.95,118,104,32,45,-4.29,129,44,8,15.94,111,5.45
31,113,7,-31,4,-45,78,2.53,33,24.09,114,127,59.93,65,-23.36,62.41,20,50,0,39,62.62,69.69,147,-13,62.26
7,133,83,51,88,41.27,25.22,-44,106,3,19.22,-21.25,74.47,47.76,121,129,49.49,-38,73,-38,65,-6.23,22,44,3
-14,70,48,4.98,89,72.06,-44,88,128,-14,15,39.8,31,35,73.74,103,37.55,-34,41.28,5.35,56.6,-46,3,59,41
-4,-5,40.47,88,136,44,45,137,-2.23,127,140,71.27,9.96,39,16.74,-38,105,78,9,37.71,125,109,37,41,112
71,-4,22.67,104,92,-10,-15,-35,130,56.24,48.65,17,48.2,23.35,32.98,-22.37,83,144,12,-5.08,-24.47,28,-11.51,126,-2.95
10.86,47.81,88,6.72,27,138,-44,9.68,11.39,31,28,29,113,81,69.21,-15.16,9,2.51,66.43,24,-10.89,64,87,69,74.4
-21.79,-2.73,32.55,-5,-22.45,2,-42,53,114,-21,134,-24,6.21,27.93,-6.19,-30,37.88,60,11.08,-12,47.88,-44,-50,4.85,72.34
39.57,145,141,35,-4.69,127,46,31.89,20.07,-39,-14,138,-1.78,15.24,65.18,-25,-30,-12,134,71.03,119,-46,146,107,52.5
33.4,-47,84,137,-24,18,6,66.72,93,38.35,-12,47.04,76,16.65,130,13.27,56.94,7.27,91,18.22,-2,38,34.78,74.22,53
96,-1.37,-42,-34,116,52,-42,60,-4,30,54,-40,44.87,98,148,-23,15,89,56.99,-46,64.79,26,-10,19.17,26
13,130,-35,23.27,78,69,-23,-11.3,24,43,1.7,97,-22,11.26,35,-8,118,37,-34,30.42,40.97,125,-43,-35,115
119,42,-10.7,-3,15,124,8,49.68,132,105,58.22,60,98,40,15,-39,42.44,69,32,-48,56,-38,39.96,24,55.45
89,-26,146,1,39.44,104,93,41.99,-1,24,90,-12,74,-50,60.61,65,36.14,58.01,120,-13.45,80,87,14.46,8.32,26
82,-14.47,60,147,56.69,6.07,17,16,52,63,42,47.99,-20.59,73.17,75,1.73,-32,46,-41,146,-19.5,3.99,-24.46,59.45,98
44.07,47.93,71.4,5,4.21,-30,-17,70.8,60.06,40,108,68.84,-21.33,-49,89,11,146,36.64,66,148,57.01,39.72,58.45,-46,78
31.21,51.43,133,29.09,101,104,146,-19,63,34.7,131,42.39,-43,-32,56,-24,-14.1,21.16,50.36,3,45,28,109,90,134
69.85,-22.62,66,67.68,-11,1.12,38.75,-3.44,-38,110,2,8.88,22.26,-13,30,-14,145,-7,48,-6.09,19,137,0.24,139,80
48.19,-7.55,64.24,72,-43,26,44.27,8.1,141,-33,130,-32,112,90,-2.15,16,-18,49.73,54.92,81,-4.69,80,43.34,53,65
-45,-19.89,10,-2.8,62.18,40.6,68.95,-6.81,-49,-23,-2.69,42,30.9,45.13,105,-17,137,76,68,-14,48.12,41,35.08,41,2.86
142,87,143,-2,-3,70,-14.31,26.19,111,16.36,56.53,-19.2,54,37.51,83,-18.76,4,-18,119,139,-12.09,35.54,51.35,27.67,94
13.47,-11,10,8,16,131,37.88,47,24.27,92,-24.45,-20.51,145,-24.54,60.69,59.61,27,-46,45.52,-15.74,92,17,31.84,31.63,23.55
-26,27.39,86,-14,62.98,1,13,-1,4,52.04,142,73.18,41.42,79,79,28.46,116,59,44.49,-34,75,143,83,86,71.96
124,-44,52.49,115,35.75,-18.75,26.39,79,-33,16.26,55,56.4,46,-6,64,76,110,11,119,18.9,74,113,55.02,7.62,34.61
83,22.83,-40,15.34,97,-7.62,146,15.34,-1.65,0.79,-24.67,62.9,2.94,-35,-50,-6,66.09,-17.86,55.13,15,120,118,22.97,41,55.27
-18.26,42,-14,65,-7.99,-3,148,3,-4.74,-11,56.56,15.26,101,136,70.9,-43,-10,69,19.49,-11,88,57,-4,32,118
-14.69,-8,26.7,9.49,134,31.98,58,-49,117,-0.87,127,21,-5,2.62,29.42,-8,30.02,-46,3.47,25.92,69.64,91,148,7,100
8.35,-1.91,107,0.07,120,26,147,9.64,7.43,85,113,-9.75,70,24,36.6,41,149,-22.73,7,147,19,30,31,-41,-12
106,137,-13.84,46,71,56.28,79,69.36,109,-23,-2.3,23.16,2.89,3.62,93,81,88,-42,49.83,142,5.58,-25,147,3.34,58
-32,63.52,106,8.27,-1.29,58.99,32,17.47,74.23,-44,-4.59,115,23.67,26.57,-4,58.82,93,21.55,39.65,-27,41,-11.69,-34,137,125
83,82,0,68.76,-29,40.25,29.87,93,18.53,1.92,144,41.25,80,52.8,-15.12,47,19,2,107,-26,23.78,-30,19.71,-2,58
55.36,44.07,60.77,-24.69,-0.24,58.38,-4.25,-46,10.4,10,-21,127,86,90,-34,-9.75,58.85,10.97,141,-1,37.27,68.62,-49,68.38,31
15,-36,63.77,28.48,-33,1.81,112,-24.17,-24,-50,31,42,119,62.29,44.49,61.66,110,122,-24,28,32,4.07,86,48,-31
29,62.74,-22.52,35.1,55.6,68.99,41,23.45,117,147,15.76,-1.15,108,61.13,42.48,138,31.64,76,-19.57,142,2.15,147,-38,11.73,-29
-3.68,-17.84,-40,91,143,97,94,48.93,66.06,131,51,1.92,-18,-1.18,-3.6,28.17,-31,53,33,135,90,50,42.76,55.29,66.14
-7.59,-29,-38,-4,72.31,139,-7.7,-47,100,130,8,114,71.14,50.07,-46,-5.57,19,149,16,55,67,114,-1.47,17.72,-17
-47,20.14,59,55.66,-16.32,60,54.92,-48,17,105,15.38,129,-28,102,6.76,70.92,21,70.92,-6,136,-3,-2,57,24,93
37.77,-11.55,63.21,40.76,26.8,10.43,82,53,12,1,3.52,50,72.49,-24.42,38,21,115,70.16,60,4.5,132,-2,107,12,-8.36
98,-23.61,-12,31.88,24,20.06,33,65.83,74.96,-1.15,51,-25,100,59.33,131,145,-21,58.97,28.06,102,-40,13.31,138,121,-11.34
20.99,90,106,38,131,119,141,-34,-47,34.99,85,58.37,70.96,-48,48.25,135,99,64,68.48,-2.67,25.37,30.22,-19.95,41,96
-3.52,-20.99,-25,123,20.19,-8.03,125,90,91,110,67.83,8.07,36,46.53,48.87,-32,-1,114,16.98,112,-30,104,34.41,47,-14.96
137,12.69,104,121,50,-43,-23,70.05,58,-1,-35,22,25,19.82,144,74,130,7.94,-20.09,-4.79,0,68.94,85,79,12.24
89,53.31,24,-13.58,68.69,1,-31,9.72,52,64,42.83,-2,-23,48,29.69,-32,28.6,7,5.83,147,114,119,48.6,87,15.8
103,-7.29,144,59.58,-13.8,86,-5.13,15,14,111,31.91,87,18.28,-9.54,74,148,-36,24,115,34.97,113,70.05,-8.57,20.84,15.55
-23.94,43,96,-9.42,91,-18.63,-34,63,37.89,-19,-5,21,-20,-4.45,-31,63.38,3,9,-7.94,-22.32,28.8,97,9.65,-6,71
60.99,99,43.19,-18.65,-28,56,43.51,-17,5.92,12,111,18.12,-4.37,69.13,30.45,-31,77,-17,30,-6,111,112,-4.93,55.69,55.57
-2,53.01,23.92,76,3.01,55.58,8,-4,72.01,125,-10,1.94,-27,85,-18.86,37,41.95,-15,-4.34,-19,52,-15,-40,31.83,120
-7,148,141,4.47,126,18.37,1,134,32,-41,-32,11.69,55.87,-42,50.19,6.78,1,53.5,-28,74.93,17.95,14,29,-15,45
-14.87,26,27.88,22.46,83,-1.81,34.62,21,79,40.55,66.42,132,90,111,-7,59.09,96,105,43.96,137,49.01,41.87,142,101,30.78
136,-19,93,26.86,7.03,110,11.91,25.31,28,60.02,-32,103,101,7.45,-9.67,-29,-5,134,-22.32,-8,66,-24,45,-1,-31
-13.83,-31,4.66,-15.03,53,142,79,34,-5,60,52,100,-36,87,46,35.75,108,-5,-11.96,50,0.55,21.52,-8,56.55,119
-9.92,-31,-14,52,110,-36,126,59,35.13,29.31,43,4,144,-34,40,-20,81,29.71,125,32.73,13.2,72,63,108,26
125,25.27,57,-39,25,31,-12.06,-17,14.17,-21.43,-5.53,-41,49.66,-6.53,-14.1,41,62.5,99,137,63.38,62,35,-33,-21,81
42.9,100,53,19,-7.32,-5.86,50.13,-18.74,9.79,90,46.92,-33,80,10.91,149,53,112,96,144,25.28,49,36.12,67,-17,-31
-7.71,111,12.59,68.82,9,70,122,7.01,44.73,127,37.02,-35,-15,8,-21.6,42.35,-14.19,3.45,11,4.23,-28,-20.9,84,-1,-16
136,-21.74,-9.73,18.59,21,41,-9.17,47.25,-47,21.45,33,61.54,147,62.93,-9.82,72.5,140,17.18,0,62,-42,63.86,98,36,68
74,-15,-22.31,145,137,60.63,108,3,8.78,73.25,53,59.69,138,115,12,144,1,-24,45,115,29,73.67,63.77,0.93,28.14
28.61,57.55,-13,-13.86,43.38,-45,82,-19.25,99,72.39,41.22,58.85,-2.4,99,6.91,-27,3,81,146,-18.12,-7,3,1,23,143
-33,40,21.52,141,10,14,118,120,37.35,94,110,19,30.65,-19,35.4,-36,-23.43,97,6,100,68.51,45,7,1.95,29
48,117,28.35,66,-7.65,46.8,-37,47.08,-14,68.33,107,15,9.35,34.58,55,5.69,-11.11,19.91,39.24,-5,-1,73.94,-6.34,-10.65,83
-21.29,37.56,42,62,15.17,68.49,-4,-11,9.1,-21,132,25.71,-37,30.87,73,-8,30,-17.15,67,-13,54.39,64,62.06,47.5,49
57.43,-30,47.36,-12.12,55.41,27.65,50,87,-1.25,6.91,34.99,97,-22.89,98,-19.85,72,41.84,52,49,3,5.26,-13,29.26,11.75,-14
-6,4.51,-46,108,41.01,59,103,10,41,85,63,-14.94,-15,140,52.08,70,102,136,119,47,57,121,90,28.86,-34
-37,97,31,25.68,62.89,126,6,38.64,129,-28,-18.96,35,32.44,-19.68,143,25.5,16.99,89,-39,46.71,24.25,66,109,49,126
17.11,142,103,133,69.7,-12.47,41,-12,-8,27.06,124,17,69.61,-9.25,93,133,5.4,13,-11.8,116,73.86,-22.48,134,76,-47
-46,52.03,23.49,90,64.86,97,48.25,5,-24.17,-49,7.72,6.96,-7.96,54,49,68.24,59,101,77,-3,-25,66.45,5.86,-21.9,34.2
30.07,13.29,45,27,18.78,-1,11.62,123,-18.83,11.73,42,2.55,51,124,-40,-33,-21,1.61,7.96,59.73,27.7,-3,61,-20.03,25
1,-24,34.58,71.25,28.01,-50,31.54,55.66,138,65,16,97,-17.39,112,-11.37,108,86,84,137,-36,42.12,-4,-37,-34,68.63
-10,-19.52,95,39.98,-25,65,51.05,-11,-13,-23,-23.54,-22,-18,46.64,30.19,19,-11,146,-17.02,-10,-6.37,70.8,64,-46,39
25.79,-10.62,-7,68,67,-46,99,24.83,-8,4,47.29,-50,-30,110,25.76,103,7,-8.55,21.23,33.18,112,66,44,28,98
87,-5.68,8.41,29.52,124,-6,26,-2.88,-48,45,40,-45,64,19,45.27,-25,94,-10.65,15.49,117,27.38,0.14,38,-10.21,25
-3,-12.26,56.06,-24,147,-30,-24.11,66.65,51.07,128,27.2,24.38,124,-17.39,24.4,119,8.61,146,131,12,70.32,22.65,-30,128,-2.11
-10.66,5.86,15.59,2.21,46.86,66.46,4.79,-16.21,16,17.55,71,-48,50.73,-30,57.65,-2,50.67,-11.71,-17,72.37,-8.97,58.14,-17.53,44,-10
149,-33,-17,34,100,-10.16,108,57,63,7,115,14.32,-29,72.01,-1,30.4,47,-14,-8,-3,39.63,137,85,66.51,13
115,2,74,-34,19.13,56.32,-24.15,22.19,36,-8.81,138,32,-30,68,44.95,-17,30,80,50.16,-14.39,53.81,26,104,11.9,55.12
-19,-36,-14,-22,15.57,-18,33,-38,21.84,-3.01,-13,13.7,72,18.08,45,12,22.98,129,-23.08,43,39,74,9,-17.22,131
-15.04,83,97,95,24.4,-30,114,36,35,66,121,32.12,-32,73,41.53,50.66,-50,-24.57,27.51,7,-11.51,79,-43,70.66,-50
-16,-38,106,23.98,121,70,6,8,41,41.7,91,67,20.66,25.11,106,-49,14.52,139,81,63.66,81,25.09,33.23,22.06,17
21.01,62.9,23.65,116,79,-27,-16.24,35.77,48,-17.17,7.39,59.57,73,143,-1.87,24,13,-49,74,45.21,33.55,136,35,33,-33
87,132,100,37.56,31,50.35,-9.63,-27,32.58,73.38,-48,36.78,84,14,114,79,64.04,22,39,-13.43,74,70.18,-2,-0.03,146
139,11,39.96,73,60,52.01,31,63.09,84,5.76,117,-22,22.29,99,41.26,14.01,4.32,53.31,33.98,-7.91,81,31.96,56,126,-11.23
-38,-22,-20.6,107,27.83,83,74.88,64.32,-16,87,65.02,-18.98,15.26,106,47.97,-4.37,41.19,-6.7,105,-16.18,-13,-39,31,89,46.64
47,-16.66,-38,84,48,142,-50,-45,137,37.27,113,18.23,62,-6.95,16,82,-16,40,-35,72,31,74.3,-45,27.61,-9
-19.05,115,-6,-21.9,-1,39,146,104,74.53,-23.2,117,-4.39,-26,6.31,-43,126,-7.37,53.71,39,28,-19,131,74,-4.76,26
-8,38.95,19.33,38.15,43,18.06,15.07,65.14,75,-42,-4.16,63.39,-26,6,-37,33.87,-29,-46,53,72,18,22.64,42.17,36,149
61,76,42,30.74,0,5,47,138,-8,50.16,-0.24,50.05,54.65,19.26,45,74,41.19,59,98,9.26,45,32.22,71,73,29
44,88,-42,18.12,86,149,15.97,21,59.21,110,44,23.75,118,33,109,7.34,128,17.85,32,80,-29,36,109,-4.91,20.08
-41,64,21,15,80,6.48,91,-20.96,46.16,-21,54,123,11.48,123,110,1.98,-23.89,62,68,-10.06,20.71,95,-19,-19,-15
59.28,58.3,10,31.71,-1.83,24,25,-37,-2,19,63.85,106,33.76,37,-46,-16.02,21.72,15,120,64.34,65,31.68,44.84,33.21,-12.3
50,-32,-46,53,108,53.81,9.98,128,64.76,-22.87,141,26.67,64.15,112,25,70,107,139,19.23,67.18,107,30,24.9,115,7
53.77,96,49,-6,35,79,46,57,47,105,113,28.1,42,21.2,36.13,13.3,63,68,-37,-7,71,148,12.14,-20.29,108
49,81,11.91,134,11,-40,63.07,110,145,16,-39,92,11.84,72,84,-16,147,125,16,-31,6.1,2,139,109,46
131,60.05,34,-3,78,53.65,63,49.27,10,120,60,119,26.47,-1,19,34.77,6.01,-31,56,-7,73,101,13.63,-42,47.29
49.66,-14,92,123,-45,73.51,42,49,12,13.63,4.12,27.36,116,-36,76,-27,8,116,16,28.74,146,126,85,27.03,-21
-14,-37,60.07,55,44.53,-15,63.66,45.7,-44,138,66,62.15,8.16,-13,89,30.44,-3.18,93,127,46.71,27,-18.34,-7.08,72.46,104
-2,45.82,109,27,-22,-40,53,65,72,-38,-14.47,33,11,93,75,69,50,-21.17,41.54,26.46,121,-4,52,24,11.96
65.58,17.65,36.23,114,86,34,68.47,-22.68,-27,59.43,-18.71,30,144,60,-33,103,6.85,-11,92,36,-21.32,78,-13.14,3,8
1.43,47,62.79,73,57.47,31,4.7,5,116,50.36,95,27,81,-3,39.41,95,98,34.63,22.32,-18.89,-47,18.24,-23.17,35,-15.74
118,133,-30,104,38,35,-25,27.31,49.01,-37,-8,-1,29.07,-19.57,61.35,46,108,-8.2,-41,71.67,28.08,-6.82,29.62,19,-44
43.07,-14.59,51.94,65,-38,42.9,7.79,73,52,-14.29,29,121,3,55,18,23.36,-20,15.11,17,7.16,10.26,9,41,-33,-5
1.16,-3.29,-20,6,-24.68,142,121,49.47,35.63,12.87,-7.67,44,57.38,71,28.78,74.35,46.37,-49,60.06,147,-11,-5.51,36.75,-4.4,-22
-22,46,80,86,70.9,33,-41,-32,51.04,31,96,-17,79,41.93,64,126,107,36.03,46.55,21,-18.77,145,21,15,15.29
65,-1.85,-48,-50,136,42.37,70.62,53,-13,36.82,99,81,124,121,113,14.94,28.44,11,67,61,12.99,8.12,141,14,37.76
40.99,29,133,57.94,74.9,-30,-26,66.18,8.32,38,-35,-23,2,125,29,78,45,41.36,38,44.51,54,8.36,32.14,43.75,133
20,58,35,18,-14.77,-50,-5.15,8.98,39.69,117,108,16,147,-16.8,18,52.96,-22.33,-23.79,11.41,18,66.63,5.08,9,65,54.79
64,88,37,-22.36,131,16.25,29.53,-21,42,5.28,47,-3,55.21,132,51.44,134,2,56.05,-30,-12,67,40.12,90,122,124
51.7,26,67,-18,73.95,133,-6,-5,-18.57,98,52,17.54,54.57,42,49.89,21.57,55.62,36,-15.93,64.43,63.94,-22.8,71.05,96,131
-24.94,0.64,3.03,18,17,91,44.51,13.8,39.63,113,13.16,66.07,49.46,109,100,138,18,-17.59,7.93,135,33.76,25.26,102,39.89,57
17.15,-7,48.57,-20.52,6,6.03,41,13.18,58.34,74.28,15,-9.33,12,75,-18,64,-22.68,74.06,52.93,63.8,112,89,13,-50,3.07
57,90,135,92,21,113,104,44.04,131,-30,67.59,-21.56,46.04,31.91,52.96,42.18,8.92,110,39.45,-13.06,38.15,3.78,116,43.79,47
8.48,56.47,21.32,58.09,55.3,98,53.29,37.6,38,78,16.27,105,22,6,77,5.82,46,31.91,59,144,59.69,94,9,-38,79
-22.84,14.63,2,7,65.23,27.59,-27,1,-46,-37,57,-13.22,128,133,-36,29,75,14,-13.2,126,-41,9.04,32.06,-24,73.63
94,69.32,24.62,-13.26,9.56,48.15,91,-4,-4,-13.88,-15,42,-22,25,80,26.98,56,47,-17,33.95,61.88,-6,67.35,29,20
147,32,93,-5.34,-14,-12,18,31.65,20,70.29,54.69,64,110,41,45.74,55,95,56,64.29,23.27,-14.61,-26,-49,-37,-19.33
44,13.14,108,-28,10.62,72,137,-18,100,15,51.35,43.36,68,-21.2,-9,26.02,9,1,28.78,94,77,22,23,59.83,52.69
118,127,33.92,-14.49,86,-23.15,130,120,-14,113,74,-23.23,43,119,33,37,107,85,112,55.98,0,-30,68.86,99,51
60.82,-8.17,121,53,61.07,-12.7,110,-23.68,27,36,13,-6,33,61,22.92,17.65,-11.39,-4.16,52.58,5.64,28.51,28,95,-22.36,88
-9.69,124,-39,69.54,-43,33.43,4.19,56,51,40,136,67.13,91,105,60.4,-12.84,149,11.71,73.51,0,1,90,23.6,81,-0.39
29.85,-38,34,146,14,104,-1,51.47,116,101,38,19,61.59,93,61,-3.91,124,-40,34,53,104,39,15.74,-21,30
110,-36,36,-20.8,-26,60.86,-5,61.58,13.94,-38,4,32.34,-43,13.52,20.95,-2.46,15.33,44.03,109,43,-45,-49,59.2,4.66,28
70.3,32,67,27,-1.75,-10.52,2,5.68,-9,-17.53,70.2,-20,-1.69,46,20,-50,47,53,27.19,45,28,17,43,38.28,114
92,6.51,71.84,66,123,36,100,55,-21.01,46,121,1,107,-32,128,9.51,92,-39,44.14,-33,32.24,50,135,113,-12
67.48,135,-23,84,65,-24.7,79,-13,57.52,-4.36,11.25,77,7.09,21.56,82,5.14,0,62,50,-34,79,33.16,-43,64.41,82
-27,52.74,132,23,61.06,2,72.85,130,60,7.59,2,14,114,36.63,108,71.33,89,-18.32,145,88,28.7,23.33,26,72.92,-3.83
1.8,30,25,-48,9,28.3,54.7,85,66,38,7.06,28.08,-5.89,50.25,-24.15,-1,21.65,28.74,138,15.15,92,-17,54,128,7
-40,-17,-47,13,82,32,0.31,-40,3,15.95,23.92,41.09,69.29,19.83,8,92,7.26,65,-2,62.25,-19.13,41.32,-16.99,120,63
-14,73.56,69.98,-14,42,71,22,129,39.81,2.37,14.18,147,16,132,133,46.63,0.72,25,-1.6,69,71.89,73.05,-2.77,-22,52.07
-38,37.51,-4.32,32,1,52.15,67.37,45.93,-6.36,73,29,51,-19.69,21.73,69.58,-30,-10,2.74,-19.77,127,142,11,55.46,30.44,116
-48,117,25.12,55,25.52,-5.94,17.36,50.46,4,19,22,-12.8,-2,-3.96,28.84,9,8,-12.72,6.72,149,0,-0.41,116,-27,-15
141,31.77,8.01,65.6,69,-40,33.86,45,-4.99,29.5,68,35,-27,110,43,-8,-48,-19.59,72.4,10,7,31,73.72,24.49,143
84,27.34,57,57,5,138,35,38,90,73.08,48.81,-20,86,57,52,-2.5,46.31,7,-17.2,-24,61.42,-38,102,-50,19
118,19.78,99,-12,-13.75,130,64.31,-25,-44,62.56,44,-3,131,70,130,-15,24,57,-32,23,45,40,56.9,87,101
84,-20.65,15.05,141,16.54,73.16,123,-18.68,33.34,123,108,68,26.7,75,-12.06,36.26,32.92,12,11.65,-0.32,22.48,54.04,40.62,43,-21.8
-49,42,24,24.57,128,6,133,112,19,42.9,86,-12,11.76,5.12,20,-37,120,93,112,-17.58,46.57,71.91,13,-6,5
80,-16,138,46.26,-0.07,-5.52,11,32,135,40.8,19.04,39.41,-22,58.88,-12.84,136,34.88,35,49.9,18,27.09,-34,-37,-50,46
57.49,-32,73,-27,4.97,33.05,52.1,-6,64.92,-21.64,18,53.54,-1,133,108,38.32,60.93,22,79,24,15.36,-36,37,-2.43,51.54
24.37,43.26,123,-21.43,-17.2,59,139,-50,-15,111,-11,57.09,26.25,-7,47.45,51,-10.62,127,-28,126,58.93,3,-10.01,-4.62,145
-4,-41,117,47.61,94,41,23,68,18.02,-4.67,71,31.37,7,17.91,20.31,-21.73,46,-42,-3,-16,50.45,133,-21,118,-35
2.97,50.15,30.64,30,105,4,29.06,119,31.12,71.59,145,-48,0.56,-3.61,48,8.55,-12,-38,133,81,18.66,82,115,102,100
4,70.2,-26,-11,29.22,18.73,14,0,-12.3,79,131,73,92,-8,102,44.95,70.56,14.52,17,60.09,-9,73,-4,95,15.34
0.28,35.65,91,32.23,18,-31,107,-43,35.18,29.33,146,107,-20.43,18,31.89,-7.01,123,64.38,65.26,52.84,-13.3,-17.09,-28,134,53
-8,14.93,-46,48,77,44.5,79,7,29.71,133,37,31.2,140,29,73.22,67,-12.78,-25,7,-23,80,79,6.14,52,24.44
-39,12.01,95,-15.22,-1.55,56,6,-46,20,8,113,0.13,64,5,51,74.87,119,85,93,-43,55,0.84,13.16,137,5
-13,-16,50.86,-22.62,56.18,-16.08,43,-38,100,26.92,101,113,14.57,41.85,68.2,20.16,-18.02,-27,77,20.08,10.03,30,72.73,-20.85,21.29
23.75,-20,-25,74.54,49,101,6.91,145,71.98,53,104,6,48,74.85,-8,-29,63.78,123,-19,19.06,140,-8.38,65,43,142
66,149,80,98,103,18,46,59.5,59,3,-19.02,-8.53,-48,62.72,38.13,6.23,-21.33,39.08,60.81,-23,-15,-14,-46,26,62.9
88,72.33,85,51.44,20,32,-23.06,-16.93,51.7,57,138,41.35,3,20.57,-3,43.05,37,68.68,24.78,46.42,57.65,-47,25,135,10
73,63,1.82,73,84,68.91,30,84,81,20.69,60.39,-20,-2.24,7.04,7,35.55,14,-21,63.56,-37,-10.19,73.58,9.96,48.79,10
85,58,104,74.49,-46,53,29,42,17,62,113,-47,-46,65.81,128,-23.72,0.67,133,73.3,56.42,45,148,56,-19.95,113
52.73,6,26.19,50.17,107,148,-19,-10.24,38,26.34,60,59.34,115,12.66,11.13,37.83,11.5,5.29,1.12,-45,-4.91,139,62,119,-17.95
99,145,60,36,70.19,89,-34,97,38.5,-33,88,18.58,19.71,54.38,23,98,-20.63,61.17,116,-19.17,-14.53,-22,2.52,-1.46,40
21.05,15,20,19.27,70.76,30.57,29,-22,9.28,44.27,-35,-2,20.6,149,-22.28,102,40,-7,51.28,128,100,18,41,34.87,58
56.46,67.15,98,51,-7.2,139,-11,70,-7.52,11,69.15,1.9,-28,-41,115,-17.22,-44,136,81,33,-24,-1,28.57,51,40
67,45.41,133,-4.94,-2,45,73.99,27,46,71,94,25,-11,62,32.22,99,-11.77,135,128,23.18,31,-23,123,98,42.7
61.38,-1,70.14,-3.92,142,-2.35,-11.35,-44,36.01,55,72,-10,55.68,9,-42,13.69,7,67,-14.53,38,-18,61.2,33.76,88,70.25
14.49,-28,32.91,15.78,83,134,-18.26,54.1,-3.12,16.65,37,18,26,6.05,65,-3.2,10,32.38,-22,79,132,-37,27.4,149,44.51
135,84,-27,23.62,-0.99,33.04,43.01,140,27,-9,36.61,-13,4.35,74,40.6,13.76,-4.03,112,41,48.03,27,21,73.62,15.64,-24.39
-22.78,96,11,113,84,-17.76,-15,63.1,-6,5.52,22,47.1,108,4.74,56.19,65,27,78,-46,124,10.9,107,117,103,110
70,-6.55,20.69,84,124,94,-13.12,8,-18,77,-10.9,-50,22,147,27.31,68,35.42,-42,140,63.98,148,32,10.14,20.98,97
18.31,132,1,26.95,128,-47,-8.58,7.84,2,24.33,8,-50,132,-5.41,9,7.55,56.35,102,66,147,-16,0.69,105,25.09,-8
59,79,82,83,118,-5,50.61,-23,30.06,35,65.96,25,11.23,-41,60.18,-16.84,43,-16.66,18,13.34,139,45.39,112,55,27.78
68.7,149,49,42,-21,149,-7.62,72,138,-21,54.31,-19,73.79,120,77,-1,-35,138,149,37,82,-19.4,112,56.59,54
86,-0.56,-34,24.47,128,47,-4.3,148,39,45,60,125,52.16,-10.46,7.56,114,-16,103,-36,-19,51,58.65,20.72,37.38,-10.07
42,84,23.52,57,118,74.84,-18.49,-49,34.78,-31,75,58,34,52.18,130,-12.7,74,12.09,69,-28,98,-1.33,34,119,-24.36
14.47,30,55.15,-3.23,50,83,56.51,26,-27,41.4,39.22,108,-28,9,27,32.64,113,-2.88,1.6,0.38,-5,0.99,11,27,-14.26
138,15,8.77,24,-11.78,-16,24.1,49.79,-37,51,-6,120,97,41,0.51,141,1.79,5,53,-45,18.78,101,54.8,-18.34,-40
42.04,52,17.22,-20,-4.04,7,-24.42,52.28,10.06,118,104,-13.02,-39,38,69.76,-25,79,-12.66,-30,-11,7,116,22.14,-42,9
-2,-1.39,103,100,70.66,-30,27.9,35,6.21,-13,-16.1,70,-9.62,14.27,-46,37,-41,31.73,11.42,22,148,97,3.22,13,63.43
8,-18,-2,-17.12,37,-21,135,-11.12,-3,111,42,93,53.61,57,-9.79,34.29,20,82,24.23,-27,-13,16.52,19.78,141,12
8,-13,125,57.48,72.45,-23.99,117,55,-12,123,30,3.79,13.57,28,110,3.28,117,17,10,-5.6,12.89,32.49,108,51.53,-3
-42,38.62,21.85,45,122,-23,93,14,74.45,63.72,133,125,32,51,24.93,110,17.5,67.32,148,120,-8,-19.39,10.25,61,57.32
90,8,-7.04,-47,58,122,-14,-10,43.74,102,-37,147,14.23,50,25,7,17,3.26,25.98,121,16,-33,90,-10,98
-8.51,130,8.11,65.39,48,61,53.06,83,83,59,113,6.96,-14.06,-8.75,112,-22.78,92,-5,30.19,70.05,73.36,-16.19,39.65,60.46,139
146,35,50.37,-31,45.59,51,120,14.08,28,54,45.08,116,64.66,9.96,64.79,12.97,53.71,30,103,-37,-13.66,139,73.56,35.44,9
51.33,37,35.34,108,32,-28,-9.3,72.87,41,145,32,-3.73,-7,-21,27,31,1,36.11,3,24,-23,20.24,122,-22,29
85,70,129,9.29,29.47,18.08,18,127,-5,-6.01,71,71.48,99,-4.36,2,9.68,8,-15,-19,8,80,74,-4,59,-42
43,46.83,-19,6.2,-46,17.98,44,24.25,10.68,-45,102,73.38,37.52,105,-42,-25,32,77,-22.57,6,1,24.55,-14,34,-2
0.77,63.36,-24.16,1,110,-23,-22.05,41,36,128,-14,12.75,-46,5,7,26,51,-15,105,27,17,48.23,31.83,-16,27.87
119,5.71,84,144,-3,10.55,119,-24.61,132,47.05,35,-15.89,142,-27,56.25,-11.58,93,71.41,12,14,48.69,28,13.61,27,34.48
-23.95,-36,9,49,126,-35,60,52.64,45.32,39,-24.44,57.74,81,-24.25,4.89,66.95,11,139,36,-8,-13.4,1,137,47.45,72.36
110,37.64,47,-5.2,-24,137,88,30.69,-11,7.75,124,-8.94,77,-45,-25,39,113,9.59,25,-28,17,-22.67,52,112,129
4.2,13,149,64,134,144,18,37,46.04,23.06,-40,88,68,-45,31.72,74.57,-43,42.08,43,7,56,-30,-38,59.17,69
105,21,147,27,-12.91,144,-20.66,69,63.2,30,-30,103,55.62,-15.1,21.85,141,0,99,-24.94,120,41.57,45.8,-5,98,69
-36,-44,-9.96,121,65.82,34.64,36,91,52.68,-10,31.46,-42,6,4.55,133,3,59.86,49,-50,110,84,23.95,102,29.33,-1
39,-18.09,22.82,-15,38,-36,119,60.21,18.91,61,-28,-11,-6,56.36,-30,-37,99,1,-47,28.45,131,135,52.86,71,-31
67.36,7,31,41.89,113,131,42,-6,98,6.02,127,61.92,-33,31,18.97,12.55,145,96,21.02,29.98,-13.92,126,68,61.83,97
43.16,-9.53,22.01,-22.8,10,-41,50.81,32.15,2.53,34,-16.84,83,23.82,64,82,64,10,24,9.02,52.88,-1,105,-43,16.25,-17.02
75,25,83,39.03,-4,33.29,-0.83,23,136,-21.19,116,-30,-38,88,119,118,68,122,50.48,56,11.86,25.13,118,-32,66
60.84,-9.15,-24.57,16.23,-45,13,132,-1.45,101,9.02,96,-34,61.28,59,-6.94,89,-20.07,24.02,123,28,148,45.01,49.03,43.5,-22.23
-1,135,70.19,12.73,-21.2,-38,-3,-14.43,46,113,-23.44,135,-16,21,-29,100,111,-18.59,-49,100,64.73,75,28,70,57.63
13,-44,129,-7.77,102,59,-7,-1.89,63,121,41.77,-9.54,-5.35,42.85,4,15.68,81,-27,51,53,31,57.55,38,-18.44,-18.89
18,8,-6,6.82,123,1.67,61.49,-20.96,-8.77,60.63,121,22,81,-40,36.3,40.27,45,-22,50.43,-44,-3,-33,11,20,-41
62.16,2.86,148,78,67,61.53,23,123,32.12,-0.03,39.77,69.5,-35,134,-2,12.7,120,115,-8,-21.25,22.05,-7,18.86,141,-36
82,-43,94,48.74,58,-7,69.71,133,45.24,54.78,21,143,83,19.47,39.28,-0.32,72,39,-3,84,66.13,48,39,11,54.79
20,71,-10,33,45,-36,30,73,50.75,45.92,26,-46,33.48,10.61,-12,-15.49,49.7,69.1,22,-28,113,80,18,-32,22.98
92,-47,42.45,-9,12.31,72,-45,4.98,98,145,55,-43,50,129,86,136,120,-34,74.94,47,57.24,-19.36,34.13,31.12,69
18,-18.92,73.93,11.5,27,124,-29,-18,15.63,-25,25.88,52.04,68.22,-0.91,-48,99,32,67.23,-27,56.51,-2.47,117,84,6.49,9
59,46.85,145,47.67,-11.16,65.37,70,30,23.69,71,116,-40,39,19,114,62.97,140,-26,-23.48,129,-23.02,7,-38,51.5,-48
-36,-12,88,17.3,91,72.55,18.56,-23.15,46.61,50.42,133,-23,11,2,17.43,28,4.49,17.86,71.34,39.06,147,37,2.64,2,-4.42
65,42.04,-20.05,-10,43,71.88,140,3.03,143,29.63,-2.3,57,18.61,74.91,53.36,-24,128,63.94,-27,92,113,-50,28,9.11,21.39
-10.39,-1,51,46,69.74,40.92,35,73.18,44.89,-9,51.78,2,-4,76,12,72,-9.23,69.29,-3.99,-16,77,30,-9,-50,-4.37
41,-45,54.25,73,44,17,45,-7,5.55,22,34,48,81,-13.4,78,33,41,-2.46,61.56,-18,24,-22.38,20,-16.22,21.31
60.9,38,24.79,-41,74,90,-39,103,142,62,57.2,32.95,65,23.51,11.21,15,113,92,63.68,30.91,147,-14.3,71.88,-23,67.95
-20,126,8,55.09,105,9,-50,30,42,35,-3,70,102,112,28,81,31.56,-27,118,48.07,69.09,74,-11.18,-2,-50
-21,109,40,86,118,117,12,39.79,62,137,54.77,43.05,-23.41,71.12,107,45,90,62,53,-7.04,-12.43,30.54,27,-14,62
76,-12.62,-12.31,131,-12.25,43,61,121,14,43.49,84,-22,-34,148,45.99,38.75,-3.39,-18.13,-11.24,48.1,69.87,93,-18,53,113
8.66,61.8,62,39.65,63.76,-9,29,31.43,-19,88,-29,54,34.75,6,81,47,56.83,-24.5,100,45,134,75,95,6,25.44
-11.12,-17.39,42.34,13,-17,130,-26,68,-14,66.44,14,39,-2.61,29.51,-10.41,40.96,52,115,85,84,33.69,51,-1.92,76,21
130,19,148,103,58.69,13.05,-9.73,67.57,71.16,-36,15.33,1,49,102,54.76,125,100,21.97,64.58,-23,63.59,8.39,66,43,16
45.42,18.31,-5.73,103,114,-26,49.04,57,-8.7,-28,-23.71,-22.25,-35,-43,-15,78,146,-13.63,3.85,47,29.98,58.2,39.72,14,-28
139,-24.29,29.07,105,85,-8,77,43.63,137,-41,-4.02,72.36,-11.74,110,-17,-1,53.49,50,42.02,7.18,73,1.27,-35,139,-22.19
-40,46.38,-39,103,-45,130,106,4.79,2,130,-16,1,39.7,12,6,25,122,10.72,74.1,144,65,97,-9,96,-40
122,-4,49,-7.94,85,89,42.09,136,-45,67.79,13,34.41,129,-6.57,-13,51,-2,39.32,-30,63,-11.55,51,18.67,-10.63,41
-9.63,-12,45.46,82,137,24,39.86,33,-21.06,58.7,37.1,43,26.48,81,36.81,11,-20,74,68.13,11.06,-39,39.6,33,38.28,3
137,100,54.7,43.58,41,-34,62.01,38.35,44,72,76,-29,47.47,-48,27,8,22.23,71.07,71.7,12.56,133,-14.57,74.71,-6.66,-10
-23,53.74,-3.76,-46,10,39,-15.18,45,54.68,-41,73.04,65,95,10.84,49.63,6.21,-49,69.4,14.84,49.6,139,105,64,81,-12.38
-11,110,-47,7.73,-18.69,-42,50,17,66.69,-6,50,108,91,-29,53,66.98,-18.35,37,27,-11.75,41,96,38,62,38.4
123,101,10.06,99,-30,8.82,-37,53,-5,46.01,33,24.05,17.47,-21,-11.56,26,106,-5.7,2,-18.63,-29,61.19,26.82,79,72.18
4.79,114,71.45,28,28.03,83,-36,37,97,70,36.37,-1,2.62,-28,-31,25,3,12,111,68,16.68,25.67,73,-10,124
55,65,-12.75,96,70,140,14.36,63,140,42,65.18,33.89,49,29,29,9,-10.97,-4,-10,-47,138,-10.51,12,74.56,88
123,27.02,-5.94,70,43,-3.35,8,51.84,23.04,146,-20.76,-12.28,110,6.07,112,74.88,141,-18.87,89,141,49.19,28,21,101,70.49
53.89,145,21.98,130,4,28.44,40.88,-21,13.17,-1.12,124,1.05,34,126,76,74.59,-18,44.14,-36,63,-14.43,22.66,-9.98,59.34,-36
-6,-44,75,59,49,-37,112,-1.02,64.53,40.39,91,9,26,55,-7.01,30,135,144,-20.08,27,48.43,-24,120,42,79
65.07,2.54,13.11,-29,20,64,-11,25,41,96,-49,17,-8.91,117,15,40.68,-39,101,-20,54.16,101,-34,64,28.04,-16.67
40.71,65.6,5.36,16,64.69,108,28.73,72,16,147,99,-13,55,34.3,57.86,10.43,-34,62.63,118,28,78,58.01,2,-47,80
64,63,113,25,19.65,-15.85,18,90,-25,26,142,-5.73,101,79,6,70.11,-11.94,73.26,-15,-17.84,29,20.87,17.36,-44,-20.38
8,-2.56,-9.28,-27,46.12,132,13.25,-16,108,35,27,2,20.67,30,8,98,141,42.58,49,116,45,2,130,145,-22.59
131,73,107,100,122,11,57.03,-26,-11.29,-3,18,40.16,61,0,78,-9.08,66,135,63,66,50.87,50,75,27,51
36,-19,1.88,37.49,-40,142,19.38,-23,82,-20,68,4,99,115,-17.26,-34,-6,129,-9.36,26.62,-3.45,45,142,-6,-5
-8.82,38.76,17.64,54,82,43.03,60.83,75,76,29.67,19.72,-42,53,126,37.42,60,10.15,17.98,19,61.98,-45,-44,-45,147,50
-18.44,32.35,43.72,-9.12,-36,46,138,15.07,78,24.6,141,33.06,-9.87,98,-21.31,124,28,10.69,66.37,118,57.78,65.13,-9,37,132
81,113,27,64,55,51.64,99,78,19.29,117,24.15,114,-7.37,-9.24,54.61,72,98,3,110,30.02,28.84,-9.11,2.78,97,-22
30.76,145,20.39,128,47.28,58.72,29.24,73.72,26.88,4.83,5.97,16,30,117,-42,147,56.67,96,128,108,59.94,-17,28.53,75,19.97
102,70,4.26,34,52.77,10.57,129,18.57,50,7.64,49.21,98,-22,-1.23,92,63,6.64,-14,69,59.99,75,1.49,142,16.11,-45
111,27.13,37,38,-15.32,50,-27,58,45,43,51.68,134,12,120,143,18.4,-3,-14.47,-50,20,-6,-10,82,15,-46
22.02,-7.59,6.69,51.11,5,81,-26,32.67,-17.93,138,-23.43,43.3,-13.31,79,124,14,-20.82,38,10.77,139,15.18,27.26,129,-3.65,100
69.01,48.18,142,119,-17.97,10.48,111,-9.93,18,3,46,59.39,22.68,-48,30,56.04,96,-21.12,-18.38,63.05,-21.76,74,-7.99,29,7
46,11.25,49.07,33,102,-37,134,32,103,50.94,134,10,9.12,29,21,19,40,-10,66.71,16,54.76,-40,37,125,31
40.1,127,-14,23.67,41.88,91,149,44.19,-22,90,119,-1,-2,48,-24.47,8,21,32.38,16.08,71,-41,3,28,-23.08,142
-1,53,33.02,73,114,125,36,44.07,48.93,4,6,15.6,43,65.92,19,42,9,67.62,-40,22.9,74.55,48.55,38.77,46,53
27,-33,-8.09,1,2.74,85,86,14,-18.42,121,-7,-21,-37,72,69,10,140,124,-19.73,-17.66,20.23,-47,28.25,-5.8,39.54
-19.92,-10.99,29.72,143,30.28,134,-18.48,79,0,-22.54,32.89,37.19,42.09,71.29,49.35,-10.17,71,-22.25,103,133,35.05,-31,-1,43.25,51
-19.63,0.7,76,48.21,71,146,127,81,36,-12.21,3.73,20.64,-34,25.89,70.81,131,44,109,72,35.6,13.44,15.35,72.33,-13,-13.32
120,105,-33,33.26,118,31.53,4,123,-8.41,46.86,2,75,32,62,4.82,47.4,103,46,74.3,-9.07,104,6.9,24,57,14.21
14.57,52,54,37.31,-41,73.28,-4,61,-16,75,-25,37.04,58,69,-14,-10,-39,21,0,58,53,70.93,46.39,133,-12
-21,31.08,108,12,44.17,-44,46.72,63.03,-8,121,-43,-15,85,5,85,43.53,56.17,-2.07,52.59,63.01,75,74.39,42,1.54,-25
22.75,133,13,46.42,87,40.01,-17,38.21,13.56,76,112,80,-13.83,-2.86,-20,41.89,-23,-16,-9,23.3,-21.91,13,1.09,124,92
0.86,-15,79,92,20,87,61.31,-25,20,6,47,111,70,-48,32,14.76,21.69,140,-12.43,-2.02,-1,57.84,64,40.11,-45
66,50.96,-11,76,-0.54,2,32.59,74,-4,74,-10.74,23.82,146,-10.42,63,-47,59,86,102,25.33,72.48,7.1,84,64,6.73
64,24,70.12,39.42,-10,-18,-6.31,79,-30,62,148,49,18,55.26,38.29,78,31,107,-10.74,-7,45.59,24.6,71,61.5,62.13
-42,16,50.99,108,36.15,57.8,7.69,98,116,62.56,123,-13.6,8,16.6,43,125,4.83,43,149,128,-5.67,147,34.67,52,147
47,58.29,100,51,-2,87,1,53.65,29.14,24,125,132,85,-37,108,-46,9,65.43,74.25,56,15.12,62,38,-38,59.29
27,-38,125,37,60,107,40.32,10.14,32.72,63.21,-15,58,55.4,121,-10.63,57.28,98,7,19.12,40,-10.85,-8,58,131,46.12
80,-28,42.2,45.76,-8.58,70.9,-21.7,4.67,93,73,-40,108,-8.15,-19,-8,51.15,72.58,5.25,29,43.02,-11.38,3.85,32.87,71.62,-16.87
142,73.89,-9.85,-45,74.87,-4,58.05,61,66,18.37,-14,127,126,46.36,3.29,148,128,32.73,-16,122,20.08,33,21.34,120,62.01
-6,-23,115,70.46,80,-12.1,31,55.57,100,58.15,-18,112,76,6.61,-10.93,23.85,52.17,27.05,35,-14,-23,3.05,143,-7,20
46.8,66.98,52,4.81,24,-7.53,53,0.23,3.46,-41,36.49,-4,48.94,47.44,132,108,11.68,26,79,-22.81,105,-5.67,-37,12.82,-3
39.32,58,146,26.02,129,28.23,55.81,45,85,16,12.74,59.89,-46,72.89,-46,71.72,-38,-23.6,61,106,125,2.49,20,-29,14.04
-20.7,16,68.21,122,-20,-20.72,144,93,110,129,-40,94,140,120,66,74,23.92,135,77,6,65,-19,108,16.68,145
-0.13,53,47.52,32.03,142,46.63,22.23,29.28,-20,22.73,-16.4,0.02,67.87,64,31.98,7.39,96,14,51,94,37,62,-42,70.3,72
59,112,87,-1.03,-4,-1,44.09,-17.13,28.15,-24,-23,25.98,2.91,49.3,35.96,-17,60.48,77,35,15,69,24.54,49,-8.46,-12.1
105,-8.76,140,-21.86,52.42,-17.69,-4,96,7.1,31.04,85,31,-7,-1,-31,53,74.25,119,58,51,67,87,-24.59,62,36
20.12,29.48,-13.69,42.95,45.26,132,69,130,56.57,112,52.13,-27,16,40,47.75,7,-18.07,43.65,11,-38,-17.58,50,-14.25,-25,5.99
-1.63,-4.06,3.17,105,-7.12,0.31,43,-11.72,28.81,15,95,10,7.91,149,-4,-46,-23.41,55.13,80,65,60,61.28,96,24.6,-0.48
46.42,-50,14.12,50,20.62,129,32.79,59,92,106,68,-31,74,-2.78,-6.92,57.48,129,59.31,29,-39,37.89,46,28.02,4.68,5.16
8.52,33.53,-7,-2.58,53,35,59,18.8,95,69,59.26,-2,10.46,29.01,-38,35.2,52.25,137,52,45.79,105,-45,67,14,21
108,32,53.68,22,30.55,-28,-22,24.28,70.47,48.41,76,66,-8.74,60.5,-18.84,13,-1.4,12,36,42,22,52.71,64.79,-5,93
-15.13,105,22,77,36,24.38,-30,-48,103,60,109,101,72.14,0,64.28,57.54,-1,-30,3,-21,26.54,71.62,-7.2,24.82,67.75
40,60.09,44.51,46,-50,80,149,-39,140,38.47,0.16,36.16,59.3,22.2,99,8,67,29.27,72,92,26,130,-2.94,94,90
63,125,55,11.11,29.85,66,40.4,59.26,147,-5,142,-29,-2.73,-43,95,50,-50,14,63.41,28.12,35,32,55.34,18,100
149,103,55,-20.63,61.57,128,60,24.9,77,5.36,-28,36.94,68,66,99,129,67.44,48,74.62,142,69.64,70.48,115,58,56.97
86,-8.06,43.6,6.68,120,37.86,100,-3,84,138,33.99,40,60.49,14.32,29,50.88,149,70,-34,-15,67.7,-31,41.17,69.68,20.66
48.66,95,10.66,148,66,-13,45.93,-46,-19,30.2,57,16,20,11.79,-47,19,137,67,99,91,34.44,64.2,95,98,120
7,133,-22.91,67,27.29,125,71,125,138,-48,55,148,-11,-32,-20.72,-18,49.76,-26,62.19,-17,75,141,64,33.26,65.47
-36,60,-48,-14.87,23,14,-11.1,13.72,-43,-12,61.14,73,72,48,-15.78,19.55,-5.42,22.1,74.87,28.06,94,12.67,117,24,20.45
50,-0.39,63,43.64,93,67,-5,-24.09,4,60.96,-24.01,63.21,-8.14,121,45.68,-15,36.08,98,-12,117,94,10.32,86,16.58,-3.11
63,-18.05,97,34.81,71,34.54,55.03,89,12,66.47,-12.41,48,13.53,-24.39,-22.51,23,131,-7.67,50.29,-25,53.32,90,43,-18.61,-11.53
8.07,47.6,141,19.86,124,60.55,28.99,22,132,45.1,64.48,67.02,30.59,41.73,124,-19,47,2,113,-16,-23.02,121,94,87,84
145,53,6.11,-10,-13.3,10.36,45.5,62.9,136,79,7.19,-21.53,48.6,54.53,-9,79,123,-34,112,105,31,18,53,65,32
109,126,83,42.31,34,-10,103,37.54,42.18,-22,28,63.66,-15.99,30.04,57,52,-35,28,82,56.71,46.05,-7.35,34,142,52
5,37.34,26.84,-12,55,17,51,-16.82,16.93,83,29.82,-33,24,-4.72,42,148,81,139,-1.57,5,7.6,85,54.05,95,133
139,17.85,23.81,40.8,-15.97,77,-29,146,23,43.37,-12.2,58,75,70.17,19.38,54.71,-20,138,74,-24.3,-20.04,34,20.35,-19.15,105
27,-9.15,-6.25,16,50,36.02,37.45,8.73,48.43,-4.33,-7.07,116,104,116,-31,8.58,-17,-19,19,21.31,136,82,115,27.94,36
-7,14.79,5,-14.73,50.98,20,33,7,51,-12,99,-16.8,22,-0.96,82,140,14.66,112,31,21,41.56,67.97,12.76,46.67,60.73
93,62,74.76,-15,34.73,65,12.04,9.07,-10,63,-47,17.76,-32,2,-42,36,148,-6,124,44.92,57.98,19,29,72.33,64
144,29,74.55,39.27,141,12.45,120,-45,42,65.27,-18.72,63.41,63.16,111,2.58,57,26.29,81,110,-7.61,27.57,83,59,80,57.77
29.28,75,40.55,-8.42,102,112,25,130,91,66.72,131,139,99,110,81,62,27.87,-22.11,-7.93,57,-25,-38,1,40.63,100
48.87,-37,-1,14,-7,0.22,-26,24.54,-19,-14.86,-9.63,1.47,62,8,71,28,-2,20,-12,30.89,128,-13.28,-46,-7.48,54.63
70,-48,16,47.61,-8,45,7.84,122,42,-3.13,-6.66,-1.55,81,28,28.26,95,119,7.3,22.07,12.73,3.67,59,25,0.72,16.32
0.51,-7.48,-23,35,73,41,128,65.01,18.5,-24.04,117,53,22.93,41.69,81,42.47,62,67,63.01,52.47,0,65.01,-22.61,64.4,-39
67.58,-24.79,-15.32,40.43,37.85,65.87,-6.61,33.92,22.85,85,132,-13,-49,29.91,18.3,40.47,65.77,-23.37,46.74,35,48,70.63,36,125,71.91
24,60.81,28.21,-38,72,138,-48,26,-36,29.41,32.54,-40,50,73,6.28,74,-47,120,-0.59,-44,24.34,-2.57,-1,59.47,41.44
29,64,4.17,63.11,50.37,-5.11,147,73.62,120,69.73,57,4.45,47.84,14,47.06,15,-3.35,-7.04,33.5,101,107,-50,148,-17.87,27.47
131,37.18,-14,-33,28.27,-29,-10.34,43.9,1,30.43,-30,-12.16,55,4,41,68.41,3.74,104,16.42,-14,-7.85,27,14,23.64,54
-1.38,-17.94,64.17,40.68,15.24,-6,-0.46,10.77,-30,71,-15.36,34,-20,-37,144,114,16.93,122,-43,16,47.84,-2,-20,51.64,6.35
17.46,93,6.72,-1.33,-15.91,1.02,8,-11,-14.91,-6.46,62.87,77,4.41,48.66,-7,-23.37,23.15,3,20.33,103,-23.91,107,0,52,24.31
83,-17.05,38,122,13.66,52,25.15,75,66.82,106,95,41,117,72.86,120,122,123,72.25,107,69,25.52,127,7,123,117
70,72,-28,-36,127,50.91,137,-1.58,33,-6,8,128,28.69,-16,72,-17.23,54,-19,39,88,106,41,72,80,47.87
15.61,44.49,-24.16,82,109,35,-18.52,45,-22.07,4.64,85,138,62,35,51,25.2,80,-3,54,61.1,64.7,70,17,142,0.28
38,-17,18.53,80,4.35,4.03,60.85,61.94,-2,4.75,30,24,-36,43.28,-13,-5.33,57,35,21.24,42.53,93,127,69,4.67,-17
-34,-12.66,-23.16,-30,47.42,138,-1,86,20,7.52,44.53,58,1,18,27.5,-19,54.68,54,42.64,87,76,8.73,82,-46,29.55
-12.85,51.46,7.9,64,-36,31.17,-15,51.27,48,63,127,41,-16,9,23.23,114,12.49,74.96,-21,71.15,49.01,16,107,-32,42
42.15,-6.11,83,148,-14.22,-6,43,36.33,119,10,-22.39,18.51,63.4,-16.93,-19,4,128,76,25.78,-41,110,11,-22.82,-32,0.06
126,67.4,68,43,-5.72,97,18.93,-16.94,23.8,15,68.38,120,51.42,68.22,-35,67,-21.91,17.07,-11,52,-8.08,61,13,-46,-10
129,21,-23,107,48.05,137,2,-22,-9,73.33,-22,25,105,-32,66.77,74,25,-2,62,61.06,19.72,60,56,90,77
25.88,58,15.33,29,71.23,34,-39,27.83,29,80,146,135,-9.45,52,28.32,29,10.87,-40,-37,-31,65,22,30,-17,130
132,113,-44,-36,-11.42,-8,-31,101,-24.39,12,103,61,-35,66.71,34.04,-35,18.41,135,106,-6.61,62,37.59,16.66,62.4,48
57.26,129,2.27,-11.73,111,-15,28.91,102,-18.38,-15,147,70.1,-22.14,-12.99,3,-8,31,103,-37,12.98,5,-5,-27,57,111
0,42,22.63,-37,114,55,26,147,130,76,114,67.77,-31,59.95,-6.63,135,-24,83,122,-43,-37,-17.4,54,81,121
31.48,107,26,56.96,-6.75,41.12,-1.11,-21.66,144,4,74,-19,33,-26,-6,37,114,-18.38,24.68,111,-43,26.49,58.47,63,44
21.53,39,-17.74,86,56.23,137,-1.7,74.59,73,50.33,60,39.18,142,97,145,-36,73.71,-3,102,-47,-31,-44,55.69,23.28,25.4
0,21.91,-46,37.77,-28,106,-41,27.18,-12,42,65.83,108,94,63,119,43.78,73.17,74.99,-21,64,37,81,-2.73,107,90
17,11,118,41,149,73.19,11.75,25,-16,26,-18,10,2.55,72.56,-28,-5.88,-7.95,54,65.64,74.7,45,32.53,-29,-19,99
28.99,136,-30,113,24.41,115,31.46,-19,24,14.26,31.53,40,41,2.27,-10,-35,-5.74,36.82,79,135,6.74,-17.88,-46,142,6
99,-10,5,56,-20.54,14,4.72,-45,52.9,102,131,28.68,106,-44,103,-18,-2,11,-41,-12.79,74.14,33,-7.21,38.67,67.14
16.65,51.92,-18.61,-13,50.25,112,19,47,88,64.19,0,69.9,60,97,66.38,14.53,-3,36,10.72,45,14.02,-7,-2,43.87,-47
71,-37,144,19,11,70.61,108,6.48,-8,129,44.73,55.35,90,123,73.02,-9,6.03,10,93,45.23,-35,27,95,134,-4
-44,-16.44,-22,52.73,62.58,42.58,134,63.59,66.2,62,76,127,-3,22.91,18,-22.99,137,79,-7.64,56.67,-6,146,64,22,-15.63
64.74,15.43,33.59,17.22,66,10.28,141,71.92,9,2.34,36,22.45,15.46,8.29,6,-22.97,-7,15.19,37,-15.1,134,24.52,99,9.49,14.78
20.58,-7.15,5.65,64.23,19.02,-43,35,0.76,137,57.27,34.75,142,-1,4,22,-13.9,-13,78,-24.91,109,71.25,-48,63,30,18
-6.84,12.97,7.34,-4.38,42,106,-21.25,95,-18,-42,1,113,116,65.58,72,19.21,-48,38,117,61,14,25.28,88,90,-30
35,85,-18.48,-2,73.91,134,2.67,11.66,51,105,66.08,-16,143,14,45,142,43.59,67,29,14.93,-8.93,28.12,64.1,-16.71,21.08
59,107,27,10.91,-14.69,7.61,119,69.32,116,131,39.39,0,80,-17,47.49,30,144,-4.08,-16,40,10.69,99,-34,38.7,-30
13,69.81,-15,-33,38,51,28,71.44,-26,59.86,19.13,65.85,91,-27,37.8,-20,143,54,114,140,49,0.13,-14.13,53,12
47,9.41,-26,21,145,16,-15,131,120,17.12,90,74,9,27,-47,-1,-2.13,46,-43,-12.42,-8,42,-21,-27,103
35.83,144,6.96,134,10.05,68,-5,45,94,126,-10,48.37,55,10.41,60.59,0,-16.48,134,47.25,74.42,127,-42,35.61,146,13.61
57,100,-1.28,45.08,12,-50,148,15,55.39,24.44,37.04,44,56.85,-42,43,121,18.04,54.79,99,-15.21,43.27,71.99,2,57,5.86
103,96,38.08,16.51,59.94,-13.61,31.12,78,50,99,141,59.35,7.34,114,-9,-23.19,142,31.85,146,70,92,-27,-9.01,-3,7.37
-23.46,-21,47,99,65,-22.83,54.24,122,17,118,56,74,0,60,-4,-5.74,63,0.52,5,53,44.96,-47,-12,58,13
40.57,-25,-1,-8.1,-24,40.24,113,54,-31,-15,13,56.42,105,-2.89,71,61,48.1,-21.92,-8.01,52.95,-33,-20.08,126,-39,25
-12.35,11.02,119,0.21,4.5,50.51,-1,11.49,50.4,53,-12,26,52.94,141,135,42.39,16,-7,141,13.86,39,66.12,-8.43,-4,61
-35,73.4,68.35,42.71,113,96,-32,4,-1,38,37.07,65.4,56.41,-21.13,16,51,-42,8.88,-25,15,75,59,53,141,46
80,-10,32.97,69.73,56.12,71.38,-13.85,67.22,-23,106,20.8,35,-15.38,114,-21,123,17,115,68,132,107,-6.58,103,4.15,25
-7.1,5.73,37.01,10,55.92,18.43,27.41,-1.8,68.54,36,135,20.3,-17.91,22.8,35,1.03,6.98,-4.47,141,-49,80,90,54.32,113,73.32
-2,-40,110,13.26,99,0,145,8.75,13.83,120,-2,-5,53.83,100,127,8.99,33,-24.79,55,102,125,99,64.52,20,44.9
64.31,95,14,51.11,-16,-23,84,-22.71,52,-31,-10.04,5,46,-7.49,3.38,-46,120,-49,74,-6.1,-38,40.03,75,64.63,26.57
31,6.04,-36,145,47.59,142,120,98,34,37.49,7.83,-27,79,16,58,124,129,42.81,23,-31,33.39,71.49,27.06,8.84,56
38,29,-50,73.31,95,62.92,24,-9,116,-26,11,137,48.86,21.85,24,-30,-18.16,-49,3,72.61,-34,25,91,18.99,63
7.69,0,55.23,27,-34,70,33,59.48,5,56,133,-33,12.95,40.03,0,27,-1.79,149,42.66,23.35,-1,-22,120,130,22.9
13.45,50,-27,69.19,11.65,-17.49,33.64,-5.81,123,25.12,128,-40,-19,6,-23.55,-5,67,41.19,12.98,32.13,123,10.88,69,50.34,69.01
-46,-21,21,65,-12,4,47,15,34,-28,130,65.69,15.03,69.35,12.66,-0.02,65,15.95,-21,9.64,73,143,-6.68,77,-42
-20.15,44,73.18,84,64,55.3,58,119,30,113,31,41,32.83,102,-48,55.64,58,-32,147,-31,16.72,31,79,25.81,16
6.03,-25,49.01,12,-35,17,44,58.53,31.11,122,-13,-4,-15,133,-7.76,66.76,2,41.7,142,130,34.6,13.37,21.78,8,-48
23,6.94,41.42,61.56,-16.88,33,136,-11,52,1.27,123,12,143,117,38,116,55,136,137,100,-3.81,-3.58,17,123,12.76
81,-10,58,36,117,36.49,16,67,66.44,1.57,114,66.08,50,26,56.23,4.54,50,17,-47,-4.04,57,70,23.09,130,-29
138,72.22,0.57,-21.39,-41,38.81,-16.08,25,-17,59.32,117,-22,63,25.36,22,132,127,1,72,106,-0.48,8,26.88,130,127
-40,9,139,41,86,73,81,61,43.55,60.75,64.39,26.18,-35,75,14,72.5,126,-30,53.71,144,122,34.16,69.34,36.1,22.05
23.46,99,54,127,46.02,-30,28.99,73.71,1,44,1.33,-18,49.6,146,-23.75,146,64.33,111,45,7.96,-9,-28,29,128,-28
-19,38.81,92,125,-7,-22,98,53,73.93,-9,25,-13.83,60.99,-26,60.86,129,62,11.26,4.99,22.49,-10.11,72.63,78,17,-50
-40,86,-32,9.9,60.08,22.44,-11.67,-14.86,-2,-44,49,4.81,1,106,68.69,109,126,66.02,131,-11,-6.61,120,-10,-12,26.66
-5.91,-47,75,140,53,97,19.59,-30,-26,-9,-34,73.59,26.59,-13.79,-39,63.71,-12.92,13.58,41.37,-15,109,117,40.54,61.17,20.84
-9.66,87,67.19,-4,48,30.01,-24,108,52,55,65.93,135,1.13,33.95,47,130,95,12.23,-8,56.27,-43,115,18,-6.88,-13
108,-30,133,-13,74.78,-8.4,30,69.35,88,-14,17,147,-16.03,117,-49,41.03,-0.52,57.97,-7.17,29,146,120,143,102,-37
-18,27.1,58.4,43,22.63,46.36,-10,75,58.21,31.76,46,49,148,-12.88,20,68.57,125,-6.72,33.16,-4.59,58.54,-5.81,135,-2,34
114,113,107,73.94,86,-0.68,5.94,87,36,-33,5,148,124,53,45,-22,-7,17.07,0,39.32,101,92,130,127,130
-10,70.02,121,-36,19,-49,122,-21,-20.62,52,46.24,108,0.57,101,136,25.67,43,-4,1.14,-20.3,149,44.44,6.92,21,52.83
-21.4,69,40.21,42.71,4.35,94,2.8,84,13,-14.09,-4.99,74.14,1.36,-11,-41,48,-24.39,64.93,40.07,47,30,27.9,76,145,-1.74
4,46,22.18,-10,-21,130,-22.97,113,5.42,39.24,48,-5.61,-43,51.52,67.81,0.23,15.61,67,51.66,125,121,60,-9.28,-11,26.38
47,84,51.49,-8.12,-9.18,-17,3,52.85,24,-20,11,106,13.18,7,47,103,66.32,-18.82,14,77,51,139,10.37,103,83
-5.79,33,66.16,121,27,64,132,49.17,-19.6,105,66.21,-1,-38,55.38,-47,55.89,72.85,6.21,-3,127,120,66,90,-6.37,27.79
129,85,74.93,70.5,124,63.82,-36,13,100,83,123,-42,-12,60,130,68,-31,36,117,46.15,16.95,-50,16,42,43
97,43.09,44.48,61.92,102,112,-16.75,13,72.03,74,68.26,55.19,35.32,14,-7.65,37.09,1.05,9.2,6.28,149,21.06,66.44,123,29.91,-16.98
130,18,-40,21.85,28.45,63.75,37.51,13,110,115,7,5,35.92,-14,3.58,30,4.93,37.38,123,16.08,12,147,84,5.41,28
9.15,101,57.62,147,38,70.28,57.02,74.14,-38,-3.43,-37,0,-24.32,56.09,143,30.07,-1,51.22,-47,94,-42,144,-10,-36,58.58
141,63,30,-35,89,56,1.93,136,92,5.38,-22,-26,58.57,66,23,6.57,8,33.53,63,75,26,-36,104,-3,-29
146,62.29,14.15,97,60.73,40.86,42.99,79,50.78,72.77,134,-11.92,125,15.51,60.48,107,-39,-1,37.73,-44,47,143,-14,52.5,139
-12.08,127,96,-35,51.42,45.62,-26,116,102,-30,-4.82,29.6,132,-12.12,42,134,10.21,102,-19,88,18.8,-10,23.16,81,74
48,-24,109,-26,-2.18,73,100,148,-5.37,15,-37,-43,30,50,72.35,140,84,123,51.67,18.92,100,-6.02,-14,96,-6
47.35,17.39,32.75,52.1,-6.43,15,1,127,133,-6,122,4.46,107,-21,-50,-10.48,58.65,0.63,44.46,148,-6,104,25.03,-28,126
26.04,22.42,50,67.47,128,90,115,11.11,14.65,34.12,18.3,-13.07,36.67,23,67,63.92,-23,116,5.51,-10,-10.31,115,52,-35,-21
21,10.47,3.42,9.37,31.8,103,63,148,12,73,33.3,-18,58.27,2.44,-9,34,11.9,60.08,35.77,86,53,62,102,21,20.75
9,8,56,72,1.86,45,25,-18.76,70.24,78,86,91,22.96,-13.89,-23.95,-9.16,1,71.51,60.39,-50,71,12,-3,86,23.24
44,74,-8.9,-4,-48,-31,70,3.98,58,-8,-18.81,91,48,-23,34,23.55,148,6,63,-16.17,39.21,64.67,77,56.23,7.48
-8.17,44,134,-19,87,70.42,-46,72,52,147,71,46.92,48.96,26.37,48,62.62,89,62.53,49,-0.82,42,96,-2.38,96,21.99
17.37,23,121,-10,91,-14,136,61.08,7.46,44.63,-1.84,46.75,45.96,21.36,-24.33,-1,83,50.88,147,98,71,138,25.04,63,27
20,126,50,14,-21,40.88,-15,-4.21,-4.38,37.92,11.37,-6.44,-15.59,43,-20.87,-20.8,42,64,-44,72.76,26,-26,122,142,-46
29.28,130,149,65.56,-31,-26,-21.88,-41,67.44,-19.41,89,23.52,-0.72,-2.36,57,-13,83,58.62,-22,44.7,106,123,-3.05,20,32.36
-14.12,70,3.57,43,20.12,104,95,81,3.85,55,140,115,103,43,149,46.95,25,-25,31.73,6.04,77,68.23,-6.82,67,-17.6
15.93,2.86,-12,7.18,122,20.73,27.26,70,11.76,-4.74,66.59,133,4,-24,40.56,8,67.34,67,-18.54,61,-40,66.06,9,86,133
1.57,97,24,7,60.91,145,94,-24,0,-14.77,82,17,61,65,-0.05,44,138,54.8,-19.85,92,48,-3.12,40,59,40.23
-50,52.62,-40,-37,21.29,-16,70.81,57,-5.82,2.73,30.5,103,53.32,-7.29,137,4.4,42.69,36.63,21.44,138,143,34.52,11.92,49.86,71.1
119,71,6.92,83,49,139,149,-7.71,73,66.73,84,92,77,-16,140,71,38,47,48,-17.12,99,-10.75,109,47,97
45.35,80,34.93,14.97,-49,26.24,-4,93,-10.31,43,76,62,59.07,-15.22,84,39.07,9.89,106,15.5,93,85,13.99,140,97,49.54
68.54,24.77,-16.96,119,34.98,135,14.87,-30,96,69,9,18,-33,-17.25,102,-39,36.4,38,-15.64,61.33,-40,49.2,63.97,105,41
24.07,9.21,142,35.94,27,52,-48,35,-45,-15,-16.3,36,46.9,17,-10.58,60,135,-49,-17,100,18,-16.79,-1.28,36.28,100
68,103,-24,-6.67,32.69,138,64.78,27,-33,81,-15,2.33,30.01,-13.88,33,44,42.78,0,52.39,-46,70.36,58,74.36,-30,0
50,110,-15.44,-43,16.94,36,30,1,135,66.01,5,-50,99,38,25,54.29,69,135,37,14,124,57.21,97,-47,-41
70,18.96,17.88,9,69,61.9,68.25,56.78,48.71,13.91,-20.78,16.4,-24.24,125,7.37,50,102,-16,71,142,106,97,-19.99,81,-11
72,53,46,94,135,6,-37,14.7,-18.08,19.17,-15,48,38.49,63.28,123,-12.26,-18,90,15.18,-17,56.35,46,13.49,-1,9.38
-13,40.54,-2,35,-5.6,-8,63,57,24,-45,103,114,20.44,57.12,52,74.85,45,-29,132,-21.76,115,52,38,22.41,78
34,-1.37,55,108,114,-3.75,29.43,68,10.64,84,43,58,93,47.22,38.3,115,130,-35,93,24.48,94,-9,73,-6.46,-17.94
71,22.39,-32,26,27,-5.74,31,93,-45,-8,11.89,19.8,121,36.59,-15.41,29.51,-14,26.86,15.9,132,0.83,9,23,37.83,96
-0.75,44,34,126,-33,47,15.58,70.13,-36,20,32,49.08,23,34.08,120,14.9,67.44,-14.35,98,42.02,-35,-37,64,31.85,31.31
63.26,-44,62,27.4,-7.33,70,73.93,26.78,-6,40.53,58.52,135,17.84,20,11,-9.74,-27,27,69.81,28,65,120,43,79,-38
44.28,18.13,47.89,68.81,24,-11,75,38.52,67.07,88,-4,90,52.35,144,55.6,47.58,8,37.08,-0.06,-18,39,27.32,112,16,74.79
59.35,-22,1.23,129,41.18,-1.01,2,-15,28.39,29.78,32.52,70.46,24.14,36,-23.33,143,137,-16,98,62,-44,131,50,26.94,-24
91,0,144,36,65,-24,93,125,33,44.42,42.15,-4,-7.04,138,33,3.75,72,110,54.57,37.56,38.87,131,-36,80,-18.6
111,6,-36,149,82,-48,-30,105,51.25,41,18.88,46.35,-3.87,113,65.23,-19.2,-8.48,90,12,71,20,56,-18.97,78,20.62
59,49.16,67,48.86,-18.3,147,42.22,92,65.09,25.94,119,12.55,62,-17,50,-21,141,139,133,-48,-14,129,-46,-21.73,21.16
7.48,-23.36,-1.73,25,45,76,-28,37.03,141,61.35,16.02,73,142,-35,63.87,9.13,85,20,10.55,55,93,39.31,106,9,26.35
-3,-44,-18,109,133,118,-28,5,-4.01,-1.58,30.39,109,59.88,-20.24,1.35,74.02,125,9,38,-46,19,5.53,-42,-19.09,64
-1.96,37.63,9.22,-39,64.96,85,21.92,96,-13,73.71,69,-13,4.51,108,20.02,135,56.29,14,23.49,7,49,17,130,30,18.43
55,148,55.79,64,47.32,-20,34.8,90,64.23,-17.75,14,79,26,-25,62.17,-7.13,29.02,68,-37,40,99,1.26,25,109,64
-42,32,58,31.93,-37,104,112,-9,63.46,14,-29,14,148,2.35,-26,-22,6.58,30.18,62.64,-25,88,-7.48,53.45,22.92,60.24
55.81,-4.55,-12,84,79,44,-35,72.48,129,45.17,-18,71,15.27,42,-12,68,-10.82,35.41,45.9,104,-30,-14.45,-22.54,54.42,84
66.34,48.63,62.16,-3.91,63,135,139,80,5.18,9.73,-35,-21,58,-40,56,46,89,61,96,94,36.6,33,148,49.62,5.31
63.3,35,-49,89,61.45,1.44,1,67,38,-12.65,91,-13,45.19,31.88,-17.31,130,98,3,56.41,-18.95,19,128,-33,64,-48
50,69.39,90,105,-15,27,17.62,98,62,52,142,109,10,0,-9,-35,39.74,-6.67,96,-11.94,59.99,16.93,28.38,-33,-31
27,20,-8,123,137,-17.08,21.5,133,-24,20,80,28.32,77,102,119,145,112,0.45,-1.54,33.83,90,61.53,78,55,64
40.21,99,29.2,83,-20,148,107,-8.78,31,-21.19,-4.07,26,19,-7.75,68,70,146,-20.55,25,48,147,71,64,44,8
39.41,148,34,-22.62,61,73.65,-3.3,-39,100,38,14.73,-24.56,52.8,33.14,-2.68,-10,-21.01,51,67.12,23.06,22.36,69,-9.04,42,1.43
68,-9.54,14,-39,-27,13,-17.13,39.62,-48,72.6,39.81,106,34,38.52,-17,-20.18,-9.46,58.04,52,101,48.49,1,101,24.19,25
23,35,-21,-11.9,54.2,42.06,5,-28,15,35.01,-49,21.15,68.33,31.7,47.81,141,-33,50.38,133,47,133,-17.52,119,75,111
-5.2,32,90,-39,31.63,-49,-44,20.78,58.26,128,-13,-17,57.53,-43,58.97,2.76,142,96,98,16.41,-18.33,5.42,60.22,-36,58.45
-6,30.43,142,31.35,25.92,24.56,6,0,148,4.88,59.46,45.21,-19.19,149,-50,-25,87,74.2,54.85,120,100,95,45,-25,67
5.25,13.7,42.29,-18,28,72,103,54,-27,-15.56,20.6,6.42,113,28.45,40.42,47,40.57,14.24,67,52.15,112,94,117,5,64.55
-20.39,121,136,128,50,14,-8.27,50,73,-8.86,18.17,-42,-37,132,50.84,98,52,-37,28.19,27,-10.87,27,51,-19,-15
37.47,-27,-13,5.38,32,-21,106,122,-6,22.81,21.31,18,123,43.68,133,-7,144,57,61,59,56,21,-11.51,37.42,140
27,116,102,55.55,-26,6,56.05,47,144,58,33.87,70.89,-15,142,-37,48.21,-14.29,-19.63,16.14,121,147,-24.34,44,53,42
134,148,-33,-3.41,81,-11.64,-14,12.7,47.92,-21.54,99,-35,56,-35,99,-11,13,118,111,13,69.48,-43,118,115,118
-18,-8.07,26,18.57,70.18,-6,65.57,119,145,54.29,-24.19,33.76,-3.78,-46,-21,-33,35,37,88,93,-9,74.98,79,122,18
-8,85,47.81,53.49,32.68,-8,48.69,73,17.83,-23.88,94,40.7,30.47,-16.49,44.27,-9.44,61.39,33,13.55,114,99,-38,69,33.97,57
59,7,-3,81,-1.4,14.22,48.01,92,-0.62,149,60.78,100,91,54.87,63,10.77,-8,18.8,-14,72,94,106,-21,7,31.38
47.63,139,-20.46,49.68,-22.94,-26,107,50.35,-43,102,82,145,18.53,29,60.63,-15,-4.13,90,27,-50,73,-48,30,76,37.59
130,74,115,-16.53,3,-10.44,17,83,92,66.27,13,78,118,17,67,7.03,132,-4.29,3,136,-1.8,44.41,45.89,129,-11.18
-8.25,27.4,79,46,-6,5,122,-26,-4.57,58.76,-36,67.58,50,114,86,142,-1.58,27,72,18.91,68.89,69.47,-9,63.72,19.91
103,108,69,19.3,38.63,-15.73,22,-19.78,10.32,10.98,30.99,-23.36,-10,40.39,-22,-13.3,129,46.19,2.16,19.75,31,16.27,49.34,48,102
-2.56,22,16.6,143,-49,27,24.51,86,101,64.19,66,52.17,-16.83,8.08,93,83,6,30,-17,125,-13.55,57.74,3.02,51,27
-9,49.47,73.25,54.53,38,115,73,65.53,-16,17.61,-10.17,22,135,36.17,42.46,-20,-21.43,28.86,-3.83,34.36,14.33,-10.67,21.19,15.82,-30
58.72,68,-41,-40,121,-9,57.94,93,-7,68.14,-37,4.47,51,21.25,134,20.92,98,54.21,32,24.86,8,118,-3.78,37,40.38
-16.62,57,3.64,-27,121,65,-7,67.22,27,-12,143,38.71,138,7.01,42.82,65,52,23,61,15.34,144,-45,44,-12.4,39
-23,108,33.6,47.06,-32,-23,-13,36.92,-22,-20,-11,109,4.05,53.74,25.97,-9.81,40.09,55,18.12,16,42,46.75,116,55,19.84
27,-9.6,-29,124,-4,-28,72,41.39,45,5,-20,44,131,129,37.85,-17,-17.9,-10.19,66.67,32.39,-13.11,17,-21,55.59,19
83,70,87,99,84,-17,-16.94,-37,13,96,33,-35,7,124,0,146,67.69,28.98,-39,34.74,4.61,136,50,67.34,-8
35.79,21,71,19.08,-26,-14,0.38,62.35,43.97,21.63,50.23,57,60,145,95,-10.44,93,122,129,18,-1.74,-28,-10.99,50,0.68
-5,144,131,33,130,-11,8.27,95,54,2.93,-23,46.79,145,3,122,-17.18,113,31,121,143,-16,62.1,61.15,-6.98,7.88
65,-15,-12.25,-16.3,-17.2,74.54,33.86,43,67,56,87,-35,72,56.67,24.81,21.79,43.97,44,12.56,-36,30.1,-10.23,33,121,-25
70,7.68,116,136,13.34,11.57,-47,59,53.55,62,60,79,116,7.6,-5.29,-33,47,81,-18.31,49,66.9,38.66,60.2,75,-4
105,70,12.74,41.54,-10,-11,19.8,24,136,-9.15,-4,-11.14,-12,114,72,69,16.69,77,50.7,73.42,-24,73.43,92,2,88
57.68,28.32,69.11,-21,84,15,-25,49.59,43,62.39,-39,0.73,75,124,125,72.51,38.72,74.11,102,-7.01,15.15,52.7,63,34.99,7
28.19,18,-47,115,51,-31,63,-39,137,58,58.78,28.51,117,-12,-15,-2,72,29.37,26.93,93,42.86,52,33,-0.65,-10.55
66.59,-6,47,142,13.11,37.83,44.83,-0.97,108,18.42,74.11,-46,58.6,24.75,106,-13,51.43,-8.41,50.51,14.8,-5,125,-44,75,-3
137,-49,-11.97,15,8.16,73.02,-19.59,-10.1,-2.35,28.58,84,110,26,90,4.27,84,46.69,58.34,-44,76,59,-29,29,44,32
112,-22,71.88,39,2.13,-1.76,-6.94,-24.96,20.13,63.71,-5,9.64,41.26,-5,131,-10.16,48,131,68.71,59.88,9.7,71,76,24.16,30.82
139,105,81,-13.12,-43,-21,27,52.19,67,65.28,81,-10.49,27,12.47,3,32.23,55,-24.7,25.2,50.27,46.33,11.88,5,14,60
136,134,3,-6,39.56,22.35,-5.86,-3,72.5,73,95,17.69,31,133,137,65.95,106,-29,26,39,70.55,28,-25,114,131
123,65,62.82,38,110,102,-22,33,33.83,-45,68,-23,31.52,-10.27,34.33,31.01,29.28,72.14,88,-21,58.81,107,7.19,55,41.35
50.41,11,49,70,103,10,64.01,99,63.92,50.8,69.27,18,34,8.99,98,66,74.22,-33,72.16,61.07,20.5,-42,59.48,45,125
-3.33,72,27.75,77,137,16,98,52.93,-28,-14,108,-18,8.73,48.11,18.5,86,47.99,60,-37,20,-5,131,107,41,29
-35,51.66,-24.44,-20.99,-19,130,108,72.61,42.87,7.54,102,8.25,61,31,12.02,98,26,-12,73,146,0.76,70.25,46,55,62
23.41,63.75,118,27,-6.59,83,71.43,84,48.06,-15.81,57,-2,16,111,23.19,46.65,102,-42,24,-41,115,-1.06,68,137,32
5.76,32.56,16,-26,85,142,-8.92,-37,90,-40,23,112,58.38,-45,130,-3,49.8,-18.99,149,89,66,92,65,-14.81,96
121,75,36,69,67,140,14.68,103,24,82,-8.03,17.57,0,26.85,40.7,96,-6.48,111,134,-9,73.62,4,3,64,-26
-10,2,60,51.77,-36,122,6.8,108,140,-17.84,-34,19,77,96,40.63,32.16,35,56.37,55.1,57,83,135,80,-33,39
3.25,25,122,26.51,125,35.56,9,16.48,16,93,105,37,129,7.09,45.96,13,69.31,106,11.31,98,68.52,103,-33,131,7.38
-4,8.2,14,-33,-22.99,58,-5.15,121,40.97,-30,-24.25,73.22,-24,89,70.77,-11,34.85,129,3.35,-22,102,126,128,-48,-23.5
6.32,69,125,33.35,-47,-5.1,-43,-24.09,-2.17,24,33,43,-10.46,79,82,66,-15.71,123,-10.19,21,59.73,122,124,5.14,13
147,72.88,21.93,-19.43,76,20.85,-29,93,-50,19,124,95,56,66,73,-35,30.23,-21.83,-22.43,109,117,-41,17.56,85,66
17,100,-32,14,-15,70,30.12,54,-17.4,48,-18.64,134,8,-7,53.56,29.98,139,111,24,88,17,51,65.26,92,21
138,56,4.29,15.7,55,34,147,120,-38,-10,1.08,-42,142,35.39,10.83,91,123,60,79,136,97,144,-15,29.69,-15.83
-19,36,63,-29,132,28.37,21,-47,117,-23,18.28,-10.33,50.95,43.57,10.28,26.96,-50,140,15,52,113,-14,119,20.3,83
109,60,56.8,63,107,61,-49,-35,79,-30,115,111,125,57.62,39,-1.54,125,79,38,19.65,61.49,-38,73.56,144,60.87
116,16,19.23,7.84,23.39,10.14,-47,97,-9.84,91,52.63,-7.67,70.36,5.24,63.87,-38,54.58,3.01,72,-9,46.95,47,-17.18,-21.76,24
130,46,32.07,32.7,72.3,-6.65,103,11.02,-21,32.24,93,118,14.39,43,6,-22,18.22,89,54,7.92,53,1,113,-24,-49
109,-0.38,-6.33,121,-13.39,-48,108,99,21,23.61,3,106,63.31,47.81,76,-15.4,68.32,90,-11.13,-18,-10,-5,82,-48,120
-36,6,63.01,111,-1.68,15.14,39,-27,113,143,41.93,18,46,14.56,61,-8,100,57,-15.21,19.55,97,13.49,33,120,-35
66.05,36,32,-21.42,55,87,-47,14.46,116,24.22,124,-9.35,108,68,-11.34,86,74.04,147,135,41.16,23.49,-36,24.07,38.71,78
46,-11.39,-9.9,53,-25,36.61,-4.17,-17.33,-31,28,11.42,96,88,-6.09,-21,-11,4.24,69.86,133,6,55,24.57,15,120,-3
6.26,124,-28,-4.3,39.61,101,46.1,54,138,28.76,74.79,28,6.31,112,-46,72,140,82,56,15.12,-42,-33,-6,57.7,120
13,-17,51.83,119,1,44.49,61.22,44.94,2.23,-20.02,-2.35,59.17,102,-48,59,-21,-3.93,20.54,23,3.23,36,35.39,101,136,2.75
-3.43,51,55.77,8.78,-3,59,117,47.6,-9.19,-46,41.57,75,126,30.55,4,55.69,12,47,62,36,-9,-11,74,104,121
82,8,34,24.65,104,54.44,64,-25,-5,125,-41,111,78,-4.37,-38,44.44,17.26,-8.94,136,-50,52,118,26,-14.72,7
12,50.83,117,-26,-13.87,72.49,-17,2.8,-34,31.32,58,60,19.71,-1.38,-9,99,-43,135,136,68,-1.15,64.23,-36,119,19.65
62.89,-12.88,42.2,11.48,106,44,24,87,-4.98,-6.26,115,8,50.21,139,138,59,10.74,104,80,0.52,13.66,46.4,38.9,-26,62.1
146,39,143,131,79,29.09,7,112,124,-3.85,13.05,125,62.83,114,69.59,20.03,33,129,-22.81,20,108,14.02,51.48,94,68.38
-38,-1.54,-16,-20.03,55.34,85,-7.7,-28,17.25,31.33,17.5,72,28.51,14,104,-22,114,-15.55,52.62,69,76,19,-35,100,59.89
64.23,135,36.56,-32,30,117,-5,-11.71,20.95,42,10.94,105,42.55,69.38,70,46,-3.15,35,43.24,18,5,-18.93,49.3,97,127
-3.34,-18.63,71.39,111,-25,66,-12.32,94,30,117,-9.75,114,59.16,-14,-12.81,134,143,68.44,36,-2,72.57,20,-13.05,68,68.8
67.55,68.02,33,145,-13.17,136,120,108,-23.86,39.76,2,30,-21,58.19,89,-1.37,59.04,49.69,55.46,33.84,25.19,65.36,129,59,9.63
66,29.3,9,-44,59.82,63,36.69,27,110,132,-41,93,11,8.13,-30,28.24,65.33,115,90,4.7,52.04,-45,65.47,112,105
-5.07,7.33,-5.72,109,104,15,3,12,66,48,41,130,139,20.25,-19.91,8.45,54.54,98,29,33,83,61.56,59,8,6.31
67,32,120,48,-10.79,8,47,117,81,93,-43,-10,90,66.17,-12.68,43.58,146,-40,149,55.07,-14,33.74,42,129,56.9
-35,110,60.37,131,-19.33,24.5,64.8,0.13,2.87,-26,84,148,50.78,4.15,-12,148,31.14,87,33.18,65.64,-17.22,6.27,136,119,-21
-17,147,49.4,13,114,61.69,62,-18.76,-11.2,-8.17,-38,27,-7.78,97,3,54.46,5,48.75,101,-4.53,36,52,20,84,63
142,7,-13.47,-38,55,-3.91,113,61.12,-17,21,-11,-12.19,1.68,101,110,141,-24.58,-14.45,-6,79,29.79,125,103,73.67,62.06
-13,19,-10.53,108,-18.59,124,55,-26,3.58,52,-5,112,96,6.42,-47,51.32,-1.02,6.38,-10,47,18.18,-19.49,67,123,126
101,49,26,-9.52,71.17,146,-2,-22.82,23.48,1,20,65,86,-13,38.16,86,50,-20.59,55.46,94,44.29,25.63,130,147,47.07
-12.86,30,31.42,65,-19.04,-41,4.83,-24,19.03,-21,56.03,1,-6.73,5,87,-0.95,115,-17,-45,57.89,-17,30,-17.83,-36,58
-20.25,28.22,94,6,35.62,33.48,133,-4,-21.17,136,78,-1.49,112,91,10,0,79,49.47,12.59,70,-3.88,20.64,-31,-4.48,31
146,68.61,116,97,66.77,-40,45,-38,52,13.92,106,-17,3.24,-2.65,-50,34.62,68.62,-1.95,67.18,40,0,96,65.92,12,71
22.81,65.03,117,142,5,0.63,105,121,0.8,122,40,24,5.74,30.08,39,135,59.59,13,62,44.15,9,71.42,-4,34.97,-23
-39,-29,92,23,-6,33.51,-49,48.74,71,-21.64,21.18,27,52.27,-23.69,107,-11.46,109,-39,14,45.03,110,3,-24.07,91,132
46.25,-16,52.52,-21,133,14.51,-5.42,-4.3,55.11,70,-3.32,118,38,27,-34,31.78,-17.51,52.2,44.84,-25,17,116,-3,101,61.17
-22,-46,34.96,0,66.05,79,128,44.64,63,-5.11,11.21,-22,48,36.6,64.61,74,72.87,52.94,112,123,27.71,47.35,60.47,73,-18.68
6.18,73,-20,28.75,60,-6.2,147,128,45,-12,92,50.59,149,60.96,51.84,42.86,41.82,-44,-36,71,14,-15.1,12,135,136
-2.1,-24,145,-3.97,49,17.56,20.82,40.13,86,56,39.76,-8.1,74,-1,61.76,45.76,71.72,55.05,42.85,49.39,-23,40,105,125,24.54
27,-14,44,99,-2.55,106,29.22,3,0.76,24.71,25,120,-10,16.26,2.75,28,122,77,4.3,0.85,24.94,23.78,109,38.16,-19
56,63.43,118,-49,14.73,45.97,117,111,68,-24,105,-11.09,23,73.28,31,69.49,20,57,131,-36,64.09,58.74,12.13,62.19,116
4.53,3,73.03,-23.87,-17,49,58.21,45.78,107,29.54,-13,-44,41.02,65,36,128,29.13,75,5,-45,23,-8.89,-9,15.33,63
1.85,36,38,18,5,68.34,1.35,66.2,45.26,-41,51.84,-39,-21.93,-2.91,-5.67,34.12,15,-4.99,66.66,-10,98,-23,57,-40,16
-18,41.26,-6,26.06,146,20,72.65,78,94,72.81,69.48,-5,130,30,41,91,63.81,86,-44,29.16,95,5.52,19,23.03,140
-34,48,80,-14,116,-17,-18.06,-15.97,29.74,10.71,-18.61,83,134,-21,-0.78,-17.46,22.75,5.44,19.42,53,65.81,-2.13,138,67.97,94
8.82,20.98,-3.98,44.59,56.52,40.65,148,-15.83,-29,7,140,5.5,73,63,82,88,-4,137,105,-0.48,13.07,140,14,46.4,49
-10,136,71.68,-20.41,147,45.68,-12.64,-46,-16.97,115,112,93,86,99,16,47.21,-9.34,48.23,14.61,62,48.34,7.19,88,18.06,53
-48,48.71,40.37,71,71,25.84,44,94,-45,-6.04,7.89,24.96,45,40.27,67.02,2,-0.22,-36,52.62,61,19,1,57.91,123,20
16,64.02,-18.37,123,46.13,19.04,21.65,115,74.68,59.02,-25,-1.12,-24,59,27.92,137,-14.11,-3.72,48,-12.65,-4,-14.3,132,-15.81,67
107,82,-4.4,37.4,1.46,148,25,51.72,1.37,109,92,-4,35,48,126,6.88,24,48.56,-45,-47,-8.14,-11.15,-48,26.41,42.43
116,35.86,100,-46,45.72,88,67.97,11.54,3,57.19,-11.7,-27,-19,44.02,-10,-7.07,-17.17,24,76,29,43.39,-14,74.91,-15,48.11
67,35.57,-21.5,-46,120,89,60,41,-30,120,49.13,-15,118,114,95,26.77,57.66,102,36.27,15.42,17.95,-15.05,46,6,83
56.88,38.81,123,-23.94,41,15.35,128,-7.57,25,36.2,42.8,104,-0.67,5,127,6.98,123,10.91,61,7.8,65.55,19.33,43,58,-17.88
147,85,137,51.72,42.28,56.59,24,-2.12,55.59,12,-5,-3,-8,105,46.36,-35,64,42.49,75,-14.11,140,-17,133,21.23,147
-18.79,24.25,84,65.08,61.94,38.81,2.1,90,141,-19,-26,98,73,60,134,111,-29,18,42,61,38,-37,70.75,-8.3,39
20.56,26.33,139,-12,12,-22.4,105,27.17,-28,61.04,-38,17,38.25,47,-8,-15,23,129,69,64,130,-44,17,55.44,-18.92
50.16,46,29.85,53.97,22.63,68.01,-24,48.53,115,-6.77,42,-8.19,26.2,-20.83,13,22,33.65,58.12,49,-7,59,-6.86,-26,19,-46
35.34,37.54,72.26,74,-22.65,99,21.36,-22.7,61,-13.42,-41,27,31,130,129,61,61.36,-30,48.97,134,71.97,-40,-43,43.13,108
-21,-8.88,25.08,25,0.18,-45,66.67,9.4,-18,136,119,-16.14,119,23.32,24,57.28,-33,0.49,42,-2,-4,11,120,-8,148
-13,2.04,143,4.79,52.01,38.54,-15,147,-1,73.75,3,54,28,20.06,63.21,36.57,105,-39,123,37,15.71,134,-4,15.35,41.99
23.63,-1,54.09,120,-21,-17,60.08,138,-37,17,-18.23,-30,56.92,79,20.13,-20.97,72,-8,65.65,7,98,-4.54,-21.99,35.2,60.16
36,-17,144,-3.04,6.76,4,142,26.86,6,130,60,87,66,139,41,25,103,-5,144,147,119,44.44,22,37,75
82,48,80,-36,7.38,89,67,32.63,7,-12.28,-10,88,131,12.32,72,88,146,44,20,-7.83,50.06,10.47,29.57,0.4,62
8.21,24,21.22,40.01,97,16,-8.48,43,30.14,73.32,62,8.37,25,-50,66.57,44.06,146,30.88,40,36.49,61.67,-30,62.97,73,52.03
44.62,22,29,40.13,92,48,36,-0.64,-1,119,79,87,144,62.82,34,58,24,-22.98,-38,73.15,139,26,50,46.24,123
-26,-48,41.53,4.76,143,56,57.14,121,65.58,-9.91,29.09,138,36,-42,66,58,-30,-19.54,67.14,50,-14.67,37.09,129,45,25.97
51,-40,3,59,129,11.14,134,119,4.65,25,-32,-23.25,134,5,67.6,72,86,67,144,-16.48,36.87,123,31,25.1,-30
8.54,-18,106,8,67.95,5.3,24,23,138,-8,74.53,36,112,110,58,117,44.89,71.93,-10.44,108,9.54,111,14.23,-41,-23.6
25,132,72,121,27.79,-27,-37,-1.71,74.55,-14.41,121,112,130,-38,-41,65,26.53,2.06,-21.02,57,148,6.34,40.45,40.79,129
110,47,102,38,114,33.25,-20,95,-13.64,-14,53.31,94,52,-16.19,119,98,88,125,42.06,-5.44,89,-18,37,53.08,-21.48
60.18,126,23,49,15,4.98,83,64.06,-39,124,50.36,81,37,-0.57,145,19.83,33,69,-23,136,-3.15,79,-11,75,84
-18.3,53.15,22.55,12.18,-6,10,-25,28,41,-39,116,67.29,21,44.24,149,76,90,53.41,4,12.42,65.46,-9,-32,35,75
-46,129,6.62,148,98,30,56,74.07,52.21,92,124,72.93,126,34,-42,9,59,-8,41.94,25.48,65,59.42,59,60.86,22.64
127,107,70,51.8,5.14,72.48,60,-45,72,65.25,120,27,-42,139,71.66,70.25,35,-22.55,117,39.58,5.11,139,106,124,3.99
-43,44.75,-3.25,-24,116,-11,9.24,3.29,-40,21.61,121,37,-11.47,-17.27,9,45.06,117,70,101,147,140,50.52,1,42.02,10.43
121,67,85,114,63.12,3.55,89,53.63,-0.71,49,-20,141,-18,-19,108,70,-48,54.97,-15.42,10,-35,56.4,34.66,67.74,123
-35,-42,107,54,46.74,27.16,34,46,52,95,114,2.36,-21.02,-50,48,70,3,122,117,-8.65,-41,130,-4.33,46.41,65.73
-32,-44,29.54,69,0,69.03,53.39,18,6.51,-20.64,130,134,-2,53,55.72,-10,-3,3,117,70.65,66.68,-18.97,-6.69,4,137
-36,8.55,10,64,72.15,11.55,70.35,32.35,70.75,70.12,129,78,98,-7,-25,-2.18,79,7,-14.9,108,12.18,83,116,-28,19.43
72.52,18.82,-37,31,10.15,31.4,47.96,55.93,-20,16,44,105,-3.87,57,43,67.69,65.71,7,36.6,19,113,72,31.24,100,-10.38
140,139,28.63,46,-21.12,134,30.41,-12.91,44,18.79,107,22.93,74,73.71,67.59,26.83,87,107,59.7,22.71,42,9,83,45,-31
21.66,24.28,135,67,82,24.15,58.5,109,140,-11.38,-6.67,127,46,-8,-5.47,-20,31,97,56,64.49,-24.16,141,107,11,134
-28,-30,30,124,-26,129,120,-15,29.62,124,5.63,107,63.25,44.27,-18,24.55,-43,-6.15,-22.24,147,52,30,53.1,25.57,17
46,17,37,77,136,73,-42,-14.06,22.92,20.63,36.36,-2.65,-29,-1.23,-12.25,54.23,99,146,118,16,46.34,59.14,-13,71,-16.63
43.95,143,38,4.32,9,44.89,11.85,-27,47.9,95,-24.14,20.18,122,50,30.6,-14,54.76,-44,1.69,37,71.58,124,-16,-28,96
-19.72,-23.85,-16,56,-7,16.63,128,74.47,35,41,8.51,-12.14,92,9.55,5.31,110,65.66,3,128,45,17.57,29,50,10,49
61.36,72.68,15,10,-37,-46,-43,36.17,74.68,62,19.73,67,81,58,1,22.07,-17,20,134,46,-21,31,125,50.49,-24.16
134,17,-47,59.85,-43,-16.05,-1.11,-26,-3.04,130,-20.17,-17.21,33,54.49,50.3,76,-21,27,15.27,52.49,121,133,3.09,41,-24.19
16,71.38,12,73.16,128,10.65,81,69.87,134,46.47,65.56,-5.04,46.22,127,10,57,26.93,144,11.8,-22,35.49,-8,126,27,54
38.52,124,30,43,-21,90,-8,52,92,-34,146,-28,30.62,17,-15,26,-5,-15,-2,-20,32.62,43.7,90,117,61.35
-11.55,58,26,26,-17.91,0.74,-1,62,-21,21,54.92,113,-20,146,-8,-40,59.98,-46,-11.25,-7.71,54.17,63.49,110,-48,61
97,41.7,67,-5,-49,111,81,-5.87,71.72,-22,-10,-27,130,54.88,-11,24.53,-7.1,136,17,94,-21.04,-50,92,-37,56
1.7,27,122,28.61,142,56,85,7,14.29,70,106,58,-48,38.85,68.19,56.5,30,15,-8,121,80,71.72,80,16,15
0.35,-10.42,34,71.9,-6.49,19.01,-40,54,50.71,56.56,96,65.4,136,31.06,53.45,129,115,26,38,-6,-11.56,63.76,-22,21.94,93
58.16,-18.01,-31,120,-42,105,58.13,-13.45,57,144,23.44,-2.66,7,44,147,-3,7.46,108,144,-23.26,-28,-19.58,-12.72,-18.54,16
41.84,-1,47,19.22,-6.48,95,56.55,33,33,26.47,33,-19,62,26,-26,-50,20.93,-6,76,43.9,39.96,24.69,-8,-8.02,41
-23,142,-16.08,7.81,71,79,69,138,-6,-19.54,117,0.91,-1,-50,51.78,12.73,112,57.04,110,19.02,38,108,49,39.91,95
74.23,-8.16,31.21,9.93,111,59.93,33.35,-2,-37,-31,122,16,57,19,69.81,12,134,-16.99,-47,128,139,-37,43.74,6,-10
71.95,33,73,-24,41.12,13.1,61,15.44,2.24,66,-9,-29,15.61,-15.32,107,33,-34,58.3,3,129,23.09,-6,44,35,-13
74.91,22,16.77,59.03,28.19,-24,16,68,-2,87,-21.32,46,-35,50,96,113,-17,94,46.09,44,41,54.55,19.46,-40,44
-7.66,-18,132,67.05,79,51.52,53.03,74,17.16,90,142,-3,137,111,144,26,3,39,128,34.11,-6.74,-0.17,74.51,114,-36
132,34,18.58,-40,28.34,28.13,110,41.97,145,84,-22.46,55,137,105,149,23.57,-0.59,-12,17,49.05,44,44.83,26.99,12.79,79
-3.9,49.72,-27,48,-16.93,43,24.17,-3.03,89,37,-13.43,1.56,-12.85,65,-23,11.07,35.78,89,-17.72,8,18.58,28.16,20,127,3.21
72,-8,7,140,-36,61,-6.67,67,-0.21,63.11,27.29,53,80,84,0,-12.24,144,66,61.49,14.77,68,71,110,-4.65,-37
72,-31,60.98,21,4.25,57,-30,-21,87,44,117,-18.86,-46,35.84,-5.23,38,-22.02,115,-8,28,-2,65,37,108,-21.03
-9,116,0,147,52,118,14.59,42,131,18.72,-42,91,19.09,-17.1,100,11,61,16.43,-10.91,31.6,85,12.31,120,4.14,-47
59.04,-47,66.84,4,3.55,52,144,69.88,36,-50,117,13.86,-8,-48,52.31,134,1.98,80,139,-43,71.16,98,69.03,98,147
-48,149,-12,48.02,128,-19,149,77,103,81,124,-18,2.16,27,65,64.34,66,89,50,-13,30,22,56.62,8.21,-8.24
96,71,18,14,23,148,72.69,-47,98,-22.93,-11.73,67,18,27,-27,61.57,33.82,-19.7,8,102,96,59,25.97,36.57,135
41.22,93,-3.3,-7.43,123,33.26,40.46,-43,25.43,-12.16,84,-1.99,60.1,0.78,60,-7.72,63,41,3,-10.26,47,-18.73,12,68.62,109
-10.57,65,68,-2,-4.3,-37,15,140,45,44.78,6,119,13.1,-9.21,9,52.04,53,-48,40.82,63,123,39.59,-28,30.99,-5.35
33,71.57,46,32,61.1,30.21,131,-20,-23.73,5,48,148,47,143,-6,94,-14,24.16,136,127,-15.86,101,81,5.27,-28
9.31,-21.97,-7,60.78,32,6,17,107,69,27.8,9.13,130,-43,59,45.84,-8.73,11.97,16.54,-5,148,13,32,124,11,-20.55
93,-6,-3,24.76,8.83,44,46.58,-5.59,125,31.57,27.02,109,58,105,61,16,40,9,52.22,74,76,87,134,19.42,-9.79
-9.08,58,129,148,6.98,-40,48.55,60.87,62,-36,126,-40,108,36.96,11,-35,44.01,-33,58.43,105,63.2,68.69,-13.3,77,51
5.21,15.97,69,59,-34,28,-13.79,16.87,8,20.3,9,20,-28,49,131,88,22.41,137,58.7,58,-12.7,-38,9,-50,143
123,42.6,27,32.71,35,89,54,124,60,70.39,37.21,-5.5,2.97,98,-20.76,-11,93,140,-1,-2,58,63.71,53,47.92,31
-32,40.94,-22.98,2.68,-7.37,-49,32.55,98,60.46,-16.72,41,107,22.19,-12.31,71,140,-21,39.14,13.43,126,113,89,33.03,79,74.07
73.01,95,6,88,21.39,140,52,-10.1,25.9,58.69,-9,-39,131,15,23.43,115,-13.24,4,7,66.12,82,57,-1,124,-40
-24.02,68,118,94,108,137,44,74,-11.14,-35,117,-2.39,-42,-28,69,-14.09,34,-33,124,107,-2.28,-11,95,0.96,-19
54.33,145,106,10,86,47,38.06,110,51,-21,63.77,68.03,73,60.51,118,-21.86,66.31,58,47,41,1.99,1.22,64,32.98,14.4
-3,12,23.12,54,41,147,143,23,53.76,27.29,57.45,145,21,101,109,-6,55.35,16.78,48,13,-23.6,-5.65,78,123,28.49
46,112,59.97,21.49,57.77,65.55,71,-3,-12.31,-24,-24,104,113,38.87,67,-4,14,-46,43.39,126,104,90,109,27.72,-31
15,145,55,15,-6,79,-2,45.35,-21.79,79,60,21,31,74.16,-0.5,96,42,73,-0.23,68.25,42.2,109,116,84,64.3
84,35.86,69,17.82,74.62,-1.21,-5.48,33.68,54.67,96,142,121,27.65,19.35,15.02,77,48.91,-48,117,40,-17.77,51.91,61.55,29,-33
115,-21.22,115,71,-44,25.89,13,-30,19,64,69,42.34,43.23,-15.58,70,-8.82,14,23.06,46.61,65,111,-15,-23.6,56,-21.13
11,38.9,104,20.72,-11.43,67,55,18.69,-3,147,84,43.12,27,28.02,33,55.73,45,135,138,38.18,7.68,-17,51.55,16,3.52
-0.9,46.56,33.38,9,17.06,21.35,-41,63.9,134,72.87,124,-30,23.78,26,86,-11,73.13,105,41,-19.85,-10,27.61,145,82,-12.31
141,60.58,-49,-3,1.45,59.92,141,54.04,-3,16.16,-16,-33,-22,-18,44.26,-11,21.44,18.42,16,49,100,9,71.32,25,67
64.28,-11.2,95,-21.22,41,73,6,138,56.2,32.8,-16,76,61.47,-14.5,37,-23,-25,-11.79,88,-36,117,26.03,-7,32.96,129
40.71,80,20,9.84,-8,44.09,139,128,18.67,104,40,36.52,115,135,79,32,94,41.36,109,96,138,88,-32,123,44
20,131,147,64.91,32.83,38.04,-19,-4,58,-1,87,58,95,-19,-30,22.45,-20.61,101,115,48,48,41,-12,66,-50
-48,-13.01,-7,129,4.04,37.28,120,63.94,84,95,14.94,98,64.22,126,46.12,40.03,22,31,22,111,111,15.64,144,18,54
86,12.72,47.29,48.59,23,133,56,-26,-45,31.81,7.03,91,63,32,96,112,37,72.16,106,82,-16.24,44.83,43,-44,-30
13.88,29,50.83,58.63,92,11,4.1,135,5,3,60,-6.38,1.27,-8,34.92,118,-16.4,10.81,2,89,37.15,51.2,97,15,4.89
-6.53,12,52.7,-22,-6,36.32,29,-22.23,130,23.03,9.43,102,146,-18.74,-45,147,54,127,22.62,37,64,45.58,-11,123,39.55
32.68,13.33,72,72,19,2.28,14.48,40,-26,47,70.7,105,-44,34.49,-4,5.58,-15,97,44,38.21,83,49.48,-5,43,34.78
59,74.12,32,7,43.54,19.08,0.75,-15,26,81,-3.09,14,19.89,-4,30.63,72.42,0,22,57.93,32.22,-43,60.18,77,16.88,52.86
-41,76,38.08,61.41,27.23,-17.92,135,96,8.3,9,-2.55,51.11,77,72.34,59.71,88,82,-21,135,-45,35.96,9,69.11,-7.89,131
73.41,69,58.25,136,-31,46.24,-18.28,-2,112,45.92,73.23,42.75,113,-19.45,24.71,-49,-21,3.7,-10.33,-30,32,-6,-2.23,93,47.27
-7,65,26.98,63.85,69.84,22.04,-32,101,1.53,42,149,87,-5.16,42,3.08,-12.29,-15,-30,95,129,38.42,21.29,53,-17,-18.32
-39,55,32.04,-7,69.81,77,36.29,84,-3.89,-22.62,70,54.71,138,90,-39,28.96,56,51.55,-44,37.97,62.02,66,1,136,122
50,117,27,-5.26,51,94,92,73.05,33.14,38.87,72,29.39,136,33.83,-26,41,-45,62,1,70.13,-21.64,49.06,132,147,-21.27
90,34.51,-22.26,-14.15,-24.29,70,45,74,1,60,-12,1,51.96,133,-23.85,74.19,35,-34,49,65.44,17,52,-3.45,79,68
-30,53.11,5.04,39.72,73.47,16,134,6,61,148,-3.92,49.2,-48,57.1,62,111,-39,-15,-1.71,39,-42,20.21,-3,98,19.74
-21,36.88,26,-47,12.39,-9.02,128,-37,-17.31,20.66,132,-38,32.18,-9.52,-19.98,-15.24,35,-19.81,-21,42.12,19.81,50.33,143,6.92,104
82,23.32,129,-9,2.1,46,126,-6,48.94,8,134,40,-49,27.34,4,-42,38.51,26.32,-18.8,-3.59,-13,54.58,44.18,66.72,20
60,23,64,-2,-0.69,39,22.55,46,28.44,0.03,-10.99,9,71.06,107,20.69,35,-23.43,146,71,-39,-8.37,8.31,-10.23,-31,17.81
-0.15,58,33.09,48.59,68.87,-14,99,-44,135,137,9.98,68.02,73.04,-29,63.91,45.03,59.81,19,50.16,129,61,17.37,138,63.47,13
127,23,40,-23.12,-31,42,110,28.21,31.81,37.18,100,-11,38.33,64.99,72,7,50,42.22,3,144,55,18,26,34,53.92
-18.24,35,109,94,14.8,84,126,3.65,-21.98,70,144,9.93,136,-34,11,105,8.32,30,75,-4,0.23,26.29,35,49.51,3.89
22.97,107,7.77,89,135,71,9,27,-17,-5.8,-48,37.7,25.46,-1,69.66,-7,-38,52,39,93,-29,-9.56,52.45,1.55,0
17,19.78,11,-26,37.92,62,-12,46,132,81,57.87,43,109,0,5,30.25,0,-4.12,37,65.3,-32,24.6,-44,17.69,-14.28
26.57,19.91,63,60.68,23.61,67.64,57,145,40.08,-42,-23,15,73.37,62.53,68.49,48,38,41,24.31,-15,15,-22,65.5,-16,12
41.87,-16,38.63,54,137,107,23.56,-29,-12.49,101,-24.17,-22,78,60.9,10.57,8,-40,48.71,-19,-13,-21,22.01,83,119,35.57
118,143,-46,92,2.91,8.96,28,-12.86,92,42,58.87,28.4,-11.65,89,116,-44,133,-4.15,125,7,2,3,39,70.33,11.05
81,73.24,61,88,-9.78,37,145,15,59.73,28,74.65,-22,94,31.45,69.9,30,15.45,-14.61,41.13,115,-12,117,15.51,72.07,40
111,-17,6,-40,54,43.11,105,0.63,62.7,147,-28,-24,49.08,113,8.86,13,48,-16.9,-9,79,82,74.94,-6.28,-20.23,130
31.07,106,48.08,54.51,7,143,8.53,-28,-41,58,-19.17,83,85,59.71,60.15,95,86,85,54,95,147,-46,59,122,-2.04
-4.89,95,16,26,62,51,114,81,145,-21.29,83,-3.54,62.02,70.37,63.65,-31,2,-15.78,-3.87,1,8,147,-15,89,19.28
16.08,35,53.27,40,30,40,76,2.05,100,28,18.66,123,47.53,-6.78,-38,23.98,38,20,9.69,35,103,58.33,85,54.43,48
23.18,-28,-13.9,36.89,138,46.87,14,-42,10,73.59,10.02,60.76,-42,55,31,79,42.45,25,-5.2,53.83,139,36,4,-22.9,71
7.94,8.94,63.34,110,92,-48,123,3.78,112,2.46,106,24,-22,-12,52.81,32.31,-10,25.26,12,23,97,-2.41,110,17.13,4
63.6,49,55,122,113,14.02,102,58.96,22,22,43,105,4.36,85,-14.91,90,-9,55,33.67,56,37.64,43.51,13.99,41,-1.04
29,17.2,146,63.6,-15.42,63,146,19.18,126,71.56,23,121,10,133,47.46,33,90,8.69,-15.04,4,23.79,55.78,-5.74,31.65,2.7
41,33.67,44.89,30,25,29.33,101,-7,94,67,56.59,110,83,44.62,3.22,-45,30,116,-15.29,49,-47,51,-16.66,5.83,3.81
88,118,-50,11,14.54,-20.02,67.34,111,30.77,102,63,33.31,-0.68,33,26,91,-29,-38,20.54,134,-22.16,52.01,127,70,114
69.71,14.13,109,-28,50.46,10.41,9.73,68.64,24,-5.33,127,26,31.7,30,104,147,46.81,71,16,133,121,25,27.7,34,54
43.59,-31,70,68.66,4,134,-20,10.33,-0.28,9,98,56.8,42.83,70.91,44,47.13,-22,49,-5.87,22,-7.79,-24,88,59,44.82
20,38.35,68.42,30,20,105,87,75,40.17,25.41,29.08,24,-21.46,80,-9.48,-5.27,72.61,13.91,33,5.61,13.54,25,70.51,-18,63
86,70,134,119,11,112,20,11,6.6,46.24,33.88,4.06,66,106,60,142,-6.67,28.21,120,-5.01,29.56,58.91,-13,68.76,48
9,58.74,8.08,73.4,38.85,65,72,71.48,2.04,80,83,122,41.84,131,83,32.93,46.46,60.86,-1.84,56.41,87,-22.68,81,47,47
-48,68.94,-2,-5.59,137,16.09,29,8.73,6.77,39,-45,18.57,3.87,40.41,99,55.61,52,-35,86,67.46,44,32.39,106,143,67.84
67,102,125,44.1,68,36.04,94,-50,-28,46.2,74.71,3,1,-22.48,27.26,6.85,-16,73.62,-15.67,-22,-3,-3,129,-35,68.65
43,32,63.21,7.68,55.92,6.97,35,131,-18.33,92,19,58.04,43.94,-41,9.2,128,122,114,-13,49,100,-36,-32,99,-21.25
28.56,3,67,-7.71,78,63.91,141,-41,149,57,37.53,63,116,46.1,-39,-15,-22,38.33,-1,7.21,11,136,-48,-13,73
-44,7.53,-43,89,120,50,106,127,48,64,72.7,96,33.28,-1,82,65.8,-6.33,-9,59.93,19.06,35.33,83,128,13.39,-20
49.91,62.95,-4.75,149,77,23.39,73.33,107,53.85,51,143,-20.35,-35,117,106,33.92,91,-42,31,-50,54.35,-15,87,50,46.12
15,47.5,-17,17,76,108,-38,65,68.16,65.28,9.9,-1,-40,72.82,-9,30,18,58.32,-44,58,59.42,-35,-14,1,56
101,35,58.39,15,62,37.38,53.34,71,86,3.81,52.84,7.19,-4.68,32,3,28,27.12,135,73,-22,-9,-15,127,-50,-11
142,53,37,88,20.26,71,93,1.06,29.24,5,-3.03,-10,-31,103,112,-18.02,81,145,134,-24,-34,13.11,117,51.09,-32
58.35,-5,74,-14.36,55,131,-1,-17,-16,-7.21,66,-18.82,0.31,35,-37,12,-24.81,62.73,-13.34,19.54,28.12,83,53,65.63,56.78
137,0,-48,-18.21,48.34,53,68.83,-4,22.3,144,5,59,23.1,91,112,31.05,26.37,40.81,26.6,60,53,-43,62,29,-4.14
33,122,-17.25,31.21,-9,55.36,-17.33,103,-15,149,72.2,68.49,56.77,50.66,38.49,108,19.64,29,6.01,43.64,12.12,16,25.18,127,11
126,15,138,60.98,76,28.63,-5.14,10.44,66,1,58.99,73.98,15.77,126,-2.46,145,44,73,147,15.79,2.16,-3,20.24,75,-40
0,39,133,72,18,34.35,-20.73,58.36,18,47.51,149,-4,49.07,-26,87,113,40,-3,29.04,36.29,74,82,47.09,114,85
48,134,22.09,26,104,64,-15.21,45.56,53.36,5.61,128,-12.46,118,20,-42,-21.38,-15.22,123,114,105,-31,58.12,18,16,-6.35
63.18,93,-5,117,-34,28.81,-20.5,127,49.08,2.26,78,-21,61.1,58.32,52.44,73.13,72.88,27,133,30.77,22,-10.54,139,48,33.45
98,102,48,-24,138,58.92,-31,48.04,73,18.34,63,132,1.31,51.86,41.7,73.3,58.67,-33,71.31,67,88,34.15,43.58,18.48,97
-42,11.72,66.21,123,-0.72,40.32,20.82,29,63,115,30,6.28,-18.81,-0.25,92,126,48.58,58,-2,40.24,113,49,21.07,64.4,-38
-47,68,131,93,-1,29,30.86,30,60.74,6,75,79,45,26,25.68,120,124,82,9.05,7.37,4.96,36.6,92,25.29,0.63
-34,70,66.24,67.32,62.8,133,55,121,82,91,-5,34.11,-1.65,-6.69,21,88,25.74,64.5,14,43.39,79,63.01,5,142,22
7,-4,-42,60.01,-20.65,45,136,-1.22,71.6,60,-13,-36,120,-18.45,148,13.13,70.14,-18,-4.51,20,35,23,-3,67.47,103
0.8,-42,132,22.01,-9.61,87,28.12,28.66,-2.55,143,128,54.83,35,24,5,28,-8.21,57,17,-10,-16,11,-7,-16.77,-14.73
2.61,1,51.33,92,117,-21.47,130,7,-26,128,102,-30,62,35,47.39,63,19.1,-16.1,121,5,71.04,54,98,117,-11
74.82,-41,21,113,-1,-40,125,-1,-20,38,141,15,63.56,77,0.84,46,55,-17.65,-22.92,-20.34,42.69,-7,116,53.43,144
45.62,-13.17,30.31,63.82,-6,19.6,62,120,87,128,2,33.06,145,112,142,33,86,123,40.78,-2.26,-25,77,27,15.77,67.83
47.55,128,141,-6.77,12,82,120,21.65,-23,41,66,118,106,15.75,-20,18.82,58,-6,87,-34,69.89,54.97,69.61,28,-23
-25,64.65,0,80,42.06,39.16,-1,23.92,42.53,48,38,77,32.85,32.45,67,-23.85,-14.73,36.39,45,46.35,1,44,93,42.03,68.08
-8.92,60.33,91,15.91,36.31,103,53.63,16,50,50,33.31,64,139,-5,34,44.02,125,92,66,73,-32,17,5.04,91,-20.63
30.7,19,47.91,62.04,122,2,47.52,100,7.94,134,-9.07,62.26,-27,-10.69,103,40.85,45.71,48.09,105,-32,147,115,0.59,46,49.18
34,92,40.14,90,144,-15.27,7,60,121,30.04,79,7,127,40,-7,-44,-12.88,10.54,76,33,103,29,-33,21,30
-28,136,-2.16,25,93,-37,25,88,-15.86,27,135,-23,7.25,35.95,100,23,-50,-38,97,36.84,75,114,57.19,58.16,-41
13,-19,63.42,34.3,65,84,72.06,-33,126,-13.78,29,82,-0.9,148,18.41,23.9,-3.83,7.21,70,146,0,98,-7,145,-23.28
-46,-45,66.51,-29,22,-20.57,70.94,75,-4,53.85,-39,72.29,-16.46,24.96,72.59,-49,45.53,128,149,31.68,-43,47.48,46.57,9.14,83
-6,98,64.14,-48,48,-0.63,86,27,-36,23.06,28.96,36.57,36,43,48,17.23,20.31,-2,46.19,-25,67.98,74,38.45,26,12.19
18.56,84,51,63.1,-39,-2,104,-41,-43,-39,84,38,-15,-19.29,44.91,0,-3.13,141,77,34,10,56.74,140,13.17,-41
69.24,48.59,85,66.12,12.96,88,37,41,72,148,99,46,32,142,73.78,3.32,96,-20.52,70,33,94,23.71,-34,139,-6
140,5.2,13,144,12.47,-17.34,30,45.53,-41,29,63.76,117,42.82,-15,113,38.67,32,72,12.94,-19.42,14.09,14.17,-14,70,86
5.81,73.33,-26,59,32,106,85,51,112,70,30,65,82,23,-10.77,73.96,-0.27,-4.19,61,46.11,19,-12.3,69.95,98,106
37.46,-19.81,-7.11,-9.43,12.82,5.98,62,-12.18,40,-23.06,121,35,121,146,52,40,60.49,16.97,-8,34.01,-15,-23,-13,18,-12
9.87,54.77,138,55.93,-2,54,48,17.65,0,67,32.56,58.63,-23.51,108,79,27,-15,42,4.57,71,-32,-29,-7.83,143,114
11,-0.69,56,103,115,15.78,10,-24,-3.24,86,138,-49,131,64,12.84,33,8,7.24,42.54,74.97,146,27.81,56,-37,1
19,84,-10.8,38,104,141,27.73,59.27,-24.45,11,-49,95,53,15,-24,65.3,24,64,145,7.53,-13,66,-28,33,46
42.54,68.42,7,52,43,28.53,107,-24,1.99,-43,60.92,11,61,64.16,44.15,86,34,9.25,74.31,43.39,-3,28.22,58,50,0
70.44,32,117,10,68,68,-31,130,-50,-16.23,-17,64,17,93,63.02,-21.45,30,-32,127,81,-36,24.93,82,90,12.97
12.01,-19.4,-14.58,42.32,91,91,-14.67,62.44,38,-18,70.07,-14,142,11.24,137,61,41.47,26.09,140,80,1,-4,-22.64,-22,64.74
55,-15,14,-21,32.07,41,47,133,34.01,67,-10.89,45,57,127,142,90,70,124,138,-14.64,-7,49.81,56,27.31,89
-2.17,44,-17,-15,14.11,3,-13,49.94,15.03,53.97,141,-13,-47,-1.46,25,18.21,43.04,139,121,5.35,-6,113,55,-24,44.29
7.71,97,29.19,16.38,103,33,46,-11.03,107,-8.87,7,111,66,-8.11,1.81,-40,112,-30,1.64,17.87,26,122,48.08,119,14
8,147,63,45,11.68,45.05,43,56.61,52,125,94,-6.71,103,21,66,-15,-28,46,50,12,31.65,53,71,1,36.89
81,64.89,2,128,67.42,66,-19,113,-22,27.67,91,72.97,142,36,-24,16.64,8.05,0.64,71,73.92,60.27,15,18.83,5,83
69.12,54.13,29,-5,55.07,47.06,79,-23,-12.56,-44,124,-42,10,60.81,107,32,26,61,51.58,-5.16,-5.06,147,87,-7.78,9.2
11,-49,134,28.16,37.82,147,15,96,87,3.92,124,22.82,-25,8,70,44.05,-1.42,1,4.8,0.3,-12,25,-4,24.8,-13.16
21,-26,7,7,27,52,112,16.63,55.93,46,31.29,99,29.11,12.09,113,51.78,42,22.68,45.91,5.84,-22,61,16.99,-17,41
-35,-17.49,-6,19,-6.74,49.2,19.07,-4,-40,117,70,-0.8,39.44,135,-7,1.93,43,54.21,-4.36,27,4,33,-10,-34,-40
14.49,67.15,118,-9.78,68.11,-39,-5,-23.83,1.54,32.56,5.56,33,112,101,73,35,77,37,72.03,64,27.98,68,-9,132,23
121,111,91,59,14,-15.01,25.15,-41,15,120,129,90,85,84,-12,-9,71,139,44.05,43.7,-20,52,-8.81,43.53,13.62
126,-17.79,2.41,79,74,137,-9.56,97,66.88,140,39.63,-49,100,47,-34,-21,-23.57,101,10,56.49,58,-24.31,8,72.24,-44
60.55,32.58,130,-27,0,137,48,-9.56,147,14,-43,-46,-13,-11.8,-13.35,67.97,2.85,34,40,55.41,99,112,62,132,55
22,-7.1,57.69,72.4,61.31,42.72,-22,-28,79,128,12.21,-32,-17,39.7,100,85,-3,0.02,26,127,-1.39,89,41,81,69.92
26.65,38.12,-9,26,-2.44,122,39.77,70,-9,141,61,-2,-23,-46,-28,-12.63,134,143,-5.39,14.51,-26,-14,119,22,63
70,31,14.99,66.28,114,37.61,-30,-16.64,2.07,111,58,-3.24,65.82,98,7,55.07,71.03,29.98,129,58.95,-15.03,49.35,77,114,65.86
24.14,96,116,-47,-5.33,8.96,0.3,9.04,110,-14.25,34,18.12,-24,-44,19.61,123,-11,108,13.08,34.05,71.8,5.14,28,53.3,15
55.33,112,82,-20.83,143,-23.06,-12.52,-15.21,-37,-14,134,60.1,127,-8,-5.73,58,-26,106,13.54,-3.01,-11,-14.31,81,-28,136
-49,-32,114,-8,-13,-36,63.71,-17,25,84,109,134,71,106,73,-11,40.67,1,13.61,132,43,32.95,-44,67.94,15.55
-20,64.27,10,63,101,13.02,27,58,68,75,102,125,72.8,72,132,89,25.16,-16,10,124,44,88,16.8,-47,71.53
83,66,29,48,-21,-1.38,14.51,14.61,48.74,95,59.63,58,59.25,41,48.18,127,-46,68.86,64,75,94,-6.67,90,-15,61.68
34,53,60.02,37.49,61.94,51.01,73,120,1.41,-42,146,51.24,54.22,39,138,2.01,114,12.53,-17.71,-30,-25,-42,34.13,85,78
10,62,-6,33,-27,120,113,-5.01,-6.1,143,123,-30,-7.18,107,46,-30,25.37,51,95,130,122,-11,20.72,114,26
56,34.41,-10.08,-25,1.53,65,11.11,54.06,42.63,86,110,10,25,106,21.01,144,49,112,108,1.12,-39,138,-14.21,40.8,64.16
56,6,-4,67,64.94,122,112,-46,-16,-33,33,48,32.17,10,37.17,66.62,96,105,65,80,79,133,16,18.88,-1
10,40,47,46,3,98,149,54,-7,141,103,74,40.74,83,-9,114,-24.62,63.07,77,77,70.08,-16,16,38,-2.43
16,3.18,141,63.72,87,6.54,68.09,13,-10.13,-8,90,59,106,38.08,63,45.76,49,49.65,6,-5.34,71.85,6.42,58,120,140
-6.41,89,126,32.17,45.89,115,71.98,-36,26,-10,63.91,65,30.31,-30,111,21.4,42.1,110,8.53,30,16,36,43.37,127,-15
53.01,47.79,18,-8.83,79,13.87,38.24,2,138,30,0,45,21.33,-25,6,100,89,7,86,53.77,10.66,142,37,117,-2
24.07,18.56,49.38,51.48,-43,40.75,108,46.15,104,1.51,74,-45,94,-5.58,33.23,66,-45,103,-16,15,138,47.82,90,27.78,122
52.29,64,47,24,-32,115,-9,126,-11,58,53.46,-20.6,92,59.54,-18,41.71,70,106,8.47,51.17,126,-16,-20.53,65.63,-44
-21.08,145,12.03,-3.41,35.03,-18,130,35.6,29.15,86,46.36,-3,11,-33,32,-1.77,33,19,0,-5.47,32.71,-14.4,72,22.99,38.88
7.11,-19.84,-14,73,79,7.94,65.18,53.92,-10.66,30.34,16.78,115,71,-7.83,126,58.83,-40,51.61,59,-18.87,22,129,135,5.34,-12
15,125,137,-8.2,73.64,60.75,54,-5,-29,83,8.59,-27,129,-29,69.61,7.57,145,-3,58.71,18.27,15.09,10,116,-6,-22.44
-19,40,126,-38,9,140,23.64,34.56,74.15,68,72.67,30,-10.56,12,93,74.82,18.85,71.95,149,112,-3,-9,-6,6,46.04
55,64.77,-35,54,27.4,68.67,2,76,78,63,-9,55.8,-10.75,7,103,14.59,50,-21,-4.73,75,63.95,73.58,-22.21,-15.53,21.38
53.94,10,-21,109,74,89,-21.67,50,-22.19,55,98,34.02,114,6.93,30.12,-10,10.23,-28,22.47,72.19,31.02,40,59,6.8,44.4
43.04,32.68,149,118,-21.16,140,-0.11,8,34,-10.49,112,73.13,131,-18.65,64,31,75,73.66,30.58,83,33.8,52.53,66.49,118,58.93
50.2,57,45.43,-12.05,0,60,31,75,-39,-12,81,36,-5,-5,-37,26,38,70.69,107,-18,32,48,107,-14,8.25
83,24,122,10.88,45.12,27.77,-29,4.68,-18.53,55.09,103,-24.4,-16.06,91,53.75,50.39,-6,-4,-12,62,53.86,-17.62,19,44.95,-9
49.39,-19.04,-49,45,146,36,12.83,25,14.2,59.43,24,4.44,31,2,142,33.58,137,-24,99,-5.02,87,115,16,40.89,-49
0.47,144,38,-6,-40,47.05,27,33,42.3,99,102,58,-0.16,86,24.57,-21.94,-10.13,-18.02,-40,8,115,128,14.81,41.57,94
18,72.19,51.79,36,22,3,79,60.33,7,-21,-3,4,53.85,0.37,-23,37.9,31.08,-34,12.99,50,24,0.82,-0.82,19.58,4.98
-48,1.8,67,20.59,10.23,-9.27,53,132,38.53,12.72,93,102,110,109,-16.39,-2.9,94,119,7,25,-6,54.78,85,55,18.05
142,34.25,-24.36,-2.59,-21,-22,-40,84,-45,90,107,50,140,-32,-20.48,21,112,26,42,-41,40.74,89,124,80,-29
57.63,-46,49.98,-20.2,129,105,42.23,78,73,54.97,21,131,1,117,6.11,-1,-11.84,32.92,46.64,-14.86,20.27,-47,19.36,-5.58,78
132,42.12,9.42,-37,44,110,136,145,71,4.52,-20,5,-6,52.7,-4.65,-48,-11,96,119,52.64,-33,6.81,23.91,17.57,-43
-24.97,-17.13,105,-24,73.25,-24.22,21,129,114,24.92,80,12,-11,21,-38,85,-18.53,74.08,35.54,70.1,-27,-23.95,78,13,5
-7.8,1,50,71,18,101,9,90,26,14,10.8,20.24,76,-4,-42,-10.99,-4,135,51.48,0.9,51.69,99,45.87,24.39,36
30.49,36.17,132,80,-19.24,0,-15.04,49.2,19.58,43.58,55,-6,-18,-19.21,-38,-7,-42,-14.52,36,74.43,58,-42,-4.86,-2.51,77
143,36.02,-19,42.14,96,110,77,148,148,18,46,115,19.38,-21,-24.46,-29,-1.24,-26,37,-20,83,34,44,34.45,27
-10.99,-47,60,-4.79,-18,76,14.81,34.05,50.56,107,103,19.61,51.8,16.69,34.25,68,70,100,29.62,69,29.23,36,72,132,1.64
-43,-40,9,-1,-35,-39,113,-2.38,64.62,35,30,12.95,13.81,6,44.66,30,58.43,59,106,69.09,51.83,48,68.97,82,109
-13,-21.6,-27,59,74.46,58,-7,26.39,-32,94,-19.17,60,-19,-16,6.04,-19,73.62,72,73.79,-45,148,21.69,64.75,60.48,0
108,29,53,36,20,21,-5,6.54,-5,-9.99,-15,-5,63,26,-2.98,57.51,8,0.85,102,40,107,63,-50,14,91
46,-26,3,-11,19.51,109,143,95,68.04,54.15,8,29,24.57,53,23,118,121,97,107,54.5,-25,55.11,-17.05,38.35,-11
37.94,-37,28,20.98,83,29.14,-9.23,142,72.22,0,-3.65,119,148,90,21,113,23,-40,144,-13,-43,38.96,69.71,138,116
28,38.18,39.5,70.86,-5.61,40.3,-6,84,47.44,112,106,43.54,92,55.47,-21,12.62,40,67.69,73.36,144,-21.57,89,140,19.09,19
21,-14,41,72.36,-7,93,111,103,60.48,47.38,-6,136,20.36,13.24,11.05,59.66,-20.54,146,61.6,53.36,18,65,47,65.34,0
15,-7.6,12,149,134,146,17.3,65.86,-18,11.38,147,21.66,58.05,45,62.96,59,-8.74,79,-38,141,99,-18.63,43.88,15,17.01
54,92,131,52,56.16,25.25,128,131,50.86,44,149,101,132,138,61.58,63.68,40.85,63,136,15.25,-39,54.14,105,-19.55,139
107,-18.94,-17,-23.42,62.15,92,141,43.11,6,-6.42,-13,143,48,-44,59.22,5.52,38.19,-24.02,34,49.09,35.66,22,11.91,-27,36.27
95,129,141,147,34.28,4.2,118,-30,65.92,-47,70,130,87,33,-15.36,103,25,92,-16,31.15,6.9,148,-3.27,99,77
2.8,10.47,147,106,8.99,96,140,-37,-3,109,-24.97,64.39,62,55.63,58,14.14,-48,121,48,71.33,16,122,-18.55,29,62.18
-2.21,147,36,92,-38,54,-0.23,-26,-25,133,59.08,113,60.71,26,50.67,0.94,-13.22,42,36.83,-14.98,53,143,50,-7,80
55,100,-23,-15.09,37,13,-14.97,82,147,53,14.9,7,65,94,-16.93,-6,46,-3,-42,-23,11,5.37,6,0,-39
127,-2,-49,14,110,29,4.53,146,28.36,86,34,91,57,-46,62,63.19,141,69.17,149,36,79,20,-18.55,72,20.49
36.68,39.04,-7.29,-29,-41,27.77,63.53,-40,8,117,73,26.06,124,140,26,-15.1,15,74.92,1,30.31,7.09,35,66,61,-17.03
41,38,-41,88,-35,-13.59,37,134,34.14,21,110,101,84,72.77,66.19,73,19,48.3,40.1,67,-2.53,91,-45,-19,72
-43,-43,92,28,67.59,22.39,-24,14.66,123,-9.73,130,-11,-8.99,143,-9,127,-8.36,33.9,-16.78,60,-23,-22,139,71.95,-0.68
-31,12,-0.67,48,18,40.44,116,-15,119,-46,-26,146,18.65,1,63,41,75,124,45.48,14,112,96,69,136,147
141,-20,9,-2.59,128,-37,147,28.19,73,115,56,109,146,-15,4.45,49.5,111,-16,31,55,13,14.67,117,57.26,58.37
1.17,85,52.05,85,127,28,62,97,-28,65.81,135,-21,74,103,31.87,-21,-5.8,15.16,121,103,-24,100,6.54,-29,72
16,47.78,-15,91,118,-11.88,132,19.36,-16,60.58,88,37,-6,-12.79,64.58,145,15.28,-26,27,57.77,28.79,79,-28,24.29,-5.05
7.97,55.01,-14.3,13,97,0.03,-21.81,54,22.95,-6.33,-30,43.68,96,-11.78,31.46,29,66.81,48,-7,125,45,14,16,148,39
144,84,71.78,37.68,100,7.2,47.5,45,-18.84,-50,61,26,-24.66,118,55.41,38,44.54,-17.39,74,95,-41,-5.97,119,67,89
48,71.83,49,-3.07,118,74,87,109,98,12,-11.21,101,-4.51,30,62.48,6,14,96,51,-4.29,44.39,-10.59,-10,52.53,49.67
83,-2.68,111,-40,-35,113,-14.04,-15.39,17.42,-0.19,101,29.33,54.91,5.54,110,18,132,-44,73.46,77,65.87,-22,67.04,63.55,88
44.59,7.71,72.41,95,84,123,5.43,51.94,-22,-23.99,110,-4.76,62.35,78,45.9,140,29.81,63,-18.54,-10,114,46.05,-12.11,144,-7.22
-23.02,50.12,136,142,52.87,63,103,63,65.41,-14.36,11.67,42,-22,19.76,12,54.31,-8,-8,-7,-9.89,94,50,3,75,33.32
79,3.78,-20,7.38,135,-8,96,100,79,43,-1.5,48.39,124,119,117,128,123,83,146,-8.4,25.99,21.54,-47,36.14,-47
63.89,106,37,32,61.47,54.94,25,12,33.55,27,28,55.68,28,135,4.1,15.35,-31,83,74.32,88,-13.78,55,15.18,70,-5
48,-24.3,-28,71.54,123,30.12,-37,-14.25,36.1,64.05,41,-27,-5.11,127,73.8,64.39,22,-41,-20,-13,62.7,-38,42,-30,-30
44,-39,110,19,50.17,3,39,106,-7.83,-28,111,6.92,58.43,-41,111,-10,24.39,112,52,56.96,119,16.88,109,98,95
59,2.81,146,-16,21.53,-40,-13.18,79,47,65.75,21,5.07,133,40.64,67.91,63.26,123,24,117,89,63,-4,-3,21.28,-26
38,-46,67,50.89,-23.47,-3.84,38.77,20.02,19.35,43.07,121,10,65,-39,74,-24,98,31,81,63.54,49,74,57.24,87,135
-11,65.25,2.87,-45,14,73.2,-7.94,17.6,71.24,7,3.47,120,-22.44,30,115,73.75,46,12,-23,-45,58,68,37,-2,142
-22.05,-19,65.99,143,35.32,49.09,9.78,66.85,89,43.87,32,128,-1.21,24,-14.6,38,35,18,33,33,57.39,49.44,96,51.09,-14.13
12.13,113,136,32.22,-19,6.07,27.41,7.72,57.38,-45,74.72,52.89,15.7,-16.56,19,70.79,112,44,66,-1.5,-25,8,-31,96,84
47.82,28,92,62.05,6.95,94,44.56,121,41,3,24,68.88,54.59,149,26,52.31,52,63.38,8.03,52.8,-46,-22,107,15.01,124
-1.33,-25,51.35,46,39.65,8.84,73.51,53,132,64.8,29,2.86,-23,55,62.64,32,-10,3,13.3,48.27,-16.43,15.09,20.15,18,15.25
53,50,71.17,4,-48,135,59.15,48,96,-17,44.91,52,35.58,118,-0.84,9,62.74,8.64,-36,60.48,144,29,-31,1,82
42.52,114,2,8,101,-19.06,19.19,135,11,143,-21,4,18,64.25,32,72.08,100,40,139,54,40.18,-8.28,-7,-15,49.34
-38,-50,-31,108,15,147,67,92,80,96,-19.78,65.43,57,36,144,41.04,16.01,56,142,36,8.93,5,33,67.56,66.07
12.18,-13.54,-18.03,34.37,-20.95,-6,132,8.82,-17.88,-6.26,16,72.69,71,-9.66,59.82,-41,106,-2.62,84,-18.93,9,32.69,136,103,83
143,-4,29.21,-42,97,44,-0.92,18.86,100,-29,21.22,73,-3.25,-23,23.81,107,64.51,89,58.97,73.49,-7,28.13,37,-29,39.46
87,-44,121,-6.63,115,89,24,48.29,-21,-4.41,-17.61,20.87,-23.22,137,-11,44,17.27,36,36,46,-40,27,-12.7,12.86,-21
100,42.4,25.14,-37,10,48,27,44,27.93,1.72,-13,39.5,81,29.67,32.06,52,24,88,-5.87,-24.84,-22,144,-18.17,31.48,55
2,-4.48,-14.85,-9.57,72.44,51.37,140,53.79,4.71,60.72,0.37,71,1.54,21,130,-48,139,-3.73,-2,6.21,26.53,129,77,101,135
32.24,110,-8.8,-20.46,31.94,39.98,38.72,45,-12.47,40.32,25.62,29,-4,126,132,34.32,1,112,94,5.13,-22.06,-30,26.62,33,64
80,97,93,78,33.16,7.35,107,-19.49,9.66,45,3.86,38,-14.08,47.52,10.06,113,26,51.05,-8.84,47,111,130,-14.19,11.3,121
-45,129,68.29,86,35.8,-7.7,23,3.71,2.33,143,40,37,-48,-18,-34,2.69,129,130,68.28,-5.59,-13,20,101,-2,3
44.36,131,53,-17.09,72,-29,-8,38,24.28,18.27,55.36,109,44.35,59,19,4,68.76,76,120,34.41,2.44,112,34.06,124,28
-42,72,1,54,58,115,-28,-0.37,13,45.87,133,85,43,46.89,20.83,-18.96,142,60.13,35,-15,87,-17.44,64.06,7.89,-7.87
64.9,86,-36,144,49,20,14,70,-41,56,-15.85,2.87,-2.03,47,70,26.93,7.28,24,16,105,-14,142,-12.29,7.61,-18.22
48.84,68.76,5,38,117,57,51.22,-16,-3.04,16.26,43,73.3,98,73.38,137,92,47.5,33,117,88,144,-11,51,52.03,56.8
78,12,-8.62,88,15,96,121,67.73,-8,57,1.19,62.03,0,144,-35,59.49,-38,133,-1,43.56,149,41.19,64,-3.09,-2
62,26.84,48.61,-49,17.86,-32,78,-21.56,-5,19.61,103,-30,30.57,59.75,88,-11,-11.81,109,127,95,45.33,46.95,37.77,-12.62,91
27,78,78,67,80,141,60,-19,97,134,91,59,60,42.71,124,44.7,108,-19,96,40.04,38,17,18.6,35,-48
145,-1.98,29,-25,35,52.06,40.46,21,68,47.54,-8.93,55,125,44.93,27.75,139,79,25,61.79,71,-20.23,16,-25,134,-14.05
-10,-7.58,16.8,-3,37.1,144,54,42.05,70.82,50.74,135,-4.6,55,9.1,48.44,24,6,69,44,-26,-14,-1,35.3,35,-11.87
61.87,48.34,136,78,30.55,13.57,6.05,100,6.58,64,28,10.47,12.27,41.36,-33,37,32,146,-9.75,62.51,78,25,38,2,-17.19
57.77,0,-2.42,35.34,117,99,-5,87,70.91,35,60.42,64,98,64.48,66.96,-16.53,17.97,143,-10,2.97,70,-22,19.29,-1,47.4
87,26.26,43,149,74.95,14,69.56,53,-22.32,65,100,72.45,20,54,-17,7.74,51.63,132,22.67,72.03,62.8,113,44.09,-1.22,0.58
6,121,33.47,21.15,18,-29,53.93,125,3.05,-17,125,25.82,15.6,-20,77,8,39.69,19,36.25,46,81,-19.97,44,-42,31.45
68,16.01,-12.31,89,25,-15.07,98,145,113,20.87,-14.1,26,145,11.76,22,-16,29.42,-32,109,89,30.05,22,139,74,0.96
68.39,65.29,35,30.53,55,32,-49,35,41.78,-17,-3.53,35,-45,72.2,53,24.35,71,56.72,146,11.7,87,-0.39,33,-27,0
-10.83,28,-18.99,-11.29,31,12,68,52.22,110,-15,13.06,43.94,58,25.17,148,-3.88,34.62,-32,15,24,16.2,97,26.93,18.67,124
-22.88,30.92,-14,40.39,12,17.3,118,47.79,48.72,75,60.41,138,119,62.45,18,112,107,22.75,111,35.87,43.68,90,70,105,-19.01
-45,7.56,47,35,27,126,35,-9.83,20.64,149,65.9,98,-18,57,144,15,85,-38,146,63.08,126,57.21,-12.22,21.68,69.95
-20,46.05,-6,16.71,27.43,22,30.83,71.51,17,-14,-40,73.5,20,115,-9,78,122,59.46,-19.55,19,38.84,47,63,40,84
-24.36,38.65,20.05,-28,102,26.83,7.73,82,85,24.43,-7.95,27.36,49,-5.93,-19,-24.05,7,73.2,-19.36,3.55,61.24,46.88,26.87,7,23.35
68,74.22,-35,147,70.8,-24,3.13,60,129,0,29,140,35,89,19.19,137,48,103,-20,-7.63,4.81,144,123,90,139
5.98,-24,-22,-3,-37,40.51,10,64.91,-35,5,-1,76,77,-32,77,-22,102,56,1.05,78,-26,39.42,63.99,71.02,-49
49.73,48,126,13,2,144,40.85,57.64,9,123,-13,26,6,-23.89,-39,-17,43.99,42,-6,-14.89,50.69,63,85,-11.27,120
68.87,10.47,53.3,-22.29,56.65,42.53,-11.77,-25,111,-42,-21,48.17,34,89,7.43,-2,44.85,9,23.15,11.47,149,104,119,39,89
66.23,23.75,29.85,10,122,25,58,35,134,22,35.28,56.69,51,-30,115,37,14.34,42.29,-9,93,7,71,90,-19,30.24
-41,14,62,-15.23,62.71,125,49,-10,124,139,32.27,-13.08,36,135,77,26.7,73,28.02,-15.72,-24.37,-12.85,-7,78,148,28.56
82,84,53.25,123,71,34,20,68,15.1,33.98,-1,7.47,-25,-18.25,-15.44,73,-34,28,38,21,26.34,6,-48,122,-21.09
68,-10.36,-5,20,5.29,76,24.41,104,22,32.69,26.97,69.2,-46,-20.18,61,58,12.64,21.95,-2.53,144,74.85,70.66,36.87,12,33.44
74.02,27.3,59,3.7,42.25,41,130,-20,80,-23.44,74.5,44,-43,34.52,65.74,62,57,83,148,19.7,67.28,-42,-48,-24.26,42.38
-5,-14.82,135,126,139,94,44.32,-14,2,-45,55,-20,-16,-32,62.62,-21,48,-5,76,50.07,-22,73,8,22,-6
-39,59.44,91,138,108,28,-4.89,51.83,14.85,114,-39,9,-18.74,1.23,37.97,26.26,-6.67,31,-18,59.85,14.03,146,38.98,-19.26,61.54
66,21.46,113,46.19,40.83,22.07,10.81,-13.55,7,-2,20,41.53,-28,71.23,37,57,119,13,134,110,30.03,-29,108,6.32,34.29
58.85,31.44,55.07,28.35,1,14.13,37.56,36.27,19.43,-32,-14,-26,-17.31,84,-3.37,34.4,-29,76,-9,-12,6,109,133,34.95,53.74
23.3,-6,-19.32,66,16.12,101,34,68.71,67.75,-16.51,9.65,37.97,19,59.64,48.39,-19.81,-24,-44,0.73,123,22.11,19.68,-17,51.21,27
51.24,-3.87,141,66,-31,-24.83,20,-28,-11.12,-16,-29,125,109,-18.09,-19.89,114,47.76,-23.71,112,56.35,-22.69,136,-26,112,28.63
117,71,38.23,8,118,-3,47,146,148,90,65,-11.76,80,80,57.32,15,44.13,3.78,12.78,122,-13,58.83,12.41,64.29,19.02
-40,35.03,103,-49,57.22,127,-13,19.27,102,17.26,22.06,145,-12,-20,-22.17,44,12.8,61.17,120,-11,-6.02,3.88,67.31,-14.52,21.89
-20.35,52.66,-10,94,48.22,108,13.36,-12,145,9.05,50.02,-28,-15,77,85,-3.47,109,41.64,-39,3.75,-37,15.62,69.6,27,65.94
-27,1,37.34,-9,94,-3.78,42,21.03,121,-14,54,-45,-12.67,1.97,-17.07,-28,39.29,25.93,3,65.8,-43,1,29.27,-24.52,-37
13.22,8.62,72,28.02,49,-6.54,-41,34.8,81,96,-1.69,49.85,-12.07,-24,-18,-46,75,106,24.23,23,6,10.46,63,57,2
37.93,8,59.06,38.03,61,37.15,16.56,17.72,90,-5.07,45,42,30.11,77,-48,31.21,137,88,72,-17,22,7.29,-47,46.04,58
28.96,8,63.83,37.3,59,-34,-11.01,-41,0,38,35.81,-45,85,74,-35,-32,34.22,-27,-3.63,99,47.71,19,115,19.6,20
76,-13,1.66,31.34,-21,44.05,39.32,75,10.93,47,-46,47.84,24.97,127,74.83,-10.93,-50,138,12,-20.28,10.6,-46,-20.78,74,111
9,26.83,22.39,109,146,-48,10,-18,64.32,101,-3,-14.18,-0.68,45.88,41,-39,65.69,-27,41.02,15.65,-21,45.73,65.6,13,61
29,49.36,140,47,65,-17,78,23,100,75,-9,-32,6.19,-16.13,-18,43,-19,33,56.57,44.05,130,33,74.54,82,-9
76,-9,143,112,-46,-22.47,-5,41.1,38,59.82,149,75,21.48,-29,114,123,74.1,-1.78,141,24,50.28,-9.08,104,37,13
57,44,68,-22.19,19,-17,25,-12.27,140,-31,26,12.96,17,37.42,49,32.12,14,10,26,36,128,-2.31,124,36,7.11
-12,-21,43.73,18.93,-29,-16.07,74,-6,-8.75,50.87,-46,72.6,2,147,-11.87,72.83,7,-28,149,-47,18.6,35,-10.94,132,20.02
100,-12.84,62.53,29,50,34,147,5,-23.71,5.1,-50,4,-1,-26,3.08,24,85,70,46,7.18,54,119,58.25,14.39,11
-4,95,50,28,15,-33,34,35,22.98,94,4.78,-33,93,34,-34,67.34,74,82,58.47,16.78,15.93,49,-44,119,55.13
47.42,74.91,142,97,-45,-15,63.49,44.71,-14.02,55,4,107,26.51,50,21.26,42.89,123,67,72.29,-24.29,121,71,100,20.55,51.32
59,129,41,30.98,-41,54,88,122,44.89,47.61,15.33,-14,18.59,-22.78,96,39,-34,24,-23.3,24.51,33,1.61,29,118,14
85,109,67.46,-12.29,61.67,70,65,63.51,94,-30,123,17,11,72,8.29,53.28,142,85,64.9,149,27.44,71,27.42,49.07,5.92
7,-3,120,-26,-11,41,92,-1.88,27,135,35.78,10.66,112,64,-2,27,44.23,92,105,17.98,-21,-35,61.71,33.06,111
-21,61.48,-12.26,46.06,16,15,14,-5,-22,87,10,-49,133,87,130,45,-49,-19,-3.59,-10.31,4,-46,-26,-21,16.51
-23.44,66,46,-6,-21.84,-1.41,-47,67.59,146,26,59,125,53,113,38.73,98,53,44.36,132,20.6,19.9,59,-30,-11.71,79
133,73,51.85,62.58,84,66.71,-7,50.07,76,114,-18.16,20,-48,5,-24.35,144,10,23,-47,31,43,125,-23.99,53,62
50,40,104,26,85,22.57,2,-13.11,107,48.1,-2.22,49.93,61.75,109,35.52,11.44,78,68.45,18,20,38.08,68.27,-16,-38,9
-35,40,120,10.84,52.86,-30,21.17,0.6,19,115,-42,39.15,-36,52,1.9,64.58,71.19,40.11,-32,28.59,70.14,133,116,33.04,51.21
-13,43.85,22,55.48,50.02,67.82,14.81,75,48,71.88,60,-11.53,56,117,89,17,-38,-2,66.79,110,24,-23,42,62.75,0.08
14.07,116,66,108,75,39,148,54.01,6.22,0.26,3.54,-18.73,-4,-44,8,86,122,4.01,59.85,90,114,131,-37,-19.79,34.06
-11,67.26,-24.03,11,-1,-5,99,91,121,148,75,6,-13,-47,12.35,0.48,20.85,14.36,-5,137,14,-20,-19.63,-5.51,8
37.99,7.42,-48,-3.46,-1,17,35.51,-0.3,2.69,88,67.14,28.9,99,85,72,18,96,64.84,125,31,142,128,32,-12.1,-33
60.07,54,45,-28,21.96,-7,-5.09,40,7,71.25,86,-9.51,-40,-5.15,-30,131,146,-43,1,64.66,56,54.7,4.59,146,19.56
-4.03,124,-19,22.94,71,115,26.24,127,107,5.74,16,143,32,64.9,118,39.07,89,15.31,84,-23.89,95,32.27,77,-33,80
-49,66.57,57.74,26,-9.94,1.98,83,-19.58,-19.89,-24,28,126,18.55,4,0.84,56,26.47,53.06,30.84,26.7,24.29,118,-49,130,6.09
-5.3,135,-31,78,-16,-11,58.76,-17,35,0,146,59.3,-20,33.29,82,11.25,27.1,39,86,-43,3.18,22.41,-19.33,114,11.22
41,-12.05,110,42,-43,-35,-34,125,110,115,-19.74,72.21,148,-1.43,32,24.94,68.78,-6,36.41,14,59.59,32.58,58,-8.85,54
-13,-8.14,77,72,61.1,82,-1,92,-0.14,25.48,132,35.46,-5.42,48.35,-38,50.41,43,43,15.71,40,-49,25.02,117,49,109
16.81,-45,14.88,114,-25,53.47,65,29.67,1,28.38,-5.04,36.71,20.21,7,132,115,124,65,-18.16,24.31,34.44,127,140,13.09,103
-11.64,-44,138,-6.82,3,57.68,14.72,-10.99,144,138,97,29.2,124,56,0.56,94,-20,-14.84,45.78,49,63.41,144,-42,5,-24
55,8.19,7,61.44,-23,110,-49,42.94,22,149,135,49.98,76,35,-21.66,8,61.86,7.26,8,134,-20,26,59.93,146,32
45,6.9,-13.81,-17,-19.27,110,-42,-32,-11,-6.37,-27,-9.34,-21,-50,64,44.53,92,44,42.51,118,48.3,9,-15,-11,-21.55
70.16,-4.2,127,2,-8.95,-8,85,41.88,15,41.59,5.92,89,103,-45,110,16.7,-11,138,51,59,35.04,30.8,137,-5,137
125,24,-7,59,143,66,-19,32.64,3,77,115,56,121,53,-7,52.18,146,106,46.42,131,-23.61,16.23,-14.76,142,39
2,-17,-12.43,16,53.72,115,20.01,34.67,-13,74,-4,44.31,24.57,15,54.15,91,71,-16,71.36,13.96,71,-6.34,107,58,59
10,84,-21,-47,13.83,12.61,-44,53,-11,-9.48,-15.36,6.62,103,40.63,61,11,-16,130,45,63,-39,-45,2,97,74.99
-3,11,28,65.25,60,0,33.01,51.61,36,15,-32,59.86,46.51,36,21.78,-17.73,64.47,-16.82,5.24,88,50,106,132,32,72.89
10.47,142,-28,41,-24.37,78,40,3,54.1,29.09,-48,3.54,41.94,-1,-7.53,-3.3,98,40,-12,35.72,32.2,-10,52.72,-44,25.8
80,24,100,-4,15,95,-27,-41,88,22.93,-21,-9.11,-13.34,-42,133,34.59,53,-1,54.05,57.83,146,60.9,69,-14.44,-18.56
101,-25,-24,-35,105,-11.09,65.53,5,101,92,113,68,-13.13,96,9.42,-23.14,44.81,-46,140,0.62,-15.5,103,-15,63.02,-5.2
77,113,34,12,55,38,49.37,37.23,28.26,5.11,127,1.52,129,97,3.82,104,-19,-35,-9.39,36.21,-1.45,-4.95,66.84,10.33,-10.62
139,-20,64.76,120,33,-48,70,66,-21,114,58.81,71.19,128,142,20.69,129,32,60,-44,31.91,14.37,-11.06,2.31,41.71,76
93,100,93,56.71,-45,126,20.82,89,-12.74,33.37,95,81,-46,51,-2.6,134,6.69,-24.42,145,-21,10,53,-9.98,63.23,-45
-18.24,3.11,46,41,42,72,-11.21,122,-15.75,-8.07,126,44.8,4,71.26,-21.33,112,41.38,22.56,-24.91,106,0,-21.37,131,29,68.35
81,58.09,99,41,-30,75,91,118,27.99,-1.33,-8.03,-2.15,63.16,11,23,36.89,-14.58,-16,29,-34,27,-20.23,64.35,-24.96,79
17.8,-8.8,36,-7,20.71,30,67.17,36.83,82,93,120,108,87,52.91,17.24,72.22,39,-24.83,101,83,84,134,135,44,120
28.49,16,136,46,21.98,37.39,-45,120,-47,64.93,111,11.47,110,-43,148,14.22,26.65,6,129,13.05,99,147,-6,-13.68,77
111,-23,-46,124,-3,4.5,-30,-0.63,59.04,99,47,56.68,73.59,39.31,83,4,142,36.15,-22,-29,29.24,-39,128,22.5,-33
15,-6.29,42,-15,49,33.11,20.05,53.73,149,112,55,31.27,27.35,47.64,-45,-0.03,39,-18.03,89,112,-2,122,61.09,58,16
22,-19.43,-13,-18.45,127,-30,79,90,-31,27.26,-44,49.55,16.21,11,134,96,-23,-3.96,29,32.57,-7.97,18.42,106,23.12,18
136,45.74,98,38.45,-13,99,1.9,39,-30,69.11,-7.22,6,71.91,66.28,61,10,88,107,57.34,0,26.97,12,37.15,-6,-42
-46,4,2,-23.93,3,101,61.38,123,20.7,89,40.1,31.47,34,42.43,-3,-16.8,-2,10.93,-1,-30,-41,61.19,47.81,-26,116
-49,-18,-6.52,-50,10,-14.15,72.86,-34,80,42.53,-8,-22.78,-24.42,24,68.3,105,89,11,50.51,15.93,19,98,-13,73,-15.28
45.49,21,-0.86,103,17,58.51,4.24,145,26,46.85,67.48,46.43,29,-16,-21,33.77,68,-45,31.07,25,-24,-24,18.83,61,13
-2.21,107,28,33.09,129,28,-19.92,72,-4,-19.16,24,79,49,-17,-31,50,63.5,33.82,57.05,-17.67,60.23,-2,43.68,-16.32,11.58
34,-6.18,-23,74.71,93,58,8,43,-47,7,5.21,71,102,-12.58,-44,62,69,129,-48,17,71.05,-1.79,15,71,84
105,9.72,-17,74.78,21.75,22,0.67,71.57,48.32,41,115,49,135,-24.43,78,39.57,28,122,-16.88,97,-32,92,18,103,-26
49,92,138,79,-3,40,38.24,22,3.14,52.67,56.4,-20,22,98,107,108,76,132,-8,-11.92,53.59,117,-14.73,-23.95,18
5,-37,39.98,45,-42,74.5,-13.7,57,106,29.7,10.42,58.4,85,23.57,146,96,-11.73,20,72,47.43,84,-2,13,25,44
130,43.51,-7.56,39.29,38,123,125,-17.08,118,53.44,17.76,-3.48,23.66,128,13.03,47.5,102,8,99,23,111,88,35.37,109,-42
131,48,-24.44,147,23,41,49.19,140,48.16,56,27,-15.85,-13,39.42,-28,67,94,38,-17.08,125,3,-14,27,75,77
147,-19,6,26.86,73.41,-31,12.29,107,9,135,-15.53,36.42,-21.34,-27,-15.27,29,68.59,-0.35,87,110,-10.53,16.92,18,-23.62,60.16
50.04,-12,115,-13,73,21.3,87,31,-4,-5.26,138,43,138,-23,58,-11.91,-1.79,103,40,54.98,-44,136,-34,7.14,-15.51
13.9,136,32.14,-11,-40,21,60,26.61,13.84,58.25,34.48,60.3,-20.54,32,90,32.6,-9,28,61,-19,-42,-27,22,-38,7
61.91,12,66.67,-5.69,-16,37,62,5.43,-34,41.92,32.96,-18.22,71,-42,61.51,49,-21,64.87,-30,66.61,21.95,-2,41,44.16,-34
61,128,3.94,70,52.76,-14.62,22.25,-36,-32,-21,134,96,62,115,-46,48,-7,61.14,-3,40.95,26,-38,29.4,28.57,130
95,70.27,20.56,30,80,22,47.75,45,-35,82,87,71.29,28.04,22,45.69,35.79,77,37,87,-33,37.11,60.37,-42,58.4,34.96
-18.89,16.28,49.98,23,-16,-22.55,51.03,31,3.77,48,65,-30,35,-25,42.03,24.61,28,-8.57,5.11,7,9.49,-6.65,-8.99,1,26
-34,16.96,113,92,-10,111,139,135,-23,59,65.39,-48,-19.12,24.65,-26,25.97,24,67,84,112,41.49,-24.92,-6.03,106,45.54
76,123,6,70,9.73,31,114,77,60,-23,68,-0.56,24,124,-8.95,81,-5.19,49,67,62.26,-45,46,83,92,49.69
148,117,3.81,-18.59,107,-9,-3,-10.07,-20,41.89,53.25,-43,60,-0.97,53.92,64.19,12.63,-10,-0.47,9.2,40.76,-50,-37,130,1
89,114,37.24,-11.52,43,-13,102,-16.99,15.48,72.01,74.22,19.74,36.85,129,83,36,126,92,41,121,53,24.06,-24,80,121
141,-28,116,54.83,4.5,106,4,-46,0.37,145,52,-50,-7,101,56,122,-5.6,-2.94,-39,71.9,41,131,65.1,60,-8
71,62,40,-23,63,21.92,24.64,9.78,140,26,4,26.87,0.21,-4.98,-39,68.3,20.3,21.34,57.91,36,-42,52,3.5,124,79
44.65,114,48,54,-26,44.33,25.77,14,102,54,52,-20.54,121,141,147,53,16.88,84,23.74,7,74.67,108,7,7,21.5
25.46,55,-4.1,10,-47,-23.24,103,-1.02,92,0.2,-21.11,59.49,40.86,65.52,54,58.1,23,1.51,43,122,115,125,114,-23,40
6,80,81,89,122,-19.28,69.31,36.17,-9,75,35.85,24,64.61,-23.69,-20.69,92,-22.31,80,-15.3,-6.07,71.69,25,127,-10,-12
58.18,103,5.75,129,79,20,64.36,118,66,27,28.73,89,14.43,-4.19,24.7,11,42,46.76,40.59,126,82,48,127,-7.28,-47
82,115,57.66,96,-21,29.04,40.45,61,48.57,39.53,15.86,16,58,19.81,-3.88,78,33,16.78,57.77,-8.85,-6.05,16,72.6,85,5
19,4.2,-16,30.82,46.85,-4.95,-25,49,56.42,-5,-9,34.57,149,68.06,4.36,102,23.29,73,61,-8,-7,100,115,57,-48
0.78,7,-3.36,24,63.87,82,37,76,104,-19.76,17.56,29,-19.11,-50,42.16,17.64,-22.5,57.87,-21.57,23,76,4.62,24,29.87,-0.52
-22,5,-9.9,7.67,-24.29,121,-50,-10.3,129,4.91,5.21,21,144,80,64.32,52.55,-4.49,43,-5,-4,62,19.75,0.17,67.33,-39
119,97,-38,13,-37,-0.45,0,61.34,-28,2.46,18.09,70.44,5,81,37.23,148,17,59.67,6.26,62.63,34.28,65.81,63.91,29,-23
61.48,37,47.83,65.78,-0.79,70.89,133,-16.66,45.03,146,-41,-24,18.65,57.71,35,33.51,102,57.85,146,-10.2,40.72,62.87,-11.34,32.57,-43
36,-3.66,-50,22,-17,0.53,59,50,70.88,16,144,-31,71.5,89,74.57,88,74.56,52.23,-24,13.16,121,7,7,54.72,3
17.5,14.3,65.92,56,112,34.52,106,8.13,36.96,52.75,100,126,0.47,146,144,133,43.79,107,-0.72,-20.23,49.5,73,48,-38,49.82
32,6.43,-19,-46,42.94,91,-42,31,56.45,-42,25,-4.49,35.29,15.63,128,28,69.3,68.96,-9,38,-7,19.78,49.51,6,52
-35,42.15,64.35,44.61,60.42,9.18,-16.56,53.75,21,-46,57.68,70.94,10,41.98,123,103,74.08,88,19,141,32,128,110,64.43,26
-16.32,-32,55.41,-24.17,70.6,145,72,17.32,42.06,-12,-14.92,12.52,33,-7.52,60.44,84,4.58,-24,11,-18,-15,127,-4,4,5
-23.16,-10.47,-41,137,139,71.45,-30,141,85,6,119,26.91,83,-30,48,112,33,4.24,-38,53.25,-0.43,87,36.49,9.42,-0.19
-41,25,-18,55,-37,101,41.95,-42,147,-40,6,-5,-10.89,-11.73,58,-42,-10,53.98,6.95,106,28,3.83,-3,32.24,105
76,34.81,-50,68.49,11.04,62.23,-49,26,-22.01,57.3,91,34.88,-7,-2.35,74.95,-1.27,3.27,120,130,11.31,68.58,-37,97,105,2
12,2,41,99,36.14,38,47.83,80,120,51,63.95,77,16.09,42.09,87,44,36,68.81,71,15.08,-18,6.97,30,40.5,-43
79,1.31,48.28,78,49,45.16,121,53,11.32,55.1,11,-36,-14.07,79,14.03,44.99,68,92,-18,33.57,59.82,34,-5,120,57
-43,19.73,8.12,93,72.93,149,9,-19,8,110,12,16.87,29.61,-22,29,49.15,-45,-24.12,117,18.44,53,129,94,-24,-12.81
64.89,142,-23.34,24.49,35.57,-6,-13,5.36,117,84,117,-41,43.9,124,14.86,86,-23.67,-48,109,67,15.83,42,36,71,46
7,13.04,38.96,-44,54.38,71,37,38.12,-10,21.59,-43,46.26,-17.26,1.34,-22.49,67.53,-1.41,33.93,145,-48,132,10.85,37,114,42.25
148,32,-38,106,101,50.18,1,102,18,-9,-4,-27,29.3,49.17,-31,23,45.27,19.89,33.56,-10.83,-21,138,30.9,68.36,0.95
2.23,-40,11.06,17,63,-30,-36,-4,85,-20,8,58.58,-32,46,49.47,115,-33,16,48.42,134,54.11,29,129,16.24,120
-44,35,66,34.91,-6.93,11.41,143,5,45,56,-23,30.07,87,-16,125,115,-4.01,0,37.13,-39,72,127,118,-10.67,148
122,15,-5,35.73,41.67,0.24,109,23,100,133,50,-16.75,62.13,-9.06,36.74,124,1,67.32,110,114,46,-26,113,144,25
106,141,1.92,53.89,-4,71.48,146,51,-7.55,143,112,-42,56.23,-21.84,-31,16,-36,70.09,-11,129,91,113,37.13,-21,-4
82,6.26,18.29,41.24,134,132,116,84,110,-11.07,49,-24,96,-28,10.65,1,-1,9.79,-33,-1.78,-50,117,-37,117,76
6,106,139,47.53,69.66,132,-6,56,64.79,-20,-32,32.81,45,46,48,56.99,2,17,-7,-23.65,49,-2.05,-15.25,33.29,54
94,86,62,86,33,17.74,61.12,89,48.67,3,16.37,55.52,38.47,-17.52,-17.95,107,72,5,17.42,138,-34,117,4.83,49.62,16.67
-41,135,44,23,36,54,110,79,44,15,51.47,45,68.37,71,134,13,-6.86,123,72.32,9.16,65,-14.4,97,15.84,28.69
67.07,4,124,-5.76,-27,-21.57,-16,46.09,87,-3.09,42.7,51,48,66.32,-14,1.12,-9,42,-8.63,20,-43,-19,13.17,70.95,-9.31
-1,41.68,-39,11.02,100,7.59,66,33,123,5,-25,119,-19.61,80,63,-21.4,53.6,128,71,-0.13,18.51,66.58,149,140,36.96
92,-22.58,69,38,-6,22.13,16.51,12,147,63.33,20.89,-34,-14,91,62.24,67.52,-5.34,-27,32.88,38.28,-30,1,111,-20,56.73
-13,26,-23.94,54,-11,126,-14.68,116,-13.17,55,21.71,21,3,49,17,25.94,16,-23.72,31,-33,139,127,-16,15.54,0
29,118,87,30,-13.22,61.5,-38,-9.94,62.54,9.23,118,21.03,44,-10,20.27,24,123,-14.76,49,58,43.89,-27,117,132,61.06
144,64,34.15,11.87,61.41,117,34,-8,107,104,26.27,-27,123,-16.47,34.87,-17.99,16.89,32.47,83,13,19.5,43,19,-24.39,102
-7,149,67,36.29,12.9,121,12.89,78,12.6,71,55.75,-3.85,118,-21.85,43,86,22,24.59,58.37,140,51,110,31.41,65,142
63.21,-11.42,-22,61,72.28,1.62,-9,110,-15.49,2,-47,75,14,21,-18,94,112,0.72,37,67,98,-8.67,54.07,-13.83,88
-5,123,22.85,113,28.58,-5,75,-2,68.71,65.39,68,23.53,24.8,-10,6.48,17.78,44,21.79,-18.76,4.4,113,69.82,-1,28.46,74
96,-17.25,-31,33,47.2,-38,4.06,53,120,11,130,45.88,21,89,69.07,78,-34,59,47.86,-40,121,135,53.87,148,-34
115,64,30,-5,-1,-13.59,2,40,-36,-12.31,112,27,20.95,-14,-48,-10.6,74,142,61.39,6,53.2,33,-7.81,47.47,29.95
-24.13,58,69,67,-18,25.49,-50,1,69.27,-18.86,56,55,21.54,8,89,31.62,70.09,81,-38,118,-14.14,79,44,72.01,127
46,61.15,32,53.32,32.57,93,-23,49.38,-23.05,71.27,-11.99,11.71,63,29.8,5.08,103,30.08,-35,57.07,-20.54,51,117,7.64,-24,0
62.98,-47,-50,37,-34,7,38.27,-12.13,43.88,97,69,27.8,140,47,79,69.71,74.46,30,-15,-2.19,36,30.5,93,62,75
20.63,50,3.44,21.93,57.4,-6.94,82,39,63.25,122,39,44.22,-45,9.62,34,26,74.72,53.18,37.19,37,125,61.88,55,-14,56
-12,68.98,79,-39,88,120,32,112,3.74,67.19,17,118,4.27,34.03,-11,-9,26,22,28,1.53,-23.49,-47,51,98,-37
32,72.44,95,139,112,-20,-3,44.21,-2,44.55,54.85,75,34.88,14.05,37.77,-22.35,-20,45.14,70,90,139,-29,70.81,-12,9
97,111,-16,113,32.41,72.11,36.96,-29,1,106,-40,3,58,10.43,95,-7.88,25.47,-9,11,136,75,56,49,117,-40
35,43,1.47,64,18.35,135,-32,9,9.82,35.3,-30,102,66,-24.01,-18,-14,46.06,-1,52,37,11.49,-38,112,102,49.49
-15,-4,27.73,109,-11,52.33,37,-3,74,137,117,35,7.6,67.23,-32,61,98,127,73,-43,31.58,36,-8.26,-15.52,57.2
134,126,109,21,3.86,23.96,9,7.6,42,110,56.63,34.91,31.36,-29,48.6,17,109,105,56.02,100,127,15.29,135,-13.68,4
93,39.69,18,61.96,89,139,132,15,-8.79,15.97,9.39,25.89,43,130,47.05,28,14.64,61,-15.5,59.55,-2,80,-5.7,-8.19,111
69,132,-24.16,68.1,-3.11,87,73,82,80,146,123,53,109,107,-25,87,4.2,-32,135,141,-23,17.52,26.43,36,68
-7,67,-2,93,131,11.04,49,124,24.37,16.62,-19,47.76,85,-19.44,50.38,-23.46,52,125,17.02,4.18,-6,-18.45,-13.41,10,23
59.94,76,24.12,53.49,67.65,127,72.47,61.89,-31,60.72,34,59.83,74.73,105,-14,4,95,149,4.69,110,-8,56,69.11,127,34
16.97,-1,44,16,-22.88,46,-40,19.53,-36,-36,-1,10,15.28,114,68.47,122,120,28,-10.11,70.12,55.05,-4,-27,106,48.37
-13.49,5,39,11,-6.64,-6.35,47.53,76,116,-15,8,31,107,116,72.16,52.91,27.22,34.41,54,69,12,-23,83,19.25,71.27
-2.16,54,71.97,-33,-0.72,100,37.89,61.3,15.19,71.4,24,21,-12,0,45,1,18.44,54.99,31.5,149,-5.03,62,-27,99,56.41
131,-18.56,17,20.67,122,69.7,117,-18.11,-1,-18,-4,92,111,43.54,-6.15,135,101,-7,130,13.61,137,25,29.84,123,-48
118,81,85,117,125,36.28,-9,38.89,79,-20.62,13.03,83,38.95,144,34,-32,-18.9,27.2,148,65,-12.41,53,64.84,28,-2.26
-7,85,93,-17.92,74.45,30,78,-31,68,0.71,114,74,22,68.73,59,55.92,6,138,24,48,20.86,-23.56,34.59,64.59,83
43.68,8,-34,-19.62,79,-20.63,38,61,74,69.99,51.82,74,55,103,96,5.46,45.26,-30,-5,93,124,129,-9.53,-37,74.13
48.45,143,-17.98,96,16,-46,-23,53,-29,-21.94,-17,53,14,4,53,27.59,135,-20.37,34.73,8.64,23.82,93,11.94,36.46,58
49.38,135,112,3.47,-9.16,87,7.79,50.33,-14.94,60.54,68,46.84,118,126,-40,65,11,-1,76,-6.68,13,35.23,21,-10.04,16.84
10.53,149,1,71.4,33,4,-8,63.58,5,-2,45.39,51,26.82,77,40.14,108,29.47,72.35,28,107,10,5.03,133,70.63,10
39.02,-40,149,-10.19,46.87,45.34,37,3,27,17,60.72,109,2.51,24,-18.67,-13,-29,100,14.86,90,44,11,131,-4.06,74.31
72.44,48,-4,63,-32,25,-9,27.25,48.74,-3.24,102,57.93,61.16,108,70,111,-9.64,21.94,-22.48,-37,12,-6.05,32.15,64.32,110
44.92,141,47,9.91,69.07,-30,-18.86,81,16.46,98,3.18,56,131,82,16,56.1,-7,131,20.93,57.37,33.32,-45,-10.69,5,8
148,73.92,11,30.75,100,35.33,-22.36,31.73,-16.27,23,7,-0.48,47,-23.23,-5.92,-36,25.1,43.59,60.1,32,70,136,21,137,27.16
3,-43,7,52,-11.05,-39,54.11,63.02,50.98,39.75,111,30.54,3,17.78,27,31.34,84,26,22,96,78,47,24.81,15.71,11
-17,148,-2.02,31.34,49.15,13.92,34,101,20.7,3.87,123,123,60.95,-27,1,17,63.14,28,97,35.04,61,50.79,-6,31,67
30.38,-15,15.42,106,85,129,62,-50,-48,98,11,43,10.13,44.17,128,44.94,91,149,143,20,38.77,-27,-49,28.77,66
27,-20.6,45.13,82,1,-36,67.74,41.93,122,-4.13,-47,147,99,-0.22,108,74,19.77,60.36,64,21.31,37,21,148,-49,35.04
13,-47,20,18.86,147,94,74.99,-25,24.81,63,-7.98,32,10,40.02,33.31,17.25,55,-20.47,3,86,111,24,-40,77,98
20.74,21.67,-18,99,54,-18.57,69.98,10.88,148,16.48,71.25,-18,7,-49,60.43,64,-15.86,16.26,47.27,61,140,108,26,76,65.64
-4.64,110,56.2,-30,-6,22,141,64.01,36,79,-45,-27,58,-28,28.17,2.11,-7,149,39.34,-15.59,73,88,-22,145,11
75,130,75,57,70.73,80,69.03,23.94,70,62.75,11,104,28.55,132,81,101,25.44,103,5.49,66.35,13.67,-13.72,39.97,7.51,26.69
104,75,-19.22,-0.01,50.37,-35,78,147,-18.17,13,44,-40,-41,38.37,66.43,63.74,84,62.37,111,-27,60,29,14.31,16,85
62,10,35.41,32.79,21,-11.74,43,-45,122,8.95,73.03,132,-23,57,130,23.98,38.82,114,-17.31,72.66,51,16.48,-47,50,2.64
14,-2,7,-6.94,-1.35,9,121,81,9.04,149,33.14,43,-12,-16.64,5.48,16.52,15.61,16.88,-25,67,142,57.51,57.13,31.78,58.55
28,75,107,14,-28,66.53,111,69,-2.24,69,54,26.21,136,-20,32.97,59.44,-36,15.67,32,96,65.3,3.2,43,78,119
64.2,-12.18,36.27,72,40.47,56.38,95,110,72.88,22.03,-21.39,-13,15,0,-26,3.61,23.21,6,37.31,144,62.36,11.48,78,120,36.32
88,71.77,-5.05,-7,-46,137,-31,-12,-13,40.03,-29,55,144,11,-15.79,3,92,4.56,135,14,-11,114,-43,-4.23,-37
143,47,62,65,101,-13.45,-21.56,134,10.74,13,21,41,61.79,62.22,75,2,-45,56,-17.18,133,24.23,12,-24.08,136,-19.25
7,62.53,67,117,95,73.64,73.15,36,19.92,122,29,72,44.32,-4.2,43,100,69.51,-24,-20,37.2,67.44,13,32.16,-33,-17.84
144,29,54.79,97,72,84,56.03,65,-34,10,20,23.55,-17.76,65,14.17,108,29.35,54.69,-27,-17,-41,-6.13,70.74,-17,89
-12,39.39,81,-22.9,111,-8,68.49,73,-42,5.61,22.62,46.05,13,-34,29,38.74,-12,-46,35.22,-18,91,0,77,43,24
18,-5.5,12,-23.87,64,80,18.44,-41,-46,-22,43.77,52,-14,13.21,110,-13.66,-16,140,82,29.94,32,146,-49,-17,-10.63
54.31,72.81,42,-10.79,37.57,72.74,-12,45,48.84,113,-15,-22.46,28.86,43.06,19,127,76,28,-5,-24.1,55.68,23,-8,54,49.69
-16.98,-5.93,-27,-3.86,122,-22,62,49.68,-39,42.47,19,19,36,101,21,59.51,47.63,-10.89,56,17.36,149,139,-13,26.97,45.29
-33,10.68,52.47,44,43.41,-46,126,-49,64,-48,148,55.59,1.3,18.57,10.68,-49,-38,70.17,12.76,128,-2,-23.1,-24.82,7,125
-46,79,108,53.14,91,-42,5.08,143,67.3,40.79,121,105,105,43,-50,69,97,-6.92,46,26,39.38,14.26,23.99,126,119
19.3,-14.53,21,10.05,-24.03,78,-11.24,72,-38,73,-12.08,52,65,144,34.68,71.57,-25,46,120,-16.64,-2,-45,19.75,50,5
48.62,48,-29,149,8,28,-22,98,73,26,70,4.81,-16,-12.33,25,-33,60.35,-15,32.26,120,55,39,-19,15.83,-20
80,45.15,50,125,65,-31,65.63,51,0,52.91,26,120,111,21.67,55,-23.75,-2,122,61.24,98,23,42.54,23,-16.87,48.63
46.87,94,59,2.02,-14,-13,23,130,47.58,23,145,62,102,126,14,82,76,61,68.14,-8.03,3,46.9,76,-1.63,-11
73.24,115,54.09,72.78,-37,-5.8,-17.99,16.34,0,15.04,-6,24,18.82,-4,14.09,80,18.81,-1.37,20,12,145,-3,-2,48.66,37
131,-49,49.73,39,14.14,53.05,42.34,28,1.87,23,-11,-15.49,60.63,-48,-14,34.87,78,3.42,8,110,98,131,124,96,46
20,-16,46.93,97,-18.01,4,41.43,67,-5.63,11.72,-10.41,69.69,-1,-22.83,91,126,16,128,34.35,67,-33,13.97,10,103,62
31.93,77,-46,15.41,-7,14,34,-33,112,74,5,2.23,-42,32.16,32.81,0,67,-15.88,-14,52,83,-5.38,55.99,52,-43
30,4.64,26,-18.51,0.81,69,45.84,73.75,66.4,31.9,61,29.56,4.73,60,-12,-10,0.68,-36,15,104,133,-17.68,-8.62,70,46
-41,18,-2.12,54.99,-50,-42,60.89,-1,122,18.94,9.73,9.66,146,67,50,123,15.56,38,24.04,37.3,109,-13,33,-2,16.06
43.89,66.23,-4,59,16.38,133,17,-13,-16,-3,15.29,42,17.86,13.2,64.45,126,29.58,44,15.36,9.16,61.27,61,-7.28,68,-7
22.87,-24.45,1.63,36.16,34.81,3.05,68.36,23.74,55.74,-6.26,137,89,80,59,38,28,134,9.9,144,54,38,144,40.8,2.88,-29
-30,-49,6.06,31.91,73.23,26,13.23,21,66.8,22.73,149,23.76,19,42.72,19,67.67,68.27,41.35,62.79,60.3,71.95,57.72,-11.86,119,76
3,80,13.81,-34,-18.95,22.83,82,8,-16,11.23,30,50,109,149,7,59.88,-20.31,21.96,97,50,-1,38,7,33,24
63,43.2,39.13,-9.05,-3,36,1,17.55,18,90,21.77,148,67.81,39.74,-5.28,136,17.57,-1,37.25,-12,-28,19,20.23,107,68
88,65.25,108,68,58,-15.08,29.85,20.86,135,19.96,-33,110,-0.05,41,65.31,77,-20.37,56.5,-9.41,-5.3,101,-13.44,-7.51,55,14.14
7,51.29,-11.51,7.16,-1.82,56.09,-36,24,26.16,84,20.97,53.02,33,-16,87,-11.84,11.12,-22,96,103,42,70.19,-10.05,59,108
-40,52.36,146,139,-15.81,49.05,85,70.6,40,74.26,69,141,134,0,-4.51,95,-12,66.98,34,-8.78,62,-49,63.93,-4.38,73
-33,64.66,50.93,-2,46.5,6.25,72,62.01,64,23.87,10,71,20,15.03,33,5,-9,48,79,48.53,-5.69,42.13,34,89,125
60,19.12,45,37,105,51.61,-2.67,83,141,41,108,18.36,96,67,-47,35,49.06,56,112,51,-0.48,43.51,60,27,99
9,35,-12.33,30,3.87,6.16,74,132,149,36,15.89,72.26,39.28,-1.7,-50,66.03,22.37,11,47.14,31,70,39.09,59,38.42,35
60,127,26,72,29.67,40,41.76,31.68,112,-9,-33,-9.89,-43,74.04,149,26,135,-3.6,125,-39,54,20.4,7,55.67,7.78
-6,-0.02,-28,8.82,-7,28,63.03,-24.17,26,62,-18.42,46,96,73.47,103,67,-21.78,66.61,59.87,120,13.69,54.41,66,147,33
13.94,-11.84,136,6,2.51,24.11,25,109,-21.27,70.09,-29,41.12,134,-28,11.42,68.19,34.96,4,20.34,6,51,5,43.95,49.82,25
29,141,70,75,45.01,-8.16,56,58.36,-15,22.76,-23,17.99,70,-2.58,-29,-6.7,89,46.78,75,-14,40.74,121,87,121,-2
62.41,85,41.14,36,127,140,46,99,35.97,11.47,77,63,56.01,115,-35,95,26,21.69,17,21,72.4,-3,21,59.09,-11
-1,69.82,8.9,91,94,52.66,-12,64,-17,43.08,4.3,4.29,-13.65,110,-25,72.44,105,-14.64,43,0.55,-35,88,-36,53.96,121
-35,56,34,24,34.32,15.35,42,-0.98,59.47,63,-8.18,137,20.41,134,27,66.73,52,49.43,-17,-41,12.22,25,149,-33,147
-17.9,13,-7.82,57,-46,-21.85,-39,52,115,-24.54,-7.01,16.74,67,49,110,-27,-43,52.34,146,-27,118,72,-18.97,53,47.25
-9.09,-8.96,-22.6,74.87,74,107,71.21,-8.61,-5,-2.37,2.23,69,57.3,97,26.3,5,5.25,120,31.29,135,-17,54,11,-30,-50
36,46.22,10.29,137,16.59,91,-21.37,34.87,143,111,0,39.41,14.64,-46,-7,9.36,120,15.23,62,49.5,3.08,14,24.95,70,-25
70.09,143,9.34,13.41,80,-45,-6,3.89,-32,11,68.98,64,126,10.36,-21,-4.23,-45,-0.51,29.55,-50,134,72.13,71,87,-4
-2.07,-23.58,39.94,74.36,87,14.37,15,10.16,27,34,134,18,122,74,27,20.02,32,8.57,29.79,19.92,43.04,40.23,55,2,-12
135,64,-11.34,106,4.84,17.78,-35,19,-8,24.24,-7,10.88,89,-38,-19,83,97,53,0.29,22.75,56.92,63,19.11,29,15.72
65,-28,32,29.45,55,65.35,141,60.61,9,-40,89,41.58,-18,11,-45,45.73,9.04,-46,102,-3.69,17,-14,54,-13.84,84
60.97,64,-6.05,20.91,96,86,44,59,142,-21.61,75,71.36,35.1,42,52.47,19,66,136,21,-29,132,40,41,-6.31,52
138,-22.09,-14,97,67.5,131,54.35,24.6,112,43.83,-9.42,87,128,87,49.63,36,122,139,17.13,6,97,47.21,29.19,33.37,-1.39
55.76,-9,59.89,48,127,88,112,31,-2.67,-46,62.67,49.87,43.15,60.15,9.95,47.78,65,20,128,40.94,-6,59.86,-7.78,99,70
-49,35.89,-6.73,-10.3,1.15,34.26,78,-14.88,-18,2,144,115,-34,-17.81,119,-12,106,19.27,67.23,119,9,5.01,45,66.43,58.53
106,22.64,123,-14.88,-19.47,-49,-24,4,18,-14,3.72,52,-38,10.33,51.8,4,50,146,-23.63,38,34.59,-18,96,33.38,26.53
71,35,41,46.94,130,-25,148,-37,110,33.01,39.64,25,84,-40,105,104,28,74.59,12.86,39.09,-12.15,144,55.75,74,11
3.51,-39,42.07,116,22.11,37.65,115,131,108,-30,92,54,-30,22,46,7,50.12,26,16,18,146,7,-24,88,50
4,-12.64,47,47,4,11.11,-36,-33,-27,27,109,94,133,78,18.6,51,-19,72,32,-15.1,-25,26.15,31.72,65.96,56.12
52,106,64.92,72,105,18,22.79,131,-36,34,124,44,124,2,-16,45,67,53.48,12,62.73,21.79,19,57,12.44,-9.51
37.04,78,74.64,-28,-3,37.19,7.13,-6,13.2,53.73,43.35,47.13,50.17,66.37,45.67,-16,-41,73,32,-10,-33,21,55,4.58,102
-6.13,3,61,-32,-5,33,36,-11.31,8,36,50,-22.05,4.01,-17.85,-47,7,29.76,126,106,95,92,10.82,37,67.25,63.13
-0.84,-8.66,48.3,130,3,55,83,98,124,27.85,-17.75,121,95,-10.82,126,-36,-5,-20.87,-17,-19.98,145,30.98,63,-5.16,115
89,20,13.83,37,66,35.72,138,48,12,33.4,61.25,55.25,46,61,-29,102,67,-29,22.87,-2.33,63.33,6.37,135,126,27.5
25,40,5,-42,-0.76,-4.95,-11,-2.85,23,69.06,4,48.4,69.3,-24.39,-33,102,22,59.83,-26,24.69,0,-10.01,-1.03,-22.49,70.37
26.51,-26,95,63.79,142,83,71.46,41.08,67,125,48,136,109,-34,11.04,64.39,41,-4.86,55.38,2,71,118,-12.55,-26,16.84
-44,126,38.71,69.61,19.62,147,-16.29,-8,97,133,-14,51.43,137,90,31,20.96,33,-45,-14.34,55,121,-20.91,-1,-10.14,39.31
13,135,18,148,-34,23.7,-23,-41,53.15,24,14,65,25,102,64.93,-33,34.95,111,69,92,68,95,146,34,-42
123,25,7.83,-11.79,131,-50,89,146,1,74.56,113,-1.85,2,67,10.64,54,-47,122,21.03,9,8.33,48.38,-34,-29,149
140,9.74,106,100,94,64,5.2,10,-18,-1,133,79,46,0.99,7,58.57,58,28.26,105,-27,71,90,-22.13,74,-18.09
-19,24.97,114,140,129,4,53.68,147,22,9.19,79,62,27.12,98,26,-10,-38,32.6,60.85,37.42,-26,66.84,81,62,66
35,47.19,91,122,83,75,-39,48,82,-15.81,30,95,-7,-5.56,111,72.81,68,-13,-23.88,82,127,60.02,9,39,-1
76,0,64.41,36,83,3.54,42.31,139,42.38,133,41.02,-8.27,82,-34,30.85,74.43,53,53,-12,8,123,71.41,72,-9.95,109
45.78,51.24,-37,-10,43.25,-46,-39,-3.95,-24,32.17,90,51.93,40,-50,-21.69,-19,53,53.11,81,148,52,68,-6,63.19,-12.95
80,41.92,-15,147,29.58,94,41.99,32.63,-17,-5.74,103,63.09,-21,-34,-15.87,138,52,-21.77,104,82,65,114,17.59,46.65,-5.7
74.51,35,48,-15.78,63,-8,114,57,54.56,-10,116,26,45,51,18.57,33.59,94,140,-13,92,3,31,-22,145,-14.01
105,-35,78,140,-48,98,29,-21,45.87,8.57,61,-17,41,125,74,136,40,8,64.93,14.83,144,58.71,25.67,-36,40.35
11,60,138,43.17,51,19,28.69,12.81,-13,-21,83,57.43,18.66,33,35.85,-10,-18,-50,73,-7.35,19,-24,35,-4,6
-2,3.96,94,141,123,126,-42,59.81,59,121,8.34,31,128,-11,54.97,62.62,-0.47,131,77,-11,58,-48,-8.66,118,65.86
123,27.54,72,126,100,-11,-29,-23,80,60,55,78,19,9.85,66,76,59.34,55,43.33,114,-35,59,15,51.49,-4.19
22.69,-1.61,47.09,51,15,39.97,108,43,46.68,63.2,32,-15.11,43,1,81,39.63,-8.05,121,61.56,34,41,71.32,-3,83,-48
127,16.25,69,-14.6,71,148,78,102,-19.08,41,15,61,146,112,-19.39,75,-38,47,-7.83,36.69,102,53.76,61,99,54.39
21,137,17.92,-13.32,-27,2.31,84,60.7,43.98,-14.37,49.62,-0.06,34.18,-24.11,82,28.99,114,3,64.5,136,44.85,-36,-15,78,-45
-4.98,65.82,-11.22,72,81,57,68,57.52,16.72,73.5,16,60,32.59,67,7,-6.41,13,134,0.81,-1.46,16,21,58,55,134
22.19,61,94,-37,-18.13,-31,-22,43,-5.67,-8,32.22,4,12.01,30,100,113,34.05,60,3,-5.4,125,135,-12,-9,35.06
5.39,85,5,-25,28.53,24.62,-23.15,-8.64,7.2,-11.45,-4.02,6.67,35.81,74.46,-8,42.58,3.58,8.45,105,-8,-26,-40,-28,3.95,10.21
-1,-12.29,43.43,21.18,107,16,1,62.99,12,26,41.68,34.45,118,128,3.41,23,131,17,85,12,-17,60.24,-17.23,-7.5,35.56
5.29,18.94,35.38,4.38,14.24,6,39.4,-21.47,41.02,10,66.35,106,96,-30,93,147,-3.02,17,-17.01,-24,57.87,46.1,37,43,4.95
120,-21,13.46,35.95,51.59,-25,59,-3.57,59.92,62.38,77,117,39.33,-21.26,-3,7.33,75,132,123,110,9.86,146,37.06,73.97,96
93,130,68.33,-1,137,-14.8,-31,37,36,48.37,-32,-29,28.45,17,34,-39,-0.25,49.17,-9.95,-3,101,82,28.57,-15,17
41,11.83,-31,15.24,23.6,-50,31.65,33.42,24.64,54.26,-21.92,41.89,-36,40,66,-34,43.23,147,3,-29,-38,50.24,15.38,67,26.09
70,105,98,-18.78,128,4,-1.03,-19,54.28,6,99,134,31.74,34,26.35,-39,-27,71,-11,47.98,9.54,70,72,6.85,144
58.65,-8.03,-14,116,-5,104,-1,-0.1,100,89,79,53.39,133,-3,10,-8.3,31.76,29.1,14,87,51.37,-43,54.73,97,55
-12.25,-47,12.51,-17.78,-7,117,-41,117,-39,58.66,11,-19,24,36.11,20.76,35,78,45.9,79,16.7,88,-44,14.58,114,24
1,116,2,92,-26,46,37,45.62,66,60,33.22,23.45,40.19,25.73,108,2,8,72,-19.59,-19,121,117,39,57.34,-45
41.54,73,-22.83,149,52.22,118,14,39,5.05,-8.74,-21.54,67,118,40.38,61,110,11,-21.74,47,38,72.61,-4.49,30,31.01,66
64,-31,142,102,-12.15,-9.73,14.04,21,33.38,15,21,126,60,50.84,-32,-40,65,134,48,71.75,47.52,85,3,5,-31
-8.01,149,33.63,-22,128,51.82,75,31.92,31,10,-44,42.98,118,120,52.33,62,16,-1.95,74,71,141,3.09,-11,-26,21.74
59,17.9,-16,56.06,-44,-20,-38,14.25,53,16,43.53,59.65,66.38,41.2,26.37,55.08,26.3,-50,37,94,-12,21.17,81,-26,-9
103,111,53.49,52.46,53,1.49,13.54,122,-42,85,31,-0.93,37,67,59.28,69,-11.09,130,-17.52,46,1.22,-22.34,1.91,-8,112
65,-6.55,11.43,118,-42,11.76,-42,73.75,5,-2.18,65,-31,-0.86,129,66.5,-47,83,-1.01,122,73.24,66.2,73,130,-49,-30
35.61,54,65.96,-14.98,51,30.28,-48,122,23.76,-15.32,47,-19,-15,74.69,23,138,-4.99,121,-11.42,89,99,-13.47,52.37,70.63,-15.51
41.57,29.77,-12.09,-37,-33,-17,35.03,34,-43,73.54,58.4,50,25,67,64.02,-47,50.82,44.99,75,56,71.64,61,87,43,35
-17.76,10,113,121,-14.67,28.68,45,95,3.77,124,5.73,-6,-4.85,48.7,-1.58,95,48,11.54,30.33,14,-36,62.15,-9.85,-20.14,10.43
51,28,43.22,132,-21.53,69.36,-9.78,71.36,86,77,109,15.21,109,-5,-7,63,35.88,49,23,-2,28.35,50,107,144,11.46
-13,-9.59,33.64,74,100,106,56.18,149,126,-29,26,15,67.26,143,4,48.77,-5.1,38,102,31,55,90,29.12,-18,-34
32.73,-5,92,26,3,71.11,33.88,-8,-47,9,27.37,109,-32,98,42.24,34,-10.95,20,92,57,-26,34.11,-29,30.35,30.24
32.4,-10.99,2.9,37.94,49.89,19.13,36.49,34.03,25,-21.96,-5.29,26.11,105,21.73,42,48.32,147,50.17,1.11,3.93,-35,108,63.26,64,80
-13.22,-18.37,-11,36,138,47.43,0,-17.38,-10.07,-6,123,39.03,-7,28,84,18.79,28.06,-8,79,114,-24.45,38,98,104,1
64.05,-9,65.41,90,-4,-3,52,65.48,144,-25,32,72.94,101,-39,69.26,-2.23,-12.15,9.59,49.42,0.12,21,-10,78,34,-38
6,-23,68.78,7,5.14,54.34,-43,4.9,47,148,24,-43,71,135,129,-44,14,65.43,38,67.16,56,144,130,34.55,49
84,28.52,9,-32,-31,87,62.81,5.68,52.64,41,34,-14.63,78,34.82,49.16,67,65,101,45.45,66.44,100,12,61.62,-0.99,106
24.03,50.91,74.72,15.32,123,3,67,63.54,-28,146,-35,139,-6.78,124,132,-18,-18,76,80,134,4,-15,84,-18.75,44
125,71,18.44,20.18,-4,9.92,25,149,-1.62,146,23.63,109,-18.26,35,-47,-22.81,-6.39,52,-24.05,147,75,15.67,-20.34,87,34.37
142,46.29,83,104,43,58,-46,133,18.88,96,76,11.25,-5.82,137,-5.39,-26,-5,30.83,72.45,31.77,9.02,-15,-33,1,4.92
124,-2.5,46,-40,36,144,51,-29,-22.89,34,-13.2,120,63.9,-46,116,36,61.91,4.56,-12.36,-48,9.07,54.36,108,-17.09,54.94
48,53,-44,40,2.48,46.19,8,70,15.65,-35,-10,100,-12.08,-7,139,41.54,51,13.04,-2,56,-28,16,69.26,57,-29
121,-0.03,-1.68,62.2,126,-15.75,5,99,13,116,101,72.69,21.1,111,41.55,85,-12.35,138,143,-21,104,132,-37,39.17,71.89
34.49,0.44,134,46.89,58,112,35.85,104,43.6,101,-23.63,60,-29,-9.67,-3,117,74.72,-12.37,-18,-23.6,14,49,-20.3,84,9.94
50,59,65,5.23,61,94,20.06,123,108,2,126,27.62,130,52.54,18.52,-6,-36,10,-18.48,52,-23,50,48,2,46.21
53.32,-9.1,20,70,3.13,7,12.9,-26,66.07,-35,109,63,25.22,32,108,58,59,-20,-7.57,5.86,58.02,30.28,38,69,76
98,124,96,104,22.31,61.82,-11.2,40.94,-13.44,-44,123,54.94,110,-25,145,-7,-50,62,115,31.35,63.25,48.32,117,33,72
31,21.22,32,126,3.59,17.02,-16,149,131,6,23,34.35,-30,30.27,28.12,71.26,139,33.02,20.37,52.25,124,1.26,92,72.36,-20
-29,126,39.87,19,52,62.35,5.99,55.82,15,-26,78,122,68.04,-27,136,17.17,27,12.52,85,32.03,50.83,56.61,34.85,58.34,40
-21.29,43.28,69,3,19,-7,71,-12,-23.01,61.78,10.72,-5,124,36,86,-5,46.97,19,0,-5,50,40.84,-21.45,68,17
7.97,143,-40,128,24,30,17,83,-21.99,123,116,1,-27,-9,50,24.9,40,2.6,13,36,17,16,59.97,-10,57.62
50,53,-20.17,-3.16,74,20,72.92,68.29,17,-27,12.99,39.51,142,25,4,-8,-6,-26,35.74,59,115,127,76,121,61
70,97,-12,96,125,39.21,68,-2.55,28,36.62,62,103,83,39.27,112,-40,1.8,46.3,48,47.53,123,4,-3.44,-10.25,61.27
104,59,-25,-15,143,44.24,-49,110,34,45.13,-24.2,45,65,6.2,127,-10.48,-39,-2.04,91,68.8,-0.41,24.47,-20.09,123,58.1
17.51,17,85,136,-29,7.01,45.54,63,46,-42,61,-24.44,46,-22,29.12,-37,59.79,35.05,73.08,64,-37,3,13.33,-20,51.98
2,93,16.12,25,3.02,145,98,13.57,-2,-13,19,13,127,55.84,27,68.9,4.11,50.76,120,66.34,66.95,15,3.07,113,34.38
-18.54,96,-43,-20.94,1,41.09,79,46.57,12.06,34,106,-4,-16.42,-0.4,40.54,-43,-44,132,46,103,75,126,-20,89,-21
16.55,-33,10.14,61,-19,-5,-17,87,61,-39,81,30,19.88,11.09,149,6.76,-6,102,-1.8,123,-36,128,47.62,130,-6
63,59,-16.43,64.9,70.01,69,-22,-37,-2.92,142,5,114,32.64,39.11,-41,-19.06,-50,11.24,12.95,19.52,-41,58.72,112,0,66
35.32,-0.94,23.11,-2.31,120,24.12,106,10,4,15,10.08,41.82,88,149,38,85,6.23,-27,54.11,-45,3,-29,147,11,33
46,66,30.09,7,35,15.47,79,8.3,18,29,1,88,38.49,30,16.78,60.83,-6.68,24,116,-7,-46,-20,8.04,17,65.15
45.69,48.12,137,27.37,80,92,119,56.14,5,37,-2,94,74.17,60.47,93,63,44,70.65,35,93,19.75,-49,-11,-21,132
123,46,39.15,-29,89,93,123,33.43,2.62,-11.51,66,-25,14.64,-32,45.06,40.41,7,3.45,52,30,-24.41,86,63,107,69
63.97,-42,-24.21,87,146,41.01,32.98,54,-4.34,-31,32.36,132,144,105,21.66,145,-24.9,46,56,130,68.47,29.94,-17.95,12.78,83
19,21,46,102,-21,115,40.78,-3.72,134,1,147,17,26,15,19,-15,116,-9.9,-13,5,92,1.87,-5,86,122
5.12,100,8,37.26,0,43.93,77,-8,-10,-35,71.26,59,-37,69,70.91,-45,0.99,16.75,73.17,19.18,55,13,-8,6.15,-2
145,99,-22.81,33.95,90,-14,50,-7.29,58.62,-9,133,4.48,-1,95,129,24,120,-14,11,8,77,99,57,43,83
9.48,51.34,71,16.77,2,137,19.35,19.69,28.34,43,32.69,11.82,-43,-2,-3.41,0,4,55,92,142,104,42,87,65.03,114
144,46.9,120,-15.48,8.05,98,21,37.23,68,-33,121,7.9,31.64,69,66.58,-20,56,108,65,82,-25,85,120,-43,147
-7.4,-40,1.05,-6,70.21,-14.81,71.27,-11.97,-21.06,-38,96,40,8.22,57,21.41,32.63,11.35,33.92,-23.92,46,-12,-24.15,20.8,91,24
-22,-1,64,53,57.41,19,66.91,15.03,53.66,19.6,0,34,101,56,59.91,50.91,-12.69,40.97,139,69,-32,72,55,141,55.74
50.48,116,-14,-11.34,37.91,66.96,40,-23,-17.96,34.22,88,18.02,54,6,75,-42,92,24,67.86,113,54.41,-26,-18.13,-16,42.87
-3.13,77,3.85,-36,57,62.94,54,28,-49,144,27,40.08,-13,66,35,34.15,-18.08,26.3,37.35,-15,142,21.68,14,-8.21,14
48,-44,147,36.08,39,53.09,-7.78,-11,74.36,17.14,-47,116,-1.19,73,22.66,44,64.47,-4.74,56.09,59.21,18.35,125,5,30,-33
35,4.35,-12.87,-14.6,6,45.65,45.05,106,3.86,69,-36,104,-7.88,112,146,8.87,-19.93,121,84,26.02,24.48,-0.9,53.37,-17,85
69.13,147,4,41,-4,61,30,61.75,2.81,77,-18.24,-2.73,40.46,-9.57,72.86,30,-9.04,28.11,147,26,102,-16,22.48,113,-7.52
-36,77,5,53,-49,107,144,-35,16,31,40,43,85,107,32.65,-3,56,57.49,-15.83,77,5.62,12.84,65.92,7.39,9.63
2,52.25,-15.35,-49,93,112,59.12,41,26.7,-3.26,47,29.65,39.89,23.77,-29,-41,8.16,105,16,78,58,6,-2,-49,-15
52,17,54,67.1,-3,129,-34,146,81,104,103,62,-25,44.93,34.06,5.2,139,0.39,39.74,10,-22.15,91,70,10.93,103
74.07,-8.57,-42,26,8,-23.9,-13,-38,-13,-9,-5,-8,61.06,22.05,7.21,46,34,27,-40,103,21.43,31,-14.89,33,-21.21
14.89,107,48.15,9.29,53,51.32,-21,11.69,53,20.92,139,-14.34,134,90,15,27,12.68,20.8,23.07,35.69,93,-9.79,56,148,97
19.69,-23.1,54,63,-21,18.46,100,8,47.2,7.18,14,3,-18,111,-17.99,30.43,131,61.48,-2.05,104,42,-8.82,147,-18.91,6
21.46,80,105,78,35,37.79,121,36.44,-48,-46,10.92,33,-36,12.26,-5,124,-31,13,-11.82,100,72.62,17.21,90,9.23,33.05
129,57.7,-4.09,18.3,19,105,56,29,81,30,17.51,-12.51,38.23,122,-20,120,111,117,30,56,26,45.2,6.64,67,-38
63.64,135,40,-17,17.31,55.59,136,101,23,47,-8.67,33,38.52,115,56.94,-5.68,14,89,-17.45,145,36.3,142,29.03,-17.65,117
-15.98,77,57.44,92,-12.5,90,37.91,130,147,62,-15,-5.94,2.34,143,146,70,37,72.66,-10.59,146,62.27,45,149,68.7,-17
44.59,129,71,81,98,-25,26.91,65,67,27.26,-18.57,148,30.96,55,45.72,75,87,92,-23.22,-9,54.2,122,79,-44,59
-16,91,58,86,114,21.01,39.84,-50,5.88,44.85,60,-5,18.26,-25,-8.4,103,65,134,-14.27,113,0.74,141,-9.79,70,4
4.68,66.54,47.45,-40,0.14,25,-20.41,-48,30.75,90,111,140,21.93,46.38,73,70.62,19.17,22.04,105,51,19.82,82,-41,8,66
70.96,52,74,63,37.1,42.65,-30,2.3,63.7,95,115,23.69,142,129,42.12,20.55,-3.17,96,40.37,44,47,-5,-12.28,17.59,28.42
140,28.5,110,144,9,32.65,95,126,54,52,121,-24.57,128,-35,38,-8.29,6,91,127,4,12.66,91,-22,-8.47,28.9
36.53,-18,-14.68,-33,97,9.28,31,37,-12.71,121,-40,22.25,61.18,120,-1,-46,126,3.25,97,-4,13,4,32,42.43,-3.43
35,-37,97,61,69.97,117,53,105,64.74,-13,140,48,1.6,-7,-15,51,121,129,90,72,87,108,38.35,60,28.81
32.62,-33,120,120,48.52,58,-7.19,121,-5.28,47,-50,90,142,62,28,146,14.92,61.13,-6.99,22.62,27,51.37,7.32,25.15,125
47.74,126,114,48,-4.09,-10.44,-34,18.6,63,33.66,54.79,-17.24,-29,40.95,139,10,-1,72,2,69.94,-37,108,0,19,62.24
5.81,-5,74.65,5,142,141,15.54,0,-9.73,72.67,57,46,-27,49,20,-5,-24.44,67,14,-39,33,65.66,108,52.06,-2.93
-37,76,-2.12,1.87,127,25,-6,-5,17,40,25,-4.99,-10,-48,99,101,68.03,48.48,-26,120,-50,39,71,136,24.13
-48,-13.02,128,11,74.77,-7.67,56,21.93,-8,-2.6,97,145,71.49,-37,133,62,73.46,-44,117,71,8.67,79,118,72,80
61,126,75,85,62,-21.23,-32,-33,-0.09,-19.25,122,144,71,-10,91,67.19,88,128,24,66,63,-19,74.54,-20,131
110,37.55,87,-22,43.84,134,103,-4.29,71.24,1.16,-5,43,-9,73,23,-15.89,57.63,81,85,-37,108,56,61,11,-13.38
7.19,34.37,105,-27,115,-4,114,41,27.29,-41,80,12,51,110,85,0,143,21,70,7,95,71.42,-38,126,-9
16,13,103,120,-37,-0.24,77,113,60,6,120,-28,88,-3.21,123,105,54.67,-11.28,72.93,68,-11.88,21,22.45,-4.36,22.31
89,27.42,75,21.5,60,-4,141,136,68,65.6,-16.72,12.84,98,55,25,-26,-43,102,-45,-49,52.51,3.64,100,49.99,38.3
84,-29,126,-6,-5,49,-22.15,54.94,117,19.35,63.86,63,64.18,49.14,33.17,58,31,-37,-21,36.7,127,40.81,17.7,-21,103
36,13,44.25,27.42,-3.72,38.85,131,-1,123,55.73,-42,90,20.49,-7,67.74,-0.88,16,11,60.62,-28,50.71,-29,21,115,-1.71
-40,-14.8,20.34,-6.53,12.11,8,75,-11,117,8.05,78,65,118,-8.44,53,18.51,127,112,-16.13,111,-4,-15.92,-19,97,78
0.87,120,101,50.7,38,16,84,-16.92,-39,89,133,39.01,12,27.55,21.98,-7.51,15.89,99,11,14.73,-39,40.59,60,58.88,-33
124,89,43.12,34.96,85,83,87,27,63,50.42,44.59,113,71,31.21,48.97,79,107,41.63,-41,53,78,-6,31,69,107
91,81,-33,-12.34,27,94,11,0,73.43,69,-9.23,19,80,30,34.34,121,9.89,60.22,-23,21.19,17.54,67.56,20.9,104,51.06
70,54.16,122,87,6.64,8.72,52,69.76,54,64.29,12,47.02,59,75,29,128,2.31,141,-21.44,138,69.46,120,2.46,137,93
61.48,-9,110,-30,7.45,4.23,90,-5.19,-22,18,-44,27,-7.95,25,121,19.71,147,17.13,61,131,7.25,-12,-14.56,48.15,-42
55,143,93,62,57.37,32.34,56.37,53.76,-49,62.63,9.7,3.47,33.91,32.24,37.41,78,91,-45,77,43.26,83,84,37.97,-6.29,-2
45.69,63,8,82,130,50,-14.02,26,-21.33,48,2.88,53.16,-34,64.14,4.49,-0.26,24,96,80,134,13.58,69,46,50.97,91
16.03,124,138,92,-14.27,14.11,26,-13.91,88,-3,20.14,-18.39,95,11,41.24,32,-1,69.6,-5.25,61,75,123,57.48,-14,9.12
48,-20.13,21.45,79,52,68.33,-48,65,65,-22.02,-41,80,-8,-9,15,-17,1.87,3,15.39,42.58,49.76,81,-8.45,19.69,16
-25,124,93,34,68,34,-41,51,134,56,-43,-28,23.41,57,29,-3.1,-21,48,3,113,-47,-41,73.61,-13.21,17.54
-12.95,-11.57,85,145,20,-23,-11.84,-31,26.94,47,-10.55,39,-47,7,-16.72,19.43,86,35,78,40.94,136,124,-21.02,59,58.9
79,50.63,36,-18,2,120,116,-36,93,121,101,58,61,117,119,26.63,-11,-43,10,43,31.51,23,143,6.52,100
85,-50,-18.75,62,53,146,76,2,-36,147,63.53,32.74,-46,71,60.91,66,-6.05,6.98,46.5,47.64,148,75,95,55.27,-12.77
133,22,8.45,-23.88,29.42,59,-5.95,24.51,99,84,-12,90,-22.23,-12.08,25.77,-23.33,-7,-26,-23.07,74.57,49.48,87,83,-18,117
24.5,124,10,37,139,24,149,9.71,24,117,-18,80,97,-37,89,142,67.41,5.56,-31,-18,56.5,26,37,28.75,95
7.13,134,116,20,25,100,16.66,46,11,23.76,-46,37.66,-15.06,72.32,-38,15,52,141,118,-21,-37,76,-47,83,-3.51
115,5.73,70.47,50.81,20.93,27.37,4,83,141,-10.5,11.14,11.75,33,19,64.21,112,49,-22.61,43.23,-7,63.16,103,89,34.49,130
62,28.65,68,140,68.86,9.46,-18,27.87,60,-12,125,59,-46,-49,41.01,148,54.41,59,40,-37,-35,-10.37,-21,12.2,1.38
76,113,-12.99,68.88,-7.75,-39,51,40.16,8,-23,43,46,45,89,134,16,-22.89,73,101,18,-33,52,93,139,49.48
0,-21.47,57.59,10.72,-16,56,103,54,41,74,97,-23.13,45.17,10,2.34,1,-18.23,22,20,4,29,32.65,-23.2,-33,64
27.35,23,118,-47,102,66.56,114,-5.29,69.23,57.4,133,115,-10.29,1,9,141,143,14.28,55,2,69.13,125,77,86,-36
-9.29,7.64,13,4,126,-4,7,10.44,26.94,87,-40,15,149,50,60,148,126,78,-6,57,68.51,-12,18,2,-8
-9.09,105,-6,-10,101,-34,124,137,143,-1,102,-43,129,6.91,31.59,62,71.19,76,139,83,29,51.32,73,3.99,-12.46
134,30,41.92,70,40.36,145,-11,68,143,-11.01,16.06,87,37.66,85,61,2.09,67.51,10.49,72,5.9,40,71,52,51.78,112
26.71,-19,47,55.79,102,30.57,53.33,114,66,-30,4,57,39.58,136,113,14,51,9.92,-6.16,-48,-45,56.11,93,-38,60.18
-28,-6,50,-9,137,-50,8,16,58,48.73,83,-19.54,-38,-14.82,90,47,60,58.27,128,56.38,63.91,124,-2.2,53.73,-40
69,-14,49.66,21.74,51.85,64.67,13.62,50.16,31.29,139,57,-50,3.82,-0.87,72.55,85,144,46.74,2,-23.34,10.61,65.13,41.33,142,80
125,42.47,105,26.23,15.57,11.06,95,32.36,29.19,56,-14,-27,-1.48,62.46,3.93,53.64,-41,32,20.45,16.37,-10.44,113,-37,143,-9
46.56,5.9,74,73,-16.21,86,69.07,131,51.09,9.7,44.63,61.22,-2,121,53,148,36.88,22.86,-19.08,139,60.36,63,134,9.13,-24.59
92,14.75,125,47.61,147,-9,-44,124,-21.48,5.41,-0.17,-23.53,99,67,41.33,110,-6.13,126,69.42,-6.91,22.52,-25,2,115,69.24
32.19,12.38,73,25.59,-44,5.88,85,-49,131,-7.93,105,30,15.38,60,24,58,-32,131,59.47,-5.45,143,5.02,-22,28,73
-0.83,-7,24.62,45,92,15,49.1,-17.24,126,69.45,32.34,104,34,120,74.94,55,67,-3.11,17.63,22.28,-23,10.96,77,1,59
12,-28,147,129,-3.05,15.02,-24,38,17,-26,139,91,58.62,-37,58.63,12,36.78,59,111,22,51.28,141,-44,11.66,63
12.44,110,105,-7,-38,37.06,73.01,-12.1,147,106,35.57,4.38,112,87,36,74.5,122,135,38,62.03,68,-18.68,38,134,86
104,17,88,7,43.77,51,3.55,69,-16.14,13,58.13,120,69.5,53,41,117,41.62,1.78,40.95,101,146,49.11,121,86,62
58,57.49,119,-42,46,-16.06,-0.96,120,50.8,-18.82,-6,-31,147,48,-4.01,81,-13,-45,31,11.02,20,-44,-10.29,12,66.78
-9.12,73,95,20.87,-8,37.61,61,12,36.42,-43,10.89,44.22,-45,-33,-17.16,67,108,13,-40,-17.08,28.8,120,94,-11.2,138
81,91,101,-19.07,81,115,-26,149,-20.91,-4,15,-3.46,-23.22,-10.66,69.81,102,1,22,59,22,27,-15.21,56,-11,-42
-1.48,-23.79,55,-28,-43,-10,75,-6,-17.07,-30,21.61,52.47,47,32,127,67.88,-14,72.57,-8,-13.28,56.23,43.13,27,32.89,96
143,-3.6,73,5.97,-1.97,31,147,73.14,31.6,18.18,-6,-41,-17,133,-47,66,61,48.33,68.5,41,56.66,102,99,27.08,-5
127,54.05,52.36,68.71,88,75,34.68,41,7,7.27,-7.64,129,-21,-28,32.91,41,15.53,28,94,69.5,79,38,53,116,31
111,-20.3,-16.79,-40,-8.33,129,37,12,45.92,55,-44,19,-16.63,117,31,59.12,96,-15,45.46,99,46.45,129,26,18,115
124,101,2,42,149,32,60,71,3.24,79,27.53,68,26.14,10,22,-7.87,73.92,68,84,95,42,94,35,14.64,6
45,63.94,-50,126,11.8,-16.07,-13,4.98,82,96,-22,82,5,-47,15,80,52,-47,105,21.2,69,110,121,48.89,94
53.82,23,40,141,-1,-50,46.55,-10.91,48.52,-0.88,-1.81,32.88,88,88,-23.28,29.33,83,10,6,49,12.26,101,21.67,113,75
53.35,29,-34,-12.77,130,18.76,17.27,32.85,-0.06,117,117,22.43,83,14.63,22,66.49,20.74,42,22.21,86,13.02,-14,60,-1.06,107
-9.21,-34,79,41.25,141,-19,144,-21.63,-24.61,-11,68.91,21.04,1.79,145,-37,-32,4,-42,71,12,2.79,37.52,-14.34,24.2,142
147,106,58,-17,94,4.75,138,67.82,137,-27,75,34,101,32.01,54.47,-6,135,-41,51,48,-39,73.35,55.62,60.21,2.97
40,-2.73,144,80,-2.38,40.67,141,29.48,-45,-6.57,123,42,28,60,40.64,-40,-33,-3.82,63.14,47.18,30,93,102,91,100
66.13,57.69,71.67,142,23.96,24,59.67,52,-9,57.95,26,89,13,34.78,3.89,-21,-35,53,111,112,-20,8,93,32.16,-7.51
2.18,-49,4.32,27,58.13,147,-19.3,13.14,68.92,-48,63,-9.58,48.98,48.76,-18.48,129,30,48.87,88,78,13.37,-21.37,-8.4,-21.22,-1.64
40,-22,69,6.12,27.78,54,47.69,55.1,-21.87,-6.13,93,54,-38,24.08,8.95,-35,14,-1.9,32,19,105,18,-21,121,-48
-46,13.45,31.26,3.52,111,33,14.09,-1,-23.77,19,52.38,5.84,51.16,4,24,-23,63.5,113,117,95,-7.5,51.67,33.44,77,-32
6,28.54,96,9,41.22,17.38,72.09,28.45,-22,-9.1,144,83,74,15.37,30.25,-7.53,-22.1,72,14,-14.12,103,24.37,60,124,-19
56.63,-11.05,23,25,88,-19.83,63.59,130,64,-36,-4.72,28.86,50,21.34,18,126,-10,88,2.96,2,-30,-12.55,41.21,51,-36
135,56,142,-46,114,51,59,40,8,138,-32,-45,67,116,141,41,17,31,24.8,-1.84,60,-40,23,34.64,-13
133,34,90,73,0.86,47.94,40.73,20,39.05,15.74,16,23.27,-6,125,38,-29,81,-28,41.78,1.91,45.5,14,56.63,-49,14.53
-8,74.75,123,68.38,-11.4,125,48,96,-1.29,76,75,50.82,103,74.58,128,98,56.02,-24.01,-27,63,12,117,125,41,42.11
68,23.83,22.9,110,6,56,50,138,-9,62.24,43,10,3,-3,52.29,57,53,14.61,140,-48,54.33,91,-15.3,40,85
63.05,26.01,-30,41.14,42.67,25.27,21,41.69,47.41,23,134,-33,53,-24.06,147,18.95,48.36,45.79,27.87,146,21.26,43.06,-34,-15.25,24
23,-5.26,-13,65.59,28.68,50.35,33.61,48,33.82,102,45,101,11.57,33.9,40.03,116,20.78,-5.78,46.29,-46,64,62.36,121,39,144
16,-34,-0.46,26.61,105,41.48,84,120,118,80,51,26.14,-23,37.92,61.28,109,-2,-49,81,86,-44,51,12.07,39.37,119
43.79,-19.94,147,139,10,-20,45,-40,104,87,138,6.53,71.32,115,52.47,72.77,123,-5,19.19,114,54.44,28.67,-20.69,131,119
55.77,-1.57,-14,25.39,105,-27,-4.24,-10.39,105,12,78,-2.25,-30,90,89,10.34,-17,34,-37,8.75,29.57,-3,53.88,108,59.38
27,-15.88,-7.83,-19,50,149,25,-14,43,-23.9,59.02,37.3,44.41,-16.23,-33,113,15,-32,-37,107,45.19,32,61,74.29,-35
43,55,15,67.4,74,56.11,117,59.17,121,131,18.2,7,29,-8.92,74,52,55.38,-19,-7.57,70,-23.02,22,101,32.8,-14.76
-5,118,54.8,43.75,-8.26,27,105,-14,-18.61,3.26,127,56.86,16,146,-0.65,1.02,41.26,45.64,-22,-17.79,136,92,57.17,104,58.87
148,105,84,18.02,-17.8,67.67,-50,75,34,-3.41,108,27.42,-21,44.75,37.71,149,137,57,-17.78,118,17.24,52.28,63.31,36.93,-15.8
32,-50,61,20,-26,95,70.88,-26,88,-23,20,5.23,16.04,78,-3,92,2.69,0.92,76,136,-17.75,2.94,7.68,-13.51,123
57,21.94,77,51.2,73,-13.18,7.9,142,17.3,50,128,-13.1,48.21,-16.12,57,61.26,67.76,128,40,109,84,139,-28,37.97,125
-22,61.29,-19,20,147,51.55,0.35,38.85,20.03,19,32.55,100,7,54,46,129,-42,-1.95,51,68.95,15.92,40.5,42.5,14.02,-14.99
81,10,90,-35,111,1.35,91,62.85,-7,-17.2,-13,-24.92,124,16.04,32,48.5,-23.31,98,38.93,54,105,9,141,23.51,21
144,121,-19.44,-13,82,-22,48,-15.19,83,45.42,68.75,97,-50,3,-23.82,-8.97,-39,32.53,6.71,58.76,62.1,42.93,143,-47,55.89
10.3,-41,41,132,4,43.62,59.28,-13,42.55,27,18.72,-7.47,55.03,106,53,-3.17,127,122,144,-26,38.61,105,67.89,28.45,6.85
9,91,48.42,41.32,133,145,142,-22.53,68.32,-23.68,-17,58,117,54.34,51.37,43,83,108,16.09,-21,71.13,30.54,-12.32,68,69.98
26,45,35,102,-15,97,-20.11,66,47,103,-25,63.51,133,107,26.76,-8.67,50,-23,118,105,65,8,46.85,-15.6,14.37
90,142,-1.46,-35,-22.67,13.53,24,24,0,-36,102,-29,89,75,35,33.06,148,62.67,145,-7,32.75,-4,10.62,-41,-11
-41,46,-17.08,124,-37,54,73.37,142,98,69,19.26,54,121,45.91,111,43.15,35,-48,3.18,87,142,-32,47.04,22,60.71
131,79,111,30.34,34.9,16,23.74,59.69,48.13,34.67,79,33.44,50,130,-12,28.92,44,70,2,85,-30,149,-45,68.49,73
-0.3,58.29,45,-22,113,101,-19.23,86,46.26,82,64,56.61,64,-8.76,8,75,24.12,110,129,89,120,35,139,72,3.27
110,43.38,8.85,136,-15,64.73,106,-22.67,-10.31,14.44,30,86,131,111,-16.26,93,113,-21,35.81,-18,68.98,6.32,0.03,135,66
58.39,25,15,89,0.05,109,7.18,-30,45.95,136,-31,91,28.94,67.1,-26,61,116,56.15,49.51,52.18,-9,32.5,41,74.81,26.77
83,128,61,102,7,102,113,58.32,59.5,78,129,54.47,-27,-24.38,135,24.58,12.44,-39,32,54,70.92,86,53,64.89,137
132,-22.16,38.18,85,64.98,-18.81,63,42.38,69.24,59.23,45.9,133,46,1.03,56.48,118,-9,73,46,-17,23.56,39.16,60,8,-9.54
38.51,-29,96,109,32,71.6,122,40.89,122,40,15.37,130,-13.83,61,78,112,-37,-13.29,29,32.86,-19,90,51,46.4,16.32
39,118,-18.19,28.78,-21,8.49,-43,140,121,82,-18,69,30,79,-10.52,-19,50.65,62.56,4.46,7,72.38,112,1,62,61.24
93,72.33,31.3,13.85,-13.29,124,11.59,-11.59,143,41,64.71,52.5,63,-7,123,-9.26,70,-23.01,111,-3.42,64.05,-13,38.76,74,50.88
-37,29.21,89,56.08,-1.59,49.9,-9.36,94,113,129,34,-17.12,130,14.47,-39,94,-42,49,51.67,-40,-12,-35,131,-11.21,117
132,49.75,-16,58,17.22,115,22.48,49,64,61,69,111,4,101,68.55,63.41,-22.56,-25,40.85,111,64,18,31.06,46,143
115,126,66.8,34.73,116,-31,42,14.97,-31,-6,-35,-39,25,33.56,-48,42.45,69.29,-18,137,57,-5,128,36,72.04,95
64.03,-21.67,-18.85,12.08,-18,56.27,34,28,65,115,3,-6.53,47.21,104,16.21,73.66,-32,72.63,-16.23,96,-48,-19.19,63.72,15.42,22
67,65,-44,20,90,-24.17,60,21.67,23.27,8,54,49.99,129,14.52,-5,109,19.45,43.55,32.8,70,55.99,12,97,23.33,81
23.47,125,-21,-13,53.1,41,7.3,24.44,-29,-24.32,136,33.77,-9,126,-47,96,-49,27,127,85,-7,0.12,137,60,120
-43,109,106,-22.26,42,56.06,66.19,9,-16,137,-8,-5,-36,-1,57.23,114,-49,74.19,-9.04,-29,36,11,25.79,138,124
60,23,57.22,124,60.25,-23,1.38,-8.55,59.97,123,145,46.57,-23.63,-23.87,-11,146,115,-21.31,50.22,97,65.32,38.38,54.5,-36,41.1
3.27,120,52.31,32.58,116,24.23,5.33,-47,-30,64,4.25,-24.02,60.55,22,122,70.44,58,74,5,64.63,32.1,24,136,54.2,16.04
25,14.95,22.44,8.96,141,33.11,96,76,53.9,56,-11,-41,48.27,4,124,23,30.56,117,-6,2.36,-14,70,65.02,-41,0.5
31,129,-3,115,47,36,21.31,33,-1.65,-13.53,55,129,97,44.17,59,53,-14,45,6.63,114,33,8.46,71.96,8,121
43.61,0.55,142,83,-46,119,15.89,119,-17.26,-28,-14,0,133,70.17,30.37,-13.85,62.64,10,132,-15,-8,-23.71,147,113,13
4.39,-17,-34,15.42,65.18,-12,43.75,93,17,65.35,42.34,64.77,46,-18.72,73,70,42.99,64.66,127,71,13.45,34,53,143,113
52.06,41,46,-9,6.07,115,125,124,41.7,65.79,-14.51,-14.78,-22,68,-11.37,73,73.46,68,-22,80,55.7,47,-0.36,-21,2
14.67,134,-32,-9.59,-48,29.27,-13,55.48,141,39,-14.42,42,118,35,36,12,-5.85,34.25,66.15,28.15,-17,23.46,-1,109,34
126,116,24,50.93,-25,68.6,-35,37,47.45,28,-21.85,-30,6,-2,101,106,63,-31,78,113,42.96,28.12,51,-27,-11.15
-5.41,-19,3,-35,-11,-9.73,55,93,-12,52.11,9.47,-18.62,68.72,31,-47,-16,66.53,110,75,131,30,72,57.48,103,29.43
24,73.71,129,22.27,72.1,23.52,62,23,16.18,29.65,35.55,66.1,-12.5,13,16,-11.52,23,67.9,-1,3,-18.74,48,24.36,88,23.51
64,22.93,140,-39,33,-48,62.85,7,-3,72.79,-19,7.76,30.25,-43,61,127,-0.72,27,85,46,92,-12.08,48.7,126,62
45.48,-20.63,-1.75,56.08,20,-18.9,-41,15.47,91,3.63,46.09,116,-10.76,-14.87,2.1,-11,16.39,-8,5.39,29,0,55,20.33,64,122
50,-2.59,79,-50,64,-22.22,103,-8,25.39,10,123,20,52,149,-4.81,36,83,-29,13.89,51,48.68,69.36,38.05,109,48
-9.5,11,87,51,60.59,110,120,56,-35,-47,-49,-43,50.01,15.4,64.49,18,19.25,122,-14.77,0.18,143,109,27,66.98,52.16
0.75,49,45,126,28.75,8,85,-15,-22.14,34,13,-6.07,109,28.79,127,115,49,12.38,-10,12,19,-20.41,78,134,113
62.14,13,-3.88,96,-24.84,149,51.79,29.86,18,-6,2,-17.31,135,20.2,92,132,135,58.67,-12,52.41,20.22,18,100,57,32.46
58,24.07,33,53.99,137,58.96,59.65,17.71,123,18,10,-21,130,142,84,119,-17,129,101,74.95,100,-26,56,65.09,4.69
85,-47,1,35.32,49.59,58.3,14.45,85,124,124,137,-1.21,141,73,-4,61,5.84,72.78,29.31,42.55,53,62,147,23,108
23,148,7.19,12.61,66,21,17,63.6,107,21,72,117,-17.22,39.84,134,29,18,43,73.79,34.64,59.26,17,-6,-29,70
3.03,-23,11.23,10,-22,51.95,95,59,-28,52.49,67.31,-40,30.95,108,-43,0,74.87,75,123,7.74,-12,52.36,49.16,136,72
23.07,76,60.21,-23,67,19.03,15,99,69,-3,13,134,39.87,4.33,92,4,-47,4,52.75,73,104,71,141,8,95
-4.8,-17,142,58.03,-12,146,55,-39,-18.92,106,105,-13,-22.49,-7.55,78,-19,-47,-15.96,-20.01,11,-16.61,2.37,10,98,69
40.82,35,-21,37.69,102,-17,103,14.23,-2,81,68.67,16,-39,54,40,84,40,3,-44,-44,-2,70,-35,-19,51.36
63,-14,-2.16,119,55,-39,145,145,25.35,4,122,134,32.72,41,5,17,-11,-30,109,11,144,-44,75,45.43,88
68.63,16.61,39,0.76,47,72.42,139,-9.66,-15,69.89,-17.81,49,-3.05,11.5,140,14,56.26,-14.37,17.3,17.95,-18.21,130,-4,-40,42
-7.48,99,-44,68,7,36.29,85,-3.95,-6,105,97,25,56.69,13,135,-21,44.64,-46,59.46,-2.31,-16.31,68,124,-23.05,7.77
48.23,58.68,-1.92,-2,-8.7,26.25,76,-10.41,44.2,82,49.17,-6,58,148,-17,69,79,-18.57,74.5,-16,105,19.18,21,14,66.23
-34,71.68,51.92,16,83,31.26,22,-20.28,34.63,72.36,51,62,-25,129,16.2,27,68,91,-23,12,-25,-44,-11,-22.48,111
67,14.91,-7,-48,23,55,69,87,49,-25,53.58,14.42,-38,62.25,-48,-34,-22,-14,29,21.21,29.87,20.19,65.88,90,66.42
23,-35,31.78,-12.71,-3.85,120,-1,55.89,7,50.13,32,-11.17,-44,71.99,34.44,119,40.37,18,69.41,121,45,-41,67,32,41
58.37,71.42,47,71.57,25.48,15.39,50.04,-22.51,-11.44,28.03,-15.56,74.56,98,76,62,144,77,-17.21,9,32.39,40,-28,2,85,72.32
68,-5.42,57.14,-21,-38,57.65,96,-27,9.35,35,68,19,-48,27.21,40,41,50,6,42.94,-21.29,62.4,-18.82,-50,37,133
127,60,55.68,96,39,-50,30,115,-21.71,6,79,13.27,-49,23.88,5.94,63,-30,18.23,-37,3,133,63,27.69,-17,93
72,-30,120,61,41.43,33,35.23,-13.3,28,5.25,18.45,-26,-14.8,16,28.02,132,51,74.19,-2.48,3,-22,137,61.93,41.57,-31
144,-19.14,60,-3,22,35.56,96,30.99,121,-13,23.35,8.53,2.61,7,92,-11.21,22.89,37.44,-19,-2,36.02,25.58,-17.6,-25,-1
-34,30.98,52,124,50,22.16,9.89,108,0.64,76,31,128,63.24,19.52,-0.7,13,48.58,-14.2,37,53.99,9,-30,63.81,88,49
124,71,8,48,131,-38,-23,41,31,54,-12.86,1,17.57,19,39,82,56.64,15,-37,13,9.45,-22,4,80,36.59
-4.55,22.94,122,-11,16,79,-16.36,22,119,67.09,67,-32,67,12,-10.49,32.63,11.35,72.98,54,49,68.9,116,57.05,-15.93,-1.94
-9,21,70,-45,129,37.05,34,9.15,70.19,48.12,-10,95,51.57,57.36,10.27,-35,48.14,-26,17.9,0,14.75,90,3.71,-18.47,116
147,131,-16,23.94,22.64,9.02,-25,26,3.01,50.47,-10,39.58,-33,-18,117,133,100,137,-30,62.04,134,84,-7.59,27.56,11
-46,-12.65,-35,47,136,114,98,-0.5,7.22,122,-6,21,51,37.86,-17,21,127,34.23,18,-20.72,66.5,-49,81,93,145
-18,37.24,103,74.87,20,8,31.37,84,51,30,41.66,36,128,-32,119,92,68.94,-0.5,-6,36.97,59,34.48,32.34,34.77,-24.13
5,9,49,18.13,78,10,60.2,66,25,22.86,21.84,18.02,101,71,141,116,70,-23,5.4,33.94,-22,69,13.43,34.2,-20.6
76,-17.16,-4,147,30.31,11,-8.87,48.7,-40,10,99,-32,86,76,77,-9.44,-5.41,69.09,-24.18,51.63,19,-4,128,40,-31
7,145,50,9,41.41,-17,-28,124,13.79,43,111,104,146,16,121,103,22.35,1,39.55,72,40.52,-8.71,21,42.84,64.86
16.5,116,1.97,5.18,-18.97,46.42,93,-22.24,13.87,34.7,65.49,127,13,-24.11,111,27,14,135,33,84,49.82,34.39,-23.93,102,149
25,-36,4,22,10,126,35.96,82,117,19.21,49.89,144,40,28.13,28.38,-10.57,87,32.48,108,-46,29,49.69,74.84,-14.89,-26
-4,16,95,124,73.57,148,-45,97,33,60.5,74,0,-32,44.43,139,20.28,19.58,-8,101,-19.42,74,42.19,55.82,35,49
47.59,44,45.68,9.48,35.48,22.13,62.88,4,8.38,109,-28,118,-40,4.3,90,-11.75,22,33,84,100,149,128,53,3.32,15.09
-23.91,8.55,127,14,133,48,28.11,61,136,-17,-8.64,16,45.97,121,-15.78,30.22,22.46,59.86,20.65,-4.8,-15.85,-2.29,46,21.31,11
16,59,106,-11.64,65.94,66.25,49.06,-14,32.96,17.05,96,36,-50,31,41.52,-50,115,-0.34,140,33.01,31,-23,63,93,-1
114,47.41,37.11,-18,11.28,-39,142,57,120,144,64.11,-47,9,-2,116,55.21,55.21,98,19,75,96,141,74.07,-3.83,-44
19.15,-43,-7.94,-12.32,41,133,16,137,115,52.27,59.98,126,27,82,-49,-15,-16,98,44,39,-19,88,85,80,86
-1.46,58.26,143,47,63,10.66,82,60.7,69,73.9,-23.1,21.87,-5,30.71,6.63,20,49.13,26,116,79,-28,-6.93,-37,62.22,52
3.98,32.02,-23.04,-10,82,46.81,48.26,89,-20,17.77,63,46.37,3,117,-15,113,0,64.75,59.72,14.76,128,17.67,-34,134,-20
91,32,15,79,5,-12.57,6.45,18.84,71,-7.31,-46,-3.23,109,33,51.61,-39,16.2,66.23,65,132,82,23,-10.51,-21.4,36.85
25,-24,35,26.64,23,64.46,60.61,-8.42,60.63,31,27,0,41.18,-8,-5.49,19,55.36,37.63,46.44,61,-3.31,126,-4.44,-16,51
37.13,35,39.49,-41,-16,146,-34,6.26,-16,31,52,25,43,46,34.62,30.27,28.65,82,-11,-1,-11.17,14,20.8,6.5,32
-41,44.35,35,96,-19,123,63,29,39,31,39,-15,-12,22.24,-2,60.18,25,64.77,16.45,-37,2.73,42,35.99,21.47,44
22.84,25,13.47,67,57.56,31.43,86,16,-15,-2.69,35,71,-14,-7,21.81,-29,2.36,111,80,15,43.52,22.95,72.76,21,110
95,-22.9,-22,69.58,68.82,-0.92,137,57.38,-1.39,6,61.15,-44,71.27,129,-13,-12,68.22,149,41,46.84,-1,48,80,133,-9.62
56.82,23,74.89,-12,-1.72,-28,29.76,1,31.52,2.78,80,80,-50,55,-4,36.85,144,71,50.63,-21.91,4.45,53,39.52,18.08,56.6
4,74,9.71,47,53,87,17,10.18,82,-38,-13.54,62,-18.29,23,-12.77,147,30.3,56.62,108,-30,55,21,37.13,79,34.55
-4,111,-10,-36,22,3,-21.02,53.79,-5.89,12.44,6.61,36.07,58,27.89,42,126,78,53.09,33.38,-26,12.62,100,66.04,57,92
-44,38.76,-11.42,62,3,127,54,42,11,67,55.22,16.37,45.13,62,-3.71,142,-32,65.29,23,124,-16,10.06,9,19.48,101
99,-14.75,97,8.15,63,55,-6.41,29,20.4,-25,10,-15,43,17.03,40.99,66.84,124,57.46,106,-4.83,46,42.28,-0.94,40.68,36.8
-12.58,41,67,4.27,65,49.47,-4.77,117,68.13,-27,73,-9,45.97,73.16,140,83,56.54,146,125,-38,144,26.73,-23,117,129
37,133,-36,-10.73,146,107,37,-33,8.07,131,63.27,127,110,106,91,-20.71,-3.13,9.34,134,-13,-5.18,-30,-43,-43,-47
30.53,14,-18.2,19.39,-24,27.49,46.28,15,-1.84,10.99,34.2,124,-22.48,32.64,-21.87,-16.09,-35,21.55,75,42.79,36,74,54.67,61,50.24
-28,54,0,-36,131,-20,-25,-5.62,21,29.17,102,19.3,125,1,88,125,119,-46,-12,-23.6,17.36,65,69.09,-1,70.76
36,17.95,41.26,114,100,30.05,2.12,97,-7.36,44.71,107,65.82,1.51,65.62,-39,36.85,36.7,88,126,77,39.79,-11.65,-23,4,31
21,-20,0,52.43,55,-31,-9.37,23.38,68.76,52.14,40.23,48,-35,69,-38,45.76,38.02,80,-47,37.31,74,60,16,26,53
-46,11.51,-6.06,55,12.62,87,21.17,63.71,43.01,-32,-36,85,65.43,71,43.15,-4,-22.71,35.48,32.26,49,36,-13,120,-28,121
-32,144,4.99,66,32.46,-22,72,8.89,-8.53,-3.81,103,38.51,-43,-14,32.23,127,59,-1.13,-17,-16.56,19,-15,93,34.51,-6.78
61,17.95,57.57,64.03,126,8,64.2,-36,17,-49,134,17.76,14.25,-20.75,34,25,55.66,17,-7.24,5.35,116,23.72,124,11,-24
6,-27,70.94,104,143,29,95,-13.09,47.57,142,98,52.54,146,125,88,21.54,68,110,59,16.06,143,15.82,33.59,-7.14,-24.53
58.41,-9.99,90,74.87,60.97,51.6,43.09,64.82,24,16.32,74,43,5.1,105,106,58.7,43,27.88,-15,-21.18,0,-41,80,89,47
-9,133,103,16,-1.7,2,-8.26,8.66,49.75,92,149,11.96,38.04,-30,28.41,14.15,18.46,9,-47,-39,49,2.59,-20.02,7,28.05
-15.84,-5.55,77,98,72.39,125,138,31.25,-3,53,41.92,123,73,-15,100,-6.57,-47,59,26,85,25,73.02,88,20,36
55,7,127,11.18,110,-49,54.54,95,-41,51.32,26,-6,66.22,-13.97,-22,132,70.12,93,82,-4.55,-20.88,22.26,71.24,62,38.48
38,70.19,28.24,35.49,-15.87,-50,74.86,114,125,144,27,38,48,50.22,-50,81,53,59.54,-19,48.63,147,137,55.56,101,45.72
-7.65,0.09,-1.81,96,31,9,-22,91,125,26.78,44,6,-8.22,79,49.27,-20.29,34.84,45,24,8.82,33,11,68,54.88,2.93
72.13,15.23,66.82,73.73,23.53,54,10.68,7,97,61.64,-34,48.66,18.18,48.77,147,3.24,62,111,38,54.31,23.08,4.22,45.53,40.07,41
68,149,71.36,-13,-15,70.82,84,122,-13,-5,62.09,113,5,53.6,130,74,41,-8,14.4,-47,25,10,63.7,10,-7
-16,136,-27,-7,131,-1,-24.91,138,48.58,108,59.35,117,56,15.74,19.75,140,60.59,33,141,28.48,56.48,9.25,53,-9,113
41.88,138,48,16,30,68.78,58,126,-12,-15.06,46.57,110,63.62,137,60.2,22,70,145,66,25,19,112,147,-24,-1.24
59,-3,-15.09,-25,-20,13.89,68,136,65.61,66.89,-4,102,76,19,-48,103,45,-49,-4.27,40.61,144,-13,59.7,2.44,48
56.56,74.99,37,62.87,-14.56,-11,-28,42,96,116,36.54,82,20.86,2,77,67.6,25,58.31,28,0.42,42.82,64.2,-19.13,4.73,116
30,149,54.6,-16.02,8.57,-14.54,-29,-3,-2,65,118,121,18.57,39.42,128,107,-34,16.85,64.61,-24,50,-3.79,97,10,71.27
4.26,132,45.14,58,82,4.68,22.62,136,1.81,32.55,34,108,46,-10,65,75,38,-1,-18.95,3.25,63,57.97,87,94,13
-0.03,93,-20.59,132,30,70.3,26,9,-24.42,-13,39.23,79,28,19.62,76,49.05,27,-9.78,128,4,-9.1,-50,46.21,-15,38.17
100,-33,15.14,79,-24.17,95,139,5.23,47.54,33.91,-4,43,-14.89,-12.21,-47,59,46.34,-0.85,35,8.38,4.72,69.7,-35,99,44.72
103,-24.52,57.49,39.49,68,95,25,-36,108,44,-17.93,12,145,125,0.44,-22.58,46.5,89,-33,-39,-47,50.4,-7,149,15.07
118,117,141,-17,79,103,72.66,-11,66,20.43,142,98,20,67.14,3,2.93,91,52.11,103,-12.7,70,-19.26,65.29,58.6,30.26
61,126,-37,108,61.36,143,-24.53,44,21,69.49,-0.35,71,43.57,68.51,72,-18,1.92,32.17,-11,63,-24.82,22,75,0.98,-7.3
-20.09,67,36,18.6,24.86,72,129,15.94,55.91,44,113,45,72.52,-22,136,24,19.01,-2,-19.28,8.76,80,129,53,65,20.16
42,141,120,3.06,-24,18,43.82,-39,-4,149,110,28.59,1.97,-3,92,42.04,60.69,-33,39,0,6,24,122,49,-10.6
7.92,44.33,98,17,6,37,68,25.46,45.11,14.98,12.82,-5,-29,47,63,114,37.18,0,50.13,26,-35,35.61,59.66,57,4
99,46.55,28,-15.49,-7.19,6.67,23.63,55.33,131,-35,119,-13,66,99,5.93,1.59,15,14,-42,55.63,38,28.95,-18,86,19.63
-19.19,11.44,-21,25,75,112,103,4,135,133,0.58,146,-5.73,106,-7,6.2,20,-8.96,11,21.58,-23.02,-29,-9.57,133,30
28.62,47.45,-13.01,37.59,42,7,74,107,14.26,47,44.38,72.19,44,26,9.46,114,40.25,-4,65,2.63,74.18,60.74,12.31,-9,64.47
15.82,36,13.35,130,-22.22,26,36.44,67,-12.18,41,46.78,119,60.57,49.78,-19,143,-24.61,42.85,10,21,121,16.34,28.7,59.31,132
-1.33,36.8,50.74,-6.25,-16,10,64.85,-1.6,-21.52,65.84,48.49,-33,69,-11,12,66,19.06,-17.34,23,-29,118,33.51,30,98,-33
80,-39,13.75,69,23.33,43.39,20.04,64,63.08,27.86,54.42,-2.96,-21.48,36.3,-32,121,60.81,58.15,24.69,-22.85,145,57.36,33.82,2.74,79
-2.97,72,136,13,41.6,74.92,99,-4.63,-11.01,-25,-36,42.3,46,5,133,52.88,6.5,56.72,55,79,33,80,18.11,62,51
40.09,57.99,-5.77,95,144,26.62,-38,115,48.66,147,60,-5,83,20,48,69.57,37,-39,1,16.71,-8,-17,61.55,80,-7.72
14,34,36,57.58,129,-44,-11,92,16.33,56,-15,31.43,60,73,32,129,-8.07,-9,-5,-3,99,135,40.22,-29,-13
38.33,79,18.77,-22,-21.07,41.48,0,31.32,21,44,93,-1.76,9.33,10,-12,-25,54,142,1.41,53,-10.91,-30,133,35,115
-4.33,70.12,-40,-17,133,87,35,31.08,58.82,138,0.66,75,12.51,23,79,65.57,58.69,103,-5.44,47,101,12,74.64,13.35,34.81
62,-31,-50,69.2,30,33.86,101,114,21,29,85,-6.08,27.11,71.41,54.12,57.49,-24.74,-11.53,64,-1.98,38,77,50.11,20.61,94
39,-35,61.74,6,101,23.18,62,55,39,140,79,67.04,31.28,46.4,-19,46,5.79,14,107,29.55,61,36.56,49.59,-37,20
4.1,46,27.14,114,101,69.22,-4.37,72.85,-2,57.03,107,42.32,89,-6,-4,75,54.15,67.03,139,-13.46,136,55.07,-13.83,15,90
6,39,-21.58,-18.6,84,107,99,-18.21,-15,-12,101,4,-15.27,28,8.96,24.34,35,66.93,35,77,52.09,123,64.09,74.42,104
-19,35,3.71,8,21.59,6.07,134,37,-7.06,-16.88,48.05,88,99,22.18,129,37.63,-46,7,117,73.29,105,36,83,9.2,17.35
85,-3.18,-19,-9.98,-22.87,147,67.14,-5,-13.87,70,-2.9,60.94,110,-16.29,-9,65.6,2,72.98,141,17.55,-42,-10,25.12,131,-8.87
-1,34.65,11,-8.84,138,55.28,-47,127,70.18,64.35,9,31,11,147,7.03,-14,-36,6,35.21,136,-7.25,-19,122,75,-37
43,19,13,-13.51,111,54.76,108,69.69,-34,-4,35.93,124,74.87,120,61.65,56,8,22,54.48,-47,-14.84,82,8.16,45.16,103
50.2,12,28,-43,5.15,44.58,-8.42,-7,83,22.06,102,-11.77,12.12,1.16,35,-13,57.1,51.83,-50,20,-36,132,90,-13.04,37
71.81,45,141,19.1,11,-11.95,-9.42,-2,61,80,48.85,48,61,2,15,62.29,95,-45,-3,64.15,31.13,-5,-46,46.66,16
12.85,3.45,20.51,23,101,-33,17,21,58,121,-14,-5,23.6,116,30.48,68.9,129,124,54.59,-25,29,35,-2.24,-10,17
43.35,29,45,67.41,19.98,142,12.22,120,-34,-18.23,99,142,80,-4,73.26,-40,-25,118,25.65,-26,-14,23.67,27,66.29,7.36
22,59,59.83,5.55,1.96,69.52,120,120,-21.56,123,141,57.12,91,129,-17.5,-36,44,22,98,-15.38,57,36,22.4,118,15.44
9.9,56.23,-19.63,7.02,91,68.54,41,30,22.38,22.4,32.48,127,134,23,29.61,70.15,-44,1,-3,55,128,29,15.05,13,-9
6,68.01,7,47,124,62.53,-42,103,79,32.84,54,-1.9,106,121,72,75,80,128,132,64.22,14.46,29.87,143,135,18.76
2.65,92,-7.1,-22,63,126,26,-2,149,3.86,-36,107,52.71,143,-12.5,23.42,24.85,139,19,54.93,94,-28,78,106,26
62,66.56,60.93,-10.75,-1,44.22,45.54,10,130,148,20.13,-15.25,-10,7,47.4,127,-28,70.94,111,64.7,66.8,-7.17,105,96,28.39
111,70.85,46.64,112,43,142,149,15.68,-32,12.81,38.08,16,36.49,36.7,58.23,54.15,-21,2.76,-12,46.81,18.13,20,35.29,28,29.32
135,-5.26,42,44,84,22,65.03,37,126,-6.09,38.52,31.57,-15.02,-39,140,64.33,56,18,-29,127,120,-50,30,94,135
103,63.69,-11.39,120,11.55,57,22.29,33,88,-22.63,81,48.33,58.84,7,105,89,19.81,143,33.88,25,-15,29,-35,140,5
-12,90,44.54,-6.27,37.2,-2,111,34.48,57.15,4,76,-8,40.29,53,67.59,3.04,22,44,-17.35,36,66.86,-33,54,98,73.88
124,85,9,28,4,55,13,26.08,64.49,-9.5,60.59,-6,2.02,128,66,133,116,64,3,62.82,50.97,52,53,-23,116
122,70,70.3,-7,73,37.92,116,50.21,-5.32,21,50,-7.39,119,54,94,50.58,55,68.64,120,47,14.51,11.51,4,50.53,71
92,92,65.87,-19.23,1.52,70.8,50.26,54.6,15.96,-8.54,-28,-6.32,64,97,107,15.83,121,79,-19.35,63,64.4,65.04,136,59,-37
33,66,33,0.02,-21,-13.46,-3.15,-24.21,113,-12.89,77,8.02,-11.55,-38,72,121,24.27,116,22.54,126,26.43,61,-46,10.8,24
115,56,-22,63.61,85,53,118,43.24,90,2,114,32,66.39,-5,128,143,35.04,34.54,70,61.67,22,-5,59,44.77,127
130,18,-31,85,-46,149,30.64,-24.26,7,27.81,72.87,21.77,14.19,-22.31,50.23,103,74,54.19,-42,57.75,41,92,7.94,-1.78,55
93,-42,126,-24.65,2.03,-18,125,49,-19.23,90,70,-0.76,65.15,63.52,-15.03,78,17.79,46,50,34.21,28.67,49.49,2.49,52,31.96
92,-43,-7.35,103,49.18,-14.11,16,40,142,54.83,135,-6,79,-4.77,90,23,30.58,149,88,4.26,-2.24,28.89,-35,28,59.3
113,-6.74,61.36,20.94,1.31,67.9,-21.33,31,29.54,130,-16.53,133,-10,-35,38.01,-9,-47,13.77,-8.08,73.09,-17.53,-8.74,-12,141,23.9
21.56,-13.15,0.18,-26,91,-18.93,74,25.37,-11,-7.67,34,66.66,-23.86,89,22.67,49,6,52.4,71.7,-32,0,31.01,58,-3.77,114
36.39,43.09,37,8,37.59,-3,59.57,66.07,64,146,4.48,-50,77,110,71.42,50.6,142,56.01,47.29,25,138,-13.26,124,38.49,-19
4,54.16,39,54.16,-33,53,52,77,57.14,16.47,61.18,12,25.52,127,57.18,143,92,54,-14.43,22.29,-9,33.64,-42,22.54,72.88
0,-23.57,-17.24,-23.31,-22,63,61.38,144,10,14.79,129,-0.49,91,141,61.5,-5.96,8.98,97,2,32,15,139,131,24,144
55.37,145,52.51,39.62,-14.67,129,25.24,36.64,136,79,1,137,59,146,15,23,110,123,47.97,80,-9,32.67,-5.01,72.69,-9
72.58,27,31.5,-6.11,-4,72.78,86,-37,47,144,-13,8.83,-23.56,4,93,125,35,21,-19.56,-23.37,-37,6,84,43.6,8.33
34.29,135,10.84,82,119,6.31,45.78,111,-1.09,48,-8,66.93,96,-23.91,-21.15,40.22,23,3,62,59.22,-5.54,69,17.78,48.34,108
35.16,54.28,83,128,-29,124,52,54,-5,-2,61,-23.98,-12.06,-22.61,12.88,-6.21,91,-10.13,5.99,73,73,116,106,73,-36
-47,-5,4,44.91,-20,-18.06,77,-12,6.15,41,69.61,-11.93,50.4,132,-14.27,46,9,70.37,126,48.53,50,58.59,63,-8,-41
89,62.37,42.38,61,37.32,39,50.06,60.04,-33,36.01,-8,93,-7,116,-15.54,130,18,77,98,43.31,132,55.16,26.66,14.04,-16.52
-7,69,3,66,-22,-2.92,74,17,124,87,54.42,18.22,129,111,-48,65.49,128,56,-3,47,61,53.47,55.26,-43,0.02
113,129,82,-6,59.33,-9.78,18,96,46.51,148,52.07,44.99,-42,60.93,42,-42,24,117,30.35,-9.99,35.66,136,70,12,44.65
74.59,-8,142,2.19,44,-14.58,20.08,7,38.44,102,3,14.88,73,144,35.22,43,-26,74.53,101,-28,34.11,-46,21,-8,18
92,-24.11,-7.2,-5.81,136,58.57,-24,97,42,18.32,122,118,-14.66,37,-39,50.54,104,66,-41,26.97,41,49.66,51,82,-38
-48,38.75,76,11.91,-31,39.75,44,-11,1,-15.91,60,89,27,23,77,131,-2.22,-8.21,-15.76,15.16,42.53,70.28,25.97,85,16.04
-36,3,-3.18,-9,38.94,38.57,65,93,94,-28,105,107,82,61.79,102,137,29.37,-21.02,111,130,54.18,44,23.82,5.54,-14.65
146,-14,86,88,132,23,68,135,69.75,-35,6,72,12,75,33,-48,-37,11.13,106,7,4,67.27,-3.51,92,31.57
120,-12.5,-10.64,4.44,100,-17,-3,17,140,-3.6,51,31.12,-19.91,129,-13.55,7.25,-18,104,21,-12,28.5,68.02,141,50.79,-31
8.49,33.71,48.11,-13.72,-4.01,-19.37,4.87,-3.97,-12.06,35,68,76,30.44,45.27,40.1,92,67.97,79,-7,-32,4,-7,120,11,19.06
-7.9,111,8.32,36,8.05,98,-14,22.46,51.45,69,10,63,78,104,-9.68,-27,61.34,51.07,-38,56.67,58.23,62.32,19,101,33.46
68,-32,-6.21,-11.4,-37,63.47,-18,-14.8,29,109,6.25,135,26.66,-15.79,74.33,115,95,-17.2,12.58,15.44,-12,-0.02,9,115,-10.78
-44,113,41,-24.97,127,56,7.08,65,-17.47,84,81,71,130,37,16.74,71.27,86,26.12,31.22,-11.1,58.37,32,-12,-13,110
74,58,32,4,43,47.63,-23,39.74,87,63.34,14,-33,-17,-24.22,144,-20,106,-23.33,-11.15,-21,133,81,43.11,-14,22.51
-49,71,19.97,-47,-37,-23.68,36,-5,72.94,-10.08,84,-45,20,59,-11,19.19,30,121,-9,113,72,-10.78,24.62,-47,-18.97
73.97,-22.92,-48,3,-7.72,11.82,36.5,-9,-19,2,37.79,95,45.68,28.87,-22.21,6.83,38,62,131,-7.26,-47,38.88,16,51.61,55.12
73,-29,94,16,-24.32,-5.29,9.67,29.49,143,-24.51,44.15,149,63.14,13,15,-5,57,-31,73,105,-13,-5,137,59,-24
0.06,39.9,50,20.57,62.72,22.98,-44,32.27,60,61,-49,67.13,104,19,65.9,127,26.22,37,50,-13.85,91,43,42.85,-1,26
113,4.43,53.62,-13.24,-22.76,-26,28,-23,10,50.79,81,145,49.03,70.76,71,-11,52.74,67,29.61,84,38.06,63,55.42,-29,4.7
48.52,133,67.14,74,-48,-15,24.94,124,20,2,4.26,-0.66,137,-26,8.78,-13,-6.79,84,-6.99,107,-6,-6.9,-3,28,61
29.12,143,-17,-34,-43,4.65,-4.79,45.18,3.6,-2.42,26.76,148,6.86,36,-10.31,-17.47,95,74.45,20.3,74.36,48,120,28,30.61,-7
127,58.97,-20,16.74,147,6,-23,-29,-28,1,-18.53,54.54,59.03,58.11,18,-16,19,46.31,14,85,5.96,-31,139,19.67,48.13
40.57,39.17,40.66,-22,10,76,-17.49,32.73,135,128,44,-7,14.72,15.83,-3,-40,141,17,20.33,48.06,17.01,135,42,121,112
-11.16,11.72,66.55,149,129,96,82,8,-8.64,-13.24,-2.64,137,122,71,-4.87,59.12,29.92,77,43.99,17.2,-10.89,41.86,28.94,64.74,71.61
47,21.09,-44,127,54.09,-8.3,-38,71.62,73.82,-14.41,111,134,13,148,-33,27,-0.48,-10,45,-47,93,17,-15,54.05,71.63
27.88,-4.59,49.73,86,16.66,59.08,115,64.01,-32,76,126,18,72,-22,-25,149,141,31.44,-24.1,57,-50,90,-47,45,-37
37.11,125,40.57,61,-18.67,-19,110,31,-28,-5,17.82,22.25,57.73,-17.23,33.43,7.11,19.9,111,71,57.25,-40,71,136,45,102
46.89,10.11,69,26.05,142,65.47,32,68.31,20,42,-33,30,36.69,29.49,-44,-16,-14.21,-13,17,68,101,89,-50,-27,70
42.58,1,40.77,122,49,23.01,145,-36,73.79,40.13,27.99,-7.33,141,56.25,-23.69,33,43,-41,130,5.83,51,-4,-31,-22.58,10
68,20.53,-10.4,94,67.24,47.21,-8.4,-18.06,-13.61,-36,-16.28,30,4.07,-5.67,-2.82,-25,-43,-36,-8.09,65.95,114,103,40.28,-21.88,20.48
7.85,-2.94,26.76,42.45,11.92,39.26,139,39.5,62.22,-16.14,-12,-22,48.36,-10.56,-47,37,93,19.45,33,92,18.31,7.45,17,122,36
103,66,15.09,-23.48,-11,-6,124,-28,28,-8,-22.21,27.45,124,56.32,81,22,104,-39,149,34,75,47,65.66,74.87,26
104,18,43.38,22.97,31.63,61.67,109,-13.48,65.01,54.56,95,-40,-23.15,-16.06,16,35,141,71,-13,9.2,17.73,-11.88,-2.29,65,34
97,-12,81,9.6,40.87,32.4,16,69,-3,22.51,24.45,-42,57.05,44.06,139,83,141,45.47,67.19,72,47.29,-39,107,48.94,11
38,34.94,128,12.83,34,24.55,74.91,55.52,-40,87,-9.1,89,73.69,33.65,-11.34,11.19,-11.92,137,-20,67.49,77,28.04,15,17.01,21.01
119,-6.25,83,-35,138,104,73,135,51.78,33,44,108,-23.1,20.75,120,11,8.63,16.99,-25,-40,66.71,60.48,9.14,27.62,42.14
57.33,49.69,119,139,7.84,53,-46,-34,57,-0.18,50.35,-20,110,61.75,-37,85,17.05,48.35,39,55.98,53,128,56,7,85
37,47,34,35,39,109,-30,77,108,144,53.9,14.04,-18,-42,78,146,44,15,7.19,-8,99,10.1,17,7,69.87
32,-35,25.68,81,50,5,107,30.92,61.69,-16,58.57,2.15,-27,-4.53,-6.19,14.99,-47,57.62,67,27.26,29,139,-21.33,8.5,42.16
56,-6.37,114,-24,32.98,133,-40,132,134,6,47,69.81,146,43,19,-44,49,148,-2.06,12,96,123,51,50,49.79
22.05,38.64,-17.83,28,123,-16.4,130,13,6.85,124,-9.58,130,-12.22,-1,10.79,132,29,48,6.17,86,19,51.52,30,20.46,118
143,9.85,29.44,4.28,0.37,-16.2,37.48,48.1,10,101,-8,60,130,-4,26.98,-4,134,32,17.13,18.01,38.14,38.84,74,-14,26
28.38,55.93,71,-5,70,24.63,43.71,12.68,71.9,63,110,51.58,4.51,101,120,65.8,23.13,-2,138,34,27,15.87,109,137,61.68
-18.97,78,64.97,71.59,30.04,57,17,-21,18.32,16,105,17,69.87,41.1,50,134,26,5.17,86,15,9.48,71,148,-19.44,73
96,-20.04,118,12,143,73,30.53,1,75,47.89,11,27,27.66,41,-6,-29,56,60.51,148,39,48,59.11,-27,36.53,29.45
-14,46.54,-36,1.79,-4,7,64.45,-40,105,24,83,138,109,25.41,30,85,37,47.3,-5,117,28.46,-12.1,-10.28,63.62,-15
-13,69.57,29.68,141,87,54.94,65,125,82,45.49,52.01,-13.4,23,-31,-18.95,108,98,28,-50,72.66,139,135,-4,65.77,11.11
40,109,30,94,-13,66.94,139,69,128,22,-37,72.58,-45,71.68,74.5,20.34,0.7,50.38,89,70.54,46,-40,33.05,-40,-12.77
13,80,48.64,-7.12,-39,34.9,65,54.43,113,33.54,113,-12.47,136,62.47,80,75,22.53,-38,66.21,-7,-2.61,-20,-20,31.73,-20
-21,42.87,-1.12,-24,-48,106,36,108,52,-40,-25,-46,-9.61,98,80,-5.57,19.78,136,84,46,20,66,2,-17,82
139,-22,60,11,130,24,7,12.98,76,45,72,47,3,32.02,-45,50.69,-23,140,-4.53,10,65,-45,67.19,2,17
138,-3.39,-1.58,29.45,59.7,29.57,-27,-0.82,1.37,45.83,-46,75,33.58,-42,125,59.13,-13.54,40.99,-15,-24,-46,114,90,82,127
104,111,24.54,112,51.19,6.36,9,33,115,-40,24.78,-21,82,-17,-18.35,-35,61,4,113,76,45.83,144,37.81,12.56,104
43.4,36.3,67,75,50.78,-15.96,-13.85,15.65,93,133,102,4,66,-12,-15.84,24.6,-11.32,14,10.16,71.47,73.47,133,111,78,42
100,46.77,49,90,107,-47,50,-2,-16.35,139,57,-31,144,55.65,63.66,95,44.05,20,68.59,29.19,-28,40.94,3,-20,-7
17.13,74.48,-17.74,69.96,-12.27,57.18,6,-35,18.85,-36,60.55,18.87,-31,3.05,98,-11,19,52.57,44.25,141,79,138,49,11,98
-2.04,55.49,135,-18.83,48.06,57.95,44,-38,121,103,42.85,22,78,-27,-6.26,-50,62,-16,40,105,24.59,114,26,112,70.9
-10.78,20,112,41.58,-8.04,5,58.81,97,-38,81,83,-34,135,52,34.53,72,1,26.93,81,89,46,-33,-1.93,38.96,-4
6,34.06,96,3,72,79,-24.57,25.02,139,-14,64.98,35.21,35,32,-21.51,85,23.27,49,35.91,21.16,54.56,19.37,-29,-16,118
97,42.48,43.89,47,93,-11.01,39,120,14.67,118,-36,34.98,-20,143,-38,124,-20.23,-30,27,87,-13,8.52,-50,8.76,21.03
62.52,-31,73,68,32,6.73,75,-39,40.34,26.65,-13.8,-43,31.55,15.23,-5,-48,43.57,12.43,36,79,53,48,26,-29,6.73
14,10.16,24.15,70.02,82,92,24,-6,86,127,-21,14,13.08,54.14,70.37,-3.16,-46,29.26,-44,71,54.67,23,-25,100,53
-4,-16.78,49.73,54,61,102,65.41,70,59,66.92,111,20.24,35,83,-10.37,3,66,48,60,13.38,-33,127,-3.44,142,-39
133,101,-28,58.54,-45,41,-18.8,-44,-2.54,-18.38,9.21,-24,49,140,68.61,-46,19.79,23.6,10,117,-19.64,11,74,-22,65.14
111,97,76,14.01,120,128,41.93,28.52,-35,117,145,74,14,-28,66.76,-24,87,-19,56.39,-14,18.28,36.29,23,-14.99,24.06
66,16.42,28,115,44.31,-5.7,52.98,29.29,-24,7.63,105,-4,-0.51,120,64.68,49.42,56.29,16.35,30.52,-0.58,-11,-3.09,93,57.63,-18
130,18.34,122,-9,27.25,53.93,-12,15,38.66,-26,14.6,-7,6.07,23,7,7,76,121,96,-1,-24,127,69.52,-19,63
42,79,7.9,149,76,36,8.82,-42,67.56,15,8,67,43.51,-39,61.39,27.05,24.49,-10,-10.2,44.4,122,45,91,44,-50
-30,-0.94,7.57,133,-9,53.7,-23.71,63,138,-50,-15.68,76,-48,130,54,67.83,106,118,38.15,24,69.21,12,31.93,-18.37,-24.99
-5.5,11.51,-31,125,93,12,34,-11.33,-48,148,-29,143,67,36,23.97,27.69,55,64,35.45,64.99,18.68,16.94,43.24,123,23
51.57,141,64.31,137,28,2.55,-21,52.01,11,143,143,16,110,61,102,-20,70,107,65,68.18,6,81,54.29,-9,-49
6.82,83,23.92,136,6.51,136,9.44,15.51,9.67,-27,-45,69.89,106,112,-39,-9.01,-15.88,61,77,90,57.64,143,11.67,48,57.26
61,87,14.52,-7.43,13,61,4,111,58.72,136,11,-4,18.52,71.35,41.05,-11,-18,9,43.7,34,137,-14.95,61,29,12.54
89,-37,-11,68.61,-45,67,144,42.91,4.35,58.48,25.68,62.93,16.03,109,115,96,13.54,-48,13.81,26,136,-13,91,16.77,145
74.36,29,11.47,55.44,97,134,82,-9.7,59,41,48.44,49,9.56,-18.91,81,27.96,-5,43,69,72.72,66.36,14,78,-11.61,-8.22
5.9,29,43,5,90,44.15,-11,64.98,-1.02,-11,-4.71,-18.83,-44,16.93,-41,17,0.37,48.11,66,38.18,90,21.7,72.48,71.05,135
132,30,42,35.66,-24,50,73.09,115,15.75,50.48,63,-33,74.49,19,108,24.23,-11,1.27,135,33.85,-26,-13.87,148,58,108
39.2,110,60.7,43,78,95,21,66.21,118,138,6.39,-17.27,148,35.52,49,-4.46,46.87,37.22,69.21,0,-10.15,136,20,100,22.12
12,0.75,45.42,30.89,6.47,6.11,43,52,-13.87,58,-5,72.3,132,-14,90,46.26,53,31,-7.29,-1,-14,37.19,-13,27,59.61
129,41,57,-38,-2.16,48.39,23.01,64.63,71.67,50.83,61.18,-12,45,66.39,-22,8.35,2.68,15,5,78,-35,-33,-10.04,6.26,-20
110,144,33,4.15,28.2,144,72,51,-46,37.18,-7.97,126,8,32,53.36,11,131,2.93,36.14,-45,9,3,38.23,24,54
44.17,-39,0,130,57,49,42.94,112,58.54,-22,-19.66,91,66.56,7,71.3,132,-22,52.87,81,69.56,33.97,70.82,-23,24.13,-7.96
-48,17.77,36.93,86,28.29,10,103,-0.21,16,44.06,114,-1.33,-20.52,95,7.79,-9,59,57,102,-24,52.41,76,137,12.32,33
-7,-33,-40,-32,71,93,74.33,3,133,-1,36.72,71,50.46,109,57,58.09,129,109,29,90,36.74,11,70,11.85,42
-49,18.3,-6,37,-44,72,43.53,-24.15,141,22.39,126,59.12,58.68,5.11,53,23.22,-8.75,-24.2,18.85,-15.99,58,39.29,97,48,-18
-9.64,15,21.27,31.39,-22,-11.2,130,7,2.5,21,9.25,56.91,40,36.02,42,73,-47,55,45.42,87,135,0,36,16.76,-0.79
60,-24,-14,47,73.09,40,-36,-8.75,17,58.85,91,32.4,37,-21,64,59.8,27,-1.43,-36,37,48,14.22,-42,121,91
68.02,90,79,14.56,119,28.1,-47,43,-30,-17.49,123,35.9,47,26,61,107,14.27,46.4,37,88,88,-26,65,41,66
145,63.32,-7,95,19,51,-21.69,129,40.02,1.01,66,69.12,64.02,72,40.35,89,29,31.14,51,52,-20.42,47.51,1.27,34.17,113
59.29,-32,42.21,149,56,43.52,-8,126,1.71,47.69,91,-48,73.53,134,-4,58.66,115,27.53,74.39,74.66,79,68.75,39.79,-10,-20
129,-28,17,-27,50.76,110,106,110,-19.22,29.62,-20.95,48,-24,-23.34,15,115,60.87,138,68,5.15,23.9,66.44,95,63,96
55.5,-7.96,-23.98,-16.98,24.26,55.59,74,-49,79,115,-21.38,124,34.28,-3.07,7.79,75,104,98,127,68,63.91,-4.78,81,-8.86,65.98
-10.02,28,57.69,101,-7.66,3.38,7.76,29.04,55.54,142,69.63,-18,135,-39,59.83,-32,16.69,-47,57,70,-3,0,105,25.84,-10
59,35,85,3,110,32,8.92,23.84,3.03,60.92,-16.8,-6.5,57.11,114,78,15,-18,40,30,1.27,25,-49,-0.77,45,35
-19.38,14.48,-40,-12,-14.27,52.08,49,146,3,40.69,73,123,74.95,-15,113,49,142,85,-19,143,7,21,135,-23,-8
-12,72,66,131,-0.68,76,-1,10,133,113,42.36,-11.9,71.22,28,17.3,24.65,-17.29,6,17.46,74.41,121,17.15,75,64,113
83,19.2,45.85,54.45,37.68,-15,143,23.03,-16.28,85,87,132,46.41,-44,87,9,-31,-26,-13.62,59.18,66,60.27,91,38.65,41
-4,49,96,12.99,64,-4.89,-38,16,109,109,-48,138,64.11,134,35,47.97,-22,55.02,129,135,4.84,14.87,47.41,-49,10.76
-19.53,-49,82,15,-48,-22,-49,-4.87,67,-19,-13.77,-21.98,16.27,26.39,-14.59,57.56,-19.01,-4,11,-5.14,-19.13,-3.58,133,130,20.33
54.12,122,7,-24.84,11,-45,2,49,21,119,96,-45,4,10.88,-16.96,-5,80,34,42,57.21,42.32,107,38,146,60
-8,-12.07,69,43,36.24,65,17,48,26,53.6,30.75,88,35.35,96,120,67.13,31,-10,-5,41.75,-33,55,-6,64,-2
76,-27,30.91,116,-5,128,10.61,19,19,3,105,5,51.68,8.1,23,132,82,30,-1.96,-15.89,8.41,13.37,94,96,85
107,21,2.08,111,-25,7.41,36.65,6.55,25,-40,46.96,84,36.69,-15.55,24,-13.22,19,62.1,1,88,19.43,58.84,110,121,92
3,51,32.4,-8,25.36,-20,107,138,52,31,69.4,70.52,70.83,5,22,16,142,35,126,66.47,-23,49.76,117,68,-5
43,2.61,11,48,-6.92,43,92,101,-5,18.01,-10.62,26.36,28,-4.14,36,51.93,-41,12.66,31,25.75,12,4.19,-33,53,17
25,-1.12,-6,84,146,147,28,-1,-0.02,117,-40,-0.88,132,19.54,16.79,-8,-9.72,-39,75,70.37,-22.15,58,12,-21.35,19.36
34.73,19,85,74,16.62,91,-24,32.28,44,-20,50,132,64,102,52.44,19.77,-35,35,0.25,-48,20,-4,-24,54.58,36.71
71.18,148,4.33,-9,-9.66,60.95,122,19.38,11,73.46,54,42.99,3,104,51.66,70.43,-4.29,46.28,-26,54.49,-25,43.42,46,-1.96,104
-1.7,31,143,-5,29,44.68,-44,-8,1.04,-35,33.72,50,4,46,-39,-20.6,-18.49,52.09,37.27,-16,59.53,74,-5,26.85,42
62,35,68.8,-5,-30,-41,-20.26,-1,13.55,55.8,-8,25.36,-10.76,78,-37,33,124,63.64,3.07,34,113,48,1,-32,72
-4.62,13.15,28.26,-12.59,35.71,-10.4,104,-16.37,2,-49,19.02,-6,-16,65,39.85,28,79,-29,34.96,72,46.1,6,9.34,68.29,20
39,74,-6.66,-41,-10,73,37,-17.62,30,-1,67,124,119,24,69,39.47,43.98,-17.03,133,-4,-2.95,-17,74.26,-9.45,93
102,44,69.41,8.02,54.37,117,18,-3,49.65,45.21,28.92,16.88,47.26,13,-18.84,-30,108,50.68,30.92,54.98,-47,-29,24,100,-8.5
0,15.63,24,66.7,35,114,-16.31,22.56,109,-14.75,-8,109,51.33,-11,26,-6,72.01,118,-3.85,3,72.29,33.95,35,64.06,41
-43,59,12.63,19.36,8.12,80,50,56,55.38,27.39,17.57,-46,3,58.54,32.71,132,3.47,32.16,3,105,24.23,66.57,2.09,142,-24
41.02,114,46.95,33,-7.32,6,-37,50.54,26,52,109,67,45.01,137,92,-11,9.89,116,130,63.12,3.47,26.38,49.74,71.47,-47
137,-21.97,-48,9,141,121,70.26,37.94,6.33,92,-19,148,130,-28,-42,55.77,56,-48,36.26,3,133,-7,85,36.42,15.29
58.48,124,-7.48,130,45,-2.68,91,-3,139,58.37,60,12,87,-11.19,-21.79,33.89,7.55,-11.38,-32,34,34,38,55.97,-42,-24.34
40.77,89,39.57,44,148,-35,36.61,123,30.3,90,111,135,84,39,-25,137,25.65,71.09,10.54,-29,5,-11,-44,126,64.43
112,-6,19.48,66.89,5.58,88,-40,26,49.65,54.74,32,60.78,43,111,92,94,22,14,50.32,136,4.38,38,-28,21,69
60.84,-22,6.37,59,38.97,49,32.09,12.43,65,-16.08,37,36.06,-6.43,40,21.25,-1.88,103,28.79,103,98,18,-23.76,129,107,47.45
-15,-11.98,64.89,12,46.18,113,92,124,67,16,110,69.78,62,14.17,-2,-17.53,-3.81,139,-39,33.83,141,49.36,82,100,-23
47,47,-47,145,66.68,34,75,-15.06,-42,-3.49,41.58,122,72,54,59,65.09,37,98,72,43.26,61.22,6,88,18,-36
-21.61,-24.39,23.61,-16.25,145,28,87,24,108,32.81,-11,14,96,98,84,54,57,-21.9,4.25,74,1.22,38,112,31.3,131
105,25.8,56.44,141,-31,-44,24.5,76,18.15,-24,0.43,61,47.36,23,68.41,-11,134,1,145,26,3.73,-34,63.65,89,-14.2
10.91,-46,-25,134,15,45.74,-42,12.34,-1.21,108,71,29.35,-31,60.02,10,58.58,-14,115,83,19.7,15,-4,-37,-20,25.42
116,26.17,71,86,1,22.59,32,54,2.82,-20.64,144,66.72,63,-22.22,92,26.94,122,-28,140,74.58,65.87,19,-10.29,110,120
147,39,60.95,6,101,-12,-21.18,130,-19,140,105,17.73,98,60,-37,-26,36,-14,-11.67,-16,25,137,127,113,113
57.44,13.63,28.65,56.37,65.7,-2.6,27.69,1.47,-1,-1.85,9.58,46,-26,88,-1,20.34,-14,24,37.89,48.92,20,109,114,143,91
54.66,91,60.48,11.84,1,-0.84,-0.05,120,23,-30,-23.25,109,76,-23.45,18.87,62,28.36,-36,-16,-50,-41,5,76,4.46,63.04
1,32,37,108,34.74,45.15,-14,99,89,40,68,33.39,-7,-37,5.3,-11.71,-18,-30,58.79,2.9,99,32,123,63.68,95
30.38,18,56.92,73,23.79,28,-14,62,4,40.82,-42,146,-42,-8.41,115,34,12,73.47,140,29,-16,-28,-29,99,-15.03
129,-13.41,92,59,12.66,74,76,21.51,32,74,105,113,48,35,15.49,89,-14.16,105,104,76,-50,48,68.52,-14.77,73.84
149,-39,99,61,-16.44,133,73.58,1.68,-30,-0.78,33,-22.14,-5,137,128,12.33,9,-26,115,7,22,135,-1.6,48,104
-18.69,27.36,22.28,17.68,75,43.88,13,76,89,-37,62,113,7.93,13.27,-28,-37,-12.06,116,41,-35,-27,21,-11.73,56,37
61,-29,22,130,12,135,26.51,-2.44,-21,44.31,4.73,-32,-19.93,137,-26,49.69,76,34.44,7.11,17.21,48.92,82,12.74,130,8.28
60,-12.88,22.3,3,16.87,103,-20.88,35.66,-13.07,15.57,-24,83,40,17,-38,69,13,-11.69,24,25.59,25.7,68.56,-19.26,-25,114
4,-5.79,-21.53,11.51,136,-10.48,-4,36.82,52.2,11.49,59,84,25,61.41,66.08,148,95,56,-8.66,30.64,-1,-20.24,-24.87,-10,-14
100,81,19.09,50.92,-20.21,23,-13,66,56.61,-50,17.73,8,43,40,25.08,85,-8,71.57,55.62,37.74,115,54.76,140,14.76,112
-44,-41,61.08,17.62,2,55.03,38,-50,48,7.46,65.49,108,32,55,106,-46,96,118,139,22.42,24.3,51.81,84,65.7,53
-17.9,50,42.3,-2,95,127,-24,-6,139,80,-21,-45,30.34,119,136,145,-11.43,-12,15,143,14.75,-47,-26,15,123
103,-9.71,145,146,54,80,148,40,-28,-17.9,21,-10,23,27.65,40.69,18,48.93,43,50.05,-8.93,-22,18,-18.54,35.92,42
11.61,104,-15.6,66.85,5.01,146,45,65.99,-48,62.35,91,21.66,69,34.44,23,82,104,24.42,-16.79,-1,-34,85,9,49.48,-10
81,68.03,-5.71,56.96,-20.02,39,91,26.86,45.94,-19.69,8,135,50.34,-44,116,44.7,30,61.05,22.14,-4,2,55,-2.61,99,44.48
69,116,2.45,7.81,19,51,-23,28.26,71,-24,-24.69,7,33.11,21.61,61.5,6.75,-7,51.95,-22.31,46,84,18.73,143,-25,-2.57
-19,34.66,30.05,41,-30,-3.72,60,84,2,139,29,90,-22,-15.87,39.54,-6,25.85,132,134,53.93,106,30,141,60.81,-15
131,-45,58,-23.04,34.99,-31,-7.1,74.39,-43,34,0.69,94,31.39,139,-47,124,-42,26,66,84,128,66,40,147,-3.23
96,0,51,-17.13,114,149,136,-14.61,-12,90,129,-25,-10.89,33.6,10.12,-15,30.49,-14.46,127,-39,-14.01,149,31.06,-20.96,49.46
21.94,-46,125,50,56.69,1.55,128,5,123,42.47,96,-34,-16,127,-43,81,47,54.2,23.76,68,24.39,35.06,106,12.17,96
48,-38,59,59.42,72,47.59,39.25,67.96,24.16,0.41,100,100,65,73.19,88,88,108,48.21,1.88,-37,-12.23,-50,21.46,40.51,0
-0.47,102,59.2,12.93,6,-17.46,20,66,67,-5.04,83,112,139,-14.4,108,127,-13.8,79,61.17,20.6,58.75,53.11,44.25,14.31,-29
110,47.57,22.66,62,139,-15.61,70.77,-35,14.77,-34,145,60.72,31.91,32.77,-18.91,132,30,48,130,-9.84,136,58,64.5,30.73,42.11
60,10.06,72.42,-29,59.75,144,108,43,68.24,36,67,-10.13,83,103,72.39,-22,140,112,13.65,126,46.92,39.27,45,53.36,36.96
-25,-9,-22,16.25,60,40,-45,-33,73,27.41,-2,9,22.92,55.4,10.81,65.34,29.58,-35,69,-3.58,95,-31,18,43.89,35
10,69,2,38.27,-18.81,8.79,55.99,10.05,-44,134,44,-5.97,-45,148,93,128,148,118,49.37,72.81,19.1,15,28,38,61.47
18.68,40.67,39.01,-1.46,55.97,131,54,-21,-50,-9,31,141,48.55,75,-22.59,-18,-0.75,92,13.76,141,109,115,32,-42,14.97
-21.52,11.51,-13.18,68.74,51.68,43.73,23.27,-43,-2.98,55,-2.95,53.47,-1.42,76,34.47,-19.69,-15.03,141,-35,121,110,32,-45,70,16.35
49,-1,64,116,117,36.88,1.63,129,45,95,55,40.35,66,106,112,-6,127,46.63,-21.67,20.63,-50,-22.32,113,7,57.48
70,-27,7,23.96,81,30.47,-12,17.67,42,-31,-48,32,-1.02,62.95,-34,2,-11,68.66,-2,73.67,104,16.81,27,38,102
-9,-48,93,47,49.47,-17,-29,-10,106,23,12,95,71.11,113,89,43,-19.43,-20.1,-5,73,38.05,140,81,106,8.87
38.95,109,94,145,27,132,135,49,41,37.2,30,-39,68,69,-43,-42,56.44,4.47,16.28,40,-10,100,97,18.83,103
122,81,45.63,-2.77,22.97,24,68,3.46,-1,45.3,47.54,125,40,-18.65,132,61.76,101,33,-13,1.1,30,108,138,-22,17.14
-1.02,-17.5,37.16,143,105,-46,67.1,4.14,29,56.49,40,-47,-23,26,9.26,24,33,-2,-47,44,29.06,25.15,67.11,27.63,-43
147,141,-11.83,-18,38.14,-44,92,0,130,41,56,-41,149,-0.18,119,-22,9.24,-3,2,19,112,22.17,42,47.78,12
-20.27,-4,62,51.91,-2.07,123,27.79,20.71,-27,63,16.81,-19,88,31.2,26,81,2,-47,115,37,130,7,15.87,32,55.25
-16.35,129,-12.57,66.35,-37,-20.22,21.31,59.48,56.66,84,-20.23,101,0,78,-14.02,71,-9,2,136,-5.43,133,70,112,59.85,-6
50.55,64.71,115,35.98,14.71,1.73,45,33,65,27.05,-20,-13,-3.91,43.06,36.75,51,115,46.62,42.99,45.66,35.19,140,80,-29,128
133,-45,53.77,-20.8,37.57,44,71.59,21,24.32,9,138,109,6,138,12.19,-1.57,37,-38,147,78,25,46.44,31.25,115,93
-48,-20.64,38,53.56,138,-4,-7,68.96,16.46,13,72.64,51.05,142,37.53,-6.11,-18.99,6,52,40,30.15,142,70,-35,128,19
36.72,15.41,35,72.78,45.93,49,148,-8,62,43.84,84,27,48.92,86,-18,27,-31,-2,44,-28,24.33,-3,44.25,-4.04,-25
121,3,66.03,-23,75,-38,67,6,103,-13,-18.41,73.4,130,31.29,55.04,-2,25,25,47.56,20,137,-6.41,-50,141,66.62
142,42.28,32,37,5,58.79,143,81,13,56,43,111,19.98,20.05,-6,122,137,18.33,54,144,109,13,-12,114,-19.65
45.84,4.23,69,-22.84,61,31,48.78,6.15,123,28,53.72,7.51,71.5,-5.34,-44,68.71,53.92,-35,148,13,26,-14,12.79,80,73.9
127,60.31,-5,54.99,115,-23.17,30.51,28.74,34.53,-47,149,-21,130,44,127,29.69,28.67,61,-18,49,67,-10,100,104,89
113,-22.41,37,131,97,53,-20.9,-20,94,45.87,-42,-3,16.81,-39,9,57,-49,45,-46,-4.36,-2.67,94,46,35.97,89
-9.85,102,-5.31,33,48,146,-28,44.28,83,20.63,-11.42,36.71,0.84,135,44,20,129,94,4.32,18.08,55,-3.53,-32,37,3
80,-8.23,-23,-13.86,36,-1.36,59.03,67.96,37.37,-28,-19.81,-11.02,88,61,108,25,61,-21.35,6.25,-25,51,-35,18.51,42.75,-24.63
71.07,63,33,83,25.02,130,82,44.76,-13.7,39.69,-32,-39,145,41.96,-15.37,-11,22,49.84,129,-24.49,87,34,36,16.81,7.88
56.6,49.13,-4.33,19.54,120,79,34,12.25,53.34,-8.7,15.78,51.21,41.04,39,30.92,56.45,85,13,39.97,-5,43.26,-46,39,-20,-13
58.31,30,43,74.88,104,9,28,63.94,143,73.85,125,144,39.59,140,23.16,-6,-12,-2,46,55.09,-2.45,55.62,51.31,17,-37
93,24,-20,88,37,-0.05,-19.27,0.76,62.3,0.19,37.56,72.7,77,-8.05,1,133,-21,13.27,97,7,58.99,49,-19,149,7.95
73.85,25,60.6,48.58,88,141,146,24,47.32,37.46,15.28,3.37,41,35,-9.66,-18.7,32.74,37.02,-50,54.69,-50,56.16,17,1.06,60
-13,133,-24.36,26,12.29,96,41.9,53.92,-21.67,-37,69,-16.03,90,19.07,8,21.38,43.66,116,46,103,-45,-45,42.6,1,55
130,63,74,69.38,54,26.08,60.53,100,-17.38,-10.55,-12.1,4.17,55.66,18.88,21.55,2.83,96,0,58,-18,2.92,1,-19,-21,-16
-14.01,-49,51,77,63,15,-4.22,48.73,144,-46,21.44,25.11,56,74.28,43.58,49.65,82,42,-27,35,77,-22.11,-20,-29,86
16.79,-15.87,51,24.01,88,27.02,38.52,133,-46,-6.64,56.7,45,116,49,56,49.36,53,-22,17,80,29.07,-12.95,-2,42.78,-6
28,51.54,65.52,45,105,-8,-22,-4,33,85,-32,16,-42,149,-15,1.09,86,-27,-12,71.98,41,-41,94,27,-30
-19.74,58.31,-20.92,64,35,-38,134,-22.98,17.16,43.03,68.94,68,56.81,0,34.88,106,74,66.91,58.91,16,2,93,56,40.71,-3.36
73,-5.78,-19.2,108,29.28,38,117,7,-40,73.35,64,39,-16,37.96,16.29,73,133,132,38,37,8.02,-34,57.9,-11.23,87
119,71.23,-22,7.91,43.42,32.2,34.54,30,22.67,47,-20,2,64,-47,116,-14.43,-3.5,-6,37,-8,25.62,74.32,-11,31.45,-22.86
56.25,39,26.17,-13,44,-6,-13.02,118,-22,-6.49,-42,-25,26,-13.15,8,22,-43,-22.9,-48,4.4,55.81,39.5,-0.36,101,125
116,15.56,28,67,75,-17.34,64.22,15.89,140,-30,56.32,78,-7.99,-1.49,67.6,-20.59,26.77,81,6,-49,72.84,100,27,-50,0
8,61,21.86,149,-36,36,-35,71,21.29,83,55.09,36,38.02,39,60.83,-3,61,65.43,-28,6.21,96,123,4,52.42,65
138,34,36,84,66.26,-14.93,111,-13,61,-47,102,87,40.03,43.71,142,48,-1,27.25,143,-16,64.77,67.56,25,11.35,-14
73,37.44,109,148,90,71.86,63,56.32,50,-17,63,74.43,66.96,11,69,143,30.87,-5.2,36.75,-47,19.62,4.48,51,-2.24,61
24,-20,44,117,57.93,17,38,-28,92,39.29,90,-8.11,38.79,135,56,69.56,-16.05,31.59,-18,-41,90,116,127,14.7,56.9
-34,-20,33.29,-48,82,-17.87,119,-47,127,105,26,2,-16.37,18,59,44,-26,70.3,14.65,133,133,18,-7.09,1,-15.66
46.21,6,-1,109,-1.96,14,-41,24.15,67,123,78,31,116,128,33,133,-17.63,72.72,-2,-14,40.83,35,56,117,-32
97,36.31,19,26,6,93,46,58,-26,149,-0.74,1.45,116,120,80,-3,-22.48,64.82,7.34,139,15,78,-20.34,49,18.86
82,135,72,28,6.09,-31,41,-9.15,-0.61,7,7.01,-30,126,28,-27,1,30.35,76,68,35,-48,29,118,-3.93,69
0.19,-8.87,-19.8,56,15,-19.07,-4,98,105,145,123,47.55,23,-21,71,-31,19.75,133,148,106,34.42,63,31.17,43.62,-37
92,2.62,-42,0.59,-24,48.88,19.26,89,31.01,-7.28,-3,101,-24,-17,22.04,111,-9,124,122,46,73.22,61.53,40.77,83,16.18
40.59,87,-36,-37,28.46,16,-39,130,-11.61,-21.92,66.25,-37,18.9,-4,9.51,35,12.98,92,-17.52,103,-37,37,58,-23.32,14.48
-50,16.46,-13,45.72,45,-28,-2,88,4,-38,96,137,75,90,-39,17.59,-6.71,74,103,83,25.91,103,66.65,74,-5
8,32,24.49,54.12,114,50.84,47,-16.37,32.79,4,5,56,-22.08,113,102,35.81,98,2.17,60,12,28.77,30.16,-47,0.28,91
113,101,-4.49,32,139,41,148,-14.07,86,13,55,68.08,50.45,17.4,25.33,55,57.15,-8,-0.89,35,134,35,19.38,120,-2
106,-29,-12.45,-32,78,12.94,4,14,34,30.59,-30,32,51.41,13.8,24.35,112,68,20.4,92,-6.4,14.52,46.2,149,42.15,84
10,-6.53,-35,69,126,119,-16,24.04,-22,52,60.56,-50,-15.05,62.39,23.05,24,140,11,31.98,51,-48,61,28,10.62,59.51
-41,55.44,49,-14,92,140,145,-33,-41,34.13,40.97,87,62.1,42.97,63.99,24.63,-17.91,-50,14.73,-12.63,2.46,74,-11,17.9,52.09
26,118,57.9,92,68.05,-12,122,69,23,-22.15,-18.17,28.86,56.76,-24.48,72.71,20.18,134,4,32.34,-40,67.66,38,19.45,17.77,6
13,113,-30,7,99,35,131,78,-37,-18.47,4.29,-11.36,138,69,50,19,129,-14,0.79,-16.31,13,134,64.41,35.37,3.32
-21.25,132,8.71,43.34,-21.58,-21.26,52.22,-27,72.76,2.73,-8.76,-34,-31,99,49.11,53.09,-23,0.81,41.49,26.57,37.95,0.91,64.93,-35,48.67
35,1.75,32.73,8,57.6,118,123,-21.37,-23.21,7.8,-6.37,12,-1,3,89,3,119,147,17.09,138,35.31,41.74,78,24.21,81
5,-48,-30,-14,-38,58,-38,8,-6,65.45,74,102,-22.23,-4.83,-4.74,-41,60,-2.99,41.46,126,145,67,8.38,-21.21,69
-10.97,-26,-8.14,62.44,0,135,45.18,25,44.25,-5,64,114,-2.19,67.88,-15.02,42.39,82,122,43.02,35,43,84,46,100,37.57
116,-0.71,35.59,52,39,4.07,141,41.21,46.65,5.17,124,118,53,145,31.73,145,52.35,66.38,-2,-18.84,102,115,37.08,58.92,91
37.17,46,17.49,68,141,120,31.41,101,116,-17.55,79,60.56,83,83,-11.41,33.67,44.28,30.3,115,44,11.02,9,-18,-35,21
-4,-22.27,-10.13,13,74.47,2,26,34.5,137,-24,30,49,2,79,-22.7,-7.42,36.58,66.12,80,-47,-7.23,-5,59.99,-6.57,103
23,74,120,-27,-36,137,63.23,119,106,30.65,56,47,41.9,48,-5.87,91,118,16,19,21.26,45.42,50,66.88,53.04,52.86
47,78,29.88,93,34,-2,-49,102,33.36,65,48,69.17,3,-11.27,-7.75,100,65,69.02,40,27.43,66.66,10,48.44,37.23,0
66.85,77,62,27.83,92,45,38,-20,45.56,81,115,137,69,101,42,57,-1.8,63,-12,29,-5.15,45,-41,46.19,98
61.53,60,-15.49,101,8,-16,5.09,-0.73,30.87,138,14.22,58.7,10.19,130,20.39,17.19,57,-12,47.15,114,30.61,-11,72.61,52.3,63.34
97,118,-4.81,-23,106,11.3,60.42,18,48.63,-44,40,22,68,114,-13.42,49,18,23.59,-9.62,-26,-19.98,29,76,-27,-0.04
-5,56,105,4,49.79,15,145,9.76,96,-20,2.64,16.45,122,129,24.25,-8,101,-35,42.57,35,144,52.21,26,9.36,30
-45,59,-22.68,-4.21,-15,17,15,43,60,20.88,-14.87,95,-14.55,-40,25.66,100,-11,142,-26,-3,58,35.7,30,48,68.82
-30,73,27.35,41.01,33.36,-0.92,-39,77,69,-40,71,41,-8.33,51,126,56,-4.63,40.8,135,-1.97,32.56,44.79,26,5,71
37.11,42,1.1,61,64.98,136,15.65,127,70.13,124,-45,65,132,49.87,12,59.78,75,27.38,-33,-44,66,-6.45,19.32,-21,123
73.7,93,119,-22,112,109,25,61,16,16.87,-32,124,48.24,-46,101,13.62,41.17,-13,-30,9,72,41.61,16,123,68.44
36.21,13,62,-23.84,-33,91,-21,29.23,69.58,22,46.19,59,58,35.07,-20,43.86,-28,8.07,53,123,100,14,64,1.51,22.12
-24,39.39,44.31,123,23.31,13,-3.59,40,98,67.98,126,57.6,121,-3.43,-14,61.82,103,63.81,69,69.42,-26,-36,58,80,8
65.4,135,-8,25,71,-27,118,-13.28,63.81,0,68.9,57.39,19.75,126,17.44,66,101,138,67.01,68.09,-8,136,144,134,52.79
27.66,26,-26,56,18,146,4.09,-33,146,15,-50,53.22,45,7.98,-2.16,-35,40.98,-38,11.88,50.3,69.08,28,56,31,-24
132,33.31,68.87,108,-29,-12.54,84,6.69,95,116,6.72,100,-12,19.79,9.22,53.55,103,67.61,74,13,27,33.04,21.89,6.78,49.46
54.1,-11.19,97,25,96,3,4.69,61.04,140,13,87,-11.6,114,32,-8.52,26.13,63.04,10.22,-2,13.43,-4.9,49.03,-22.45,46,48
-12,-2.52,-26,-12,145,66,60,11,34,-1.48,16.01,-15.12,-19.84,95,43,55,11.14,11,105,-0.29,62.96,30.61,28,-26,28.75
50.64,53.62,91,95,41.71,-8.23,11,16,120,15.72,29.06,-7,-24.88,23.18,69.71,38,84,16.36,115,-15,127,-14,136,20.87,-37
130,71,46.64,64,92,-29,41,71,140,42,48.82,143,89,28,-9.22,125,-8,-16.41,-11,57,23.75,109,64,33,87
68.8,64,7,122,29.4,99,-6,-26,148,61,12.82,117,124,35,96,-16.68,101,88,18.12,3,116,-44,45,51,-29
-41,46.33,17.1,109,12.28,-39,52,-9.42,101,9,51,89,-50,32,34.12,45.11,83,34.99,62,32.53,-25,112,137,85,37.3
9.43,52,15,58.32,41,-19,131,103,37.53,72.12,0,58.81,-38,52,57,17.57,119,78,-22.68,0,16.61,96,-44,17.84,7
51.12,-23.16,133,-1,85,-22,22.81,109,-15.27,44,68.86,120,13,68.76,125,83,74.59,-16,-15.45,-3,17.04,5,10.77,78,35
38,66,4.79,133,121,3.23,-12,15.58,60,-26,27.48,2.26,5,102,68,110,29.38,-49,-11,0.32,89,129,23,66.79,56.73
132,33.47,65.8,-24.17,43,38.69,46.59,120,-10,26.71,-44,70,136,37.21,52.69,39,41.17,11,48.99,-16.68,15.29,-31,-2,123,82
-13,5.1,53,10.28,100,-8,82,32.22,72,148,33.51,20.4,60,72,-20.22,-48,-9.87,127,34.06,118,78,40.25,56,40.35,44
125,96,71,-24,132,-34,38.76,38,110,15.01,120,-28,-34,-23,82,-19,22,105,70.28,116,21,125,20.41,-8,-24.38
105,-9.28,25,106,127,0.43,73,-3,66,38.29,-8.76,9,45,94,-12.46,105,43,43,-23.7,66,48,-2.83,-13,136,69.73
66,22.76,29,116,87,114,-24,44.82,-17,91,55,126,125,96,-28,11,30.6,-26,37.15,2.41,75,61,-4.32,65,138
-29,25.49,-9,63.47,38,-17.38,42,-6.48,123,-39,1.9,61,79,39.97,-26,-33,129,44,16,28.77,57,100,-8.71,15.31,28
42.81,57.04,44.11,88,-0.89,53.34,44,50,37,22.04,56.57,30,57,51,-8.47,30.88,5,71,112,-18.72,11,59.56,73.66,26.94,38.14
31.49,-41,8,-9.33,18.89,-3.27,91,20,101,104,60,56.56,20.7,44.11,8,17.95,21.23,107,143,30,15.25,63.88,-38,43.01,10.86
61,21.95,-13,127,144,0,107,-14.6,34,52.33,-21.92,61,100,-3.92,78,48.64,121,71.1,16.07,24.96,30,96,78,73.61,21
-10.02,121,93,-5.09,43,-20.04,-11.28,140,73.58,74,129,55.8,66,-42,-7,-39,111,137,21.02,73,70.51,16,135,20,17
95,26,62.46,88,54,18.56,94,56,-17.89,73,-21.49,-19.66,-22.7,5,-5,114,33.56,-28,104,84,26.65,40,38,9.87,60.34
2,-15,46,31.95,3,92,25,63,44,4,54.85,-1.64,79,-11.15,-26,55,42,96,41,129,81,4,47.5,-32,144
42,125,96,14.35,43.79,-39,94,25.52,74.51,35.19,79,-3,-45,-26,-39,-21,87,4,-23.46,106,3,-11.93,45,125,-9.63
42,61,80,33,8,-1,112,58.36,12,43,10,14,-34,20.36,54.01,0.62,53.79,15,76,114,20,39.84,-5.53,30,68.88
45.26,-10.47,92,6.96,37.23,13,-13,57.85,50,62.89,-43,46,40,34.02,42.94,29,85,0.37,36.95,133,8,13,19.89,-11.98,36
54,49.13,49.67,108,-30,25.75,11,12,18,63.33,50,-49,65.58,-30,40,125,44.32,117,108,34.3,-50,45.35,38.18,93,-8.34
58.81,50.71,0.29,69.14,-50,-6.5,-3,4,117,-13.41,2,-25,101,23,84,80,48.14,130,-38,-9.21,66,121,91,40.78,83
18,-48,112,-19,89,12,144,40.4,30,66,36.76,-31,142,58,105,21.71,56.96,34.96,-19.44,11.3,35.57,129,-29,65.63,-41
72.39,-18.31,-9,-9.21,36.67,111,-6.4,25,92,10,-16.55,-1.29,13.45,68.59,79,26.19,71,-29,118,107,57.6,88,-0.83,19.05,59.4
59.43,-10,32.66,68.65,12,-12,121,119,-9.38,16,-16,-16.84,26.5,67.15,9.82,55.2,-27,-10.21,-46,67.92,67.83,15.26,73.73,5.44,-6
-21,28.15,1.47,27.89,10.9,20.32,-19,35.88,-35,-24.09,-17.2,31,44,44,98,20.88,2.16,103,49,10,-14.9,51.16,6.97,114,74
91,129,64.95,2.76,107,54,-13.15,-10.29,-9.96,86,137,33.5,103,-1,-44,-11.65,47.81,53.08,9,123,-5,12,89,23.96,62
33.47,-5.36,-8.44,-16,63.79,-21,-11,37.96,-1.16,-50,48.8,5.51,105,37,59,50,26,95,4.73,-3.73,-38,57.86,48.95,3.2,147
-38,-11,89,51.3,6,-15,-2.84,40.43,72.5,39,33.71,-18,-28,-19.57,25.67,-7.29,17.55,51,-46,65.16,6.77,24,-42,-15,3
31,119,29,91,-8,94,-8,-12.47,50.2,84,46.76,131,36.48,79,-14.68,1.05,-41,111,-44,80,-24.54,40.94,135,58.4,36
18.62,-34,35.63,-50,-5,-32,25.15,15.17,-28,36,31,-11.65,-1,82,-12.94,41.53,-12,4,19.48,112,53.61,20.85,45,39,64.24
16.35,74.96,-18,105,96,-13.41,87,61.19,125,-4.47,-27,30.7,-36,72,111,21.3,109,-13,20,-26,147,51,37.12,19.79,43.57
85,72.14,-23.06,27,62.52,60,-8.08,11,26.74,23,16.69,108,73,114,-3.18,63.82,23.93,42,54,33,-40,22.96,13.79,43.89,47.68
-49,66,-15.18,118,56,-1.17,63,39,102,140,-29,56.21,38.13,36.78,0.97,34,66.8,-13,86,117,-4.11,136,143,-12,86
12,27.11,114,127,69,-23,-2,-34,-27,34.69,53,111,1.82,69.94,-18.53,-18.11,21,104,91,-18.54,111,110,112,61,34.96
-23,50.43,14.52,133,-15.51,-16.45,24.62,54.17,124,122,98,-19.71,-14,3.5,50.7,113,-27,30.32,24,-6.71,0,141,67,-13,116
110,148,44,142,-45,23.07,109,-5,40,47.86,31,-48,44.89,61.87,127,82,-23.76,5,-19.92,149,64.79,65,50,72,57
64.49,69.53,12,107,140,26.37,4.19,-25,-40,-22,13,40.16,131,57,-3.84,43.22,113,51.32,23,9.08,60,-45,11,115,64
47.43,-22.33,14.39,123,31,43,-23.39,22.17,37,145,93,55.42,-22.33,-36,73,137,-23.74,2.13,19.02,40,30.77,36.95,-34,-14.02,-16
19.76,-18.13,-24.7,69,118,5.31,32,91,-5.82,125,120,39,112,-38,24.99,-36,107,-34,53,-9,36,110,-17.06,146,-29
105,47.21,-19,16.37,23,-28,13.55,8.89,34.42,33.5,-7.36,129,87,21,0,24.98,120,49.9,146,35.7,-7.77,-50,21.89,6.36,-7
106,5.87,-3.28,69,111,72.01,63,75,-27,56,-0.14,13,-4.8,22.09,43,59.25,-12,-12.48,73,-12,79,37.26,4,0.9,88
-11,140,24,-38,11,115,83,6.23,8.48,-42,50.63,40,65.23,-13.44,110,64.04,-40,-21.56,-12.54,98,23.81,25,37.85,32.06,149
44.72,99,103,33.53,45.84,-18,102,-7.82,4,104,20,127,-50,-14,130,35.56,-19.45,43.14,-22.28,139,-3,69,47,26,61
82,19.84,44,133,-40,7.27,25,119,53,-30,48,47,72.17,57.14,-23.14,7.15,16.38,39.87,116,3.27,2,1,-12.13,92,79
147,119,64.41,-15.68,-14.77,83,7.22,134,131,72,-4.03,2,47,60,-24,72,-12.56,-37,88,-12.18,32.2,38,112,-4,11
146,2,1.61,-35,-5.34,-45,20,67.53,-27,40.71,-7,54.88,-5,15,14,57.99,-6,114,52,76,40,-15,110,56,38.58
53,47.63,126,98,72.19,93,148,3.52,0.25,20.96,-6.71,146,118,-14.3,-50,127,38,-44,54,16.33,32.12,104,-41,-45,128
92,-34,55.95,-27,2.18,-23,40.07,-10.76,38,80,74.89,25,4.1,46,27.44,69,12.85,127,147,71.48,50,70.82,140,12.8,49
43,147,57.88,-11,76,142,58.29,77,-8.71,-19,45.47,-29,36,-2.81,5,-48,82,-4.63,89,130,31.88,111,88,58.57,82
70.74,97,139,84,55.32,97,31.49,8,70.8,-4.3,95,19,7,37.5,53.77,-11,0,-23,-31,39.98,59,23.92,20,114,37.98
35.1,-9.43,101,73,-3,25.8,142,-39,7.03,48,24.51,105,-24,94,54,71.01,46.45,54.62,57.71,0.94,27.37,5.04,53.22,21,44
45,118,138,-7.13,8.83,24.35,18.26,-5.6,57.91,40.81,-23,-24.44,14.41,146,117,27,32.15,144,128,122,60,135,-16,-46,70.03
102,28.37,-22,47,-23.24,103,84,22.74,102,7.26,-18,-21.6,125,30,36.62,61,91,100,117,111,87,12.09,54,-23,146
-29,-5.56,20.73,64.29,59.2,121,21,69,146,124,-5.78,104,124,138,44,-5.85,11.8,43,109,-35,5.69,10.49,13.99,35,-23
45,2,60.43,71.61,-21,-2,-2.09,100,38.09,20.14,134,13,71,4.24,33.15,140,0,43.62,52.63,-1.22,64.65,12,25.92,104,105
56.53,-15,-25,9.15,65.21,10,34,77,23.29,50.33,48,-20.77,48.41,62,25.8,25.53,32,-27,0,-17.64,-5.46,67.01,72,32.35,123
-45,125,-10.74,-4,53.42,127,143,64.33,-48,32.43,70.16,10.28,45.64,-1.73,-16,0,39.59,53.86,0.62,36.7,-47,44,50,130,2
-40,53,35,135,116,42.18,5.99,-9.42,-26,-2.06,7.19,33.04,25.11,-27,108,-24,101,-39,22,90,3,-32,-9.81,32,-42
-44,102,6,35,-23.53,138,2.56,90,49.74,89,110,21,28.26,-30,117,36,120,-38,125,-24.62,45.3,-43,97,23.51,95
31,29.44,30.71,70,5.24,-20,55,12.78,7,-37,139,-45,50,1.99,15.65,-14,110,-24.96,-10,52,4.16,48,40,-13.45,-20
46.43,-44,26.34,110,28.39,35.93,10.02,-4,15.37,61.52,63.69,35,35.36,83,25.57,-3.93,-34,34.66,41.56,22,33,28,63.63,15.91,-46
31.99,65.02,5.85,-24,41.5,54.27,40,57,135,25.54,71.03,-2.84,52,-20.61,28.81,38.01,81,-19.66,68,-2,58,2.77,-31,-2.04,60.22
23.03,53.33,69,17.68,15,-47,43,52.31,36.53,17.38,-22,47.6,132,34.27,35,61.45,79,37,121,-46,-6.17,114,4.83,39.18,137
93,35,-32,148,31,22,-3.48,-8.98,66,59.71,101,56,55.57,42,2.28,4,-20,-13.05,1.77,39.29,18.42,27,22.42,111,7.81
-4.39,118,88,119,110,-24.81,19.11,46.45,-8.61,7,-48,-23,10.5,62.35,34.16,-10.39,-7.11,114,58.96,-1,121,-24.71,41,43,133
77,136,68,-20,60.03,51.71,131,47,132,62.45,66,-23.85,-15,31,129,72.95,58.26,-11.25,70.52,98,23.61,-17.51,36.11,72,-19
99,-10,-26,50,57.46,32,-4,34.19,143,50,3,49,88,65,13,24,45.7,-6,-8.05,64.6,17.95,-15.38,98,41.27,-5
6,42.8,37.12,-27,11.04,-1.83,79,16,60,68.95,-25,-25,63.22,76,70,46.38,26.72,103,49.57,18,-10.35,-1,-20,7.78,30
138,52.45,3.78,2.68,68,-3.52,77,13.89,60.9,57.07,93,-9.45,77,84,44,30.47,39.03,-22,43.72,-21,52,124,38,69.3,34.79
36.71,13,1.41,39.41,98,-43,15.08,34.76,84,35.21,4,25,-28,-46,-24,75,-2.35,39,141,69,9.93,36.5,47.07,12.08,36.42
41.09,4,45.56,-31,148,34.97,140,-29,19.76,129,62.93,-47,-41,-32,28.69,71.3,29,56,-3.8,51.89,0,2.81,-0.02,9.81,15.77
5,27,74,33,1.19,26,7.78,143,124,8,4.22,114,147,71.59,89,-26,28.85,19,-20.08,40,8.68,-11.04,51,68.12,3
10,-13.05,-38,26,28.74,-45,36.82,74,-34,148,67.45,80,102,-15.15,10,103,-28,94,23,-5.27,51,88,-29,0,107
71.41,62.68,-49,-20.51,50.93,108,93,-30,130,-10,-31,131,54.52,3,2.9,111,41,-9.78,29.52,-6.89,76,74.88,26.73,90,-50
-4,-2.29,-35,39,59.86,52.07,-5.11,128,75,47,91,32.88,41.52,-10,-32,31.13,-4.58,-11,-19,41,22.24,-2.64,114,-10.58,107
62,-20.74,91,14.52,64,80,-24.85,63,7.2,-6.76,-6.3,-50,12.05,19,85,43,70.36,40,16.38,59.56,110,118,82,147,21
81,77,138,35,-24.18,114,135,7,102,84,45.41,108,62,69.94,53,46.72,-47,-16.84,25.15,1.66,43,87,-11,54.87,10.84
30.8,89,46,146,65.18,-47,-5,75,-1.28,-6,-48,32,17.5,26.71,-27,67.54,101,65.31,19.92,47.57,64.49,-49,22,64.68,87
-11.34,36.37,8,33.98,-46,-22.85,17.47,83,-14.85,13.46,50.32,-3.07,13,-50,-27,50.03,142,9.5,-10,1.18,23,123,18.03,51,49.38
52,71,35.83,43.27,-5.9,69,82,138,-6,43,-4,-27,129,16,30.47,121,55,47,29.7,-44,78,39,16.38,3.34,73.64
-50,44,130,125,12.19,5.85,-18.55,19,40.47,66,124,53.18,138,91,52,60.4,10.34,96,-10,23,-3,149,-24,58.68,50.08
95,99,-7,27.3,35.8,57.49,37,-18.38,71,-14.62,83,23,41.49,-5.15,52,108,69,62,6.86,17,93,36,45,96,-11.97
60.3,44,-17,71,86,-3.1,-9,138,7.05,148,-20.13,8,17.17,4.56,-21,40.22,146,45,61,23.35,-0.72,-24.33,54.65,41.14,-17
10.22,-18.85,-3.27,143,103,120,-9,17.06,-14,47,-3.29,16.59,-3.39,44.95,-2,21,125,146,22,34,-29,138,10.19,147,49
116,-48,126,48.02,-0.11,1.39,93,124,124,125,-25,100,67.1,-31,101,50.3,63,44,62.42,71,107,94,-11.95,54.49,-5
55,19.09,120,41.82,23.04,11.27,86,-37,-5,-46,69,40,-45,55,143,-14,52,29.79,89,62,53,141,-13,-1.69,46.52
46.44,-24,2,6,-23.72,38,-10.77,13.07,26.75,63.06,25,-7,89,55.18,126,24,30.45,69.34,43.88,4,22,23,47,-24.77,57
-44,22.19,33,80,58.04,73.64,23.22,83,69,-32,-44,103,79,66.52,62.35,-8,93,22.99,47.34,14.5,41,11,38,-9,66.07
147,16,61,118,144,-44,-1.92,144,-24.32,-22.72,14,108,36.58,45.38,-37,-10.05,-15.68,102,0,39.84,36.89,-43,63.07,-22.16,128
25.26,34,70.15,-50,56.41,18.55,1.26,16,67.23,54,34.21,134,25,44,35,15.8,8.64,-35,59,65.32,22,-3.23,39,-33,44.69
27.54,57,139,16.35,-38,109,28.66,80,34.11,114,-1.58,10.08,72.05,11.03,-6,-18.82,68.26,68,13,69.3,12.15,67.93,115,42,-38
130,3.77,20,-20.79,-22.66,70.99,134,72.39,68,-32,66.93,-24.9,-33,24,31.75,80,-31,35.77,-10,12,39.08,66.22,21,37.81,3.62
4.25,29,64.17,-28,79,84,20.79,125,99,36.99,18.85,129,-8,73,65,77,-23.29,4.44,18.91,-5.76,62,-22.36,61.76,32,79
52,-10.17,14,-7.65,-34,39.15,61,-1.54,57,39,29,68.93,-11,12.23,12,14,68.91,145,13,48,47.62,25,3.08,110,30.33
10,54,-39,61.79,128,18,89,-37,26.69,-4,65,62.35,126,42,67,-11.91,59.5,55,47,42.74,72,82,2,71,31.45
30,49,123,137,-2.87,10.73,-8,17.1,42,47.57,5.79,16,39,-17,45.25,91,19,9.52,62.04,52.02,41.82,-16,-6,-41,98
55.37,-21.03,42.76,42,39,99,-1.49,-19,22.53,-5.91,60,62,73.61,-32,76,64.46,-25,33.13,19,80,71,-23.33,136,-1.45,27
51.67,33.52,-14.13,3,54.88,-49,63,60.28,25.3,82,67.11,-4,60.39,-13,47.64,-10.21,149,114,54,89,-1,38,-12.9,82,-20.56
-13.75,83,20,23,9.35,46,-3,58,143,148,96,-5.24,148,44.88,43,-21,67.86,21.97,33.52,27.43,104,62,34,23.49,8
-23,-27,-20.23,67,32,2,-36,65.06,51,32.9,68,80,9,-4.05,134,44.49,-22,12,95,2,30,-13.36,11,58,-20
129,1.41,55.58,39,30.68,24,-17,138,16,147,35,42,121,62.48,93,-13.5,43.44,-15.95,1.2,1.91,15,-10.04,123,-40,71
-11.22,77,-20,-29,45.03,70,-9.03,74,116,73,49.9,22.9,-25,-15.06,65.54,76,56.97,103,115,-21,26.09,119,130,-13.39,35
-24,26.67,32,38,-14,100,33.05,57,32.41,107,67.35,58.17,-5,58.38,72.93,73.71,10,21.15,4,-21,13.97,116,60.44,67,73
3,51.35,28,-4.45,131,51.72,-48,4.77,55.41,-4.22,80,44,58.47,-17,-49,-39,-1.16,-6.23,18.19,75,54,40.93,9,60,122
-3.96,29.86,26,33,48,-37,41.69,-29,7.5,149,49.78,64,127,135,49.25,42.8,76,-47,65.82,18.3,14,98,128,5,19.76
28,68.03,17,15.08,70.36,121,21.71,25,20.25,-12,35,61.39,5.08,86,53,6,-5,36.12,-9,52.81,144,70.08,26,-10.98,-6.49
73.24,56.15,10,29,73,13.79,51.13,-37,63.66,92,74.91,26.38,28,-9,3.17,13.09,127,145,-18.3,23,20.37,148,144,64.73,133
62.51,47.28,7.23,-9.11,108,-8,-6.06,61.47,8,92,138,65.72,98,-11,80,14.61,-42,42.48,-24.96,58,139,51.63,69.75,87,65.23
-20,-11,52.39,-18.4,42.44,22,-1.41,63.04,14.18,91,19,114,142,94,49.14,75,67.71,32,-3.12,10.43,66,107,-7.81,-10.67,58.81
106,138,19,-14.22,110,83,66.95,-25,24.31,-24.92,-15,64,-3.47,28.52,34.67,-8.93,-20.01,110,1,117,-10,-2.1,44.93,16,61.4
28.27,10.83,-49,144,-36,68.71,25,-17.99,23.52,-46,-3.3,-40,123,-18.19,-43,70,144,67,92,34.57,-22.91,67.78,49,-8.43,134
-39,43.12,22,117,67.97,29,137,-12.35,-25,31.15,56,132,149,-1.65,41.5,40.73,-9.68,43.54,20,112,12.34,56,107,136,17
-0.08,-5,54,49.61,-5,-3,42.24,-4.17,40,-32,-23,42.23,82,60.8,5,49,3.18,125,-3.62,33,134,32,148,2.54,9
136,14.68,125,-50,-18,43.42,149,68.66,-19,123,39.05,-15.27,-2.69,50,6,4,-22,7,38,115,69.12,-12.51,104,-9,28.72
22.63,-44,-44,12,68.19,-47,73.94,55,60.03,15,50,52,100,26,97,61.96,-27,18.75,39.76,43,144,-16.33,9,145,97
-7.33,37,59.6,30.42,141,84,53,55,63,68.45,10,88,50.53,105,87,19,66.17,8,-25,66.38,71.03,-9,120,-1.66,-5.93
-21,-14,30,30.66,48,16,87,149,48,-24,12,99,46,-17.05,12,-16,44.74,23,56,-10,64.72,79,-50,42.71,43.31
130,75,-8.31,-4.91,-32,47,93,92,64.13,-9,31.06,65.32,30.72,84,148,-27,86,126,-42,52.55,-40,-6.57,147,139,65.23
37.08,33.49,116,65.73,100,22.25,46,1,-9.46,113,20.68,-40,-13,25,139,-49,61,11,34,26,40.1,2.9,139,98,104
55.46,105,59.44,-30,47,-3,109,75,33,10,115,4.63,31.41,109,34,34.66,-12.14,-16,85,1.62,56,-43,42,59,-12
35,18.61,29.23,-0.96,55.35,78,57,71,-33,-13.64,51,65.73,-16,73.39,36,60.03,75,64.27,17.96,-21,99,19,15,1,62.27
3,-3.8,56,65.33,-12.89,59.18,-24.48,25.46,26,32.19,-16.89,27,120,-27,60.64,11,27.2,19.3,32.77,-7.88,66,43,51,46,77
14,32.32,11.14,29,-13.96,-2.02,-15,28.75,47.52,17,116,-11.01,30.93,110,-11.09,90,-5,36.15,18.24,62.6,63,14,2.1,134,6.83
45.86,-18.03,147,-8.53,-38,83,58.99,-9.4,107,33.07,-15.96,104,6.39,18.89,133,63,74,-42,60,105,88,-29,13,-6.46,124
49,36,15.66,-21,80,42,60,-45,73.71,59,86,107,131,27.59,33.3,94,111,-35,94,126,57.28,-13.71,-41,-2.14,16.17
-38,24,36,55.23,34.84,61,78,10.92,51,133,40.26,78,138,-10.65,136,68.69,31.39,-28,58.48,39,-14.89,-40,53.19,16.41,-19.16
55.78,56,46,-5.84,16.81,27,89,-4,22,71.78,-4,7,-5.24,52.24,124,43.21,-50,104,74.25,146,25.36,7.64,126,-20.98,103
-32,73,70,66,94,56,66.85,37.86,5.06,-48,8,74.31,-19,20.62,-2.59,47.49,120,67,1.69,127,44.64,63,-12,-20,25.1
30.43,59,126,45,-2.88,120,-26,-39,133,143,42,17,46.57,143,34.73,-2,48,-16.65,96,107,59,50.5,9,52.16,-15
53.87,-15.49,5,32,80,81,-23.2,9.73,-5.59,120,92,28.38,54.14,-1,-18,67,-18.75,143,-43,145,11.02,9.97,70.41,18,149
143,23.93,36,70,-0.15,64.9,-42,126,19.43,24,-11,58,63.85,56.89,52,-43,145,49.21,-24,15.4,120,-44,14,31,2
67,37.89,8.45,-14,-22.08,-35,20.78,48.91,72.89,37,-13,-21,47.42,8.56,-16.55,-13.05,4,-16.03,4.79,37,-6,47.08,91,-31,-26
122,101,26.06,21,22,21.95,142,66,-45,45,-20.69,103,88,142,6,7.16,13,141,52,146,77,81,37,-0.64,61.65
147,87,-32,70.71,-1,64.87,115,-32,-11.5,62.97,60.83,107,69,-17.88,62.1,69.69,53.33,60.14,107,72,-11.75,85,7,119,134
53.65,59,41.98,-15,-17.27,120,44.3,17,-40,53,7.62,16,111,59.7,71,61,0.99,33,-17,56,-2.41,51,80,-10.59,106
51,56,-26,66.8,-26,-21.8,59.03,46,66,53,35,47,125,35.86,67,35.57,139,65.3,64,42.04,-17.79,73.9,142,134,9
58.1,20.16,134,87,42,20.42,-14.14,142,38.32,-13,66.92,27,51.63,-8.46,-15.13,-46,50,120,-11.62,55,-27,147,-14.01,57,30
134,-1.23,-5.51,36,21.25,-11,4.87,-50,21.89,-27,119,61,-12,-3.03,-50,140,45.8,90,144,112,-19.34,129,71.93,6.85,-3.65
36.65,21.1,43.87,29.7,-0.49,-3.13,27,27.85,38.57,23.43,129,140,-9,68,27.25,47.84,112,60.77,21.93,-13,128,24.35,-5.61,40,36.06
66.17,143,101,-49,71,18,41.12,73.27,69,2.65,19,43.99,14,-48,38.01,68.6,59,9.03,87,90,65,25,-21.13,50.98,86
75,54,49.98,-14,7,1,41,11.35,148,1.32,11.82,-32,32.09,47.68,70.99,78,19.94,37,123,-14,-18.29,63.7,144,53.6,-23
39.01,-50,114,60,15.23,-32,91,-20,68,61.34,47,12.79,143,86,99,8.43,134,78,44.85,52,29.77,16,25,9.49,93
24.26,87,74.03,-20.35,132,15,63.4,-19.46,39.08,-11,65,69.22,102,83,-30,145,12,48,-29,-31,124,74,123,16,-48
15,-9,42.86,19.02,80,44.96,-33,50,25.09,-25,13,-13.7,14,-40,10.39,-34,117,47.06,135,-32,-14,34,58.37,-41,119
16.13,58.74,58.21,25,36.03,83,42.9,20.91,83,83,34.98,92,21,-19.74,3.42,31,93,72.26,6,141,120,55.13,-24.62,15.3,72.22
102,-32,55.48,32.79,7.26,39.82,1.64,-14.59,21.31,58.79,99,26,1,109,39.18,136,36.1,126,78,99,53,102,56.22,37.29,35.48
-9.51,39.24,-4,10.6,70,88,54.78,28.69,10.71,120,65,70.33,87,70,61,33,-27,10,2.92,1,66.11,123,-27,54.54,26
73,87,74,101,92,-42,18.86,113,113,48.25,19.95,121,95,-21,-6,78,-49,42,-0.79,71,65,10.72,112,-11,-9.8
-38,56,34.82,47.88,40.45,104,94,69,47,66.77,34,-10.93,40.67,148,10.46,53,124,58,-23,52.9,137,0.43,14,3.45,-15.34
38.05,-33,121,31.63,23.23,-2.68,0.97,50.71,1,-42,-33,-6.96,50.79,-3.82,56.79,142,119,6,-30,-12.97,74,11.73,-27,-8.21,43.84
-23,33.35,129,-48,-20,55.59,5,-20.09,108,57,6.77,-15,39,65,0,-24.14,116,-48,32,86,2.25,64.72,100,21.52,-2
0,55,41.55,10,135,2.51,140,37,5.18,53.37,43.52,-37,39,90,12.37,-3.07,32.94,131,126,-25,-47,20.54,139,58,32
32,39,-24.86,-20.74,9,33.12,87,15.93,-12.55,43,71.31,25.51,120,-32,75,0,-34,-14.01,38,84,-23.13,134,-10,27.62,-19
20,5,33,145,39,-15.91,-47,-27,1.74,105,125,-24.68,54,-10.59,74.82,-10,113,-28,51.85,124,56,18,33,-19,-29
28.88,35.9,145,89,18.55,57,-6,-33,44.81,-10.68,148,-15.11,118,91,5.82,45,18.37,-6.35,30.92,108,-9,-4.34,28,117,23
4.29,3.53,-37,54,53.53,63,54,72,110,18.26,20.91,69.68,0,-21.27,-9,-0.09,27,43.94,127,111,56.89,67.59,-10.82,36,30.05
34.24,28,-34,34,-22,139,69.88,72,44,115,-22.01,59.87,59.25,65.86,-43,69,26,134,65,-1.07,108,74.12,142,69,100
133,-5.1,28.45,-19.71,17.91,15.76,35.4,28.03,-5,14.42,6.5,70.36,46.56,27,104,149,64,67,13.68,-11,40.94,34.94,45.72,47.42,-23.8
15,36,-8.01,-2,-2,101,23,46.72,-41,37.35,-18.87,113,7,8,-7.39,55,-23.66,-5.27,-41,-20.44,130,2,59,34.2,6.12
43.24,28,114,121,51.6,83,4.28,44,74.04,12,128,78,129,108,-11,44,38,93,-44,14.2,6.82,57,69.18,133,40.48
-46,7.66,80,20.91,12.66,137,5.5,-11,46.91,28.31,37.7,69,107,-29,102,128,59,72.85,65,-21.78,109,42,60.5,27,17.36
14,0,-6.96,83,-16,74.63,-45,59.34,-19.6,55,89,22,115,-11.9,68,-20,26,-7,71.34,147,103,-29,148,-49,-32
-6.32,-35,7.22,-15,40,-0.16,147,69.32,72.57,47.89,89,136,46.57,33.22,131,43.22,17.36,4,46.12,26.21,52.95,78,8.58,130,114
43.07,-23,148,138,35,64.84,55,12,-11,38,125,140,124,64,87,31.67,12.03,96,19.69,37,-1.42,-7.94,39.23,-19.51,87
110,-6,56.12,-26,6.62,13.73,50,149,23.26,137,81,61,111,56,-4.25,71.47,58.94,40,-21.12,76,3,132,44,-48,50
10.79,12.27,-13,-14,11.61,127,55.35,35,85,-22,27,138,32.71,-38,18.16,49.83,79,-23.94,88,101,-1,149,15.28,46,32
27,73.71,27,138,8,72,2,-31,-4.95,13,-20.86,68.19,21,74,131,96,-25,-15.35,-16,47,103,53.86,27.54,137,20.13
-44,-15.34,60,62,-9,67,112,135,62.14,53.89,18.42,8.33,23,-47,44,68.7,82,73,23.92,39.56,96,123,-20.89,-39,137
14,-13,27,136,59.35,10,52,-14,58.3,25,14.54,-47,99,25.16,20.93,16.57,7.5,114,90,12.18,-21.94,-16,66.24,7.48,-43
74,124,20.67,115,49,10.51,1,33.01,23,115,42,145,-16.24,78,39.22,70.04,-47,28.6,-14.55,43.62,39.45,-38,2.6,29,40.17
76,46.42,26.7,74,3.93,81,64.84,40.02,118,94,39,14.09,65.63,46.18,-18.17,38.09,59,76,34.76,124,56,103,53.42,13.34,55.25
39.48,-45,145,26.45,-17.52,36.68,74.49,33,64.16,22,52,-45,80,80,110,57,49.66,77,64.3,132,97,-48,52,117,22.53
73.97,46.26,50.14,-12.31,69,49.83,37,-13.44,-23.71,-5,38,12.93,-30,57.66,1,122,86,17,20.28,30.42,6.89,57.97,-13,137,46.77
-11.31,14.06,26,19.64,-15.87,73,44,-4.35,70,57,85,118,27,146,121,52,-12.75,36.19,22,146,43.75,37.39,38.82,116,36.23
75,139,25,23.77,31.32,-2.85,137,110,-35,25.8,86,40.86,-10,99,0.91,-24,49.17,69,31.07,-30,-17.14,38,-7,-11.91,64
53.84,23,58,-0.88,38.99,96,-50,36.36,-49,-38,-47,60.9,82,14,11,14.61,-2,55.92,47.83,61.32,103,149,118,147,17.98
67,26.91,15,85,89,30.98,-5.84,119,33.4,10,20.12,74,-17,17.72,27.04,54,44.32,90,-22.19,65.7,12,25.98,10,30.93,45.64
-3.41,24,35.54,14,145,119,-5.52,-22,51.16,-18,39.72,-45,46,79,41.83,138,143,9,18.45,146,-24,-10.56,26.32,50.25,-22
44.93,146,136,-17.31,28,32,31,52.73,11,102,-6.36,50.74,67.84,11.8,3.22,63.76,-8.71,8.22,12,-19,-1.08,130,62,40.48,-0.78
85,66.07,-48,14,-8,131,-11.76,67.1,-15,-17.64,119,-35,-8,-9.69,66,52,-24.15,26.44,13.42,19.79,47,120,21.71,76,32
67.87,-21.79,6.74,31,17.92,56.18,85,4.31,54.11,-10,70.17,42,-19.29,99,37,-2,-15,90,45.06,149,68.38,4,72,111,145
3.37,-27,-43,81,140,-27,34,-13,-28,-18,143,-41,31.98,47.93,30.24,110,37.07,9,29.18,14,53.81,51.62,89,38.79,15
66.41,22.41,-11.85,-29,137,110,-33,29,7.46,7,11,-19.11,35.67,0,116,43.19,69,121,58.75,-23.04,119,38,-17.98,120,69.58
-18.63,71,11.67,11,41,62.14,112,16,-4.29,34,7.3,6.16,37.88,138,67,-22,32.94,-33,70,40,103,-3,45,124,53
9.36,-23.58,105,74,70,-17,73,21,31.24,-5.58,26,13.55,58,77,83,72,18.4,-32,-4.43,144,36.02,-18,50,-26,63
10.62,-23.38,7.92,3,69.67,57,51,-27,18.04,43.55,17,-1,124,140,96,-6.43,69.85,37,61.17,44.45,35.93,13.91,62.46,55.57,26.51
-11.37,44.15,44,-34,4.72,-44,65,43,-21,103,-50,149,24,67,17.24,41.62,39.18,18,19,130,71.5,122,20,-6,-10
-14.35,12.97,69.6,88,32,15,60.22,38,109,-26,41.96,3,97,44.74,-11.38,-13.83,19,-43,9.04,-15,102,37,62.36,-39,32.67
139,-12.52,-24.12,71.06,67.07,114,81,22.79,33,93,37.97,66,99,101,59.22,59,5.45,20,41.89,74.5,130,83,110,103,22.28
13.1,31.54,18.37,93,39,68.99,7.77,49.59,107,14,132,9,44.22,26,41,-45,23.88,128,-2,-5.78,53.86,-8.59,113,32,18.65
-14,66,114,69,-9,-11,-8,-12.52,126,44.69,-11.23,26.42,30.86,15.53,51,-37,-5.75,69,31.13,117,-16,88,97,25.23,71.78
7.78,0.72,42.81,18,92,79,-24,72,23,140,6.72,-29,9.87,73,98,30,115,3.75,-8.77,-3,22.55,92,21,49,26.13
77,78,21,-2,71,134,59.87,-12,79,3,-1.23,35,6,-26,47.81,-33,143,-9,46,-0.09,12.85,4,137,109,33.87
65.61,52.66,105,64.92,61,48.34,-50,-20,132,-15.18,20.74,124,-1,39.79,2.8,76,7,96,116,38.32,18,-1.57,36.73,33,30.68
102,-18,31.29,11,33.33,38.71,35.46,56,114,69,44,69.9,-4,-25,98,-29,57,62.26,47,42.79,-20,13,-46,45.18,28
-9,94,-5.84,-41,0,14.61,126,83,100,-5.97,61,8,38.93,24.06,33,95,92,70.51,34,-25,-17,98,-1,15,46
70,114,-35,41,144,114,-19.27,123,0.98,53.61,127,-7,8.7,-23.49,19,146,-24,136,15.85,-24,-15,107,-23,-6.59,111
36.25,3,57,-32,14.49,58,2,-12,142,-43,94,137,71,107,57,-12,25,-37,148,118,-17,16,-37,31,115
25.23,-12,49.91,99,38,46,-44,59,115,79,-2,78,112,-13.08,-5,39,14,109,-16,43.08,38.06,-20.78,-10.1,90,55
63.51,0.17,27,56.67,-16.43,-23.2,-6.73,-16,31.29,27,116,-39,88,10,16,62.86,-22.19,-35,39,17.31,56,-12.5,131,24.27,31.85
0,14,-11.52,61.49,68,41.33,29,-17,22,24.66,-20.42,10,48.54,-44,13,-10,-46,75,39.58,67,-8.95,96,8.47,87,100
73.71,-20,-20,18.21,-6.22,-28,-13.71,125,88,-20.56,73,119,40.08,46.93,65.81,17.03,-17.28,49.32,103,56.35,47,-45,57,38,-46
21,131,130,53.2,-24.16,112,25.65,21,99,-25,21,14.8,106,-16.37,33.58,88,27,147,54,128,10,2.3,82,32.91,-14
18.81,65.59,43,62,127,56.69,69,-1,144,44.07,13.84,65,113,-15,11,104,1,84,67.02,28,127,31,30.85,101,-29
11,-1.03,-29,-37,118,-34,-0.98,24,42.97,27.99,117,-4.96,71.45,-1.38,39,29.79,49,40,44,93,59.6,74.67,131,34,26.91
-31,61.43,-19.42,47.09,88,-1.57,136,-10.56,85,11,-11.94,48,20.6,7.74,17,88,-50,-26,54,143,36.15,47.33,-4.21,79,-3.2
-16.35,137,44.38,5.07,49,140,54.33,69.07,15,86,-5,14.54,136,0,-1.27,102,-48,22.96,109,19,-44,48,-4.66,-22,68
-42,21,60,117,135,1,-29,-16,74,8.27,95,-48,45.39,25.76,22.28,144,-48,-24.09,-12,26.62,74.99,135,-49,95,113
-19,-49,21,141,148,1.39,56.48,6.49,110,-34,12.7,7,54.47,-16,-5.67,42.57,108,34.33,-1.64,145,10.75,93,81,54.18,40.64
131,-28,106,3.89,49,74.18,1,123,23.55,37,48.08,-44,13,12.57,94,22,91,37.38,66,-23.32,12.51,22,116,107,38.72
14,54.73,75,1,88,5,107,69,18.53,-10,-6,44.01,11.19,25,-15.86,134,13,64.28,44,61.9,96,8.84,0,17.61,45
-17.18,-18.03,24.87,23,14,4.16,2,-47,37.66,10.26,141,9.94,123,148,16,-7,-11.5,28,-50,35.59,20.96,2,113,49.14,-2.81
61,4.81,8.76,33.21,70.76,29,29,51.11,6,18,38,111,145,53,25.6,-37,59.15,-43,127,-12,81,43.9,7,126,75
15,137,51.46,26,1,58.59,-6,-22,4,48.31,-7.82,36.12,67.7,100,30,74.98,133,66,25,123,-4,137,1,115,-17.34
60.5,76,52.24,5.4,-17.12,84,6.49,58,89,55.58,100,137,-22,139,-50,77,73.48,-35,101,5.44,31,115,41.36,37.05,-15
78,57,109,68.26,-43,-7.87,24,5,-5.56,36.21,-38,38.86,52.9,110,-6.65,29.21,-14.6,48.64,-37,16.53,0.57,-22,26,49.3,3
59.98,66,-29,-36,60,93,12,30,-8,97,16.21,143,-44,54.25,-35,-4.65,50.54,88,13.48,27.66,10,114,22,23.89,-25
7.99,-22.1,9,138,-5,67,121,111,48.17,32.15,120,134,34.26,117,-45,-6.55,21,102,-41,20.26,21.22,-50,53.67,109,24
72.3,50.09,27.93,27.47,3.18,18,106,-21.49,78,22,126,38.35,64.08,148,48,36,129,75,29.37,3.39,96,-10.57,65,-27,41.86
64,16,62,45.43,8,102,9.74,84,33.46,-7,-16,52.64,-14,4.16,19,75,-2.76,5.91,20,-19,97,20,34,-5,40.57
-33,88,141,64,28.54,-33,3.17,-12.84,-37,23,94,121,16.95,34,1.95,-8,58.45,132,132,68.06,30,37.92,94,-20,-16
-12.25,8,40,52.23,48,76,-1.45,-5,131,120,10,54.05,73.95,14,56.15,-21,-9.74,-5,19.92,65.94,110,17.19,63,-23.28,9.33
-17,63,45.44,120,16,4,-2.12,112,35.88,-20,-21.01,-19.58,39.63,41.95,-47,29.46,72.69,9.65,26,27,146,89,134,-23.65,25.39
32.24,144,44.83,38.94,-30,109,85,12.76,22.62,-25,56,25.95,74.68,94,99,36.23,-8,120,22,97,11.76,31,63,27,-5
68,73.21,67.52,-9.91,43,41.86,74.3,-24.81,138,72,-6.3,131,-16.59,47.98,88,83,-34,-18.28,10,-9.02,27.35,-38,50,26.86,137
53,-2,21,-8,62,48.75,35.12,-42,24.06,112,144,-23,96,-5,-6,26,149,7,23.78,-45,114,78,43,117,-12.27
-21.69,70.84,74.95,116,29.09,65,71,57.58,-17,115,23.64,11,-35,68.23,-50,68,69,55,64.28,137,70,-45,52,38.38,65
75,22,-7.97,19.28,69.75,74.45,120,-0.63,89,53,24.37,82,-27,-5,29.63,-19.19,31,-19.74,94,36,-26,108,71.24,2,108
136,-0.11,-26,48.85,-18,16.46,-22,114,29.58,-34,3.3,-16,69,113,58,59.12,24.32,0,113,55.61,75,-37,111,31.64,-3.14
116,-6.75,20,59,-50,4,61,120,43,-40,69.16,4.39,86,55,75,-41,126,62,57,-18.93,69.53,99,8,-17.16,-27
123,26.36,53,30,-15,-16.45,-4,24,-2.54,-11.57,-11.51,33.85,54.52,29.68,0,18,20.26,2.15,-10.82,33.96,104,19.53,44.4,36,-40
7,-3.71,88,-18,12.76,43,56.98,15,149,53,-43,126,109,52,82,80,111,-41,140,106,-7.45,37.42,72.33,19.82,-14.7
6.87,-4,92,-27,65,64.67,-43,148,19.67,32,26.75,64,40,30.31,-13.91,54,72.89,111,49.17,52.71,-10.7,60.25,100,33.7,71.25
67.87,120,-37,115,50.81,26,57.14,143,146,13.63,111,50.47,15.38,143,51.92,45,69.35,146,25,27.41,68.55,51.39,-45,72,-14
68,31,39,26.28,48.51,9,-15.33,-15,45.73,24,13.84,3.74,-47,63,62,49.11,29.8,-14.65,69,2,67.04,7.92,78,34.6,71
9.2,69,34.83,3.93,139,70,42,62,-27,49,55.36,28.46,68,138,39.58,-8,-12.26,70.84,-2,37,62.63,62,15.2,3.79,44.03
149,57.56,121,28.95,55,-9.43,-1.54,70.51,-21.31,23.9,0.02,86,63.95,-23.76,18.93,103,-4,19.67,-5.89,1.65,64.15,-3,11,108,8.36
144,55,-25,50,64,77,79,48,50.17,-3.85,0.19,88,-10.33,20.18,35,60,21,-22.84,95,79,2,146,-31,57.82,18
-10.69,80,131,32.85,-12.14,108,67.76,42.22,-13.36,11.75,-14,111,68,83,21.95,66,48.9,29,-23.13,1.05,25,56.5,5.04,65,28.68
-16.96,109,22,-4.07,42.38,64.43,11.09,-50,110,5.35,36.8,55.53,-22,16,54.21,-13,35.97,58.28,-4,52,107,70.69,61.03,131,68
2.83,69.73,28.75,51.68,35.01,-6.7,10.87,98,59,-23,-46,83,40.64,51,-7.71,17.08,82,-5,68,34.27,27,50,62.04,38.3,-33
-11.52,30,136,140,35.15,-10.92,56.33,-3.86,13,-9,29,-19.39,-31,54.16,134,41.93,48,140,47,27,0.95,117,28,48,-36
-42,-25,-48,35,59,-45,83,-6,74,138,94,67,17.26,18.23,71.83,43.64,-28,23.35,-7,-2,25.95,-48,-22,91,-2.94
-15.21,139,70.1,-23,8,106,-4.28,-34,66,-47,34,61.88,92,51.78,33,-48,-16.77,4.9,56.53,88,-10,35.93,74.97,18,-25
71,-32,36.59,63.29,-33,11.36,10,-15,-23,61.23,141,93,56,54.47,33.35,19,79,-3,-20,69.66,-35,25,52.9,0,134
-5,32.83,119,17.33,37,68.99,134,7,37.68,1.91,6,87,50,61.88,55.2,-7,146,-4,33,111,62,125,66.71,-3,-11.57
-2.23,-36,62.89,-10.12,32.58,-44,58,-14,43.26,-13.2,11.95,22,27.33,106,110,40.55,113,122,50,41.02,96,19.18,3,69,-50
135,-19.53,116,55.95,-38,32.52,81,39,22.54,57,138,129,21.29,84,17,-5,57.73,14,56,37,15,90,8,-3.91,-17
80,21.28,64.15,41.76,53,71,-40,98,57.57,119,-30,-12.1,125,72.25,16.03,-7,35,91,-45,75,18.69,54,132,49.28,70
63.62,26.74,49,65.51,1.25,2.65,137,11.34,16,29.44,24,45.59,-16.01,-3.63,87,-48,-11.59,119,0.21,49,25.53,45.59,48,-46,113
64.78,50.32,144,119,102,14.24,34.33,69.75,-15,100,-46,120,128,-11.93,86,-38,37,5.52,11,11.16,-10.71,-7,69.67,34,40.67
112,-7,44.99,61,53,31.56,68,116,149,52.12,70,47.97,13,133,9.71,78,25.78,29.6,-17.47,78,61.56,41.47,70.32,131,87
63,48,-7.53,45,-8.87,-47,66.72,133,149,-6,-14,-41,-20.44,47.54,73.26,38,99,59.11,-13,129,-29,-13,-16,-11,-50
13,-17,59.35,35,43,-20.87,71,63,-12,105,57.52,105,70,-7.24,-46,40.87,148,59.56,33.8,111,11.57,48,45,-21,37.58
70.97,44,59.77,75,37.77,66.41,51.42,17,2.91,49,122,-4.5,106,120,28,62,-27,-48,-16,5,-32,26.06,132,10.12,2
7.06,28.84,138,27,-45,-11,46.03,91,-32,68,103,77,18.73,71.65,124,-20.96,-11,43,52.42,39,-11.56,138,1,-2.38,36
33,31,67.12,-1,4.21,57,16,121,15,104,-11,135,-16.9,-43,-32,69.42,53.71,31.75,-35,-7.69,-3.24,15.79,38.98,11.01,2
64.66,-5,31,-30,28.32,42,144,141,38,-8.51,136,-15.49,32,30,-11.43,3.41,59,50.06,39.26,-46,-21.62,108,74.68,-15.39,108
79,2,125,-37,94,105,102,54.75,111,30.18,125,61,28.1,34.3,146,15.77,35.26,13.86,52,66.8,96,94,-17,55,75
-1.95,115,32,8.6,108,-30,57,43.08,54.85,4.24,19,22,-4.19,65,52.53,0.61,8.81,40,27.58,56,52.34,97,-27,60.52,89
0,144,38.25,3.84,63,15,0.66,48.47,9.45,51.23,78,68.42,108,-12,-16,32.7,-13.88,130,23.46,19.83,58,-34,135,-16.72,67.54
-15,18,57.81,39.01,-41,-9.12,90,6.1,-17,60.64,125,126,-18,-45,14.68,124,-13,59.19,135,134,73,36.09,14,70.04,59.12
48,35.47,-3,5,9,21,-27,46.39,9.05,68.55,62,73,128,68,-38,-18.22,129,-6,9.29,-3.85,35,87,2.76,-21.35,31.66
47.65,55,14.78,119,60.57,33,-41,10,83,105,110,57.23,-49,62.97,71.71,34,-43,63.74,61,-39,44,0.29,30.33,49.78,33.56
12,126,-19,40,67,9,142,-24.18,89,46,-15.26,140,47.42,46.94,49.55,-47,-4.82,-8.87,28.48,44.39,-14,44,145,122,5.31
90,75,112,-22.41,67,2,21.54,73.23,55.46,20.64,-11.55,3.14,116,44,9.91,-4,24.83,-17,-43,11.25,67.9,23,51,111,60
71,61,77,10.36,7.3,7.55,70.18,122,118,57.2,143,69.48,63,40.64,-17,59.88,136,114,22,46.96,14.9,23.29,-6,5,91
-32,129,104,-30,-44,34.43,86,61.59,58.15,-30,61.74,84,-33,-3.43,53,-9.38,-29,38.34,74.56,73,110,31,-15,37,-33
74,24,50.84,-15,-15.3,-29,-12,-7.03,115,144,100,78,-3,-21.21,65.8,5,-17.3,121,63,109,26.87,-50,12.94,106,106
-15,37,-12.19,5,42,-8.07,20.02,4.13,36,-44,67.91,89,38.85,11.48,42,-15,23,74.02,42.57,26,41.14,122,107,22.91,65
32.62,42,-9.08,25,122,66,53,60.51,142,68.71,-48,-11.13,41.62,7,34,-22.98,49.01,-8.79,98,47,114,5,5.73,28.65,142
-47,29.28,49.46,-19.34,43.97,16,18,-9.2,-49,33.1,72,37.75,56.07,-2,110,-11.13,18.55,56,66,93,-24,47,-39,30.18,-13.91
12.34,58,19,45.75,99,35,17.25,39.99,24,120,28.86,88,106,111,-2.13,6.07,-6.21,13.23,2.37,44.62,-18,115,122,-38,26
-3,12,-28,33,75,22.7,72,131,31.41,59.17,-22.13,63.85,101,101,23,54,45,-15,-4,-7.42,-9.09,73.16,65.16,146,60.22
124,74,3,112,33,21.06,10,-35,-22,55,33.51,69.04,10.27,55,-9.45,37.54,42,-8,126,51.12,-9,66.67,-22.93,21.02,12.04
24.92,27,148,-13.54,48,52.57,0,72.11,140,5,0,35.35,-15.55,1.03,-19,49.61,-42,6.87,101,129,66,-2,50.28,54.87,-26
-19.62,49.23,-22,33.68,47,25,8.31,-45,-12,26.76,20.24,43,137,80,-3,36,-13.74,40,0.71,41.42,14,104,-20,74.92,122
-25,-45,24.17,-9.26,98,88,-30,-23.75,55.29,105,49.08,56.6,23,11.61,-4.44,-30,24.52,37,6.38,134,29.43,-50,149,138,-3.25
83,-3,14,-11.06,2.78,114,7.23,57,-41,-8,-28,-24,135,26.87,-8.38,146,48,22.33,7,100,54.65,54,124,25.65,148
77,146,50.1,72.36,-40,98,119,-4.86,31.28,66.76,29.65,101,5.5,93,52.37,-48,-28,64.87,61.51,8,144,24.85,-17.31,73.98,121
9.04,95,100,103,63,58.29,70,63.78,28.46,68.49,33,12,-2,71,6.05,6,57.21,61,82,29.16,54,64,2,-1.63,-5
17.54,120,12,-16.15,41.16,19,-50,34.2,-15.48,13,7,5.64,36,99,-49,143,-5,5,12.85,73.31,115,28.75,120,33.46,127
57.85,14,-7,113,15.18,-6.22,147,-49,-14.8,4,70.67,-44,58,132,-35,-17.82,-18.9,59.92,37.92,53,35.24,-13,75,128,70
-14.22,27.88,9.26,-24.61,-7.91,82,107,45.26,7.63,-42,102,83,129,-27,34,-15,69,24,-7.96,16.67,26.53,14,136,62,21
123,18,73,34,117,5,122,0.93,-29,103,30.91,-7,69,67.48,62,-5.88,43.92,21.84,61.07,32.1,5,143,20.2,38,-30
53.12,103,8.18,25.34,37,96,-17.21,-14,26.12,70,11,24.32,-22,103,-21.87,66,8.5,56.12,20.69,68,57.52,31.94,-5.3,86,84
83,101,50,84,96,35.7,-1,85,105,-15,30,-44,65,32,109,135,-38,-15,86,-10.01,70.73,10,-24.17,104,124
64.56,47.42,141,144,2.36,30,88,64,32.25,63.69,-8.96,1,110,7,70.66,132,65,-6.66,122,21.55,24.93,65,-23.77,54.47,96
14.38,0,51,-21.61,-17,-10.71,38,41,-9.1,-11,16.4,6,-9.98,-7.78,37.58,18,83,71.6,-20.65,47.35,30.17,22.85,118,62.42,1.55
41,20.96,124,82,132,5,51,146,-9.91,44,64.49,2,59.55,116,72,38.48,142,44,5.83,38,-29,64,12.35,-27,130
23.37,-21,51.94,4.82,82,-24,-30,64.83,62.13,129,-6,68.69,5.36,93,31.12,49.49,25.75,73.16,8.73,-26,55.36,-42,69.78,117,123
-16,79,64.38,4.89,97,38,46.92,76,9.04,-13.57,81,-22,-49,141,-49,36,-14.15,147,-42,21.96,20,-6,-27,126,10.65
7.32,55,78,85,-18,-23.81,68,45.59,72.05,72.84,30.41,-7,68.27,121,113,-13,-10.87,20,103,15.69,39.39,21,136,5,-14
93,5,-18.61,43.51,10.98,59,93,31.29,7.55,40.63,-33,25,115,-19.59,19.02,-48,68.78,55,66,106,-45,-15,-21.87,-34,14.33
-26,-23.7,28,-18.62,42.68,28.66,40,72,77,1,-40,13.23,56,38.42,83,9.5,116,112,128,148,-16,61,-49,61.9,49
65.28,90,-19.47,64.06,96,22,11,-26,81,-13,-46,103,88,-40,136,131,15.31,25.48,11,118,-9,27,43.43,-23,21.27
53.71,62.38,81,118,76,32.01,102,30.97,82,-23.18,126,-50,54.33,-50,45,51,85,70.89,1.86,8.32,16,17,32.41,122,-1.93
68.43,144,19,-21.73,50.6,-19,13,24.1,9.37,113,78,55.4,71.14,-41,33,-3,53.36,78,-50,22,46.61,-15.51,93,99,54
-31,-22,-26,8.28,80,-14,133,136,2,44.3,29.6,115,45.63,48,3.84,70.8,33,103,40,-8,14,147,91,-27,-27
84,120,3.08,3.31,56.21,14.59,87,63.69,8,128,11.2,70,49.65,53.3,10,57,-23,-34,33,8,43,15.73,17.67,110,-34
108,10.56,60,-0.03,16.77,92,-3,33.07,-1,-0.24,39,17,63,5.23,122,33,69.23,128,118,32.85,10,61.76,5,144,64.69
30.61,79,-23,-20,71.52,53.6,104,30.3,-15.36,71.83,146,79,78,22.4,38,-31,56,-23.45,143,-38,72,19,27.44,47.99,13
130,32.85,6.28,57.06,4.13,-6.19,19.94,-0.81,49.02,149,85,6.61,69,-10.82,55.02,-7.43,-1,141,132,28,-49,27.84,114,-36,20.5
23.61,-3.97,13.41,142,118,14.45,67,59,28,-28,108,42.7,-28,97,-7,2.27,70,8,66.52,18.27,23,46,48.3,50,103
10.71,-19.64,68.7,125,71.3,131,-21.93,61,-13.43,-24,33,78,-10.2,46,52.54,-10,-42,-9,-38,138,142,53.42,66,16.42,-17.01
34.1,21.47,72,10,44.77,73,3,-4.92,-21,111,-15,143,52,45.6,50.55,113,98,-2.64,-7.35,2.05,134,-18.53,-2,-20,-21
58,57,38.3,111,47,37.32,95,68,-15,54.35,5.87,79,29.51,56.12,41,39.09,35,141,73,90,26,64.6,40,-21,-20
-23,22.37,-12,19,115,-31,36.84,-4.26,-50,108,92,-35,-18.09,29.52,36,49.16,-8,-23,116,3.83,15,133,-29,60.71,27
-9.16,-48,37.5,34.61,102,28.59,136,16,39.08,15.45,3.41,-3.86,59,122,82,45.79,46.2,66,-13.51,-20.69,43,-6,19.55,130,55
129,53.9,-12.3,63,-28,142,52,62,100,67,17,41,81,-49,-12.21,65,-11.29,-5.51,-22.23,-10,6.85,22.35,7.63,25.06,72
5.32,73,-15.11,2,126,-22,-7,81,19.84,-14.89,57,144,12,-9.76,19.44,-19,21.71,6.75,84,-25,14.83,69.68,-8.42,86,54.15
-8.34,-4.83,39,84,64,138,-23.11,147,19.34,71,-39,99,76,50,-18,136,55.76,38.41,18,53.34,-11.15,31.29,68.43,90,58
59.92,76,-49,148,72,9,-31,67.58,-27,98,141,29.85,21,79,-3,-16,9.28,11.88,-20,-9,30,-13.08,13.3,-13.32,-24
65.63,43,8.24,59,-20,146,46.72,-3,100,52,19.35,41.27,39.54,-43,68,58.4,23.36,-1.95,8,23,116,70,40.17,1.01,80
37.61,23,120,132,-22.19,2,45.93,-50,142,96,66.12,129,-31,-27,8,53.65,121,54.84,-12,128,-27,20.67,80,38,27.43
117,69.89,50.02,77,-7,-50,63,55,49,-26,51,123,45.68,76,51.31,-15.19,49,37,77,-3.65,-11.59,-30,2,64.93,39.95
30,69,-11,-5.01,-9,35.6,1.77,28.74,29,-30,15.93,62,93,35.72,135,-6.32,33.29,116,12.29,14.87,-9,63.98,22.03,-9.05,47.5
97,-49,-1.57,-23.09,47,71.14,-19,40,49.68,-15.64,73.26,22,98,25.54,118,-33,52,96,57.55,-15,74.52,1.51,70.35,116,-17.03
57.07,41,-0.72,53.34,19,25.77,-1,21.62,138,-48,-15.04,61.76,102,2.31,77,106,-18.98,38,-37,44,-19.3,104,48,-33,54.84
93,10,16.8,28,-0.13,39,132,29.59,112,32,-2.77,82,127,-31,66.39,22,-9.65,74,15.54,-29,41.88,74,101,63,-6
25,32.33,34.32,54.48,-50,18.53,-15.73,58,139,8.3,76,46.78,148,-3.11,32.74,62,38.74,-8,81,90,-3.82,11,32,28,79
10,139,-42,56.5,56,121,-41,13.05,43.17,-46,26.5,6.8,32.08,0,41.37,-9,47.68,-41,62,4.69,117,-39,140,76,48.26
-37,15.09,21.09,40.78,1,-18.18,55.45,60,-0.19,83,128,-3.44,14.45,50,2.26,-20.13,-4.23,106,-18.66,-23.05,46.02,-1,-22,17.15,51
6.27,28,44,40,5,135,113,-23.8,119,113,121,72.49,41.65,71,-10,121,-2.43,39,0,145,-16.67,-24,-17.03,63.76,98
26.5,30.72,37.52,49.65,112,59,-18,13,62.99,19.02,24,82,85,48,48,69.87,26,42,21.21,109,102,25.5,10.5,3,120
50,-7.13,-3.97,43.15,116,108,-12.62,-7.64,39.7,92,19.39,-30,64,72,3,-41,61.31,54.66,-11.92,30,61.18,58.32,130,16.89,71.17
140,68,38,19,-30,99,148,67.96,143,-45,93,-24.1,-9,10,55.36,98,-36,-27,-28,-45,-2,66.05,70.94,25.03,143
-23,-11.28,28.46,-11.95,119,-1,72.25,90,50.69,64.97,99,41.37,32.46,-37,39,67.8,2,-32,115,63.48,61,4,37.62,10.2,54.08
-22,-9.5,63.7,-16.33,119,125,73,-18.16,-16.44,40.26,29.14,-25,40,64,73,45,45,126,-26,113,-18,-44,-17.88,34.89,19.44
-32,-31,48.12,39,139,46,6.43,-21,6,102,-14.28,1,65.32,16,104,34.19,6.83,-10.23,89,6,48.81,-12.53,49.28,39,67.76
17,65,-14.36,31,37,102,-8.73,23.24,8.44,69.16,87,19,-31,106,76,64.42,63,21,106,123,126,-49,-8.69,16,60.12
104,7.48,-39,14.33,59.58,142,42,95,13.71,0.96,-32,86,13,21.57,52,102,37.68,12,47,31.58,9.42,30,5.45,16,139
46.03,95,137,50,113,30.87,77,23.5,102,38.96,-14,64.99,-12,65.03,-44,3.28,100,62.17,74,40.87,149,68.88,-7.43,-8.76,49
50,-5,-20.01,-13,75,58,20.18,79,47.48,-5.16,87,-27,-14.82,10,49.42,-27,35.82,72,145,33.18,69.21,110,9.09,-30,-24
-44,56,59.97,139,-23.27,13,123,39.49,-2,0,139,32.04,98,0,67.29,72,74.59,53.55,51.11,-17.11,6.57,114,138,-4.6,19.95
-18.91,105,54.93,11,-38,67.96,0,54,-13.1,136,8,9,-1.13,123,31.13,34.64,8,12,72.19,-10,31.95,-32,68,54,-4.36
148,36.58,134,18,85,-20,7.37,-23.36,71,-18.03,91,20,53,95,-29,-6,27.01,76,21,66.73,142,103,-10,60.03,-40
2,59.05,10,-30,73,81,81,38,64.62,-42,39,-29,-10,-29,2,-16.21,10.13,78,97,145,-47,73,55.63,37.74,-46
-9.94,126,128,86,-47,8.29,30.67,-15,25.09,5.13,26,59.57,90,33,125,115,104,74.54,8.65,36.92,130,47.64,36.97,114,111
54.61,149,16,17,25,117,-9.28,48,59,115,136,110,-1.32,58,-31,8,43.24,30.92,-44,22,72.37,39.88,31,-2.07,-17
-24.28,2.45,86,104,9,112,-43,63,41.95,-22.01,23.72,-35,5.59,-40,17.68,-36,40.73,86,-3,138,49,17.6,14,-44,4.11
23.99,51,18,-49,54,95,85,48.17,47.14,-1.26,133,-43,-5,49.42,27.5,69,20.61,95,14,99,103,-18,148,145,-14
96,-1.19,10.52,36.82,61.71,18,63.67,117,35.66,29.29,116,60.09,72.07,105,-16,69.48,-25,48.01,63.27,60.1,61,141,40.3,-19.01,30.43
32.7,-39,-38,-15.51,-38,-34,57,57,43,20.92,-1.32,72,-44,-17,47,60,129,26.2,44,100,118,38.29,-9.34,27.66,39
52.91,-32,88,88,19,54,46.6,110,53.71,57.44,13,-18,62.03,36.25,9.37,-5.01,-20,-43,31.28,-9,61,-17,48,-13,-40
55.78,-48,69.95,110,-11,36.96,135,30,42.93,62,-43,59,134,73,81,29,-11,14.13,-3.63,86,33.27,51.75,32,59.73,-36
-6.31,49.32,4.46,118,-12.19,41.91,12.66,131,-7.68,15.85,129,-5.73,89,51.92,36.28,71.09,44.78,19.08,132,97,113,-32,4,-31,5.02
21,41.6,-7,92,20.06,71.14,141,11.45,7,52.73,-21,137,149,-41,142,53.34,132,-24,52.48,134,65,-44,68.44,60.99,32.83
37,109,132,21,-19.29,-9.66,141,133,50.86,99,111,-42,-42,145,146,59.33,45.22,-2.02,-42,125,74,44.68,-10.21,21.04,-18
16,136,93,-22,131,69.43,94,91,89,138,18.87,52.06,83,14,-29,-17,-3,32.58,23,-40,-33,-42,79,69,26