107,-22.67,71,9,-12,134,54,-6.39,89,82,-14,54.36,64.09,73,114,91,8,49,34,1.28,67,26.86,34.08,-24.71,141
9.7,-14,31,57.97,64.69,18.49,-33,37,-13.68,-0.03,19,29.02,71.48,-7.95,128,44.03,26,-44,74,138,-8,-14,135,-39,-18
41,110,-38,-7.19,131,75,92,-47,19,-45,103,10.35,31.73,-16.41,45.11,56.68,22,-6.56,18.34,32,-1,-3,24,58,-2.7
19,12.13,18,14,59,57.61,-10,81,73.07,23.34,46,-0.77,-47,8,-15,125,1.65,98,120,55.08,62.27,15.06,31.98,98,70.13
27.47,67,115,103,-23.06,-36,47,-2.33,66.73,-12,39.3,64.46,34,65.34,-10,41,84,30,-25,38.56,79,2.53,52,143,120
81,-10.49,-12.55,37,33,50,-5,19,50,55.94,8,121,61.28,22.67,58.25,-50,-15.01,-40,23,125,-34,15,28,-15.65,-41
-37,-11,126,142,52.31,73,-19.41,53.56,127,22,9,72.33,68,49,74.03,29.59,13.49,65,35,49.33,138,11.13,-7.7,14,43
-33,2,-45,-29,5.15,34,-11.35,2.92,-4,27.29,6.27,114,-27,41.5,55.23,25,125,57,71.4,30,53.64,14.78,54.78,35.27,40.79
66,55.18,30,85,80,53,125,73,16,52.13,36.64,96,81,50.99,122,-21.52,-20,-23,-16.66,-18,11.94,22.25,-7.05,-2,59
19.01,-14.76,-22,-11.61,128,-8.34,-18.75,17,47,142,33,-39,62.94,-1,-16.83,135,54.07,-14,-16.89,73.05,5.72,62,40.35,115,16
141,40.71,86,41,47,144,-39,14,22.68,54.71,22.81,-23,38,-3,79,36.48,-34,102,15,112,8.12,0,62.85,30.16,-9
-16.63,7,46,11.93,69.02,73,65.97,1,107,74.15,47.13,80,58.77,57,73.74,3.19,85,-15.48,28.47,5.41,19.99,50.73,21.48,8.7,-12.72
50.85,54.65,141,28.15,2.66,137,-50,-11.22,115,66,60,16.3,78,66,68,34,1.09,61.34,22.16,0,58,42.07,67.9,39.73,68.31
40.4,62,132,43.81,109,92,66.27,7.53,93,-6,53,31.38,29.83,13.99,-5,106,-44,-19.61,123,19,56.9,36.19,-16.22,66,114
12.4,128,21,30,-3.67,2.77,10,66.09,117,50.42,24,71,47.28,38,27.48,-32,17,7.19,143,12.97,59.8,92,60,81,116
38.78,-50,66.36,117,126,93,35,21,48.16,-8,54.87,32.2,-10,98,68,-1,34.19,-19,49.02,11.67,51.3,-11.28,72,146,132
38.13,1.25,68.02,26.31,66.71,-14.07,42.97,144,68,-37,38.37,94,78,69.16,16.81,28.68,54.29,13.64,5.17,-11.58,4,72,-43,114,-20
137,39.06,35,66,142,-9.18,140,26,3.39,71,1,-0.18,125,31,127,132,51.28,78,13,83,11,-16.78,48,9.94,-14.76
77,-1,128,34.2,68,-35,24,-43,100,88,49.64,-22,53,54,-25,24,68.69,67.02,-5.88,37.58,118,64,57,101,-48
-37,-7,53,20,9.53,37.47,13,147,30,6.69,24.27,67.2,74.65,118,37.95,69,65.94,-3,129,34,2.71,93,135,53.35,11
46.61,14.71,6.56,45.13,50,146,24,102,-0.54,46,55,127,62.4,-48,75,-14.75,-40,120,-33,71.87,52.91,27,115,23,44.52
59,83,23,8,30,88,7.01,-33,117,53.97,39,113,106,72,53,-49,45,110,27.52,-45,19.95,39,40.93,5,129
102,-8.39,7.54,35,79,40,8,65.99,71.48,34,9.47,45.37,35.75,12.58,18.17,-21,-10.44,5.08,32.09,58,60.36,9,132,58,-1
66,56.69,40,-10,4.07,-18.06,17.07,102,43.93,10,108,44.31,3,-13.06,11,47.11,59.65,-46,37.72,20,-2.54,-47,-35,-15.8,16.46
87,-16,23.08,-24,28,101,4,1.09,55.73,24,29.49,74,26.79,113,1.84,31.36,96,58,109,-22,91,49,49.66,-5,14
38.88,-39,14.92,21,13.17,7.09,138,-24.61,5.54,-23.4,49.23,-16,130,-12,91,-5.41,110,23.63,20,36.6,40,10.74,-13.93,91,49.9
73,149,24.66,9,16.32,139,68,135,140,50,2,-2.83,-19.92,-22.45,96,44.82,83,5,91,-3.93,112,33.75,13.28,35.92,58
-43,94,62,-32,53.92,96,57.76,56,17,131,19.17,34.02,-20.29,27.98,136,146,126,72.78,70,79,-6.57,84,-4,12,35.44
43.65,35.04,27,140,67,37.06,62.4,-47,1.92,91,93,52,35.99,82,-50,126,43.43,54.73,-43,52,30,54,86,9,77
99,83,-2.25,131,14,25,-3.27,-31,2,18.93,44,112,61.4,68,50,71.18,62,-1.48,124,7.32,123,57.79,-3,45.37,65
28.89,-45,-22.52,11.75,-11.98,96,-35,72,55.05,43,62,17,18.8,-43,-50,-48,35,66,13.38,42,24,-12,24,-7.07,-34
-35,15,32,24.91,38,33.13,70,57.42,110,18.1,40.34,-10.34,4,9.53,18.19,37,30.25,38.35,55,42.35,-10.6,147,43.04,79,1.4
22,43.85,24.87,67.68,-27,23.47,2,-10.34,-4,-24.87,41.82,2.68,51,-1.83,40.44,119,94,110,8.28,138,60,-14.18,11.69,-22,1
-0.91,46.4,55.03,48,13.68,86,23.15,127,-13.85,6.28,69.77,78,-18,83,37.95,14.73,-15,66,69,9,38,-17,29,5,61.86
52,8.28,61,-45,-22.36,44.34,-46,26.64,132,104,39,40.07,14.58,90,75,23.9,66,127,46.03,116,21,-2.12,84,17.25,36.67
72,-46,33,-20,56.86,4,-11,71,57.4,59.35,104,-10.65,8,-9.23,8.76,12.65,68.3,44.66,116,135,83,74,36,49,60
24,46,25.28,22.64,2.6,-46,56.94,-19,106,48.78,147,-20.47,51.44,35.53,32.68,126,-32,-6,-16,25,131,92,27.5,-7.76,51.86
29.97,121,-32,35,10.48,-20,37,31,-10,-13.43,42.23,149,-23.85,56.47,-10,137,104,-30,57.35,3,-33,-45,66.91,0,92
4,68.12,-21,96,-34,140,-24.98,30,55,140,83,92,56,-7,129,18.66,9,145,119,76,55.88,-21.19,70.86,19,28.4
142,96,115,84,41.47,20,22,61,38.44,46,-20,39.46,58.46,116,133,-10.53,-3,67,26.46,-14.75,89,54.57,20,83,82
-26,-4,72.94,-14,130,55,29.07,1,-4.96,73.5,-44,38,29,58.05,-23.78,97,69.36,-8.08,58.2,145,22,34,74.96,6.24,-39
30,139,30,-18.06,52.92,61,46.73,64.35,37,-20.28,111,-21.32,24,2.88,147,10,27.93,128,-21.91,43.05,42,20.91,147,18.4,58.02
8.09,149,-4.94,-49,47.8,73,17,-20,66.32,-45,105,53.25,13.38,-49,-42,51,5.31,102,-9.36,2.94,-26,-22.48,44.61,134,90
-6.9,-14.84,95,27.2,-38,28.67,-7.21,-7,61.45,23.83,60.72,44.79,123,134,-13,98,118,-33,-16.23,-9,36.32,12.96,-48,-16.26,122
-16.19,11.81,70.54,5.74,95,-9.99,50,22.64,-5.76,25,36,-36,-35,-12,85,62.29,-33,41,115,-4,44.79,64.31,60.58,-15,113
27,137,103,80,26,56,-5,85,-13,-36,51,60.09,146,6,51,-2.48,84,59.28,19.54,-15,21,121,-21,19.76,31.96
23.45,79,119,66,77,15.52,68.98,60,-21.17,67.57,60.75,72.91,66,102,64,-13,14,103,84,-39,108,-14.5,130,-33,69
30,72,83,9,65.91,146,63,-39,81,-11,-42,37.69,27,43.99,100,57,4.25,-50,101,25.71,19.9,-28,-18.81,19,61.78
11.97,103,101,-12,35.49,93,125,16.78,68,70,-17.5,76,-3.84,10.41,21.39,95,46,2.48,-19.04,105,129,107,70,100,45
113,21.62,29.82,21,58.59,19.33,64,26.38,121,108,-23.61,122,4.58,38.21,118,29.73,70.93,-1,74.87,-31,78,19.22,49.85,6,-10.9
-34,26.05,4.65,121,58.08,-1,54.48,83,11.53,-20.41,34,3,-23.78,82,24.77,-36,113,21.2,137,-6.43,57,-15,67,13,71.95
52,49.41,18,148,53.56,58,26.14,30,-42,2,-26,8,41.76,103,16,131,-15,35.43,-19.47,35,16,15.71,-16.12,-2,30
-21.01,20,31.34,64.63,19.85,55,108,1.76,139,-9,64,57,32,40.45,59,65,11,-8,66.34,45,132,71.3,7.38,-23.72,67
86,23.39,-19.29,119,52,-39,49,-24.67,99,27,142,31,-41,73.97,108,18,58,15,-18.93,42,7,14,50,72,12.84
87,-25,148,4.33,38,0.4,36,60,21,114,-24.36,120,2.04,22.02,-36,34.68,57,-7,81,20.92,147,-9,-4,79,23
33.72,67,31,4.68,117,86,35,-23,71,146,8.11,70,132,70.69,116,139,-36,-30,41,53,57.12,4,50,63.12,-29
52.08,28,-36,-4.85,137,57.61,61.64,120,10.8,17.53,67,26.8,144,44,141,-2,81,-22.11,79,50,71,84,79,65,-27
76,-13,-42,-0.09,-18.62,-31,-43,-12.22,70,1.79,75,141,34,36.89,-15.69,6.32,74,8.02,12,-17,15,74,-18.64,56,28.01
113,-19.37,-2.87,-6.91,-12,-15,28.76,30.38,34,59,17,83,-48,38.37,-27,32.85,78,-11,56,-36,76,11,98,66.25,102
-3.03,94,45.14,-24.37,8,45,-24,20,31.86,135,-29,126,19,-23.05,11.16,41,12.81,126,-35,48,125,73,89,72.74,71
69,103,26,17,-48,54.63,21.54,1,85,90,5,-2,60.75,-18,-10.44,71.66,3.66,12.44,-26,69,-16.89,3.62,23.35,-10.01,40
126,45,7.73,4,61,133,41.63,-21,1.49,-5,36,144,-22.43,60.64,74.08,14,-25,134,118,28,28.3,-35,-35,3.48,80
89,128,49.58,77,145,62.22,-10.73,105,78,-1.19,75,11,25.84,119,66,-20,4.75,-17.32,-31,-42,66,107,-1.25,29,101
66.58,51.03,5,60.28,62.82,30.37,-8,67.33,-6,-16,-12.67,133,56.09,61,15.58,102,46,40,81,-35,18,67,117,6.8,100
65,43,-23,5.23,9,11.35,-10,74,50.35,-47,118,-44,2.38,70.38,140,123,-1,24.51,102,66,-4.82,-27,2.78,-22,7.75
52,68.57,-10.58,62.95,31.66,54.57,49,5.38,70.67,40.59,49,21,49.71,6.28,141,-32,11,24.51,149,-13.05,5,-44,16.3,43.59,32
-3.7,-11.21,144,72.87,131,-21.63,132,41.57,-7,33.98,-2.29,30,73.4,34.79,-26,116,64,124,38.18,-24.83,-18.92,118,37.1,-19,82
27,112,71.31,56,10.97,7.07,-18,-17,2.3,83,-10.09,-21,22.9,52.68,20,-26,1,-19,35.68,32,46.9,142,82,41,98
6,28.7,31.91,59,62,46.68,16.81,2.62,113,-18,57.45,26,54.58,-38,-41,148,-19,-2,46.92,49,16,93,-4.81,89,55.3
3.98,44.96,-29,-49,128,15.6,36.67,14.42,57.41,2,50.54,-47,-6.56,78,5,59.01,129,86,10.1,2,17,102,25,-7.08,-15.36
-25,-4,-21.63,114,-24.82,42.7,114,29.36,9.6,-15,83,16,127,51,-40,26.28,2.62,-29,0.77,-29,85,52,-36,32.85,12
80,2,97,24,-14,95,-35,36,69,37,113,38,33.21,-20,-42,-4.07,96,73.77,17,43,70.84,13,116,143,92
23,136,6,137,56.62,57.87,3.79,72.44,-1.24,10,145,134,51,138,-41,-18.35,139,135,-13,0,-42,79,74.55,133,121
62.24,50.4,-0.29,87,134,129,23.66,-32,30.74,56,67,-40,41.72,53.08,46.42,91,19.85,20.96,35,-17,25.83,11.89,-25,33,45.43
-25,21,-26,-8.36,112,62,54,25.72,-13.12,33,110,11,127,15.99,45,53.19,63,54.88,30,-20.87,33.95,101,125,-5.79,29
12.88,84,31.42,31.53,32.53,9,115,-18.27,132,-20.39,60.86,64,135,51,15,89,-42,4,-3,147,-45,24,77,92,18.15
57.06,40,57,35,-24.06,34.89,90,128,121,128,-29,29.88,-24.32,5.18,60.02,-11,46.64,-41,118,66,30,54,50.48,-7.73,-19
17.86,129,-10.82,18,-6,61.82,-10.02,125,13.16,133,66.96,141,-17.13,74,26,6,54.23,62.98,-8.11,-18,82,-16.18,68,-13,9
75,-32,-9.15,146,129,119,-24.66,68,-6.46,72,128,110,-20,93,125,139,22,10,-5,104,110,-10,48.7,63,95
-11.13,24,26,34.86,-47,34,32.17,-17.44,66.68,65,136,55.08,-12.71,59,43.26,-46,64.95,-14.9,-20.72,68.64,16,76,-8.29,140,2
-32,20,38.7,39,-25,-23.91,130,63,102,27.34,50,-4.57,101,131,-48,64,-10.99,110,53,32,54,19.6,-21.26,65,-30
137,91,45.98,-1.81,-7.9,71,119,144,-7,16,139,39,108,65,-20.92,50.21,-4.29,147,-2,-31,70,-33,28.85,75,-6.73
93,55.81,16.91,22.12,134,39,103,109,-15.18,68.62,35.75,136,21,60.72,143,55,63,40,46.81,-2,79,28,50.82,5,18.24
64,45.89,-23.7,59.12,114,22,56.9,96,6,44.73,-22,52,16,121,3.61,82,-4.79,85,111,42,79,147,-27,-11.11,-26
39.65,134,130,30,40.98,139,20,62,65.82,64.22,17.59,23.59,61,-12,28.24,-1.51,37.11,-17,19,99,27,84,-23,129,105
80,63,69.24,54,-10.63,-24,-18.74,51.39,127,51,116,-26,-6.5,136,109,-27,-8,12,16.34,139,114,12.43,-2,20,49.28
109,-46,-29,38.76,-7,28.62,-43,10,129,22,65.62,149,4,42.57,-43,8.02,47.34,79,39.91,54,93,85,22,121,20.89
-6.13,5.61,72,-12.1,71.42,58.68,23.51,-19.84,26.63,76,48,32.07,10.62,27.66,57.41,15.33,42.27,71,105,5.62,0.95,-1,-21.31,-18,44
69.41,9,80,12,52.07,53.23,79,-4,72.95,129,138,79,136,-5,-21.27,-3.58,56.39,123,146,69.61,108,-2,-14.19,-30,21.92
62.9,51.09,33,37,11.34,74,44,5,24,44.44,15,-30,73.88,39,37.53,69,48,1,-30,90,14,94,-31,-5,-3.76
94,105,-24,34,-12.69,140,46.69,22.02,124,116,89,-11.36,44.39,92,-19.73,34,124,146,71.08,-25,130,44.38,20.33,35,-13.05
32.54,-4,70.63,71,134,-8.38,35,34.73,-13,5.58,143,43,-42,130,48.27,89,39.88,-7.68,14.99,-21.14,-27,73,22.03,51.5,119
-10,9,70,49.52,27.78,-23.05,-20,58,70.85,-12.66,38.75,50,-1,-47,-25,89,84,-28,-4.68,35,120,-48,65.17,54.58,109
43.7,33.07,95,74,21.7,37.39,0,131,138,66,55,-13,8.25,27.1,92,37,27.69,-24.9,27,48.04,-33,-12,-23.28,51.72,21.42
131,-37,5.84,21.07,-24,5,62,46.33,45,-23,35,-7.46,120,73,-14.54,60,-43,-12.77,17.97,57.75,16.73,62,15,51.22,14.82
-23,-34,-8.31,29.66,4.37,-5,11,56,-12,52,97,-4,-23.39,32,-30,68.1,-22.95,12.42,114,53,35.94,63.95,61.08,52,-22
21.91,5.8,148,-21,30.16,48,111,41,-18,76,83,64.99,-22,77,-46,51,58,-24,16,109,38,-10,45,-24.45,-14.46
61.27,-0.22,43,113,29,-26,24.32,145,119,69.68,3.96,-2,36.45,58,37.15,24.36,145,-39,88,115,10.73,39,100,82,41
-30,-27,34.19,56,-11.04,51.27,-30,96,99,105,29.37,22,148,56.01,44,37.17,50.19,5,15.58,-43,74.82,-13.59,8,41.09,-50
41,86,-1.84,61.64,-19,69,133,33.97,122,-23,50,65,37,-44,-1.63,36.7,-32,69.72,-42,125,31.74,46.33,81,40.85,-42
2,-10,69.09,-14.02,-1.86,95,70.08,148,41,133,71.86,-25,12.49,13.24,-30,57.89,123,43.66,-12.03,40.12,4.12,42.01,29.93,117,73
-4,-21,81,29,17.48,13.42,-21.76,-23,-7.36,79,50,-1.13,42.85,128,21.8,127,22,33.18,-48,-40,20,101,-15,37.18,-23
47,14.95,149,137,6,134,-39,-15,51.79,0.4,45,-31,-8.54,-4,74.59,62,-9,-47,17,-31,19,69,95,32.11,-7.74
-10,45,-26,12.43,32,-6.41,79,10,120,49.02,62.09,60,-23,77,-12,43,3,89,-1,56.5,50.62,-6,-15.24,37.08,19.92
-8.15,17,57.27,-29,39.01,135,144,15.53,32,70.76,-13.56,-43,100,-34,-12,11.98,106,-39,147,43.12,43,134,60.39,-50,16.25
64,31,5.46,16.21,124,46.88,63,114,95,58,68,-9,10.17,-39,144,143,-2.77,37.96,38,80,124,51.33,-3.27,65.92,-28
-40,64.28,-48,115,34,78,89,-20,41,34,11.98,82,113,7,68.37,-13.17,57,73,-5,60.88,-2.51,-16,51.59,-28,-4
2.22,35,5,6.28,108,-45,26.94,-1.32,-32,89,-30,5.41,55.21,-27,-34,-4.63,20.4,51.66,38.25,-28,141,4.28,63.43,-4,69.45
62.66,-2.49,49,20.72,38,100,44,45,-28,40.8,41,70,148,-6,14.07,-7.45,43.46,47,3,21.41,13,-23.63,21.01,-3.92,4
27.24,-16.79,122,-30,51,74,-17.41,47.97,43.56,19,39.2,36,56,-6,142,135,13,86,10.45,44.66,47.74,17,130,-12,74.21
-19,82,46,34.14,102,-24,53.42,101,72,50.64,67,130,-18.76,-15.56,-17.33,83,43,-21,48.76,43.32,12,13,33.5,23,72
-23.17,71,15.77,42,-8.3,-37,79,22.16,-18,-30,130,32,60.69,44,64,50,99,40,80,71,-4.02,52.66,62,70.46,130
66,53.1,5.54,140,58.7,4,128,40,-34,-22.12,24,81,128,129,-24.53,108,22.32,95,13.42,59,48.13,63,73.55,68,18
94,18,-16.39,-37,9.45,50,8.95,-4.9,48.77,36.51,54,50.09,46,128,16.02,-19.15,62.71,72.93,92,97,50,10.68,67,-41,71
122,28.82,-24,-3,112,-21.12,2.15,-15,25,75,25,8,-10.4,-21.64,46.1,113,52,-4,-13,37,-17.7,45,-18,132,32.36
29.24,79,130,-17.59,-19,60.87,73,-1,148,51.83,104,48,62.74,30.89,-22.95,-14,3,28,-10.29,68.67,-19.71,44.75,-36,9,127
96,105,132,-33,67.64,-20.74,-33,55,74.63,-23.8,126,-8,58,51,6.7,39.57,93,-19,85,-35,87,74.49,-42,125,-7.34
47,-38,33.89,36,66,148,74.78,24.35,144,37,9.13,71,-38,-23,-2.09,58,46.53,73,52.6,129,62,15.32,49,-34,69.06
-46,11,108,5.91,61,71.19,64,93,57.04,67,87,0.63,28.91,89,21.89,130,-20,26.57,21,30.96,21,12.05,51,-8.1,1.18
59.81,-4,-45,35,74,-17,12,-18.86,66,-17.21,60,-14,32.25,27.33,52,55,14.11,96,-20,-28,9.07,19,24,40,42.36
88,104,33.12,139,32.55,56.49,46.89,56.31,11.86,16,98,40,73,121,9.73,-22,71.91,-17.39,39.99,42.33,121,-10.27,22.39,2.16,81
1.13,132,-17.06,-23,-49,8,30,137,95,91,54.26,34,7,19.57,13.94,123,-24.16,125,24,53,134,-29,35,28.08,-43
53.9,18.23,123,49.31,47,-10.4,-37,28,44.4,-1.76,116,6.53,87,91,143,62.92,46,40.35,111,14.84,32.95,39.14,144,34,113
42.88,41,33,-20.98,-15,34,92,12.85,-16,20.38,-13,-33,96,17.32,-35,50,50.44,121,-6,147,104,24,40.2,21.65,-7.71
-24,73,-8.73,48.29,-11.67,57,29,-17,6.34,37.78,126,-10,60,-37,43.24,98,27.52,4,3,12,1.71,45.89,-19.06,39.88,147
46.58,126,16.4,62,62.71,88,73,15.82,137,5,43.89,54,12.91,55.13,13.53,70,51.67,31.45,51.86,-2.26,22.16,13,33,-31,-45
49.97,130,-5,69.95,46.16,4,71,16,1,34.03,50.06,44.89,-4.8,4.66,60.13,-16,70,22,134,8.03,80,75,-28,-38,18
-3.5,-16.45,28,69.31,50.29,50,36.08,21,83,9,6.77,68.8,-38,-28,-8,93,125,96,90,101,71.1,14,-7,-24,-22
-2,18.43,145,22,-22.1,52,20,55,34,64,60.99,77,36,80,86,24,72,44.85,19,141,-8,41.36,38,95,111
-10,-1.79,-5.38,145,17.54,107,46,79,17.84,62.13,53.1,-22,72,32.29,70.84,39,2,-16,-36,71,18.9,11.01,40.9,83,61.16
138,39.64,64,-47,-7.77,104,58.58,37.89,61.98,-13,62,86,52.45,26.63,85,-22,-39,-46,55.28,-4.28,64.6,59.34,-47,123,16.7
40,113,46,45.39,72.78,49.03,-22,67,77,149,64.96,-16,126,27.95,13.37,17,125,-10,43.45,5.38,41.71,89,-23.51,107,-18.41
3,127,100,1,-7.03,93,-11.19,4.61,-15,-11.69,96,96,135,115,50.74,37,16,116,10,97,99,20.21,-33,-14,40.07
84,122,-24,103,20.57,-19.07,16.62,121,-9.61,-13,-23.71,56,-17,52.32,114,-17.33,-21,70,-38,-40,135,66,75,36.46,125
31.12,62.54,56,-20,129,98,-19.72,94,91,2.11,32,37,54.71,5.08,71,60.16,108,-16,53.08,35.18,70,30.42,48,40.54,60
-41,20.46,39.79,65,86,57,94,114,7,-11.28,50.99,-2.54,17,29.22,30.46,124,-4,104,-23.82,-3,48,-46,6,69.68,-48
-6.43,23.59,-18.44,10,77,-28,2.03,44,128,67,-19,49.6,74,20.57,88,-15.8,32,76,50,38.48,-40,46.38,-7,127,78
85,-11,16,25.25,135,56,22.11,20,4.33,86,19.98,71,60,9,40.89,56,-22,96,35,88,88,33.65,12,57.96,-3.37
31.98,47,70.4,18.93,81,59,117,31.54,72,63,109,52.72,69,115,72,45,86,8.5,145,-24,130,94,104,41.47,54.7
84,28.2,-23.22,140,54,24,88,-45,6,46,73.32,105,-25,-9.7,95,128,102,10.98,-9,59,18,-17.08,2.3,-1,-5.74
144,124,25,27,-10.33,-2,25.54,-18,89,118,45,-2,-33,93,39.38,15,128,-7,42.08,70.3,23,111,-7.13,65,52
23.18,7,120,42,-45,-37,48.65,-20,17.93,-21.2,5.23,-1.17,94,137,51,-20.45,81,73,-10.97,8.6,64.52,68.99,74.21,-30,55
-15,146,121,71,121,96,1.68,-41,29,54.89,105,3.3,105,3.69,21.95,53.74,67,69.12,43.58,38.68,1.68,37,50,130,41
37.02,62.43,-46,-15.07,38.1,91,58.2,30,59.26,28.1,23.55,32,-18,18.09,0.71,59.9,64,-22,34.7,-3,9.67,107,69.45,56,4.2
-0.23,14.68,92,64.78,10,37.22,16.68,-27,77,62.65,44,56,135,59,17.95,40.6,73.14,-30,53.77,0,113,50,-20.61,137,-2.93
132,13,55.94,70.16,146,-29,54,-1,-2.55,12,11,-12.05,92,73.79,36,6.83,39.45,147,-12.79,7.26,3,66,121,49,141
130,86,8,42.07,-32,64.79,-15,0,9,136,102,-9,107,18,40,73.07,89,38,31.99,12.99,37,139,-16.32,37.59,134
33,25.41,65.87,-15,128,-29,-4.81,35.26,-15.85,-34,72.75,17,75,143,-3.62,89,52.26,16.35,19.1,-15,38.88,63.39,19,44,13.55
136,106,-19.53,23,143,52.92,27.24,44,92,40.56,-48,47,-22,149,-11,47.48,6.78,71.18,97,95,19.77,38,130,146,7.6
-32,69.83,-16,55.39,35,107,24.79,33.88,3.38,43.62,-8.74,31.67,35.36,82,33,108,141,-9,8,111,36.04,26,41.18,66.68,53.91
34,142,61.95,8,62.97,78,49,107,4.22,143,121,72.25,117,94,-7,38.74,47.88,72,37.6,142,111,-14,-47,20.87,75
9,9.08,31,31.01,37,-24.16,25.06,30.44,57.85,22,27,35.71,-33,91,108,70,108,49,129,73.14,-0.5,-40,17.15,-12.05,46.23
30,-15.76,55,130,99,9.27,-28,-26,43,32.3,140,147,18,-4.78,74.05,59.73,12,-10,70,-28,-22.05,51.15,-7.65,130,40
17.6,37.79,45.93,-3,85,32.84,-39,105,148,148,3,31.35,145,22,5,5.02,-4.53,141,48,71,36,-35,-23.68,-8.46,-48
39,-22.27,-39,69.95,-7.35,69,10,-24.08,90,143,1.18,62,34.7,101,-17.04,103,105,51,147,80,53.45,122,76,126,143
32.89,12,83,10,-15,54.1,37,71,-31,98,58.08,-36,14.69,84,60.26,137,58.3,69.27,68.44,31.04,-18,37.64,-20.52,73,-47
69,16,-18.18,8.14,37,-29,20.92,28.18,61.82,115,9.77,81,30,-31,-47,64,142,95,56,-3.48,45,33,97,8.21,-1.87
4.52,49.95,31,5.08,-10,144,18,84,38,2.32,81,30.47,73.08,85,9.86,-4,124,-16,-47,50,136,46.25,17,149,58.57
-2,138,24.56,31.86,-21.73,116,-31,60.3,59.5,15.02,-14.9,24.9,-14.07,48.91,46.44,17,80,-24,-48,60.61,90,34,63,29,41
23.54,4,-13,28.97,14.45,145,19.08,112,66,-2,1,138,61.49,131,22.45,120,-29,117,-9.61,118,-3.39,22,93,33.03,65.29
32.7,17.56,89,72.56,137,36.54,37,9.96,114,62,43,39.22,27,-35,123,62.86,92,60,42.2,119,9.69,6,36.74,112,12.88
-19.36,108,2.67,49.9,139,17.09,35,20.62,44,60.04,48,106,-0.25,-8,100,25.46,65,-21,17,12.3,-49,46.35,20,50.62,133
10.28,40,-6.41,32.91,-13,34.17,-8,-18.87,-0.8,-23,144,24.29,-19,130,74,-45,20.65,10.89,71,94,55.71,85,29,84,-7
15,59.59,-5,-0.43,-6,25.84,70.64,-11.42,58.65,37.55,60,95,21.48,74.9,78,8,11,1.3,31,86,45,17.36,23.72,-21.49,64
19,-35,-1.43,-37,-42,11,133,148,74.74,-18.1,72,52.71,31.7,59.24,22,60,31,8.86,79,14,-29,10.94,15.13,65.95,68.01
34,37.42,-22.58,67.92,-4,0.46,15,120,38,15,27.47,47.85,-13,52,-21.77,-23.97,17,-50,34.35,106,114,21.74,13,101,0
11.07,11.61,37,66,74,-50,-18,-1.57,145,-29,-21.92,112,63.58,20.2,35,144,-12,29.64,11,43,97,44.26,-22.07,76,68.46
44.78,-18,-18.81,118,18.29,15.99,-7.13,48.27,64,70.81,26,39.46,40.1,95,43,146,3.41,59,76,-46,147,143,15.95,10.8,118
-16,-5.63,-26,131,17.56,83,15.04,59,34.85,62,90,62,43,-20.09,45,-11,56,118,58.08,9.71,30,41.45,29,14.47,141
65,-22.23,0.28,54.09,86,103,117,81,144,101,7.8,-33,16,17,-6.1,56.4,-21.17,31.72,45.36,35.13,143,-5,-46,-7.8,111
55,33.12,-18.41,-28,14.51,40.07,11,-37,-14.64,-18.01,56,114,68,-11,5,122,40,49,44,45,14,8.37,30.74,-20,32.67
108,113,10.63,-38,37.03,25.45,19,16.36,46.72,59.03,-8.09,35.95,42,52.28,36.41,69,26.61,15.7,-13.82,77,24.39,139,-17.82,-2,-36
19.65,108,9,2.33,20.91,31,-15,-17,15.29,-45,120,-4,44.88,45.87,88,149,-33,24,33.87,110,39,-7,29.13,124,-23.17
112,-48,45.59,-19.95,27.12,17.76,25.71,24,-18.57,56.99,21.94,149,12,40,92,24,121,27.46,-4,105,27,-13.13,59.63,29,-30
-45,36,36.42,98,0.08,57.62,41.71,138,-23.02,42.74,44.83,-2.16,-48,-3,56.98,54.53,41.85,15.42,50.9,6.66,-21.61,24,147,46.54,42
27,60.21,-19,90,-24,67.21,41.74,-2.76,90,87,55,-32,79,16,99,-32,91,127,128,66.23,138,-11,40.26,-10.82,34
22,68.69,63,41,101,26,21.41,88,14,67,18,77,42.1,-22,21,74,8,34,83,22.3,5.28,142,1.54,92,65.75
-11.87,107,77,7,52,13,28,36,76,39,-28,71.71,-35,46.38,147,-40,6.07,74,51.54,36,-11,69.46,70,119,-31
25.58,18,65.01,141,133,37.87,49.14,66,47.94,5.53,146,83,-6.45,137,86,87,104,-13.42,36,-15.27,-44,119,-18.36,98,132
-5,-36,28,133,4.58,7.06,-4.36,70,99,-23.71,-35,37,-0.06,87,22,100,57,94,22.89,57,-40,13.17,85,74,13
11,66,38,134,87,-10.19,9,30,41,46,4,52.83,144,-16,61,73.2,68.52,112,38.83,47,125,61.35,7.75,15,-42
-7,120,-13.17,68.58,54.94,48.07,17,18.14,104,16.36,63.89,18,60.06,130,13,66.54,52.49,117,-14.05,-8,36.42,-16.58,60,-17.93,147
-14.72,24,11.41,120,19.58,33,95,101,46.99,141,11.75,44.86,55.54,-8.42,27,-12,35.92,116,-26,-49,25.88,-42,-12.76,32,115
22,2.87,-7.57,67.61,58,122,17.39,29,25,11,-33,62,29,35.48,-6,-22,61.1,73,123,133,-21.51,100,26.51,43.98,141
-0.9,14.61,62.75,68.94,26.94,-46,12,-50,136,108,29.86,-17,-15,67.04,-40,143,-14.94,-11,73.5,60.69,145,27.33,19,52,55.46
-45,70.84,24.65,61.76,4,23,105,5,85,-19,2.2,22,11,107,78,-50,71.54,100,5,-9.3,59.67,2.1,114,-7.66,15
1.93,-13.24,-19,17.64,-7.23,72,66.81,-10,35.95,77,-44,69,-8.43,-5,148,13,149,123,148,-13.25,64,38.67,1,60.59,42
12.91,33.53,137,76,92,34.37,-24.19,117,-37,21,67.87,59,20.14,8.45,-22.21,131,10.23,70,43.62,57,49,-14.64,56,-29,-43
19.84,129,18.39,-5.74,2.62,17,47,54.67,48,-6,-48,-45,47,-2.74,116,79,23,-32,45,141,33.35,-19.23,-47,11,-32
72,129,-3,-50,-14.08,-23.04,106,51,-33,-12.1,49.36,54,8.26,-15,55.49,132,-13.51,-49,64.34,21,-10,-28,125,-10.86,73
27.36,71.73,69.84,3.7,-50,29.82,64.1,-7.75,83,116,-28,69.65,-20.67,-14.1,-14,110,49,9.98,115,73,-22.19,28,12,36.24,26.85
113,-29,18.63,95,78,51.14,-0.14,41,101,73.77,4.73,63.97,47.48,78,68.59,45.88,-17,95,39,-24,99,73,149,-9,134
-12.79,-43,128,-9,45.68,141,50,17.29,-49,75,-24.45,67,69.69,11.98,70.65,24.82,9.47,19.93,59.15,3,105,60.35,94,136,0.29
56.27,130,-23.4,6,-22.25,47,26,17.71,98,-19,43,9.02,113,-45,8,109,6.36,-7,-44,56.44,0.89,7,114,62.44,-12.5
-21.9,-34,35.32,137,64.61,32.64,5.54,-49,45.05,42,25,127,22.95,35.42,47.11,-15,-20.08,10,95,9.2,8.31,8,-0.7,64.95,77
97,132,-24.69,91,96,36,-11.26,-17,58,22.36,-6,16.51,73,43.27,46,138,-48,40,40,86,67,-43,-0.15,-27,-3.01
139,13,104,19.9,80,-43,-21.72,25.33,137,12.95,120,15,-35,16.4,-4,-16,44,15.19,52,34.11,99,135,133,109,58
41.68,-6,110,40.49,85,89,19.06,97,-31,-7,52,-15.9,89,-46,147,136,121,-34,47.81,63.66,-50,94,148,137,-33
107,90,145,117,80,-50,120,92,48.62,19.65,-15.64,-20.51,52,61.1,-20.05,59.89,98,25,115,61.71,-5.09,25,3.59,87,16.49
-3,17.87,0,42,71,-1,-2.07,12.06,102,24,110,63.25,71.48,-1.85,86,24,53,118,24.87,84,23,34.37,39.81,-22,-15
-22,2.51,-14,0.53,-42,72.07,59.45,-11,-13,59.33,-11,-26,146,93,50,31,-10.26,-12,-19,30.21,14,58,27.92,19,-28
113,-36,-7.38,56,53,92,72.74,112,-26,128,8,109,112,27,116,90,26,146,17,46,7.45,126,33.79,0.84,44
16,-48,39.95,-34,1.64,-8.83,75,71.52,33.47,102,101,-16.25,55.29,71.89,62.55,72.2,57.17,17,72.46,148,42,-15.7,21.61,45,44.57
79,0,59.14,-9.98,50,129,15.39,-50,114,86,50.62,6.03,66.1,9.44,88,109,120,62.72,54.81,10.46,125,-15.66,-24.16,122,70.34
53.02,114,59.96,117,69,114,6,148,126,-1.89,14,147,125,124,39.84,-19.16,54.61,-24.11,148,101,48.18,19,30.69,-20.7,-49
-12,35.89,46.22,119,7.24,91,6.39,-36,16.2,31,99,42.67,-1.92,24.12,58.71,-20.94,-9,78,-33,47.37,-1.51,69.44,143,-2,1
84,-5.86,-18,51.37,73.39,133,3.82,147,-1.62,118,43,83,50.07,23,83,15.61,53.21,72.89,-3.21,148,40.42,112,91,54,86
25.08,90,-47,67.69,-17.7,-25,124,87,79,-47,134,-19.45,116,149,100,-17.32,-0.24,113,34.35,53.93,50,40.57,34.27,144,11.44
74,30.24,65.85,13.47,118,56,19.65,-15,-21.83,41,-5,-12.66,4,113,-10.1,8,38.53,4,53,13.26,7.6,32.9,-19,18,-14.96
-5,-23.74,-17,51.09,25,3,49,1,3.14,25,47,72.15,100,25,-35,134,23,70,-42,112,12.17,4.58,-24.71,74.3,20
-8.2,38,118,88,98,144,-8.96,42.39,105,47,29,49.99,81,-4,113,57.16,61.17,-8.37,49.55,2,40.98,95,-29,119,3.44
66,-2.67,24,-9.37,19.97,44,80,27.73,-23,67,34,1.39,8.6,-42,133,90,-31,-34,58,3,-11,8.85,26.4,-3.59,56.83
148,134,-26,-24.76,52.45,44.16,74.64,71,-16,31.1,129,106,5,26,27.61,1,55,64,16,142,21,-49,5,19.16,-44
-22.14,127,41,62,-9,29.77,10.61,108,66,74,111,-23,-1,-1,34,45.62,62.95,3,-2,116,54,38.78,35.32,37.91,55.71
129,-26,-35,58.11,117,131,143,34.85,140,103,7.2,2.42,50,5.17,-21.57,141,148,-7.84,34,45,91,-15.82,-9,48.97,-11.63
47,6.58,21.58,136,-37,17.5,70.52,61.21,-4.09,57,11.36,93,-5,32,56,62,82,7,0.18,27,133,-45,9.52,113,117
-4.49,7.8,52,147,-15.98,131,19.82,7,-24.78,53.84,-5,137,57,140,57,-44,-30,15,104,112,97,6.37,9,50.96,33
-6,149,-42,19.08,12.69,134,9,4,1.57,-29,83,74.8,43.44,-38,60.56,129,124,79,58.69,142,82,110,79,2,-17.7
136,-13,9.91,117,-15,-6,73,17,-44,28.46,47.02,23,34,7.5,6.19,-26,25.65,83,49,62,124,-14.02,-19.47,63.47,103
134,86,-11,-10.66,33.57,27.39,-17.74,-23.77,34.15,0.68,25.65,-29,-47,46,20,45,18,39,-49,135,74.7,59,-18,122,59.83
-39,55,100,37.54,-11.78,-8.99,61.99,-21,50.63,99,17.81,-45,35.25,99,6.51,64,10,62,72.87,137,-31,31.39,109,-37,64
-24,12.52,110,-18,-48,0.28,105,50,52.34,59,148,-10,3,-14.11,-16,60.99,-39,-16.5,59.66,-49,0.7,57,4,75,41.21
-31,-4.09,143,2.79,21,31,-3.74,62,77,141,146,3,56,-32,-2.94,77,3.2,64.1,57,49,-45,110,58,33.97,79
82,116,69,10,129,72.07,69.81,-16.87,139,27,-7,41.89,97,-20.21,67.19,55,129,48,141,54,60.69,7.04,70.84,65.55,2
61,-16.43,4,93,-10,22.7,82,41.12,62.4,110,-4,66.84,33.52,13.58,53,48.15,23.49,101,26.18,86,10,8.55,3,69.03,61.41
-2.02,113,146,17.49,23.63,49,-12.29,0.67,29.56,65.73,56.33,7.28,-38,35.72,99,-22.57,25,41,15,91,-16.5,68,62.94,4.11,30.13
-15.28,93,19.43,6.85,64,67,-29,33,53.14,26.42,39,-31,-4,84,-3,-28,109,122,-11,149,102,-2,106,13.34,-0.21
26.71,31.33,136,108,-8.76,-21.44,44,1.24,136,38,68,123,148,71.4,10.78,46,1.44,131,45,-23.44,22,48.92,-19.36,7.21,32.54
36.29,54,-10,-17.66,1,85,104,71,82,-39,9.5,89,37,62.63,5.66,20.16,114,51.05,-37,130,-14,64,-10.15,-38,54
74.56,129,7,11.72,70.24,120,19.97,88,38,104,130,-4.01,88,29.51,-39,36.83,-22,13,60.44,87,9.51,65.27,21,38.55,62.66
115,-15,71.72,-12,38.71,44,120,-17,146,41.25,-6,35.71,142,22,61,-16,-23.18,67,48,-20.58,29.56,15.24,-20,-50,23
122,65.37,23.03,65.37,-20,97,37.23,127,-23.09,67.64,53,-3,115,81,117,0,86,89,60,4,-32,12.42,35.75,61.37,-41
-6.13,45.88,15.98,73.46,39.6,73.52,64,29,-20.41,25,52.62,143,68,81,62.24,141,105,37.47,43.19,51.88,-29,3.15,14,-7,-50
118,117,-0.22,69.05,136,63,49,147,-23,110,67.23,-7.15,11.96,66.93,28,25.18,-0.91,32.9,79,23.8,141,112,-47,84,69.82
51.9,109,125,-12.56,68,67.79,-10,14.72,43,-19,-23.63,-1.83,29,54.05,44.28,-7.25,98,1.3,54.27,-30,42.74,78,126,-32,69.32
48.13,-10.5,78,40.38,30.5,5.81,58.47,-32,4.36,93,-10.9,-13,52.86,116,147,54.26,85,92,-22.84,72.89,1,-49,133,-19.98,120
32.88,55,-10.56,3.47,134,86,47.41,-43,47.5,127,15.82,130,-8,32,-13,28.56,-38,102,36.07,143,-22.51,75,106,103,124
66.64,31,44.38,28.97,18.43,10.25,-22.9,103,68.79,3.38,10,53,-31,55.11,106,19.63,-16.87,21,95,20.64,-24.26,-46,53.94,-2,-42
-28,25,59.54,-14,14.73,-31,13.25,-13,2.96,67,144,135,42.82,-29,29,15.66,28,-33,9,69,42.59,-12.44,-32,23,-14.33
32,48,64.93,54.88,-45,-9,146,43.84,-35,21,63,-23.29,15,35,-32,121,46,-15,130,7.03,11,115,32,-21,22.9
53.61,103,60.25,75,127,81,46.79,27,78,121,112,19,56.04,19,-35,38.16,25,-35,67.86,44,-25,3.26,123,1,72.26
134,90,55,41,-8.53,-9,4.14,103,24.98,-10,43,-45,37.62,35,44.81,-3,11.2,61.53,-26,16,68.37,-4,50.41,104,27.86
55,35,45.98,52,9,104,59,-40,-8.58,-20,70.16,20.74,32,148,126,23.57,84,-26,-19,25,28.15,-7.47,14.38,73.7,-43
-17.2,14,-29,-43,149,38.63,31.65,69.14,35.96,-8.92,22.5,-21.23,101,54.1,141,82,40.64,106,26.87,99,29,17,-23.38,140,38
90,-33,116,53,30,5.61,100,108,19.26,10.68,26,-7.98,67.29,41.4,-4.15,74,-5.14,55.82,90,-20,66,-30,6.38,-21.44,67.95
120,59.39,115,12,-4.25,2,24.5,24,135,28.75,28,-49,62,128,44,140,-3,31,49.6,102,-13.01,32.29,53.49,108,10
22.63,98,71.35,-24.46,128,-4,-24,12.62,9.38,-31,5.84,59.03,19,-36,59.81,55,99,114,-38,-27,110,0.23,-28,14.15,-6.13
-50,127,-21.38,70.42,1,57,-18.22,79,108,-50,143,140,17,-15.01,149,63.97,52,-19.53,-8.81,30.49,124,-3,65.07,64.88,52
54.7,20,132,55.6,99,-31,2,3.94,-7.13,145,67.75,143,114,59,-2.54,1,115,74.78,-4.19,-24.81,-20.78,-16.06,3,72.35,14
-0.86,-20,30.46,47,72,70.03,33.09,35.22,60,62,26.3,79,105,-34,52.73,-20,131,137,129,28,61,22,13.61,-4.35,70.69
-4.6,22,-36,63.02,34.28,76,147,20.2,10,-20,10,100,19.43,82,72,-2,74.37,-34,-4,72,17,72.35,20,-37,103
51.49,90,100,44.12,29,66.56,10.61,58,73,72.94,60.17,78,125,-46,130,-4.63,23.96,10,27.09,52,17,-18.57,23.56,64.5,-14.46
32,141,-12,90,59.84,3,36.74,1.08,71.94,-33,-11.73,120,135,22,32,131,70.31,41,78,-32,52.83,9,128,22,131
106,8,-44,44,6.63,62,28.32,4,49,27,54.61,7.58,31,6,10,26.97,43,37.79,72,-11.04,13,59,4,-12.85,50.37
109,2.62,11.34,128,6,44.72,19.4,55.23,48.89,30.33,63.2,-6.28,67.58,20.34,-2,-32,-33,-12,71,36.27,43,113,63.67,-27,-18.65
-7,-40,49,23,81,99,35.72,82,47,35.76,57.99,12.08,7.27,78,7,-43,23.8,8.39,108,-48,62,-5,-49,34,-5.2
2.16,-1.12,80,54.89,78,-21.33,13,-5.35,26.28,42,17,37.33,-1.66,24.87,22.76,46.57,-23,-12,37.25,128,68.27,63,-6.28,-6,84
132,45,54.85,123,40.87,49,-40,20.54,4,83,50.39,-2,-46,57.88,69,54,9,39.2,131,139,-19,20.98,18.56,99,66.34
-19.95,108,87,69.94,71,15.26,12.42,95,-48,-1,121,54,38,35,-17,116,5,15.05,40.55,131,73,35.23,61,42,11.33
56,60,-10.29,-32,121,-38,-9,86,52.83,-2.27,109,27.26,15,90,34,43.84,9.77,1.94,-4.04,66,34,0.14,50,39,3.03
-35,42.41,21.64,-1.77,66.29,41.81,61,-6.27,145,-4.9,50,28.89,100,63.9,73,55.92,-31,95,-50,-11,64.23,148,55,72,2.12
39.22,131,60.17,5,55,67.95,14.41,-24,51.2,35,22,34,-20,133,13.04,28.01,6.12,-3.41,50,66,137,-42,-39,0.89,65.94
38.77,11.25,-6,-5.42,-1.32,122,61.77,15,11.63,64.63,71,31.33,78,85,66.12,69.26,36,134,139,32,21.25,23,-36,101,95
19,126,46,37,71.63,117,10.83,-9.84,23.44,69,129,31.47,-0.3,45,110,73,86,118,72,23.68,41,145,75,137,126
-19,67,-24,7,48.48,-14,41,24.39,33,-23.19,93,35.89,12.18,35.92,109,119,118,-3.42,44,15.66,48.15,-2,48,-9,12.24
35,125,22,44.2,-13.73,38.62,94,49,92,12.86,38.97,-11,52,64,44.87,0,7.57,59.57,11,66.78,32.27,-20,3,-2,106
-12,61.41,-50,113,10.82,-48,74.44,59,132,9,47.05,28,-8.28,-3.53,6,51,-5.29,54.4,75,-3,143,21.2,38.4,1,-5
31.29,132,136,77,-15.87,67.79,7.09,35,-21,4,11.15,9.48,95,111,136,29.81,-34,60.57,3,108,22.75,54,99,98,4.78
-24.35,9,15,63.45,-35,-23,32.86,1.12,-22.13,-22.83,106,15,55.45,45,67.68,41,-23,-20,55.83,65.84,-4,38.64,5.3,-8.25,72
31,-49,40.07,-26,112,-7,50.35,85,18,-29,-16,-39,57.35,123,6.11,-46,124,133,141,-50,122,-19,-45,2.32,131
-22,119,-20.64,56,-4,118,-21.53,7,-37,45,32,12.34,-14,81,19.41,-15,52.07,23,71.43,-15.28,18.33,55.47,-33,82,73
41,32,81,-19.1,3.89,119,-7.81,139,19,-21,88,-22,88,-9.41,-15.5,56.36,-18,25.92,-33,3,140,15,44.44,96,70.67
55.6,-8,21,90,9,92,87,41,12.15,-19.03,-42,110,25,102,-9.01,76,83,-11.7,-31,33,31.12,65,62,57.7,-13.36
34.05,-6.97,-12,120,40,31.66,42.79,107,50,10.63,-5,129,7,52,26,-22,40.06,42.21,-2.9,-36,66.48,21,-3,-38,-27
9.79,25.39,71.97,-4.84,57,107,4.86,31,-42,136,-25,33.88,9,6,120,98,58,82,18.66,59.64,-25,13.38,-8.18,71.33,19
75,0,131,-4.36,-27,96,105,-16,6.67,-2.81,28.75,7,64.79,56,11.5,33.57,61,125,49,64,51,-19,-45,9,68
41.3,79,9,20.71,44.29,34.82,10,35.3,-0.05,62,141,-2.79,138,37.18,94,32.46,97,43.67,27.7,-2,147,65.76,22,-23,93
103,125,56.34,52.61,126,65.54,9.26,-20,75,64,30.11,144,-23.7,1.83,70.77,-27,50,17,2,32.3,104,70.75,32,-39,139
41,20,48.89,104,24.94,88,9,139,-9,-15.15,71,47,130,120,4.23,38,43.92,-14,51.34,81,52,86,55,35,20
45,71.66,106,6,46,69,23,84,94,-16,45.5,20,149,15,13,-47,115,8.86,25,-12.58,-12,20,94,-6.99,145
-5.54,21.11,-25,121,12,-41,65,15,94,115,17,132,91,67.08,28.64,72,127,138,37,-22.36,58.38,105,-25,64.8,96
36.26,54,43,31,67.07,-40,35.23,39,70.43,116,9,88,-1,23,101,-45,-32,64,-50,-11,-25,14,149,4,69.92
51.53,-20.61,-18,2.01,28.71,-7.4,122,52,-15.39,67.48,-18.23,-32,51.64,-33,31,-21.74,120,50.78,3,74,54,54,48.09,69,-44
126,56.93,122,24.44,108,96,-4,40.04,-16.36,-24.9,62.82,114,28.84,-21,104,123,62,12.59,-14,81,118,35,139,84,59
127,33.17,21,10,1.27,47.99,10,12.05,28.39,47,67.58,40,101,-13,141,21.88,-25,8.07,61.18,7.25,-15.43,83,62.74,31.65,40
146,62,73.69,8,9,56.3,-29,-15,130,62,21.65,133,-3,130,9,146,115,-15.06,-18,-4.85,-7,-11.87,58.81,52.86,107
69,125,-13,-46,147,140,137,28,14.32,95,53,63.42,21.93,5.46,11.07,-15.71,69,39,5,-2.05,18.57,-35,19,69.5,108
49.99,-11,-29,0.62,29.81,52.01,-39,-22,109,14,51,72.99,49.04,-15.78,25,53.65,95,30,32,-6.7,-23.05,32.68,-17.43,40,57.14
-10,-40,90,64,37.63,127,73.05,-4.2,44,60.57,-0.72,-3,7.28,58.3,9.29,66,-17,29.54,52.98,-23,132,14,-15.67,67,-43
49,-16,16.02,-45,79,16,63.15,116,-34,30,40,22.63,-2,120,46,7.13,-4,101,4,-30,53.41,-12.8,23.83,-25,68.24
98,51.12,31,8.06,50.43,30,68.49,-14.75,0,14.58,4,39,58.72,83,128,32.23,101,22.58,137,-22,103,-43,12.62,70.72,66
23,-48,105,-14.38,65,13,58.01,64,7.81,-11,54.27,57.56,58.4,22,-15,42,117,34,71.08,20.55,57.62,68,63.21,-17,55
113,131,110,-18,-3,72.01,116,-6.69,-17,112,66,111,54.57,68.68,37.32,41.17,-39,21.51,-6.86,17.31,125,-28,135,49.17,127
64.8,38,10,98,39.75,-28,11,2.98,73.21,93,-40,64.83,88,21.45,-44,-28,137,119,75,0.51,59.01,136,146,40.25,142
10,-28,-5.43,50,-3,-39,-45,88,125,149,50,23,42.77,148,119,-30,18.29,148,-17,67,136,147,-10,23.49,-40
26,47,100,109,-36,15.5,-22.99,-17,22.58,129,-41,1.01,99,-9,22.79,-2.78,44.08,142,43.54,107,-36,83,-36,67.67,-21
-9,19,23.97,24.43,119,89,-3.82,-18.41,61,-37,3.14,73.51,51.05,-45,117,-39,-22,-44,11,-0.47,116,-24.61,46.24,-34,14
-43,138,63,1.95,65.44,-24,6,64.04,126,149,-10.08,148,5.09,106,-22,-24,19.65,95,29,95,-34,34.05,15.66,146,7.95
68,123,51,119,-12.82,82,-6,0,-19,121,112,-16.21,-12.87,100,93,49.37,22,-17.81,38.15,98,2.91,-6.47,107,127,4.59
-17,-9.9,57,27.34,44,1,-23,19,24.71,15.29,99,38,67.36,7.97,123,65.61,57,68,-2,57.49,-13.72,17.45,116,40,69.22
140,-28,5.34,83,-7,135,44,63.46,28,56,108,101,18.5,133,-26,74,-17,55.63,15,28,80,-24.61,-2.03,95,-3
44,6.49,-20.57,29.88,59.69,20,57,63,48.38,-2.65,127,-35,123,88,-11.03,54.97,-19,24.48,4,-11.82,-3.66,-14,10.39,7.27,105
-12.58,-1.35,57,74.5,80,7.18,-13.22,-19,141,42,-27,129,146,46.79,142,-20.64,-4,81,-20.79,72.45,49.47,103,135,-50,127
-27,134,62,120,-42,58.23,124,-9.03,148,-36,109,124,106,40,30,-36,-21.68,135,-28,58.04,-13.36,-44,82,6.45,1
105,88,74,-49,58.12,60,24,22,-13,49.6,19,-24.85,-11.67,114,-11.68,7.18,-9.3,97,-6.91,12,97,21.61,135,7.61,72.84
8.32,83,84,-2.94,32.07,134,144,-24.84,37,23,114,-43,-41,-27,-2.92,70.72,-7.8,16.96,-34,29.59,3.9,62.98,14,109,147
36.58,6,-26,34.85,-18.44,91,-5.42,76,71,23,-1,52,2.21,-2.03,110,84,63,-8,6.26,109,68,10.56,18.9,13.67,17
61.62,-19,10.33,30.16,19.01,41.12,-32,90,8.59,113,-16,49.75,51.68,-47,22.54,76,-18.28,29.19,0,31,48.03,-22.68,29.29,140,147
-35,27,42.92,-4.18,28.39,-23,53.81,6,9.55,148,28,60.55,41.78,-26,103,127,0,128,1,-4.75,-29,-2.51,142,19.63,40
-17,143,82,129,52,148,4.19,68.87,47,-2,-6,-3,22,21,15.54,-5.2,32,-20,-38,25,66.48,70.28,103,22.05,19.06
4.33,22,56,52,76,107,74.64,-17.74,129,140,51.51,122,135,18,-10.39,57,77,40.52,-14,40.61,115,-38,-1.19,25,58.06
24,-48,49.35,64.05,49.28,32.19,127,13.59,103,69,55.38,-9.91,7.26,45,2.82,115,78,102,96,139,42,10.94,123,-8.14,44.33
19,-9.36,2.39,47.07,64,65,-43,-13.89,142,141,140,46.15,17.06,50.08,71.46,-2.99,-32,12,-3,7.31,89,-24,121,-12,38
34.08,68,141,65.63,1.54,26.14,46.67,64.14,69.39,47.68,102,-13,14,91,58,71,129,15.18,0,113,-2.46,-8.34,40,1.5,81
149,10.65,128,26.95,52,72,53.23,131,-18.95,68,64,49,-15,34.62,127,121,-12,2.27,3,11.47,60.46,95,85,49,-11.43
-15,-24.4,50.71,47,51,123,61,59.29,-16,-20.43,112,-25,21,92,61.9,11.52,74,148,17.82,-13.34,-45,104,56.41,43,106
43,-12,64,-30,75,-19,26,8.49,-19,2,-22,109,-2.07,-34,-14.2,65,47.59,8,129,101,-16.31,23.05,-17.51,115,-18.55
21.62,-29,87,-37,1.75,96,129,132,-9.1,16,19.34,130,-26,22.16,48.67,37.04,37.17,18,65.76,-24,116,-46,-5,-22.35,112
41,7,53.72,-22,67.06,3.01,-37,-30,-18,-6,47.47,-41,7.5,87,54.12,130,47.6,6.18,59.03,11,33.57,120,47,2.31,-9
13.62,60.47,26,0.5,5,-22,-25,37.45,16.8,138,42,43.76,48.45,-3.81,-16,-31,-1.57,2,-26,24,43.12,26,0,14,140
104,44.54,100,19,27.18,-40,113,6.73,53,50.84,-32,64,100,61.04,-1.55,16,98,-38,15.36,20,63,91,93,132,137
131,4.83,11,71.62,-6,91,92,-3,68.02,-3.77,99,-12.7,93,44.44,72.68,37.49,-15,-15.12,19.09,58.11,19.18,4,64.83,18,-25
24.94,12,30,84,95,129,71.83,-20.98,-43,41,35,120,-16,0,35,24,37.59,54.31,43,94,54.88,15.28,46,-30,70.25
-30,132,11.19,-8.28,87,48.29,67.09,115,82,-12.14,7,-36,-21.47,4,144,135,14,124,71,-10.18,71,72.28,105,18.42,52.43
-22,86,141,81,12.42,56,148,38,47,-46,-1,57.73,91,-18,-50,78,5.15,-31,-18,22,39.87,38,48.19,70.84,41.86
114,121,50,-12,-35,6.79,123,84,67,29.45,47,-46,63,60,40,71.71,6.93,65.94,104,-48,-13,8.83,56.84,-15.81,107
1.53,-5.97,53,-22.55,13,96,-10.57,23.87,89,95,62.2,29,13.17,1,87,-44,26.03,43,70.29,2.45,59.88,48,19.12,135,62.33
33,118,21,-41,27,22.48,143,24.89,-33,49,2.46,10.52,80,46.41,138,-8.2,62.35,7.76,68.86,-44,-14,-10.32,99,-6.88,-24.09
-11.9,116,72,-14.04,-15.3,70.04,0.21,-12.29,4.41,66.14,34,1.52,-13.8,70.02,84,22,70.42,45,55,-47,30,54.98,34,56.45,129
53,4,136,-10.73,57.38,23.08,63.81,15.48,11,-5.62,123,29.97,128,74.21,-4.22,104,132,-2.99,55.33,28.17,-22.06,-39,-20.69,141,28.22
38,21,41,10,-15,57.05,119,-40,23.28,22,68,47.7,14.22,9,50.05,140,21.98,26,-13.32,-41,55.34,59.35,54,35,74
54.65,64,-36,27.23,-50,148,130,130,8.28,42,22,127,-22.05,135,0.8,-5.42,50,30,118,29.39,63.31,-42,-47,14.25,-4
127,53.42,-33,-11.83,72,6.6,7.03,46,21,58,-1.85,4.17,8.84,61,36,-24,-21,94,98,-50,26.3,31.46,82,7.98,45.89
-41,53,-11.64,74.38,-7.96,0,115,-11.51,99,44,107,23.44,35,142,29,7.87,-41,-4.85,110,142,34.41,-10.11,50.97,85,21
68,73,141,36.34,48.2,0.05,16,-21.18,-32,29,90,-0.72,23.08,65,-9.39,81,-24.72,29.43,-43,34,31.01,-41,130,-44,66.65
-6.25,49,28,41.82,-21.5,-36,38.56,71,21.25,4.28,-12,58.81,30.52,-16.34,39.27,41,-9.18,29,15.5,52,40.8,64,-18.44,131,21
4,33.69,9.47,146,66.03,3,-3.18,17,118,4.95,51,34.97,120,139,19.74,8,21.02,68.36,53.7,14.45,39.32,27.06,4.44,29.1,44.32
56.85,17.85,29.79,47.14,1,11,122,88,-24,12.65,-22.87,6.69,41.55,84,58.83,-22.38,129,148,-0.43,50,76,136,-17.96,37.2,24.04
-10.21,27.23,47.54,123,38,105,116,23.31,7.36,1.2,45,125,-2.71,16.8,-37,144,8.1,-24.26,-36,-29,32.03,62,0.79,85,116
133,5.2,-4,137,1.6,13.26,23.59,-35,-40,4,49,104,42.56,13.16,102,-24,-11.8,70.91,3,39.53,55.22,56,11.85,122,42.41
51,31.83,29,26.2,-34,1.14,49.47,44,-31,15,-21,114,97,-44,115,125,11.12,20,23.07,56.36,46.82,59.76,68.74,98,48.42
1.21,58,144,140,-0.83,137,132,52.27,24.1,-13,32,14,44,75,-22,9,45.34,84,34.43,35.13,113,70,141,91,64.22
122,11.11,88,135,-19.03,34,1,-15.13,73.59,55.16,34.3,49.4,56.59,21,147,-43,43,39,9,74.76,63,49,71,76,49.98
71,61.69,122,50.69,1,140,23,64.79,12.68,-42,28.66,-30,65,30,148,136,147,-33,12.73,44,59.98,-40,64.1,98,22.32
146,-21,-46,1.65,27.94,-14,148,-37,11.84,56,35,51,125,22,-29,73,-3.57,-24.54,-50,48.02,67.99,42,74,38,79
100,85,139,64.36,6,120,15,8.63,35.51,24.9,25.01,48,96,70,46,132,5.74,11,18.34,41.69,59,66,129,-5.14,30.46
144,-3,-48,-17.38,79,97,-16,38,-46,86,19,147,87,58.02,52.4,-2,125,66,81,44,14,131,18,20,78
53.76,31,68.09,82,14,2.28,-14,48,63.15,84,37.67,84,44.42,103,98,78,-11.21,37,30.52,2,140,43.31,103,52,33.99
44,24,-24,13.85,-9.18,-15.73,-15.2,139,27,62,-3.22,133,86,11.45,28,41,-24.92,71,57.33,-9.76,17,63,11.64,77,68.09
57.64,35.77,-20.68,90,-25,71,48,74,13.16,13.05,56,29,27,26,-48,57,83,63.72,-14,22,-13,58,-23.44,9,29
47.66,-41,56,10.22,-20.39,61,58.83,118,44.21,73,2,101,4,29.37,31.86,42.39,34.45,145,72,-18.9,-18.96,24.68,99,15,23.63
72,52.88,27,17.58,10.93,19.17,3.07,20.52,-31,54.52,12,-7.75,45.23,122,48.56,67,44,136,59,25.87,116,35.78,65.82,45,98
65.91,77,34.48,49.3,113,-13,-16.16,56.25,79,-20.86,63.05,113,19,11.43,46,44,74.83,47.51,108,36,35,52,110,-13.39,62
54,90,22.27,-12,71.41,18,62,119,101,10,75,-10,-16.06,127,-6,62.85,1,-14,86,122,-16.25,142,47.31,50,-6
5,109,24.62,79,19.18,52.88,76,64.43,75,32.28,27.38,26,23,-11,108,118,26,33,-28,-16.47,-24.48,77,-19.46,43,12.88
68.62,3.98,-26,73.27,10,63,16,30.65,46,-3,-25,-29,-36,16.57,4,24.95,-20,58.74,103,13,-23.15,-43,17.64,-18.29,94
71,71,134,52,11,94,20.4,-10.01,52,71.63,69.46,32.43,55.97,115,30.64,-25,3.82,-13.81,-11,130,8.32,-20.84,82,-20,-6.31
53.92,8,33,143,130,61.7,65,54.07,74.86,-20.25,63,119,28.97,62,42,26,-5,122,122,4.09,17,-4,38.4,76,19
34,37.17,132,12,118,95,-15.3,120,67.17,-25,117,60,2,-5.57,2.6,69.35,-7.26,-20,13,67,36,54,72.62,47,-15
38.76,-25,-29,52.15,-48,28.72,-7.98,-14.38,93,9.25,122,-9,-10.83,45.65,23,34.64,91,120,44.68,45,3.54,77,79,38,127
20.75,-29,-43,-14.09,68.11,67.1,11.47,17.36,23,19.14,35,138,-20.84,-11,51.47,-16.03,-21.28,-16.72,26,81,51,36.43,30,130,68
71.86,54,-29,24.33,15.59,102,-13,18.22,-12,32.61,56,104,-18.01,-23,47,52,71.48,139,-42,113,-24,38,91,68.15,-44
143,140,3.81,126,1.36,22,57.85,93,46.41,-8,2.04,2.6,143,3,46,-22,41,68,23.91,8.47,8.11,46.95,119,42,-29
130,-3.7,-24.79,53.24,88,3,45,50.68,-21.46,45,-12,-16.46,-19.92,-16.47,-27,-13.3,10.05,-50,116,123,92,116,97,9.65,115
37.6,5,35.94,18,111,19,14.31,-29,-8,-15.74,4,29.81,35.14,-6.8,103,-20.42,0.48,67.87,98,22,24.37,125,4.33,96,138
-18,10.7,54.09,54.88,-17.47,-12.35,127,88,34.37,26,59.48,-2.37,22,52.83,83,-14.01,-10,-0.72,-24.08,-21.91,24.85,57,94,-1.09,95
-9.76,11,37,6.62,-17.18,24.8,133,18,92,52,19.1,-22.08,33.37,63.58,53.81,49.83,107,-17.55,86,115,34.27,67,-33,111,74
-5.07,-30,62.48,60.61,127,49,63.57,-49,-31,142,54,115,48.98,124,85,-15.36,41,15.51,134,-32,-1,45,21.28,107,-41
66.22,23.84,1.46,7,-7.81,109,-8.64,-10.9,42.17,-18,-14,114,-43,-43,58,-11,19.08,34,-23,-2.9,40.79,63.12,53,115,72
4,50.53,-14.78,65.63,18,18.45,66.44,57.66,36.06,19.37,8,47,-35,15.61,60,63,24.28,44,-50,2,93,20,-11.92,-42,65.53
85,8,89,99,17,-16,67.58,-45,33.47,71,38,5,55,-0.18,45,14,73,43.74,28,48.3,68.63,-19,78,42.12,69
99,-13.41,-18.26,103,57,27,40.82,118,134,96,36,-30,34,-48,149,86,45,12.42,63,8.23,-49,88,1.96,-7.04,52.96
134,15.41,14.66,-47,48.52,122,61,-11.8,26,15.74,120,73,18.79,-28,14,113,62,54.56,2,9.8,23.86,-20,55,63,30
55.55,25.99,48.16,65.51,79,-15,-17.29,101,-2.74,-17.86,106,64.54,64,-15,89,-33,47,-21,73.67,28.5,18,8,3,-14.72,-9.01
-15.41,73.68,-3.24,125,28,-24,90,-3.59,80,8.75,24,6.32,-42,57.27,-2.45,-7.25,50.3,147,-5.54,64.04,34.18,92,11.11,-39,1
19,-18.86,83,16,46,55.41,-19,48.93,148,52.63,-22,-6.1,36,65,5,57,0.2,50,41.74,-21,44,-4.19,92,45,97
92,-6,-5.14,-31,-1,1,-5,41.23,-16,113,33,-27,139,-19,120,10,47.74,44.12,122,51,31.32,11,130,95,9.57
142,-26,51,29.21,56.07,-6,-36,-44,32,116,-15,83,11,51,49.25,79,33.84,-21.64,3.72,-15,140,-1,-41,115,3
-9,110,7.18,50.63,-35,143,0,-45,-49,99,37,115,38.55,48.5,-37,52.29,104,66,2.46,-24,18,88,-13.4,61,6
13.75,97,127,25.57,27,101,-12,56,136,-3,-7.38,58.15,27.87,5.32,55,0.2,41.3,131,-11.25,20,-32,40,86,29.24,24
4.69,-22,31,53.76,134,126,37.81,108,46,85,49.5,65,145,47.61,-12.71,-12.99,63.12,52,-14.55,1,142,66,-29,-17,-42
77,35,39,36.73,66,-3.07,133,128,120,136,30.56,51,-4.14,12,61,39,30.98,69,-34,-31,17.22,-37,129,122,64
98,138,21,-2.14,142,-2,35,7.4,19,30.21,29.83,136,104,-13.64,26.01,23,15.66,140,12.26,133,120,-10,97,68,-18.77
57,133,142,20,-8.13,68,3,57,2,11.86,36.38,9,10,-25,65,10.88,147,33.11,-2.11,56,55.65,85,136,24.36,4.37
0.13,-25,41,113,149,-9,118,25,34,31,59.7,141,24.19,-12,40.42,41,120,134,107,21.77,-31,-17,41,-20,21.71
-15,64.26,25,99,91,46,52,-31,-12.19,50.05,125,-9,-1.36,-19.21,2.82,-30,56.91,-16,125,20.27,50,50.27,-44,149,-19
72,79,-9.1,104,56,65,115,-3.24,-12.34,24,99,-13.02,-29,3,21.09,15.06,-2,112,47.83,90,51.98,70,131,40.74,41
91,77,112,49.57,-7.66,20.19,30,61.55,-29,-15,1.2,142,24,7.39,-41,45,-19.81,52.89,98,49.21,-19.54,34.22,-2.68,79,-1.94
146,-23,51,30.01,-19,-4,54,75,144,91,-14,19.97,-43,124,-45,142,93,142,-14,100,98,-8.86,103,32.25,6.76
109,132,119,45.21,117,138,74,-11.3,80,69.42,136,50.74,68.25,142,-2.02,53.67,71.07,106,52,50.15,50.95,39,139,72,13
44,60.57,144,-7.16,57.48,133,44.84,37,9,46.39,22.5,41.53,-49,38,-3.67,-2,77,31.74,120,121,86,-8.27,116,-41,87
6,73.55,30.3,9,103,121,6.67,139,-47,93,40.42,-33,107,133,72.53,125,39.92,105,12.38,2,16.63,64,2.57,-1,26.26
13,15.2,-25,1.82,60,24.39,113,-37,-2,-16.06,64.04,22.52,60.53,67,65,36.5,37,14,11.33,85,74.05,59.09,13,-1.58,62.75
16,24.78,17.79,146,16.56,-7.95,49,111,27.48,60,67,-41,63,26,-2.69,44,143,12,15.13,27.3,15,42.73,108,8,-47
112,19,59,-0.9,-7.13,15,44,5,20.56,-1.4,39.24,33.73,-8,61,42.7,27,-5.88,62,10.95,17,-15,144,7.04,40,139
61.5,25.22,21,-6.78,-24,-23,63.73,25.09,86,15.73,33.4,46,50.18,70.53,31,103,63.91,-1,18,0,-24,57,-6.88,42.68,85
-14,13,-42,-17,145,-9,56,41,22,-13.74,58.65,19,122,44.79,-31,71,95,58,65,145,141,-6,-40,74.13,44
-19,-38,65,-42,101,136,11.5,126,61.01,-14.02,-23.67,35,-20,-40,29.47,18,45.32,118,41,-50,12.77,111,128,-0.64,-17.09
-45,-36,-2,48.45,96,23.41,109,-30,-35,8.02,8.23,6,-36,85,31.06,-10,84,41,45,61,30.42,113,51.49,21.01,92
27.16,31,-18.02,85,140,-44,69,68.86,30,34.77,0.23,53.99,87,-19,24,-42,-20.76,51,12.89,61.03,52,-30,18,81,130
-19.92,136,112,96,21.51,-19.09,58,43.51,52,-5,62,4.32,108,-15,40.05,75,93,65.68,10.83,-23,88,106,68,127,-34
76,41.72,-13.14,8.22,46,-34,47,31,135,89,68,22,3,-21,137,25.37,-32,-31,-18.67,73.01,63.43,-22.78,78,49,46.72
-21,37,-3,0.08,7.04,28,51,57.32,95,61,-11.75,34,22,-23.58,-24.16,61.16,39.76,54.43,63.57,-15,45.62,47,4,-33,49
53.5,43.11,26,-48,41,74,-16.91,84,-38,79,23,-21,-39,83,29.07,-40,29,77,-27,49.44,148,46.88,8.21,51,-5
42,53.82,31.01,61,80,124,6.15,35.09,-34,131,108,-2,-9.84,81,7,59,-22,121,134,11,44.17,35.85,73.07,9.25,109
6,-18.79,30,108,24,69,88,-14,54.59,-32,63.29,59,147,-42,68.27,1,26,7,142,58.22,56,-21.75,114,-3.35,103
26.62,18.84,-17.76,-10,-1,55,-39,73.76,-40,23.62,23.7,32,28.37,16.25,108,0,-44,9.03,16.18,78,37.33,57.42,66.82,60,58
124,10,40.93,147,61,99,13.51,103,30.64,89,-2,30,-7.29,71,29.61,27.24,4,72,1.95,47.53,65.53,120,25.21,145,29
137,5.92,8.85,62,13.29,15.4,-16,21,93,41.14,8.68,-42,93,37.13,0.54,42.26,-14,2,46,117,59.83,9.34,79,-7,57.58
17,-34,-11,73.6,44,-9.35,-48,129,114,59.96,60.39,74.68,62.19,49.14,53.45,49.42,74.72,14,47,-15.49,54,35,-21.62,-11,18.09
-18.68,67.66,-13,72,18,80,23.31,70,28.73,-19.63,47.72,-9.01,44,-37,92,-23.46,14.72,-20.89,97,13.82,10,25,8.23,57,6.3
60,75,43,-47,52,40,-50,3.9,70.96,4,54.92,46.27,94,-44,23,6.49,83,113,-20.83,-18,143,6,29,16.78,119
15.17,37.33,0,-5.3,62.73,7.8,4.33,-15,-14.85,146,108,-44,-6,-17.76,36.8,74,85,29.07,113,15,59,22.7,13.9,8,123
-24.8,79,137,-41,-6,113,112,18.54,73.65,71,42,-16.82,4.04,-30,-5,124,102,111,-3,142,23.27,49,9.32,31.24,72
29.57,74.29,17,68,-23.67,22,55.7,90,18,38,28,97,72,-1.49,97,45.96,72,78,-9,68,-8.16,55.08,25.02,103,24
80,36.04,103,26.36,47,-49,-9,-39,23,-16.78,16,75,12.36,-5.56,-24,15.68,57,-28,-10.1,9.91,108,-42,10,-8.26,104
83,41,145,110,-9,71.18,47.01,-15.41,11,85,-33,69,14,56,111,32,109,114,-14,111,-17.5,79,62.71,52,35
67.86,-36,40,39.07,25,-9,9.59,18,137,45.97,-6.55,90,109,38.63,36.99,83,85,29,-20,74.27,-44,37,48.54,20,47
12.87,-3.39,12,61,67,13.46,139,1,75,101,43.31,149,84,20.84,86,71.48,28,37,20.42,42.22,73,22.9,100,147,58.69
-31,148,-44,9.12,38.37,-6,-18.91,28.7,-3.74,-5,-42,-9,-14.29,41,35,-40,47,66,49.34,49.82,-18.62,33.1,123,33,7
91,8,2.86,82,35.26,144,55,39,47,86,3.12,-16,72,69.35,51,62,142,62,134,-38,24,65,7.27,33.62,51.06
9.03,117,-13.53,61,1.18,53,35.4,-32,13.05,-17,51,24.02,23,9.84,124,-29,4.99,7,53,-31,16.96,119,139,28.16,-47
5,143,51,66.3,148,37.01,63,117,-9.87,-31,20.07,51,102,81,-47,23,65.22,41.42,44.82,15,53,41.19,-41,83,20
-0.61,75,54,44.93,-8.92,121,73.81,-4.74,64.48,-37,-30,9.98,-20.76,-14,-16.94,-47,13.38,60,-6,-46,115,48.96,1,36,16
100,38,138,130,37.53,-37,51.76,14,38.47,9,40.56,-12,-7.31,1,-30,72,83,-11.19,55.35,30.03,-7.87,21,9.6,20,-24
-32,-9,43.6,34.34,57.58,116,8,-31,65,-26,114,63.23,-13,52.55,41.15,24,50,-43,73.21,46,111,109,4.97,54.7,-37
-7,-41,4,3,135,68,21.99,45,113,13,-33,7,32,49.42,41.33,-1,145,36,21.09,-42,63.79,-16.24,74.17,9,121
1,2,129,-13,56,60.78,141,102,-41,51.62,-32,82,-15.41,24.83,98,46,-7,62.67,14,60.07,16,71,35,2.55,74
20,117,-4,-15,129,139,36,-10.42,53.25,-29,41.04,19,14.21,108,140,58,38.83,135,-2,71.49,-23,48.01,116,40,63.7
2.87,35.69,100,-47,70,-42,72.18,43.36,59.17,136,91,97,-13.01,115,-7,-14,61,29.67,-33,87,51.12,18,92,-47,32
35.33,74.31,-2,42,16.52,73.87,17,-15.25,48.46,13.5,35.11,52.2,-19,22,5,16,107,54,5,112,-36,62.97,-5.79,-21,40
54,68.51,-5,77,7.2,3.54,-20.53,62.32,26.66,73,-8.1,87,73.79,66.62,-18.57,132,69.15,-4.47,-45,-18.42,93,59,28,-23.1,-9.69
9,108,83,49.99,-15.89,47,-24.51,-32,-12.95,60,57,105,37.45,31,-50,-6,-17.31,2.29,13.39,-7.76,26.04,28.44,64.56,18.26,46.13
54.35,-12,112,13.92,91,24.2,40,-21.85,-34,38,41.13,79,118,71.42,91,18.89,9.37,58.8,101,23.94,-32,-0.87,-25,-10.93,22.39
41.15,111,13,-36,144,74.72,146,26.51,90,101,70.59,-18,26,9,-5,140,24.95,117,12,72,61,4.25,132,20.02,9
148,73.27,54.31,137,17.06,41.19,99,58.98,39,72.43,97,-4.96,10.67,59,22,62.94,58,29,-5,36,41.69,76,52.97,0,-13
59.41,27,30,149,121,-39,54.64,-28,-14,73,100,2.85,26.86,29,96,-37,56,128,62,64,51,72.13,37.96,29,51.98
-48,36.21,68.02,-17,48,48.07,18.72,46.51,67,31.47,24.57,-21.54,98,67.38,40.18,-29,73,-30,82,48,19.02,26.19,67,103,116
-25,55,-12.33,60,48.86,2.83,44.58,-1.72,-22,120,96,115,-9.44,-32,127,-28,6.54,77,22,81,48.48,7.42,-45,-43,129
-23.18,-30,5.38,45.42,119,111,-17,64,128,100,72.56,35,8.29,27,-18.46,77,142,-17,39,76,19.07,105,26.12,61.51,74.83
27,27.04,12,89,63,18.56,58.79,53,113,-26,35,18,-4.86,-5.53,17,37,92,7.07,-6.7,138,146,141,34,-16.77,58.96
148,-16.06,61.53,107,25,-23,46,147,-12.59,24,-16.01,70,-50,132,74,68.74,85,96,68,-9.73,21.66,27,2.07,17.17,147
48.21,-0.3,117,-45,-32,94,60.07,80,40.53,-11.36,14.03,50.1,131,-37,118,11.6,78,44.11,142,20,25,35,-10.25,23.69,22
-16,45,99,102,6.37,13.42,3,144,40,113,64.26,-41,84,124,55,8,-1,30,-20.43,19,108,35.45,147,111,55
87,127,122,75,23.8,14,119,56,123,61,149,7,64,9.59,-4.26,63.62,2.36,31.51,-39,-15,126,121,48,13.69,140
15,105,60,11,79,-4.61,-13.02,50,-18.38,17.54,135,-1,1,-22.59,11.94,71.51,9,112,136,-23,-17,55.15,129,-14,61
-43,43.91,78,51.51,17.76,-37,-18.35,-13,51.36,74,63.82,-25,60,-18.24,24.5,99,100,5,-20,40,14.26,61.49,139,-1,-39
-10,127,3,2,66,16.34,-13.36,18,12,-29,38,55.47,136,-13,59.29,-20.92,-6,4.87,75,-36,62,-23,-20.9,65,66.05
5,-24,22.94,29.34,-20.99,57.25,73.92,18.66,11.86,69.84,55,45.7,12.9,-22,140,145,27,121,-9,-13.16,46.9,45,6.19,27.01,-17.29
9.21,119,-15.87,149,73,22,68,-2.7,21,147,-20,-22,-36,-14.28,-15.38,0,-18,44,-38,46.93,100,-27,28,47,39.59
5.28,-50,103,136,-17,37.25,135,50,10.8,-4.67,45.55,145,-20.48,1.77,-9.26,124,53.69,25,-45,46.51,41.08,132,69.12,49.49,88
-4.6,60.22,140,-1.11,-13,57,34.42,27.68,115,60,81,72.25,31,-33,7.68,77,73.75,115,81,27.44,-36,12.11,-12.44,48.91,70.81
-16,1,53,12,-12,50,85,80,-11,61,51,-6,132,100,57.06,91,58.89,56,47.13,70.46,-9.61,9,148,110,8
9,50,46,128,64,-2.83,79,82,23.11,22.05,128,130,-24,-31,-1,23.1,64,11,-1.8,-44,61.57,-47,137,-39,73.41
-32,14,49,98,-4.14,-21.69,39.35,50,50.1,-24,94,-20.85,15.73,126,114,19.95,90,63,1.82,72.54,31,97,90,-12.44,107
-16,32,4,41.92,-9.28,15,-6.06,91,-44,144,19,-6.89,35.91,34,147,-50,99,149,49,-33,8,-9,50.66,45,42.62
66.93,30.09,144,-4,9.96,-40,54.22,26.92,83,25,-15.73,0.13,-3.48,94,13,33,57.03,36.28,39.1,-39,-5.2,126,43.27,12,-3.09
-21,70.24,131,63.06,64.88,-47,-6.6,-23,-30,-39,84,64,9.95,-8.63,91,-10,60.14,-45,56.27,-31,-7.19,-39,108,-13,-3
-9.98,53.18,-5,141,-23,4,52.62,53.5,54,88,-5,-22,0.8,21,73,146,97,78,28.37,17.51,-10,84,34.74,73.37,22.8
45,20.62,25,26.56,17.88,48.28,44.59,43.74,16.38,9,41,-42,0.59,117,79,145,66.4,56,44,35.78,-49,4.72,-31,36.44,-22.71
11,75,17.58,-48,125,81,-6.87,30.05,35,26,106,-44,-9.1,102,58,24,91,12.99,74,117,-42,-10,-17.32,-4,24
137,9,-41,-40,125,149,80,85,103,41.37,59,57.33,7,14.61,122,122,46.77,-24.25,78,35.59,84,-16,107,144,-28
33,-6,-47,124,-11.38,-5.28,68,109,47.73,54.93,-6,-48,-38,-36,-8,21.08,13,-20.4,142,33,50.5,25,72,20,58
32,-9.32,71.18,-19,81,-6.68,-14,98,82,-3.04,47,40,-16,120,125,-50,112,18.79,71.24,51.51,36.06,37.03,26,-41,42.94
137,78,14.17,-9,112,117,46.17,-12,31.71,145,76,24.32,34,8,104,-3.77,-25,40.43,139,10.65,-37,-6.37,-43,62.98,-43
33.41,-34,12,-16.41,106,34,63,116,135,94,-7,49,67.05,102,10.84,147,0,51.09,75,21.71,130,68.18,117,125,51.13
45.21,45.24,-41,69.23,15,142,66.54,-20.94,11,50,-7,31.08,55.58,69.88,-7,-21.28,-1,66,14.72,33.66,-34,44.62,-16,49.04,34.54
58,146,47.97,12,64.11,6.77,39,69,85,-7.17,42,89,-46,25.97,-45,58.67,46.12,-15,134,9.6,32.14,-48,26,-34,10
-17,4,70,65,63.92,-33,70,-8,3,12.71,67,-22,76,-4.43,-30,41,-30,46.37,41.58,11.48,-42,34,-15,41,-16
31.14,47,109,12,23,-11,61.71,14,7,77,46.2,17,131,1.13,87,93,78,87,25,34,18,7,63.05,32.32,21.18
-21.71,-2.36,57,16.47,14.02,-24.09,112,132,61.68,-24,10,-13.63,3,62.29,90,96,5,8.61,125,77,128,4.42,22,68.92,39
2.17,15.54,-9.45,99,57,142,29.34,-18,38.64,42,80,38.81,70.14,48,48,64.53,47.68,62.26,-24,-36,16.79,110,19.76,6.89,53.5
61,75,139,58,17.98,39,12.07,104,0.7,67,22,38.89,-23.16,36.71,-30,3,-13.99,37,-29,-47,108,49.67,52.06,-2.03,37
30,27,-43,29.27,28.92,82,66,8.11,36.72,10.19,53,96,10,-17,20,21.91,-36,-27,71.94,139,51,23.07,-17.39,46.55,3
26,131,-15.89,-48,2.24,77,119,15,48,-10.14,-11,23,66,25.95,62.39,-20.87,-31,-13,29,-30,71.84,139,54.79,-7.81,74.18
73.75,9,0,35.19,72.89,54.47,62.34,34,1.27,-24.51,-19.8,-50,61,5.08,61,133,20,11,64,107,36.7,45.36,-12.72,46.98,51.06
5.65,23.54,19,69.11,-10.48,11.54,-28,-47,104,-2.06,59.42,106,113,-10,62.91,-36,-3.76,15.58,23,-29,33.87,11.56,144,-12.41,149
34.8,-7,-24,39.22,117,21.32,36,64,71.97,2,-10,-8,44,54.82,2,81,38.07,68.51,71,-8,48.35,39,43.88,32.46,-21.45
81,-33,-15.74,3.6,51.14,131,8.62,149,148,92,3,61.62,-40,108,28.91,-12.26,133,8,55,73.51,9.43,57.35,17.07,37.11,70.76
-49,84,-24,23.54,56.17,44.88,-37,127,60,72.09,36.43,29.7,39.27,98,-22.72,-18,70,133,29,4.8,12,42,70.04,10.5,-47
63,-41,-6,54,69,-2.3,-13.57,113,-4.09,-6,45.11,46.32,46,149,-20,41.65,115,40,15,46.47,50.12,52.64,-1.16,-2.31,14
-17.19,11,-11.91,16,145,38.88,2.41,96,-35,54,22,49.15,41.9,-22,101,-17.16,18.16,52.6,101,138,10.25,134,128,-1.04,2.47
-8.37,32.21,68,130,7.74,-17.44,147,42.1,-33,146,135,105,131,-8.46,30,119,8.35,0.99,1,144,30.5,139,133,36,31.19
-48,42.5,107,4,52.48,59.24,39,10,33,16,-33,49.19,60.53,81,61.25,-1.17,58.63,132,9.91,55,77,132,54.41,47.6,-25
14.44,-4,64.12,19.01,80,137,39.79,-20.2,-9.06,94,148,66.54,0,117,101,-41,6,30,20,19,123,105,146,63,39.67
-21,10.47,121,34,96,19,47.4,118,72.46,60,-40,-48,80,51.43,38,112,-24,45.38,32,104,13,-16.7,-20.16,28.19,-1
72,-2.52,35,-18.3,49.96,2,-44,-24,98,73.15,141,64.73,-0.3,-20.2,-15.33,99,3,3.32,34.74,53.54,-18.5,66,125,-16.67,31
33,140,63.24,86,35,69,-1,56.04,-2.87,-41,140,74.1,77,5.53,26.63,-6.39,-27,122,113,21.85,54,94,35,95,1.34
71.97,111,80,6.63,61.21,74,-43,0.32,-6.93,-4,42.68,87,-9.99,18.46,5,-5.78,46,58,13.72,30,-42,4,-0.74,9.91,133
38,-41,-22,85,39,-49,0.86,47.05,-41,94,-39,80,69.97,77,25.21,33,52,25,136,-20.45,110,32,-17,-11,63
53,66.01,0.36,10.2,138,72,18,24,97,109,57.22,7.75,131,123,9.03,-12,132,-14,55,0.92,15.78,44,13.28,68,41.88
-36,13,95,54.14,72.34,19,51.85,56,28,-16.94,40,-8,12.14,-3.88,-21,20.82,-13,80,147,-27,37.48,67,1.16,58.06,-4.39
38.38,-12.13,-42,15.24,61.03,114,28.88,3.24,-26,52.67,47.03,45,-34,11,-25,-11.08,134,-30,88,9,-21.41,131,134,12.36,75
-5,57,-21,17.54,101,-14.2,24,83,55.24,52.02,-19,36.12,58,-4.15,-15,144,44,12.1,58.33,62,43.29,28,-40,-9.71,93
39.05,65,124,84,-13.46,82,82,-16,2,4.42,111,-0.01,41.7,119,25,47,138,62.58,117,-45,54,49,-9.55,23,10.9
130,100,19.98,17.18,99,41.76,24.34,-22.48,-48,35,126,13.01,-23.25,55.47,63,46.12,54.04,94,99,48,-24.6,66,-12.35,39,4.45
52.93,-13,39,35,-47,149,42.35,28.46,41,73.76,40,27.26,59.55,66.63,74,81,5,26.84,-32,47.71,99,113,35,26.2,16.99
70.68,1,50.85,141,-19,92,-38,91,91,95,16.97,121,135,-4.81,4.96,77,57.56,103,12.46,129,34.97,9,55.2,26,83
1.99,25.75,62.77,45.08,48.61,142,73,12,79,-23,-5.24,-40,0,117,-15,40.74,47.66,84,-28,-22,28,46.59,69,5,53
91,-45,141,0,90,35,137,42.3,115,-18,51,48,-17.06,84,55.75,78,118,27.69,-7,-31,148,25.44,1,56,-36
-32,99,107,-13,137,43,24.58,30.07,-4,-27,-6,-18,2,19,11,-10,82,-23.97,81,51.28,-0.36,66,24,31.73,46.39
88,1.31,53.81,15.14,74,-24.14,29.92,15.86,66.76,7,-10.69,100,-2.8,-8.04,24,40,-15.45,-14,4.53,35.36,86,44,55,-3.86,83
63.12,49.13,21.11,137,-20.43,25,15.15,69,17,52.08,10.06,-1,14,68.12,-17.31,125,-29,-50,-50,-39,128,25.24,47,-3.42,34.15
132,-42,131,106,118,48.19,64,100,0,6.17,-13.54,89,25.55,31.94,14.39,72.52,-17,25.59,64.37,72.43,53,14,-3,41,25
42.42,139,-9.67,-3,73.09,76,-10,7,65,-3,66.63,61.38,68,-32,37,43.52,90,19.92,31.9,131,36.81,10,-21.83,2.55,32.41
40.6,135,68,70.51,-22,19.53,102,29.38,-24.02,63,11,-26,40.46,10.71,47.78,16.04,141,30,73.22,-15.52,10.21,55,28,0,86
1.2,15.17,6,-2.43,-31,67.29,86,56,45,68,112,54,5.97,31.95,129,75,31.86,26,-36,81,37.77,-29,-16.22,59,49.08
117,40,13.85,125,16,20.27,19,-5.32,85,6,-24.44,43,40.65,-5.61,79,2,72.32,38,132,-4.9,108,-40,29.08,48.37,40
42.07,-4,89,66.35,8.92,45.23,99,29.49,3,37.02,34.26,37,31.67,-2.31,20,-21,-5.82,-23,45.33,71,130,67.35,-31,144,11.94
70.4,-14,-43,42.64,138,58.75,90,-11.73,-48,123,25,71,-40,-10.56,123,-5.39,106,62.26,-5,143,72.92,126,27,135,-18
12,63.7,36.11,-10.74,82,28,55,66.67,-2,55.06,61.24,25.09,26,-46,1.99,0.79,8.69,52.46,74,61,36.2,129,38.96,10.82,-9.99
-5.02,-44,28.21,28,74.57,12.14,41.27,59.09,18.42,15.59,120,7,18.08,-6,94,40.16,-13,-35,57,112,83,48.64,-44,50,35.16
10,-12,25.96,17,52.63,76,18,43.88,63.8,-50,18.99,-1,-13.66,45.31,-16,7,132,57,-9.41,38.86,33.74,91,17,38.98,31.62
80,-5.32,71,34.62,56.27,20,83,121,10.44,4.6,-15,34.81,-23,58.28,68,50.3,21,27,115,21.74,149,94,71.43,-29,-1
20.4,11.05,17.66,19.62,15,-2.2,2.39,47,9.52,100,142,27.94,-22.53,1.64,15,-19.92,128,5,-19.55,69.14,31,5,124,78,47
49,16.64,-6,0,55.89,59,-44,3.97,21.03,-17.89,10,-0.64,88,-12.02,27.49,66,78,18.3,76,25,12.79,71.08,63.03,42.08,100
116,-14.55,67,-5,52.34,-17,43.68,62.52,11.72,58.34,78,3,142,-15,136,107,39.75,21.55,57.21,-32,-30,74,55,118,17.45
61,72.18,12,-15.42,-5.17,46.58,106,-36,36.19,59.83,-14,20,118,-21,11.02,75,-13,68.4,0.78,92,41,67.33,2.14,50,16
117,15.68,40.87,-23,-11.03,25.6,14,33.45,101,18.57,-31,12,6.41,-15.42,-13,24.93,67.06,3,6,140,134,4.33,25,3.96,44.22
96,-47,-17,58.39,117,26.02,104,52,63,5,25,91,38,42,63.94,26.49,3.68,62.18,32.72,72.25,101,6,8,87,10
19,3.91,-33,-17.46,29,113,31.6,67.06,51,67.15,11.52,57.61,48.69,-14,146,-42,18.99,40.39,19.94,118,56.61,88,48.76,17,11
74,-4,-24.59,15.5,34,-11,-28,106,-2.09,41,-8.63,25.36,21,73.2,76,25.93,62.19,12,-46,85,92,53.71,34,-45,113
67,19.61,92,-14,-22.02,63.09,124,-39,-18.27,50,145,-2,133,44,108,36.15,59.37,81,31,-9.45,-21.86,-8,68,-25,-19
105,20.96,52.92,-23,-42,2.36,106,-3.27,9,-13,48,18,126,0,24.95,14,47,46.75,102,0,99,0,90,6,31
-22,98,18.93,-45,1.55,72.02,53,113,8.7,63.04,57.4,33,-17,-8.68,72.36,74,-15,65.26,67.18,-40,21.91,-28,125,44,32.96
-41,113,-6,110,-35,52.56,-7,37,70.36,96,-18.17,-21.31,39.5,25.69,39.3,17.02,73.64,39.8,65,12.79,-8,123,66,6.4,136
113,51.02,5,-12.93,138,0.69,31,45.48,97,112,-4.32,108,-25,69,49,147,4.2,78,52,-1,32,13,135,-37,9.25
-14.44,112,-50,117,122,-41,138,35.2,114,31,84,-13.55,89,50.47,3.21,55.49,58.36,-13,-42,-18,70,-21.34,7.85,15.47,149
-5.04,38,58.79,41,33,20.81,-28,37.58,57.7,-6.04,-17,42.72,30,36,133,12.84,17,14.16,-8,71,47,13.47,16,24,-43
148,10,29,66,82,49,-9.22,20,122,34.96,67,72.59,-43,73,64,-49,57,57.4,39.92,41.41,-19,66.36,-21.94,-35,52
15.31,29,48,67,1.91,26,67,-31,137,-8.59,32.05,55.9,56.15,49.3,-5.71,19,148,-3,33.43,71.9,-34,93,8.95,35,72.42
-19.45,125,-22,40.32,16.73,74.84,57,35.05,-4,114,-45,-40,-0.28,16,39.72,9,86,60.47,68.65,74,113,-23.1,4,135,71.92
4.23,-39,21,8.11,4,1.83,-11,51,111,66.52,119,-11,35,2.97,69.04,62.09,64,6,9,94,-23,5,-1,35.6,94
40.04,77,79,12,66.29,5.41,24.28,-37,-17.42,-16.52,55,34.81,49,42,-18.65,95,87,27,-18,43,105,53,25.72,84,-47
-48,23.55,1.06,-49,-14.19,34,-26,57,14.51,90,86,59.4,103,9.12,-39,132,2,19.26,62.46,2,15.63,66,7.22,-6,74.63
-24.52,70,-8.92,56.69,72.91,20,20,113,-18,19.73,36,30.66,60,50.66,72,19.58,142,132,-21,13.71,-21,17,57.77,-36,6.44
-1.23,69,50.18,1.84,-22.88,-1.71,-2.72,128,9.16,67.65,91,45,102,85,-15.34,-1,-18.47,37.78,72,10,-24,30.45,42,33.16,45
137,-8.51,123,96,19,57,148,40,-24,64.42,17,73.34,-48,82,64,31,83,-6,97,58,50.4,-16,19.24,20.26,55
67.95,39.41,60,111,81,16,82,46.03,64.26,-26,74,-17,-35,73.7,37,30,27.97,-27,59,1,-37,35.86,64.63,77,63.63
-13,-6.29,38.19,61,64.54,24,-45,92,74.86,36,47,27.1,64,10,122,22.38,-23.66,57,42,65.29,11,116,118,53.05,-21
69.42,-19.1,8.2,80,104,-16.88,-18,74.14,-50,58,8.2,26.29,32.7,-42,15.07,13.78,67,72,59.33,11.88,14,130,-8.44,29,-5.18
22,21,39.47,5,16.83,71.63,40,3.15,105,27,34,5.3,-29,46.49,47,18,-37,103,39,60,109,133,31,102,10.01
-4,78,1,149,-3.71,36,18.54,1,50.71,17,72,24,63.88,99,38,-14,3.26,132,-48,22.9,13.48,23,-13.14,42,44.33
-30,15.8,4.95,50,3,1.35,29.19,9.79,74.56,43.34,15,119,4.5,9.11,15,-6,66.44,56,35.99,-21.69,-12,45,55,0,77
125,11.69,-14.34,-6.18,90,-6.33,89,63,33,-38,29,66.28,36.02,141,16,65.62,18.96,17.03,122,141,74,-7,123,38.44,-19.34
7,7.18,0.22,6.21,-36,-41,39,48.38,21,-14.83,49.63,57.98,47.75,9.59,27,69.5,41.78,18,6,-16,14.99,71.02,-1,77,59.73
-10.73,97,85,-2.23,-41,66,61.21,-4.52,26.12,-25,47.87,75,85,1,-16,-25,-39,11.38,77,43.36,41.7,8,68.58,9.01,25.64
-8.04,107,44,62.68,5,55.97,91,33.5,114,116,45.94,-10.64,132,-23.23,4.39,33,48.04,62,77,138,-37,25,10.57,51.81,14
41.06,-15,27.83,-0.8,-15.83,47.6,8,-32,37,2,34,2,25,44,102,-44,65.11,23.2,118,-0.3,26,59.36,-8,-4,3
-21,64.24,80,8.92,127,32,-17.02,102,140,25,41.03,117,3.26,67,23,-42,90,53,-16,-12.3,138,-7,-17.09,20.05,42
17.25,72.88,-24,3.14,-24,120,-19.43,73.83,19,89,-11.43,129,0.35,-39,122,74,38.78,-12.27,22,54,80,-1.78,13.87,117,-14
-26,63.67,45.85,11,2.02,39.58,87,0.1,66.95,-27,41.12,118,76,99,28,24.68,-16.6,27,-43,88,-21.02,78,67.22,26,51.53
-14.99,60.01,78,20,-8,111,132,69.46,111,-50,-6,128,-29,-18,-43,71.57,34.05,127,65.79,67,147,6.99,134,-1,-17
24,147,21.62,69.81,132,-49,-8,-20.68,16,130,38.04,147,-49,5,49,34,-6.67,72,21,2,141,-33,56,116,66.51
119,58.68,17.59,-13,100,22.07,50.79,107,9.12,72,13.01,-4.57,130,7.22,-11,31.02,16,16,-9.93,46.05,135,100,20.77,101,6.53
-24.9,-20.49,137,-14.1,74,3,143,-1.59,35.51,11,126,55.25,51,100,88,95,141,34.93,39,102,106,17.2,39.52,77,63
71,54.35,44,105,-19,15,-49,71,61,-30,61,35,54.8,-17.74,90,128,149,-13,62.17,-24.8,138,-1,-23.33,-3,19
-15.23,53.45,55,41.58,79,59.62,128,23,73.85,1,-3,87,2,53.61,22.36,3.16,12,-27,139,24.6,-48,51,6.28,110,13.03
83,14,-22,33.58,83,112,-14,25.17,85,53,-22.77,111,-20,33.03,121,-1,42,57.77,36.41,117,19,47,-29,7.49,9.67
10,135,31,36,-15.3,51,146,65.74,86,22,-16.94,-5.05,-14.77,-24.94,26,47,-12.78,-28,71,12.1,-3.62,74.42,-22.46,2.59,-29
149,-33,21.89,40,29.92,77,78,103,87,140,60.44,1.51,17,22.94,53,27,43,94,-22.57,61.08,67,-39,10.23,9,24
115,33,-17.99,62,36,22,21.79,-2,149,47.17,-1,70,98,5.75,35.59,57,-16.73,121,-39,138,122,-5,25.21,53.88,106
34.86,127,77,14.97,-19.31,8,-41,12.93,44,1,37,112,37.61,65,-3.13,99,14,143,56.89,80,111,-7.54,-33,0,-24.7
-13.22,128,-38,15.38,40,43,37.31,-50,19,128,-31,2,89,111,14,24,13,63.35,58,-34,-16.43,65.31,-44,8.91,93
27.48,37.47,-22,77,-19.17,-13.99,148,15.72,91,77,-8,-8.17,39.68,48,31.75,-27,-16.96,71.2,4.73,100,-42,-9.7,-30,-24.98,4
37.64,4,-9.65,43.25,-31,72.65,-20.98,69.88,-48,-3.99,43.33,133,13.72,88,122,41.88,54.97,52.09,89,-24.56,55.95,28,56.6,-15.13,-16.24
42.61,-9.31,57.58,144,38.05,79,55.16,78,5,142,6,-27,66.87,-27,81,-3.29,-35,59,60,67.36,41.42,95,125,63.69,0.5
-23,44,19,-22.94,71,32,9.85,37.06,27.61,3.19,42.6,118,-28,58,61.18,26.77,-22.01,-47,26,50,-15.14,80,126,80,24.67
107,73.46,-11.59,-7.99,120,-4.24,24,13.81,54,67.77,68.39,57,36,6,-47,43,-8,-9.69,18,-22,104,15.35,70.01,149,137
7.24,149,24.66,-2.61,62,57,92,-5,-7,126,123,119,57.25,104,13.73,120,34.18,-29,119,145,147,10,40,-41,59.31
-5,71.63,24,-6,44,46.2,12.54,10.03,-44,59,-1.39,55.76,-19.18,-28,61.53,4,-9.82,101,22.36,66.27,1,-20,14.2,-42,21
57.19,66.99,64.89,49.43,-39,-8,67,58,16,34,101,12.4,104,2.07,-48,112,48,26,104,7,-4,65.84,34.33,69,74
6,24.1,62.12,52,2.68,29,-34,-6.4,65.34,-24.42,20,61,-11,115,-7,98,20.76,100,-24,-8,35,25,29.66,18.66,19
68.54,59,-34,-11.41,69,18.7,3,140,-10.43,95,61,-16.98,59.68,-28,109,57.82,86,-27,-24.43,127,140,91,42.48,86,114
72,-22.72,139,100,-8.61,35,20,-5.36,18.5,54.72,-37,86,-8,13,141,23.98,10.42,39,-7.36,-2.47,-7.12,70.17,9,-29,115
-12.75,24,45.46,110,-16.15,125,-30,55.72,40.39,-49,-22,105,102,138,-40,23,131,-20.62,35.3,69,117,9.41,-3,61,-48
39,54.51,30.07,149,33,67,22,122,4,34.12,10.16,44.97,-2,66,50,-19,-22,-0.24,38,31.49,1,2.66,52,75,55
130,-19.64,62.2,135,-35,73,54,119,48.23,4.84,17.96,55,116,72.04,135,-17.22,24.68,-22.94,39.8,60.36,128,-19,78,84,35.95
-31,-24.33,11,29,-7.4,-10,51,1.31,12,5.65,131,17,78,5.83,25,-9,1.07,-11.44,-29,98,73,46,-2.49,116,131
146,9.12,102,51.22,-36,16.24,47,78,66.13,64.72,96,-14,81,19.8,90,67,65.23,40,48,117,-48,25,-1.89,-13,-19
15,68.3,10.45,62.65,-25,124,4,52,-12,-20,23,-1,138,52.17,-12.76,-1.89,135,-10.16,11,92,-12.43,-47,29,-34,148
100,47,-39,-42,119,70.8,5,115,16,83,-26,93,47.57,24.27,-37,-11,47,130,107,-33,5,14,-1.31,50.33,90
53.26,72,66.85,-21.94,-2.38,48.2,110,32.97,43.5,44.77,65,-14.37,-25,93,65,17.5,-48,18,47.92,53.55,-37,19.3,50.5,-3.45,19.61
124,-15.76,-5.67,128,35.02,47.24,98,0.04,130,17.06,76,-3.89,128,42.8,43,62,19,-26,-30,145,37.42,44.62,-40,-8.01,3.63
88,76,73.87,58.11,40,17.35,86,105,127,-12,-13,8,-7.97,61.41,133,36.29,5,-45,24.69,81,66.5,56,69.7,17,113
25.78,75,81,68,12.49,56,91,31.08,57.11,56,-35,91,94,-16,-45,29.94,8.82,24.17,-6,35.72,17.46,55,-15.41,15.9,-3
7.91,27,56.18,140,-6.73,13.67,58,115,25.77,46,60,50.11,41,-21,18.22,-12,-38,58,20.49,21,-10,43.45,3.22,54,83
55,-39,20,123,-3,24,84,128,41.67,-39,-27,20.89,58.17,25.95,-23.98,25,-9,-12.99,29.3,99,-1.31,99,34.25,142,-2.4
21,68.85,29.36,78,60.02,-44,18,114,83,132,-10.49,44,71.46,125,59.03,95,-17,61,30.14,42,91,19,4.66,32.2,2
-20,90,13,56.32,27,127,-19.09,105,-30,-12,120,-42,0,8,81,-22.54,115,-43,22.8,-40,71.92,6.19,60.47,28.99,129
11.38,4,18.38,-22,2.71,98,-32,-1.25,-5.02,115,-43,127,25.13,55,69,13.82,36.47,109,60.25,149,-13.94,-12.51,2.12,30.91,-38
141,-16.3,-32,63,7,31.3,12.89,23.91,46.4,82,59,47.21,145,9,25,4.72,32.2,10.39,-24.57,98,35,58.69,-2.46,50,33
147,-11,-32,53,61.59,65,93,14.33,83,110,126,-35,34,67,-7.37,-6,19.09,17,-38,19.92,3.17,16,-20.8,67,44.35
29,94,74,69,28,40.78,52.57,73,17,117,4.38,72.73,74.53,-18.48,-37,-21.52,-12,84,121,144,38,64.47,83,-12,63.36
114,41,30.64,64.25,99,-21.22,3,13,56.88,52.59,-8.75,-36,4.61,125,57.48,56.23,55,-11,-46,-12,126,54,75,69.57,27
-11.41,50.53,112,73,118,12,114,-1.16,57,61,120,43.82,-23.42,-15,121,7.56,140,65,62,-4,64.52,98,3,82,57.2
114,-3.54,-8,6.66,-11,98,55,17.85,25,149,60,46,66.52,119,31,8.83,103,61.93,66.81,58,36,-47,29.61,-20.3,-45
67,75,112,-17,27,33.45,141,139,-15.26,100,10,51.75,71,63.91,35.92,21,53.26,85,-31,47.54,100,-22.33,-4,-5.29,73.08
-7,60,31,69,77,35,-28,7,-20.53,-14,48,26,33.81,102,-19,20.91,-22.67,143,49,32,77,30,139,115,73.44
29,86,-43,107,-17.42,-2.54,36.41,76,-11,-49,91,1,26,99,38,1.76,-45,69.47,105,125,52,135,73.88,36.91,70.31
91,23.61,29,4.07,44,40,28.06,101,29.31,43,32.78,6,75,61.27,43.33,142,57,40,-24,21.12,52,25.93,99,78,-7.01
11.08,-18,137,78,88,49.51,56,1.53,53.44,112,-17.43,-13.56,56.42,-9,42,58,34.31,58,-24,61,36.27,135,134,66.56,-48
122,82,138,14.46,-2,71.19,69,-48,63,15.56,123,71,-14.69,147,84,81,-18.41,117,69,40,108,10,89,148,57.02
4,37,53.79,43,71.47,120,-19,-17.8,-9,-11.7,-0.92,-25,-43,19.82,5.1,91,124,-14.53,33.33,115,1.23,54.09,109,141,11.99
28.8,108,8,-44,36,-17,-13.96,59.17,-38,30,77,54,-11,113,74,95,24.11,118,86,51.62,-41,29,17,104,-11
-37,20.42,-11,18.04,83,58.23,72,7,-27,-24.38,1,76,36,36,14,-50,88,-7,7,30,40,40.61,46.49,28,72.95
15.77,-22.26,88,-3,41,61.33,104,-12.44,-41,-10.57,116,141,-40,18,73,-10.86,133,109,50,49.24,135,37,58.49,-4,11.55
131,29,-22.13,5.84,-8.84,-16.04,85,51.98,53.54,53,88,-10.35,105,-43,-26,7,-5,-46,148,-16,47,140,144,31.84,5.44
54,73.05,38.33,62.38,46.74,-29,55.55,-9,1,69.04,121,-7,71.5,-22,51.99,2.33,29,90,31.04,5.59,-34,16,37.92,93,111
58.98,55,61,26.83,55,51.5,89,-46,83,44,45.84,123,19.42,12.63,81,110,23,-5,-22.71,76,-19,117,-48,7.16,-5.99
5,26.84,15,104,-17.85,51,2,28,33,60,66.91,-7,139,51.85,95,29.34,-18.4,-11.4,95,11.99,-23.75,7.77,-6,92,49
35.39,87,101,127,107,4.72,-50,52.52,5,-10,63,-23,20.92,20,-26,38,25.16,101,6.93,78,-10.23,-11,-11.8,21,-5.87
90,15.11,-17,57,3,-27,66.06,-36,2.02,67,74.13,15.34,-22.84,133,11.89,91,35.74,124,-8,39.92,31.95,137,73,67.84,19.45
-11.59,66.5,-7.92,0.6,6,-41,-7.96,32,134,-16.22,33.72,53.52,-42,74.98,-8.82,30,73.29,27,36,45,24.39,86,-8.06,26.86,-11.01
48.99,79,4.71,70,33.8,-5.88,72.62,-23,23.15,83,66,37.96,31.18,118,-8,5,85,-7.87,27,132,42.87,37.01,40,140,-18.4
-20,4,-1.23,0.12,-43,65.97,-12,1.51,50.31,71,68.36,14,116,-9.37,-21.17,148,-39,-20.14,14.86,2.21,-49,141,104,118,17.07
75,138,92,59,40.04,144,-41,35,10.77,-15.7,-24,-4.95,26.91,-12.7,12,74.45,124,3,3,71.06,-18.29,-0.95,-3.74,-41,15
38.84,-10.93,4,70.15,48,98,115,21.33,36.38,65.64,1,-22,-40,35,99,-26,-10.82,101,48.67,9,78,-28,72.23,95,106
121,93,10,84,144,48.38,-42,90,40.7,18,-2,81,-47,-34,90,36.54,72.15,9.11,62,11.98,77,22,-14,8.66,19.75
63.13,100,-1,47.71,-30,59,130,18.39,41,-16,-14.58,38,-7.02,-22.12,-13,70,18.48,60.08,27.32,18.34,61,2.98,8.61,32.42,42
43,13,116,46,10.68,137,22.26,69,-29,29.48,-34,-47,-13,94,64.55,106,4.17,68.74,-5.76,133,29.87,127,114,121,-27
17.5,-4.04,28.45,-32,93,131,109,58,60.79,21,65.51,117,82,-1.96,148,-18,116,65.49,145,20.36,36,65.89,43.65,58,54
62,5,115,107,17.17,31,13.26,-1.51,57,24.55,0.24,118,69.75,53,58.24,30.9,147,20,90,-6.75,-8.12,-22,75,-48,62.84
-16.15,49,28,7.32,102,104,7,-7,-9.34,31,44.61,7.92,14.92,41,100,-18.83,-20.26,136,91,-27,70.8,137,-1.1,-4,72
-48,74,-12,118,89,138,-35,135,69,-15.57,59,39.77,105,-22,24.1,-36,-3.97,58.25,22.3,83,-15,95,89,-18.23,27
50,73,62.36,70.67,115,-47,144,119,26,6.88,60.82,127,147,-23,65,65.67,58,-29,-30,-0.18,33.98,110,67.23,28.26,61
40,60,53,47.45,18.19,61.91,99,142,-19.29,-40,-19.99,34.45,-30,135,21.29,-5.84,21.22,54,62,27.03,133,147,46.89,103,129
76,-23.3,137,-31,-0.78,24.45,21.34,-48,-13,111,-20.97,94,20.22,5.05,-15.41,90,35.02,90,72.58,30.57,109,124,-6,-23,-8
45,93,82,56.17,37.29,94,39.42,1,6.57,-12,-44,67.24,33.46,14.85,33.13,44.9,66,14,-2.11,121,148,117,9.38,137,46
132,-36,35.46,149,66,78,147,148,-13.18,-21,86,-0.41,-8,74.21,-24,-22,-17.38,29,107,34.56,50,-15.21,10.41,19.82,10
67.06,-10.56,71,93,27.76,-48,-22,-41,24.03,-26,-19,91,106,52,1,4,-11.16,108,50.78,-33,72.86,119,47.15,-12,46
10,19.57,108,-22,60,31.07,100,39.19,14.17,3,19.91,100,44,52.74,-18.65,51.13,25.26,22.72,-18,1,62.8,-19.57,38,79,110
139,-10.86,100,26,137,145,44.72,104,-19.82,107,92,35,11,46.13,-46,45.78,6,-26,-25,80,-28,8.56,0.31,54,-21
35.21,-26,32,-12,-5,11.98,71.29,82,20.95,37,145,103,130,28.41,65.44,24,92,87,34,64.81,14.86,-20,20,43.56,113
57.04,64.03,-22.99,50.05,138,14.41,126,68,12.06,66.28,62,10.25,38,51.35,-24.79,124,73,-2,-16,-9,-24,60.88,53,68,-15.41
67.78,139,16.3,-9.98,49,104,19,79,82,-15,144,73,-13.03,47.5,5.19,39.53,99,27.88,48,121,28,-10.49,25.43,-18,63.62
-18,-27,-14.74,137,-5.58,-3,24,19,20,-13.09,16.11,6.6,56.93,-22,-10.24,25,123,-26,87,74.25,18,-26,22,133,52.41
48.43,7.74,70,137,22.71,11,-22.97,85,65.94,-9,97,35.57,-4.91,9,13,9,-42,10,65.19,-42,34,4,45,53.63,29.33
59.66,-3,61.49,49,50.07,40,15.34,-13.65,93,67,54.37,110,35.38,113,115,73.87,13.32,-46,14.78,110,0,84,98,-20.25,-23
18,48.35,78,7.19,96,108,105,73,34,-8,80,49,44.87,17,55.3,54.89,89,13.08,48.92,46.51,5,4.38,55.32,-41,17.33
-19.21,-36,23.7,130,9.71,15.83,-33,100,-8.97,2.95,-9.06,7.42,23.72,136,148,85,10,70,-17.8,31,38,58,13.51,15,106
79,-3.34,-27,42,37.28,72,148,-26,8,49.34,61,-43,-14.15,-21.71,86,45.91,11,-44,-11,9,7,30.06,142,58.63,-19.79
45.07,37.79,95,-35,35,-22.03,-16,34.09,53.19,23,70.42,38,-14.09,-26,54,138,54,29.57,18.19,70,149,54.07,38.47,-21.35,1
126,55,43,2,12,141,33.9,83,0,140,25,-15,-17.67,39,5.73,-39,19.72,133,30.42,-50,42,56.22,-23.99,-3,63.83
53.35,26,-7.52,-2,91,-0.03,-24.54,63,138,80,9.27,116,137,149,48,35,148,-18,71.41,121,122,-12.94,-7.67,14.99,-44
-6,-24.3,-19,-43,3.92,18,49.61,8,30.65,-12,67.78,-2,-13,102,27.8,-48,-19.9,118,67,116,140,103,60,-9,-31
104,39.9,69,-19.87,12,10,142,-23.95,125,34.64,106,-42,7,93,-36,1.23,-23,48.75,98,-46,1.94,-6.93,121,108,42
49,-11.2,31,-35,48,71,54.72,65.78,65,121,-41,22.5,27.37,22.51,21.26,69,106,21.63,28,127,42.75,77,-27,-4.84,35
11.36,53.04,44.01,70.96,43,-18.35,-27,50,-50,137,57,34.01,49.91,8,18,5,27.63,57.48,95,-48,-13.02,127,25.39,95,105
124,67,28.22,20.29,71,10,-37,73.3,-17,70.33,-9.17,-2.9,44,38,124,64,68,-25,23.79,34.16,6,87,124,12.02,116
10,30.1,132,14.07,4.05,-13,18.33,-12.64,140,25.59,-21.97,-7.03,49.01,71.47,17.31,6,46,137,58.43,60,114,50,14,73.09,39.01
-16.21,55,87,116,-10,-31,72,-24.19,31,-18,74,82,38.33,11.59,1,13,44,64.78,23,21.18,-35,20.34,60,-32,-42
139,71.93,138,-5,73.28,23,93,5,68.97,-3.04,86,40.23,-45,44.55,53.27,29.77,99,-24.37,-8.45,46.08,82,53,29.51,20.05,73
82,61,15.61,96,-22.12,54.4,149,80,117,109,104,-11,58.6,-16,-21.18,43.07,115,105,128,60.6,36.68,62,54.79,55,109
-9,55.44,148,146,19,-39,51,120,13.48,-13.38,123,42.18,56.08,-19,115,114,-23.47,100,-11,30.22,56.33,73.44,-7.14,99,37.69
39,101,117,70.06,-15.07,61,66.14,-44,12,45.79,109,125,54,-36,92,49,6.52,118,91,-4.35,-22.93,-6.17,90,104,38
36,34.54,18,22.2,54.44,61.78,69.82,-21,53.07,139,92,53.81,125,26.18,30.76,112,-6,129,35.24,110,-1.5,-25,-46,59,63
97,-4.08,9.12,45,43.19,-4,17,-40,20,57,-15,149,-9.72,26,-18.63,96,135,-28,98,45.05,124,90,93,4.19,-10
122,70.79,-12.5,-47,74,0,37,22,75,2,137,51.12,47,6,-8.69,-18,111,131,53.77,66.21,58.29,64.85,36,106,35.8
67,126,31,12.61,29.56,-10,13,57,72.92,-35,-9.3,-2,135,25,110,113,23.41,41.41,98,56.04,37.78,41,3,-41,112
142,102,69,87,68,79,101,57.37,-41,143,20,-16,30,-21,73.22,70.13,46,59.06,91,9.93,129,30,23,-1.6,-11.77
11,5,122,145,32.91,-1.01,8.26,-42,57.93,21.29,57,102,32.93,79,36.16,-3.07,148,7.87,-16.17,39.18,66,-14,7,37.06,115
-19,-15,-11,45,125,60.76,0,135,-38,-33,143,58,117,50,-2,65.6,105,46.98,82,25,138,41,2,100,47
147,55.76,-5,142,107,4,124,-13,-17,38.82,145,-6.91,-13,-27,6.78,111,41,86,37.94,-40,44.01,55.85,65.12,-18.34,37
53.36,59.19,43,-8,20,-17,23.56,30.22,18,149,69,94,-45,96,64,138,-0.03,120,-18.93,97,-15.66,5,3.27,-8.41,7.71
33,-40,20,75,37.72,66,53.55,70.36,38.88,109,40,-15,35.79,16.12,87,35,74,-43,22.86,2.11,29.09,45,27.3,70.34,62.01
23.67,53,64.5,-21,146,67,-6.62,111,-3.48,-10,27.41,16.43,143,41.32,-9,45,96,-13.1,107,66,57,34,20.33,54,146
109,127,61,21.46,106,-50,129,-34,13.5,22,45,58.12,41,40.22,71,-19.27,71,-23.42,97,46.94,7.36,-6,47,14,-6.27
142,54,86,-43,-37,17,55.18,-41,-40,42,36,81,70,115,13,67,136,83,99,55.08,134,58,103,12.95,31.2
-22,-15,66.89,92,-5,10.96,-47,39,48.72,127,58,107,45.83,67.26,0.72,45.79,-1.01,-24.57,-10,14.41,-23.46,0.26,68.41,-18,71.05
96,-10.27,72.06,68,124,70.78,-47,64,57.25,94,-48,81,60.47,17,-50,-15.8,-3.88,43,35.26,-1.34,49,52,13,-35,27.31
27.2,-18.33,-43,43,-3,62.94,14.19,-22.41,67,39.63,70.6,-23.36,-7.69,-39,23,124,29.43,142,50,21,41,132,-14.5,26.24,142
56,76,-13,11,11.47,58.94,21.92,69,37,0,59,120,63.94,4,-15,143,5.32,49.06,50,74.01,140,28.38,1.51,15.77,-4
145,138,29.07,24,30.97,3,109,125,63,105,-10,-19.47,121,106,44.17,122,-43,37.51,129,135,16,4,-0.8,46,-14
141,65,-37,44.05,-37,32.67,98,32.57,-23.57,-42,35.82,-24,-21.14,-50,69,23.45,39.32,82,-16.69,-13,1,36,59.1,-20,57
71,117,-19.69,62.47,79,11.69,18.95,31.8,35.43,-22,-19,-19.17,23.21,-8.31,81,80,9,-46,-41,7,148,-4.49,37.7,63.93,20.84
40.06,43,98,128,-15,55.21,143,74,23.55,63,87,105,-14.72,18,42.16,-1,14,70.36,106,47,2.69,93,55.75,56,96
-11,30,31.88,86,39.39,74.56,91,1.17,1.65,132,38,-22,64.55,7.54,108,34.38,65.46,31.08,16.9,35.59,117,-1.85,-4,64.96,74.42
52.79,70.01,26,131,45,8.92,56.61,38.09,-8,56,22.51,-20,-34,25.43,69.22,53,48.87,51,11.21,-3,11,-23,-24,61,108
41.55,123,31,105,60,29.51,111,-0.19,86,-16.64,-45,-22.86,23.44,59.87,36.07,-20,-26,59.46,41.97,64.56,57.66,22.15,-50,133,-0.71
11,27,134,51.83,113,19,95,14.38,72.49,133,9.13,84,105,19,73,-36,3,16.38,1.42,3,58,6.58,49.01,-9.32,75
59.12,-29,18.98,35.99,135,24.4,111,-17.9,33,5.96,118,61.14,-41,32.16,100,38,73.68,-40,-44,59,41,35.77,81,67.71,44
142,0,-22.64,101,65,149,-5.35,54.97,103,14.81,-7.16,6.95,0.66,38,39.1,26,-42,-21,124,0.33,-28,-22.66,62.77,24.68,104
103,54,15.38,98,18,118,4.58,145,114,-13,84,18,67,57.26,-32,-0.85,53.55,97,36,35,56,138,19.35,-17,-4.44
127,-43,-3,25,-13,21,120,-14.58,-0.5,129,129,14.5,3.42,17,-49,-3.66,-5.37,27.74,-14,-45,15,21,79,-42,-17.75
7,64.52,53,98,20,-27,103,-32,3,76,-16,71,-44,22.03,-5.63,-17,54,58,33,-1.09,32,98,-18.75,33.82,66
20,116,131,-5,78,91,114,39.86,120,-11,81,65,49,74,83,-12,57.71,132,24.03,33.73,104,2,-22.76,43.44,134
58.54,46,-18,-34,-13.04,16.56,108,33.18,44,61.26,18,49,148,118,27,60.26,23.12,49.8,64,-2.23,46,15,18.36,126,59.12
71.4,70.16,12.04,59,73,71.92,44.17,0.94,14,102,37,-14,119,12.18,-37,99,87,114,-19.34,147,-4.94,45.85,124,13.79,73
-18,104,50,-7.18,43.07,15,143,-14,63,-17,40.81,13,65,52,2,-29,66,41.77,61,10.38,28.99,25,44.13,28.62,19.62
88,70,142,62.56,99,55,37,19,71.26,22.17,-2.06,14.36,30,-16.53,76,7.57,104,100,43,-25,146,113,20.04,73.74,94
41,-16.4,15,100,40,-14,38,12.89,-7.91,-2.44,33.12,29,-1,62,49,46,26.01,33,62,70.29,2.46,71.71,52,-8,40.35
24.98,11,-15,63.24,22,68.68,109,-19.72,37.27,131,-4.36,29,29.56,15.86,14.54,57.48,68.1,83,-7.59,22.6,7.75,66.79,-12,86,-23
120,46,68.32,51,101,131,19,66.69,73.14,93,58.99,144,129,72,84,58.25,23,27,42,32.76,-48,-21.65,47,36,14.26
-36,109,5.6,49,-49,66,55,-33,-50,44.84,28,-1.51,33,-49,6,50,67.43,-10.55,5.21,-5.34,-22.29,17.1,58.77,39.19,24
96,-7,-18,84,-6,0.07,136,68.16,49.51,66,121,132,-24,71.01,16.84,30.06,-42,108,92,41,7,-18,61.33,-33,71.83
67.31,67.01,-19,-48,26,6.36,66.37,121,-32,98,-26,94,118,-21.14,49.14,-21.44,22.28,34.44,-6,-14.24,110,55.16,70.23,119,-10
39,70,-23.92,4,-21.89,36,-22,76,61,47,-10,27.33,41.71,16.68,142,-5.03,45,54,-18.3,111,52,11.49,41.55,-3,14
-2.05,44.51,33.08,142,25.74,-27,122,-23,79,32,-1.53,96,-11,71.36,46.51,59.75,136,-13.57,-36,57,73,26.13,125,45.33,-16.31
77,-12,62,-11,86,10.84,64.21,40.02,-21.06,27,5,24.47,52,145,1,-10,136,14.64,12.39,74.18,110,-1.58,108,54.88,53.01
60,55.08,79,-11,44.7,65,39.22,54.23,132,10.5,145,-12.96,53,2.62,34.91,58.18,91,76,74.24,8,19.08,-1.1,-0.2,101,-6
-22,4.68,-8,131,23,120,112,1,36.06,44,59.53,11.97,16,66.06,23.5,45.9,123,31.58,-40,27.38,19.18,36.63,27,96,1
60,36,-25,9.3,22.66,-39,-12,2.92,46.02,60.33,50.88,118,36,110,40,-14,-22.63,-13,103,74,83,118,-17.95,30.74,13
144,13,122,-6.21,93,86,68.49,60,15.95,43.81,15,148,-1.33,101,0,60.72,60,87,105,-1.2,125,52,98,-45,132
35.06,-10,13,5,23,79,122,38.52,35,81,60.92,-29,-17,135,-27,107,129,5.31,5.58,-4,9.28,104,-13.79,14.77,31
71.35,34.68,66.4,-11,71.94,8,49.7,-29,32.29,-14,148,74,149,28,61,-38,11,108,140,107,10.37,57.75,134,103,-2
21.51,-3,7,30.44,67.36,-20,-34,17.84,137,38.4,2.73,36,-17,1,-19.15,84,-23.91,57.83,126,36.81,28.27,-13,103,5.19,24.72
-48,-3,73.1,10,69,18,33,23.2,38.4,12.21,-13.34,7.98,42,-17.35,47.25,126,60.55,1,-28,-15.69,45,45.28,-5,-17,-17.36
-13.28,3,13,-13,-40,-25,45,9,145,133,-13.02,-5.95,-39,36.35,142,32.19,146,52,36.62,2.13,86,-10,-43,63.72,-7
125,-15.35,-9.78,-17.77,-47,31,146,142,15,54,54,71.51,63,79,9.77,34,19,-16,99,103,72,134,23.34,22,132
16,92,-11,14,7,72.77,90,117,102,-24.61,21,25,19,66.96,73.82,132,25.29,50.2,131,-8.36,12.94,41.75,31.38,39.31,-47
-1,107,93,115,8.7,-0.22,94,-30,-4,69,10,87,-19,-29,19.89,35,-37,60,142,63,109,66,38.02,-5.13,46.82
-33,141,82,67.73,57.74,121,69,16,34,66,34,57,92,45,102,51.33,30.36,-32,-16.11,40,122,53,-8,-13,17.23
144,29.45,69,66.57,102,30.11,59.45,73,69.63,-35,51.53,-13.34,1.94,28.54,-30,-7.33,-0.86,72.16,89,52,-21,71.53,16.51,41.67,85
63,45.05,-4.07,-11.32,-15,103,-26,44.81,-21.49,48.82,69.27,138,50.57,27,-24,147,17,65.49,35.97,97,-7.46,50.81,22,19.32,100
26,-2.38,54.88,125,-47,-33,69,5.83,18.05,-24.33,27,45.15,17.95,-2,49,59,145,29.26,77,36.71,110,81,-4.74,5,69.77
58.34,65,57.83,113,82,84,53.62,8,-18.94,16,32.01,10,82,74.01,-5.89,6.9,-6.33,8,29,125,13.75,82,-16,71.18,-20.71
-8.01,90,-6,-12.44,96,17.68,92,62.11,93,51,-35,-17.79,65.04,77,-17,37.75,31.16,142,26.56,16,71,-15.9,110,34,63.22
52.28,39,102,-7.86,73,43,-3.78,-15,43.1,-27,61,56,34.73,64,36,79,0.42,26,29,19,-38,125,-45,81,15
-50,-18.55,28.6,148,96,74,29.03,125,89,58,83,-42,99,71,-19,-13,84,-10.04,113,57.37,24,-11.62,43.52,50,19.16
34.33,59,72,117,44.68,64.95,136,117,71,-10,-20.1,-19,16.01,-4.05,10,16.84,10,-12.21,66,47,79,-20.27,104,104,-18.86
6,-2.04,-9.61,107,113,136,88,7.44,46.51,58,107,-16.88,43.19,-24.69,16.62,82,-16.72,30,41,41,128,-12.47,101,-3,-5
20,122,35,32.27,106,144,61.14,6,-16.12,-1.42,-49,45.97,-42,48,24,-14.36,-43,20.31,76,57.56,6.69,30.83,-50,58,-12.75
25.24,1,12,-32,70,136,-31,17.95,88,-33,-21,115,138,-48,65,-21.27,62,27,101,145,144,12.38,-46,-14.69,3.72
113,72.51,35.53,-9,14.18,76,72.47,69.68,-0.42,80,-35,40,-2,-9.42,90,135,73.89,102,51,2,10.59,58,113,-3.39,79
34.09,17,-8.78,1.92,86,-14.36,-14.99,60,42.65,142,24,126,129,-22.08,33.83,-18.87,73,-15.74,6.42,-4.22,142,-33,66.72,77,-26
-6,118,-1,64,-2,107,36,-24,23,57,-4,133,64.69,0,107,-24.08,37,-47,-16,114,97,-24,74,136,70.13
71.2,146,46.43,71,15,-14,111,51,44,73,-9.24,-21.51,-18.95,28.57,-49,49.03,-21,59,-50,-9,147,55.87,5,-13,109
134,139,17.74,72,39.87,23.7,66.42,-24.93,40.17,131,59.35,-30,25,-37,83,-4,43,-9,100,12,69.24,-12.4,68.56,81,149
123,-36,1,-4.77,48,77,135,36,57.52,-11.19,50.32,17,147,36.86,70.32,-38,-47,-15.15,74.12,64.42,114,-7.33,132,26.37,46.15
63.15,0.38,81,82,-17,72.81,66.17,26,-21.66,15,38.89,132,23.01,-2.32,138,69.5,58.14,64.92,54.52,58.81,114,29,28,2,64
86,-48,18.38,120,59.06,17,-26,0.46,57,-12.95,-12.28,36.15,138,-15.8,18.45,-13.38,36,28.54,27,96,60.5,67,3.43,-24.81,114
34,68,90,-17.86,25,50,6.29,142,-41,-17,-8.42,63,27.04,140,147,103,75,70.33,49.89,126,76,47,29,45,68.78
29.83,119,66.67,130,-6,11.52,57.07,-26,104,19,128,-41,71.38,96,7.24,-22,8,15.16,-31,61,139,20.21,-24.04,69,65.39
54,116,37,54.19,46.56,0.26,145,-7.49,-24.92,106,96,25,96,-32,-7.57,-17,109,-3.85,-44,25.79,-13.35,-30,1,69,-18
45.36,-18,125,62,102,-10.1,-6,-9.61,70.83,14.12,-37,4,54,-2,-4.06,6.63,-18,146,8.98,-0.92,62,-43,106,25.43,10
92,52.24,-30,9.04,-4,62,2.19,61.4,-2.93,34,73.42,70,7.7,55.64,-21.37,7,126,100,49,39.79,143,22.65,96,138,89
66.76,32.25,34.84,20,59.57,134,130,-16.47,-16.46,4.76,88,60.11,-45,-37,125,12.72,-22.87,3.88,-19.96,-9.75,36.3,-33,-6,48,-7
52.3,60.11,10.19,105,93,149,-29,50,100,-44,18.4,33.43,-9.72,103,51.62,124,33,42.34,138,12.12,72.84,128,-31,100,43.78
18.35,147,108,-5,14,-50,63.42,-32,102,-7,-18.91,2.4,-5.37,2,2.7,14,-7.81,53.45,23,65,-0.61,-30,79,144,149
141,121,15,20.18,29.66,-17.46,71,97,-2,15.5,52.75,-29,107,45,-9,-1,134,25.59,-10.19,-7.28,-16,60,12.27,72.29,2.25
53,39,27.9,36.23,23.21,72,-6,111,-17,88,16,147,-50,-24.37,131,26,55,119,0.64,70.5,58,76,-19.14,67.39,131
-20.6,-5,-40,94,75,146,2,109,6,34.24,14,50.54,89,115,81,41,65,126,34.21,21.41,45.77,60.78,27,59,6
31.99,47,18.72,60,124,113,-26,64.9,63.48,39.67,-1,46.14,88,3.03,106,133,135,47,-44,-19,8,8.93,90,149,124
116,-3,104,37.49,-7,-24.3,66,-6,82,62,24.35,-14.46,123,-6.2,-7,73,6.5,6.36,65,21.27,56,146,19.46,29,65.89
114,-25,52,39.42,58,51,36.89,-3.99,4.53,-17.77,-33,-14,90,98,-48,69,71.19,1,36.76,8.65,98,-5.26,134,87,135
-3.92,3.35,-6,31,12.25,71,31,61.58,20.26,18,19.23,39,32,60.11,11.91,66,-14.67,17.29,107,111,-0.75,47,106,-17.85,123
38.34,147,-38,72.47,60,49.9,23.95,-40,-6.93,-12.6,32,-15.5,70.7,-15.37,81,63,33.32,107,4.4,62.29,82,25.82,11.52,50.18,50
-7,-12.36,14,-14,-4,115,31,-2,10.14,102,61.93,101,25.61,43.46,40.14,48.47,11,70.04,93,-41,6.8,57.78,7.91,74,92
-7.25,138,87,3.8,-32,39.24,-18,133,69,-19,26.39,24.18,55.39,19.49,-49,50,137,81,52,52,7,36,-0.44,52,16.69
70.81,55,-2,-22,-7.12,-14.24,4,39.32,-6,62.73,14.57,71.26,44.73,-4.01,13.38,-6,4.35,8,29.74,57.75,25.44,46.45,-44,63.39,124
-45,28.75,120,38.9,41,-44,54.47,16,10,29.36,68.73,53.49,89,52.02,0.26,138,12.86,42.99,12.44,122,106,35,20.43,78,124
63,29.19,23.04,11.23,-16.23,35.65,-3,-23.02,-23.01,53.53,139,69,-9.46,51,92,59.45,-16.51,-24.46,26,106,119,121,24.86,71,68.17
74.59,116,105,73,102,-12,97,-48,9.75,-23.84,-17.27,111,58.94,-46,61.16,-16,136,10.95,19.65,92,-22,-46,67.72,16.75,-8
124,16.14,59.94,4,3,2.14,96,13.96,32,54,-2.84,2,70,87,93,148,2.71,-3.56,58.82,34,38.16,-7,-33,-47,-6
-5.44,-2.63,0.78,-32,-24.02,15,37,35,58.6,-1.54,52,15.16,112,-20.45,90,131,0.58,-10,144,146,-24.57,-45,10,0.32,100
16,72,63,-30,7.3,18,55.45,105,38.39,11.01,66,48,9.73,71.35,13,11.67,-5,16.11,58.48,19,5.61,17,17.98,-14.44,-4
133,-22.71,69.17,64,109,-4.55,34.07,-48,70.56,14,113,70.6,43,-5,11.12,39,53,61.47,54,18,-13.89,98,130,112,135
-24,29.26,84,48.95,113,18.43,121,71,-39,102,-45,25.1,-44,-44,17.32,54.67,22.08,104,41.28,57,19.01,-12.23,16,33,69.38
67,28.47,12,76,18.31,-2,51.03,71,96,18.37,27,-37,80,21,-12.35,54.22,130,95,47.23,53,59.38,67.48,62,104,61
139,66,60.21,28,116,-31,113,5.25,5.54,63,-6,15.33,14.91,34,113,23.62,-26,52,4.19,71.52,27.85,31,-20.88,114,51
31.05,1,72,66,17.9,47,-5,-8.8,104,41,39.09,63,93,66,-12.36,-37,39,36.68,32.34,-50,-25,46,106,94,96
114,17.65,32.31,59,146,78,63,-24.8,24,22,91,119,39,58.23,70.17,-5.18,-49,58,129,57.98,66.19,58.93,101,-18,22.54
62.41,145,149,37,35.73,23.38,-3,-25,-3.37,26.32,-44,23.13,107,22.48,72.6,73.38,-1,-1.92,71,50.17,27.88,98,88,-0.82,88
5,21.96,64.79,-7,8,-20.66,82,-21.67,16,66.71,19.2,26.21,96,19.95,25.05,52.06,-33,44.52,63.05,89,34,41.68,83,117,64.96
84,100,31,24.48,-25,-5,20.29,58.74,21,19.53,11.21,-33,66.96,86,38.78,120,119,121,44.77,-11.55,110,95,37.47,-25,128
57,45,59.85,52,58,-9.92,140,-19,12,-21.1,25,12.9,12.3,58.82,96,51,45,76,35.92,11.89,31.51,55,-7.8,-1.72,108
27.69,143,-0.21,74,7.34,29.16,51,51,-18,138,-1.17,57.7,38.38,-42,42,73.55,-8.53,77,-49,-23.38,-38,29.99,5.29,-39,113
51.61,22.93,13,-17,34.76,70,14,-31,74.08,-30,61.43,144,148,43,4.84,-5,51.26,42,38,99,40.88,-43,-19.97,-2,22
-15.84,118,39.6,102,99,102,-13.58,5,145,91,29.96,-37,38,49.11,26,33,73.02,-8.73,90,23,-19,-5.46,-43,36,19.18
52,83,6.82,33,-2,6,36.45,62,33,2,109,6,-32,120,-48,-31,34.97,29.53,63.36,105,34,97,37,-47,55
50.26,123,-1,-29,108,73,135,7.67,25,75,56.58,134,49.64,20.3,71,30,73.15,70.38,111,73.28,-0.76,35,42,49.02,-18.24
-15,4.71,57.69,12,138,6.71,22,98,67.84,145,-18,4,94,-12.06,29.33,33.36,-38,-6.94,54.49,-8.22,59.47,-14.71,25,142,0.33
-13.07,-10,13.04,-26,1.05,128,47.98,75,1,138,119,31,-9.07,63.5,21.97,52,38,15.09,37,5,39,72.65,30.12,112,-36
77,50,74,-34,119,109,-3,-49,-16.37,6.85,132,21.12,2.71,15.83,-6.05,-3.21,88,65,56.53,3,-10.06,3,34.61,-7.56,135
59.13,117,131,50.57,148,53.48,-7.58,-37,7.69,65.28,104,7.06,128,66.91,30,18.53,71.56,2.24,120,60,53.94,0,-35,144,48
42,26.32,16.16,-12,-15.47,51.82,-20.13,102,-12,-23.52,26,9,57.38,50.44,-3.47,-1.86,-16,86,27,49,-20.95,31,56.4,70.33,116
15,127,-4.66,23,24,140,19.83,146,75,39.15,54.55,-7.62,72,-16.89,23,-20.79,132,-7,128,1.15,-31,-2,6,9.94,119
-36,25.98,56.63,88,21,54.97,19.3,21.72,60.4,57.47,4.94,-5,126,52.92,45,119,18,39.5,85,31,-19,148,70.99,81,-33
108,2.85,130,37,-17.99,27.92,-15.59,-25,51,100,-48,63.3,112,53.2,58.18,-31,40.76,66.47,-1.97,29.97,128,8.46,14.2,64.06,-44
26.61,36,-14,71,-39,143,-16.11,52,47.52,59.1,91,93,-5.16,-6.74,89,45,33.91,10,72,32,104,-11,126,-28,30
-24.13,2.15,65.06,67.91,-3.43,7,-24,131,129,64.65,125,47,29.24,49,138,35,33.77,98,-1.73,38,12.88,-19.41,17.64,-48,102
-14.62,-48,71.81,125,-14.91,17,63.29,3,23.67,67.92,24,-14.6,67.68,100,61.32,40,101,9,-1.57,54.09,7,140,-23.28,3.28,-2.15
66.28,60.2,-13.44,60.9,91,-37,-17.39,31.62,31.66,22,49.59,22,85,20,-10.4,25,15,51.65,17.46,77,55.78,109,135,-17.46,-18
-41,27.93,49,66,-46,-16.67,134,-46,-8.11,116,34,46.32,-24,-36,98,47.94,82,34,15,55.67,118,58,60.78,47.98,14
142,-3.15,132,27.73,28,59.9,-10,13,99,59.25,68,6.48,54.44,144,55,-24.07,-28,27.2,83,59,4.96,3.27,89,61.08,-11.27
60.47,139,27.28,46.88,50,12,-49,28.08,130,-42,-5.41,30,17.16,84,49.21,-19,-10,1.06,78,15,145,16,29,-10.65,-6.81
87,74,117,89,25,26.37,117,109,66.39,110,46.67,97,125,72,11,98,-7,53,-7.3,14.05,-17.74,82,0,138,-19
-38,41,137,34,-24,81,-14.37,-5,16,-31,-12.34,58,-6.11,121,26.82,-45,135,145,-38,-3,59,55.75,46,14.56,-20.73
72.61,7.66,6.28,-25,-24.64,55.22,85,13,-24,136,42.47,140,49,14,61.9,142,5.31,52,5,-36,51.73,-21.44,103,27.88,43
44.23,-27,10,67.49,-8.14,-4,-0.75,136,146,0.52,61.43,93,1.08,-22,65.32,11.22,61,-49,25.45,61,-18.02,66,57,23.37,9.43
3.28,95,-0.23,20.16,-3.92,95,34.86,59.47,147,75,97,103,68.54,53,58,96,58,106,87,31,-11.21,57,61.91,-19,10.13
-33,63,12,144,149,36,28,57,129,1,120,106,29.53,5.81,7,33.45,69,22.77,143,-21.03,82,30.39,22.1,24,90
141,71.71,27.76,101,-33,128,90,59.24,68.63,138,44,80,136,24,-8.74,40,5,-19,63.39,-40,63.48,-41,50,149,142
-11.32,135,19,69.22,66.95,149,-16,52,55,74.95,89,88,-16,54.83,45.74,56.94,74,132,43,-35,10,-6.74,101,61,14
31.21,123,134,34.03,-12.26,48.24,-29,57,-24.58,131,-29,20,46,55.1,75,47.56,38.19,-21.31,-7,-12.41,35,129,34.96,-16.06,67
17,92,138,-10.81,-24,101,137,45,0.52,7,125,115,19,53.8,58.12,125,-0.97,-6.73,-42,81,96,-50,40.16,76,50.05
9,-24.37,4.64,16,-20,15.78,-27,125,-6.04,29,-43,19.78,23,-4.64,-29,-48,-12,-8,46.2,110,135,138,-36,26,41.69
16,88,100,115,60.86,0,20,-19.96,-20.37,73.87,57.55,67.61,-39,12,30,14,-44,84,27.52,-9.26,17.63,-27,40.06,32.82,99
63.05,123,49,20,14.7,127,69,66.24,-9.35,44,30.52,-26,99,38.71,54.23,-41,60.01,55.17,56,-1,1.42,5,26,-22.09,3
50.3,50.95,58.03,-28,140,-20.72,69.64,-25,50,-24.52,74,-6.24,34,73.57,133,106,-48,-44,48,-11.89,-17,-11,8.16,54,31.75
94,-16,148,-32,35,31,-34,6,22,-6,33,79,-13,87,103,40,39.31,36,103,9.19,-18.15,62.68,-47,-20,138
-4.24,32,-43,-5,83,105,46,60.05,14.72,-19,-33,17,-22.13,133,-13,38.82,24.34,77,-41,-16.57,3.67,74.29,-36,6.05,-21
122,-6.33,17,62,52.24,37.39,-48,-7.06,-22,9.13,-21.23,66.13,92,11,-9.23,38.88,64.86,18.74,82,44.84,138,30,-21.06,44.1,-41
36.59,-36,-18,-11,131,87,62.52,21.14,12,12.74,22,-34,72.82,53,60,21,45,70.91,78,130,2,-33,19.5,-24.64,28.41
45.43,26.27,23.35,-13,64.33,49.43,-49,-4,4.33,1.37,63,101,14.06,17.85,-23.04,45.66,67,68,35,47.82,10,11,6,113,47.07
14,18,-26,105,124,22.79,-14.19,-12.16,27.6,93,28.32,60,72.61,31,45,4.6,-2,53,-13.98,-0.88,79,57.8,43.98,71.17,-16.95
-11,54.8,65,88,29,37.82,26.93,67.46,63,27.03,-41,63.82,23.41,149,138,107,56,77,-3,-42,-47,24.77,-15.77,72,62
5.29,-13.5,9.73,13.95,53.58,55,113,-20.73,104,1.33,66,143,148,64.82,-1,8,20.6,21,-11,130,25,45.12,26.17,27.71,59.17
66,56.79,59,73.42,49,-13.19,12.11,68.82,-16.6,73.09,-19.47,61,-4,-14.25,49.07,-23,68.38,71.59,-6,26.81,73.19,127,64,-14.17,111
13.08,39.84,8.48,-7.57,-6.41,-5.42,33,68.34,24.33,-40,46.6,60.98,55.92,63.27,55,22.67,45.5,78,92,136,-6,69,124,148,31
37.11,46.04,-22.92,26,0.9,54,-42,29.38,35,36.81,-2,125,83,-36,-31,129,-15.15,117,16,-13,-18,-23.21,148,45.58,92
55.03,-18,99,38,8.52,-26,7.13,24.11,56,1.78,13.81,75,-19,45.61,41,33.47,122,49,63,128,143,4.26,134,-1.01,146
-7,17.5,68.07,109,80,58,66,83,62,-15.71,-35,24,94,2,-10.07,46.09,63,9.58,31,-47,-28,38.92,50.26,122,26.11
41,45,6,63.68,66.53,-2.42,60.59,61,40,100,51.12,70,107,-26,-31,1,47.11,2.36,48,55.13,52.16,-32,-19,42,-40
37,-27,11,134,146,-1,74,60.83,42.73,12.14,-7.51,13,-16.25,49,-49,79,-13.08,85,99,68,139,-8,91,-45,102
28,119,23,89,94,7.15,18.46,75,70,-50,132,-38,110,-17,29.11,10,27,9,137,94,73.19,122,126,-8.57,2
-22,40,-25,6,19.17,23.4,6,-18.33,63.84,-36,106,-3.93,108,127,21,58.9,-37,-42,-26,17,83,31.44,6.43,59.37,27
9,-7,15,70.04,69.61,145,114,-39,43.09,35,13.15,68.51,124,10,8.19,32,99,33,-15.28,93,-23,-10,53.17,-3.65,39.37
46.92,-46,10,-22,58,15.94,-25,30,76,-38,-36,59.44,24.63,-49,45.57,43.52,63,27.03,1,131,148,-1.94,77,23,-25
55,68.27,-9.32,134,-30,43,113,127,85,104,-21,13,-40,31,103,113,-7.31,-50,-32,119,59.38,122,-6.81,84,-28
-4.47,66,50.24,-4.73,40,24,103,77,48,65,-37,43.92,8,-34,89,12.42,26.13,20,32,64.2,21.96,32,27,-19,104
-3.75,36.44,23,52.86,65.16,15,23,0,19.56,129,21,14.54,-27,-1,13,42.62,49,15.84,39,-24,26.05,24.52,90,138,3.97
22.21,-43,107,83,39.07,72.2,19,-1,1,8.98,-20,-45,127,7.37,73,126,41.92,121,41,24.28,-15.77,138,32.33,51.61,-19
9.04,-4,43.1,7.67,117,131,52.79,40.27,-11.18,112,10,87,10,49.49,55.19,-4,134,14.63,90,133,-1.55,-31,140,109,36
-29,-32,-5,25,-27,44.15,-33,33,-7.16,141,22,76,-9.47,-17,33,59,21,127,56,125,67,-30,-13.52,109,90
-4.69,20.01,16,98,-42,-9,93,-44,42.1,122,10,64.22,19,134,141,128,29.39,61.54,10.77,5,-34,29.34,87,50,-41
-33,-45,32,64,28,70,54,58,90,143,97,72.63,1,123,34.38,-23.58,45.46,-7,111,-11.62,-46,36.01,15.19,-24.63,13
7,-7,54,41.36,-50,78,140,38.93,120,-12,-42,120,29.32,-15,68.48,-36,33,-16.02,28,52.64,42.23,-50,30,58.72,51
25.01,-13.33,66.16,36.65,76,73.28,109,128,-49,35.56,68.87,6.96,65.71,54.2,50,-19.1,77,7.23,5.32,51,19.22,-22.01,69,5,133
40.32,149,17,39,108,-9,-20,-33,-22.02,133,145,26,33.88,1,85,113,126,22.87,16.46,126,133,115,-18,-19,36
107,27.14,107,49,67.15,34,61.28,96,0.8,-29,35,21.18,-46,42,107,76,42,52,93,45.67,35,3.15,78,59,64.27
-12.49,12,13,0,149,62.65,20.06,71,-2.32,-22.16,-0.77,45,43.18,21,69,58,-14,-9,67.77,16,34,120,-21,133,-33
126,16.04,87,62,78,30,137,38.78,23.9,73.67,26,72.26,145,-31,-0.84,57,73.48,88,116,-12,95,18.49,127,52,43
3.9,17.72,-12,18.29,25,12.6,124,12.73,22,29.99,101,-12.33,59.17,50.95,116,-0.47,61.28,131,-25,46.89,8.48,51,0.04,9.52,93
31,32,12.76,9,-12,-1.24,-15.51,-22,-43,-16,63,-14.78,139,65,141,76,138,-20.91,141,87,69.35,-9.28,-40,-40,-22
-1,79,61.71,40,47,64.27,59.29,44.21,35,148,-20.08,32.17,50.07,38,74,76,65,63,128,-34,101,32.22,65,51,24.5
115,33.18,14.56,64,142,-26,-31,141,143,70.65,-21,62.75,88,-16.85,15.18,115,124,64.53,-48,48.04,-1,47,43.91,61.1,71
-1,-19,59.01,137,-21,46,140,12,-48,-13,71,-20,65.65,41.2,-17.92,-49,61,49.65,54,58.58,21.69,-19,-11.71,41.8,86
37.45,109,-24.07,-21.23,-9.34,21,130,68,65,-3.95,12.01,-16,-12.4,-14.93,143,-1.54,34,74.96,42,35.44,115,71.3,40.21,-26,133
20,51.98,-8.65,101,35,-21.42,132,52,-1.9,34,-43,12,-4,46.66,141,43.55,-22.29,45.46,111,76,6,29.53,83,4.86,-15
92,40.9,25.62,-12.83,3.95,105,87,20.76,40.45,-12,64.29,128,125,62.11,1.47,92,48,28,61.25,56,-38,45,-1,16.25,54.06
123,74.51,38.39,-14,14.56,-40,71,-39,5,26,30,-14.17,23.56,89,82,-9.68,117,37.79,145,-44,77,-19.36,40,-46,16
74.43,103,141,9,-4.88,5,107,-15,11,19.39,3.96,23.63,87,-31,135,9.33,96,64,79,-16.61,48.6,71,35.62,-3,32
50,52,144,-22.82,88,95,57,65,141,38.86,22.85,53,61.69,46,127,-13,84,0,69.67,-20,45.71,44.03,32.55,22.6,94
12,-1.43,114,-4.92,20,65,-11,73.87,124,135,11,104,-18.98,15,-6.31,107,35,43.32,12,-14.51,20,52.81,71.11,5,146
-15,-11,48.09,147,-3,27,-29,125,-44,57.25,42.98,90,64.44,122,-17.66,90,6.54,87,-10,-48,6.86,-22,74.91,88,71
94,-10,85,-24,34.74,130,108,-18,47.15,64.45,144,39,18.36,78,-17,126,-20.48,36.33,-45,-4.5,26,147,-6,149,-16.58
-1,29.75,65.67,-13.33,-43,-1,-30,60.17,82,-13.4,54,49,109,23.81,84,67.63,35.91,-7.14,34.49,47.42,54.74,27.19,-15,72.1,-6
44.36,101,30.87,137,13,83,137,107,15.7,140,-7,26,111,42.85,44.58,21,-21,27,64,119,94,-19.29,-14,147,34.37
-3.68,51.94,-50,41.58,142,35.86,36,11.77,84,9,107,28.72,35.61,34.91,13.57,-39,-16.67,91,0,131,9,-38,-13.66,-46,51.85
63.92,74,112,33,68.31,77,69.6,71,140,110,11.47,131,77,31,34,-5,-12.75,-44,26.43,-10.16,70.2,11,12.29,1.61,-6
21.04,55,30.43,8,53.17,71,19,113,1.88,67.45,-23.49,25,47,144,6.2,-12.35,-1.65,30,-25,21,108,8,44,52,14
69.51,134,12,27,33,54,11.08,28.56,91,51,70,11,26.53,8,64,132,-45,111,66,73,141,-43,117,-41,45
53,64.1,98,40,46.83,14,56,25,-12.44,53,43.99,7,51.97,67.42,74.55,-5.81,128,-3.18,35.3,54.04,13.42,-14,58.66,75,119
126,21,35.95,35,60.76,49.31,-3.72,-33,32.38,61.6,-42,41,-18.48,-1.58,108,-27,17.08,130,-19,29.77,94,124,95,90,-12
-7,10.09,4.74,57,31.56,49.21,-1.32,-27,62.38,41.48,-7.18,-8,99,27.87,-17.5,65.98,73,-13,69,-40,69,36,41,-5,69.65
-6.49,-7.58,12.52,90,50.49,52,38.33,11.26,-27,-8.71,23.04,-30,-20.96,76,79,53.8,16.35,139,89,69.14,-3,27,48,2,72.29
-4,62,95,-20,5,18,21,40.82,30.47,145,13.27,127,39.44,-8,28.72,80,-17.05,45.51,5.93,117,1.53,11.79,54.35,44,69.46
33.08,7.5,8,-13.1,123,-47,100,11.19,68.87,67.14,23.99,-28,114,28.35,2,37.77,-1.24,35.25,43,91,-13.34,13,51.7,62.61,-11.51
-15,52,-2.65,15.66,107,-13,-41,71.74,73,136,42.15,9,38.59,-1,19.93,-19.14,-14.01,19,27.2,-41,55.67,86,70,33.6,-50
-12,117,93,56,50.02,47,90,27,-36,3.33,-24.29,44,33.36,101,145,30,-34,19.31,129,18,46,63.98,7,-5.37,-47
116,-44,62.28,-19,33,78,-17.02,31.42,-24.95,8,132,29.95,133,17.99,75,-40,139,-0.35,-49,1.92,143,-32,48.94,38.95,-25
-14,-5,-1,17.82,9.3,69.12,115,-48,105,26,-31,104,9,50.01,81,69,132,73.89,106,107,17.61,20.39,69,39.84,129
38.67,28.04,106,133,-2.67,148,73,3.66,121,69,22.4,-39,-10.38,51.3,105,23.41,21.31,94,46.18,-13.47,66.33,43.89,-36,-32,-7.53
-15.77,28,97,54.58,49.04,54.92,33.99,28.06,74.79,48,142,33,-9.43,-10.3,1.52,25.03,110,46.98,49.19,92,18.27,-14,115,-18.49,143
97,-17.71,98,43.8,102,-10,16,-15,-32,113,64.47,31,-12,57,1.36,28.59,5,-11.77,-9.1,-35,53,28.31,139,-7,58.32
148,92,3,19,-38,74,31.34,30,34,-19,-3.56,4.58,49.88,-3,42,99,-18,-9.82,1.4,60,-45,27,-50,-7.97,-18
114,4.89,6.1,139,75,38.07,-2.02,119,-14,5.58,102,2.6,-35,56.01,98,131,-20.95,65,-27,73.09,-3.87,148,2,-11,24
51,73,-16.76,-45,-3.92,108,48,54.3,13,53,33,0,75,57,85,108,-12.25,106,26.08,69,62.24,118,-5,-30,121
38.42,-5.49,4.85,29.04,-33,43.76,-7,-23,-47,30.85,-16.62,75,-20,70,-44,-14,24.82,19,24,40,15.77,-36,-43,5.25,24.13
95,51,-17,44,134,29.74,48.68,44.91,62.85,127,-11,21.18,123,60,124,62.68,34,-15.5,20,-31,39.76,24,115,128,54.61
67.37,70.21,-20,52,91,115,58,39,69,18,68.71,39.46,-2.45,149,58,6.93,-5.07,100,-16,-24,-39,-26,30,144,-43
64.39,23,30,113,142,23.4,28,-36,-1.22,23,-28,39,90,92,11,106,-3.6,34.78,1.61,149,41.35,-45,7,68.55,75
-4,-32,-1,32.76,44,27.33,21.32,17.53,52.69,-17.33,125,13.6,31,-35,12.99,52.3,-14,40,145,24.01,85,36.87,42.93,44,79
-3.06,119,60,138,100,15,13.47,-42,97,14,112,51.74,42.76,1,41.79,109,20.79,68,21.79,-7.03,7,-34,-35,56,25
43.82,26.97,-12.67,59.13,-12,-15,100,71.16,17,24.78,37,95,91,-10.71,16,3,-7.21,13,116,43,2.39,104,103,54.04,18
91,-22,109,125,16.69,-25,6,29.85,97,61.91,64,16,11,-47,60.54,-8,-17,91,-50,86,0.49,38.06,73.94,37,-2
-33,15,79,146,38.26,2.69,99,40,50,-15,-20.41,44,1,-20.55,11.87,139,54.42,-27,8.64,70,66.38,64.35,36,106,8
111,4.18,3,-15,78,28,62,0,-17,32.74,140,65.48,36,1,-18,23.33,146,27.49,64,11.26,131,29.06,60.42,45.36,43.17
72,-48,58.97,15,41.28,62,23,118,104,-8,48.36,-48,111,128,46,47,104,-7.79,40,14.17,102,56.63,12,133,107
24.03,8.74,61,55,-9.25,-0.25,-26,-19.94,-28,29,105,0.77,-1,-46,34.96,137,-12,101,19,86,142,13.51,44,17,128
138,59,133,94,98,-27,70.64,47.28,119,103,7,-8,3,74,37,77,15.17,140,76,46,-15,130,1,-32,-12
52.86,-41,32.34,-34,35,-16.26,47.5,144,30,-31,4,36,65.38,-1.27,54,118,79,-1.28,75,-0.74,52.7,-6.23,-23.3,-43,27
-16.32,6,48,72,92,71,40.05,-7.96,122,138,-24.9,-48,87,9.18,-44,26.58,-38,27,4.53,7,77,-2.65,131,66,-32
99,31.54,34.15,38.83,124,18.52,117,114,139,53,-44,-7,121,7.11,40.84,70,142,53,16,39,85,-9,49.59,-19,141
5.7,18,30.81,39,129,29.6,11.45,26,-6,122,71.6,25,-7.78,105,133,-31,50,48.6,-3.49,63.71,70.86,-11,-13.25,70,88
134,57.86,-22.47,-48,110,-33,114,33.4,100,-8,129,25.13,41.72,-18,55.01,72.34,67,68,-42,-0.09,-23,-11,53.3,-9,8
111,98,71,82,-1.29,81,13.81,146,-10.61,113,118,140,-17,38,-1.38,53.24,-3.67,149,44.8,44.69,34,22,24.37,10.93,-15.74
56.08,121,9.6,32.71,50,-32,49.7,15,73,49.8,16.49,-13,110,36.68,67,-19.68,-33,23,48.73,19,-9.68,-13.37,-6.3,63.98,23
-21.45,-21,62.34,103,18.98,95,-48,15,-26,130,-18.89,142,9.85,46,26.19,77,53.08,77,59,106,42,23.08,73.44,-15,55.05
142,105,-3,-3,-10.72,70,36,21.77,20.85,-21.46,109,24.48,81,-18.64,45.05,-2,-16.98,-22.37,49,68.36,79,39.41,-23,-0.47,53.28
42,49,-15,41,59,32,38.08,0,149,0.49,-10,21,13.22,90,138,135,39,-24,90,26.09,88,0.77,18,18,-36
53,33.96,75,88,47.43,15,146,-8,121,71,41.37,54.84,29.75,59.01,-16.08,117,30.55,29,-18.38,-17.04,39.99,69.29,51.05,95,47.6
133,59.82,50.77,84,20.78,63.67,114,-46,81,69,-24.9,-2.17,54,36.9,13,30.93,-5.5,-31,-9,106,82,73.62,144,38.17,46
-20.32,1.59,48.17,24,56,87,104,58,48.95,125,-9,28.02,109,105,-9,-5.63,149,5.94,126,1,35,41.84,12.92,25,90
-1.39,41,140,25,66.78,-17.71,81,39,59,43,8.4,13.42,-6.78,46,86,97,44.55,106,-16.52,-39,70.2,-1.77,123,-43,46
147,1,-11,-12.23,127,10,146,-39,-23,12.16,51.28,133,-14,-19.07,127,67.99,-44,137,36,-19,149,64,141,15,51.79
48,79,3.68,56.45,2.23,-49,6.43,-16,25.99,-14,1.35,9,98,37.19,85,52.23,-40,-10.96,99,13,22,22.08,-5,43.81,-22.76
43,55,63.99,25,103,45,-32,139,-12.08,34,18.85,53.75,-7,96,68.15,68.14,11.18,68.07,84,-4.6,88,37.52,35,37,23
-44,80,3.42,120,-4.45,53,-32,92,135,145,-2,17.76,-21,-11,28.94,-23.2,64,3,40,-4.96,49.53,-30,126,118,121
32,7,34.52,-21,-12.68,140,-46,18.84,110,-21,23.42,144,17.75,54.68,75,-17.41,-11.25,143,25,105,-34,-10.69,83,69,18.65
0,66.84,-44,46,83,-23,14,43.97,128,147,71.12,130,36.63,3.57,-43,0.1,107,11.46,-8,15.07,78,46.97,-45,23,-7
27.45,64.83,142,16,54,67.23,50.06,55.78,-16.87,-8.53,144,18,127,27.88,-19,-15.34,41.47,9,23.46,1.41,90,74.51,35.38,-47,56
31,112,-13,60,34.01,83,24.84,-15,92,130,96,-1.35,17.52,6,-44,86,-27,141,5.17,121,88,54,-20,-10.93,20.11
-20,70,2.65,-22,44,66,71.86,16.96,115,0,43.39,72,62,0.57,8.84,40.68,91,117,11.74,21,15.72,91,-9,55,86
32,121,-22.77,39,12.51,-2.06,24,46.65,-7,136,86,-20.18,45.92,60.95,14.95,-37,56.38,11.5,-7.55,-16.9,32,32.29,4.83,137,12.8
-5,89,7.03,32.09,102,137,34,-6.03,-12,149,-25,-12,-20.25,93,-13,22.65,-23,6,55,13.85,-8,116,110,118,111
101,-13,5.43,28.25,7.47,40,74.94,46.27,-18,48.4,29.35,66,-24.81,112,147,-32,-1,49.5,54.62,52,41.31,20,101,-14.8,-25
-14,0.24,-42,9.2,52.04,1,44.5,-16.19,26.81,2.54,137,71.5,13.28,69,10.48,62.87,-49,45.87,5,42,-16.8,62.55,-19.81,37.12,65
93,-13,30,30.62,-12.2,-18.53,61,30.48,3,-15,62,-1.81,58.88,-0.71,-13,112,-5,141,27.71,-50,28.48,42,142,31,60.55
64.36,20.88,22,56,52.22,47.84,50,58,12.97,-5,122,-10.37,-7,-42,-20.78,27.5,-1,-38,-33,33.59,34,60.74,80,40.06,58.26
34,-12.9,7.59,67.14,128,-30,9.89,27.59,-15,42,5.57,66.62,-14.11,59,6.83,106,6.27,-27,141,19.19,-8.89,-41,29,137,128
44.06,55,40.75,55.47,55.49,95,11.87,43.04,38,70.66,40.07,64.51,90,51.01,98,61.63,32,39.98,77,-11.27,56,144,33.75,139,83
79,93,-5,78,51,5.56,75,13.32,66.74,8,-18.88,19.55,-17,96,11.96,-24,-39,19,116,8.99,71,90,99,14,26
69,-44,-50,64.53,4.41,-3,-44,-42,34,-10.65,15.18,40,66.94,-40,14.92,114,39,-48,80,47,106,40.94,12.42,29.01,44
-36,8.92,4,66.64,3.82,49.96,72.7,101,119,81,122,47,149,42,28.21,63,70,-14,31.65,78,136,59.56,-43,36,132
44.48,115,0.56,124,20.66,-3,24,-19.59,30,-22.16,66.35,85,-28,-50,39.11,47,6.18,130,17.5,39.92,15,-28,78,66.49,100
122,125,13.11,79,-12,111,21,-43,-0.54,15,67,30.59,-9.64,42.76,-44,17.89,-21.36,-21,64,116,57,6.69,-32,-7,-13.02
-29,19,73.77,140,13.87,-32,53,9.46,74.13,24.6,13.93,80,146,113,61.5,131,-43,59.63,136,5.25,122,63,99,24.75,33.16
86,-22.77,-11,-28,35.94,106,73,12,25.91,34.93,43.94,22.71,4.36,-46,16,-24,15.87,43.45,55,38.28,32,56,26.33,-42,-32
62.31,72.68,30,30.16,145,-41,-6,-38,68,68.5,-11.67,59.33,-2,89,106,13,57,70.95,77,139,6.52,-41,-18,7.56,59.53
15,43.44,68.03,29.67,26.26,44.61,-30,-24.9,39.32,32.93,69.5,30,15.39,2.8,-32,38.09,63.08,-31,135,94,43.72,14,-3.54,60,7
61.63,148,-50,-8,77,134,73.72,34,47,27,43.52,38.51,36.57,64,116,38,48,123,-10,1,38.05,16.78,70.87,-39,37.01
58.83,12.62,-29,146,-46,45,47.5,-21.41,118,103,-36,11.87,39.4,62.09,45.56,19.52,-14.07,60.92,76,17,-21.31,143,103,38.35,64
6.27,23.58,72.91,17,-27,55,-48,106,-26,3,-43,46.12,-10.01,40,84,55.53,69.01,93,102,-48,149,-18,98,-6.34,53.22
79,133,-12.39,37.18,85,58,44,28,19.35,107,144,52,68,4.2,31,45.79,-1,74.13,42,94,111,42.45,65,-43,-10
99,3,-16.87,114,56,109,74.4,127,4.31,-41,76,67.59,-39,22,86,-8.44,10.68,7,44.79,38,46.66,59.37,26.89,-14.31,33
65.03,61.34,39,-17,20,62.69,3,95,25.84,-49,25.38,57.64,19,88,8,-34,73,23.94,57.05,-12,75,81,73,132,-40
58.72,111,101,2,73,27,51,11.81,54,125,81,75,-11.5,73,6.89,72.34,118,19.42,64.72,35,-0.76,37.84,29,27.16,53
120,-48,-23.6,-39,68.9,14.78,-10.32,-23,82,56.68,-8.06,52.63,-41,81,-7,147,-15.79,11.67,-1.27,2.22,2.57,60.86,55.63,83,119
51,132,126,103,36.6,26,117,27.27,74.33,14.18,5,-23,79,28.58,46,-7.06,7,4,42,40.69,23.39,42.57,111,106,43.5
-7.32,107,-27,101,127,9.41,5.04,44,74.21,95,111,117,2,16,138,78,12,10.06,145,6,-8.79,-35,-22,-17.68,-5
96,4.91,-18,71,52,31.95,61,78,4.03,84,50.86,59.37,91,-38,18.13,7,-15.17,5,51,35.12,-39,16,16.07,-19.43,62
-18.19,63.93,-39,-45,55,85,142,90,62.87,58,112,51.98,16,39,-25,-25,83,-18.7,-40,-17.53,129,100,62.46,-14,35.97
36.71,-29,101,23.08,-44,26,77,96,-20.36,31.78,-31,119,11.3,59,30.19,32.94,21.4,120,-22,23,36,71.48,73,34.62,116
149,129,95,-18.61,76,-3.21,20,-12.02,84,102,-13,57.48,107,45.2,79,5.85,56.35,26.5,149,31.78,15.62,-49,20,5,103
-20.78,51.39,-3,13.91,55.26,-1,-24.35,-31,4,-22,130,25,81,73.13,-18,64,9.59,-25,-1,16.03,48,20,-48,-12.8,-30
-30,53,23.25,30.38,73.72,88,32,7.57,59.81,87,66.91,-8,-27,136,24,-14.41,26,113,132,126,4.28,44,147,30.09,19.96
96,2,139,23,97,-24.32,25,30.77,14.1,54.79,-23.83,126,106,3,-0.71,54,-7,-36,-10.14,-25,22,82,-14.71,3,99
6,27.63,46.24,56,137,49,62.26,-32,2,18.5,92,-22,2,101,64.13,57.84,7.77,74,60.9,37.36,68.97,124,95,51.02,99
56.13,59.74,73,39.98,-20,39.24,18.39,85,39.67,120,36,18.36,121,49.31,-7.34,-45,-23,72.96,49,-1.59,58.11,46.81,-15.78,-7,-24
-16.91,35,-37,96,18.94,139,-7.08,-1.83,54.44,45,130,-13,-41,-6,9.47,29.67,25.72,1.89,69,28.8,138,50,0,-30,89
-19,83,44.37,-46,-42,95,-0.5,-37,73,-17.36,90,-12.6,-22.17,-23.57,19,-41,52.35,14.66,6.03,-28,-6.47,-23,-4,58,38
17.73,10.68,59.75,27.56,34.33,-28,97,-9,17,-1.28,68.97,10,-12.16,-3.06,-28,10,6,25.64,34,69,12.75,-16.7,74.41,63,17
114,123,-28,64,95,74,5.61,108,-22.16,-43,79,3.71,148,86,55.54,32,23,111,-12.41,6,-29,-47,103,-9.06,3.1
109,25.33,-40,74.51,-8.58,-30,138,58.19,30,62.6,21.88,123,-50,75,50,-8.21,102,-36,85,-5.62,10,65.55,88,-16.64,62.78
68,3.37,-26,17.95,31,26,148,-31,71,57.07,-24.48,25.97,35.95,-19.66,73.8,16,81,-4.77,-4.1,43.95,57,-36,53.47,87,0
65.75,141,18.12,34.7,47.5,-29,-10.23,-7,43.1,-22,36,14,104,58,113,112,49,-32,32.84,-4.07,126,-21,31.12,73.88,60
17.11,10.55,-8.56,72,55,-48,14.06,22,63.74,-20,-2.06,-34,88,27.65,47.32,23,55,19.73,45,73.15,57.48,9.63,30.73,47,16.25
32.33,51,86,0.67,37,19.5,-1.12,42.71,116,132,22,-12,-4,89,31,36,137,81,3.32,14,6,68,14,33,27.32
70.9,47.95,50,-45,-36,105,37,-12,28,-43,78,126,23.34,45,148,27,-4.47,44,132,48,40.93,43.31,25,31.19,-18
136,147,-33,54.79,117,-1,5.66,28.41,80,78,24.43,-30,131,-6.16,61.46,3.87,-0.56,102,-0.74,78,73.12,138,61,-37,117
-14.89,80,-2.16,21.11,122,-6,7.46,20,22,-7,28.75,-41,93,88,56.64,11.86,-30,32.64,4,-8,-23,-19,23,69,147
14.02,51.01,87,18.6,-46,-23.96,20.72,65.43,-27,72.06,72.83,-8.49,56,36.65,59,17,22.97,58.53,42.1,-31,-24.96,-20.61,27,-22.45,26
-18,-31,31.72,2.88,-23.7,9,73,-22,-35,39,32,-29,66.34,-22.21,18,98,-14.72,49.99,64.85,102,65.6,96,101,-10.11,-7.32
-11.25,47,-20,36.41,-2,57,99,-6.06,40,8.44,28,26,135,52.49,49.92,145,-36,37,49,114,18,-23,74.48,69.01,-10
66.22,33,-36,73.24,55,48,-42,10,55.06,64,24,22.1,137,36.79,44,25.06,56.33,65.93,32.66,117,24.18,62,114,-46,3.51
80,73.59,149,66.84,146,-40,20.44,-13.16,33,-39,24.53,39,67.77,107,1,67.03,41.65,18,-13,-23.95,0.09,11,69,105,52.36
15.25,119,-18.62,133,-0.65,27,21.42,74.46,72,60,130,5.35,115,12.61,55,126,-18.65,59,-27,4,63,-33,15.07,3,19
73.26,-21,-17.47,-1.29,119,5.52,15.56,39.04,-45,139,125,-22,-24,82,43.2,-20.45,32,138,75,-7,103,35,-50,58.59,13
98,19,49,-14,29.93,51,68,143,-10.58,106,47.02,54,-23,-34,8,6,5.79,57.36,-30,143,29.29,7.88,-12.91,-42,48.48
3.32,27.09,64.01,46,53.45,96,-6.03,-14.16,60.41,77,72,5,101,3.32,-13.41,129,-29,19.35,73,87,7.92,129,18.16,2,7.04
17.19,119,139,109,108,19,-23.6,21,-19.19,43.35,31.99,-24,25.66,-16.3,37,9.82,-39,29,125,-5.05,52.38,-4.16,54.61,60.93,133
-20.78,11,7.12,-41,83,39.87,48.86,54,133,59.52,45.62,70,42.21,24.64,10.21,79,65.66,34,-31,133,99,113,134,63.06,83
42.74,67.45,13,-4.86,52,58.67,-48,-4,34.15,20,-10.65,72.36,22,35.47,86,49,-8.28,55.57,-41,48.02,-45,0,-50,18,-17
105,-47,-40,-45,70.98,3.38,21.14,86,19.93,66.07,145,-1,38.68,106,-22.75,-7,20,22.25,-10.32,48.19,-2.47,47,28,-44,4.63
-8.17,41.84,-24.75,8,-23,72,-4.41,-18.28,-22,-21,13,-35,47.28,89,-12.7,73,77,125,52,-7.06,-28,26.88,103,125,77
53.72,56.32,-21.98,-15,95,108,110,13,-1.71,6,134,140,106,59.17,49,63.89,125,142,51,-19.54,-1.64,77,129,-4,-37
-22.82,72,25.34,81,-0.75,58,45,2,-6,86,-8,1,-28,13,21.97,68,23,114,-37,83,-3.45,63.07,51.19,21.34,75
54,12,54,48,131,-32,-48,44,-2.73,-23,75,7.38,46,2.73,-30,139,16.41,-4,76,23,53,-28,143,-20,49.79
56.12,-18.38,4,-18.14,39,50,-23.32,41.58,-12,5,125,-3,73.23,122,53.08,92,-2.89,-41,49.58,21,26,126,50.77,-42,26
15.84,83,98,-13.79,45.05,83,53,-10.4,104,18.07,0.77,69.26,28,53,22,-45,61.98,-4.88,-30,73.02,40,27.17,-48,145,0
-4.4,-20.72,119,-31,121,36,1.92,93,21,98,86,57.06,122,-2,134,133,102,-38,107,103,-37,18.02,-40,53.18,20
134,106,-18,58,25,1.7,21.02,-13.69,18.09,56,1.64,64,-20.4,132,17,32.59,6,-23,15.17,-11.04,58.95,66,140,39.95,43.92
147,67,-43,119,63.37,50.21,66,69.92,44.2,62.12,117,-17,69,-45,-41,144,6,54.41,49.97,-5,68,25,102,-2.44,65
127,31.28,56,135,19,60,-22.87,73,18.31,105,51.26,39.74,98,-1.75,9,66,-18,20,-20.59,124,39.03,79,111,-44,119
28.81,27,33.97,53,104,9.68,138,10.2,63.89,130,7.6,22.28,18,74.93,-23.36,14,-23.31,87,101,20.57,82,-27,32.54,-23,122
70.48,1,84,6.03,-47,22,34.31,-7.66,82,9,-23,16,123,124,21,67.94,10.1,60.79,83,58.08,31,25.73,145,63.05,-3.95
-48,66.93,106,-16.15,32.64,19.48,118,109,-23,-46,124,7.78,62.88,10,30.41,93,-4.48,117,-10.72,20.37,-10.95,148,-49,53.96,97
68,-11,13.11,-2,71.18,56,49.8,2.44,39.88,71,42.07,21.18,55,48,64,-31,31.56,54,141,-9,-22.39,94,64.36,125,-41
3,133,60.32,55.8,-21.54,29.71,82,9.5,52.63,90,79,-2,1.07,-5,-36,19.51,0,-43,70.31,9,21.77,41.28,149,133,-13.88
74,-12.09,71,14.45,61,38,65.85,-16.64,-32,18.47,-20.56,70,-32,15.22,126,46,106,56,62.06,41,48,-10,-22.33,-35,129
29,-10.09,12.39,86,28,5.01,86,26.88,-22.98,-47,58,47.34,34.13,6.77,5.62,5.74,107,41.78,121,85,133,10.95,-8,47,-16.27
-4,71.61,-6,148,46.28,-29,6.23,52.01,8.5,-38,60.32,34,35.55,-5.05,-16,27,44.48,-22,-4.45,129,121,-25,-9,-31,-11.17
-11.38,15,24,37.79,105,5.6,-4,-25,55.76,-9,0.84,105,33.22,58,32.89,128,63.17,15.6,49.75,-27,78,-6.46,23,64,140
135,70.43,32,-16.58,4.73,116,18.11,87,-3,135,23.27,-10.09,142,-19,-21.01,4.07,15,107,145,18.01,28,17,145,-13.57,-5
123,-22.35,-16,-6.75,57.77,42.18,42.35,110,98,62,40,65.41,133,59.74,73,-12,141,-20.6,-23.47,96,-47,16.8,58.59,16.2,23.11
-19.29,108,66.03,39.5,2,39,96,37.6,3,19,7.82,11,57,15,-19,-22,-45,71,52.86,141,-40,-23,116,60.95,-25
16.8,-2.72,8.31,-8.97,-13,132,140,-24.24,24.94,55,133,129,25.04,-2,-38,-1.34,55.76,56.81,105,-12,38.81,72.12,148,52,-48
139,89,-43,109,19.75,-20.14,61,-49,-49,1,143,7.97,126,32.1,68.31,12.07,54,23.39,48.81,99,59.82,56.93,-27,45,39.71
61,135,-18.98,104,113,39,8.4,81,11.46,-18,43.05,67.99,123,27.53,102,58.44,48.29,-17.76,13,64.46,-19,66.94,95,83,139
128,88,118,26.99,52,-32,46.44,128,-49,42,54,44,64,6.8,45.58,83,52.46,9.36,-39,107,137,107,68.31,41,-28
141,94,3,64,33,69.28,14,8.82,45.34,2.09,-30,73,141,2.14,19,72.63,33.92,29.62,28.11,14.63,34,148,59,11.65,20
74.91,51,-18.05,39,15.54,74,-12,113,-13.99,109,68,138,53,96,-18,20,-30,9.19,70.59,138,118,81,-5.93,15,-2
-14,16.18,45.3,23.1,70.73,109,108,83,1,66.24,29.31,43.43,-21.85,28,74.36,54.68,102,28.31,-28,134,19,-3.06,89,0,47.67
34,38.83,134,18,94,118,41.2,-24.47,80,88,108,98,72.11,-24,58.25,-13,31.9,12.17,29.85,61.26,99,93,29,130,-50
58.35,88,44,72.39,8,59.92,42.55,75,48.71,61,32.45,55.5,-22.06,49,-20.08,-24.28,-31,47.15,-1,136,25.87,3.78,-9,40.48,125
33,72.86,-49,66.9,69.81,67,24,18,9,119,68,59,70,72.71,105,108,110,24,4,74,147,33,-50,39,58
54.1,21.95,-16,72.19,-7,86,-19.13,-24,18,-1,110,42.81,-48,36.32,-31,135,-11,120,53.59,82,109,67.94,38.62,-25,131
-15.9,31.9,76,133,128,57,23,-20,80,59.82,12.05,46.62,65.22,52.14,25.1,16.3,11,34.49,17,-5,29.62,51.03,78,104,25.74
25,57.91,100,68.57,3.13,51,53,8,51,70.11,91,-34,-8,94,104,88,138,-24.39,2,-11.66,96,136,54,-13.3,38
13.11,-44,47,60,-20,6,98,0.41,121,129,-3,138,-1,-19,61,54,-23.21,58,6,-20.76,5,14,73,16.89,16.64
2.6,126,134,-16.37,42.78,25.28,-11,53.56,14,9.18,37.03,47.79,-36,87,8.4,24.23,33,29,75,99,-8,68.55,106,31.74,63.55
50,40.01,99,67.75,62.05,51.39,-23,131,-21.39,61.98,142,61,51.69,70.56,-8,35.9,4.77,61,-26,-45,58.51,6,-44,-20.6,4.53
69.89,-10.91,25.81,51,-24.7,2.33,15.59,32.27,-20.91,66.38,29.41,11,-15.05,18.43,58,52,130,-18.81,60,-22,3,-21,4.83,50.08,-19.13
51.79,50.09,-22.46,-21,68,3.97,92,-36,75,101,89,-0.17,147,22.57,21,36,128,54.42,45,137,36.39,35,70,37.12,60
69,-17.98,54.7,31.57,135,30,72.05,41,11.2,-38,70.15,53,68,48.21,50.28,94,18.99,149,34.21,70.6,38,36.42,63.89,135,44.37
20.73,71.76,36.03,-24.58,-27,-21.24,22,-19.22,75,50,94,7.23,60.91,-28,6,116,31.8,44.07,-8,39.76,25.39,-33,-6,66,56.13
119,89,-39,61.51,4,-23.01,58,132,15.99,45,54,-0.11,59.79,-40,100,48,-4,37,18,87,6,90,72.61,14.65,83
8.25,106,102,65.37,58.62,58.32,32,-9.57,52.66,2,104,66,-2.07,146,57.97,49,80,49.03,-3.59,49,56,-30,26.05,66,-32
43,-7,-2.3,-11,65,40.76,-33,56,12,71,118,38.99,99,-9,59,4,37,130,36.66,108,71.43,-10,7.74,46.55,31
144,55,-3.76,-9.1,6,-25,26.66,47,137,64.92,20.49,31,121,53,-16.94,67.35,133,-1,-39,62.74,140,60,98,67,-17
99,22.53,111,-2.11,-17,10.93,1.72,71.23,35,128,45.21,-3.47,26,121,136,54,132,-33,144,70.47,148,-24.09,68,49,71
11.51,106,19,28.15,28,52.86,5,70,-19,55.48,69.41,8.43,34,102,14.58,72.66,80,141,65,39.56,146,55.3,-12,117,-10
64,2,74.29,34,124,-15.94,62,-20.7,40.46,43.12,14.54,26,-7.93,112,11,14.42,23.25,69.66,111,51.16,-2.23,95,-17.58,56.45,-12
-21,38.59,147,67.21,-47,1.75,-5,48.21,33,99,139,95,38.57,4,8.34,66.25,19.67,77,-22.29,10,6.87,42,66,-14,41
-9.75,67.51,-10.46,-9.84,-18.57,87,147,-6.86,77,95,-39,104,21.32,72.71,-4,33.33,82,43,136,128,33,96,-16.52,43.96,62.62
-16,134,-3.95,-24,-21.97,63,29,64.57,125,79,27.78,-15,45,98,-20,-35,82,63.19,147,91,62,108,115,-2,29.73
5.49,121,-12.37,124,80,20,148,30,-13.33,3.72,-7.98,-20.69,-37,57.19,119,-2.58,66,14,-1,6.3,113,120,57.26,-2.16,114
38,101,47.94,141,133,40,90,21.15,43,73.02,86,13,28.24,21.6,-28,-5.06,45,65.23,54,132,116,70,40,36,-1.69
19.22,40.69,73.13,11.24,30,28.98,-16.81,32.74,23.05,31.17,10,53.96,10.84,53,3.91,131,64.94,115,94,39.48,3.67,130,92,-4.08,94
52.44,89,116,118,84,58.27,-9.99,145,116,61.8,-10,-19,114,35.1,-18,-11.5,-44,-1,135,34.93,45.25,-18.79,44.54,-17,-45
28,101,-33,96,32,23,132,48,97,19.38,10,-24,69,146,60.1,-24,41,26.38,37.71,135,-25,61.64,51.06,-20.12,-6.06
45,54.6,57,97,-3.39,34,130,146,71,-14.82,30.64,-16.16,34.41,69.03,36,108,-17.6,50.44,3.1,-32,21,73,29.1,47.99,29
49,17,106,53.71,-15.61,56.9,123,23,120,107,49,60,132,62.92,28.84,60.23,-14,-2,-8,16,26.21,103,-29,50,117
21.41,-40,-28,16,79,61,-7.21,15,129,-23.39,-37,-9,41.36,50,39.14,-8.02,99,70.9,23.52,149,71.85,21,53.49,31,37
29.84,59.88,9.02,75,14.19,112,60,-35,124,33.4,70,96,48.1,30,-7.31,15,50.91,62.06,-24.62,6.07,50,21.28,44,14.79,-40
-5,85,-1.69,73.44,15.04,33.04,7.27,137,13,115,43.66,84,-44,-23.09,139,-16.93,-5.14,48.47,7.58,-25,18,72.81,34,143,126
-0.41,14.35,18,144,13.09,100,113,53,-13,13.08,143,-11,41.7,-48,75,13.83,62,125,138,65.88,43,138,63,19,-5.86
67,55,117,19,35.02,101,71,-18.64,60.93,42.94,91,-30,44,118,34,-1.45,27.34,68.73,-29,71.63,144,70.77,33.3,76,68.33
-38,27.58,50.25,73.65,59,-25,104,44.65,74.69,34,43,-48,-36,-22,-18.25,-24,-11.95,146,29,41,59,3,111,43.02,-49
116,94,96,69,78,112,49.98,17,-4,75,-47,120,58.52,46.22,-4.57,64,24.34,104,-5,80,64.02,86,-15,-13.84,12.63
54.67,47.08,-9.73,12.04,24,32.1,35.96,100,102,101,-34,12.12,127,-36,-42,75,-34,-10.03,-9,51.38,6.77,134,-20.53,40,28.43
76,103,35,38.7,53.47,67,106,-9.5,-20.43,14.37,58.98,7,55,91,-2.96,13.61,-43,17.38,79,118,110,-49,-13,55,70
-21,54.84,47,-5.68,112,19.99,-5.04,64.12,27,113,44.41,56,50.57,-49,-47,22,-6,39.67,11.62,-20,107,57.36,31,-6,28
-42,-8.47,101,131,73,8.79,89,101,70.31,19.94,17,129,90,88,36,79,3.95,146,-10.05,126,44.36,-20,-2.82,15,-18.67
30.43,49.06,44,-27,-20.77,3,-21.77,21.44,19,-3,27.13,-0.79,125,116,63,59.65,45,148,-0.51,11,34.19,9,31,-4.94,10
27.91,-3.95,0.03,-3.46,78,112,-46,17.25,18,115,-27,-16.15,13.75,-41,51.77,125,0,35,71.22,92,70,32.28,40,35,102
36.65,126,56.58,121,-9.5,111,28.92,-27,63.61,64,-7.76,101,101,-30,6.09,148,69.07,138,-4.16,23,67,19.36,24.8,22.68,143
48,113,48.77,142,-32,122,134,43,-7.24,109,-48,0.78,-2.09,4,-36,125,-47,-17.86,16.34,74,147,112,114,23,6
22.3,-35,-13.91,98,63,62.71,40.88,23.16,34.99,50,18.89,84,95,-38,107,29.17,71.52,-19.01,139,70.13,-39,31.89,-46,61,44
136,-22.72,112,-2,11,23.7,44.57,69.68,54.54,81,55.11,74,-0.8,-6.87,54.63,76,-43,118,1,104,126,25.47,30.11,-14,58
109,125,-18.02,63.99,56,-1.7,49,75,-25,75,74,13,52,14.23,31,41.95,68,-7,36,63.02,-22.31,-36,0,-37,13
-24,147,51,-14.34,34,40,97,20,129,-35,96,66,97,66,34.69,142,11.89,14.08,39.55,46.03,10,2,144,49,65.26
34,13,70.09,28.58,73,17,64.2,29,16,73,57,20,147,105,66,90,-6.79,7,37,88,-18,-28,31,14.07,46.72
123,32,-24,0,7.86,39.72,16.07,105,-4.52,-17,-41,127,112,-11.44,46,78,-2,59,-4.33,54,125,-5.49,42,-16,-0.25
-44,-4,54.97,139,54.67,73.36,-11.13,67,59,51.5,88,-17,4,58,25.2,19,62.47,-5.16,103,18,22.68,-38,52,102,-7
-10,16,35,-15,48.89,83,-22,-23.53,7.59,139,116,-38,-13.66,35.56,31.54,144,70,25,3.21,54.1,77,-27,101,-30,4.75
49.5,45.14,52,136,42.6,113,21.9,-1,148,77,141,7.91,28.93,3.76,-40,90,55,34.53,46.82,75,-18,-38,28.76,83,27
104,62,106,104,143,107,28.44,118,7,128,18,-1,45,2.24,-41,96,123,104,122,21,-10,39.04,-3,27.52,-37
42,6,30.69,0.31,113,56.27,2,6,-16.8,33,70,2,29,-20.1,145,148,90,66,-25,6,16.33,0.58,3.1,-4.19,145
-42,33.47,-47,80,38.25,107,-37,74.49,-4,70.66,138,-12.48,71,28,-16,147,69,31,90,-22.86,-2.37,20,2.21,60.11,87
-41,149,33,-1,74.52,127,112,46.3,74.54,99,10.31,70,120,34.35,60.15,58,2.57,111,60.76,11.62,-7,24.83,2,-5.51,-24
11.76,8,-10,115,13,5,105,-19.56,57.11,-34,-1.65,62.72,-35,139,-5.02,-8,57,68.77,86,-0.43,8,17,86,-23,-27
136,56,37.26,74.47,-45,14.5,70,-43,10,44.93,53.63,54,-2.74,-19,122,148,43.43,124,47.21,-30,110,61.81,-17,2.55,76
118,32.65,32.15,7.48,53.55,14.02,57,40,14,132,101,99,91,129,117,-16.36,-20.12,149,34.44,-34,89,-20.98,50,65,-15.26
62.96,99,47.11,133,54.22,145,69,-10.75,68.5,35,103,-28,37,8.89,25.51,68,-44,134,12,22,-13,-48,117,56,41
97,78,136,27,-5.38,68,1,-8.46,-10.74,24.75,46,122,17.51,-46,-12,50,132,99,138,48.68,95,-2.59,1.96,-11.71,140
32.5,35.79,-19.43,89,67.45,50.18,-22,29.03,-8,109,-21,40,-24.75,65,-37,2.26,74.88,-12.34,28.85,-22.62,-1.81,28.8,-3.86,125,-0.5
27.46,44,-29,-18.02,-10.62,109,-19,-6,56.37,104,-5.66,71.42,-41,73,55,45.38,121,28,68,8.13,7,73.55,12,-36,-15
105,131,78,39.8,148,91,-10.02,-3.39,97,-23.54,127,54.07,14,44.32,17.18,33,54,1.36,-12.66,-20.55,74,-15,37.2,54.16,13
115,73,65.72,18.45,4,83,-41,20.39,-3,40,74.5,-4.1,47,143,19.06,36,-3.41,54.91,-7.14,83,123,25.2,-36,90,-17
71,1.68,-9.2,-16,88,85,41,114,26.5,60,47.07,97,48,63.9,44,22.44,48,16.95,-42,-5,-23.75,4,138,20,56.7
19,105,32.42,12,148,9.01,60.62,135,-34,58.81,44.32,73,12.2,148,-12.49,-50,14,17.73,64,92,55.7,27.59,68,70,70
-49,24.66,111,32.02,39.84,70,-16,-24,129,-17.28,63.64,142,136,143,-9.79,38.8,103,44.24,70.5,16,-8,52,13,-35,-7.43
41,92,-17.35,43.16,-7.71,32.47,78,65,13.53,29.27,109,-10.83,55.81,65,27.6,44.84,51,79,53.7,9.51,123,-32,-16.5,-16,25.37
121,-2.7,-16,-26,126,-29,76,3.83,125,-21,58,79,-37,91,26,27.45,68.99,100,-24.72,128,-44,-25,-26,-13,-41
-1,41,-4.91,25.99,44.3,43.5,20,31,108,98,66,144,115,20.69,-23,-26,-4.14,102,69,-18,90,68,102,133,108
27.83,10.12,-44,19.07,79,108,23.63,117,58.07,107,51.42,-28,61.76,-26,7,-9.57,75,29,4,18.05,-10.84,29,47.44,46.6,-16.28
63.63,70,116,20,90,36.22,-8.58,50.24,-7,131,-22.95,7,-27,-21.93,-33,-27,86,27.44,-19.33,-13.09,116,28,68,-19.72,-30
6,31,-1.41,6.39,28,-38,74.83,30,103,44.65,-14,61,18,71.92,138,0,54.51,131,31,21.58,-32,19.15,74,133,47.3
32.97,47.21,-5,-3.65,57.6,65,-19,51,70.24,140,3,96,62,-20,71,48,22,45,66.89,-22,57,64.38,52,-22,-9.22
-25,146,43,16.87,77,8,-47,127,94,60,30,62.69,2,60,4.37,18.06,101,145,9,74.41,105,49,57.6,70,22.08
136,-39,101,3,3.98,18.95,78,48.38,43,-7.27,-19,-48,15.47,79,-18,124,-1.62,-5,32.31,78,-24.97,15.95,20.11,4.08,80
31,-2.7,-9,-48,27.97,73.87,35.27,4,20,145,75,50,88,-15.79,71.54,89,74,-2,-21.02,48.71,147,43.16,-21,148,57.49
49.1,71.51,56.93,43.46,18.36,57.2,59.81,132,2.21,5.85,17.2,94,-30,3,99,23.53,4,7.61,4,12,67,135,44,-23,59.21
67.88,-36,-12,31,54.68,69.2,-24,139,41,147,-18.32,84,125,-34,103,130,31,47,57.56,6,-2.69,21.65,-41,-29,22
2.8,99,14.26,16,69,-41,42,67,10,36.68,-17,-10.46,-10,113,-39,7,139,61,33.82,42.13,23.78,5,-11.1,-7.17,20
18.31,28.02,66,15.61,-7.61,74.3,-22.17,68,84,27,-35,89,-8.44,22,-1.7,38,-7.92,136,-20.13,45.72,91,70.1,-13.28,32.06,-14
9,78,-8,30,17.44,43.59,-21.71,-32,31.48,-20,10,99,39.34,47,31,53,-14.79,47,51.04,-2,87,139,82,-13.05,39.66
12,34,-19,50.18,76,-49,5.78,65.2,93,54.28,-34,44.34,67,101,29.73,117,117,-48,117,-2,59,1.9,57.84,14,125
36.04,107,5,33.1,42,96,67.89,13.33,21,40.27,-8.62,122,94,90,58,41,-24.06,94,-3,47,145,-24.64,24,-13.58,55.58
-27,-1.81,97,57,38.8,1.37,53.64,74,13.94,-10.35,28,140,98,69.72,129,-35,57.35,34,-6,9.14,-21,-4,-5.05,129,58.53
-21,128,54,-11.09,43.52,13.21,12.05,128,17.38,30.45,54.11,-18,-18,27.16,49.13,74.74,10,61,65.21,98,41.57,71.33,57,39.27,125
45,-24.33,68,139,32,-10.78,-46,26.98,32,88,-20,54.82,80,-36,29.51,49.36,-49,54,-46,-21,-2,42.38,92,33.88,-24
32,-29,-13.15,70,-13.35,141,-50,139,21.85,1,-14,30.33,48,-12,-10.15,-7.27,-23.98,3,-31,28,-30,-23.11,20.61,77,64.57
4.16,15.71,70.31,35,39,88,31.93,24.33,-42,36,140,65,8,51.88,6,8,47,142,-13,108,-16,52,80,40.31,48.56
30.67,43,-12.32,60,69,-19,106,-38,-37,32.18,93,-24.74,-2.56,92,133,135,70.22,34,23,-5.22,26.74,-5.32,4,48,115
-49,70.09,28.85,112,-35,8.26,98,105,115,4,64.83,11,-27,-22.79,17.57,108,105,95,81,40.88,-41,18,-12.01,43.33,115
106,-15,91,71,-2.28,107,75,60,14.55,25,52.35,1.72,133,40.93,-23,99,34,108,-1.61,-7,38.5,135,118,33.66,28.88
-15,131,9,40.59,13.15,-39,43.65,133,8.82,116,120,96,-5.63,72,-7,27.41,-48,50.2,65.95,79,71,38.71,15.28,14,-11.99
10.65,-25,67,29.97,-2,76,143,-48,10.03,123,7,-19.74,23,98,129,7,39,-14.93,31.38,39.13,70.36,-15,114,106,63.78
63,46.19,-5,72.69,140,12.24,-43,113,18,-6.89,77,70,117,85,-30,61.11,19,55.07,-20,7.03,66.37,72.25,-44,-2.54,112
-36,25.88,-23.11,49,79,65,48.16,139,15.83,-22.46,33.84,-12.75,-3,48,36.36,-41,89,39,61.61,61,40.12,13.44,127,25.07,24.81
45.08,-15.27,138,61,72,59,82,16.71,15,143,-14.58,-38,-2,31,6,21,-21.97,145,39.97,66.47,91,13,-30,66,23.39
-28,-23,-14.62,146,20,51,128,35,27.83,122,135,47.56,54.4,32,-15.61,-24,-3.46,74,72.23,-7,-15,21,78,12.15,-17
144,16.22,68.38,19,-24,-22,4.67,91,15.62,66,60.66,-16.66,-5.16,19.99,99,-15.52,33,55,36,34,124,62,-20.12,4,135
63.03,93,32.58,-24.4,19.99,53,4.3,60,36,119,31,127,8.82,95,8,-34,108,16,115,132,81,-14,74.52,-22.77,65
8,-29,14,14.3,110,104,-43,57.55,82,23.7,16,34.42,53.91,60,140,67.5,39,112,82,133,57.04,18.7,-0.03,25,-7.43
87,80,5,52,7.47,29,0.99,-47,25,19,61,66,-5.09,133,-32,80,40.79,-34,59.09,26.45,14.18,43.48,8,144,1
36.54,74.23,-9,15.71,62,-6,28.43,42,94,139,80,72.47,53.76,11,48.78,16,58,-6,75,99,86,93,101,-41,31.66
56,143,116,60.74,58.95,58,81,-38,69.98,-4,78,29,115,139,17,20.93,97,24.81,15,40,-50,-14,58.54,87,17.9
112,-22,144,31.74,50.7,117,17.3,118,13.95,143,29,35.51,-7.65,52,28.48,-11.63,38,-26,11.29,-12,28.07,42,-22.77,141,40
34,-20.27,-45,-8.69,34.98,147,79,56.09,115,-11,12.26,20,14.93,77,16.33,113,107,-18,9.89,35.42,-39,29.29,14.63,-35,55.45
-9.95,49,13.4,-18,-5,72.24,-10.21,-39,39.6,-36,32,37.19,-8.15,70,49,63,134,10.7,0.85,55,3.68,71.12,121,-46,-7.2
-18.48,-5,-4,73,95,108,-24,71,138,25.43,-11,147,11,-14.94,45,118,147,28.64,21.11,7,0.48,30.94,71.74,55.08,-6.16
-6.17,-41,103,-9.54,36.47,28,104,123,-9,104,3.47,75,140,26,134,-31,32,-7.78,-13.09,102,1,118,6.02,17,56.78
101,52.89,-44,19,23,-18,-16,32.91,72,69.9,25,147,-9,-43,18.46,30.69,73,-23,13.59,56,128,-27,33.66,24.96,87
59.68,-42,-20,42.84,39,120,57.3,59.12,-13.62,34.23,52.07,58.65,121,114,68.94,-16,-36,94,81,134,58,0.53,-4,145,6.08
9.48,109,-21,66,39,59.67,-17,18.79,24,116,45,-24.1,-38,140,87,145,-45,43,70,-10,-13.63,97,125,60.97,23.46
20.31,101,98,-3.62,65,-31,70,33.82,46,53.72,-37,42.45,43,-39,2.91,66.73,54.12,133,130,64,-27,20.82,112,-26,25
9.64,56.3,-9.23,-14.21,55.42,144,53,131,10.2,90,124,23.18,0,53.27,3.43,-5.36,34.65,-47,-16.9,39,116,58,49,62,44.66
-38,78,-4.67,140,-12.61,115,-39,48,65,35,48,-21.59,1.43,-48,2,25,15.86,73.37,5,74.94,91,-7.96,72.29,-23.26,148
55.49,18,-3,53,8.51,-16.54,60,45,115,-26,70,-25,25,-14,8,96,26,23,17.29,-17.76,139,-11.92,77,70,125
3,40,73,-44,85,7,-24,45,-9.98,-40,38.93,18.03,13.9,-17.09,54.48,40,39,33.46,50.62,-24.41,77,145,4.8,75,128
32,55.86,52.6,14.83,47.41,45,-44,95,112,75,15.54,-12.46,131,-39,68.44,33,57,-17.4,22,99,-18,49.41,133,67,36
4,27.73,-1.23,58.89,136,131,36.52,51,38.02,42.7,133,78,24.37,47.59,-8,-22.19,46.25,89,22.14,-17,5.99,-15.25,125,25.42,-8.91
-3,82,43.29,-37,-10.64,27,32.73,-45,62,102,-19.12,68.49,-10,140,9,109,24.69,25,59,63.34,59.05,2.91,-0.54,-14,139
59.3,23.72,108,-17.92,42,26.15,-14.29,24.79,6.5,32,89,130,5,-26,63.41,28,132,42.28,8.17,68.36,68,69,25.85,8.14,26.43
141,72,17.49,-30,-46,-18.04,26,-17,0.6,12.91,-37,40,143,-49,70,51,-36,50,59,62.41,116,-39,66,132,122
2,69,74.2,27,53,125,23.22,-10,31,35.61,-28,-19,3.4,-15.73,48.73,28,52.38,59,-46,21,-5.55,33,-39,47.14,5.33
96,137,34.87,15.39,57,-32,-23,46,1.17,33.62,24,-3,-23,29,20.71,134,82,91,-1.02,-31,-39,65.83,37,53.52,115
-18.57,87,40.03,85,1,111,35,15,2.94,-15,131,15,27,32,57.57,58,-27,8.79,-22.79,-4.41,-20,-9.98,75,91,-13
90,37.22,-15,7.15,12.75,45,0,127,39.92,102,103,96,85,68.17,-1.3,-6.91,14.27,136,149,113,17,69.39,121,-3.83,60.53
120,23.27,-28,69,6.53,-41,50.28,128,-0.18,19.84,67,-16.11,91,5,-13,-21,-18,123,62.61,-8.2,59.85,4.1,35,16.89,19
125,36,39,67,86,-40,141,85,-24.92,72.01,68,63.07,-17,133,-16.23,104,-24,31.77,-14.62,-38,-40,-42,35,110,89
34.61,-12,0.91,145,145,-25,101,46.19,-6.57,-12,23.27,54,-22.39,45.56,69,5.63,63.54,114,-40,13,64,1.05,25,120,44.01
34.95,-25,59.37,19,-27,55,-2,18.69,33.59,52.41,110,-16.45,28.3,31.98,28,-33,-21,69,52,90,70,68.62,-31,27,-5
-1,117,44,4.4,-22.85,117,81,102,108,70.41,147,22.24,59.94,84,48,32.9,123,-23.79,-37,-8.51,137,70,-9.15,42.46,102
25,36,125,17,11.28,50.44,-31,-24.4,31.25,141,62,-17.23,21.47,36.52,108,15.77,128,-1,42,63.98,46.29,78,-15.49,-2,134
110,104,63.93,-40,29,107,71,24.58,11.3,-28,87,13.71,-16,-12,22.81,98,-10.81,96,30,-9.67,-18,21.95,109,50.77,61
122,97,-24.45,13.56,4,132,48.15,12.03,82,-8,-49,-32,91,45,-12.48,-24,27.8,44.96,-10,43.61,-24,28,-8,-32,69
49.82,109,14.37,-32,55,37.88,12.37,24,148,93,60,144,27,42.42,8.48,147,13.78,31.9,137,36,114,-5,42.6,67.9,36.73
64.58,108,-14,20,15.75,118,15,63,-37,50.21,93,68.96,10,131,68,70,110,66.74,86,32.41,87,49,109,8,-15
114,27.05,36,-39,24.86,-22.38,10,-47,50,8.75,124,124,129,-6,-15,26,85,32,0.86,111,41.35,64,79,29.58,3
-14.45,30,-9,70,74,91,37,127,22,28.81,36.74,99,-40,84,-5,-26,-14.84,16,-49,119,-42,29.78,-35,-16,102
-8.09,37,-5.15,-29,15.75,117,113,-0.52,52,-49,137,3,-47,29.57,24,146,15,32,26.94,27.72,27.07,73.88,-35,25.74,50
-39,80,122,1,-18.51,-11.52,106,12.05,65.7,43.92,96,-18.19,39,1,125,4.58,139,53.28,-6.05,-23,68,10,68.09,5,-14.32
4.35,40.04,101,10.12,73.52,-13.08,59.18,-27,148,-4.87,5.67,-43,119,3.34,2.23,48,66.74,94,41,-48,-11.52,-35,-17,-7.89,18.04
3.62,-10,47.1,51,145,32.21,55.67,96,23,-1,-12.73,74.34,-7,73.95,56.93,38.48,-2.54,53,32.75,45,-4.16,36.56,51,28,74
69.55,24,71,-15,111,61,67,98,72,-7.73,72.65,102,12,22.54,33.81,14,31.26,23,-10.33,25.98,41.45,22.97,28.26,20.42,11
2,-2.17,26.24,38.63,40.7,16.01,-13.44,22,141,70.91,55.82,7.14,132,-43,71.56,38.36,-47,-21,-21.63,112,22,61.43,-45,149,142
144,18,69.36,-19,-1,105,59.03,68.68,57.27,17,25,136,63.59,2.76,-3,107,142,79,61.08,-23.22,62,-22,-12.17,30,79
125,58.03,49,110,-17,70,-2,54.63,6.43,84,-7,55.16,66.53,55,0.04,39,89,85,-27,107,12,-13.52,-42,40.15,-20
7.43,59.06,13,140,86,-41,-3,49,8.72,36.4,41.03,-10,137,118,2.59,74.45,120,-4.89,30.6,-23.64,59.67,2.23,142,36.61,28
110,-14.22,-39,137,5.55,12,-34,71.18,20.02,4.04,60.71,11.55,130,59,8,71.9,48.8,39,-14.54,-41,9,59.08,87,119,92
-23.84,-35,48,-22.39,92,5,13.87,57.51,80,148,98,130,38.54,11,-9.21,-1.47,109,-43,24,1.53,-10,59.78,-3.14,35.55,18.42
10,-5,37.83,-24.44,149,82,39,42.47,110,51.65,59,137,129,14.28,-22.35,-24,76,-9,-27,-37,135,72.61,35,59,61
-29,57.91,66.76,20,8,-41,52.56,59,146,28,-4.1,51,31.66,3.1,126,110,146,132,-45,-19.33,-37,3,85,42.57,87
18.2,43,-16.28,9,-5.36,13.25,136,57,10.72,10,31.99,56.05,30.34,14,21.54,-22.65,90,18,18,135,2,-20.86,64.94,114,31.78
-42,38.5,40,14,26,79,-9.18,59,-28,-46,102,6.57,45,41.35,45.86,148,90,-4.13,39.18,60,-13,96,85,-20,35
5,147,9.84,44,37.66,113,-11.88,-1,9,10.97,-27,44.23,-40,18,41,-5.19,-50,50.25,-14,19.39,1,-41,26.13,-14,69.04
23.22,-5.05,-5,28.27,66.47,124,-24.07,-13.93,48.71,28.37,69.74,60.86,9.4,-43,26,72,-12.49,21,-21,35,56.22,135,77,-4.94,30
123,74,-38,64.49,26.16,5,-10.83,86,49,48.32,34.66,33.37,-13.67,26.11,86,-37,47.55,3.81,21,23.34,19.12,67.65,-18.76,43,-18
30,1,119,52.06,48,-42,12,97,-5.01,-8.11,6.58,-8,43,114,77,-24.77,125,41.45,43,89,76,-7,-0.74,50.24,147
12,35.21,57.76,1.49,53,17.13,17,32.18,11,39,99,53.27,56.37,43.09,0.3,-18.1,53.77,23,57.8,-7,23,72,-21,-23.43,39.28
-45,147,30.67,72,66,42,110,-34,126,107,58.61,65,18,106,45.15,-40,-3,111,134,-16,-7,121,-38,-9.13,5
147,3,-9.4,-32,95,7.04,0,25.98,141,102,108,57,12.69,-23,111,119,-27,-17.93,8.38,63.97,56,93,122,64.85,-23.92
101,-11.54,59,139,-36,-14.16,-2,39,140,52,53.53,59,47,-40,18.23,-13.94,-12,53,78,25.03,115,149,62,18,-13.46
53.05,-7.71,-24.92,-29,13.22,-6,93,76,120,-23,49,67,-48,62,20,57,56.97,83,74.33,27.76,89,11.45,-5.23,-3,49
35,-15.68,118,-1.79,-22,-26,-25,72.98,88,47.31,-22,-26,41.78,25.07,6.96,145,-21,27,88,-48,-3,61,40.7,12,105
71.16,106,129,93,-30,41.83,77,47.33,94,-18.55,-22,14,-23.45,46,67.49,140,-13,6,-11.38,98,8.58,32.52,138,-2.07,54.27
39,-22.5,-11.8,122,87,52.27,72.36,-47,4,130,-9.56,-14,28,15.57,119,19.15,34,37.36,39.77,144,3,-10.13,81,-6.62,32.73
19,65.88,73,126,127,42,133,-3.2,50.68,108,54.8,58,-47,123,25.59,-28,148,91,111,-7.95,102,-20,-20,30.9,28
82,57,119,105,14,26.57,-19,21,129,61.06,40,49.51,-17,4.99,132,144,11,-22.6,1.11,8.71,53,21,117,45,-11
106,46.48,104,77,81,13.03,-16,25,-14,-11.74,-47,-17,131,74,-19,49,78,77,142,40.21,54.37,58,0.15,10.21,-4.76
-2,52.31,-13,136,74,59,55,74,-21.99,-9,62.93,47,146,26.49,41.06,77,17.69,56.38,51.2,75,1,23,-36,-19.13,144
18.97,30.63,63,67.79,48.61,138,108,66.85,93,7.15,69.39,116,-35,91,33.14,-22.48,10,126,-18.72,43.99,16.85,-1,105,1,-25
-20.48,67.25,39.57,44.92,107,120,57.9,-37,27.54,-0.59,69.75,61.13,-24.5,62,56,17,-33,9,39,60.31,20.9,9.87,-2,100,-6
-49,-22.68,63.16,-6,115,33,92,54.61,79,29.38,38.15,49.34,-13,77,106,27,-12.57,66.89,41.8,-35,11,49,-24,19,146
-3.63,133,79,16.67,1.17,146,42.95,31.51,104,-2,32.38,-44,124,25.89,18,-4.24,131,70,6,24,40.91,126,126,12,81
66,-34,-31,38,38.27,142,-4,29,53,-45,25.06,17.78,-22.35,-47,3.04,-49,8,-19.97,-13.34,28,37.45,-24.83,67,59.74,42
73,-2.1,50.85,89,92,45,-9.72,114,-33,76,58,76,-29,-11.43,65,143,39,39,7.98,3.28,-40,37.45,-12,8,119
-9,74,34.4,87,57.68,128,128,62.84,7,-3.48,-37,14.43,-40,42.86,59,31.07,50.29,69,43,102,-45,46,16,140,128
-10,-22.24,-9.16,-13,52,71.67,30.34,-46,0.61,15.68,-13.39,-31,118,21.86,53.46,17.06,-34,9.1,37,36.1,26.13,-19,-4,-21,59.65
134,45,47.03,-21,147,9.76,18.18,-19.71,134,93,16,-23.33,18,-20.55,74,18.5,129,74.71,82,-18,98,73.37,83,-42,11.07
71,-28,43.11,27.96,-20,-11,-18,22.31,22,54.41,-24.44,116,-41,9.48,48.94,-13,-9,37.45,34.27,-5,47.63,103,144,108,48.24
131,15.87,54.02,0,16.99,23.22,130,51.63,-9.14,-22,-2.41,44.71,31,114,83,75,27,101,1.96,54.6,-43,-7.86,8.02,11,7
-7.42,19,73.24,22.21,12.7,-12,40.45,38,-14,59.31,51,35.51,82,-8,116,52.94,55.86,-16,24,101,-43,29.71,-2,28,-32
17.75,112,-7,65.68,62,32.65,19.92,105,19.08,59.54,70.49,-7,-49,142,72,19.24,48,9.41,9,69,-20,-35,69.74,147,1
27.49,146,-4.04,76,34,29,15.31,-8.83,-31,-19.7,-32,140,113,55.97,29,-26,52.77,24.66,-43,-10,7,22.3,-1.71,5,7
86,54,-22.91,10,77,3,5,45.39,-11.05,109,22.98,-24,-25,20,66.55,37,67.6,-20.1,-35,69.26,8.97,32.92,87,47.97,43
118,13.93,53.69,27,64,88,65.77,75,138,42.81,-21.8,92,134,40.89,46.55,13.32,75,108,5.63,26.56,112,-39,-13.46,120,63.89
57.63,77,70,72,-13.13,67.01,43.07,96,101,72,64.48,134,-21.06,62,52,-8,-19,122,-50,18,95,-21.16,6,-44,39
142,120,-24,73.26,107,42,19.81,41,62.5,-25,52.8,44.03,3.7,90,-11,-22,50,46.69,-6.93,-20,-24.41,127,-41,76,111
126,-11.86,89,141,41.36,10.51,-16,10.86,65,90,11.04,-32,-42,69.59,60.04,4,24,4,-11.95,-14,46.95,134,-24,-13.75,-25
-35,107,82,71.4,-4.74,121,23.97,108,-13,15,-15,25,6,-19.27,-3.1,23,83,-3,73.87,28.47,-46,39.58,58.16,68.35,23.45
22.56,-5.52,3,34.39,69.18,49.96,65.28,94,23,91,147,16.06,22.61,47,40.16,43.85,94,-14,138,33,66.87,56.66,19,-11.22,124
10,30.91,0.69,29.35,67.95,11.69,85,-41,6.37,35,-13.43,24.82,25,88,118,-45,132,15,-9,39,61.69,87,105,73.88,45.95
12.25,34.13,-11.44,59.34,77,124,132,2,108,74,52.28,27.93,-1.99,-0.69,-20.12,68.52,53.84,97,108,23,31.32,109,0,90,15.59
15.86,-20,84,125,0,73.95,18,130,-4.11,81,102,39,-50,56,4.06,-9.82,78,90,40,139,42.68,15.63,13,26.86,80
47,101,-6,49.94,129,117,102,149,8,55.37,132,47,86,30,40,50,59.55,47,8,101,-14.99,21.1,51.62,69.57,22.36
-37,1.97,46,85,30.99,102,-7.67,116,29,29.11,-28,55.84,-14.55,52.16,4.41,124,12.49,83,115,41.31,88,-38,-23.73,-20.51,57.8
10.03,0.62,95,-3.62,-5,104,89,56.61,114,29.29,69,70,-22,51.34,-32,47.71,147,60,44.73,-22,25.17,116,130,-24,46
142,93,0,91,66,2.72,25.94,50.82,44.84,-24.22,120,-23.95,38,49,-15.43,72.46,91,99,46,22.65,-11.83,48.32,23.82,8,32
147,9,90,-9.33,31.39,27.35,2,18,49.13,22.72,135,-8,-36,46,129,105,90,32.19,92,145,-19,56.86,41.21,92,9.42
37.51,-15,-17.48,67,71,50.87,70,55,56,64,141,71,6.79,37,85,-26,89,17,16,-27,40.41,90,92,-3,-13.98
-27,-1.51,54.52,87,75,-24,73.18,37,129,-15.75,57.72,74.6,56.8,3.94,5.97,89,79,13.78,-18.99,35,30,68.18,101,54.43,41.18
39,139,30,5.21,19.27,35.68,2,43.55,-5,-2.97,118,132,43,100,53.74,137,127,-36,149,56,11,-45,114,34.59,59
48.15,56,81,9,-32,-28,49.72,0,114,21.04,21,2,20,-5,-23.7,-22,38.02,29,49.62,12.29,-33,-1.93,75,-9.13,22.88
74,68.85,71.34,132,50,-10,145,142,72,51,-25,98,-40,122,127,8.71,109,61,62,-19,56.91,-7.19,122,45.7,-41
138,42.65,43.93,62,63.46,63.1,-5.39,14.22,52.1,29.42,35,134,12,-23,62,80,87,36.6,48,25.73,1.51,39,70,-35,62.87
-4,67,14.02,74,72.04,49.31,38.74,-14,68.27,146,135,6.64,19.86,35.52,-18,-8,-19.42,-10.89,106,70.78,-25,-40,48.77,124,55
24,-47,-11,5.69,90,60.01,6,-9.44,-41,13.12,0.25,82,48,57.74,44.71,109,18,-26,-8,-3.33,27.32,-21.29,58.03,120,73.24
-25,29.02,64.79,16,5,100,-4,-7,129,109,55,54.13,47,-25,79,-28,-6,80,7.33,25.75,147,68,53.39,56.91,96
-39,-18.68,12.95,-17,-50,-38,31.03,-17,57,-14.54,9.18,48.38,-21.45,7.93,35.78,-29,-46,40.46,6.65,24,8,70,55,47.99,124
40.58,30,48.8,42,23.12,117,38.41,52.14,-2,61.6,-49,24.02,108,4.36,-12.05,72.5,9,78,53.98,69.95,73.97,20,22,34.86,-6
111,58.32,62.23,-17.33,-12,75,34.38,41.38,5,5,88,48,53.16,-11,0,11.49,-30,38.19,-9,85,109,91,77,-9.68,-45
106,58,68.27,125,103,80,113,131,-7,-22.16,16,41,-32,57,104,129,-19.98,127,-40,67,16.75,47.89,74.37,14,-45
61,20,62.73,19.62,52,48.75,77,59.1,65.93,145,-21.45,2,20.44,144,-30,149,29,16,148,121,37,39,-16,96,-7.18
10.13,-49,-40,31,4,32,-46,8,-6,143,145,-22.64,17.09,67.87,24.31,88,19.86,75,6,-16,38,-41,125,-27,-49
21.49,5,127,20.79,116,5.08,141,126,50.49,38.36,97,43,142,56.16,11.15,11,51.11,-20.77,-24,5.29,-1.64,-6,21.49,43.43,25.02
-18.45,19.31,29.67,70.27,49.62,130,18.47,14,24,71.39,100,70.98,138,-5,118,19,69,-12,51.98,57.51,-26,-27,-20.7,-50,6
65.47,31.87,72.81,-21,31,57,114,146,27.26,-47,59,27.99,-30,-34,-30,70.31,17.47,-18,-11.88,59.03,-2,39,123,-25,-43
29,-20,29,53.85,-5.39,39.41,38,-13.85,39,108,-1.65,42.81,1,51.22,-17.2,68.01,3,72,45.12,7.89,3,-8,-14.03,141,45.55
67,35,-12,-12.79,88,-2.01,27.69,44.41,-4,149,42,17.73,52.36,-7.59,149,104,10.5,135,10.45,74,43.75,36,28,32.17,91
28.27,-3,1.89,-20.72,52,-10.17,96,-1,-30,74,60.3,118,84,142,121,25.9,0,40,-3.03,-10,37,74.5,29.34,44.02,59.18
128,92,29,122,121,49.35,-23,32,41.29,-24,35.8,-19.25,2.51,34,68.49,-2.5,97,123,-19,149,55.65,-24,55.42,23,20.34
108,146,82,-2.27,28,23,10,32.27,27,25.73,47.31,16.26,39.36,92,-16.55,19.06,36,113,60.49,-15.74,75,69,109,87,56
67.32,-32,42,-3.29,-13.3,87,32.46,2.78,90,39,-6.86,60,104,37.88,68.77,136,-43,25,138,66,65.23,-8,45,-46,-46
-0.27,101,-1,1.36,-15,134,3,128,87,65.02,35,91,36.4,68.97,55.69,44.13,114,-32,26,40.7,104,51,8,68.54,-31
-39,123,-1.77,81,56.75,-2.03,96,-14.59,14.54,-4.39,61.17,54.91,148,147,27.66,-25,53,-11.14,69.53,137,-19.38,16.76,17.38,45.98,23.51
-15,26.23,96,-5,29.58,57.53,44,-16,64,64.37,54.35,46.51,59.85,85,31.49,67,71.82,18,2.07,101,40.26,-44,-11.54,5.03,65.2
33.02,8,-49,141,63.26,53,26.59,0.1,6,71.29,116,29.25,0.58,44,64.63,101,-23.67,75,50.68,58,36,80,70.42,-45,28
149,120,-25,13.75,80,46,55.13,59.88,142,54.22,7,120,46,53.62,27.36,23,48.95,42.68,49.03,83,2.59,17.4,93,28,21.34
147,5,13,37,55.47,75,101,-22,42.5,79,68.2,-23.77,43.74,44.83,26,35.57,24.95,70,43,24.45,60,41.15,-40,49.34,58
20.33,44.47,114,-39,29.28,63,84,92,124,87,75,81,38,-27,35.96,46.12,11.96,74.18,131,3,55,-17,99,-9.78,-11
-16.19,104,79,56.3,66.35,52.6,122,49.37,136,7.63,78,-28,132,121,16.48,49.8,109,70,95,-24,118,64.77,-6.56,48.05,54
60.15,26,1.46,85,42,12,96,124,74.72,106,54.15,-31,125,-3,-50,16,-15.91,139,81,75,45,4.07,44.94,72.71,117
110,38.51,7.88,143,61,2,52.76,20,145,-7,76,48.47,57.75,41.75,-41,10.4,15.84,41.27,-8.98,83,4,121,71.15,120,-38
-48,1.62,-41,-16.75,124,43,40,62,7,-6.73,12,34.6,-6,132,34.2,68,-6,15,25.99,-6.05,31.95,31.58,101,42,-21.28
-11.95,-2.22,41.57,42.77,-10.16,-12,5.22,-11,35,47,61.26,49,-19.24,93,38,-47,1.89,-33,117,44.13,-29,2,54.87,5,21.16
85,-5,25.78,105,109,9.36,47,75,107,-38,35.71,35.04,26.18,99,133,67,8,21.05,21.03,-31,42.51,112,-13,-3,55
-14.02,-5,-24,105,-39,-48,-25,-42,24.92,76,98,96,29.16,19.64,65,56,73.18,24.78,32.49,14.91,30,-46,109,-12,6
8,-18.63,25.63,-22.83,-26,56.55,3.49,112,-15.2,-24.27,66.26,41,9,101,15,111,27.28,67.36,9,87,32.13,61.55,59,35.23,-47
129,112,140,113,49.33,29.83,-6.67,108,71,-50,29,71.58,-5.33,-17.96,40.82,-8.43,54,0.74,50.58,73.36,43,-46,-11.48,14.09,-1.22
73.11,-22.59,134,-6.86,54.9,52.6,126,40.34,71.29,8.33,-43,137,87,37.95,57.17,55.81,-8,28,56.02,56.8,-43,37,-0.04,11,132
126,-4,-14,91,116,4.63,140,18.35,-44,73,144,112,-21.43,3.21,-9.93,25.12,-37,141,-4.23,105,31,20,76,12,39.11
135,76,0.97,7.97,-8.67,63,10,-0.37,-20.19,77,26,8.7,-0.43,0,63.74,-22,-42,12,116,73.34,60,59,16.06,-10,6.59
-3,49.95,52,116,40,-3.52,-40,-48,-50,-7,-49,34.85,137,106,39.37,100,144,-8,47,22,-7,76,27,77,58
126,-40,36,72.01,48.5,112,9.97,-7.75,56,-19,88,63.1,10,17.54,52.21,-48,139,-20.01,49.67,-47,48.61,-32,48.42,126,130
30.18,130,-50,16.62,11,37.5,30,126,0,45.77,3,25,10,53,69.57,9.61,-17,32,5,43.02,42,9.62,38,-14,62.06
106,-12,40.61,55,55,147,121,36.51,14.34,31.05,25.27,-3.98,61.61,4.3,62.43,127,-48,-0.73,-11.63,-16.75,84,-42,16.04,-18.15,39.67
137,15,55.23,20.02,133,61.39,87,44,77,2,51,4.7,-21.88,8,73,51.79,132,-28,79,148,57,45,63.63,45,136
53.82,-4,18,-5.24,54,22.53,78,17.92,0.8,52.16,82,44.83,88,70.03,17,56,58,-18,47.7,0.72,16,129,34.02,27.1,5
42,22,8,-19.52,64.93,125,56,-23.54,28.73,50,-22,108,-27,23.8,-49,13,97,-8.2,84,23.85,107,-6.12,0,74,38
57.5,51,44.18,17.93,25.18,61.28,16.98,120,34.71,60,125,-10,145,-7.4,-6,101,10.1,90,12.65,56.85,119,36.82,32.87,15.99,119
107,116,22,72.5,73.75,130,54,23.68,142,69.97,28.34,43,-7.42,38.74,22.13,37,62.91,33.74,66,128,139,74,68,125,131
28.7,10,14.26,-26,58.49,-18.01,120,137,24.98,135,-40,-21.24,41,56,-7,58.47,110,-24,63,47.38,110,8.3,48.5,141,145
-1.59,108,40.08,58.16,57,124,120,26,27.9,-26,18,-35,14.76,-38,63,-0.36,86,59.18,84,31,-5.99,-44,29,74,42
-5,45.38,11,19,-40,22.42,56,-16.22,-13,37.41,14.98,114,47.35,-5,-14,56,-15.37,-18,7.98,-5,21.77,7.05,106,148,-22
36,110,113,-0.28,-10,45,-22,-30,24.78,35.88,36,92,-20,20,54.19,40,-38,73.51,95,2,-31,1.96,-16.67,107,-4
49.07,5.96,2,14.01,46.52,0,57.15,18.5,121,118,60.47,17.68,146,35,104,130,125,115,59.73,6.14,-14.63,34.95,142,40.03,-12
-49,55.28,59,77,121,43.51,-28,-38,129,17.33,41,86,130,141,145,14.1,52,-17,26,106,75,134,43.99,28,59.47
55,111,73.53,130,21,99,-7.55,66.7,24.43,9.43,15,7.49,-41,23,139,-1,6,28,31.31,15.37,46.53,49.45,57.15,38,38
36,75,-21.97,126,124,92,58.83,-13.64,68,105,25,-17,123,93,-37,-14.3,-10,-9,21,66.27,49.79,-21.07,92,-33,35
55.96,126,27,37.35,47,128,53,9.75,37.72,-0.54,0.05,118,-9.42,60,14,28,119,101,50,9,22.96,72,36,70.92,-48
27,81,-12.12,46.97,64,49,-12.28,-24.18,4.53,-0.66,16,15.19,28.44,-29,15.52,-12,69.46,55.2,140,49.14,1.58,-35,44,58.02,14.34
102,136,-21,43.16,36,-3,-2.27,34,12.77,-22,-18.48,109,-16,128,136,24,101,-43,-13.71,46.48,27.5,-29,0.83,34,56.42
-36,122,-9.33,5.78,146,21,144,32.11,-13,20.53,114,101,66.38,-26,148,109,19.41,-5.26,-15,22,27.02,50.64,112,24.77,6
17,47.42,-11,8,39.41,96,33,62,-13.33,-3,-18,73,50,73,91,-10.8,-0.01,97,-34,79,18.19,-6.91,49.23,73,31
54,-17.96,115,123,3.03,8,-42,-9,67.31,73.61,-31,69.06,61.3,44,62,124,-1.01,24,35,-43,68.94,-19.94,38.55,37.99,130
98,104,38.32,-15,43.41,-23.55,103,60,95,101,125,37.72,75,58.95,-22,51.38,125,70,29,3,2.05,-11,143,-22,62.88
113,47,26.43,-1.49,17,143,42.49,116,-17.65,141,0.97,37.35,20,33.13,40.43,1,-15.88,112,23.88,91,1,4,64,-13,-48
-3,10,-48,51.03,-8,34,60,20.77,119,39.16,-21.63,120,35.31,60,43.33,-13.46,-9,-10,-38,52,-9,63.81,87,101,-49
9.4,65,19,-12.56,66,66.85,-28,43,17.82,94,13.43,-9.91,26,87,16,-5.87,62,42.85,67.77,26.34,90,21,35.07,69.62,48.1
-9,54.53,20.53,42,-2,46,49.26,-9,50,-42,89,-31,-35,145,97,25,15.96,65.25,72.42,54.79,67,-1.71,-23,13.72,92
147,47,23,101,91,-30,129,-7.67,-50,131,123,46.14,22,-13,38.22,-11.4,-10.92,62.27,113,94,41.91,70.86,4.31,21,71.19
-47,100,-13,105,51,-0.7,45.26,86,55.72,126,47.37,70.27,91,146,-41,56.07,59,60.64,-23.66,62.27,107,61.3,63.92,31,67
69.19,68,50.5,0.87,-19.28,31,-24.23,65,-5.22,58.09,140,65.98,36.99,108,2,90,115,32.76,69,38.64,31,56,56.44,-4.06,69
-11,46.9,-32,136,-17.06,123,-15.42,84,47,37,79,149,14.25,129,52,-4,34,120,-7.92,-22.69,24.95,-25,50,23.44,93
110,-41,48.48,5.6,49.68,122,43.52,78,44.65,-19.46,5,90,40.33,35,57.01,59,64.5,57.84,-42,71.74,41,26,-28,-1.27,-29
55.32,-18.12,-8.21,-23,6.6,49.06,45,37,81,-5.4,24,135,35,60,145,51.54,91,0.53,60,101,27,136,31,32.82,-19
-42,124,7.24,107,126,72.42,61,-42,-4,39,23.12,22.13,54,61,63.8,69.09,26,39.49,54,23,-15,-5.84,16,57,61.47
10.04,38.69,25.08,94,140,-7.85,75,68,135,71,137,52,-13,50.99,44,139,60.07,51.28,5.04,106,131,114,67,42,8
36,37.33,9.09,102,74,63.59,-47,24,75,111,-48,129,31.94,89,21,-16.12,96,2.14,71,19,-5,4.54,38,92,44
-3.61,111,5.67,-39,-11.49,105,94,55.29,39.69,7,141,-8,-23.58,93,60,18.32,7,48.27,42.98,67.12,27,19.68,4,-4.52,-29
5,41,-24.74,71,16.11,-48,40,20,-20.33,80,-2.06,-7,64,131,132,99,4,-5,8,85,-43,5.84,-2,34,6
135,115,100,36,93,103,35.77,12.03,62.78,53,18.76,-4,83,20.43,77,60,143,109,-11.44,12,53,63.83,44.91,108,23.75
17.01,67,100,-7.95,4,2,138,105,37.93,84,-19.18,14.83,142,39,140,133,62.85,71,60.64,27.35,44,-0.01,110,22.8,116
-43,22,-5.49,13,-13,-12.12,-18,69,17,123,14,104,-23,-36,-3,61,-1.62,49,121,46.97,42,-20,5.39,16,-22
19.35,-44,1.91,59.07,108,145,20.73,15.12,30.47,68.41,-9.64,21.6,19,-10.17,48,13.76,-46,35,4,57,60,15.42,-9.69,61.14,18
-21.03,37.31,58.3,-30,64.41,10,14.73,-2,5,109,44.7,1.69,61.62,51.85,120,13.57,107,23.32,-24.37,42,75,-20.65,3.09,68.46,49.83
40.72,43.69,16,30,22.59,5.52,40,126,43,75,33.32,1,41.32,51.79,85,111,32,149,11,-9.55,24,92,60,16,39
28,-48,51.19,4,-15,-22,19,61.7,23,131,43.85,-44,84,-0.69,11,11.75,25.66,22,6,-30,30,12.14,17.13,44,59.71
12,35.41,-45,90,55,121,111,47.6,58,68.08,-0.18,55.05,33,1.88,-5.42,-7.78,52.91,22,146,97,119,-16,-23.33,-23.99,41
57.21,1.93,-5,-5.26,24.35,-27,80,7,48.26,-15.29,146,26.49,13.68,4.37,-8,-2.25,-7,20,14,104,6.73,-15,95,68.41,-15
77,65.39,-19,-23.74,0.82,39,-3.21,147,30.26,-50,-3.38,137,16,141,138,65.64,100,71,95,14.71,18,11.51,21.46,34,-41
19,-8,60,62.27,146,54,49.28,18.85,55.54,47.83,65,-12.38,55.69,13.99,42,124,51,-16.11,95,-6,-34,-30,139,-40,19
-37,99,-34,6.51,18.12,30,-18.19,6,64,-2.75,-14,23.98,51.87,-5,84,62,35.94,54.49,7.84,31,63.49,39,34.22,44,56
93,11.17,41,-19.9,87,-20,27,60.68,128,-26,56.8,144,99,0,-19,63,-37,-8.32,15.45,133,55,78,69.81,73,-12
-50,145,-3.93,-13.86,-45,27,59.96,-5.39,74.88,68,-6.93,71.94,6.55,-30,28,35,128,143,9,-6.17,4.64,-24,48.24,29.81,-7.55
74.35,42,62,115,-50,45,-18.35,55.89,-43,128,-1,6,15.21,66,-2.63,-19.68,96,60.86,20,-11.7,-17,73,108,44.99,-26
98,115,36.95,9.79,14,-30,43,65.06,-37,17,-46,142,-4.97,81,8,-4,120,36,3.75,82,18,9.64,93,137,45.88
51.18,-35,83,47.38,119,-40,-42,52.06,-13.19,71,66.13,50.1,64.16,147,-2.05,-33,36,11.25,76,76,73,145,46.72,108,146
13,72.01,51.02,41.34,111,3.4,-21.53,128,110,120,-17.86,60,-14.01,131,14.44,-50,77,113,45,-11.95,29.9,130,86,57,-16.76
-39,114,-12.67,44.91,52.29,-47,144,57.92,130,-21,-22.63,-3,137,-22.4,69.62,-2,68,-7,71.79,130,7.84,65.6,22.54,54,66.26
90,65,125,-34,-22.61,73.5,82,23,103,-11.07,-12.86,10.34,53.65,28.32,40.91,-24,90,140,77,19.93,2,66.69,72,18,62
30.06,42.52,13,108,71.4,144,20.2,80,-28,0,1,31.43,-48,5.07,41,130,14.09,15.04,25.48,47,34,109,18,51.95,13
13.24,72,6.22,-19.46,71,18.16,26,83,16.39,44,149,34,41,-25,10,74.18,-30,17,-33,18.72,77,16.21,59,-0.72,46.18
3,20.43,121,63.07,65.09,36.65,126,14.13,19,14,-9,92,22.81,10.89,119,125,6,69.63,21,-0.99,38,-3.95,27,19,114
74.7,20,27.38,92,67.31,99,1,-43,141,116,4,31.4,85,12,136,12.79,144,-16.31,-33,-9.79,-12,102,70,-4.85,25.09
133,130,145,102,-8,48.43,-15.3,69.03,8.73,67.01,69.44,-1.87,145,114,51.09,32.95,74,116,-14.35,80,17.66,-19,63.46,82,6
39,20.76,-31,12.26,91,58.21,-17.36,35,65,-45,-11.47,33.26,88,29.96,127,66.35,10.11,5.56,71.64,72,-25,36.48,13.53,36,25.39
56,-18.14,60.31,105,-2.72,36,80,71.69,3.82,25.98,65,121,114,-46,74.72,25.43,108,134,33.05,39,64,3.91,145,65.48,-5.88
30.57,31.65,-16.26,17.93,34.03,27.1,-44,35,11,146,-14.23,52.96,-3,18.23,54,72.57,105,9.08,10,55,142,23.06,107,53,147
63.89,124,67,90,-46,-6,19,102,58.04,50,53.98,39.63,-40,58,72.26,15.65,-34,56,-11.75,9.6,17.88,100,43,-45,52
4.57,53.32,-16.41,-47,122,11.35,68,51.55,31,98,-3,40.61,6.89,-19.26,5,67.12,-39,-9.65,15,47,99,-15.57,-32,147,113
15.27,-17,-47,112,11.74,64.82,74.59,53,45,-13.46,74,-26,82,0,18.48,-32,47.2,119,32.91,141,14.98,2,70,3,51
62.37,-18.72,26.61,35,43,134,17.97,123,80,29.44,73.33,44.57,2,28.62,56,23.81,90,-5,105,-17.51,3.32,51,-11.1,139,16.73
-4.45,101,53.91,9.59,-18.29,-50,0,-23,27,4.67,25,137,70.88,31,12,42.63,-18,25,4.45,57.04,54,0,51,148,51
16.39,29.98,-0.98,48.51,16.13,54.48,12,28.94,36.67,25.52,-5,147,69,49.93,53.25,18.92,75,70.01,74,95,-21,-10.42,89,26.92,-20
41.96,39,43.4,39,131,38.35,73.34,22,30.25,62.14,27.26,-41,-2,57,-20.39,-28,-16,-7.81,87,56.93,134,139,145,70,-47
6.78,138,46.61,33.45,-25,98,68.39,90,54.45,-7,17.92,-19,80,16,7.82,114,-5,-8,-2.34,-2.67,134,48.8,10,-24.19,27
-4.09,59,122,-2,4,24.15,7,105,9,-18.25,141,2.91,-46,44.83,34.29,123,-45,115,50,68,125,44,60.01,32.61,1
63,-50,138,17.06,49,19,-6.52,-17,-3.4,-18.75,-8.22,3,11,38.27,53.56,97,39.41,46.21,-3.06,143,2,94,6.37,148,23
18.93,81,19,66,-8,11,48,140,112,13,54,22,15.12,93,28.54,61,29.48,2.38,27.76,15,38.43,18.41,131,46,21
-29,57.22,115,18.67,76,109,53.98,109,129,-5.87,68.71,-14,97,34.94,63,16,53.32,55.1,44,38,80,69,48,144,39.91
5.17,12.16,54,29.17,-20,95,14.2,-3.23,143,123,4.15,-8.71,31,129,33.48,18,20.6,43.19,107,93,35,7,31.96,80,45
16,49.52,60.72,64,25.68,121,-22,24.42,28,-2.46,-11.43,121,31,44,47.18,22.05,92,27,26,23.05,60,7.81,25.73,66.57,114
-29,-33,56.81,-11.67,56,53.06,27.34,-12.74,-4,-7.73,61,146,67,-34,20,140,-9.78,-33,122,142,6,129,-12,70.73,56
-11.02,59.41,11,3.56,-9,63,4,14,44,36.11,9,-9,-47,51.86,-18.04,142,71.53,-6,140,-31,41.8,40.54,-46,149,32
81,3,87,-21,-13.02,-3,73.06,110,18.25,100,-13.06,144,43,51,1.4,25,93,27,-33,-17,0.99,83,67.06,28,-49
145,109,49,-39,39.31,132,36.2,-25,75,95,29,-8.2,145,-4,12.45,-25,-27,-15.36,-19.27,-2,68.54,25,101,39,-8.08
6,70,9.67,115,109,72,28.6,60.74,17,52.83,-48,21.15,-7,14,75,21.85,-44,-31,82,99,107,12.17,-27,27.16,65
-6.78,145,40.22,53.43,72.8,63.64,21.46,138,36,54.06,121,59.99,69,29.76,-0.54,21.18,-21.59,139,34.16,134,4.47,-11.18,10.26,17.61,-8.53
-13,-37,55,125,54,32.2,79,-14,136,91,-18,1,-28,-27,114,69.24,135,-20.82,140,-14.99,149,82,-46,107,-25
33.85,40,145,-46,-6.01,25.88,-13.54,134,66,2.44,93,-22.22,-22.9,17,122,37,22,25,11.2,144,105,103,54.61,30.32,72.14
98,90,22.02,17.58,-3,1,60.48,-42,51.57,50,114,-17.76,130,-8,63.62,138,52.63,-9.41,19,11.59,148,64.57,9.74,-18,-21
-4.22,-34,121,-3,15.39,39.44,60.21,38,-36,138,81,133,-21.42,19,89,32,118,10,82,48.75,66.89,136,10.79,69.47,18
95,-36,-12,47.94,46.92,-39,-3,101,-23.48,19,-14,12.55,44,50,52,54,60.2,44.43,-3,104,8,19,110,40.48,20.86
95,-22.95,1,60.32,140,0.25,45.99,-42,68,-41,22.7,69.42,66.11,48.8,-4,-9,-27,-32,12.46,40.7,19,23.87,-10,96,5
56.18,122,33.65,2.71,103,74.02,64.38,105,116,33,-6.22,74.5,11,-30,71.51,-4.64,36.01,56.93,64.34,21,2.08,10,-13,-25,57.45
-36,128,44.9,-19,-21.11,57.6,58.47,21.46,24,60,14,45.54,94,13.94,81,103,70.33,48,-27,16.28,-5,2.26,25.56,-16.89,-10
42.1,-11,112,31.26,-14.03,16.94,-37,26,14,0.03,33.19,40.41,-36,132,14.35,146,-14,-4.82,-6,11,23,30,59,-28,48.06
134,-3,11,49,-6.39,73,1.59,-15.1,21,77,-49,-7.95,61,-18.67,125,-15,91,-7.72,74.22,9,90,81,73.79,129,82
64.34,126,5,123,73,101,141,51,40.31,-0.56,59,-8.19,27,27.99,83,35.18,-50,-5,-21.76,20,54.41,-4.27,5.34,41.77,5.85
75,-5.59,13.1,122,53,45.77,90,105,57,59.1,45.42,47.52,40,70.57,38,128,49,45,15.18,4.9,70,72.85,-22,12.93,32
28,11,118,23,61.02,86,-30,86,-17.43,132,92,49.9,70.7,13,40.19,72.7,81,13,0.84,68.98,98,44.11,-18,57,-47
-23,68,42.05,104,76,47.51,105,59,84,40.71,69,60.77,12.54,37,15,135,-38,-0.68,14,96,60.47,95,-3.16,73.96,70.17
44,50.98,71.82,130,3.45,-14,88,54.59,15.44,35,67.87,-17.75,141,145,37.8,31.68,31,50,-0.73,-12,148,23,28.14,-10.77,-7.95
15.76,-15.13,37.05,55,129,71,-25,133,68.99,13.34,-19,9.02,139,0,-7.86,46.65,38.03,19,18.57,5,14.95,10.98,2,73,90
82,-29,-10.12,114,4.72,37.32,22.04,-49,63.11,51.52,48,71,138,-6,-23,26,83,-34,41.55,19.32,124,118,53,27.86,-27
141,-3.1,3.91,-10,27.12,58,39.75,-0.42,-46,31.07,66,6.57,115,24.29,78,-30,20.81,45.71,20.81,61.1,3.58,4,58,-6,116
15.55,106,43.7,65.47,142,-30,11,48,34,31.73,22,64,89,26,79,8.88,-12.48,110,-6.28,16.6,-39,18.51,61,46,21
-18.84,23.02,4,14.85,122,84,124,4.79,80,43.94,105,76,63.05,-20.81,-1,105,128,67.65,53.9,89,28.32,124,38,66.45,48
51,-26,92,54.13,-7.82,-22.77,-22.78,44.12,30.72,93,44,79,-15,12,29.91,94,32.83,-9.38,50.84,-2.65,45.03,21,-12.54,51.66,-49
8,-9.77,-5.36,13,33,-8.19,38.75,-43,59.23,22,7.62,-13.83,70,39,-10.54,22.73,-3.53,42.56,27,42,19.61,140,66.2,113,-50
49.42,31,53.03,-22.46,126,37.11,24.27,44,43,41,-33,4.83,43,125,-7,-24,71,-12.16,49,19.71,58.01,-3.13,112,97,66.6
0.57,7.37,47.05,-4.37,8,11.58,107,89,-43,9.32,35,-7.06,83,-48,1,93,92,-1.06,28,32.11,-19.29,-4.37,37.5,17.51,78
1.06,63.48,-26,50.07,-16,77,98,18.08,115,-3.02,48,-22.43,34.32,-5,25.21,12.95,99,-40,1.32,101,49,43,57.06,-4.39,104
24.5,67,100,31,-12.79,62.16,-31,-10,132,25.23,137,58,-23,86,74,-9,99,-10.07,-2.81,59.47,62.06,-2,35.7,111,-19
97,138,36.52,-2,108,-30,-3,12.84,127,31.23,68.47,52.91,68,-7.72,110,32.49,5,-23,-6,82,25,-6.79,19,105,26
22.9,-18,54.76,20,-23.78,15.89,2,54,12,26,42.27,9,11.49,81,-8.29,47,39,37.45,118,61.75,1.67,115,19.34,68,106
50.86,16.63,23.31,-48,-42,66,21.59,62.41,9.65,-23.92,89,17,30,8,96,-36,58,41.56,-5,18.43,52,25.94,-18.94,-16,64.51
73.18,70.05,126,-2,101,-36,66.48,-8.77,36.3,67,37.55,49.41,-3.78,25.96,-21.91,123,38.11,-5,20.93,1.9,4.66,-25,26,80,52.85
73.37,-1,105,22,-25,-5,112,91,-21.92,43,-40,58,51.64,17.76,62.97,132,-10.31,-3.14,54.37,55.29,112,55.65,31,17.36,74.5
-24.34,11,13.78,96,24.45,-21.16,129,44,59.72,5.31,48.03,33.3,17.37,26.77,-38,23,12.87,128,60.8,149,29,-15.43,9,78,139
18.21,60,22.05,-41,0,2,-14.34,130,40.67,38,107,58.87,131,19,80,76,40.08,67,-3.13,27.98,55.16,-36,118,-48,88
49.7,-14,-18.82,57.92,-48,18.89,-11,-14.37,36,-11,111,39,62.11,45.95,-8,-9.13,58.87,94,-39,-9.99,44,-2,-5,-3,74.04
27,41.56,3.9,32.23,-7.52,19,69.61,43,19.07,128,-29,148,-20,43,-17.34,97,-46,-25,-15,-2.96,-8,58.38,-44,52,43.13
64,16,-38,-24.22,-49,21.29,141,42.07,70,51.97,-22,139,-5.59,-49,67.72,-24,31.49,4,56,-28,102,-11,67.46,11,-34
46.72,-15,11.32,22.81,50.99,27,64,12,54,3,59,-27,16.97,-18,126,70,8,63,137,12,28,112,-27,143,-1.2
55.55,128,36,67.36,-40,-33,-13.47,53.37,-35,40.5,-23,3.99,18.72,18.6,-25,118,124,0.93,-16.66,92,103,-27,128,123,73
31.52,105,54.05,128,-6,39.75,45.85,-38,-9.43,73.97,-0.7,48,23.98,114,125,-12,-30,-47,129,15.29,107,135,-3.35,-9,-39
47,-17.67,61.94,93,57,69,0.34,-8,33,37.41,23.72,66,147,54,-5,34,53.78,77,19.38,108,100,-7,133,-35,33.06
21,54.91,30,9.67,-13.51,15.49,87,72.49,33.04,79,6.72,-12,52,-24.64,53,-20,78,-4,-16.7,-16.3,18.27,27.28,32,137,126
25.6,29.13,132,0.83,9.96,-8.76,62.26,0.4,-15,115,-2.7,105,149,-21,26.61,-11.56,84,59.25,30.65,64.92,16.88,45,16,54.66,114
13,26.56,26.17,7.07,72.2,86,12.75,-13.13,126,77,47.03,24,32.46,102,33.13,55,-21.21,56.54,-27,10.09,25,-47,149,91,6
26.15,-38,7.03,18.65,88,21.57,18.36,35.11,62.19,-6.79,142,53.06,-22,133,47.77,75,72.75,85,7,13,149,-5.34,128,-41,50.71
-50,108,26,125,4,56,-27,53,-39,-27,27.81,33.95,9.03,22.16,39.31,13.41,52,-3,140,-0.42,98,75,52.38,51,2
96,25,77,39.19,141,132,7.22,126,41.88,58.38,39.05,133,44.18,8,74.95,53.54,4.69,-19,12,123,47.21,-42,86,-9,-8
55.75,-15.13,69.21,37.51,0,55,140,63.86,-26,7,-18.24,131,117,73,126,6.52,93,30.55,64.73,-21.79,-11.93,108,-40,38.79,29.92
-42,42.89,17,65,-2,136,41.29,31,14,-16,52,74.72,40,69,46,65,87,10,118,23,34,132,24,-14,-22.92
96,29.67,26.08,12,-0.03,65,4.97,57.56,-36,41.54,135,-6.55,123,38,7.68,15,-5.07,93,27.76,68,52,-27,5,-31,-33
83,5,-37,38.54,71.34,41.12,-0.21,-46,-22.98,-12.5,18,22.82,-4.69,38,71.21,-48,19.03,104,142,97,6.88,7.55,-39,34.96,29.79
14.34,27.29,54,57.51,126,10.67,13.35,65,22.4,75,-34,20.84,64,125,62,74.3,37,23,-7.16,-25,71,30.15,31.15,74.5,-5.22
11,137,0,61,44,-38,101,9.99,-11.04,-9,41,-49,127,38,-35,148,74,141,32,114,-24,94,65.72,83,25.78
-8,26.37,30,-8.2,99,98,55,100,71.81,3.57,-11.12,148,-43,31,-20,129,34,-15,-47,38,33.22,-10,-46,55,-28
6.52,113,29,93,113,30.81,-31,78,64.79,7,19,68.88,60.29,40,139,-6.37,119,51.1,-15,84,57.51,-1.35,56,127,16.54
52.73,-0.67,-42,5.99,39,62.29,-20.43,-42,49,49.68,-38,34,10.63,14.84,137,35,66,-36,104,72.29,127,69.65,-10.75,108,-6.23
1.36,106,-19.34,122,135,-48,85,15.71,-3.87,104,142,-8,16,123,-48,24.54,-13.05,140,-7.16,17.84,62,-45,119,36,35.66
6.57,-18.16,19.21,14.74,89,126,57.75,37,25,33,59,109,112,62,13,137,71.78,81,31.66,36.1,130,81,23,11.86,1.41
9,44,96,15,63.09,59,-15.31,42.75,47.25,15,82,-48,123,11.14,42.43,93,72,148,54.93,-46,141,22.24,70.04,131,20.68
124,123,-9,-19,-24.39,-6.79,136,59.82,-27,13.94,-17.49,5.19,12,119,117,73.03,44.53,3.06,31.58,-20,61,8.85,6.12,138,85
66,49.49,-41,101,61.14,-13.31,2,64.72,34,0,130,-14.24,92,18.8,98,62,147,64.47,52,-17,-38,131,-31,32,-2
-33,86,-11.18,-46,6.04,75,-12.83,-18.63,-24.77,94,-7,11.4,102,-4,17.79,71,99,-5,25,122,35,139,20,0,88
-14.31,60.44,28.28,120,24.75,-1,43,52,97,-21,-24,-0.13,54,-48,54.8,68.54,-18,121,58,40.45,33,-18.39,-15.27,42.14,52.93
43,61,113,-32,70.02,5,-6,136,68.79,145,-50,-16,-15.05,55.22,-29,7,-8,89,20,-21,4.32,54.44,18.73,11,34.47
19.84,4.01,10.1,8.69,-27,127,13.35,-20.53,-6.75,31.1,24.9,-17,17.34,-44,149,47.04,82,96,145,49.81,59,-13.49,52,46.11,31
52.86,65.33,86,31.27,4.71,83,-40,75,-40,13,-45,-41,70.11,-4,44,119,39.17,-47,85,3.34,25.53,-26,45,-33,38.64
111,61.85,6.71,74.11,137,-43,65,23,-7,120,144,62.21,94,81,130,-12,139,35.8,123,146,45.01,-13.51,58.38,47,35.9
11,-20.37,102,99,5,137,49.46,144,-27,17.91,45,62,118,29.38,1,-23,-36,47.63,20,-23,37,45.54,-33,95,67
57,99,101,113,40.85,19.14,-44,110,33.29,63.39,33,19.55,123,-18.2,21,74.53,90,67.73,10,43,31,126,-22.12,79,-2
110,-9,-49,23.78,33.51,-2,-16.38,-15.58,61.55,14.43,-19.57,48.58,-7,45.87,112,-47,43,-21.79,125,-0.39,33.27,65.37,33,98,66
132,-4.26,-34,-10.04,64.75,46.56,42.11,-49,68.16,72.11,127,45,140,-43,-14,37.78,-16.36,81,-42,91,-13.79,-42,-21,-22.93,31.18
-20.6,43,-14,-8,-8.75,39,17.35,33.62,132,-15.46,14.5,60.05,41.69,-23.67,64,-15,43.98,-15.43,59,73.63,34,71.1,54,-17.71,-37
146,1,112,-18.91,-9.53,72.07,148,126,-0.46,31.09,62,19,49,84,-24.19,77,25,139,-19.68,69.25,66,73,51.53,40.96,10
-25,43.27,53,39.86,15.95,-18.94,-9.41,-19.78,25,20.08,67.15,144,53.2,-5,67.64,-34,62.63,45.41,25.14,59,-8.53,133,-2.9,45,126
23.03,90,-23,59.16,2,-24,40,83,102,46,-1.35,4.24,-10.11,112,39,47,47.76,73,-17,34,102,9,-22.25,-5,63.31
21.54,46.23,-6,104,-38,52.67,102,15,35.46,10,50.1,-6,-17.76,38.41,47,123,55.37,147,-0.2,50.03,65,71,118,34,-42
6.72,48,133,4.83,16.33,62.38,48.08,71,51.73,-15.5,6,33,123,-6.18,133,23.33,15.65,47.7,130,3,-50,85,100,95,149
-10.25,-8.31,9.05,-20,69.35,119,54,35,110,13.81,-10.41,147,64.14,34,22.62,-28,129,34,37,40,53.31,35.47,127,48.08,-2
-41,-4.39,9.54,53.08,50.64,-0.79,37,-12.9,105,57,44,15,-9.84,40.4,58,112,74,-41,10.96,104,143,27.4,74,49.56,48
131,115,-5.93,27,74.59,45.17,51.32,-25,96,-33,18.12,-25,13.96,18.38,133,38,-46,-3.96,20,-44,50,45.96,34,111,-0.73
73.82,-44,24.33,43,49.98,-19.97,7.09,59,147,48.52,41.78,100,-1.46,29,10,126,121,-43,51,81,4,55.88,6.86,142,4
66.99,16.65,65,40.17,-0.98,26,147,71.46,98,83,0.71,47.86,-11,135,67.08,22.73,2.6,-20.59,3.58,-17.9,21.16,68.59,-11.72,32,11.75
57,-1,44,40.16,88,-45,125,109,45,-21.83,45,-47,53,34.61,-23.81,-37,3.55,-41,51,4.62,50,-45,15.19,128,53.7
88,-50,130,-33,142,113,-47,61.08,-15.79,-9,138,-23.42,19.45,24,58,-7.22,64,72,124,-45,20,25,117,-4.31,10
-3,89,79,53,21.75,-44,83,26,33,29.93,146,24,121,-24.3,26,0,121,53.96,148,3.4,31.8,67.42,29,140,139
-33,-26,71.6,-28,26,-7.08,3.85,10,56,139,39,24,87,-7.21,7.37,92,-2,50,76,-18,17,35.72,87,103,-2
145,64,-39,133,-5,4.45,-35,25,67,15.39,39,37.01,-34,147,17.92,-11.93,64.86,23.13,-16.96,31,-21.04,94,124,-50,44.56
84,-9.91,109,12,119,37,-21.82,43.77,96,-18,1.84,70.13,-16.89,38,10.62,104,-2,149,-11,74.81,-47,-10,-46,-37,-8.8
70.58,-33,122,61.34,1.95,72.12,43.2,27.82,-21.04,110,-31,6.42,61,39.14,97,-36,95,-5,4.96,137,9,87,10.88,35.06,-7.63
9,-39,15,24,146,103,45.21,19.57,60.88,108,50,37,-11,88,36,46,32.96,-43,19.75,-16,65,23.28,45.26,-8.74,114
24.4,60.72,53.19,-26,71,-20.36,-20.6,-24,-8,42,37,56,97,88,18.59,50,109,133,90,-5.6,110,82,3.48,82,55.85
65.6,102,14.98,143,98,52,149,-8.97,40.08,79,26,83,-15.64,62.13,57.25,17.89,-6,124,0,59.51,54,14.59,83,21.92,41
45,39,-36,24.53,88,51.76,103,21.17,-20.81,-19.88,48,60.71,3,-17.28,10,64.66,-40,100,43.55,65.39,30.34,103,77,13,134
29,-0.27,51.92,26.84,127,-31,-6,-20.71,25,69.7,130,99,25.46,47,24,70,62,11.34,74.94,57.53,138,66.16,55.49,118,131
-48,-34,2.42,99,50.29,59.7,52.15,-30,144,118,149,83,73.49,-11.25,20.45,108,-48,-16,118,110,5.1,71,50,113,14.08
36.11,-3,113,61.62,97,-24.86,115,18,72,-42,122,16,8,-22,35.36,52,130,23.62,-11.83,16,22,19,42.88,-38,53.7
-38,58.9,75,59.05,-11.11,56,-10.38,123,-11.36,-22.03,14,54,116,66,80,57.77,105,-22.96,114,81,149,149,-24,149,-2
141,-12,-33,-40,18.74,3,-20,10,62.77,147,41,54.98,144,-10.34,-6,52.92,0,21,72.39,-10.04,86,2.29,-17,59.17,43.37
68.77,119,21.81,60.23,50,147,61,147,59.06,86,137,37.45,38,57.73,56,-19.96,24,-32,-4,-9,-13,40.48,53,70,84
65.76,-14,22.75,-35,-11.39,110,44.26,22,-14.99,60.41,136,20.83,16,43.13,62.35,16,28,10,111,41,74.16,9,-3,-30,-18.7
9,-10,50,62.68,-8,0,41,106,70,-1,-1.47,93,44.95,134,25.3,48.8,48.15,20,8.49,147,134,34.14,21.25,-21.91,39
127,25.48,-22,31,30,5,65,44,16.87,111,50.06,46.27,-6,71.08,64.21,17.38,123,-6.9,25,-22,16.96,25,32.16,13,40.85
132,9,29,39,-27,43,70.46,4.93,56.92,88,64,-12.61,77,8.78,69,0.5,147,-15,9,52.75,60.36,123,47,38.35,52.34
118,-7.82,-20.83,59.37,38.66,101,37.68,-14,29.56,10,69.95,32.31,10,9.01,33,23.74,-22.01,71,125,149,73.38,-19,-12.1,42.56,36
139,126,124,4.17,45,3.04,61.5,32,64.04,18.36,66,28.77,51.05,116,69,81,14.72,-4.83,-15,12,25,57.74,24.14,14.97,43.88
42.4,-2.24,32,63,-14,-9.84,54.93,-15,27.22,44,8,-20,97,39.95,54.28,82,78,-1.27,-22,1,-6.41,-21,11.77,-7.46,72.89
50,-28,-8.68,-37,105,-22,56,-2.38,-40,-13.4,-24.46,90,120,37.59,14.27,53.07,26.97,-14,129,6,-11.62,66,4.09,63.54,-18
145,108,69,-31,19.58,0.34,89,85,74.37,-37,16.14,47,-32,-19.72,149,107,131,6,28,47.02,27.79,116,26.5,52.57,-5
53,-26,37.29,-26,72.78,70.42,75,146,-6.07,92,78,2,81,60.64,-12.04,40,114,-25,8.24,86,-31,-5.19,32.92,-28,-31
142,61.71,-37,36.1,61.52,35.42,110,75,27,20.04,-10,95,-42,-7.26,18.51,-1,72.07,53.49,93,4.09,-49,-19,145,-26,-17.27
-2.32,-10,36.1,50,56.47,16,9.42,28,40,-4.48,63.26,-15.44,-14.64,112,88,-21.96,-19,63.69,106,119,68.36,26.36,39.06,93,135
-33,29.17,3,69.75,83,149,95,-20.36,104,64,24.7,30.17,39.19,92,72.63,47,-29,115,57,128,-42,-6,-44,7,87
90,19.61,45.31,36,-50,18,49.57,46,66,73.45,101,-24.13,129,87,71.53,6.04,100,-49,29,-10.57,118,95,116,7,29
32,25.97,44.4,13.25,106,61,136,71,-0.22,71,134,71.89,-11.22,-17.04,125,48.72,2,23,19.48,39.77,69,-32,20.2,45,56.94
-2.32,-4,31,-23.69,-31,69,-7.84,-19.02,-48,12.49,70.62,-21,142,-27,119,31,123,69.19,69,-36,57.3,12,70,127,-3.62
61,39,68,128,-24.12,23.35,29.52,8,-27,-13,11,-17.09,28.54,136,120,71,67.83,-16.9,43,54.74,24,120,14,54,-32
130,-38,40.37,50.69,54,43,3.19,79,147,68,-26,100,56,-6,4,100,-16.82,46,-11.85,-22.27,-45,88,1,17,16
74,-1,35.87,69.01,73,-18.45,14,94,48.26,19,56,60.64,78,8.6,20,-2.29,-50,-26,146,-18,66,125,70.42,37.92,91
14.18,58.32,102,4.13,71.09,-17,-21.83,60.11,-19.07,11.7,37.17,92,69.16,108,17,23.23,3.48,80,66.22,76,1.35,-15,17.98,37.47,-40
2,29.69,-31,21.96,94,-5,-2,-47,31.02,-15.13,11.53,38,-43,40.12,72.73,52,57,10.28,-49,-15.29,8.44,24.82,-5,34,31
-3,120,17.26,67.56,-18.95,27.2,-38,-31,70.62,-22.81,5.54,31.76,-33,27,64.86,41,26,104,-20,23.31,123,23,2,-46,43
-19.51,81,33.69,15.18,-12.58,28.92,87,67.3,-1.01,133,49,80,-14,17.81,26,-15.33,-12,-0.71,51.23,24,-30,15,114,91,74
119,35,33.74,23.43,118,91,-9,-36,100,42,-21,62.25,8.1,2,-35,65,83,-7.47,11,3.84,43.2,29.18,94,19,59
-3.32,21,58.3,-14.03,56,40,9.12,139,50.13,15.21,32.1,68.05,-7.9,31.98,36.27,122,38.55,101,105,56,92,-2.37,143,-5,-5
139,-22.95,126,71.18,-21.61,10.94,72.82,31.03,19.79,-25,-22,21.34,-37,-16.93,132,23.25,-18,40,38,68,-7,15,-1,65,10.26
70.31,15,38.21,5,-3.6,139,101,58.96,-16.77,1,27.24,-28,-0.16,-15.73,-50,40,77,139,114,24.19,5,2.94,37,42.26,67
123,26,30.21,71.68,19.06,145,68.05,-40,83,-34,26.96,-1,56,-39,51.85,-2.58,55,104,78,16.44,58,53,-9,149,-47
20,36.17,12,-8.82,-32,145,93,-6.22,-25,26.98,24.23,79,59.65,7,-45,117,75,-1,34,-35,145,11.9,55.83,5.3,15
21.6,47.52,10.15,132,-1,-50,43.08,-1,90,44,12.35,120,24,-3.84,-6.02,26.52,-3.26,55.27,75,-25,-16,96,91,107,18.29
32,29.33,27,-16.94,-15,10.48,31,66.28,4.53,-2.64,17.46,-4.03,49.44,-37,16,5.93,121,18,-35,-21,-8.71,-6,116,23,-17
13.47,87,34,-20,18.95,14,16.19,-24,72,41.84,-19,46.29,114,-40,135,-6,7,27.23,104,56,90,-11.01,120,8.06,125
-6.35,-15.77,9.09,30.54,83,73,43,-14.29,119,30,43.65,18,-2,54.18,104,73,-18,82,-35,128,60.72,16,26.7,65.72,38
-27,38,-25,99,31.1,23.48,29,7,32.23,34,142,69,19,-15.41,55.15,-37,2.04,-22.84,4.13,11,45,-3.34,7,-10,7.34
22.78,-2,53.97,88,-14.12,3.25,116,58.18,27,-16.95,-18,22.54,70.33,49,7,20.03,-48,22,63.34,-32,134,47,-40,56.25,-31
-9.25,64,38.04,138,-10,52,45,51,-15.99,-15,92,109,108,18,138,9,49,34.28,19.87,12,7,61,123,-31,67.58
-35,75,47,2,-17,4.47,118,121,87,-6,98,98,19.93,3,58,12.67,64,-16.42,35,-20.43,47,-21,104,50,102
102,131,-21,9.08,26,51,-12.89,66.29,133,29.32,36.5,-7.6,-8.86,62,-11,54,27.21,9.9,114,112,2.94,-8.9,127,15,-10
104,111,113,45,-5,-18,16.79,20.78,22.72,48,66.29,-10.08,41,115,85,-39,-6,63,13.21,58.53,26,83,35.7,13.75,14.22
114,78,-21,57.93,33.9,-44,-37,-9,-35,108,32.19,-40,35,44.5,57,106,120,-12.34,126,37,50.21,0,23.69,3,-23.27
8.1,92,115,-12,39.46,24.8,-20.6,24.25,120,-50,35.57,74.54,105,24.43,18.41,97,22,49.96,10,-0.04,-3,-43,10.79,-21.64,11.11
3.66,-34,63.6,139,10,62,21.71,35,46.81,35,43.11,11.35,-29,-48,126,-26,-16,112,-18.86,-6.01,5.06,45,22.87,88,35
144,-18,22.73,74.24,119,149,14.07,67,-42,59.83,-22,61.55,-4.46,40,-46,-1.18,-13.51,37.44,109,114,45,-4.31,63.92,1.26,-39
2,62,61.07,-25,-28,54.2,143,128,30,126,41.71,88,78,68,62.46,37.9,74,28.41,-38,3,54.48,80,38.89,139,73
-26,8.14,33.67,37,68.33,125,71,14.86,31,47.41,106,112,4,77,-6.1,7.43,-4.89,-5,20.47,133,9.51,144,69,37.16,-21.79
85,-0.17,61.49,-18.42,-20,68.73,36.92,65.01,143,-39,12,-4.9,149,144,95,-22.38,57.35,39.62,76,19,-7.58,87,34,64.35,107
-23,36,112,3,5.37,-28,136,71,26.88,14.56,108,-10.96,51,23.72,-24.72,19.8,8,53.72,122,146,64.47,-18.68,-28,47.78,29.06
55,62.02,116,73.69,-13,146,-18.69,-16.49,-26,49,94,29.06,-19.31,127,-35,22,141,109,48.76,-35,52.74,16.89,-0.36,-9.91,101
136,33,55,4.11,114,140,37.87,99,29,-37,17.28,9.21,-18,9.89,-45,34,16,39.96,-18,-28,-6,-37,-15.83,47.09,-27
-7,3,39,5,-26,140,80,-1,76,-19.76,16,-15.56,-31,62,51.03,-46,6,-15,132,142,-12.55,64,6,53.53,44
8.43,60,-44,19.22,20.68,47,8,115,15,-38,39.32,63.42,-46,121,36,-10.87,47.13,55.69,59.31,67,149,61.45,42.79,11.55,129
14,36,-14.39,72.24,30.11,77,-5.42,64,44.45,-11,80,53.2,105,28.63,-21.4,12.87,19,-13.43,29,-23.9,39.82,14,57,23,-30
49.11,46.57,134,-1.14,71.81,39.31,-48,65,54.5,-2,25.8,80,17,38,-22.67,-43,42,35.44,103,111,18.41,20.14,63.34,9,91
109,-20.45,145,52.07,52,62.8,98,-50,62,46,21.88,-29,-48,148,12.67,25,37.88,-19,61.55,50.75,8.04,-21,71,-13.22,137
70,44,92,37.64,95,-12.4,65,-9,-29,-15,54.09,-1,-33,53.24,72,35,47,26.49,-0.59,13.66,124,-19.61,80,51,41.9
26,13,57,59,42.48,12,8,39.13,-11,91,50,-41,16,1.74,-17,44,45,48,-32,-16.81,-8,4.06,-20.34,31.57,8
-16.7,131,-17.02,-24,21,3.26,-26,37.27,-4.93,57.25,65.21,24.16,47.51,142,36,3.99,-1,49.27,0,13,32.34,11,102,-41,-48
46.4,116,34.16,29,54.17,67,-16.59,73,-12.31,35.84,-21,149,101,17,78,12,-15.86,66,72,57.06,45.84,14.77,107,0.29,52
123,36.52,-10.16,20.37,-14,103,148,23.65,65,-42,-3.28,-9.11,45.48,30.95,91,36.37,53.78,-41,45,-16,-44,60,5.01,57.05,19.09
-20.72,11.18,101,101,117,9.1,23.51,7,72.02,111,16.02,69,50,144,-6.05,122,101,-9,-23,130,-34,14,-4.7,104,5.76
43.56,-26,68.18,23,33.71,34,22,141,6.41,49.47,70,-29,25,66,81,12.98,70.12,137,-13,-49,115,60.9,28,33.42,10
144,-16.06,-35,26.41,68.96,42.57,-6.37,-13,145,63.34,-24.26,37,-39,59,-7.52,20.87,93,-20,131,-49,-23.61,32,54.97,145,81
-32,35,66,14,108,5,-30,16,107,44,12.54,-22.68,95,67.36,65.08,-30,-50,-6.48,126,93,135,56.56,104,-0.48,104
8.51,86,80,137,75,121,-14.98,61,-25,136,58,-9,73,-50,141,27.41,70.35,123,40,71.03,66,23,45,-9.31,134
117,26.91,74,-6,9.48,66.44,103,-9.2,45.48,26,143,38.7,15.52,-41,68.84,48.6,49,-36,25.9,40,19.57,81,129,18,56.36
24,89,34.3,1.02,55,72,49,-19,-22.06,15.52,129,-19,125,39.69,143,115,-24.18,37,149,53,51,87,96,98,-41
-9,9,31,-14.97,43,123,76,2.75,99,95,-4.93,-28,24,26,-23,138,12,14.94,42.25,43.53,-26,25,20.92,81,134
15,33.81,102,-24,11.73,15,40.99,-19.45,24,123,82,-1,33.46,95,47,44.59,-7.55,26,133,38.29,73.8,110,101,18.96,125
-9.88,19,37,-47,131,107,-21.87,-11,-31,94,17,115,5.65,-3.64,5,-4.99,72.32,109,71,73.63,8,88,-25,-1.28,12.37
113,126,66.15,-22,71.8,18.05,59,58.83,-37,53.4,54,66,-12.77,28,1,79,69.12,51.52,5,-21.6,109,87,60,20.4,26.21
129,-14.79,122,38.83,24,145,100,114,122,-48,1.27,4.51,52,72.1,134,-16.62,-21,99,-18,-13.92,12,54.41,61.11,8.27,101
-6,41,-3,65,50,12,99,46.46,-24.21,67.75,48.49,36.16,39,25.36,115,-23,-1.62,77,-33,24,1.1,19.7,-28,-1.35,79
12.13,20.19,0.18,30,72.87,4,111,109,1.55,-13,57,-11.23,-42,37,58,62,23,35.55,63.64,-4,47.07,-22,44.97,11.6,38
-13,51,41.11,35.65,81,87,29.78,-1.38,14,73.44,42,45.34,-23.45,68.17,38,-35,51,85,70.17,48.37,0,146,-21.78,-8,41.79
17.59,-2.66,-22,80,-41,-1.93,-17,7,-27,114,-43,-8.95,25.44,61.13,-46,140,-0.8,85,18.18,14.44,-43,19,77,52,-26
70.78,21.75,127,4.25,45,59.6,106,33.17,27,143,24.46,8.02,48.81,-9,89,-11.7,119,67,49.14,96,0.73,144,97,79,-37
59,-3.06,134,17.34,30.98,16,44,15,36.02,3.55,-45,51.96,6,-4.76,0.09,2,60,50,131,55,12.34,1.2,19,56,126
105,5.19,118,47,-10.51,55.85,128,19.01,63,65.16,-22,64,-28,-25,-35,12.71,136,-19,4.35,37,91,38.39,13.86,11.72,27.64
28,67,17,52,38,134,-6,-50,-41,-12.09,-4,14,-23,-18,8.89,133,23.9,0.22,65,64,5.68,54.17,25,52.16,28.64
43.89,-45,6,-21.98,98,-18.86,78,141,-39,-34,73.56,135,46.44,-38,89,104,-8.82,74,141,-33,61.36,25,-17,125,118
22.15,73,47.3,60.34,86,98,146,-2,34.08,-36,6,-3.39,-9.4,-11,18.45,62,-14.88,25.32,-13.49,-19,48.72,26.81,3,59,54.66
10.19,88,140,65.27,25.45,132,72,31.83,-17.26,116,12,27.89,-40,6,31,27.69,38,124,-5.78,35,26,38.51,-9.22,-0.2,112
45.54,61.71,12,136,123,-43,119,-30,61,-37,10.46,127,109,43.17,-21.49,139,-11,-2,35.77,-10,105,22.64,35,50,-39
21.07,46,78,141,98,57,107,42.85,16.22,-5,89,63,-32,97,9.55,69,84,-31,-7.34,-21,-22,-2.23,8,22.51,65.11
42.37,17.34,-24.16,7.54,-8.61,46.79,21.69,18,22,33,-39,50,34.75,-24,99,61.72,71.25,66,64.18,79,53.65,69,3.42,25.7,-22.29
-10.33,68.81,124,-9,35.22,70.8,-45,-29,60.65,29,25.39,76,11,36.18,38,30,63,49.04,0.73,-46,50.86,25.25,12,34,60.76
-13.85,140,-15.36,53,2,-32,26.11,19.15,-31,56.65,-27,24.92,-44,-36,55.92,19.58,-32,111,51.11,-38,13,54.36,16,9.92,20.37
43.49,18.2,67.84,-1.56,104,37.57,19.15,102,30,-0.87,1,107,93,-14.35,47.45,33.27,54.19,5,-48,65,18,-3,23,91,54
41.06,-11,55,69,43,79,6.45,44,27.31,-14.57,-5,11.64,137,8,56.58,111,130,101,-36,15,147,6.28,61,31,73.26
44,-22.01,72.9,-16.93,8.7,146,135,117,15,40,44.25,96,-12,-22,16,-8.6,58.58,103,36.53,148,27.51,-18,16,83,54.5
70,29.22,11.24,-32,149,137,102,34.62,69.34,-16.61,-20,144,-22,4.06,39.9,-13,87,69,17.78,25.83,66.53,46.56,55.05,21,21
-14.94,137,-10.04,69,9.7,72.56,-24.65,66,58.4,-14.35,52.74,-3,1,126,94,59,53,33,77,73.83,39,105,32.58,48,58
111,-29,-48,74.43,19.76,47.13,42,87,37,49.51,100,13,-13,124,-7.37,0.8,7,-6,133,113,12,3,49,30.06,-18.89
72.95,22,55.63,35.1,69.31,47,7,-6.88,-8,2,-12.62,106,55,127,8.04,142,6,29,12,56,56,117,126,25,16
133,11.43,39,30.95,21,125,21,146,137,25,145,73,138,46.47,29.14,-45,-37,2,36,114,-16.02,-28,-4,-17.29,-42
4.83,-1,112,-9.32,10.27,103,58.1,-4,77,-37,73.85,-2,52.45,-5,97,-20,25,110,110,-1.65,-7.51,18,55.96,21.39,87
51.45,8,26,-0.22,35.21,87,47.85,63.79,77,-19,-29,-21,72.18,-42,74.9,72,37.56,129,86,-16,85,-3,-16.59,25.83,106
143,63,109,65.37,103,40,39,26,-15,35,118,-45,-9,7,74,67.98,64,81,62,113,52,60.87,57,43.67,28
-3.31,76,64.68,-6,115,53.53,98,0.67,-0.32,-24.65,-8,29.98,121,117,-23.05,39,103,65.75,16,-12,119,70,50,67,-49
139,33,9,-20,-16.55,80,17.72,66.48,56.57,7.82,75,118,-13.7,24.23,35,34.09,74.86,-31,115,65.72,53,-16.59,114,56,119
97,138,10.44,68,69.11,14,-11,60,49.28,81,37,60,128,90,57,-2,22.26,9,-7,50.53,121,-11,-23.47,94,106
126,113,34,43.07,35.58,71.84,20,-40,35,47,36.78,15.36,19.52,27,-2,-8,136,15.37,43,73.06,2.55,-27,-47,-42,39.85
29,110,18.29,-10.56,-22.13,-10.71,4,69,-9.53,26,27.13,23,1,134,58.08,54,34.31,30.68,71.08,-19,51.05,-1,43.28,8,117
-4.17,68.98,-20,46.33,35,57.85,41.17,59.46,-34,6.64,69.63,149,14.42,12,-19.45,-23.55,4.83,12,22.7,-20,33.87,59,63.3,-2.2,124
34,-12,139,102,85,126,-21,133,28,-6.57,70,20.67,-8.8,-21.47,3.13,-22.46,9,1,142,126,5,115,85,43.18,49
-19.12,22.21,76,-19.11,61,56,36.49,52.8,12.95,-13,101,-14.68,107,15.39,55,-37,119,103,61,68,112,54,12.47,20,70.29
13,146,42.07,-12,-23,62.31,28.71,-35,24.08,-15.96,94,-9.42,-2.98,23.29,-1,115,133,112,-3,15.47,110,41,124,119,-8.39
2.75,-16.77,63.2,27.65,24.5,73,-33,-10.48,10,70.24,39.72,-44,100,-11,14,101,15.25,20.37,39.1,70,141,22.35,-20,62,103
105,-23,4.21,117,36.37,99,-14,8,52.47,-13,-30,56,5.23,81,-47,103,-24.21,144,43,124,51,6.68,20.29,-20,17.92
-21,11,46.94,59.21,-30,0,30.37,-31,26,88,62.21,46.46,114,29.27,64.56,67,42.3,134,-32,24.12,-11.34,58,-18,2.02,70
4,33,77,7.82,75,76,19,22.59,-30,72,68,29.48,-16,13,-26,19.39,-39,94,51.97,85,142,40.95,-31,61.39,125
43,-34,116,52.39,-3.54,129,145,144,3.45,10.64,25,-23.12,2,-33,63,21.35,-37,9,35,95,52.48,31.35,3.99,59,23
-20,62,109,133,128,15.75,35,47,97,20.43,-28,57.71,49.42,3.92,-43,26.82,35.51,61.32,34.27,144,-29,101,23.84,101,128
-8,-2,64,-1,93,-37,91,-7.39,98,47.32,38.44,68.41,-8.08,11.52,48.49,81,84,101,-8,-22.2,32.47,90,78,75,106
118,29.05,-4,2.47,54,79,-12.7,-13.9,53,-10.87,103,71,-28,52.56,122,83,16,52,23.04,-8.68,-2.82,132,50.98,-20.9,-43
103,48.16,58,4,79,-12.8,140,54.17,31.07,-37,68.8,-10,-12.18,-23,18,105,90,4.03,-15.23,73,65.88,44.68,71.68,22.89,-18.78
-8,-12,72,33.36,67.05,63.15,-2.27,102,69.73,45.73,104,-7.25,46.07,-35,2,8,26.75,123,19,-22.96,-39,-19.38,88,124,67
26,19,55,50.57,-8.27,2.17,24,22.13,6.63,56.42,122,123,11.46,40,48.43,-9.98,40,47.28,108,33.21,-3,126,52,0.72,115
12.34,34,-10.14,121,-43,101,50,36.96,63.04,2,98,128,123,56,10.67,1.93,43.73,14.36,55.01,80,-5.03,108,141,19,2.85
-13.34,22.84,99,60,-13,143,48.72,111,58.88,143,-29,43,52.83,62.79,24.82,-15.27,-1.65,67.24,-50,72.74,-19,10,89,37,-1
5.51,24,22.2,4.84,-43,106,83,53.91,131,-50,-21,-37,1,-4,14,133,-48,111,44.94,-6.54,73.58,42,-5.25,104,6
54.66,-22.8,-21.62,-18.6,136,71.65,-6.02,13.1,114,77,43.63,97,5,-47,-31,23.17,4,-24.84,137,-12,30.72,78,59,-9,11.15
83,130,44.42,-18,28,122,52.7,32.07,-47,140,36.01,125,62.12,-12.37,86,7.82,80,-16,144,14,47.13,140,65,-37,73.76
-24.69,115,145,86,134,6,-10.54,7.85,52,96,11,-3.35,121,4,142,74.31,8.22,-4.68,78,7.55,65.78,36,41.51,36.02,89
33,34,122,9,143,49,87,60,-10,-31,52,66,-12,-8,124,5.15,138,43,43.73,54.27,43,90,-24,-17,108
23.55,25.67,-12.77,-8.96,-42,-28,4,113,5,-36,27.42,27.02,30.72,41.78,139,-48,95,66,25.99,9.88,78,6.06,112,111,9
-16,97,-29,-41,134,52.86,52,3,63.9,54.03,4.88,-48,-1.71,56.37,-50,73.88,34.43,-2.21,76,56.09,-45,76,-17,140,15
13.47,21.11,29.61,55,32.59,-13.93,41.23,-15,39.38,29.5,66.18,70,145,135,106,3,96,17,8.74,17,74.91,-19.6,25,-20.5,-4.28
95,47.99,119,116,26.54,-12,44,-11.33,95,-14.03,42,41.79,20,90,117,114,131,-40,-9,69.88,3.75,84,114,-50,83
31.23,70.07,145,-14.35,74.98,-22,44,-11.52,9.44,36.31,11,11.76,41,85,47,71.28,-34,114,9.64,11,-9,-21.33,119,1,12.25
27,127,-15.81,53,51,65.5,73,11,45.11,9,5,5.02,39,7.99,-5.23,-23.67,33,109,109,57,55.16,147,-8,-1.11,6.41
73.03,88,124,29,10.92,35.26,-48,141,64.47,37.3,41.33,49.52,-34,124,14,41,10.45,36.01,14,31.58,30.65,23.13,45,64,-28
57.68,-9.38,56,60,47.06,72.99,-8.47,79,18.3,114,11,48,-13,65,69,41,-46,85,99,60.12,4.13,9.08,73.44,8,19.63
71.85,25,30.04,-23.23,11,107,-40,113,-43,22.73,109,70.21,15,36,38,43.85,8.34,98,6,73,47.07,102,30,127,12
26.49,37.66,44,19,122,77,-46,61,44.49,19.79,19,-47,81,18,110,-10.2,-8.84,125,52.42,88,112,51.5,88,103,40
1.61,2,-9.37,133,76,100,26,-10.33,27,29,45.67,85,17,54.4,73.64,56,49.29,40.27,19.13,140,-2.32,138,52,35.43,-34
29.38,12,79,16,9,-5,59.02,14.74,94,58.02,12.33,16.4,71.9,36.12,80,-10.54,28.05,-22.69,59.54,146,105,72,86,62,33
71,64.97,96,39,94,63,-42,29,59,115,81,53,63,-21,124,122,-42,23,98,-3.54,146,111,-16,17,7.07
-2.81,-14.34,13,57.87,93,-16.05,-9.99,63,-31,65.14,-3,56.94,59.16,43,6.31,52,138,-33,3,71.28,27.74,66,66.68,47,126
75,126,69,58,-7,59.11,-25,110,28.92,30,139,28,-47,121,146,28.86,15,1.89,4.58,61,17,-7,84,110,91
22,146,84,-7,56.87,1,19,-22.77,-26,23,-30,62.04,3,-17.34,17.11,57.04,-13.74,13,-22.33,-28,65.68,26.98,70,51,-39
48,-22,19,-35,14.49,144,6.06,100,46,107,46.29,67.83,39,60.43,125,66,139,36.43,36.76,99,107,130,57.23,69,-17
96,70,45.78,144,53.87,21,148,68,7,110,-16.26,-16.79,17.3,79,70.69,34,1.03,10,5.43,-35,13.78,-14,-10,-1,-34
7.61,13.91,-18,-11.81,81,104,73,-17,61.51,33,41.15,114,-17,-24.06,42.89,16,-13.59,-8.91,17.54,-3,57.06,26.33,20,66.99,126
-11,29.56,7.61,97,87,127,31.96,-9,139,30.41,77,115,68.73,-22.55,3.25,127,27.57,-1,-11,-1.27,43.75,71.57,67.6,30,-13.62
-5,-5.8,-10,-15,16,35.27,7,18.78,40.77,49.35,36.48,-20.84,36,-19.9,106,-16.26,-31,61.43,131,50.43,36,101,137,136,30
77,65,12.84,138,-44,-3.59,33.07,27,27.01,74.79,144,100,30,-22,38,32.81,1.18,77,32,32,-2,-24.1,-16.92,-6,146
-9.09,12,-12.31,-20.32,28.66,66,97,-23,-19,-49,29.41,-27,50,73,-24,10,29.25,29.03,-15,0.65,6,-16.39,-2,146,54.48
37,11.79,-24,49,123,66,63.66,50.28,134,65.39,-49,39.18,118,89,-32,118,38,143,9,38,0.95,-8,25.84,145,6.88
135,-14.26,36.27,13,114,23.48,70.22,142,-16,124,74.71,33,58.98,51.45,118,66.72,11.8,114,93,49.51,142,24.36,-48,143,9
82,118,14.59,48,9.33,56.91,99,113,67,-40,42.59,53.4,105,-22,6.47,104,115,-11.96,104,10,71,18,60.52,-40,58.61
33.12,39.07,-23.1,112,87,6.81,-0.02,-24.4,62.01,33.74,27.27,72.63,107,56,33.74,21.04,139,50.27,95,147,-4,2,47.03,84,-6
131,64.09,-46,104,61,71.94,22.35,63,13.56,-50,-25,-2,-17.02,35,-11.86,-15.09,-12,-40,126,-39,28,128,-11.65,58.65,32.14
22,-50,-49,9,26.43,-27,-28,35,39,124,61.45,-19,-17,127,149,-7,1.52,70.02,49,7,-1,36,109,0.96,96
-24,39,-18,-45,49.1,60,129,63,98,36,60.24,-16.71,69.01,113,-23.65,94,46.62,60,62.85,-18.35,15.42,105,58,70,42
47.95,47.82,47.41,25.2,-26,-22,129,-10.79,134,0.96,52,0.06,-30,65.64,16,129,-49,44.56,-38,-1,108,30,52,-12,11.37
-24,43.61,24,32,-31,3.94,-0.06,62.67,32.14,-13,45.3,-27,30.54,-15,146,31,86,-10.09,-22,16,-5,-9.69,-49,22,19
4,80,-15,-7.6,49.85,-22,84,-5,31.07,42.08,147,-18.77,17.7,-17.67,42,-24,72.45,-44,28,51.53,62.9,107,39.53,-26,-48
33,68.21,44.08,23.96,-32,33,56,9,-7.11,2,70,12,96,-10,119,142,1,-19,-22,118,5.9,-35,-11.03,104,26
-3,-8.78,-46,93,47,57,96,-22.3,106,21.82,-21.56,77,71,128,44.65,4.22,53.59,-27,88,17.43,101,27,149,119,-38
-24,-1.5,54.63,49,140,-0.67,51,40.24,-37,42.73,74.8,-9.86,40,128,31,53.92,63,67,9.23,35.92,55,39.94,53.74,121,-22.53
54.91,84,104,31,-10.06,-13,-7.47,-16.08,50,23,-7,-8.41,20,47,-13,127,131,22.64,15.86,28.11,37.13,130,131,142,148
102,9.01,37,-5.51,65.17,9.36,21.74,110,-50,29.62,-50,5,-28,44.05,23,17.36,23.82,111,-4.12,-3.08,-19.68,37.23,142,-46,46.32
131,65.29,-6.49,123,9.14,63,16.23,66,36.53,60.09,4.51,14.99,-35,42.66,0.27,55,-19.52,86,33,-18,62.23,0,67,127,-48
92,40.53,81,24.36,63.34,-50,142,-12,125,97,-3,68.25,99,127,145,-26,-36,-49,61,103,29,-23.9,-21.69,77,-34
130,96,83,58,80,12,22.14,7.59,33.34,27,133,87,-35,0,65.87,-30,-3,131,47.42,30.71,-37,101,46.8,29.99,44.67
9.98,92,98,67,109,21,18.37,65.91,-38,38,128,55.13,-18,8.99,-5,125,87,66,90,129,8,137,24.76,29,59.44
108,31,44,93,32.52,-27,62.03,12.05,122,70.63,-42,-16,144,-40,121,55.3,6.88,84,-49,73.66,103,-32,28,95,112
27.81,-47,-35,-24.85,137,34,-22.61,-8.44,65.15,51,-4,-14,60,101,54.84,-18.8,46.24,-3.21,68,62,86,32,-2,-9,35
-15,6.5,59,38,102,-7,20.19,143,29.56,67.79,129,73,119,-49,115,25.21,142,74,73.46,33.62,12.17,124,111,-13.81,90
65.32,98,-16,-40,59.36,40.29,-45,-10,65.69,139,74.3,47,-20.47,58,35.82,32,51.28,68,50,95,46.13,11,77,91,144
-10,30,11.25,129,-20.85,120,67.34,6,31.49,18.18,139,37,73.97,117,65.04,144,48.85,61.81,46.02,62.57,48.7,69.07,70.2,108,31.66
62,74.82,71.68,134,59,89,24.52,22.84,19,-24.19,-22.69,-3.12,134,71.93,57,-5,40.32,70,-34,63,92,49.8,121,95,-47
39,2.83,-34,-12.51,58.53,55,122,-15,72,10,13,-22.67,9,-22,71,144,28.13,27.21,131,18,-50,0.49,0.26,-35,73.13
31,-1,-2,26,-24,-27,65,4.73,64,34.82,38,29.86,133,-18,96,52.33,-14,84,60,81,64.62,38.76,-42,33.62,141
21.06,-20.36,20.44,101,119,20.23,34.81,-35,59,33.53,19.06,42.33,24,3.08,-21.44,59.97,19.45,110,13.96,66.28,-6.43,6,26.97,-18,-4
33.44,-18.36,16,20,44.12,97,47.91,38.31,-8,78,111,44,-20.14,-3.32,-19.58,35,52.98,67.06,63.68,112,66,46.25,3,119,67.77
119,96,-5,138,81,-11.38,109,66.05,9,-47,81,113,-31,43.87,-29,-28,61,36.38,69,132,112,95,140,27,54
4.14,-10.37,-15.27,49,17,113,76,-15,142,109,119,-46,-17,91,-30,-6.07,39,-33,119,43.59,-14.83,73.31,121,73.57,39
71.82,94,52.52,141,66.23,-7.01,31.6,56,23.58,20,-26,4,-24,20.28,55.17,143,9.13,57.35,44,51.31,34,-7.2,63.67,-19.91,20.64
-0.66,-16,-6,23.83,33.64,90,-11.78,-44,42,50,29.2,52.69,10.07,41.39,-7.71,26.21,-12.08,20.67,2.17,16,5.6,55,45.32,27,96
20.08,11.06,5.81,2.92,41,45.21,-17.46,39,87,59.93,-23,133,142,13.67,65.95,9,123,18,8.28,146,52.47,103,22.05,80,-17
31.46,-31,48,112,-18,-2.84,29,52.84,19.56,39.95,117,1,-43,51,34,100,89,119,58.45,-4,-48,18.48,66,2.94,21
-8.55,36.62,-20,49.33,46.63,105,26,47,142,17.14,-12,-0.45,18.84,80,84,46.04,23,-18,39.88,102,64,-22,-45,102,56.23
98,102,-0.75,65.02,-50,124,59,98,36.4,57.19,-20.43,68,-11.66,71,-9,28.38,7.23,27,78,53.87,34,53,-10.33,57.69,145
24.5,-44,-38,58,1,72,33,-34,-23.45,52.02,-19,4.46,15.02,49.02,-0.57,24,36,85,68.74,-2.53,-28,143,57,1.32,33.56
-24.04,-32,-32,81,6,-8,-24,-21,29,-20.35,-21.12,86,111,0,-41,55,63.31,47,35.04,-26,-5.86,31.62,22.64,-2.66,72.02
101,10.42,38.91,98,97,56,129,-8.8,18,100,38.05,3.06,21,86,25.55,11.42,94,55,60.35,145,102,33,60,-8,16.29
6.44,120,16.01,29,53.42,-7,65,40,15.85,59.5,47,14.07,42,136,-21,-16,138,41.9,101,-17,-21.02,54.29,-50,-22.34,-45
-31,56.35,27,65.87,35,40.26,-8,22.79,-48,1,44,137,126,89,71.77,-17,65.73,41,-28,68.46,-44,-2.67,109,-22,-10.76
135,109,48.22,-10,9.39,-16,-2.23,20.64,45.74,143,-5,39,51.25,144,41,32.22,128,-42,42,99,-14.64,11.6,146,36,59.96
55.87,-18,71,37,2,6,3.62,-20,67.09,40.53,-41,41,40.38,-31,-38,43,-2.23,43.44,24,104,43.32,14,121,-48,79
-35,84,99,-25,132,103,87,37.93,28,28.5,52,90,31.05,93,7.78,24.53,-13,146,100,12,-2,95,28,32,126
36,2,124,2.37,-2,36,2.76,44.04,72,-24.07,15,-22,117,-22,-11.91,60.89,-16.22,10.48,88,72.69,43,-19.18,-5,86,50
98,48,-32,135,141,-45,-33,100,-22.71,83,131,-16.79,76,75,-29,4.92,47.54,31,-48,-23,22,41.26,140,58,44.78
73.31,10,59.74,29.48,28.85,99,62,54,-27,97,-17.93,-16,-40,60.18,113,22,57,-29,-15.82,92,-10,28.33,-25,57,-22.07
7.21,6.72,-17.44,103,21.45,45.18,92,57.02,58.83,121,46.22,-24,63.65,-27,22,55,76,133,-10,59,60.84,-33,15,74.4,2.92
-1.41,26.16,38.79,59,-33,-10.15,65.12,55.26,26.55,50,-46,29,-43,70,29.05,41.96,87,9,50,14.62,70.82,22.93,0,12.19,9.14
-1,-17.42,38,16,12.24,-7.33,28,141,60.44,-9.69,100,33.97,62.21,87,50,35,-40,0.14,-17.62,-17.22,-23.99,143,74,53,-21.42
65.41,23.32,25.86,-41,11.85,15,-13,134,-1.53,103,53,-0.12,128,22.29,148,75,20,43.5,42.36,42.75,71.5,-20.72,-19,55,-15
63.05,23.22,30,43.09,53,8,64.92,142,-5.21,17,-18.92,-41,23,30.67,146,-22.61,79,-18.35,70.2,92,23,33.26,-39,53.87,45
17.7,130,-13.59,-35,4,43.17,22.26,-31,73.68,4.27,-15.45,134,17.62,147,70,68,-22,-13,-40,-39,-13.91,20.98,74.76,136,-11
74,61,134,61.11,-33,83,19.2,55,75,-5.38,16,15.03,6.07,64.7,17,122,4,25.96,-34,-4,21.8,102,61.7,14.05,32
-9.25,41,126,22,149,51,-28,95,126,-30,-23.81,-1.57,72,143,-17,-15.02,30.38,95,29,136,84,143,-2.95,-33,103
35.13,53.84,62.85,29,84,33,-10.16,2,64,142,110,78,78,-9,60.6,105,-35,49.49,20,111,70,98,116,135,63.56
28,7,-1,56.52,63,26,36,101,-9,36,55.78,35,106,120,-9.02,76,15.37,68.52,62.26,27.83,-21,4.46,113,59,14
140,71,25.05,-44,93,40.87,14,19.74,29,76,-19.03,28.15,-21.42,69,21.15,5,-43,47,-8.41,120,52,92,-21.53,31,-32
-12.4,17,8.23,63,149,-9.91,-8,122,47,109,-10,13,55.62,128,46.57,82,-10.95,-3,67.09,-6.71,50.14,100,9.95,-46,106
116,-2.42,34,-9.88,4.02,64.42,-44,-24,-4.17,41,21.14,35,63,41.09,49.94,-14,29.96,-5,-43,127,4.6,58.25,28.21,76,70.74
-17.39,30.9,-32,-31,33.78,34,-24,101,35,-19,74,96,63,-28,46,118,123,0.79,145,25.33,79,48.81,38,65.75,93
56.08,81,36,52,9,0.06,-18,144,-37,53,-21.96,-1,103,-40,22,-3,52.67,21,121,73,148,130,-7,-8,-45
31,20.36,48.37,39.2,83,-23,-13.32,-22,9.35,-18.69,-18.93,25,59.09,135,9.36,58.75,-17,28.6,93,54,-12,86,-5,95,42
48.13,17.11,39,9.36,24,57,112,25.4,5.83,-44,36.26,108,70,-12.1,54,-2.15,73,67.2,128,31,125,71.72,51.45,74.17,132
3.96,15.38,16.81,60,76,144,144,34,55.73,-21.57,3.12,95,60.05,-11.88,-10.53,144,3.31,-2,-25,110,37,-18.51,66.56,39.63,-12
9.7,61.29,56.21,15,76,45.37,63,36.18,62,-14,56.98,1.67,3,131,-6.38,124,82,30.17,22.33,73.16,-1.96,134,-17.63,90,12.36
113,36,126,-9,25,64,53.74,86,98,149,-32,-4.75,-9.4,-6.05,-35,12.5,26.32,86,45.89,101,29.19,-23.88,37.01,122,13.51
-15,132,-3.82,53.75,147,8.46,6.02,-42,-30,85,-22,28.9,-47,60.47,-12,-50,50.99,101,7,-18,97,-14,80,16.84,134
-26,34.05,10,55,49.16,0.68,120,-31,1,94,33.65,-14.03,1.21,54.32,20,17.48,32,-13,49.28,65,-13.84,31,70.33,33,71.23
93,19.07,-36,60.17,139,61,33,103,5.66,36,90,146,40.98,90,125,-29,59.33,28.24,149,69,104,69.57,33.65,55,43
147,66.53,-21.37,-43,0.43,49.18,28,-17,145,29.9,110,39.68,6.3,23,79,9.6,98,46.2,50.22,-18,141,85,-42,139,46
95,4.81,0.96,43.71,59.1,40.53,8.76,-6.91,94,11.79,56.67,60.78,4.95,14.6,-50,-1.9,104,-40,62.83,-38,70,19.41,16.87,9,48.23
37,31,40,0.37,73,17.39,9.83,21.47,16,-7.35,74,-1.15,-43,137,78,38,48,20,-14.8,104,29.35,-12.44,50.74,9,-39
36,14,96,42.11,92,37.66,60.03,-37,58.42,59,-6.3,28,34,34,108,46.41,43.72,20,-17.62,92,50.99,85,114,99,12.46
-6,47,73.86,54.9,59,27.97,132,-2.17,-19,138,6.47,49.1,-11.51,70.49,107,-7.81,58,121,128,36.89,82,127,133,27.14,62
59,103,97,11,44.36,6,53.48,-5,53,56.83,53.22,71.79,38,28,49,41.06,5.29,50.07,-38,47,127,39.21,-3,111,35.65
-40,78,92,35.7,0.95,-19.08,22,145,39.62,12.67,-17.62,14.22,31.74,-0.85,96,42,24.56,20.15,35,34,9.5,87,120,-22.58,47
21,-4.07,78,2.24,36,-2,-9.38,-14.58,26.95,109,15,-2.65,11.85,6.59,63.62,-7.62,15.01,12,111,76,82,35,32.05,74.63,-17.36
53,32.73,117,23,-38,53,3,19.46,59.09,111,32.77,67,-40,52.66,-35,58.41,55.2,127,90,-4,47,53,101,54,51
-12,117,70.17,9.3,-11.55,23.7,82,76,11,-23.1,139,60.43,19,121,93,19.78,59,60,60,149,8.1,56.78,-33,51.23,64
2.61,140,6.06,8,130,113,107,2.02,42,18,-0.71,36.27,50.44,96,-1.68,47.31,-39,143,133,98,143,30.25,98,24.03,56.03
35.64,36.51,148,24,100,126,-18.45,58.9,11,14.7,-9,57.41,9.24,148,-17,118,66.47,35.12,-15.01,-18.02,23.56,0,54,57.94,39.98
3.57,11.26,69.88,54,17,-20,69.89,-32,-2.05,-13,4,-46,126,6.55,119,9,108,92,10,96,28.49,74.48,27.85,72,112
61.42,65.4,20.15,99,66.82,146,-17,-17,10,-5.22,-9,73,110,104,33,32.29,-24.97,-28,49.45,1,21.26,-26,83,-17.95,33
58.14,57.63,24.6,-18.43,41,24,5.9,72,39.96,30,-9.71,-14,-18.3,47.92,-24.22,140,43.41,-6.78,34,14.74,48,52,-4.91,94,52.3
105,144,-23.71,32,81,39,37,62.69,126,13.41,110,65.59,110,45.1,41.98,-49,-13.88,29,41,-4,19.79,-10.46,0,-4.6,-1
129,145,80,19.16,59,0.1,-11.74,96,44.49,47.79,-2.63,7.13,77,85,31.51,-12.4,12,4.18,71.45,120,2.91,78,49.6,33.43,-32
65.37,20.37,-33,143,41,32,147,-29,85,74.96,82,21.76,100,84,0,9.26,68.07,27,-17.92,47.75,-32,6.86,-5.05,118,54
53,-13,14,140,23.91,4.83,-32,119,12.34,31.62,32.81,146,20.11,7.88,-31,-22,-24,79,33,63.75,135,118,72.74,-45,-24.18
2.7,116,89,91,31,106,93,-32,11,102,124,-12.16,-4.75,-16.6,-7.99,4.54,-25,49,-14,5,23,48,104,40.76,-29
62.31,-4.99,127,110,-14,86,5.38,78,147,31.46,-19.07,42,-18,22,7,61.87,128,131,65,59.3,61.16,22,-15.59,101,7
-14.68,39.78,-32,89,44.43,19,26,46,-5,2,66,49.86,19,40.16,50.21,51.71,-21.1,135,-32,45,51,34,19,58,86
34,52.16,-7.18,16,148,39.05,-17,68,12.54,12.35,-23,134,4,39,62,140,53.84,115,69,122,65,41,43.9,-28,147
45,-6.95,17,-22,34,53.54,-8.55,4.05,-29,70.98,-17,-44,118,71.63,19.6,67,30.79,4.9,-5,-15,50,-22.05,69.66,39,50.48
-9,75,141,19.55,57,102,-3,-16,-2,68.01,62,-24.08,127,68,146,115,146,-45,48,-0.31,69,-1.25,103,51,38.66
18.11,71,56.17,33.17,98,113,49,91,138,-9,22,80,-15,5.77,-5,93,5,40,9.42,-13.61,20,108,16.15,-24,-23
141,6,78,99,23.91,28.59,69,9,24.65,52.86,82,-5.98,57.08,-47,146,-20,-18.77,0.94,125,46,-29,59,89,35,113
35.01,42.46,-12,124,-14,2.17,-17.1,3.47,72.29,69,28.35,-48,58,12.4,51.45,32.15,3,33.91,-19.53,11,109,37.22,0.26,10.65,82
70.77,149,102,40.67,12.75,29.44,1.3,30,-17.36,25.84,71.26,-4.29,110,47.37,23.92,-10.33,-2.49,-50,-22,1,24.54,34.32,58,-17.74,-26
38,11,4,35,18,41.41,11.72,11.92,137,34.77,28,14,62,6.24,38,37,85,18.1,-23,8,8,-38,42.34,10,-3
113,42.83,91,71.04,57.41,90,-14,-5,0.83,-45,46.16,53.88,34.75,-3,-9,21.79,-9,-25,132,9,50.77,-45,-7,-23,54
-1.64,27,56.36,-8.06,-29,22.9,37.09,47.73,58.19,51.95,-33,59.67,118,38,49,-11.74,-5,37.24,25.02,68.73,122,111,21.64,25.14,30
52.77,124,69,71,41,60,62,-4.16,5,55.93,8,65.97,1,25,36.59,18.97,3.33,121,-20.44,67,109,-19,-20.88,15.18,33
99,-12,67.33,-34,52.65,-1.26,132,4.71,21.17,27,8.91,66.72,23,49.97,-46,49.08,-10.61,32.57,-22,-22.5,53,-1.86,115,130,17.55
59.45,28.1,21,37.33,44.51,15,122,51.74,45,-1,149,-4.02,49.93,-23.21,0.87,65,29.85,93,-12.86,78,0.7,99,44.93,49.15,46
112,-43,-13,-18,22.68,-10,1.45,23.65,9.15,-2.04,-0.53,-3.18,-30,-7,69.88,25.18,49.42,-26,-43,-3.37,-40,-15.3,-9,38.75,71.47
-35,73.19,-17.33,57.17,-13,27,70,77,-48,50,13.89,21.64,-44,27,0.76,70.16,63.95,15,72.53,40,62,85,-4.15,147,93
125,-16,0,99,-35,-30,139,-23,7.93,9.22,61.57,149,97,3.26,18.61,33.03,48,28.83,-3.31,51.17,75,99,10.25,-21.89,-11.17
67.51,-1.31,-9.24,69,103,100,-44,39.71,-11.22,3.86,111,39,2.99,104,119,-22,-36,47.31,26,144,-3.96,10,72.23,31,38.83
40,31.59,-50,110,38.52,-24,-45,148,-13.24,75,-42,-15,69.26,42.8,-37,-10,5.06,121,-2.47,-27,10.15,66.59,104,32,65
-13.92,45.47,-2,23.46,-3,-26,-5,100,71,44.49,7.1,-43,17.52,25.66,93,23.73,28.72,57.89,-16.1,95,31.99,20,94,-25,73.97
-23.81,-11.42,19,-27,4.24,-9.5,50,54.99,61,44,27.23,-37,23.99,70.86,21,-47,29.87,58.06,80,-34,2.26,70.76,-9.24,73,-23.26
112,-40,144,13,114,-46,16.71,17,22.8,48.65,-7.81,40.07,55.33,43.65,49.05,28.87,57,-24.8,29.46,-18.49,60,137,26,73,53
-11,101,56,-0.28,52.05,2,28.22,-9,1,60,3,-5,21.51,-35,-9.94,-13,12.75,3.93,35.08,67,-7.46,78,38,-18.15,123
19.09,73,-14.07,38.4,107,13,113,-10.53,117,55.27,36.05,4,72.36,34.17,7,-39,94,-15,47,-46,-0.57,99,5,14,-41
72.44,41,1.22,113,37.75,77,139,36,-28,49.5,69.83,98,97,-18,-27,70,20.93,11.53,33.21,-23.63,19.53,-6.49,-30,-45,55
71,69.47,72.99,-16,10.47,59,-40,140,67.62,54.63,54.37,-11,23,48.86,67,6,67,67,131,37,12,48,-34,73,31.87
-24,60,-23,41.47,8,19.72,0.64,11.05,-4.91,140,33.67,17.34,106,-24,68.73,26.23,93,55.13,139,129,35,108,85,2,70
-5.13,143,55.84,-20.95,107,91,88,132,-8.16,-1.39,138,1.76,68.44,70.19,111,49,-43,11.26,5,44.12,87,37.38,69,20.54,-9
-18,45.53,60,-10,36,-24,57,-20.73,71.15,-21,63,19,116,142,-12.03,35.83,70,80,86,23,122,-48,26.13,-46,39
128,52.37,114,38.46,62,-29,124,60,-9.6,15.78,-20,-48,-16.45,147,83,-5.74,15.58,-2.85,141,16.33,-18,105,64,44.86,-43
41.52,-21.73,35,7,46.35,-7.2,-3.55,121,42.22,-24,57,2,-19.45,11.6,73.44,103,-11.21,128,12,20.46,-4.45,-13.06,122,-6,21.88
18.96,27,70.85,62.64,-8.32,-18,58.13,-19.12,-41,-46,10.86,-18.24,31.08,56.94,-49,-23,66.72,40.12,-30,-38,34,18,40.54,55.98,72.79
49,128,-7,64,55.9,-20.43,-13,39.32,-12.44,-8.14,-15.64,55,55.73,25,25.1,71,63.61,-2.16,15,117,-1.96,111,20,16.02,30
76,-24,41,24.48,37.73,22.96,136,22,-21.57,70,58.54,39.92,132,112,46.85,-3,57.41,45,-38,72.41,90,32,17.41,62,-12
39,19.51,-8,-34,-13.82,143,106,51.16,65.62,9.5,-33,-49,52.18,-40,88,19.63,51.1,91,-23,39,19.49,-42,42,117,128
-18.13,30,129,-36,65,93,57,149,-27,63.65,-36,3.34,42.95,14.19,14,80,-3.26,17.79,-14,55.46,36.51,97,96,102,94
43,128,33.76,125,107,-29,48,4.95,64.43,103,60,9,60.7,67,-31,39,-12.42,123,71.27,35,-33,15.41,86,46,48.9
3.99,116,73,-27,127,140,-6.16,10,53,0.3,7,57.34,9.82,99,26.44,29,81,118,43,103,71,2.31,-2.7,7.21,47.02
-22.18,16.93,53,-42,76,50.09,51.86,81,81,54.28,5.47,100,26.59,57.37,-44,-24,8.8,115,18.22,-0.46,-20.14,0.51,1,77,-12.45
17.38,21,120,32.87,64.14,37.28,146,119,125,25.51,-9.69,34.26,-17.01,124,-19.97,29,57.91,34.73,-8,113,-9,57.53,57.09,-3,-18
139,-46,-6,43.3,12.3,113,115,73.62,15.35,62,-19,13.67,30,67.02,94,-21,51.95,126,11,122,112,63.36,101,34.27,24.34
-6,38.56,21,112,-23.45,45.67,58.84,-46,28,36,4,82,10.63,93,6.8,108,5.47,90,-13,17.63,87,-9.79,-0.65,78,61.53
86,-6.18,1.43,19,64.24,5.69,52,75,69,-27,83,37.25,121,84,43,36.37,58,-45,40.68,-4,51.96,21.56,134,-34,25.41
-10.92,13,55.13,75,80,48.56,61.22,84,-23.64,-0.05,114,-14,43,23.24,-16.78,54,34,73,-33,14,145,8,60,-17.09,61
-16,85,-18.14,110,26.67,17.07,9.93,20.56,69,20.16,-9.04,80,57.61,148,42,83,19.95,-36,-19.58,-22,51.15,11,32,60.17,135
109,119,136,134,7,16,-11,13,35.59,86,95,118,31,69,143,-27,67,92,103,-33,-14,-3,124,69,64.66
100,92,66,27.34,6.14,3,31.87,30.1,122,138,-41,21,-13.45,-12,90,107,39,46,57.84,-43,25,46,68,116,101
102,1,-26,29.21,56.78,122,24.33,-12,50,63,143,106,109,-30,4.12,73.11,33.04,103,61.43,132,-39,69,21.16,31,77
8.43,5,108,9,17.62,116,20.66,32.24,96,21,124,-15.4,99,96,-16.47,115,127,102,-45,0.24,110,48.95,18,-18.56,-43
68.04,7.52,20,64,76,34,71.23,56.44,62,35.99,68.28,49.38,43,41.98,47.88,-8.08,0,-2.59,15.46,112,-23.58,49.48,103,-8,27.27
145,113,-1,43.11,66,-29,103,85,81,137,-13,-20,-10,83,98,-6,127,30.32,115,-5.5,149,109,112,20.47,18.98
7,33.63,62,128,89,48.07,-27,6.46,-18,41.76,-1.57,4,-11,21.82,-4.11,37,5,-27,60.15,44,-20.68,63,57,12.89,-11.3
-29,149,113,48,47,-2.93,30.87,54.41,69,41.29,80,130,-4.31,115,-29,60,98,4,21.72,59.74,47.7,-10.45,97,29,-6.38
130,114,-36,112,48,-0.27,40.67,56.18,23.01,92,84,14.05,-34,82,113,93,44.26,59.77,27.74,35.49,98,100,-33,23.18,52
140,99,-36,73.4,15.79,12,-24.47,81,51.42,118,-20,11.47,5,-40,-40,51.8,0.29,22.38,-42,76,53.37,68.48,36,56.61,45.9
-40,102,113,12,49.63,100,28.59,3.4,149,102,-5,-34,99,61.64,44.84,16.18,73.13,-42,50.73,64,22,127,95,148,103
87,3,31.2,7.72,-3.57,-12,-16.65,36.51,-6,43,58.16,11.92,12.39,60,25.01,52,60.35,28,79,60.04,69.9,4,34.82,74,91
29.96,0,98,42,74.09,-10.82,13.04,-5,14.92,74.71,44.99,56.11,55,-20.51,145,22.23,-22,147,86,137,79,5.89,71.43,13.59,2.39
-16,58,-23,-23.59,46.19,-30,56.53,10.73,-38,71.11,-50,121,-9,49.43,-24.09,131,92,51.51,-30,36.7,89,1.43,74.46,82,41
-25,-5,63,40,44.76,-5,89,111,48.28,-13.26,68.46,28.91,35,55.65,119,3,-4,-33,18.69,-4.32,137,19.54,-27,56.31,12
-10,58.68,34.97,87,-12,120,90,10.7,-47,73.97,30,-4.29,-4.99,-40,47.76,42.22,13.87,74.41,-4.25,38.31,-31,64,46,68,-2
37.84,32.53,25.63,9,-4,71.62,-9,98,53,34,124,60,8,42,44,13.61,31.82,73.06,48,-1.2,-27,53,-7.05,69.25,47.25
7,51.95,-23,-23,32.02,47.02,140,-18.38,66.4,107,79,19,62,-11,35.81,46.68,34,29.64,144,9,49.92,-30,134,-16,16
44.06,-24,59.49,40,149,121,60.15,116,61.04,37,7.16,24,43,28,20.95,5.56,45,113,124,51.25,66,59.93,81,52,117
-11.19,67,86,14.68,-18,-44,131,62.14,-38,-41,-21.08,-7.27,-47,-19,-24.17,59.4,35.08,14,80,8,35.47,68,7.31,-25,-23.18
8,125,90,-0.02,-23,-44,-6.03,0.09,113,5.02,6.46,62,8,6,80,84,-13.78,129,68,-19.75,44,18.81,22,-14.34,-7
97,67,70,117,-42,28,-44,-14.36,-18,-7.01,33,40.85,112,88,62,61,47.75,48,-28,149,-41,25,48,-12,-22.33
-50,70.87,105,-1.62,-39,146,50.19,-21,66,9,30,61.27,94,27,51,-34,68.54,-12.69,41,6.7,24,-35,-23,-5,90
67.48,16.52,26.1,-45,118,119,9.44,-19.89,103,-18,-4,50.36,82,-15,-6,117,82,103,127,39.34,132,122,18,77,17
33.35,20,43.84,109,56.27,76,40,-13,32.03,-43,-17.05,12.93,93,44.26,103,0.76,57.72,54.65,-42,27.2,34.64,-8.48,46,125,16.55
92,-4.6,-2.68,133,22.68,-26,43.42,58.14,21,1.17,27.37,21,34.45,74,27.82,57,148,-8,69,-3.98,27,-22,29.23,8,78
110,-46,-3,40.71,94,74,24,16.24,134,10.5,17.44,47.25,-22.19,127,24,-50,117,120,68.62,91,-20,-32,-11.77,142,60.18
-38,27.06,-1.74,15.02,31,59,25,126,10,119,26.64,88,23,112,-3,20.24,44,10.65,-7,75,37,45,18.25,23.16,99
16,142,53,52,53.97,60,57.23,138,39.18,60.19,69.75,-3.52,40,34.82,51,124,-23,138,-23.45,-5,-11,134,6,53,56.23
76,-7.4,-19.9,-32,142,-7.44,53.27,56,-40,17,58,-36,-17.11,3.34,-22.07,61.6,-50,-4,138,108,41,-7.76,-13.64,-32,17
-28,45.02,52,-6,54,147,5,56,-1.68,48.54,103,14.37,138,145,10.2,11,-3,83,56,19,15.11,-6,126,-4,49.83
96,-22.46,-22,54,27,-0.93,-3,80,-19.71,-25,21.86,53.17,-1.75,16.67,6.56,127,95,-42,-50,12,0,22.24,121,17,32.62
-18.3,139,-25,-12.07,58.42,-18,49,97,80,22.52,146,34.05,-23,86,112,67.08,54,104,82,-2,48.11,1.39,-35,26,8
45.02,9.59,16.77,124,-34,37.48,69.58,-8.74,11,21.44,-32,145,46,9,-12.42,141,31.24,58,-10.82,52,29.81,64.52,21.27,29.01,12
39,75,5.77,58.77,26.65,144,-14,92,21,-27,-12.75,36.4,63.9,-9,55,1.52,-39,-19.75,-45,0,43.47,42.57,-43,72,2.65
123,-14.63,-2,-43,83,3.11,149,52.31,123,95,103,4.87,-20.89,9,79,110,8,79,-28,14,68,-26,112,69.22,38.29
-21,65,6,27.49,118,55.82,33.97,-6.06,-13.3,80,136,74,43.93,133,-23,97,31,93,32.15,59.37,57.71,3,120,71,5.36
-10.91,38,29.83,30,61.84,6,-15,102,40,4.23,-37,74.56,62,-50,56.28,-8.51,-11,0.1,78,17.2,17,45.5,48,93,6
25,54.82,-48,126,7,28.89,-43,6,42,-23.83,21,26,-5.33,-14.18,103,115,51,124,0,73.1,16.75,43,5.66,138,140
50.24,-21.97,-43,63.09,24.22,18.49,47,69,27.86,-5,6,53.01,67.96,48.22,70.07,81,-5,-19.72,136,-19,-10,3.86,86,-49,53
-46,79,-34,8.71,25,3.31,56.66,9.09,31,105,36.93,-4.25,67.1,-24,118,58,31,119,109,0.47,29.26,78,127,29.48,59
147,-13.11,-10,100,66.05,-4.38,91,-15.07,35.86,5,142,67,53,-16.24,30,39,108,36.64,-6.05,82,53,44.98,101,17.65,32.39
19,48,11.25,95,-7,-2,147,-21.56,-35,-3.56,-21.26,55,142,106,16.57,-7.45,33.85,131,-27,146,63.74,16.22,122,42.86,93
57.47,15.5,14,53,44,88,-10.12,31.68,-39,132,125,-10,-47,124,141,27,133,30,43.97,54.48,72,72.12,65.45,-17,47.45
145,90,51.94,74.54,-8.64,46.97,36.32,26.58,32,35,25,34.83,6.84,-16.51,-42,23.16,31.48,-19.78,60,59.34,-46,28,112,80,39
18.52,50.5,62,30.54,-9,116,104,46,30.14,70,55,-21,61,-46,55.89,69,60.21,30.68,30,-18.95,-2,21.18,104,-35,46
146,59,-12,-22.65,-4,138,135,126,22.43,22.94,62.71,49.49,30.57,-14,8.89,58.2,19,133,-22.19,-3,52.64,84,83,6.93,-17.47
148,59.84,115,122,58,70.59,94,7,73,28,139,48,138,116,-10.07,22.38,65.1,3.29,57,-47,66.91,44.77,-31,63,44
0.74,8,-29,43.68,25,13.61,105,141,89,32.49,47.06,60.64,4.17,2.44,-33,84,19.23,28,67,74,34,15.97,44,-29,16.1
-1,44.12,-17,36.79,14.3,-15.93,141,7,-29,125,7,34,11,70.2,42,20,26.33,36.05,57,30,-19,-5,131,37,11.23
1,50,-16.44,9,-14,-15.14,25,74.5,67,40.91,34,102,-26,62,131,21.88,-13,69,-35,11.43,-11.28,68.83,80,3.79,78
7,45,123,7.79,10.41,23.31,60.33,41,67.47,49.46,9,120,-14,39.34,46.69,125,-39,19,111,29.88,-7.05,72.08,46.59,92,-12.23
9.98,-5.96,36,39,8.21,48.81,-29,32,10,28,-41,122,32,17.86,70,63,6,148,56.09,-35,-37,73,145,35.71,115
-50,134,-13.44,-39,67,-5,-38,-26,27,39,62,1.59,96,143,66,-8.73,21.08,18.63,-45,76,62.31,39,-10.19,17.66,76
-22,51,51.88,142,47,85,29,25.33,-1.37,-2.82,98,-9.42,29.51,15.06,-19,34,71.35,0,-15,125,78,67.18,53.68,24,25
69.16,131,78,-48,19,12.75,68.45,-21,118,98,53.36,-30,84,-42,-20,-37,-9.83,29.25,-17.38,30,36.48,74.08,51,74,-10
84,-18,-17.49,30,-12.96,-7.34,115,-20,-24.94,0.37,14.67,75,98,18.93,30,-43,49,108,144,-5.78,-17,38,3.51,86,50
74.97,-11.06,72,29,57.53,1.32,-4.5,60.27,-21,26.81,143,41.41,144,7.84,18.78,17,59.41,-7.45,-8,40.31,138,92,133,55.49,40
50.55,112,2.82,2.39,65.05,2,-0.54,-14.54,76,-43,39,27.33,32,25,144,7,36.03,13.01,-28,-7.69,-16,42.82,-43,-18.46,4.82
-33,-5.84,69.61,36.06,0.68,46.46,140,3.13,9,-9.66,-34,52,62.01,-21.96,12,68.93,53,-31,76,-8,4.17,101,47.59,-21,-46
91,23,126,25,9,17,50,-18,-45,23.63,48.47,-10,15,23,149,28.62,-25,-2.01,68,58,-14.42,50.89,19.45,39.22,70.1
44.27,-5.26,26.95,-12.04,30.98,13,19.19,42.3,88,-18,19,16,143,-2.1,124,-12,-15,54.63,33,22.03,63,-24,51,66.49,11
67,75,33,131,50,135,-5,21.96,25.62,79,122,-2.66,28.96,34.35,16.92,-19.83,28,104,125,59.79,95,-32,128,45.76,-12
15.19,128,22.59,51,58.25,25.73,122,137,-11.9,-18,40.5,2,57.61,46.71,32.41,51.09,59.33,95,-16,95,21,47.46,-34,28,23.88
96,149,-35,53.49,-7,53,48.68,50.26,22.9,113,38.34,-21,-24,18.7,147,141,51.92,57,104,24.76,22.37,10,71,14.86,17
62.34,2.31,16.65,-18.48,-5,4.86,-15,41,27.22,-9.58,-23,88,62,-19.12,60,140,51,-11.46,17.26,38.5,28,9.79,148,19.67,-39
11.11,6.8,31,2,67.09,96,-24,49.61,-44,142,55.98,128,-9,18.4,111,107,80,32.43,62,44,-3.33,37,77,34,-12
40.61,23.21,34.88,31.65,7.91,48.57,24,18,17.49,-23.85,60,55.72,135,-21.03,111,-7,118,67,37,-38,4.45,74,69,-2,12
-2,-39,5,73.74,51,77,16,-15,38,87,141,23,75,14,-20,14,8.17,66.84,141,45.85,41.32,58,137,71.43,29
110,126,-15,-11.35,41.45,38.55,25.07,27,-11,119,120,30.97,40.85,24,48.28,97,-6,91,-40,102,116,109,85,126,-27
48.92,45,52,-7,-20.36,0.56,101,146,-3,11.19,79,23.89,41.22,-28,30.66,16,93,-9.48,115,-34,-4.71,-19,79,3.83,34.37
139,41.62,6,6,14,70.51,68.99,-30,-17.64,74,-3.62,-17,39.29,146,118,73,24.23,134,-37,-13,51,17.17,13,5.21,42.93
48.54,129,-13.16,70,-16,120,145,6,104,-41,37,-4.45,72.85,83,22.57,31,131,61.83,-23,-19.51,-19.66,-35,7,-26,78
-7,9.69,-31,142,13.88,92,113,66.81,-17,142,-15,-13.42,-1,-4,113,91,50.07,131,80,36,149,111,-22.15,94,64.88
40,3.98,-13.35,37.66,2,-19,96,-6,81,65.64,60,-10.32,-50,91,24,67.61,38.78,34,120,-47,10.8,126,48.12,8.29,-12.97
48.48,-30,4.92,43.98,87,124,37.05,96,144,53.02,63.96,61,50.2,-25,-19,94,16.54,36.3,148,-42,-10.14,72,62,-21,-17.99
10.07,20.24,-6.01,89,-17.61,-15,22.99,32.04,-33,126,60,55,43.37,70,133,7,40.89,7,17.46,25.47,102,23,60.13,7,78
25.8,112,91,94,135,57.35,83,144,33.58,3.99,-1.81,40,72,138,-4.75,-10,-13,1.09,20.84,20,59,93,5.02,-21,46
76,46.29,-27,-31,-18,-16,55.92,37.56,24.86,-23.03,-24.2,-18.65,-18,-16.39,52,52.5,27,62,28.93,-22,-48,-18.88,44.59,68.19,29
137,41.15,97,43,79,21,-3.54,17,61,74.14,140,53.15,63.21,16.58,52.48,-21,38.25,22,55.59,74,145,110,-22,97,60.81
14,54,49.66,-41,133,15.32,67,20,-23.36,23.24,35,-8,-29,23.47,128,2,-1.47,139,-4.95,72.97,21,90,-13,71,83
2.77,92,-33,-20.37,-8.61,-5,32,21.61,7,-3.42,68,-28,121,85,94,33.05,-6.94,148,140,97,143,-18.17,20,93,44
-11.37,113,-11.71,22.45,-15.73,96,72,121,65.8,137,34,100,-31,2.11,13.88,-37,-8.4,110,-16.47,-26,1,-13.37,-32,-23.72,71
53,50.12,3.41,49,29,25,117,36.72,113,56,44.84,123,10.94,117,94,51,19.73,27.66,22.5,-19,-50,69.26,93,-24,126
34.5,147,126,70,-5.63,-47,14,-22,-21.19,72.1,81,40,20.68,41,-17.26,-15,98,134,26.85,48.23,33.01,4.86,38.64,-0.57,139
86,94,41,17.08,40,101,-24,67.08,-14,36,127,45.56,60,42.19,131,40,79,-27,-6,-4,-23.47,43,70,53.96,12.61
47.55,21.55,55.41,19,31,-16,98,75,0.56,59.6,7,22.14,53.4,7.11,-23,100,88,107,17,117,-49,11,141,-37,67
43.29,-45,0.4,-6.26,98,29,107,3,33,139,125,21.7,137,-24.54,133,45,125,135,-35,-46,31.85,100,-13,-15,-18
-30,-3,86,78,-3.25,58.71,54.46,-35,117,60.45,52.33,-28,141,20,-15.28,37.15,130,141,-25,29,104,14,59.62,67,78
1.55,63.17,126,18,59.51,64.87,8.53,65.5,-13.17,59,76,-18,109,47,143,-2.12,51,54.59,30.48,31,-6.08,38,69,103,43
98,-13,111,-16.86,30.5,25,-24.39,53.2,4,107,72.93,63,10,121,46,8,9.79,72.2,101,69,14.82,52,53,68,4.9
138,139,-17,24,-4.85,82,-30,51,57,44,-18.23,62.37,101,4.77,56.83,67,32.05,-4.75,30.03,65.09,51,-30,10.28,119,67
66.09,116,-24.69,31,59.85,9,42.92,117,103,13.49,43,-41,73,88,1.37,83,148,109,88,27.88,69.28,-21.42,27.92,-23,13
65,1.7,-27,30,35,-16,113,51,-9.36,7,58,-12,15.72,106,133,10,41,122,59,27,144,15.23,-9.23,72,49
22,18,117,72.95,66,-24,15.38,-4.03,-17,37,27,-7,75,40.73,36,-7.55,34.38,141,92,19,-24.57,-5.25,47,148,0.04
64,14,22.06,72.77,149,-12,-49,77,-9,98,67.31,-47,-22.44,-4,47,34,94,23.34,147,16.82,14,49,113,0.7,75
105,-6,19.12,60.22,77,28.55,-23.39,19.87,-49,-2,-29,28.37,49,77,-5.74,67.12,71,74.38,70.9,-8.25,70,53.09,130,77,-44
74,46.07,118,7.58,54.01,-31,5.2,24.48,-33,77,-12,29,-35,45.73,74,15,42,62,-4.77,-2.13,20.85,119,62.48,71.93,21
42.31,94,27,-34,128,-0.72,35,12.38,-21,-22,39.84,19.27,-26,3,66,13,59,58,12,103,-19,122,48,-16,-45
4.24,24,106,8,108,72,44,-10.49,26,125,2.9,53.36,67.2,33,131,60,-49,137,-12.27,-27,74.04,80,20,62,2
57,14,74.81,-23,56,74.76,-11,-35,-19,46,46,6.63,73.55,60.41,96,-21,29.67,-18,106,24,14.54,-36,-37,120,52.1
67,21,-44,91,54.43,107,24,77,-20,-3,-36,92,33,147,81,24.49,-12.6,123,18,78,144,-46,-8.9,41.26,35
105,-9.99,124,11,2,-37,111,32,-19.47,9.13,135,-21,108,-11,25.12,26.08,34,35.48,63,63,-36,-9.03,-46,-15,-29
33.48,60.67,-33,35,-39,100,-6,-3.1,6.15,85,9.48,-1,122,40.99,1.86,92,28.67,32,-20.64,70.3,57,15.6,19.1,50.13,10
-4.67,71.8,88,40,64,18.77,30,120,-3.95,0,29.88,57.31,68,-8.43,32.73,149,-9.66,-9.78,38,-7.11,13,137,60.91,69,-21.82
111,-13,44,63,125,18,-31,79,57.41,146,30.8,-16.49,0.86,79,29.99,42,21.04,-23,-6.5,-9.79,0.13,44.2,137,-36,71.07
139,106,137,12,11.75,55,45.49,-18.42,49.95,124,20.25,45,64.94,9.03,13.49,68.13,18,60,37.42,73.56,-14,5.7,129,50.16,52
45,57,21.21,95,-5.6,74.08,91,-37,16,10.78,29.99,144,34.39,63.96,52.52,54.67,-42,48.04,110,93,63,142,-6.35,-12,35.4
-26,41.54,28.39,144,8,-18.93,67,116,7.79,-22.04,35.61,0.69,59.46,-14,41.62,51.58,37.2,60,-4.27,19.54,18,-21,121,32,32.84
-12,56.83,52,16.18,89,94,-16.48,-38,93,59.01,76,-24.78,29.88,6.66,115,-39,121,146,-3.39,15.36,-4.64,10.88,51.89,-22,-7.12
104,-22,67.22,78,40,-41,146,38,-10,68.67,36,146,118,-8,9,14.9,33,19,71.93,6,2,91,54,-46,-18.45
90,84,43.83,54.71,45.91,3.94,-35,71,23.28,84,0.1,3.69,10.81,-12,-22.95,-35,-44,70.01,109,2.3,-35,-4.2,-4.43,98,103
70.19,-11.3,118,27,147,141,146,-23.28,6.26,34.61,103,-14,119,84,8.73,137,0.11,-24,-13.85,26.66,72,13,113,-28,49.85
-14,-21.75,34.87,41.31,136,-20,139,81,58.92,-11.07,115,-5,-2.52,-9.78,83,40.68,-7.66,70.16,115,61.85,-21.78,48.37,10,27.48,41.36
68,64,-42,66,62,-50,-11,70.03,22.45,0.37,94,58,35.55,-23.67,120,-23.01,93,65,91,119,59.13,98,43,24,0.68
72,79,116,-46,2.85,69.19,7.05,135,105,40.6,148,27,140,-35,69.49,55.71,-10,-21.89,36.13,135,48.51,47,148,125,-30
-7,18.76,13.49,-10.88,106,75,60,-37,65,-47,44.98,33,-15.9,-6.66,68.89,40.74,34.55,25,74.37,14.55,56.87,68.7,74,-19.78,-49
37,6,-11,30,22.58,-24.03,47,9,-5,64.77,105,75,65,-9.77,51.7,108,63.62,-24.09,95,66.94,56,-7.13,-19,14,-48
2.33,-5,40,4.46,42.69,51.51,39,-11,135,-48,15,-3.26,39,39.59,-27,36.82,69.85,23,61.38,31.4,42.11,-18,-4,-17,-3.91
68,86,8.12,136,29.22,15,-22.16,72.59,40.92,48.14,122,16.03,30.7,61.6,-24,34.82,48.63,-49,24.31,-20.41,83,3.57,32,47,72.73
-33,16.98,50.37,75,25,71.86,93,46,62.6,83,139,-50,-22.55,-39,-12.86,42.34,99,60.57,-17,-27,52.75,62.92,140,16,3.03
31,-9.76,-42,68,24,3,-41,139,7,16.13,-24,100,43.15,41.98,149,12.22,-26,29.24,39,-20,64.6,67.02,64.03,52,72.92
-25,20,96,20.64,-0.98,-35,39.36,5.26,95,45.1,18.12,67.38,59.44,60.95,27,34,-45,-4,-9,-45,54.67,83,60,38,43.59
25,148,32,10.22,55.33,99,-23.85,115,0,21.63,-1.22,13.75,-20,-24.46,11.87,49.5,3.65,-19,114,-28,142,43.08,-14,-2.69,129
1,33,11.34,-24,8.68,11,-16.38,29.81,39,16,83,0.9,35.93,1.03,-38,75,149,41.62,128,87,-21,40,46.01,28.67,-27
12.51,8.32,-6,34,7.41,11.84,129,39.03,-20,50,23.26,59.16,117,49.35,-13,49.79,-10,53.45,-11,104,70,29.67,0.21,10.76,141
42.09,38.46,68.49,137,-9.34,55,29,63,134,55.76,36.9,21,140,39.6,3.13,61,-20.88,23.95,51.11,134,43,84,-21,-15,76
9.93,19,4,-23.28,105,-40,12.85,94,37.94,48,106,-46,-49,25.29,58.83,35,50.19,120,19,87,86,50,-40,56.96,61
23.58,69.55,39,107,29.41,13.14,61.88,-33,54.39,-2.29,38.5,2,27.76,64,27.27,-8,109,124,-14.62,62.65,15.98,124,16,11.68,-32
-1.92,-13.9,64,44,-16,72,138,11.79,95,-44,143,-26,124,66.14,38,21.22,146,31.94,-23,38.55,12.08,33.8,61.59,139,21
97,62,131,132,72.17,-2.19,14.66,38,66.26,7.48,143,-9,46.05,-5,101,36,144,47.75,-3.86,127,124,11.84,38.88,142,-20
25.44,50,129,-7.56,22,75,18.07,88,59.12,-14.91,145,-34,52,18,127,132,-50,-17,109,50,145,12.3,42.83,4.38,122
44.63,52.66,7.04,93,39,81,53,-5.27,35.32,-17,-19,39.63,27,9.52,-3,43,-20.92,115,1,-3.63,44.21,-28,19.88,36,72
0.72,68,27,74.43,-18.48,35.64,25.07,-19,46,27,12.13,55,129,64,-21.66,48.37,46.47,28.9,25,39.95,-32,-23.47,-10.24,6,-11
-43,87,-24.94,45.99,1.27,15,-13,66,79,50.71,149,16.39,27,108,47.33,100,28.59,50,-13,-46,-15.71,136,69.55,39.15,36
84,-6.14,63.08,-10.35,61.62,47.53,10.63,66,148,55.69,83,36.28,59.12,68,27.42,148,123,81,-40,53.99,14,49.88,29.89,20.11,140
19.33,47.42,12,22,71.57,19,-4.28,50.73,1.62,6,5,25,-22.09,32,-20.39,-30,141,77,38.91,24.76,-27,-8,3,48.36,-9.65
63,9.19,52.2,108,-37,122,-8.06,-19.61,71,121,81,48.05,118,-12.32,25.2,29.42,40.09,-4.77,-20,20,104,24,-18.31,42,53
-2.2,-2,17,29.13,62.44,41.62,73.04,16,67.89,-2,-30,25,28,28.8,19.78,93,32.73,32,44.53,33,28.86,20,-16,95,115
11,43.17,62,21,-25,44,79,3.54,-19,22.17,74,-22.78,-27,119,-6,139,60.73,130,116,27.63,1.31,65.2,39,-22,60
20.28,-16.7,11.77,14,-15,28,110,33,86,19.77,85,-21.88,61,17.93,92,62,28.99,-24.24,117,77,-21.66,-0.97,47,0.59,56
36,19,44.16,141,49.18,105,-3.81,-24.52,2.89,-21.71,-12,24.36,79,-0.05,37,1.31,40.16,56.02,69,8.02,13,118,72.27,87,64
63.51,62.59,-13,-10.99,70,68,40,108,142,78,120,66.35,25.49,93,-3,78,10.81,71.13,17,77,30,67.01,68,-7,50
31,43.31,9,27.63,26.1,0,-12.19,48.89,20.34,132,69.79,36,25,53,-40,11.23,12,99,64.26,35.71,113,90,45.89,11.74,-26
72,71,17,14,-27,3,-12.29,65.34,40.42,112,45.15,88,16.04,-7.89,30,33.85,12,13,12.46,61,12,26.86,54,61,46
22.82,-6.7,118,47.02,1.33,-14,39,33.32,56,36.72,69,0.48,104,42,144,-15.87,43.24,38,60.22,-0.46,15.85,101,62,-13,55.88
16.18,97,62,125,61,119,9,15,-38,69.79,-45,-22.65,54,81,-20.49,21,20.66,47.68,-4.81,65.44,-37,18,-28,118,34.9
141,17.36,24.4,59.61,18,-24.29,137,-2.87,48.21,-47,15.22,-11,22,-36,21.01,63.65,29,19.09,83,60,149,70.19,-22.09,-7.61,-30
-16,14.89,112,78,-14.98,13.72,-36,66,33.67,133,49,101,140,9,33.86,30.78,121,-11.51,23.9,-18,36,-4.58,96,34,71
-44,97,17.51,48.07,3.94,55,-23,4.04,4,51.09,60,57,148,15.48,35,-1.85,83,-18,53,109,40.57,135,41.3,-18,39
132,64,-4,68,-7.14,11.32,10,97,-14,4,-42,-32,-18,5,-3,-11.24,12.83,27,58.14,42,4,35.44,-9.22,58.69,40
70.64,26.46,60,71,78,-16.39,30,16.51,12.89,71,86,143,14.6,9,-5.55,103,138,-10,131,64.39,-24.05,98,85,97,131
132,13,-3.65,-20.73,43,135,94,96,7,31.86,-7.92,33,17.6,7,65,30,-19,78,112,57,-10,62.11,43.26,13,-22
37,128,92,26,116,24,75,-7,-3.69,11.51,134,-36,-31,20,87,21.33,122,-14.43,72.27,-34,-2.19,83,-39,102,-16
92,-29,50.19,-20.53,38.65,30.14,-10.3,-23,146,59.98,-13,72.32,-0.58,121,119,128,110,-29,23,31.81,-32,-24,54.5,-29,133
-3.89,62,98,37.24,100,59,35,58,25,17,-1.02,73.78,16,144,27,61.39,52.75,115,-22.62,71.73,-10.48,52,138,-13.07,50
-14,15.65,68.88,21.51,129,-21,124,50,15.26,32,-28,51,37,28.87,128,-46,144,67.87,-3,-22,57,-9.95,30.89,118,23
22,32,41,40.78,60,-0.9,-12,50.88,24,63.9,146,95,135,129,67.29,13,47,-38,-12,12.11,-15,-29,89,78,6.51
52,135,67.84,26.76,39.58,16,108,26.05,-16.68,-34,11.59,34,101,105,13.71,135,-15.64,72,146,-11.96,55,55,84,2,-13
113,1.13,73.69,64,12.57,36,53.18,49.17,19,-22.18,101,71,40,29.94,-3,73.1,-12.21,2,-20,-3.99,143,39.57,28.39,45,-11
80,-43,-22.13,-45,28,51.13,-11,35.69,12.66,139,66.03,-7,133,13.98,6.47,69.03,15.69,2.73,109,74.2,-27,24,26.44,-28,30
90,-0.63,-1,25.23,-9,-31,-3.69,29,-27,-7,8.74,-24,63.22,140,28.04,13.02,55.84,109,61.4,7,29.38,18.02,25,102,104
-20.83,-12,59.67,-40,46,-7,21.44,58.42,122,6,25.96,13,12,68.63,110,-11.84,8.29,121,38.48,35.79,71.18,-12,27.75,53,-3
71.32,141,40,41,31,12.7,82,63.58,67.1,99,90,41.35,15.91,42.92,36.29,-34,106,-16,-31,46.91,84,-17,75,71.59,46
-26,-10.7,-20.3,44,70.09,108,11.83,147,14.09,120,38,73.67,-16,29.11,-36,-4.05,48,-10.77,5.95,-34,-4.2,-8.9,-3.01,2.52,60.62
88,38.89,109,80,22.62,-8.37,21,27.88,27,69.6,74.48,-19.76,79,136,11,63.42,74,11.88,34,130,133,62.6,106,60.24,18.48
-29,-6,58.48,-18,2.91,-4,60,-12.34,72.39,145,13,37.46,-33,58,54,78,-20,-20.24,29.06,48.96,72.14,38,78,27.54,29
-35,27.8,-21.23,5.63,41.97,77,58.64,11,11,55,132,85,27,-20,13,61.27,-15.87,79,43,47.86,-49,13,15.56,-0.42,23.49
-15,43.38,55,55,-21.74,80,57.26,3.31,126,34,68,-11,3,101,85,11.43,144,2,90,101,48.89,29,93,27.99,18.43
-2,30.07,31.97,4,-32,68.46,63,73,-9,-31,59,71,13,115,22.12,0,96,148,-22,56.92,10,51.93,-32,26,100
84,2.51,-19,44,-10.25,21.77,101,83,17,66.35,-30,-47,133,88,3,134,114,38,70.49,64.69,98,50.05,-10,53.84,134
-46,22.65,126,129,61,1,20.05,14,-14,140,34.5,72.2,49.07,-17.18,61.47,66.47,47,25,28.41,16.88,10.92,-16.6,-15,68.5,14.89
139,84,10,13,-0.57,14,-33,20.56,80,59.67,29.9,5,45.3,125,6.56,-11.28,-12.86,32.02,16,52,-26,27,0.38,-44,83
-31,-12,136,30.96,10,79,67,54.69,43.22,101,140,26,104,72,57.42,16,22.01,26.12,124,-19.37,-18,-20.19,59,145,96
130,104,-33,-20.56,-20.68,48,4,38,0.78,70,-40,-22,95,80,64.77,97,55.79,111,-22.1,61.82,6,109,35.05,54,73.59
25.36,61,-29,121,147,45,8,136,-26,64.88,41,18.78,-2.07,-8,89,147,35.21,56.97,17,15.09,36,115,126,26.44,-9
12.64,-9.37,19.67,21.48,-25,37.41,13.38,15,29.05,45.48,-36,73,-3.27,-45,91,88,109,129,105,-13,-26,39.61,23.57,71,35
-19,74,18.09,99,-6.72,58.7,58.2,11.63,65.53,89,40,8.93,-29,-27,-50,55.32,31,-2,22,64.84,-21,72,51.57,62.96,72.98
-44,17,50.65,74.69,9.51,68.5,-48,8,63.43,133,-41,-18,33,132,128,149,-15.93,87,96,-28,-22,5.86,143,-6,2.51
-19,-10.75,88,111,77,56.81,99,24,-9.14,45.68,25.53,11.87,-8,20,28.21,88,12.08,50.09,59.63,49.13,29.44,-5.09,-23.61,12.9,17.6
59.12,32.17,146,88,66.94,4.35,26,25.7,-5,-42,18,63.69,12.92,58,35.43,34,-5.86,-24.5,-13,117,-47,72.2,127,100,-48
103,15.72,-37,-34,14,-36,45,80,122,92,-17,-47,129,-41,100,53,125,96,33.12,93,-8,24.01,-5.71,105,145
89,-36,32.66,118,-19.97,50,-48,-47,-16,31,25.23,118,63.65,40.12,39.19,11,31.47,125,22.96,15.37,33.57,105,-34,83,44.36
15.31,114,-17.75,123,-13,37,-38,9.34,-9,-9,51,140,32,34.71,99,-20.37,74,43.46,-27,15,-14,11,63.99,108,11
-22.19,72.63,-1,86,77,119,82,-8,50.19,-33,32,23.51,36,14,113,12.52,115,40,98,126,1,-9.1,-17.13,81,59.93
39.04,46.77,15.03,128,14,26.29,72,115,64,43,-25,74,15.99,121,144,137,17,11,67,77,7,-11.4,113,24,-10.6
-6,129,6,-7.01,51.98,51.58,1.7,-10.88,15.73,10.07,63.36,29,23.95,54.06,51,-19.66,34,24.33,8,42.61,116,46.68,127,144,37
29.76,73,24.01,54.79,-5.62,103,64.3,78,6.87,49.32,126,138,10,130,29.03,39,133,5,62,10.96,8,-14.95,-16,47,53.08
119,27,52,10,29.25,-33,134,49,72.68,13.79,68,62,44,4.64,130,-47,-21.02,17.58,136,30.59,55.85,67.67,76,49.65,-28
-15,-30,11.76,98,130,-17.48,25.72,55.58,-11,143,61.29,42,124,-21.33,40.7,36.28,-49,63,10,72.33,47.99,89,84,148,108
45.73,56.36,124,50,84,-0.68,91,129,23.53,102,-0.87,-9,-44,26,-21.32,81,-23.87,32,12.14,23.61,126,104,69,83,42.82
-16,104,54.29,101,34.19,-12.97,44.8,138,26,127,83,10.39,-23,16.18,0.25,49.17,65,51,66,58,138,13.7,-22.74,22,-1.48
-21,-3,-14,61,124,129,-38,-33,64,-23.99,22,132,139,38.72,-45,2.13,0,147,47.26,41.4,41.76,92,121,1.39,89
-36,62.53,34.02,140,-20.84,-48,56,43,65.06,-1,44.91,8.03,19.93,145,88,-27,-21,-4.45,37,2.19,20,93,130,10.4,84
67,132,113,21,36.01,87,-4.37,27.99,-9,51.98,13.91,114,31,31,-18,55.39,42,95,138,81,2.9,96,138,59,104
121,31,15,30.08,66.47,146,41.69,-42,25,85,55.59,-11,42.11,53,34.91,52.55,22,95,6.73,-8,-2.56,52,-12,15.32,78
31.33,67.18,-20.96,127,74,15,3,57.92,26.08,24.25,72,66,111,-18,43.3,53.65,-15.53,71,32,59.05,-15.83,121,87,44.65,49.06
15.11,-0.79,18,31,43.36,-27,106,57,-22,135,-13,104,139,44.48,14,60,-24,18,-1,-22.02,44.87,-14.73,37.63,127,52
72,105,-11.85,-4,73.95,94,-7.28,73.66,-10,-0.21,13.54,22.89,48,-11,4,-8,31.33,74,125,-7.23,47,133,73.84,56,-18.28
83,61.06,-45,50.34,-5,-17,-20,14.55,14.24,81,66.02,148,-7,105,101,14.38,3,9.46,146,10,52.43,95,16.46,110,60.59
128,5,128,-24.51,95,63.86,65.67,-8.67,64,-28,140,61,74.06,-16,101,68.82,-12.71,45.71,-22.67,2.06,-5,65.22,-5,-24,-5.11
3,121,149,42.76,18.43,21.59,7,105,62,42,-14,27,-40,96,31.94,3.08,39,110,138,22.77,68,-24.62,69.59,77,86
-22,42.13,59,-9,23.39,78,102,140,-7.51,54,93,-37,-25,107,69.71,7.53,49.38,74,4.51,-29,-32,94,128,57.19,11.17
40.54,27.93,25,24.84,14,7,-22,7,15.92,-46,-44,50.19,-20.16,3,61.46,55,82,-45,43.84,68.04,-7,59.12,55.28,129,47.4
37.22,-3.63,106,137,7,16,26.84,54.23,78,82,99,-7.9,-12.22,39.24,135,97,134,-4,31.95,33,53,115,68,56,9
48.73,50,19.85,66,53.64,55,-23.55,14.56,-25,-46,40,-18.53,-14.25,126,23.35,-5,23,72.6,55.27,131,-10,-15.57,37,-17.27,4.62
123,47.09,4.79,31.8,10,145,89,147,-6.1,18.95,54,72,63.44,127,116,3.58,48,-39,-34,29.18,-43,32.18,53,131,32
23.92,44,17,50,115,73,-45,14.1,73,-5.33,9.47,3,-40,-23,-9,-36,106,10.67,-1,6.77,8.92,19.97,64,17,84
57.02,-26,-5.87,24,4.78,-22,149,25.98,20,33,82,29,39,-35,60.16,-22,16,23.92,84,33,-20,-36,15.08,47,-43
29,36.24,57,46.23,-10.51,1,-19.6,53.91,29.19,53,-7.91,13,96,62.15,64.98,60.69,-41,54.44,5.31,141,62.11,127,44.73,5,23.53
23.46,140,58.13,58,68.38,146,-26,-6.2,-15,31.02,-3,21.88,111,12,12,51,28.62,37,51,30.94,7.87,28.1,25.77,33,-20.64
-22.31,-6.17,37.09,34.53,44.28,-25,33.21,0.95,113,21.58,3.18,33.94,121,0,-43,20.04,21,-11,-44,10.67,71.39,61,143,35,133
-28,39,48,144,65.76,149,26.97,56.44,109,27.3,10.3,-13.19,27,129,58,73.34,85,11,-48,138,147,43.76,15,-9.2,81
141,-15,58.15,52,49.89,2.26,14.61,120,-24.82,90,-33,67.44,31.17,26,100,-14.59,-15.48,50,43.04,59.68,70,-18.47,141,-2.1,45.66
-22.82,128,2.17,63.42,34,9.65,-5.95,57,55,69.6,93,-16.4,15.96,-18,44,52.5,113,15,110,56.93,142,22,29.01,4,27.21
33.38,106,37,88,56,81,-24.22,48.07,86,126,131,130,-50,120,43.21,-18,-9.36,25.26,144,-10,-48,19,18.58,94,2
26.88,4,37,23,75,45.73,40,-21.52,14,46.8,135,110,105,18,42.97,5.09,-48,141,44.07,62,125,22.51,-3.14,103,-46
14.72,52.43,39,67.18,54,9.86,87,68,41.77,-35,0,-10,11,31,-17,73,4.66,-5,32.22,-10.57,60.95,60.58,-11,-1.33,-50
11.77,-47,-21,56,26,146,-2.09,-15.2,39.67,-44,79,27.45,11.95,-18.49,31,120,17,6,112,-20,43,83,1.06,47,-11.38
-33,-43,-6,68,148,38.74,-41,-45,34,51.09,-48,145,31.09,70,12.13,41.59,62.6,74.91,-21,-6,-20.27,-23.9,123,40,134
12,6,2.93,9.68,-15.27,0.9,102,136,29,27.67,9.58,71.39,88,6.84,20,106,48.18,-7.34,31,90,43.47,-1.93,46,-8,-3.75
-13.7,50,65.52,84,-49,25,65.12,20.76,-2,11.93,4.46,141,1.05,61.75,14.39,11,-37,-25,29,130,-43,78,60.52,9.73,44.35
-41,20,-15.58,40.88,37.36,36.7,49,-19,-23,137,-5.5,136,-23.88,16.88,-19.93,34.38,67.65,-21.23,-34,1,68.23,-11.32,62,105,15.23
12.25,-12.46,45,46,-6,129,101,60.33,82,21,31,-1.03,0.75,-10.67,90,141,75,72,72.12,44,114,11,140,114,121
-11.17,31,-5.43,145,110,36,57.43,22,135,-45,148,-5.21,77,19.67,47,145,78,-8.92,36.01,72.39,3.57,-29,8.47,60.54,19.85
47,34.66,0,66,-0.67,31.76,129,42.75,132,-16,8.21,-12.47,52.36,-9.62,10,29.75,-25,57,45,-48,-11.49,-3.62,109,116,32
73,23,30.61,101,118,-21.69,48.1,63.92,5.55,-16,1,-48,11.49,55.46,140,-3,26,34.83,66.12,22.7,7.64,61,33.47,83,40.66
38,-3,147,0,-20.3,6.29,100,-34,44.14,-23,27.65,23,132,-23,41,27.65,35,78,45.77,16.46,22.52,72,57,25.16,-0.6
31,39.13,-50,60,78,11.23,-3.89,-13.65,-12,87,0.91,74,0,95,16,8.64,12,34,32.43,13.51,117,22.57,-31,43.46,-23.47
31,41,73,46,149,62,10.09,26.82,53.04,128,20.81,63.64,-24,1,148,61,46.97,77,104,-3,18,-17,95,127,3.84
64.6,76,-1.88,60,18.36,-6,34,89,-9.91,36.81,2,-17,33.5,0,-43,140,13.11,81,16,-24,-4,26.62,-7.57,61.1,3.14
1,-14,97,71.77,81,-15,52.4,37,3,2.51,54,69.94,122,87,125,89,56,36.55,-44,100,124,57.68,6,65,74.29
13.12,137,33,-21,-48,146,54.68,93,35,62.16,25,73.02,23.17,81,54,56,51,-17,64,29,3,49.35,67.25,51.89,93
-19,1.86,9,127,1,57.37,-13.59,56.25,29,-41,13.3,-5,34,58,49.96,21,6.88,61,78,120,56.85,25,86,-30,-27
6.31,59,127,63.44,141,131,-17,45.2,-0.66,65,10.02,-12,101,-18.12,-5.98,15,98,10.59,-23.81,-9.49,9.27,120,-20.02,-40,13.24
11.76,12.88,-15,-22.45,27.87,23.12,-15.62,56,73.95,136,-41,116,16.8,35.65,63,4,-28,-1,-49,53,113,56,61.28,-18.74,-19.22
-12,31.4,41,104,-44,138,79,148,86,95,79,12,-10.09,62.79,-6,77,4,-24,9.23,41,-7,-20,93,140,83
102,2.41,-11,104,-20,137,-4,105,6,-11.07,51.08,16,9.17,42,116,67.13,47,51.96,72.39,63.12,98,-11.73,15,63,5.22
14,29,-28,131,70,-41,104,3,70.27,143,-41,-40,-42,49.09,-19.34,55.39,50,90,17,-41,64,43.99,108,73.7,73.68
56.29,128,149,48,38,-6.63,60.63,57.45,32.89,144,21.14,40,22,98,13,46.7,55,-22,52.87,140,126,23.83,2.99,39,31
13.25,38.32,-35,69.96,65,-46,-20.47,-6.04,56.53,20.88,55.27,44.41,-18,-9,122,-7,-13.67,-10,-17.8,26.61,37,-12.33,-20.26,39.38,61
33.93,9,65,133,101,51.57,135,5,59,21.71,106,-14.76,99,58,13,-2.76,70,59,27.4,-50,-3.02,36,-4,68,123
-35,4.38,68,21.13,-15.21,71,82,143,71,143,15,87,61.36,67.75,109,30.66,63.53,42,-24.45,88,43,-17.59,120,25,68.64
63.49,50,15.94,90,14,31.64,114,32.77,-14.68,51,28,126,-20.22,23,29,81,24.82,84,2.24,54.58,123,133,96,-3.93,-30
115,113,-0.56,-15,-20.06,41.53,16.32,-7,3.57,9,18.72,143,-8.01,42.68,63,54,-23,-24.92,69.28,-13,24.35,25.72,104,18,35.23
111,-15.2,45,-18,-7.54,46.12,115,-22,21.48,-15,31.76,83,0,72,8,49.86,-9.84,35.29,-24,-33,125,23.15,12,105,59
2.87,-17,-3.78,-20.4,50,70.88,120,53,47.32,-5,-45,-21,142,-6,46,17.98,75,121,87,-38,70,29.57,40.66,96,78
20,60,117,-1,73.2,8.2,41,42,17,-2,17.77,63.18,71.98,-39,72.65,41.19,143,-11,114,-8.51,31,24.62,119,9.3,2.88
31,-49,66.45,73.54,63,28,-26,61.85,24,2,39.65,-16.3,98,7.17,53,21.86,126,-9,116,57.21,47.93,60.28,31.87,58.17,140
52,24.68,28,69.75,-9.94,32,-7.39,90,-16.8,-45,-34,-7.05,25,-17,-27,58,17,13,54,17.54,-35,-30,140,75,64
48.38,131,-7.52,22.62,-9,51.34,6.04,65,146,29.75,5,-3,-12.98,65,43,5.53,22.01,-4.95,-4.25,-31,-17,-15,137,57.34,-28
-25,-22.28,107,57,-5,11,86,10,26.74,15,54,-46,8.07,23,19.44,46,127,83,49,-9.52,134,2,59,77,64
60.97,-27,50.58,72.1,69.39,64.75,20,7.93,-13,3,105,62.59,35,23.05,36.65,62,-10,-11.12,31.81,146,69.02,15,48.54,0.64,47
12,-20.76,51.07,139,9.8,117,-20.13,-14.02,129,66.95,-1,63.62,65,57.54,49.29,31,57,135,-5.44,-3.54,127,59,-5,14,146
67.15,31.41,130,58.01,54.61,97,53.15,36.35,-17.08,1,73.87,51.15,63.65,23,120,30.99,91,2.8,35,103,-3.64,24.02,132,4,94
132,149,87,79,46,2,42.14,125,36.88,0,68.44,47,41,-23.48,62.21,-15.26,-26,-4,72.07,47.59,58.13,45,133,15,10.63
43,1.45,146,82,1,13,13.87,114,115,100,73,96,-9.63,38.32,-19,19.78,-8.41,67,29.58,36.55,-12.82,29.77,-47,36.35,46.34
-45,-24,70,105,119,47,140,148,116,-20.87,53.31,54,149,18,54,144,52,96,137,16,-19,54.08,19.62,61.01,101
-24,-17.56,-50,93,107,-19,1,103,-10,144,43.82,73.25,15.41,140,145,19.73,134,68.63,50.63,-1.95,37.3,37.97,43.75,118,89
139,73,10,-5.17,33,75,30.97,117,52,-17.57,-38,-9.47,10.68,41,50,62.3,-5.03,12.48,27,54.32,56,48.26,-18.63,121,19
44,-11.55,-43,148,91,-19.56,124,46,-2.77,89,109,-14,39,4,61.36,-38,8,54,103,125,19.55,-17.05,121,-32,59
66,-35,72.25,68.58,39,-27,137,64.95,26,47.99,41.31,60.45,47,7,93,43,-37,5,8.3,83,-18,59,71,-24.65,116
24.69,22.63,63.63,1,124,-24.26,21,22,55.21,30,23.95,-4,-12,53.93,48.79,-47,70.76,17,118,144,27,-21,39.83,147,60.62
53.52,17.27,-7.92,110,20.67,10,75,-3,140,-16,2,18,57,98,-8.78,41.59,-16.15,14.44,4.35,24.67,12.15,65.49,23.57,52.18,55.35
15.32,32,41.95,78,7.33,63,41.06,-49,17.28,12,-16.3,10,48.27,38.09,121,52,107,32.46,-7,-21.71,104,-6,-26,128,102
57.4,-35,34,8.23,-21.09,94,19,148,-18,13.86,23,63.76,64,10.09,17,61,7,128,-22.25,73.04,-14.81,56.08,-12,19,113
27.74,-6,142,45,137,-15.98,0,105,20,52.57,26.96,148,46.61,39,62.9,12,-39,14,-4.01,39,138,61.8,-29,-24.21,51.33
-36,62,47.77,42.34,-13.39,62.29,57,-1.39,32.23,13.19,-43,50.82,35.87,-48,78,18.54,54.88,120,72.44,14.48,66,103,69.99,-33,-8
127,149,11,40,46.51,-32,32.77,-35,26.16,1.4,46,-8.2,105,36,121,72,79,12.66,74,-11,38.03,58.58,31,62,9
0.57,148,13,107,-24.33,-5.76,-28,59.91,17.85,8.57,130,-14.91,66,105,20.31,35,-25,93,18.79,16.51,44,32,-30,-3.37,68
-22,59,38,16.64,102,16.84,120,18,10.9,-21,-38,-38,48,0,58,106,22.8,101,50.51,133,9.32,-22,134,-29,35
145,48.79,9.55,33.16,24.33,73.95,64.76,14,70.47,-9,29.12,-38,10.46,-22.89,107,2.83,16,44.93,14,18,133,9,-43,-37,136
36.37,118,-35,-5.35,36.49,32.63,4,59,-17.27,-13.84,88,33.27,54,-11,-12,68,53,8.04,116,69.73,-14.1,-35,-21.95,139,20.62
5,19,-0.77,5.51,139,-5,99,75,-24.69,65.98,27,-23.3,-35,131,78,73.51,48.08,125,-19,60.09,20.64,133,-44,29.34,-32
65.93,21.18,-8.74,-13.37,127,-2.91,-24.58,79,25.09,79,131,21,65,-8.53,-2.51,10.13,91,-4.59,50,41.86,83,138,-24,-16,122
-49,55.19,-36,15,27.91,-13,135,32.91,128,37.73,0.57,65.14,74,25.61,33.87,81,61.08,-21.88,40,62,78,123,21.13,25.32,-5
-45,32.27,-46,-30,61.07,83,45,101,-31,78,-0.68,97,56.96,139,44.78,39,101,60,6.75,-22.18,-7,-23,56.16,125,-33
149,144,20.6,-2,-5.39,54,-41,67.79,5.47,14,20,18.55,-32,108,21,129,124,-37,55.16,63,98,53.42,5.61,53.97,149
36.89,-19.6,-40,-47,46.45,34,83,-9.1,131,112,75,-17,123,-49,26.7,86,61,114,70,31.8,1,101,36.79,58.04,-13.4
-21,114,43.47,69,125,-11,67.86,58,18,22,134,-33,22.62,37,38.96,115,78,117,103,28,128,57.59,149,126,26.56
25,9.93,39.33,144,141,61,23.37,49,19,-14.17,16,16,6,51.37,-3.95,60,69.93,-2.14,56,50,86,-8.46,68.68,24.1,135
38,-34,51,-2.78,24.67,-44,31.38,14.66,53.14,0.66,73.41,110,117,52,69.01,-21,51.99,125,-3.06,113,44.64,102,117,-40,69.16
8.06,-10,28.08,27.69,-18,-43,-44,-2.11,57.44,64.92,22,141,-0.61,36,37,64.32,-7.09,82,57,-25,28.84,17,47.51,-17.54,46
140,107,143,-6.55,-23.62,58.41,-24.77,142,25,77,106,11.68,102,107,-40,18.18,-16,43.07,-6.62,2.98,62.94,47,64,128,24
-15,86,93,44,-41,-21.42,65.43,38.05,6.91,144,-48,-49,-21,11.43,82,107,-12,45.07,58.64,127,52,51.26,35.4,142,28
131,59.14,0,50.33,70,19,90,48.28,26,111,77,42,2.9,147,19.37,29.54,-44,105,-21.81,7.19,113,15,10,26.93,57
-27,6.42,83,39.86,29.73,-5.35,99,11,101,10,100,65.98,18,5,50,11.85,-13.25,76,114,56,27.57,36,-10,-14,-9.58
95,90,27.17,-42,42.38,75,105,143,-10,-1.97,66.06,30.83,28.41,72.53,-5.67,-22.2,116,39,46.12,107,119,74.33,35,-5,57.83
35.31,40,16.6,26.14,31,138,29,118,23,67,108,147,139,140,132,-21,100,103,75,108,85,70,-18,19.01,107
55.66,-36,-30,-6,2.4,-47,57,17,108,-11,63.45,39,70.99,119,110,50,10,47,-19,39.32,-12,1.03,-9,42.51,41.2
101,52,130,-35,70,57.65,50,48,111,62,-22.76,-29,30.44,28.84,-41,147,63,94,18,40.13,65.51,49.04,-10.43,-5,41.66
41,-21,22,-32,71.52,-7.17,49.3,22.14,-7.85,27.73,25,28,-50,101,57.94,62.64,103,10.27,145,66.15,-39,69,19,-23,6
67.98,23.48,82,68,38,126,-28,-48,118,-15,114,65.37,-7.82,62.73,-47,-49,51,88,68.56,139,36,-31,93,118,103
43.08,28.27,7.81,9.16,112,26,-22,45.63,-19,-2.58,95,55.78,8,-12.84,94,13.38,-2.74,58,59.95,147,35.26,-24.75,14,39,42
66,74.86,56,96,-23,-39,-19.05,-14.69,20.11,65.38,-19,-38,-23.46,141,71.18,100,-24.18,23.41,67,69.69,27.1,33.87,-19.11,14.39,57.17
117,27.51,0.44,21.09,14,24,-21.23,46.43,-21.89,71,-11.02,3.25,-35,-18,107,33.47,-42,52.76,-40,-7,3,52.12,-29,-13,-1.2
133,11,27,-6,66.78,-21,19.16,137,41.81,10,40,-9.69,16,5,-6.32,145,42.81,127,18,55.56,65.71,29.82,-28,58,138
79,39.41,82,56.55,-29,55.43,-26,-3.85,7.59,33,30,122,121,0.95,129,6.44,-27,-23.29,55,-0.69,-23,21.52,45,25,-50
51.99,36.56,89,80,52,144,95,131,97,20.31,-39,64.91,-3.1,59,116,62.19,40,37.27,-6.75,86,83,50,-34,28.87,132
59,68,-11,89,39,54.06,6,91,97,0.6,-17.24,8,37.6,-46,-15,73.98,95,50.96,2,4,91,39.6,149,83,-25
50.04,37.91,-11,38.48,33.02,22,127,-20.24,-23,65,43.19,75,103,7.87,-7.86,93,18.08,31,-29,98,14.37,116,43.5,43,54.33
47,99,-17,69.54,-13.8,-44,41.54,118,-20.64,35,113,-22.88,56.87,25,72,5,25,104,30.4,60.77,148,-39,-9,119,33
99,-37,42,118,17.9,68,13,18.99,-13.68,-17.25,12,-26,139,61,54.93,29,56.45,46.46,31,36.09,48.31,77,36.48,58,-9.8
51.89,36.82,-10,13.33,76,128,48.88,64,91,33.37,-2,-20.56,-10.28,-24,12.51,48.19,-18.69,-29,100,16,-49,144,18.98,132,110
110,-21,147,6,38.22,23.39,45.07,44,-8.99,-18,33.79,7,-15.93,32.65,7.55,-22.05,-3,-36,74,-12.4,88,64,109,-8.36,131
21,-22.17,71.18,130,14.63,7.48,54.45,14.83,73.76,14,3.31,66.84,6.05,77,88,-5.9,-43,16,-38,11.44,-16.79,-11,149,-33,-16.75
-6.83,35.97,2,34,61.72,66.66,-43,67.88,62.71,80,72.16,57.66,32.78,-2,65,-5.55,19,7.09,83,32,54,-13.38,-8.9,-17.85,62
-22.27,44,-2,36,85,-33,47.94,-10,51,-7,20,21.04,45.85,56,11.98,-20.81,37.2,35,39,68.12,118,141,96,-25,51
107,10.99,31,-32,69.34,71,-16,95,42.39,114,40.37,-17,59,-13,41,2,7.83,-1.21,69.51,-2.77,75,-9.48,24.5,35.11,120
-47,3.25,44,100,78,-5,89,-16.73,70,40.71,130,75,69.35,34.44,-24.19,61,-7.7,7.84,2.79,-48,51,71,-32,146,-33
16.61,25,66.78,102,130,31,4,-2.97,-15,57.61,17,25,9.04,-13.41,-29,66.44,89,147,121,-11,37,17.51,-34,128,7
39.35,35,37,-4,67,119,-17.65,7.23,105,-43,70,-12.39,137,3.03,119,-19.31,10,37.72,-46,41,70.41,56,39,-13,149
-31,7,68.28,-10.74,75,144,28,0.78,35.07,7,132,29,144,-49,142,-4,19.46,77,-2.72,99,100,55.26,10,10.99,140
80,133,6,121,72.32,63.39,70.39,5,50,-20,-4,13,21,24.48,-47,135,-38,102,-15.96,-44,9,2.52,-18.81,79,33.47
64.46,66.38,54,20.99,-13.47,47.85,-20,79,31.58,-45,66.17,43,66.78,7,-50,61.1,16,5.79,82,-24.61,127,11.12,-35,61.17,71
-28,95,-18.97,85,139,-32,4.5,124,32,0.26,19.86,-17.62,-12,-3,16,9.14,44,47.33,-9.77,26,58,111,-32,39.26,20.5
81,62,24,9,-9.08,35.41,108,24.4,72.54,105,-2.77,58,-49,81,-21.16,95,38,-50,55,9,9,2,73.75,67.87,93
-17,76,-17,-39,3,53.51,94,60.43,-43,27,80,64,-40,-20.55,73,17.16,125,39,63,51.2,29,17.12,73.85,12.59,-7.78
-24.37,16,39.62,69.59,105,139,36.66,21.96,71.63,27,72.51,104,-15,132,12,53.9,-29,12.48,43,58.75,-8,70.08,-14.77,69.79,-21
10,98,7.6,12,127,-18,95,-11.48,-7,129,46.8,33.44,64,-13.01,75,41.47,-13.58,143,-8.11,54.08,125,65.85,35.62,100,91
-38,76,56,31.98,25,55,60.02,16.54,-17.11,70,25.67,-16,27,74.16,38,93,41,15.36,30,3.17,-41,68.2,42.57,-13,28.13
-19.01,69.11,31,0,-34,108,74,33.22,70,22,139,36,68.89,64,6,-39,6,37,67,-44,37.61,74.53,11,75,61.36
29,4,93,-14.97,-24,90,-19,-18.85,51,66.95,76,18,74.49,-9,36.07,145,79,25,89,-2.94,64.87,106,45.52,-31,43.91
118,6.55,-15.83,11.69,-49,51,-4,37.23,-3.66,130,9,11.26,-9,108,-30,37.87,37,28.19,68.27,-7.01,120,30,71.2,-14.63,62.29
69.35,42.65,75,-15.79,-26,6.41,15.11,7.97,129,148,7.53,148,147,32.94,-48,-4.11,13.86,-14.46,100,-22,25,-0.74,49,-15.4,24.05
45.16,17.94,59.2,93,-49,63.84,-12,-36,38.52,-9.73,20,32,60,49,14.04,36.08,-2,8,-21,90,85,-15,95,2,91
-36,95,19,111,7.57,134,62,18.31,-40,-14.36,51.94,13.33,-12.85,4.04,45.18,-39,69.32,71,100,2.98,127,1.12,17,59.66,147
112,30.07,134,-22.43,44.44,17.09,44.62,105,-13.71,-11.08,63.06,62.03,-29,142,102,-8.67,98,17,29,-44,-35,76,83,3,-11.71
63.74,105,-23.77,1.72,52.06,129,-9,5,107,112,-1.47,1.86,-49,-8.75,-22.72,3,93,68.06,24.16,-25,103,128,40.73,4,-8
-15.4,-32,42.03,28.22,-8,10,1.15,-23,70.88,-27,-16.56,47.97,144,11.33,111,-1,-17.32,127,-38,131,64.63,20.75,56,34.58,91
19.76,68,-43,31.99,72.55,-16.08,138,-24,16,49,124,19.7,-31,-44,29.88,0.88,-23,70.26,108,54.17,105,139,-17.31,25,1
-8,125,54,-29,112,92,22.38,27,38,79,74.44,-42,59,-46,123,72.28,146,-5,122,69.34,-30,98,-13,39.31,130
41,-11,118,4.3,65.24,-24.58,49.57,58,-12,1,51,-30,-28,52.08,31.97,-11.2,14.42,41,36.56,-12.25,50,-5.23,-43,87,-34
-14,-11.79,18.74,100,14.29,18,19,84,-21.33,13,49.86,-4.11,82,108,-7.95,33.04,36.93,81,14.59,-8.55,-15,49.41,-32,16,35
-21.6,136,62.21,54.7,75,134,147,-30,-3,61.89,22,34.71,85,56.44,29.39,-3.29,37,71,1,-24.6,74.98,61.02,7.02,58.79,39.9
-21.56,32.91,50.73,-10.2,-24.12,43,27.77,111,40.58,-6.29,-4,81,17,94,72,58.64,-1.43,99,-50,97,7.44,-0.91,-7.52,73,66
71.66,67,4,33.31,11.23,102,-35,23,27.98,-1.34,-46,106,70,109,60,12,6.57,11.15,-19,40.2,136,142,27.79,-33,54.01
83,-23,3,-30,-38,10,23,-33,20,43.64,-18.46,-0.92,24.81,110,65.99,-16,26,10,-31,18.56,29.87,86,9.25,140,56.75
-5.95,25,105,62,49,96,-2,34.54,110,19.34,42,-45,-20.26,25.09,106,-44,65.71,-3.94,16,18,16.54,91,4,49.11,132
114,108,117,29.73,51.75,62.81,-46,6,-39,-22.57,-11.58,32,5.99,57.12,-1,133,45.84,96,21.49,-15,52,5.66,64,58,-11.24
-16.42,5.14,24.42,22.85,25.4,90,33,5.8,-15.36,-9,-4,-8.09,-3,100,68.19,19.16,-18.53,0,121,146,1,136,-13.93,32,-5
87,-7,9,-21.83,-0.11,65.39,28,-30,-12.63,43.76,46.2,73.35,-14.54,74,34,67.75,129,25.07,31,145,-13.08,-3,7,8,128
56,60.58,-3,39.84,20,105,24.78,37,6.83,6.75,122,42,-10.99,54,32,-14.62,-34,44.39,25.78,-26,95,90,68.35,-7.26,116
17,61,16.46,31.13,94,20.5,12.6,-11.63,51,61.64,-11.99,11,89,16.69,72,89,13.6,1.63,-16.17,70.84,-3.95,136,80,2.09,142
8,-10,146,43,70,-42,141,-49,53.96,-30,61,7.05,16,22.04,40.35,-4.1,-9.25,20,11.9,41,43,-35,-9.04,23.16,16
3,37,-17,74.37,-19.76,58.08,10.04,70.94,120,87,82,-9,35,29.77,31.16,-24.85,-17.27,39,142,-3.64,41,26.54,-2.82,141,46.32
83,47.11,98,-17,-3,-17.17,-19,-36,39,-20,-15.75,-13.17,55.16,119,-2.33,30.9,54.94,-35,-2,44.01,36.31,23.14,58.4,-20.11,149
129,33.75,56.52,-28,23.69,-6,71.29,8.07,118,12.8,10,26.74,-35,42,114,33.62,33,19.28,49.9,56.56,4,33,-6,-26,6.01
112,-22,10.15,65,-17.64,-18.88,-12.48,147,-22.14,-5.51,33.41,113,2,75,38.33,-24.78,-5,40.8,61,-15.04,73,54.61,110,122,43.95
19.87,77,59.91,138,-19,-41,67.78,18.28,35.72,74.48,0,48.05,16,71,22.04,121,140,-7.94,74.89,41.77,-41,147,107,-47,66
-5.54,144,67,44.71,125,77,69.91,-0.17,18.75,64.16,132,99,129,94,108,-25,44.15,108,19.32,13.7,-6.67,10.43,44,9.57,10.38
18,29,-12,89,65,114,22.02,11,130,11,-14.97,-39,55.53,42.77,-25,14,-9,9,105,102,-44,41.09,51.74,52.05,73.04
-23.68,140,60.5,69,69.43,4.03,-10,-42,99,-48,33.16,47,14.49,137,147,21,144,8,29.83,22,-2,13,44.8,142,13.32
-7,27,136,-38,1.69,69,40,26.92,133,43.6,45.57,72,47.55,138,95,59.29,-20,93,66.26,68.81,10.67,71.89,-14,-48,-8.64
63.55,35.15,30,5.47,-26,67.61,75,49.61,39.81,-10.28,11.06,-15.85,94,-26,64,121,43.48,73,104,42,41.99,94,85,3,77
-2,89,9,21.93,44,41.52,60.16,114,14,-27,98,-8.66,69,-35,-0.62,66.83,14,100,-31,6.29,33,30.77,35.76,-15,-23.91
-20,26,64,-23,-20.94,-0.99,22.52,51.67,112,-5.53,97,1.13,126,54,-4,24.73,9,70,-9,108,61.64,15,-1.01,119,34
120,34,-30,124,103,131,66,83,-38,72.49,-45,44,21.91,-14,58.41,70.74,-36,0,48,3.65,49,-2,115,37,28.83
50.6,-9.68,-18.85,-27,63.64,109,69,-32,-20.56,59.86,-15,108,43.92,149,-11.56,68.43,30.42,-9.46,36.59,-15.17,4.53,-39,37.66,36,71.64
-3.66,143,91,50,4.93,34.19,36.72,-11.99,-13,109,2,66,7,60,-24,69,-12.7,56.56,3,49.07,-35,100,9.28,28,32.54
100,139,133,13,30.65,-15.5,5,73,111,-1,-27,70,40,20,68,33,50,-43,42.96,74.8,-6.09,63,78,143,33
5.23,20,141,3,49,111,71,73,104,107,-3,71.89,-3,44.69,99,73,39.53,-23.47,-37,78,-23,82,122,3,7
35.32,114,4.01,61,12,28.97,13.88,27,97,46,79,54.35,42,126,33.22,24.74,125,75,68,-7,31,133,18.37,29,64.08
68,23,-7.54,-47,91,7,72,5,-12,-5.44,-32,-22,-28,27,-15.09,72,56,-16.33,44,71.45,56.46,19,1.69,144,-29
41.21,-8,121,21,45,74.87,-44,17.58,78,41,131,94,6.88,5.98,88,98,129,139,69.59,60.28,23.08,4,93,-42,18
127,-22,-9.76,103,78,-23.1,80,-18.74,-41,24,-41,-49,124,2.45,65.59,68,65.38,-5.39,2.15,70.93,-17.55,17.61,35.88,-43,23
25.39,136,133,102,88,82,22.33,-21.21,110,54.86,63,111,111,46.93,-16.16,58,-30,58.02,56.95,69,-40,-37,49.46,-19,64
57,-9.34,40,-10.66,142,74,-44,-12.6,117,59.26,62.59,53.04,62,-20.93,53.32,97,42.75,83,38,51,-49,-23.6,16,-12.38,111
62.49,2.29,-42,-1,73.5,-17,132,33,50,25,64,82,58,33,51.12,-3.58,56,110,14.5,-9,60,32.82,104,0,40
9.3,59,46,103,-23.45,-41,6.63,-2,42.17,-3,7.52,82,-3.34,68.11,67.73,123,-2,47,46.73,35,128,145,21.5,132,110
-4.25,146,10.58,27,84,107,30.07,22.23,-27,1.82,-19.86,41.15,136,73.1,-22,54,-49,103,34.77,57.31,60.7,-33,-34,70.58,55.26
67,10.26,43.53,149,-37,36.39,130,73,0.14,96,35.97,12.84,86,-7,2.71,23.07,100,-1,62,46.89,-30,70,76,92,78
-17.44,148,109,-16,132,97,17,30,-3,-13,-19.4,38,7.72,4.73,144,57.52,-2.23,6,68.1,-11.75,54.56,-37,133,145,17
43,125,12.85,-12.7,54,-12.19,78,21.13,129,89,130,-39,55.63,85,117,-31,-12.9,57.42,142,116,55.08,131,59,73.77,99
82,-39,-6.4,-17,78,-15,-20,41,-13.62,-6,141,38.07,20,8.16,20.39,-23.59,92,55.5,19.43,3,55,56,1.35,46,-24.85
46,57,-5.27,42.43,15.43,53.94,6,133,44.89,25,17,-37,118,13.81,70,62,63.97,67,148,-5.29,2.12,71,94,36.8,-13.7
27,45,63.74,99,1,26.83,109,122,24,103,-6.54,117,106,-2,127,46.28,66,-3,10.64,56,80,42.64,38,9,23.26
35,-11,60.85,133,-48,89,-16.21,9,67.85,17,121,132,35,25.19,-6.45,24,39.35,66.82,15,-45,-50,62,77,49.81,-25
63.86,10,-28,94,31.51,-25,38.94,-35,5.59,138,24,89,64.55,9,84,13.88,66.53,63.81,26.28,37.82,-4,51,112,30.41,145
97,25,24,-8.68,43,104,31.34,126,41,6,117,148,37,-34,34.99,82,102,-13.25,112,74,-41,-14,16.89,96,39
84,-5,-1,71.48,60.25,117,121,36.97,88,79,51.59,-12,129,-34,-20.19,86,18.07,21.36,63.87,73.43,131,-43,-0.02,7,128
-46,26.23,42,68,-13,110,-8.39,13.79,64.95,47,-5,-1.59,122,50,47.45,83,15,146,77,-22,28.92,72,69.8,61,64.54
13.23,71,31,-13.33,74.71,-1.03,-7.15,51,68.03,70.8,50,47.67,26,14.63,133,17,142,76,27.31,95,49.36,-42,45.83,-45,35.34
-12,59,-23,80,48,40.16,34,-24,72.16,93,11.16,-31,-21.15,147,30,17.39,78,21.93,25,31.86,-11,60,49.27,103,94
72.66,17.59,14.53,-4.84,35.01,56,23.26,-13.8,3.5,24.29,22,60.63,16,112,124,35,73.53,-18,23,41.26,11.31,114,87,68.47,-17.19
118,81,17.64,15.06,148,76,-28,44,-9.3,27.13,18.31,122,33.76,53.54,60.64,133,-18,136,31.16,98,-20.9,61.96,79,18.84,-20.14
39.32,53.65,-19.9,-6.84,42.51,-45,27.88,53.37,115,104,-25,32.23,-20,-15,93,-50,54.92,-12.21,93,25,47.48,72,36.64,4,100
83,11,31,-31,23,127,7,88,14,90,-0.54,-33,63,69.69,38.3,-4.82,-22,19,20.38,90,12,45,71,8.14,136
74,28,70.01,10,-20.41,93,17.82,62.15,80,101,95,46,52.57,-13.58,-7,6.59,137,6.4,-10.33,8.38,103,58.22,51.11,-3,41.61
40.1,54,79,95,27.17,47,-17.6,1,31.32,-19.02,42.41,-36,40,52,3,129,100,49,-43,69.79,-10.25,143,73.01,-14.52,-6
18.54,142,-20.31,4.95,144,25,71,33,-45,126,48,120,41.46,-1,3.47,111,113,62,5,-3.29,-11,-11,60,-4,3.01
11.62,3.42,12.42,66.14,37,12.91,6.65,-48,3.61,54,52,134,-34,47.59,7.28,10.25,47,30,-29,-24.06,5.49,-25,9.46,70,15.45
148,75,134,142,137,144,25,31.01,1,41.45,-7.75,19.2,111,82,22.99,-18,-15.66,45.11,-1,78,44.63,-11,148,70,-9
-20.24,10,78,95,124,19.2,30.66,69.91,105,26.29,53.59,17,0.92,13,-23,44.46,30.95,-5.45,19.03,14.89,33.61,88,80,-4,130
50.58,13.51,32.8,60.46,71,30.84,35,74.31,143,96,36,75,83,113,-7,103,4.96,19,101,33,68.36,55.71,38,76,78
74,-26,1.33,19.37,12.07,82,47.23,124,66,62.41,-10,119,103,82,54,-32,69.53,122,56,119,30,70,69,66,-49
-27,61,3,-45,-9,33.97,-24.75,15.07,53,-10.76,144,10,52.78,-43,3,74.18,55.07,130,19.24,-37,90,15.11,47.53,50,45
57.86,135,-1.6,39,-6,6.89,68,35,46.49,-8,97,110,87,127,30.76,27,-10.85,48.8,-4,58.04,-49,-33,48.44,-1,-26
96,-6,42.88,129,23,64,-23.21,30.65,121,79,147,58.46,95,60.66,-49,90,-4.66,35.97,51,-37,114,34.02,31,94,18
-7,-3.53,72,64.51,-10.38,-33,76,-8.56,51.2,-50,87,57.02,140,18.55,22,55,-29,49,49,-1.56,43,4,88,31.83,-50
127,13,-2.12,85,33.02,23.09,49,120,82,143,32.64,83,33.74,37,71,19,143,-8.49,15.27,-15.53,60.36,98,55,18.47,-6.81
-31,16.82,42.04,2.57,64.02,65,61.8,95,104,20,26,43.73,17,112,-15,86,-19.68,13.75,25,70.88,-17.53,50,26.08,90,3.14
-3.36,12.92,-21.99,-11,125,86,-24,-20.11,68.92,9.71,60.47,103,-18,3,76,62.69,-47,63,-50,-16.72,61,120,107,-21.3,34.71
60.94,-21.82,5.21,25.77,82,50.52,-32,12.09,-22.53,-15,40.27,10,-3,2.06,32.38,54,-50,8.03,-39,-27,137,-23,-2.01,22,-41
72,21.67,-0.2,-36,-50,22,127,33.7,64.2,136,25.42,28.84,59.45,61.82,74.44,33,36,-1.82,-5.56,-16.98,46.59,45,19,132,133
142,6,18.92,50,89,-16,-44,131,74,2.84,18.73,100,-16.86,8.42,71,55,-5.96,91,120,63,32.69,1.61,64,-8.44,10.12
132,52,149,86,70.06,37.21,22,33.53,40.14,95,128,63,93,57.28,17.51,122,60,-12,-22.94,18,31.95,72,23,37.14,27
115,66,99,-16.71,55.98,1,53,6.77,83,0.93,-9.51,101,-14.66,-23,149,51.38,-16,56.52,-50,22.33,-20.5,38,34,43.78,40.29
-14.18,0.62,18.89,50,15.61,-42,13.59,-6,18.08,10.4,22.87,68.4,41,35.43,-25,100,34.01,43,101,47.55,34.38,-22.56,27,71,-23.75
13.74,-26,47.58,149,52,34.82,106,95,68.88,80,9,132,52.14,-17,-15,45.51,119,-38,4,10.1,125,24,52.67,11.18,-19.19
0,117,-44,98,17,40,17.25,66.18,-48,6.38,-11.1,146,58.29,4.92,68.45,71,43,-15,5,127,51.63,38,-22,41,49.53
3,-35,103,61.53,-23.73,53,28,9.33,-10.65,71,135,72.81,26.2,71.64,70.53,35,3,36,-19.48,-34,87,144,56.03,48,127
7,-17,33,-16,59.65,29.03,-35,72.91,125,45,-10.74,56,71,-21,-42,26.02,53,90,93,-13.86,130,36,126,143,-1.66
49.22,98,66,111,5.89,-46,105,36,-11,92,41,108,9,68,-5.63,40.41,49.53,28.45,36.28,30.19,97,-1.74,64,35.38,7.86
79,-16,139,22.92,87,-20,23.08,108,86,50.51,-39,110,-23.19,-7.82,-23.66,77,-1,59,-23.06,28,-19,-22.31,50.29,138,60
18.3,7,-50,-15,-23.46,100,69.85,-34,16.5,-9.04,92,47,82,71.12,24,-22,34.72,37.4,128,76,-6,28.1,-39,46,38.66
42,74.79,-0.42,124,-4,74.89,-38,123,101,18,-17,135,-17.83,55.09,34,31,-47,120,19,58.12,27.45,47,9.04,107,128
-10.24,42,2.15,92,87,26,32.34,96,91,-2.08,17,62,138,-42,130,24,53,49,53.99,-11.11,23.54,4.43,21,-14,74
113,137,69.81,32.19,54,-49,-9,88,19,-13.69,58,60.87,-3.55,53,81,0,-1,55.19,19.81,27,15.33,0.42,66,-4,-27
119,54,31,18,-16,98,-17.54,70.33,19,88,-17.99,-44,136,-43,-2.59,124,136,18.96,129,105,37,-44,39,46,-23.78
2,-17,100,65,68.55,17,129,27,78,45,25.39,67.91,-12.64,9,45,14.06,77,118,-17,51.24,146,113,-13,133,-4.89
5.77,28,-30,30,137,97,-6,-19.77,-18,-8.2,0,34.56,1.91,12,2.77,70,28,-4,-18.65,41,110,-19.11,119,20,14
-20.44,31,-24,-8.62,143,25.14,28.11,52,-43,121,-4.66,48,62.9,64,60.88,-2,2.04,60.38,-8.83,14,52,53.88,51,82,-27
13.81,-27,-17.85,70,71.86,114,111,78,5,70.27,27.15,74.7,-47,66,-9,-35,69,-2.14,103,-16.84,-10.79,68,135,68.01,76
-47,2,-9,2,-22,-5.5,29.84,-15.78,7,-36,147,20,127,69,-15,42.71,53,64.58,0,-9.44,-47,62,-24,40.49,-4.95
59,34.58,26.73,71.13,44,1.44,26.81,35,139,30.95,-38,26,44.84,65.39,-24,5.53,86,25,-2,7.64,33.32,28.88,145,1,74.72
115,-48,44.4,58,48,59,-35,23,12,-1.08,55,0,48.14,131,-48,107,62,127,51,34,47.51,71,11.88,-11,29.58
30.75,-30,82,48,-28,27.76,114,89,57,4.33,101,63.5,36.26,-12,11.33,95,51.51,-11.01,16.98,25,42.86,-6,-34,-2.85,53.61
32,32.97,-11.38,39,41.76,70.49,1,144,143,-4,123,18,8.54,69.45,-23.13,26.64,-23.26,90,57.7,2.35,-15.93,-36,27,51,28.35
57.19,-20,88,3.68,-41,68.45,-32,140,66,47.38,27,38.33,-22.05,106,64.91,16.08,41,49,28.9,127,9,65.7,-9,0,3.95
11.94,5.95,-27,29,51.05,52.1,53.65,114,-14.55,-17.77,54,45.46,31.47,143,17,137,22.41,33.05,139,-17.65,61,-9.21,-6.41,55.57,52
17.5,98,62,5,62,49.57,38,35.66,51.4,61.74,-46,147,56.87,73.18,25.11,34,2.65,16,31,61.53,-8.25,138,115,-11,34
99,105,1.6,44.51,-12.12,-24.58,0,-25,-11.42,147,66,23,81,74.93,133,48,-30,14,119,13,-33,144,120,131,136
36,-2,15.89,-8,108,-7.83,35.84,76,72.59,19.76,10.25,32.91,-39,-17.52,36.39,9,46.08,-17,137,34,23.53,-11.1,48.93,10.85,-44
28.66,10.28,93,55.48,12.67,24.63,15.78,19.73,2.87,104,87,-16,-8,5.4,136,67.43,63,-42,-32,92,-42,75,64,33.7,3.88
65,100,4.54,67,99,74,36,44,28,141,0,-6,-7.34,55.64,71.29,105,-14,40.48,-2,30,47.69,10,139,32,47
-23.99,44.78,21.77,4.79,68,94,18.63,76,41.29,33.7,123,100,67.94,33,99,118,94,10.42,57.78,-0.38,-6.81,43.06,141,15.55,84
145,18,58,-43,-24.73,-5,139,48,66,144,47,33.68,53.11,9,42,131,27.99,-16,115,100,0.59,52.76,144,127,12
31.05,-30,32,27.93,51,137,84,-10,45,109,106,-40,31.42,35,64.75,38,53.27,106,85,61.36,-10,-1,-34,50.69,-35
57,139,11,145,48.62,71.57,34,90,-28,11.73,14.09,111,102,62.93,51.39,-15,30.48,37,122,14.15,-23.4,72.58,66,35,132
97,74.41,109,32,62.86,40,62,-8,34,-2,-2.48,0,14.98,119,15.65,65.74,144,6,137,-5,33.75,-20.71,94,-9.5,7.63
34,66.28,48.67,-24.55,107,110,48.91,21,111,90,53,149,51,103,96,112,5.5,-11.11,56,118,112,63,45.05,52.36,91
86,67.3,25.02,-6.82,36,69,57.84,46,107,76,80,-5.07,15.7,70,59.8,94,-29,-29,53,-23,-16.58,-8,-6,16,54.19
43.31,58.74,-5,-24,16,-2,-29,-43,-8,10.54,57.42,30,-19,5.15,-30,56,64.31,60,49.9,109,117,-14,138,-11,47
-18,-12.69,-19.25,32,35.53,28,50.01,82,54.58,87,114,30.06,135,21.05,55,4,55.64,103,-44,93,26.45,98,2.29,-33,28
103,27,138,-7,145,21,56,17,52,-16,138,16.73,149,49.61,66.1,137,17.81,7.63,62,54.77,0,69,30.74,-43,57.76
74.56,88,111,77,69.18,12.62,129,147,70.46,129,-4,87,-1.92,-45,23.19,66,119,107,94,147,-6.91,3,-0.14,50.73,-18
5.2,130,-19.44,4.77,53.01,20.92,28,-5.67,-47,55,-5.85,70,-47,27.07,68,39.02,50.48,-15.36,103,-27,-6.66,125,0,56,-42
116,63,24,59.91,-18.46,58,64,111,-1,100,2.75,-7.39,-15,-22,-0.22,-28,14.87,142,65,64.6,58.21,-21,132,141,48
7,-23,54.17,75,118,113,-45,-23,128,63.39,83,44,35,-44,-7.49,132,-20,-19.23,-20,-7.57,14.05,34.01,140,71.45,7.36
140,-32,-11,105,-3.44,58,-5.3,-1,-15.1,72,-10.29,-8.16,-15.72,-7.56,-12.16,79,13.24,-41,64,-42,-8.94,109,41.48,33.73,-3.88
128,30.43,52.63,-15,-14.25,35.69,32,140,55.98,53,142,26,9.47,70,93,34,36,-25,-37,27,-26,105,-10,13.91,54.76
49,-3,29.41,35,70.05,93,38,58,145,-16.6,43.65,-16.85,-12.43,112,16.84,21.31,38.56,23,-10,43,21.93,-6,103,126,-33
-17,28,103,64,31.18,37,39.13,55,30.71,-14.13,52,-15.39,-24,142,32,33.39,-36,15,-7,103,43.9,73,6,78,105
79,-7,-28,6,28,-25,135,-43,-25,-44,51,17.39,88,8.13,59.45,-32,145,69.77,148,9,109,62.07,-13,-3.1,-43
57.17,36,-41,41,89,0.28,123,61.69,41.28,130,22,-2.3,56.62,128,37,114,-11.89,34,45.95,-19.07,130,56.23,61.91,-7.73,19.44
118,101,145,120,134,53.17,19,141,108,128,14.69,14.18,6.91,37.21,-46,8,15,85,-20,97,51.3,5.18,143,-6,61.09
108,-32,-21,51.62,55.55,11.66,60,-48,40.68,124,121,26,-36,25,61.21,8,35,7,4,94,-7.66,35,32,146,8
-14,21.07,57.36,41.6,-44,-12.43,105,45.94,116,126,-21,16,55,62,67.51,57.35,32.55,-15.32,139,30.35,-1,-18.93,-28,33,136
-17,30,92,-8.78,111,-42,-9,33.22,6.46,69.37,5.73,106,110,67,30.81,43.31,133,41,133,18.48,-46,78,0.64,19.83,55.26
139,49.24,51,65.94,146,35.61,131,46,133,-9.81,49,28.27,7,-33,1.02,93,148,132,-13.91,-21.54,33,128,69.75,120,66.01
61,38.36,4,-31,24.76,-24.99,-34,65.38,66,6.58,18.01,25.19,66,-12.71,-18.67,53,82,37,-12,31.53,11.45,-19,131,33,64.17
-4,46.75,138,34.48,78,1.83,-39,17,61.12,113,-22.04,30,132,144,55.57,86,116,-17.11,74.66,2,32.91,30.19,50.96,-39,37.45
-21.31,76,32,126,34,-10.96,85,-25,20,70,15,-35,64,111,-14,137,33.69,5,-8,-9.77,59.41,-9.03,-16.72,127,-14
137,-38,138,-45,50,148,22.27,76,-23.16,93,148,95,32.86,24.85,133,64,71.12,-35,47.48,118,-15.04,39,-23,-5.71,-1.14
37,97,46,141,-12.38,-36,39.35,-24.53,23.19,118,33.75,43.33,28.96,19.39,70.2,126,12.51,21.87,13,77,-22,-29,-10,30.26,-1.68
72.97,133,-20,88,70.73,100,25.17,-36,-16,121,57.3,-45,-2.18,0.6,-21.01,23,64,32.42,100,133,122,19,-5.75,-4,40.24
-49,19,131,-23,6.11,-46,136,130,-48,51.64,107,16.82,116,-2.77,9,26,14.99,30,26.07,85,4,4.65,107,8.08,32.55
60,-7.24,103,-7,64,81,41,18.66,39.51,35,10,93,47.48,13.27,-5.34,61.61,1.12,61,33,8.86,49,98,-15,73,29.05
146,6.08,105,87,42,69.46,13,40,52.06,-27,66.13,147,58,-39,133,15,-21.39,4,84,120,-7.21,71.65,45.71,-48,100
39,146,42.35,28.68,71.43,138,38,54.92,29.22,1.58,32,70.96,-24,99,17,47,48.07,39,-43,-24,55.59,-19.48,-21.63,40.05,8
137,-6.76,56,34,70.93,81,57.31,34,-49,56,59.84,-19.7,56,146,146,68.96,70.61,73.33,-48,82,116,6,-24.42,-28,81
30.72,145,84,39.45,28.36,61.16,34.07,40,23.67,-37,24.32,83,-35,7.91,-13.95,66,42,13.8,-14,64,35.54,113,128,29.41,21.23
81,15.54,55,60.98,66,60,15.29,120,43.4,56.07,51,41.17,-14.22,-48,134,22.55,121,-20.94,129,-28,39,64,30,114,1
-0.22,44,-16,13.44,6.55,67.11,51.37,24,66.52,24.44,-23,96,-24.77,52,59,-3,10.09,-21.97,135,136,99,-12,38.97,96,46
-8.34,68.06,1,-27,-36,105,41,64.44,109,64.71,115,103,36,26,-24.74,-7,-20.1,58.36,-8.94,145,46.44,63.08,62.82,128,50.65
-12.22,69.13,69.11,-27,-17.1,73,4,51.99,102,120,-13,37,74.84,70.58,138,-35,29.87,-26,74.83,51.12,59,-34,0.11,43,72.16
128,21,12,1,149,5,-24,60.82,18.29,-17.66,19.91,51,-16.63,80,-35,19,-15.17,-37,50,63.5,7,10.32,53.37,70.48,-16
64.78,-45,-1,33,135,11.54,34,41.04,-45,89,59,-34,-35,114,144,-1.64,74,149,7,27,61.23,-12,116,94,23.37
24,11.44,-12.12,80,19.21,-28,-15,147,47,35,26,57,148,25.51,111,14,3.58,53,55.2,68,55,32,-3.95,130,2.7
-6.22,42,38,56,-32,73,4,116,98,52.97,-5.63,120,41,-6.5,116,23,126,47,-22.39,132,144,21,-12.6,12,20.44
73.37,-36,10,107,46.95,49.05,41.61,21.26,6.05,-23,77,2.27,21,106,96,31,86,52.45,-34,121,42.26,-32,76,22.97,32.65
99,103,-22.08,119,-24,-26,149,14.75,31,71,111,85,127,17,23.39,4,0.23,130,37.06,41,49.67,-32,-7,25,50.94
67.47,147,-21,141,15,8.42,73.5,-24.58,23,56,4.84,9.41,131,-3,60.15,96,41.8,-37,-16.55,-15.7,145,26,61.49,6.45,42.97
49.66,99,-21,125,26.59,27.5,134,39,93,-48,34,46.01,49,47.83,-6.63,-8.37,-32,25,61,49.85,57,38.86,68,96,21.54
-14,-24.84,2,28,-23,22.63,-17,63,50.18,-10.93,124,44.69,70.74,91,76,6,-45,-2.15,-21.24,-1.11,22.26,147,18.88,104,-2.44
16,-22.39,87,-34,45,39.47,72.19,50,-23,23,-7,129,65,-4.91,128,58.3,136,-20,68.92,-20,71,-22.64,5.08,70.15,82
54.71,54.91,111,58,26.69,135,65.47,-0.26,69.11,-23.01,64,-42,11.68,84,-20,-12,-26,34,21.7,73.43,131,102,47.13,58.98,-9.78
87,52.5,-1.49,66,87,28.16,107,98,60.86,10,4.85,93,-6,136,143,64.51,108,-20.07,-14,122,-8,70.72,143,58.31,-19
7,26,56.26,66,-15.34,96,16.87,-4,38,29.44,3.2,53.48,24.48,9,48,-4.38,-0.13,138,96,5,17.03,25.78,19.74,129,85
51.88,64,98,62,38.03,48.21,10.58,118,-0.37,65,-1.46,-4.54,121,70,54,-7.78,32.2,106,-16.89,100,-4,17.27,-2.04,-23,-49
49.62,31,-25,20.95,67.26,-14,77,71,-23,47.82,122,46.24,62,12,-2,146,126,16.24,-30,14.59,66.59,-18.65,63.11,-10.73,130
-11,21,107,57,50.54,50,82,52.2,8.85,19,41,71,32,102,7,134,37.45,105,12.34,-25,42,56,72,102,91
109,32,31,27.08,63.52,100,89,71,-15,-8.83,29,28.12,138,-34,45.09,49,38.96,-11.34,-35,-14.97,71,-22.95,-22,85,42
13,40.12,53.76,3,39,78,1,13.7,131,143,36,26.57,55.85,-24,-12,50,88,17,142,0.28,11,-11.94,-46,9.18,-43
-37,57,50.52,46.46,56,40,61,8.78,-4,88,92,19.91,116,-29,-18.01,-9,56,105,19.66,-17.54,22.13,-3.87,146,49.76,-18
73.78,60,51.83,-7,20,40,58.62,62,17.37,76,-43,-42,37,53.97,99,127,9,37.81,126,145,-41,6,-14.1,29,44.65
15,57.37,6.34,-45,43.07,114,-19,-2.4,16.52,-1,39.15,-18.7,55,-50,92,130,55,47.91,46.59,114,72,41.56,36,0.79,113
61,34,4.71,39.61,-2,-1,-30,-7,12.04,79,-9.78,46,-2,-23.76,52,25,-24.38,47.03,52.25,130,3,140,-2,42,17
18.73,132,50.73,8.34,132,52,107,54.23,22.21,-33,55.85,-38,-13,-9,-19,102,74,136,110,22,136,42,-36,45.12,-10.08
15.74,-9.89,-12,140,56,97,-4.72,103,28,134,40.81,138,-40,-46,-27,39.59,133,-47,-12.91,64,55,1.26,101,44.74,132
-44,56,9.43,58,17,19.42,70,100,68,-48,85,53,62.99,7,74,42.59,69.09,-46,-17.4,24.31,8,103,44.65,-44,68
69.16,-7,54.17,0,-10,-35,56.52,29,53,65.88,71.54,83,21.84,60.39,-2.27,8.79,-11,26,7,130,91,133,114,69.62,127
73,-44,2,147,82,-49,147,146,123,51,61.31,68.68,123,97,7.32,10.2,61,-23.33,69.24,65,41.41,64,16.2,101,-22.33
-20.58,148,145,-31,-23.86,-6,-10.94,3.62,20.56,45.74,-16.66,-14.99,-8,77,103,17,-15.92,-6,122,55,68.33,54,43.54,93,47.05
6,60.87,105,78,-45,84,33,-12,131,9.67,78,133,-13,-13.02,65.07,89,-38,70.42,76,16.26,-33,20,-8.2,60.88,66.24
52,-11,97,1.6,143,-33,112,114,-2,51.36,29.86,25.89,55.62,139,59.12,38.05,35.12,33.42,-19,-15.19,7.21,108,51.04,16.99,69
31,19.2,-21.01,14.54,79,-9,-16.24,100,114,21,140,2.25,-0.54,26,21,123,31.92,148,73,9.77,-36,1.7,56,29.91,23
16,39.18,-15.77,35.26,-7.5,0.3,25.96,32,-2,-48,26,130,-2.11,129,16.67,91,-30,75,-31,-7.68,-9.09,68.19,0,-18.48,93
-9.47,49,9,7.94,40,12,45.74,85,42.42,-45,47.45,-3,58.73,-27,136,74,-36,85,8.01,69,39,58.85,76,-34,27.11
-5.99,97,-20,71.73,28.42,5.29,-9.94,55.09,-18,-7.11,74.68,78,32,-22.23,-46,18.33,-14,25.51,99,1,62.73,37,86,65.91,28.68
-14.48,56.45,-11.26,59.95,73,102,-8.34,32.39,-12,98,31.7,-19,48.57,6.07,123,-20,15.27,6.32,-36,-0.98,-44,81,-13,-20,-17
62.22,-32,-24,-48,87,-11.81,-15,20.14,55.01,131,-10.19,69,89,-10.15,120,24,115,81,104,39.53,-35,15.72,107,6,-5
-49,4.28,70,63.33,89,25.76,34,135,7,-24,42.06,-47,-6.93,-38,-7.21,148,63.72,4,-16,-26,-1,-50,98,3.93,141
67,142,1.43,72.67,28,125,54.1,40.74,100,148,117,52.67,12.01,64,102,-48,-37,58,37.45,-5.19,-40,-32,-7.12,16.95,68.06
-23,125,64.88,27.01,63,51.35,121,-6,88,51.28,17,75,23,57.87,-17,120,-8.6,39.18,-13,10,65.4,15.18,129,0.96,12.45
121,79,-6.53,86,-4.77,-1,-5,-32,132,81,-22,-7,142,36.47,3.41,35,60,46,109,-18,73.3,18.34,-21,125,38
144,-44,74.5,99,-6.28,143,-34,-21,11,24.34,109,37.17,-50,44.74,-41,-43,148,103,43,-5,6,-9,-12.47,60.79,5.95
-24.59,6,54.38,141,-49,24.09,-39,90,40,106,28.89,58.25,57.08,28,-10.1,97,46,62,-5,75,-48,32,140,65,105
36,71.27,61,20,6,125,-14.53,129,10.62,131,30,-26,106,123,140,26,51,47.69,49,145,128,54,64.04,-16.29,52
148,13,-10,-50,2.27,-21,40.39,52.71,74,139,29,-46,41.37,-23.84,111,-4,68.39,-15.97,-12,-12,-44,2.11,32.94,13,37.39
46.96,38.41,121,130,8,37.24,23,107,-29,16,27,-20.15,-1.71,84,111,55.25,28.91,-10.48,5,65,3.61,2,10.49,68,147
27,51,31.41,83,79,123,10,-2,63,54.88,99,48.89,19.99,55.36,142,78,105,-41,9.24,-12,-19.48,129,-6,56.23,-21.71
-0.2,70.72,12.3,116,13,23,-20.18,5,59,67.5,55.22,-12,61,-12,10.39,4,47,32.56,98,7.3,75,68.21,94,-0.21,-46
14,3,71.16,31,-16.57,-19.12,62,1.2,52.64,-7,7.72,-30,41.31,70.62,30.79,16.56,-29,22.05,127,65.98,121,137,39,67,3.63
-29,30,-14,53.9,10,21,22,4,50.95,21,83,1,59,2.89,136,-29,37.64,5,119,72.37,36,-32,-32,117,-40
19.76,35.83,3.98,40.96,8.34,23.39,7.02,83,23,47,-27,58.09,-25,79,-10.76,114,47,-3.2,80,-4.6,42.41,21,21.92,70.56,53
-0.66,64.37,109,51,141,57,27,36.43,74,138,-4.3,-1.07,12.63,-24.46,137,127,68.11,26.99,-8.5,71.44,71,47.38,21,14.19,13.23
142,132,141,54,27,11.08,32.46,34.25,-13,57.52,-2.55,67.82,1,-24.29,56.29,69,15,-21.15,51,-4,-5.96,132,-20.8,45.42,-3.33
-37,95,119,-7,-35,59,-23,34.04,19,38.17,-48,-18.28,19.7,49.66,-38,56.34,68,-37,44.66,44,56,-6,71.23,5,47.52
-14.91,88,-5.52,-19.54,59,-18,48.44,19.1,39,7.52,-21.94,93,34.4,83,125,34.61,8.32,73,-15.15,-16,64.64,9.21,63.52,144,22
17.51,135,-30,-14,108,23.84,107,59,-4.39,94,39,91,29.06,41,-41,85,96,26.32,126,115,-1.13,89,56,77,72
-12.46,127,143,32,-44,23.76,59,-21.4,76,3.48,56,-29,80,-12.92,-20.66,2.14,-6.3,116,57.51,43.53,19.67,8,-13,5.06,-20.34
12.7,-43,-37,-17.1,124,-1,24,139,-5.13,10,102,126,80,39.71,42,46,-6,4,113,33,21,70.63,29,-48,70.05
4.94,0,133,12,85,57,-19.19,85,84,10.01,-46,88,70,75,56.58,46,-1.78,45.76,51,119,126,19.34,59.15,-5.45,60
88,20,139,-28,-23.42,83,-4.21,76,24.05,-13.75,135,-45,-5.81,-9,32.31,45.06,-15.34,30,45.96,-2.76,32.15,-22,59,74.24,-5
22,11.15,17.08,84,61,75,54,-4.55,0.04,0.61,131,140,46,-11.63,-21,93,-18.26,137,-28,-19.87,8,138,65,-19,-5
5.99,117,-6,-5,23.5,63.78,-11,3.08,-21.2,42,98,10,138,20,56,63.5,18,126,32.02,-6,144,-36,143,-36,34.15
93,37.03,113,-8.18,-47,81,-12,44.72,-8.1,-46,-6,149,46,28.64,-9.89,143,-23.02,64,-11,50.26,-37,-17,133,-45,-2.03
18.55,-4.89,11.07,1.25,67.46,130,-37,22,108,136,26.26,-46,-17.58,6,28.77,116,32.76,-9,111,-18.25,31.18,144,-2.79,111,113
28.08,23.79,28.14,60.6,47.49,121,-25,49.13,59,7,75,143,62,86,89,24.05,22,-47,70.46,64,122,22.99,63.69,33,-38
87,127,57,55,131,89,10.76,-15,19,109,100,-28,127,32.22,96,29,42.76,128,-16,27.22,57.48,26.16,42.76,32,39
0.6,-41,30,53,68.49,42.12,24.36,-46,54.92,110,39,123,3,6.91,32.27,-3,33.81,100,100,20,-20,-20,73,67,35.27
34,73,77,15.23,-18,130,43.29,27,60.21,92,42,69.43,70.54,93,98,-41,-9.31,-17.05,125,102,65,-18.79,1.22,-3,115
66,-30,-34,-3,76,147,54,-6.91,21,81,5,67.81,-2.38,-32,18,29.25,16,132,146,-8.6,-0.09,47,49.17,-24,27.19
72.58,31.07,-20.5,68,109,67,99,66.47,68.95,51.71,51.05,62.87,-15.3,47,24,9.59,-16.66,141,74,56.63,78,109,107,-0.56,18
61.68,42.14,85,107,49.19,82,46,6.57,44.58,81,10,13.65,124,-16.95,51,58,-16.2,84,84,-10.87,-18.61,62,33.36,-3.51,66.21
130,58.14,116,-46,24.19,133,86,-50,-8.16,121,16,78,5,126,74.21,46.95,60.88,132,15,-49,60,30.65,86,20.28,141
27,16,-22.53,71,68,128,37,6,68.49,21.88,64.27,142,37.91,35.76,23.34,62,15,60,90,107,-16.53,26.37,24.4,34,20.1
77,67,35.02,108,93,-9,63,71,86,20.19,123,-14,-20.38,49.18,-2.48,8,34.02,-4,-19,133,21.49,3.74,50.22,78,8.72
16,20.87,58,86,62.26,20.43,39,98,115,66.05,59.2,79,-33,47.87,27,-2,-12,60.88,146,29,4,129,19,37,49.45
26.21,132,122,104,38,32.83,-24,16.48,-1.91,84,18,114,-23,26.35,133,65.52,74.79,70.86,35,75,76,82,34.18,27.33,48
-18.52,11.22,11.86,-13.88,94,119,-20,72,58,-15,7,50,141,68.79,54.45,61.68,-35,128,116,43.38,65.25,147,55.62,140,69.68
28.48,21.62,149,-30,37.52,125,73,25,34.13,43.99,11.88,-22,88,11,57.93,3,13.15,149,89,132,46,63.92,69,72.06,30.82
58.59,129,34,-26,26.96,-22,61,57.39,5,18,26.67,16.53,73.97,29,23.78,103,107,84,-29,-11.66,-5,64.16,35,101,-0.68
24.31,116,135,3.04,24.73,136,30.81,-13,-17.88,46,95,20,128,-26,7.26,68.15,113,58,24.13,-39,132,-27,-23.28,59,0.3
39,-23.16,145,138,65,133,70,-8.72,9.88,1,102,148,67,70,-15,78,35.38,13,-4.12,-17,32.1,34.84,-16,42,56
-39,138,4,122,77,-13,27,126,-6.28,41,1.79,-30,48.13,8.79,6.69,23,40,54,100,-29,-12.71,-44,-10,-22,53
-11.93,-40,70,5.73,108,-21,20.1,-15.38,27,24,-26,64.45,97,-18,72,39,64.16,-3,37,-15.04,132,47,3.39,42.95,62.18
4.41,5,73,31.49,71.63,-8.83,34.35,13.59,40,39.41,25.44,-10.05,62,37,-23.29,-34,72.46,-33,52,71.5,77,-11,102,34.02,13.72
40,110,-11.79,-11,86,12.49,19.09,30.26,4.22,70.83,49.43,88,-13.05,-28,37.95,-13,-2.26,140,81,124,91,41.6,-46,148,1
8,16.39,131,-5.03,139,-19.58,45.99,25,-0.86,35,12.62,-46,-19,-8.05,80,58.33,36,110,38,30.29,-28,8.97,-29,-27,144
20,-46,69.19,140,133,0.9,-26,24.96,-25,53.08,126,71,56,49.98,-22.74,-12,-32,72.57,-8,58,-26,61,50,99,67
57.18,47,42.64,49,66,-35,-38,32.26,-4,-8,146,38.67,19.57,66.41,75,74.51,24.96,-30,12.1,-1.06,6.23,-48,148,-7.48,0.4
106,15,-17,115,13,127,-18.74,-21,41.87,57.26,2.32,12,7.77,-1.14,141,35.71,109,115,70.61,-35,66,-13.52,18.42,28.45,61
28.02,42.41,116,-9.27,-39,-9,-9.66,-43,28.62,40.25,56.87,-22.03,-3.29,-42,74,148,15,77,28.87,48.1,57,-9.3,-46,24,75
10,94,59.74,37.67,66,2.06,114,104,11.83,5,43.21,21,124,57,-21.61,-36,-10,-18.66,63,97,51.98,-20.93,23,26,22.21
138,-29,-13.35,11,1.33,49.94,40.52,109,72,-32,71,80,-45,36,44.61,68,120,15,44,88,111,72.03,38.93,6,59
134,62.01,104,84,9,124,16.72,54,-17,117,-21,93,116,-33,49.66,8.44,82,53.59,117,28.54,7.21,47,53.23,122,33.29
28.82,74.71,-3,-24.9,6,27.78,56,94,58,5.23,80,72.57,37,-23,5,66.22,-8,135,-12.47,21.32,87,4,25.82,98,49
72.53,-38,59.6,67.95,-5,71.54,99,72.42,120,-22.44,45.05,46.53,-28,39.61,113,51.46,-12.31,-17.78,8.05,18,103,97,38.71,142,57.04
44,50.33,2,-28,10.32,-1.95,99,69.88,50.14,-24.28,-40,23.43,-41,5.75,71,-47,58,-19.95,67.53,25.61,5.31,106,65.95,65.77,30
98,44,-43,-34,-19.71,81,28.03,-18.33,85,-23,49.42,49,127,-10,-7.27,10.81,29,66.11,8,5.53,111,-7,79,67,3
47,-3,138,-16.88,47.49,-23.15,118,83,14.79,102,-10.8,17,-24,37.14,6.57,34,-40,46,44.56,57,7,128,-9.51,-23.5,-10.29
50.37,10.16,8,50.19,122,107,-17.86,69.57,127,-2,55,-8,77,-22,8.42,32,65.93,50,-13.12,19.33,-8.52,-24.03,130,119,-8
40.35,-45,26.23,26,51.96,82,62.11,72,43,-40,-6,75,7.08,-2,41,121,69.48,64.23,62.7,36.04,73.31,148,147,13.05,-11.18
64.5,16,85,107,88,-28,133,87,43.2,26.05,67,143,8,22,78,5.53,64,70.54,2,127,122,36.31,124,81,24.03
75,-13.12,56.75,-36,17,11,-19,68,21.41,74.7,77,13,114,114,58.89,86,128,107,144,5.69,57.17,-31,62.75,71.71,68
-41,145,21,-7,-21.85,-4,-23.45,-30,22.46,-17.58,20.14,18,40,-50,44.43,22,98,72.07,-1.33,69.23,-22.9,99,-46,98,55.15
141,76,-47,-32,56.52,36,51,7.06,-41,74,57.84,19,-19,57,-17.76,30,62,-7.07,36.58,-24,-13.99,48,-14.58,8,26
-9.92,-14.95,-24.59,-6.88,25.97,11,10.89,-14.09,-2,142,-48,-32,136,112,46,71,106,10.24,53,135,136,119,47.97,-16,-9.3
70.44,-20.07,-17,61.35,19,-2,14,16,25,136,37,58,139,27.38,-34,48.33,35.3,63.62,69.29,-45,66,79,42,132,-14.08
-42,-37,81,59.32,107,-24,-15,9.46,-13.03,52,88,62,46.62,107,69.21,6.89,90,-21.94,8.43,-21.46,31.36,30,14,38.26,-50
106,-0.75,68.28,106,-21,52.32,45,-3.02,119,16.03,116,137,96,5.09,65,18.97,-17.37,14.81,-50,-17,33.5,113,45,-33,4
46,68.67,60.2,-23,132,145,58,78,4,30.23,-4,73,23.42,129,106,106,-34,116,51,38,53,37.23,-6,11.92,49.38
86,-7.24,111,139,107,2,-46,-46,-37,110,-24.31,19,119,44.91,-15.19,146,-18.53,28,-7,15,16.73,128,-2,42,56
52.02,48.67,146,34.37,40.43,59.7,29,19,-21.98,-11,73,7,-21.11,8.47,122,61.22,19.79,30,-16,113,-29,40.33,101,39,134
-17.68,124,-13.24,3.72,-8,34,79,-2.64,-7.99,44,91,69.26,127,128,-19,61.48,120,-25,-2.88,117,2.44,66,21,-7.72,70
118,0.48,-21.86,53.05,31,18.39,70,71.96,18.23,-22,111,26.68,69.49,62,-40,-9,71,48.28,37.81,61,100,37.63,31.8,20,75
30.35,-46,-1,0,18.67,-18,-31,40.92,44,20.33,7,75,37.73,116,119,72.05,0,-22,134,38.3,-36,7,102,129,5
56.57,88,-18.49,-42,17,-41,66.5,73,51,92,30,-36,-21,21,95,-21,-0.57,-5,137,37,16.72,143,38.11,37.58,13
71,40.69,51.02,122,136,13.08,74,112,-3.29,57.8,83,8,125,87,47.76,-31,104,145,55.88,122,122,51.46,93,61.01,89
124,94,16.19,-3,109,-20,43.84,133,-12.1,87,55,38.42,62,32,146,-21,32.18,84,-27,-0.05,17.35,33.68,-35,1,105
87,48,-4.98,60.14,111,0.92,23.7,89,-10.19,75,44.65,117,17.7,50.07,-12.41,67,45.64,-20.84,69.52,116,-17.42,45.63,54.48,13.28,-7
-28,-22,8.47,-5.86,73.59,40.2,0,75,40.12,27,119,53.53,16.57,27,7,-11.32,-3.83,130,63,46,37.26,67,24,97,41.35
14.64,39.51,37.67,30.36,3.06,-22.7,145,50.81,5.26,138,65,62.89,105,-48,-27,109,43,16.45,-8,51,26.96,17,-6.87,22,5.92
-33,3,71,54,137,132,-39,-19.78,70.01,67,-43,50.26,-37,-1.83,111,-3.69,-14,12.89,69.37,-42,-8,46,85,-19.16,94
114,27.6,121,74.05,48,28,143,-33,-22.76,57.82,25.46,0.64,39.69,70,54.9,63,-22.56,62,26.52,47.19,-21.53,-5.95,-19.87,74.34,81
-11.56,-18,45.52,-18.25,-10.03,28.64,90,48.93,75,68,-5,-14.06,119,140,1.02,90,-3.12,52.96,-12,1.32,-5,-12,-3,32,-49
-24.5,55,22.11,10.52,42,86,79,-3,9,-10.43,-14,119,-39,66.57,29.99,-46,24.83,73.56,47,12,-20,19,25.51,49.36,95
108,-23.39,99,124,85,62,50,127,38.12,59,19.37,6.44,-23,-1.47,28,41,-50,43.01,-14.67,-22.6,49,-1,-2.36,51.14,130
76,40,65,-9,10.32,23.9,43.75,62,33.98,-38,19.59,-32,-24,-27,76,17.1,-5.44,-24.19,2.64,41,-5,48.96,-1,83,-8.58
134,94,18,18.28,33.3,-18.81,137,-11,-17.08,-12,69.01,-45,35.26,140,-4,39,26,84,56,128,63,39.6,-20.9,-1.09,79
59.55,11,70,126,-25,1.26,-3.08,26.27,-1,121,-3,32.17,-2.61,-39,142,5.05,80,20,-17,-12,17,68.78,127,66,63.41
36,146,-14.77,102,114,46.34,48,-17,13,58,61.8,39.3,28.57,121,-14,104,-22.1,61,109,-16,13,47.65,33,125,-4.37
28.76,88,68,29.59,10.73,5,36.69,106,51.75,50,-14.69,134,-8.71,-22,17.87,21.71,0,72,36.34,7.58,50.42,107,10.76,34,92
-12,15.5,104,-13,70,-36,122,39.18,37.37,0,33.72,55,11.35,-47,-2,80,-13.82,-8,-22.66,104,-47,-47,41.67,71,23.23
27,-2.08,45.32,48.77,24,-9,8.09,74,127,108,-12.18,-26,130,110,1,25.89,113,134,-7.66,42.16,-24.34,32,67,12.35,-22
70,22,-9,-19,41.65,24.04,-12.41,58,127,-24,91,89,24,-38,-37,-15.58,-4.04,100,97,74,-18,-2.95,120,-9,16.7
89,93,136,71.51,-1.53,10.97,-2.07,15.26,39,71.3,118,142,82,116,-38,68,147,51,-20.12,7.69,49,47,-11.1,47.18,1.92
-16.27,56.08,148,29.88,21.94,59,-23.83,16.61,19,-42,111,70.34,57,28.25,140,-20,111,19,33,73.04,-18.46,66.45,107,-20.67,32
94,-22.67,89,68,-19.05,-37,57.51,-8,12,-13,136,12.03,27.42,83,33,34,14.93,138,15.75,32.49,88,4.8,61.03,147,108
28,118,55.61,-4.58,49.18,139,56.95,46.99,-28,22.86,126,36.97,119,60,35.3,91,34.67,77,73,-14.89,35.05,88,11.41,54,-19
66,60.64,38.17,-15.45,-23,128,62.9,68.03,27,1,-34,48.2,73,69,-11,74.82,143,31,149,0,111,112,5,113,96
48.54,48.96,-13,37.07,-7.91,51,41,2,44.38,33,-6.72,73,119,15.66,9,36,71.35,79,54.28,-17,-1.51,111,100,-26,114
10,30,-12.98,45.69,-44,11.04,80,26.54,67.1,-49,102,44,-3.77,73,117,129,74.66,36.65,78,36.16,64.76,-0.35,-2,35,29.66
63.02,46.57,29,-3.1,137,94,64.48,89,-8,39,13,-31,-5,3.39,25.96,-36,122,83,8,36.85,51.17,80,71.55,-40,-29
101,-13.76,-48,113,-50,107,53.61,57.33,27,55.66,-8.82,0,53,13,-14.86,53,87,3.56,82,-47,-42,-44,1.99,38,52
25.76,-43,73.69,106,32.27,146,26,-14,107,119,138,5.39,22.95,7,6,20.57,126,77,12,98,33,35,41.29,73.94,-37
-10.66,-42,147,25.5,0.4,45.2,84,-42,57.54,54,33.09,34.08,50.76,53.26,111,60,130,-40,145,102,-9,119,-26,118,114
61,89,67.07,-45,-44,26,0,29.7,34.71,-25,72.17,36,89,16.53,5,55.45,34,31.34,-3.31,47,-8.18,26,-13,2.05,28
49.43,63,93,2,98,-16.86,16.13,94,35.12,138,35,101,109,77,44,-12,138,-0.14,124,100,6.64,17.26,-9,-4,3.28
87,35,130,56,105,-16,46,144,-4,41.85,-49,-17.29,17.14,18.48,145,24.79,59.28,77,-24.73,-5.98,94,69.7,51,-32,24.73
39.68,75,69.42,23.46,23,-15,31.12,-24.89,-26,133,-5,-7.58,20,62,63.56,73,92,47.63,67.34,114,9,50.33,64,88,51
29,85,8.63,-5,-2,65,50,72.96,-20.6,-13,88,-30,-5,-0.79,38.55,-3,-2.37,35,14.43,61,86,-12,103,-2,60.07
69.11,-14.88,56.37,115,101,-49,-7,43.01,1.38,9.81,108,47,103,-43,-18,-11.27,16,-16,78,-46,41.82,-8.46,-24.31,136,-49
92,88,20.17,-6.94,-18,-6.74,88,20,31,58.55,31.47,56.11,149,27,-23.98,-6,1.05,27.39,-15.62,-9.94,8,149,54,91,-1.85
148,26.15,146,24.27,68.16,-50,74.22,47,24,-16,-45,42.64,64.32,62.43,-24.09,45.39,46.66,12.89,67.1,85,-18,62.12,-14,52,20
-46,-11,43,109,40.63,-12,139,145,82,52.01,54.23,70,16,16,53,24,-13,42.41,29,59.22,52.02,121,-2.42,71.48,-24.49
67.99,-40,49,-7,31.78,-47,11,67,113,94,25,138,103,13.72,-0.28,64.96,66,36,2,46.99,59,130,21,30,105
30.79,21.96,15,46,33.73,136,22.77,110,-23,60.29,36.16,49,89,81,61.19,91,10,55,38.43,-12,34,0,12.01,-22.64,8.73
-5.52,110,139,-4.67,112,57,-24,76,118,33.64,59.05,38.64,18.24,57.9,-12.69,-5,36.72,54,-15,62.16,24.08,9.27,33,-0.08,63.55
68,70,-22.09,54.89,49.38,74.09,-9,46,-24.16,121,95,-18,31,56.57,145,59.06,35,10,112,65,26.04,31.43,48.33,48,35.87
74.49,8.93,2.75,49,23.28,-49,18,4,-20.84,37.31,147,16,98,116,-12.01,128,-30,70.35,87,107,24.26,19,-13.69,122,58
23.19,9.3,84,17,131,6.28,36.73,-31,52,36,82,59.94,25.59,79,21,9.04,21.7,10.67,-12.15,125,36,34.28,-20,67,18.82
44.48,59.32,19,17.82,0.69,41,119,41,127,49,92,45.48,64.71,38,-15.85,63.94,-12.9,35,99,53.37,-0.52,65.23,40,51.41,46
115,39,16,34.84,-9,48.3,142,79,-35,68.83,-12.39,-20,6,80,64,105,28.11,120,-5.65,-17,62.04,139,77,-11.33,-17.44
84,73.64,-43,138,78,53.71,-15.75,6.23,121,18,19.98,41,109,0,38.31,-24,53.49,145,13.17,-26,41.62,-24,-29,68.36,60.21
-47,-22,5.55,59.94,22,41,-39,52,57,73.54,87,49.65,8,-19.77,2.79,-2.72,3.37,23.34,69.22,19.34,-5,-29,128,33.73,10.91
30.39,-23,-3,10,-6.19,9.69,-11.95,-19,-24.69,-4.52,69.85,87,-3,48,1.77,0,4.91,91,-24.78,105,-34,7.45,6,66,56
-13.77,2.7,-0.7,46,129,-22.97,20,37.94,10,-28,23.36,-22.26,12,-16.58,56.2,139,126,45.5,72,23.71,70,32.24,-6,-5.64,61.39
146,-9.14,113,55.58,137,-8.64,125,-3,142,42.7,149,48.17,30,-23,45.31,74,50,71.05,-48,-30,72.1,6.76,-17.12,-43,102
-12,102,-38,-35,67,116,42,8.72,-25,113,-1.5,34,74.09,114,21,-21.35,113,-13.56,60,-20,55.76,77,33.21,20.3,53.88
17.61,6,11.42,129,91,101,70,29.85,56,-19.46,60,-42,15,15,23.63,-18.41,108,49,79,119,29,-16.78,122,70.29,40
54.15,73.82,71.47,66.54,1,38,-43,108,12,80,79,62.69,23.26,128,-17,110,105,-40,132,31,68.68,-46,-24.01,-21.5,0.54
-8.09,18,-24,32,14,0,46,55,67.07,-31,59.9,23,22.38,-47,-19.21,50.94,96,-5,22,21.88,12,29.09,133,-23.34,24.6
89,34,-6,25.99,36.13,-4.52,-40,117,75,-33,84,51.72,25.08,133,40,71,-47,-20.26,35,-19.43,78,44,135,15,-13.52
-18.36,38.16,23,7.82,-18.87,48.82,58.41,30.23,43,53,70,40,13.38,16,89,-12.87,38.12,-47,16,-1.45,-40,35.95,117,79,-31
142,125,21.5,60.43,-5,53.79,18.98,59,105,39.94,-2.58,79,108,-28,-19.99,20,-1.41,68.13,36.87,-37,59,69.19,148,132,21.88
123,9,21.75,-20,26,31.89,31.03,21.78,47,47,121,67.79,9.5,38,59.85,-43,84,-16.08,147,67,26,37.79,62.5,-27,74
49.55,12.86,-17.44,55,119,17.16,18,8.53,77,54,40,54,32,80,73.89,134,11.77,-13,143,144,-38,68,68,55.82,21.28
81,-18,61.06,48.16,28.59,-0.42,29,25.77,101,59,29,5.45,38.22,-5.45,36,22,114,37,119,50,29,136,-17.43,42.25,49
27.71,62,91,10.16,50.42,26.43,-2.58,-10.13,46.02,-36,18.48,73.06,5,4.97,74.91,52,58.78,-4,26,76,-46,9.28,22,-9.1,-0.83
18.13,67.89,128,64.88,32,-47,21.84,11,84,24.5,50.34,35.22,80,-9.41,-17,47.78,-14.47,26.07,-13,-8,-9.98,9,116,85,48
125,14,-30,118,24,79,-48,53.81,49.57,15,92,-24,58,40.25,47,-27,-41,112,82,7.87,37.95,20,2.1,1,137
66,15,-12.77,10,70.68,149,-29,61,-6.33,28,5.34,12.72,2,57,7,-2,54.52,73,-28,51,-5,8,78,-4.38,59
53.76,118,60,42.97,20.41,20.63,36,36.82,68.36,97,62.81,127,-8,-3,38.66,9,122,5.76,23,-6,6.31,-7.59,21,4,8
60,-23,-4.44,92,49.85,129,94,-48,19,-20.92,46,84,137,42.7,58.55,47.87,1,2.6,54.42,48.3,35,31,-14.97,-47,57.13
113,43.49,93,-8,-26,63.87,29.4,29.15,93,-47,54,22,23.19,113,123,-8.79,-15,0.38,53,29,146,-41,-24.51,35.4,60
-21,52,2.52,139,53,36,67,8.39,46.52,53.95,-1.42,-14,28,66.3,-8.12,120,5.67,40.84,68.2,53.02,47,33,83,42.7,-35
53.05,71.33,-20,48.66,83,51.24,-2,13.68,2,9.98,25.26,82,89,29.14,-46,-0.71,34.03,-7,75,43,43.15,91,107,-5.89,-1.45
31,147,5.51,-6.89,41,136,-14.26,89,56,-19,103,93,134,-0.76,122,18,4,48.1,-18,-12.71,-34,68.35,69.43,27.72,106
143,-40,34.75,-6,100,74.53,7.76,135,0,127,0,116,-17.38,-44,98,61,34,111,4.02,28.68,72,110,93,45.44,103
144,5.62,110,50.62,-1.85,107,73.29,-45,24,51,-1.46,-13.18,81,27,-49,48.22,38,87,6.09,51,-0.64,-16,26.89,-4,10.41
47,72.43,12,140,18,92,69,40,95,67,23.01,76,59.79,-7,117,-3.56,-7.33,68,55.09,59,38,116,109,-22.13,129
29,71.41,-33,-16,83,15,29.06,130,96,137,10.05,43.63,74.94,24.13,-35,9.17,43.12,87,139,10.59,-48,-6.79,41.71,34,101
-46,38,28.6,148,-21.44,6,5,101,-11,-15,45.22,128,-1,-17.39,-37,42,44.63,37,68.36,148,-17.09,133,52,108,45.9
-8.14,28.66,-13.35,-48,-10,61,10,38.24,144,-20.27,56,5.82,-41,23,20.66,-14.58,1,-32,60.75,70.48,48.48,32,32.98,70,-22.62
67,95,-27,107,-3,-49,27,5.31,106,31,142,46,125,-11,-3.04,-37,15.1,24,-10,148,34,16.68,-23,55.24,-10.25
23,52,-44,129,96,6,99,29.21,62,52,-20.45,-11.44,123,68.8,20,-6,18,103,-42,36.96,2,-10,104,4.11,148
11,-13,66.74,7.08,72.82,128,105,125,36.7,-21,30.36,94,30.5,75,-49,132,65.86,36,29,-21.07,37.83,37.16,-15.23,134,73
120,18.45,118,24,51.16,58.15,76,-22.13,-23.35,-17.73,61,43,-30,146,-22,-17,-32,-22.23,43.42,127,-17.38,0.69,125,22,65.18
27.64,-4.11,57,84,30,-45,45.73,-2.96,56,19,-24.2,107,96,51.98,19.71,-19.29,-9.46,23.98,44,75,42.54,55.84,36,-49,-4.42
43.47,-16.36,61.48,12.43,57.85,53,-30,-15,17.2,37,64.25,98,43,118,56.16,46,46.08,16.35,36.45,45.42,1.14,-14.95,31.97,71,58.22
46.33,-12,77,28,-27,58.23,87,17.32,14.77,48,56,-23,41,54,134,128,52.36,6.6,30.74,25.6,-15,-19.53,-20,72,67.79
53.61,5,2,15.79,29,42,39,25,138,85,10,4,72.9,-9.68,45,-24,47,92,11,42,11.87,85,149,14,-14
-1.99,118,35,-3.62,5,-16.44,123,104,23.28,16.66,101,31,120,-3.94,129,136,105,-6.56,-23,58,-41,55.5,-46,103,117
65.2,114,-7,38,13.72,28,52,11,58.67,142,74.84,66.57,-0.41,20.74,-22.08,26,-4,-41,39,45.34,138,65,8.96,-4.26,115
111,16.05,99,62,12.38,2,2.51,-18,77,145,118,60.47,135,31,39.05,55.69,8.73,-3.21,53,12.6,114,58.41,43.75,-16.23,132
130,12,144,119,-10,-8,48,109,144,-16,27,-18.81,-2,67,97,96,-17,89,66,-18,67.77,2.84,3.97,30.66,9
31.85,8,62,44.58,66.93,78,-12.43,68,105,-48,62.88,14.98,-22.38,54,84,96,58,10.8,5.74,34,-14.58,29.29,106,39.89,109
-0.02,71.74,6.18,66.31,-22,23.69,-24,-12.19,6,-35,10,56.57,8.09,50.81,6.98,32.2,64.34,29.51,24,-1.34,39,6.58,136,-7,3
72.55,98,98,76,-21.59,118,19,-45,64,-8.41,-21.35,40.83,18.29,148,33.58,98,12,11,34,41.35,67,45,137,45.57,33
0.11,-8.6,99,55.14,45.3,97,10,-26,118,65,91,70,-32,37.76,8.72,88,122,-9.56,35.26,-8.58,-17.45,16.27,9,-38,-1.97
112,-31,136,8,48.49,-9.2,93,78,64.24,15.55,42.73,-41,105,-15.52,-49,141,75,138,23.95,53.3,48,2,21,97,29
-40,99,-48,19.62,43,-48,15,82,3.33,66.44,-50,3,135,60,-42,-27,83,45.98,-5.83,-12.88,4.72,35.72,125,109,145
-10,123,23.92,58,-22.84,32,-20,-22,86,-33,-18.03,132,19.22,98,-30,136,-47,-15,138,9.66,-41,-28,-28,66,-21.54
47.74,137,94,46,-23,85,134,-9.76,6,121,45.26,-32,-11,102,52.81,97,95,120,29,73.93,39.46,125,114,-12,20
87,-34,49,112,59.84,-34,11.31,69,17,58,-40,139,12.11,19,-40,4.4,19,-5,27.49,15.87,21.34,40.55,10,65,-34
-37,-7,28.67,-23,56,45,-41,-45,19,26,44.1,-14.39,77,132,136,36.85,102,4,18.71,72.53,34.96,67.89,81,-5.74,68.92
109,122,-36,140,-1.12,59,66.93,-19.75,-18.31,116,141,72.78,-38,29,141,115,60.38,18,16,110,17,64,37,4.16,39
68.51,28,-34,37.08,149,98,56,10,62.35,44.09,67.66,70,34.81,38,-11.58,54,71,127,-5.87,69,56,-0.34,5.04,-16.97,138
6,11,18.24,45,32.25,105,74.94,123,-23,-6.4,-11,5.63,62.81,-32,-23.66,47,103,136,56,36,27.55,-11.86,-2.99,-29,135
72,22,15.54,-47,-7.52,-28,-12,14,21,-49,62.91,-11.49,-14,-7.5,35.64,120,134,-30,-9,48.78,4.05,-1.56,134,-4.26,107
104,22,12,104,-35,-8.83,2.35,-24.62,13.61,63,66.94,54,53.07,19,29,125,64.36,2,47,-18,54,47.49,21.42,-33,7.04
-7.59,63,-10.65,9,-19,47,102,17,41,44.39,122,20.19,132,130,138,70.44,89,11,-26,-14,-12.44,27.03,-5,106,105
-31,56,115,95,45,27,15.56,-15,96,116,68.01,73,49,21.26,49,7,-41,-46,-33,49,13.61,68,71,-36,129
46.87,66.91,-17,43.49,143,107,-1,-38,83,52,14,3,77,65,-14,93,57,126,31.8,15.12,3,3.69,20.59,71,-10.53
-12,-22,143,70,76,68,25.75,97,38.57,-9,80,5.31,19,38,-9,39.37,87,21.4,70,97,-15,64.88,-21,65,48.59
58.73,85,148,143,95,12,-37,88,-8.31,44,31.16,79,48.94,40,-0.78,-13,105,-22,73.15,-24.02,38,79,-19,12,69.97
9.16,81,12,55.32,54.48,31,28,110,-16.48,3.37,31,70,24,30.84,36.99,-21.97,94,31,132,31,53.31,89,59.74,2,110
132,11,34,-24.87,-6.65,83,113,87,-39,104,23.68,5,65,9.56,52,30,-4,20,58.03,16.94,-38,32,-11,8,60
-7.23,54,133,-10.35,-18.28,41,-14,50.9,-13,38.15,65,12,-23,36.34,-15.33,-16.5,66.77,21,83,6,111,89,46.05,111,-7
-31,-14.25,4.55,-23.92,45.56,-12.68,32,39,-4,-37,17.17,134,89,143,54.95,9,28,118,-4.09,83,30.97,24,30,62.6,129
30,103,70,-1.31,119,50,72,46,13.58,66,11.62,-20,140,40.96,-21.14,85,75,71,44.19,61.89,11.44,118,70.35,73.78,-24.67
18,33.28,61,-10,2.64,131,105,114,34,47.83,123,-18,68.46,59,18.15,116,74,140,69,43.05,-1.67,48,141,78,122
60,69,125,121,63.39,62,-6.6,81,34,27,145,145,47.63,24.73,29,-43,36.89,12.19,15.71,96,20.65,24,30.73,98,45.85
70,87,10,34,73.09,128,-22.82,4,28.22,86,81,55.76,36,67,-22,2.8,18,86,111,13.2,-11,51,68,-23,27
136,121,0.01,18,8.61,24,92,38,81,111,18,23,55,23.86,-16.63,42,-1,140,146,2,-2,5,-7,9,18.48
130,2,15,-2.81,63,-20,-7,9.24,61.01,127,6.51,4,122,69,7,-21.84,9,50,36,87,5,109,-50,133,20.92
80,143,88,146,72.24,6.21,49.4,33,148,41,50,70.59,37,66,-23.83,-9.88,10,23.73,-12.79,82,56,72.84,92,-1,-2
148,-22,23.03,-20,111,117,62,0,61,126,134,50.52,20.42,65.23,41.11,11,49,41,34.13,6.57,47.74,43.74,149,-16.48,31
63,-42,134,55.61,-11.22,49.3,-26,-50,63,134,7,54,-15.88,87,65.57,21,61.66,87,-36,49.96,18.59,53,11,92,29
44,39,48.3,-38,51.38,-11.57,37,27,130,-49,90,5.6,45,123,41.27,92,-10,69.8,137,-24.69,8.18,102,39.07,148,59
44.03,43,13,47,3,-28,-39,-30,-27,21,144,51,51,-42,64.23,46.79,59.23,31,-13.58,123,-38,60.89,-7,132,17.98
58.11,-27,-50,44.28,-13.46,-24,52,-16.73,102,73.3,-7.94,74,2,11.76,-9.75,-32,88,27.12,62.68,130,39,-41,-19,-10,-21.99
103,-12,26,56.11,9,125,28.56,77,20.09,39.21,79,-44,-1,7,-23.69,82,77,118,87,116,33,-50,50,86,-5.78
10.25,-44,71.85,87,36.18,10,-19.59,130,66.23,42,104,35,69.97,120,149,110,31.34,135,-26,-0.45,6,53.43,10.05,-36,88
-39,145,-3.44,67.25,53.29,-39,130,-12.63,-15.1,45.39,40,45,135,-4.1,125,33.34,48.82,48,127,71.26,7.17,11.8,-16,11,39.33
-18.05,122,50,-34,-12.09,47.41,110,53.35,-28,73.44,-9,66,-22,65.54,72.98,13.68,3.89,121,-5,21.36,8,87,26.21,75,13.41
33.76,36.85,-22.5,-9,38.1,10.68,106,121,-8.33,61.75,125,-19.24,108,94,42,54.1,51.92,19,33,13.09,-34,-13.33,131,19.36,-8.78
16,-7.22,46.45,-44,107,15,26,-23,141,22,-4,-4.87,98,7.82,25.44,36,-4.06,47.64,67.95,54,60.63,-17.21,26.34,-13.62,129
-38,28,68,19,68.73,34,70.12,-11,53,77,-6,95,24,1,96,50,26.47,-12.27,-3.22,-20,-21.45,61,144,50,-6
141,113,109,121,48,62.39,103,120,102,-24.06,-18.37,138,44.8,51,14,-12,97,48,-13,36.18,5.72,-48,2,5,49
0.4,-23.35,51.98,-35,126,28.72,60.03,27.19,34.95,50.63,16.07,44.89,50.87,87,44,36.33,-22.22,16.43,60,2,28.85,-18,17,-18.08,97
-17.2,1.71,87,59.51,124,63.58,-40,32,34.96,19.29,132,33.14,26.46,-33,12,13,89,7,-4.15,-14,11,-19.44,-3.75,45,67
-20.58,70.45,14.59,47.42,18.91,149,136,43.4,71.66,-12.63,-42,-7.03,31.9,21,45,69,46,71,79,17,62.04,20,-31,47.42,40
-45,7.41,146,143,27,22,28,20.92,42,39,70,-36,73.86,15,129,86,70.6,107,108,47.28,-12,55,-34,0,-21.76
-9,52.07,-31,34.82,-11,14.92,-37,30,-36,-42,1,51,114,101,-13.31,-45,32.01,57,13.58,58,-40,-1.84,8.17,93,-5
118,97,55,-19.22,124,-15.09,88,-8,21,-5.37,51.6,22,119,-17.68,-21.08,18,-39,84,135,-13,44.53,-13.41,45,105,132
-35,15,139,0.48,121,1.6,-9,108,56.36,-35,135,90,73,-17.1,73.85,118,69.27,105,-17.75,-4.99,20.83,116,55,49,9
-11.59,3.53,12.18,139,145,85,69.96,72,3,61.33,105,31,2,12,28,64,92,11.8,74,-21.93,18,106,-13.27,15,97
78,-8,36,-18.35,40,31.42,121,138,28.55,78,36.14,-2,54.26,4.91,-16,-1,55.83,129,-37,55.72,40.94,6,-18.11,67,63
-45,-3,-1.54,23.47,50,-44,-47,106,46,-14,143,-44,65.06,53,95,11.04,58.73,130,36.85,30,130,20.04,32,-23.19,55
68.42,-49,65,46.23,52,-29,30,-44,110,77,68,-34,30.41,58.82,140,-19.54,75,17,-42,-10.06,-39,-44,36.87,41,12.16
123,133,51.08,18.62,7,45,46,25.51,-4.26,94,148,66.05,-16.26,-6,-4,121,41.22,-8,-4,136,47,-16.63,-32,47.03,20
-14,-45,56.1,33.58,96,25.78,-46,137,127,31.28,5.18,133,60.29,99,30.37,13,-44,27.23,56.35,5,29.9,-49,-36,143,59
-19.29,76,9,124,51,117,40.47,46,69,94,59.79,46,-17.34,-12,19,56.47,47,145,111,-45,16.68,-49,110,58,121
130,98,25.77,48,0,45.7,38.27,135,65.09,143,31.59,7.5,79,24.05,40.74,-6.53,131,57,69.09,-1,39,24,43,-2.1,-15.01
43.23,0,51.18,36.78,108,144,7,-16,13.87,73.63,94,36,50,48.81,124,142,148,45,18.82,102,7.21,43,-15.43,26,-32
-5.59,18.85,45.91,119,39.68,148,54.59,-50,26.58,98,102,118,134,61.32,98,-9,13.17,123,17,104,132,4,63.84,95,133
141,51,-14.09,46.37,-11,54.39,72,68,32.33,-38,96,35,60,-24.73,49,-1,-17,87,-2.63,4.2,-15,56,-14,41.54,59
61,42.84,124,51.25,31.69,45.57,116,91,85,-12,124,-16.36,3,33.53,11,139,-27,93,130,21,-43,73.36,-24.34,-7.5,75
91,-26,-12.66,104,-25,50.91,-21.62,55.24,-33,-22.3,71.07,9.92,34,7,46,82,34,29,21.94,10.57,40,26.98,97,31,-21.01
-5.05,59.24,23.76,27,129,112,39,115,-4.18,129,-11.96,5,121,57,65,127,-38,26,-25,25.5,30.32,126,127,123,59.91
-9.99,103,12,20,-16,-30,147,20.53,43.91,62.06,17.22,10.79,23.41,31,21,-8.92,35,-19,35,27.95,-2.22,124,72.59,37.6,-33
42,50,-12.66,-6,50.38,33.57,1,-30,92,50,53,77,23.28,136,27,147,-21,73.13,6.82,148,-25,48.87,127,57.61,60
32,-7.27,27,148,60.88,66.4,19,30.44,69,34,-31,30.25,-14.3,60,4,11.95,-5.52,80,39,37.57,76,-48,-26,2.24,80
47.92,123,144,148,48.24,-37,103,-18.83,71.88,71,-9,148,27,34.12,94,80,-9.54,22,-2,38.15,-14.97,91,54,29,-18.71
-28,56.92,121,23,-4.19,41,132,14,105,26,120,-3.04,50,-47,72.93,15.23,57,-44,62.36,17.7,38,132,34.68,13.29,118
-18.27,-23,148,67,35,13.65,-17,135,-9.33,114,11.6,34,-28,63,68,-44,-2,64.09,51.62,60.24,-43,-12.02,-45,123,-23.51
20,85,107,85,-2,2.2,13.63,67,13,126,38,133,70.05,69.74,30,59,22,124,14.1,133,21.57,64,-12,-10.1,36.31
45.98,51.72,22,11,-10,29,-37,6,36,85,10.45,36.4,-17,-34,-45,132,49.43,-1,129,145,125,-12,23,81,61.22
56,28.95,50.63,56,-8.73,24.53,117,57,-15.85,141,28.92,-33,-21,31,75,97,-19.38,-10,-6.49,20,42.1,100,73.67,-5.62,8.22
-25,78,83,21,140,89,-19.76,-2.56,38,58.01,100,21.9,84,-22.98,17,7,94,56,73,6,57,19.72,38.47,-20.53,36.53
103,75,62,101,-16.62,1,41,33.66,106,101,-41,98,115,56,-22.46,-5.91,-16.79,131,28.66,52.8,-0.84,-1.48,0,132,26
-19.31,-11,107,-4.52,9,88,29.78,5.85,72.6,147,8.24,67,7,82,72,-17,8.43,16,2,45,-34,65,130,-18.84,85
105,87,69.06,126,-28,70,-17,-22.2,16,65.28,134,-16.47,119,-3.29,-35,49.37,127,2,-24.14,10,52,15,63,-9.89,28
60.92,48.44,80,12.24,22.04,66,24.16,4,90,34,71,63,15,7.87,69,32.14,33.82,65,20,129,93,49.23,-2,23,66.72
-8,61,-24,74,124,28.23,55,6,72,111,-41,30,38.38,-11,52.75,133,46.08,71,21,-3,63,111,9,57.09,-15.87
103,48,136,-3,99,5,15.4,32.11,91,14,-2.21,17,6,53,61,68.94,-10.88,-47,-2,37.21,-22.65,33.19,-8,-17,-13.99
8.88,-9.88,98,72.72,135,109,3.96,33,147,64,18.12,-5,50.95,-39,-2.87,-18,58.5,-4,-20,17,41,2,129,66,37
70.54,21,26,2,73,68.31,-43,106,95,39.96,28,-40,108,-1,-41,-2,-8.35,97,40,-22,126,105,33,52.35,-27
-4.27,5,-22.83,24.58,71,9.39,54.62,1,-40,-10,37.68,-6.92,123,36,133,0.54,39.76,-19,-13,13.66,140,14,60.93,119,-6
57.35,-31,72,98,-14,40.61,51,142,-23.38,30.18,62,70.56,14,37.92,-17.21,59.41,-23.14,49.81,31.94,124,36.35,6.64,89,0.07,22
133,0,136,47,13.36,28.65,59.31,117,60,26.33,42.23,70,41,42.78,55.41,35.41,65,66.9,29.28,37,68,3,-20.3,-23.34,-4.85
-50,-19,66,19,94,0.66,142,64,38.42,85,0,-11.59,71.21,-30,47.08,34,-5.51,-7,66.45,12.17,64,39,39,57.78,57
104,125,29,105,56,145,141,56,-4,9,5.51,-13.23,122,149,22,36,2,52.19,-29,57.35,120,122,-42,43.75,-1.08
38,130,0.43,54,-4,-11.39,141,14,11,-23.48,10.72,-22.68,-23.24,41.76,95,62,41,19.51,9.28,10,-23.71,70.3,-20,112,20.98
62,76,47,-1.62,111,96,130,25.69,109,-24.9,45,44,7,73,84,-49,148,36.4,-6,-9.49,22.48,115,52.29,113,1
-28,8,-2.43,73.1,101,-7.15,129,35.54,122,31,52,149,73,92,79,-49,-20.16,110,-25,-1.28,132,77,56.61,94,-39
64.14,130,122,97,-15.78,-23.25,28,-29,128,-11,-42,69,-10.02,58.97,-21,-16.97,12.79,62.46,52.91,-3.25,29,-9,16.34,11,101
96,-13.29,63,45,120,-14,53,99,104,45.05,64.52,138,-1.81,90,34.05,60,60.73,122,49.93,48.15,65.9,-36,131,33,-13
-22.41,100,-19.94,-23.22,-40,82,52,-49,65.62,-21,37,25,63.14,-49,-32,118,118,-47,40,110,125,-29,53,60,44.28
44,-23,-35,40,63,16,119,64,65,52,11.84,81,-38,12,-50,-6.4,0.14,147,72,7.88,5.5,1,16.44,19,144
121,-7.34,6.98,89,-24,31,-37,36,101,-11.03,113,-14,-0.41,61,31.06,13,133,137,99,4,20.17,62,66.89,27.9,16.75
-2,101,89,9.46,11.37,35.07,8,37.55,60,-13.3,-17.01,1.29,34.32,-9.14,59,72.51,-40,-5.13,54.06,21,-35,11.69,141,89,136
16,-9,120,-28,121,-17.15,109,51.31,69.35,-50,-41,-47,54,41,113,26.37,42,27,74.88,69,79,125,-7.44,14,-21.37
43,53,8.77,9,69,-2.63,39.73,5,12,6.88,36.46,36,-13.01,84,35.71,127,-21,85,16,21,69.42,-12,6.34,128,148
-17,19.12,117,71,20.02,15.75,80,139,64,22,114,-38,22,-16,52,-22,-1.58,-34,89,112,-0.02,2.17,22.92,66,-35
91,119,-33,-2,95,61,11.65,55.52,59.21,6,45.96,100,109,102,26.51,90,-26,140,127,21.7,51,76,40,-26,90
123,18,3.06,148,-25,45,-7.96,88,19.26,127,-3.9,18.13,73.32,14,25.56,39.37,91,101,80,85,12,14.34,145,-19.12,-42
-12,-11,115,65,-4.04,27,-28,-10.51,54.15,3,12.92,-40,41.66,62.42,60.87,85,-20,97,64,-4,143,60,83,148,69
10.54,-2.88,0.63,104,68.84,6.71,1.01,42.18,-47,97,-11.41,74.39,10,66,50.85,-24,-15.19,92,91,46,77,1,100,-10.2,24.62
29,-23,60,-2.45,104,29.89,68,54,85,-16.73,42.42,5,6.12,26.67,62,105,-0.67,134,4.74,28.78,-2.55,40.37,109,11,24.03
-48,17.82,1.19,91,98,61,3,7.4,-2,24,93,39.9,-6.3,69.58,12.2,134,-16,21.07,-10.26,-23,18.68,-22.64,-43,48.92,25.64
-23.53,2,7.46,-21.55,132,-4.78,-24.32,-23.27,114,-49,29,-31,-11.23,25.17,-34,27.79,59,23,67.11,99,5.88,-38,104,-21.29,-49
130,46,9,44,71,43.05,16.51,49,103,3,70.39,-43,120,-38,25.84,28.08,141,24,-27,67,-39,1,58.54,-6,26.86
36,62.3,18.29,27.59,69.65,59.25,141,58.67,-46,10.94,-18,47.21,-6,0,12.52,-40,42,13,46.1,1,41.48,-13,56.04,26,-38
14,69.68,-44,46,13.01,91,138,22.22,87,-16.1,17.65,-28,67,-14,63.28,23.94,62.55,39.93,102,2.1,-23.68,-27,38.39,59,45.3