64,57,37,84,96,103,36,72.39,-18.54,56.9,29,118,131,41.28,80,78,68.46,32.64,39,-17,-23.19,-41,44,51.55,73,16.38,141,-37,38,7,51,13.43,0.45,45.69,79,49.74,128,22.26,61,-3
36.58,141,50.54,85,122,15.35,27.56,104,56.13,25,-12.82,122,18.31,72.24,25.96,70.34,13.87,-32,4,83,55,135,-20,-21.83,26.02,-0.17,86,16.72,61.76,2,131,135,144,30.54,13,-1,11.52,56.89,-27,128
15.28,97,40.42,40,-35,54.04,14.78,-10,75,4,141,96,74,28,49,-47,-35,90,144,61,-19,-19.12,28.95,-38,-4.33,22.92,47.91,-31,-40,15,-25,-19.73,113,135,-22.66,23,92,81,98,82
87,32.95,-30,64.13,3,-5,17,12,94,-3,48.01,123,117,146,-10,-35,112,-9.89,-1.27,-30,2.17,10.36,-6,-35,118,5,34,21,-37,60.96,46,96,35,-49,49.15,2,36,24,-19.99,11
-3.17,-8.24,110,64,8,89,126,137,20.59,31.69,55.75,-19,23.15,93,11.75,25,21,31,112,43,147,22,32,-3,24,101,57.82,132,-35,-12,46,72.2,38.45,1.67,-5.31,58.4,131,-29,21.5,65.33
95,-19,105,120,22.91,14,-2.55,82,-40,1.04,20.78,-38,40.08,91,46,-24,-13.65,22.75,7,-10,51,46,120,77,132,71.64,-19.51,72,50,-23,20,146,-21.84,18.05,70.61,142,6,-13,19,41.18
21.21,44,45,-1.5,-13,17.96,30.23,40.29,5,42.26,49.65,-35,-1.37,-4.68,-21,-6,49,17.4,70.92,143,35.98,-30,130,125,13.94,111,71,111,-22.32,-9,93,-2.42,17,148,-1.15,104,107,39.02,125,13
62.46,51.85,60.54,18,6.51,-29,30.6,-30,82,51,43.04,-16.67,-19,89,25.41,43.63,51,-23.71,-8,-17,92,-13.08,106,-29,6,77,109,45.93,32.85,32,105,5.47,35,102,101,63.75,51,-6,106,-40
2.04,-15,36,7,-12.78,-33,58,5.4,82,40.68,69.99,84,31.23,97,37.77,74.28,129,-23,35,1,34,5.36,-9.32,70,79,-3.22,49,38.71,-45,-46,37.79,145,71,-21.98,42.28,90,24.88,58.95,4.67,11
-40,47,30.21,72.53,19.52,-14,65.54,36,42,53.17,40.6,71,35.06,86,122,39,-24.73,115,-1.78,58.13,-18,40.49,-22.08,122,12,93,39,64,76,23.39,-11.22,-3.97,60,20.38,-44,70,-3.17,60,30,87
118,62,2,59.09,49,-12,141,26.16,148,-4.76,34.26,118,57.2,132,-3,13.92,-22.83,-20.07,-20.94,4.93,-2,-4.2,102,64.8,114,61.73,74,53,-19.19,-13.85,148,59.41,117,-20,117,10.08,-8,-38,16,44
64.25,51.52,16,-7,44.29,138,9.27,26,37.04,142,108,-17,113,0,80,102,46.58,21.37,94,54,-41,71,30,-19,92,83,15.87,57,118,93,75,101,39,89,63.21,76,13.95,61.72,139,-21.46
29,10.85,40.53,-26,15,60.58,47.41,61,12,-45,28.55,125,-6.6,124,21.88,50.57,90,13,23,91,143,11.19,30,122,23,38,74.9,149,-3.33,29,26,-8,83,-45,16,-10,-19,113,16,-22.74
29,-14.21,79,-17,17.03,-1.35,20,-26,-10.82,-43,29,71.97,19,105,125,54.48,138,138,-1.88,112,7.31,4.54,-9,51,-19,-1,2,23,-24.32,-43,27,21,-2,44,23.46,37.19,7.72,4.32,7.18,1.93
12,84,2,130,70,-1,63.55,-23.16,-49,125,-35,42.34,16,121,119,21.39,-15,69,-42,123,54,-6.14,111,-20,52,1.34,23,52.91,72,-26,-22,-38,9.45,125,135,52.3,-22,13,55.2,21.63
18,95,-10.62,132,13.84,86,72,73.4,92,36,112,59,32.75,97,56.37,74,112,8,128,59.12,71.73,53,86,4,43.85,-22.03,139,55.57,89,42.8,33.61,105,66.78,-2,-29,62,102,99,-44,3.2
144,33,15.85,44.79,74.94,62.57,35.15,-50,55.79,-22,104,66,42.69,8,37,-24.35,92,-7,55.15,44,-35,23,17,40,22,55.68,-17.84,-18,61.7,-5,133,11,45.54,36,54,85,123,-23,7,94
120,70.42,87,58.84,128,52.99,-5,146,37.63,127,49.49,-21.61,39,58.47,-7,70.63,49.95,20,15,-36,78,34,2.49,96,-9,5.65,-30,30.83,33.36,94,12.67,3,8,119,-20,38,54,127,47,26.98
-18.66,112,47.33,118,43.49,56.03,64.27,17,-39,17,27,-10.74,70.67,62,-49,47.9,-45,145,-6,102,-15.44,58.22,-4,56,24.13,32.99,9.19,-41,57.15,144,-11,120,120,-16.72,121,56.1,-5.71,12,142,50.44
-34,142,143,-49,119,-14.22,-43,75,102,7.16,94,21,26.51,-21.6,44.23,-50,-8.05,108,53,42.97,61.57,-14,77,13.35,53.88,-15.62,105,10.16,147,16.87,101,68.81,-39,-8.04,24,6,-44,-15,81,37
41.83,85,27,132,64,48.01,111,-17.66,81,59,140,54,62.95,25.92,35.31,13,58,24,-23.53,18,67,17.37,35,-12.87,-22.49,68.92,-18.01,50,58.11,-13.42,103,59.56,26.92,0,19,-0.4,23.82,46.17,64.43,59.81
12,-20,25.9,22.77,30,-29,-46,73,81,-27,128,125,56.88,-28,90,-48,19.34,45.88,6.81,24.86,54.84,21.56,63.79,-7.81,-41,51.76,65,-15,116,69,71,58,113,14.08,-15.78,49,72.45,42,25.54,149
68,81,48.04,34.35,24,-7.8,84,26.77,-3.47,59.76,27.48,-24,-19.07,27.71,106,4,16.58,10,133,-0.76,-11.22,106,46,61.58,-3.64,-14,10.09,2,90,73.31,82,-22,-37,6.9,37,-13.26,62,53,18,62
-22,96,61,20.41,-5,66,30.51,31,-11.31,-7.94,125,-1.28,38,18,90,35,-0.66,127,29,39.11,132,-30,34,-2.01,89,38,84,-25,6,59.63,3.42,-37,-24,-9.9,-50,-31,82,-16.29,48.03,41.43
26.07,-36,49.94,43.52,42.42,57,46,11,-21.71,10.9,20,9,25,6.71,1.5,-21,-30,119,-13,140,48,110,119,100,-2,-27,-22,-31,3.72,24.18,28,47,-46,119,-40,110,-9,23,46,141
107,29,45,32,119,46.08,87,-46,9,18.44,-4.25,72,4.95,-14.43,8.14,8.64,-14,84,21,-13.27,47,20,72,39,-22,14,74,-12,26,31.05,41.29,-6.82,26.35,121,62,125,15,-4,4.61,73.57
15,64,-16,79,73.31,-28,91,-14,77,100,-10,74.57,-38,3.47,1,-1,108,25.53,36.17,63,135,-43,68.42,16.93,97,99,-21.28,-10,-16,83,11,33.16,51.52,44.58,-1,25.66,36.62,17,102,49.52
88,-25,141,146,65.51,24.25,98,134,34.11,-46,39,99,22.15,61,-4,19,53.25,108,36,122,29,63,36,41.66,49,9.72,-0.63,-1.58,-9,20,135,2.13,94,12.44,111,-28,38.52,68,-13.92,35
71,23.19,56.9,108,32,57.8,99,54.98,138,143,3.64,54,-43,16,-27,145,-4.23,35.83,37,1,40.88,-2.46,26.33,56.77,23.36,73.97,147,59.03,11,27,134,0.36,23.93,63,102,-8.67,35.27,0.32,46,-1
-17.14,25.6,71,145,44,23.3,37,66,-12,13.82,34.94,-11.17,1,9,35.1,16.79,111,28.8,30,79,-8,132,46.66,73,107,125,91,80,25.42,79,68.93,118,55.07,-42,48.59,3.39,76,97,109,-33
-12,-23.65,-22,-22,-18.8,34.74,109,118,50,-9,-13,130,37.72,-39,139,-10,117,34,26,81,146,-9,24.21,6.85,-19,2,-10.12,67,74.05,19.54,-50,131,44,18.07,33.44,70,-9,58.74,20,39.73
19,7.23,89,120,19.76,-29,114,-5,149,23.28,-45,-5.04,23.85,-13.02,65.72,-16.48,51,-7.38,47,71.12,94,37,-38,70,25,79,52.32,2,100,62,35,32,131,-24.76,-8,52,65.71,61,34,-32
-36,75,97,29,10,64,-21.92,79,107,5,-5,-5,5.66,91,-1,37,21.84,34,73,78,128,-35,39.26,-21.49,74.83,47,9.22,10,-4.65,48,121,-40,71,88,72,36,-12.31,73.49,146,143
103,27.91,-24.51,-46,56,0,-9.18,-8,-20.52,2.46,74.37,3.89,113,3,-25,115,66.82,-8,-7.85,3,56.98,73,132,29.75,-22,11,29,123,61.11,90,37.13,-20,7.28,7.65,4,-24,123,129,22.12,6
-17.25,143,-31,97,141,-18.31,53.02,60.78,-45,71,28,60.85,67,86,-25,130,34.82,36.94,20,128,97,56,97,29.65,-18.92,84,56,21.79,53,76,67.85,9.35,-17,62,40.97,86,0,-2,-32,-1.61
45.99,33.46,108,-47,26.71,147,-40,-49,-50,10.95,39,59,136,-35,17,-16,31.31,-14.25,103,-5,121,20.15,105,-19,-19.39,110,34,-33,68,28,-13.97,136,28.92,-22.2,25.73,92,120,24.18,83,52.2
8.98,8.64,-2.06,67,-10,-4.58,-24,-2.04,-44,44.86,25.69,112,0,7,74,-11,34.41,58.92,39.17,139,-1,18.01,67.71,146,-9.98,122,-34,-48,-20.1,89,51.08,2,65,12.92,59.42,116,3,-29,-14.51,145
9.14,67,22.88,103,106,128,13,-46,85,16.99,36,-12.5,-8.71,21.42,63,52,132,52.73,-41,-32,120,44,28.84,26,125,-3,17.09,-30,-27,-40,36.23,22.91,5,-13,55,26.79,56,22,-22.72,45
55,68,44,79,19,26,142,13,19.15,-10.88,49.95,118,4,46.92,-46,70,45,145,65.04,39,106,58,13,51,138,93,100,6,58,-18,-13,-9,65,70.24,-7.95,147,10.25,123,52,96
-42,25.98,-32,0.3,64.09,147,59.82,63.71,61.65,139,16,28.6,68,6.42,17.48,56,47.76,28.46,66.58,74.69,35,47,-11,88,2.85,-36,35,106,39.56,-33,49.55,80,14.35,-16.58,48.3,6,44.89,33.32,-3,90
104,14.2,87,71,73.3,-19,-11,-23,15.9,87,-13,6,20.11,-27,11.41,-12.11,24,28.05,-5.88,145,129,102,93,-13.16,22.57,-24.41,62,147,25.58,119,132,18.58,89,-14,87,-39,14,36.35,17,-22.94
39.38,12,-46,33.13,111,59.83,77,-46,52.39,13.23,13.43,73.74,109,-20.99,-1,-12,28.06,146,117,47,52,56,62,119,5.73,47.03,137,-16,18,-21.47,-12,26,-20.35,139,71.88,-8,62.27,-20.91,139,1
64.04,51.73,60.26,112,12.24,-29,38,40,147,39.56,-24.63,62.37,107,27.22,80,5.82,7,115,-5.82,-7.69,17.86,-39,-19,93,-25,9,107,-2,49,26.48,102,37,37.84,103,6,-13,-14.4,93,-9,24
17,47.16,32.16,-25,-3,21,86,57.99,95,45,78,5.5,-11,39,33,-3,8,40.01,101,-8,18.25,60,130,106,33,8.26,102,12,52.59,122,-1,51.12,113,-9.63,17,3,55.72,6.82,95,48.38
66.52,-42,-20,137,66.58,119,-36,-17,19.69,-28,44,37,67.24,-20.61,29.27,37.19,-37,72.38,-21,107,60.1,39,-6,19,-18.86,-17,51.37,-22,119,9.48,57,78,-34,64.32,128,75,96,-12,135,-19.71
-13,-19.08,32,-10.78,31.72,83,-45,47,138,96,37.29,10,11.26,38,51.97,61.54,12,79,100,35.53,-4.56,25,-46,142,119,144,-22,-2.86,24.78,51.62,27.68,46,-1.05,78,84,81,-11.58,-19,17.74,-30
8.38,93,37,4,131,-44,36,8,-35,-17.97,15,-16,76,28.14,-21.33,41.35,-12.96,-8,-3.12,-42,119,-13.83,29.18,60,74.71,60,38,135,72,41,60.95,-14,-4.7,-26,45,56.89,-48,5.25,47,-11.05
128,58.85,61.38,39,77,37.31,-28,111,23.54,79,29,27.58,-14.89,-49,64,-18.24,23,20.36,52.92,52,62,145,70.23,120,99,36.28,109,-19.09,60.28,-2.65,131,-6.62,3,47,35.67,128,125,-20,64,20.32
126,136,-15,-41,6,-8.5,72,26.3,-24,-31,68.44,-3,44.73,-38,-24.86,-46,-24,-14.15,66,20.47,-20,10.76,9,48.84,-50,-3,-29,64,70.77,-49,3.76,108,-12.07,-10,45.69,-45,-17.46,67,-13.21,31
108,22,120,-2.98,21,18.02,-26,10.95,68,146,122,44,-22,25.14,19,-43,136,-3,38,127,5,59,29,38,39,-1.56,11.11,44.73,5.97,129,19,54.9,-3,-14.59,55,-18.69,-9.45,-3,47,63.87
67.07,34.43,64,103,143,39.31,-47,14,24,-30,33,-15.98,2,-5,20.13,-8.01,57.43,146,140,-45,54.53,144,68.99,6.72,50.65,-26,65,118,81,10.97,-29,21,6,-5,-3.74,-7.06,-16.45,62.47,-21,22.76
-6.18,125,63,99,-22,7.89,108,-39,-44,34.25,-9,82,97,-31,10.89,19,48,17.3,85,64.19,-20,-6.05,26,-23.46,59.73,51.62,47.94,-35,46.97,45,109,26,11.28,54.38,91,-11.29,57.07,-13.67,139,78
35.46,-25,125,42,74.22,139,45,9.18,24.83,60.71,-25,-6.04,56,38,81,-29,-3.37,102,19.85,87,146,23,-15.58,113,75,60,77,43.62,31,67,62.02,18,25.69,41.7,-17.03,146,56.63,13,31.96,124
50,20.04,45,-49,-10.35,44,14.69,70.95,-16.13,20.36,16,122,28.48,25,68.8,94,-41,131,3.28,-40,-36,63.92,139,128,33,117,55,34,38.11,28.61,50.99,-29,27.91,72,89,54,146,33,103,-33
-2.7,25.71,32,99,-12.51,-27,25,34.4,25.72,25,7,45,-46,55,8.08,-7.77,76,11,-29,119,-9.49,36.31,134,41.66,84,37.59,-1,43.2,-11,56,138,64.88,-39,10.9,-7,9,38.42,17.49,-17.31,15
5.84,-13,36.23,92,135,135,-11,27.69,22.68,108,89,21,72.42,51,-49,68.05,127,118,134,60,-34,-19,-31,4.35,38,13,12,21,-33,73.94,61.28,84,83,13.16,-46,-19.39,48,57,11,86
71,11,-47,24.88,11,-12,34.43,94,44,43.4,1.93,140,16.88,16.6,8,57,15,144,54,57,40,1.24,8.92,42,12.32,57,-1,2.82,-35,133,16,11.25,5.95,-23.14,-5,23.28,23,59.59,33.21,3.64
145,62,12,20,-34,50.44,51,68.09,41,37,143,46,141,32,-33,59,106,23.42,7.97,7,24.76,8.64,8,-3.64,141,27,18.76,56,-17,26.02,33,96,-20.71,94,34,56,18.27,-33,-19.93,-23.13
122,-19.27,48.33,37.09,-13.14,6.5,-33,36,15,-7.5,34,-9.32,-9.58,-34,91,55,-35,106,1,142,96,147,135,-32,106,35.4,2.76,81,40,9.61,43.4,-20.8,-26,50.59,66,98,108,96,10.06,58.53
92,101,-19,81,13.88,15,-19,78,49,98,-20.21,85,74.12,0,-5.21,16.73,31,147,51.86,29,142,36.85,109,2.36,58.74,97,44,-33,71,95,97,-1.65,139,10.42,-17.1,23.35,15.08,40,65.8,8.53
-3.42,49,102,31.63,-47,2.83,-23.83,-49,51,13.58,64,-31,16.01,-2.15,61.94,-21.82,57,103,66.27,110,40,-20.15,50.8,61,78,138,-12,72.57,81,-18.39,-10,-45,86,120,-17,57.56,3.88,-36,78,59.84
-15,88,63.4,16.9,45.16,78,11.43,18.02,14.52,-11.15,-16.09,21,41,53.44,43,128,74,115,74,125,-13.54,76,62.15,4,44.17,94,27.66,91,55,-23,51.81,-23.14,-11.87,-2,33,29.47,-14.75,119,-3.95,62
47.58,-10,-12.02,-39,143,32.34,23,44,114,56.73,83,83,-3,15.61,-15,18.45,56,71.78,-20,86,32.8,64,9.79,1.49,71.76,42,145,-2.77,-15,57,30.22,134,-17.67,142,21,39.47,111,57.09,27.39,31.97
17,23.09,47.11,-27,53,134,-49,41,70.29,33.43,110,-16.06,-4.25,109,68.21,31,24.8,-6.71,0,36.1,143,20,89,-37,-28,29,-24,44,83,-45,-25,-46,122,114,26.46,68.51,46.28,67.52,129,59.35
70,15,-4.27,7,67.7,40.13,73,112,46,-41,81,44,-11.43,28.05,33,126,70,140,83,34,-9,72.11,2.28,8.71,91,-22,-21.05,35.18,19.81,-17.46,20.51,51.09,-4.87,31.12,108,136,13,-20,-34,39
68.77,49,-16.23,71.43,-15.83,99,9.98,-10.9,33.34,60.64,136,134,9.87,13.71,-26,-14,59.13,16.74,-5,14,92,55.07,137,54.51,132,-12.52,147,-22,64.49,-42,5.74,-37,72,130,60,10,94,62,-11.64,-26
48.76,31,42.55,116,11,4.86,-22.41,-7.57,118,131,105,-3.44,-11.28,16.61,-10,-8,-23,39,42.12,143,-13,72.84,-6,-1.89,66,95,-18,65.22,61.58,130,19.89,-30,116,1.69,78,65,68.48,-20,58.09,-29
108,11,29,-14.19,-27,43,64.19,70,113,57.47,146,108,16.16,48,64.1,26.44,64,-11.91,36.1,31,47.98,54,48,105,24.56,31.51,-35,-19,87,74.08,43.33,100,74.13,20,74.6,29.88,2,60,45.52,-11.86
7.78,63.92,-9.29,58,32,12.22,-6.61,41,141,49,46,33,114,126,88,134,14.72,-4,84,116,93,2,72.72,-37,56.15,46.5,-21,26.99,-11,60,142,82,94,22.11,19.68,40.28,135,87,5,16.16
64,-11,33,-10.83,-11.27,-24,35.59,67,28.13,74,20,119,147,77,-41,66.78,53,61,-17.77,-30,43,56,27,-4.39,10,-42,50.59,65,128,68.8,-20.44,25.5,110,12.21,49.68,-29,0,79,-6.3,82
33.07,-39,122,29.02,55,18.06,25,41,-49,15,67,-43,41.16,53.06,35.24,60,67,122,75,41,-45,-27,72.62,148,-44,95,67.69,38.25,124,16.27,69,126,-26,143,-16.63,24.23,83,43,32.63,128
147,23,45.49,40,-7.34,60,95,136,58.18,-19,-2.37,38,49.76,23.97,54.95,-26,13,66.27,-18.22,61.42,37.25,-17.14,71.45,32,-2,16.22,98,98,70.21,3,-41,-9.44,20.77,131,-9.16,23.74,12.66,31.47,35,65.36
3.65,54,72,2.72,57,67,30.61,35,32.63,20.52,55.04,1,40.28,62.46,13.65,59,81,145,-16,37.97,-34,-31,-7.09,-21,13.7,73.7,-40,77,18,62.39,16.91,-11.52,23.02,11,133,117,-19,-20,-46,-35
14.38,58.16,-1.35,59.84,-14.72,84,-39,127,63,69,106,77,11,144,38.44,69.99,58,28,56,126,-23.7,43.75,52,126,25.16,104,52,54.03,68.79,68,-45,15,39,124,1.07,0,-24.63,37,7,57.78
103,37.01,121,124,30.39,44,106,70,18.7,72.97,-40,-50,-21,121,70.36,-45,50,-47,10.51,74.29,-18,39.16,69.92,32.69,92,31.36,29.24,69.55,-30,65.7,-13,19.51,-29,137,74.78,53.63,-8.54,47.56,13,34.02
67.5,68.03,14.23,36,68,23,12,106,-1.84,67,113,24.34,44,43,-5.32,60.98,61,-17.12,74,4.47,-21.18,134,-31,45,4,123,-16.42,5,-1.28,126,-32,-5.15,-19,145,54,46,-27,21.16,90,28.84
70.63,42,34,-13.78,24,-5,146,121,21.42,-24.84,142,9.99,117,45,97,-0.39,126,102,65.62,53.36,99,48,3.09,35,21.58,40,33,-7.66,126,2,136,39,-20.94,-22.32,-9,48.32,56.31,35.43,5.05,12
24,106,-19,29,17,72,4.99,118,42.1,44.14,72.8,-31,66.59,7.61,55.35,38.94,-1.14,29,119,113,-17,42.58,-1,49,5.95,59.52,104,113,51.73,92,-10.17,4.61,24.74,24,72,-0.85,19,21,119,-37
48.64,72,131,146,56,91,71,42.42,-6.58,39.98,-1,139,39.78,74.3,68.99,140,63.08,-29,-15,145,20.95,3,119,133,12,67.73,2.17,0,69.53,105,139,29.9,7.33,125,31,1.28,-36,134,66.2,48
52.51,60,97,3,12,122,120,43.01,51.25,8.42,73.81,61.67,78,33,31,25.49,-6.26,12.95,14,54,148,39.53,60,51,33.52,-14.47,65.61,92,59.6,145,28,29,-28,43,31,44.05,-7.63,122,32.84,86
79,15,-6,0.21,73.71,121,-20,80,129,14.06,-22,55,29.9,-37,25.52,-8,149,68.29,73.33,26.26,24.64,2.76,-30,-20,45.57,29,35,64.15,-48,11.1,-24,31,49.78,74.25,125,-9,3.26,-50,20,60
-30,2,-15.83,6.5,85,127,33.05,40,95,49,108,35,-50,63.73,27.21,4.62,-45,104,-4.55,136,84,-48,57,33,-18.85,-46,72.5,60.1,64.06,6,-45,114,-17.46,119,-12.23,97,73,14.33,52.09,1.97
15,6.05,-13.39,-20,91,14.26,105,66.59,-7.82,111,-18.64,122,91,6,66.96,-4,117,11.8,96,-28,-37,61.81,23.03,44,6.54,-2,0.85,61,-16.51,-14.74,72,73.76,127,8.76,3,-12.49,86,77,-15.76,-3
11.21,19,118,109,124,1,-8,61.73,68,-12,98,125,10.53,91,54.78,83,-7.59,7,82,0.6,78,117,141,101,41,23,122,55.15,-15,84,-16,53,-20.75,-29,22,103,81,74,-8.06,-34
-30,11.53,68,9,17.53,21.27,125,75,-12.85,23.14,101,-26,-21.57,-31,53,-11.66,31.57,107,-8,65.87,89,73.21,43,24,73.7,72,16,3.98,144,131,45.15,100,129,36,12,53.95,39,116,34.09,-13.37
67.77,110,99,8,103,120,-15,31.95,-7.02,143,29.14,-40,-44,-14.92,62,55.93,-32,135,78,-12,54,67.89,59.74,10,-46,-38,86,46.17,106,-49,-22,107,58.17,-8,64.76,41,86,45.02,20.91,70
-9,19.66,80,46.78,-7,130,29.66,32.36,149,1.76,129,72.7,34,56,-5,44.97,43,119,46.28,100,20,111,46.81,13.9,87,66,-31,-44,-2,18.12,74,33,-11.46,117,-38,1,40,16.36,-43,54
68.02,119,112,64,-11,125,124,112,6,0,49.25,27.13,4.37,-0.07,36.08,-20,27,8.73,-16,-8.08,-48,-24,112,-16,16.95,141,45,-30,140,38.95,-2.5,58,-18.6,71.24,4.38,144,42,109,9.72,40
82,-2,123,111,1,127,62,10,32.8,-25,26.15,70.78,110,35.22,31.58,12,121,42.83,-3,55,29,104,0.38,26,71.21,35,74,99,-9.18,47.89,-50,38.83,21,137,65.89,38.63,23.38,-5,7,-3.67
-12,71,50.52,56.64,19.43,28,28.59,36.77,27.81,18.06,59,136,90,-27,17.2,108,26.56,-22.24,-2.53,84,-17,113,136,9.36,118,-35,106,100,80,84,18.29,71,145,3.3,82,-7,17,71.86,19,98
25.32,138,-28,51.95,44,-44,28.31,-17,108,53,59.8,40,-7.99,-1,41.08,31,136,-8.35,81,134,21.75,67.21,121,55.28,-7.51,88,64,-17.01,35,35,132,104,14.07,-0.44,19,60.21,-23.59,17,43,-6.71
-0.93,-41,6,-16.72,-35,53.34,115,21.69,55,40.87,-12.37,111,73,4,25.46,115,15.5,10,55,59.85,76,-2.63,36.14,34,-5.84,54.92,115,64.69,110,118,47.84,37,23,48.45,-40,7,-19.72,105,-5,-30
-6,67.76,-44,14.35,120,124,25.07,45,116,59,-10,66.5,40.66,-20,22.68,5,100,49,22,-2.28,56.41,67.26,9,23.73,35.45,23.63,1,42.61,-6.08,33.86,40,41,21,-49,101,-38,64,-22.89,69.12,62
-34,14.13,104,-1.44,61.86,53.59,46.3,14,-11.93,-3.25,9.05,-16,77,139,62.89,-8,15,51.35,21,-17,76,69,121,1.76,6.48,17.3,22.38,50,71.84,45,75,43,65.5,32,-10.31,88,11.04,47.94,-36,69
41,110,13.49,54.03,19.96,-21,-36,59.89,-16,137,96,146,-18,-39,-6.9,63.95,59,2.83,17.31,37.12,-27,73,15.06,8.18,39.43,98,-23,144,40.9,31,-7.11,144,64.41,7,99,35.82,-2.12,13.12,54.72,30
18.97,47,16,100,34.19,28,37,34,71.4,55,-17,-22,147,43.79,-28,53,69,64,116,145,33.79,-48,65.34,1.1,62.04,33,-19,-1,51,-22,-22,22.17,146,133,13,92,58.06,81,93,132
1.14,119,-14.04,37.56,70.79,-50,9.98,45,107,-5,65,71,-8,71,29.99,67.73,70,80,12,4,-23,76,29.32,56,78,42.32,5,75,-12,-4,18.82,-11,18,-11,-7.97,57,29,43,49.21,38
28,99,30.1,37,-1.41,15,132,42,-16,143,37,148,46,66,16.01,-20.44,38.2,46,122,77,1,55.22,51,71.28,-9,36,23.01,35,119,109,122,48.4,147,6.29,74,55.88,15.97,-4,27,43
98,47,-14.69,82,26,63,34,66,73.03,109,112,19.67,-7,-31,51,46,66,33.8,-0.16,-0.13,-3.05,6.84,-37,32.49,14.93,127,108,-14.31,33,77,92,51,129,51.61,25.7,-12.64,103,22,51.3,-25
143,-50,121,-1.19,33.71,-45,0.71,34.81,123,21,123,-19.8,17.5,108,72,138,0.46,64.11,1.23,51,141,2,100,148,18,38.92,105,114,-12,-34,57,99,22,90,54.4,102,29.99,109,44,19
140,75,-15,25.55,28,54,117,-9,27.37,19,55,117,0,-15,44.18,35,74.48,127,-11.79,42,-46,41,71.87,77,38.57,-14.39,56.9,-14.96,34.96,-21.09,80,-4.38,125,53,12.59,40.71,115,56.05,38,-38
29.19,61.21,96,-5.89,112,48.56,120,139,-1.11,45.94,23,68.21,43,-9,14.44,53.19,140,35,93,112,77,130,-41,54,-45,71.82,39,62.3,58.45,65,-4.46,67,34.6,-27,7.15,36.56,-9.28,20,67.22,21.99
47,13,-6.34,-49,92,-15.79,-6.61,59.15,-1.36,-39,18,-22.12,36.2,19.97,35.84,70,60,121,-40,36.39,71.89,-15,-9.59,59.52,42.89,99,108,-9,82,49.71,129,9.28,81,70.26,-24.87,132,102,-22,-12,46.16
6,69,89,-16.81,68,3.16,98,46,53.24,146,46.19,20,103,18.55,1.43,92,-19,23.73,129,98,147,57,12.27,36.03,74.92,0.19,51,47.89,-32,-6,19,85,1,-7,-17,61,148,31,-28,-13
33,41.6,42.05,-14.25,69.07,-21,50,-24,111,110,32.74,128,38.33,65.47,130,73.29,51.72,51.17,66,-37,102,71,34.36,-37,41.76,-27,-18,8.7,57,109,106,97,92,72,1,131,140,9.1,91,43
-13,40.36,77,7.31,121,-24,-36,40.43,-9.22,19.18,70.79,-36,138,105,86,36,-15,71.7,11,3.58,56.51,32.16,23,52,23,121,4.78,35,49,-1.89,-18.55,0,102,72,99,37.63,110,8.03,79,43
27.77,15.15,55,41,80,34.37,-17.36,149,146,40.12,136,-7.98,64,72.96,2,65,33,27.75,-48,-11.31,-11,-18,11,-13,-14.35,123,50.08,141,-23.54,-36,57,1,41.01,-15.12,-32,38.96,131,-17.23,96,9
87,-0.39,9,81,26,-6.29,36,31,-15.48,-25,-40,3,53.35,46,58.81,132,8.54,67,-27,3.71,53.7,119,36.42,-39,58,24,-2.75,14,50,15.23,63,34.43,-16,25.79,-6.02,84,-19.17,52,-36,-22.36
28.51,16.68,68.01,-7,-7,-45,140,124,11,134,82,-18,49,-45,28,72.96,25,-18.46,93,-18,111,20.94,32.69,8,-38,-38,89,14.64,5.34,4.96,-18.04,37,-20.06,29,-39,78,64.1,113,59,-4
0,149,-23.21,-24,57.3,6.5,31.79,94,-13.34,54.68,6.07,-8.98,70.18,23.44,63.32,-42,123,12.2,-6,-10.65,86,43,144,25.33,-14.31,-39,-6,-34,-6,38.83,13,19.54,97,-13.54,26.96,86,-18.36,64.72,50.24,6
-10,36.21,95,85,27,48.57,148,48,96,84,-24,-11.02,55.9,14.33,26.05,22,111,63.16,78,73,144,11,-46,112,83,145,-7,41.74,56,102,-6,66.52,143,84,-7.06,148,79,31,46,65
6.92,39.18,-7.9,-6,91,-17,-1,3.45,-39,31.54,-6.17,82,-7,-8.35,34,18,78,107,60,54.09,47.33,20.91,19.23,145,29,-23,120,-9.07,6.58,-19.25,1.35,12,54,20,11.75,9.99,54.81,-17.32,113,10
140,60.9,97,68.65,-34,22.81,33,41,108,14.49,117,-11,28,25.06,92,-40,13.95,62,-15,7.45,27.38,87,119,65,31,131,68,87,141,-20.9,33.64,143,55.86,-10,63,5,-13,-4.15,89,-1
14,20.46,79,14.34,24,-35,120,55,12.48,132,91,12,21.12,47.24,63.53,-24,64,57.08,72.13,95,14,-22,91,97,106,8.05,-16.27,0,76,31,58.4,15,-1,-13,70.87,49,67.36,-26,16.79,75
15.92,5.11,-10,105,58.45,39.42,-6.41,-2.76,43,-5.35,54,117,-11.34,91,12,66.9,-20,55.55,87,145,52.34,97,-43,62,-35,62,73.46,-24.95,88,-8.27,106,-1,132,46,57.26,101,-37,3.75,111,80
106,135,-1.36,22.25,20.14,37,58.65,26,-17.59,-17.62,134,118,2.73,8.45,132,7.59,-13.91,18,-37,48,-42,72.2,109,52.61,17.55,90,1,55.82,109,138,-15.27,53.71,32,-18.6,18.09,50,26.36,73.75,91,-10
-35,144,-50,-18,-17,19,-4.19,15.65,87,41.29,86,26.71,110,88,77,-9,-17.1,35.63,-43,45,49,-8.11,37,2.77,61.76,58,69.63,73.8,91,-15,3.38,40,94,12,140,59,31.11,-24,24.54,65
-46,105,27.14,5.93,-23.16,39,61.51,146,124,143,-6.5,35.38,-10,-20.7,2.44,21.11,22.34,-3.23,-50,-33,-2,41.13,13.6,117,-29,18,70.21,45.11,0,104,12,-10.38,25,15.41,10,17.02,-11.84,-16.97,-44,140
-8.65,23.8,129,39.69,12.36,-24.07,59,146,6,47.74,65,11.94,26.9,132,15.66,26.9,38.27,-6.28,50.27,47,-12.92,17.26,12,29,-48,141,38.8,1.23,-1.49,66.39,8.38,50.25,104,5.31,-6.64,4.12,145,22.81,19.52,64.42
27.96,-48,4,-4.42,-13,-13.76,33,26.08,9,96,39.29,-11.5,70.75,147,0.64,-24,8,70.35,135,127,11.7,20.42,-50,131,-8,-33,-19.35,138,21.68,36,70,81,83,111,-35,31,-22,66.04,-44,-15.09
91,110,115,-0.02,48.51,21,62,70,17,95,134,-44,27.31,64,0.67,107,60.52,-35,145,18,-10,64,2.94,142,87,-16.93,-11,54.01,84,37,131,46.28,14,68.28,118,76,47,46.88,-25,87
68.11,93,48.3,128,45.95,77,19.77,5.51,-17.5,51.46,61,-3,45.37,-48,86,60.7,48,3.49,89,52.47,-36,5.13,1,20,68.14,53.01,59.18,58.43,8,64,81,25,22.37,136,50.27,59.48,-4.95,80,28,138
-19,34.23,22.25,118,54,50,-9.35,74.95,71.21,33.9,-38,3,-24.28,29,-1,44.05,68,27,30.96,120,-13.84,-10.35,18.97,52,69,65,-14.31,76,96,25,140,83,30.02,15.42,58.53,-26,36,134,110,-7.03
27.4,134,24.91,-15.13,116,66.04,-2.43,-17.14,54,-13.86,-18,35,83,70.05,65.04,73.79,85,-2,14,4,68,111,74,5.69,65,59,-3,108,-21,48,146,102,132,64.25,130,68,-26,29.38,46.13,67.31
47.62,11,17.58,-50,3.64,66.95,-1.51,132,40.46,52.99,147,105,10,9.55,34.76,117,48.8,62,131,13,87,10.6,11.86,-18.23,18.38,90,14.62,48.62,96,26,41.47,104,116,107,-33,3.45,13.34,51,58,22
123,-17,20.97,52,119,46.81,77,43.13,77,74,71,32,23,66.89,149,27,114,146,-26,-23.38,144,14.6,96,50.94,-6.04,44.87,53,-50,61,37.67,61,50,27.95,19.77,46.78,16,-11,68.36,18,0
-23,5,13.04,15,16.05,-25,108,5.5,9.36,6,14.19,96,-12,57.19,148,24.54,-24.1,82,46,-44,24,-19.29,13.31,7.56,24.49,-0.97,6.56,25.32,106,-4,-21,-20,76,9.03,71.85,55,130,129,-31,-6
139,44,-15.98,2.93,33.41,27.78,44.54,-50,43.9,104,66.58,64,-10,78,69,41.37,77,48,149,58,70.34,133,67,67.53,38,22.64,4.67,17.85,23.6,71.35,-13.53,145,82,-6.19,42,24.64,23.82,-7,26,68.08
140,-0.67,2,88,53.4,44,-16,4,49.83,48.21,-7,116,145,24.9,11,21.53,81,74.82,22,66,43,144,44,132,76,-11.23,20.01,-23.69,-16.68,82,60,-43,-7.24,11,-18.13,-46,48.2,76,1,109
40,118,36,143,-11.55,86,36.74,-46,106,66,28.57,39.03,63.76,31,-41,36.75,71.35,101,-24,32,-4,38.99,34.45,12.89,31.67,41.32,10,-20,61,39.66,1.24,145,141,6.14,-42,73,90,100,58,17
96,36,0,-20.16,-49,37,17.95,-9,56.27,113,31.59,36.16,-22,-29,-24.54,31.69,62,-7.97,-8.79,17.9,34.45,82,85,125,-2.41,11.44,2.88,48.78,39,-13.81,51.97,136,80,-7.66,-22,65.66,70,3.9,30.24,149
147,72.87,76,-34,71.62,-42,57,55.52,9.13,-21.87,49.58,13,19.49,57,36,52,-10.75,-24.39,110,111,69.8,111,-20.78,-5.01,108,1,-5.21,135,-5,24.91,3.31,12.66,138,59.16,1,14.87,15.12,113,-33,148
-46,28.47,67,24,39.98,44.43,-8.84,113,-15,69.63,148,-43,85,-21,16,-24.89,60,96,-8,28,67,-6.69,58.53,33,149,61.13,29.96,34.53,-1,54,110,41.71,9,-12.74,20.68,-13,-7,-8,17.12,105
-12,56.21,-15.32,140,95,50,33.94,-30,65,102,28.76,-38,50.25,19.99,148,4,-21.46,93,-5.36,136,57,33.47,79,0,43.79,3.93,4,110,-36,11.12,23.27,65,113,70.08,148,65.89,17,28.67,0.77,45
51,25,135,51.88,-11,46.9,-15.57,58,12,111,69,10.84,24.03,-8.15,79,1,-21.59,34.95,-18.35,-18.32,106,-22.03,119,-0.92,6,124,148,57.22,18,7.45,-9.58,5,-6,131,50.68,30,-8.98,71.53,83,97
35,-12,4.83,146,56.78,-26,-48,126,65.48,-1.31,146,43.34,134,88,18,61.17,26.61,13,30,64.35,13.31,61,-49,72.28,28.76,125,-3.41,13,41,89,12,19.5,134,-4.41,0.99,30,65.51,34.94,116,78
1.4,26.99,-24,47.21,85,26,132,12,-2.9,7,-7.56,55,-8,-47,105,-14,27,79,70.88,41,12.03,-46,-11,51.16,7.14,43.97,-0.48,-20.84,65.5,123,38.48,38.62,30.56,30,73.44,21.31,27,95,27.7,83
59.8,87,-25,71,6,82,102,127,113,54,37,21.54,7.82,127,89,-23.79,72,119,47,-13,-29,44.34,-10,74.56,64.01,100,-42,123,72.32,-23.03,51,36.61,-17.44,132,113,6.02,86,22.31,114,82
20.67,59,-40,76,103,25.09,136,86,101,72.15,143,30,72.41,54,18.97,-14.65,117,-23,38.66,-39,76,41.97,72.38,5,128,98,-12,5,12.8,7.97,39,43.72,139,15.02,-9,75,2.78,73.84,140,42.35
138,22.94,79,13,73,58.34,74,54.28,80,107,114,99,57.38,-5,87,25,28.8,-22.66,22,37.72,-15,-38,30.58,-13.07,132,31.85,15.2,35,141,17,-15.15,41.24,30,19,37.4,39.15,47,96,-20.16,38
102,85,-0.71,-26,25,4.09,-33,27,38,83,-45,48.63,-1.7,56.52,-12,29.19,52.11,118,72,-13,97,27,34.29,34.37,-41,115,-14,40,120,127,13.35,133,-3.85,55.03,36.36,8.14,1,-0.66,2,-17.63
-46,65,-1.01,149,0,39.64,-14.91,65,36,48.1,112,51.56,-6.5,25.64,37,13.06,-8.9,-12,-49,11.34,26.4,-9.21,27.86,-9,-18.81,63,1.04,-43,134,6.73,87,5.85,2.54,68,-14,69.57,89,138,43,-18.13
4.8,-5.01,-34,101,43,55,-23,-12,1,-45,14,93,67.25,61,27,31,-22.16,-47,123,41,-2.83,19.48,54,98,42.81,94,32.35,-0.65,-20.78,138,8.14,-19,24,-5,-17.8,118,-27,75,57.58,-15.33
61.23,-20.45,128,73,4.01,111,44.66,-19,35.34,113,51.66,88,4.23,36,65,-3,46.07,116,43,-7.87,9.75,65,30.5,0,74,50.81,-21,12.63,-21.14,93,39,120,21.31,5.47,79,-12,71,11,34.36,63.04
72,58,134,-7.81,15.91,58.47,69,74.57,-38,4,146,-1.2,4,141,73.21,142,2.72,51,109,75,42.97,-39,-31,19.25,75,35.75,25.81,53,145,119,59.97,2.98,-37,-25,62.74,-6,-12,74.5,-36,5.67
145,45,-36,46.76,96,42.07,23.25,-2.46,58.62,34,-26,20,33.32,46,5.31,70.46,-20.67,63.56,68.49,-12.83,80,-1,133,-27,41.99,6,52.45,81,18.83,142,-7.17,72.41,-3.26,0,39,66,100,83,-4,84
49,84,57,109,-21,67.99,67.22,94,-41,12,35,5.99,-25,-5.45,62.06,5,13.7,53.81,133,-44,65.89,114,30,69.18,74,79,10.86,100,62,147,41.45,-45,-8.88,30,39,81,7.71,2,107,-11.86
-1.72,8.4,110,-41,-47,-22.19,23,42,-3.33,19.43,1.17,10,-18.16,16.43,-19,28,33.01,120,13,72.73,57,43.07,-13.27,106,30.33,86,60.68,59.94,111,149,53.09,4.95,20,-14.87,103,108,-40,24.8,2.36,25
69,33,82,118,109,73,103,70,-31,39,72,125,80,123,-32,133,50,-26,-14,13.11,40.48,-23,24.05,-21.47,110,132,78,25.84,50.11,58.28,18.98,24.22,-13,54.63,66.6,0.88,-2.21,-36,146,31.5
96,21.95,65.74,54.01,-9.1,55,130,85,75,-46,133,17,7,89,86,45.92,37.52,-40,-19.88,14.6,59,51,34.37,58.28,-16.92,-7.45,-10.33,92,63,101,81,95,12,71.43,67,127,-1,-17,149,12
74,-10,-29,130,16,-7.73,70.4,100,-15.29,134,-25,-38,117,46.9,53,58.78,-5.95,-22.72,32.17,-1,90,42.37,-17.3,66.96,110,-38,-45,67,-11.53,67,86,70.81,-40,38,60,117,46,-26,61.75,39.37
-42,69.13,-2.46,134,25.63,-3,120,74.48,56,0.87,-1,26.11,47.32,24.16,-13,-23,-6,23,63.12,59,19.52,-21.39,37,90,64.27,80,-18,110,14,57,5,53.08,-49,99,42,19,134,-4,10,-19
85,16,-26,78,69.09,72.04,48.02,56.35,19,21.33,-34,31.25,-40,-6,120,-0.33,20.97,46.35,8.86,120,47.11,7.28,-21,41.5,94,48,19.76,-23,100,82,144,55.69,0,114,86,8.33,49.6,8,20.43,26.94
143,69.29,33,103,64.9,57.16,36,-20.35,44.24,1.62,6,136,2,-6.62,-24.8,-49,41,121,52,6,43,7,24,14,2.82,141,62.38,15.17,-30,-19,12,30,-48,118,-13.93,64,0,18.48,26.21,48.4
57.99,-4.9,68,23,-4.15,38,6,69,-16.8,13.29,64,36.63,-19.43,140,17,3.34,36.56,58.68,62.6,28,-8.75,-41,2.61,-30,-5.88,-29,11.55,6,59.96,-20.85,-5.72,-29,107,42,129,69.38,31.46,84,30,76
130,19,119,29.86,34,73,-34,-24.45,74,83,-10.76,-32,66.2,48.37,-45,-12.66,53.99,52.73,37.12,74,75,-10.71,111,0,44.59,31.03,66,39.09,-19.15,119,46.39,39,18,-1,-25,2.1,45.94,107,117,3.07
16.5,-18.64,-6.93,97,23.6,-33,-43,4.07,84,18.87,15.56,15,49,40.89,2.46,144,16.18,-28,16.72,13.21,7.64,56.04,116,-35,21.95,40.53,36.91,72,32,43.39,28,-33,-11,127,133,92,76,135,8,86
59.07,49.34,101,72,50.74,63.86,32.69,48,-9.1,36.74,65,123,37.04,60,41.42,66.84,34,31.37,30.63,3.36,65.93,91,-12.92,62,-23.91,-47,-16,54.68,113,16.02,-18.37,-29,-22.97,53.6,-3,-6.51,0,26,140,-4
-18,72.71,51.29,-42,67,19.72,97,100,112,-50,53.72,0.93,14.83,48.97,-9,130,69.14,32,-23,25.51,113,72.81,95,39,100,65.15,66.71,44.81,120,-21,31,43.51,52,122,119,28,102,16,83,73.81
69,87,116,76,60.57,25.82,100,-45,129,36.8,62.2,28,-1.6,-28,-41,64.43,69.94,69.82,-12.92,7,-47,-26,41.2,14.68,126,106,38.77,76,-45,36.63,-21,8,125,35.34,-3,10.69,-14.68,-7,22.39,120
15.97,-1,141,65,3.86,-12,56.01,8.32,37.58,72,-15,57,35,9.07,59.52,-3.77,2.79,-28,129,18,129,41,41.48,-34,51,28.53,21.41,14,-23.11,-21.51,-24.01,144,78,122,-2.82,33.85,137,41,86,7.2
47.45,6,59,36.91,105,4.73,0,-14,-17.51,7.82,1.36,-33,50,-4.69,-28,-46,-14.14,102,49.24,57,-15.66,-41,71,-1,133,26,30.47,9.12,14,21,95,61,93,-38,64,25.84,-6,83,1,24
30,13.45,27,19.93,43.1,-45,71,57,4,13,-10,110,31,-24.95,-32,-21,37,9,-30,27.31,40,23.4,77,34,51.49,-16.75,81,64,49,9.65,34.18,16.95,52.57,57,28.16,6,7.48,72.71,63.81,-11
2,43.59,24.41,63.36,-8.54,-18.92,140,138,80,55,-22.51,28.24,13.03,24,66,41,76,62,142,8,-15.22,9,-9,39,-1.26,39.28,-41,26.22,14.99,78,130,136,-10.46,25,62.25,-15,78,57.12,126,24
66.73,38,8,68.29,60.39,64,27.5,47.25,25,136,52,-24,42.15,50,76,76,54,16,86,15,1,1.49,-1.67,19,134,76,29,-46,40,4.88,74,-9.17,31.64,139,72,140,5,29,30,-33
94,-39,36.68,9.74,-32,71.73,-6,8,7.48,6.93,-2.28,77,17.66,103,-0.74,61,114,123,13.19,95,56.58,-24,148,136,53.88,34.87,67,94,29.71,44.13,-10,-41,-43,108,-23.38,109,-14.37,76,143,131
74.31,68.84,47.6,-6.4,61,-16,112,-39,52.22,131,-24.07,-38,-16.8,54.41,91,71,-22.79,107,72.95,-20,6,19,23.37,-47,148,37,11,39,-42,63.58,34,101,78,67.35,41,19.96,58,26.94,37.95,-21.37
114,138,44,2,7.67,87,29,-23,118,7.57,4,-20,-12,-28,74.74,20.75,19,92,46,62,31.48,103,-5.49,-17,23.99,88,57,117,23.88,86,53,7,11,70.55,63.39,53,14.34,50.2,58.73,43
-16,-44,25.21,108,75,65,73.11,29,-15,66,62.68,91,22,-48,149,-20,52,-23,15,80,43,68.84,20,-19.29,61,82,33.27,6.2,1.47,7,28.02,-2.05,10.54,55.49,39.27,-13.15,43,74.59,33,125
41.1,9,57.55,91,2.78,73.41,44,-6.8,-15,70.41,36,110,-8,-17.74,53,23,15.92,-7.5,46.83,-1.05,148,12.71,40,57.77,140,-45,75,40.83,113,81,4.66,4.45,33,37.08,-32,-29,48.15,15,97,45.71
99,-32,123,73.91,-23.63,-6.1,57,18.64,-13.75,124,5.67,-10.45,58.55,46.56,26.66,6,18.5,51,122,44.66,77,32,31.45,-15.51,56,-48,-42,26,-24.23,89,-1.16,3,-1.99,40,23.47,2.84,-19.56,19.72,42,51.27
-6.8,-13.29,33.99,25,61.29,72,-4,2,1.54,-0.53,83,-20,72.11,53,60,-28,32.48,26.61,75,-13,64,-16.2,18.76,140,-5.51,0,-20.99,-11.98,138,36,-27,67.18,90,42,-5.97,-22,97,-18,-2.46,128
48,-20,35.16,144,33,99,15.99,83,18,17.28,-26,52.54,-7,73.95,20.03,29.38,30.52,7,52.87,-35,-21.8,28,17.67,46.28,8,-30,15.7,63.29,-7,9,54,-4.72,8.16,65,4.6,91,56.86,-46,59,132
116,112,51,-14.88,147,-36,22,39.32,117,100,138,5,32.14,-8,-48,-1,48,69.82,81,1,40.73,83,46,44,43,91,-46,-23.29,79,48.91,69,56.58,100,64.49,65,89,27.52,25.57,7.88,112
12,131,116,90,24,73.81,133,76,-15.86,117,24.28,51.36,3.76,47,73.85,-23,72.64,111,108,54.36,-11,93,72,-20.93,3.4,72.33,20.07,88,55.93,6.53,5,130,31.05,-3,2,-43,-24.52,17.04,3,28.4
22.66,110,13.2,17.85,45.34,40.85,138,-21,-2,42,43.03,70.46,-30,82,-32,134,42,29.7,43.98,73,137,99,56,24,54,67.53,7,-0.14,74,45,-30,-8.32,-43,4,73.92,-1.75,-40,74,15.14,-36
-36,-50,115,110,20.3,45.87,-20,9.17,42.19,-4.97,24,35,58.76,52.58,67,26.24,115,82,19.26,57.87,31.68,115,48.69,-10,-4.89,82,17.12,68.16,40,49,11.97,53.31,-16.92,57.82,134,61.92,40,-19.83,1,43
104,4,36,141,52.21,66,11,137,63.27,-29,72,114,64.46,-10.99,20.3,0.78,44,69.48,44.27,51.19,38.73,143,64,86,40,55,28.98,72,20.9,148,126,-45,102,140,78,99,82,-47,0.6,27.81
-4.41,102,-37,-34,127,35.86,-21.98,18,-4,16.71,11.44,24,-32,-1,31.67,90,-46,15,17.16,57,15.54,7.33,112,-21,-27,39.14,-30,-29,20.68,14.42,-29,91,123,-13.79,46,15,-25,38,149,14
112,73.81,-18,-26,55.27,-13,16.38,-19,-11,60,56,7,11.12,-17.11,54,-21.31,-25,66,82,35,74.54,108,143,59.07,31,53,19.05,85,30.94,28.83,3,11.46,65.27,-20,-16.09,52.61,61.49,57.75,-8.43,39
-5,117,71.34,147,14,54.66,134,-46,44.72,-8.28,-19,-26,35,61.69,32.15,58,18.6,11.64,65,-28,-1.61,-44,5.28,4.94,62.68,-32,120,20.7,-18.98,-15,25.04,-11.71,112,5.57,120,-4.95,99,75,-20,-7.85
-7,-49,95,-24.12,73.69,61,103,72.53,125,43,21.97,77,-11.41,50.17,-4.21,20.74,44.55,97,80,16,127,148,140,0.85,79,47.45,-48,-44,103,-12,0,82,136,8.6,-12,-31,61,123,-40,65.82
125,47.85,66.31,72,-48,13.14,109,-42,54,5,131,-10,25,-32,3,25.09,-25,33.17,-11.39,66.59,90,65.74,80,32,0.82,111,32.65,128,79,37.83,58.75,49.78,27,-26,102,108,45,-45,25.43,-18
71.14,112,-21.69,94,-21.57,18,-7,21,62.99,96,87,21,5,33,-47,34,147,-11.17,-9,6,77,43.28,43.25,66.69,66,29.26,30.73,37,32.07,44,119,3,111,-31,66.78,-37,105,126,-50,99
24.78,45,-2,-49,67.7,3,74.34,1.11,19.86,125,56,85,143,-42,38,13.08,41.65,42,107,3.48,49.88,35.29,-15,58,29,112,30.45,120,89,131,129,-12.91,64.25,64,-23.96,43.82,-5.78,9.31,9,23.33
64.59,-29,80,-17.11,98,75,96,70,20.6,18,111,71,11.16,-12,66.19,26.45,61,-4.92,32,6.05,-46,-18.96,60.66,67,-23.3,74,64,-11.3,-21,1.14,103,39.5,34,-23,34,41,-17,58,72.86,80
11.21,100,-26,9.82,27,46.11,60.51,11.36,2,83,14,-9.26,-3,142,9.11,17,91,118,29,-15,94,39,-5,79,57.72,5.53,-41,93,81,33,21,14.8,-6.6,80,140,-22,90,-26,4,48.26
90,74,102,148,-12.56,-10.3,111,67.88,47,-49,46,-18.91,75,-3.22,39,76,21.54,41.88,-21.65,36.33,-23.96,1,82,72,140,-6.46,3.96,65,66,-16.73,109,69.63,101,28.72,48.27,93,26.65,-11.16,1,50.56
7,32,3,94,58.72,21,82,25.71,36,128,-13,44,104,14,104,-4,20,137,40,111,-7.48,119,-9,-34,10,117,-24,55,91,125,16.9,-25,-19.89,-28,134,42,50,71.11,62,127
115,105,66.65,119,-21.54,7.72,-15,-46,-21.97,22.78,118,58,57.69,19.85,98,28.68,120,55,-34,-35,107,72,64,83,40,24,-12.3,72.17,-20.26,-35,58,-6.81,33,-5,58,73,-44,-14,71.83,144
22.08,33.55,66.99,-28,112,60,68.76,20,82,-24.79,-35,-17,-39,28.37,-23.48,18.17,43.86,58.21,17.75,61,-3.25,-47,54,-36,64,-15.87,-3,18.79,-7,-20.41,17.21,0.48,-47,53.38,-24,134,131,17,-6.79,17.14
-6,59.96,15,-21.36,-23,32,-4.38,-2.37,-4,54,9,-35,58.02,15.05,70.29,-33,62,-33,64.13,45,1.94,55,52.55,103,132,29,76,-4,14,15,-10.77,0,5.97,48,121,46.37,-4.46,90,23,123
96,13,65.15,137,24.81,30,9,132,23.03,32.61,21.46,73.4,66.1,9,120,74,64.51,25.78,148,-24,65.98,42,-2,-6,71,123,128,-12.98,9.41,-1.57,149,118,134,72.54,24,8.74,58.74,94,13,120
97,-35,-12,-10,46,44,54,32.81,-10,56,26.29,35.49,135,-35,-2.37,45.35,45.03,-25,46.21,122,-31,-9,-39,52.7,-33,64.87,-43,21,16.17,-19.01,26,12.17,24,-8.37,-1.11,-31,45.13,91,1.59,110
148,-27,96,142,-42,35.37,123,54,31.13,71,64,75,-6.62,138,-33,87,130,-23.19,-19.84,28.15,41.18,13,71.81,146,-4.93,51.34,116,-13.08,72.83,101,68.39,147,44.54,64.99,130,33,53.44,4.47,42,14.59
137,65,79,-10,-31,39.48,104,23.34,-11.14,-14.93,140,-1.7,25.51,38.42,67.4,68.14,-41,38.44,92,13,31,11.71,23,37.25,88,-18.39,32.58,22,76,72.94,36,4.48,-9.13,-33,-34,-10,131,-39,39.45,101
62.28,-13.43,146,12,1.06,-30,78,33,17.49,96,29.66,-46,-16.88,104,-15,78,16.43,32,4,38.97,67,92,66.61,-13.05,138,73,56,-24.01,-12.94,81,57,78,127,52.11,-30,36.14,5,65.25,29.99,-26
-2,18.61,-24,116,140,-31,38.04,126,132,-17.65,-32,136,-3,56.14,21.45,112,21,71,-5,141,-49,35.42,95,-6.41,39.89,30.41,11,-1.53,66.79,36,-21,-25,13.52,59,10,49,80,40,-23.23,-45
50.48,-23.48,17.76,6.89,105,36.51,12,83,3.1,31,52.95,132,-38,40.33,-9.13,92,123,142,120,11.77,70.68,-6,-23,141,-43,-31,-22.05,29.96,102,65.79,117,149,33,-7,40,3,61.76,17.46,-1.66,136
92,103,-20,-15,-5.57,28,-16.3,25,73.72,15.13,-9,83,-2.19,0.77,97,47.67,2.17,-3.79,40,2.4,45.34,-38,-7.99,40.52,68,-24.51,16.93,13.38,29.93,-18.71,112,119,20,23.54,-10,34.81,45,36.4,135,-3
7.96,-2.15,25.62,61.62,50.09,-21.21,132,60.72,51.59,99,32.58,62.65,-21.68,-19,-16,54,90,-34,-33,-2.82,55,31.42,2.94,45.91,29.23,113,-15.94,1.41,-43,-0.11,109,38.66,33.64,0.13,108,81,-26,136,72.64,95
57,26,112,64.35,37,109,23.69,78,19.86,17.13,39.04,3,33.58,50,-12.89,17.82,149,86,-15,52.49,123,120,-47,12.74,126,5,45.57,81,148,49.57,72.84,-30,34,67,46.46,-3,37,23,62,94
35,137,92,46.79,66.41,31.84,99,60,-2,-11.37,-22.05,-22.05,7.79,52.11,53.37,68,56.42,48.62,3,-23.5,18,-20,26.97,14.16,124,-24.36,34,24.58,27,-18.5,-0.33,44.68,-26,43.18,103,-11.91,2,33.59,149,102
107,77,146,92,-5,-13.09,63.78,-27,48,90,-8.39,20,101,16.69,60,-40,55.16,-25,103,-31,139,148,121,59.59,-33,24.25,76,2.3,20,48.96,29.03,47.11,-7,77,21,99,43.38,62,11.97,18.5
24,21,61.81,79,-8.9,82,65,22.41,-11.88,-33,30.08,53.21,16.87,148,-0.09,63.82,-35,54,49.55,70,39.8,37.06,55.74,76,22.31,20.84,113,100,135,36.02,-31,48.67,14,35,-1,-45,17,-23.83,-4,86
-20.45,41.27,49,31.36,96,119,25,143,1,-3,3.83,6,18,97,98,74.54,-45,40.44,-4,-19,38.09,64,56,-36,30.49,-29,40,19,-28,41.84,98,55,4,58,61,64.58,50,68.86,-43,100
87,6,8.54,58.12,-20.25,-43,116,36,53.66,96,95,42.16,18,-2,66.54,-9,22.89,-5.02,66.17,36.04,58.64,-21.72,69.71,61.79,63.19,94,128,39.77,85,44.23,40,-41,-17.4,-17.45,-1.44,51.01,50.75,52.79,-12,134
68,79,37.32,-26,56,86,41.07,-5,103,16.77,-7.7,63,64,142,115,23,-39,69,45,65,66.61,-7,126,-30,68,-48,43.59,49.67,-4,-10,0.25,-18.9,72.28,94,-20,30,-12.82,52.43,101,53.47
24.14,104,50.68,73.54,118,129,118,9.15,-8,20.04,-49,-13.71,130,26.07,74.87,-12,-3,42,88,31,143,80,55.87,24.2,41.43,53.65,60.29,59.71,72,-30,-12,4.86,130,19,1.75,117,6.34,-3.91,143,54.15
92,143,-27,135,-7,45.78,126,-20.74,60,74,120,-6.28,70,144,73,139,-41,-15,-23,10.47,50.7,45.64,46.26,75,-6.83,38.51,40.41,112,137,60,67.15,101,21.22,131,-24,142,66,40.21,40.88,98
81,66.68,15.56,57.3,17.61,-3.19,-12.9,62.75,-17.78,8.52,67,64.58,2.6,-39,23.87,13.93,3,132,13,38.56,-15.58,55,-22.6,149,-21.83,-0.13,67,137,102,15,37.31,8.11,123,9,31,51.07,-33,24.31,65.86,141
142,8.1,-20,58.36,131,15,15,80,-30,-17,147,19,78,44.72,-13,-0.46,72,16,35.7,50,55.52,44,-2.94,138,6,-4,11,-8.78,53.2,16.36,59.3,57.88,64,44,6.49,-18.57,81,110,62.45,71
15.75,105,121,42.62,-0.78,77,43.58,37,8.21,36,-4,4.32,-35,105,68,34,-8,137,-2.41,70.45,-7.9,21,10.06,-27,103,68.62,60,-17.27,13,18,31.12,28.44,-1,146,26,7.56,124,14.32,148,-26
17,53.27,66,-2,8,1.64,-10,-34,-24.16,71.98,23.01,57.89,116,47,15,62.21,-39,62,34.14,68,37,-30,-34,39,-35,53.04,-15,36.61,110,79,5,-21.02,-42,65.78,112,21,117,15.91,74,73.48
63.71,-9.61,128,61.07,-19.73,86,-49,-14,6.75,-15,-15,1.32,115,43,-41,32.3,-24,48,120,6.46,71,42.85,25,-1.46,-46,87,149,94,49.6,40,59,7,-2.49,69,31.15,68,72.99,11,77,-43
19,46,0,8.47,10,12.18,120,41.82,70,48,0.9,11.53,121,26,49.52,3.86,4.29,-19,117,129,-23,-20.5,1,61.75,110,70.24,144,47.56,40,-15.41,30.2,24.6,-7,56.86,8,111,124,97,61,65.93
32,-9.16,-23,17,57.26,-25,-32,37.36,136,77,-47,72,13,92,-50,31,-19.62,16,62.92,16,-15,51,99,142,28,20.95,22.6,43.61,40.78,120,30.14,42,30,99,123,111,47,15,140,17
-37,27.97,-18.1,125,-19.79,97,-1.35,51.5,67.05,-3.98,84,125,54,53.74,90,60.92,70.81,66.08,110,22,52.26,146,30.29,-0.12,27.12,-23.51,-23,-37,-20.55,30.46,49.28,47.85,18,41,23,15,38.86,59.07,5.54,105
57,23.76,-5,33,36.29,24.54,26,-22.4,-30,108,-10,29,143,63.39,53.96,135,49.2,0.91,31.89,1.86,85,84,76,-46,5.7,109,102,-40,-24.6,50.2,107,142,57,22,138,28.26,112,-17.69,44,21
-24.24,20.17,122,83,37,1.83,26.21,-21.27,22.3,-45,-18.69,119,104,54,47,-13,69.89,43.56,69,52.68,-30,50,3,59,10.63,6.96,42.86,27,-11.53,-20,121,131,-39,58,69,-13.34,-31,124,-23.28,67.39
6,41,20.53,-9.12,68,32,120,126,35.42,66.76,49.83,-15,46.96,98,-21.59,100,31.72,-39,32,54,1,68.42,68.74,86,61.24,-15.33,17.81,34,60,-9.94,48.61,64.37,54,74.73,26,38,12,-10.85,29.29,117
49.16,56.95,132,65,11,23.67,20.61,-23.85,44.15,9,35,47.56,130,73,125,87,31,-6,116,57.83,7,108,-17.74,31.76,-36,53.51,-30,94,49,149,92,11.51,38.28,57,-14.18,8.09,5.79,-26,131,120
-34,40.86,130,-13,118,-27,-5,85,35.64,-30,57.18,68.83,123,58,28,82,26.07,79,8.02,114,23.02,93,90,-14.86,-7.32,17.75,-17.04,50.05,146,64,-28,41,20,27.31,-21,35.64,62.15,138,90,25.06
5.9,-27,130,-38,-3,47.91,-1.27,-15.56,-33,123,19,18.87,85,-6.14,58.78,47.02,32,110,3.43,-8,41,-19,76,69.85,61,71.5,42.21,11.51,80,13.19,16,40,-39,83,0.99,97,106,-43,-31,77
-15.24,139,60,33.49,-16.18,112,57.51,27,0.11,60.09,137,-3,101,56.56,22.81,-40,41.92,111,0,70,8.45,130,93,-6,139,136,71,68,33,45.62,39.23,46.85,-9.22,56,8.82,127,43.8,42.57,7.81,8.34
47,63,31,111,0,58,5.82,54,-18.72,0,-15.69,42.01,30,93,71,46,99,134,-19,2.67,-41,39,10.75,48.49,63.28,-9.94,139,79,-36,9,-28,9,54.28,54,38.21,24,-24,55.94,13,-22.34
63.81,-31,-18.89,-47,-20.55,71.94,39.72,-12.34,15,67,-12.69,6.05,35,-3,145,109,86,50.83,48,82,5,13.9,-43,42.2,-20,128,19.12,37,-43,0,96,68,-37,-11.05,38,100,72,-0.66,36.88,68.69
76,121,48,112,96,20,18.24,23.46,38.04,53.18,36.98,64.82,48.72,25,68,9,63,41,11.84,52,-0.02,136,-13,48,105,31.83,61.09,28.84,-7.93,105,67,53,78,25,69,55.79,15,-34,-18,80
29,-19,144,139,54.18,-40,32,117,139,3.67,56.39,3,-18,128,82,-0.04,134,-41,44,-3,43,46,83,61.22,61.25,0.92,-28,0.05,135,102,7,105,48,9.6,-20.19,37,-10.8,78,61,73.3
49.16,82,33,127,88,115,-46,127,102,98,67.34,16.12,-48,103,-18,125,35,25,-6.76,69.72,-13,-34,111,50,-6,-33,-19,73,92,-8,-37,-10,28.29,31.62,53.09,87,115,-49,89,69
38.68,138,74.56,119,32,-15.61,-33,130,72,69.82,40,113,46.76,18.08,45.55,29.66,115,101,62,24.18,-12.65,8,17,15.76,71,-23,53.51,23.88,59,7,-39,2,71.16,17,-5,4,-0.45,124,-4,-18.77
12,-40,3.88,6.9,82,-43,35.23,143,96,39.92,123,6.36,39,32.86,16.88,-6.56,-12.51,77,44,88,0,8.39,3,111,57,-5,22.7,28,12.49,-42,125,36.43,-14.28,-22.59,19,24,112,7,-6.39,125
-48,-3.34,-25,49.74,25,69.15,120,-9.81,9.9,62.02,125,102,-16.64,118,-7.13,40,54,139,55.69,1.74,31.02,29,129,28.42,18.27,55.07,113,61,-10,59.67,-33,-43,-33,37,120,84,-29,9,-1.54,39
47.37,16.05,25,-10,96,26.34,-0.57,4,145,-3,22.21,-27,25,72,59.35,92,57.21,37.25,58.26,121,104,-16.37,60,40.76,34.26,99,-20.97,-1.48,-13,57.96,132,-30,68,68.01,42.91,137,121,-43,-7.31,117
95,78,135,-8.45,-19.05,36.59,107,41.24,57.77,132,10,98,-40,-50,23,19.71,64,-4.89,-19,116,-14.28,118,97,8.99,90,33.91,26,-47,117,115,58,61.56,48,46,29,8.92,19.83,-45,0.47,39
-12,15.69,101,-46,80,-43,71,45.94,118,87,125,104,40.42,25.73,100,16,53,99,-14.31,39.42,3.64,51.79,70,59.73,18,10.8,18.88,30,24,46.75,71.03,18,28.89,73,31,98,-47,33,76,-48
84,94,-30,-0.36,43,12,119,-28,38.7,42,33,4.58,146,83,-1,16,149,56,81,28.29,-7,105,137,-2,92,38,47.24,40,-28,19,73.43,37.03,54,147,75,9,74.98,6,29,69
149,105,22.08,84,22,98,144,4.49,19,96,-9.97,149,25.67,37.36,53.16,32,-47,60.73,116,9.22,101,-26,34,33,-24.1,-10,-41,-47,33,-35,83,-15.79,43.4,5.88,-5,28.68,-32,62.6,79,-15
44.67,70.27,67,23.6,14.84,55.1,47.6,-24.87,34,-16.05,58.74,129,145,133,26.16,39.95,25,21,60.96,32,59.52,-20.76,40.79,90,22,134,14,57,7,-20,-18.6,94,19.64,-21,47.9,42,-18,4.79,139,-40
-5.15,-18,36.03,65.77,61,10.25,-21,14,-22,36.06,8.89,54.37,71.8,29,6,47.94,26.1,-37,-11.78,73.03,33,57.84,15,16.35,64.58,90,82,148,-11.21,83,-19.49,-49,1.55,43.9,-21.62,66,128,-17.46,26.83,-4
7,35.94,119,-40,15,58,15,-21,-4.11,115,-42,33,23.81,38,-33,97,108,-36,-48,-26,82,-8.59,-18.44,23.25,41.6,68.88,135,84,60.32,-28,31,39.24,-23.3,102,24.38,88,34.12,-0.8,126,79
103,23.18,83,73,-7.21,147,60.34,-2.65,6,-50,115,27,-6,65.09,89,9.64,-18,54.87,68,52,81,7.49,-38,20.34,56.04,72,56,-31,73.75,41.05,23.87,73.98,56,47.82,97,131,13.75,-27,69.17,16.27
63,-13,86,145,-44,123,-42,20,45.31,59.16,54,104,107,3,112,75,139,59.98,26.28,114,34.27,-30,36.38,26.61,69,-3,-18.77,136,47,-1.89,-2.53,11,64.92,88,22,66,59.2,-20.59,-12.7,45.93
115,13.45,17,3,5.18,53,102,-34,28.1,84,32.47,20,66.25,-32,-23,75,104,14.08,85,63.08,3.68,55.05,69,86,20.76,0.84,27,73,25,-25,0.43,143,7,-44,55.85,9,55,-14.13,14.52,-31
92,78,76,-2.13,-43,99,52,-13.32,46.78,4.07,-44,46,65,21,10,-9.28,22,47,98,37,149,82,20,38.69,23.31,147,60.26,35,14.62,58.01,-11.64,1,23,18.91,144,-9,57.54,82,-17.98,-44
53.68,-29,89,12.84,-18,57,-7.65,36,77,79,84,72.22,52.03,-1.45,38.44,-2,-6.45,102,-20.84,54.77,-12.98,-34,54,88,8,23,74,125,63,114,33.4,3.18,77,41.43,19.5,24.21,2.66,21.95,120,62
20.19,108,138,-19.56,46.13,34.86,5.8,67.4,56.56,-7.41,109,-18.2,46.61,117,15.16,-47,73.25,-17.82,79,147,-15,-33,111,48.71,50.43,3,51,-13.59,43,58,126,26,126,66.78,67,-1,53,7.76,41.77,133
-16.86,57.82,-17.14,34.85,-33,11,71.22,-9,0.02,-17,3.02,-10,120,-14,38,46.3,-17,82,-10,74.67,109,-40,-12,7,-40,29.14,99,42,39.35,80,-21,-24,-22,52.43,52,58,48.31,39,121,148
147,42.14,21.03,35,-44,-2.75,-10.29,-36,-26,64,-42,19.96,38,-24.38,13.81,31,111,137,35.22,43.5,-29,-10.94,36.93,149,-27,51,-4.72,71,76,-8.77,-20,54.25,79,-20.22,43,-48,20.42,144,-50,2.32
-16.82,40,69.73,-26,-3,24,33.14,102,133,-21.93,36,-15,58,122,98,38.25,91,49.68,89,138,129,56,88,-17,57,61,70.19,22,-8,58.75,68,2.48,140,39.76,124,34.72,55.42,136,-11,41
23,-15.52,73,122,43,-11.63,-24.47,22.55,58.94,70.26,127,72,106,6.2,55.53,-32,2,39,34.99,10.68,77,36,-13.1,-2.56,63.39,-35,106,32.75,-20,140,38,75,47.67,52.24,105,65.51,-49,69.4,-24.31,72.24
29.93,35.76,129,-50,59,34.52,25,25,52.23,70.9,40,40,52.26,-41,134,28,77,132,23.42,109,121,8.13,-7.35,-8.85,34.15,46,75,-18,-14,123,23,-43,-30,131,-44,85,24.83,81,-1,19.24
19,52,13,141,-20,29,60.67,40.43,25.77,-13.82,-22,39.97,39,31.57,133,40.54,-2.73,86,115,-29,-14,-43,17,9,68,47.87,-8.91,75,35,18,125,17,-24,48,63.94,-13.4,39,-4.16,69.23,51.04
3,48,83,44.82,106,131,40.33,15.46,22.19,140,68.55,100,17.89,63.11,91,-13.87,138,-4,84,2.18,116,28,39.39,68,146,72.23,44,46.93,145,126,5.78,30,12,-34,-18.43,26.73,14.27,94,80,10.76
116,70.88,-0.93,65.1,33,103,35,105,52.48,29.64,98,10.9,132,6,71,139,-9.11,-22,36,116,18,-19.15,25,-31,40.21,20,70,103,-16,29,62,84,65.6,40.49,64.73,77,33,68.88,23.84,122
-12,-13.73,65,-7,146,27,41.36,-10,7,-13,74.41,-3.15,17.22,-10,57.62,-29,-2.46,16.11,-29,6.56,143,60.28,101,39,15.92,-39,26,17,4,44,27.94,107,32.48,72,55,-29,134,68.72,52,55.24
-6.1,51,-24.41,51.46,-15,132,72.84,-3,14.67,-1,58,23,-48,56.14,-7.18,34,82,29,141,-12,-17,-40,-47,-9,17.52,15.59,-32,34.04,47.68,-2.99,-49,-0.22,12.48,2.72,15,14.56,-16,-6.68,74.04,-15.98
-43,86,4,-10,67,11.34,8.44,-27,146,4,44,2.74,63.56,23,-27,-49,129,90,-4.62,-24,34.74,107,119,11.32,102,87,-13.92,69.59,-34,96,16,133,144,36.8,66.78,-47,47,14,29.35,44.21
63.32,87,-20.9,39.39,42,51,129,11.73,-38,52.7,48,38.38,63,17,-21,51.37,60,-10.97,25,-16.3,72.82,-47,69,13.57,149,0.92,39,-29,68.59,41.38,70.68,-37,31,148,42.22,133,14.27,-7,7.67,36
68.86,75,58,23,11.96,-7,-13.85,111,12,94,-16,100,-2.55,138,19,16,21.2,-9.9,-27,-10,146,57.48,78,-37,102,-24,35,0,44,133,-11,42,14.75,54,42,-40,54.7,-3.71,5,-0.28
25.21,92,32,1.63,138,62,-44,2.42,83,-50,3,66.09,17.67,23.63,-12.81,99,72.4,121,134,-30,37,75,1.58,-2,111,74.96,43,5,70,-25,-23.52,120,16.48,-13.08,-32,40.15,-9,-16.75,-20.38,46
-42,15.82,1.13,23,25,111,-9,1,-7,-13,28,56,5,52,74,30,92,121,61,14,20.28,13,51.49,28,44.33,43.41,29.37,14,-7.59,4.89,51.91,22.13,63.7,-36,-30,55,33,6.75,94,20.24
79,8,38,117,102,141,127,8,54,38,-19.88,101,-37,-39,46.39,-25,51,22.36,45.1,116,54.5,19,-20,21.7,51,8,-50,66,-19,37.58,60.87,58.84,16,-46,139,-18.8,10.74,-40,-11.66,8.13
55,-12.8,66.64,17.91,-12.61,10.79,1.27,82,81,75,59.9,141,58,16,131,141,-41,-8.11,42,51,87,-18.57,30.59,9,3.85,100,26,25,48.06,7.39,101,-4.56,101,51,19,23.11,-44,-16,-1,-8
108,-1.42,61.21,27,43,127,35,-38,28.65,16.49,58.63,-2.29,58.98,7.59,-21,7,62.79,83,13,23.54,146,79,-40,-7,-23.84,-7,118,139,115,50,149,13.99,17,62,-3,-16,140,12.66,-37,4
-27,116,-21.06,71,101,7,41,48.39,144,17,72.35,-3,-45,13,18,105,-22.84,138,51,-31,116,83,42.36,-17,121,13,34.23,34,49.79,89,-15,117,27.83,13,40.42,137,49.83,39,7,119
85,131,138,45.26,66.16,129,136,-24,6.66,-4,-20.13,87,-17.28,48,-39,72,12.99,77,91,70,-17,-49,44,89,20,45.15,63,58,18.11,93,111,73,106,118,-28,44,40,85,124,80
112,2.46,-44,131,55,67.57,-21,55,48.58,32.98,-19.45,51,112,3.17,73.76,33,121,108,-26,117,107,-11.31,71,48.45,-23,50,48,46.66,20.15,24.67,12.22,37,24.84,31,-9.28,-31,28.01,-25,8.11,20.78
-9.11,-32,33.44,-17,-23.23,-14,1,-22.45,-34,146,8.48,28.54,49.46,-5.69,18,-43,9.87,30.45,129,30,19.43,118,68.17,137,39.28,-18.24,95,-31,38,23,43,17.44,106,69,-18,-15.27,37,4,94,2
-13.71,85,119,90,4.48,9.51,-0.98,45,-40,-24.66,27,28.13,85,-14.49,82,-20,135,59.06,40.45,-45,-9,123,56.63,-29,-19.6,-19.49,-18.06,-4.32,96,51.36,27,-47,44,57.97,51,49,23.82,-18,98,35.58
124,-20.62,-1,42.86,115,39,-1.58,24,24.28,27,64.05,55.97,60.11,15,-16,139,74.09,72,-31,40,98,-6,40,72.6,2,85,77,0.87,44.28,28.27,63,9.46,118,72,2,62.62,55.59,20.47,100,59.31
28.71,1.87,15.29,3.52,-17,22,64.95,-23,-21,118,96,-22.22,-47,60.68,51.87,0.28,110,-18.74,79,4.89,-4,112,7,42.46,46.05,50.37,53,-46,70,42,145,79,3.49,0,-23.85,7.46,59.26,110,-5,148
29.54,68,3.93,48.13,-30,89,0.29,51.15,-18.86,133,52.07,-22.42,-18,62.33,47.58,128,147,128,-11.35,13,45.3,-7.06,41,-6,53,24,40,50.61,144,98,-1.97,-39,107,61.5,62.49,-27,-2,133,-12.46,-46
43,92,96,20.68,56,41.37,119,24.31,-2.08,-15.41,-42,61,-44,-8.96,-5.41,67,7,48,-19,78,103,51,89,6,-11.06,68.96,-7,58.39,-37,116,-15.88,36.47,-49,146,-18,-15.82,59.29,-8.04,76,59
49.55,0.11,47.44,19.91,28.85,94,-2.47,36,-9,105,19,8.68,60.7,24,35.48,39.19,122,120,61,55.33,51,61.32,44.58,-35,27,-37,-8,27,109,55,124,16.01,-38,116,-12,10,21.64,70.91,-40,54
83,15.85,37.76,-16,55.69,103,142,104,5,4.22,62.06,98,133,0.24,-4,55.39,5.38,14,21.68,53,-50,12,-49,-13.61,33,18,84,51.92,27.01,117,-11,66.15,76,-10.91,-40,-20.01,57.06,-12.13,61.55,-22
-12,65,14.18,0,73.01,39,50.52,-47,-7.09,88,72,13.63,-21.17,65,-18.56,-5.92,22.29,22,75,-18,65.23,68.27,28.61,-40,27,24,28,10,38.43,134,12,65.39,82,16.71,73,32.36,-20.58,44,105,58.13
27.75,132,-18,47,1.91,-8.49,32.19,-24.03,55.06,-11,4.88,110,34.31,3.78,10.34,-10,52.72,54,32.61,4.82,102,39.18,1.04,32.81,-15,-24,82,41,105,27.74,-17.98,57,62,-6.45,80,16.36,93,107,25,122
121,6,36.16,51,56.64,-33,45.56,55.74,51,28.41,110,122,35.65,125,46,39,38,71.48,-28,68.88,68,-22,41.18,-19.06,118,15.93,-20.39,24.47,-4.71,48.23,59,-18,-42,-39,121,117,-39,-23.44,3,73
13,119,44.84,-21,149,28.31,53.73,118,-6.23,15.3,36,131,20,49.24,121,103,70,71,61.49,2.83,-40,3.98,-8.98,3,6.19,-47,33.03,18.29,58.32,98,85,30.52,35.78,122,-7,112,-40,16,96,8.27
45.17,25,73.11,4.67,-1.27,33.1,55,-26,72,-22.11,43.32,10.45,6,141,-31,-7.52,62.18,-8.28,64.9,-14,66.32,122,31,47.4,105,74.1,127,128,147,-49,-28,40.25,148,69.98,-3.37,94,-16,145,40,10
112,-25,23,133,16.09,144,132,147,84,103,-6,0.18,60,94,96,72,-7,26.76,27,41.89,43,-16.8,27.88,-12,-14,22.42,109,72.76,-12,39,-20,118,-35,95,8,99,88,29.91,50.36,39
114,20,131,-6,6.77,-5,148,-19,102,9.44,143,-47,-38,40,29,18.43,-6,88,66,12.88,39.85,43.02,-14.06,136,-33,-4.46,4.29,10,16.59,-11,-8.86,22.64,50,145,73,-4,-0.03,59,5.3,-11
118,-42,-12.96,-31,-9,36,34,-44,65.47,-18.39,-49,48.63,36.45,-34,11,2,-5,-6,135,-46,66,-8.11,-23.55,137,12.26,21,-5.53,129,-20.39,134,-22,64.42,63.17,-32,-21,35.14,72.31,19,24.91,49
-38,46.03,0.68,-23.2,123,-0.7,-7,29,54,11.55,108,-17,36,58.16,55,46.95,31.29,-20,51.14,34,43,25,-24,6.12,-4.81,90,-0.58,9.15,-43,44,113,-20.18,97,69.26,-8.8,122,-42,30,25.28,80
43.24,29.49,14.59,45,47,139,39.37,80,26,21.95,115,97,10.18,-10,89,69,62.9,128,40,19,-15.15,8,-15,52,138,19.27,58,44.51,61.89,57.7,18.77,-20.29,64,-49,-25,69.14,136,11,37.92,45.55
45.91,61.48,149,39,-38,105,10.17,29.48,46.9,-2,1.64,26.88,71,2.51,66.91,73.8,25,17.32,79,-17.98,64,-14.3,14,102,47,-2,20.97,42.25,56,23,-49,5.95,86,72,138,60.28,-48,-3,121,-18
17,64.48,106,117,19,-11.67,-49,26.05,59.73,42.65,77,17.89,47.56,87,-28,4.73,72.19,66,-6,38.62,30,14,21.02,-8,69,39,20.06,-22.12,119,96,54.33,18,33,35.35,39.67,10,62.06,144,116,135
49.84,-30,60,-30,20.73,-10.41,1.87,46.7,63.8,140,10,60,49,77,-28,69.91,47.39,-35,-20.69,-3.65,79,74.26,68.73,96,77,78,55,-9,-17.49,32.39,146,-5,53,-40,-24,-23.08,62,84,114,71.94
51.25,54,21,74.16,-13,13.51,-23.64,30,-10.02,-48,59,43,16,33,10.72,12,40,66,27.6,66,20.79,81,31.26,140,50,13,44.28,26,-33,-3,16.73,-15,78,69.14,107,38.91,97,86,-18.5,116
-18.99,1.03,31,29.96,81,-9,54.43,33,93,-17,13.15,44,-35,64,18.08,64.71,56.01,119,-17,56,-13.18,20.5,134,-43,37.48,-7.89,2,-44,72.8,19,61,23.52,20.34,8,42.19,58.66,7.32,20,53,69.58
145,12,-11.17,18,39.37,-33,130,-7,-24.74,75,-7.26,1,12,47.03,98,19,1,144,57.62,38,71.24,13.37,-5.29,19,132,65.12,55,144,119,-8.27,-17,34.9,-6,60,132,-20,42.22,56.45,27.61,87
37,-13.17,17.57,123,12.72,20,75,56.13,113,2.75,57,69.7,53.51,35,64,-26,-11.86,-25,33,113,74,15,98,34.8,-2.26,1.88,-22.84,4.54,-6,70,-17,11.12,-34,-7.52,-2,80,-12.08,5,59.9,62.31
51.78,-8,79,-7.71,72,61,123,96,-44,62,51.1,-14,113,2,54.19,141,-46,25.37,-15,5,-22,21.19,62,0.19,147,75,-49,53,46.45,31,0,80,101,20,12,24,-14.3,108,64.86,64.24
6,2,-44,149,103,38.93,101,81,13.78,-21.02,-34,69,135,45.16,-15.47,78,78,11.46,-25,1.03,61.56,117,85,148,-42,15.59,17,26,59.4,-8.87,140,127,85,72.86,23,-21,137,24.88,-11,22.96
-2.37,38.65,115,141,27.34,-29,23.97,-8.78,51,-11,38.14,-23.46,-22.74,-13.87,60.48,-35,133,38,20,-26,65.63,-45,16.78,-10.46,3,27,4.18,70.06,-27,45.48,12.43,135,36,34,81,66.37,14,3.56,16,81
70.44,114,38,37.32,-45,-12.01,71.79,138,-16.01,143,53.86,95,-16.32,82,57.98,65.42,142,48.6,41,-45,48,60.14,23.73,-3,4,26,68.24,29,-11,63,15,63.49,53,36,-14,-23,-50,120,110,37
17,66,-3,-16,28.18,64.18,119,44.13,94,42,46.76,24,-13.37,52.93,139,1,-32,-25,-16.65,24,130,62.69,-22,142,19.4,30.67,0,47.2,102,-39,35.92,43.47,-37,49.15,19.83,-2,-2,49,-10,-15.41
108,24.57,58,52.28,3.5,37,-32,56.63,46.33,96,57,25.7,-20.99,147,21,-16.18,-4.09,59.31,-3,61.5,-23.14,56,84,147,6,49,59.6,-49,-19.42,1,54.05,120,45.1,69,19,-10,61.42,16,59,-0.52
132,-6.49,2,-5.49,29.56,-34,35.24,128,58,33,30,-0.4,-20,66.85,-13,67.37,50,-10,91,16.58,54.82,-9.95,-16,136,123,-35,85,-8.59,85,9,90,42.51,141,-34,81,-36,76,-7.29,24.31,28
-18.49,70.6,-10.01,2.54,11.36,136,67.89,-45,0,141,126,56,38.95,127,-30,10,9,99,19.42,8,44.94,52.15,-14,-22,19,117,-40,29,-21,9,-1,-12.66,25.13,9.38,48,5,65,-20.74,134,19
23.46,-1,24.76,50.74,4,-21.28,18,-5.22,100,74,72.1,103,-17.04,-7,-8.08,45.73,41.74,-20.04,61.48,15.64,96,-14.06,95,79,-27,138,75,-24.23,32.26,139,144,-43,5.95,-45,3,39,6,41.65,69.95,-10.25
64,46,135,-19,-28,-47,-18,-23.26,99,75,62.98,26.6,-2,17,5,88,119,41.06,63.02,11.32,86,-8.26,14,-10.39,17.61,50.28,16,14,-3,-7.88,118,6.85,-11.57,4.9,16.22,37.55,128,50.33,116,28.23
-3,-15.3,96,36,-11.78,50.32,111,24.61,-17,72,58.66,5,65,143,13.93,132,43,64,39.44,57.9,3,106,13,79,59.43,20.3,24,73,131,27.95,2,-45,143,129,79,-14,43,45,4.09,89
37,-7,-32,31,9.12,133,32,-34,59.52,-18.85,14,-46,22,28.35,43.84,53.6,71.98,-7.39,40.88,93,89,57,22.71,84,27.28,0,148,-35,-33,108,-35,0.01,26.8,7.36,15,125,96,37,144,149
11.38,115,28,12.05,60,64.02,2.49,-12.29,67.1,62.89,-1.21,-28,47,27.86,93,49.85,74.79,-20,45.29,82,60.09,16,-26,127,75,-23,-30,83,19.56,62,17.34,59.32,134,-20,101,-31,9.12,-29,145,137
-7.44,74,-40,136,64.41,12,-13,70.59,71.91,102,61,36,-50,18.49,-29,58,-10.74,-20,8.24,9.78,114,25.91,57,41.88,49.34,81,22,14,-10,7.18,-12.14,-47,107,-8,62,52.38,93,116,19,15.06
92,83,82,82,136,44.94,-23,17.61,60,36,91,-19.5,66.16,-0.66,59.46,136,27.6,-30,23.25,36,73,-27,47.46,82,148,138,82,42.46,-2.56,-18,50.37,-18,7,141,-30,17.34,35,70.03,-11.03,36.31
23,19.68,0,73,-8,15.75,32,81,53,45.02,27.5,-24.86,50.99,5.36,32,114,63.47,126,-27,3,-34,132,-21.14,71.24,-41,-25,-17,-24,-28,-5,12.28,-26,115,-37,-11.84,34.51,-22,29,41,52.04
8,0.48,134,60,-22.76,-33,121,49.82,-11.01,136,-34,11.64,23.34,12,42.73,-34,3.04,116,54.45,41.77,73.25,45.54,26,40.13,136,16.16,0,18.63,81,30.02,-21.09,-37,132,50.64,41.9,1.95,-35,34,-17,20.05
62,-7.2,43.14,100,-37,10,133,97,33,35.51,5.08,-13.44,135,50.13,53,35,22.57,42.22,-4,28.85,50,81,-5,8,125,87,31.21,36,17.96,12.63,31,136,3.95,112,-37,69,39.78,23.68,-24,28
35,72.35,33,53.81,78,72,-5,120,-5,43.86,89,8.26,131,84,128,47,133,-34,8.04,37,147,145,-9.13,122,-1,40,35.47,13,116,53,40.54,-27,-17,146,147,93,-50,-14,5,22
-39,72.97,-22.17,56.4,9,124,3,125,142,-32,100,70,-1.41,17,45.66,27.31,3.28,0,49,61.59,65,142,-2,-20,5,62.3,72.54,79,126,35.92,84,144,52,39.91,63,107,4.09,61.62,22.81,63.19
56.86,91,107,54.42,53.34,67.76,47,50,-12.35,14.9,6,29.84,46,2,1,38.51,118,68.3,43,47,-2,76,29.97,17.61,18,-29,-33,55,45,-28,61.01,-9,134,-37,-16,137,24.37,39.87,55.37,85
-17,121,5,149,-19,20.95,34.02,-2,137,2.27,-16.74,4.29,76,-43,55,54,138,34,128,122,124,90,12.25,95,61.45,-2,25,31,58.66,26.37,99,7,13.87,-17,21.9,-12.96,43,111,94,100
45.35,-26,65.64,-1.36,18,-9.48,45,78,98,-2.11,-20.23,23,55.89,54.38,70.08,-38,98,-41,136,-17,-1,-16,-4,122,29,101,140,-48,57,-24.72,56.29,-33,62,-47,7,15.8,4.9,36,27,70.3
67,51.74,67.08,-50,56,-12.33,80,74.98,3,133,24.69,-4.44,24,-47,31.77,-20.51,33.64,100,63.03,21,10,-38,-27,28.3,1.99,97,143,107,53.46,15.45,44.08,100,17,99,24,-18,126,40.71,0.56,63.01
41.56,15.71,-11,-16,55,31.73,60.13,-15.82,61,30.78,-50,12,108,71.64,53.83,31.23,2.06,70.42,92,44,-10.13,93,-2,8.52,60.72,97,49,19.8,41.08,-30,11,10,-7.76,16,-48,45,32.42,-11.23,71,119
7.65,80,16.49,130,130,108,55,62.47,119,9.36,-39,31,-17,-20.85,74,119,139,129,73,121,38,34.75,53.15,-48,-4,50,-24,2.64,5,101,21.42,13.03,47.08,-7,8.51,132,39,52,102,46
106,48,30.2,108,-20.75,120,-30,20,30.44,-43,72.34,-14,91,119,73,89,-2.21,2,65.71,-33,65,84,5.86,86,104,0,-13.59,-13.62,31,-10,43,-6,35.68,74.28,-36,-15,-8.91,-16.99,-46,-39
21.64,-38,-5.67,-15.77,25.86,134,35.51,-14.38,79,50.3,1,130,130,68.48,35.76,63.52,26,143,67,-17,-21,67,-3,-24.81,29.57,-14.45,-31,38,70.44,115,13.43,60.85,15,33.37,23.88,62,95,83,-40,9
44.1,1.04,73,-39,30.51,15.9,109,54.68,-41,0,-32,117,28.71,79,-11.64,-22,90,82,64.89,87,67.81,18,53.27,-31,11.68,-21,58.27,34.8,32,106,-32,-24,80,-19.68,47.07,96,131,37.17,-30,117
73.48,-46,-4.85,-2.68,2.27,-23.19,21,132,20,50.48,140,39,-2.25,39,91,-5.6,-10.63,1.91,134,105,5,70.37,89,28.93,45,127,27,14,67.37,39,39,84,65.64,12.99,41,127,139,74,122,126
-8.15,-34,-18.61,56.98,-22.54,-34,-5,-14.81,58.93,37.95,39.01,-20,66,20.93,85,-10.77,64,24.17,30.48,45.75,134,112,13.6,-22.38,146,91,108,72.12,-19.46,-38,122,41.05,31,147,-35,6.99,74.31,103,74,136
35,121,112,50,33,39.13,2.38,123,-27,111,-39,-3.05,47.99,72.53,47.86,21.23,20,29.57,22,35.32,14.19,-18,11.05,0,25.97,32,74.3,54.95,111,100,73,101,19,120,1.13,0,54,141,71.57,-10
-24.15,62,51.13,-48,115,-23,-18.01,88,14.94,-22,5,93,63,49,119,55.29,62.8,18,27,99,-2.51,-6.63,-23.33,126,105,55.45,100,14.64,61.91,25.72,20,68.81,87,27,115,64,62,19.37,5,87
36.77,51,66.96,-31,-20.46,-2,87,66.47,48,95,43.03,128,48,14.84,30.87,-11,-13.21,18.04,-49,64,52.95,92,-17,82,55.45,112,109,18.2,57.81,-36,60,24,42.73,109,43.19,27,139,65,80,-13.18
-9,3,120,-33,-23,51.98,33,91,78,67.85,-5,62.68,-4,135,44.58,109,61,8.36,123,120,64,26,6.6,25,148,50,20.33,36.05,125,-13,66,52.97,121,98,81,-18.08,63,24.06,14,0
-29,22,8.05,17,7.8,22,113,52,53.73,34,-1.81,109,116,9.55,22.61,-14,39.9,-15,-21,68.75,68.05,40,102,90,41.88,140,71,25.94,41.7,20.6,-36,59.25,80,38,107,60.07,83,59,-13.64,14.72
9,23,145,-9.88,78,29.71,137,38,23.17,142,18,43,27,126,-2,66.28,69.89,114,8.82,-2,18,9.49,69,-17,45.81,67,-7.24,18.18,51.89,-20,3,20,110,31,148,3.73,14.04,-16,106,-1
2.16,69,139,-9.72,44.55,59.99,66,105,-9.34,26,70,34.47,-10,120,65.4,-20.47,24.84,12.34,-40,131,47,13,72,7,6,-34,144,-1,12.05,34,-41,133,61.48,-34,-4,9,57,45.65,60,17.86
119,84,-27,50.41,49.11,-27,81,44,113,-14,101,-2.81,29.94,71.33,-26,43.2,29,73.14,69,7,132,36,15.87,58.14,-17,55.08,32.79,50,-21.84,-13,61.1,-50,-23.12,80,14.45,-30,108,-24,-0.48,-21.07
69,100,139,92,-29,47.58,3,27.65,-33,109,-7.21,104,142,29,41,46,41.14,15,28.91,47.9,-23.71,68,21,35.67,-43,146,36,0.83,31.17,48.53,115,18,73,124,3,30,123,91,32,30
112,113,67,9.82,125,120,120,91,12.28,36.97,-12,-23.19,-6,24,-46,33.36,4,50.61,17.58,90,-14,115,55,-31,51.45,-42,3.36,31.71,-33,132,145,4,30.44,-18.53,-22,-4,16.5,44,81,121
106,98,25.99,127,106,-24.89,117,20.21,145,149,6,-19.43,52.12,-11.42,19.97,88,105,9,-14,-34,2,9.8,117,70.75,56,33.17,56,60,125,4,62.87,65.32,44.85,99,56,27.5,112,37.34,60,-3
61,92,8,63.11,38.89,-44,135,62,-33,100,34.1,3,-29,-32,-5,22.96,-2.99,58.04,83,-4.93,-9.12,62,2,11.37,43.86,44.37,115,-12,-25,104,52.4,66.67,106,-3.18,80,69,58,128,12.4,57.4
119,36.76,14.91,140,73.72,114,5.35,103,43.03,0,12.25,-11.68,57,142,70,-46,-39,42,-19.75,-1,-18.54,-2,131,1.92,-31,73.02,20.66,127,60.65,96,-13,129,59,16.62,-11.45,86,82,39.5,33,-13
-22,94,-45,8,120,74,123,66,97,36.07,11,-30,-5.57,124,120,56.68,-42,-17,125,74,61.9,13,42,-36,53.67,0.04,76,65.36,118,-20,47,66,55.19,73.42,120,81,11.43,-16,56.63,32
52,12.16,128,-24.71,16.9,15.7,37.97,31.65,1.52,-14,83,-1,53.34,3.11,111,-22.38,126,-13.27,57.92,114,-22,24,101,-41,124,-3,39,30.12,113,33,134,-2.68,-42,67.88,78,31.45,-20.14,56.61,20.4,26
65.72,0.88,76,82,126,72,108,33.66,-3,12.87,71,32.73,141,73.95,46,105,18,51.54,33,10,-40,4.35,-17.71,55.54,140,21,137,97,41.64,-36,93,40.47,1.88,43.35,62,0,135,14.12,-16,47
70.38,61.76,96,-29,61.77,77,62,6,102,-14.98,86,51,2.78,39,9.38,-37,149,85,60.81,118,75,-12,40.02,7,-24.94,5,146,5.43,55.52,3,81,-2,46,0,16,145,2.43,56,25.32,45.12
1.76,4,3.48,96,8,110,27,128,-24.78,122,23.16,16.02,55.69,13.35,30.09,-4.2,29.57,101,3,140,98,20,63.23,-4.25,122,9,-44,139,13,106,67.06,-0.45,-22.15,-27,92,-5,1.77,-36,88,31.73
-38,-5,30,37,21,30,14.92,28.32,3,127,38.35,50.92,48.31,65.46,84,49,48,-44,19,-12.57,-3.63,71,49.31,-3,61,29.63,86,117,19.15,73,39.45,-13.06,4.46,78,31.12,12,60.83,62.79,43,145
27,-24.27,1,21,67.83,-11.43,46.17,26,-5.32,136,73,-22,53.21,0,-46,6.32,-18,128,-16,68.11,78,37.47,28.37,71,-9,37.41,3,87,102,24,126,-45,124,64.13,18.4,-15.17,-13.82,-40,32,140
15.3,21,145,92,59.09,-10,133,18.99,33.26,76,37.28,101,-48,59.51,43,120,28.35,110,143,55.71,54.46,8,35,3,42,51.3,11.11,-23.09,-14,24,102,13,123,127,83,-19,10,-48,30.45,-17.97
8,9,32,73,52.83,-21,0.08,125,142,146,33.84,134,122,-0.61,138,-7.23,95,68,45.78,142,74,54.64,14,12.44,124,-11.59,106,5,44.08,-1,1,24.22,49.71,-37,114,-38,29,0,52,148
10.33,11.9,145,46,131,147,-36,24,52,141,-24,-31,-40,5,-21,41.06,148,136,33.04,-22.11,49.05,-12.91,75,62,65,-7.35,39,63.13,13,12.1,63.21,56.62,141,123,145,108,-28,56,59.2,146
1,71.88,8.47,44.56,67.08,45.23,10,45,-4.87,-20.27,78,53.72,9,25,111,7,-21.8,15.52,128,43,138,21,-2,-14.8,37.87,-6.33,-16.27,40,-5.05,-24,49,10.58,92,51.16,-45,10,136,22,-50,-18.68
66,5,74,-10,33,-24.52,13.93,-20,76,11.36,-7.21,22,17.81,3,15,-1,107,35.96,131,15.25,73.05,17.5,24.11,-9.67,62,46,23.25,50.59,18.44,35.97,20,-14,55,-2,48.69,72,112,61.6,-33,35
45.28,-20.35,95,60,-47,97,124,130,65.17,140,43.75,-8.21,43.63,48.93,115,111,63.12,49,-23,-32,134,19.09,7.33,8.06,-40,33,124,-4.97,1.85,-18.97,-49,-1.07,-17.04,76,13,112,102,-9.03,24,72.45
13,-37,-8.64,7.31,-15.9,-14.36,-17.66,41,70.32,120,104,54.12,25,0.49,62,-4,67,-19.21,28,0.67,-8.19,147,-12.46,71.95,-29,141,-2.53,-17.05,5.09,-1.14,97,74.68,37.32,32,67,36.04,-9.29,99,70.36,48.89
35.89,35,51.98,11.38,-7.81,50.82,78,-46,20,149,80,145,29,20,42,10,125,-9.91,66.72,105,138,-16.09,28.13,69.01,60.43,-23,55,22.6,96,38,141,-34,60,37,18,-1.42,39.04,137,58.76,-24.95
-30,14.22,14,72,131,-47,26,-8.96,20.6,77,-24.35,115,38.14,87,-29,81,20,58.95,-13.56,36,10.02,61,4,-8,52.56,-8.82,44.41,46.85,62.71,-8.84,52.18,19,123,32,44.48,113,28,15.12,37,-42
0,21,-24,-20.18,32.44,63,68.59,-5.89,144,-8.39,125,-49,-3,71.91,49,-17,10.28,36.87,42.03,22,-48,-18,147,-25,20,-25,33.21,125,124,74.42,87,-36,65.71,39.22,18.83,-17.89,56,-18.05,-19.21,73
23,126,131,25.62,0.44,41.75,49.94,-1,0,27,55.3,48.21,55.33,4.21,4.8,30.99,-23.06,6,78,60,-8.6,-38,-39,-18.62,-2.54,-12,-1,2,74,59.84,26,2.71,80,33,34.75,23,1.16,54,-36,-10
66,-38,69.95,65,26.1,90,122,-10,75,71.43,29.73,69.08,-17.37,131,-36,-24.88,139,122,24.36,-7.26,33.33,97,51.5,139,-10.89,58,16,-2,59,40,16.49,131,-2.52,59.01,82,140,67,53.68,11.42,4
63.15,-22,-2.02,-17,57,116,-47,-24,-9.71,24.27,70.59,-1.32,70.08,69.19,6.38,82,-0.04,10,7.62,137,77,40.93,136,128,-22.24,14.84,-8.43,32,122,-20.04,48,66,39.86,-18.74,-11.35,-12.8,-19.32,115,99,147
89,62.82,-14.84,-21.03,32,59.65,71.05,137,13.19,-31,-31,-19,114,-39,148,135,123,-29,52,36.29,26,70,38.36,124,-43,90,13,1,43,56.45,13.35,16,84,72,57,-6,114,-2,85,71.76
12.65,1,11,131,77,47.26,100,73,26,-7,44.28,-9.06,34.56,81,145,-2,2,-44,47.98,-14.63,140,19.41,64,-33,41.23,-14.02,0.61,-17.3,49.42,61,14,107,-24.98,53.34,125,14.31,-24.04,40.06,-0.66,68
89,67,-46,62,67,149,-25,32.8,33,73.25,43,149,22.1,81,-2.89,142,73.84,-5,-26,-34,67,70.88,99,101,25,11.93,39,-28,64.21,32.9,130,91,27.98,-10.13,123,16,51.76,0.04,-10,-41
26.1,48.42,18,131,42.37,-13,31.76,36.4,15.37,117,62,6,105,35,-2.7,-27,8.73,0,51.24,31.81,33,65.2,80,102,58.31,73.85,137,59,22,61.66,10.2,-47,-1.61,103,-8.91,23.34,-39,-6.39,-26,5
34,26,89,21.82,73,14,45,63,-43,16.16,-4.38,106,-4,76,116,105,34,22.65,-45,43.18,-20.75,125,56.84,136,20,-4,-7.01,142,-15,-10.18,68,58.17,28.94,0,102,22.7,6.29,44,127,-33
69.57,18.17,5.94,131,56,13,54.77,7,-7.72,-12,14,18,43.35,74.97,34,-5.5,14,128,107,27.5,149,137,11,81,-21,8,7.14,39.07,-45,61.86,42.35,-4,8,52.24,122,21.92,-23.11,1.94,124,-45
29,-11,70.08,27.03,4,-15,-40,105,74.49,-10.48,5.78,-50,119,49.09,23,39.75,47.74,-0.87,15.27,4.09,-3.09,35,-33,111,70,69.4,-38,71.59,23.02,-49,46,35.5,34,84,65.22,68.2,86,30.57,104,55
-41,138,74.23,-21,-30,74.58,46,-20.95,-33,8.81,122,36.79,142,67.36,18,74.81,36,69.95,-44,31.54,60,-12,38.51,123,-22,-8,1.51,-19,98,53.22,13.17,9.95,137,104,-9.7,67,16.57,27,102,21.96
82,49.91,-8,67,43.97,61.09,17,-13.86,70.39,-8.34,16.87,44.6,104,85,53,108,70.88,130,148,68,38.99,-3,63.59,17.89,13,-8,-5.67,-15.76,49.55,0,105,89,130,-17.29,47.37,-42,136,124,12,101
-17,6.26,-23.37,41.63,-38,117,10,47,66,7,50.13,-27,113,86,25,50.35,-1.08,-12,53,78,103,-10,38.69,55.17,30.3,-1,26.24,20.98,1,40,-10,-19.69,46.41,51.89,-3.29,-26,-12.93,26.24,31.86,-37
54,11,50,-4,22,-40,88,76,13.39,-18,86,41,3.77,2.95,20.22,60,73.55,99,136,124,24.35,79,55,62,-1,4.57,-40,80,21.58,-9.99,145,124,-28,116,20,11.36,-2,-16.17,133,87
-15.01,31,59,32,70,-20.04,56,65,142,61.87,-13,45,141,45.44,71,-45,117,20,-17.23,139,-49,12,84,29.9,6,83,16.28,104,29.56,-50,140,26,74,-2,22,26.26,69.5,37.29,50.34,29
-18,102,28.08,20.88,1.82,135,105,-49,29.53,144,41.5,3,125,70.83,-16,26.73,117,99,7.08,120,73.57,119,47.13,130,-1.91,117,62.64,-30,62,41.93,-6.16,77,-0.3,69,20.8,49.4,49,69,35.03,12.25
56.65,81,41,9,59.81,125,105,21,17.27,70,123,8.9,49.8,32.29,73,38.78,68.92,-21.81,62.58,9.68,63.77,7,51,44.82,-18.45,143,0.98,65,107,-44,5,63,108,90,18.19,-29,7.36,38,-23,24.7
77,112,18,-12,5.79,118,26,62.83,-35,50.17,-49,-0.21,83,64,74.57,22,39.77,127,2,113,138,58.83,67,-14,83,48.12,2.62,48.76,99,8,-21,104,38,54,18,37,27,52.69,106,3.22
15.2,34,21,58.4,59.53,-21.6,118,-16.5,116,19.15,21.27,53.67,94,38.98,134,-15.97,-7,46.45,29.01,107,-32,20.71,51.22,39,46,71.92,52,-0.45,123,100,128,-24.94,104,22.42,47,134,72,-8.19,12,50.41
57,15,129,61,-11.11,55.81,40.04,7.65,78,-16.68,54,-1,81,62,34,-36,-8.25,142,-48,119,122,138,45.84,-3.98,2.17,60.1,14,-44,46.35,-29,-7.25,113,111,129,67.05,-27,-4,147,75,24.88
80,73.26,67,-32,22,-38,142,137,-1.6,-38,60,60,82,29.32,38,-40,112,129,112,-38,74.49,54.37,61.71,6,-40,9.53,-19.72,60,101,14,68,47,42.32,21.93,32.46,-11,38.24,38,91,-18.85
38.7,52.41,40,1,-42,106,-35,68,54,35.29,63,74,124,124,-11.79,-16.93,27,25.28,60,-21,146,48,142,-5,-25,3.78,149,37.56,64.55,25,144,93,141,2.12,88,-12.2,-21.46,4,55.8,148
-1,99,118,24.92,108,111,31.38,117,75,-11.62,-0.43,139,51.68,-7,103,-48,-12,10.56,58,-14,9.14,-32,120,33.95,-34,53.06,-35,91,57.71,-25,39.21,124,-19,-12,18.75,39,41,117,13.42,22
-17,-22,-50,1,50,139,46,-3.41,-3.72,-37,45.06,59.75,61,11.02,32,61.96,22,48.45,84,33.47,65.62,10,-19,64,55,105,66.54,-19.56,-9,112,5.44,35.33,11.04,14.69,-10,-22,97,116,96,-19.78
122,43,-6.34,-1,29.9,55.09,102,23,27.3,-16,104,25.32,126,-14,95,59.99,-5.71,51.32,34,-49,115,32,111,-41,-18.6,-28,122,7,10,120,-8.44,41.47,15.19,4.84,53.89,-46,-12,2.16,123,-6.34
106,96,63,107,84,56,-2.14,-12,-14,55,45,51.09,32.8,-31,139,42,-4.32,141,142,74,-17,130,29.19,-7,115,54.8,60.43,104,102,50,78,148,27,75,69.51,94,110,35,1.81,27
97,27,102,-27,41.54,-25,40,104,140,33,-33,-33,-46,113,6,-13.76,-29,-21,6.9,24,4.64,-12.8,-25,106,50.91,41.19,16.44,-20,-11,-15,74.43,23,47,93,53.2,144,70.07,-6.1,54,-6.09
-27,86,-20,1.43,-10.73,52.25,-47,-15.95,137,92,-15,3,40,35.33,146,-44,67.4,71,12,64.88,72.22,51.19,-1,-4.82,-50,68.56,10,142,99,145,18,135,64,-11,116,52,58,-1,75,130
38,-19.38,-9,-3,86,35.68,18.69,-13.89,77,71.1,-17.45,-19,108,-34,0,31.35,-10.14,8,19.64,53.64,-45,142,60.04,55.95,58,-27,3,76,104,31.68,4,147,139,141,-50,20.4,-18.94,18.55,44,-16.88
-28,63,13,42.27,-30,115,-46,7.6,14.09,38.17,-34,145,17,54.04,82,-20.68,91,76,142,103,71,28,78,41,29,110,57.9,-5,102,110,72.81,122,8,131,4.9,68.93,-4,-33,-2,66.5
-39,55,10.71,-50,142,-0.27,88,125,0,6,20,69,137,-20.66,149,10,146,-26,-44,110,20,47.58,54,-18.41,-6.4,99,120,-13.36,-27,63.28,-21,62.9,65,-18,64,0,46,44,5,5.99
35.16,35,-42,39.6,70.87,-25,81,69.59,1,43.74,-47,-7.51,133,60.66,111,-44,-6.52,-49,12,147,34.36,10.26,-18.81,38.13,-23,75,17,2.02,-29,47.89,46,113,33,39,54.66,74.23,5.97,41.13,-3,-38
64.67,45.25,10,-11.64,88,143,-36,-3.05,126,4,58,11.64,66,3.38,111,147,44.27,1,32.13,13.04,101,-23,27,51.03,70.9,52,-23,106,-14.79,110,4,-18.89,6,64.43,75,44.76,-14.36,53,54.86,129
64,42.67,37.2,39.67,129,26,-18.16,143,62.37,66,33,148,20,89,-29,39,143,143,110,-21.62,34.58,-23.46,-22,-6,84,-45,11.01,35,23.28,81,116,63.59,0,26.87,-2.09,29.94,142,12.28,-1.1,60
-28,13.23,-10.34,51,5.55,102,-2,71.51,21,56.61,-6.16,130,41,83,139,14,-35,-35,61.53,-18,53.86,21.02,63.34,5.12,43,15,74,26.39,73.97,51.26,71,9.67,-6.43,18.73,94,132,42,-21.07,-38,-26
80,41,-49,56,144,71.02,54,7,-8.46,-38,-11.15,30.24,20,-34,4,65,123,138,-47,92,97,-20.28,66.45,36.34,0.92,40.01,116,36.34,65,20,15,120,-15.19,-12.32,14.76,38.73,-4.7,55,102,2
75,-16.12,33.8,129,5.31,64.94,42,70.14,-42,-28,125,2.13,149,113,-21.11,-2.13,137,-18.88,85,53.49,111,33.65,-42,-26,104,74,-0.98,93,39.32,29.7,74,43,19.05,142,-21.12,-21.3,114,-34,132,131
-9,87,24,72.71,110,-16.21,25.77,69,100,-25,23.62,147,-46,4,33.43,-48,107,-41,0.4,104,-20,54.76,-18,-1,14.27,-28,55,81,14.08,-7.93,142,-2.11,-36,-8,24,-4.07,13.13,23.03,73.26,-13.32
46,-6,134,-48,-19.8,65.77,62,117,23.14,22,147,28,63.63,-15,20.96,-6.8,138,30,100,19,21,82,105,-34,72.45,23,145,17.06,123,-27,-18.98,26.15,55.49,148,2.84,84,47.72,148,0.51,-38
35.56,-5.61,-18.25,12,-23,109,62.24,9,41.75,72.18,6.43,71.4,46.13,-11.68,147,-21,109,17.14,-38,59,-5,-35,125,55,55.33,144,70,16.11,11.99,-4.07,64,48,-17.41,109,71,58,54,-37,51,80
16,51,4,7,-17.55,-23.23,74.12,5.47,98,75,44.24,80,-10,-31,-12.07,-24.8,98,147,-41,-11.05,46,-6.86,130,43.63,-20,60,-6,-25,55,-22,24.75,35.93,74.04,63.11,9.41,102,66.76,147,29.64,108
-13.49,-6,-38,40,82,70.11,21,71.29,104,21,54,-21.73,61.36,29.5,15.89,30.73,125,-6.28,22.48,-48,-20,63.64,-30,15.02,117,20.93,16,93,129,125,-13.69,9,31,18.79,64.65,126,28,109,63.36,-29
15,148,-15.97,-14.93,130,-4,10,55,-4.76,8,-12.96,102,74.02,66.22,-34,140,25,6,129,-17.29,23.15,39,73.3,82,-13.1,24.77,13.85,36,46.12,56.78,-22.02,121,-8,92,135,123,55,-3,10.62,116
62.12,70.64,118,116,65,10.69,138,35.07,118,139,112,7,43.66,44,53.48,-24.65,44,73.81,34,2,7.31,21.58,-21.05,58,42,145,18.3,47.09,72,-47,26.49,44,19.75,86,-14.97,119,19.23,58.61,119,-0.5
-24.81,-45,-46,65,45.12,98,132,5.32,135,36,11,68,74.04,-3,39,2.89,-20.45,-13.21,-1.68,-14.57,100,57.32,12.3,57,-12,16,59.81,30,13.81,130,101,83,-20.02,36,57.43,141,105,66.59,19,12
3.84,66.15,100,73.1,59,-46,-8,66.2,50.04,68.41,-13.48,-12,10.81,57.58,72.61,-23,-5.1,130,27.14,-14.82,-14.45,146,-36,23.53,136,73,149,-12,-5,2,36.87,-15.13,28,-22.07,-4.88,1,44,52.82,-24.68,135
71.93,57.67,97,43,3.26,30.06,49,14.28,60.33,51,-18.8,-39,8.33,27.43,67,136,79,69.96,62.91,9.97,14.64,95,112,-15,4,129,-32,-38,-0.58,58,63,-18.74,16,31.34,-19.08,30,-6.28,77,105,32.74
93,54.55,128,62.39,131,2,100,-16,76,4.64,148,122,30,-35,2.99,6,142,22,1,37.64,68.09,32,48.56,53,23.15,36,17.8,-11,30,-2.59,23.4,67.49,88,61.64,30.56,-5.57,86,-33,-2,136
-19.21,28,48,95,73.27,-22.65,99,6.22,-26,17,125,-3.86,65,74.19,29.27,67.33,36,15,139,56,103,22.19,76,125,144,41.17,13,-45,85,11.5,-8,62.2,-44,23.18,125,139,-44,0,22.16,84
-1,115,65,58,15.07,12.25,98,-23,11,17,53,134,59,60.13,52.58,5,86,56,28,38,33,66.55,24,121,115,69,-20.56,98,115,-41,134,4,26,2.67,125,-27,-39,29,33.92,14
17.07,13,-19,74.75,134,22,0,67.14,27,106,64.01,0,82,73.06,41.24,29,47.73,3.62,35.45,83,-16,56,-38,56,-20.43,31,126,65.5,37,-22.83,8,50.41,-18,72,105,119,42.72,16.14,50.75,-46
104,96,53,-42,-21,51.03,-49,31.48,100,133,147,134,25.1,-4.35,-16.68,32,77,8,-9,33.02,17.32,108,112,-5.63,34,-20.1,109,-24.57,100,6.35,102,68.73,71,0.3,-1.72,-22,23.71,65,-4.44,-6.97
-19,146,-35,127,34.8,13,-11.58,7,72,12.53,-18.1,3.36,61,-10,139,101,56,15,66.43,62,18.25,32,-32,65.86,14.11,-24.09,24,23.58,-10,-49,17,-7.65,-1.48,77,82,144,17.78,8.03,-3,143
142,18,20.36,123,7,113,21.07,73,65.03,5,80,3,-24.34,-43,29,141,93,59.1,84,-17.63,21.52,70.25,86,87,131,-2.7,7,8,-8,79,55,-14.14,114,28,19.73,-45,-49,-35,-2.22,38
102,-20.1,62.2,-9.42,122,89,-15,37.91,78,-10.7,116,10.93,-39,-10,106,92,141,-34,38,46.59,-28,78,0,53.02,14.44,40,-27,-10.24,9,47.81,68,145,24,55.08,43.12,4.57,-43,73.91,71,18.68
20.26,145,50.44,71,62,-15.67,15.34,28.22,-50,-6.08,42.62,2,-43,-23.54,19.2,145,52.54,62.34,89,4.35,60,-4.82,-23.97,-17,121,78,-14.4,51.17,0,72,-27,74,8,56,-24.68,-6.09,66.53,12.55,92,-6.06
111,85,21.02,-27,-44,13,103,-2.46,32.66,19.93,16.95,127,106,137,17,93,33.57,33,141,52.46,43.34,18.3,51.72,-43,34,-17,103,40.94,15.42,60,-35,37.51,54,67,-13,-11,18,72,31.27,28
54.11,15.3,-4.23,-49,-5,43,9,70.5,74.42,114,-6.71,68.81,80,-1,84,57.4,147,50,69.49,67,19,63.19,34,98,15.19,-6.88,-6.28,91,-14,11.97,23,1.64,-22.49,-28,-24,8.32,2,89,69,20.98
-42,-31,46.33,-2,37,94,60.72,-18.88,-30,77,70,42,-35,34,1,115,-29,-21.45,-3,94,9.54,11,-5.99,62.6,-39,-14.13,133,38.7,9.82,94,88,143,106,60,-19.88,-6,31.48,139,124,-26
-34,77,-35,32.68,-26,49.11,-16.18,24.42,35.22,63.88,-2.31,3,-5,48.34,128,-49,142,-35,-31,78,0,-10.05,-22,-16.34,-42,73.81,-22,62.42,-7.59,80,25,7,24,131,-21,106,117,27,-0.44,59.85
5,148,64.01,17.52,0,11.27,13.93,118,80,-38,-21.13,30.78,20,75,1.04,23.69,23,33,62.32,21.9,5,-32,-7.26,69.66,-10.58,114,-6,-50,17.84,126,65.1,8,78,13.72,30,4.2,142,107,18,106
2,111,90,147,27.18,32.62,25,13.4,32.98,-16.23,94,73.16,-10.1,20,48.92,1,72.21,113,31,-18.32,62.97,110,9.55,19.38,145,64,35,-47,0,62,52.54,71,129,54.08,6.62,-7,-26,13.51,-18,66.68
-45,16.69,87,-23,130,33,2,63.74,54,10.17,-24,74.25,-35,-22.27,-45,-11.46,-16,88,6.87,35,57.73,126,146,39,-9,88,-3.84,-36,67.22,-11,-19.34,120,-22.32,144,12,59,-4,46,-23.84,17.22
91,-20.96,63,1.74,118,69,35.15,-16,-43,137,71,5.75,124,105,15,100,6,-17.6,16.01,75,141,68,13,76,131,27.85,-4.11,40,-45,3,70.07,62.28,77,1,2.11,109,5.83,20,49,18
-3.12,50.59,23.71,63.38,25.14,49.9,47.56,118,19,142,14,-29,-20.2,140,88,74,45,6,31,13,-21.39,25,70.58,55,23.68,-29,32.94,99,87,135,-44,45.25,51.27,16,-30,69.4,16.76,44.51,15,9.73
65,64.67,56.84,45,78,-37,-7,-43,91,124,65,18,12.31,120,129,145,1.95,-11.5,-17,15.96,-0.16,103,25,-14.87,112,41.51,51,81,102,-23,147,48.28,31.74,8.4,54.54,140,56.15,-7,-17,-16.23
43,-2.86,16,67.11,2,58.77,30,39,-27,61.92,73.56,117,30.58,68.25,61.38,18.43,30.33,-23,1,24.1,48,-13.44,12,9.86,49,36.2,64,-34,67.63,75,53.66,79,-48,15.08,47,-29,7,116,10.55,56.72
-2,73.25,-38,59.54,29.57,52,132,86,-18.31,31.54,4.23,57,-22,134,15,136,30.73,-40,109,123,-41,142,137,6.5,24.2,2,4,-8,101,53,-12,-47,43,3,103,54.47,-13,53.52,144,73
-3,146,38.96,132,-9,-9,54.46,64.56,45,-2,23.32,-37,-15.37,21,-18.39,45,14,9.51,-49,42.22,17.94,0,43.86,28.95,58.39,87,-3.36,89,-17,-14,133,28.57,48.25,46.1,39.58,70.21,14,3,21,6.37
-34,11.83,38.68,9,22.21,127,23,10,69,63.01,45.95,19.16,38.35,18.87,133,143,143,78,50.18,21,1.54,43,-19.14,-46,54,5.6,46.75,-20,-3.91,-30,46.73,67.6,49.69,-1,53,-15.12,-21,31.37,-7,-13.3
111,4.41,114,-26,24,5.42,24,114,27.65,98,63.05,-5,2.92,71.27,49.03,93,18,74.91,33,40,-30,-36,50.53,80,-19.52,43.36,34.14,50,68,-25,-6.03,20.99,106,20.56,99,12,54,39.26,77,30.49
-8.31,146,-13,17.79,63.38,-27,-15.08,114,32,134,-15,18,-39,13,37.04,-24,78,-31,67.15,32,127,-31,12.91,63.23,2,50.89,21,-10.34,67.53,26,23,51.4,24.31,46,62.73,31.21,43,29.57,47,-9
58.02,-2,114,111,-10.16,70.32,115,55,93,22,80,1.25,-42,113,71.91,75,107,31,67,128,-13.98,3.74,88,15,112,-10.15,9.2,-36,53.66,12,-4.78,127,53,50.93,-25,-3.6,50.23,80,28,73
52.95,148,-41,28.75,-17.88,55,57.87,42,88,48.05,108,107,99,84,65,26.87,22,-32,57.01,136,66.2,119,100,7.36,51.84,14,0,114,38.57,40.13,66.01,56,13.84,88,-1.34,51,3.48,126,67,-6
32.27,65,132,142,-16.14,-20.02,71,-24.93,-15,130,-48,-9.98,127,18.45,56,59.08,15.39,20.3,37.81,116,16.45,53,6.65,143,59.96,-15,71,-20.23,48,-33,-15.67,124,-26,-10,-33,-39,53.87,36.18,29.32,52
-19.38,26.49,20,-3,28,-7,27,20.2,65,32.4,-18.59,50,42,-37,56.55,-9,24,94,-9.45,93,9,9,132,51.37,140,9.75,85,95,-2.83,5.79,63.38,47,-10.37,140,85,44,55.87,12.31,-1.11,-37
30,-30,-22,15,14.65,127,21.06,-14,21,-20.44,28.63,41,111,60.06,26,93,23.1,132,9,17.62,25,51.4,-17,60,142,57.96,-23.46,-47,147,2,-21.39,18,47.78,-24,-23.62,53,148,112,48.04,-3.56
22,-3.04,69,-28,138,94,23,3,-18,30,107,95,33.32,45.47,88,-8,-1,58,125,16.12,30.19,-8.24,21.4,11.32,23.93,-35,-4.46,21,140,38,28.58,-23.8,13,-39,-24,21.26,49,86,45.56,32
17.19,30,-23.68,68.03,125,-20,71.45,119,46,65.03,5,14.8,13.12,83,-45,72.57,-6.4,2,-33,88,100,-8.37,87,20,57,81,68.09,-13.5,35.74,99,18.23,43,-24.24,-1.91,63,116,-26,-6.51,-20.4,1.27
146,16,1,52.64,5.82,-49,-22.98,-45,79,-15.87,30,10,104,-25,40.73,28.09,57.93,-32,62.14,27.9,59.06,24,51.8,-45,99,-48,10,50,104,6.97,15.16,-4.36,106,-4,3.35,-13,80,58,6.64,6.18
-18.73,-12.36,39,-30,104,36.27,26,109,132,14,8,89,141,54.23,74.34,50.86,-50,48.37,42.58,-47,33.81,13,32,47.52,83,137,-7.72,11.85,2,100,-8,84,54.48,90,-7,-12.36,28.72,13.55,44.53,-14.1
38,14,5.86,147,-1.94,25.08,12.18,66.62,62.58,-22,-9.8,85,81,112,-21,2,45.97,57,19.09,-23,98,42.31,123,41,-16.83,66,-1.55,70,-37,-50,147,42,-41,121,-37,-10.57,131,-33,-13.43,0.28
-9,65.04,99,2,133,117,-28,62.33,41.13,65,58.27,22.44,71.03,-7.97,56,34,10.24,30,13.38,53,50,-26,115,-13,-4.55,46.76,61.62,-39,-10.51,23.52,70.4,-5,148,37.86,-9,95,9.36,113,27.02,-45
60,-45,-38,8,42,31,73,82,36,55,-12.19,43,53.52,-24,10,31,37.17,75,-28,53,83,106,89,-47,-20.86,39.26,-11,9.34,80,21,148,61.83,57.99,80,5.47,64.51,8.06,50.89,47.03,12.63
-6,76,-13,43.25,136,-42,21,84,-5.76,-36,30.33,57.78,104,49,37,12.37,82,-19.55,83,57,52,-27,8.71,64,-8.26,0.18,-47,-12.95,26,-7,92,30,129,-11.09,88,103,23.85,12.23,-3,3
-39,-25,46,17.09,28,124,-23.97,43,-13.85,98,-15.9,29,-37,123,44,-6.99,124,42,11,35.69,149,66.44,58.85,57.7,142,5,-2,-39,71.59,67,11.44,-37,-12,56,50,-13,126,108,64.85,103
132,43.34,42,-38,117,-17,-28,100,-37,36,68.78,-1.58,31.87,97,4,75,122,-13,37.27,56.09,51,29.3,6.42,139,66.36,101,118,-21.24,124,16.92,-15,113,23,-5.82,76,102,53,-12.98,-4.99,-11
42.15,60.57,1,147,-47,54.28,-11.86,41.77,-39,44.22,0,-20,-10,72,128,3.64,18.95,22.48,111,98,-26,65.13,-46,107,139,-4,-33,32.52,74.01,128,10,19.93,133,36.15,140,29.23,-9.26,26.08,94,4.03
81,72.82,55.21,68,-18,132,21,76,51.83,56,43,63.8,31.43,147,15.62,-21.04,14,34.13,140,56,14.32,-48,22.91,71.49,134,40.78,36.02,-33,36.26,-10.98,56.06,-42,41,18.22,58,72,105,11,110,70.9
82,63.85,26,59.26,17,4.54,-12,87,-2.53,-12,41,-18.24,4.43,66,100,113,-16.87,13,98,88,-14.94,92,105,12,31,-1.72,98,71.05,91,47,70,-1.85,45.78,116,119,62,39,6.01,21,-44
5.96,-12,8.15,28.78,111,-6,68.2,-6,66.25,25.63,-2,104,55,78,61.68,18.23,40.52,121,32.31,97,78,122,90,149,-13.67,37,149,-2.02,-1.26,64.73,-27,35,21.1,4.55,114,50.89,2.03,-48,-21,38.24
114,-19.97,-48,65,-39,87,94,-15,7,52.18,44.43,31,1.23,108,143,11,77,17,3.49,72,44,92,143,2.15,62.84,28.55,-15,44.81,48,-41,29.96,24.1,53.1,51,20.48,58.3,68,-20.96,81,4.06
124,68.3,11,143,-22.25,-39,137,11.19,-48,22,61,133,80,39.64,58.6,79,44.76,18,21,40,132,48.3,58.51,4.71,-34,95,-10,71,91,-15.69,4.34,26.19,100,25,-20.29,3.94,44,14,80,5.84
-5,23,40,-10.61,12.11,61.15,30.21,75,41.66,35.55,56.16,-21,27,40.58,62.87,-32,50.04,73,-32,-11.67,-49,78,58.58,127,23,51.71,-14,59,17.55,128,77,49.51,44,4,-21.24,30.61,67.21,90,59.74,61.58
70.78,6.32,42,79,-41,2.57,3.39,112,60.3,33.82,62,68.97,42.79,26.07,28.86,136,36.45,31,72,-3,67.23,33.92,9.78,-18.01,-25,133,11.9,-24.29,16.47,31.74,21.57,65,-23.38,44.14,32.51,10.67,83,117,56.43,44.64
121,63.87,-11.25,41,48,-19,57,18.98,0.84,53,58,59,60.84,34.79,26,34,6,-13.37,-9.74,4,-15.39,58.77,15,70.96,-11.86,30.39,67.42,-2,116,-1,46,137,108,20,102,28,-32,49.68,64.33,87
-10,141,24.23,-12.35,141,13.84,46.54,97,90,72.39,119,112,88,66,87,65.15,-13,94,91,50,145,23,70.25,80,141,62.95,149,43.44,-1.02,95,-20.21,143,92,99,123,87,-2.86,71.67,147,17.33
-16.91,29,-4,-39,56.81,125,18,106,25.71,107,34,101,-3.2,-12,91,-46,99,72,37,-2,-16,61.9,24,64.11,51.2,7.32,-24.07,-9.8,-27,-36,26,-0.51,20.67,103,70.56,-5,100,-17,18,50
31.53,11,69,-9,39.87,134,131,43,-34,-31,1.43,-15,-36,137,98,54,26.74,5,20.88,117,2,96,-29,-18,36.15,59,63,-33,116,102,3.28,5.53,24,97,60,83,24,37,36.06,5
43,-40,81,11.91,67.27,-38,-8.38,80,46.41,14,63,55.4,9.93,62.9,128,144,22,-24.62,103,23.75,80,5.85,-5.45,59,72.45,149,52,61.71,-14,48,3,118,4,-0.2,139,104,74,-8.71,-24.15,51.87
67,-5.94,63.79,103,48.23,-12,57,-23.39,13.5,0.38,96,40,118,-19,54.07,53.95,31.91,98,-2.93,66.94,54.55,42,74.67,53.83,63.81,-3,11.14,143,-17.09,-15,22,16,62,113,54.01,29,27,119,33,9.72
11,8.7,73.38,43.2,20.78,80,24.04,116,-28,47.39,70,65,102,18.16,93,-26,116,52,48,-2.15,-12.09,138,15,51.03,128,-17,-8.49,126,-19.75,-4.82,-49,-24.57,49,48,47.32,104,41,4,18,-21
68,-2.05,-11,108,-19,94,70.4,90,-16,6.55,58,72.44,14,58,64,26.88,-38,4,54.12,131,24,6.12,120,-4,64.19,-16,62.14,27,25.84,46.74,6.75,39,69,25.13,-24,64,54,49.89,90,12
92,3.14,-4,-3.32,82,15,93,41,4.59,-14.85,-13.77,38.44,47.56,81,59.25,90,32,67.4,63,15.84,8.92,117,56,92,50.71,-2,23.79,-41,30.71,141,51.93,133,135,22,-22.06,27.59,13.41,26.3,86,24.79
21.31,80,35,95,-33,72.17,56.55,70.95,74,35.79,32.76,23,-48,-11.25,61,100,88,56,138,108,87,0,23.96,103,62.56,-37,6,96,-6.3,13.07,1,-1.37,140,68.65,-40,73.15,-24,62,-13,37
39.76,55.82,-45,86,59,-19.76,56,107,149,-32,-47,31.13,47.68,41.63,-20.73,-15,125,-13,53.87,-9.96,43,40,40,41.58,-7.98,8.83,-27,64,40.57,-31,23,63,134,-41,64,-25,-24.99,54.68,-5.03,48
45,-13,85,-47,43,-8.82,0,16.95,119,-2.94,40.94,25.4,63.59,-10.77,12.14,68,18.41,73.81,44.04,61,29.3,50.91,-9,71,-21,-2,60,118,14.47,109,-23.75,119,22,-49,96,8.56,72,64.5,-32,99
-22,62.61,106,-43,140,66,57.16,-10,-19.22,17,54.28,81,-1.14,28,51,142,143,133,0,-9.07,134,52.31,-17.33,76,40.8,15,22,65.83,32.16,38.73,38.08,74.22,58.82,133,52.32,62.14,-3,24.41,54,127
-22.3,25.21,1.49,43.02,7,83,31.77,142,117,4.66,22.15,129,34,78,8.82,-34,57,30,-13.41,64,3.27,-36,-5,31.21,14.32,21.23,47,-19.79,-15,18,-18,45.31,53,64.46,87,90,-35,16.16,-24.18,42.94
62.54,-46,82,50.67,5.83,76,50,-19,-19.06,108,16.27,56,-23.15,-17.16,74.79,132,-5.85,42,114,55.04,81,45,74,92,-22.88,84,-0.01,-30,132,-12,104,47.43,71.12,7.72,-24.02,-32,14.54,7.92,135,-9.93
-28,-1,84,30.53,109,32.95,-33,79,23,33.76,10.47,74,84,81,-37,-9.41,76,27.26,-19,67,38.86,-19,36,145,-16.05,28,47.71,-14.77,48.43,28.3,113,111,69,5,10.6,73,-6,-50,76,109
22.3,60,14.27,39.7,12,4.7,-9.75,-11,133,-14.9,-13,4.97,42,71.26,-15,142,27.72,77,-9.49,146,50.28,-47,-11,1.1,133,65,127,-22.36,63.97,129,105,10,-41,5.43,47.78,124,43.87,36.87,-45,55
102,61.07,98,-0.27,66.15,129,65.47,23.5,-1.86,-31,46,-8.86,65.2,8.86,42.61,42.42,10.88,68.77,-25,7.69,22.23,116,5,41.41,19,143,49.55,-17.12,138,16.55,20.25,34,70,-2.15,89,27.66,143,5,-10,59.21
25,141,6,110,142,74,15,127,54,136,5.26,10,69,25.34,62.38,13,-9.61,37,120,0,101,71,-18.42,62,-17,77,22.5,107,-5,30,59,70,-30,17.41,26.56,42,29.18,-10,8,58
70.18,16,96,70,-20.04,78,66.99,117,-17,14,58,67.09,115,-6.02,110,-1,3,-2.18,131,49.98,-9,83,21,56,43.13,-22,17.55,38.66,33.76,110,19.84,136,95,66.06,130,-13,111,-50,43.19,27.93
-33,143,114,145,10.64,23,20,-2,19,29,10,65.52,54,61,-30,115,115,-26,53.07,125,95,-6.58,98,55,18.96,-22.3,33,59.91,55.85,44.46,17,1.98,-48,110,107,13,15.23,-11.54,-27,50.01
28,39.27,110,51,51,146,26.28,47.62,-11.24,75,113,-17.52,-15.27,85,40.49,147,-39,36,88,79,-21,12.15,-16.84,-24,51.39,21.55,-20.86,13.26,44,138,0,119,109,-15.08,9,146,-48,85,-4.44,33
-20,70.29,17,104,10,18.97,75,90,70,61.37,27.2,54,-45,-41,15.36,89,70,48.1,38.2,44,31,29,16,62,109,6.45,-8.49,29.91,-3.4,15.56,46,91,141,48,20.95,81,65,65.17,4,128
42,128,36.5,18,105,62,20,-17.37,123,51.29,63.65,13,-23,133,22,14.4,63,107,16.31,105,100,113,54.09,31,55,149,47.32,-14,19.67,69.76,-19,6.39,26.32,138,28.61,99,38,55.25,100,73
58.81,114,-10,53,-22.01,4,5.42,-21,45.37,27,48.65,51.84,51,109,-7,-19,36.57,-45,-3.56,-7.11,32.44,139,64.27,71.81,37.52,-21.99,111,60.46,63,-30,-30,-27,-8.81,50.33,-13.09,-23,13,107,42.74,140
20.5,-33,28,13.05,127,-21.11,32,38.89,16,46.99,-5,48,-35,115,30,14,-1.12,66,72,28.33,55.88,10,146,62.54,139,22,52.93,33,59,131,25,13.82,93,-12.86,93,-5,-3,15,21,-28
138,98,-44,-18.77,-47,128,-12,13,127,16.39,11.87,40.84,87,10,74.97,74.86,72.77,5.25,12,92,62.63,54.09,43.62,-14.15,14.55,24.36,59,135,45,130,23.31,-34,127,-19,5.92,-0.07,51,19,40,42
142,18,0.11,103,14,107,68.98,4,15,-21.72,68,7.94,107,66,-19.14,-22,75,39,70,25,-17.49,38.6,2,-13.55,-37,115,37.37,43,-20.04,97,-23,125,23,-21,-45,-1.48,72.25,45.34,38.48,6
52.75,-5.43,87,149,51,96,137,-28,72.08,126,49.16,-46,40,73,10.76,65.54,-22.92,67,63.87,44.8,44.42,-7,6.92,68,34.17,-7.68,71,48,-29,67,10,44.02,126,69.55,112,49,49.15,24.63,128,1.13
54,-49,67,111,42,141,99,28.6,11.55,132,126,145,22,4.6,-8,9,31,72.44,-15.5,136,44.17,26.06,-18,128,-15,22.92,-2,115,125,146,-11.36,30,130,99,40.64,-10,54,-45,5.54,103
115,-6,2.34,-17.62,91,50,25,30.06,22.91,-22.18,-7,95,68,49.59,68,73.11,94,0.2,134,5.56,32,121,23.88,13.57,69.34,5,85,130,34,97,-23.91,68.05,91,137,44,47,19.9,87,2.47,41.57
38.03,-9.62,102,77,-11.58,148,90,51,96,70.14,-42,32.2,-26,149,-44,44.1,72,-8,17.56,61.21,-50,54,25,-30,-26,17,94,30.88,105,38,-48,9.69,-0.52,79,-48,52.99,57,1,52,62.01
95,99,130,0.61,41,149,83,110,24.34,37.22,97,-14.33,59.8,140,34.32,14,-2.45,-11.82,45,72.23,32.36,20.17,75,34.11,27.32,146,-9.76,73,-4,57.68,54,23,66,55,49.16,-45,51,61.15,117,19.99
22,-22.64,41.68,37,147,68,56.31,-18,100,141,40,92,85,22.35,3.93,111,-20,-16.08,-18.1,86,30.36,-40,8.92,38.33,-33,115,79,18.48,100,-38,43.98,-16,23,47,38.72,-9,55.63,29,34.07,39.89
-11.86,56,3.2,27.76,0.61,43.62,-36,-38,-48,-46,28.67,39,75,25.58,83,-16,68.56,111,30,-11.24,95,-24.72,67,4.38,-21.79,55,42.18,24,111,8.57,79,114,85,3,78,-33,29.18,46,42,24
-46,-5.06,-18.03,54,107,-26,1.87,52,-5,69,133,86,112,57,61,-40,87,71.17,-33,61,2.66,5,26,-3.09,-19,48.99,55.55,72,78,-24,-25,34,25,63.3,49,29,7,125,8.93,-20
-20.36,59,-5.49,30.19,107,139,21.98,28.6,-13,39,63,-41,-41,-34,-9,11.84,73.81,57.66,23,45.95,42.61,31.61,74,59.16,51,101,148,128,48,1.9,61,72,48,39.78,52.92,138,97,24,57,-31
-49,24,-21,48.46,69.02,-1.52,-21.87,3.21,-14.89,65,56.28,76,52.62,-46,52,20.64,64,66,54,125,25.74,11.62,137,19,53.67,23,37,-15.25,-0.02,-33,32,8,45.79,6,-23.68,-20.41,9.45,30.87,-18.55,8
-13.85,25.05,105,51.89,27,-21.58,142,90,-50,73,-9.31,31.43,-7,10.15,63.2,52,52.79,106,122,11.73,73,94,87,70.48,84,72.97,33.98,-1,67.47,50.01,7.72,119,-17,78,134,91,22.48,-5,70,90
50,-4.91,74,-8.89,107,-5.98,42.87,-27,57,85,94,47.65,-6.75,142,24.07,51.09,149,1.84,38.04,-30,134,-22.77,33.25,-2.38,124,-4,112,3.37,-21.27,64.61,122,105,46,50.95,90,89,37,96,-10.24,-30
-3,50.67,-11,96,42,51.27,4.22,67.47,-9,46,39.02,53,61.79,137,119,24,-1.41,20.41,25.77,19,-15.13,-10,34.15,72,-47,36.54,13.73,136,-22.55,36.83,-50,52.46,125,112,-21.52,-9.53,-15,22.6,85,-15.31
72.09,-2.69,49,4.15,-17,7.09,48.43,44.03,14.58,-24.35,37,-37,40.46,-13,142,85,85,50.34,128,-18.05,62,0.74,107,25.29,89,-43,12.43,140,55.05,63.12,137,50.23,135,-20.41,70.45,33.69,-23.53,51.19,44.3,-24.67
-38,13,-23,-15.39,69,61.3,-40,34.68,51,77,74.82,100,130,-25,128,91,-6,32,-23,123,-41,66.46,49.26,108,44.36,-2,101,-18.79,85,105,22.21,1.15,148,60.08,19,8.87,42.76,-22.88,-30,10.07
56.19,-12.02,-35,-17.61,10.66,58,82,16.57,73,115,123,91,45.66,113,31.66,97,129,148,-14.16,10,136,-22.02,-4.18,19.42,40,15.75,23,2.79,6.73,-4,145,-46,48.89,-0.3,-45,58.43,22,114,39.06,-1.88
52.07,29,17,10.59,53.94,53,108,-1.57,31.76,70.32,122,52,-17.65,93,-48,19,24.86,29,25,39.98,104,41.16,35,29.3,76,34,-28,121,13.59,45,12.07,42.19,69.69,27.01,14,59.19,66,27.77,-23.24,-12.55
39,12.15,-33,43,-30,85,63,16,-5,52.33,1,12,40,61.76,66,32.22,-4.26,88,60.96,-21,138,-21,57,-20,106,142,6,57,129,138,-46,48.87,67.19,67.96,139,101,111,38,-3.87,13
-16.88,60.12,-48,7.16,25.7,-22,136,-35,37.32,51.39,46.54,26,-4.33,80,67,-29,63,48,-10.92,24,23.47,-11.32,13,18.47,17.71,34.53,12,-11,31.64,49.51,-9.99,93,119,-2.65,100,76,68.77,-45,4,58.94
133,32.48,79,54,130,-3.63,73,26,8.29,68,6,85,4.72,-10,111,-20.14,31,-44,91,-13,-50,-23.62,-20,1.99,6,9,-31,-3.36,-24.43,25,45,28.2,132,7.77,99,38.18,-15,-43,44.96,-40
12.87,23,71.22,126,88,59,50,144,1.89,113,109,30.89,41.09,-42,95,-21.35,56.48,91,13,24.34,5,123,107,54.92,64,42,144,127,64.62,11.64,53.23,69.89,54,-43,86,48,39,121,130,-40
-13,51.22,51.99,121,4,72,-38,23,134,109,70,-4,37,146,70,19.52,-12.57,113,-2.54,18,-4.29,113,-12.36,71,-26,24.14,137,67.93,1.06,45.09,21.26,2.74,60,40,15.76,-27,61,46.89,-22,68
-24,54.14,37.74,63.57,-8.37,43.71,27.93,43,-43,57.95,-50,56,23,46.21,72.08,113,15.37,-17.24,136,2.24,83,-9.26,-41,4,111,113,70,-17,142,47,128,30,-26,14.35,12.39,149,53,87,-6,42
49.71,-18.51,133,126,-18,127,148,49.9,28.63,-2,130,-21,16.28,58,2.42,148,137,60.7,25,-13.71,58,27.38,112,-50,73,1,-18.62,-5,-23,-49,129,14.12,148,-14.77,-4.83,17,-14.19,29.24,104,43.01
-32,57.99,110,-47,0,146,-16,90,-28,6,1.05,76,145,13,21,41,-33,71.06,35,-46,73.23,69.83,92,62.43,13,103,7,23,55.07,9.69,67,-13,71,146,56,7,99,21.38,42,17
102,31.7,-38,133,135,-48,117,136,29.76,9.57,51.57,65,36,45.41,61.69,19.14,139,111,-13.32,73.83,-25,40.91,22,104,56,106,78,138,93,64,142,22.55,126,27.48,35.23,100,22,5.2,-36,37
49.47,88,126,53.47,111,12.72,5,-42,57,90,48.55,54,28,-25,18.11,25,-9,54.9,32,8.38,37,-23.05,6.23,11,71,-11.97,6,-23,124,-6,49.39,70,-4.48,98,83,96,38.25,45,59.48,61
60.43,26,-45,100,-4,2,-48,-10.35,-31,19.06,65,-29,-18,59.17,-31,74,18.64,2.23,-20.91,91,-7,67.58,18.07,-30,133,64,87,42,-44,-7.59,15.25,24,-13,117,19.81,17,67.56,27,66,126
-17.05,4,-11.05,7,103,-21,65.84,97,69,0.22,2,38.44,120,94,68,46,-3.71,77,16,-43,-7.09,64.23,-17,-24,71,-9,7.14,100,46,-20.08,58.83,6.87,18.33,1,-6.64,36.1,49.98,1.13,-15,-12.73
18,123,-42,89,-7.99,36,34,53,45.62,51,21,16,114,-4,-42,3.72,-17.37,-4.45,25.17,50.82,74.15,88,-11.33,121,18.04,-13.75,-40,61.73,48.28,55.11,-43,76,137,-17,-20.17,144,65.46,41.61,30,21
63,-0.26,38,78,8.07,125,-18,77,-26,45.27,82,-4.4,66,63.43,-1,131,27.07,-43,48.5,134,38.03,3,-37,107,-48,-2.7,50.41,-7.43,-23.64,-0.01,45,0,100,133,108,12,95,-24.04,49,72.41
133,-29,44,25.67,-9.19,16,132,49,87,51.07,-7.43,144,38.86,62,124,62,84,4.54,5.64,37,120,61,43,42,-32,13.29,2.36,56.95,113,-4,24.37,84,5,36.41,133,106,31.05,25.56,31,91
0.46,115,-5,11,37,61,-36,-12.99,42.9,-43,59.67,-6.14,103,12,-39,-6.84,19,-39,53.95,70.09,10.16,45.47,-20,-14,-19.13,-23.36,-1,38,-10,67,146,139,90,42.03,-28,132,-16.15,46.99,29.41,76
-6.15,23.15,113,-42,-0.59,-43,121,12,-13.93,27.37,136,33.92,24,42.13,71,143,6,7.61,-5,102,-17.24,-20.65,66.03,-4.72,-44,-5,30.87,9,42.99,-8.35,85,30,19,6,-7.52,60.1,-48,45.72,123,85
-6,20,13,-10,38.63,114,-39,45.59,60,-2.36,85,26.54,29.5,-28,36.79,-21.13,16.37,43,117,139,16,-48,-1.38,5.94,43,20,0.41,53.5,-5.8,21,67.37,19.24,21,108,-10.79,14.28,54.69,1.76,1,-24
105,-19,92,146,42.89,29,46.47,100,78,21.43,64.13,43,137,87,48.3,47,137,46,3,61,57.74,6.58,118,85,105,57.33,45,106,-9.06,47.23,-17.75,-30,95,-20,68.93,-17.1,-30,121,-18,-12.69
-14.14,-29,-34,113,27.07,32.35,-23,106,-11.44,133,-5.61,-45,16.61,-16.39,116,117,56,-18.16,-34,73,45,148,-18.18,22.94,-1,133,40,4,-38,30.26,33,-33,-13.57,129,-20.75,-10.84,146,-5,69.98,76
-38,74.39,26,-16,20.94,77,-2.01,65,33.82,3.47,18.66,56,17,38.71,22.41,124,13,45,118,-3.31,-23,66.18,-42,70,45.19,-9.7,70.96,98,-23.27,25.28,3,19,37,6.71,104,111,112,-9.29,41.62,-8.48
-19,64,40,34,55.38,97,4.3,-47,-13,-4,67.81,34,61,120,60.12,26.33,137,111,56.66,-24.81,22.77,67.73,31.3,72.41,117,-6.51,-37,14,-7,16,10.65,-23,58.63,19.56,-5.07,73,52.69,92,30,74.91
58.62,11,138,1.73,-44,61.2,34.7,3,-48,5.15,-34,26.46,80,20.87,-16.16,128,13,13,45,63.65,70.98,9,-7,35,121,112,-9.69,63.39,-28,-23,67.11,1,116,17,87,49,-23.44,28,4.41,-2.26
69,70,56.27,30.38,13.31,19,0,59.04,54,1.36,-48,-19.39,31.37,-27,118,-36,-25,39,2.47,61,132,-5.94,67.42,-18,58,70.27,118,35,24,111,-6,8.21,-44,3,22,-9.3,-21.93,-39,69,43.73
14.1,21,40,126,137,-25,-21.97,123,-31,4.52,96,125,79,-32,19.28,116,149,-13,57,-24.77,4,65.13,119,8,65.96,-22,23.25,-7,80,87,132,61.58,121,48.84,-41,39.61,119,27.78,-9,44.37
67.52,114,46,-13.64,110,27,73,12.41,148,-32,97,72.01,69.34,-16.28,-37,39,143,-12,57,148,-49,-18,129,8,67.93,-13,3.45,55.96,1,27,80,106,0.99,40,52,29.04,17.22,38.04,13.21,-26
140,67.86,-11,1.24,62.89,117,12.75,31,42.02,-16.93,-27,58.89,104,63.52,-6.56,96,-42,65,11,-23,118,18.61,25,-39,35.64,28.15,-23.07,-30,38.18,117,47.19,32.8,17,-18,50,5.4,36,35.38,124,83
69.66,24.08,45.99,-23.55,32.28,-18.87,59,-20,-46,29.82,129,-27,-39,35.05,126,56,54.61,64,14.73,-23.17,28,66.24,42.98,13,71,51.64,3.26,-20,-1.13,115,92,65.2,40,69.31,32.12,128,-15.68,-15,68.43,117
141,59,-17,136,75,-6.4,-9.34,103,6,59,129,-31,60.51,30.16,49.11,74.07,101,-43,115,5.34,54.37,9.05,69,-43,97,41,59.37,139,132,62,122,56.19,37.25,-21.33,93,-20.05,-4.98,141,98,-4.46
65,103,68.51,64,-41,50,50,136,71.5,42.81,27.66,44,24.35,6,60.29,61.34,83,-12,-17.28,17.87,17.53,-0.06,56.24,65.68,-14.27,27.68,50,0.11,50,75,-38,2.62,143,-5.55,17,3,-12.14,-7.9,20,13
148,60,105,17.68,8,70.62,-16.74,-14.53,52.2,67,43.99,-33,-2.42,30.08,42.65,56,23.73,19.58,39.43,127,-24.42,128,137,-22,21,115,14,25,24,15.65,-41,34.59,-47,72,146,36,-5.96,-34,-15.12,72.93
38,-38,5.75,67.39,-5.76,42.96,12.13,63.39,123,52.9,56.44,144,28,-19.44,7.83,45.69,-29,34.51,6.53,60.04,72.57,55,119,35.91,63.14,40.17,41.1,8,33.83,147,-15.6,9,43.23,39,-13.89,61.4,-14.83,19.31,139,67.99
-5.94,28,0.92,57,-16,27.57,-39,-33,92,124,65.04,128,-0.05,94,130,42.87,51,23,-41,-24.66,61,23.91,58,42,72.41,24,30.59,50.85,107,144,36,-7.57,30,-19,-9,64.45,3.57,38.7,4.67,73
38.85,1.61,20,-48,96,40,45.55,101,66.49,59.27,74.84,-24.99,44,-37,-45,-14,-6.59,32.07,-22.58,128,131,38.11,-10,60,32,77,43.16,8,100,80,-22,120,51.99,20,-31,-19.17,-16,20.71,45.17,25
-47,0.57,12,59,10.73,41.28,72.45,-16.04,-22.5,-1.33,3.33,74.42,107,-18.39,-29,107,-28,49.58,26,53,3,24.27,49.52,-15.8,28.16,42.92,74.25,33.2,120,133,74.84,117,75,54.42,-4,59,32.51,89,143,9
-13.41,53,149,22.99,43.76,2.4,-21.36,71,9,91,55,48.64,27,16.15,2.55,-3,145,129,41.08,56.28,30,15.6,33.5,-7,10.27,71,18.79,45.09,88,-5,29,6.24,112,102,140,62.45,122,-1.55,-1,112
78,40.47,149,19.82,-13,61,-6,56.17,17.51,106,56,48.72,74.23,30,49.02,49,132,-42,68,-24,135,55.88,40.7,131,15.22,26,88,-0.66,27.95,-35,38.47,61,-22,73.47,132,-38,-24.61,2.75,44,144
-9.67,-19.28,63.66,74,35.59,45.68,63,-47,49,41,24.68,131,-41,36.79,26,89,-28,113,-23,-11,13,108,-1.87,87,28.91,-15.47,-16.25,13,-15.13,3,-13,127,96,136,29.93,-32,5.38,91,9,-13.03
59.26,-50,49.03,49.34,123,-47,8,131,-19.94,100,72,-21.02,41,74.4,-19.81,14,-2.08,23,-47,69,51.08,8,26.55,21.04,51,27.99,21,48.39,121,59.68,68,32,-30,59.96,145,12.09,-36,67.11,84,42.1
63,-38,31.41,-41,-31,44,44,147,11,74.22,-39,6,4.65,70.36,-6.96,37,-24,47.68,7,-40,46.96,118,68,44.9,64,43,23,51.92,-4.99,-23.44,-11,109,61.36,17,56,93,81,23,48.37,140
68.28,128,145,124,63.43,63.16,59.81,-13,30.07,5,48,68,28.39,6.81,52.37,1,-18,104,17.86,31,126,61,49,-38,36,18.87,60.23,19,66.07,9,5.05,119,42.16,125,-33,46.77,-10.28,23.87,52.59,44
110,-48,18.46,83,9,94,24.03,3.05,16.72,15.27,-17.18,16,-13.09,148,32.18,51,126,25.24,117,1.59,-15,20.25,-8.14,120,43,21,36,58,8,57.98,3.32,2.48,-12,95,73.91,-16,-14,5.9,29,-10
62.96,79,10.61,1.44,62.14,-6.8,27,4,5.52,103,56,31.76,1.71,-34,-15.47,87,-26,-32,44.33,39,47.71,17.89,24.12,114,41,110,5.15,4,-20.54,64,47,-22,18,60,6.22,142,1.02,25,121,-9.16
66,64.49,122,-18,64,13,23.7,68,-5.68,-1,-10,77,-4.82,48,63,33,116,-31,12.06,33.5,65,76,-8.11,24,129,-5,73.84,7,12,65,98,3.95,8,49.21,32.51,69.75,13.23,3.72,5.86,-11.53
15,3,-42,-1.85,12.1,4.83,88,29.3,43.63,32,-44,-16,-9,149,101,-6.55,63.37,138,85,107,64.14,39,53.93,36.12,-9.45,-3.94,137,-45,71.25,11.47,47,111,142,5.67,12,-24,-8.26,32,3.84,1.4
16.67,34,4.25,137,12,49.23,67,-4.47,15.91,17.3,138,-22,5,-2,-21,104,-17.05,-48,30,-5.95,-39,135,120,29.78,2.21,25,43.37,82,34.6,114,34,74,-42,21.23,64.07,53.82,24,80,-39,71.33
65,94,69.5,55.18,28.06,61.5,102,-22.91,80,22.08,-20,-4,41,-3,50.32,34.99,42.29,13,66.63,0.49,130,104,-1.81,19,95,10,116,103,8,-25,-0.05,33,51,32,20.85,-13,-32,-15.16,57.26,6.3
102,119,39,40,148,80,134,110,-28,40.33,70.33,28.82,23.92,-44,28,31,42.23,133,-2,90,60,25.55,-7.54,-20.05,17,35,140,125,31.23,52.56,69,47,-47,-5.69,144,1.47,12.81,66.23,9,27.35
-26,20.96,58,9,85,-16.19,61.51,0.24,72,29,11,39.61,31,62.25,-34,-45,35.24,39.78,33,-37,23,54,47.05,39,-48,-9,20.99,-18,62,56,96,50.34,-30,-20,-12.97,46,-8,104,30.12,-28
-24.26,128,-24,2.4,33,54.14,-43,72,90,128,15.7,59,22.28,33,95,10.29,81,36.41,-42,143,-42,-0.95,97,-3,21.4,94,-19.27,41,20.3,2,-20.43,-47,74.51,-47,60.52,0,68,87,120,76
137,47,66,149,114,19.11,149,19.68,48,28.72,-4.84,-46,41,36.65,-14,58.93,144,-15,66,-2,14,86,65,32,-6.57,36,42.95,97,22,116,52,-43,67.62,71,100,92,36,45,-7.33,97
123,-9.22,-15,-5.74,35.69,-15,-47,-37,35.74,56.72,35.35,-14,-16,141,50.58,83,29.08,95,124,-5.12,-10,21.9,114,81,39,-43,40.61,45,120,-33,69.41,57.52,75,-34,15.53,54.86,60.97,56.95,1,-40
80,22.72,46.17,74,0.49,32,90,14.13,146,83,129,-39,59,22.66,78,118,72.41,11,6,144,-22,62,34,116,-48,13,-33,30,47.68,-37,67,-9.66,95,28,28,11,19,23,-35,12
-5,-22,52.87,64.38,46.58,33.34,47.46,-24.79,-29,124,-40,148,30.33,27,137,-25,51.64,38,126,74.1,41,4,-26,96,29.62,10.41,123,124,68.94,-12.97,127,26.05,98,127,140,-11.58,51.6,131,-20,41.74
50.49,43.42,35,-28,70.14,138,88,-1.32,93,15,49.81,21.28,55.42,144,22.6,144,40,65,101,138,3.78,35,30.9,136,-11.29,27,37,14,18.51,54.23,40,92,147,11.98,24.53,28,70,147,10,8
-5.8,-45,19,146,-46,30,55,118,50,131,60.88,28.83,67.74,0.8,37,136,9,41,63.74,144,-11.42,-12,131,34.61,99,-7.55,57,-9,84,112,12.81,16.6,-19,133,36,-11.43,25.81,83,43.26,-42
70.09,1,146,67.28,84,28,-13.35,51,28,-8.53,67,68.7,145,-2,64.36,81,34,36,37.93,5.09,35.92,141,55.94,-8.49,-18,28.67,-13.08,28,64.26,33.67,99,-12,9,112,20,2,2,8.23,36.79,136
-27,-29,12,27,-16.05,27.17,-5.41,-21.28,-20,19.92,-21,-49,10,66,52.65,-39,-3.77,-8,73.67,45.59,-7,-34,113,4,30,-9.65,104,64.91,-4,-20.28,54,98,1,36.49,23.51,41,88,0,7.71,58.22
31.38,14,19.55,70.73,19.23,-16,39,28,10.75,45.76,26,134,115,23.77,-32,-13,127,120,41.16,12,35,143,125,85,114,-21.58,41,-7.65,-7.69,-29,79,63,67,74.43,31,24.54,109,136,147,3.81
25,27,-1,-35,83,-5,39,122,-6.47,63,104,32.79,46.81,69.25,-23.53,123,-48,10.03,117,16.74,-41,15.4,8.31,69.98,136,2.36,44,43,51,-16.65,-28,70.42,-12.14,90,40,-19,-9.62,-22.05,144,68
34.19,62.74,17.65,72.47,12,74.34,36.43,38.99,31,123,16,1.12,11,75,-15,31,-9,37,52.18,0,10.21,27.24,93,89,-37,-3.34,49.08,65,21,22,94,34,134,53.89,-29,121,-16.95,136,87,64.78
51,27.43,87,-16,-20.16,18.9,66,-36,61.38,5.67,23.86,85,74.33,-15.34,30.28,19,117,54.3,22,31.99,102,111,37.83,-3.41,68.72,1.6,19.1,68.35,57,4,-17,107,26,16,96,-12,56,70.31,11,79
-15,31.94,62.32,4,48.03,94,21.83,52,65,-39,62.06,60,16.72,51.18,90,68.01,4.71,-23,98,44.74,103,54.07,116,5,5,-32,32.64,28,16,47,-42,14,34.04,125,17,49.17,94,113,-3,50
69,101,39.21,139,30,22,36,22.52,71.91,-7,-3,17,109,30.55,-25,0.3,53,-9,58.36,-11,-16.29,128,61,106,34,19.31,33,-3.29,-12.17,36.51,71.77,-10,20,-11,54.24,61,56,18,42.54,87
127,-44,129,56,-21,47,-9,-0.46,40.64,8,21,66.52,42,39,126,1.89,46.63,-4,-16.87,7.42,123,91,71.03,142,32,0,-4.36,38.44,33,63,21.64,-18.42,93,74,20.01,-1.36,97,73.33,15.33,38
-24.05,3.09,-47,34,21.81,51.94,33,4.71,102,72,-42,7.74,135,-23.74,-50,-32,-7,123,-18,46.36,-12,15,14,140,34,49,69.04,59,22,-1,116,51.75,126,99,84,98,-31,19.87,-0.29,138
66.04,-22,-14,84,0.95,-40,35.02,53.46,11.41,19,74.32,17.94,38.15,100,92,72,104,136,131,25.53,121,45.36,-45,46.06,2,32,-3,41.06,13.95,76,4,4.65,117,129,146,6.2,20,55,109,89
50,142,148,14.66,58,-7.45,-22.82,-2.14,66.06,54.39,40,52,27,-48,40.24,-36,62,-15.91,56.05,2,84,-12.33,116,48.66,88,14,107,65,30,74.04,89,-33,97,-9.03,137,114,-41,19.88,100,-24.94
28,32,-15.38,128,97,-47,101,13.41,37.14,2.37,-4,-37,25.11,116,-3,30,119,32.09,-23.54,89,21.74,28.25,22.02,51.7,65.74,-46,61,3.97,-11,-21.35,18.8,73.78,-18.94,72,30.01,73.31,68,-22.88,55.26,93
33.05,106,79,8.17,-22.16,136,-9,2,44,57,-20,66.74,136,-13.2,102,126,64.89,34,57,141,37,25,20,33.62,22.82,-10,-0.39,-11.63,108,108,10,-11.78,48,63,2.62,42.05,59.96,65.25,25,-37
-42,-37,28,147,131,-47,74,1.63,82,135,47,62.09,107,16,-15.58,-8.83,-14.22,-6,-48,49,-21.97,104,124,11,45.22,138,-33,-6,117,76,142,23,53.09,121,99,71,130,81,141,-10.64
130,5.68,46.67,-27,9.49,65.5,42.15,78,112,23.81,144,31,-16.3,-24.31,64,-47,27,-31,93,63,18.65,68.42,70.31,60.69,46.58,58.26,81,45.05,134,-23.38,45,86,66.72,10.98,25.03,-8,144,89,65,40
5,138,58,72.85,145,11.52,-7,39,69.78,71.24,-3.94,55.64,69,64.41,36.53,-6.81,-30,-36,9.27,146,7,85,16.03,-10.94,40.68,-43,53.56,74,32,107,77,59.28,74.2,29.5,-24,-1,71,1.69,13,8.17
88,92,101,64.85,70.44,61,81,0.28,-4.96,67,53.49,59,-29,47.18,-45,-22,2.19,125,35.28,16.2,28,45,-47,25.31,105,-2,44.17,5.1,-24.6,61,120,-4.64,14.42,48.29,-9.97,-23,89,5.17,-16.93,17
68,143,142,23,62.9,26,-21.97,-8.31,43.07,8,44.71,17.97,127,41,135,-16.17,67,52.19,-23.82,40.54,50.19,118,-0.6,-18.65,42.13,-19.17,-45,35,106,143,28,-47,-6.68,119,69.43,58,62,33,-31,17.24
55,66,94,82,-13,56,-12.57,49.86,22.02,28,36,-21.98,33.35,37,37.75,29,45.26,26.53,-50,109,33,-47,11.56,26.76,-7,14,43.84,125,70.08,135,-40,-1.75,60,-23.69,17.57,60,-40,136,77,68.99
44,8.76,-15,110,12.47,68,17.67,-21,-24.92,17,41.47,47,59.46,-50,19,-40,105,63.22,4.27,15,67.25,63,28.99,-19,-44,-35,46.23,80,18.05,105,19.97,114,-30,-43,-0.8,6,65.29,20,19,63.64
43.36,93,142,35.31,3.96,70,21.83,133,-21.57,106,-0.64,63,55.05,34.79,-2,124,129,45,22.94,8.77,62,72.08,25.35,85,-48,113,121,80,31.92,37,10.39,90,77,26,106,-48,-31,-38,64.75,1
-7.03,117,70.53,148,50.93,15,33,38.9,45,34,1,-23,5,21.69,-50,23.45,33.23,22.46,34,108,34,31.71,4,32,110,12,55,87,23.9,58,-9,72.73,3.08,-35,-14,51,21.57,8,-31,42.96
-8.73,67,43,70,9.78,-10.71,28.06,1.79,25,-0.46,-24.4,124,52.57,26.09,113,-19.16,35.28,-20.14,67,27.02,24,-7,7.07,35.44,3.97,6.81,-32,93,58,63,54.16,-7.23,20,-6,10.02,89,6,68.66,-9.07,86
56,-31,28.99,61,2,50,-17.68,71.85,110,64,46.15,-14,-9.87,-22.8,29,138,34,35,-16.1,63,-13,-31,13.66,51.38,13.25,43.54,114,96,130,149,126,50,80,12.8,101,-45,-3,101,-32,9.25
12,7.31,66,61,60.22,57.33,87,49.5,-5,51.53,69.23,46.66,43,2,28,-6,85,52.24,-8,12.87,97,-14.81,-26,85,135,27.52,116,44.5,5.91,-32,25,72,102,1,28.82,117,41.61,1.66,8,140
62,-18,-12.22,83,66.87,-15.65,77,97,-49,25.2,106,63.45,-18,25.28,18.32,-9.42,-39,73,15,-8,100,-18,14.05,57.09,128,120,-7,130,40,43,59.25,-16.29,-14.77,118,-9,-18,22,103,125,19.44
64.41,17,2,60,-43,-33,71.92,79,-0.85,18,27,-8.94,-39,-8,58.8,4,48,14.18,54.32,3,74.98,-18,54,35,-1.12,111,19.7,73.76,3.74,95,73,16.38,-20.52,-6.77,29,-31,42,73,96,-24.36
36.17,43.03,3.38,83,-34,-6.37,120,63,20.98,-12.08,-1,20.07,-3,-20,107,-39,-34,4.92,-39,61,-45,-19.81,2,6.33,149,90,115,37.12,19.69,-11.04,10,41.73,91,55,-10.6,66.72,6,61,54,97
35.13,114,-11.75,1.22,-11,18.86,-2.54,-41,55.27,12.77,49,52,-17,138,18.73,-8.28,-12.88,63.19,98,39.03,52.04,108,30,-13.58,28,104,57.74,-40,43.46,21.61,-13.82,120,-44,-1.77,3.69,112,65,-3.76,-16,130
-35,-6.72,-23,35.01,20.13,-25,-47,0.58,97,9.83,34.88,48,-44,55.05,40,118,110,-27,50,-11,6.32,-21.07,67.19,0.7,85,33,2,145,38.37,4.56,53,14,-14.85,62.35,-30,87,37.64,22,5,146
46,33.75,10,91,-24,139,64,52,12.6,123,-14,16.9,-2,5.62,112,61,27.7,146,78,113,-21,60.55,59.16,12,22.73,28,-45,25.32,120,2,15,16.22,77,27.64,127,47,-47,2.83,-31,10.1
-37,23.12,94,64,134,3,45,53,-32,2,58,-17,-4,-19.05,-8,5,11.25,78,79,48.48,57.07,-24.94,82,64,5.77,110,117,50,20,97,-30,133,36.46,16.64,56.58,86,113,-34,128,124
68.15,75,143,132,40.66,98,0,62.82,15.8,26.26,-14.66,-22.54,63.08,122,-20.23,63,136,-8,135,10.76,-49,64.15,70,37,-21.54,79,51,53,-6,-43,70,36.35,7,4,118,54,-24.1,97,69,143
38,74,-14,85,74.27,72.82,52.53,-16.28,79,16.09,-24.22,-31,37,35.34,2,-1,26.41,21,-33,-15,80,42.52,22.3,77,40,81,-50,23.03,65.72,24,5,26,81,106,118,141,-10.75,126,53.95,126
-44,50.24,70.73,-0.18,19.1,21,-20,-49,-21.19,26.01,-47,16,-12.49,-23.1,17.81,93,56,10.87,27.21,31,59.95,94,70.53,79,83,-35,134,34.46,101,45.51,-41,18.68,88,21.63,-18,48,41.36,101,61,55.76
149,101,-32,-24,95,7,-35,66.59,3.32,25.31,50,-18.63,45,11,55.49,146,64.67,67,118,20,40.3,41.11,44,59.4,58,9.11,87,-13.64,120,52.34,60,0,-45,100,29,-24.03,-17.91,74,22,59
32.12,89,-35,134,44,28,94,18.11,41,-32,14,31,65,-18.94,85,43.22,-20,27,40,23,10,12.6,8.03,13.22,64,68.23,37,9.4,-11,132,57.16,-1.38,77,12.57,98,91,-6.19,10,129,-9.26
71.1,96,70,-24,27,14,117,-0.16,-13,79,-5.67,17,71.32,104,-20.36,30,104,68,-49,44,-13,74.13,-16.47,31,55,74.39,-10,9.75,113,62.51,120,142,-18,117,148,19.48,-18,19.56,64.76,39
-45,114,146,126,74,2.47,113,67,-42,-5,14.39,143,5,23.6,47,17,-47,11,9.38,-36,46.14,-17.02,135,11.64,-9.02,144,111,83,146,14.51,-11.23,-2,20.68,118,126,115,-13.4,137,61.69,137
100,50,-16,61.86,28,60.75,-39,147,110,51,5,-20,35,-9.95,142,10.12,115,-36,-1.23,43.32,71,-19.59,4,148,78,117,54.23,77,27.65,63.15,-8.27,-40,127,68.07,93,33,4.35,55,49.9,-36
48,9.95,-12,73.74,-11.5,-24.68,-9,-37,142,14.49,45,52,12,102,39,17,-20.64,23.66,18.81,-30,34,102,109,52.63,54,20,62.27,35.65,132,-21,81,6,54.38,44.69,36,23,86,5,8.55,-41
-29,-8,78,5.95,98,81,134,16,73,45.8,55,-12.18,24,35,-2,23,-34,63,129,57.97,-39,56,-31,13,127,-22,-1.7,-16,114,-10.01,66.64,69.91,-17,63,3.6,22,80,70.91,102,-39
68.77,101,-0.08,53.93,47.23,13.35,132,73.23,20,37.44,71,2,113,2.85,119,132,67,43.06,-21.48,-24.92,66,138,-46,117,-4,48.65,109,-19.86,10.37,9,11,-43,69.49,140,69.26,-14,2,57,-37,58.88
-1.17,1.18,110,36.37,59,135,141,-14,-43,-20.72,52,69.45,94,32.31,-16,16.44,-17.24,10,113,-5.38,12.61,23,22,4.44,74.5,53.13,-20.43,47,-19.95,-47,115,91,75,15.54,35.94,16.54,81,-36,-2.1,69
79,56,44,-9.43,18.77,38,-39,6.1,148,121,8.84,25,-32,119,-26,56,122,-42,50.49,59.4,47.71,74.66,71,126,-2.42,30,-9.98,-28,122,40.65,30.41,-9,29.63,109,89,71.22,9,138,110,136
35,21.68,9,137,34.05,12.64,37.26,114,-15.23,14.91,2.41,18.58,34.72,56,-23,5,-11.79,-17,34,22.36,145,36.83,54,64,33.45,-46,51.79,-38,80,5.2,47,105,-8,60.01,57.71,-15,7,113,116,19
60.12,-14.78,42,107,69.96,56,-40,-6,112,15,69.66,49.31,16.24,84,28,21.09,54,22.33,8,50.55,-30,-7.32,53.76,57.42,14,17.23,-27,72.35,41.39,31,69,7.93,20,112,-5,-9.85,-15.14,28,11,-33
4.61,7.76,13.87,-9,9.72,50,72.74,38.36,65,37.49,115,134,-9.87,-11.27,-41,52.87,37.72,18.56,29.02,15.41,18.03,-24.07,38,-30,38.19,-4,141,120,-8,64.27,141,114,131,43.72,15.77,-7.65,124,-33,28.88,-0.4
81,-13.88,130,0.82,26,10,38,12.21,148,112,27,-17,100,21.62,145,1,21.98,-45,79,-2.79,-36,142,-38,30,85,23,-26,41.3,17.1,-7,94,-49,111,84,67.02,24.99,38,63,62,37
45,81,-15.81,2,32,63,134,-9.42,2,72.44,131,42,44.38,-24,22,53.43,139,147,3.4,119,60.52,31.02,23.6,-17.34,66,-49,-9.83,40.41,34.58,140,100,4.48,-48,42.28,108,108,0.7,12,27.8,113
63.1,21,-19.71,-5.94,-22.67,68,45.6,-40,54,18.57,67,21.86,39.24,139,-49,-43,-18.6,51,20,50,-2,94,-6.22,124,62.06,58,80,28,133,17.2,60,35.92,80,88,50.08,94,-2.56,-40,-11,25.22
48,142,114,55.47,-28,16.22,-6.84,-28,100,-30,-28,-48,3,-28,68,122,-29,-27,16.6,31.83,56.89,25.94,143,-5,26.72,12,24,13,-20,-35,31,74.71,8.88,140,64.79,62.29,-29,46.42,74,67
86,57,3,141,-15,-5.88,-15.79,-24,114,-4.82,-27,-10.83,25,55,-12.4,116,-43,28,69,31.97,-2.18,-44,50,-13,49,88,5,21,62.9,57,-6.72,6.58,18,14,66,95,51,-11.48,5.54,148
44,18.76,-7,-3.9,149,-15,-14,39,88,105,23.24,-9,130,9.75,31,66.27,35.01,129,81,50.77,-13,25,21,53,18.99,13.88,-9.92,3.83,-5.87,13.16,58,-44,31.9,38.36,42,134,53,-40,1.04,7.53
32.3,21.41,84,74.83,133,143,70,116,45.33,3,140,66.2,31.37,61.71,-16,79,49,48.75,85,7,19.56,93,85,12.07,37.17,58,-39,70.58,69,-20.4,-32,89,36.2,-25,69.99,4,11.62,15,-24,140
2.4,65,39.79,17.6,126,-20.36,88,-16,-5.19,37,33.94,-0.11,102,-16.93,142,95,31.35,55,53,17,54.86,78,100,119,19.18,-34,69.46,45.43,57.38,77,9,18.36,92,7.55,-3,25.17,72,97,68.19,98
-2,135,94,39.68,139,-24.81,34.11,45.08,76,129,58.88,131,-8,47.91,55.96,21,23.66,67.38,-16.03,33.44,136,-25,-20.79,43.56,93,-18.26,84,118,60.24,77,82,-28,59,44,67.57,11,74.06,70.12,128,35.87
22.54,65.59,88,68.24,5.05,72,110,-14.94,-26,35,111,79,115,91,2,27,56,-34,-37,118,5,57,4.96,-48,122,-1,-45,41.86,51,110,-49,-43,106,60,68.39,15,28.91,28.91,11,38
77,34.96,39.55,26.56,51.81,54.82,45,24.69,52.78,35,78,-10,55.12,-16,52,79,30,20.95,53,30.66,147,-7,0,54.22,100,60,54.17,-7,19.4,114,122,110,74.03,47.34,-32,93,28,-36,54,114
-13.96,58.21,53.93,122,71,0.89,89,28,46.67,142,-39,-18,94,18,40.02,-7,123,76,32.46,125,51.36,105,98,65.76,26.04,32,68.67,68,100,71.91,59.55,-49,19.87,36,38.7,-9,17,99,116,64
57.88,108,-38,83,15.84,120,76,37.73,104,7,-13.38,-9,-39,63,13.65,-23.24,137,96,-42,-26,141,-41,62.97,49.08,42.13,125,80,-47,-37,50,-7.42,-11,-30,-16,3.3,-18,105,-0.12,114,36
48.69,-19,37.25,69,144,61.8,-7.68,3.28,2.9,22,75,91,-8.22,42,28,-6,-30,126,-50,13.7,5.03,136,53,28.65,110,-27,49.47,0.34,147,144,-20.76,6.17,34,-18.65,9,85,43,39.03,-30,-35
42,-0.09,114,41.87,69.08,145,4.44,9.17,70,43.93,-4.28,74,28.83,51.89,59.54,139,90,25.72,-11.05,94,66,124,102,111,87,-26,36.87,116,-12,-9.59,139,126,7,5.94,123,90,139,89,58,-30
72,-14.23,45.57,-5.26,-28,18.28,86,52.5,136,33.42,-9,-3.86,-17,60.53,102,39,-33,79,-49,118,113,72,-17.18,129,77,15.26,63,95,119,20.72,1,-15.85,73.03,-21,142,9,139,81,38.69,121
18.62,70.81,39,-44,-2,105,144,10,42.62,13,57.89,-42,68,94,72,140,20.28,20.89,39,10,147,-9.32,80,4.5,72,92,92,45.83,71.92,-1.85,23.86,62,12,54.9,19.51,118,28,-16,59.24,137
-9.32,49,-43,84,74.35,26.08,15,1,85,17,13.94,-30,34,-34,-8,43,-37,23.25,44.91,-8,-17.85,71.65,32,102,13.97,134,36,-7,148,48.03,35.15,-45,-18,-43,20,-8.97,14.77,20.19,61,55
43,142,134,98,-44,-22.02,42.4,-9.06,-22,109,72.44,-36,77,-24.17,0.32,-11.05,32.67,37.29,121,-25,21.56,118,116,42,93,20,55,24,144,0,2,89,62.28,23.95,97,80,-15.15,22,74.45,27
-23,19.12,-4.7,11,14,62.83,53,-24,-28,22,35.45,47.83,55,-16.99,63.35,64.11,-45,-9,7.99,50,43.48,-43,-17,-19.41,39.88,113,116,110,112,-36,-34,56,-3.12,26.7,19.31,-19,71.23,142,-9,13
140,-43,146,123,17.86,31.96,89,22,29.42,30.72,115,-11.98,17,102,-34,-29,47.78,-47,36.11,44.23,20.23,38,22.57,59.45,56.35,-4,-22,83,43.77,-31,-35,-19.64,129,21,-18.66,101,56,5.02,123,90
60.5,-21.62,70.93,-9,29.21,69.86,-27,68,49,-10.87,48,14.01,1.05,62.76,106,-29,73,122,73,77,21,19,16.44,13,-22.68,-44,74.08,64.13,94,35,132,43.76,46,-7,27.35,30,65,63.13,-50,63.91
144,18,141,14,70,-0.54,-19,44,57.52,91,79,-20,106,80,10.96,65.36,40.51,82,35.52,5.29,50,63.23,5.44,2.91,146,-14,-48,-49,30,-3.98,62.47,9.19,143,110,31.33,-16,78,43,114,8.69
128,48,-17,43.41,63,16.09,55,6.05,55.81,45,14,28.6,72.29,16.82,8,56,122,22.17,98,-23.32,-28,134,61,57.57,45,11,26.55,5,109,-10.38,26,16.03,84,44,28.9,64.52,123,9.57,147,121
65,8.8,36.21,10.3,149,40,-2,-20,16,20,123,5.72,17,-14,-12,80,13,-30,123,134,-17,17.74,97,-21,47.31,22.97,54.25,127,89,22.85,-21,48.08,122,-49,55.28,132,-0.89,119,56,145
12,-17.06,128,58.23,87,105,2.77,26.85,28.92,-1,-18,-15.93,25,49,-12.44,-24.56,60.18,1,137,-32,-33,144,-2.69,47.7,-23.24,50.63,-4.1,1.63,39.13,-21,-33,73,-22.53,32,-20,-22.52,64.25,117,20.77,5.89
56,11,35.04,0.09,-0.76,-10,49.28,-23,-9,32,-0.06,82,-40,47.33,-2,9.95,61,104,60,121,35,-45,-43,56,50.69,55,-3.42,-20,-5.14,57.33,119,46.83,112,34.44,-8.08,7,34.46,8,29.4,-40
108,27.9,136,2.61,34.05,-37,46,116,4.56,-7.25,-2,38,120,68,145,119,-13.56,11,34.26,-17,16.77,8.83,55,6,119,-5,111,38,-22.83,136,0.65,65.09,19,-32,-24,23,87,55.75,-24.18,58
68.27,9.97,146,65.26,26.63,-5.3,81,-24.28,90,-48,101,-26,58.14,-10,26,96,-20,62,43,33.1,51,34,82,-10,7.08,-40,0,30,62.7,21,60.83,-4.76,84,-10.81,-20.12,124,-0.91,48.1,25,77
83,40,16,-44,145,50.36,-40,-0.12,105,23,63.48,48.45,2.41,-4.53,-13,3.13,138,69.58,16,2,41.57,64.43,24.55,94,19,-27,44.65,90,50,2,10.31,114,10,66.21,36.78,-17.01,117,24.91,110,81
36,-5.14,0.44,57,63,28.68,-37,52,-11.09,64,32.64,-22,-2.41,6.17,52.77,35,-17,-0.09,73.53,29,-32,86,30,6.47,70.17,78,116,29.04,15.27,52.65,99,135,-6,73.16,52.91,132,99,97,74.1,123
-18.23,-30,87,-0.8,-27,-6.84,83,-22,114,149,-18,33,48.33,94,28,-21,-16.64,-28,73.52,69.87,-22.75,142,17,-19,53.31,-22.95,-6,72,81,7.82,149,83,141,54,24.11,113,29.83,78,32,-14
-33,9.76,76,18.05,72,40.46,26,28.11,58.68,129,18.64,122,-18.96,147,-21.03,-36,29,96,12,23.92,109,39.38,20.81,42.16,147,2.62,31,53,-19.42,45,-50,87,43.53,108,1.02,-25,-41,83,68,2.45
-13,36,50.47,47.47,97,130,-49,25,56.26,134,-14.76,-23.33,-42,-13,143,0,117,75,94,-7.4,19,14,-26,-4.59,102,-46,-3,128,61,64.39,135,4.15,-11,118,-22,-8,59,26,-7.91,-14
17,-15,55.57,10.27,68,18.03,-23,21.8,98,108,114,25.67,6,13,111,64.69,126,1.84,-19.39,69,125,49.93,36.71,86,93,4.64,21.2,37.95,38.46,32,41,-41,109,-5,-22.95,104,-44,15.55,-18,28
-45,46,-2.27,63,46,-17.74,2,36,38,24.99,124,-22.41,-3,148,121,52.83,68.66,69,137,98,55.54,-24.14,146,70,130,21.51,112,18.68,108,120,69.24,47,15.01,22.71,-3.7,-14.04,69,16.32,82,14
69.95,46.29,8.17,23.93,103,118,111,-6.12,22,5,75,27.68,76,-23,46.88,58,58,20.16,-32,-22.65,-34,32,-2.88,13,-16,33.77,53,-12.81,145,74.58,-42,67.01,48,100,-15.33,-2,63,76,41.17,95
32.48,1.41,-48,124,1.33,-8.83,146,17,92,-28,144,71.02,124,32,-8,69.96,-37,101,43.1,84,16.17,63.16,58.28,35,-21.56,71.46,3,131,-34,-21.63,-0.65,-29,42,-27,21,-11.36,16,-7.4,71,-18.09
71.57,-24,0.21,5.98,6.13,15.25,-12.06,56,65,141,119,128,118,109,107,50.35,135,62,49,-3,8,31.98,27.63,-48,15.94,47.73,44,78,15,88,35,-19,73,-18.36,53,140,138,23,52,5.14
-2,47,10.23,14.78,31.66,-4.5,24.45,91,37.16,-41,-19,22.04,-44,70.86,16,139,69,145,40.28,118,146,5,86,67.75,-49,137,37.81,7,-18,65.77,-25,7.99,66.53,22,101,124,-26,34.67,132,137
23.21,-45,16.88,139,66,-11.48,66.25,53.22,84,3.69,-2,53,46.54,44.58,112,3.44,36.38,56.55,77,45,8,118,20,-9,111,8.86,-14.67,-10.25,-25,26.77,67.32,-10.94,13.82,48.96,14,54.46,27.45,-50,107,73
62.78,33,29.51,67.71,94,37.68,-4,30.36,138,35,-17,0,-17.7,-4.19,115,-17,-20,-8,9.38,81,53.94,56.88,46.97,131,28,-21,8,35,57,-37,-25,122,49.32,135,99,28,107,17.48,86,-20.79
43.22,56.89,29.99,48,-21,59,11.07,57,93,-1,1.7,27,55,-13.05,138,117,146,72.05,141,-43,52,38,14.05,-13,1.19,140,7.47,111,-19,31,40.81,54,21.01,19,67,7,20.18,-12,1,-16
126,51,16,6.69,117,16,76,108,127,23.92,56,3,41,101,71.16,143,-18.03,20,48,32.59,-43,19,36.59,80,45.7,29,33.45,19.2,-9,55.34,123,124,34,-24.43,5,9,64.27,-14.36,-32,7.97
72,78,135,114,36.52,46,128,25.87,-36,66.9,65.94,21.46,118,88,67.82,84,145,47,61.42,41.41,113,51,-22,54,77,63.23,68,18.27,147,29.59,-14,46.15,-6.75,19.52,126,63,12.2,7.04,64.47,64
-3,48.64,52,48,2.14,23,-19.77,-15.92,46,118,71.89,-40,-47,-4.88,-7,3.41,-4,31,54,40.85,7,-10,-14.58,2.94,125,-5,68.39,51,-3,-27,-8.97,28.52,58,109,-2.77,53,73,136,23,0
-4,52.56,89,-9,-10,-41,135,56.95,45,74,-4,130,110,23.49,3.06,48,-7.19,133,-5,-28,51,113,89,1.11,75,71.46,-26,57.08,39,133,-21,42,90,31,95,-15.97,16,60,-16.57,63
93,42,120,12,99,47,62,53,36,-5.68,75,-4,-39,-15.44,37.39,-39,-11.47,78,-15.26,37,20.89,-5.74,13,-21,19,-24.6,57.37,-28,94,71.7,10.47,5,98,100,-49,22.56,105,128,5.7,-4
51,23,97,-17.63,33.04,112,73,142,102,-4.1,11,88,-49,-9.47,-9.46,49,-2.83,135,69,-9.71,49,-12.89,-42,142,89,38.89,81,24,32.14,29,-23,-3.04,6.23,28,-9.54,39,25.63,35,19,65.25
28.08,147,94,65,-12.13,104,17.52,102,-21,61,93,46,89,-10.69,110,63,55,118,-16,38.99,-22.45,74.93,36,110,-21,129,-12,41.63,135,72.34,40.85,40,11.64,11.93,108,-50,-45,-33,37.05,101
-8,-0.4,8.46,39.96,5.24,114,-6,125,-32,51.25,22.14,4,53,64.03,59,-4.85,20.82,40,0,-44,132,25,18,74,3.27,52,132,-46,140,-7.38,-16.57,144,10,-18.26,1.33,135,7.67,-23,82,66
95,-48,65.54,45,-2,132,0.61,103,135,3,0.05,17.32,80,126,124,-4.32,-24.15,1.58,33,66.73,129,113,92,-1,54.34,28.6,22.76,-15.54,-14.16,5,-2.06,-18.63,-13.87,74.13,-26,99,-47,-10,101,51.54
132,117,-4,28,31.25,61.81,136,-2,-49,-10.5,104,134,-0.58,-8,-31,84,149,-5.5,66,44,20.78,96,-2,4,15,15,-17.3,94,25,44.63,136,126,35.84,20,84,91,119,34,-38,31
26,14.73,88,10,-8.02,138,-45,-45,49,67.38,81,32.65,46.91,52,145,55,87,22,15.84,-35,147,24.55,77,85,107,85,-9.07,80,107,73.96,71.62,55,76,85,-45,21,-16.99,25.2,41.88,-4
77,2,-21,105,12,1,78,-41,136,-3.04,27.13,-29,64.69,67.75,20.63,23.39,1,29.32,142,51.64,97,-14.17,-1.96,-40,127,6,19.29,-8,98,-18,-16,21.36,54.68,63.78,3.14,88,15,126,38,98
46,-2,-5,28.28,120,48.42,1,-45,-24.82,-47,9,27,38.51,104,-35,66,-50,71.98,-10.27,118,17.02,56,38,-39,42,63.48,10.97,-20.54,146,45,30.91,-15.66,71,31,129,-11,43.58,101,24.5,14.29
102,121,-8,1.39,16,61.22,-42,138,-9.56,52.13,56,33.3,144,65,58.17,-20.2,-15.77,31.82,24,-1,12,9.31,98,-7.66,53.41,67.74,117,38,-24,29,69.5,-13.34,-48,57,114,86,64.21,40.22,-6.5,73
139,-0.14,23.42,-3,-5,75,34.98,68,50.45,46.77,23.57,126,145,-8.27,100,-23.58,-9.82,-1.8,21.99,-5,118,31.81,133,55.35,43,-3,-4,59.18,82,26,133,4.04,-34,-33,42,126,60.49,50,-43,-42
-35,113,21.32,-15,73.61,45.17,16,2,5,134,8.99,58.05,-48,-24,135,135,36,26.41,-23,85,38.3,8,77,-13,-4.62,-36,42,-12,119,48,-36,1,13,-42,21.21,52.29,25,90,7,120
-9.59,67.81,-12,88,-10.1,2.71,54,7.49,-20,-0.89,-17,119,7.23,-40,145,149,61,25.48,-16.96,-24,120,41.95,-50,-13.67,-15,54.05,127,47.02,36,-8,67.33,55.4,-3,57.8,45.68,-24.06,-29,118,5.12,46
-40,9.48,-13.32,-22.14,-11.14,63.05,-43,24.13,145,19,92,14,3.12,62.49,51.77,137,32.84,-34,-21,70,76,19.63,42.49,0,139,-1,37,60.04,123,46,39.09,123,19,72,-31,-9.59,41.64,80,108,51.09
39.28,27,-13.57,28.36,46,63.04,21.85,69,66.73,30,145,-4.21,79,-50,27.58,-25,60,22.4,55,36.79,146,115,53,-15.73,79,28,9.69,31.41,143,22.71,55.64,25.54,133,3.27,105,-8.4,12.57,74.87,44.45,-48
72,-23.72,20.02,-46,45,-10.28,-7.65,-39,-47,19,66.49,73.85,45,36.74,12,18,118,106,26.5,-20.05,-20.6,42,34,33.05,-29,-24.73,-12.45,46,-2,-6,42.27,24.77,94,26.27,-5.79,31.18,90,26,43.04,12.97
-14.87,67.6,143,71.76,70.55,65.43,109,90,-43,31,-29,22.5,12.51,57.17,-23,26.84,13.85,86,66,51.62,-12,-2.47,-12,143,-38,108,18.41,53,23.92,20,-12.65,-17,23,60.79,75,133,127,17.53,66,34.29
135,72.24,30.63,93,-0.16,16,118,136,113,48.32,34.02,24.04,34.59,34,144,-2,57.94,138,58,8,68,97,29.05,11,135,46,110,67.39,-11,57.63,13,86,42,32.29,-48,91,-14,12,56.64,118
60.98,-6.36,8.91,1,-42,112,131,95,-13.56,43,64,-21,51,1.7,67,110,149,58,70,148,-19.35,-15.06,62.36,-14.12,21.66,12,19,1.61,6.13,-20,146,45,43,8.2,100,-26,-24,39.07,148,19.08
16.64,84,4,20.6,-9.5,131,36,-21.15,-14.5,57.39,64,29.02,26,99,50.5,-33,-42,-33,1.51,21,30.23,102,84,7.44,-4,64.78,67,65,-9.19,67.03,50,-16,-44,11,124,30.62,33,42,69.57,56
47.4,141,-19.23,73.1,88,-10,138,47.68,56.51,-1,53.86,20.65,-10,118,35,40.76,42,92,66,6,129,139,7.38,-20.42,69.29,85,131,33,120,72.85,32.1,-17.89,93,67.35,24.08,31,74.83,28.18,6,60.2
90,43.83,-18.38,-21,78,89,65.13,58,52,-10.25,22,-10,-23.36,49.91,126,-15,42,-22,90,138,-41,10.68,-3,115,42.79,100,81,143,74,-23,106,-35,38.58,-24.59,-4,-11.76,16,44,-15,94
118,48.08,-21,-14,148,107,29,64.02,112,25.97,58,5,93,17.63,54,-7.21,46,14,-38,-13,86,5,62.81,3,44.92,-18.09,19,17.24,8,63.39,-35,10.76,140,97,47.66,28,-21.28,132,0,49
55.89,55.15,70,43,109,59.98,5.55,3.74,-10.5,115,-1,63,85,2,60,-11.67,94,56,48,101,-5.84,-14,93,40.87,38.31,-4,-24,80,45.63,17.96,1.63,-12.34,33,-22.84,-25,66.5,1,80,-10,30.97
3.22,-17,22,21,66,57,101,-50,-5,87,18.12,104,81,-19,8,-2,-27,132,65,90,-10.42,123,-29,-15.09,6.58,119,139,67.19,44,69.54,48,56.82,-50,-42,33.76,84,38,-15.45,5,5
-50,122,8,52,81,81,45,28.17,-26,-13.75,67,26.36,54.43,-43,3,60.77,99,28.13,71.29,143,51,50,43,-11.09,5.3,42,42.33,105,-7.59,0.24,85,13.54,59.94,-2.45,79,51,92,135,66.82,-20.19
119,29,73.69,70,-5,36,-48,2.99,119,114,6.9,-34,61,87,21.55,-10,8.52,112,-11,1.17,4,147,3,18.22,57,127,-23.36,62,59,12.72,-2,46.88,-7.42,55.08,141,123,102,60.17,89,33
25.82,61.02,2.32,-16,-16,115,74,6.9,3.81,34.37,41.95,-12,88,93,36,121,28.73,125,11.83,44.41,71,42,139,24,62.51,24,17,-0.59,-19.89,29.84,11,59,113,-42,16.57,50,138,10.07,107,11
10,99,28,15,129,14,-35,-0.11,22,10,36.39,-31,147,75,36,74,-7.93,-6,8,95,112,52.32,-24,-15.81,-4,-29,33.14,29,53.15,-15,135,79,13.31,-15,8.19,20.95,20.38,24.63,55.27,72
51.28,11.2,53.23,-28,-14,82,-14.05,76,-20,0,94,47.99,131,71,48,-22,53.98,47,104,58.65,2,120,51.35,80,9.31,77,65,147,39.51,82,-34,106,-24.11,-1,103,51.1,104,27,71,-23
31,-15.55,64.71,-14.59,63.92,81,95,12,145,102,-49,108,-36,1.07,68.79,29.81,13.1,-2,13,14,70.25,37.37,-27,100,5.3,69.84,84,26.36,47.57,65.36,-9.92,-20,28.53,10,64.05,58,35.66,49.6,-19,63.71
30.36,16.37,33.13,108,-46,12.66,-3,38,-26,103,76,-4.77,34.42,21.57,109,114,40.67,124,22.38,56.4,-2.54,23.84,44.13,121,22.42,-46,20,68.41,41,29.97,13,-5,-7.62,63.78,-44,117,106,49.15,119,55
18.69,91,-24,49.38,63,6.74,91,51.61,28.72,70.53,2,100,63,-0.46,-24,21.73,26,19.92,44.64,55,40.62,40.93,66.26,97,-14,61.21,46.47,-11.68,-24,60.02,-3.03,89,42.54,-6,47,69.13,26.48,10.23,149,-8
-15,-23.91,40.44,-6,48,109,60,142,65.99,54.9,-21.9,32.75,-28,77,41,43.18,39,143,5.14,68.7,53,17.96,-17,85,14,-0.62,97,17,50.97,28.61,-10.93,46,118,140,21.61,-21.91,19.73,26.13,21.42,4
44.01,61.85,-37,68.46,50,-13.49,64,31.33,148,-34,70,-11.5,-44,63.81,-48,63.15,129,52.69,12,19.57,-10.74,43.5,136,41.95,32.22,2,-13,37.04,73.05,-22.77,94,48,-16,-5.11,17,-35,44.1,38,106,72
18.67,-2.32,39,77,52.18,58.93,56.12,-36,69.05,49.58,15,5.58,129,-23.89,16.65,66,94,146,-47,26.22,20,55.11,11,149,10.67,20,55,142,55.03,-36,-44,-0.68,59,52.75,-9.46,106,9.33,-47,119,33
89,-20,58.35,-1.33,114,125,53.36,114,96,86,53,146,-20,9.23,102,130,130,7,-9.23,33,101,91,-8,28.08,-13.3,-20,68.42,-3,39.73,114,11.46,98,-10.01,-1,-10,-10,118,105,-2,-26
-17,144,-39,46,7,84,136,3.27,7.91,-16.68,27.27,70.62,51,57.6,26,-14.02,115,58,46,-17,1,-34,59.52,82,38.13,-18,57,118,40.17,65.67,93,123,11.77,66,137,49.32,40.39,-33,135,112
20,-35,-15.67,67.73,61,37,60.55,66.2,-2,70.72,98,136,35,73,33.81,6,124,-5.79,34.44,1.36,35.71,-3.75,93,50.87,-7,71,-19,-9.43,38,114,134,-43,-12,-5,145,-43,-10,130,-13.31,-6
19,50.28,6.3,-18,8,100,45.81,27.04,18,114,63.82,9,-37,-39,137,18.83,72,97,38,26,94,103,0,74.64,54,-4,5,49,107,88,142,61,64,29.89,52.79,89,126,45.2,45.67,10
107,-8.2,59.95,67.41,124,75,-23,-37,54,27,9.72,42.01,-1.1,101,-47,34.63,73.12,136,40.14,115,-33,20,47.84,-45,56,19.23,36.29,104,149,27,-19,20.49,1,131,52,25.91,33.88,20.34,-28,32.94
69,-10,81,101,28.65,21,60,15.79,70.02,61,147,26,-1,-4.53,110,104,47.7,32,103,1,17,20,122,-5,30.93,72.32,0.09,-0.73,-15.32,-12,47.83,5.94,146,38,23,7.15,29.93,26,15,144
106,-1,16.87,87,76,81,145,23,12.5,112,-19,-39,87,-32,11,41.94,33,54.53,-23,113,-42,29,17,97,74,-36,134,-47,125,60,72,112,22,-23.79,1.24,-7.94,-28,1.03,44,65.7
111,-0.28,13.47,132,79,24,7,115,8,32,7.67,22.82,-47,73.27,-13.21,45.66,-6.94,31.76,10,42,61,53.72,-44,39,66.89,-15.33,72.17,53.74,11,2,74,67.16,44.12,-25,-1,53.57,9,-45,11.28,-15
85,-12,62.18,68,50.42,-19.43,74.68,89,67.65,70.69,36.48,57.37,110,-10.82,23.7,-8.11,39.01,29,-21,73.01,89,-41,1,-11,31.15,-36,82,41,136,-14.78,116,49.54,40.11,74.78,48.4,137,69,46.34,36.98,44.48
-44,11.66,72.67,124,61.31,-21.31,13.02,75,-22.11,129,40,83,111,114,-23,78,-38,54.03,12,68,21.9,-41,4,115,114,84,-4.91,48,139,28,57,42.54,95,111,17,24.59,50.5,-43,117,36
-11.1,27.56,97,-17.28,-49,47.5,62.11,1,-22,-18,-7,71,40.73,73,-50,117,128,119,-19.61,47.61,93,58.45,0.17,61.13,23,48,49,-1,83,118,-40,-19,97,37,61.58,68.71,-8.05,24,63,-34
90,13.41,48.74,112,4.06,17.66,82,25,57,61,115,-24,61.78,94,114,64.73,14,-10.65,38,72.43,65.1,134,50.7,-11,108,-21,28.13,68,38,-35,32.77,148,92,123,35.07,67.73,17.1,68.95,104,117
111,23,20,70,25,97,17.39,-42,127,-31,-10.33,58.77,13.84,141,-25,143,81,0.95,52,122,114,55.58,70.12,-14.59,48.58,-5.68,39.06,-44,29.37,12.13,-23.28,62,38.16,90,132,149,50,-16.76,-0.82,41
-24,-42,23.11,10,56.09,-18.53,-9.36,83,37.54,-19,56.8,75,1,6.66,24,78,-33,116,130,126,66.44,31.7,12.02,141,40.94,59,59.69,-8,-29,53,120,-48,-15,103,86,137,65.72,-2,-45,18.07
3.06,57,49.85,-29,-30,-40,47,61.04,21.3,31.44,11.29,78,71,-20.94,36.09,71,-1.83,0.61,63.44,8.07,-17.48,39,146,59,-35,41.08,71.45,61,-15.46,-22.81,1,63,27,91,50.29,-14,51.93,-47,7,68
78,32.51,76,-10.36,132,63.83,62.95,138,11.41,33,66.94,-6.43,31,9.13,65,-40,52,3,27,-48,12.43,4,-5,45,128,96,54.63,-29,73,-13.05,-43,140,50,145,38.45,-49,-47,-38,-34,19.03
-47,64.52,-33,73.59,-2,-10.83,63.38,17.55,40,63,13.06,61,63.51,27.89,-11.11,-31,1,107,6.52,46,-12.43,92,37,144,22,47.44,-35,-45,95,95,120,101,17,48.06,85,17.28,-43,7.15,53,-16.26
59.25,31,22.63,13,3.05,-12.52,-1.22,-23,7,66,13,-20.61,11,-46,-10.01,83,-9,-18,76,114,87,49.29,-39,48.4,-14,122,41.64,78,137,26.7,-37,-13,24,-9.68,-12.54,114,60.69,95,43.89,56.65
124,149,115,43.64,71.4,-7.04,65,-48,19,-3.92,53.64,25,20.5,143,-30,69.84,106,110,-44,-8.42,22.19,128,127,132,52,-44,-24,74,-11.28,61.79,52.15,58.1,-43,65,-24.16,4.42,30,15.55,96,-25
46.73,32.12,-8.33,2,120,7.46,36.77,58.55,81,138,-12.77,4,3.23,7,146,19.15,50,11,5,30,11.72,-30,51.93,44.31,91,63,19,9.2,-24.18,112,35,-2,47,-14.12,38.87,64,-31,72.63,89,3.23
-47,3.01,52.81,18.99,0,40.15,2.25,107,-19,15.26,57.96,114,-9,58,90,45.32,4,92,28.03,25,80,65,71.45,36,-10.6,109,56,54.5,-11,38,33.62,11.66,66,-43,-5,149,-32,6,138,31.99
93,37,37.19,-0.11,-43,73,-17,121,-24.77,123,-24.72,-20,35.36,69.9,38,26,66.64,57,22,-30,44,38.3,99,148,-30,2.41,11,-11,-48,-44,138,120,25.03,66,-39,82,2.04,137,-23,-2.73
31.66,89,46.53,-5,144,131,55.6,-10,20,-10,28.49,49.62,-25,-19.76,50,139,71,-45,50.27,52.87,1,101,49.48,60.01,8.83,-41,-16.4,123,75,65.56,58,-2.33,44,35,-22.27,-44,18.85,145,-10.83,0.4
16,94,-14,0.7,91,-47,30,58.72,143,135,26.38,7,8,120,117,-9.44,52,15,-7.39,23.07,64.72,-21.7,-24.49,47.98,34.8,60.25,53,26,149,118,-7.33,19,96,39,50,114,102,42.88,62,-50
63.86,121,68,11.17,63.96,-23.72,64,9,-2,60,-4,-34,-12.77,53,60.9,51.49,69,60.52,113,-20.72,79,-12,23,-17,46.25,12.6,-12,25,-14.5,15.1,60,-12.55,-22.12,-15,76,60.34,-31,35,4.62,113
56,69.67,-23.39,0.52,8,4.06,64,24,127,60.48,57.16,-48,25.22,33,58.88,39,-44,85,44.25,57,68,21,78,-6,92,-35,106,23.25,38.26,20.67,100,-7,142,9.53,-3.3,35,43,-39,88,-37
56.41,60,28,0,-3.9,106,-10,118,39,58.57,-17,51.69,100,-49,-7.38,49,78,72,-17.47,124,5,-44,131,35,26.38,-9,-9,-17.86,-47,27.87,44.48,53,81,97,85,-24.61,-7.58,0,52.74,-16
-13.57,3,-37,25,21,5.43,2.92,2.46,44.41,36.06,81,-10,23,68.57,145,64.82,41,101,73.53,31.02,-35,-47,20.98,54.29,1.9,-15,116,83,6.33,16,37,-24,68.21,11.71,54,0,53,83,45,121
-20.03,70,130,-8.53,65,64,-10.09,50.55,-50,38,44.39,19.96,-13,131,6,-47,9.21,67.65,45,3.4,14.46,57,6.71,39,-3,1,34,24,-24,113,-15.37,-3.21,114,125,45.21,-9.91,27.66,-50,8,66.94
-23,80,-1,67.17,6.73,57,46,51.96,43,-3,50,-2,-22,-34,125,102,25,36,16,47.11,51,82,67.14,73.11,-49,65,29,-35,30.28,84,50.31,28.45,49,39.93,81,43.01,32,20.45,55.6,-17
6,146,39,49.46,100,66.62,33.01,31,48,137,18,54.27,74,141,0,128,67,5.69,-47,146,62,14,7,88,109,31,30.98,55,41.99,43.96,-22.08,53.84,-1.98,22.49,-28,-22.67,59,9.68,14.09,61.76
43.59,-13,12.28,7.16,12,95,30.06,88,24.22,118,2,29,-49,145,71.98,-13,-19.28,-9,-1.63,57,65,60,88,36.27,72,64,-21.04,-21,-42,17.34,6.75,70,18.94,38.96,65,-21.88,-31,137,103,94
95,-15,87,13,21.88,46.57,43,62.33,-17,-19.99,116,42,93,33.43,1,67,65.4,-39,34,63.9,55,76,5.2,64.55,36,1,57,50,11.03,64.17,51.43,-43,74.69,0,41.87,123,65.46,119,66.74,134
128,145,-14.25,119,45,73,77,-1,-26,-17,62,67,64.68,80,91,-17,119,30.12,42.28,132,56.99,-21,-15.96,-23.48,9.7,15,143,127,18.13,-18,67.1,17,12.05,4.93,-16,39.31,91,104,27,139
28.7,41,-8.3,126,23.2,53.24,-50,-6,69.49,86,21,144,72.1,49,6,11.67,36.04,147,-45,89,107,56.08,-10,43.66,14,-18,-15,-45,101,102,84,58.56,-1,12.39,86,-12.75,26,-11.54,37,66.24
74,67,54.66,-20,-40,93,47.53,-12.75,22,-35,22.43,74.15,-37,48.19,-30,126,144,-4,93,-8,-11.95,14,19,58.91,79,-10,13,67,66.06,-14.78,106,24.4,97,12.59,-1,13,-12.15,55.92,37,47.83
19.99,15.37,57.95,59.94,123,13.79,-21,-27,-16.33,11.26,38,145,35.88,-4,42.94,120,-14.65,56.32,-22,134,2.93,-1,23.22,139,-22.54,22,-42,43.12,99,96,98,-3,-8,-9,-4.39,17,43,57,94,96
52.21,137,8,-8,72,40,-3.62,47.51,-26,88,62,20.18,3,45.61,54.59,17.94,147,74.96,35,6.72,98,86,64,55.72,-34,-50,89,21.94,42.53,107,87,39,55.03,-21.72,-17,1.92,13.45,20,72,114
61,14.67,52.61,69.9,34,116,-24,13,113,39.32,-20.09,71,-22.83,76,20,10,99,37.2,45,30,110,58.78,73,31.11,25.51,119,80,121,30.41,121,21,55,71.81,32,62.49,50,122,49.34,120,-38
17.29,58,126,-8,60,118,148,52,114,131,49,1.78,-18,65,-16.6,34,25.67,-24,18,-14.97,49.75,0.32,14,-11.98,106,94,-25,82,105,141,-16.83,40.61,55,54,8.46,-17.37,8,-5.67,125,-1.52
39.3,-34,39.6,74.92,23,142,66.69,4,32.11,6,-23,39.67,-18.8,38,-6,25,50,-22,79,19.45,15.21,53.36,147,-29,-18,-12,39,34,26,34.02,51,-19.02,27.88,-4.68,6.51,22.65,57.6,12,-18.68,24.44
24.87,77,86,30,83,57,67,56,4.87,99,56.18,142,13,28.67,43.62,53.42,-3,-12,41.98,-18,-32,-22,48,-38,7.01,121,54.16,53.83,133,15.44,-17.11,65.21,-36,-15.35,-45,-17,97,4,44.85,46.67
34,7.17,50,137,35,109,-24.89,127,-14.68,-29,-40,19.99,-49,-31,106,37,-43,30,102,73.08,79,-36,9.93,36,114,4.72,71,37.75,-37,97,100,22.9,-16,18,-6.51,-4.76,7.37,-11.62,13,18.26
122,-12,-31,76,66.19,-12.02,126,33.59,18.63,67.63,32,60,62.87,26,81,29.41,56.52,22.39,131,-8.22,120,120,38.79,4.16,-39,42,-49,-2,45.64,78,63,30.71,123,44.27,58.47,-1.72,45.29,5,108,14
0,90,34.76,9.72,-1.54,92,25,35.38,40.05,140,63.04,141,9.48,61.86,108,-16.17,97,-21.72,-26,-47,-49,-24.81,91,-35,88,35.39,13.99,70.23,2.8,-5,53.43,64.24,-43,110,37,120,73.44,133,-22.8,89
2,95,48,143,-14.17,13.89,36,149,13.74,58.02,39.67,-0.02,24,106,68.57,-16,110,44.44,132,127,68.26,-9,-2.06,-16.76,34,49.93,61.76,140,-27,53,12,123,-47,6,0.96,33.19,27.97,15,112,6
-34,-2.14,-15.58,-16.66,15.26,120,35,141,8,-16.64,-15,63.96,42,142,4.22,18.62,15,117,33.09,89,49,-16.65,-18.52,142,-42,20,138,22.09,86,56,-21.73,41,68,56,-13.1,121,-26,7,96,72.44
38,30.27,-6,-28,-18,43.61,27.74,35.16,-42,1.13,64,74,67,-22.79,-38,-18.02,4.8,66,-12.48,40.71,37,31.21,67,-1.23,29.98,69,33,97,133,19.03,54,11,15,43,-50,12.74,81,75,120,104
20.69,37.58,-24,58,108,38,17,124,10.97,135,5,125,149,-8.53,119,-33,66.48,-5.04,52.11,71.41,141,29.14,3.26,-30,69,-40,0.26,29,64.73,-28,85,13.7,-19,24.99,45,-23.54,-3,22.33,117,-16
-3,55,129,139,18.67,-17.9,51,-10.05,5.18,0.64,49,113,138,54.61,146,4.87,35.35,13.87,70,37.17,17,75,148,98,-17.04,-20,-23.03,3.62,111,29,52,53.25,71.21,21,115,-12.27,119,13.11,144,57.68
80,74.53,-0.8,31.87,122,44.26,54,-23.93,10.18,64.96,16,38.65,44,-2,36.5,65.11,-21.6,51.34,125,-14.76,-48,-21.01,6.14,48,-46,6,-46,-43,20,-17,-17,28.04,63.34,129,63.71,82,75,129,39.96,-16.01
74.51,6.12,122,45,28,-48,6,-29,65.92,15.45,67.01,52.1,2,21.11,25,30.79,88,-13.8,131,83,-17,20.28,22.7,94,105,-23,16.03,14.92,28.02,45.27,93,135,74,-15.03,55.06,115,-2,30.1,16,-11.89
126,-25,63,0,45.76,29,-9.06,30,-25,72.6,90,33.28,59,49.74,42,-4,19.83,34.48,34,1,34,53,46.15,-39,-8.48,51,134,61,72.45,8.79,-7,-9.03,30,39.34,-7,128,97,55.48,39.25,22
82,-33,93,-12.08,70,31.35,70.32,27.91,109,93,-17.04,142,0.67,28,39,59,-17,37,-46,27,1.66,28.31,23.84,53.3,-12,64,-30,129,15.48,4.9,-34,14.46,105,-4.14,125,25,48,-31,147,96
56.44,53.25,-17,-2.11,35,33.76,126,112,63.79,63,49,-20,-47,56.11,-32,-30,29.99,-15,62,-33,5,-21.25,46,10.34,-12.47,122,48.4,-5.45,54.61,-22.76,50.84,77,31.76,29,-27,-4,69.24,11.76,90,37
9,9.7,123,75,20.72,55,97,55.93,48,96,51.82,137,29.03,1.4,-11,53.66,36,-16.25,66,37.42,0.42,-18.47,41,73,26,31.21,-20,68.27,-32,-7.49,40.74,58,142,55.17,97,-17,-13.98,22,96,7.94
37.53,69.66,63,66,10.68,67.64,87,-21,72.45,92,85,38.36,92,56.14,13,86,119,31.01,66,137,10.44,35.96,25.96,-23.06,55.82,50.73,19.26,-19.62,-1.59,71,79,-9.46,7.11,11,86,62.5,-20,2,13.96,45.57
10.34,13.22,-22.11,-34,0.28,107,14,-11.15,29,45.44,-10.79,-18.08,144,-0.93,-38,60.66,8,126,11,66,6,28,42.84,46.66,41,-34,43.73,-5,37.79,60,-24.07,135,36,77,-16,16.01,28.99,-2.27,18.94,19
-24.56,-13,52.23,81,131,111,78,-27,123,62.05,83,-42,-38,134,71,105,58,7.11,31,-4.67,24,63.69,142,-14.05,-25,6.87,72.15,27,-44,6.31,-34,-34,110,-35,63.83,122,55.92,55.8,-19,90
102,-28,7,105,112,-24,13.5,8,16.19,56.38,24.81,95,-29,42.87,72,140,-21.07,1,9.88,-34,-19.11,9.88,-14.09,67.24,47.11,-26,-21.63,81,-29,125,-24,93,38.1,57.96,22,-10.56,4.37,-13,10,-40
71.9,56,147,-1,53.99,129,108,72.04,32.87,45,88,40,104,-8.78,-48,-11.38,31.71,25,-34,-23,72.94,148,78,80,133,43,1,-21.97,-16.95,7.27,39.94,149,41,71,62,42.91,-14,82,-44,73
70.88,57,-19,-8.55,-22.2,72.92,46.06,59,21,33.53,25,72,5.38,8.39,127,65.2,-16,119,97,134,-11,41.21,-9.14,-22.99,32.56,15.82,20,51,58,-3,54,54,79,-29,18.28,74.13,118,55.15,17.85,28.44
53.86,7.97,39.92,122,60.15,27.78,47.86,65.3,88,14.82,130,41.88,62.55,-3.31,-13,17.61,35,98,46,109,134,56,61,92,-37,27,-0.43,-30,108,40,67.66,42,115,132,50,133,11.41,-27,61.63,19.37
89,23,94,43.32,-17,-16,7.82,-25,13.68,82,61.41,9.04,-43,106,-30,108,-19,-24,147,-7,37.71,-8.23,88,-27,-50,-41,1.41,35,50.11,-44,-39,51.71,116,23.96,15,79,149,47,122,55
19.91,65.45,38,95,13.44,133,-13.71,37.94,2,105,112,20,-9,67.44,1,1,99,35,38.59,4.63,-1.98,-19,43.35,18.64,9.57,52.26,-19,-24,-20.51,115,86,42,47.61,6.92,13,-48,78,57.95,66,-14.62
23,32.03,-5.21,68.68,36,24.19,47,-10.78,38,-13,65,52.31,-19.56,64.58,74.39,68,147,9.82,68.88,-11.58,71.54,-4.17,-17.11,93,64,87,-27,7.88,-2,-0.19,34,25.77,-20.66,-16,-2.94,38.18,89,-22,144,22.09
-13,139,-11,51,68,60.21,-24,63.06,-16,72.93,-19,81,18,-2.64,79,51.31,21,55.89,-12,-18.53,15.12,35,3,-46,120,60.17,124,111,-14.31,26.95,-32,82,73.75,-15,37,88,63,101,58.63,-26
-16.88,-34,129,-29,56,-0.3,69,-13,-0.83,68,60,28.29,95,45,-18,-16,-35,126,40.24,-19.73,113,109,-50,-3,-6.49,132,-19,90,105,57,-17.1,-17.12,52.9,70.76,85,60.63,30.89,112,-49,-13.06
10,-1.98,6,-13,-23,49.01,68,64.3,30.27,26,111,11,-23,-19,84,123,75,-2.23,-5.66,14.42,115,148,-9.09,-44,39.91,9,105,5.52,-3.09,-41,65.95,4.63,106,-27,65.87,1.04,17,86,-9.3,25
20.19,45.39,79,-23.47,66.04,-27,37,13.84,101,41.99,-33,148,22,47.39,109,119,58,19,9.69,112,-1.2,49,125,46,21.46,-18.2,111,140,82,8.59,55.86,-36,-44,69.88,33.2,42,-5,46,-36,-1.74
-9,-33,117,-11.51,148,116,47,112,113,14,119,64.8,90,65,13,26.35,48,69,74.8,-13,20,142,55.21,72,55,6.02,29,24.03,96,21,19,-26,58,46.56,83,92,-49,5.17,50,95
26,107,44,-27,107,145,31,-16.76,0.92,-0.38,25.36,-40,5,35.37,99,106,13.18,-18,50.87,73,50.85,-38,-2.6,58,82,84,-3.03,134,42.98,140,55.41,47.92,-5.95,14.74,-10.29,12.03,34,149,8.33,123
-18.64,102,15.5,99,52,33.57,23,95,24,80,-39,44,73.76,22,67.11,102,125,-24,70.39,25.98,119,-9,48.84,-22.07,62.81,36,5.55,65.47,132,-47,107,134,34,73.57,37.41,57.65,27,65.59,9.94,-45
-35,-12,137,5.66,0,-14.32,99,142,85,-11,23.56,33,-18.59,97,-46,48.48,68,-48,28.34,48,34.64,33,31.94,5,74.81,-20,135,21,70,23.04,12.65,12,-3.8,19,-47,15.44,-14.53,16,71.56,40
-50,4,53.42,7,10.96,106,55.49,56.39,-47,133,49,12.59,40.39,86,116,7.03,3,46,-0.34,49,14.48,-11.39,-47,44.32,49,7,94,73.22,-33,58.74,39.93,3,-8.66,81,140,27.74,-32,18.95,66,26.94
49.86,138,63.31,118,62.77,136,123,-44,149,20,-35,35,45.24,22,80,52,18.75,122,-45,29.68,53.66,41.74,28,104,23.58,-1.05,83,16.19,28,113,15,147,115,-0.99,20,24,135,27,136,71
-49,44.61,31,16,10,-38,-15,41.74,-2,13,68,62,125,-30,27,63,119,38,67.16,147,37.42,79,101,71,57,-6.01,4,25.56,12.36,37.45,-4,20.41,22.24,123,-20.81,68,56.71,16,136,96
-21.68,128,42.22,98,13.41,-40,-18,5.27,106,3.23,20,-21,139,94,105,-46,141,31,73,-13.79,-14.92,1,69.62,47,66.97,-26,14,-41,85,-33,24,54.86,20,24,54,73,-41,9.08,-2,55.66
38,49,19,119,-5.25,-19.94,64,97,7.78,60.04,54.15,50.29,46,-33,49.91,-20.51,-24.09,136,47.48,92,66.49,57.27,33,30.43,21,54,-3.34,-22.58,40.97,101,27,-32,135,11.68,4,-11,8.37,64.93,40,26.91
22.72,93,20,4,105,55,56.55,68.68,-22,-30,59,11,-24.59,45,18.7,-5.96,56.52,108,118,51.67,11.99,80,136,130,65.12,-6,61.85,50,-19,117,-30,57.76,28.88,0.88,-4,132,70.59,3.09,-2,-2
-22.98,10,74,124,-20.99,-5.36,26.58,-2,-5.27,-20,62,37.7,-1,19.3,66.3,87,-13.7,-20.26,-35,24.74,6,129,-11,-4,1,51.62,-17.8,0,14.27,11.15,-4,-4.96,29.09,56.44,12.3,15.4,136,98,44,-29
2.12,-3.75,71,0.27,-5,-6,10.69,134,-27,49,136,57.99,46,-25,-5,135,25.69,43,60,110,45.25,109,96,66,-13.25,5.67,27.84,146,-30,145,-14.78,37.84,-16,123,58.99,4,-0.32,36.86,-1.85,147
64.76,-22,54.31,138,53.34,9.82,-5.48,87,47,63,71.19,47.28,-10.87,17.84,63.37,45.55,24,58.19,-1.26,64.9,137,-16,14.05,9.15,-3.03,61,58,45.05,142,-8,56.56,-15.05,10,75,72.38,31.02,67.65,53,-29,20
24,-14.84,148,-10.2,2,1.42,-1,119,55,-14,70,43.92,51,56,-33,-45,71,133,65.46,-17,49,56.32,51,140,47.69,-50,-4.42,-6.91,-1.03,76,-12.5,62,-9.95,6,41.69,134,53.15,-9.49,10.31,62
7.97,67.35,65,19.34,3.52,5,30.8,124,4,-4.09,64,65,10,22.87,1.24,82,57,-22.23,48,141,-4.78,58.63,-13.39,70,56.41,35.05,23.18,104,71,14.06,-3.55,3,-36,68,32.07,95,46.63,41.53,-34,65
-21.88,-6,100,-21.37,135,73.79,12.92,124,30,-26,-46,18,21.79,-36,25.24,16,47,-20.81,-49,15,-32,7.26,-16,-13.48,0.69,72.03,116,52,18.18,62,55,-39,95,33,97,113,123,65,30.52,104
133,36.43,88,-14.83,71.26,91,58,130,64.04,102,136,25,84,66.38,47.37,38,15,37.76,-40,134,49.21,12.96,-7.54,68,149,61.46,48,7,68.5,13,26.39,-38,46,17.98,70.87,-1.63,98,-7.19,-45,32.14
57.28,65.36,29.38,59,12.16,34.44,-24.99,32,68,13.91,58.23,-20.26,50,29,69.94,108,41,8.42,2.34,56,-10.5,-23.37,54,120,6.58,74,99,47,15.21,60,72.62,44.42,5.01,45.2,-0.38,30,126,-15,0.66,-48
-13.89,20,65.62,73,141,-1,55.79,112,54.91,19.52,147,40.4,-42,-0.72,9,87,113,141,28.85,20,-26,-19,23.74,93,100,-20.97,6,-12.45,119,6,140,66.05,-48,81,31.49,62.49,149,11,98,-32
46,15.02,98,45.11,67.53,48.69,58,42.26,29,-22,35,-16,19,18.38,24,14,38.37,-40,15.13,131,-46,24.64,8.39,15,-24.34,75,45.54,54,-35,35.75,140,-13,-4,-45,56,122,-14,-5,6,39.13
55,39.51,15,97,104,74,54.43,-8.19,90,38,66,-25,37.23,99,76,-29,40.23,40,1,5.79,66,-15,50,36,-29,20.78,69.85,-12.61,56.13,11.93,102,65.15,-2,47.74,61.39,47.49,140,-12.67,2,-6
144,-27,-20,148,-8,61,18.7,48.62,21,28.32,0.41,15.25,107,-3,-16.12,36,41.62,80,66.52,-17.34,127,7.85,-17.86,49.04,20.48,140,74,-23,4,68.81,91,25,-1.68,60,22,-41,41.07,29,-29,79
-19,49,143,126,33.6,-34,7,12.65,-5.41,40.17,-49,49,-12,11.43,32,43.99,3,-7.83,52,-22.24,-0.31,-20.35,81,60,-7,-15.75,34.27,-3,123,-50,15.01,75,36,61.46,48.73,-32,-0.39,104,11,106
97,11,90,114,56.6,142,1,6,57,-16,-32,52,57.22,68,109,45.43,-30,6,136,40,56.88,-6.18,0.64,45,115,116,30.3,46.38,42.02,70.35,21,-0.9,18.11,37.71,13,-14.03,-18.28,71,-4.28,13
61,-38,51,-18.79,52.22,13.43,145,24.54,51,34,-12,88,-37,8,-23.11,-2.68,9.7,45.94,47.83,109,-5,47,23,52.38,-0.24,19,-13.78,125,9.22,47,70,42.42,-47,119,107,-14.19,30.1,127,104,132
18.77,46.35,-11,131,-19.69,25.53,111,-4,67,145,71,117,15.78,9,29,37,67,7.43,8.03,113,71.15,23,52.48,-4.74,136,17,-22,-3.59,131,43.51,45,37,-0.08,-4.88,123,24,-17.11,22,-13.13,119
73.16,69.99,57.28,103,41.61,83,34.8,45.85,59.88,110,-6,30.41,28.02,103,83,71,55.55,-3,-13,113,128,66.4,-9.61,-23.66,80,0.07,41.32,14,8,61.04,52,143,40.23,15.84,47,70.77,35.39,33,-18.85,-21
40,-6.31,108,-7.69,9.11,9.96,-13.45,-8,25.27,49,-48,2,-28,140,6,-3.72,92,104,72,130,-13.11,33,70.76,83,104,43,65.5,18.29,9.28,-39,38.21,60.78,17.43,55,44.87,2.37,83,85,107,145
-10.79,71,10,-40,113,5.03,140,11,-17,49.15,5.11,60,146,20.59,144,72.87,31,140,-23,31.43,17,-42,38,55,39,-33,147,7,147,6,61.86,36,134,-46,43,3.83,-26,123,47.47,92
53,7,16.77,62.71,-20.88,-20,-21.92,113,7,20,58,-14.03,1,47.68,-5.87,122,69.89,68.96,-20.01,-21.88,91,58.22,-38,95,39.45,45,46,0.27,96,21,35,34,66.67,6.01,88,124,6.56,74,2,125
-3,56,8,-22,47.51,-13,32.12,120,89,133,-9,-19,109,3,37.34,-18.23,-40,81,73.85,38.84,24.5,59,-22,-12,7.06,-9,-35,62.86,19,33.6,37.96,144,137,8.36,55.6,85,14,51,3,12.19
62,-1,130,140,-25,73,73,16.27,134,-13.47,87,-25,-28,8,-23,20,59.25,-42,16,32.29,37,80,64.8,-18.45,-8.02,70.44,-8,132,63,-37,74,29.81,-23.42,-1,40,13.36,48.17,-17.18,26.49,60.65
1,104,-42,73,26.94,142,-25,-7.9,69.87,-14.4,143,-44,-4.74,8,137,26,57.63,19,45.33,51,37.02,27.69,101,3,89,-24.35,69.98,-1.59,115,33.43,-5,72,9.94,84,-29,109,111,-4.6,93,36
-7,66.93,-7.19,113,39.04,-23.1,-34,72.4,-44,-4.18,-14,19,116,137,35.79,-8,9,29.68,65.25,70.55,63.38,7.77,-3.69,21.39,-32,60.28,101,90,53.65,43,-42,-2,-36,-49,69.31,24.57,57.05,149,63.11,77
121,29.02,26,14.95,67.14,132,-32,66.35,-7.69,43,140,4,140,-22,-22.71,-10.19,37,-6.11,69.25,24,44.56,134,-35,42,55.78,15.88,57,118,-31,-7.64,-37,-34,25.56,-1.64,10.62,69.24,139,47.69,125,8.77
15,-17,27,134,20,142,44,-1.83,49,72.93,-6,-23.56,32.56,92,82,35,79,18.59,40,90,-25,38,129,136,81,63,-48,138,59.9,72.99,1.81,79,109,71.53,145,8.52,-15.4,-19.67,-35,70
40,20.3,11.28,55,-9.5,4.75,136,42.93,59.22,31.87,-23,55.38,-13.26,33,-17,-9.12,-8,114,-19,73.02,27.38,15.13,17,60.25,15,145,18.47,121,16.93,53.43,1.08,-14,0.82,-37,55.04,11,-20,55.06,-45,92
-6,15.92,36,91,32,14.95,83,-28,5.51,78,78,15,127,-16.7,115,-28,114,45,69.48,-1.34,11.71,2.15,16.36,69.45,-47,-34,30.17,43.69,41,36,137,-22,-45,148,-23.28,-4,66,-24,115,95
147,52.18,36,90,38.96,143,35.19,79,-41,-12,18.22,116,46.19,14.53,39,8.17,18.89,53.49,52.23,127,-48,-35,-6.92,35.49,144,61.5,59.59,-3,-9.4,143,50.3,5.6,54,-46,125,19,24.18,27.66,71,138
3,-14,58,19.46,148,-13,-5.15,112,-16.12,69,90,59.98,65.24,77,-9,-21,8,-38,53,29.5,54.39,-10.69,12,34.07,74,27.34,51.65,29.46,49.84,-49,-38,-12.42,-18,134,145,31,71,139,25,107
56.19,-11.7,-4.96,14.83,53,62.29,7.29,30.86,71,64.35,53.58,17,26,39,16,68,81,82,120,69.81,69,8,-46,31.28,67.93,58.7,71.57,57.69,-16,136,98,39,21.6,-27,57,-2.63,59,48,66.42,32
-30,84,-14.87,-41,46.11,1.57,-11.29,0,-41,80,110,35.15,-9.35,58.34,68.22,57.71,118,56.39,56.76,-36,116,-8,9,-31,1.56,126,54,95,-18,102,-24.42,100,31,47,91,-20,45,-10.6,-13.75,33.06
131,-48,-10,-37,79,31,35.01,-2.26,45,26,3.9,30.27,1.48,-5.44,73.87,53.09,49.57,-10.72,-37,13,20,0,-24,17,85,58.95,-15,-45,48,18,-24.04,67.87,-45,13.18,49,102,10.31,49.3,42,17.66
-19.35,45.81,35.79,20,12,70.1,96,72.8,99,139,49,-16,46,16.77,-3.89,19,66,78,-7.32,6.65,-13.87,-19.6,76,84,-12.15,-4,139,108,52.2,-45,-8.86,47,-5,-22.45,13,-11,136,13,-40,-2.83
25.83,135,34,-3.02,133,35.07,30,120,-0.88,8,110,1.29,-12.77,86,40,92,60.37,-5,32.83,68.97,147,-45,-20,32,10,145,-35,97,45,29,149,18.65,15,31,31.82,70.58,86,91,128,59.93
-21,26,146,149,129,68,22,59,6.43,50.23,17.68,67.99,98,73.33,-38,48,127,73.52,-9,-6,-31,146,-41,81,-7.75,22.91,65,48,19.94,-11.72,22,24,20,56,-20,-33,52.54,55.13,24,-11.65
0.54,77,-20,40.5,92,87,85,-21.87,-29,35,50.87,5,85,46.33,0.71,88,73,16.44,41,21.62,-7,45,65.24,8.02,34.17,-22.63,109,-9,-1,109,97,50.78,114,60.39,-45,10,59,12,47,19.2
7.94,62.26,-15,8,0.47,69,56,49.84,46.74,137,17,-35,-6,132,46,26.85,34,93,-8.55,-0.55,133,100,-21,31,4,52,80,-12.01,-18.56,63,15.31,-36,6.03,15.76,-13,20.36,35,-9.48,43.31,133
12,-21.8,21,-12.94,120,54.31,15,97,63,42.61,-3.5,-5.92,100,63.75,60.87,-42,41.36,17,-21.97,21.47,62,-2.18,67.07,22,144,79,66,82,145,-16.42,38.57,64,24.08,-13.62,-4.11,122,-6.57,-0.21,148,71.68
147,33,-7.82,-22.34,-47,-21.95,146,39.44,23,-32,131,4,36.26,48.04,136,-19.22,63,144,60,64,14.58,70,70.65,124,78,36,-0.97,-42,126,-7.24,5,72.42,14.22,54.48,73,39.87,74.82,37.61,12,53
45,77,77,81,66.99,70.48,-3.31,12,-40,93,115,25.91,65.95,12,2.08,12.72,36.15,25,11.79,90,69.9,46.98,71.19,44.29,17.09,-9,-41,35.31,146,38.31,69,3.2,52,43,57.01,55.97,79,1,101,18.28
64.25,2.31,72,25.51,115,65.88,93,34.16,-22,145,104,6,-44,126,-8.29,63.44,88,133,-1.98,45,13.28,48.84,85,70.8,57.23,109,51,10,-9,34,-13,46.1,18,103,-4.6,39.51,82,-50,-26,70
145,60.91,3.09,36.52,18,103,-1.62,58,11.63,129,44.91,-20.28,76,-5.56,35,143,39.49,66,26,38.52,31.15,48.65,-8,-1,-15,51.33,51,97,53.87,12.01,31,39.98,123,50.34,16.54,-5,-33,147,24.56,42.87
102,23.74,18,-18,10.42,52,-48,108,36.63,23.02,-0.41,18.24,9.8,67,-14.6,15,-26,-46,6.06,18,125,18.63,15,-35,51,15.59,100,27.54,41,69,143,11,-32,34,-36,66.41,139,138,122,127
30.7,15.24,28.51,20.85,59,45.22,119,7.12,-49,-39,7,36.37,132,-29,15,-8,-43,-0.79,0.95,13.12,43.89,0.32,58.46,30,-41,58,64.63,28,105,-6.62,65,131,75,29,29.73,-8.09,80,37,13.46,112
-7,54.31,147,70,-46,32,2.05,-23,-10.44,90,133,44,48.54,-17.02,72,49,20.42,60.46,-10,100,28.45,26,62.92,66.24,1.19,17.58,-9,7.21,2.05,28.2,4.55,-7,-18,66.13,6.77,-9.96,15.13,44.26,71.13,-18.49
49,17,27,34.84,8,83,58,62,45.02,18.96,-8,29.89,55.88,-23.42,43.92,-6.97,64.46,74,53.98,-17.08,60.17,-19,28,-24,27.28,38.08,13.33,119,52,14.04,131,58,9.19,51.79,-17,-39,-48,41,83,54
53,-21,8,118,-33,8.99,73.46,12.57,89,85,104,-39,130,99,50.9,5.88,-2,78,99,60.39,32.01,68,6.95,108,33,34.06,43.14,-10.06,18,-17,-7,44.11,-1.45,127,21.77,24,-35,12.9,-1.29,7
31.23,20,41,114,56.38,-20,74.35,12.99,50.3,-0.61,40.24,83,75,70,-8.22,27.28,10,29,46,23.42,109,116,59,-8,34,-27,-1,-12,137,71,23,23,7.35,47.2,20.3,-31,-37,-38,-3,123
63,39,142,6,10,46.3,64.31,11.88,0.83,-12,-23.84,71.61,46.46,-4,47,115,29.06,27,28.85,42.16,-40,72.82,66,-18.68,88,19.59,109,-24.5,95,-4,23.96,54,27.53,97,129,114,2.58,21,65.41,-15
-23.64,37.75,-12.45,100,34.78,33,-2.98,37.13,27.61,38,-43,129,140,52.46,32,42.63,73,-8.4,42.78,-7,23.07,113,-46,-17,42,-14.06,18,59,29.64,-3,-17,32,-47,24.05,48,89,53,124,67,29
108,38,-6,28,71.33,-35,36.41,45,149,129,-39,0.34,-3.98,115,28.63,80,122,-10.67,117,32.39,16,55,20,25,71,39,-40,127,101,-23.31,103,52,20.71,-28,26,75,14,26.84,32.47,-17
17.98,-15.26,4.97,-9,62.61,133,52.33,25.78,44.57,69,67,81,59,-34,54.53,-34,51,26,43.13,75,64.12,94,-19,13.12,58.87,4,23.32,38,54,-12.78,5,-22,-3.54,49.34,-10.26,17.95,2,117,56.08,-49
-29,62,34,83,-15.09,-37,67,14,-20.87,40,39,-40,-31,68.44,132,54.54,56,56,0.14,94,34.05,12.26,18.08,62,127,-11,-18.45,142,145,-46,-26,93,19,141,102,1,-17,15,62.64,47.6
59.79,-10,-9,66.51,19,-1.85,126,35,31.11,-7.04,-2.37,-18,138,-48,0,-11,4.88,39.8,93,147,64.65,-36,-36,-18.22,-48,59,46,-39,-47,-7.12,19.9,12.88,47.92,55.73,83,46,39,6.6,40,25
5.17,76,4,98,-16.23,70.5,69.26,52,35,124,108,-41,149,-7.31,69.01,25.6,-48,3,25,66.03,12,127,0,22.57,96,58.08,108,94,74.71,78,56,113,107,-43,81,94,36.43,-9.52,22,-21
26,-14.05,46,-29,121,43.28,1.28,-2,66.36,100,-14,60,-50,12.62,-4,69.44,32.49,18,69.88,17,77,-48,68.93,22,-0.21,-11,8,0,6,104,56,43.81,147,70.87,60.55,65,66,149,61.6,-15.68
83,12.26,0,146,7.25,-32,-17,34,-49,44.03,-42,-13,-3,110,112,30,-23.12,-6.55,88,-39,84,57.32,136,11.19,58.37,49.89,-20.2,-33,-31,44.83,-21.91,16.86,55,56.49,-2,85,106,22.02,45.44,34.77
-16,25,-26,15.15,-15.86,52,78,-2,-50,-11.56,10,1,-22,22.17,-31,18.35,-17.6,101,57.61,104,-34,-19.58,69,16,106,-19.02,25.42,-49,44.76,-19.45,49.9,2.35,50.13,103,52,59.16,-20,48,19.61,-24.03
35.65,110,-13,101,59,97,32,-23.07,52,6,11.79,135,19.12,-22.6,67.22,-11.25,-42,-13.82,9.88,45.25,81,-42,50.15,38.75,37,23.19,-48,27,18.48,71,114,7.87,143,68.89,103,113,98,49.57,19,-6.33
-19,37.37,-19.46,50.95,-17.94,25,31,68.01,44.06,50,1,-46,34.99,-20,114,40,70.73,0.58,20.2,17.83,-48,59,-17.89,18,17.7,68.24,67,13,3.77,-36,68.7,116,98,12.96,136,27.14,-24.12,34.76,134,-46
1.05,7.05,19,18.64,0,-36,26,16.14,135,-3,73,21.17,138,-27,27,43,137,106,100,22.74,46.03,11.27,2.64,149,14.44,141,70.93,53,55,-29,10.41,117,72,-21.21,73.54,94,17,-21,-7,57.05
37.2,-11,-10,95,-25,56.83,-17.85,94,66.38,29,-19.39,105,98,17,-5,-45,25.5,12,48,137,1.57,69.96,25,52,58,6.78,-17,112,91,139,-25,47,-3,60.25,70.72,-41,63.16,-6.88,9,146
-5.54,12.46,15,-1.45,-32,63.58,-38,-3.42,51,102,64.56,70,130,-18.15,-12.84,28,21,-34,120,55,102,101,20,29,19,7,-8.91,103,12.07,16.58,-26,-35,51.04,141,2.59,20.08,-48,65.28,104,27
-16,124,36,-43,39,66,38.24,70,125,50.43,36,10,96,0,72,21.14,-40,106,46.26,2.02,30.23,68.28,82,43,61.21,3.36,56,-15,36.28,-15,57,142,60.75,-2,129,-41,55,-15,5,-3
79,90,-6.1,13,14.93,63,64.42,27.73,145,70.9,15.4,120,123,70.91,34,11,2,91,10.9,3,63,69,-10.43,-18.02,120,9,28,68.08,91,-19,56.78,75,36.15,32.52,37,28.96,-14,36,27.54,122
4.45,15.7,29,123,100,93,77,67.98,49.09,142,3.35,57,69,76,102,91,73,147,109,61.19,-7,-22.96,81,120,106,52.91,36,47,138,35.45,44,-48,25,37.89,-27,-10.92,138,-29,90,-8.16
131,-24.85,39.7,23,23,30,91,5.58,-10.56,20.07,36.43,39,-2,-41,-19,53,110,73,103,21.21,139,75,42.2,72.95,32.22,63.74,-19,50,-21.56,-38,70,98,32,72,-32,73.1,12.99,72,60,29.72
34,-44,117,50,35.85,55,-12,74,58.68,130,144,143,46.48,8,26,-15,145,74,-44,32.79,-36,12.43,105,16.94,39,24,-4,7.06,-1.35,112,10,41.34,56,-45,-40,71.38,45.67,61,135,44.67
103,35.31,-4,20,26.25,29,96,45.8,54.05,49,15.57,17.47,-11.2,-11.21,146,111,26.44,40,133,4,66,50,1.26,1.6,-34,31.05,56.84,1,71.71,149,19.44,135,14.62,92,108,-14.37,28.02,-23.07,79,123
27.55,68,18.6,25,131,27.37,41.64,48.47,65.64,147,53.09,23.35,67,82,-16,9.04,31,99,18.44,129,-50,102,59.46,90,143,16.71,78,39.22,26,-13.46,-23.39,69,-6,-10.69,-9,62.96,139,-31,-9,82
15.07,67,1,116,38.42,44,81,-9.37,112,-40,-26,100,11.15,87,-16,-9,53.9,30.01,31,44.79,110,52.68,63.86,130,69,128,66,-9.15,95,-23,68.82,136,2.08,99,9,27.87,-5.28,45.43,26.56,-8.06
65.78,-6,105,35.08,1.05,1.43,-39,122,112,-20.89,68,11.88,25.38,26.41,46,30,-4.33,21.53,87,127,51,3,-13,49.79,-3.55,18.25,62,81,-26,51.02,33.42,75,91,24,72.11,-20,-49,103,32.52,41.12
69,-28,109,-21.86,133,-25,-12,47,48,32,-28,84,-15,-30,38,6.88,90,147,71,35.76,12.97,44.14,50.25,67.34,69.22,17.67,88,-7.88,5.76,59.83,-31,-35,-23,54.43,149,55,85,-45,12,37
34.3,126,66.18,102,143,45,59,21.33,53.13,71,65.36,31.72,47.64,23,136,14,48,97,130,28.55,97,-40,85,119,72.77,84,132,-32,1,23.64,65.52,66,100,25.1,17.7,31,50,6,-13.76,56.19
17,69.85,123,-32,145,30,82,79,6,-28,-12,143,37.54,74,55.33,70.71,-2,148,75,30,1,47.53,65.31,120,80,41.6,143,52,-25,70.28,101,-25,57.45,86,-22,12.37,-47,52.94,-27,50
142,38,4,3.33,-12.07,96,-42,114,-2,-9.67,130,48,12.28,-6.33,-13.97,-3.13,112,-16,7.38,4,3,-9.32,47.15,0,81,-15,41,58.83,60.59,142,-14.54,53.41,-14,80,67.53,48.96,28,87,61,-22
15.51,45.15,62.86,130,4.83,111,31,-22.81,6.23,10.33,55.34,52.23,68,51.52,126,20,42,1.86,-15.1,-3.3,9.55,-3.61,49.16,27,38.96,54,147,-11.57,-15.87,7,-50,133,66,91,74.82,80,-22.11,44,11,-4.62
56.49,45,-2,45.45,20.04,-27,90,42,132,-6.1,-26,5.88,125,48,43,115,8,3,58,48,131,95,69,-48,-20.12,7.21,121,-28,140,-9,6.78,57,33.69,1,72.36,44,-36,23.73,37.48,41.05
71,39,27.37,-2.86,51.09,-35,51.76,67.67,-21.31,66,87,29.53,-19,73.2,34,6,114,-9.44,9.34,-42,26,58.66,35.09,-13.33,141,-2,-50,49,-16,20.45,81,95,-37,3,30.19,2.91,61.65,0.35,91,93
14.6,63.47,52.27,78,-31,-14,114,16.59,27,97,-1,-4.71,26,-24,2.29,22,100,112,4.68,48.69,19.03,2.84,30,112,-43,-8.02,26,132,-5.22,3,16.29,114,56.97,8,72,-12.04,32.69,55.17,133,16
23,103,77,36,-43,-34,80,39.52,46.35,126,79,67.3,38.19,118,-33,134,136,146,141,74,18.36,42.89,67.98,132,-23.62,-13.66,31,-32,-1,-10,84,78,130,126,-25,-18.35,43.31,56,-7,29
-5,111,46.83,58,18.84,74.92,55.23,36,118,-19,-4.58,108,8.42,75,105,140,56,20,-43,18,-7,78,108,67,-15.92,107,56.79,11.14,-10,-24,19.23,66,9,3.78,136,-23.35,124,46.58,25.27,28.28
71.89,2,-37,0,37,24.08,139,109,-38,65,75,2.85,148,42.12,-24.18,146,115,58.32,-34,126,106,-3.47,18.85,-1.7,69.33,20.64,-5.52,125,61,92,137,72,-26,-21.59,39,108,39.77,102,13.85,1.67
-20,56.67,46.06,61,-14,132,5,139,122,-10.57,56,-46,92,68.03,101,144,63.02,66.65,75,84,-13,73.23,22.27,146,20.23,26,-19.3,74.99,20.64,38,41.82,37.66,42,21.83,50,-2,43,45,17,-9
29.58,16.46,-47,44.06,106,135,69.98,83,-36,-25,14.74,4.45,30.5,136,54.03,25,10,-38,31,4.38,-25,-22,30.48,-5,16,47.94,-12,100,26.89,-19,23.33,49,-6.4,92,138,-13.13,34,12,8,93
53,-5,63,78,35,81,63.18,124,-24.18,108,146,-11,11.54,64,-39,71,-46,20,38.7,24,27.62,21,3.43,13.11,111,7.83,61,-11.14,140,27,58.83,74.22,25.77,50.88,64,-4.39,21.6,42.19,2,-12.23
21,117,-6.02,82,81,73,16.16,-19.06,55.59,23,100,77,51.58,92,21,18,86,-1.53,57,38.57,15.97,-22,55,-8.3,72,80,111,136,69,62,54,51,-23,-27,-4,70.73,-47,69.97,24.23,11
100,47,50,-4,127,2.3,47,-3.98,140,72,128,34.14,19.6,-36,-20.03,-34,-13,47.84,-12,33.13,11,75,52,24,59.85,22,-9.3,24.4,-19,66.19,18.48,9.2,41,73,-37,58.73,-48,-10.53,-20,48
-47,-12,35,131,4,123,130,21.04,102,79,-21,137,-18,-13,83,-20,1,10,51,95,3.63,14,45.95,40.79,-13.5,56.29,50,65,-36,-19.21,2,-12.44,36.16,100,146,75,54,11.35,119,57.03
33.01,-3.63,70,126,-32,-27,2.21,57,21.54,41,-24.64,-46,67,102,68,27.25,24.49,9.53,49.79,13,45.33,96,-14.43,101,-21.66,-10.08,131,-9.15,-16.46,112,33,106,-11.52,35,83,100,104,15,-5,53.39
37,46,-9.9,79,21.79,61.26,127,146,106,-38,16,32,98,112,4.15,-39,108,4,91,106,67,-49,-50,23.46,66,127,43,-4,-20.3,71.38,23,10.77,103,62,-43,68.2,-5.36,64.96,14.91,24.7
48.24,55.98,78,-19,3.01,-6,-10.01,-12,-22.76,-15,-15.96,90,40.05,145,-5.41,33,3.01,109,122,98,68,30.68,4.89,111,103,57.9,90,90,-21.95,54.83,-15.39,77,131,-18,29,57,65.9,107,45.45,-24
135,55,134,-32,-35,147,132,-0.45,48.98,-13,-44,22.5,15,6.97,12.79,-31,66.06,18.57,51.43,146,132,22.48,138,66,39.95,50.55,48,14,-12,28.76,37.66,3.61,39,18.73,65.93,57,52.18,12.27,99,24.42
87,54.48,20.11,108,7,26.39,-13,-10.65,-0.59,65,-7,-16.63,47.25,19.04,-7.86,77,10,42.84,54,65.94,-6,52.38,-32,-12,63,90,61,23.23,49.03,16,39.8,57,-38,18,122,26,122,-15.36,-11,14.46
105,28,12,119,38,0.68,43,6,47.91,85,49.62,66,47,128,-19.61,63.18,-37,96,66.65,103,-4.64,25.94,56,43.5,-36,1.93,77,-4.45,-20.42,106,46.55,-29,75,-19,55,36,145,96,58,23.77
-38,50.06,143,78,-6,-6.63,56,8,-1.61,-43,55.09,83,134,105,8.18,43.76,41.81,-30,8,-32,79,1.06,-5.38,-19,44.89,26.25,72.37,20.71,-6.47,70.76,63,92,38,94,148,1,-9,19.86,99,79
-22.33,16.89,70,72.53,67.83,26,-14,85,-30,10.12,104,98,-11.17,-28,19.92,128,-17,-41,-6.89,16.6,-33,92,16,9.62,47.2,-31,25.23,106,0.43,100,88,-22.25,57.56,58,144,67.95,131,31,129,-13
124,48.76,18.28,66,125,58.49,-18.41,134,-22.82,82,-11.96,-1.61,114,39,94,58,145,52,3,28,8.33,-31,8,0.17,66.86,100,3.6,-8.96,27.17,55.19,15.96,69,97,-10.97,14,87,78,40.51,24.9,-20.25
135,49.12,-50,-29,34.16,122,-9,19,-8.79,11.19,100,94,47.92,31,7,20,73.09,-30,51.05,18,63.58,45,40,-29,69.03,-11.49,-9,-15.78,-6.89,15,-8.62,115,25,69,-3.57,6.68,73,46.93,62.81,-16.74
100,98,39,103,30,3,91,48.54,37.78,144,103,-20,48,-24,34.24,-45,69,-14.74,-22.53,27.59,27.16,36.35,125,10.6,-17,16,-35,-23.26,94,18.1,115,82,-31,74.63,-22,-7,6.82,-39,57,105
25.63,-2.94,117,-3,133,4,50.44,124,-8,-15,32.39,66.93,28,27.48,34.11,51.87,70.18,-18.49,-20.46,29,32,-23,-50,-7.47,35,34,101,58,46,7,119,121,61.98,-6.32,70.54,0,26,52,-21.92,63.19
1.59,148,-24.08,32.9,133,13,-3,24.92,44.75,22.92,-24.26,-48,116,5.12,111,77,13.87,-21.52,45.94,109,84,-5.3,30,16,98,3.85,-21.67,3,35.92,104,-16.64,37.56,-23,4.8,70.05,4.7,-43,-32,58.04,124
32.86,87,44,-28,43.8,33,63.45,141,39,1,19.64,-37,45.44,18,-14.87,55.64,74.3,42.41,91,33.92,-26,-5.53,44,25.05,-46,69,-7,55.88,44,-10.21,22.92,133,51.2,31,95,93,-45,88,82,-36
28,148,63,47.62,4.32,114,128,-6,18.02,25,123,43.06,83,49,-14.04,92,1.05,-30,65.33,-18,-7,36.94,7.36,64,-44,54,7.96,-0.69,-49,63,-2.76,55,-23.54,54,66,-12.67,-19.58,10,42.93,31.62
58,57.15,23,63.59,-49,-38,72,124,18.09,-13,47.1,128,45,-8,-24.27,108,-4,35,-5,137,42.96,141,1,90,44.01,-12.76,93,123,146,61,-6.95,-47,114,5.94,13.87,-22,6.62,-7,-22.19,6
32,2.55,52.02,-6.15,139,-15,42.53,-22.92,-50,143,146,35.39,21.44,-36,100,-45,-39,-40,27,76,-28,86,112,60,144,66.16,23,107,144,82,-42,25,-38,143,67,54,-3.26,128,17,-13.89
-22.8,36.27,68,-15,138,-8.63,120,-16.32,96,-7.7,41.97,131,112,117,100,65,99,0.24,48,41,137,26,21,-50,141,77,-14,72.65,28,66,-22.36,7,54,93,49.74,79,36,100,140,-11.31
54.25,103,8,-21.37,61.69,-48,14.44,0,50,62,12,133,-19.77,2,61,126,29.99,16,120,34.48,143,-4.99,9.52,149,-4.3,58,-0.77,113,73.36,110,6,73.11,128,90,-21.49,55,-16.48,5.53,60.13,18.01
121,0.7,129,10.25,18,46.85,115,9.36,7,23,13.89,89,53,-8,-15.32,-29,-3.68,2.05,-6.59,52,43.77,19.37,-48,7.32,57,116,42.59,54.62,69,51.67,46.58,63.59,15.59,3.17,69.53,10,119,62.16,42,57
142,14,94,-7.85,74.49,2,90,4,60.48,-17,31,131,-4.45,54,66.41,90,6,-29,22,-15,91,-26,50.2,6.16,125,103,13,124,136,140,38.29,15,-10.99,-3.4,-18.77,32.84,-36,-16.1,101,-3.46
102,40,-16,129,73,-47,-3.78,-21.61,-43,143,89,36.61,59.71,26,43,11.78,16,36.52,-4,1.38,60,22,-8,11.08,-19,20.63,90,-48,120,75,-10.97,21.51,-5.09,-14,-11,130,5.66,95,94,62
65.72,52,70.89,22.31,-7,121,48.48,-22.04,-9,63.71,107,43,76,35,46.02,55,73.22,-46,-22,24.23,-9.13,48,56,62.35,-43,5.85,131,66,73,59.34,-11.89,-17,-27,-11,123,-10,-24.18,-10,66,38
28,79,132,68,36,34.55,-19.53,127,39,12.92,33.8,56.24,-12.45,-11,50,48.67,74.79,-26,146,3,22.86,9.83,-30,19.02,59,145,-24.84,38.62,59.12,96,2.6,-7,89,-41,138,-4.87,55,40.14,10.73,2.68
126,147,-8,-2,6,-21.05,84,-23.54,-10,-29,44.05,15,14.34,5,143,18,50.8,-30,-24.05,8,116,32.11,-42,116,101,63,63,53,35.6,135,60,66.5,66,-32,64.96,11,99,-9.55,26.72,66
-49,74,55.14,12.48,-4.89,34,58,-43,110,110,115,-0.89,-30,68.59,79,-20,-15.47,-18,72,38.93,95,41,62.24,132,130,-9.56,-23.21,15.19,14.45,34.9,8.94,-7,115,-15,127,-30,3,-22,43.08,126
-0.79,35,58.91,44.55,67.42,0.63,146,-43,-26,9.3,111,2,112,28.09,27.35,25.6,74,38.44,18.85,56.37,-8.52,67,41,118,-9.42,-10.5,86,-20.13,54.62,70.93,45.93,39.76,90,11.87,72.45,145,19.4,59,18.94,69
0,24,-22.16,31.07,7.5,16.42,-24,43,21,-10.94,18,106,58,71,-8.63,12.79,-1.67,109,96,-47,73.15,23,14,119,126,90,29,37,31,65.35,91,52,36.41,15.51,-18.79,103,102,-8.7,146,64.97
27.47,59,-8,73.27,142,26.91,128,33,-9,-6.97,13.76,61.02,125,-35,82,59.22,63.83,-4.86,-28,-6.72,-0.32,-5.14,33.51,128,31.18,31.39,67.01,77,137,-9.52,-45,60,121,61,56,42,17.24,-50,-3.27,48.8
107,50,5.07,-4,71,-23.57,32,32.32,149,-15,-20.7,30.22,61,57,17,-6,33.73,58,48.81,135,21,-18.85,80,33,-11.48,2,89,-19,141,27.31,-29,-50,112,130,56,128,15,-20.06,24,16.84
-20,110,25.88,1.53,-11.64,-10.15,64,137,15,49,89,22.07,60.01,63.13,24.48,8.04,24.22,-1.56,141,-1.12,-28,-23,131,20,-43,-49,111,54,17.81,95,72.8,22,39,56.42,-37,-6.11,-14,33,132,-19
42.31,-43,26,-39,-24.66,15.12,-19,28.41,71.13,46.44,-12,-30,92,29.09,86,27.87,74.4,73.91,24.93,139,-7.63,-27,37.08,-28,40,114,56,19,24.24,26.41,-25,35.84,27,129,147,2,9,31.89,-5,63
-3.46,-23,105,50,66,-43,1,10.2,-5.27,-18.5,51,125,25.1,34,11,-18.4,21.19,86,7.09,-30,97,-3.63,93,77,97,140,40.86,50,65,65,137,10.74,86,-21,49.75,58.46,127,6,49.01,11
31.57,64,36,-19.78,70.23,-41,105,36,114,114,-5.84,9.6,67.06,130,101,103,-19.73,53,100,140,38.34,113,101,84,42.63,-24.09,-23.45,19.6,25.77,-38,85,39.92,144,59.14,77,98,42.31,113,60.39,-37
36.11,22,-3,64.89,24.18,-39,11.07,76,59.12,39,66,147,-27,29.45,69,-39,97,35.82,96,2,24.14,13.57,137,60.81,1,-31,-16.14,-5,104,-14.22,-30,-18,24.6,14,6.05,48.58,-26,19.56,147,-8.2
136,65,40,-23,124,-41,69,88,86,39,67.23,58.06,50.3,35,141,60.2,33,18,43.27,49,-41,-11.87,50.63,58.44,-18.24,-10.53,129,17.27,137,-15,23,-3.32,20,-18,99,-45,3.32,63,20.6,24
145,68.66,-13.69,7,-12,21.14,21.24,6.7,46,-11.91,48.94,30.66,11,25.11,-0.56,41.97,136,136,-15,-16,27,42,61.44,5,57.19,-27,0,-43,-8.99,-23.53,67,40.1,-7.05,89,61.47,4,51,-40,35,1
125,69.41,24.01,51.38,59.06,64.07,66.06,40,80,11,-47,4.42,8.99,59.01,-14.84,17.55,-10,39.05,71.12,53.46,40.94,74.69,53.48,-2.54,31.47,51,20.65,-45,16.63,132,-9.36,65,-14,147,113,34,37.43,27.82,21.16,67.03
100,94,42.19,19.18,5,20.33,117,123,104,67,-30,-3.3,98,2.23,9,108,5.21,-7,-2.65,41.89,14.56,7.29,57,-23,-16.53,69,56,53,4,25.94,17,68.75,51.61,55,60.68,123,-23.89,66,89,94
80,65.96,98,69.59,9.08,-13,74.97,45.93,20,72.44,9.12,-13,25.22,0,82,37.84,32.8,29.94,55.77,-20,116,58,46,45.14,4.09,6.91,56.1,4,41,13.14,124,118,-16,27,-7,11,37.74,3,1,2
-3,57,31.86,48,-21.51,32,125,-15,55.23,51,75,-4.26,124,98,6.88,60.5,12,69.28,98,69.11,22.85,20,-9,48.5,18.26,53.08,-45,1.86,-17,-19.06,51,111,-3.81,32.87,41.3,36,97,-11.58,13.88,32.74
-50,30,146,119,134,47,63.15,57,35,1.61,46.56,64.06,-46,-2,113,12,21.27,13,59.3,-26,17.48,8,47,125,26,-4,-3,-4,-39,-17.53,24,9.63,34,27.8,97,-16.22,30.17,32.5,-17,45.97
18.18,50.01,-12,102,92,33,-3.71,101,59,-2,34.18,96,55,70,69.84,84,106,-7.08,-20.62,15.87,64.67,61,2.25,22,-44,-20,-1,73.13,-7.35,43,-37,-22.8,17.04,-3,-6,38,142,54,61,54.48
8,93,126,89,-43,15,43.72,37,40.63,32,13,38.05,4.25,69.05,6,71.07,-28,56.78,-7,-2,46.76,66,83,-41,-6.02,137,64,53.76,144,38.58,45,-34,145,62,52.03,28,126,81,77,-1.56
-10,64.36,-18,31.77,65,90,-22,11.16,68.59,63,80,9.25,-1.24,-27,90,19.07,6.43,81,-36,68,63,-43,-5,-2.03,60,21.99,34.91,-15,112,8.46,54.25,9,35.84,29.4,70,1.68,120,54,84,-3.08
26.4,123,135,138,148,32.02,16.75,48,-30,16.76,62.82,104,39,38,-18.08,-31,83,-19.14,50,6,78,-7.21,30,49.37,38,-22.93,12.96,-39,-2.21,-0.36,22,1,55.8,124,36.86,103,119,39.86,5.56,-33
47,46.57,-19.14,-5,36.51,112,21,140,122,-6,4,60.43,136,65,-24.02,138,19,58.33,57.84,122,1.71,36.72,24.47,79,86,82,-1,65.84,-0.51,142,15,-39,37.94,148,95,7,84,27,13.16,68
44,27.35,9,-49,45,69,-24,63,-13.32,105,45,21.43,52,145,38,108,-12,120,144,-19,46.24,40.9,-23.21,53.49,84,54.25,74,128,18.71,-15.92,-2.33,42,2,93,43,-2,-12,117,128,73
-7.92,64,120,47.02,22,128,-3,-36,-1,0.98,13,-12.16,47,6,109,-29,63.12,50,5.23,146,-14.14,-1,41.32,32,59,62,13.44,26,51,45,-17.43,11,37,88,-42,39.55,32.48,26,99,49.47
-41,86,147,28,70.47,48.96,12.14,-28,66,87,47.08,131,69.67,-24,-33,41,-34,6,92,129,21.52,5,48.64,-23,142,148,63,19.08,-10.99,129,5.8,51,-48,-13,17,-12,129,60,142,-2
48,7,-47,14,-17,107,0.76,87,128,-13.25,-6.28,-15.76,122,37.1,-24.3,-45,5.48,-15,5.8,-14.73,103,121,15.99,-38,-10,80,13.2,25,67,104,136,11,29.68,-21,18,52.36,22.88,36,-22,95
-16.78,35.2,114,92,33,116,-38,56.58,-16,-17.54,-17,23.18,-13,42,66,14.06,16.64,93,61,101,68.65,63,49.08,-24.15,-34,-7.45,-49,40.22,99,-24.06,28.06,-38,35.11,22.7,48.08,66.21,114,111,121,6
147,-20.64,15,48.73,60.04,24,116,48,68,36.43,119,41.21,57.32,-10.25,-9,121,9,34.93,5.44,94,65.06,37.47,17.69,117,94,43.8,127,-24.54,-21,-44,19,14,69.18,49.27,53.42,-14.05,-7.9,-5.63,60.78,70.75
54,60.16,-3.4,18,25.1,69.8,129,23.28,61,15,-24,86,47,-6,68,74.6,88,-42,126,126,32.97,88,97,16.43,14.98,133,-2,85,-14,-5.93,-6.26,102,125,102,-48,-24,96,130,20.91,23
-41,-17,52.17,66.55,62.37,-13,98,48,8,6.25,94,25,61,16.43,-33,117,60,46,-45,119,-25,56.17,147,-42,35,4.34,-14,10.22,4,25.53,80,31.77,54.11,16,104,-38,56,54.82,-46,26
104,29,88,26.79,33.11,103,77,19,12,12.66,-13.26,55,-21,49.73,148,13,-31,6.73,-39,46.71,55.18,73,138,112,31.64,128,17.1,24.5,30,9,-20,73.57,144,-7,64,76,121,18,-36,97
34,85,46,-29,30,67.13,42.39,8,1.63,1,37,-15,63.4,39.48,102,-48,-21,6,71,46.15,27.07,-28,55.97,75,70.25,-18,5.8,17.56,-39,-36,-12,83,65,98,44,102,-15,-39,130,-11.01
-0.85,-11.48,-38,95,-13,22,-12.59,11.19,47.51,-11,110,31.92,16.72,87,138,46,49.74,77,20,-21.18,33,29.72,-45,78,36.66,43,64,70.3,50,40.76,63,0.64,134,69.15,124,30,57,43.58,51.9,117
68,35.17,-1.81,1.05,15,15.69,64.99,1,34.1,40,65,55.33,136,62,86,71,-18.24,78,3.06,69.91,-10,119,68.33,39.67,48,60,-0.69,106,-9.32,24,30.5,69,43,85,58,-9.21,108,-50,-1,-23.85
60,-16.75,31,10.02,-22.27,51.19,1,134,68.25,-12.22,6.35,106,6,-33,-47,3.59,107,74.77,-8.59,107,-10.77,-21.78,-6.48,13.84,-21,-39,5.57,105,143,30.14,-36,86,15,22.67,-5.31,18.17,67,19,143,45.07
135,-18,-18,10,66.18,55.33,106,95,41.29,43,141,40,-30,82,14.65,-5,-12.14,137,143,140,15.37,113,-49,69,112,131,98,-43,34.57,61.18,74.05,23.34,59.18,3,43.22,51,54.52,-19.24,-42,142
-11.15,121,-11.24,13.82,-24,29.38,83,2,46.31,45.45,-32,47.03,44,-11.52,35.18,118,23.14,48.87,18.33,85,81,102,25,60.17,18.81,-14.61,-14,57.69,-20,77,117,16.2,-14,113,30.48,50.73,108,6,-22,9.38
43,-14.86,-24.4,115,-17,140,59,14.4,36,-8,51.48,-5.78,-9,36,71.79,116,147,0,36.99,130,-21,15.31,-41,8.49,51,52.81,85,120,33.79,49.51,49.34,129,40.2,65,63.49,132,14.48,-21.51,-19.57,69.13
48.27,63.46,12,139,93,16,56.19,-2.86,72.91,77,-23,124,-20.35,64,3,-5.81,49,0,117,48.39,5,16,1.39,65.09,64,86,34.15,61.02,43.95,-36,51,11,145,18.84,-6.79,-8.27,149,109,41,102
41,30,-24,52.1,-14,-33,-2.99,98,14,-3,112,61.88,-47,72,29,64.78,67.96,32.01,-16.93,121,40,42,-22,72,91,85,70,-9,20.49,43,54,-9,11.5,9.48,38,-2.77,-17,41,112,-7
65.92,-13.37,-10,38,30.16,-9,0.02,82,-12.35,17,65,18.34,48.64,-43,69.17,17.64,-18,0,-25,-42,-36,51.26,46.5,-32,11.89,46,46.57,-41,12,-15,110,44,50.67,-3.69,49.42,119,87,57.87,5.98,30
-32,10.23,27.23,25.15,46.18,37.96,86,14,60.59,5,17,77,42.39,135,48.82,-19,-10,-16.04,139,149,-2.09,2,61,49.34,-21.3,101,29,4,64,16.99,29.9,-28,-7,127,1,83,-9.22,53,-49,-23
-14,-11.32,10.13,-14.24,69.07,57,70.6,148,-17.96,32.58,64.05,132,109,9.57,1,104,50,57.99,31.52,138,57.88,128,81,117,37.03,9,22,76,48.9,59.65,81,52.4,-44,18.31,146,7.5,76,122,76,30.69
-16.89,133,105,69,138,149,29,14.61,64.42,20,77,140,15,-43,119,-2.72,-9,148,103,19,7,125,80,28.53,21.82,-24,134,17.38,-5.17,32.19,32,-2.76,116,66.26,14.32,83,-11.58,71.86,1,27.53
57.65,-49,-35,69.53,57.83,12.46,17,-26,-18.11,17.64,40.97,-6,-6.77,-37,89,-30,136,18.19,120,23,115,19.32,94,76,-36,100,-5,6,60.29,54.57,-22.8,-35,12,34.74,66.14,71,61.34,103,59.4,101
85,74,29.72,35.18,140,95,36,-44,57,25,-11.47,-3.63,20.29,75,65.13,144,-28,47.98,52,48.31,16.33,19.81,-23.97,3.23,-4.46,-1,67,101,13,23,23.45,-37,112,-8.93,112,-50,21.51,-1,15.96,113
112,-44,46,31.06,102,34,45,19.84,57.43,59.11,-43,109,98,69,65,25,117,-16.98,-34,38.23,46.67,21.46,121,-20.99,52,15,30.7,-19.08,44.2,-31,-9,123,133,26,144,67,-17.62,-11.4,72.2,49.55
0.79,-14,12.12,100,-37,-9,52,95,46.34,136,6.22,25.87,149,21,54,-31,7.68,36.18,32,131,43.66,-8.38,-10,114,-28,9.07,-18,-9.2,48.82,30.27,-22,-33,8.37,137,-12.97,105,2,145,91,36
72.75,59.98,-26,143,-1.76,99,-12,32,68.51,38,57.69,139,12,89,136,-28,4.58,20,21.48,-50,45.86,27.68,143,32.74,18.61,3.35,0.11,88,135,23,34,-39,20,73.96,31.69,46.18,129,1,6,87
120,-15.96,19.11,27.16,-24.51,138,55,113,102,1.9,85,68.91,37.53,135,4.33,84,32,9.92,73,24,107,-4.72,40.42,83,62,135,-6,16.97,62.43,10,46.11,-33,-31,13.51,-18.75,-42,37.57,18,14.56,148
140,-26,65.91,41,32,-48,-42,29,-5.57,19.77,53.18,28.61,-5.14,53.11,-1,23.55,-15.24,28.69,56.52,116,86,74,47,15,44.14,3.47,11.65,78,29,10.99,62.35,26.68,145,127,-7,-25,97,3.57,-18.52,-17
128,142,-9,-35,25.78,62.63,74,5.99,71.89,65.97,0,67,43,-31,7,5.38,-0.47,101,28.45,-28,76,74,12.9,1.45,79,-10,43,-4.96,144,-4.93,42.64,74.58,26,73,2.27,-19.27,35,37.25,55.52,97
3,-16.39,23,3.65,94,-47,-38,83,-47,35,120,91,20,18.56,0,11.61,-3.45,-2,7.85,-24.35,18.09,58.33,-24.9,-3.31,-0.92,67,137,15.49,23.15,-6.65,69,1.85,104,52,138,14,29,22,-13.28,40.56
99,147,134,39.55,-21,35.13,62,-21.95,-22,-39,25.61,94,-9.12,68,115,102,72.14,55.52,67,72.61,-23.72,122,24,127,75,-22,18.84,88,-12.33,-17.44,72,37,16.35,-15.85,-31,-23.7,131,36.36,-23.73,-0.94
-0.17,66.61,33.92,43.7,-27,76,-17.02,62.2,80,-24.17,0.09,116,46.37,40.97,-7,52,59.32,-43,62.02,37,111,35.56,-44,60.38,137,12.77,28.38,-11.8,-39,149,57.07,38.94,-27,83,-15.56,17,14.18,-7.65,69.73,-19
47.97,-11.3,17.17,-49,36,93,89,3,-36,94,-44,15,110,-11.64,42,74.3,-13.85,68.05,-6.76,137,83,108,45.68,102,-2.04,116,28,43,64.45,51.9,3.95,97,121,33,1.03,103,119,-5,43.11,118
63.16,97,-8,67,19,107,-31,52.81,96,20,-12.95,52.97,68,50.98,95,48,38,53,34,46.46,51.96,30.45,9.89,1.87,-28,-19,96,26,-23,129,55.91,83,-27,-13,-20,10.98,149,-13,87,11.57
-21.07,82,121,16.7,138,-35,33,72.49,19.18,41.4,-20,118,114,39.72,36,29.72,-22,40,108,-6.35,130,49,131,13.69,55,65.82,-10,-43,67.08,-17.03,102,104,-17,9,-19,-13.41,89,10.17,122,-7.67
24.71,37.27,67.26,69,144,53,76,30,67,92,52.12,70,23.68,80,-22.09,67.55,112,29,-12,18,-25,146,18.58,136,25.05,14.65,71.9,-7.3,67,68.43,-14.22,-48,49.59,53,28,53.03,8,-7,-2,-44
65.34,11.17,-34,-12.59,134,-2.97,103,120,37,-20,13,-37,-47,-16.8,70.85,3.28,-19.21,56.46,65,-20.25,120,21,24,16,98,68,79,31,75,32,114,46.79,42,43,48.81,-9.51,104,99,3,106
37.48,-10,96,16,61,-21,86,47,-28,-24,90,10,3.59,9,24.1,7.24,14.16,-18,39.53,74.57,46.32,-42,-41,4.34,76,10,-7,58,29.94,-28,-33,33,13,54,139,54,0,71.41,55.83,-24
124,-13,16.73,133,61.94,-12,21.57,71,21.39,0.75,-23.26,110,11.31,22.24,0.53,68,20,88,27.87,8.24,137,-20.02,125,-38,98,18.63,-40,117,-3,23.33,90,27,87,-26,-5.01,43,14.74,82,4.46,97
125,57.34,31.45,117,40.36,147,20,98,71.71,79,-10.19,20.61,129,13,22,38.43,63.85,-18.8,-20.56,-4.89,99,100,74.36,45.67,-2.51,42.85,49,58.31,100,106,-13,81,45.25,-22.43,85,3.97,-25,69,45,42
34.48,115,58.61,85,48.86,100,-3,28,-40,71.9,22.78,90,-10,121,100,28.97,26,85,38,-4,-24.69,94,64.11,63.38,-8,-1.83,-28,27.15,58.8,2.59,45.27,52.56,-10.4,132,30,68,11.75,-48,2.13,85
-14.37,-43,136,-7.83,143,33.8,130,70.26,118,-24.12,27.47,54,54.6,-15,41,-30,106,13.9,86,45,-22,107,60,-7,64.48,-12,105,34,-39,-40,65,73,17,21.37,-7,35,47.41,60.84,22,148
75,56.48,38.62,35.85,90,4,127,-21.45,66,68.68,114,119,19.27,49.16,-5.7,67.56,6,-3,65.89,31,-28,14,-18,29.36,70.35,141,-10.84,62.74,5.04,28.23,-41,44,53.95,20.27,2.81,51.83,26.87,71,-23,11
-43,71,108,-19,139,53.97,2.64,17,7.83,34.75,66,55,13,13.03,68.41,-34,37.29,-41,68.63,145,139,69.49,48,43.67,39,56,5.39,20.52,99,21.27,148,109,141,48.77,29.06,36.44,28.26,87,11.88,20
144,48.33,23.31,36,101,58.02,94,55.27,10,24,97,22.28,118,89,18,146,-38,25.55,-17,16.47,-12.64,65.03,-4.74,-19.34,40.58,24,12.2,53.6,-20.3,-7,61.07,78,59.75,0.59,56.38,-22.7,61,-4,42.33,70.36
-24.54,131,122,-5.44,-15.9,18,39.43,60.69,57,-32,19.62,14,13,121,39,135,-14.15,-46,114,42.48,-20.9,131,63,13.82,48,8.84,131,-39,22.52,4.27,5.8,40.53,65.7,38,-33,42,90,56,1.1,-35
-17,36,-47,22.16,59.71,-1,-13,63,9.69,130,40.37,86,88,82,-15,140,-50,73,67.46,7.86,28.13,-9.92,-8.5,132,-1.76,43,-20,40,-18,73.96,94,138,-25,-48,98,11,-11.36,105,20,-19.68
85,33.2,1,-4.61,97,19,32.06,-42,112,95,65,-33,17,-19,66.9,-2.23,6,43,103,82,27.14,51.72,-30,141,-24,44,91,-5,67.68,36,27,-25,57,67,-13,95,29,32.61,12,9.26
-46,113,10.44,1.06,60,3.69,32,1,142,43.88,44.21,136,55.34,55.61,-7.49,31.61,2.21,-42,1,-39,61,50,4,-35,92,56.15,-18,51,-16,22.15,16,41,-26,82,-1.13,-15.6,37.58,140,9,26.53
92,82,42.9,106,145,-49,113,82,52.75,18.7,41,115,11.08,62,123,-37,-5.43,20,16.83,115,18,0.29,76,67.67,73.22,67,42.35,54.73,100,37,132,25.25,-25,58.37,-21.75,106,-5.18,142,45,-23
-35,-4.48,26.29,-26,38,-19.04,65.38,-35,-14,109,79,10.94,13,-39,39.89,-8,-7.99,0,-22,15,39.5,134,-9,-20,139,-6,72,-13,39.12,104,5,16.75,140,126,42.16,14,2.88,-18.07,51,131
58,89,89,36,72.32,-5.3,8.43,115,-15.29,144,-16.57,64,126,-24.1,63.9,144,-40,139,100,96,-13.4,101,142,-23.45,73,149,110,-35,-19.64,74.51,101,10.63,49.32,44,-14.54,74.49,51.98,-14,-20,-9.62
134,-18.1,14,-9,77,70.41,68.1,36.23,94,-23.89,22,81,71,12,67.34,57.87,94,9,57.45,51,84,19.97,21,52,2.62,82,75,11,147,46,93,49.75,-9,53,11.81,49.94,97,62.45,31,-22.72
47.34,-38,68.53,92,51.72,53,-0.96,32,38.86,-22.97,-29,-30,-3.88,30,40.93,-30,-8,132,93,-39,39,92,91,86,14.24,117,10.17,15,-14,14.62,60.63,72.77,4.85,64,61,-7.42,20,95,123,123
135,11.78,94,13,-6.19,23,110,139,-6,0,45.41,134,36,107,5.07,62,27.75,7.46,131,23.85,-15.92,113,67,15.51,82,70.67,-24,-11,-15,37,-17,0,55.57,29.4,139,66.07,-11,-19,-2.3,56
-48,-19,20,59.53,138,140,-13,-0.97,99,-3.77,58,-32,-23.11,88,-49,88,-19,38,17,39.51,-27,-22.37,131,49.45,-13.41,132,60.99,138,53.2,61.53,50.54,-22.23,102,-16,108,63.8,83,-26,-16,145
26,74,23.82,-3.26,-12,-16,-24.73,37.82,60.48,27,30,29.92,38.6,85,38,61.54,-7.45,131,-47,37,137,30,48,124,10,7,64.51,17.17,51,-21.86,118,15.54,125,-29,17.94,-8,51,46,139,7.26
114,53.43,62.46,145,-24,76,-25,38.48,147,124,68,11.82,79,40.96,-31,25,100,-23.18,-44,21.22,1,-2,-7.46,40,132,-7,98,101,17.84,16,27.59,-33,0.59,121,-1,-46,3,36.4,83,10
147,30.77,-5.58,123,98,72.04,65,0.63,142,78,49,-44,56.87,52,73.44,53.89,-30,82,-7.17,38.17,-26,23,40.94,48.74,84,42.74,28.25,122,-1,-23.82,40,-11,18.52,28.39,80,142,83,65.1,45.15,49
124,46,-2,131,145,67,95,105,73.52,55,11,131,121,5,87,17.87,12.13,142,36,4,43.37,81,31,43,27,108,-19.03,-16.36,70.07,118,7.74,6,-22,28.7,5.27,40.49,-44,65,-21.51,61.33
-1.62,33,25,-18,26,145,-17,8,60.71,53.73,49,52.64,-11,23,71,-41,130,28.97,2,22.86,65.27,110,-25,114,129,30.61,-0.47,-0.19,-5,31,94,74.74,141,62,-10.84,58.72,18.18,18,-47,36
39.36,55,-6.12,102,10,-11,100,90,82,33,75,-5,106,-0.47,3.89,69.42,37.14,-49,87,-6.56,135,53.77,7.39,-46,-16.16,60.72,10.64,-11,-1,82,64.94,74,-3.39,108,66.39,-0.84,-41,107,31,-12.07
-27,46.69,53.15,-21.51,-42,-21.95,33.29,17.24,-30,63,81,68,37,30.44,62,-23,37,15.07,23.04,117,38.99,49,13,38.57,7.77,97,12.85,35.31,109,119,42,9,22.11,136,53.75,-13.19,9,-8,6,68
56.32,86,128,103,15,123,72.13,43.13,89,-19,143,9,-8.85,103,18.6,25,-33,62,71.19,47,-11,-17,-11.12,24.58,4.44,44.39,145,126,30,30,-35,58.89,119,27,-10.37,104,85,-36,-32,-14.78
13.49,139,-45,-24,-37,51.15,137,20,80,33.3,42.82,42.09,47,-31,100,59.26,28.72,-20.8,27.99,43,-7,31.17,27.46,105,-8.12,16,-5,-2.01,52.67,108,96,123,10.07,145,-38,39.19,-13.94,29.92,112,-3.62
77,58,18,-20.66,-18.31,113,62.33,18,97,-37,44,83,24,8.12,82,24.93,14,-31,91,1.87,45,-8.11,136,103,-15,56,85,146,113,-24,-17.05,131,11.78,25,137,112,-49,36.1,-5.21,64.36
28,-43,43.76,101,29,-4,4,35.14,-10,4.42,59,52.93,-50,95,17.7,1.19,72,73,-1,85,72.67,61.9,70,-48,62,-11.59,-47,104,139,136,10,70.77,42,89,118,15,-17.63,72.46,28.47,62.63
57.55,9,52.79,65.05,-24.34,39,22,110,69.73,-12,52.88,-13.7,120,80,148,11.27,42,2.96,88,51,38.78,89,71.71,-6.91,43,68.62,127,106,54.54,0,17,72.34,36.79,25.29,5.84,87,-8.48,83,-23.78,-41
6,73,68,1.83,37.65,-39,87,131,122,17,79,116,70.89,14.8,101,-3.96,5.1,93,9.92,37.19,90,42.24,-18,23,29,1.99,-22.73,-19.7,59.66,-15.78,24.8,122,131,35.86,14,48.75,26.41,57.69,108,80
25.66,0,69.34,42.6,-25,-9.42,115,92,60,141,36.21,20,31,47.73,83,6,25,148,-11,20,64,56.57,47,37.03,-23.15,20.13,36.72,112,27.32,-9,60.21,-48,76,16.26,142,112,57,-27,22.76,10.31
13,-36,106,22.1,-11,17,140,-5,34,-27,45.35,-17.47,25,-17,-6.56,91,108,-27,-3,42,-33,64,90,-7,31.62,-2,31.86,13,15,21.7,-19,-25,78,59.64,118,43,49.52,53.87,36.24,33
136,-2,60.82,47,25,11,145,54.12,-43,21.1,18.37,23.75,22.46,84,74,-8.53,14.77,27.26,2,68,115,7,81,10.84,6.19,1.68,-49,69.01,51,4.33,73,103,54,79,84,30.97,75,7,-12,-26
64.77,113,116,32.93,140,10.39,27.03,-25,25.79,24,46.45,-35,58.56,28.15,-22,-9.43,-16,122,107,145,32,28.35,67.51,67.76,39.5,-19.08,15.37,48.84,3,82,-22.69,0,-15.5,93,87,140,31,66.17,84,67.76
13.22,-1,57.42,1.72,51.24,17,-22.05,58,55.98,33.96,99,-17.74,-40,67.86,52.11,123,-14,52,-13.59,146,55,-30,-23,108,2,-19,-23,11.27,99,-22.39,46,-27,63.01,18,4.33,41.53,74.45,144,-14,109
136,47,41,-34,133,38,5,134,23,-24.07,73.21,122,16.22,-13.17,139,63.82,68.9,59.6,25,125,71.38,23.57,29.13,81,53.06,134,25.21,-42,6,77,18.03,61.9,133,-23,-8.27,38,55,14.39,63,30.64
112,3.49,75,68.42,16,14.98,109,128,52.47,32,21.6,57.39,21,0.76,17,-7,44,86,-5,136,36.6,99,27.98,57,6.18,58,137,31.79,54,-30,27,127,47.44,55.49,105,4,-2.11,-12.03,2,46
10.53,6.05,36,131,-8,-18,7,1.12,8.76,-36,120,70,139,34.76,28.75,43.28,11.11,-38,102,6.75,27.7,84,15.77,8,46.88,83,49.03,23.46,63.39,-1.06,66,-18.91,42,66.62,33.23,65,0.85,91,32,80
130,-0.69,122,-17,-20.41,45.45,57,101,29.3,56.33,73.09,-10,71,130,73.17,7.49,-18.77,112,45.12,-5,69,42.74,7.38,14,5.81,67.25,21,-20,55.93,52,-40,77,14,29.27,38.27,-35,23.32,39.9,52.38,128
94,27.89,-1,71.59,-44,57,-29,-11,93,-11.97,-43,6.12,13.89,72.23,119,33,-37,-13,-46,5.9,78,-23.32,26,115,81,135,67.41,17.53,5,-17.28,52.01,92,-2,48,50.05,69.29,61.84,79,105,1.94
-1.91,46.64,-22.52,-10.52,-15,95,-24.42,-33,54.49,-25,79,10,74,25.45,122,5,5.69,-6.86,136,40.04,11,2.65,35,5.82,60.81,-24,-34,7.97,16,122,36.35,134,67.27,47,133,35.98,-24.65,-25,65,37.61
38,30,84,119,7.62,85,143,58.58,-21.51,40,40,39.09,3,56.46,41,71.34,56,2,55.92,70.72,92,135,-19,-4,149,-6,-20,53,44.7,-3.53,8.69,112,51,79,63.95,39.26,128,39.01,-13,7
-23,-10.87,134,37,70.04,60.12,21.93,44,-20,-48,37,144,147,148,70.68,10,76,67,-1.23,34,2.69,65.51,96,-36,122,48,35,46,35,97,-17,74.4,7.98,123,68,14.34,16.12,11.57,66,17.12
139,-35,-16.23,33,-7,106,57.02,31.53,35,10,41.24,74,32.79,-11.05,-5,12,-14.18,48,145,54.46,29.54,55,7.55,19.52,11,-0.39,41.17,145,1.34,117,22,10,59,49,-33,-41,-33,98,-36,131
72,128,137,117,-20.85,41,11.21,27.45,86,73.4,102,105,125,-23.45,-8.13,16.19,62,40,42,17.1,12.18,-6,92,126,5.72,45.06,14,-13,-14,-21,73.85,-18.89,-19,63,12,7.68,37.21,94,26,135
44,28.09,116,110,130,-25,37,17.03,49.14,-34,9.69,57.97,82,-42,-7,125,-8.85,-9,61,21,-28,-5.51,19.98,-22,149,94,13.33,61,101,116,46.28,-2.79,-22,21,52.69,16.51,13.86,-44,12.93,-24
55.26,23,15,2,-11,40,93,-19.67,0,1,-24.84,25,-18,139,-7.46,123,-16.29,73,131,10.04,-9.85,13.33,44.17,-4.14,60.21,10.04,-20,-44,-31,10,93,48,93,-4,126,65,73.09,68.58,9.85,33
127,50.43,56.89,93,10,59.2,65,85,21.7,25.4,-47,-46,50.37,7.23,60,98,58.78,139,-15.29,142,32,108,22,57.85,34,104,37.1,63,-10,78,1.51,67.67,112,115,76,133,1.49,-19.14,119,-44
9.02,42.89,67.37,123,63,111,-14.88,-4.12,32.45,53.92,-19,31.84,39,104,-38,6.12,-47,129,62.54,35.57,-24.31,22,26.41,66,31.43,25.85,149,-39,37,78,14.2,109,142,46,73,72,8.12,71.64,62.42,-19
9.67,49,67,119,-11.69,-3,23.43,33,-12.24,65,-18.96,12,77,32,29.71,15,53.84,70.35,149,31.91,62.07,8,102,22,3.15,86,109,4.88,132,22.79,-8,-1,69.17,14,56.45,146,115,58,21.6,43.17
-18,100,-28,48,39,54.34,-2,-6,45.51,82,103,-10.19,75,46,48,8,136,81,122,4.4,114,5.94,91,-1.48,3,-28,-7.19,132,0.08,-4,115,-32,-49,-20,63,-34,29,137,43,113
31,27.27,7.5,28.99,-44,22,66.65,10.74,45,103,-16,149,109,36,104,118,15,26.38,-32,0,35,-20,15,-27,138,146,1.57,2.1,-10.72,20,37,51.55,39.37,74.14,38.45,66,17.87,21.74,-40,86
128,120,-17.51,40,56.54,46.14,64,4.49,-27,106,47,72.67,49.78,129,-5.08,112,20.47,14,-32,-32,91,3,34.41,7.61,33.82,14,30.79,110,20,63.92,123,104,10.16,14.82,-4.33,125,-38,-5,14.55,132
-39,53,141,93,33,73,-42,65,51.6,111,-4.02,40,25,42.95,121,117,-9,9.57,28.55,-18,32,71.51,64.03,-9.53,138,64.45,60.75,-22,144,-15,120,-38,17,-20.79,-5,3.79,21,40,23.41,61.55
-48,39,47.14,26,61.69,128,58.93,73,-22.83,-17.38,5.18,22.43,3,72.43,48.9,27.38,74,147,-9.55,147,-33,79,-12,13.92,26.77,-4.64,12,14.61,52.02,47.7,93,103,-8.55,145,108,20,25.14,10,32,128
-12,-18,77,33.25,-3.95,146,2.48,-49,93,15,15,-18,-7,-20.89,-39,-15,53.28,43.12,42,-19.82,40,50.74,135,55,52,1,46.33,-33,126,-19.93,63.32,58.57,-36,-16.07,89,144,-22.9,16,44,36
-43,64.83,-27,61,8.9,65.66,110,100,-16,12,44,49.59,49.65,23.25,-1.83,42,122,-18.2,-43,-4.36,6.66,-20.35,19,11,88,49,94,59,55,76,134,78,1,64.34,31,17.33,32,0.14,147,-17.62
58.55,89,24,-6.51,30,-38,3,-21.69,-16.66,-24,124,14.94,58,18,78,12.48,141,-10,27,14,56,52,54,123,97,70,71,83,47.35,67.65,141,146,-6,126,11.68,11,5.29,24,-0.6,51.09
115,15,33.13,2.47,61.28,26.99,48,100,61.66,71.18,142,67,72.08,-15.65,61,-42,81,-25,40,71.12,-5,91,-48,-14.37,-43,9.92,18,113,39.08,52.67,123,125,122,3,56.44,61,105,-10,2.16,-34
54.25,78,37.84,26,60,10,-3.9,19.3,17,21.42,-29,54,95,56,147,-15.26,41.46,-4.48,-0.58,12.94,33,2,-47,-23.71,75,65,83,51,-13,37,6.16,-22.65,144,68,-21,-17,52.07,58,34,-18
23,-13,118,2,133,45,141,-49,-12,107,-9.9,39.57,-35,147,81,36.06,124,132,76,35.52,26,25.61,56.56,-18,143,-0.76,5,-46,13,81,74.56,94,14.38,3.39,5.96,33.76,-34,9.96,145,1
37,-7,-12,-18.16,-7.26,21,88,148,102,48,86,-31,49,-26,30,147,60,48.81,1,-23.1,5,18.96,30,81,50,23,86,-40,-4.12,22.97,44,-39,132,-26,74.03,-22,125,-44,44,59.6
25.81,-8.29,34,87,56,40,72,8.64,131,-17.09,-2.48,38.25,-22,68.97,9.92,119,69.95,-8,-0.19,-18,-26,86,17,-19,103,23.74,101,97,74,145,55,35,34,10,-7.29,57.49,107,35.25,42.67,-23.6
44.95,-12.26,34.26,58,7.63,83,-16.39,102,40.54,44,55,-49,138,111,13,-39,100,106,97,110,17,95,33.72,-2,55.87,37.75,94,25.62,-42,68.17,-21.75,-37,15.15,10,19.33,111,42.86,33,54.2,18
103,-39,18,73,14,-37,62.9,-17.24,11.27,38,64.81,92,-42,-7.24,90,73,110,-4,-15,115,77,27,24.21,69.88,130,-22,-9.35,-15,-28,36.4,-19,69.27,-26,-46,115,114,98,56,15,43.71
29,135,-35,-6,55,108,82,-20,113,19,56.42,103,70,20.36,54,-22,-11.53,-43,41.91,146,-50,16.63,72,75,-4,111,61.63,20,91,98,-30,124,56.12,141,49.88,-23.19,-24.04,-18.5,-9.27,37.85
63.03,81,46.25,96,27,29.31,-47,16.9,54.77,4,138,19,58.74,-2,45.72,4.59,40.75,56,28.69,66.16,-44,-2,65,-46,62.68,71,49,18.5,22.55,58.13,-26,122,45,66,12.04,52,-12.61,145,123,126
13,24.21,73,20,11.32,-16,66,36,116,29.74,129,-28,20.36,17.36,-9.11,3,-16.66,42,78,25.83,73.6,34,80,23,3,35,-13,-5,-25,123,44,149,16.82,-15.33,58.6,75,-3.59,5.79,2.16,70.94
28.76,57.85,33.24,92,-32,17.5,44,-32,83,12,40.37,-18.02,-20,-5.12,99,119,63,53.11,44,46,55,52,63.29,98,22,131,130,60,145,-13.29,-4,128,25,52.54,2,18.81,74.03,37.33,59,29.56
38.14,145,75,71.55,118,-13,96,36,-17,35.82,51.76,-8,-24,117,-34,4,115,131,47,-11,15,88,81,68,47.36,39.46,-8.86,62,138,11,17.58,-28,0.22,46.09,-19.46,32.06,60.68,-11,78,11
106,-44,-7,107,32.36,59.57,-21,116,72.82,69.63,46.13,44.29,81,29,113,22.34,79,110,34.35,-35,-17,69.13,46.34,8,-3.17,9,29.88,92,20.85,73.07,-48,-16.33,23.58,63.73,136,55,-23.26,60.58,-38,64
3,-17.93,60,139,50.28,46.58,51,-21.86,63.99,16.58,53.98,-50,38,-9,50.15,-16.9,-32,-10,55.46,109,48,30.2,45,57,22.08,-18,-21.41,29,73,1.72,122,108,42.1,80,136,16.18,19.45,30.02,18,-5
33,83,-11.32,85,-1,4,2,89,65.21,65.8,-19.3,16.52,6,135,65.77,1.18,68,130,29.59,-18,61.36,41.37,7.48,46.75,63,47.75,2.17,98,-14,-4.94,-21.95,40,-20.14,56.54,49,-21,148,-18,78,-20.47
33.84,112,33.35,29.32,10.52,94,22,10.63,-17,5,32,-14,39,-18,66.62,14.89,19.57,-15.47,127,99,-21.67,1.97,53.38,118,143,128,-5,29.83,-20,134,53,59,47.98,-32,-3,-15.74,57.89,-30,74,-32
44.71,83,145,-1.13,69.94,54.08,-16.25,65.88,38,116,-4,20.98,-10.05,-45,12,-45,46.55,-12.67,137,-20,29.8,128,42,10,-49,71.42,100,-17,-47,2,92,97,97,127,-32,22.55,23.02,32.74,52,95
121,56.99,66.53,-22,34,35,47,0,-48,17.31,31.27,99,44.04,72.49,55.12,102,3.6,52.95,65.93,-23,4,37.23,119,-30,23.74,113,69.03,12,63.48,35,0.07,123,87,-6.58,52,-19.29,48.66,18.47,-2.1,-1.44
37,96,60.1,73.53,141,-23.15,-2,-2,10,5,14,64,13,71.78,63.47,56,24,70.8,129,33,-13.01,69,84,-6,-16.38,59.82,68.96,60.56,30.05,2,59,-13,141,32.39,56,-40,28.06,30,-43,48
-11.91,-4,-5.49,70.27,70.86,69,25,1,20,138,-20.81,57,87,30.74,26,31.86,12.25,65.88,26,106,-15.72,60.42,72.78,85,-11.57,-44,14.94,83,48.64,-4.16,69.27,15.43,-41,39,-17,76,49.72,47.41,64,126
2.47,-10,33,58.25,4.81,26.78,-13,97,-33,78,46.6,-6,-44,118,77,3.97,-8,71,-7,-42,28.97,18.06,-7.85,22.34,-8.62,-47,148,81,-6,128,64,3,55.3,-2.25,26.1,82,-39,29,11.29,-32
129,43.77,16,5,15,73.49,0.39,1,57,-6.15,67,119,31.3,-6.44,32.91,50,-4.06,35,71.78,77,-27,87,54.38,18,29,69,43,29,9,35,-9.1,34.77,146,-27,23,79,31,137,9.12,2.33
71.8,19,-45,37.89,82,-1.04,22.68,-38,21.74,65.95,50,10.25,21.69,36.42,-29,66.98,95,-22,-37,149,38.83,-6,10.63,59,0,-11.82,112,88,106,48,134,-33,-6.1,-8.17,63,-37,107,-15.47,47.03,110
-1,-17.65,120,30.78,28.53,56,59.1,-28,23,104,148,13.14,-20.16,142,17.76,81,100,-39,87,-1.16,7,74,-31,-0.77,69,0,63.22,-36,45.06,47.14,136,23,70.23,20.64,-13,37,67.85,25,85,-13
139,-17,2,67,84,26.67,40,31,8,-22,138,-11.87,8.64,-24,27.06,3.03,50.64,-39,6.65,29.64,33.41,137,40,-8.15,-3.02,69.41,61,-3,-36,68.92,71,-5,73,50.46,6,130,-12,20.71,110,28
141,-39,101,-22.77,-22.03,127,-16,-14.21,64,32.74,-38,-21,147,36.51,15,37.19,142,16.86,-33,91,-5,92,-23,32.17,52,10.26,124,-14,16,33,89,127,54.36,29,71.26,39.47,146,111,-27,61
-0.24,29.83,68.8,24,-8,147,-13.09,73,135,-1,-40,27,37.27,38.86,12.38,51,92,15,1,4.15,41,-15.24,10.39,-4.09,45.52,60.53,73.59,65,87,44,67,146,52,37,-14.56,18.26,18,-6.74,-5,-23
-35,87,30.05,65,76,49,-14,86,38.74,-45,132,54,20,4.81,-46,42.49,54,29,-24,147,15,39,81,122,108,53.06,29.36,72,56,72.99,2.03,-17.04,106,133,96,99,74,45.29,-38,-24
-11,-15.72,40.68,15.71,-46,-43,94,22,32.38,76,-17.36,100,-25,28.69,82,109,120,-10,-28,14,17,72.34,137,72.8,52,95,-7.68,-11.81,-27,27,-22,39,-33,-34,25,47.82,30,74,23.21,44.33
56.44,70.16,67.86,18,30,81,-3.48,15,-21.1,98,11.91,126,37,64.4,7.01,2,-32,60.13,42.43,-9,50,77,66,2,-6,6.46,-19.62,49.95,143,25,14,73.09,26,106,49,-5,53.76,73,41,13
-11.02,29.74,44,47,87,89,24.95,41.74,99,132,42.81,6.66,22.16,-19.83,16.38,-21,28.35,148,73,21.13,-18.12,31.38,-2.81,-7.6,49.99,41,3,85,50.79,61.13,-46,-24.41,-5,58.74,-10.08,79,-7,45,58.33,114
23.08,33,30.96,17,51.59,-44,-44,43.92,-20,66.53,115,58,-21.3,100,63.24,71.78,40.16,141,111,-4,56.1,-45,30.25,32.32,49.68,-24.82,35.04,65.45,56.94,-8,129,91,48,-7.56,9,-24,4.65,44.96,70.6,-13
98,23.37,84,-27,49,96,-10,143,4.5,-26,-40,-41,72.95,-49,89,44.3,42,-32,73.23,76,61,118,4.97,8.79,117,-17,40,69.48,107,16.42,-4,9.5,-19,-50,8,12,54,-17,42,18.33
14.12,67.37,-15.72,33,91,98,-8.21,35,20.24,-30,94,41.8,80,62.12,0,22,-12,134,6,-40,23.11,49.83,-0.34,-35,-15.87,21.88,-47,13.99,6.55,39.84,5,67,35.37,-20,127,69.24,5.52,-23,4,5.81
69,28.1,7,34,-42,26,-10,34,32,147,80,14.49,-20,68.91,-38,42.9,47.66,38,90,28,54.27,11.64,66.36,-2,52.02,-20.57,32.27,145,41,142,-43,73,55.45,95,35,58,44,13,-4,66.64
-37,3.65,36.47,-38,1.14,60,17,-7.33,33.61,71.44,132,30,43.26,51.5,0,23,49,93,26.83,-22.68,72,-7.97,1,-11.51,112,74.75,137,117,-16,-21,-29,59,64,-28,-4.41,8.25,-40,50.25,86,-8.05
35.88,-14,-20,20,58.25,-16,53,108,-2.41,48,86,121,-4.72,133,-11,96,119,45,136,32.54,-4,62.25,144,-34,16,-32,48,114,63.37,-6.54,60.99,-45,114,44,24,-10.27,-7,54.46,31.1,-49
2.47,-13,26,109,-45,73.77,114,50.34,37,-3,67.98,38,40.94,74.04,56.5,107,-4.34,49.67,138,52.4,-7,-4.74,51,-15,3.23,119,49.26,122,10.52,143,35,96,48.4,40.24,130,-40,61,113,-19,43
142,-2.9,-33,1.66,-13.19,-7,4.54,16.51,-18,142,118,39.92,10.81,99,62,-9.08,43,53.25,8.51,-15.53,45,53,25.95,77,16.46,28,130,37.73,80,8.32,70.28,143,93,-3.44,41.67,113,42.68,25.03,33.38,46
-40,80,53,21,48.18,113,8.23,26,11,5,33,51.7,-16.08,-3.54,6.99,-10,9.25,-2.08,142,-5.24,5.75,109,13,132,20.62,-47,-19.79,74.65,-47,68.65,87,-1.42,27,54.84,146,-15.19,-4,90,24,-30
-38,42.45,57,-16.88,123,97,50.27,24,42,133,4.96,124,70.6,126,106,35.58,-26,-6,6,-20.23,-20.56,87,65.71,99,76,81,53,9.52,138,-29,71,85,78,85,42.99,6,36,22,116,124
26.02,10,118,72,-13,67,-25,42.99,-0.47,-13.47,5.72,139,74.6,125,80,-5.25,10,143,-8.43,41.73,-1.99,-26,30.18,45.39,59,5.97,8.49,79,43.48,60,-21,6.92,-0.23,13.98,88,1.97,4.79,25,78,129
-9,25.3,26,75,60.74,148,36.23,149,101,-21.77,18,-15,7,32.37,-8.45,13,67,142,0.86,72.94,38.24,137,111,33.69,70.78,10.65,-1,72,49,29,-13,63,33,80,-18,47,139,128,40.12,2
135,4.31,29,-13,54.42,42.84,47.76,8,106,-36,-8.15,133,24.46,43,22.3,130,62.39,64.61,-7.8,-39,-3.21,61.03,22.99,-4.58,-17,-17.61,112,62.18,35.58,43.61,56,54.92,32.26,-12.13,43,-19,93,63.23,-33,62.91
-36,20.58,7.38,1,21,3.12,47.38,-6.23,28,60.44,20,10,36.92,60.26,-46,113,15,65.24,-19.2,48.48,-1,77,-24.92,3.8,63.38,-34,-4,38.19,27.7,96,68.82,-9,6.5,40,74.24,-12.26,-43,56.43,-13.37,15
-8.24,65.27,16.08,24.66,67,50,63.1,-13,73.41,-7.48,54.17,41.1,127,108,-7,135,-11,113,92,6.75,137,95,137,115,45,-11,5,121,10,17.49,80,47,-2.97,24,24,21.13,67,129,43.63,-18.06
78,90,10,73.47,4,125,86,3.22,42,116,118,-39,61.95,5.84,136,-44,-6.42,117,67.08,67,-13,33,-46,89,19.47,33.06,-4.13,68.54,11,30.29,29.33,61.82,68.1,114,-26,116,87,-45,127,-23
85,52.79,121,-45,115,71,133,115,74,-19,26,78,88,40,12,80,0,97,-16,30,26,87,-22,24.46,1,-25,70.41,-22,65,80,145,73.86,82,149,60.73,107,65.73,54,32,44
8,141,93,140,-37,34.75,77,-7,24,46.61,14,53,41.96,128,83,13,-17,15,112,-6,39.96,9,31.14,-5.97,88,35.78,138,32.01,-27,125,-33,-27,67.07,66.97,37.58,73.22,78,139,-20.8,101
13.01,-36,57.35,111,15,32.37,0.15,46.76,70.06,40.81,50,55,11,-19,3,53.85,8.06,26.79,40.07,-30,-39,39.06,-8.24,42.92,141,73,80,52,1.82,83,148,134,32,123,101,127,55.33,48.69,95,78
62,81,-9,100,24,6,-1.04,-6,-24,120,26,92,35.67,57,14.86,131,-17,2,19.45,117,-34,25,139,-2,-22.37,-14,-24.8,19.65,66,-23.88,107,147,70,-15,40,71,44.52,-16,47,15
22.84,-7.3,147,-9,-12,105,87,73.74,10,53,115,75,72.35,37.71,-10.79,91,45.02,31.35,47,30.04,21.97,-4,133,22.5,82,-1,28.48,63,-25,-22,79,85,66.9,54,17.66,4.46,56,124,90,128
-24,-24,39,57.34,16.22,50,-23,50.47,55,61,24,-47,115,5,81,30.44,24.92,91,36.56,110,127,39.39,72.14,0.98,42,131,48.93,-50,65.66,28,69.61,138,5.37,91,66.38,-29,79,24.79,19.5,-36
111,-4.9,-20.27,-9,-7,-8.29,0.36,-45,39,100,112,57.47,8,37,-0.84,1.59,-12.52,58,-50,-2.49,72.52,5.42,37.5,57,-21.88,87,16.6,-25,-10,-8.52,-13,47,-14.26,77,33.5,35,-41,143,64.72,-24
12.12,-43,24,60.51,48.06,22,-45,71,15,68.85,68.73,20,19,-8.19,122,-44,12,84,115,44.85,107,48.33,34,11.69,26.91,-48,26.88,-5.04,-20,138,9.16,144,-6,81,60.46,2,28.19,-20.77,134,47.58
62,37,137,143,22.89,27,57,37,70.06,103,-10.71,70.23,-11.84,11.61,-13,24,40.6,-31,100,40.11,-7.95,65,40,-24.99,1.49,72.69,36.49,36.58,39,57,88,9,92,3.92,7.41,-1,22,20,113,66.96
24,72,-34,-40,35,45,-47,72,-10,-0.8,7,-35,79,42.57,32,22.99,-33,121,43.73,88,51,130,109,-24.19,-4,42,52,-3,-6.88,31.56,68.6,108,62.6,25,-4.61,29,48.98,87,-12.25,4.93
137,-4,-36,70.67,-16.89,37.97,98,69,144,5.83,139,5.56,-18,26,108,15.41,-4.76,44.57,-24.28,70.33,1.84,62,53,-20,8.28,53,47,139,43.41,2,64,-49,69.22,-12.54,110,-14.75,0,36.15,38.4,118
-48,-18,93,88,147,31,56.16,16.9,2.68,31.99,14.27,115,72.19,-50,145,60.34,21,63.99,-44,135,5,96,17.9,61.21,-33,115,149,121,102,-41,3,94,125,53.76,113,10,29.61,56.46,-5.52,-5
8.66,13,70.91,131,100,59,134,61,82,-5.29,45.12,18.65,44,14,73.6,-44,18.34,106,105,50,1,63,-35,69,91,6.12,63.83,129,8.49,72,118,44,25.08,-7.47,70.68,134,-5.42,19.67,-5,24
134,-7.8,62.96,-4.07,39,57,3,34.8,93,128,-45,31,124,46.3,48.45,132,87,35.31,120,108,45.63,39,19,-10.36,126,148,59.8,6.52,74.52,109,2.19,-23,6.58,-42,1.93,5.86,76,5.67,101,109
47,132,16.55,24.85,102,19,73,77,143,148,74,8,49.78,139,17,-19,45.99,46,0,7.64,-22.7,96,51,-14.68,111,-25,-20,20.73,23,98,38.69,85,16.71,31,64.78,31,108,110,14,-0.49
-7.19,40.11,148,15,62.66,10.13,31.63,64.05,14,145,63,71.24,-5.95,140,119,1,9.01,139,-20,120,77,112,-18,-42,-21.94,4,77,70.53,64,32.31,58,66.21,58,3.21,60.41,-27,22,70.84,50,68
-30,-45,48.43,-8.65,86,-3.78,-19,6,99,30.02,19.2,45,11,19,98,59.26,44.2,62.38,129,-1.14,30.06,38.16,38.55,30.78,-4,62.4,11,47.36,55.4,39,87,71,16.76,-44,45,64.68,-18,-39,1,-43
120,45.56,-6.89,-22.78,88,-8,73.51,-33,7.9,85,61.42,73.21,90,131,20,66,45.87,-18,87,73.46,59.45,130,31.96,6.07,-36,16,141,-2,35,48.58,34.61,61,64.8,-21,16.3,-27,-37,94,-21.97,36
139,2.3,59.64,-46,24.3,21.03,6,2.96,22.34,74,-34,67.48,2,-2,149,19,73.97,61,18.6,8.08,5,32.37,67.89,70.97,-37,31.87,-25,21.66,72.68,13,12.69,11,102,47.08,-3.19,102,-49,-23.41,45.47,132
74,9.38,-7,133,52.97,23,-3.88,10,29.5,105,118,7.74,-23.74,0.96,26.46,56,57.06,53.65,26.69,53.77,20.5,36,83,37.63,61.8,115,-12,82,-24.26,130,52,8.52,3,-1.42,144,30.92,115,91,9.85,-44
7,36.62,14.41,122,10.64,143,-12,-23,5,101,-11.99,29.66,-17.14,100,45.3,0,35,63,135,-19.75,-15.97,136,62,30.19,-42,2,-0.33,11,41.03,-3,68,100,132,-47,34.05,4,108,35.04,57.88,60.56
120,46,64,-41,9.2,15.96,-15.79,107,83,67.19,124,134,128,3,125,-28,-32,-43,-15.98,125,32,-2.47,61.01,-41,-50,46.58,132,109,123,111,26,46.62,2,55.86,-49,-42,55.99,-1,1.05,51
78,126,-42,114,-8.61,-36,102,140,105,85,71,-37,-38,-16.94,42.77,-39,-22,-10.24,100,-46,16.44,47,11.94,43,61,31,107,76,26.24,-8.46,32,-19,80,2,6.07,125,67.51,-12,-10.9,22
11.07,110,66,-4,-6.95,24.87,65,144,-16,31,4.46,55.46,6.39,-8,36,140,-15,-39,144,128,104,2.91,-9.4,78,-18.7,145,52.86,72,9.48,-5,41,46,9.35,5.54,16.75,72,17.48,32.67,6.42,76
44,73.11,4.01,128,-41,71,-4,63,117,19.43,143,22,71,54.33,31.23,145,-47,67.63,17,-12,41,59,1.08,8,46.22,14,52.79,-1.82,68.03,4,40.68,82,50.92,46.33,101,-13.76,64,77,70.38,38.15
-8.26,49,44.46,114,62.67,-14.99,128,87,90,-13,48.97,20.63,-9,20.49,82,-24,-9.94,9,142,-15,30,90,-13.4,14,81,2,-19.67,41,8,-22.67,2.17,-35,50.54,31.93,141,148,-3.96,95,68.32,124
15.94,59,22.15,33,-21,61,12,80,77,35,-32,34.05,53.97,65,120,23.24,25.09,49.92,30.18,11,12,45.83,55.58,82,-5,-16.15,51,51,24.9,135,-10,44.09,31.9,14,-19,77,21.37,54.45,1.06,141
97,29,69.03,80,-16,45.03,131,131,-50,-11.43,70.53,33,62.69,53,-1,15,15.97,3,74.02,-11,43.43,4.47,51.65,148,42.24,-41,46,-12.94,56.35,-20,33,-3.9,-15,54.32,61.62,39.39,29,-19.46,-36,-35
-12,115,9.39,13.75,33,43,93,119,81,0.14,50,7.95,57,39,146,15.24,104,-9.99,-12.14,135,52.24,-36,45.13,-21.19,-46,33,54.01,8,64.62,51.88,14,-5.21,32,1,38,24,-4.39,53.75,27,144
12.31,135,86,-20.29,21,31,64.39,-45,14.44,74,53,140,-18,-30,2,129,-30,8.14,-34,-13,45.24,5,43.16,19,143,23.53,29,-29,-39,63,71,-50,45,-12.92,50.65,60,-21.06,124,-7.36,77
58,11.33,114,-28,-37,103,-5,56,70.11,144,-43,12.57,126,30.28,24.22,56.04,3,-24,12.46,1,10,49,66,3,70,-8.32,-38,-10.88,45.22,127,97,-20,-19,48.58,34.21,-21.43,-13.64,47,59.73,87
3.59,70.61,78,48.61,-26,29.26,6,124,79,24.47,0,-21.45,115,-3,70.39,87,88,16,-11,2.25,-2.53,51.24,-6.55,85,110,11.58,60,79,-36,33,-23.77,-46,121,101,4,-17,-18.25,17.74,-7.14,-5.09
18,66.65,41,-11.57,57.85,1.84,67.05,-41,-19.32,-14,-12,58,9.58,36,97,-28,55,55,-25,18.42,124,149,146,104,26,6,35.4,1,45,99,-3.37,122,80,-1.19,73.03,20.16,-44,-2,42,137
133,149,61.29,77,110,95,-18.21,70,2,-38,73.91,-2.62,149,-19.07,45,19.43,25.24,107,62.43,-19.14,74,35.13,49,78,56.98,36,-9,73.96,97,-36,28,-32,56.56,106,30,38,141,33.89,37.56,-1
-10.47,-43,19,-38,-1.74,96,59,-31,-28,17,112,35.84,9,70.74,-13,55,-3.78,57,136,29.89,143,-12,22.73,46.36,34,67,51.67,66.38,-42,-41,113,-29,104,69,46,109,48.22,-20.61,5.14,6.8
51,32.39,-19,-46,20,16.01,18.5,105,72.37,0,82,115,89,19,66.04,-15.48,12,30.39,73,136,71,-21.86,30,-14.2,46,-40,121,28,147,33,39,-18.8,11,21,114,55.2,-1,54.45,60.46,145
-48,63.6,38,101,63,72,2,-22.27,78,50.43,-0.83,43.56,9,14.27,13.53,-7.48,41,101,-8,18.91,73,9.23,26,-35,22.71,67.95,68.07,138,117,104,45,42,-50,54.12,31.25,5,74,35.69,30.56,58
36.66,20.15,69,1.66,-17,-25,-19.95,28,30.36,57.22,-6,-20,21,-21.89,-1,49.02,-48,46.86,-2.26,-47,124,67.96,50.7,-28,73.43,-19,44.92,52,42,131,43.61,-21.41,118,95,-36,14.06,0,49,-1,52.88
-31,-24.93,101,-23.63,86,59,70,-15.12,116,40.5,-14.74,5,69,-10,-20.76,11.46,72.41,14.62,126,-13.37,110,-13,-40,4,-6.02,19.78,-46,94,124,78,74,-11,22,-22.82,59.98,106,49.02,33,-15.1,100
-35,61.9,5.89,149,62,7.34,-20.11,3.13,114,-7.17,64.31,38,53.63,70.65,8,48,39.22,-24.34,23.96,46,31.54,53,95,51.75,27.57,55,-49,10,23.06,-26,12.81,-50,43.75,149,110,86,114,98,-44,70.88
36.74,20,28.43,-22.4,35,3.63,100,46.9,-50,29,-12,56,73.5,-2,-2,9,-15.08,119,117,100,-23.8,102,59.22,29.9,56.66,4.83,18.97,65.51,10.6,30,71.84,91,47,69,92,64.82,50.55,81,67.72,46.08
57.72,3.78,-33,53.21,44.89,42.42,-37,74.2,-21.64,71.24,38.2,129,-8.05,120,0.26,18.22,73,-1.31,76,51,-14.5,-35,-11.91,-11,-2.62,-49,-41,-27,17.72,128,-7,27.09,78,-0.84,14,149,20.32,-21.2,46.36,60
114,84,102,26.99,-40,78,58.54,59,74.71,117,-16,69.87,60.79,8.9,14.66,-21.7,-9.5,-9.73,23.57,2.58,67,26,17,32.47,89,63,16,114,-28,50.1,91,-6,-14,86,29.26,32,128,6,6,29.3
149,-1.23,10.16,37,55.77,-17.8,78,30.89,-19.14,2.92,92,-14.79,12,28,19,28.58,49.24,-10,76,26.28,62.62,117,17.6,-34,53,94,71.79,3.28,98,69.02,42.99,62,94,-23.99,25,20.54,77,44.78,7.06,17.94
-21,64,100,45.32,-40,148,-7.16,47.93,5,63.21,46.53,106,140,99,7.91,114,134,2.26,-5.65,116,142,141,131,119,55.31,-0.27,124,92,33,61,142,50.22,-12,-14.93,28.95,-12.03,4,-16.09,51,-17
57.91,149,130,31.1,110,64.39,15.5,66,-40,53.95,-14,43.95,121,-48,-41,48,-17.11,100,28,106,7,65.37,62,-4.63,-40,43.58,68,65.07,18,98,50.53,35.14,-23,110,-4.48,-1,-14,44,95,49.8
-24.13,-17,95,51.41,113,31,8,68.74,55,-4,50,20.48,-38,10.09,106,60,64,20,-10,16.85,17.75,42,13,80,79,-36,4.05,7.06,72.56,23.68,-13.16,52.03,134,58,90,28,129,33.19,-23.36,122
-5.1,-36,25,44.74,-21.41,3.91,-22.33,62,96,-23.84,80,88,41,2.18,-22,-8,-18.64,-39,121,1.7,66,56.82,63.72,28.87,-15.1,140,25,-15.33,43.75,136,140,41.18,19.54,149,18.02,22,38.55,-7.3,33,-8.62
12.69,13,130,-12,69,149,49,39,93,-14.81,75,64.62,-6,30.26,108,-16.83,60,24,-1.14,126,137,-27,23.89,15.47,36.06,131,57,-17.19,8,48,-23,-21,-6,19.49,64,15.38,-4.23,8.74,141,32
-28,47,132,-16,120,59,28,-19,27.57,-19,64.82,21.34,2.92,44.52,-11,0,51.34,-1.92,109,-3.27,90,17,146,58,116,126,0.25,22.35,118,-10,-34,20.41,16,11,94,127,2,1,-20,51
-47,-19.38,58,15,35.82,70,129,89,137,10,3,73,-27,-25,102,53.27,16.26,56.87,-12.84,15,-5.35,-6,125,59.91,-5,87,48.67,-1,-15,62,-11.08,26,109,70.33,137,-19,-16.87,20,69.32,38.92
-47,-43,48,66.78,25.64,141,139,62.53,-17,7.71,14.5,49.67,30,27,-35,65.58,0.18,43,13.28,147,-33,149,-45,118,96,118,-3.83,105,48,42.27,69.05,11.66,124,35.01,129,42.26,45.09,-23.6,66.63,-5
131,73.34,-10,41.97,25,135,79,63.97,-0.6,37.49,29.02,84,-5.81,11,65.65,10,35,-13.55,-24.25,16,109,-20,-43,22.85,89,2.29,-45,6,72.14,80,-8,60.45,71,86,78,-49,-6,41.76,131,65
33.1,93,73.7,109,109,142,-6.59,52.7,64.37,121,-26,-5.02,-12.31,96,65.51,128,-20.5,68.88,24,7.98,-46,47.1,54.24,37,-10,70,9,-44,-17,-3,-48,47.92,51.71,36,68,-32,22.94,32.61,23,31.1
62,65.92,115,66.94,17.5,105,-7,-50,57.6,5.16,20,138,66.94,-6.88,-2.82,41.03,126,73,-34,22,22,-5.31,-6,-12,8.19,-19.08,14.48,-9.55,-3.38,51,52,14.05,-8.81,30.99,-27,-23.32,48.8,138,15.6,21.11
128,70,-19.82,31.06,49,-5,132,-5,36,12,-23.6,70,20.07,-10.18,-42,-10,90,140,109,10.4,-23.06,49.29,84,62.66,-10.82,-34,112,82,-14.11,128,17.71,97,16.89,61.07,25,89,23.07,-14.19,12,53
15.31,15,-32,64.81,23.39,-9.29,47.84,35.85,54.37,63.9,45.14,39.88,43,28.48,88,-19.51,8.48,40.34,139,2,89,59,37.37,35,9,17,-2,116,7.9,-16.46,-1.82,-12.26,45.42,62.03,-5,36,-50,142,19.48,46.52
5,74.8,-7,15,-38,13.97,-17.99,-17.75,-4.34,-6.94,1,83,44,74.93,116,-33,-1.67,19.67,59.4,-23.59,-8.63,16.12,-0.72,-16,86,-14.03,41.14,65,73.7,-16.1,18.33,52,9,135,0,94,27,74,19.17,58
33.47,52,-1,133,36.16,-20.36,9,-0.53,124,127,62,-10,63.5,66,104,77,124,80,109,101,-1,126,58.03,-20,44.78,9.89,51.98,-13,-14.27,-41,17.65,101,17.07,6.45,63,114,7,65.76,23.82,24
56.26,-35,59.44,64.21,137,-22.85,149,5.27,17.47,56.44,64.73,-44,11.99,23,25.38,102,-39,-16.09,-14.99,-4.89,15,17.24,87,-18.19,0.76,64.62,141,-12.91,14,89,85,-18.18,-29,129,-20,49,121,35.51,132,146
70,6,38,138,21.18,-2.52,43,50.74,61,126,6.35,37,-16,127,56.25,-10.99,66.53,-6.8,88,-4.5,15.73,16,122,108,20,105,-35,30,11.12,18,-21,52.15,121,53.38,11.32,145,-11,61.65,38,60.19
47.4,56.13,36.9,24,65.79,121,-28,61,142,-21.09,9,3.6,26,-23.89,-18.85,-33,-21,149,113,48,24,-48,72.78,-18,32,86,-17.43,46.9,9.73,69.7,65,47.97,-15,-5,1,105,-26,96,1.34,57.56
39,-1,142,67.74,-37,8.62,-28,-12,58.87,6.9,117,35.63,65,-17.11,-22.58,11.21,-27,7.62,26.67,145,137,85,18,16,37.15,146,103,46.22,38.29,44.58,51,51.34,94,18.08,87,45.72,129,-19.43,13,136
57,-23,82,16,90,56.28,124,40,33.35,93,3,-6.13,86,27.65,6,-13.08,62.11,97,110,30,63.61,10.3,19,49.47,63.99,-41,2.23,51,-10.06,39.63,-33,-9.64,67.33,9,77,117,43.54,-2.52,0,20
-8.51,44,17,5,38,22.22,7.23,18.32,-5.65,95,113,54,32.88,16.62,72.43,57,21.45,34.99,56.26,46,103,24,137,140,109,45.54,0.99,83,72,19.72,70.64,22.41,46,136,-7.99,108,-27,-45,89,32
107,91,142,61.95,24,137,11,103,45,24.5,53.83,59,-30,116,63.76,-32,70.55,-36,41.68,63.31,-16.83,-25,3,56,28,26.55,39.13,32,96,-22,52.11,42.62,14,143,9,-25,-35,90,11.03,-18
-15.32,74,45.05,111,74.37,-41,51,-49,-38,-12.53,3.2,131,1,-50,8,86,68,15.82,21,-12.96,33.64,9,9.91,-47,12,28.91,20.33,100,33.25,85,60.81,-1,47.98,57,57,119,37.44,147,58.41,67.4
-42,69,118,-17.64,71.34,123,39.65,66,42,132,18.31,60.89,62.78,16,-30,17.16,10,22.72,-33,63.4,56,-38,54,38.63,48,11.24,21.84,32,16,147,47.33,11.88,144,-11.57,68,-25,87,52.1,94,0
34.81,2.3,86,136,27,72,-3,49,18.16,77,46,-9.41,-9,44.12,105,101,-2,89,60.09,85,142,-23.04,116,69,-18.73,14.76,-21.27,135,121,120,75,20,66,50,13,46.66,-22,116,96,26
102,-12.68,53.56,-24,3,69.13,53.16,148,-18.25,90,45.04,31.24,41.98,-15.52,64.33,39,11,130,35,7.01,48.66,13,130,105,130,21.34,129,-13,74,127,49.18,56,2.38,-1,-10.46,30,-19,43.86,32,56.1
34,88,94,52,94,35.34,35,147,-16,-31,125,-22.99,130,51.03,98,12.41,95,49,68.86,53.34,104,27,133,1.51,55.85,116,-45,22,106,63.25,66.91,60.5,32.52,30.45,42.75,-22,-2,96,-17,-18.17
-23.88,16.64,-7.45,90,-4.51,-27,-9.58,87,104,-12.48,-20.61,104,38.95,37.27,93,5.77,-12,30,4,66.52,126,63.66,68.67,-18.84,-21.83,-32,2,19,140,-48,44,70.74,18,4,73,48,-24.28,-5,-46,101
13.39,-24.67,-23.98,9,26,38.37,46.15,9.6,32.39,-17,121,51.93,45.98,45,35.49,66,5.88,64.99,-19,31,49,-12.35,146,49.08,-24,55,49.15,-13.55,-3.71,-17.98,-4.16,39.6,0,16,6,36.7,115,129,52.46,94
8.17,-4.29,51.76,-1,15.21,-1.05,148,88,53,12.43,33.7,129,21.66,-4,40.23,138,0,90,144,103,63,7,147,36,142,144,-9.63,93,40.12,55.44,23.43,92,61.75,137,73.35,-19,130,17,-50,-11.02
63,15.92,-50,-7,39.36,-4,24.75,38,-11,38,69.03,15,29.37,98,19.48,6,30.67,73,-1,65.79,56.01,57,110,60.05,-1.69,-42,13.25,-10,-5.92,98,2,26.29,-12,18,59,52,98,4.11,42,23
131,67,137,2.18,22,-0.73,66,10.42,16,13,84,-5,45.09,55,49,4.17,29.89,106,57.64,30.32,-46,-48,52,19.73,39,-36,22,137,77,-48,35.11,35.27,62.44,-35,-24,-23,-20,132,50,128
-12,18,-1.9,72.17,4.31,24,144,65.86,67.89,-20.44,17,102,132,67.67,62.66,32.86,66,80,43.29,81,13.78,21.84,66.56,-16.34,13,6.56,88,90,140,65.19,67,-11.97,42,31.91,124,13.53,-1.12,25.17,147,101
1.89,13.97,-48,-24.04,60,31.97,-24,-41,37.24,147,-21,16,42.92,-46,97,62.17,56,144,-21.9,47.22,49.77,18.23,39.47,36,74,56.18,15.16,128,-36,-13.61,68,56,-10.82,65.48,-19.49,-10.99,56,106,33,43
8,-8.52,-5,141,24.21,-28,9.69,-42,134,-34,36.69,-33,105,-4,91,30.61,-21,14,128,75,9.18,51.51,-19.13,-35,140,26,98,-19.54,-50,81,88,-8.54,-2.88,6,2.82,30.14,67.39,129,62.91,34.18
104,11.06,63,-2.9,14,-39,-22.58,124,9.49,67,131,25.8,128,37.64,38,2.75,40.9,-1,-34,26,33.66,137,103,147,5.67,12,23.77,68,12,33.19,-13.8,50.92,148,-9,-38,-19.92,51,80,3.28,62
18,128,26.7,-8,73.48,24,51.85,-21.2,48.37,38.62,61.13,-48,38.12,28.67,-44,56,30.3,87,80,23,66,-19.74,8,10.32,35.44,8.49,20.4,14.67,140,25.12,4.72,51.68,85,6.05,7.29,6.89,93,146,16.02,30.72
117,-1,-0.48,14.28,128,115,78,11.27,-7.59,32.53,-0.5,5.3,-16,27.53,2,110,-40,-8,45,10,-31,-42,12.35,-20.58,25.63,85,118,48.03,50.62,129,58.66,-43,72,-13.17,3,84,61,59.66,11.17,45.08
-12,54.58,77,121,67,69.45,-24.82,39.38,4,48.86,24,-49,-10.3,-32,73,47,132,117,-19,-2.6,31.95,74,-14,7.27,18.35,77,-8.53,5.27,102,51,-16,20,60.96,57.92,-4,1,-11.09,148,8.85,-48
-11,-23,13.41,115,145,99,74,31,28,56,34,52,-8.99,48,-15,130,38,-8,-2.42,58.55,113,141,84,36,87,-6.03,111,-20,-22.53,37.32,-16,32,136,143,26.49,-26,94,37.29,-2.53,106
65.4,-21,106,12.3,32.84,35.39,63,52,-13,2,-5.19,81,56.94,109,148,45.58,-23.64,-41,57,-15.86,15,74,38,58,144,-25,-30,-19.96,78,83,85,-45,52,21.95,91,67,-28,-50,140,27.14
18.07,55.11,69.92,66.34,-3.32,-37,32,44.11,13,73.74,130,21,18.03,55,136,144,4.79,105,-9.39,57,22.96,125,50.3,-20,-35,-50,111,-34,53.34,120,0.66,8.19,36.7,44,93,50,77,32,-23,-14.05
48.9,48.64,95,32.12,118,75,64,17.48,80,-11.79,66.29,56.25,68,86,114,122,110,21,-15.49,42,-15,49,-19.54,38,-42,74.1,61.39,134,44.83,22.37,60,52.64,-12.1,84,72.06,1.4,46.15,-42,40.94,39
34,-20.44,34,71.83,-40,-42,-2,141,-5.82,-1.5,92,72,-21,4,-15,51.6,46.87,48,26.56,140,40,81,-3.45,3.02,-45,51.6,55.85,14.85,22,-30,138,15.16,26,5.29,58.13,73,-16.76,136,53.73,28.71
60,21,-28,45.28,142,54.17,45.15,77,-13,62,64,-13.7,8.29,94,138,16,74.66,-28,132,53.56,117,7.01,12,20,64.7,100,66,92,57.43,116,72.89,47.18,124,132,94,14,10.47,26,25,7.07
79,45.54,23.37,-38,57,35.62,68.43,11.47,65,68.21,-38,-4.66,-24.84,51.03,51.92,101,59.15,91,17,129,73.46,61.84,74.27,6.35,4,51,-24,20,130,-11.08,66.14,80,30.55,84,15.96,-44,119,106,92,124
72,125,108,-2.69,27,112,6.72,58.02,-2,0.18,0,109,59.9,37.01,-10.84,126,-7.07,135,79,57.77,-46,-23.4,24.84,47.61,70.02,0,45.86,46,-14.51,74,35.63,76,24.99,81,114,-49,-28,3,-29,54
23.46,90,46.66,-14.08,93,111,16.5,25.73,73.93,-47,111,83,119,-11,65.06,119,74.47,45.38,9,14,-19,47,37,59.85,66.72,40.13,28,52.77,57.37,49.89,143,1.95,66,74.16,48.25,10.88,-28,-2.45,46.71,28.45
117,32,136,-14.63,-42,123,-43,-26,30.25,51,120,94,28.93,17,-43,88,7,-10,45,-1,56.51,24,-19.32,101,10.21,-22,82,94,-5.95,5,-18,70.36,-1.1,104,130,42.47,71.16,-14.35,99,6.12
-3,118,35.63,11.98,60.6,145,20.65,9.02,82,34.86,-11.1,-21.32,-48,49,88,71.41,3.38,66.09,128,-27,-13.33,-40,10.4,70.24,-0.23,16.22,-17.72,55.21,144,120,-16,72,56,17,22.09,-6.84,-3,-15.81,-15.41,78
5,-14.83,123,25,20.59,78,9,16.43,1.89,60.08,61.12,59,92,87,4.31,-18,8,10,56,-35,-17,-1.89,2.77,-16.6,48.67,72.68,-10.03,-47,10.06,96,78,73,39.52,-9.78,80,8.67,26,-3.95,-8.41,55.57
34.39,34.11,28,13,123,-28,2.12,-35,-10,9,43.69,93,14,119,-45,14.04,-6.3,132,-9.55,141,127,36,58.13,73,55.53,43,-4,-22,-18,58.46,123,124,-40,120,41.96,-19,-11.13,71,116,114
48,24.26,23,37.19,-46,37,26.46,-12,39,3.75,35.5,-7,130,14,-5.83,22,6.24,54,128,-30,-19.84,130,-22.14,85,33,58.93,143,65.64,62.5,22,-17.99,108,-28,41,-1,4.45,-20.83,-23.13,81,19
36,92,88,47,-0.9,57.76,122,1,2.41,3.43,-15,1,6,27.51,27.34,-38,10.17,61.64,-47,62,105,108,17,33.59,43.84,14.83,117,87,89,41,26,46,-19,112,9.66,12.06,129,-13,44,-4.16
111,56,14,21.24,84,-43,105,26.85,45,66.46,52.05,85,97,-45,-37,-36,-15.49,87,33,-3.73,97,25,35.04,54.67,134,83,-36,37.17,102,106,106,18,-8,56.38,93,48.86,8,60.78,60,11.91
-6.72,-27,46,23.97,71,34,36.84,60.38,33.11,6,52.91,75,40.48,-23,43.96,25,-18.94,5,125,-20.13,-38,11,-30,30.49,70,28.16,95,65.85,133,1.63,141,12,-12,-15,-3.28,56,107,29.73,36,-26
86,93,-3,21.6,110,-41,41,105,30,-21.53,-16,29,-11,107,54,39,1,71,124,141,-7.28,107,14,4.5,27,59.93,65,136,12.44,35,93,-19.13,6.81,7,-33,53.01,117,8,48.88,-11
-38,54,-15.49,146,29.89,98,24.63,-23,33,-20.26,54,-48,34,67,-21.9,102,-10.34,125,21,-15.29,98,34.7,-23.77,42.55,59,-28,120,30.53,20.78,-26,-30,-19,20,119,83,-19.45,73.52,67,124,-32
37,55.82,23.32,-23,129,97,139,8,-10.68,-6.95,54.55,31,10.27,140,65,34,-35,50,-14,94,25,0.87,4.86,49.9,59,69.4,16,57.17,118,-21.94,0.87,107,73,130,-7.28,52.63,129,-21.43,44.08,-17
24.09,-21.99,-24,46.99,-20.25,85,62.45,125,-11.12,22.94,72.87,62.14,93,19,34.43,-27,-26,1.64,-47,19,144,104,73.39,74.92,37,140,125,62.82,-17,-8,32,-12,-9,103,51,73,20,-7.19,-20.6,84
118,58.76,63.96,45.1,97,73,33,43.04,97,58.14,-0.11,-30,-5.07,98,60,32.68,0.4,142,145,22,25.95,59,-10.89,67.22,-42,29.86,-43,47,42.5,11,118,19,93,71.66,57.01,70,-9.39,-13,121,42.9
61.52,44.77,-29,-22.86,19.49,-7.46,-13.26,-49,12.76,132,2.45,73,-6,117,32.43,132,89,-14,24.8,149,12.85,-43,69,27,80,-10.41,136,98,71,23.91,127,-36,-37,-16,68,-24,26.03,47.64,18,13.44
125,41,-23,36,-23,-13.75,-16,107,27.12,-2.93,137,51,31.49,-1,114,23.2,-8.21,70.65,-18,-4.37,84,-7.15,-44,36.25,-22.23,5.58,44,39,73.44,-16.9,19.1,113,-33,-0.22,15.56,136,54,121,81,2
-21.5,141,27,-11.99,37,114,54,16.91,52,37.78,26.08,-13,65,35.35,138,51,-49,118,14.24,84,-38,29.4,28.69,-38,12.49,35.67,58,-5,-15,45,66.37,89,-21.84,64.72,5,-49,80,49.01,96,44
31,92,-17.56,17.45,76,-14.82,64.68,-2,75,-10,47.86,18.93,8,5,29.87,12.23,80,74,-34,149,28,-16.07,-10,8.81,36.55,-21.58,-41,126,29.55,-17,129,-35,33,129,119,100,71,-6.13,-21,-47
10,-5,-47,70.91,-14.86,25,83,-21.5,20,-22.05,39.58,135,118,79,125,45,66,36,23,121,8.63,146,148,5.85,12,-23.94,60.09,67.07,29.12,22,-4,-13,67,65,35,-3.86,122,5.02,86,48.5
45.05,18.53,52.58,122,-30,46.93,5,10.66,-5.32,146,-18,98,-13,-1.69,148,14,61.97,122,93,-7,46.89,-39,87,25.12,129,72.21,7.35,61,92,93,52,93,-7,-23.06,-49,-6.3,-5,30,16.6,128
47,-12.03,61.59,68.36,140,-37,128,-11.91,-10,26,74.21,69.95,112,-39,5,134,7.42,131,19,-21.82,48.3,143,1.68,99,-45,46,-18.62,13,3.53,65.65,37.38,34.08,-31,63.11,74,-4.51,-50,46.37,44.49,7
10,95,46.29,122,21,15.55,145,107,60,-18.97,53,-43,16.24,17,18,58,-37,2,-26,-28,143,96,49.62,-39,20.35,-11.22,65.5,-1,-4.95,66,14.72,55.18,102,-9.22,63,34.5,-48,55,28.17,-18.79
-8,126,-7,29,125,81,38.43,141,29.53,45.02,104,114,54,5.51,-29,-25,63.34,14.33,113,-33,-3,2.84,-16,28.34,-13.79,62.08,62.55,37,50,48.36,84,145,129,55.65,18.38,11.22,48,35,9,78
-33,-37,-7.23,14.66,8.9,54,24,39.22,-6.02,42,52.42,57,68,-22,-28,30.38,84,67.55,11.86,42,-19.27,37,25.27,32,0.14,22.06,71.96,-17.11,52,31,30.11,-7.27,50,39,39,6.77,33.65,123,89,45.07
66,24,38.14,101,120,5,86,-6.11,141,34,59.43,76,-4.83,19.19,81,21,44.95,105,70,-14.58,18,108,43,-6,-1.99,29,124,116,35.81,72.89,102,69,64,81,25.22,14.3,13,91,132,59.64
28.63,5,-16.72,40,18.55,-0.9,32,28.67,149,128,103,38.21,41,27.84,35.59,57,2,7,122,-9,1,60,21,70.9,-2.61,142,39.01,-28,-43,53.26,56.19,72,11,55,30.88,-20,18,59,90,27.6
-8,-11,35.26,123,0,92,118,37,-5,-18.83,4,62.92,69,54.89,-30,16,-38,51.93,57.84,-41,113,25.04,16.55,74.53,-26,-2,12,-14.5,115,103,40,41,126,0.22,64,27.65,15,72,35.42,64.88
36,137,41.43,54.35,112,62,37.57,27.79,102,-1,71,16.63,12.22,8,147,-3,120,-16,12.76,-35,60,-8.32,-24,115,127,57,25.56,-10,26.58,48,-22.69,-6.04,73.14,143,-10,91,66,12,33,-38
75,95,114,25,89,24,28.32,74,24,24,95,-11.53,44,-5,-32,-26,89,15.82,83,52,8,24.37,-50,51.79,84,17.94,23.56,58.2,47,4,23,51.43,18.7,-36,53.08,10.59,-1,65,22,71.29
145,28.89,38.2,-20,42.73,-6.13,-24,7.96,56,15.49,-4,23,-32,-19.36,4.49,83,91,72.27,19.37,64,6,-23,38,49,81,102,26.4,67.63,6.96,10,5,49,120,115,81,18,14,27.07,139,-24.86
59,6,63.43,16.89,43.44,68,80,129,33,0.57,41,32,49.38,13,116,23.78,-45,45,97,-25,-11.87,94,-15,15.35,125,26.83,34.43,107,-2,138,4.33,139,10,126,16,112,-30,24.32,-11,69.04
-39,111,132,13,57,-33,77,36.23,74.33,-4.81,127,39,16.2,-7,64.27,57.28,-7,135,19.92,42.55,-17.17,11.11,-0.95,-30,139,149,123,-11,35,27,-28,112,-12,29,-15,-18,-1,115,79,-7
22.65,71.25,-14.79,75,18.45,-12.02,-35,77,149,72.68,42,104,43.86,-39,59,-45,70.94,118,71,-19.71,-14,10.63,5,104,41,75,131,25.76,56.17,127,-41,64.96,95,122,-6.18,37.27,-42,-36,-3.31,-34
15,120,71,59.91,24,-1.68,121,80,110,30.21,102,48.55,16,11,35.57,-25,-39,-6.99,4.96,37,38.77,101,87,112,132,129,136,145,73.16,4,-12.12,67.44,134,92,12.39,19,128,51,-24,4
-13.34,133,20.4,66.14,24.7,83,23.89,38.28,63,100,-12,-12.34,74,120,8,89,31,51.7,-14.79,-16.58,141,18.79,60.15,12.52,107,86,-33,-3,-12,39.59,5.89,19,-2.14,-24.24,49,24,107,49,-10.53,13.62
-16.74,55.82,128,-25,18.37,60.28,80,114,100,-8.13,26,102,5.83,0,23,118,87,58,46.06,36,63,50.46,63,29,-20,2.67,-3.75,8.07,-19.91,31,44,-30,57.52,-10.08,-21.77,22,122,23.6,68.11,-14.48
143,-40,146,-47,46.59,31.41,-39,4.14,-11.51,70,-17,49,13.57,32.23,75,75,-13,112,16.81,11.21,11.8,23,108,-5.32,-18,87,-5.48,87,138,73.35,31.18,1.62,7.18,35.36,17,67.89,109,25.41,-17.12,59
45.97,76,41,-8,63,60,63.62,-25,-1,88,144,95,11,37,80,61.21,45.52,23,32,99,97,128,0.95,17.71,42,69,41.4,54,49.32,49,42.53,-24.97,-38,4.25,41,-6,112,2.19,71,25
69.23,43,71.11,60.39,3,-8,89,81,70.03,126,28,17.65,113,15.4,71.53,11,45.25,46.18,26.97,98,57.7,83,38,21.14,123,-26,140,0.02,76,72.26,7,59.28,52,10.7,35.58,83,54,15,8.87,1
139,20.12,-21,32,-22,93,20.24,34,-17,-31,-25,-17,73,61,131,5.49,-25,87,-15,16.68,27.4,31.14,-3,32.75,121,46,13.96,17.9,46,115,-7,30.91,129,-5,-14,-45,0.04,75,64.87,6.95
94,9.1,75,-14.68,51,13,25.29,-41,2.88,124,-50,56.35,2.9,36,73.71,44.8,33,34,40.46,42.62,-38,31,-7,62,115,63,25,-14,69.4,-6.57,96,5,103,-20.48,71,33.25,-10,14,51.58,0.75
-2,25.9,-9.34,-17,53,82,140,69.62,-8,-30,-6.09,-19,93,-22.48,11,-50,18,-8.73,24,139,30.28,133,48,122,57,12,12,4.4,-7,112,25,-33,-48,-5,136,117,8,-33,-15.14,129
5.9,-47,65.21,22.65,44.05,21.62,34,73.99,-21,5,69.74,-13.39,28.9,-50,-11.44,34.93,-7.15,32.95,66.22,50,2.85,-5.56,12.57,19.85,-8,-19,68.96,52.55,66.63,-6,-33,30,120,64.31,-7.31,46,-17.47,149,114,56
31,-8.25,-44,8.99,25,109,43,-36,55.71,23.71,44,146,-3.41,88,89,54.99,110,125,35,-42,143,105,47,81,134,40.39,63.92,15.22,-33,148,115,39.48,-29,102,64,-37,28,-19.09,-11,45
100,73.75,83,-46,18.09,36.77,25,-17.84,64.02,117,-33,53.21,130,33.3,27,72,68,67.03,-10,29,32,108,-18,50.43,64.57,-43,-22.89,113,64,60.98,-23,63,89,28,-1,3,8.86,-11.95,42.95,-20
132,92,19.14,49,28,69.51,60.26,34.48,-6.08,112,36.95,57.31,64,73,-17.48,-22,15.62,53,-47,20.1,131,64.45,55.11,108,34.65,72,49,104,-24.24,72.48,35,55,-50,141,33,-7.14,61.43,2.46,72,90
-17.29,86,79,3,-20.11,-18,33.65,0.98,36.54,-9,64.5,41,34.74,-41,79,48,13.35,0,-14.61,144,7.7,41,-26,-35,24,15,-15.71,20.79,14.85,19,103,-8,17,46.43,149,16,80,24.6,94,12.52
-45,146,-16,-6,63,68.53,12,86,107,45.32,87,31,110,3.71,101,118,-29,138,-8,9,-17.18,45.28,-17,145,57,53.97,39.15,5.11,-5.66,-5.14,96,11.47,107,-13,148,-47,91,101,65,27.75
15,-12.79,-39,8,-24,10.64,78,93,143,7,149,-20.21,75,85,34.65,38.4,118,25,47.06,33.93,15,140,-44,-45,73.45,-11,42,74.24,-29,-15.93,-17.64,21.98,54.27,23,16.38,140,148,38,86,4.93
130,119,-5.97,141,46.88,35,11.85,-9.41,133,1.54,141,102,17.36,-50,-6.6,26.32,70.5,146,105,54,54,-17,26,65,20.71,25.87,-42,2.04,51.49,33,-33,-33,-4.33,82,72.14,99,117,124,-11.73,-7.01
128,97,-40,10.13,117,-41,88,115,41.38,45.53,74.09,-0.73,22.22,-15,48.59,87,-45,45.44,41,48.87,57.87,42.14,35,40,109,-3,69.97,-17.96,22,-11.23,140,66.16,31.17,10,15.5,8,93,-47,44,-3
54.44,-5,-26,-2,65,-25,61,15,13,108,112,43.27,46,92,53.02,-47,43.85,-12.06,13.3,16.24,-9,71.41,-44,-24,65.98,109,-3.28,105,125,137,125,123,-9,-19,37.5,-46,116,139,-16.99,69.16
38,10.46,107,-13.99,1.17,132,19,63.09,-50,149,-23,65.49,0.82,58,-6,38,60,86,-19.36,18.54,-24,-10.95,84,146,38.51,90,50.1,22,71.24,-37,114,-28,-19.61,-46,98,43.43,133,18.68,68.17,67.18
-19.03,53.34,31.59,-5.71,138,38,-38,33.42,-20,-47,127,98,22,0,124,78,-15.68,30.18,98,113,-4,69,18.24,96,119,29,-24,-26,69.33,28,6.69,65.2,-15,-5.47,101,-18.98,44.72,72.94,24,-49
-5.46,95,55,139,67.01,-8.55,134,70.1,70,0,55,85,61.4,-31,4.03,21,55,5.4,37,10,43,21.22,39,143,86,54.04,113,-14,33,44.51,8.11,-17,126,50,22.2,60,24,4,43.62,-39
60,-12,61,2.13,141,138,103,7,82,19.32,68,37.46,55,74.32,130,46.05,-26,-16,70.91,71.64,149,17.26,-10,71,13,22.82,-5,11,94,-4.02,39.67,18,-43,-22.16,88,58,29.61,119,31.23,74
18,-21.89,61,-42,5.84,15,-46,23,26.47,35.6,-20.4,62.54,9.32,50,70.82,-3.12,9.25,19,-23,19,102,67,-10.29,-21.19,-32,-27,114,106,46,86,37,15.17,12,48.68,37.06,24,-35,67.24,-13,40.79
38.19,85,53,13.46,30,66.82,9,-8.05,58.85,54.8,3.71,-9,131,121,-11.59,16.32,66.37,36.64,23.03,3.11,61.83,38.8,-36,75,-41,41.63,-40,56.77,6,33,131,54.2,98,-30,122,-34,128,30,103,2.84
-21.74,26.57,-47,-39,93,50.53,31,98,-9.37,130,-23.5,106,51.77,50.71,13.31,50.19,46,14,40,44,34,-12.18,38,89,-16.84,-30,18,-15.13,132,11,-22.98,84,-36,143,113,60,0,130,-28,128
7.46,65,146,110,-20.25,20,4.12,31.21,40.5,146,69.42,62.77,11.83,5.67,-20,67.48,59.18,-36,113,119,26.72,-15.77,115,48,38.21,119,51.62,-5.82,132,26.23,39.01,-9,28.1,34.76,8,49,66.98,13.85,42.56,29.63
79,71,147,10.36,27,39,-11.36,-32,86,140,98,-18.9,-9,-22,-33,54.49,102,6,35,-24,-20,85,-0.96,114,77,-4.73,63,42,148,-2,57.12,37,42.49,48,92,128,79,61.18,-30,91
54.91,-29,-12,40.68,-14,115,-24,55,7,77,23,-17.87,-13,58.21,-6.68,6,-11,66.59,9.16,141,8.94,59,5,125,101,70.54,-19.01,24.81,79,5.51,125,64.55,69.78,134,77,38.17,-34,-21,138,17
112,43.85,121,46.54,-5.36,110,-1.41,95,138,45.05,-18,-9,-37,-5.37,19.16,44,37.54,100,58,74.6,128,56.96,73.58,62,149,3.26,-14.9,-47,79,-29,1.01,-24,28,101,21,69.43,47,-32,139,39
62.3,3.94,99,33,17.17,-12.12,-6.81,-28,5,-6,67,88,42,2.04,9.29,-4,61.17,-40,34.05,56.76,87,83,6.49,0.46,-0.13,71,141,8.12,116,110,128,2,-12,-37,57,100,25.89,56.13,-18,-12.68
-19,4.21,-15.74,83,-15.94,-47,141,33,14,-29,-23.38,18.47,-13,73,19.34,31,104,30.73,-46,24.43,-12,-3,7.67,65.61,-17.34,-33,3.64,29,-48,46.14,53.22,-15,-17.35,68,64,99,2,67.5,33,19
-11,130,35,11,149,112,41.92,128,25.52,-19.36,51,121,-8.62,146,72.44,133,33.6,58.05,-42,60,5.59,16.93,-48,58,103,-19.4,107,29.16,57.32,42.51,2.25,53.99,63.43,25,60,49.25,86,34,119,3.22
117,22,107,1.57,13.27,97,-3.91,99,-15.46,-29,30,119,2.29,-24,18.85,-26,74,55.64,44,27,-45,144,22.1,12,-15.86,-40,14,79,63,33,-44,51,-19.02,-16,34,26,109,-11,-16,73.07
71.43,-11.62,53.01,6.52,-2.33,64,12.62,-12.16,-24,-17,116,129,110,57.65,46.03,-20,-31,3.69,49,124,29.58,16.12,-7,46,37.69,-40,-1,-9.62,64,100,32,-5,-14.8,-9.98,63.19,-24,14,102,47,9
8,36,63,98,-36,14,111,106,46,1.03,-17,49.61,1,-2.51,46.77,48,74.28,22.13,-4,25.75,143,133,96,94,66,-49,74,26.58,-23.41,13.5,19.25,38.87,-14,147,62,147,-30,135,21,-33
30.14,68.48,5,40,115,67,50.14,141,44.01,18.03,46.26,24,-4.29,56,100,36.01,132,60.41,93,99,-23.34,-10,116,67,55,2,123,94,-20,24.73,142,46,-19,41,16,38,31,2.76,-10.11,134
84,46.73,-21.62,-6.64,-18.28,78,2,70.84,14.05,6.35,-21,88,58,70,-22.05,-25,47.7,-9.42,-27,106,75,33.31,3,128,-27,28.57,-7,134,-16.95,119,53,41.38,-3,19.15,50,-9,67,65,28,87
57,38.66,146,71,-7.76,83,62.33,82,118,79,-21,28.73,51.48,-12,-16.08,0.47,-19.68,5,57.59,-10.67,-18.71,0.18,60.35,-17,144,-8.34,-6,71,50.61,-22.6,39,1,-10.42,82,10.6,44,-12.26,-14,51.78,-21.74
52.35,-13,71.84,62.85,43,-18.14,-24.09,3.63,108,-20,90,94,47.18,4.53,103,27.7,84,53.04,29.93,50,78,26,-24.69,135,48,48.18,55,-3.05,7.82,132,86,72.33,4,-10,20.28,84,30.3,133,38.32,135
148,56.46,32,36,-3.58,55,60,-17.2,9,-6.77,85,145,40,52.69,4.76,-9,72.9,53,135,-2.22,22,28.49,6.22,62,97,47.71,131,103,3.49,-15.49,-4.33,7.12,118,43.71,131,67.7,35.27,5,-9.82,24.62
86,52.7,83,22,44,89,52,-47,-24.13,99,25.13,33.35,60.25,65.45,73,18,70.66,139,50.4,117,70,73.03,38.39,-10.3,1.31,62.84,83,21,-3.94,22.35,120,39,12.72,127,68,-17,0.77,58.91,5.69,20
-48,36.57,33.53,55.83,26.23,44,3.03,8.49,57,59.54,-32,-5,26,-20,101,148,123,-5,16.1,108,70.09,4.11,69.42,-12.83,-15.83,91,134,37.91,-13.21,116,73.51,127,146,87,71,107,-29,19,-20,2.21
38,-17,19,35.24,53,-10.25,13.04,138,124,15.27,41.4,-11.22,86,-14.38,69,24,29,72.1,30,27.36,25,116,56.21,10.2,104,36.03,-4.91,45,83,-29,67.74,71.33,29.53,68.12,138,138,72,54.19,0.14,120
70,-22.76,26.31,98,-40,140,-8.7,83,20,109,81,104,63,70.27,67.71,125,-24.88,-43,-2.6,132,137,28.03,65.59,30.59,141,11.04,-13.55,43,17,56.19,91,46,9.86,-18,7,-40,20.03,141,-49,-27
-44,53,-8.8,78,74,63.71,44,87,-3,10.89,42.66,62,65,41,50.53,10.78,38,66.92,97,128,-10.57,142,122,7,27.9,-23,100,63.89,15.28,26,-22,10,98,119,-30,-3.7,-4,-31,52.79,100
119,-25,61.77,24.81,-9,45,72.87,56.32,115,55,149,91,22.77,48.21,124,113,-27,72,-0.66,125,113,30.37,144,72,71,115,55,65,63.9,30.07,-37,25,-16,30.11,88,57.84,71.4,40.62,82,-20
25,77,60.16,9.56,-43,23,15.38,124,59.3,131,3,114,77,-35,45.47,74.63,-40,60,30.27,-24,36.41,21,71.66,47.64,41.63,15.14,44,21.27,-3.27,3.16,65.38,44,43,127,54,-15,73,33,41.31,-27
-26,-16.21,84,66,-24,136,-31,6.68,-11,-19.02,-16.31,126,93,62,-12,-21.15,11.09,19,74.92,14.9,70.5,2.43,29.48,42.35,76,90,37.46,42,47,131,15.34,-19.29,-0.45,9,47.99,36.76,78,72.08,127,25
96,-13.87,-29,63.19,29.76,26.58,70,54.29,24.82,120,28,45,2.82,-3.85,35,4,45.48,-4.37,90,11.8,-21,70.45,147,149,49.44,90,38,140,3,124,-2.61,106,44.28,24.21,75,32,35.35,-44,27.78,-25
110,74,143,50.05,19.05,-2.16,-7.86,-48,-7,28,34.27,56,7.28,46,-39,70.6,65,55,36,-10,84,1.56,45.51,74.31,-48,53.31,102,26,147,102,-39,45,146,-44,73.37,100,33.82,-0.8,49.74,31.05
29.35,125,7,129,58.41,8,105,-27,148,-0.55,-15,-14.96,25,135,137,1.79,-8,72,-10.99,45.62,110,60,99,-6.89,67,-22.41,148,-5,72.73,-18,127,8,51,30.23,38.92,10,2,7.62,86,46.71
4.17,-47,144,-49,119,62.02,98,40,-13.61,-34,77,13,-2,-23.98,-43,68.18,131,-19.44,66.06,20.72,9,-36,-18,-17.41,-19.67,-39,-3.97,145,9.26,-21,59.75,123,-35,-26,58.18,149,56.73,-43,2.73,93
108,-28,-32,86,-4.82,140,-4.65,29.03,3.4,32.72,52.4,134,-46,-3.08,30,71.21,9,-13.08,-45,-50,3.88,144,-9,67.68,-14,143,45.38,41.21,55,67.19,45.98,34.82,-4.7,6,65.82,-10,-39,38.7,46,17.03
48,122,41.69,105,11.55,-32,-6.75,50.02,-45,118,58.26,60,63.57,99,-17,-13,-41,1,84,121,-39,14.06,32,-24,58,46,-8,62,56,49.19,70.33,26,97,0,29.49,91,39,-17,63,113
144,31.02,19,3.1,69.45,2.57,45.79,83,-6,40.17,-16,15.41,18.62,-18.71,63.02,73.35,-14.74,-8.82,87,123,76,-45,-14.32,62,-9.71,78,-7,26,67.51,-6,2,-16.28,126,14,-49,27.55,-2,5,15.18,19
-48,57.33,-17.61,-25,31.5,78,-20,26.93,-26,-15,79,100,26.28,99,67,75,21.7,107,80,98,45,127,-38,86,121,12.25,129,69.72,4.84,36.3,47,-11.8,52,-24,-34,71,3,39,36.08,101
78,9,29.28,103,47.13,34.58,-19.98,128,24.05,-1.77,63.45,12.42,-33,19.04,66,33.57,61,31,9.67,23.76,50.35,13.81,132,35,-29,13.07,17.21,-43,-7,141,70,43,23,43.04,127,69,122,-47,119,65
15,72.32,22,40.06,-6.02,123,113,81,59.9,24.99,105,17,-22.49,67,4,62,101,73.77,36,-3,21,95,36,10.67,51.61,49,21,74.34,81,42,144,-32,39,5.01,71,144,47.09,-38,-20,-8
19,51.74,-24,139,-44,112,-12,79,-12.22,-7.1,18,22.7,106,120,28.45,15.11,71.14,-9,103,70.97,108,6.72,140,67.33,48.97,25,29.21,11,-29,142,103,94,11,-26,-8,51,47,108,-11,40.02
4,108,-3,-38,2.2,-11.17,12.14,122,-21,37.22,42,44.39,41.15,82,67,110,-33,119,-2.45,63,62,16.32,112,5.63,43,44,30.81,74,34,6.69,18.39,47.11,97,99,35,99,39,34.12,28,133
-21.64,129,-35,-12.37,43.23,-5,144,8.68,52,15,-9,43,90,101,126,34.8,125,-10.01,-2,-23,101,-6.71,71,12.39,10,52.63,10.39,30.42,20,95,0,3,140,73,141,11,46,65,60.04,-21.38
124,19.38,46.03,74.38,127,122,12.47,-12,97,126,-38,2.44,41.45,31,61.66,-4.51,68.31,63,70.73,137,32.37,-29,74.16,-29,-40,68.71,-21.58,52,73,29,28.71,33.47,41.55,-31,12.08,1.39,-12,44.87,93,28.61
41.13,2,31.51,-8.02,2.44,67,39,34.63,40.56,-5,8.09,11.51,26.67,-35,43.3,-6.35,-10.73,81,11.84,41,106,62.89,-8.42,39,-9,19.61,105,3,32,-17.18,12.09,63.44,145,64.24,-36,133,43,-17,137,-31
67.68,18,79,139,87,3,66,98,64,102,35.54,74.85,58.02,14.29,19.76,135,89,7.19,110,37,22.86,67.66,-35,126,-2,54.33,-40,43.78,-10.87,-23.48,17,-5.86,45.94,-40,43,57.2,-16.76,60,30.5,148
4.75,24.71,81,52,-38,-16,47,17.99,0.25,141,35,118,138,-4.68,138,77,60,28,108,56.85,143,-26,30.01,-41,-3.2,12,35.59,6,111,94,-23,-31,-43,50,83,-33,-9,24.21,-43,73.7
149,50,117,67,-17.31,-8,30.67,75,-9,43.49,74.66,-6,-33,121,27,71.81,69.75,126,85,-8.23,81,69.24,-20,27.79,7.31,-13.82,82,1.76,102,-34,29,-4.15,87,-37,7,63.26,-29,44.05,50,8.96
5.5,-4.03,138,28,93,134,55.12,56.01,136,72,16,54.02,19.85,44.49,38.85,5.83,72.2,95,51,76,17,72.65,27.22,37.58,35.15,29.19,63.25,16,48.53,97,41,115,-14.45,123,61.15,-22.72,-19.1,111,-34,-20.9
7,108,-12.59,85,49.34,-18,46.82,117,41.86,-11,-30,68.53,-8.99,-36,26,15,51.6,-24.71,77,24.05,47,77,67.88,-9.64,61,10,68.39,17,114,50,-12.41,-30,23.49,105,41,87,51.66,68.25,16.03,5
38.26,19.78,0.41,6,25.68,22.97,118,74.93,22,65.87,35.17,121,18,57,0,16,31.19,53.62,-22.28,90,21.58,-5.3,11.87,22,4,24.78,-24.51,7,57.02,9.9,36.52,-47,-14.27,134,-30,96,65.05,35,-30,59.18
31.22,123,15.2,-13.91,9.32,138,69.81,17.71,93,21.48,29.15,60.95,30,9,0.3,-16,112,-0.33,12.72,-11.24,31.51,61.41,-21.32,-8.02,7,82,30.06,52.95,140,41.92,36.65,-18.05,-4,-41,64,115,104,94,-8,59.48
2.27,-46,-15.53,123,0,39,6.38,16.44,34,16.74,90,60.85,71.67,56.64,31,44,-47,4.46,43,23.16,16.35,87,106,141,42,105,87,24,39,42.34,52,33.33,59.95,114,22.47,-14.27,-43,40.73,38,-2
-2,85,101,-14,-4.36,8.35,132,141,29.9,131,-8,7,-44,10,25,64.97,-14.02,78,30.61,6,-11,41.9,-49,-7,41,58.87,87,24.85,-44,68.7,-21.71,27.23,37.93,47,126,26.4,46.26,-42,-12.48,58
-0.25,23,61.89,86,-2,59,56.45,-20.18,48.55,137,12,66.71,-37,-11,13,1.57,16.1,-38,-6.23,39,73.9,0,45,55.79,-47,31,14,62.26,93,-33,6.28,-27,66,3.15,-21.51,-17.71,-22.72,-29,100,1.76
83,42,49.57,6.22,21.01,-4.43,139,43,52.32,1,80,122,-25,102,85,-11.53,-45,54.08,93,29.37,98,-7,21,2.8,44,119,-39,-18,70.79,-23.55,144,-38,-16.33,81,-36,3.36,26.76,-9.15,117,48.77
-17.62,117,-8.28,28,-12,80,6,67,147,72.61,-3.28,42.42,48.27,119,98,-9,-15,143,-9.16,60.24,1,27,19.22,11,57.31,16,-12.65,4.38,-14.2,-30,86,1,59.64,97,102,120,29.59,12,19.87,4
40.02,9,54,34,-4.16,48,101,-19.28,3.79,134,24,57,-49,92,149,59,-13.56,66,24,34,49.76,34,-9,128,40.72,-15,67.65,-4,-4.91,10.12,-44,59.88,144,35,-46,122,110,52,56,-36
57.03,116,6.89,133,57,90,14.18,-21.18,131,36,125,35.54,117,28,23.38,133,24.56,46,-50,23,14.52,-21.61,110,64,62.5,-36,138,-13.21,132,71.04,140,74.68,62,44.54,47.25,52,25.16,61.84,-39,64
52.82,-38,28.51,-44,10.65,136,55,-43,125,72.87,5.17,36.13,30.22,138,69.53,16.5,9,51.91,62,37.95,53.36,42.36,-38,-21.83,10.31,72,144,8,24.77,126,62.16,66,51.82,81,31.63,-17.76,83,113,20,68
11.09,-3,-16,86,25.61,-19.81,-2,55.93,149,-15,120,50,-5.37,96,-4,57.01,52.52,41.99,81,3,142,101,24,54,63.23,-14.16,12,10.35,64,-4.76,31.54,34.36,-14,-0.03,69,125,2.42,144,71.55,17
0.92,5.32,-28,114,54.06,73,63.76,6,6,-8,-26,-44,40.79,11.53,125,21.75,64,147,17.29,49,-9.25,-4.46,144,25,125,119,6,40.28,-19.28,23,55.88,17.41,57.04,-4,15,-2,21,109,52.15,-8.95
74,129,137,-2.03,143,-8,-16,-20.78,44.49,23.37,73,7.83,107,33.09,15.83,104,109,39.2,71.46,-48,27,28.5,136,87,-10,-24,59.29,67.42,-4,30,30.53,15.4,68.43,36.98,-27,-4.15,22.94,41.54,-48,62.85
-13,128,-43,6.94,68,-7,-14.94,-19.22,-10,115,-11,-9.92,1.07,-2.44,-6.79,37.72,145,34.39,24.56,140,-3.99,126,43,56.13,39.86,103,97,132,3,61.56,-26,39.86,92,13.96,70,4.64,4.34,-9.61,69.47,27
111,72,26.97,61,16,86,42.14,105,74.32,23,134,-4,62.87,13,71,11.5,21.32,95,39.42,-5.14,39,-50,24.27,7.84,60.99,31,117,63,-10.96,5,63.22,-4,45.37,35.08,87,8.53,12.69,7,24,-47
-7.75,40.07,87,-2,71.24,41.51,28.11,-46,129,8,56,-3.96,105,-23.96,62,12.43,91,47.36,136,-7.75,145,-20,66,24.06,31.89,-20.33,-1,89,149,61,66.81,77,-17,-42,-27,-8,0,42,120,58.16
-18.28,-15.74,35,42,-14,22.33,-15.9,-15,39.25,98,32,51.4,-1,109,41.97,22.47,146,76,-6.67,24,24,135,33,22.44,141,20,18.49,12,-31,45.92,101,-25,-42,81,30.22,1,28,-18.9,-10,-14
8,-18,98,76,-46,81,62,40,42.25,8,70.96,103,108,28.83,9,20.58,-4,-19.35,-32,7.88,-3,-2.13,128,69.68,-11,40.44,-9.16,137,140,129,27.83,89,-23,19,92,-8,144,25.7,-10,10
75,50.45,-8.63,-26,-2,12.97,17.64,-14.98,-36,-9.56,15.49,4.16,74,73.95,123,-27,48,13,142,-9,79,-29,24.86,67.2,-42,6.61,72.91,-10.14,-11.81,9.09,-46,36.02,33.14,52.94,-50,46.72,-26,130,86,8.43
43,11.16,134,48.52,0.3,123,10,128,135,30,-9.49,20,27,66.7,68,113,5.03,-16,100,56.71,-1.74,109,-8,100,-21.33,37,21,110,74.82,38.76,-21.55,-14,73,-14,55.61,117,95,54.77,36,-23.76
42.79,-3,-48,78,-29,133,-37,84,56.3,119,13.58,-15.69,92,48.14,45,106,85,-20,128,18.08,122,130,-50,18.58,-7,101,135,47,-22,28,-30,58,48,48,142,40.96,147,101,8.53,63.69
130,12.24,-15.38,-11.7,-17.69,-19,-3,35.25,-39,111,34,28.53,4.5,3.28,65,119,131,4,-8,33,125,-24.22,-27,138,85,30.53,149,-46,23.52,65.92,131,-11.15,71.62,26.01,48.96,66.3,-43,31.43,-19.92,110
124,-5.2,97,135,51.54,24.66,118,58,1,71,-13,67.02,74,36.97,23.8,111,44,83,144,72.64,84,89,-5.74,149,43.32,135,107,-12.35,137,57,69.2,51,82,138,57,-6.42,-8.09,-14.19,149,-37
15,71,-24.13,35,141,-10,-16,-13,14,-35,48.58,2,-21,74,40.62,64.62,49,35.88,137,-45,54,-21,140,19,98,-10.68,71,-32,-13.45,-2.63,30,11.47,25,-4.86,-17.49,71.51,143,105,-11.11,4.89
-24,4,3.21,72,100,130,9,140,35,51.01,136,30,-31,-3.93,-21,7.76,90,17.42,61,-36,-14.43,17,64.99,-18.9,14.66,21.68,126,24,118,22.13,10,66,109,-36,30.27,132,149,56.16,115,79
36.03,39,148,72,62,13,51,47.84,-8,12.18,39,26.73,125,135,-18.26,63.34,-38,29.12,-45,9,3.82,30.12,89,146,24,-35,44.13,112,68,16.5,-14,85,46,-32,-23,92,21,53,53.43,54
-10.69,-18.77,88,11,27,69.57,-2.54,36.6,-11,-31,61,6,57.67,-44,-23.32,113,57,142,-15,65.52,-21.21,-18,12,62,4,127,27,62,-14.69,-27,-7,-47,148,79,-21.46,-11,-34,30,27.82,39
26.49,73,43,-27,65.7,41.93,-30,46.58,52,20.23,49,6,69.93,9.34,5,26,121,25.43,20.62,56,77,-2.8,-46,49,87,40,-25,71.15,-6,61,69,52.59,-13.47,72,115,-37,29,98,-11.55,43.85
36,93,54.86,92,7.24,38.06,-1.15,31.67,1,58,54.54,70.11,29.55,89,21,-39,120,-16.84,49,24,14.28,36.97,-48,11,-8,-7.21,95,-12,21.94,-40,51,-27,127,55,62.51,46.81,90,104,23.88,101
119,49.64,12,86,25.58,-43,34.85,-6.78,6.49,34,41,69,36.63,23.45,73.46,102,20,-13,-15.18,54,73.92,29.98,126,-12.27,6.65,111,-43,38.86,73.78,6,128,63.22,65,6.56,64.4,-9.3,54.99,16,7.19,59.44
18,30,89,80,72.21,7.45,36,48.85,-12.98,-13,65.62,65.76,-5,11.82,40.8,-19,73,-47,91,1,-4.42,-15.54,131,-9.94,102,-23.34,34,-6,113,-40,-10.17,112,-11.85,4.77,102,90,11,6,0.32,100
-30,25.27,107,142,35,-24.57,-7.17,53.23,146,24,92,-0.87,-13.23,-5.77,-50,66.79,-15,51.87,24.34,51,-9.07,-13,-6.91,-12.81,-24.48,14.96,40.92,121,140,-0.14,-46,21,-17.92,49.9,-8,112,24.27,32.08,16,0.5
-21.38,5,56,-17,8,18.65,61,14.37,138,-42,104,-20,124,-25,49.15,131,39.41,22,-11.17,-11,-26,6.23,10,147,44.56,99,90,8,-16.13,35,36.88,124,140,113,54.9,21,-35,-35,44.02,-35
58.89,29.6,63,47,-14.48,-5.06,13,-38,34.08,-16,59.75,-24,-50,-29,113,58.9,33,123,141,-7.75,68,81,17,122,90,77,-7,-29,-18,45,16,66.03,63.81,87,41.25,50,4,61,-10,56
61.81,-11,113,-5.12,64,-6.82,70.8,-35,86,-22.57,24.79,57.98,21.7,-20,-24,30,-44,21.6,-6.19,90,21.79,135,114,53,-31,45.13,-3.37,23,44.41,51.28,66,45.97,20,58,135,42.95,-15.05,142,80,-14.68
138,45.55,28,-24.04,37,-22.59,80,82,140,-14.89,67.62,125,126,65.68,124,-15.86,78,10.22,-42,60,5.59,67,80,118,-13.7,70.07,-23,44,43,29.42,-20,59.62,52.13,31.27,-22,1,-24.8,94,4,22
-26,30.83,44.95,-6.08,70.62,10,67.69,-13.12,9.25,110,7.57,60.21,57.25,32,43.58,49.85,148,29.31,28,70,149,106,7.53,61,-50,53.56,-17.21,-37,-28,-39,-4.33,141,26,56.93,3.22,66,86,-32,30.35,-10.42
19,-35,65.22,55,22.34,-8,149,-17.51,24,84,23.31,9.29,148,99,142,53.08,115,35.87,131,-19,-13,42,-9,16,34.93,58,-10.03,123,118,-20,50.15,28.1,89,47.02,80,28,46.43,88,43,146
71.28,44.65,-3.24,34.97,-16.2,62.11,32.91,46.3,-27,-43,84,64.94,-29,36,-11.87,145,148,61,58.36,-21.19,0,68,11.98,29.12,73.89,4,-25,-14.3,8.2,-14.44,-4,21,-13.55,11.67,95,29,2,15,-13,50.02
125,9.34,122,21.1,3.98,93,-17.45,113,20,115,-44,-34,68.27,28,-5.88,144,4.95,-47,-13.57,66.53,-14,60.35,16.16,94,53,11.7,66,67,28.41,7,-40,-50,-6.18,66.45,4,11,-15.62,122,-43,-42
44.34,-0.59,37,17,143,142,12.16,66,130,54.86,-17.6,143,-20.84,84,71.12,71,-18.66,70.7,86,-5,44,-50,84,27.61,6.59,78,88,42.52,98,52,16,94,-16,85,70,98,12,-19,79,66.59
-50,13,-18.35,-46,116,8.31,60,39,91,-49,3,15,11,56.7,87,74.87,135,-14.08,1,-23.65,141,124,100,-13,6.63,18.11,68,108,109,22.45,19.44,56,42.52,30,-50,122,110,-22,23,61.17
42,-49,9.29,45.18,77,18,11,99,-13.89,27,1.87,81,-12.18,31,107,63,1.05,-16.92,-14,30.05,0.1,27.35,-14.23,0.35,97,9.01,44.07,-18.32,7.47,129,123,16,31,13,59,31,-15,53,12,132
44.16,130,62.23,144,17.41,24.36,38.24,-15.17,51,19,84,102,33,67,50.75,-22,79,-1.16,24,-1,13,64.63,71.78,20.17,69.87,14,-50,-31,137,68.57,149,10,9,35,82,2,-16,71.44,6.24,93
146,109,122,122,44,2.75,1,33.77,25,11.01,77,51,119,-12,69,-17.42,64,110,-7.53,-22.85,116,92,77,-17.54,42.01,-1.77,49,93,-49,-12.77,-34,62.27,22.99,29,11,26.02,21.13,59.48,38,-24
-22.12,57,70,62.97,-48,50.41,118,47,36.79,83,0.57,63.49,120,16.79,32,0,121,65.41,121,-3,48.51,136,75,73.01,40,15.65,7,81,-22,146,-3,-49,49.21,34,130,31.54,119,-15.44,46.59,60
-42,114,42.17,122,48.52,101,27.1,-31,48.98,133,149,110,-16,-9.95,12.1,71,-32,38,5,26,-9.43,-11,39.86,146,66,0,52,66,111,120,72.25,70,132,-22.38,137,60.85,118,127,66.19,46.16
7,-11,46.57,30,-27,90,91,-14.4,13,26.47,114,5,46.5,121,87,70.08,88,56.3,-29,17,-31,19,27.42,69.87,-39,19.47,-6,108,-40,101,68.36,18.63,27.95,4,-14,54,68.29,21,121,-32
48.52,147,48.4,20.17,7,97,-31,10.04,110,68.22,119,21.59,101,58,47.15,32.36,102,7.93,18.72,82,125,145,39,32.92,-30,45.08,12,-17.09,-10,109,10,49.88,-24.3,60.43,-43,40.24,79,24.25,-22.4,66.75
61,126,114,71.7,37.55,-16,54.61,110,50.93,89,53,71.2,-26,66,71,-21,144,106,-40,-13,147,6.06,70.75,54,-46,100,119,21.95,93,31,32.45,2.8,35.34,75,38,-25,17.5,30.32,-42,90
76,44.53,-13,9,48.81,31.8,110,27.12,62.82,-29,-10.28,9,78,-38,102,99,30,23.57,-40,26,30.63,115,-47,72,96,54,-15.28,59,48,54.24,-7.08,89,123,71.86,42.91,14.77,40.52,101,32.31,-20.33
-11.67,-14.54,-13.94,94,13.81,-50,94,-37,49,128,8.56,25,22,67,-20.73,107,-44,22.54,-50,-45,19,-35,37,120,43.4,121,-31,70.76,93,51,27,41,102,84,96,40,24.91,100,11.98,60.49
96,18.9,6,64.92,41,64,43.88,17.46,-5.14,60,119,-9.84,23,83,2.8,23,106,93,47,27,-22,67.5,99,24.77,-41,142,26.63,39,-44,-32,84,47.32,136,13.33,-2.15,-27,137,-36,37,-45
88,104,-38,89,48,-22.35,-22.98,30,-50,-19.57,119,70,44.73,66.38,-5.64,92,1.79,8.25,-8.31,135,16.92,122,51,-13,17.56,28.97,39.65,14.47,146,-7.56,-10.97,56.1,71.05,-18,36,32,-15.68,27,-24.54,18.46
-38,10.19,94,52,45.39,68,102,66,-47,81,109,117,-41,-46,22,-30,-37,34,135,-31,-50,35.23,46.18,-19,74.89,4,-22.35,19.26,58,74,44.32,109,13,143,-31,70,38.03,-10.7,-25,93
67,-3,-48,54,107,-0.75,0.33,62,49.99,20,110,-31,143,-18.92,146,-20,-17,117,24.21,49.6,66,64.36,22.75,124,30.84,68,65,11.42,35.12,39.29,2,31.96,142,51.42,-40,17,14.61,22,135,29.33
121,72.33,7,16.7,72,121,149,-19.27,97,28.27,-18,-16,65.37,87,-18,29.24,51.45,65.15,107,22,28.24,147,10.55,-3,-14.36,45,45,68.17,-0.18,-3.43,18,78,-23,47.24,63,124,134,50.64,-26,-27
135,63,-3.97,-43,101,29.22,41.63,-49,-36,-19.91,1.06,-20.19,-17,47,14.62,33,87,117,27.05,28,28,132,9,50.46,14.23,148,68.74,13,-50,144,92,20.03,92,-13,50,80,60.01,-38,34.8,122
104,135,112,-22,8.95,0,63.75,55,48.06,32,1,14.12,-9,20.2,149,59,-4.55,6.21,114,99,41,148,-1.11,53,74,50,124,93,146,41.35,108,51.79,-31,20.06,53,67.94,45.91,7,-20,-14
-7.27,79,64,45,72.72,6,32.41,-12.78,29,40.51,49.12,-0.75,60,21.02,-17,-28,19.9,110,-31,7.21,-46,29.4,39.41,27,-48,12.69,55,-16.9,33,99,62.33,2,109,-41,32,-13.31,73.56,16.56,37,-5
40.77,13,-45,29.65,55.18,26,-16.35,57.82,39,87,-28,65,-3.31,-10.03,-23.89,16.36,121,32.5,52,61,62,16.68,38.35,113,123,49,29.92,-11.67,91,111,-2.07,130,42.73,25.07,-2.02,-23,-43,89,25.34,19
-32,129,102,147,43.69,77,53,102,35.69,-37,28,-28,-8,-17.8,-33,-3.74,20.52,18,34,-38,39,52,16.81,-48,-7,103,19.18,21.76,-19,92,-22,-4.9,-1,115,41.67,9.37,83,112,-18,-40
36.21,56.86,76,-15.94,37.17,67,66,6.87,-1.49,-1.68,3.31,72.7,123,149,50,-15,31.48,125,-5.51,-49,93,21.61,4.82,103,9.52,23.33,61,-4.58,-25,22,4,125,42.98,-5,67,30.61,98,-9,119,-8
80,5,8,-30,79,75,50.98,-27,-24,65.62,6.7,-44,-3.29,54,36,-3.72,71.05,9,26.21,48,74,45.8,92,3.89,16.2,119,-17.29,33,126,56.33,115,67,9.22,-43,45.87,-48,-43,-2.39,42,8.02
-21,-43,-15.76,-32,67.09,84,38,6,-9,20.54,20,118,53.7,9,47.71,19,123,44.52,-7.35,56.13,120,111,-30,47.33,-5.54,127,-23.95,119,5.06,34.92,-32,-21.89,88,17.77,-27,-45,17,-20.16,-12,-14.7
108,71,-20,-39,117,23.83,51,20.72,-19,56.48,-10,-7.81,62.53,-2.27,128,-21.02,42.74,-9,57.4,116,39.43,-47,28.4,-15.38,16,57,113,104,50.19,97,39.11,22,16.17,143,49.45,35.06,-43,0,43.75,47.39
42.75,112,51.71,53,66.44,58.53,3,-16.93,-16.89,-10,53.77,6,2.44,39.39,94,73.56,-35,-12.09,35.22,-35,15.04,7.88,36,-2.44,64.25,28.31,-15,126,46.6,72.01,-19,94,-39,44.62,33.66,19.31,35.63,10.25,-9.26,-37
-29,-19,7.69,73.28,129,65.41,58.81,-45,7.26,121,81,89,-15,139,-9.18,69.39,73,9.48,-31,-28,7.44,-43,132,-37,80,66.92,50,123,29.68,2.75,-23,119,107,-42,23.61,94,20.41,86,78,44
81,-35,34.26,8.35,55,-3.67,48.33,57.73,-47,28.2,126,73.76,14,64.96,77,36,54,37.7,-15,11,64,69.96,-38,44,105,56,94,48,-20.45,47.38,83,58.15,26.1,131,90,70,40.9,5.08,3,16.75
-1,55.88,114,2,111,66.49,-29,83,16.26,87,76,29,40,-3.02,32,31.63,-24,15,49.15,31,-9.58,56,107,17.67,30,3,3,3.32,32,-48,-13.34,-18.33,-21.44,83,62.38,67,90,50.85,68.01,6.05
33.69,135,59.28,-42,63.46,116,136,26,16.49,-16.87,32.04,-42,5,-17.42,27.07,10.44,103,48,-8.71,-24,70,-41,80,-37,-26,30.9,86,-14.07,26.95,-17.41,16,-17,38,-14.49,48,39,76,73,3,35.33
30.8,-0.43,145,7,7.69,71,18.02,43.72,142,3.02,50.62,-9.3,-1.68,-28,101,-44,3.81,-8.63,87,31,33,61.91,-5.33,99,40,-7.99,-12.25,-30,50,13,53.55,7,116,24,77,134,44.37,-1,-4.82,72
2.3,14,33,110,1.39,45.21,43.43,58.28,-20.83,35,122,60,52.16,-34,-4,5.02,98,-29,12,121,144,43.93,63.59,68,57,60.96,138,21,70.04,49.77,6.17,111,97,53.63,140,-14,65,0,107,0
88,27,-47,-13,17.53,-15,105,29,141,48,112,-14.66,121,-45,-47,49.61,12.15,34,90,24.71,1.58,15,63,-10,70.84,-48,68,138,63,107,-26,58,25,140,145,-40,47.91,-11,126,41
-1,6.61,-21.8,19.07,147,2.65,24.06,61.66,149,45.36,-34,9,0.24,24.8,33,-2,25,68.21,-4.65,20,11,-14.46,-35,56.5,120,-11,74,107,-4.65,-4.91,-23,51.56,-20,115,10.69,105,73,108,37,134
88,149,47,110,105,17,11,98,30,91,-28,-3.39,20,145,89,41,-20,60,13,-2.62,62.39,10,143,96,99,31.13,134,74,35.15,38.35,78,30,-50,61,41.78,5.66,86,30.92,65,82
-30,12,77,120,10,111,37.49,-17.74,53,0,14.15,147,0.37,-38,14.4,58.46,72.51,-29,117,142,141,-45,135,63,70.13,45,39,-26,86,37,64.24,117,-25,35,26.95,70,71.49,0,117,8.69
41.17,116,41.24,33.33,33.48,36.21,-4.72,73.1,102,77,74,148,129,88,55.58,18,27,8,71,57.92,-17,14.92,-22,13.62,122,137,8,7.09,90,37,116,76,29,-4,31.16,3.65,53.37,100,116,115
15,30.42,31.48,69.77,6.16,52,-14,92,0.93,39.32,49,19.91,37.22,3.17,134,146,126,30.25,73.85,-19.75,39.18,-21.44,-23.39,64,-21,42.92,136,135,48,133,-18.59,120,30.58,99,27.29,-13.78,21.05,51.88,42,-21.6
87,109,-18,46.05,-28,-9.74,11,3.28,145,107,71.17,6.93,23.18,-8.3,-5,55.31,18,64.45,31.01,110,-18,25.82,43.3,36.11,57.73,-41,12.32,42,3,61,66,28.35,98,4.06,-19,21,28.74,-2.13,86,-15.56
79,19.53,-43,-15,26,1,20.04,21,-2.81,-3.75,-6.67,-40,148,9.82,60.09,82,78,28.43,-12.44,56.86,-20,119,132,-37,-9.38,122,18.66,48.53,19,120,-50,51,107,18.21,12.19,86,135,-42,-8,68.2
53,113,16.09,31,-48,67.88,2.25,72,14,50,44.11,120,21.91,57.22,-18.63,119,62.6,19.59,-0.95,124,-18,113,-22,60.78,130,93,101,-4,18.64,17,-36,28.1,24.36,0.84,0,1.77,-49,42.43,-47,0.84
79,106,143,52.48,-25,21,126,-3.99,73,15.28,93,-16,53.41,-2.65,-11.07,-21.22,80,14.15,64.89,64.01,74,55,59,25,80,-6.9,139,133,99,26.58,88,-19,127,-8.12,-3,16,68,9.57,-12,126
5,-6,138,84,-28,31.56,-16,-17.62,68.22,-11.99,-16,143,103,72,56.87,62.04,52.25,47,52.25,-35,20.7,23.25,22.69,111,1,54.33,135,27.71,27,62.25,102,-11.17,30,36,70.72,69,5,57,48.66,74
66.81,9,132,44,-23,34.09,81,93,-13.66,22,10,-49,108,126,-48,-6,-44,9,25,53,25,97,4.51,13.34,82,-5.35,52.36,45.95,0,51.99,-11.33,-10.58,18,-28,-27,14.19,2.93,-17,64.39,42
42,136,-36,45,131,-19.78,-49,47,39,15,45,53.83,-22.42,54.54,101,-29,53.03,52,-37,54.43,58,107,115,54.26,44,-11.04,-31,56.11,2,84,7,1.64,-24,81,87,-18.3,-0.75,-1.55,5.8,123
128,50,34.03,42.02,33.52,21.83,108,27,62.27,38.27,57.38,98,19.44,-42,33.21,15.75,-24.15,21.13,-36,131,68.32,24.28,0,22,80,30.36,-23.89,-26,81,27.16,60,20,47.58,117,-11,54.66,66,6.29,12.94,-7.91
71.27,16,-10.67,33.47,106,60,112,28,92,123,-11.63,19.8,12.01,117,-37,25,-20.95,22,-21.11,7,35,-8.42,47,35.93,68,31.32,16,72.18,-30,39.84,-9,-19,143,-19,50,66,125,33,48.1,135
106,62.63,104,23.38,123,31,-15,-24.93,-18.29,-36,-11,32,77,-7.58,106,2.44,-15,0.02,-24,6.53,30,2,0,-12.82,-14,3.25,1,105,-25,-44,-1,88,4.18,21,-10.85,81,-41,-24,98,-4
44,134,69.34,120,20,-21.64,-23.69,70.26,87,18,124,-0.01,22.53,61,103,-41,65.19,61,83,19.62,122,-23,56,43.52,29.51,-17.48,92,12.22,10.92,87,-23.15,-16,-10.56,12.19,71.12,9,-13.75,47.84,-32,10.79
51.65,25.33,132,7.89,28.38,-17.1,-28,48.53,-23.8,6,135,61.5,47,14,131,-2.1,6.49,15,-23.46,68.05,69.04,-35,126,28.1,-38,-45,8.26,36,-28,32,41,29.57,-42,40,130,141,-31,145,49.94,98
71,103,13,29.8,53.87,-37,40.38,47,-13,-20.01,-6.51,34,35.51,50.01,140,148,56.94,-47,26,-8.9,-26,30.95,140,72,82,38,-21,-24.06,49,-30,99,2.8,70.4,136,-19,109,-17.25,-3.47,71.46,97
-3,7,12,22,67.27,-17,-43,128,13,110,47.1,-8.81,113,-36,143,44.25,25.19,75,-11.54,63,66,62,-1.89,24,54,11,24.25,58.74,49,74.64,42.82,-3,44,83,47.15,-1.1,-44,122,124,39.54
8,42,-9,0.58,37.96,88,31,-23.44,62.71,-33,111,34.39,96,23.44,-15.82,141,-27,-1,2,-8,36,143,147,-23,73.66,34.77,102,-18.36,6.82,113,118,69.71,47.47,59,0,68.98,-25,7,44,145
106,16,91,-0.11,22,82,37,77,-27,73,-14,-25,4,3,58,40.69,-48,-32,55.87,-36,54.05,38,122,40,-6,62.96,-47,89,14.22,16,-14,53.08,131,53.42,-9,39,146,74.3,22,23.11
2,16,-11.27,68.2,1,7.74,69.27,50,66,54.77,-5.82,-32,80,-5.13,27.54,43,59.24,43.87,-15.46,29.05,-21.54,69.13,58.98,-11,24,144,39,-46,-7.4,133,53.51,-18.13,35,28.56,-15,0.51,62,-18,73.03,-10
64,149,39,84,52,-23,-47,31.48,-4,53.31,30.4,91,88,-18.99,-16.01,110,56.76,-6,45,16.77,-4.92,29,19.86,46,67,9,31.64,131,10.94,108,23.76,42,77,47.03,-13.56,65.67,65,-14.81,102,102
-9,114,-12.54,56.47,-41,61.88,106,-46,-6,136,74.55,127,51.5,25,40,-30,-45,36.22,19.01,0.05,46.08,-33,-9.41,24,10,110,40.52,41,-7,-48,11.29,-11,9,129,4.62,63.61,45,-37,52.71,44.24
-28,65,-3.24,148,-20,-41,22.8,44,-35,-2.77,135,1.33,-18.4,30,105,11.81,-44,48,-20.59,-42,-14,28.12,6,81,78,-2.13,55,1.67,-17.98,-12,38.63,112,29.18,7,68.65,106,147,-45,-10.7,78
37,36.44,-37,65.36,-4.72,-11.57,78,111,-49,63.12,34.16,148,43.97,25.77,-0.24,109,76,8.67,60,126,-16,44.57,69.18,-17.42,25.11,50.46,16,148,105,34.54,-50,-23.28,131,24,1,58,122,60,130,52.77
67,16.06,57.33,-15.52,136,54,48.34,16,-16,-41,37,31.41,98,12.81,35,71.41,-38,31,-44,-24.7,63.2,-2.04,24.23,53,7.15,139,78,17.28,-11.72,-6.08,4.11,-26,-3,127,119,63.26,-15,-27,36.71,66
30.43,26,52,65,135,16.76,101,54.82,-38,17.72,48,71.69,2,107,20.29,129,51,126,-12.32,-15.66,-6,85,19,-15.96,-10.43,-49,21,65.99,-17.44,10,-6.09,-3.03,22,62.02,1.34,116,29.06,-25,7,-21
71.38,131,69,124,37,73.28,-26,2,11.43,103,48,34,-21,16.25,10.32,-13.12,22.85,64.09,-34,90,74.87,69,30.26,13.71,106,0.7,109,29.07,-21.41,72,128,133,31.21,57.97,-6.29,-42,59.46,66.93,44.79,-12
122,-22,79,-5.78,130,-29,72.76,130,-37,15.74,-16,56,62.54,20.43,-19,81,66.15,-24,24,-6.17,58,66.87,67,34.42,9.29,73.95,-25,26.11,-18,47.33,22.34,81,63,126,-19,112,-24.17,26,0.18,-46
29.96,-46,140,32,47,104,30,64,72,136,61.77,10.79,62,92,-39,80,-15,-43,34,8,35,-11.82,105,137,23.09,-11,42,20.02,58.46,-38,20.67,52,-32,-2.1,45.04,-24,53.37,58.3,16.42,-32
39,25.43,128,39,28.19,106,147,62,58.28,66.33,56.07,20.23,101,-18,-13.32,73.07,62,18,60,61,46.1,-6,28,59.15,76,11.41,3.58,4.05,-22,-8.31,3,10.9,-4.35,108,36.76,148,51,40.38,21.4,40.16
109,65,27,-41,80,102,78,131,-12,16.42,26.87,116,9,-42,85,117,15.78,49,82,5.41,60,124,50.6,0,30.97,-45,-4.51,16,46.99,-9,-17.2,58.08,42,56.45,37.7,102,-33,42.83,63,-2
102,143,144,114,125,84,41.81,63.27,-16.92,-23,19,111,54,56,57,50.91,-11,-19,95,-3,86,49,-16.34,-19.69,19.93,99,88,-30,12,90,103,126,23,-50,12.44,102,60.88,134,23,14
-0.5,0.03,123,79,72.92,-15,15.15,-45,-26,52.9,13.17,142,26.98,44.65,77,66,25,-3.83,7,-8.95,30.13,34.85,85,27.94,130,141,44.71,73.76,144,2.24,115,3,73,45.94,66,9.69,10,-23,38,25.2
2,-20.75,83,68.92,-49,-0.25,11.26,16,36,101,-16,-17,34.8,-29,70.59,72.39,19,90,36,-21,-13.96,-41,71,18,103,55.58,80,29,-36,149,110,20.71,104,97,108,-6.11,19.23,0.27,104,-23
-0.16,-10,47,119,30,145,7.53,97,30.92,70.18,-20.45,98,-23.49,146,47,-45,59.35,133,12.23,-14.05,-18,95,16.5,-20,58.92,-18,121,-17.07,51.28,81,48,39.56,22,-12,101,4.44,96,-44,104,31
-39,1.16,18.32,12,114,38.57,5.16,-19.49,127,84,14.56,1,61.24,81,49,-48,92,20,-35,-0.1,-30,4.4,17.48,-42,0,95,26,114,-7.35,4,126,20.74,10,80,-23.77,54,46,59.66,-24,-37
147,57,70,17.25,-47,-24,132,-14.88,56.05,10.09,-3.22,102,-31,111,47,91,67,93,22.82,122,116,25.31,-47,-18,-9,37,11,31.32,64,126,19.79,-35,-7.11,52.21,21.88,16,4,-3,57,31
-16,58.12,30.29,55.51,44,-46,73,59,-7,51.43,39.32,42,66.84,-13.43,18,70.88,-23.32,46,132,-20,102,123,41,-42,-22.52,-47,63,94,-40,35.26,-35,114,73,90,6,17.92,79,50,145,-28
-40,33.11,-0.52,73,-2.05,-34,65,133,108,51.23,67,107,-8,-10.76,-4.47,35.16,111,-49,103,91,59,111,49.31,6.54,43,78,125,-9.44,55.63,67.79,67,24,-8.04,0.9,-30,21,27.08,42,14.91,5
-1.04,54.35,95,-14,53.51,144,76,53.61,-35,-10.37,19,-6.91,103,18.7,16,99,130,43.43,23,49,106,60.53,-12.48,43.59,-2.42,75,140,-27,90,14,18,23.67,-20.88,-35,34.76,-38,16,57,16,95
27,-13,50,-27,70,22.49,104,70.87,73,-39,-25,1.07,-1,13.95,-10,13,61.26,74.63,-7,109,19.22,75,-12,84,16.54,-10,140,1,145,72.09,27.8,6.75,42.99,109,25,60,42,137,50.48,115
61.89,58,6.09,-22.89,-46,20.09,5.9,42.49,-11.87,76,74.68,76,13.73,113,50,59,61.85,84,-1,-14.69,18,20.53,36.54,131,93,-10.97,34,40,-36,6,107,77,76,18,28.3,82,40.91,3.93,-12.48,137
-49,14,21,-22.35,48.2,41,82,4.87,-0.24,-8.72,-8,70.26,-15.57,44,98,-15.97,-42,127,60,27.04,-24,-19,63.19,-2,-12,-45,116,33,33,107,35.91,40.08,-5.22,25,0.13,24.34,46.12,-22,-9,-11
26.53,114,-4,4.83,-42,57.86,-21,26.24,44,-19,64,41.02,-1,-23.11,65,-1.23,26,19,103,95,66.68,32,95,47,66,45,16.7,25.19,-12.95,47,-16,62.66,-21,28.81,-8.62,15.58,-4,-23.58,54,-10
-21.55,2,57,-2,80,-28,37.86,38.36,129,104,8.07,94,103,63.12,3.95,-33,113,-22,74,7.23,26.54,122,-5.8,145,60.29,-14.78,22.32,15,98,79,92,38.84,-4.7,4,4,148,15.52,-18,35,43
-10,17,57.58,8,58,36.3,56,-22.87,26,-26,-14.33,108,124,115,-31,147,131,-6,11.58,85,0,3.95,-22,135,43.08,-12,21,143,45,95,109,-2,140,145,63.61,-36,-15,38.65,59.13,3.06
63,85,-44,4.3,-0.42,20.38,-23,51,35,82,96,28,15.31,36.03,-48,-27,107,26.45,42.35,16,52.06,87,88,136,72,24.29,29,-37,24,8,70,18,-18.79,-41,37.49,94,42,13,8.41,-10.14
3,32.56,58.81,-18.8,8.11,38,13,-15.43,92,74,-13.14,-1.97,50,72.54,59,127,8.18,55,6.71,62,95,23.29,42.03,137,-10.53,27.69,29,124,-30,56.75,47,-37,20,12.61,32,54.53,84,26,18,42
87,-5.96,61,30,58,38,19,104,72,22.08,39.27,12.02,116,38,16.68,-36,52.03,22,28,-9.68,58.08,-17.67,125,63,73,36.6,-24,100,16,56,-15.87,137,-9,90,-8,141,-13,-1,-13,6.72
-15.38,-49,79,140,107,14.43,-4.12,44,-22,-1,46.39,-18.06,44.9,87,78,-3,114,74,109,59,-3.45,37.91,51.87,-7.25,-48,91,-21.72,-50,26.98,143,69,78,19,2.56,122,120,-0.09,-4.9,-1,53.65
10.54,70.7,-7.98,-2.98,123,60.46,54.31,93,3.99,26,-10.23,71,5,98,12,138,56,-41,32.07,66.39,33.25,66,79,2.44,58,103,-17.46,62.19,13.81,-35,-13,7.83,-34,-19,79,-12,22.06,86,29.24,-23
96,49.6,-11,130,57.65,-8.46,91,49,6.29,86,4.26,41,132,-22,136,96,52,43.46,148,-8.46,40.01,-46,124,16,147,-10.18,58,4.13,54,80,140,82,57.22,75,123,54,-22.07,-14.8,17.61,34
17.46,33.88,28,10.5,-38,103,103,-40,2.39,-10,21.06,22,65,-6.42,-15.17,86,-22.78,37.29,88,8,33,61.34,9,-49,-19.46,31.48,74.7,142,89,121,58.2,59.69,136,93,43.94,32,57.72,92,89,-31
66,-0.03,-16.03,-18.28,77,93,-16.09,131,-14,46,-34,31.36,-13.17,-9.56,116,45.24,-5,77,32.14,80,-11.91,67.64,126,5.98,133,86,-8.49,-38,43.51,100,149,144,54,15.87,26,7,0,82,63.65,97
-39,42,143,92,49,45,49.24,10,85,-12.81,135,67.8,74,22,131,101,-30,33.63,121,118,30.32,84,57.79,-14.25,22,32.42,65.19,149,51,28,-19.67,0,103,13.07,93,101,16.84,-20.77,86,-13.14
59,-9.56,56,-6.67,79,13.08,63.5,-2.45,-20,136,20.78,40,-35,13,135,23.14,135,33.07,-12,40,45.33,122,67.72,56,14.53,-13,138,-20.44,47.05,65.86,-3,30.44,84,49.25,-2,66.12,60.93,72,74,9.66
-22.46,43,-24,145,85,70,28.7,45.96,57.26,101,115,-22,122,114,64,27,140,70.86,113,38.38,31.36,80,44.47,86,-47,83,48,-14,-16.29,70.49,51.74,101,5,86,1.65,106,65.77,12.12,103,24.48
103,119,128,70,56,-21,102,52,56,77,3.74,24,29.23,54,71,98,61.66,-13.83,6.81,-19.39,115,75,93,9.58,73,16.61,-22.36,-23.25,-45,86,20.76,-28,10,-21,146,43.2,12,27.7,-19.22,56
-10,-17,-44,37,62.13,86,-45,-7.8,68.21,-27,68.57,132,-12,57.33,-19.55,138,51.02,2.52,25,3,-14,31,15,-28,74,61,18.33,38,138,74.78,-10.63,43,146,-43,9.65,57.09,112,137,82,125
26,16,59,102,18.95,39,65,-11,108,20,58,146,62,48.43,66.8,-38,54,-15.84,-4,116,65.05,135,6,-18.79,27,43.49,71.35,18.86,120,47,-7,66.98,47.39,-46,52.2,128,58,59,-7.64,21
45,-30,128,-48,-14,64.98,117,90,12.7,-32,47,3.41,30.47,0.59,-3,141,38,-12,128,-49,51.14,129,120,9.51,-5,-7,29.42,-12.7,52,47,107,87,106,-20,-38,98,-20,142,32,-13
44,70,-29,8,30.35,25,21,42.64,14.08,18.1,148,30,-22,102,2.82,99,-23,80,-17,-6.55,-21.83,31.03,-1,21,3.4,3.72,142,-15,12.97,-13.56,-18.48,105,-2,-21.78,-3,50.88,105,103,-20.78,-41
69,5,44,-46,-14.87,5,127,-10,50.68,71,-19.23,28,-12,111,53,128,-17.24,2,-41,133,17,-37,-15,6.65,120,6,17.37,62,137,65.53,-11.64,128,93,20.29,7.47,-32,-16.94,2.19,20.74,42.28
109,-31,127,21.45,35.14,64.74,61,108,17.22,-16,4,5.41,65.04,11,118,23.07,118,-49,-46,31,122,11,82,2.41,45,-1,-17,30,64.55,29,34.21,0.68,10.91,47,25.6,-18.63,91,25.35,111,35.13
63.27,-15,14,66.07,-21,22.31,35.04,139,148,-40,-8.8,67.17,-11.36,-15,-2,53.63,71,32.01,-31,90,50,63.93,-4.05,-15,62.01,126,37.21,16.02,28.82,-39,67.9,-37,64,37.71,14,63.33,-12,9.04,-9.03,59.11
19.1,6.5,47.66,-43,133,19,-13,33.47,106,31.38,-11.43,115,-3,109,48.92,54,-22.98,115,-16,49,53,62.04,21,-28,24,-19.7,9.25,52,85,62.51,113,-6.92,33,17,39.78,32.7,123,22.33,1,-6.41
116,103,-9,79,4.17,104,-7,99,99,54,-20.29,22.95,99,2.6,47.66,46,-48,-13,-42,-23.07,16,107,-22.45,-10,145,130,-26,116,18.11,-13.67,39,-38,103,137,59.64,-47,135,-41,7,71.08
10.65,-43,108,10,75,72.07,42.67,12,128,73,-16.66,77,65,22.45,84,67.57,-13,6.64,147,46,39,-19.82,-20.16,42,7.54,147,15,-20,11.66,141,52,5,100,31.12,66,37.08,7,125,56.54,56
120,38,57.1,38,54,27.35,118,-21,18.86,-5.98,-39,-24,73.1,2.56,5.73,124,36.01,-37,71.63,-36,56,-4.15,62,16,56,71.77,-23.1,62.62,10.21,-21,42,115,-12.33,37,18,28.77,132,138,10,49
1.37,82,38.39,-21.97,7.73,103,136,31.57,66,51,1,123,20.63,102,140,-45,99,67.18,-24.4,58.42,-19.88,63.93,55.23,104,-19,122,36.32,-15,39.56,22,135,41.32,-9.49,-3,-18,23.25,69.7,-15.31,132,74
44.02,34,82,22.61,-7.28,86,41.33,58,-10.79,113,126,-16,133,78,-46,5.05,56,104,-12.36,38,76,29.94,62.67,9.98,52,26,-18.41,64.26,32,-23,49.09,55.81,68.41,64.38,105,19,70,33.88,-3.59,121
-15.47,60.94,8,38.99,17,6.92,123,60.2,-11,46.26,-23,127,22.43,128,-21.3,-5,7.89,-4,6,-5,52.4,14,4,105,60.72,-11,-12,19.46,-42,44,-29,-4.92,35.26,7.83,99,67,25,0,146,82
142,40.17,48.42,38,10.65,99,71,-4.81,50.98,138,-23.45,22,9.9,-16.68,69.77,143,31.24,16.51,-18,-1,-37,109,110,-44,57.83,113,82,3.08,-24.72,-40,144,41,142,146,3,34,12,53.63,-40,59.3
93,39.15,31.73,18.98,24,56,119,-11.78,60.63,42,42.63,79,72,-31,-50,141,70.08,21.08,55,-18.83,125,47,30.03,37,44.83,40.82,-11,-7.36,35.97,116,78,-10.93,56.86,59,31.34,138,-2,132,0.54,-16
130,64.37,46.98,85,34.48,137,-18.27,29,129,-48,32,124,38.83,40,-1.75,8.55,-17.21,138,-24.63,86,122,120,-8.06,-2,-3.07,70,-10.02,116,119,51,99,34.74,54,86,-2.42,108,84,-15.79,-19.02,25
40,-20,-8,-15,71.31,121,7.36,22.78,-20.13,52,148,86,7.36,11.06,7.79,-37,-4.38,56,56.23,23.57,12.28,66,99,-3,39.41,55,137,36.73,-42,8.67,128,29.97,70.97,7.45,65.25,-7.72,61,37,64.82,60
72,43,39,61.94,-22.31,148,91,-38,-2,56.27,-26,-17.42,109,82,2.9,94,107,-32,1,26,-24.41,-17.48,-1,1.13,-25,-17,-19.04,18.24,33.38,12.98,39.81,-12,104,28,18.62,48.38,22.14,137,147,40
-23,53,-15,25.79,126,-23,-25,1.81,36.13,132,-41,122,41.17,-0.58,62.91,12,-10.79,116,142,15.55,107,99,17.22,0,70.35,2,31.58,16,-19,60,8.66,119,67.71,52,-15.45,120,-24,10.9,102,61
-43,-23,84,141,13.98,98,70.8,-1.86,69,51,3,12,67,6.6,-9.17,81,34.16,36,46,23.81,121,-23,-36,20.3,66,26.99,71,-41,-50,-39,-10,46.39,10.15,129,96,49.39,30,29.51,146,-21.33
3.02,54,69.18,103,25,63.88,6.7,-2.61,145,37,144,70.48,139,-15,55,96,-46,116,25,17,112,15.37,76,-15.21,68,89,21.45,149,73.86,47,61.31,114,0.34,11.42,1,107,-7.11,-36,22.63,-37
34.28,112,136,107,29,99,15,1.56,126,35,35.72,53,39,21.03,82,64.5,71,93,46,76,-13.82,-12,27.73,63,4,48,75,82,143,54.47,39,44.78,21.18,32,-6,-3,10.67,12.98,57.54,65.82
-0.93,106,79,71.51,89,49,125,28,138,54,-31,7,25,37.42,108,-21.37,-11.79,25,-1,72.79,-22,50,63,-16.75,2,33.68,66.74,12,-14.41,-25,110,71.1,-33,41,-46,101,38.93,107,40.6,138
-8.01,59.59,9.18,72.08,81,38.83,6.3,48.11,129,25,52,7.21,38,-46,-26,43.17,32.46,120,47.05,31,104,14.23,70,107,13.57,46.23,41,137,20.1,38.76,21,46,2,32,36.38,40,30,33.16,95,-13.66
79,30.23,25,14,56,0,56,93,-15,14,122,23.26,5.91,17.71,80,-15.59,131,39.34,133,119,12.5,113,-5.05,63.52,-14.78,-17,9.26,99,25,-35,-20.06,-16,3,131,23.62,-0.29,141,45,77,43.08
41.61,104,10,94,-10.62,55,129,-40,39,121,-41,3.97,-46,35.2,-47,31.67,133,118,15.43,130,-17.99,-19,20,148,12.39,-42,137,16,50,0,0.21,100,70.68,135,49,38.92,15,25.22,17,-7.71
32.02,45.97,26.51,9.83,9,22.49,-45,80,-39,13.39,8.55,29.35,75,-21.8,115,85,148,-12,52,132,43,-19.16,70,25.54,1,13.34,1.85,31,-22.47,36.01,-36,-23.34,110,10.7,-8.58,76,67,63.23,56,8.76
25,6.69,112,19,-49,-39,38.05,-20.89,-37,-18.75,132,21,52.09,-49,56,-34,10.99,91,28.84,74.17,22,-23,-44,-14,130,90,40.75,41.08,73,22.21,53.73,11,-5.43,19,17,11,39.31,-20.97,145,-19
114,119,19.46,0.24,9.99,114,93,62.61,-15,72.73,22,-6.34,8,94,91,-24.5,73,113,45.78,-19.12,5,-2,40,54,54,-34,28.05,31.32,5.07,65.9,-50,27,-22.51,-50,43.6,-13.65,-3,39.97,30,-17.45
59.51,-6,149,108,8.86,-18.04,49,-17.58,73.73,87,-37,-38,20,-10,24,37,73,-6.3,-24,34.94,106,-11,-45,48,145,-49,-17,103,-13,43.34,32.36,9.14,-48,-10.45,57,-15,38.38,142,6,-24.57
43.79,-15.48,82,105,114,97,-31,135,21,59,36,-24.51,17,42.15,38.41,-24,71,110,102,-19.05,138,42.95,11,28,129,43.46,74.89,46,-49,34.92,22,-3.14,-9,59,74.93,31.52,84,70.3,77,-31
54.74,112,110,33,64.53,65,61,8.78,80,-30,66,135,129,67.12,65,17,14,2,52.32,62.62,-13.66,73,-48,58,22.16,-15,-36,21,-11.55,86,69.03,56,64,39.67,59.69,29.66,80,-11,21,105
49.59,85,54.26,52.38,56.12,81,15.26,-15,-7,-40,-47,122,37.13,105,-32,89,-17.28,26,129,65.81,121,6,9,105,29.37,18.68,35,-19,76,24,6,106,14,39,127,147,65,29.89,59.06,72
-21.23,-48,1.02,-12,5,-19,21.31,34,-20.91,38.94,77,61,-29,65.14,-10,-22.28,58.29,63,66,14.9,9,126,35,21,28.8,33.11,-12.96,53,46.05,95,33,54,-36,65.13,18,-27,62.37,81,140,5
-34,24,34.15,95,-6.69,83,38,31.72,102,31.1,69.02,77,52,39.23,-41,112,9.61,62.99,37,-22.03,60.43,102,-30,72.63,41.74,146,7.68,15,3.04,15,44.81,38,87,56,65.36,128,-17.42,43,26,110
-38,64.6,66.32,49.44,-17.82,-10,-3,0.08,81,18.79,-15,-42,63.55,14,5.23,8,53,-20,54.32,121,68.09,131,44.58,44,36.27,34,21.65,106,-3.98,84,21.6,36,41.8,27,-24,40,-25,43.95,1,-32
74,-8.62,9,118,24,63.89,-19,134,36.51,35.86,50.43,25,109,28.25,4.81,-24.12,44,23.29,70,72.93,49.09,15.42,50,57,-41,60,88,130,95,92,-38,147,-27,-14,45.58,35,5.8,33,13.22,67.67
59,133,-3.34,92,-24.31,27.91,83,-21,8,30,23.11,-35,-16.21,-15,92,3.3,-31,79,12.51,67,66.49,12,37.99,63.9,-0.12,85,130,34,-37,141,62.97,60.15,-24.21,70.79,11,8,104,74.88,48.32,95
-49,62,50,89,-11.05,-22,-37,-40,53.17,74,-11.32,22.7,11.74,-17.48,92,-20.79,97,-18,20.61,130,74.6,64,27.56,-21.62,14,2,4.12,73,78,149,119,-31,20.91,-16.53,113,-9.9,-10.9,-26,9,-29
14.2,72.16,105,-8,59.39,65,116,147,-2.24,-11,68,90,64.36,121,27.17,-1.94,81,-10,-3.98,77,74.58,-29,-21.98,49,73,92,137,116,95,-17.71,15.18,-5.55,-6.1,0.91,63.89,140,120,-7.49,2,30.58
50,74.13,-17.87,62,-22,37.25,6.5,-23,121,64.25,117,54,37.98,59.31,66.86,31,0.75,65.56,-22,6,87,67,-17.88,12,116,-23.5,-19.59,-43,54.94,12,34.49,-7.61,33.04,-28,61,-17,139,27.63,81,98
62,25,16.83,109,-22,21.91,33,100,102,72.92,92,89,33,53.68,147,77,-17,-16.56,-21,41.89,13,27.9,-29,59.28,77,59,41.46,37.28,14.79,53.82,-29,67.43,113,-13.51,123,18,132,44,145,70
-30,6,123,70.45,14.57,129,-47,29,97,101,-3,46.36,31,-2,-8.72,32.63,9.3,8.97,36,46.91,146,0.1,87,73,-1.38,58.7,35.07,79,57.72,108,73,49.12,-8.82,2,78,130,28.12,128,33.81,73.67
139,-50,30,-4,10,48,-10,-6,-4.03,55.14,-15,-15.26,-10.24,11.98,37,71,5,75,148,-19.74,55.63,2.47,131,30.78,32.16,23,21,-24,32,119,62.62,129,-15.96,-16.14,9,121,65,147,-50,46
11.45,69.83,16,133,28.25,0.83,38,132,130,40.79,-9.71,146,70.56,64,69,46.95,70,45,28,90,108,115,-7.6,31.67,2.81,-3.27,144,72.27,-25,75,121,55,7.7,74.5,56.65,37.94,26,44.83,71,52.07
-6.04,-11.13,-12.81,136,58,-47,37,52,131,67,15,17.14,0,125,-14,127,145,103,40.63,-18,-5,126,-24,24,-26,74.25,-15,61,3.9,27.97,-50,135,-2,59.47,71,25.12,-12,52,108,33
22,51,26,7,62,5.31,-9.45,71.68,17,1.8,-8,50.62,13.63,25,15,57.82,47.66,-5,47.39,29.04,117,48,-20,61.24,-17.87,60.06,143,-12.96,58,15.15,88,117,23,17.05,81,58.46,66.81,3,-8.37,53
2.14,31.64,110,97,56.27,6.54,3,58.86,0,-22,65.48,123,111,58.19,114,59.22,2,-14.48,91,-34,50,-2.7,13.18,33.52,48,94,-18,118,-20.76,25,35.75,-11,60,15.86,-9.61,125,-10,40.3,82,16
139,42.5,55.63,68,53,65,13,101,129,120,18,-30,26,34,20.07,94,38.28,7.28,-13.08,69.14,46.25,91,7,-15.56,-20,87,65,78,49.55,-39,87,-46,114,84,33.67,134,105,1,0.16,-0.96
53,57.02,43,30,124,142,-4.9,-30,72,-49,-12.68,3.53,80,-3,-16.67,60,-19,31.92,30,71.37,83,-12.47,-15.32,146,93,33,4.98,-4,23,-12.35,-23.21,48,5,51.79,57.71,-47,-38,74,-5,58
79,143,16,52,28,147,35.34,-1.69,16.78,53.65,-8,-19,88,25,-9.15,94,-28,11.08,-16.71,44,-1.76,145,-40,40.73,-14.07,149,-17.98,35.74,15,-7,55.83,-33,52.83,-3.5,57,128,13,148,148,55.12
42,35,77,69.36,-3.23,0.48,12,-12,33.77,6,52.51,50.38,-29,-25,115,-1,98,33,-10,47,3.5,99,11.54,30.96,5.53,133,-35,9.19,-18.88,7,142,-10.31,-8,27.98,99,59.2,47.36,139,70.1,42
41.33,-15.52,-46,-15.77,115,-7.68,22.74,-41,123,55.55,112,-50,139,15,24,-6,41,-24.81,122,9,147,19,49.82,-9.12,23,18,22.48,-13,-42,75,34.22,78,79,51,53,16.62,39.71,57.79,60,57
28.3,-9,107,39.01,-9,-16.38,93,144,61,-38,-35,9,118,107,129,-46,133,128,-47,-9,4,85,-8.49,17.55,24.36,56,-17,45.02,64.67,27.67,27,-20.67,-11.65,11.3,22,26.41,-2.03,28,37.97,128
122,-26,139,118,43,-37,87,118,89,10.17,145,-10.12,-41,12,43.48,117,133,20.39,17.17,37,13.94,-38,117,71.93,43.5,5.54,-7.04,103,62.9,-15,-18.84,5.74,-16,-8.46,74,63,39.44,30.66,54.89,11
98,-32,104,57.66,-20.08,66,-14.43,123,43.5,143,28.98,49.37,37.06,-16.57,68,35,0,108,-3.18,-19.19,-9.51,19,-0.18,48,2.54,131,114,12.68,48.95,92,75,44,50,35,-19.63,115,28,-32,77,-22
-0.21,29.4,-27,123,71,-22.45,125,-10.53,87,-43,-28,24.18,-3.76,58.78,-0.85,27,86,5.65,13.25,115,3.33,66.13,49.49,-24.2,-21.55,103,-19.93,64.07,20,-21,-15.46,26.91,-8.79,6.75,-4.85,3.43,14,131,122,-0.34
54.81,68,31.05,59.6,103,21.47,64,-3.07,9,64.42,-22.91,47.67,68.85,44.03,-26,-28,44,115,71.41,12.19,91,90,36,-19.82,-36,-12.57,24,65.05,31.29,54.66,61,-24.35,68.11,134,14.48,33,60.35,143,-32,10.61
127,76,94,67,-23,-45,55.49,91,74.82,-38,23,59.33,49,114,-1.71,75,16,67.94,144,96,97,17,110,-48,21.78,0.92,42.67,70.71,34.65,138,7.39,84,0,-22,90,92,138,56,-45,104
0,-9,13.35,85,67,94,-3.69,72,5.54,45,-23.5,-3.56,-21,145,16,-47,-7.05,11.23,113,85,105,-5.39,2,29,13,-15.8,-38,-45,-29,-10.34,-16.12,43,27,41.84,100,30,5.56,66,-29,-22
4,114,10.02,20.7,25,120,34.69,62,117,50,50,-1,38,111,-9.96,-18,-15,37,-15,46.17,53,143,7.68,-11,21.35,106,71.02,108,70,-20,0,-2,22.34,120,4,70.06,-12.16,105,39,13
17,100,-14.95,102,128,17.15,124,2.62,69.12,-10.24,17,38.5,41.06,30.27,61.08,74.93,47.21,130,70.03,103,84,63.76,47.5,-24.25,113,76,43,62.09,76,48,3,1,78,36,17.64,-11,147,48,23.58,51
29,12.33,126,-9,-45,68,46,24,78,79,43.59,70.4,-20,123,-16.32,2.54,-38,-13.37,-50,50,37,12,-11,148,7.72,85,40.23,37.55,141,98,138,29.23,70,48.72,44.4,-46,1,132,-19.86,27
28.57,-0.3,91,36,70,40.64,21,-19.91,89,29.36,66,-23.66,15.85,-43,-33,43,-13,105,132,-17.66,119,-32,-24.32,43,52.48,53,75,-39,42.81,83,93,127,13,57.6,-43,69.16,-5,74.42,48,34
69.3,5,4.38,50.23,139,38,50.12,19,70.25,-9.22,5,56.29,53,-32,81,23,-27,63.8,83,-7.2,-9.35,-12,5.85,-42,-10.3,107,144,12.08,-5.48,37.5,74,-2.69,-17.15,59.57,-32,59,-17,42.7,62.53,27.76
66.74,-15,62.71,106,56,12,145,97,128,-6,-8.31,65.1,13.32,63.52,16,41.98,71.66,6,47.88,-43,38,85,88,74.83,126,13.81,34.45,70,66,72,51.13,139,122,120,56.54,40.66,58.92,-26,-48,-17.46
41,-17.63,92,15,56,53,87,42,44,-48,12,-13.44,107,-37,123,20.73,53.44,13,-12,31,50.89,128,-24.62,-14.73,-24,-25,117,-24,69.97,52,50.94,-14.98,82,30.96,118,28,-49,45.67,13,133
47,63,33.98,-5.89,-14.39,61.43,-21,-16,133,-33,86,25.42,22.97,40,138,71.43,-39,73,-31,24.25,7,-16.5,-21,141,85,91,129,-1.17,17.33,6,-23,22,43,30,28.4,53.76,26,-23,79,-41
74.69,-14.2,2.74,124,72.47,45,-11.55,46,-6,42.05,51,22.44,10,29,-39,72,-22.14,68,16.96,-2,-33,-47,-23.56,5.39,60,21,70.63,57.74,113,-38,38,134,77,127,138,-50,-24.31,9,12.68,50.17
19.82,123,-13.25,46.94,67.25,-1.59,110,-1.26,147,60,-33,15,119,114,-27,-22,17.08,-17,98,69,74,62,68,-14.32,10,9.82,-3.05,144,103,4.21,26,33,-13.09,28,7,73.24,41.6,65,-33,28
119,35.03,99,123,-40,43.59,71.78,5.84,3.12,36.42,97,-38,-7,11,0.37,-13.63,5.47,47,29.51,-35,-20.9,61.2,2,-0.92,-20.39,-43,7.92,-42,91,-23,76,-22,64.83,-9.5,-20.47,60.13,121,37,-6,-6
50.55,-8,33.1,22.45,12.32,7.26,66.78,91,-3.05,148,61.52,-31,32.5,127,66.08,27,92,142,115,-48,44,33,125,41.82,119,54.62,63,62.07,-11,1.53,30.35,96,22.81,31.64,77,132,-22.92,17,44,20
55.57,-34,93,21.1,-37,145,-39,-23,42,111,7,-49,74.54,9.1,57,53.21,-18.59,44.68,47,-13.76,116,72.76,39,-16,85,113,12,106,67,39,117,-22.25,9.51,10.16,9.24,87,-20.07,71,-13,28
-25,37.86,66.41,-13,-10.98,105,-41,45.69,21,109,70,126,40,-33,40.53,40,72,62,96,-19,12,140,69.09,50,40.56,8,69.75,32.47,-3,6.73,43,34.04,133,144,-34,53.64,68,23,38,113
132,-23,42.29,92,66,-6,31,26,-17,60,17.81,134,-28,70.69,63.8,74.86,91,13.55,122,61.28,147,48,-10,136,-32,49.96,-7.85,13.88,39.53,70.48,23,-17,56.36,149,58.45,23.98,32.34,59,38.07,20
96,-37,21.82,137,-28,8.49,-42,-13.3,138,36.62,51.89,124,-41,142,-31,-49,64,-0.6,32.41,-20,2.71,64.69,104,-14.52,19.6,84,-8.12,69.25,69.58,16,94,50.83,13,-47,115,-41,135,-21.38,34,141
88,14,62,20,45.34,66,4,3,81,31.07,-8,148,-19.45,27,-16,45,44,96,51.22,117,98,15.46,91,-14.05,27,-18.96,-36,-9.66,60.92,-42,9.28,137,82,133,70,47,-47,52.2,64.86,112
51.11,39.23,67.62,86,-20,31.61,39,129,127,94,61.8,133,53.49,-18.28,-32,59.19,-42,77,-25,125,102,70.02,44.55,11,-41,-3,-14,-5.25,-42,141,28.69,-17,57,117,-43,30,-30,-8.94,19.36,28.67
38,69.05,-32,44.94,-49,14.04,148,9,-2.76,69,124,54.5,48.96,8.41,-16.04,-3.87,33.79,41.97,135,-9.47,6,-15.16,7,-42,18.71,32,39,-8.96,121,11,89,-3.03,38.93,42,37,134,25.53,-12.23,47,42.5
-15,7,72,-30,38.04,75,72,-11,39.33,23,52,21.4,40,-19,-4.61,38.18,18.55,102,140,97,-15.3,94,-25,-12.91,102,64,49.08,97,116,4.9,3.89,31,2,123,28.42,-14.92,82,-41,60,93
44,96,120,87,55.88,101,32.35,-48,74.1,80,31.05,25,38.55,126,-50,69.23,135,35.53,97,22.44,-12.37,41.04,-2.32,-41,16,39.58,143,26.67,-31,109,79,62,44.51,0.82,-35,-8,-31,50,69.72,97
-17,137,51,18,1,77,145,25.64,40,107,42,10.96,140,74,27.57,51,-3,33,50.47,44,-7,70.38,-49,1,37.39,144,-35,-23.27,70,-42,97,53.85,28.96,34.13,47.63,-4,57,-9.72,31,127
117,-22.37,19,22.21,7.49,-9,35,12.5,51,55.59,-13.39,39.06,46.76,11.11,-13,-11,127,85,38,13,149,6.87,-22.62,101,-47,69.2,19,8.16,60.16,74,-4.31,110,-20,30.54,18.21,36.3,121,-12.18,149,33.11
8,60,54,89,144,131,114,38.21,-34,0.05,31.84,25,2,21.84,12.17,97,87,98,-10,88,7.21,11.52,93,36.56,68.35,-16.26,21,139,-9,20,24.72,21,8.89,57.89,143,6,7.51,147,34,114
67.29,9.78,-19.27,-31,126,70,97,82,125,5.34,-6,41.31,-15,-5.93,52.05,-8.99,134,73.14,20,-26,96,148,8.73,31,8.92,14.5,120,-2,93,43.16,-9.6,-12,3.95,20.44,-31,66,72,36.03,48.26,23
56,16,3.08,41,-23,1,42.24,-8,25,-45,25.95,125,56.71,13,88,-14.45,61.97,67,74.51,67,15.15,-28,82,54,38,111,58.62,73,23.03,1,98,-6,73,19.03,57.31,11.77,65.57,34,24,48
8.03,44.46,52,0.13,51,58.82,74.49,42,48.66,-24,21.25,66.96,39.18,44.84,-28,7,63,79,-18.51,72,-15,71,-12.99,-15.92,-21,7.99,-50,56,5.98,22.05,7.41,2,33,-8.24,108,28.19,29,4.04,112,60.16
-18,16.44,15,109,-12.08,51.05,32,-34,34.18,10.05,-10.74,131,128,-13.75,58,63,17,84,-42,96,55,108,77,59,7.3,-7,48.45,8.08,14.48,-7.6,46,1.29,61,38.73,35.08,4,148,74.01,-45,14.34
-19.87,39,-6.22,20.14,-12.23,-41,-48,-33,44.13,81,98,68,52.73,-12,31.45,73.67,-45,50,45,54.26,109,22,36.73,-24.69,31,48.84,-14.46,16.68,107,58.44,34.13,-6,30,109,34,84,15.61,-18,131,-46
-3.43,-18.76,-23.1,61.1,29.14,6,24,101,-1,34,134,-23,4.64,39.22,48.07,-13,-15.42,-13.59,-16,11,99,-1.96,78,-49,112,51.71,56,8,24,3.21,-29,-6.21,43,-46,48.88,122,64.02,53,6,58.02
55.7,-11.94,64,52.68,129,10,70,25.77,-14,-10,130,-2.64,138,95,-39,122,38,33.88,149,46,24,47,16.26,101,37,68.92,122,14.93,-23,72,-12,73.17,4,61.68,103,12.42,22.49,-13.3,72.02,67.62
61.39,93,46.86,33.72,40.35,21,129,20,93,56,-22,27.33,34.99,51.96,44,74.45,27.42,89,16.94,64,22.88,14.99,51,134,-16.06,131,96,35.6,139,4,119,108,71.06,11.82,112,0.28,136,26.71,-2,0
6.4,27,45.96,108,-2.3,142,33.03,-8.36,27.27,-16.82,32,61,14.91,14,82,-39,79,-6.16,-10.03,-23.12,41,-35,2,9,35.07,146,-38,2,17,-15,132,54,67,-10,134,-32,49.51,56,-26,22.13
-42,66.49,-1.86,72,10.25,38.36,31.02,-24,18,44,127,135,13.54,-37,-15.22,5.46,-20,-22.49,64.79,40,57,125,29,-40,28.68,50,79,101,37,13.68,66.73,55,80,3,0,28.9,25,111,66.14,-36
7.54,99,2.82,-16,106,33,-22,67.71,32.13,145,66,59,94,92,141,-9,35,13,48,-9.39,-6.38,-27,-26,65.56,-18.66,71.73,91,34.81,26.01,66,-2.54,-1,34,33.47,67.71,84,44.51,-23,42.23,142
3,70.58,21.69,-23.36,-25,118,5,57,59.14,0.39,66.12,21,-7.7,0.45,136,17.34,132,14.74,9.15,-18,71.67,27.31,15.39,137,-24.6,37,-22.35,36,45.11,121,78,-15,19.6,-49,33.8,-12.98,-7,-14.54,53.75,29.43
68,-17.63,90,8.93,16,-8,-46,43,56.81,54.24,34.03,-24.94,96,16.9,76,-11,-23.82,119,-18,24,17.85,33.52,-23.05,-4.52,19.09,64.79,95,126,-29,-31,-39,38.19,-35,-46,70,113,-21.86,-17.92,-23.54,61.49
73,60,-43,5,-7.5,42,19,107,12.1,61.55,-47,120,51.44,-6.59,91,34.68,73.97,144,95,-6,72,59.65,-2,103,77,16,-4.8,62.53,108,-3,31,52.5,20,26.89,73,107,27.6,14,29,107
-1,0.57,-16.14,17.29,140,69,-12.64,84,95,68,41.91,-12,-11.84,15.71,-33,146,3,28.92,-24,69.65,80,56,-28,46.09,125,-47,5,127,49,60.13,-49,136,68,-12.27,-44,-44,-21.51,118,123,18.94
43.47,124,71.65,20.58,-2.15,26.17,49,-7.51,8.83,88,40,119,72,36,93,9,-13,95,125,0,7,24.57,42.32,73.49,29.27,-19,105,-11,27.22,7.52,16.16,-23,25.35,-13,96,17.14,-17.49,87,147,31.75
42,-35,74.33,38,-12.45,89,-18.7,98,3.11,-39,-23.44,135,43.93,33,62,-12,88,46.59,57,41.49,-37,11,1,36.01,59.43,23,24.88,62.56,112,-17,51,60,-9.33,149,39,13.51,27,-13,66.11,-29
0,-3,110,50.25,-27,-26,-19,49.08,52,-43,-28,68,-39,124,85,30,108,110,54,53,-5,54.18,18.87,13.5,107,80,-4.64,64.64,-23,-4.69,-4.79,47,92,55.39,33.28,49.93,70.76,10.5,69,6
-24,74.22,23.31,53.78,101,-17,62.32,-5.8,18.33,25.4,34.64,21,21,57.26,-5,77,126,4.32,15,90,38.29,42.83,-13,-3.04,52.96,-1.73,-43,-31,65,-5.65,141,103,86,-25,67,22,-12,105,24,37.44
-38,70,10.4,-18,84,23,62.06,32.3,56.41,-17,16.39,-20.4,-6.39,88,44.83,82,127,-6.52,-21.21,9.86,-6.69,148,-12.57,148,-16,24.18,-28,80,66,50.95,119,139,-5,61,134,-23,-0.55,90,69,-28
13.04,40,-15.06,140,35.44,70,-47,110,42.34,-12,38.79,61.99,59.79,13.19,52,28.6,73.96,37,116,-31,54,27,36.09,-3,11.39,50.65,60,8.9,36.17,38,-37,0.71,19,-50,122,130,-14,102,119,-16
44.1,5,69,51,-16.22,124,-8.11,-24.03,1.49,-44,38,34,63.41,54.59,97,84,140,-30,-2.17,-12.9,70.17,71,149,49,30.41,6,-12,-8,90,54.4,105,58.81,50,129,32.87,-2.13,12,21.82,-50,25.85
-14,-21.87,69.9,58.82,-12,133,124,-3.81,77,126,24,33.63,-23,132,45.71,-7.61,-9.83,21.53,-7,12,80,143,-2,68.17,68,84,111,41.2,-12,-12,6.76,10.12,-20,6.59,141,69.25,-42,-47,31.24,20.15
19,-3,54,34,82,125,-47,-12.88,-35,84,19,-48,8.38,51,-12,122,-4.39,98,39.86,73.82,3.89,13.84,-16.23,-4.04,101,27,-18,48,8.55,2,25.03,106,-13.93,62,32.23,28,-4,-8.59,63,-2.87
-46,94,16.03,121,-3.73,139,90,17,16,88,-25,33.65,-2,34,50,15.2,69.46,65.08,37.36,18,7.32,60.88,21,67.7,-14,24,97,-25,108,44.84,1.99,94,78,-18.33,72.82,71,24,-43,-6.67,49
-14,111,-16.71,99,59,72,-13.15,-25,52.88,34,-2.05,-5,22,48.32,35.67,61,2,23,125,136,-16,54.12,55.73,17.73,48,101,137,89,-14.22,136,85,36.21,101,25.78,-20.55,125,-6.32,77,-19.12,36.32
43,33.01,46.07,65.49,34.67,116,19.39,7.51,7.68,85,64,113,-19,119,-45,62.72,39.13,59,13.92,3,36,40,-49,-43,-21,20,55.5,56,129,-14.59,-48,-9.96,28.34,120,89,51.89,48.72,7.18,8.99,138
18.02,-8.46,-44,-20,88,-35,26.23,25.64,-43,20,75,69,62.85,64.4,35.7,-7.14,57.02,90,105,42,10.99,131,46.91,12.42,125,55,36.01,80,-43,-31,-21.02,-1.72,68,24.45,-6,-19.73,116,145,33,9
24.81,50.59,145,8.71,134,44.09,33,4.18,18,82,61,-25,-39,1.86,-8.26,-11,18.21,78,27.15,56.37,18,-43,42,21.51,-8,30.35,-39,66.97,-32,-20.67,4.7,143,-11,56,83,130,120,-41,21,23.47
74.59,-11.15,51,13.94,-14.92,-9.88,44.8,64,38.87,74.9,26.09,48,41.95,-30,21.23,24.19,-6.34,101,113,16,18.77,142,-35,25,-24.04,-33,11,45,54.13,28.28,48,-38,-49,-10.92,-50,73.56,56,63.02,-20.16,-2
54.24,130,55.53,56.92,28,68.35,16,47.05,-7,128,11,34,12.96,39.13,-27,117,14,63.21,52,54.24,145,98,44.38,-46,31,76,-5,65,-22.78,20.65,110,5,15,134,-15.43,137,61.88,17,-23.59,40.11
-48,13.14,46.37,38.12,123,-23.78,-11.27,22.67,-1,59.06,13.44,22.69,29,21.51,134,81,-22,-11.94,84,88,-14,127,65.75,39.01,73.69,-20.29,53,33.41,-12,-30,94,57,72,-14,99,-30,65.49,129,-6.57,52.22
27,71.25,-4,55,-41,60.19,-34,-36,99,-32,50,0,26,14,-50,55.07,-34,73,-2.51,4.86,102,92,41.76,34.44,140,-32,63,18.99,42.66,47.46,-26,68.45,9,-0.28,-15.99,-36,129,9.37,29.57,29.47
-16,38,109,-43,-7,-5.48,62,-10,-3.74,57.94,23.78,133,65.87,73,-23.12,43,87,74.76,25.14,15,-50,56,32.78,-28,98,136,-8.91,39.02,112,-48,-24.08,6,43,28.21,-18.18,10,16.7,15.1,-39,-2.6
27.32,-0.57,9,20.79,102,82,83,69.51,26.56,-8.29,35,44,-6.95,47.91,100,-13.41,-3.04,-14,-7,42.37,87,-17.9,-15.99,51,35.02,-10.48,70.46,14.3,64.65,69,-21.26,25.15,55.35,66,51,131,-19.22,-30,-35,1
-13.65,95,109,38.01,-1.36,70.4,-23.66,52,35,62,31,130,-10.37,76,91,52.9,21,38,11.73,-46,70.18,6,94,83,93,116,137,60,39.69,111,28,84,77,4,66,44,86,10,-17,52
3.87,39.37,32,-35,94,73.89,48.71,-13.02,53.9,-30,63.24,-25,120,-21,-6,115,28,146,-19,148,68,60.65,1,-4.83,54.49,144,43.33,48.75,18.66,56.55,22.82,9,31.29,59,61.37,-34,105,124,-27,69.8
33.62,68.5,141,55.46,31.55,6,21,142,-26,9,139,-6.08,-6.62,62.88,46,0.92,38.04,100,44.5,-27,68.54,31.47,18,35,-21.62,83,-11,-22,-5.62,-20,2.27,23,117,135,72.93,30.38,15.03,55,-45,98
73.68,-3.22,114,70,45,96,-9,47.5,15.11,95,84,18,30.55,17,16,-13.72,51.28,140,37.23,63,16.75,112,73,139,-21,111,19.79,40,22,35.42,88,118,-16,46,60,41,50,40,21.89,54
120,50.63,57,40,37.59,45,35,-13.58,-14.94,67,-5.89,71,41.52,-10,-39,46.62,-17,13,68.71,0.9,-42,80,35.12,-41,7.89,75,131,121,67,2,148,54,81,-2.78,55.39,-39,60.63,36,-23,100
-1.4,3.36,-3,25,32,-10.51,36.19,-9.23,-15.18,69.72,25,78,-43,28.2,74,34.93,-46,49.73,-20.14,-3.11,6,3.62,4,-10,46.51,30.28,12.4,58.13,5.33,-0.45,-15,65.95,84,64,39.33,54.65,-7.42,67,78,-48
142,68,49.49,1,92,-15,120,-21,-5,11.83,97,70.06,38.43,84,24.13,50,108,132,28.5,86,52.98,61,41.19,-18.15,45.11,25,60,11,98,0,102,66.76,2,-44,-7,37.66,28,18.72,2.03,-17
27,-30,-45,10,64.08,40.8,98,-11,87,-16.82,20,2.21,3.52,-22,-8.03,28.77,72.18,18,-28,-38,23.75,-14.15,94,8,93,146,36.7,-7.71,-3.91,-41,-23,-13.2,-33,-0.95,132,12.38,17,116,15.9,65
-10.75,-49,51.18,32.92,44,7.51,11,73.19,-19.51,73.1,139,90,39.33,18,88,31,107,-21.91,37.18,50,28.35,95,18,145,129,-7.13,-23,120,7.64,136,-9.57,47,8.25,45.04,35,123,144,67.56,68.68,-28
-11.47,50.62,42,-16.57,112,42,-47,-50,63,136,149,53.42,7.65,43,16,21,113,4,12.34,109,58.36,0.99,-5,148,75,17.54,29,125,4.94,41.43,3.28,33,58,43,-24,69.47,97,54.51,142,-5
74.99,-10.42,-31,92,137,64,-18.79,50,40,5,46.97,-16.21,56.16,2,-36,-10.96,117,14.03,-17.41,-13,29.12,53.95,113,35,51,-6,48.73,-20,25.79,68.69,97,103,88,4.77,33,24,42.92,71.78,-1,58.94
24.7,-15,56.51,54.11,-11,-6.76,124,37,18,73,-32,29,4.01,18,-2,71,47,148,139,-34,-1.91,37.72,101,-15.36,-38,82,47.99,41.34,-32,142,37,20.44,-11,-19,17,-26,-7.27,27,-30,76
132,-28,110,127,38.31,59.57,6.67,-17.81,-21.46,78,10,81,23,59,20.17,125,59.93,76,134,94,9.95,146,49,32,-4.04,-33,11,37.4,2,79,15,143,87,110,102,-17.86,19,6.49,43.7,2.78
8.34,73.66,41.74,-36,17,26.37,-20.53,82,55,73,90,9.54,-27,7.41,27,47.05,120,37,-12.24,38.77,8.27,45,147,57.14,42.77,5,6,-48,34.74,43.4,-21.73,-31,75,-2,64.78,78,78,-10.01,1.95,58
8,104,48.72,35,12.16,126,-17.6,17.01,40,-15.5,112,140,119,93,73.08,99,-5,58.62,18.66,-37,123,3.18,39,47,10.85,62,-5.06,13,148,47,63.57,-47,8.29,-19.11,-8.23,88,105,11,34,-15
67.36,118,37,74,-34,118,142,42,3,57.09,64.02,-3,46,130,-44,76,-38,49,-49,21,55,44,-17.05,16.53,32,85,82,36.91,60.08,-13,-40,39,28.59,15,-4,72.02,40,67,145,43
-2,143,23,68.06,-24.6,-13.96,-24.04,-31,8,-41,-23,8.34,42,12.03,9.07,59.5,95,-8.76,-8,-27,15.94,55.51,74,50,104,146,-34,122,-45,44.1,-9,32.32,-23,25.79,38,54.03,107,37.85,110,-6
63,95,30,45,3,94,38.88,-21,64.81,95,29,1.36,16.41,1.44,45.13,123,2,-30,-26,111,16,-39,69.69,1.68,123,135,-1.11,-22.99,48.69,30.38,-11.22,26,-4,48.12,143,-10.59,15.29,4,33.67,-20.62
12,-6,-20,119,49,37.8,55.38,33.64,-18.61,57.03,-3.55,95,56.61,-4.27,2,-14,51.12,58.39,54.01,7.37,41.84,-14,13,11.12,37,34,93,20.07,44,0.43,10,100,-2,129,59,14,19,-11,-24.03,74
17.12,-6.17,12.34,75,52.77,71,-18.52,144,41.46,17.25,82,105,121,-11,11.62,58.39,107,-38,25.27,102,65,-5.8,38.3,8,-17,60,-45,1.51,96,91,108,-43,19,25.76,64,-14.58,33,-3.48,127,-25
13,-23,17,15.11,-18,6,1,53,-4.99,108,-23,-24,9,49,57.16,-22,-26,0,72.18,63,7.61,42.24,67.85,99,119,39.66,139,-23,2.72,69,114,88,35.57,130,71.25,67.18,95,54,24.87,145
8.42,67,26.18,-6,70,-2.09,6,54.59,-40,29.06,74.18,69.15,34,59.94,121,144,73.73,-20.76,-31,29,59.69,15,123,33,-1,58,66.39,4.6,44.21,49,49.48,-12.5,46,121,6.38,71.39,86,97,2.87,122
-9.68,88,54.23,-39,129,101,51,-7.25,119,13.69,27.02,120,18.04,36,21.77,-12,-17,93,24.29,33,83,-20.02,-9,2,36.82,1,54.92,-18.21,58.49,-0.67,51,46,114,14,2.77,22,94,16,21,-15.24
142,6,29,-35,27.35,-23,4,50.39,-30,37.61,58,5.09,143,114,2,-3.02,-19.27,37.05,8.26,53,60,-1.53,20.03,6,59,-46,-11,-12.86,14,18,74,-46,-47,15.54,-6,25,-13.57,51,108,-25
63.32,102,-38,-5.14,86,24,81,-17.61,6,54,-9,32.71,144,145,-45,60.49,-41,-19.6,3.18,75,74,120,27.57,55.36,-22.39,-30,68.59,143,13.6,-29,-20.45,-16.78,9.02,-15.82,-37,90,100,-19,18,27.18
56,30.15,-8,-6.91,-18,130,81,20.82,147,137,54,9.54,30.37,37,-2.85,-6.06,39.92,-44,29,59,35.68,-9,54.9,133,-39,-16,43.99,-7.3,39.31,20,42,26.96,88,34.63,-9.61,104,55.48,-5,54,-10.46
-17.23,97,-7.13,46.17,55.01,27.37,-10,15,60,95,143,84,72,-50,106,138,31,72,13.89,144,88,74.48,30,112,115,129,95,49,-23,16.09,-17,58.26,26,60,61,116,100,103,123,43.79
13,9.58,-25,136,114,-49,128,-23,43.72,44.26,138,55.21,86,68.05,55,-15.01,-4.12,-20.44,57,13,-25,93,-47,-16.39,109,-17.45,84,16.83,71,38.09,21.05,-11.94,122,101,55,50.08,69.82,149,59,0
12,38.44,-17.59,41,-26,-2,7.76,100,61,46,19,48,-24.08,122,-50,54.45,33.81,-42,78,-39,2,135,138,70,-8,-19.99,81,124,44.25,29.33,23,9.01,114,71,38.6,6,76,11.71,31.56,4
120,103,64.3,61.41,8.29,-19.95,145,69.38,-49,116,72.97,78,-7.6,1.69,16.98,-5.76,18.52,-12,10.96,-7.79,18.52,16,-23.54,117,41,70,-23.96,-3.08,13,48.06,-21.83,-5.09,55.45,-13,30,-24,12,5,23.59,26.54
2.8,15.87,-9,37,147,74,139,53.17,11,-42,51,11,-15.39,55.67,45,-1.25,53,88,-24,51.19,-8.17,82,38.52,41,48.26,123,91,53,50,27.81,-45,-10.57,72.79,123,29.58,74,127,35,22,-49
-44,39,45,-1,126,60.37,73.35,46.88,122,149,15,142,118,101,77,58,9.92,149,47,77,71.71,69.37,61.03,-35,143,90,64.37,123,-19.9,27.84,-0.39,46,23.26,5.87,7.99,145,118,123,-5.5,21.24
43,-26,123,71,-42,70.29,-0.4,118,45.87,-10.97,14.99,-4,41.73,139,47,0.15,-13.25,131,61.73,21,2.32,2,39,135,-10.81,104,109,72.17,-6.19,9,7.88,37.57,98,78,23,88,-37,148,51,-18
-17.69,40.29,-2.22,29,48,-19.38,4.83,-42,54.01,-43,54,-17.83,-14.11,122,26,-10.92,30.09,82,-33,139,80,-20.63,40.63,43.65,-23.92,-11,-4.83,-7.67,148,61.64,28.58,87,-39,8.6,62,89,39.1,19.59,146,112
-1.69,99,70.02,63.08,8.27,37,-33,-16.25,128,71.81,23,72.96,48,39.4,-6.16,47.11,-11.32,-14,-19.63,121,68,51.27,48,54.28,-48,1.95,2.74,108,146,24.04,143,10,-25,-42,-2.23,43.88,0.48,39,20,116
64.05,26.65,79,-40,144,149,25,73.95,64.65,-11,137,10,-49,23.38,42.22,37.19,59,44.68,-24.93,59.87,-17,27.62,26.72,-19.27,110,-47,87,8,47.39,56.53,84,76,39.28,21.97,47.61,31.25,62.23,82,-12.08,35.89
-24.39,104,101,56,44,86,32.87,9,14.02,112,61,97,-34,-14.38,132,15.34,72,19,68,28.71,144,29,-13.22,36,-17.92,-13,81,18,-27,-27,46.79,-8.62,38,22.45,9.32,97,-1,12.3,17,7
62.47,71.45,-20.27,68,-1.69,66,69,54.9,38,-24,40.88,39,22.15,139,38,-25,31.33,-40,65,48,25,107,-29,44.07,-17.74,57.26,53,20.95,-16.69,129,38.32,105,63,58.34,-8.46,86,7,-40,5,-15.6
25,3.67,-4,-9.92,149,75,-35,23,8.19,-20.84,84,129,33.93,22.04,128,-44,-10.73,141,-23.43,57.09,71.76,20,16.23,82,83,27.32,-44,131,92,106,59.78,29,28.73,134,144,102,47,67,2.68,-8
-1.17,39.04,118,59.96,62.98,55.8,130,-19.31,-16.29,73,-35,54,2.58,72,62.61,41.51,131,91,18,22.31,32,67,25.77,87,-14.23,37,-8,93,62.67,53.25,-6.28,27,-16,106,130,75,30.61,81,-47,117
127,7.81,101,87,49,13,73,108,41,112,-0.15,14.62,97,106,50,47.45,60,121,7,140,46,95,-23,-4,74,24.79,123,-23,52.9,106,-23.19,14,7.39,-7,60,77,42.91,-42,-12,12
20.41,-5,12.65,-31,84,118,-25,141,-12.75,-2.66,-6,-26,-2.73,113,44,140,4.5,146,60,-41,40,128,-16.14,-49,50,-8,101,27,69.54,26,-48,22,-8,57.68,28.12,50.63,55.08,5.3,18.61,-19
17,127,34.61,-15.45,66,68.71,-7,44,11.34,62.08,131,144,67.18,111,129,-43,3,-13,-22,-3.48,83,-7.91,1,72.09,-9,74,35,42.24,79,142,33.55,-4.12,122,-50,-16.59,105,-42,29.99,-6.99,7.09
-14.38,-6.71,30.85,-49,97,-28,15,40.89,65,12,43.58,-18,138,84,29.78,133,74,5.22,24,127,7.25,34.02,108,5.59,19.65,83,147,46,-10,-15.39,44,26.85,57.49,-18,57,40,113,138,46.2,4.18
34.7,125,5,104,-12.98,-23,24.43,11.73,117,-14.13,37.41,-21,137,-18.5,0,26,116,133,5.45,-21,25.08,76,-17,-16.45,-6.97,-16,2.55,81,29.35,76,143,62.24,-24,58.14,-29,65,16,35.56,28,39.32
-34,146,59,134,139,36.81,34.08,35.4,-20.12,28.1,74.22,23,60,41.43,56,24,9,80,-42,8.5,67,36,-44,69,-21,29,39,57,20,12,-25,-22.73,73.37,-9,74,129,0,64.41,53.63,118
-17,56,28.79,120,6.5,26.27,18.67,-36,29,-10,75,42.51,58,-10.08,74,108,-8,4,91,19,58.43,-20.76,52,-6.41,3.03,21,128,15,0,57,-48,77,132,63.51,55.7,22,-26,-27,60,94
138,58.81,44.51,27,70,34.29,54,66.99,26.78,64,145,-13.56,52,15.77,-0.73,-2,37,-7.69,39,50.24,27.82,-37,0.89,138,18.91,95,-4.95,69.21,17,32.03,21.59,75,71,80,98,71.9,116,115,-13.68,-1
67.23,117,7.63,-16,119,-24.83,-3.72,-16.98,39,-4.82,119,-16.31,135,29.5,4,14,99,24.63,-1.63,57.16,57.95,105,36,12.48,-22,-42,78,21.19,-17.44,-21,126,-40,-4.89,103,-2,7,101,28,58.14,126
-19,38.6,138,-1,11.57,-33,68.16,84,49,31.55,-9,127,8.48,45.84,3,28.48,-21,62.45,45.45,-10,52,60,104,-19,-4.51,36.32,14,64,96,7,108,58.15,136,-3.98,12,67,19.49,21.32,126,134
34.55,65,81,-14.99,65.19,71.41,63.01,26.93,133,10.62,-34,41.13,-14.78,-16,62,95,28,12.1,-46,33.41,-27,-12,122,18.04,73.72,108,-27,54,8.91,-10.95,59,-24.93,25.85,45.12,111,-22.24,-38,94,39,-8.58
128,-49,-8,78,52.21,129,65.76,49.33,147,-44,7.55,45.46,119,108,146,78,5.61,45.34,23.31,55.23,101,-6.83,4.44,61,70.37,113,55.81,-46,-50,66.88,8.23,143,-3,25,66,92,-11,13,-33,-12.83
-2,21,119,122,-42,-22.59,40.95,98,82,62.26,-15.92,45.6,-35,41.98,0,32.98,74.95,-8.26,14.95,12.83,141,31,44.8,10.41,16.55,84,95,146,71.42,19.53,78,13.27,43.18,-50,-26,6.68,-27,63,20,70.11
-3.73,61,116,-23.31,-13,96,19,6,17.39,26.96,-34,1,62.46,57.84,-13.39,-1.81,46,120,-16,108,34.98,14.83,-22.08,-47,-9,123,-4.17,-46,58.76,66.7,136,27,41.25,63.12,-24,82,17,111,-50,12.7
34.88,71,46,-3,138,0.01,56,24,56.36,-13.32,-2.89,-21.05,71.68,36.41,-22.12,55.3,47.16,49,-5.39,13.15,116,27.41,143,-25,33.97,9.12,30.29,3.81,62,107,77,-38,6,-38,133,70,78,31.24,37,50
68.06,-13,125,-29,-49,-50,-7.08,33.61,3,130,-50,66,30.9,149,22,-10,69.91,69,81,32,46.98,67,32,25.02,20,-14,99,-45,5,-9.66,47.15,53.57,-10.5,120,-17.42,31.33,-23.85,113,113,-19.8
54,1.69,23.62,27,14,48,1,61.59,37,24,63.92,74,47.13,-19.81,138,-23.9,44,3.47,-31,12.89,56.79,67,123,118,65,72.18,16.32,5,-9.58,121,-45,82,-10,-43,-34,24.47,23.76,0,40,77
34.61,52,114,35,27,19,14,117,127,48.27,142,92,7.48,15,27.79,103,74.54,45.61,39.37,-35,53.84,32.02,20,39.42,26.35,1,38,42.38,-19.68,-9.95,-14,-31,-8,67.21,-24,-4.06,-11,124,124,-15.74
113,135,57,25.26,71,121,8,5,-1.29,0.5,1,36.41,96,25,66.54,93,68.13,-4.18,101,63.2,135,40.41,-47,61,28,45,6,6.18,32.93,-43,0.93,-5.68,1.15,21.07,55.6,98,27.38,-4.78,65.65,-28
-18,-22,-1.07,-5.67,-11,60.47,9.32,35,-4,50,47.3,95,-25,70.4,56,39.34,76,33.49,72,86,10,38.22,74.44,60.67,57,20.24,-11.24,110,65.23,67.27,143,-17.2,13.51,12.58,107,47,115,-5.08,54,-25
5,101,126,19,23.34,-23.36,0.53,5.67,5.55,20.88,-0.51,97,108,118,-9.51,54.56,58,59,44,55.93,7.07,91,-47,10.71,25.16,18,34.76,106,-2,110,21.86,22.26,-10,119,-41,-47,142,127,50.82,30.13
42,48.35,6.85,105,28.79,57.29,55.67,29.55,-48,-21.76,50.9,70,30,141,84,97,-21,113,32.99,22.83,-7,-19.11,52.31,129,10,-23.17,47.54,14,50,117,90,147,-9,13,-24,22,2.98,77,49.31,40.39
1.78,65.03,3.5,102,61.53,19.7,-9,88,146,87,63,32.89,-15,29.69,-23,3,12,142,8.19,-24,99,23,63.82,129,56,7.04,1.55,43,9.78,136,44.51,-9,11,47,116,-6,107,-6.69,-11.63,81
19,95,-16.47,8.66,49.51,131,69.7,77,-26,78,102,0.03,16.88,20,-47,84,11.72,10.81,10,0.58,61.65,-15,-9.91,39.92,12.82,66.83,-50,4.03,146,-23.34,133,11.67,140,124,97,87,63,147,149,-16
39.54,2.37,100,-29,35.25,5.94,7,101,118,31.68,43.16,82,17.88,-8,85,69,26.8,115,0.01,-7,74.55,51,34,44.38,72.87,76,12,-0.26,-11,50.13,-41,51,5,32.42,86,67,-16.21,0,55.4,40.03
-14,-48,80,25.4,73.76,-40,-16,46.3,11,12.98,74.13,-3,11.27,21.82,10.21,-9.91,21.02,-16.34,41.72,107,72,-5.07,118,-19,59.2,147,8,57.35,70.22,106,15.34,44,41,125,24,74.34,23,2.33,107,53.42
37,46.43,14,16.64,11,50,128,7,7,61,85,72.59,130,22.44,-46,-17,64.59,-40,45.83,63,5.94,6,14.77,72,29,-15,46,11.24,17.99,-47,84,25.35,-12.39,-11,83,124,19,98,-36,138
123,-16,38.72,-9,-18.36,46.53,125,-17.75,10.14,-3.97,117,107,69,37.22,48,24,-17,46,40.37,-33,133,7,11,0,60.03,57.71,141,125,10,-24,16.37,-4,129,27.62,48.02,127,-35,30.97,-19.45,138
143,61.21,-27,96,-12.04,57.84,-16,77,93,109,-15,32.81,30,61.35,62,-6,22,17.29,66,117,67,-10,101,-19.49,37,-37,43,-34,62,64,-3,11,64.68,20,30.41,104,112,15.34,86,-21.2
-23.28,72,141,-41,-6,-13,54,-4.65,69.4,-29,22,-36,70.06,4.7,100,62,71.56,9,54.85,33,-33,12.95,-25,62.02,59,4,-49,58,122,71.37,9,-0.31,147,33.14,59,22,20,-25,44.59,148
23,46.5,-27,-15,90,65,42.23,41.17,76,-12,-30,121,36.04,63.9,121,50.82,64,100,-10.38,-7,30.68,54.49,23.05,16,50,10.16,78,19,40.7,37,30,-35,14,-6.52,-11,6,-13.5,59.51,104,21.35
5.48,-31,49.36,-42,34.1,-18.35,140,42,-17,39.24,124,64.03,39.17,129,14.17,19.53,16,57.21,101,0,24.23,46,-50,23,35.86,37.88,139,59,46,-10.71,122,20.32,4,41.79,-13,-4,70.28,71.26,0,130
37.34,144,-11,32.29,78,74.09,-5,46,-20.96,26.47,-6,83,-26,4.62,71.27,56.94,147,61.41,-17.15,52,26,67.28,54,-30,8.29,83,36,-11.58,75,-35,56,-44,4,-24.08,-42,149,99,64.45,59,-30
68,-17,80,55,53,-44,-17,-42,33.31,20,13,-17.98,29.7,72,58.41,-38,21,69.41,105,69,-8,83,-25,-25,47.33,-8,9.68,53.25,32.79,95,137,17,9,84,136,62.01,125,24,44,18.1
55.46,57.24,74,38.65,4.31,0.04,15.42,-6.5,147,4.75,140,76,63.02,93,22.15,-14,68.11,41.41,-15,79,148,63.64,-7.93,68,-10.35,4.01,86,-21.95,134,-24,78,113,32.29,71.45,15,24,62,37.1,8.94,66
27,10.62,29.27,42.65,144,15.82,58.91,148,33.2,32,-31,81,17,-13,8,108,10.78,27.39,7.05,73,55.06,111,118,67.53,23.02,77,-19.09,71.19,-20,0,37.03,21.59,-18,17,-49,-11.75,30.38,44.95,145,1.09
59,31.63,72.96,128,126,-30,131,-10,8,132,41.63,-21.18,69,-19,94,73,-12.46,42,130,10.17,-12,12,64.18,-38,99,85,54.95,-33,16,-22,22,64.04,37.23,149,-34,-28,-16,-2.17,-38,62.49
44.4,127,139,69,110,71,5.09,45.76,121,66,131,43,13.04,22.26,19.51,104,10.28,-14,114,5.3,37.6,-6,-8.27,-15,11,-32,69.36,147,51,16,-43,-10,69,-23.81,-47,-31,48.91,27.03,20.94,120
-0.03,37,66.97,-8,27.97,76,35.04,64,-9,50.22,124,-17.05,-43,129,84,22.04,9.5,69,44.28,-37,19.9,37,-32,76,27.15,67,-4,-1.2,-8,78,46.11,28,111,15,141,25.02,48,111,-18.39,87
108,32,26.62,80,147,-21.07,72,87,5.59,11,38,-25,75,16.36,71.26,-4,20.06,35,-23.43,25.65,-45,148,40.17,70,-24,20.86,74,2.09,-14.39,96,39,-14,9.73,9,50,-2.15,100,41,31,-46
82,58.75,-46,-40,23.8,-17.35,58,-19,-23.26,-24.07,47.29,-2,149,57.93,128,23.65,96,-4.06,48,120,28,140,10,45,-41,43,-29,39.38,66,-14,21.11,106,64.74,32.88,40,83,-14,-33,-27,36.15
9.87,143,18.23,87,113,9,23.59,49.11,81,-44,-21.96,98,-16,23,-23.32,54.35,-47,141,-5,38,53.16,16.71,-3.62,68,85,83,-10.7,70.57,139,5.89,30.16,43,-19.93,130,40,-50,124,145,66,18
118,35.53,-46,42,62,-11,-21,39,97,139,-23,78,-42,18,-27,80,67,-41,81,52.17,79,51.36,-14,51,-14,148,124,44.96,116,36,28,135,64.43,24,3.86,117,141,70.46,-7,-24.27
48.21,-3,-22,-30,15.56,99,62.9,39.49,12.67,42.77,63.73,51.08,-20,-15.67,-29,128,98,80,52,11,26,55.48,11.83,9,61,21,141,83,-23.63,36.18,21.1,-42,123,64,0.35,-31,-19,0.67,-20,2.74
20.43,120,56,119,-36,40,6.82,-2.01,-8,98,67.5,104,13.26,88,32.8,-4.58,117,2.51,84,125,42,69,-11,33,-22.3,65.82,28,21.67,47,78,107,-41,22.57,45.35,-49,42,52.78,4.72,123,104
33.49,45,-3,100,47.99,51,48.22,107,-22.8,65,-12,-7.22,76,47,14,18,-22.28,125,0,37,14.87,-6.72,-15,60.53,56,53.91,20.16,-11.63,55.23,-36,45,-47,33.28,-10,-21.01,-42,121,72,-18,-22.52
43.77,14.34,99,45.58,-28,63.79,9,97,113,22,32.08,21.15,19.34,43.88,-41,13.47,130,-17.94,40,-15.84,66,113,86,-22.46,124,48.67,27.16,-6.1,149,101,58.63,-30,47.13,69.18,36,134,74.05,148,42,57.76
86,133,51.87,-49,-4.28,49,87,54.86,73,8.38,-7,25.24,-27,132,32.52,68,38,34.96,14.28,-12,90,29.06,32,-1,7,64,115,124,11.2,130,73.47,-19.3,107,79,62,124,109,-9.92,52.49,-1
38.38,120,8,2,-2.51,2.08,-11,81,-49,-40,9,47,41.42,54,-26,11,70,15,132,-47,22,143,111,34.27,13.57,-20,59.82,112,62.34,65.95,42.74,51,49.36,115,4.4,118,16,-2.87,-20.66,103
59.67,72,116,87,44.52,-27,147,99,16.8,27.87,7,-16,21.29,62.49,-10.38,13,45,5,-12.63,26.63,64,24,142,32.93,128,27.64,13.2,-10,132,14,91,97,90,69.48,-19,54,124,54,-50,-45
-10.22,100,30.98,62.26,21.13,14.27,118,60.68,44,11,-2,-41,-12,55.13,128,63.45,24,60,10,35.7,2.78,66,-21,26,90,74.18,138,13.74,52.39,-8,40,-0.23,41,119,131,-13.51,83,-1,141,57.21
-16,58.3,6,101,-18.75,-14.04,102,58.39,40.66,87,6,25,27,102,108,126,148,-40,-4.81,21,70,18,61,126,33.58,13,-16,23,7.51,-9,65.37,24.78,43.59,-10,144,137,7,130,13,47.23
12.71,87,51,1.29,15.37,-15.74,50,101,8,100,20.82,31.7,35,134,1.74,-17.83,78,30.14,-23.9,-12.65,26,59.02,116,-20,73.92,40.6,51.98,30,106,3.66,127,74,124,84,-21.66,113,30.86,59.77,76,57
39.56,131,-9.18,137,26.81,131,-2,-49,40,-14,58,1,-23.35,13.35,-7.08,0.53,63,41.49,70.93,95,-11,50,1.12,18.4,-13.33,-0.04,134,-24,31.47,-24.18,-22,140,2.71,-1.84,-28,52.05,52.09,24,35.82,87
72,27.17,38,37.96,15.88,-3,52.89,-14,9,5,22,12.43,79,87,57,34,39.59,-47,28.26,94,52.22,134,36.18,29.65,21.24,36.03,0,31.13,10,51.68,18,14,48,34.52,85,-7.97,-49,-19.36,130,-2.58
92,131,27.76,17.55,83,81,5,120,-6.39,-10,84,32.47,-16,109,4.64,2,149,64.59,-16,60,-26,-4.82,12.89,43,53.87,90,108,39,27,11.41,68,-14,122,145,-46,69,55.18,19,41.08,4
97,-24.85,42.12,-7.74,-14.72,70.94,99,133,-20.46,1.8,-9,9.32,141,46,123,86,73,117,40.91,90,37.31,74.55,-41,103,43.09,33.42,138,115,17,45.76,-8.79,50,51.39,99,-29,74.36,-32,74,75,120
-3,21,49.95,61.9,6.97,23,62,58.43,11,-2.48,4.86,-40,28.17,40,49,101,22.67,98,-48,-7.08,47,46,68.42,50,-22,-31,132,5,11.38,-0.19,45.8,-21.43,-47,144,29.83,62.86,22,-9.85,-9.24,86
-28,54.52,-9.21,-32,39,102,71,87,55,35,-15.9,90,53,32.77,-21.26,42,52,101,15,-9,31,33,12.43,76,-20.72,43,53,125,12,102,43.38,71,146,-6,-10,53.4,58.04,30,-6,57
60.68,43,17.4,44,16,3.1,-11,35.98,19.03,72,40,24,41.96,-16.87,15.77,24.09,26,70.49,115,45,58,47.9,11,13.92,-24,32,2.29,77,44.55,37.99,-23.01,57,-17.32,32,-21.84,89,40,145,71,50
-2.31,58,106,-2,78,25,113,13,65.77,135,23.93,25.79,12.6,67.81,10,99,-20,11,56.39,101,39.3,-35,25.36,-11.42,47.68,66,142,2.16,39,24,45.3,-5.4,88,66,129,81,-34,42,43,12.35
-1,43,97,31,-13.15,-23.44,-23.72,58,46,67.16,41.46,70.73,146,-16.48,44,47,-48,71.58,70.05,89,126,148,77,-20.68,13,90,34.03,-17,-29,74.35,28.65,83,72.35,61,61.2,0,92,-20.1,-36,39
45.33,124,39.87,-28,2.11,19.15,8.67,3.78,86,-1.81,91,-23.49,-42,-18,97,118,-25,59,17.37,141,-22.28,147,45.66,66,134,111,82,-15,7,-28,68,101,60.12,-25,136,-37,92,55.46,122,99
-6.19,-5.01,50.21,17.96,30,68.19,117,44.31,23.2,-33,71,42.35,4,52.93,33,141,149,-22,-22,-13.36,73.65,21,43.19,70.26,8.96,31,-35,54.72,49.27,99,1,-44,145,55.43,24,4,44,138,-42,56.34
15.34,87,-41,131,118,18,96,-4.13,-3.43,57.67,33.55,30,-37,63.66,12.57,41,67.08,91,-6.83,13,50,-25,40,6.62,-19.93,-13.77,-12.69,32,-19.03,48,45.15,-26,46.32,123,42,125,14.57,-18.66,87,106
12.33,-1.99,52,21.13,112,-15,81,18,116,66.24,57.55,92,104,-46,117,73,24,91,-41,59,8.06,55,85,134,-41,100,103,50.73,26.48,46,53,65.46,-19.38,0.48,15,15.39,-18,-1.51,-5,16.05
-18,48,58.01,124,4,142,31.26,141,21.04,148,124,37,-22,16,121,18.48,45.57,59.06,97,20.35,70.11,29.95,20,-24,33.53,28,118,68,124,134,99,93,51,124,100,41,77,5.17,129,-13.2
120,48.18,-30,60.65,66,81,57,-0.95,41.22,-45,0,4,-41,-28,-5,29.81,-44,45.4,-18.99,93,95,7.04,79,92,36,-16,140,43,30.59,16.12,67.37,85,17,-15.96,96,42.03,-11.77,-18.9,66.12,53.82
106,-3,25,54,-0.52,20.51,131,56,67,18.29,4.02,-10,-5,70.87,73.21,101,38.43,134,19,-17,-6.59,28.9,110,17,98,127,-9.51,11.55,-32,50,-14.46,9,-21.33,55,26.81,31.49,9,29,133,75
140,-1.57,102,145,-33,127,14.72,60.32,36,42.67,66,-28,145,-16,0.65,-10.6,117,-47,-5.54,65,145,54,7,28.18,-2,63,107,6.01,46,14.28,4.42,21,-41,43.51,68.14,-2,17.86,39,112,37.86
38,16,91,47,52,-45,52,-6,80,-21.51,4,57.75,136,7,-49,25.54,56.71,138,41.54,92,-50,22,67,33,47.62,-30,-17.9,67.14,1.84,-30,-38,66,147,57,50.92,38,-24.04,64.39,125,110
-26,91,147,46.23,-12,71.27,53.89,-5,74.17,-24.92,46.29,-35,-22.86,137,-8,90,25.86,-38,54.82,14.69,25.1,59,-32,43.2,-12,57,128,87,-22,72.22,-12,108,3.65,9,146,47.34,44.45,85,12.94,50.1
34,23.4,147,5.3,146,27.29,38.62,82,13.69,-45,-19.81,50.44,26.56,-11.84,100,45,80,65.16,16,2.81,12,147,-8,25.61,-6.07,-19.3,6.6,-29,15,83,21,-17.64,-48,32,117,0,36.64,124,67,-15
10,84,101,103,5,133,-24,-10,26,99,107,5.18,58.5,-1.48,140,147,-15.58,-9.06,39.43,-10,138,52,8,62.1,-9,51,-30,24,140,61.69,36,-15,-10,139,99,29,29.04,72.29,12,8.73
93,-5.75,125,29,-23,-12,97,-12.85,-21.8,2.59,-48,79,-10.38,110,65.81,78,9.93,74.34,56.67,-18.86,-16,10,77,44,37,28,61,1,36.33,72.19,128,-15,58.44,119,-24.75,63.04,-45,103,-15.92,-11.37
67,35,0.7,-1.1,92,131,137,-20,25,13,32,145,-14.68,86,-36,-0.88,37.6,51,20.92,71,50.95,-44,9.54,95,98,28.83,-15.67,71.33,-20.76,-44,64,10,74,146,57.77,146,45.69,105,-2,58
59.52,97,54,57.79,52.83,43,60.47,5,29.4,42,61.41,57,-3,16,15.97,140,118,-34,56.9,76,18.22,-2,-20,39.28,122,-18.71,23.61,42.69,-13,37.41,110,53.19,43.48,-22.88,28,70.65,-11.53,-34,75,45.72
115,-9,94,33,51.61,146,144,70.52,-15,-2.35,-27,-23.27,-24.45,121,138,73.4,51.73,32,-24.03,-16,-39,140,12,-31,56,73,31,104,49.27,82,86,32.99,109,37,54,144,7,43.82,112,122
-1.5,2.17,-17,129,101,114,75,50.27,-41,65,119,135,-47,-24.5,48,61.58,133,83,68.07,86,-3.77,20.93,5.21,47,0.27,42.92,72,50,20,23,107,6,-42,-41,0,96,-44,-8.52,44,113
4.39,-12,62.91,7.18,34.37,64.13,133,69,-4.79,-2.93,50,62,10.94,-15,75,5.19,73,144,-14.43,99,54,138,5.54,16,139,-9,120,74.24,51,73.06,65,-19,114,56,-3.48,69.46,128,117,89,17.3
116,11.6,11.04,138,57.69,127,65,4.69,2.42,89,-15.62,-13.66,-8.58,18.21,18.86,124,56,44,53.46,50.82,51,-29,123,30.6,29,-31,4,21,28,-43,25,99,-1.06,-23.5,34.46,64,72.97,139,-19,37
-2,52.59,-11,43.77,18.45,-8,103,10.1,-16,21.21,-25,73,96,61.06,-43,-7.58,59,64.65,-15.56,108,-19,146,117,18.52,55.07,107,-7,73,-7,40.44,-19.02,98,31.79,31,51.06,87,45.72,-6,-17.92,47
143,-22,-4.52,33.54,51,98,-49,60,-29,137,-7.59,81,60.37,57.54,27.97,-2.91,113,138,47,52.48,53.35,70,21,122,76,94,12,84,36.65,72,119,55.56,48,35.1,77,-13,-45,-42,47,72.27
-10,-17.75,66,15.65,-12.49,50.46,11.24,50.06,130,138,13.95,9.95,-12.44,55.95,74.95,142,-31,52.58,31,57.23,1.23,88,-11,111,5,9.75,38,58.07,-28,70,26,-23,3.1,102,37.82,12.27,-21,70,101,13
56.51,-27,-10.96,11.13,46,9,-8,73,112,58,27.47,105,59.05,48,64,92,-7.21,86,59.42,110,-4.88,144,1,39.8,13.22,-7,-22.03,21,-23,2.32,26.24,137,-10.37,0.87,101,50.06,54,47,56.86,-25
136,14.03,56,73,-47,40,89,-39,46,54.52,63.01,-9.61,70.2,-3.11,13.5,60,65.49,52.97,-40,86,39,124,34,63.52,143,76,46.41,128,-8.42,66.01,1.73,130,85,76,-13,56,28.04,93,6,23.69
134,13,73,84,45,121,55,75,7,24.89,90,142,9,-2.55,-42,15,126,122,136,147,24.59,10.34,149,24,24,12,125,50,0.95,-39,22.72,15.64,-31,65,69.12,32.38,29.03,-13.8,59.51,-35
5,104,41.29,49.7,39.34,-30,59,125,30.64,-0.94,34,-12,17,-20,64,119,65.1,138,149,8.93,41,69,74.49,91,-42,-25,50.2,1,22.04,23.27,-1.25,3.41,-3.97,30.33,21,96,73,106,119,33.79
45.29,-2,35,11.61,32.86,44,148,142,38.91,-12,-4,-8,48.55,20,85,65.48,-19.18,90,103,67.08,62.73,106,116,41,-15,20.41,49,-1,1.39,105,-1.7,9.64,79,-1.29,114,-50,119,123,5.74,53.24
84,31,-6.43,16.08,-46,1.31,119,10.09,76,9.2,28.65,36.38,112,63,-33,-31,28,-3,40.34,-2,109,4.44,10,144,52,-18,106,-11.83,-30,-15,32,140,30,29.84,139,54.78,-20.42,4,105,25.05
133,-9,22,-14,132,-5,4,148,-49,-26,-6.75,74,-27,44,82,-25,123,109,59,-14.57,111,33.71,13.86,112,-24,48.31,72,21.47,-6,68.08,41.13,-20,72,52,-38,16.27,16.69,4,69,-26
125,31.68,128,76,61,50,67,82,-4.93,146,82,59.84,68.6,4.26,-20.26,55,106,74,44,50,33,25,45,28.19,-4.4,-50,3.8,30.95,-26,-2,65.75,77,-7,53.56,103,-43,126,131,-15.52,1
-1,146,-3.21,18,-2.21,137,12,135,70.11,26.29,7,68,25.13,62,-24.35,13,33,37.72,-5.19,148,27.66,4.05,98,34.97,38,121,118,-34,6,126,104,49.98,45.42,109,-15.31,-46,65,-21.75,63.16,31.6
57,103,14.95,66.42,-30,21,51,99,-42,130,64.52,-6.1,88,66.97,-3.29,94,64,21.28,56.75,123,43.5,50.51,13.79,-13.29,13.21,-47,-15.48,-24,87,29.81,5.7,76,96,-12.17,45,-48,23,-6,38.2,100
-5.17,-1.19,105,-13.25,50.54,144,79,8,141,28.16,85,55,-27,97,32,88,48,-14.17,40.08,138,73.82,-14.66,0,37,-49,18.23,12,14,9.25,2,22.9,137,57,-41,-40,67,23,136,86,7.33
119,-6,21,85,0,96,24,53,77,-34,38.95,145,-3.23,119,-14.23,32,128,-21,148,121,-4.54,-17.93,18,81,80,127,92,-32,29.48,71.47,111,51.43,68,16,67.94,39.98,34,38.66,35,-22.38
32,103,105,8.71,-32,33,118,95,20.32,89,22.29,-0.66,108,87,28.04,-4,29,-14.85,73,91,-21.57,-37,-23.69,54,0,0.99,29,16,-35,-47,138,23.38,13.77,120,39.54,-16.13,54.86,-48,-22,49.63
39,47.48,9,3.65,26.68,27.23,36.28,61.29,-20.37,40.55,133,7,65,10,66,-24,45.98,89,5.08,65,130,72,39.42,8.02,-9,47,103,128,109,7,-23.61,-24.97,33.71,36.45,0,30,-8.35,118,42.27,81
-16,-36,24,-15.05,105,1.73,36,17,55,57,16.93,10,105,-9.15,38,104,17,18.21,113,18.83,-0.88,73,91,-45,129,131,39,1.16,130,19,142,-50,45.49,88,36.7,10.9,-16.53,3.69,19,38.91
-30,-18,-22.72,-23,7.13,24.84,38,72.11,-28,2.9,28.54,42,35.08,64,47,-32,24,-10.66,47,51,38,55.24,81,66,31.16,47,-12,146,92,82,16.21,3,-18.56,79,-32,91,75,68.22,33.45,99
6,-13.24,19,-46,15,146,31.03,47.22,-8,104,108,2,2.91,67.13,-6.17,-16.73,-5.11,-20.15,53.19,144,110,136,-16,53.11,28,-14.7,73,20.21,-30,7.9,140,-31,90,-4.82,-39,65,2,41,-1,12.52
-1.01,131,83,35,54,79,-28,63,102,35,139,28.5,6,18.47,50,114,-15.28,-21,-31,104,-10,26.45,38.54,145,78,52,72,17.77,32.24,49,11,-3.96,84,68,35,40.86,-3.33,60.63,149,48.28
84,4.78,25,0.42,18.78,66,62.76,-28,-30,5.48,142,-30,70.48,93,100,35,22.89,5.11,129,76,28,140,91,24.25,-45,66.05,44.45,100,113,-38,-4,101,71.97,88,-6.59,18,103,-3.81,-9,18.78
34.33,22,32,121,69.69,145,103,92,-18,44.5,71.11,-17.43,114,98,11,56.89,21,105,34.16,71.26,126,42.37,73,-40,40.17,70,-40,36.49,37.58,61.32,49,27,8.19,42,48.68,5,-47,46,-6.44,-38
44.41,21,135,119,-3.41,61.08,-40,48,-0.04,43.83,78,62.56,80,53,65.46,10,123,-8.96,-22,141,-8,-21,63,32.72,-13.09,57,-7.29,1.64,12.81,27,22.66,84,9.69,18.13,-2,120,67.13,110,141,37.14
54,21,-1.91,101,100,-14.26,-29,-23,65,24.11,147,-40,-34,23,101,-15.81,-33,-15,128,83,74.28,-10,50,128,-44,59,68,3.23,58.52,108,63.42,21,34.83,-17,124,-6.73,-44,-38,-8.24,2.85
117,132,3,-45,45.59,-12,76,62.11,74,-10,83,64,115,-18.83,22.79,-4,46,-37,3.3,50.42,148,57.15,21,109,-26,-50,26,67.78,8.11,139,124,91,53,-19.83,119,31.23,65,-7.52,32.68,53.5
10,19.11,111,134,-0.15,66,-19.24,92,8.07,84,133,130,52.56,94,82,13,60,49.68,116,45,46.71,-2,3.78,-23,22.42,-13.75,146,57.75,41,-13,45.93,55.22,27.97,47,25.7,53,83,26.54,-8,87
-6,59.82,-12.11,139,56.61,-22.5,-8,39.34,-8,42.31,-1.44,82,53.79,106,119,51.35,84,101,-6,12.79,-10,51.02,38.06,23,-14,5,41.44,52,25.27,17.79,119,-3.06,58.29,22,54.03,58.48,139,36.38,-21.19,50
-9,105,55.25,127,87,136,66.7,-16,118,-7,22.54,54,-39,58,12.96,68.18,56,95,69.61,-9,87,-19,-7.05,32.14,69,-12,-40,-22,-10.74,20.98,-47,-38,-7.33,13,66.88,47.07,73.07,-4,59,8.71
147,83,35.05,-1,110,8,97,-15,-26,40,35,14.29,-12,29,35,59.89,10.64,145,70.57,30.21,5,133,-12.47,49.78,66.9,21,0.72,76,102,37,-6.11,116,107,20,63,48,139,73.7,79,-3.74
82,16,116,140,98,72,1.08,25,-21,44.07,109,2,-28,41.86,6.56,77,27.35,142,37.19,102,81,-2.82,-17,3.58,4.62,48.71,-11.74,-16.22,82,109,57.42,77,40,37.76,-16.85,78,13.47,28,128,18.03
18,42,86,32.03,-28,-26,30.29,-22.67,141,10.16,4.3,41,95,81,17,87,-15,0.27,-34,115,3.93,94,-8,-25,106,70.83,149,-4,70,0.88,46,76,14.77,-13.59,29,-50,42.37,17,58,-12
60,41,-6,-17,120,7,-50,-10.51,26,14,48.05,-16.2,-9.15,146,47,137,114,-9.78,-44,53,14,-31,19,38.66,-37,125,10,3.71,44.5,-23,43,-19,71.8,5.45,40.38,-18,45,-10.8,114,75
33.82,47,4.86,13,2.19,22.09,39.25,103,-5,66.73,6.82,67.68,-44,54,90,-8.38,-23,-8.28,-14,-47,92,93,4,50,71,64,-35,-22,73.46,-33,62.07,50,37,51.85,132,134,-2,62.17,-9.23,4.3
72.01,122,6.93,-18.53,-8,30,-6.69,55,11.62,68.15,-45,16,140,25,41,96,34.18,84,96,45,19,0.28,56,-5,-8,-32,-26,-49,23,3.36,2,0,-30,-14.17,28.03,-7,37.17,-8.29,122,-42
51,72.72,-27,57,49,58,-49,61,74.85,19,72.79,26,-17.05,50.47,79,64,53.8,37.93,33.73,104,109,-20.91,71,24.83,-34,-30,90,-23,46,87,78,134,-6.39,-7.53,66.32,143,85,107,-42,51
-15.04,73.41,135,0.12,-7,24.5,-22.88,-37,-15.53,57,-4.88,93,-50,137,-50,-3,8.86,45,45.96,66.84,32.47,-23,4,52.34,136,-16,-9.99,24.33,128,74.36,39,-42,-27,44,15.77,-17.24,130,141,-24,91
-14.67,97,37,23.84,26,-10.56,-50,29.97,-18.55,-50,124,60,77,17.95,-23.71,143,59,-23.76,61.04,79,2,8.22,-12.84,-43,-18.38,-6.37,-15.77,-31,23,-20,4.48,46,-21,47.29,82,30,147,60,109,23.01
106,-29,60,121,40.19,130,124,72.39,-23.03,2.68,35.59,147,42,131,83,20,-35,60.11,-4.55,136,23,3.76,112,-24.02,42.16,69,124,-7,43.93,8,58,130,147,106,-21.72,80,26.99,51,37,12
57.97,74,35.94,82,1,112,71.86,-4.08,69.47,71.8,118,35.95,126,-17.57,-15.49,130,23.81,-38,54.75,1,45.92,10.22,99,-23,103,-15.72,63.41,14.45,20.75,1,25.81,116,12.27,-46,97,-22,-2,-11.94,116,98
57.19,117,117,-35,-3.16,-9,51.53,-50,63,81,-10,-17.35,62,116,57.79,-23,6.27,42,17.36,-41,3,-31,127,-10.94,137,43,90,45,97,74.77,94,-27,85,1,20,125,12,75,64.79,19.06
-5.91,86,23.57,35.47,-5,-44,63,149,-18.35,41.83,75,68.09,63.32,115,-0.01,92,-18.35,18,34.57,75,-25,-38,26,7.26,-4.7,47,-18.53,77,10,-20.61,53.48,55.78,26,18.78,87,-17.42,-10.05,143,77,61.02
-21.2,33,-6,18.29,56,106,6.68,44.77,115,72.35,7,104,70.62,-2.97,83,-17.05,128,21.47,8.1,58.63,52,61,11,-17.08,-12.77,46,90,5.49,-34,61.32,29.98,3.8,113,-24.32,-0.35,39,-10,35.18,7.82,55.59
129,35.85,80,-46,48,36.9,50.45,12,25.38,12,-23.57,16.99,128,59.3,52.73,-44,-13.44,124,113,12.6,135,2,43,29.53,136,29.81,72,26,22.41,31,111,19.31,105,5.46,54.86,-7.24,132,89,52.24,-8
23,128,80,129,125,5.86,45,97,58.78,82,80,6,30.68,37,-1.81,-21,65,-11,110,-14,48.75,72,32,20,65,149,24.96,46.67,10,9,15.1,125,48.54,69.91,6.81,-16,110,79,-29,-7.27
22.45,102,5.04,118,79,93,-47,0,41.08,-9.1,-19.04,-7,108,14.42,23.45,118,116,98,77,87,129,-11,-45,110,26.73,74.98,46,28.75,126,-14,-35,91,101,44,46,32.19,60,68.01,-12,48
-5.48,29.99,-5,121,63,145,-16,142,146,62,-10,113,-3.57,101,58.52,-41,50,20.81,30.2,52.32,-8.24,1.88,-15,20.67,7.58,-24,6.66,74,56,25,4,74,-20.16,99,22.74,-24,21.4,-29,59,0
-24.73,-31,-44,129,5.31,127,-13.59,87,2,37,69,-6.35,-11,71.46,34.89,28.1,46.52,125,44,25.24,67.55,-32,50.36,-19.29,17.11,13.71,-35,1,-5.12,57.26,54.45,50,69.59,7.55,147,64,-10,111,114,39
127,22.44,-15.54,24.73,57.26,90,10,54,63,108,137,-17.51,-19,19.11,133,50.11,-8,115,-8.8,116,34.12,14,6,16.68,-44,124,48,62.09,66,37,84,18.67,61.41,133,-20,120,68.7,55,-37,-8
35,28.13,44.9,116,74,128,69.4,66.84,-20,56.14,49.74,130,74.88,8.74,21.14,63.81,58.26,37,117,50,59,-24,72.83,54,21.13,-16.9,51.35,74.09,-23.7,20.17,5.96,8,77,61.08,141,103,44,64,-28,-18.09
33,-23.13,-8.64,71.84,-19,40.09,47.75,-24.56,48.97,-16,50.36,68,40,-35,65.13,61.85,34.53,-18,82,22.44,76,8,30,57.57,-15.07,-13.17,-27,147,-3,-5.1,-30,9.2,130,-20.73,48.28,-34,15,13,64,28.87
-15.23,-21.44,107,72.32,59.69,146,23,82,55,55.11,19.79,110,93,51.1,69,46,4,5,-9.03,-27,69,135,8.09,89,66.69,-16,20.3,62.68,100,11.24,33.02,-19.68,84,-40,-26,13.73,30.94,115,14.58,40.82
65.69,19.35,47.13,135,-20,139,81,-15.45,105,62.08,67,71,71,-3,36.81,104,-21.23,63.96,83,8.94,0.73,-35,122,19,-6.88,28,64.56,77,-6,-18.1,83,4,19,-11.92,31,130,20.35,13.95,-32,5.72
41,126,43,47,-17.67,43.65,51.28,63.6,-26,9.06,46,2,-41,-0.35,52.31,69.75,32.62,16,-44,25.9,42,94,-31,61,3,109,-19,2.86,26.51,-0.17,30,13.75,-42,9.33,124,79,4.08,105,54,-14.21
48.57,121,-12.26,-8,70.07,15,47.05,110,9.44,-34,-8.46,115,90,-18.77,30.93,47.09,-0.39,-3,64.49,84,64,12.36,-40,-4.75,141,13,46.01,9.27,-20,73,95,-9,26.25,-5.36,65,103,121,14,-5,-5
39,35.43,-19.31,-39,14.5,129,4,19,73.7,46,16.27,3.76,36.45,-19,-10.77,46.96,-2.19,-13.37,63.41,-32,-3,80,-22.43,-16.25,21.78,25,15,6,18.57,47.97,89,1,75,118,43,-48,58,63.76,-28,88
33.94,0.7,33,53.33,8,62,0.59,-6.63,6.18,6.2,139,97,35,49,49.36,79,133,18.88,30,32.11,-9.76,-16.15,29.72,-14.16,11,79,-15.38,92,127,19.7,54,48,-8.83,-2.41,-12,113,39.78,72,46.1,46.39
-22,96,-4.11,-21,-8.7,47.23,44.66,39,-8.65,-49,55,61.63,72.51,126,10.78,-36,26,-15.56,120,74.24,48.71,117,116,51.17,-35,42.77,133,67,46.94,36.45,46.85,97,-17,125,137,-15.47,-50,-13,-14.18,59.04
74,-6.79,3.53,6.77,-14,-8,13.98,48.49,53.34,-7,-16.45,99,-24,29.94,-3,94,29,-16,67.71,64,-28,66.8,-4.15,145,100,113,123,-37,31,56.37,145,-43,119,129,18.26,101,33,92,-21.16,-16.6
24.53,147,9,-13,52.23,67,136,41,46.57,23.43,-47,11.02,81,65.84,85,104,60.46,-14,122,64.91,3,20,20.59,123,69.6,-40,78,-13,142,61.93,118,61.11,50.26,-15.64,93,-16.44,41,-21,24,-25
34.53,71,-9,-47,4,44.09,22.24,52,61.35,36,128,56.87,-15.95,-25,-0.21,-0.4,22.98,49,-35,-41,15,23,87,-31,73.71,112,65.42,-31,10.77,34.24,49.68,70.03,43,73.27,0.01,26.98,59.24,89,-44,42.56
107,-8.01,95,63.6,-20.43,83,74.83,-33,146,-10,116,23.91,68.98,-21.34,80,67.99,-7.47,21.96,36.94,50.25,-21,35.58,48,20.98,137,-6,6.45,15.61,-23.95,-20.47,116,19.45,51.96,50.15,-17.83,70.67,60.04,118,92,-14.3
33,-35,24,-21,69,8,2.88,121,42.87,18,129,118,93,-6.06,104,21.43,-49,-17,-17,17,-4.33,-23.47,-0.95,51.68,30.73,-21,32,8.97,65,4,34,-18.34,92,-24,39,21.81,-47,84,22,0.68
73.45,-25,-21,14.21,48,126,108,128,-1,26.13,-38,117,-40,70.69,96,-24.04,27.44,34,63,70.39,103,-45,118,90,114,36,35,27.58,7.88,3.38,-8,-8.94,-18,0.63,-31,14,74.52,15.01,76,43.29
-41,30.55,3,147,97,142,-13.03,69,51.57,72.49,24.1,-4.6,-43,5.63,70,143,30.66,114,24,51,121,101,-2.11,104,-8,31.26,80,46.42,67.02,42,71.31,-1,111,30,121,66,48.2,97,128,-26
49,20.34,19,34.41,39.96,-28,70.09,11.22,125,123,85,64.03,93,144,59.44,57.38,67.36,86,79,25,132,-25,104,107,83,-21.51,109,-1,103,33.77,70,100,133,142,-12.1,39,76,16,118,42.32
-26,-43,16.94,71.96,-48,133,-3.66,13,71,109,95,134,-1,36.79,86,-12.28,-46,-0.97,27.37,83,-6.37,-30,-10,144,119,65.31,69.82,111,15,28,35.33,4.63,9,13.5,93,29.48,-21,37,35.04,73.17
90,-9.79,62,22.59,70.09,-41,3,59,106,13.77,19,33.53,32.75,68.14,93,30.13,6,68.81,-16.72,63,4.03,112,-0.13,2,10.3,36.26,28,90,-22,101,88,41.59,67.35,37.72,6.23,127,17,99,41,50
124,-20,-16.13,139,95,63,37.77,-13,26,143,2,27,126,-44,69.99,47.27,43.98,-9.07,-4,33,-13.65,52,-18,45.44,28,-9.24,-40,18,84,-19,65.66,144,107,-23,20.22,149,4.23,-33,126,132
143,-1,20.14,6,75,-48,26,4.13,148,88,75,-7,-5.77,-21.16,31.47,-13,45,30.04,112,-27,85,8.39,1,70.8,1,41,30.19,34,-16.44,-20,-48,60.72,94,16,20,-31,-5.08,-27,-9.22,67.23
44.42,131,-9,-20.79,-9.54,139,-4.63,-1,-17.44,31.52,-31,55,81,69,58,77,-38,113,14,-19.14,26,35.28,-35,102,-8.63,58.98,99,114,12,56.13,38,49,-17,65,53.68,105,123,27,77,94
-16,92,64,69,-48,-40,34,50,11,44.68,41.46,131,131,-33,57,56.06,36.84,97,146,-6.76,128,-47,34,30,5.53,109,-8,107,-20,-22.91,-44,24.44,12.74,123,147,42,106,106,-16.74,-30
-17.49,82,44.9,14,78,66,-45,-20,116,64,-21,132,99,33,-45,42.21,2.08,116,126,57,64.67,19.87,42.03,141,28.33,91,69,24,20,88,38,121,36,76,137,13.95,41.6,75,27,65.71
8.79,21.57,5,146,-29,-19.49,143,-22,25,18,40,-6,-13.22,-17,10.26,-0.38,-11,-25,-23.41,8,-6,10,-9,68,4,27.06,-4,-18.46,-19,-9.32,2.83,31.76,20,-30,141,37.89,46.14,51,-9,-3
2,-25,-7.13,-12,88,14.43,21.41,-15,-40,73,70,-47,139,-36,133,33.84,-15,39,-31,99,66,20,4.09,-35,46.13,3,129,17,63.11,-37,117,9,17.3,-34,130,56,128,-22.39,-42,3.16
57.33,-13.84,120,-2.37,28.37,8.52,-2,48,11,118,61.74,107,-9,29,140,68,102,-43,40.93,79,44.68,85,68.86,143,-10,138,36.02,18.22,30.08,68.44,11.85,49.84,20.76,9.62,-24.45,33,72.86,68.71,145,63.54
-7.97,-12.12,46.22,-38,127,69.51,1,-22.39,0,28,59,28,73,51.35,12.68,-5.2,-39,137,-4.63,92,134,112,-23,50,144,73.75,148,41,20.62,32,11.35,69,109,146,-18,4.28,18.64,-47,87,-8
32,93,38.11,22,14,30,20.38,51,134,9,41.01,24.98,51,60,58.79,-3.62,9.33,29,58.24,-4,12,59.95,103,-10,-49,23,59.59,117,14,49.66,74,0,-36,144,48,10.68,59,-13,-22,17.58
103,110,-10.77,7.03,-9.83,-39,72.83,83,-14.98,37,-2,131,38,-25,1.18,97,-14.22,7.06,-2,137,55.84,41.27,54.88,99,-23.14,47,20,-11.86,131,-14.29,113,18.07,100,72,60.02,24.36,41,-13,-49,0
38.18,64,23,63.57,38.8,-4,-26,120,74.61,63.38,-24.8,-32,-21.94,-15,55.12,18.02,38.89,69.7,57.1,51,-31,6.41,-4.6,16.33,-7,58,-2.44,124,52,79,25,94,-49,-5,148,58,-23.07,118,58.43,-12.54
3,-5.67,126,142,134,40,-42,85,-4,49,25,50,-27,96,54.49,91,71.46,126,149,73.3,101,5.9,-4,140,53.34,58.7,30.98,6.92,9,73.25,-17,116,24.04,-15.47,-19,69,60,15,125,139
99,15,-17.41,64.11,57,74.87,68,-37,-21.38,93,135,133,-42,63,80,-22.55,-21.1,-33,-20.24,58.59,138,34,-6,122,148,14.16,60,28.04,-8.87,13.15,75,19.79,6,36.39,93,6,-9,7,1.4,114
146,75,116,-6.27,10.14,108,119,50,99,62.49,114,79,95,33.94,126,41.65,10,-9,8,17,-43,-37,-46,50.35,-36,129,14.15,-2,73.9,-14.66,122,-14,5.12,136,61,42,4,104,97,-42
60.11,66,32.91,43.86,69,20,132,5,-17.34,63,112,-3,90,51.22,9,-21.3,30.97,22,138,139,96,53.69,-10.57,94,49,65.84,12.86,67.66,-11.51,-5.02,-11,63.86,124,2.49,10.2,53.06,22.93,-20.62,106,-10.72
61.12,75,21,139,-33,10,0.35,132,19.78,-23,65.7,-25,29.33,47.26,24.41,44.12,66.21,72,63,-23,58.48,88,52.96,26.99,99,-26,25.66,-12.67,58,30.55,145,34.82,32.29,62.6,140,140,128,-4,38,8.33
78,7,33.39,144,107,23.47,45,-13.26,62.56,10,-8,-39,42.94,3.91,2.3,-14.62,71,-12.68,48,-25,99,63,28,52,20.69,68,36.26,20,22.08,18.86,53.94,16.37,-38,-24.5,-44,22,63.82,109,132,-28
59.81,131,-4,-33,-15.41,148,-29,47,42,64.95,53,110,0.06,58,32,14.42,149,2.55,54,132,-47,40,107,23,49.55,140,-47,-4.04,38,63,107,95,44.02,39,-16.64,60.19,-16.06,-4,-47,26.12
29.53,116,137,10.5,87,58.85,-5.47,27,41.04,35.7,-14.1,23,-18.28,50,111,64.26,135,84,0.58,-7,-15.77,133,119,-5,47.21,39.81,13,56.46,39,141,-47,98,-4,81,139,13.26,75,138,119,44
41,144,-38,74,-23,-9,65.59,9.75,30.66,36.2,-13,20,66.76,15,26,39.89,79,120,143,72.56,1,86,28,72,113,-24,72.05,149,-48,-20.77,20.99,-29,-10,68,-4.06,45,13,10,108,-19.49
46,55,-9.91,4,38,-8.57,-9.12,85,47.47,104,84,30,95,57.54,-34,147,3.8,67.32,53.43,-31,56.41,10,-2.24,71.76,-14.88,-35,64,37,-44,108,20.49,63.15,9.79,77,116,-8.7,48.89,-1,39,-18
-29,121,32.38,64.4,22.39,-9.64,25.3,0,26,109,33.88,15.01,-1,85,-13.6,-10,30.36,51,-7,-16.41,69,51.35,36.65,-15.88,29.05,-17.53,82,74,-18.47,-48,42.99,73.43,-16.7,35.32,25,139,63.63,46.81,15,39
13,113,6.05,17.85,9.53,64.34,44.37,-14.88,108,25,-20,20,14.13,55.33,22.65,54,4.97,-45,73,18.25,-4.03,88,61,52.87,-4,-13,7,26.28,49.62,77,-38,31.85,-1,23.5,59,-5.37,-31,24,-17.99,-18.65
33.26,127,-17.2,18.12,39.55,137,48.47,36,3,39,10.26,122,45.04,39.85,41.2,114,17.61,49.18,49.56,-21.72,31,-12.38,20.8,-26,52.25,-42,9.46,31.98,-25,140,133,138,112,-3,37.19,124,85,74,37,63.11
85,103,70,-1,30.38,60,71,63.03,4.16,36.78,56,-7,89,22,139,74.95,50,48.95,-24,55,56.94,-35,121,8.59,-42,96,86,4.69,25.27,76,64,32,108,25.75,127,16,15.9,-14,42.54,86
50,-16,-15.38,37.09,20.13,54,9.77,34,135,7.04,18,119,99,63.19,19,-4.78,61.05,18,-42,52.19,-22.1,-16.44,47.59,28,100,-19.19,26.37,103,-49,58,112,92,-10,-3,2.27,94,109,-8.71,-39,33.5
97,27,-21.37,8.07,72.21,-45,29,7.42,-8.98,15.4,37.73,5.95,95,19.41,-12,24.28,-5,49,18.28,132,20,-19,0,18.18,139,42,137,-1.02,68.38,56,35.6,91,-38,-23.77,62.04,61,63,45.27,-42,-14
79,34,-45,-49,-38,39,68.65,102,45.06,43,22,-12,-0.54,62,-4,149,130,51.38,35.01,-23.27,40,71.53,4.41,-13,57,135,-45,111,148,28,63,120,-12,115,12,140,56.52,109,4.04,55
24,-20.24,48.49,76,119,52.7,3,-11,2.59,-28,22.39,-16.01,39,40.58,28.9,146,32.68,25,17,117,90,23,-48,48.58,-47,37.2,39.27,131,33.1,-43,82,-44,-11.91,51,-0.72,-3.08,8,0.33,60,129
7,148,68,59,14.24,52,31,3.49,129,107,27.9,103,148,15.15,149,44.8,140,-24,-21,-10.47,24,-19.77,34.61,63,25.94,16,-20,-21,62,90,26,72,47.77,5.77,-28,-1.9,7.05,-37,78,112
-10,-31,36,145,133,63.14,104,-12,52,125,-32,104,9,76,42.73,-10.44,38,-14,10.99,-24.56,73.54,8.08,-15.13,25.49,102,107,98,63,55,-43,24,35.95,81,107,-20.53,73.87,31,39.51,-13.26,25.26
-4.24,-45,-23.47,-5.88,50,59,64,58,62,19.28,-7,145,137,46,-16,-49,95,115,10,70,-41,2,15.46,-18.48,2,9.35,-18,-29,55,46,55.31,32.15,67.04,26.74,86,117,59,46,69,83
145,-2.11,123,13,-6.73,73,48.28,52,38,8,143,112,47.64,25.69,65,147,74.27,111,5.19,-25,133,50.92,44,112,44.57,52,37,-10,26,-22,26,22,3.21,-27,26.1,-3.25,11.34,-2.72,138,67.34
-10.31,-4,46,35.41,-21,56,118,-45,30,63.07,19,118,55,64.65,3.08,86,32,31.72,43,53.72,-25,-39,-1,-21.61,-29,-34,13,118,81,49.48,78,74.17,77,-18.74,145,14.1,-7,62.92,30,-23.78
-20.52,53,63,124,-3.85,119,20.55,114,18.2,11.69,58.68,127,-30,79,59,-23,60.47,24.29,57.02,122,-19,18,111,63,42,71.18,101,82,85,58,-6,54,4.98,39.17,17.76,19,-29,56.07,-39,54.48
132,58.15,-31,102,-15.53,-7.83,43,55.46,88,14,74.84,141,69.96,-20.41,78,-19,-5.84,55,24.45,63.17,7,21.77,56.18,72,52,-12.07,64,96,0.55,17,16,29.85,-46,21,-8.65,-20.34,-34,143,-13,40
-7,8.25,73,44,12,72.65,149,-18.7,-32,71,106,68.51,-20.8,28.95,53.35,31,54.16,-50,18.06,91,112,11.8,17.87,70,-20.42,-11,72.17,45.5,69,117,-27,-6,-9.52,97,79,11.11,47,-17.05,32.57,39.38
128,-1.11,62.3,-3.76,79,42,99,1.66,76,50,37,101,149,47.11,149,96,122,46.34,60,54.83,19,21.43,3,60,45,-18.84,29,16.27,127,119,66.1,56.31,67.75,74.2,0,97,25.06,-20,62,118
-13,90,60.75,45,-7,48.3,49.98,11.5,47.47,-10.66,36,27,51,1.92,-1,57,122,65.04,114,-38,-41,62.95,-2,2,80,-4.81,40,70,-25,-20,137,43.83,44.7,28,77,-43,55,25.25,42,66
-20.6,117,17,-29,74.89,21.61,138,-15.2,35.48,21,-40,12.79,-24,23.28,-14.72,128,26,40.96,22.98,149,4.73,89,64,25.16,2,56.18,-30,114,30.74,-27,-22.03,-5,49.22,47.92,31,-18.55,-0.93,126,-19.52,40
99,96,-14,32,20,-49,43,38.26,-2,-1.08,47.28,28,96,71.5,32.04,28.48,115,67.92,-12.71,46,74,1.44,-47,-22,-35,2,2,-19,12.08,-46,81,58,65.49,92,64.31,29.61,24.83,36.97,134,-1
107,13.51,81,71,-7,-5.83,-23.03,59.93,101,76,65.88,-7.52,146,2,74.96,-50,53.2,43.71,68,78,26.45,21.21,101,20.67,82,-17.31,46.17,139,40.77,39.36,13.63,25,3.39,13.41,8,8.26,-0.67,55.93,18.56,15
-15.37,-21,20.19,45.89,85,51,-5.3,60.32,25,-33,66.08,77,66.17,9.9,41,59,28.82,-3,-20,147,-8,33,46.96,143,81,73,55,44,41,69.32,3.11,48,49,-12.19,31.34,-13.42,-2.01,11,38.18,49
0.53,89,23.67,-16.61,11,18,-18.08,61,51.61,8,33,-24.44,75,-9.08,56.42,35,78,50.78,22.11,34,73.79,-40,70,27,108,41.08,70,6.94,142,19,22.94,63,118,120,39,85,7,-9,33,-23.32
42.63,89,47,131,12,-24,18.55,22.74,-7.97,-5.69,-10.21,92,8,104,32,56.17,96,72,74.59,83,49.28,69,-2.54,-14,-30,51,13.73,79,11,-10,43,48,-29,97,-46,79,28.03,18,2,-48
43.3,-7.92,-23,77,15.93,37.11,62,147,118,16.11,42.68,40.44,75,32.36,46,124,-35,74,39,42.29,-16,14.47,-8.27,44.8,20.55,16.45,-5.21,38,132,34,9.11,5.38,-17.15,53.01,-46,21,-50,-23,1,69.92
119,50.56,44,-11,37.91,6,25,6,93,22,62,66.94,98,89,40.07,-1,48,-24.1,62,-17,70.17,24.15,95,52.88,-10.17,100,95,23.99,92,28.04,148,9.39,54,-9.92,19.54,55.09,-28,9.41,97,60.55
-22.59,35.31,-27,134,76,-27,29.26,65,66.24,96,6,111,111,14,125,-8.26,3,69.91,58,-27,33,98,3,106,106,6,128,54,71.77,53.73,53,16.82,23.88,136,21.03,11.2,15,7.15,49,133
36.38,-46,-14,32.6,8,12.31,-21.29,145,121,-19.57,118,31,28.54,37.92,26.16,108,32,73.69,20,-4.37,49.13,147,96,71,139,2.3,-23.05,11.01,14.8,128,42,21,93,-23.18,-9.62,-21.24,-0.99,42,31,101
37,-26,44.37,123,4.5,61,118,28.03,133,110,36.36,16,141,18.13,58,-28,76,74,-2.12,20.27,92,69.36,37.01,107,51.83,83,125,95,55.72,-3,147,-30,45,37.83,73.71,125,-12,65.84,64.82,54
-40,-33,1,65,138,66,-7.27,-3,29,-15.48,30,-17,-46,17,-13,-44,41.43,51,142,-5.58,9.59,9.53,146,130,-11.04,107,55.19,132,-18,13,131,77,134,71.15,74.22,27,25,54,91,26.8
61.41,65,-18,-1.36,38,40.57,-49,75,28,12.32,18.33,99,79,11.91,130,6.69,124,-17.07,36,119,89,70.18,34.63,26.02,-22,131,7.19,28.92,8.1,56.12,6,11.26,24,103,135,22.12,-12,-2.24,-34,-10.04
41.04,72.32,-43,61,47.18,-2,58.97,46.23,38,-24.05,142,-24,-25,1.84,32.11,59,90,130,80,102,28,-6,-9,-17.59,105,91,103,143,77,13,144,-41,32,-15.33,24.6,15.81,43.13,28,-12.36,-10.82
-38,69.15,22.57,16,-2.77,123,84,134,7,41,38,14.56,-26,73.11,-10.26,-4.19,-10,-34,64.75,16,129,33.74,29,62.71,87,1.78,68.52,42.23,12.37,40.12,-10,21.85,41,141,147,14,112,69,-20.71,21
58,134,17,25,17.85,98,-24.58,-4.75,122,49,42.46,-3.66,109,-38,112,-17.96,10,70.68,128,-11.65,6.32,146,-12.34,25,146,35,38.72,90,98,16,49.11,88,2.85,27.44,51.61,79,90,-29,118,38.55
-20,33.62,-14,72,17,-33,-2,45.73,24,0,-22.57,71,55,32.22,58.29,49.83,101,66,49.66,117,94,4,34,15,16.2,56.18,20,3.95,-2.54,56,34.4,-4.14,108,131,136,20,-21.59,55,-14.8,64.97
-1,-15,127,28.47,96,-3,106,105,-33,44.11,45,88,-6,124,56.34,-19,-31,147,-9,-29,46.99,10.59,135,-22,-5,28,100,-45,144,135,139,101,31,-15.52,47,128,98,-15.21,115,64.83
84,72,-21,120,48,25.66,54,94,66.24,27.32,71.76,3,106,-48,72,28,48,23,-2,76,36,21,27,84,77,118,-15.05,0,-32,49.45,97,44,101,52,71,64,37,52.82,51.88,70
-12.6,122,143,-9,-16.25,-12,8,33.86,16,113,13,-21.41,123,127,14.95,-24.69,10,93,14.53,79,81,-44,-20,34.95,121,69.84,-7,-13,32.82,13,-6.01,51.93,66.63,131,-6.76,11,-40,32.44,-32,-38
134,99,0,-9,40.02,29.36,-40,-22.46,128,21,6.77,24.92,81,-17,94,40,60,45.58,29.87,21.03,-3.2,88,82,83,-4.08,66.52,5.04,-16.51,-15,32.52,67.81,-36,-7,14.18,-3.22,63,111,35,-17,75
37.82,-13.72,23.9,62,40,131,74,-42,26,-9,38,13.76,52,-18.89,-4.67,-16,80,-15,54,-50,123,-12.48,71.2,42.44,-16,15.86,18.05,-29,52,72.68,16,25,45.29,-5,30.36,53.52,111,-30,2,-9
135,66,134,143,135,4,61,-1.28,-15,14.51,-13,108,-26,67,117,-14.95,102,-23.34,122,70,8.4,89,68.69,-41,9,62,25.9,27,-7,17.23,49,144,120,20.87,0.66,8.22,127,58,16,26.63
108,102,121,-23,80,72.34,38.13,-16,104,105,29.86,93,44.58,49,-10.22,19.1,82,-3,46.04,117,113,56.95,-24.15,53,47.17,121,97,47.07,-6.08,-23,5,61,124,68.23,90,7.65,0,56.23,20,109
51,136,123,-14.84,8,112,118,64,26.86,110,89,-24.88,-37,-42,-25,30.2,91,-47,11.98,122,58,-5,-5,84,42.06,-13,21.8,26.16,24.12,25,72,63,8,47,-11.1,-10,-42,-24.02,0.47,-3
70,19.01,67,19.23,53.71,63,22.7,62,-18,-4.87,64,63,44.19,-45,46,3,-15.19,88,-24,138,132,138,26,27.11,68.27,6,111,116,27.67,73.13,-48,90,15.35,76,3.43,8,45,-20.53,112,-4.55
45,54.44,93,-26,-0.85,-47,-18.79,-45,139,128,-45,99,105,37.52,43,11,30,60,61,88,-0.53,85,149,70.51,-1,54.77,-6,137,-2.25,-43,75,-24,67,100,27.77,30.41,-24.61,42,-44,15
16.71,26.99,73.46,25.08,-11.25,-48,47.44,59,132,47,145,-31,71.92,-17.55,45,35.88,117,27.97,131,27.32,-7,-1,69,129,-2,11.53,51.12,58.96,33.32,-43,25.69,76,35.05,76,59,13.59,28.95,9.67,-28,47.47
81,-20.27,75,16.72,-5,58,55.35,144,58,20,53.15,-2.99,-21.18,113,45,-12.71,21.65,26,5.36,5.11,8,-24,-3.65,-16,121,-8,30,-19.83,42.9,38,86,103,-37,2,124,109,0.46,49,-18.75,22
-46,-13.04,17.07,142,141,40,-10.83,40.68,61.96,-7.9,-21.71,-31,4.63,96,58,51.79,-49,99,68.82,-38,46.29,-29,63,59,92,-15,133,120,89,77,144,16,6.18,25.62,15.37,98,98,72,-5,-4.93
35.78,43,-34,95,-0.32,-4.86,30,-18.25,93,114,40.07,43,46.75,-2.9,29.93,137,59.79,108,61,4.32,12,-21,-24.23,125,148,117,78,-50,39.11,56,-9,56.77,-40,-27,52,-22,55.8,17,-25,66.47
-0.32,-0.83,-19,69.24,120,-8.19,74.16,53.94,19.73,63,74.37,16,109,4,47.9,137,-22,127,86,43,97,32.27,-9,41,13.77,-20.1,12,61.54,121,17,28.99,13,30.4,8,4.94,63.37,117,118,4.43,87
149,121,28.88,-20.8,6,136,78,143,114,12.11,45.54,67,-6.76,37.06,22.76,64.87,35,22.24,93,34,27.51,13.11,71,100,42,-46,8.41,145,-6.09,128,-21,24,-15,60.98,-7,60,43.09,50.19,31.26,0.64
68.5,31.53,41.18,66,4,-40,-19,0,22.13,33.16,-7,25,42.82,-5,4.39,-7,0,119,-25,67.67,105,15,-4.47,101,20,-22,16,63,104,-16,-16,22,122,52.26,16.73,95,-14,56.08,9.37,27
145,-11,-2.18,143,-18,-9.7,-43,51,-50,5,104,-35,26.83,0,27,113,127,-15.77,75,-17,14.9,118,31,41.29,144,114,7.15,54,54,140,105,24,101,67,67,47.58,28.5,33,127,2.72
94,118,31.84,88,120,-21.48,24,62,69,73,122,-37,147,127,49,-5.92,136,21.56,58.02,-36,2.51,47.85,-20.23,132,54.95,-28,138,41,-8,27.61,-35,-12,-44,48,0.65,20,4,16.44,-14,123
39,12,90,-46,-11.28,8.53,46.3,-20,149,-10.98,-22.42,-22.34,38,58,-29,37.47,49.47,31.72,-36,14.46,-8,101,65.83,-32,73,-19.44,34.88,59.71,89,46.82,-34,-2.39,113,148,70.41,30.77,26,32,66.27,148
72,37.37,-38,45.99,16.08,-18,108,115,90,69,-12.8,72.54,-8,-47,70.57,7.15,71,21.69,40.1,32,8.29,-23.28,57.93,82,-6,59.92,-20.06,143,4,92,32,110,68.89,-14,69.99,79,113,108,1,61.98
-12.31,51.13,19,-13.41,5.32,137,12.01,139,86,63.56,-22.26,23.88,43.77,23.94,25.24,95,30,18.78,26,28.51,38.28,12.32,-21,15.35,-12,-29,11,-1,-16,90,31.13,-7,-3,61,138,19,129,35.24,75,125
-12.07,76,-4,24,-3,-22,36.44,139,-41,4.25,69.64,45.39,55.48,144,98,111,28.65,-40,49,113,-8.3,78,-11,36,111,-24.25,94,7.41,40.2,-6.38,26.47,2.72,-8.11,22.43,50.75,63.48,-29,80,62,53.1
10.4,113,4.13,57,33,20,17.04,38.82,49.65,68,68,73,21,14.4,17.76,-46,42.61,-24,-20.43,99,4.4,24,71.32,-2.88,-10,50.61,33.03,74,-16.63,70.77,15.29,55.75,53,-47,78,45,132,-6,-20,105
-43,36.81,89,60,56,32,98,7,36,-15,-47,-35,45,-1.05,-31,55.22,7,7.6,-3,46,20,58.93,68,107,-3,135,128,121,28,82,133,27.53,7.87,139,45,71.43,-1,48,56.92,6.18
-1.06,26,-39,130,66.26,70.28,101,-8.33,21,70,37.79,31.49,-10,-14,-12,-22.22,-21.09,114,119,-16.43,14.5,50,68.53,-44,24.3,29,25.98,-31,44.97,-1,-30,24,112,-30,72,38.54,-40,7.49,4.08,60
47.97,41.84,57,5,37.76,41.51,39.22,62,44,-11.76,68.27,-34,97,15.37,74,138,36,101,31,137,39,48.67,102,-49,90,23,35,-19.37,54,107,55.73,-1.92,45.46,14,-3.47,13.57,20.63,8.11,9.91,26.89
53.82,0,-7.46,45.69,90,-31,-40,43,-1,-5,86,126,60,118,117,-13.13,137,12.46,45,27,-19,55,46.95,38,100,50,-15,80,-39,-43,42,85,-1.69,8.4,52.34,74.62,14,47.7,76,-30
91,84,4.1,-24,3,8,98,-14.26,93,112,101,119,-9.65,103,83,-47,51,134,-44,46,5.44,33.69,10,-16.86,54,46,17,39.78,23.06,-18.22,42,20.32,-14.26,-18.33,106,-6.2,116,12.16,11.14,147
114,-23,15.32,40.41,-6.2,60.2,86,-35,12.99,147,96,119,54.76,81,54,50,-23.73,72.37,96,53,20.84,107,87,52.89,102,94,-34,45.64,62,31,56,109,-7,41.91,0,13.01,89,-10.23,0.71,-23
80,117,138,52.26,6,37.27,76,46.05,5,18,71.51,48,9.08,50.33,-7,53.04,120,47,-46,6,13.38,129,53.1,-4,98,129,28.23,-26,40.75,39,14,41,51.1,29,5.55,-30,48,45.08,-11.69,78
6,71,64.1,4.47,20.35,118,37.66,71.73,46.01,57.9,66,-1.87,36,119,-23,57.68,103,22,69.09,-48,-32,-31,-44,2.49,-30,6,12.41,73,-20,125,18.88,41.01,23.95,68.1,24,37.06,-39,81,40.46,87
111,-40,6,114,-24.44,2.13,30,117,87,99,-46,-6,130,50.86,53,7,39.96,26.09,141,36,30.03,50.22,-15.01,113,40.48,72.9,40.94,122,19,34,139,41,54.59,114,66,30,126,5,11,48
-48,144,138,63,129,-3.51,36,35,-16,42,-12.03,59,23,-49,-12.95,-14.92,-10,140,1.93,37,66.15,82,47.78,112,-24,15,-49,-40,19.12,67,-34,38.68,108,71,70,108,104,78,44,42.13
-23,125,-11,14.95,-5,44.47,45.67,-0.99,143,63,29.97,24.48,-7,-0.84,38.14,-3,39.37,70.55,12.24,34.28,42,24,-37,-6.61,47,119,102,24,19,21.29,-22,34.29,62,13.41,16.15,9.69,6.5,74,40.86,95
12.55,125,-1,37.81,116,20.93,-1,51.24,50,5,-5.07,110,-46,95,102,82,26,38,43.91,80,19.12,-27,72,19,-45,-26,73,-49,142,123,121,-2,67.77,31.23,-12.09,140,-30,-35,-18.58,38
-28,19.06,-6,-46,-23.79,-31,63,99,-34,27.34,-36,48,-8.89,-3,91,146,26,34,55.74,113,-10.41,8.04,49,69.15,45,51.6,105,102,107,91,42.28,89,138,72.03,14.64,128,-15.67,23.78,96,-8
56.78,4.39,-14,-7,145,-6.07,102,11,61,-4,45.35,68.61,-46,54.18,-10.58,34.86,56.76,-35,42,34.69,131,64.55,42,-14,36,112,-13,26.26,-3,75,23.27,59,98,-4.09,87,41,77,104,81,23
65,-15.7,60.99,-13.75,-14,145,-7,3.94,-7.64,34,126,-38,75,56,6,45,28,59.33,13.45,89,7,19,-11,49.58,1.17,35,11.28,100,96,-19,68.92,59.38,68.71,145,7.26,-15.79,109,9.76,47.1,141
-21.27,71.24,19.14,74,10.95,43.42,23,89,100,65,-11.65,-46,-23,113,65.9,74,48.35,4,64,116,-17.07,105,23.94,39,-22,126,59,6,72,59,-17.35,15,18.14,61,-19,-2.91,131,33.37,12,-9.18
38,77,143,11.52,15.49,33,23,53.6,49.6,137,-18.35,66,37.91,99,27.13,-29,78,-17,-17,120,97,68.96,62.92,-1.74,-21.2,54.9,32.86,74.47,18.22,60.05,70.47,-45,69.24,73.6,43.81,-24.08,-4,90,74,75
33.24,66.49,117,45.7,115,36,47,-17,-6.05,55,67.31,3.52,1,5.61,140,80,-5,97,-3.94,5.06,47,24.88,-14,3.93,-31,93,106,52.66,-0.84,38.43,8.88,89,-22.71,117,60,31.6,38.49,12.63,-39,-12.21
101,107,53.92,33.06,59,104,83,24.32,-37,49.96,117,1.45,54,8.83,37.85,61.02,41.16,23.71,18,109,-31,14.4,45.58,127,45.83,-46,-33,47.71,15,-44,88,144,125,-26,81,10.8,37.81,12.57,137,9.74
34.18,-13.11,-27,133,-17.19,29,147,93,41.69,32.23,25.95,29.28,59.57,95,-30,-38,39,37.48,-15.01,96,77,88,101,66.97,-40,49,32.81,-23.79,141,67,0,143,-39,65.65,-38,27.63,53,27.69,32.29,44
78,70,-11,13.35,111,28.71,56,24,100,3.02,52.48,15.61,-22.28,-13,32,-15,18.58,135,91,102,2,31,-50,46,-20,39.37,-20.7,-3,6,69,-44,11.95,-21.57,62.36,-4.57,46.32,10.79,-30,-40,19.6
57.15,148,-0.66,26,97,30.79,7.23,-3,53,58,55.91,20.05,109,6.48,-20.76,68.05,5.04,69,130,15.26,107,34.22,19,56,-2.97,70.02,59,134,-37,73.3,56.44,-30,-12,10.28,-41,3,34,139,-50,10.31
64,84,98,53.46,71,59,99,16.52,-25,65,-8,134,26.4,38.72,54.56,21.08,25,52,103,40.15,105,-8,145,126,77,137,115,21.36,20,35.29,-23,31.81,51.1,13.93,16,37.16,75,29.83,121,-17
43.71,138,21,62,5.39,12,104,23.06,12.79,4.64,-48,30.88,31,110,46,39.3,136,124,42,72.95,-6,74.56,-43,-41,73,133,92,65.19,80,57.83,22.66,-41,-17.32,57,35.87,49.49,-6.13,74.31,109,-18
-19.95,34.46,21,-11.78,62.63,64.61,9.26,39,-43,63.18,26,144,84,10,6.41,64,64.99,43,110,-2,-2,77,18,3.12,2,24.14,110,143,21,-15.93,13.97,135,74.6,131,112,105,56.75,125,72.59,9
16.15,49,67.43,145,50.75,148,1.15,30,34.34,11.58,122,58.13,85,20.39,-1,44.61,75,58,60.55,-8.28,118,45.37,66.83,-44,33,129,-6,42,47,-24.84,97,49,2,105,60.64,57.07,74,8,4.54,-6.69
7.13,-4.1,37,137,59,27,118,-46,39,140,-23.38,98,13,49,52,66,-23,2,84,69,11,-16,101,56.78,137,77,29.87,7.42,49.45,-3.31,66,7.94,-16.89,6.89,133,73,7.26,-5.85,9,-9
89,72.99,120,32.66,57.78,8.95,-48,141,38.83,20,94,-49,91,36,60.34,1,17.09,91,55,110,14.23,56,119,34.19,29,115,100,133,108,41,138,9,51.74,-22.54,76,-16.73,58,103,4,27.2
-1.54,46.03,60.47,133,82,88,53.84,105,-4,140,53,147,117,72,89,35.85,73.51,32,1.98,95,11,-13.3,111,0.34,43.32,-37,46.61,18.88,28,-23.94,-21,67,1,75,-39,108,119,-4,54.61,-19.7
-1.89,-39,16.69,34.35,58.52,26.3,-21.89,10.1,-48,-16,-44,138,25.63,-45,14.87,104,14,31,42.19,32.54,146,17,24,24.78,91,120,-5.81,-27,51,-18.76,80,-36,99,-18.06,74.5,21.93,104,117,8,90
63,-10,36,73.18,-32,28.91,-14,38.32,149,8.12,31,-0.87,-14.52,145,-33,57.93,63,11.8,-30,65,-1,-1.99,44.78,-6.1,-17.67,-11.14,14,21.41,145,50,19.11,-39,134,141,22.56,26,126,-46,41,63.19
26,127,13,100,121,12,7.75,-28,61,37.04,8,14.3,19.92,19,-15.19,-7,-5.09,0.41,-19,-17.45,-21,16.91,-12,40.48,-5,6.77,131,-45,126,-44,61,60.26,59,-25,87,-40,-47,-36,128,-7.87
1.65,-8.59,-22,49,45.45,16.69,34,73,-40,149,-15,0.5,-10.49,28.62,12.87,-19,-11.96,-13.79,103,135,88,56.06,94,7,-21.99,73.31,51.38,31.5,68,127,49.06,-41,75,-16.51,66.53,130,88,-49,0.95,3.11
29.15,43,26,117,34.67,20.36,46,55.38,34.98,86,67.44,80,-5,-31,32,-10,72.71,17,110,-32,-8,26,-30,41.95,12.83,28,53.06,138,51,119,97,50.13,3,36.29,45.87,39,-12.65,35,44.07,-11.58
70,114,-21.88,21.13,-44,4.09,37.58,4.27,105,147,36.15,-24.41,35,9,36.87,112,-7,17,28.22,89,130,39.05,-2.39,121,51,-33,-5.32,8.1,5,75,-19.66,6.26,1,30,9,3,67.99,65.06,23,29
81,-24,-10,49.17,11.59,-35,52.82,37.31,-26,44.78,20.59,67.08,50.51,62.93,14.64,-19.54,35.96,-21.07,51.95,3,38.99,-7,36,84,73.52,127,-2.04,-47,63,6,0,45,75,74,93,24.15,-15.48,-42,109,132
7.63,-29,60,67,132,-29,52.46,36.21,-17,43.95,-34,58,27.46,109,63,4.48,-5,30,136,-10,-38,-15.93,16.34,8.65,50,94,136,-9.27,-2.52,-11,-26,-37,6.4,-40,47.75,4,12.88,107,108,-14
-37,-2.31,8.4,41,12,61.63,79,-8,35.63,34.86,71.63,57.47,14.02,5.32,-34,-33,-17,23,79,77,-0.81,77,-9.39,49.99,20,37,15.79,39.2,-4,16,61,-33,138,-49,12,62.71,41,-20.49,0.07,34.89
15,-38,51,120,42.56,51.63,147,-17.12,-19,88,19.15,10,17,54,113,-48,143,36.85,-6.57,147,121,32,-4,-36,35,27,57,76,-39,109,66,11,11.28,41,119,-16,88,71,65.17,116
60,41.52,56,103,11,-16.32,115,23,96,44.5,68.02,33.67,119,72.86,118,50.14,89,143,-42,68.93,1.52,144,79,64.92,52,43,-23,32.87,81,127,149,15,15.5,42.83,87,84,58.55,45.59,38,-1.09
54.24,57.51,52.04,6,-39,30.81,16.11,11,73.81,44,100,60,50.94,-17,-1.79,59,23.65,53,64.83,-0.49,104,18,142,1.19,18,-8.54,84,8.99,-42,25.46,133,63,120,55.58,0.39,-6.87,100,90,-45,-45
129,-37,59,92,32.07,31,-12,143,-49,102,56.41,87,55.38,90,97,55,-7,95,6.12,28.11,-16.3,44.37,41.4,67.77,107,25.19,133,103,37.75,19.12,98,82,-7.49,98,130,20.3,64.31,-21,67.95,15.51
13,110,92,22.06,-24.83,0,-10.78,117,107,2,-30,-36,55,36.62,-10,-1,83,-22.12,-8,-6,43,51,-20,28,10.09,128,3.6,41,123,41,66,95,56.45,88,23.95,144,122,126,1,2
117,54.43,-14.25,-8,-41,120,-2.53,58,81,-46,-28,122,62.52,69,-27,96,72.5,85,58,29,-18,55.15,50,-46,130,55.31,68.24,-4,23,19.61,120,-39,63,61.79,15.33,136,35,-19.48,66,67.88
83,14,101,45.32,-20,93,39,-4.77,77,57.14,-2.77,51,80,10,38.16,112,56,-8.4,19.77,-28,10.19,128,-7.22,51.68,-44,-20.49,50.59,135,65,-6.09,83,74,96,31,132,83,-41,-41,53,-9
47,-6.2,6.1,80,113,-4.46,28.32,11.1,22,-12,20,-40,54.73,105,-24.89,-8.64,127,-22.72,102,60,-1.7,107,41.18,-11.11,-28,-23,139,-17.54,67.44,108,-33,57,123,43,83,28,130,11,149,48.59
95,1,-13,124,24.85,-20.87,38.5,19.88,140,-36,85,65.98,142,27.83,97,-45,16,22,62,29,-19.1,-4.27,1.33,99,-44,-2,59.05,15.36,-5,146,117,-9.8,-5.05,62.9,79,-14.71,-22,18.93,60,88
63,-8.28,-12.6,149,70,126,33.06,-0.19,-7.51,-23,85,23.21,22.16,73.06,123,62.74,39.01,144,38.66,12.2,53,52,-2,39,97,139,138,25.28,3,77,-4.27,120,23.95,9,128,34,-3.06,121,121,-35
132,-48,139,105,36.33,60.05,3,98,-1,77,52,44.46,9.24,10.14,-22.37,106,31.12,60.68,29.81,-12.16,135,60,45.61,5.04,32,27.99,41.83,27.66,-29,16,8,88,-15.65,54.11,37.44,100,-12,10,7,-4
126,47,41.35,44,-11.44,-19.88,97,-10.21,35,110,44,124,-0.88,67.57,85,23.13,6.67,-26,-21,-19.76,-20.95,-18.04,6.91,7.05,52,30.47,128,113,-2.99,52.21,-27,18,27.81,16,103,-1,-22.47,-14,0,34
119,9.51,21.16,22.94,5.62,20.73,-17.2,5.07,67,122,48,33,70.87,11,15,-20,100,11.42,-5.22,97,133,17,15,13,148,63.89,9.53,55,49.88,39.4,132,-22.89,63.63,32.94,89,-16.73,135,60.11,107,-12.06
-41,33.37,13.96,-12.4,22.36,127,-50,-12,-7,65.83,2.95,69,54,-26,31,72,35,142,37,32.52,3.97,145,-21,112,-10,24,143,10.75,132,8.57,33.3,1.52,-25,27.44,29.04,2.75,45,2,51,129
115,20.96,24,13,67,123,70.26,113,-34,89,-40,64.49,-19,-31,80,6,71.5,101,-19.76,20,147,56.32,-21.96,0.48,-47,89,3.2,17,8,-6,-3,78,39,30.99,102,54,-6.33,43,124,123
4.63,-13.26,-18,-12,-38,-17.54,64,45,-16,115,21,65,-49,64.67,71.88,44.7,56,-5,28.02,104,78,125,6.96,45,65.65,-32,11.6,-38,114,56,11,82,-42,-44,32.73,136,33,25,32.06,32
51,-42,-7,9.78,46,38.65,72,126,-18,-30,-15.01,56.28,-18.94,-41,108,38.62,35.72,67.56,35.08,7.52,-9,25.89,-7.25,-16,30.78,6.86,65,43,82,34.25,11,123,116,25,145,102,71.44,135,145,52.82
55.25,-20.57,-24.21,30.95,-46,-16.49,-10,143,71,21.32,76,25,18.56,18,65.5,57.88,34,50.37,54.99,38.24,9.6,72,66.49,72,20.03,-5.64,-50,60,114,28,80,47,64,103,62,108,0,-6,44,131
137,47.43,48.49,65,131,35,72,-26,65.53,149,21.38,24,13.34,72,135,31,1.52,53.8,21,35.03,-2,-4.68,125,-8.54,148,32.23,-22,-3,-34,103,-36,84,11.23,-21,100,-18.93,4,68,14.94,57.38
60.28,76,107,18.62,-45,-2,-43,130,146,21,-12,79,70.12,131,2.92,56,70,57.96,-0.87,-39,-37,-50,-13.08,52.36,12,80,-5,54,17,19,149,66.06,40,148,73,-19,48.46,30.74,141,-8.97
65,83,-24.67,123,69.47,-23.6,51.95,21.12,6.97,-46,-14,-0.45,24,18,84,51,142,12.97,64,108,51,68.22,-11,-22.06,107,-16,-20,-15.47,-28,49,59.83,48.94,56.18,31,74.27,21,96,65.5,56,63.02
118,85,-28,57,69.78,8,33,-9.07,118,86,65,-24.04,28.97,60.49,123,100,64.08,139,89,20,65.01,-50,-21,29,-8,-3.32,138,-48,60.74,36,-9.86,4,44.35,-27,54.87,113,62,-29,12,68.14
1.08,25,-13.29,6,40,35,64.89,45.75,22,89,-11,0,26.49,-47,-1,139,-16.31,-12,95,24.56,48,135,-36,34.68,15,-49,61.72,33.09,-50,20.71,27,-7.63,-20.37,10.83,-33,56.83,65.91,141,108,-6
-1.9,3.46,122,99,103,49.46,127,-20.35,119,12,73,27.97,10,70.22,17.4,130,-10.56,23,132,-15,-6,-3,55,25,144,84,148,124,3,128,100,-14.86,53,13.32,36,18.22,-33,126,18.33,30
35.07,31.41,38.93,65.31,-40,25,0.64,43,39.08,142,7.75,51,-44,16,140,99,66.39,36,66,116,6,51,16.26,-10,22.08,5.48,122,-48,18.05,-38,112,11.25,75,72.2,55.95,61.23,39,28.17,0,6.19
-17.13,135,25.67,-36,31.2,-4.18,17,23,47,138,59.46,126,71,43.85,1,85,125,-6.79,57,73.5,-21.09,46.74,64.59,61.09,-39,-29,118,47,34.14,79,29.18,-20,-3.03,100,21.91,53,-5,61.12,61.58,37.72
9.96,83,23,72.86,109,54,47.72,61.76,46.17,33.21,90,62.29,20,124,-1,63.67,-31,-29,59.02,63.01,113,14,133,19,1.53,20,11.03,115,-7,75,10.42,7.26,49,3.96,10,46.11,20,58.96,-48,58
105,70,19.77,72,59.78,100,117,106,8.58,27.59,33,-9,125,-10,-20.59,132,65,136,-20,-20,60,-15.62,69.82,134,30.88,82,34,-13.26,60.4,16,65.37,69.85,-17.36,70.89,41,122,-28,64,-49,102
-19.91,33.73,2.06,48.85,2,73.41,23.36,120,12,50.33,11.02,30,53,131,-40,142,55.26,45.91,-38,-44,125,12.66,-3,-15,-28,33,137,108,101,22,21.23,9,73,25,27.1,85,99,98,-48,48
119,-48,130,40,12.21,73,119,-13.27,51.12,-1,17.99,114,64.95,48.32,-21.64,26.89,30,-1.26,42,72.67,-7,9.09,126,115,74.82,116,37,36,-11.33,-13,-1,71,92,102,16,44,-47,-44,118,21.28
39.33,57.42,-27,-1.52,95,56.11,50.67,22,63,40.42,32.68,-50,60.2,146,71,-42,34.39,147,-15.51,78,19,-35,3,-25,36,-2.7,72.75,142,72.46,-23,-17,65.04,4,-47,-17.34,-10.97,-6,3,-35,38.96
-12,56,51,67,146,6.49,144,-38,61,-8,64.84,44.89,111,66,-10.39,-15.47,72.89,-13,63.03,-15.15,130,92,68.08,138,18,-2,64.44,56,4.92,28.5,-5.9,-45,36,93,106,43.96,39,127,117,59
41.11,68,27.98,3.92,-21.2,52,-24.22,41.12,29,51,121,98,138,4,12.07,145,89,145,70,-41,-23.63,-10,-27,-14,-12.44,12.72,74.63,-19,56.62,55.41,30,57,148,137,6.75,-24,12.69,8.68,90,-16.1
32,27,109,-1,54.7,-0.81,-45,-17,66.26,39,-27,71.03,-18,84,14.24,-33,-42,105,125,-5.36,30.08,8,106,66,72.85,45.29,-38,84,54,-16,23.31,-7,140,24.53,14.77,-19.44,88,146,-17,73.56
118,123,66.42,5.04,65.63,143,50.62,18,71.39,70.63,122,36,136,19,-13.14,91,3,54.36,-13,48.96,11,-26,42,98,74.89,1,20,-38,-20.26,-41,36.82,74.56,11,13,-12,64.77,48.89,75,-42,-34
-39,27.64,57.17,-30,43.94,-43,72.61,-30,9.95,-34,19,71,-13,114,128,42.88,-39,74.98,-24.37,128,65.19,3,33.74,121,42,53,-25,24.52,36.27,135,85,12.88,7,19.52,25.71,-50,57,6.76,51.88,9
47.92,89,-35,69.41,24.1,47.44,5.08,120,-6.98,78,80,49.49,127,100,119,134,-24.59,99,130,-45,58.57,-8,89,8.69,126,-12,-19.55,60,38.89,121,43.05,67.79,39.97,68.33,62.14,137,72.99,58.12,50.9,-43
49,26,29,0.58,128,-34,4.25,140,-45,-2.17,6.79,46.46,-14,41,37.94,11.92,148,55,45.36,75,87,14.43,113,21,130,5.08,9.63,-12.92,94,60,95,99,92,104,24,34.59,48.32,92,-37,69
31.76,121,83,46,101,25,-41,30.05,19.3,24.05,-40,119,4,143,90,-44,115,21.71,11.28,22.03,61,-1.84,25.31,56.21,32.98,30,47,104,105,59.16,132,143,71.01,57.1,59,9,-10.87,-30,82,61
20.27,16,102,36.82,1.03,-21.24,149,-9.69,47.31,92,-0.16,-3.14,21,38.41,-8,54,-4,140,-0.4,22.76,61.49,125,24,39.15,21.37,59,54,45,41,62,31,41,69.02,-5,140,149,130,145,-24.45,64.4
15.21,70.71,74.27,119,16,57.03,-48,125,59.33,44,77,-15,41.32,32.13,-31,84,56,-11.09,48,104,68,-30,9.68,63.61,-42,2.08,-8.05,68,66,50,5,138,48,-19,87,-11,64.52,4.46,23.22,65.32
49.54,22.83,66.58,-16,146,61.32,65,-4,-19.84,25.51,101,60,13,64.96,-12,118,66.06,107,-40,63,41.95,41,62.2,-6.75,-23.99,140,-18.42,100,-14,93,101,39,-7,148,-12.23,-24,-2.07,117,41.87,8
46.23,86,-27,68.83,130,-13,-37,143,-23,9.13,-28,131,5,80,66.11,-19,-17.93,-14.52,80,23.1,-44,93,83,65.7,32,125,57.18,140,52.33,75,16,17,28,77,86,-41,120,138,124,-4.63
-8.51,49.18,15.3,83,8,-28,138,-8,143,43,30,39.09,26,-15.01,102,135,66.29,70.46,24,14,61,64.32,-4.03,59.23,47.93,-7,71.94,12.46,28.36,-42,9.38,-45,72,57.61,116,45.18,-18,52,18,8.57
81,76,32,62.22,60.12,60.92,28.22,22.24,60,69.34,-23.15,68,12.28,-14.83,46.09,60,67,40.76,60.79,4.46,92,-9.61,117,67.67,68,45,-6.63,-20.83,105,-16,56.94,61.55,10,4,125,70.47,59.82,6.73,20.33,47.43
-39,49.92,-40,20,12,-27,58,-6,43.9,0,-12,122,-22,106,-0.94,-26,22.29,0,-41,133,-29,37,17,17.72,96,-24,12.44,119,-45,56,-11.47,-6.32,-15.4,-7,130,94,14,25.02,39.89,36.82
14.05,69.64,61,73,67.66,48,89,126,-27,95,116,99,-10.24,-10.37,36,47.47,-42,20,105,76,-29,55,14.48,41.16,-30,-23.05,94,38.31,-7.56,41.28,64,-41,66.27,42.51,22.19,-9,45.34,63.25,32.66,75
131,14,0.9,-14,15.12,64.51,7.34,56.92,119,65.56,72.43,-24.2,21.55,-5,147,22,-25,4.69,149,20,33.37,-10.16,52.23,64.93,85,-1,77,79,32.77,124,59.01,27,-16.31,31.47,24,71,34.33,122,97,84
39,112,-19,-9,-1.99,144,33,81,-7,-18,16,0.81,0,44,-10,148,101,27.67,13,33,95,84,71.96,6.01,138,-19.24,45.43,59,68,51.56,55.8,52,-18.99,-48,74.56,-2,126,-14.35,79,44.63
42.74,100,3,18,1.78,36,17,29,21.37,53.85,-8.89,90,48,52,48.09,34.69,-4.43,137,124,59.73,80,39.39,92,96,36.74,58,56,-13.12,102,-18.73,7,72.07,4.39,-17,-40,41,25.39,22,19,73.94
32.95,-31,-0.42,-22.3,-20,66.97,13.79,25,31,144,88,-7,55.36,15.6,84,34,47.71,42,79,-20.28,82,24,74.55,53,80,94,-9.55,28,88,136,-16.96,21.42,0,46.83,128,12.9,123,135,42,0
-23.71,43,62.02,-15.94,-23.47,72,41.83,62.54,-10.85,106,128,36.71,-50,125,19.89,39.86,58,-16.45,22,74,45.65,77,22.16,97,-47,94,57.46,41,10.56,-30,33,96,139,-49,-21,42,138,-7.85,-33,82
-37,-22.64,122,24,64,121,22.47,-44,106,10,-10,-33,126,59,11.65,111,21.29,49,-8.82,-27,-26,-10.09,19,64,108,14.94,83,20,-19.1,47,59.7,-24.91,120,107,33,62,143,60.21,48.89,17.37
-38,-14.61,19.58,-19.51,-19,63.94,60.81,28,-11.64,85,51.23,146,-4.2,-22.37,111,33,-48,33.6,22.43,22.63,-36,5,76,31.58,-18.03,59,82,-8.48,47,17.45,61.62,55.08,99,-44,65.73,104,102,68.91,83,92
17.35,25,40,115,16.42,16.04,34.68,70.57,20,95,69.51,-18.04,-13,30.44,-4,9,-23,-17.82,49,92,143,-23.98,12,21,33.98,54.87,50.38,69,80,69,-27,-13.03,-36,-10,37.84,52.45,115,54,2,-45
137,9.46,64.27,144,-20.69,-9.78,91,-43,122,12,-38,61.08,73,30.46,0.66,-1.47,-24.15,-41,19.78,52.29,125,124,30,12.69,-48,37.29,25,-6,15,6.05,-44,53,-11,55.83,12.1,134,52,114,144,17
121,77,24.61,6.25,-9,107,-1,75,-24.18,37.86,19.16,100,4,12,-12,26,61,-8.99,51,-3.24,79,16,-19,59,15.49,35.19,50.5,-4.97,61,0.21,-28,43,37,-3.5,-17,17,65,69.1,106,-11
0.02,97,43.81,86,49,-40,23.11,59,2,4,49.86,-48,146,77,-29,47,47.91,102,54.62,74.67,101,139,46.04,17,74.92,146,53.6,116,23,29.23,44.74,64,77,88,27.92,-35,124,1,7.44,118
71,118,44,50,13.97,141,5,125,115,55,21,100,147,28.28,71.19,46,39.05,-8.32,98,145,-5.18,56,130,-28,121,-13,-47,53.93,-5.89,-33,102,20,87,-8.32,21.27,53,-6,27.59,98,-21
-33,19.94,93,14.17,-36,-14.67,61.64,35,59,42,61.68,-18.25,18.24,142,30.28,-21.64,60.52,126,68.9,22,73.57,64,-13.93,138,66.04,22.14,-22.16,93,15.03,137,68.48,-33,46,40,55.48,77,94,0,81,127
-19,37.16,-44,25.04,80,111,13.78,5.04,28.71,48.31,96,-11.18,22,41.1,-47,123,67.6,14.04,93,140,21.24,115,43.22,21,112,20.09,14.2,55,34.67,127,16,63,61,73,-18,38.39,120,-3.18,137,104
-45,47.36,-28,52.19,1,-8.15,131,36.33,24.15,31.16,107,53,63.69,44.52,142,89,48.97,39.75,8,25.75,-3,-4.11,14,11.9,83,34,38,42.2,17.23,65.72,97,-4.65,27,71.03,62.46,73.54,37.46,-28,-45,39.58
78,-10.3,19.61,-4.82,-43,129,24.24,22.17,50,68.43,99,34.54,22,-38,108,107,104,-35,73,-26,-5.58,-8.18,-13.06,57.64,87,140,63,72.25,46.33,59.25,136,-33,134,4.72,-0.72,-37,82,20.79,13,-26
122,-40,77,88,10.28,36.6,134,45.93,40,-4.53,52.53,21.67,-0.8,11.04,18,104,39.69,47.99,28,143,-14,14.49,144,136,138,50.9,81,12.48,47,73,74,60.23,5.54,121,35.04,-31,23,37.97,55.11,39.78
23.64,23.14,144,13.02,-7,43,49.36,67.88,-40,32,74.68,-49,-7,-9.91,9.23,-5.55,20,117,15.14,13.09,-21,88,96,21.79,146,-6,31,-21,-18.13,81,101,69.44,57.02,-47,36.9,121,65.76,33,55,15.71
29.65,71.7,145,110,111,-34,-11,13,122,73,19,73,40.73,22.95,121,-24.63,52.51,93,69,70.2,-20.13,98,18.78,3.11,15,6,-1.86,-5,140,8.35,25.66,123,86,-33,125,25.01,45.78,62.32,59.1,8.39
-6,39.02,22,51,4,20.45,-38,-8.42,18.32,-17.54,-10.79,-12.41,23.8,0.75,47,52,136,43.54,0,46,-12,79,-35,131,53.62,50.31,149,-4.12,-39,6.22,-7.9,54.9,105,7,46.09,25,34.7,48.99,-22,56.99
33,-10.96,-19,14.74,118,-1,126,14.35,5.38,51,107,-0.66,39,77,125,-37,43.85,-23.44,35,52,53,-20.28,-29,-41,102,73.45,34.52,29,-28,37,-33,-18,79,60,-35,107,43,44.42,-6.37,-30
-6.63,147,-8.44,61.12,28.38,28,3,77,7.56,42,93,66.07,129,69,145,91,24,-48,-1.21,-11,71.31,23,24.87,57,14,15.49,13.83,38.63,82,131,140,32.52,13,59.43,53.35,74,130,143,147,28.55
86,28.89,126,-43,20.74,69,102,-39,51.46,27.75,49.3,-40,14.22,20.71,17.46,-3.83,68,87,45.72,24,23,14,33.69,123,32.39,22.65,-39,24,34.78,114,-16.23,30,109,115,40.29,5.19,75,-28,138,58
49.22,-46,-1,21.16,48.31,-6.92,-12.83,84,29,81,-11.18,17.38,14.77,100,146,-38,21,24,108,17,-42,62.2,65.92,11.27,22,-29,49.63,97,103,49,91,14.99,146,20.46,61.05,148,-15.99,137,-31,149
56.08,107,45,-22,3,31.91,32.09,26.29,36,61,-12.28,95,62.46,68,21,35.85,20,3.54,-23,16.15,-14.58,144,-23,14.99,33,147,101,-21.91,17.67,33,-18,-9,-17.84,98,-14.67,107,74.82,20,19.76,-1.24
84,3.4,69.47,37,58,39.88,-10,113,-27,61,53.37,133,-37,35.83,13,-3.44,127,19,-23.99,145,-19.19,-9.81,120,-1.54,-39,9,108,75,12.08,-8.42,-46,42.72,68,92,36,-0.28,49,107,103,42.75
58.5,15.98,-46,123,24,63,-2.12,97,74,61,-33,60.88,-44,5,10,28,17,32.95,99,6,-0.3,46,-5.99,31,15,-18,2,36.69,-41,40.9,-29,122,-3,51.14,133,18,19,-22,91,4.64
6.85,29,-23,39.49,-39,-10.82,-30,133,-47,1,-4,132,29,-5,145,100,62.85,64,-25,26,25.09,65,128,-20.28,22.68,106,-5.73,50.83,0,25.78,-27,84,101,2,-16,-11,-29,60.67,33,-35
3,9,68.74,132,28.6,86,-4,40,-48,84,24,47.63,-20.84,32.38,-39,-45,19.7,5.24,74,83,9.51,109,18.49,131,44,-4.56,42.17,-7.62,124,99,82,35.17,83,10,136,108,-13.69,-42,53,11.34
-21.37,63,-3,128,-34,-45,118,92,32.07,45.23,60.69,32.07,130,10.83,8,17.66,20,136,-15.48,28.09,60,13.18,19.23,-4.65,-12.54,37,88,140,-33,71.77,116,16,71,-13.48,92,-8,29.74,62.87,15.14,-48
85,-5,103,-49,-23.45,62.59,-12,25.13,16.33,142,18,77,53.74,-11.8,69.49,-12,-22.15,-30,106,-8,66.94,0.21,134,2.47,83,40.58,55,8,16,83,90,26.26,62.01,128,148,93,67,59.81,85,-18
-29,85,-1,-38,3,-20.4,38.75,116,33.36,21.79,32.6,85,47,-19,22,123,16.05,21,-48,131,114,89,37,63.89,17.68,43,142,8.7,22.8,26,24,-22.53,105,-38,111,28.6,12.48,35,52,27.4
82,72.43,34,95,-7.41,72.35,116,28,0.31,51.58,98,54.53,70,31.95,57,40.84,3,99,-11,-6.11,7.41,129,36.25,68.04,27.3,74,-14,75,-2.96,-25,114,32.81,60.76,-27,69.95,71.4,17.07,127,-11,5
99,51.8,119,-24,128,10.83,134,124,-0.91,-21,118,90,-26,144,11,125,30.46,12.84,15,8,-20.02,33,-18.3,-14.97,4.31,58,67.59,101,136,91,144,30,-24,36,17.1,38.23,34.69,11.99,0,15
15.75,-38,10,-2.68,31.28,-14.82,65.12,1,47.29,17.4,-8,31,-4.98,46.92,-14.89,9,88,43,129,147,53.16,44.47,17,-29,60.04,59.35,25.56,-45,6.98,96,49,62.76,60.07,9.4,-5,106,103,97,51.16,-14.8
132,84,113,2,33.97,120,26,6.12,12.11,41,13.14,7.99,67,62,118,46,113,93,14.41,76,35,78,111,131,-12,59.34,4.39,-8,79,-19,-17,52,62.15,58,-15.53,-43,71,139,-7.81,25.22
12,78,-16.9,-12.31,109,34.09,103,-27,71,75,103,93,-50,28,-18,92,-33,16,-26,32.22,122,69.41,-20.45,77,131,40,25,32.69,22.7,9.51,53.03,37,43.62,55.85,1.38,110,101,141,104,61
60,17.37,3.09,22,-17.67,63,73.49,66.13,-15.75,-17.04,-47,9.56,-7.32,-21,76,-23,124,140,46.4,-16.26,115,65,96,49,20.54,149,140,-23.6,77,2.99,28,42,45.29,-34,49,139,-25,33.01,-13,75
-31,-24,19,9,85,145,56,31,39.31,64.19,17.07,115,132,-19,71.94,51,37.94,16,149,-7.05,-1.67,16.46,-22,-6,3,7,68,87,136,-21.64,-8.87,73,35.39,142,-49,53,137,143,22,5.14
71.39,19.5,-23.61,66.21,90,59,8.45,18,28.14,-23.23,-8.55,29.44,13.08,20.4,63.09,121,18.91,-24,-44,53,-20.93,14.51,34,115,98,7,8.47,23.1,78,51,62.13,-20,5,90,29,-6.99,147,142,146,26
131,79,-8.09,77,17.46,98,149,88,-6.48,37,142,72,54,16,-24.74,66,119,149,-34,82,-16,-30,65,3,75,50,-3,2,77,-18,32,47,32.2,28.18,144,-3,16.28,40,29,-45
-46,-20.01,64,8.93,64.61,56.46,73.96,48,48,10.73,34,57,104,20,146,-41,127,27,-23.61,91,51.26,-48,42,33,128,39.08,57.98,16.53,65,69.5,-30,11.79,140,-37,53.63,5,44,48,-34,16.02
144,58,61.82,-2,56.61,144,68.91,115,62.02,147,49,15,52,58.24,113,131,-48,24,-4.51,73.35,-4,42.83,-7,140,73.85,20.13,47.29,133,33,5,59.84,2.08,-38,30.13,4.18,63.13,-13,44.82,43,67
57.28,87,-17.58,24.57,67,50,-11.7,-29,99,-3.42,79,116,3,-45,80,145,44.04,30.8,19,67.31,62.63,25,68.98,35.69,41.22,130,-2.57,149,64.52,-15.14,35,130,-13.19,0,85,62.42,48,-38,3,-26
69.59,-31,25.37,64,66,89,54,38.56,-21.92,119,67,49.94,33.27,25,37,39.85,33.75,9,41,-15.71,12,120,-2.06,25.2,-6.9,-16.17,-23.87,131,-39,52,-30,11,11,49,2.52,20.3,-45,-10.24,-3.26,34.74
-8,35,44.2,-49,-37,10,61.68,53,18.43,-21,60,-2,7,-7,58.68,41.65,45,28.3,63.53,19.22,71,44.82,123,-10,126,-19.88,-4,74.77,149,140,-10,27,-13.41,125,-3,24.15,90,51,-24.46,70
-24,-5,106,11,43,30.74,-26,12,-37,119,116,-21.7,93,107,8,-10.68,10.98,15.66,64.22,31,12.98,97,73,36,-26,68.69,40.25,-24.15,74,25.36,48.39,7.14,116,11.49,-17.76,47.9,-27,74.94,74.21,61.34
95,135,117,50,-37,120,127,-18,59.44,67.88,-42,-40,9.08,44,71.46,7,147,18.7,29,141,-16,130,38.18,133,56.26,140,142,50.41,94,8,52,-44,38,94,-9,82,-22.6,34.03,27.8,123
33,4,61,52,-48,-50,77,10,-30,115,34.08,28,50.86,-24.21,141,29,83,13,20.93,15,142,54,37,79,130,8.19,40,-6.9,63.19,-9,61,40,-1.74,4,84,64.17,124,-42,-44,-6.97
19.5,-38,77,49,3,45,21.99,-15.73,32.58,76,36.26,126,-2.9,42,11.52,77,127,114,28,59.86,64,61,59.6,144,136,133,78,-6,-0.69,61.47,29.76,-17.82,94,108,149,12.08,78,-26,50.91,105
77,3,8,-4.35,48.72,143,8,19,128,50,12.24,98,68.53,3.79,26.15,39,99,67,45,-18.39,-46,134,74.75,6,49.78,26,71.09,-21.16,42,51.92,-17.68,87,22,1,101,81,62.03,74,-13,18
137,53,123,148,93,40,53.35,63.87,-11.74,86,34.48,31,-10.39,21,124,10.57,-13.85,99,42,-20.45,-40,47.48,22,-8,-33,76,31,147,145,40.99,-6.93,-6,5.46,140,140,12,42,-13,58.51,49
58,41,42.99,36.37,56.91,36.89,-8.4,-6.2,1.63,-22.82,62.18,126,-2,-45,44,21.6,-18.46,32.04,148,76,-3,42,65,59.73,9.73,64.35,21,100,-0.22,145,-0.06,123,124,26.39,-13,12.14,16,108,5.8,39
72,140,60.5,22.19,-47,54.14,-48,71.7,65,71,-6.71,13,122,28.26,137,57,25.73,-12.41,79,-21,53.47,73.68,63.22,-20,-12.72,91,8,1,82,-33,36.79,14.94,73.72,141,53.81,59,134,24.97,21.8,106
137,110,8.25,-0.39,-14,31.92,-21.46,48,25.59,-2.29,52.58,-8,-17,139,56.2,-10.76,-27,71,96,65.8,12.3,-14.39,2.22,119,30.58,8,-17,-4,18,-27,101,147,68.58,43,38.83,11,3.6,62.5,100,31
-28,95,82,95,74.19,13.3,15,-5.34,53.91,20.67,1,-47,14.51,-4,29,52.92,15.46,57.29,23.95,28,-21.97,-13,72,25.26,12.36,-17.61,85,45.13,64.55,92,-47,26,100,40,57.64,-22.68,49,58,117,-9
54,-32,15.57,-23,112,1,32.3,51.04,113,-19.87,-7,22.88,82,133,68.45,14.58,139,35,4,86,38.69,139,57.32,1.61,50,7.67,69.88,80,20,1,130,-1,-18.86,35,14,-12,-2.07,122,57.59,-9.65
130,-12,61.64,133,67.19,75,61,38.09,38,12.53,16.2,-49,9,-50,120,139,42.64,15,120,58,41,74.48,136,3.05,4,93,3.71,-4.19,16.35,3,45.06,144,71.38,-31,15,-5.65,101,130,-34,82
2.01,-5.4,-7,-5.46,-19.78,-23.78,-12.53,-29,34.01,-19.94,82,87,79,4.4,53.6,124,109,148,-1,147,134,78,49.29,59.7,17.05,48.79,-37,68.69,56.5,64.5,27.09,49,131,-40,17.6,30,47.99,1.93,114,34
33.29,87,105,83,57,12.96,33,10,107,71.82,9,56.29,-48,-33,6,40.34,11,47.86,26.64,125,-27,87,45.14,78,58,-34,106,83,60.99,52.91,-11.84,-9.61,14.57,-44,33.95,-47,-12.54,120,-39,6
76,-29,15,101,38.82,50.34,12.99,47,44,72.39,45.07,41.51,-24,-24,40,91,128,13,138,105,60.31,47,5.79,23.86,-12,-41,40,104,149,106,36.04,37.74,-2.91,74,76,49,69.16,33,-7.81,77
-7,-29,-1,74.33,75,137,9,64,116,68.23,26,130,50.06,-6,-46,86,42,-1.87,144,-39,73,-16.65,112,12,-37,79,19.03,82,115,34.07,79,-47,86,64.8,0,-14.22,102,89,108,104
17,93,-1.21,6.56,7.05,39,28.93,-21.49,148,5,93,115,60.04,58.62,27,-27,43.79,60,59,84,62,130,67,-3.74,-6.09,25,103,22.89,29.16,44.25,55,92,-42,57,57.35,59,26.26,-22.98,31.71,112
33,39,44.29,-3.32,22.66,131,43,-27,149,-9,-43,129,90,-15.15,19.83,106,129,103,60.67,8,93,49.41,-20,62,39.48,62,53.03,-31,-39,31.56,81,-2.17,136,43.49,70,25,103,69,-16.07,16
90,51,59.06,-3,38.5,88,113,42.33,58.97,-46,-42,9.95,22,-34,-48,106,95,74,111,46.09,1.61,43.52,107,22.21,47,-19.24,4.77,-34,36,57.41,30,62,79,10,73.41,-21,0,42,-38,137
59,93,-47,-18.09,68,93,28,-14.49,116,138,-48,56,16.54,-17,-1.99,73,93,70,90,136,36.08,25,14,84,10.81,-48,-30,56.32,50,89,42.34,54,42.99,36,35,-20,113,134,60,11.58
4.5,0.68,-22,-47,-19,63,28,25,57.64,141,13.29,91,47.33,57.4,44.6,34,76,1,6.27,31.38,124,18.99,-5,-45,93,-6.52,16,114,62.13,-27,62,52.27,5,61,-28,57.49,-45,5,-15,124
60.11,35.53,41,68.23,-3.35,-16,2.66,-4,62,41.51,31,-18,34.44,85,4.82,37,11.61,12.58,149,-9.08,21.45,123,39,-8,115,71.58,2.22,4,-2.42,20.87,64,74.43,53.83,72.97,-15.94,-36,143,11,146,-7
-10.99,-22,55.1,-18.17,59,41.91,4,38.8,53,148,28,-11,31,-1,59.46,-13,50,65.53,-16,27,111,13.62,8.17,28.87,23.95,44.81,36,-43,104,31.9,7.21,88,17,46,124,-26,67,33,-3.21,36.44
-21,65,-17,-1.54,142,77,68,69.95,-41,-32,-44,149,41,138,68,111,-3,69.9,27,36.64,62.58,51.9,-40,135,128,83,45,60.46,30.67,-8.71,-37,59.92,62,96,-16.65,68,1,13,17.46,-13
-50,52.23,125,76,21,65,1.54,19.59,35.49,41.82,83,58.51,77,-7.63,43.69,7.28,80,-34,-28,-19,117,-31,24,-21,-7,-7.2,56.34,20.5,35,40,119,9,-27,-24.43,21.62,8.62,120,-35,58.31,138
74,-2.64,51.18,66.32,33.35,5.86,-20,16.29,117,-4.02,30,54,103,102,107,5.46,61,4.62,86,6,6,-7,-48,37,-6.07,136,149,16.69,13,-13,-15,65.7,7.5,28.26,60.82,56.3,140,-37,131,3
34.4,-12.45,-20.83,147,140,143,-42,94,20.07,36.15,4,31.78,45.56,43.38,-32,-23,73,112,50,115,19.98,136,120,7.28,21.29,22,40.86,17,52.9,74.73,88,57.7,136,62,14.46,66,-15,48,28,-24
16.62,27,6.22,-23,7.42,110,67,12.55,5.3,63,114,-4,131,70,62,83,-10,110,38,61.32,-22,100,53,74.52,88,-5,61,3,-9.98,-9,49.93,26.82,-49,120,115,108,-50,-50,-8,48.42
93,-24.04,-10,10,35.89,28,69.12,-42,131,106,103,111,143,123,17.94,149,-32,106,3.52,146,35.92,49.81,55,18,-0.65,108,7,50.16,-7.71,26,44,114,2,6.61,129,5.75,83,-7.99,43,49
-1,65,48,99,-38,59,83,2.32,-12,11.75,19.7,-5,130,24,52.67,117,39,35,36.25,4.19,59,-21.07,144,-30,-20.56,143,-1.17,87,-18.67,56,-13,74.35,61.58,-18.35,37.94,46.23,61,73,53.81,21.99
110,-29,-15.09,119,33.86,77,29.07,118,-17.14,21,94,-25,68,15.65,49,69.43,27.13,129,108,-5,46.4,43,55.73,144,58,44.53,-36,93,11.27,85,5.42,3,54.3,-4.62,120,11.88,22.56,14.75,-27,-50
-49,22.92,20,143,42.78,-17,36.23,71.9,128,53.2,140,149,127,28,-18,80,2.73,48.68,35.01,-36,8.15,54.66,66.97,123,63.35,35.44,67,-10.29,96,8,29.22,71.03,91,41,42.14,-11.48,39,13.96,8.37,88
43.23,139,134,-46,39.89,46.65,69.14,87,62.32,49,-48,30.21,-27,144,27.9,18.16,71,135,14,72.91,17,72.18,72,34,-14,16.44,27.96,97,51.24,-22.17,47,81,53.4,123,-24.41,19.75,-33,-4,-38,8
-16.7,62.09,-6.27,70.52,12,59.68,131,-26,-46,41.12,-45,-12.19,52.31,47.77,-47,141,68.92,68.42,-32,-29,-8,-39,138,-40,4,-17,75,32,57.85,66.54,41.72,19,-32,51,144,-39,66.31,99,5.79,-17
69,118,8,49,2.16,54.57,29.61,110,122,90,148,29.01,4,-16.76,106,54,50.77,16.54,29,0.42,-20.2,-38,57.49,51,36,-49,138,109,17.79,64,-4,44,71,38,91,12,42,50.17,118,48.2
131,27,1.37,37,148,33,-44,83,22.87,-11.23,-43,-21,2,22,23,110,18,104,88,141,-7.99,24,59.02,38.67,-1,60,105,103,12,-31,22,22,-3.55,58.25,-10.26,-17,-12.49,36.36,94,-23.12
-27,4.04,29.98,26.91,49.58,116,63.66,121,98,-8.81,17.17,-22.85,-2.88,37,54.58,134,38.05,30,58,124,100,17,57.03,-26,116,-21,6.29,56,3,21.51,82,-50,138,61,8,91,131,103,99,35.68
28.59,113,104,131,3,45.89,48.95,-9.86,81,5.38,-31,18.8,-38,122,-7.42,7.78,144,-36,12.6,111,-1.05,7.82,84,130,-6.57,60.02,-8,31,33.4,44.05,127,36,142,117,0,-20.03,105,69,2.29,-5.26
-24.86,5.96,122,92,51.52,35,1,-22,79,48.44,-21,-2,6.93,97,148,95,3,-14,42,2,64.27,-17.05,-30,51,37,-45,13,90,70,10,26.99,74.55,109,-33,-9,73.54,-10.02,52.72,102,141
63,34.06,-22.49,131,-33,-19.64,42.18,14.02,48.98,98,-20,15.83,55.84,17.55,20.1,-20.69,55.49,35.67,26,118,17,-3.64,30.36,-0.29,60,29.01,-12,73,73,28.43,42,148,10.74,10.37,-7,19.55,-16.48,124,137,91
11.98,44,-32,-22,107,71.14,-4.55,68.17,62,-20,-6.85,75,-15,6,73,100,138,79,68,39.32,61.81,88,15,81,22.56,32.83,5.57,-12.06,88,-12.65,-12.74,46,47.29,27.12,64.28,-21.58,-39,-37,41,-16.09
132,102,135,31.12,91,24,92,69.04,32,-22.07,-1,72,66.97,10.29,-6,37.1,108,-28,-3,17,-42,-32,71.97,-3.23,16,56,48.35,38.85,-5,-2.6,64,93,-6,91,15.85,-4,-16,-23.35,73.4,1
25.84,27.27,65,10.3,41,12.29,20,24.33,53.73,-6,1,7,100,-22.68,125,95,6,23.93,57,-9,-45,90,121,-20,27,-17.73,38.62,28,-3.99,0.81,71,39.62,60.43,29,80,16.01,123,6.22,0.73,63
-9.6,87,-17.69,132,105,143,131,23.21,11.28,82,87,85,70.45,-2.91,27.69,-29,44.19,129,36.28,0.93,21.93,74,27,91,129,16,65,23.08,-36,101,51,-10,20.91,8,115,86,-36,43,0.68,147
-21.85,31.39,-35,128,49.87,78,38.19,-19,9.63,26.62,2,39.63,-15.28,25,73,77,137,-49,118,73.31,12.45,147,10.18,26,131,-45,104,52,121,-19,-31,50,68,72.53,61.66,25.87,67.37,81,-32,13
-25,-16,56.54,-28,136,66.85,26.29,-9.84,66.29,144,-7,46.46,115,-48,52,101,-1,57,14.75,14.61,46,68,-36,-9,8,112,72.46,60.85,16.52,11.1,21.47,71,-39,76,14.69,41,130,67.88,-15,-42
-38,68.45,133,-25,16.27,16,-27,-33,29.21,29,-50,61.73,121,60.85,-13.86,83,147,72,58.75,37,20,-38,22,-23.87,2,-17.44,59.05,-31,46.2,94,55.98,100,34.44,59.78,42,68,-25,-19,-38,-27
35,-48,26,134,-40,124,39,10.27,15.37,-6.51,104,3.52,74,40,-33,-24.07,61,45,50,80,82,7.87,56.46,40.11,148,141,6,149,18.26,145,115,-39,-9.07,99,33,-21.05,73,2.38,-17.8,45
37.83,18.39,-16,78,68.62,-1.65,48.22,41,28,1,31.52,115,43.34,28,14.01,50,77,1,43.28,134,-24,31,120,12,137,-45,134,-37,119,66.73,63.39,-11.79,51.32,135,-41,-15.52,99,64,117,-41
-17.17,80,17,149,128,50.4,42.58,-16.27,131,29,-12.66,95,63.63,81,26,32.82,9.55,81,99,126,47.37,82,31,65,127,128,49.98,124,112,-15.75,143,29,-23,28.48,60.32,147,-10,45.4,119,36
16,62.61,-2.12,-7.01,-20.62,36.22,-31,135,55.03,63,-12.63,42,104,9,-17.23,47,40.55,33.17,106,100,56,78,71.59,28.91,44.36,40.05,120,130,102,10.15,-11,72,-20.36,74,-14.57,1.78,35,36.41,59.78,65
4,3,8.03,13.41,28.84,62.58,-9,26.47,63.51,24.84,76,9.93,67.95,-24.79,148,2,100,8.66,4,61.52,-17,51.54,9.64,145,53,87,-32,45.94,5.64,-13,-36,91,9,146,-48,112,25,99,-13.81,92
46,49.27,15.91,22.16,108,53.01,74,4.54,26.43,-16.37,4.37,11,19.61,34,28,124,-28,58.06,78,50,41,-4.53,72,31,12.5,34,33,110,-20.61,145,53.67,29.19,14.69,22.11,113,14,-5,3.04,145,65.37
147,59,15,-2.19,-11,-27,27.74,-19.01,-15.21,10.25,44.67,136,-5.79,97,21.68,67,-18.03,71,70.98,2,38.25,-10,63,-12.08,52.62,-14.71,53,8.75,89,48,37.18,72,49,133,38,-24.1,-12,-43,71.41,53.34
89,148,10,-33,-13.02,41.17,106,-5,43,4,54,109,131,99,-11.1,47.51,-46,-24.91,9.1,25.94,50.41,7.08,30.35,-16,140,-8,19.59,55,58.11,117,58.1,9,139,63.08,-13,109,54,14.37,73.44,-9
48.91,73.59,92,38,33,22,24.92,24,109,50.76,65.65,15.49,59,94,71.99,7,103,58,10.25,32,19.45,72,-0.3,136,-17,9,146,41,-45,57.71,-10.49,27,-23,56,37.54,71,99,-24,31,66
102,45.18,50,69.72,90,26.76,130,27,13,50,66,19,110,37.29,129,138,54,55,145,134,120,2.73,31,56.94,-5.67,149,-14.82,50.02,75,25.2,26.22,9,9.62,16.07,11,35,35,24.44,9.79,-21.91
-36,-24.01,69,28.19,45.3,-33,36.37,-10.48,86,4.74,-25,53.98,-9,107,1,3.5,74.46,-8,-20,-28,56.36,-15.61,2,58.57,74,104,129,35,29.81,16.16,0,0.42,-13.71,77,41.28,135,23,75,28.44,0.51
28.31,115,114,2.2,-13,-19,-0.39,24.07,55.52,-11,49.16,74.41,-38,-17,54.87,-17,-45,98,31,70,20.51,20,87,-11.97,47.3,4,-24,-6.14,11,121,16,136,16,111,21.31,-44,131,134,94,-13.67
22,136,9.9,12.45,-17.99,28.2,128,65,107,-15,-18.61,-46,-47,136,-8.09,65,39.35,-24.54,22.63,53,138,-20,131,33,-49,49.25,144,29.58,10.32,117,60,-2,22.93,-41,43,-23,-2,59.74,42.47,-14
44.97,122,-23,132,8.47,76,47.98,-14.67,13,38.93,18,109,16.59,9.17,42.77,27,147,36.67,-13.8,-21.48,104,104,57.4,1,42.26,110,12.56,105,-37,-5,15.26,-42,19,38.85,31.11,17,31,-38,-20.83,29
-36,4.19,37.89,45,-7.52,115,116,-13,51,62.72,-47,67.49,69,37.04,71.71,56.54,6.4,-13,44,16,-10,-25,70,-45,94,38.15,94,95,103,66.93,118,45.02,38,11.29,-22.27,92,108,63,58.6,55
-21.96,54.84,29.8,124,113,-17,50,3.01,71.3,58.44,80,50.96,53.4,77,57.6,-9.03,62,34.73,66.94,68,7,45,0.01,94,26.29,5,82,47,7.24,65,-17,-10.95,-46,9.31,68.6,55.76,56.4,21.14,98,-42
106,65.51,128,9.52,108,3.59,123,-24.39,-17,-5.41,-45,35.24,51.17,-28,88,20.95,96,60.49,-22,4.42,-40,34.78,26.43,25.98,68,4.28,21.81,-16.09,138,33.06,56,-13,38.02,125,43,57.79,48,-15,73,-33
-33,57.21,77,92,62.99,32,-21.23,55,12.62,31,0,147,8,113,-30,12,138,49.87,70,-35,8.06,26.8,-33,110,45.17,17.86,-25,8.6,-8.83,29.34,31,123,-14.4,39,98,-13.79,23.53,0.08,136,-2.67
42.67,55.78,100,74.24,1.04,-28,-4,144,97,47.56,87,7.04,91,-14.95,-13.04,137,35.31,45.33,4.51,71.06,35,113,-24.86,25.64,-37,-3.94,81,8.11,109,-34,37,116,78,69,65,-7.83,126,54.63,-24.2,90
15,34.33,13.37,38,-18,51.33,-13.73,41,-7.98,35,-33,0.52,130,98,5.89,37,5,70,59.41,87,65,127,138,32.44,-9.75,88,110,-45,17,41.33,3.78,117,118,3.94,69.01,-37,-7.82,76,43,-33
40,12.08,-36,55,25,144,-16,-8.14,-19.53,119,-21.22,73,57.85,4.48,35,-24.96,13,97,-7,131,127,-18,0,-11,56,-45,45,133,-46,-17,-15,-12,44,123,-24,84,-21.17,42.53,-19,68
30.87,15.64,53,-11,-38,79,-22.81,-30,86,41.4,98,12.51,-31,63.14,61,17.73,69.91,27.25,16.48,1.12,-4.08,0,65,9,9,7.1,5.17,18.39,34.88,27.94,97,103,58.98,32.35,68.14,-8.37,-42,42,114,101
15.77,37.9,2.92,137,-30,125,45,95,26,2,93,58.42,40.44,65,95,143,-9,63,73.28,6.97,12.87,70,-25,106,22,19.13,114,17,142,27.73,125,149,-37,-11.98,74,20,35,65.65,6.73,-7.16
8,-50,88,13.02,69.28,72.05,2.9,-35,102,60,20.39,59,32.63,8.68,10.13,18.31,58,50.57,32.66,-9,68.29,71.06,90,33,124,27.64,-4.35,42,-21.05,-26,34.45,15.17,121,113,122,19,122,49.65,-32,49.69
92,35.09,-5,35.1,15,-20.08,48.46,62.58,34,95,18.32,68.23,-19,52,10.66,-15.09,86,19,135,17.24,-4,45,18.53,88,-6.65,-37,35.72,-4.83,24.24,-35,149,145,14.57,-8.6,149,19.21,-17,77,18.36,-23.72
143,10,19.51,122,52.25,4.6,-7.39,24.37,-4.34,136,64.35,54.63,-8,-9,8.93,-18.89,68.34,58,-39,16,-12,-1,-7.25,-16.86,76,37,31,-40,87,19,54.08,103,64.54,37,20.47,-9.86,73,133,48.24,100
11,56.28,32.89,6.27,54.16,41.65,51,67.19,13.99,-43,61,-14,-2.7,11.67,99,-12.45,41.9,-2,65,-7,65.28,12,-46,32.67,11,71.7,48.83,37.11,95,5,64.88,135,39.2,36,114,143,-14.18,61.92,-18.29,-22.66
36.8,-1.5,48,-16.18,-46,-41,49.36,-7.97,-9.68,-24.97,58.71,140,44.51,88,82,34,26.01,49.99,88,63.64,19.64,136,53,45,100,45,-25,147,62,-0.39,75,27,-9,44,-4,9.46,127,43.45,4,144
27.16,-6.24,-19,136,136,62.26,22,41,-16.83,-20.13,141,-22.9,25,62,28,53.03,-31,15,-17,56.25,-24.18,-8,78,63,-27,81,40.88,93,-33,124,59,60.12,148,58,139,-0.23,61,75,3,23
40,55,125,128,27.33,66.12,132,63,69,18,64.3,89,105,-14.03,36.66,145,98,10.97,13,-20.02,-42,-14.34,94,130,26,3,103,-36,-14.7,10,40,8,22.36,18.5,-2,60.53,96,85,146,33.93
-17,65,10,120,55,-15,81,61,32.22,-1,1,26,23.04,42.15,11.59,86,146,55.67,7,41.26,40.07,73,67,25.67,-17,11,91,-36,-19.62,2.23,25.35,32.12,45,36.01,-0.46,70,6,42,116,134
64,32.88,39.22,136,7.75,124,-24,98,29,12.56,132,-44,65,44,6,136,67.38,42,93,117,85,149,71,-4,15,20.5,12.39,-31,53,82,45.93,-8,12.97,-25,18,57.65,18.04,33,18,30
56.11,58.12,36.21,-24.37,66,-46,7,144,74,3.43,8.7,-49,128,-25,51.55,69.16,-22.77,11,6,23.38,-8.2,38,89,11,-32,26.85,119,65,-11,82,44.2,27,35,82,40,62,-49,17.61,-8.91,-13.67
-0.92,-5.32,-11.23,31.78,64.25,-49,41.97,111,-38,-46,-41,-21,5.93,4,48.08,69,41,8.73,71,84,11,56,39,10,87,131,23,-20,12.36,47.76,49.61,-44,29,23,51.96,2.38,10.12,71,-15.31,59.56
-17.5,32.29,32,34.14,2.88,100,-28,43,113,74,58,15,117,5.56,29.02,120,37,-43,31,123,-34,-6,140,4,55,28,43,74,89,-22,-34,17.28,67.24,16,90,28,57.26,61,121,103
-21.69,8,25,-29,1.27,30.03,91,-10.94,51,106,-28,55.74,-1.8,18,36.55,-39,90,69,2.39,-7.08,55,-50,-12.28,81,40.56,123,-18.18,26.09,37,-31,40.8,83,37,138,33,-19,144,45,-9.59,89
46,66.4,37,100,4,13.56,73,72,72.16,-9.36,49.17,-49,148,67.77,77,69,130,135,37.86,-5,37.14,77,133,-9,-22.21,141,6.3,65,51.98,20.74,29.69,49.19,-44,93,60,49.55,15.76,133,-17,36.77
95,-9,15.74,-0.22,65.1,88,115,123,42.09,-0.06,-43,125,51,-11,-23.81,50.66,98,-33,120,53,78,33,33,41,1.33,35.17,10,126,68,72,57,84,64.37,-21.85,143,-24.33,111,56,24,2.2
69,-11.37,66,-15.34,17.72,102,37,-17,99,-24,32.1,44.48,45.54,141,6.28,27.72,23,-3.32,-17.21,44,-1.68,-15,-4,57,-10,-17.69,39,-0.4,-6,41.66,58,-47,-1,-10,9.22,-10,-48,78,32,3.68
-19.61,49.22,149,30.52,48.81,140,-29,58,93,56,36.61,-18,-18.95,-25,125,-9.43,-26,118,-21,-13.59,16,85,29,-7.56,34.43,-49,-5.33,71,14,77,68.43,-48,45.94,13,126,-10,15.33,65,35,128
9,-13,74.95,57,-5.81,9.43,36,149,126,-11.62,62,-3.73,50,-35,-8,38,146,-22,22.49,-5.34,-13,58.16,61,-14,-21,28,12.97,52,-48,111,-17,-49,55.74,74.93,144,47.83,99,60,-3.13,15.3
2.43,-19,3,-3.41,11.95,-46,21.25,87,64,80,-33,10,72.28,30.07,133,148,30,34.21,24.91,-23,60.3,34.34,19.07,125,41.17,-27,61,3,-30,52,-7,-17.39,78,-40,25.24,137,35.13,-18,4.27,72.97
11.47,-12,36.53,-7,52.16,37,55,55.39,68,38,14,-9.64,56.12,-2.37,45.52,121,21,9.61,-19,23,-5.7,-16.55,93,72.58,79,10.24,-19,-30,82,-21,74,59.2,-17,37.06,93,74,25.38,51.33,65.18,-19.47
11.1,100,-43,48.81,-31,-15.52,103,67.44,138,21.38,3,30.84,-10.81,44,12,88,32,-31,74.68,2.21,-14.96,-46,20,57,131,147,46,59.97,73.05,-18.7,33.53,4,25.21,28.85,26.82,36.35,133,8,68.43,-12
-13.54,46,128,39.46,68,69.56,133,4.04,16,18,42,62.12,45,144,-1.39,60.87,49,-15,130,75,61,30.92,-33,-42,113,-5,-2.47,-49,21,142,60.21,36.31,93,-15.48,-1,68.89,-6.3,-14,65,124
2,6.74,-17.91,23,-30,5.53,-23,-8,67.16,104,-38,129,54.39,125,27,-2.63,65.52,50.01,22,129,54.18,-8,-5,47.89,146,50.52,128,11,50.33,8.91,-17.64,-6,58,46.13,83,30,-15.65,55.04,0.6,17.7
51,-19.86,57.7,3.65,32.62,27,1.21,-15.94,112,26,25,145,121,85,-9.58,22.3,8,42,36.97,131,-18,38,-22.96,54,20,14,-23,42.92,-32,39.77,-5,73.42,-46,135,9,121,7,19.37,9,26
38,69,40,3,100,129,16,148,36,-13,6.83,125,10.23,-43,10.2,-4,66.48,10.48,145,59,23.54,115,60,6,53,-3.31,51,-14.94,-24.86,90,51.43,-29,69,51.85,51.06,57,143,47.14,44.44,73
-32,73.98,49.5,40,68,-33,68.53,134,4.29,10,4,-0.73,-9.43,31,-41,109,58.9,62.26,36.53,74.85,-14.14,125,55.81,-15.17,-9,77,30,93,103,-0.33,19.55,-26,143,22,-46,11.42,23,-25,38,135
54,-10.57,-22.92,47.86,-19.04,-5,53,-3,46.31,-48,147,34.95,27.8,-31,-6,15,-18.57,91,102,54,54,-19,55.83,30,43,34.21,13.85,30.51,56.45,-47,7,38,28.53,70.56,21,100,44.97,64.47,-13.69,36
74,-32,87,67.51,30.72,-12,7,38.62,148,35.95,15.62,34.22,125,111,149,29.76,-8,114,46.63,-24,29.42,20,3.76,40,14,41.63,91,37.07,53,146,73,27.34,-24,-9,92,-24,37.59,129,146,63.72
11,60.97,48,95,73,32,14,102,15,123,-24,48.98,4,41.53,11.34,-35,-35,74.91,11,-1,-29,39,64.93,138,39.94,142,-9,23.15,31.24,52.66,16.69,-18,9.26,-26,10.04,40.65,33,57,20.38,89
-12.63,37.96,-44,133,-14.69,8,44.28,76,64.28,-2.19,-19,48.9,-45,128,42.53,11,17,128,130,-11.1,41,13,48,59.19,72.3,29.67,-10.62,6.16,108,63.46,-19.56,96,105,-9.53,-1,-19,113,118,138,149
20.42,32,3,78,18.31,29.98,58,42.55,-44,7.82,17.67,40.04,69.33,-6.64,1.63,8,144,70,16.97,87,8.43,55.68,25,115,71.22,32,7,17.28,22.4,9.49,131,130,146,97,38,-35,-10.89,52.16,-17,69.17
139,-36,75,-17.4,56,-44,68.96,-28,53.98,113,18.49,38.14,5,-44,61,37,-6.63,145,7,74,12,15.46,16,44,56.77,-12.13,68.73,65,-3.95,-1.2,64.19,136,13,112,64.18,-10.9,3,63,105,-5.26
70.46,52.47,50.48,61.12,23.34,35,51.18,67.39,78,39,14,8.61,140,141,46.85,118,71,62,72,-27,31.31,28,-14,110,91,-16.09,24,-20.72,69,37.09,-9,0,52.8,74,115,98,54,107,38.44,20
8.35,-22.17,15.71,131,143,7,106,81,6.72,1,12.73,26,-40,145,-49,20.35,46,88,26,51,18.21,28.65,-11.77,-45,-6,-49,47,55,33.88,-18.34,91,141,18.48,52,10.59,93,42.84,8.79,71.85,69.51
38.24,-14,140,-11.23,-22.04,7,125,13,94,55.68,19.32,-14,75,78,-35,-30,3,28,40.39,-46,1.35,-47,33.77,3,-13.68,126,68.65,23,144,21.59,66,56,-37,140,131,-12.99,-6,66,97,57.11
135,48.66,-28,45,92,52,8,2.73,-2,25,75,93,57.94,60,-47,58.69,9,117,37.84,25.93,-45,-45,61,-17.59,-23.25,65,70,63.63,60.49,44,-47,118,42.78,8.34,60.63,61,58.94,37,-29,-21
34,22.86,2,125,-0.1,32.23,100,26.36,-20,11.34,68,80,24.81,52.93,56,64,-15.97,73.52,32.52,24,21.04,72.3,10.91,66,43,-14.04,37.62,63.37,-3.78,62.42,32,23,83,-21,-20.47,32.38,-0.03,53,52,8.02
35.06,123,57,25.12,7,44,63,-30,-1.36,33.83,89,98,32,35,84,130,-20,3.09,-3.28,53.86,126,79,127,37.21,37.32,66.47,58,7.4,-14,136,127,-49,75,126,146,-14.31,32,34,120,64.03
-39,13,81,-23.06,52,48,51.71,-4,-28,104,48.11,-24.51,-2,-21.18,-9.88,125,50,-47,148,131,43,-47,7,3.84,78,12.57,47.75,-5,139,-12,21.75,88,21,109,-13.98,51.38,65,-21.8,111,131
16.71,66,65,-36,30,-21,23.72,-20.76,33.19,3,-28,77,23,43,23.17,40.34,-32,22,39,-10,94,29,5.5,-50,62.72,33.05,-6.17,-14.5,10.51,49,61.5,54.43,43,69.3,-44,-8,36.02,17.48,-22.97,-47
-4,31,-41,72.07,17.23,-29,21.75,-8,33.91,14.46,70.06,-26,14.55,-36,91,81,39.24,132,-21,102,6,-11.78,45.02,-40,8.93,69.58,-33,87,70.65,62,101,111,119,8.64,9.93,-37,135,-50,17,-5
-18.97,39,44,105,120,95,-20.17,45,13.27,16.14,33,61.95,11.38,-23,31,-22.1,39,3.49,18.84,18.06,-6.5,-13,36.79,11,34.32,43,55,52,26,16.27,51.28,14.23,35.96,-23.96,14.22,97,4,110,132,30.67
41.2,43,14,6.51,15.57,-0.62,126,64.13,-23,36,-11,93,77,10,41.32,37,81,9.56,31,140,73.78,39.08,58.24,-4.65,1.61,38,32,-22,29,20.88,29,60,-15.59,5,-42,23.4,49.14,66.11,23,115
4.56,-0.08,58.7,-23.23,-10.74,76,-28,126,-11,135,65,74.23,22.67,26.41,71.77,-23.38,38,18.4,41.29,-48,20,20,63.77,-9,106,53,-0.13,44,-5.12,9,-15.56,43,43.58,33.17,126,-38,78,141,13,82
75,20.1,71.51,7,0,122,0.9,62.3,18,19.19,-1.68,2.83,43,16.2,11.12,48,121,81,144,46,132,23.81,-33,-17.43,94,16,123,95,115,-4.51,106,46.07,66,-10,-16,-45,69,76,17,-14.77
120,77,-32,49,6,34.09,122,74,23,60.04,145,-15,35.45,40,43.63,12,-18.59,14.45,-18.76,-43,32,22.01,147,-11.4,16.11,65.5,-2.07,8.13,54,85,-2,40.76,120,18.92,98,-18,18.9,-25,4.8,76
104,-16,17.9,61.2,71.28,-10,3.04,-14.54,146,14.02,49,17,2.77,31.95,73.57,-49,31,118,86,34,3.46,-8.8,109,21.31,-16,-4,-50,26,48.2,53,42.83,133,-21.63,17,2,-13,47.42,3.04,136,30.21
142,-2.53,66.29,97,128,23.29,143,-22.57,18,53,73,83,-19.37,133,70,85,67.86,82,33,66.19,146,-23,16,115,39,59,23,132,65.09,74.64,20.03,-17,27.21,114,138,6.68,-22,17.14,11.19,-7.27
52.95,32.86,77,65,64,71.3,13.52,52.58,126,13.39,74.34,107,59,78,-24,48.59,59,101,123,71,137,18.67,12,88,56,64,-25,43,28.63,69.79,0,149,25.33,-8,73.81,72,129,35,30,122
67.71,20.95,132,55.76,71,6.6,-22.61,122,93,-5,26.9,64,47,-16.86,55,35.77,74.82,23,-12.62,28,-28,-22.01,-38,76,64.49,16.82,47,9,49.93,68.7,63.54,-5,88,49.23,-19,18,82,29.35,-33,-48
79,4,2,86,121,18,2.24,-17.45,-3.04,35.4,41.42,67,-22.75,67.32,-22.14,41.49,3.87,36,112,37.45,4,14.29,-29,60.47,53,-17.81,55.21,122,20.7,4.91,26.41,45.37,17,15,138,18,-17.01,54,132,64
55,63.85,-4,-5.11,9.34,145,31,148,2.62,57.02,17.03,-32,8.47,-33,144,14,122,-19.67,7,59.12,43,29,-29,-23,3.6,-8.02,22.47,58.47,8.85,-1.31,23.26,14.31,-13,103,-3.27,90,-36,26,82,104
87,61.21,-43,119,57.81,109,131,11.06,60.09,-4,-22,118,-50,-9.97,44,115,47.59,62,-32,8.89,40.52,55,97,69.59,-6.78,108,62.16,-17.8,73.7,58.72,65.45,-25,13.19,-50,104,46,51.43,115,-2,98
136,-4.32,140,117,109,48,89,139,64,-12.56,-14,85,-36,47,73,-32,149,148,63.82,-6,131,-5.38,27,49,70.16,97,47.55,16,47.62,84,-18,52,41,73.8,109,8.49,23.78,34,138,73
15.63,49.75,-34,16.91,61,-32,37.96,91,49.74,136,-23.23,29.43,121,51.06,35.8,44.11,123,50.26,39.42,145,10.6,98,25.04,10,42,-19,1,100,68,-32,-3,28.12,93,-12.71,36,38.91,82,34.19,32.93,0.2
126,19.43,35,73.26,15,58,69.38,55,-48,58.66,19,24.64,42.78,5.3,54.1,65.27,12.89,21,145,110,145,143,61.49,35,-40,85,-27,31.04,92,30.53,36,42,118,72.82,-22,23,44,116,46,139
69.92,21.59,1.25,56.8,139,-8.68,46,-6.86,40,126,-25,-22,112,63.61,44,-15,74.76,-15.87,65.17,59,-14,121,-10,25,26,60.9,10,-19.87,19.31,69.61,13.53,-10,-28,-6.21,20,135,28,-16.53,-11.67,-8.96
-15.83,26,-4,-15.86,4.28,60,38,-7,60.12,46,36.61,-11,-2.99,44,67,37.22,74.89,18.6,129,72.09,120,113,69,6.49,116,62,-13,53.93,138,1,-29,15.44,-17.42,28.04,73.68,73.42,-23.86,134,29,0
37,64.49,-23.75,52,131,-40,66.24,7,16.74,12.97,-28,-10.24,0.3,-20,-34,63.85,114,67.41,-16,76,36.28,60.57,141,-32,64.71,-41,-2.48,-11,70.14,140,27,-45,-41,109,17.19,-25,134,-2,-18.67,6.8
49.59,124,64,4,-17.4,-7,-4,-16.86,48.81,117,4,142,7.78,129,19,72.51,-23,2.9,50.74,43.92,68.63,4,79,61,21.34,57,24,149,28.13,-32,-18.63,60,-46,45.74,-36,42.48,52.73,101,90,-11
149,147,16.99,126,13.55,119,62.19,44,72.68,114,65.59,34.15,-2,42,-20,58,-5.8,41.61,116,44.64,-19.68,-36,25,39.47,63.31,96,92,120,15.04,11.75,17.06,33,29.33,14,-18,-48,45,106,-22,-22.07
148,92,51.58,45.46,122,5.93,-14,52,24,137,28,143,54.52,10.3,42.21,10,14,99,9.7,24,54.98,-16,10.92,-31,102,80,-35,15,144,24,58.38,47.72,71,107,-8.56,-14,66.49,14.43,105,41
-23.77,5.21,36,-34,41.01,45.18,65.94,-4,-12.47,7.73,47,104,73,-32,30,95,-24,122,-50,-19.6,79,2.92,4.52,4.42,52.06,13.27,4.46,40,-35,61.47,-23,-9.65,17,10.35,61.94,-46,40,-12.16,-16,25.53
1,38,64,-24,35.62,-48,4.51,90,42.51,49.65,60.55,35.8,-13.42,54,-3.07,-47,6,29,119,97,134,143,-12,-47,40.03,19,132,37,51.37,-11,59.92,12,61.69,137,-29,18.47,126,105,65.43,2.72
57,36.08,13.18,18.85,4.45,-8.04,120,69,54,71,58,-21.8,-23.87,-1.2,49.63,1,33.61,56.22,36.31,53,62.15,90,63,-6,117,-41,-18,52,133,-19,48.55,115,46.81,145,61.81,78,2.23,118,28.35,25
43.64,2,34.64,-18.66,26.92,113,53.14,46,60.92,-42,-14,31.56,138,-19,84,74,103,11.62,3.47,141,-29,0.27,-16,59,62.12,147,66.09,-1,-39,-36,139,61.26,64.29,0,12,132,55.6,14.33,102,-3
59.61,42,51.1,99,-50,8.4,61,110,58.52,46,46,69,53.81,-3.81,-36,75,2.57,-38,72,57.61,-12,99,56.23,52,122,-4.01,-11.94,136,58.17,15.39,67,28.26,20.57,142,26.13,112,60,32.29,33.37,31.37
60.78,-49,121,30,39,4,7.64,-24,69.87,37.77,-19.6,96,50,106,-4.56,-2.12,63,2,44,136,119,39.52,72,73.11,34,-24.43,36.52,34.54,15,-20,-9,42.61,69.38,-14.08,-12,38,127,4.17,-12,-38
62.35,-1.55,21.65,68,-15,106,72.98,67.68,75,-24,-36,147,-24.34,-1.14,59.36,25,45,1,147,98,76,113,5.61,123,50,-36,28,5.3,-46,6,46,-12.77,26,-34,65.45,0,90,124,92,7.78
134,43.94,49,52.16,32.06,32.68,54.54,26.15,18.17,24.31,114,-17,-8,48.53,10.67,68.03,71.85,-3.73,25,100,70,-21,22,30.88,-22,48,107,4.85,132,-36,35.32,41.73,120,106,63,-1.61,10,53.98,113,43
55,47.21,44,125,-9.13,-20.08,29.39,-33,63.15,59.57,-34,123,-18.29,-44,5,24,-9,8,41.35,27.91,-27,-22.9,87,47.43,76,-20.58,1,-49,43.34,65,54,28.04,33.67,99,32,48.91,-43,134,105,64
53.14,118,31.35,64,69.39,8,73.52,16,-22,-3.18,64.66,82,4,-14.84,17.96,69.79,94,-10,-7,40.91,115,60,52.81,125,74.91,85,-22,107,114,-36,71,18.53,-27,-2.41,24.04,40.62,-7.9,-41,53.71,48
99,105,29.88,107,32.78,62.52,73,-2.35,11,6,54.27,5.95,126,62.14,53.73,81,13.22,107,95,40,-2,10,3,42.59,8,8,-11.63,-19.74,-11,-37,8,136,85,1.52,0.04,131,70,39.32,-18.51,23.28
111,137,143,123,86,-24.64,37,8.47,1.59,18,147,62.08,106,-6,8,54,36,128,43.33,-22.21,149,-13,-16.26,-3,88,85,69,-6.31,0.22,57.12,14,55.72,32.48,-48,125,120,145,73,28,-46
148,113,62.8,-14,66.44,76,18.79,-48,147,82,49.48,86,64,1,-4.74,11.09,76,51,12.19,76,99,110,26,21,7,81,-14,118,74,13,118,-5.52,19,133,129,48,68,7,97,44
72.07,47.99,2,30,8,64.36,34,51,42.56,14.22,12.48,45.43,88,39.97,124,6.22,67.08,105,-8,-41,41,100,-9,57.66,62.35,-23.74,33.12,48.87,26.57,134,78,-27,93,103,-45,126,137,68.59,37.01,-37
87,23,46,10.8,70,121,-48,-11.39,17.46,-12,66.51,61.43,108,116,17,-10.8,41.93,45.82,101,129,44,3,82,-21,19.85,2.54,36.71,106,13.68,42.08,32.77,62,51,-8,26,1,2.69,57.01,45.53,85
-38,3.9,6,115,12.56,64.14,-33,41,28.14,82,48.37,64.97,17.07,96,-9,58,-18.31,-48,30.35,34,144,128,126,-3,-17,105,136,16,33.12,-23,36.92,49.14,-2.97,-17.6,-25,32,125,-10.83,-34,83
39.39,-19.27,-34,-11,9.22,8.31,147,89,22.76,73,-39,59.3,10.55,-20.64,-9.86,13,92,88,2,4.17,24,-1.51,8.7,24,17.25,42.14,-2,-20.88,31,146,39,145,52,72,-7.14,21,44,-38,-47,11.31
76,111,25.13,-6,49,-18,-30,57.38,117,-20,6,3.38,115,96,-35,60.56,100,30,121,11,134,52.42,-8,92,45.3,-42,63.88,131,118,32.5,-24,-21,16.71,134,147,28,142,57.5,-21.18,-4.54
0,-24.8,55,-9.79,65.91,52.13,-24,0.45,8.74,-25,48.26,44,144,82,29.33,75,99,34.01,138,-26,127,64,-4.32,44.66,39,29,110,92,58,-39,62.27,34.71,30.02,24.2,141,-12,39.74,-42,-42,22.89
-27,33,25.4,101,-2,26.76,65,10,61.37,-17,28,149,79,115,106,8,15.68,109,-3.83,48.54,73.39,95,145,-35,-30,49.21,100,73.4,36.37,40,-3,104,110,44.1,38.72,80,91,-0.75,-13,39.71
-17.84,-13.27,7,-31,37.94,18,43.61,4,56.62,0,34.79,133,71.1,26.48,63,85,-8.2,0.58,51.8,-4.59,-28,104,132,87,20,27,29.44,120,96,111,7.68,-8,61.03,-48,3.53,143,123,-8,-8.05,-45
-6.04,94,7.61,39,-31,43,107,40,35.22,4,41.21,-37,-15,108,103,61.5,147,47.12,8.93,71.03,-14,69,21.79,49,-16,-33,83,-37,27.83,119,68.02,90,73.17,55.71,68.68,32.77,131,126,25.89,60
64,-33,50.86,66.43,-2,149,111,19.33,129,-17,39,17.58,83,-5,100,48.06,-1,58,39,132,106,82,-49,87,-21,12,35.32,27.24,72.35,25.03,66,107,26,31,73,99,34.61,34.51,5.92,-28
-36,18.58,1.12,63.1,40.5,47.94,48,26,63.88,45.77,-14,53.09,62,-50,124,25,7,135,76,41,-12.14,62,44,-19,131,24,135,46.32,51.42,-24.6,48,-11.69,-34,33,21.4,-8,34.42,-31,77,35.46
65.78,134,4.49,142,-29,111,69.34,58,28.67,73,46.98,-6,61,23,7,67.11,23.81,53,-1.86,72.9,21.36,74.75,-17,67.9,81,58,101,136,94,-7,-18,8.73,0.72,130,14.43,-23.61,62.71,91,9,-12
13.37,126,-24.07,39,-14,115,92,4.57,7.55,-8.79,139,78,44,33.87,34.83,35.68,9,21,72,-4.77,109,8,107,1.78,66.64,24,84,59,69,87,31,55.96,72.54,62.82,21.32,33,-7.76,-9.36,40.79,55.83
75,96,57.43,-1,54.39,5,5.57,0.84,-36,71,69.22,92,-50,111,2.55,26.33,69.64,-42,103,4.88,-36,84,46.65,114,127,-1,-5,-47,36,82,16,149,58.04,66,40,59.09,17,11,-5.15,76
134,127,54.14,28.02,23.11,-14,147,35,82,127,-19,44.7,9,-17.61,36.5,-4,41.09,18.92,27,4,92,77,62.54,122,-46,41.23,38.17,-21.56,21,13,23.77,9,-13.84,-34,-12,63.83,-33,36.9,-43,17
-41,4.09,69.34,17.17,44.74,-9.42,-22.01,27,-29,59.64,1.65,7,73,32.72,27.02,99,3.2,73.48,130,1,-16,52.58,44.69,125,-40,134,69.93,88,-10.12,-12.51,40.83,35,39.53,-19,34.06,74,111,-18.67,-45,-39
2.07,45.4,47.54,49,13.64,118,-18.81,90,120,-2.36,47.55,-15,-5,17,-3,10.84,17,124,39.32,7.58,54.84,121,-3.63,105,-17,51.35,70,-37,56,17.03,61.84,-23.09,12,-49,36.33,113,12.29,25.91,8.91,-20.7
96,25,21.54,44.85,3,11,15.27,74.13,71.4,1.18,38.81,125,-24.41,65,-12,96,78,96,26.02,-23,-39,28,-22.35,-10,-34,-7.92,-21.38,55,140,59,96,72.17,100,34.46,-14,46.58,117,-36,6.53,143
46.06,18.44,34.1,111,33.86,54,-47,-26,-13.3,111,-25,54,41,69.24,29.88,28.34,74,-21,42.51,-35,31.43,120,21.22,-23,-9.61,7.16,137,63.72,80,-18,-41,16,120,145,88,58,-41,65.59,140,57
25.64,59,33.9,45.25,24.65,52.87,-24.53,-11,59.28,64,72,-22.93,22.49,-25,-16,11,61.16,73.73,-17.26,54,69,0.45,-11,14.07,40.47,135,122,9.23,126,40.54,12.78,143,33,-23,28.42,57.16,53,59.35,11,58.84
49.46,131,53,-8,138,-9,49,-21,-15,-33,148,-37,34,-45,71.56,-14,124,90,-17.98,61,0,-7.55,68,-6,68.07,41.18,17.25,54.42,-24,11.15,26.77,35,47,68.77,22.74,17,69,32,-42,68.22
7.79,-10.11,129,-3.05,55.4,8,-7.28,122,141,58,107,-17,117,33.65,6,-23,-17,28,44,85,56.23,6.59,27,7.33,112,89,118,-13,135,74,30,130,25.84,-20.73,114,107,116,134,144,7.22
-26,74.1,131,100,-8.13,-20,65.07,121,47.68,-43,72,42.32,70,67.37,34.87,15.72,-1,127,58,1,-10,65.66,104,41,40.61,-15,8.25,2.53,48,142,137,-11.63,-0.54,13.5,57.2,133,60,103,-32,-41
-17.48,146,46,132,-27,13,76,-42,-2.39,-13.29,59,56,106,70.25,77,99,125,105,-9.15,-17,105,95,-16,1.38,52,53,43,-19.36,49,89,5.49,134,25,-24.68,30,34,-14,136,3,-41
129,7.53,0.02,41.37,113,-2.7,9,104,-21.77,47,-24,75,31,0,5.39,20.3,133,6.86,-48,31,1.75,18,-27,33.7,-14.32,-4.72,124,74,91,83,53,-47,-23,66.25,21,88,46.11,102,24.83,65.8
23.2,-5.87,43.88,9,125,63,138,15.17,89,-37,-41,70,113,-5,73.54,-19.48,26.75,-6.02,10.4,43,1.38,1.98,-15.78,24.45,-34,22.43,-47,17,15.23,53,42.05,67.26,41.09,-28,11,34,36.99,46.17,59.18,74
23.55,28,67.38,-32,4,-8.71,50,47,99,13,130,33.88,17.02,15.79,-24.9,-1.96,117,16,-4.07,26,-16.27,65.56,-13.72,57,-13,61,10.54,52.68,0.53,58.25,-18,106,-20,57.26,-40,148,71,107,132,43.58
28.32,65.47,17,-21.1,-8,-50,-35,119,40.96,27.51,-8.12,-18,115,-47,-11,99,38,25.6,-39,-16.57,17,0.77,48,46,47,1,121,136,-4.22,29,63,0.17,48,54.25,44.16,42,70.7,58,37,9.61
-37,130,-5,37.33,39,-15,7.85,85,127,85,-10,48.82,149,53,27,-7,4.14,7,60,79,57,115,101,117,70.15,86,30.78,55.96,17.17,46.13,40.56,12.28,68.91,51.89,32.86,34.61,-42,9,112,-20.69
84,35,-38,47.85,11.13,12,-21,63,59.17,44.76,91,136,-12.38,72,111,113,41,53.51,0.39,136,21.68,39.02,53,29.27,62.47,126,64,17,142,25,78,61,-17.51,41.61,62,116,126,5.14,-10,21
1.33,81,10,53,-29,77,58.77,17.09,31.13,-31,134,88,-32,117,-5,27,43,139,22,11,131,109,80,-11.35,-4.15,53,-13.08,102,0,63.8,132,-0.93,138,57.02,17,37.13,-21,31.49,-22.68,-38
2,13,92,40,66.21,9,53.36,-2.6,46,17.04,63,7.2,-33,2,-48,57,49,7,-49,25,91,17.68,-18,15,16,46,-9.88,-23,1.62,29.45,25,49,46.71,31.28,7.49,6.25,55.14,10,-1,82
10,134,78,51,-1,36,-40,20.46,-5,58.34,67,10.39,71.95,137,-6,63.66,14,68,37.14,103,52.06,-6,9,38.79,29.6,-32,-16.47,51.51,-38,49,28,79,89,33,50,12,10.39,4,-12.57,45
68,60.42,-46,-2,-9,85,3.7,94,49,0,49.56,-33,93,-22.61,3,-13,-30,121,68,29,65.17,117,-6.97,53,13,19,43,-17.39,13,42.45,114,-28,-16,-19.45,18,-24,60,113,-29,2
19.26,18,58.93,115,3,4,32,125,6,60,98,35.11,-21,13,17,15,60,40,54.77,-32,70.34,121,126,-24.49,141,50,105,76,20.41,-40,21.11,144,-12.09,39,146,20.23,89,5,-35,-7
101,5.28,32.55,92,-38,-8.29,15.5,51,23,49.16,113,24,0.52,-47,62,-19,-43,5.45,20,1,4.39,48.55,7,-9.14,115,-22.73,66.9,-29,6.95,-29,71.55,23.17,99,57.53,-5.88,124,-16,149,72.27,102
47.8,23,-23.06,66.46,68.4,3.05,38,41.1,7.87,72,-34,8,75,50,38.77,31.03,65.36,110,40.02,1,132,31.09,103,38.96,44,-26,8.53,84,103,-29,138,53,69,-18.96,14.26,-22,-23,-22.43,119,35.02
-38,78,10.32,-8,141,23,-19.01,42.99,-16,67,18.46,-4,117,67,109,7.01,-36,132,47,-18.23,44,105,-0.54,51,-11.09,20.22,4.47,28.2,14,148,131,-28,20,68.33,39,65,93,-4.13,12.21,14.81
-26,76,74,37.21,-14,27.16,132,71,29.03,49.35,69,115,59.22,11.25,-21.6,69.36,-8.75,125,73.33,-41,2,102,108,59.32,20,16,69.47,116,54.01,111,26,61.15,44.19,57.04,18,18,38,120,138,38.17
-48,-49,44.35,55.61,98,110,-24,-23,27,-13.31,31.37,-47,17,68,-35,128,103,77,141,-13.14,22.76,-42,49,-30,14.56,40.03,148,9.4,121,7.35,71.13,72,61,-11,7.59,-14,75,4.41,80,70.53
67.31,17,5,26,136,-29,56,103,25,60.19,93,21,47.52,-17.3,54.56,-5,-4,-0.5,2,74.48,21,26,56,45,113,49.94,93,25.3,120,118,26.92,41.73,32.15,29,44,1.58,136,-2.66,56,87
117,52,121,80,54.38,124,33.96,44,38.26,16.68,114,13,-12.39,28.4,7,38,107,3.03,44.96,70.54,30.57,-21.37,40.44,45,-36,13,138,48,26,59,95,130,70,-19,-8,-22.54,9,50.58,142,-32
87,-49,37.93,112,63.31,100,87,61,-15.02,66,4.6,38.52,47.27,21,67,65,-3.04,51,132,145,59,5,17,68,77,-18.85,54,13.16,42.1,136,19,-22.94,101,116,0,16,-22.42,33,-26,-27
54.61,101,17,-35,12,-17.87,105,-1.31,-49,-28,-24,-3.09,48.53,-23.05,36.32,122,56.03,35.43,47.67,108,104,136,36.6,27.3,-37,128,108,12.36,64,2.44,84,135,28,-8,77,131,6.37,39.39,29.46,65.86
5,46.35,83,119,40,100,-44,-36,-10,70.05,123,-9.54,60,23.08,113,141,118,10.84,24.39,-0.56,-22,7,-14.69,69,15,-11.23,38,133,6.85,24,45,73,34.35,14.28,38,-5,-38,14.14,3.8,16
35,138,-7,-9.86,-23,-17,50.61,-20.35,132,1,54.43,54,-12.78,-41,35,2,-45,51,37,20.33,50.13,-40,25.77,-6.24,-13.2,147,3.43,58.81,16.86,102,100,67,28.05,10,-5,-39,11,7,111,40.15
93,65.49,65.25,97,55.65,27.59,81,53.61,14,62,20.15,-21.37,-32,30.81,109,51.13,78,24.81,51.89,63.37,-41,-36,-6.49,12.03,-7,-24.26,108,24,116,36.56,48.85,101,0,2,-46,78,90,51.61,6.57,0.9
29,-22,7.55,-3.95,-21.21,52.81,42,3.95,-42,34,56.08,-20.04,132,7.86,14.45,148,-24.81,141,-21.32,54.93,144,-0.82,61,-45,142,-17.67,25.75,94,60.47,120,27,-37,74.37,-34,134,-1,135,-29,-9,-2.18
111,53.86,23.92,73.39,-7.28,36.9,91,-3,5.53,63,-7.85,8,18,3.86,66,26,114,18.76,-17.22,7,-1,-5,30,20,61,7,85,62,-6.89,146,58.14,29.27,-6,10.19,61,113,-13.07,10.57,20.73,-6.18
88,80,-45,42.67,35.89,-15.84,52.68,-31,109,118,40,-46,110,32,19,0.12,129,131,-23,69.29,31,-34,68.38,67.69,18.15,-31,46,-14,104,-5.55,-14,-24,22.04,-1.66,46.85,-4.1,67,-16.39,14,14.67
98,74,69,9,41,60.64,68,20,10.29,26.48,59.65,11.01,12.64,37.68,-28,71,144,61,-31,64.45,66.09,1.23,42.36,-40,-13,62,51.45,6,-21.81,13.8,58,26,144,-14.63,22,68.65,69.62,-0.8,16,-9.51
1.81,-23,-42,107,62,-16,15,37,-43,17,149,-24,10,138,-30,58.3,-17.75,5.61,20,89,140,-5.19,74.38,-29,61.31,138,-9,26.7,17.33,8.85,92,133,84,120,40.81,-21.12,71.04,26,65.53,4.4
71,-40,-20.75,139,36.4,22,-20.84,-49,29.1,-4,-12.65,-7.04,147,81,111,12.95,-43,-44,39,134,-32,133,127,1,19,70.38,50,69,102,13,116,39,61.76,50.03,84,106,20.68,61,68.5,12.23
32,31.16,37.16,31,64,9,84,7.69,-19,27.55,133,-42,18,-13,-23,-7,-12.21,42.7,18.58,120,-0.8,35,71,-20.83,128,110,124,130,122,9.17,12,1,51.13,-2,19.2,10,-42,-15,60,78
100,21,-19,19.27,121,77,-18.04,33.83,65,-28,6.62,1,-21.08,-34,38,147,122,-45,64,-23.63,43.77,22.32,128,29,110,59.1,-25,76,83,-1.85,-30,87,103,57.84,70.3,24.05,43.05,-20.23,72.97,44.89
76,-22.44,42,-46,-34,-11.41,145,50.48,14,69,-11,-50,18,127,112,19,130,17.99,-0.23,8.67,9,49.08,39,52,22.88,71,-5,148,127,29,121,-18.32,-8,132,102,53,-10.25,36.23,20,117
-40,72.14,101,48,47.4,84,109,46,-17.54,10.64,-20.42,13.03,49.88,-28,43,138,35.4,121,-6,63.56,13,51,2.5,33,70,0,-17,0,7.33,-19.05,31.6,4,-44,-13,127,41.02,121,93,30.63,86
38.58,68.19,-31,81,29,145,94,42.47,-6.56,64.19,15.22,-11,31.94,28,24.2,48.27,33.88,10,143,58,122,-15.02,78,97,35.41,-39,33.68,139,11.54,86,8.43,-36,-16.63,42,66.88,-17.33,4,56,-3,33
-22.4,31,70,28,82,11,-1.01,0.89,18.99,31.59,65.03,112,15.34,-30,59.37,-28,-11,77,-1,1.28,72.61,48,47.21,72,63.65,-14,83,40,94,-25,56.25,55,-0.19,116,66.57,29.68,68,-26,-46,39.2
22.08,11.71,-20.51,-36,-49,43.35,30.69,62.38,67.48,28.91,-32,-36,18,-4.05,73.98,-11,37.48,73.68,121,-12.15,73,7.14,106,57.35,136,11.16,38.39,-24,20.26,-39,-1,19,4,53,132,65,121,84,39.74,105
-22,20,7.9,35.8,-11.57,87,5,73,106,30.69,-22.02,104,-33,-4.85,118,129,65.01,61.25,-11.5,39.92,16,-6,31.88,1,68,1.67,48,54,-27,70,-21.86,61,56.66,10.48,126,3,51,-23,-21.86,93
123,-13.47,-34,56,15,40.12,18.74,96,-2.2,-4.41,102,88,40.23,10.42,143,79,-44,-18.75,-10,-5.12,-9.59,86,-25,14,131,123,-37,-13,76,30,61,35.41,61.27,33,-9.2,-20.55,-18,3.55,56,92
58,-22,13.55,78,120,126,99,71.02,-21,28,70.65,61.71,-9,-3.16,0,71.65,61.6,45.5,24.29,28,31.25,53.1,136,64,74.68,6,136,13.95,59.77,-9.19,27.02,51,29.89,2,-5.16,86,27.58,75,65,90
23.58,59,43,138,-20.26,89,38.66,-40,21,-40,45.23,-13.53,112,95,-25,129,45.89,-44,-48,96,63,-48,55.49,60.3,81,-17.15,103,-12.19,5,48,-20,4.28,145,21,15.43,47,52.66,93,49,68
126,-10.1,17,-31,-33,33.05,115,32.55,7,21.85,95,-1.47,40.95,-2.44,-8.88,-2.19,69.75,64,56.49,-19,-23.77,27,-13.06,74,-16.17,17.47,62,40.27,64,85,130,146,15.61,50.64,87,45,28,119,104,52.89
19,-14.52,10,115,46,15.53,115,73.56,-6,-40,-43,60.61,-38,7.29,35.14,90,89,19,-6.5,33.62,21.52,-7.02,90,35.55,-3.83,-6.19,117,95,0.23,26.92,-0.05,-12,58.93,121,10.62,118,63,-43,54.55,129
40.01,-6.89,93,81,14,138,125,61,-39,92,44.87,32,76,111,-36,53,132,71.78,62.65,134,131,49,-3.4,23,71,-9,-6.47,56.07,52.81,-12,38,23,87,26,123,5.97,16.65,95,71,82
134,135,85,-32,6,-1.75,52.97,59,-8.67,31,-21.52,28.6,41.3,61.68,18.92,31,-25,-24,-5,53.29,4,61.5,-23.79,-10.54,48.56,119,58.53,-39,31.47,128,-0.14,26,67,67.12,55,43,-21.81,15.51,-31,-46
62,82,25.28,49,19,91,-9.47,90,33.65,65.6,-4.43,53.41,-20.33,77,31.75,5.66,-16.5,0,49.49,7.46,59.95,60.68,32.66,54,18,2.57,91,36,55,10,90,-25,147,7,21.64,125,-40,18.26,70.52,13.33
30,125,-19,133,120,0,56.39,-22,146,122,138,6.41,-17.95,134,56,94,0.01,58,63,-31,-28,140,17,104,-7,34,66.67,1,34,-23,52.35,-2.11,86,35.84,64,81,5.17,26,12,20.55
45.08,75,-47,61,128,63,-23.33,12.98,115,15,54,112,141,39.62,138,59,36,22,70,134,127,49.91,48,-21.04,104,99,40.14,64.21,5,109,143,45.86,-12.14,-8,49,38.55,80,34.34,64,-46
91,5,8,36.57,115,28.17,-41,132,63.33,54,-22,-22,115,17,-43,8.72,58.62,131,65,23.99,91,124,-9.56,-24,66.36,26.78,65.89,38.43,17,70.09,17,128,50,-18.31,104,34,38.18,75,29.89,96
-48,58,13.61,18,-17.45,41,0.49,-9,70.15,4.01,6.82,64,16.99,70.3,59,121,23.31,-1.64,6.69,103,-27,18,145,46.65,-9.1,124,-20,-34,124,32,32.1,-24.01,78,58,-23,-5.15,13.88,94,141,-13.25
37,4.63,52.72,8,35,35,145,45.16,137,85,59,10,39,1,148,46.74,126,114,41.85,48.39,-21.39,-26,18.72,-37,54.27,35,109,-42,-32,51,6.61,56.73,74,25.94,65,50.78,148,57.91,103,60
5.47,-46,12,24.12,8.07,12,-11.27,27,-9,64.12,39,147,58,45.67,-2.05,-36,143,4,66,73,46.36,62.57,-6,59.97,-0.72,17.4,82,70.47,15.4,4.38,-12,34,143,20,54.42,19,2.54,-32,51,-3.94
141,-38,-20.01,102,36,-3,55.68,3.91,-24,52.5,102,-8,-13,67,15.48,145,3,44.93,-7.67,15.44,70,131,0,88,-20,56,1.92,-24,114,69.36,70.27,56.81,55.54,-6,5.08,97,67.05,-31,49.13,13
92,17.52,-42,115,51,17,19.18,80,57.77,122,7.3,-50,4.08,47,62.95,19,120,140,-38,140,74.65,33,43.96,0,16,33,-22.87,72,12.01,47.75,0,8.5,-15,22,-35,24.1,-19.61,93,133,5.53
8.49,-42,92,45,35.66,-20.15,39.94,17.14,-5,-3.23,56,17.55,57.29,-13.35,9.52,46,146,58.69,87,144,-12,-7.57,123,2.28,24.91,79,62,132,74.28,91,-43,-17.21,12,72,-46,-22.57,50.12,131,20.9,101
24,105,30,68,46.97,-6,45,51,50.34,125,-3.87,119,93,69.12,-19,118,145,3,54.87,104,-10,53.76,146,108,43.39,126,20,57,58.47,36,82,103,9.89,-17,55.43,16.35,53.93,21,-40,22.98
-24.57,42.77,-14.65,145,-41,24.11,14,-1,141,73,-12,5.75,-24,85,-24,33.38,113,132,-8,23,11.46,-50,16.62,2,63,108,-5.81,70,9.46,67.7,-3.23,25.24,52,-38,85,71,74.2,134,16,30.2
63.04,97,47,69,14.68,84,19,-42,65.72,8.08,37,92,-8.27,12.58,72.82,52,97,-47,39.2,73,25.35,60.08,99,17,-16.27,-13.58,-50,80,107,132,-3.02,-0.32,0.1,44,47.02,50.73,-24,16.51,56.2,-20
10,118,22.25,-12,110,-32,-14,-43,20,52.27,-41,-16.96,50,6,-4,-22,18.46,47.73,79,24.67,-15,19.66,46.8,73.48,114,50,-12,44,9,-47,-15,74.77,-3,32,19.4,-15.02,142,2,-10.59,-2.49
-4.27,30.94,73.22,-36,126,26,24.5,45.21,56.51,94,-18.15,133,29.11,-37,70.19,45.26,75,3,40.53,70.77,-37,30.62,-21.66,65.22,75,18,125,-8.24,29.39,21,71,52,85,0,-46,-19,141,68,80,-5.45
66,51,77,-19.4,109,123,145,-15.96,79,-41,65.21,4.05,138,141,-21.47,23.04,33.36,84,50.49,102,129,76,91,67,19.21,137,13.56,-2,14.72,32,1.36,86,19,64.72,-13.19,47.36,21,2,19.87,67.3
-17.64,8,0,4,20.79,27,52,-8,43,104,-9.03,82,44,52.68,-1,-24,47,97,121,-19,53.11,33.52,65.63,66.71,59.94,-42,138,29.12,53,29,37,18,-24.71,3.85,-14,32,119,11.94,144,109
111,-21,97,22.53,-1.38,-11.74,11.14,87,22,133,32,114,-29,126,85,-17,62,10.83,74.47,-16.75,23,69,2,43,-3.45,-14.95,5,132,74,124,-9.12,-19,83,2.03,40.74,104,11.64,26.88,-45,-8
-13,-16,78,-24.34,8.8,30,-25,-34,18,-21.15,135,33.25,1,64,-26,27,38.48,-12.26,60.24,-22.25,-22.92,34.84,30.97,40,41,62.24,64.51,7.13,74.12,67.6,-42,112,6,-4.52,103,-3,64.73,132,21.92,4
-12,71.8,-4,2,74,-5.34,50,-3,-5,21.95,24,57,48.3,96,6,54,-46,-25,76,94,-33,-46,120,66.17,18,68.21,60.46,14,122,147,11,132,0.03,39,33,52,27,64,69,126
20.49,70,68.98,6,41,-40,-9,11,-3,57.73,-22,84,6.37,26.84,15.05,17,33.69,-1,-3.44,-34,-33,57.33,79,-13.94,23.73,148,78,32,68,131,3,19,-5.98,70.41,-37,-0.75,-38,105,56,105
-6.93,49,37,-5,149,109,135,-13,59,-50,-16,90,74.2,59.54,-22.54,22,113,-31,4,95,90,113,-3.29,74,36,35,-14.12,-43,-22,-12,-15,96,91,51.89,97,-23,109,-16,19.68,-24.47
-6.91,34.51,-10,141,46.23,14,71,-27,131,-49,31.93,100,76,56.67,69.29,17.99,29,82,108,23,108,-45,102,36,-13,-17,148,102,-13,62.02,5.03,53.06,90,44,135,146,-38,-22.29,52,15
135,15,74.47,31.42,-35,84,90,63.73,1,50,119,-22.07,116,-16,-7.29,-14,51.92,18.24,-22.38,28.09,-15,56.32,25.87,64.65,50,49.53,18,36,-7.06,42.29,6,148,-6,-20,67.6,139,68.93,120,-47,46.52
38,112,45,27,-24.75,-17,-6,-48,45,56,96,-12,-28,-22,-49,-16.12,21,-6.34,65.62,61.71,-9.79,-46,-42,68,64.75,-48,48.63,43.7,-20,17,87,77,33.57,103,22,26.04,26,68,0.81,15
22,-18,-11.08,45,63,74,111,5,-41,-33,111,45,11,-5,30.79,21.52,16,26.95,127,30,55.43,117,59.86,29.94,90,-17.49,27.46,-10.11,-47,133,66.76,69.21,67.68,75,32,21.44,131,-3.62,27.76,-27
68,27.24,3.56,115,118,75,45.38,-21.25,0,18,145,54,12,75,69,91,74,-14.34,0.59,19.3,-3,58.33,92,-7,-3.57,9.64,4.74,56,31.14,52,56.33,10.43,49.28,-5.88,-50,-21,99,-0.77,67,-1
77,-42,-34,-11,69.16,20.96,49.11,1,-49,-18,143,89,49.53,124,-7.07,15.17,48.73,114,55.97,-16,11.88,74.93,106,132,91,43,38.8,24.56,-18.72,93,17.01,5.52,14.15,29,46,28.36,-11.71,27.81,-24.13,-21
90,82,-6,-21,127,-28,52.58,77,25.61,108,13,46,132,16.81,114,-1.82,84,-26,-21,58.53,-46,126,22.85,14.5,19,59,100,-40,137,91,-26,85,-41,7,59.78,46,44,112,53.16,-7
-21.11,7,0,47.11,73.45,-7,24.27,62.75,71.45,74.76,-15,113,-22.64,-37,11.52,8,45.08,47.76,39,123,-40,97,113,-47,121,64.32,-46,8,98,102,17.92,48.09,0,70.99,-18,50,5,50,17,64
-36,-43,64.07,67.02,21.65,-12,87,69.78,-18.67,136,64.99,11.62,-20.99,117,-19.95,33.18,97,-34,64.36,-33,-47,-39,-1,-18.03,7,71.68,24.89,-2,19.09,124,18.33,27.42,-38,51,-39,97,145,21.03,56.51,-36
10,54.72,53,-10.72,3.2,63,45,50,-47,148,49,83,31,8.12,16.3,53,39,126,-36,20.58,-26,11.92,-41,-29,72.98,0,-10.49,4,29.54,-23.39,0,34,68,34.5,80,22.8,28.85,25.87,-30,-10
38.56,35.91,1.84,19.61,8.37,114,96,2.95,64.07,0.11,38,17,-41,88,86,55,77,53.07,49,52.28,33,-43,-17.61,0.4,-15.15,-36,21,102,49.29,-30,-31,-19.19,59.78,103,17.6,-32,-9,10,-2.22,83
72,54.85,-44,73.94,41.18,72,69.85,73.49,42,-21.05,8,17.81,67.61,-13.27,30.21,28.21,63,64,-24.89,90,-38,-35,18.36,36,35,67.72,148,40.88,70.98,93,71.14,52.92,-26,2.46,54.61,18,36.55,-29,61.94,-11.94
102,53.05,16.39,146,77,-37,17,149,30.07,54,-35,-1,34,-5,123,32.41,-38,-3,96,40.4,29,55.63,39,111,5,50.97,-6.21,55.74,53.53,7.62,-11.97,8.2,-12,-3.92,137,19.54,-20.56,-34,-23.09,104
82,126,70,70.85,9,92,-41,132,1.62,92,42,61,-5.27,79,118,14,53,86,-11.21,62.25,2,137,-22.02,70,52,-12.15,92,118,17.92,125,19,18,27.49,-10,-22,91,-13,20.57,34.99,31
17.84,9.58,-50,96,23,94,71.81,73,-36,15.81,108,14.41,-39,1,46.57,-22,130,122,-13,2,57,31.49,18,93,-42,62.75,-20.77,-2.96,-43,54,-45,19,54.63,-0.09,132,78,0.12,49.58,42.69,4.69
80,61,-27,-9,17,19.88,40,21.05,-3,27,-11.81,-6.09,53.66,112,50.32,-48,27.22,24.59,42,62.48,-10.97,57.66,-12,91,70.65,19.45,40,35.66,-24.41,90,-21,-14.71,55,36,104,44.2,-30,14,71,26.38
58.69,46,117,121,14.1,42.28,-20.72,110,30.41,69.28,-12.67,-2.19,18.85,118,1.88,-32,-6.89,94,21.81,34.92,-25,-14.5,-2,52.76,37,-1,88,-11.74,26.16,-3,109,87,81,62,50.28,28.14,11.86,16.39,-16.11,88
137,75,142,46,11.06,-5,6,30.58,18,37,-8.81,26,-12.94,73.49,108,-40,133,43,36,4.99,134,68.96,-1.09,16.03,39.29,53.67,-18.63,62,-13.06,42,22.46,70.83,-33,-46,98,7.89,74.37,32.56,-21.27,21
65.86,46.01,31,-24.5,13,132,105,50,-6.13,62.65,-9,139,5.44,-29,22,115,39.81,76,14,61,-46,113,116,1.31,9.85,5.82,95,1.03,138,57,16.9,55.11,9.59,88,-9.43,-39,14,-32,63,23.6
45,122,63.38,48.42,110,-46,21.44,0.04,134,20.28,5,18.93,13.55,-39,45.39,104,63.04,58.46,4,117,25,-7.13,68.59,144,1.08,47,85,-35,149,37,-17,7,22.96,22.36,89,-29,28,-24.55,18.18,39.6
65.32,29,-1.38,-24.8,-11,-22,30.72,-16,3,28.87,84,18.26,-44,2.9,143,55.58,137,106,39.86,48.08,33,17.81,109,14.04,18,46.71,137,16,-22.89,42,47.98,55.81,42.51,8.7,141,3.33,59,-13.8,96,41.22
-18.38,79,57.45,41,124,31,50.61,77,140,64,74.17,128,120,-31,103,7,-4,-49,-14,48.92,96,15.65,104,19.53,96,72,67,22,12.38,122,-45,-16,35.64,93,-25,143,39,6.13,36,-25
124,146,-30,-10.12,-34,119,149,47,-12.44,70.15,-11.06,99,91,21,-19.48,61,2.35,146,-12.06,149,12.71,-7,57,-10.34,27,52.19,-24,8,114,24.53,-5.87,35.36,63,17.58,-17,-23.08,46.82,4.55,-20.43,38
29.38,-10,-18.53,-14,35,133,-19,0.14,47,113,117,26,5.95,52.62,55,-33,19.18,-46,36,-40,-40,-23.21,66.39,1.8,63,2,34.89,46,118,7,39,62,49.4,24,70,59.18,54.4,69,63.76,30.92
-36,73,31,34.34,-6.26,141,43,41.4,-0.92,1,109,21.66,-11,-20,61,-21,9.06,34,6.7,144,48.58,-34,44.61,66.95,42.4,74.27,-22.61,53.35,-16.33,-36,125,87,46.78,136,26,126,107,36.35,-4.84,109
-46,57.43,2,36,21.35,36.92,20.24,12,102,50.67,59.79,3,66,-0.91,134,69.51,-17.12,16,35,43,88,57.26,34.24,33,-14.93,86,83,134,140,86,-12.49,93,-38,-6.53,90,139,119,25,112,7.43
-9.75,142,-15,-4.9,9.58,20.43,59.54,23,109,43.1,53.29,4,54.15,37,85,24,52.23,11.5,143,11,13.08,-30,90,31.79,-36,12.67,48,99,63.77,-4.53,30,62.61,21.08,48.62,70.64,109,21.28,111,42.43,31.56
2,4,51.86,56,35,38.73,-1,47,33.56,62,141,62.58,100,-44,34,59.28,-30,26.44,92,-13,26.35,27.16,48,48.57,-50,-41,-22,-11.17,-23.08,132,77,122,-32,7.69,29.27,29.58,92,61,58.6,58.73
54.47,53,145,76,122,40,-17,74,19,24,14.86,71,101,1.99,-27,135,31.69,62.6,19,-43,-11.41,33.55,62.48,0,47,56.21,-12,62.69,-41,-19,75,17.82,-5,111,70,69,101,53.61,10.03,32.19
76,17.67,97,67,-47,59,-6.84,72.72,33,-5,67.1,62.53,-27,134,61,-21.6,149,147,52.99,-16,48.48,-23.48,54.88,34,16,127,-14.76,140,-1.71,6.48,-12,-16.31,-39,-22,59,2.68,37,55.05,141,42.07
62,100,98,13,101,-42,56,-22.05,-34,93,69,111,-4.81,71.1,13,25.1,132,16.9,42.63,94,27.77,-17.33,16.99,38.49,67,63.02,-6.21,37,55.8,-15,89,53.74,-38,52.64,-46,-24.01,25.91,-17,122,17
34,-7.38,-1.53,145,9.2,23,54.45,-36,28.92,-6,59,75,64.52,143,6.2,139,-10.67,26,31.94,-13.7,56.59,117,31.57,71.6,68.18,89,48.52,56.11,-3.78,24,-0.55,-13.02,25.18,2.04,-7,17,101,136,15,-20.41
13.87,61.61,56,78,-16,74,35.78,-2.61,30.9,12,37.2,143,14.81,81,24,-35,149,39.8,72.92,-43,45.51,33.12,65.16,55,-21,-4,-17.68,-43,65,-5,55.52,96,1.29,92,110,-48,58,35.01,-47,104
83,136,21.55,114,10.57,2.47,-38,71.67,71.19,71.03,-11,-1.76,21.85,-44,12.59,52.12,-3,5.39,-28,70.43,123,76,78,94,23.6,-8,121,31.29,-11,-10,13.77,106,52.7,46.87,60,-4.55,89,25,41,47
123,-49,45.26,130,13,108,127,71.19,46.97,114,65,33,68,70,143,113,-45,43.19,119,144,22.77,26.35,123,-2.4,34,66,109,48,52.13,-14.04,-27,42.22,142,65.68,135,46,49,23.64,75,51.83
94,-1.42,47,5.32,65,54.94,-2.89,39,66.62,-10,24.52,46.13,110,59,-27,72,1.7,-44,18.84,-18,139,6.7,83,22,9.17,-27,137,13.1,19.8,140,-23,-23,56,58.6,30,-18.3,35.4,139,45,-26
10.57,2.61,-46,63.53,74,-26,31,27.62,27.63,85,120,137,3,-8.68,-16.93,62.83,-19,47.14,79,10,131,143,-44,13,34.68,-20,51.69,67.75,76,16.03,111,-21,18.87,-23,116,29.83,37,29.69,24.23,-16.01
29.67,27,10.74,-6,95,43.27,50.87,-7,39.7,99,37.88,60.49,-16.24,118,81,34,-35,110,38.01,91,-3,22.99,123,72,0.53,5,-46,-16.39,21.26,97,38.32,-3,-15,68.96,78,130,122,4,145,53
102,13.28,-1,118,40.54,56.28,-25,142,24.73,87,38.81,28.33,72.29,40.06,-17.03,-20.11,105,89,-17,20.1,0,-10.93,-3.45,-4.75,-41,19,67,85,-10,-18.93,21.74,-17,-5.92,-41,-18,55,-6,-47,-26,72
-36,-24.89,6,69.09,25.3,-12.91,68,1.8,35.71,138,42.85,74.79,-14.79,77,68.86,-4.81,131,6,64.87,73.24,-10.47,-5.96,52,15,-48,33.57,-18.48,0.56,7.72,57,67,18,39.2,36,138,125,20,44.59,56.41,28.23
62,-3.56,24,62.45,15.55,21.06,23.33,47.52,142,51,40.14,19.93,58.32,8,-20.71,-11,-13,131,72,28.74,53.98,36,-6.26,89,27,104,149,-14.7,14,-19.16,-43,61.8,3,-2,47.12,-38,125,54.6,76,121
54,31.85,52,135,130,56.5,75,107,7,-1,106,50.83,-37,24,16.54,68.68,19.12,67,146,94,118,62.24,15.52,-30,-2.6,-19,17.68,132,100,18.05,15.15,-17,147,140,-19,80,-31,71,-0.87,70
20,35,42,18,7.4,-6.74,-29,52,-20,145,35,-9,56.7,60.5,70,-4,64.9,44.04,-9,90,-18.75,121,76,55.34,90,14.05,145,11,64.21,-48,39.42,-14.56,29.2,70.68,-7,144,74.83,53,66.37,59.59
23,77,13.29,147,105,17.5,54.2,-1.06,56,38.18,-3.87,-0.39,-39,82,43,67,57,61,85,54,101,0.29,58,1,101,52,25.14,-31,0.54,108,17.93,67.92,-16,6.04,-7.96,44.96,35,132,-2,31.27
70,137,60.38,-34,-47,147,0,73.66,47,-39,23.46,16.71,-45,-19,94,34.07,12,81,-38,-2.24,39.7,30.47,-10,12.34,97,14.29,33.5,-6.51,2.24,4,59.54,41,64.17,119,14.59,-16,-4,48.09,122,138
16.72,-8.28,-14.77,130,5,-6,73,60.19,101,-27,-15.81,139,24.08,9,38,-12.59,-4,-17,-5.04,80,-48,68,44.47,58.35,64,-40,119,-10.69,131,9.35,67.42,100,-42,57,29,-40,32,62,-19.1,-22
3.08,23.02,70,53.16,-47,57,-22,131,-12,-7,58.13,89,133,9,55.98,65,73.41,103,14.39,134,-6.04,55.63,51,85,138,57.49,20,41.65,26.78,9.79,93,57.37,134,34.47,-9,32.2,-21,-30,19,50.03
139,-20.16,-10,10,6.46,-3.6,126,72.8,-50,-25,18,10.11,-14,-16,-44,-28,-24,56,-37,69.95,79,48,121,38.62,13.11,65.09,22.84,54.72,72.37,4,-10,-1.62,99,32,46,62.12,82,52,48,26
104,81,-9.15,-16,117,27.44,119,-5,82,-36,111,64.56,95,66.39,37,44.85,103,8.77,6.29,126,94,136,0.49,10.14,19.75,35.79,70.58,114,106,75,-28,36.22,50.63,-12,37,-39,-21.19,61.39,36.71,-22.36
12.38,-33,72,-48,29.37,122,23.73,64,22.64,62.23,131,-23,20,-23,10.4,-0.68,148,121,3.27,119,38.39,130,38.93,33.91,122,70.19,39.87,-9.13,56,-0.28,-11,-1,51,29,-38,-7,22.95,57,6,-37
87,-13.45,9.93,101,81,141,53.99,66.29,-47,31.68,73,-24.86,103,55.33,-5.19,-12,60.27,64.17,-18.48,51,48.23,47.78,101,120,9,25,82,43.15,15.1,16.47,54.21,41,41,48.42,36,122,-13.66,-17,104,143
-14.54,22.44,104,5.04,30,129,7.48,95,120,-9,94,62.59,20.8,88,41.3,119,78,58.8,26.34,3.95,47,-11,35,-2.89,-11.25,66,-25,-18,-46,-50,-15.83,66.15,80,20.74,71,35,39.36,55,-44,71.49
14.89,122,-26,-23,-2.25,102,-24.59,-28,130,104,-26,-0.47,79,-17.56,-41,39.66,51,30,44.72,12.73,60.14,46.84,20.2,125,64.32,5,25.94,85,-0.4,39,4,72.16,57,48.81,103,29,110,-25,34.03,12.2
-14,43.86,29.71,-24,102,-3,29,5,89,-1,-19.56,125,73.3,103,107,42,29.27,-23,88,57.09,28,-24,14,63.87,-1.15,62,68.8,86,-11.28,-46,22.4,83,-17.74,118,36.77,-35,88,12,19,70
111,100,114,23,-41,-13.99,-16,-49,-6.3,-7.39,72.25,1,-26,36.86,-50,98,109,70,-47,-21.44,-3,-7,50.33,25,8,59,108,-27,-34,8.6,43.01,128,139,18.14,-29,22.61,81,28,65.09,19.12
-9.91,39.37,60.55,15.04,25,56,-4,22,90,-21,37.31,47,53.23,9.83,-13.22,101,114,52.79,57.25,87,124,28.48,62.58,53,8,31,31.76,-12.82,-12.22,70,-0.72,-25,8,-47,121,-34,-13.82,-9.36,57,55
55,62.35,30.08,27.62,88,-32,99,121,42,68.95,-10.82,39.12,8.63,128,68,71,-3,46.63,127,7.47,-34,11.67,-35,131,35.58,5.21,-39,52.3,57.37,138,-1.22,2.19,0.64,74,-3.42,-5.23,73.07,-26,34,20
-19,113,5,-22.31,-10.19,30,38.12,70.62,-17,-41,129,23.63,120,0,52,46,100,25.99,7,40.82,-20.28,73,-23,9,-49,124,-49,38,-39,45,19.6,75,117,-37,64,15.76,-19.75,38.28,42,101
-11.57,23.43,-5,-12,75,112,36.92,62.25,-3.52,-49,12.7,9.26,16.01,62.03,-19.92,29.45,66.27,-21,-24,29,139,128,86,2.53,-34,11.49,44.18,-22.41,109,72,50,54,94,3.08,73.65,3,-3,55,39.8,46
53,-34,106,48,6.27,47,97,101,-2.99,89,62.09,76,18,60.98,30,48,5.2,21,58,42,69.13,-30,40,26.58,-36,32.7,73,23.74,34,57.58,97,74.71,19,1.43,37,89,37.9,33,57.58,130
69.43,-13,21.39,-17.68,137,-1.87,50.86,62.14,21.94,148,18,5,106,40,62.85,86,148,58,-30,71.23,109,102,129,70.87,39.36,58.6,47.21,24.1,63,29,50,2.79,22,116,-11,5.68,37.28,49,-35,13.03
27,18.52,75,39,16,101,52.83,-20.84,65.95,-43,41.16,-37,72,18.31,32.37,25.55,0,13,43.96,149,74.31,89,32,107,32.56,69.23,141,-17.66,139,122,48,20.29,-28,77,31,89,116,62,49.72,111
0,54.65,-24.97,-15.7,66.12,85,149,-5.27,149,-17,-1.59,48,-23.76,5,54.88,48.93,68.52,126,128,-6.24,-2,62.02,1.89,10,35.98,-15.38,26.65,28,-47,34.54,110,-0.62,5,-20,-41,23,16.75,-20,6,70.4
92,39.77,-30,-7.4,15,-43,130,111,28.46,-46,62.2,27,-17,40,-7.5,81,-22,-12.67,-4,87,-40,49,140,-30,2,55,81,63,24.56,-22,36.37,-25,-29,2.35,33,56.72,51,93,43,32
34.65,84,13.93,46.39,88,54.94,122,-9.43,20.26,69.81,9,13,-50,-11,-11.37,81,104,7.34,119,41.24,1.41,-47,74,57.08,-43,-10.14,92,51.61,-45,41,-48,12.99,-0.75,25.6,146,-34,55.08,-1.62,-10,28.63
103,89,13.17,26.58,-13.24,-6.58,67,130,21.81,-25,148,6,0.21,64.01,123,-3.89,-5.72,52.23,-10.59,113,33,44,142,79,71,70,33,43,52.93,29.75,11.09,-45,97,12,93,36,62,70.89,50.56,62
43,106,120,29,53,37.09,-9.64,57,14,20.89,-3.07,109,91,20.43,40.34,22.45,-46,144,85,69.07,45.19,25,48.75,39,6,104,-3,63.45,112,14.07,39,-0.21,83,12,53,1,45.98,-23,40,35.05
137,29,-41,-17.51,35,56.16,-17.06,25.04,31.1,50.73,37,8,-19.75,37,67.14,-10,68.81,74.35,9.36,28.31,44.52,7.79,43,23,35,45.26,7.55,10.67,34,100,9.36,39,70.96,103,51,-5.68,32,-46,10.27,83
146,64,71.95,9.64,86,127,31.67,42.79,12.06,50.06,27.65,47.5,97,54,29,130,101,64,129,119,59,51,54.36,127,44.74,126,-23,148,43.27,21,69,-41,58,27,27.39,38.73,78,45.83,-23.7,-0.38
-10.24,65.68,40,-29,-12.14,28.1,51.56,-43,96,134,28.1,48,2,3.93,148,41,66.03,11.12,-9,-7.2,54.94,14,137,67,141,135,125,119,4,148,37.74,94,76,18.24,1,52,24.25,138,102,-3
2,6.42,-7.38,-1,45,60.77,124,-46,10.89,-34,44.41,-0.26,101,19.53,26,55,-36,43.15,74.12,40.4,14.58,-14.74,72,70,0.03,36,9.71,50.31,25.83,-18.09,77,-22.69,0.36,-6,137,102,-10.68,-19.6,2,90
20.79,27.82,42,-26,7,-4.28,64.92,-15,48.75,73,-7.61,-22,33.75,26,-24.86,-17.13,-15,-23,15.17,-9,97,70.25,-11.47,-8,117,107,22.72,84,-24.48,-24.95,8.77,14.88,15,124,45.39,-5.68,72.82,-17.93,68.69,29
9.58,106,141,49,0,137,20.07,49.4,70,21,8.18,121,-15.32,57,72,60.59,124,48.05,36.93,59.49,-4,8.24,54.39,103,70,-41,43,58.51,-40,37,58,0,34.96,-17,66,-8.82,3.04,33,2.83,119
79,89,64.54,-21,16.92,-8.1,19.29,71,-12.88,76,1,-27,26,80,-48,57,80,67,136,112,-0.37,142,50.03,-17.2,14.48,10.82,149,44.8,19.87,55,8.49,-28,104,-4,92,50.68,-0.85,-28,-21,43.67
101,106,10.52,112,79,53.93,-31,-23,125,103,74,127,48,71,29,2.86,-5.08,83,-17,-15.43,-18.13,-12.21,32,146,-18.18,96,128,-5.63,77,-1.92,74,21,22.55,60.16,25.16,130,126,4.87,-7.52,23.29
29.11,39,12,46,92,-32,13,0.36,27,132,-2,67,50.97,18.38,22.92,54.53,-3.66,74,38.53,24,113,142,-17,55.95,135,57,68,-20.03,120,17.68,89,58,62.93,64,0.83,74.94,105,-25,10.72,61.11
71.01,80,-21.46,-21.87,37.92,22,49,46.91,-36,40.09,-33,-0.21,85,39,68.19,129,56,109,-24.89,-32,32.58,47,-30,14.18,23,5.85,82,12.55,59.37,12,71.26,56.04,-5.83,-40,54.55,4.07,20.55,-7.89,37,47.01
36.95,38,6.87,-12,-8,27.53,71,13,44,-22.77,17.08,143,31,21,-14.88,27.13,108,-27,-36,124,42.7,134,24.28,34,123,-21,56.61,-7,30.66,24,15.58,82,4.26,56.96,93,41.07,134,-1.8,-42,-32
17.95,123,32.45,-20.81,40.09,130,-17,50.1,32.65,21.66,20,22,40,-8.63,-7.3,-49,-16.85,31.76,-20,71.49,32.3,87,13.48,39.37,22,31.31,-19.12,142,54,-11.78,4,-2.14,46,-27,20.52,83,-10,136,32.17,124
-29,-0.26,26,134,124,-22,18,117,49.6,11.4,20.9,106,72,38,52,-0.98,60.71,7,23,64,24.01,54.86,70.02,27.11,-25,72.35,-11.11,-13.73,5.27,98,32,-32,114,14,120,121,38.69,-21,132,40.46
-21.23,57.04,60.13,17,-8.44,146,-3,-23,59.01,11.3,10,12.94,45.07,9,52.61,11,77,-31,10,122,40.13,21,-9.65,11,-19,107,49,40,88,-1,2,24.99,56,137,46,23,90,1.6,-16,8
13,24.44,-28,45.11,-50,6,5.07,-37,14,26,7.17,56.4,30,46.96,97,66,18,140,14.45,57.59,9.81,36.75,10,9,143,56.3,-44,14.89,147,45.21,-5,47,52.13,16.01,38,-10,-1,49,8,5.01
53.47,51,147,78,20,-1,76,7,41.86,68.19,113,5,1.72,-36,135,60,76,-31,128,5.72,116,-40,134,36.97,91,67.37,18,71.79,-39,19,50,-28,62.43,14,67.53,-3,60.89,46,-49,33
15,-45,73.28,37,3,30,105,-49,138,88,50,-14.27,-42,-47,53.83,147,59.91,96,-1.75,53.94,51,109,136,139,62.69,10.07,-31,71,119,40.06,-22.41,9,6,-16,13.8,48,71.43,-7.03,-44,0.82
138,38,-13.8,-3.72,127,0.81,8,69.73,122,-44,-2.79,20,42,29.66,118,42.45,16.3,57,-29,53,-12.83,-11,18.21,91,77,18,143,8.15,124,33,41.95,-23.55,39.15,38,22.06,59.68,95,9.24,92,56
96,-20.14,-48,69,5.99,6.47,77,-35,39,16.02,-5,-11,-29,49.86,-11.95,23,82,17.6,108,-0.68,39.66,-20.5,123,-12,139,25,21.35,144,67,31,74,72,134,62.14,14,8,-16.3,74.31,116,69
117,4.16,121,-17.28,26.23,115,72,67.11,77,25.22,-44,75,148,15,65,63.37,60.07,63.99,78,48.99,-7,67,19.54,123,63.8,70,-11.69,76,79,-19,46.21,-13.23,88,-12.03,67.67,26.07,-2,31,-14.19,45
-29,14,52.65,33.94,-6,137,15,139,-50,68,3.52,102,-21.73,43.39,133,7.79,0.46,68.17,20,31.11,112,146,136,-17.25,61.34,-8.65,26.76,5.93,89,-10.09,-12.76,99,39.14,31,20.7,-8.21,-0.74,134,101,70.5
69.26,62,72.08,9,1,18,86,6,67,-18,7,32,-23.37,128,145,123,-36,54.83,73,58.44,32.06,44.24,-34,-13.31,-22,59.82,-33,9,127,36.56,65,128,-12.51,15,8.16,-13.11,45.23,38.53,74.58,-17
43.8,117,55,110,52,59.45,20,-37,72.14,73.03,111,35,58,11,21,23,11,48,-20.62,30.63,123,128,84,95,-30,65.39,46.46,25.22,113,1.06,-23,33,1.28,43.28,4.84,-14.68,61.09,59.14,-10.03,-1.94
148,100,118,22,-48,42.54,12,-25,46,-14,100,32.33,79,93,-29,83,-48,121,-8,18,25.3,39.1,10.72,46,51,33,3.49,67.12,22.26,5.85,3.21,-21.01,39.44,10,14,-10.64,-19.96,53.71,93,63.26
45,5,18.06,8.78,-8.04,35.67,-19.48,27,14.33,56.83,40.11,130,8.72,69,-48,-42,54.03,38,-38,35.55,-13.88,-3.31,95,38.7,43.24,0,80,34.94,59,24.35,-5.27,87,-43,-7,94,139,148,27.6,-4,-35
25.62,132,138,51,104,51.15,7.76,61,6.56,10,-32,18.69,86,53.84,67.96,44.5,116,42,96,106,-14.03,20.42,110,41.74,11.12,-19,0.6,65.97,92,41.11,4.81,-10,35.2,96,18.91,120,-15.15,122,-24,-35
-4.95,17,49.49,54.99,7.98,21,-19.28,71,6.34,38,135,18,31.37,26,-8.42,-24.83,110,141,66.57,45.18,0.49,40,72.38,21,67.37,52,33.63,30,22.71,143,19.04,73,48,67,21.22,-2,140,-9,55,50.94
-23.65,71.33,-5,-21.65,110,71.02,23,86,33,-34,52,112,62.12,36.21,-18,9,14,-2.34,107,-33,129,110,78,55.13,62.67,103,143,82,-15,18.58,55.68,136,30,102,144,91,6.7,-4.91,-34,7
-15.8,88,98,148,29,43,28.01,28.29,-14,65.95,149,51,-20.29,-19,65.88,14,29,6.62,69.64,127,50.5,32.45,55,60.54,50,88,129,11.97,68,122,27.48,66.37,-2.08,-28,31.22,118,-6.61,36,4.53,-31
1,48.88,-17.17,123,-26,33,111,93,30.57,41.99,73.03,-26,-26,136,83,-15.92,-48,73,34.15,66,72.19,-50,-45,148,-41,33,7,11,-8.96,15,60,-36,40,99,-12.69,145,35,119,-28,92
114,59.17,51,-12.69,-16.81,18.87,35.86,85,82,59,34,-46,4.09,146,-20,-3.81,15.52,124,20.45,78,68.53,59.49,53.83,144,31,7.59,-41,58,32,-10,64,-7,23.7,24.42,64.58,4.5,60,67.34,48,-39
17,12,-16.55,-16.43,20.46,-17.03,-35,83,118,73,0,123,32.51,43.26,28.97,114,7.04,80,141,-32,61.28,39,71,3,-16.5,-29,2.14,136,32.83,87,-14,32.77,50.57,-13.01,-19.27,82,48.25,19.98,-24,54
-35,103,-32,4,40,24.88,36,-17,148,84,18.69,30.03,92,26.94,144,63,73,84,61.03,110,5,136,-4.19,31,7.32,-11,10,-22.08,57.26,71,-3.3,17,48,48.32,-10.9,99,71.91,14,26.98,25.89
108,-27,24.71,42,124,86,132,24,45.2,-13.06,-29,-5,39,-7.35,10,143,17.3,21.18,1,21,55.44,31,89,45,54.14,32.83,-3,22,57,97,73,95,124,-42,36,51.17,-17,12,-11.98,60
96,-20.45,137,132,132,43,-8,10.42,22.28,-14,10.13,-8.15,22,-10.18,24.76,87,34,-8,75,75,52,11.12,70.05,32.04,-3.91,27.11,109,146,39.44,57.03,45,70.55,-19.7,89,-4,-19.84,-3,-1,32.28,75
10.14,67,98,40,99,14,64.24,9.15,129,135,102,141,54.22,120,122,121,23.9,79,24,91,46,-41,66.37,61,105,81,43,122,23.36,34,12,-8.97,33,-33,54,7,47.37,33,-5.62,54
-23,-12.63,-20.83,25.79,33.65,-1.78,-13.04,62,109,74.16,24,-6.9,48.75,61.6,36.7,60,64.13,-39,19,-46,39.3,-40,-42,-24,15.38,-21,67,25.88,146,112,138,41.4,27,-3.43,6.78,75,84,-42,121,-4
64.01,0,-24.77,11.59,13.3,-34,34,-21.21,96,84,54,47,58,-11,15.63,130,120,70.74,67,53,8.68,-15.04,71.6,70,140,101,3.18,-10.16,-11,15.47,-10.02,-2.82,94,33.57,-2,71,13.67,22,40.47,8.24
10,43.04,32,37,31,78,115,7,60.31,39,59.3,133,91,-38,-49,30,72,30,63.23,-4.69,-47,-46,43,103,0,69.79,72.63,52.01,-7.11,64,41.31,37.93,95,-3.49,142,133,-34,-11.41,21.47,23.17
100,68.96,53,15.98,130,-10.67,102,125,77,67.3,59.25,27.28,71.24,79,127,-4,-14.36,110,107,21.91,127,38.66,36.12,-15,27.16,-42,101,59.85,48,78,-48,-21.61,14.88,96,-20.63,42.88,40,21.75,-3,62
92,3,-11.13,92,47,6.72,63,81,-14.13,-17.32,65.97,74,60.03,5.74,-49,-10.43,25,57.86,13,106,75,-21.09,37,139,69,121,4.17,54,-44,-36,-19.3,-16.02,-19.18,60.42,62.68,49,81,141,79,84
63.67,99,-27,45,96,8.73,-14,58,38.27,88,-12,-27,54,60.73,59.6,96,-7.69,-8.8,144,46.87,7.78,12.87,82,-49,-4.35,65,79,-1.26,-24.6,32,-37,149,-46,-24.14,42,17.38,1.84,71.76,68,67.16
106,57.41,-38,140,-48,-26,-17,61,56,65.55,-24,-21.17,20,-36,19.19,97,43.91,82,23,69,-31,59.02,2.58,6,-18,68,2.32,38,3,23,38,24.36,20.4,-29,19,5.18,12.38,148,11,-17.05
-35,0.29,137,140,133,-42,38,6,49.12,88,-13,-17.02,79,86,82,126,74.44,30.44,91,127,43.02,-37,35.06,-17,92,-6.16,25,47.43,69.09,124,47,-27,79,144,50,30,47.72,-1.96,-14.57,12
145,-41,-50,41.1,83,14,-47,139,28.44,103,-14,107,132,143,41,-19.58,42,48.81,-21,34,-12.38,-5,117,30,16.78,-13.71,101,-32,115,112,23.96,68.09,-44,-17.19,5,-7,42.31,-25,97,0.95
10.83,50,127,27.12,69.16,127,70.05,108,43,20.69,129,74,73,85,14.7,12,2.82,77,11.34,44.87,35,14.09,19,-19.32,18.31,42,-33,-45,-1.38,40.7,-11,-10,135,113,16,-11,70.2,53,30.42,8
22.38,53.73,29,131,102,44.62,113,-18.35,1,95,73.34,-36,30,14,-1,1.65,-22,74,-20,136,49,-13.24,16,108,102,17.75,125,-32,50,143,81,130,54.94,29,-35,83,12.1,25,-10.59,53
-12,44.18,-11,8.26,-8.89,-2.48,25.8,7.46,-23,22.63,104,-16,36.91,126,-0.82,-8,48,28,55,18,-18,94,-28,-17,31.05,63,-15.05,42,50,-4,121,69.93,71.19,96,117,57.99,132,34.13,65,14.73
94,27,56.29,86,129,53.29,-38,9.1,4.1,36.64,43.99,128,6,59,-42,-5.96,-25,139,54.06,-46,0.14,31,2,50.24,142,91,135,42.36,17.36,-8,103,61,-4.86,140,43.36,-16.82,97,-12.38,37,126
14,43.07,114,60.16,66,71,8.6,-27,68,-16,43.95,-7.64,97,18,-12.41,144,70.49,65,46,64.86,117,-44,-7.25,-30,6.36,82,-12,40,41,5.2,55.63,1,51.71,147,-7,-16.36,131,10,-24.81,98
101,14.46,52.33,4.36,44,19,-6.97,40,32,-28,9.23,-22.34,44.23,-7.24,-13.07,26,-29,-26,-16,117,53,31.32,128,21.3,102,27.35,20.33,21,33.52,-41,-41,25,65.92,15.43,50,45,91,61.22,-27,-15
-34,94,127,46,-16,-4,63.95,7,-24,51,-8,63.04,36.25,35.37,-38,21.24,108,27.65,51.18,105,47,56,39,52,128,31,-12,-20.18,12,70,128,126,-13.71,60.37,3,-20,104,-26,128,119
13,-11,67.94,76,70,61.67,-23.97,63.11,50,24,3,32.58,81,94,40,15.46,133,45,54.23,64,-47,98,-49,83,123,13,5.29,-45,2.57,-35,30.39,51.13,18.1,-4,147,57.24,13,-28,15.88,60.22
-20,97,-9,125,-48,-9.45,-7,133,-18,-2,56.86,26,108,119,41,55.53,31.14,135,57.16,-8,-2.52,99,35.3,24.41,24.19,49,0.66,8,46.74,-6,8.37,66.17,147,88,35.7,14,-28,36,-45,109
4.82,8.81,72,13.65,-21.57,66.4,-5,-8,20,120,14.44,-19.85,-16,-46,121,27,-18,63.69,92,9.12,39.23,74,29,28,-12.2,74.22,2,-6,0.03,14,41.78,42.84,-16,53,27.49,-22.4,-46,63.17,72,-17
-26,117,-12.98,-4,109,57,-25,13,45.53,104,52.2,16,112,55,8.21,73,42.31,1.5,-22,133,59.97,66.69,124,40,-4.97,10.91,32.96,12.01,85,79,24.83,105,59,34.77,-4.86,3.32,59,-46,4.36,-45
6.59,4,11,-41,137,34,43,148,143,39,21,32,62,-48,2,-25,59.65,19.29,55.65,21.1,64.81,-34,38,102,-18.21,113,127,64,65,6.18,67.22,128,0,-3,-24,51,122,15.49,-9.51,-47
37.63,4,34.81,11.39,66,72.65,106,48.4,29,73,31.73,122,50,-30,50,-17,4.75,65,12.72,132,29.57,-2,37,-13.78,69,-6,111,25.5,-38,143,9.48,68.36,43.6,81,48,25,68.28,68.28,-1,-10
-39,101,34,47.31,-7,98,88,68.6,47.64,98,10,78,-14.19,87,133,69.02,-8.67,1.54,19.2,101,31.78,-35,145,8.16,19,8.14,37,34,-42,69,-32,-9,26.75,78,-15.48,122,119,-44,-24.63,30.45
83,-48,59,38,-18,87,48,-9,149,11.43,16.78,42,131,138,12,-0.49,6,50,-19,0.06,43,28.33,12.17,14.77,142,91,56.18,-14.93,39.79,102,39.43,-4.48,28.85,8,85,-21.72,121,93,126,9.24
41,128,-39,54.95,61,-18.67,4,27,21,139,10.18,63,19.01,99,142,79,19,-2.09,47.06,-37,94,-2,138,25,141,44.36,50.67,11,-19.96,61.84,63,-12.34,29,136,-2.38,32.96,138,102,109,79
-22.27,109,-31,67.81,148,-23,37,10.83,2.18,49.47,-14,-3,14.13,41,13.05,40,52,-14.79,117,31.86,115,86,48,20,73.6,70.69,59.07,36.83,-35,-28,15,-4,57.3,117,-8.51,96,125,12.13,47,-6.4
0,-19.58,136,136,68,39.26,62,-16.11,55.88,-25,127,-17.42,35.24,-32,47.88,72.13,43.1,133,122,51.58,-8,33.09,116,15,61.53,65,70,57.94,-41,-11.14,68.48,60,36.76,-10.8,39.57,129,-9.94,-11,-19.07,28.76
142,23.77,-50,14.86,124,44.64,-23.8,49,6.24,8.9,-26,117,14,-12.78,19.22,43,74,18,14.76,72,60.53,-42,-21.81,102,3.87,-15,121,56,114,37,47.13,-47,9.31,-11.45,61.27,46,113,69,8.83,25.37
44.26,82,27.34,39.78,-15.41,-39,30.99,110,105,-13,94,-12,2,136,-9.62,-12,83,41,-20,-13,-11.33,91,22.48,1.41,-13.86,-23.43,-22,13.87,139,115,-20,54.85,2,-14,97,118,56,11,21.88,47.4
106,66.86,108,-37,110,-13.18,116,33,115,67,-37,37.18,46.84,-19,-32,64,61,64.44,27.56,110,68,145,39.63,18,86,-20.48,95,1,17.02,1.32,98,46.23,28.32,3.38,43.64,10.34,2.42,47,27.74,-40
101,40,121,101,36.15,10.11,35,38,11,-5,47,135,48.56,80,-49,-10,0.93,54.9,46,-1,-49,133,23,-45,89,-8.67,22.38,42.88,55,32,8,0,15.87,17.52,-47,44.53,59.01,63.69,-23,-28
37.98,-11.93,20.93,3.15,50.28,64.22,67,-2,16,77,139,60.85,-31,-30,41.42,40.13,49.46,98,11,88,6.3,11.76,53,-14.59,-11,132,24,-13.52,103,50,145,91,-49,-48,0,48.17,20.23,114,6.51,68
113,-13,-48,-10.08,4.39,115,98,21,34.27,3,149,102,123,-47,5.01,65.12,110,-7.38,86,99,-5.05,47.9,82,40,43,64.16,42,55,71.27,-28,32,138,12.58,71,82,-26,40.46,19.06,98,19.82
69.76,129,49.47,54.96,12,-7.36,-3,-18.3,-13.44,-46,125,137,56.31,146,-23.9,-8,56,-6.03,-26,-30,103,19,32.73,107,129,89,68,73.57,76,-5.49,46,75,60.06,41,-1.51,72,-22.17,36.1,61.33,16.7
143,97,25,142,74.68,64,49.73,111,35.24,45.19,54,131,51.21,38.43,42,91,62,13.26,23,81,21.15,23,14.46,20.66,-23,28,54,-1.23,60,-40,130,60,31.43,1,3,6,115,16.1,-49,47.53
44,-12.44,46.76,0.56,23,139,13,-10,-5.42,47,5.89,13,101,87,-27,67.48,57,132,46,110,2,10.86,14.26,15.07,53,-23.69,11,-8.74,-17,25,82,-20.77,18,15.55,5.79,58.17,40,-10.78,39.88,-45
-24,77,115,25.7,22,-19.99,-47,-47,31,119,78,63.49,-22,-19.15,35.81,-19,57,53,61.19,-6,89,-9.88,25.17,-22,14,58.4,51.67,60,-13.32,72.98,72.92,25.21,44,19.15,104,1,101,58.74,13.39,-4.25
8,102,67,66,-49,-25,-2,50.46,-22.71,-50,65,16.02,91,-0.19,2,85,44.88,115,1.63,13.26,-46,26.9,20.55,-48,3.77,-31,15.95,4,-41,57.08,74,57.61,-14.44,90,21.95,5,114,-5.27,125,19
121,22,30.83,22.66,-8.01,72.61,67.94,84,24,29,120,69.22,76,33.6,-34,7.77,-5.97,7,95,-5.45,20,56.82,-9.43,-11.66,93,131,52.47,115,36.76,6,-11,94,10,-18,145,-18.92,55,109,3,73
-16.58,-23.61,87,-15,-2.62,80,-30,60.4,69,-35,103,44.19,49.54,10.55,69.06,52.21,-10,83,23.21,-20.62,-1.26,-13.07,-9,-26,41.75,13,68.6,137,112,31,69,131,-11.02,22.76,-11.62,79,34,58.07,-22.64,23.72
33.53,52,69.23,14.7,-45,64.74,1,19.45,37.27,52,64.1,100,117,3,-38,-19.57,33,-24,98,58.28,68,29,20.13,5,-24,-24.33,0,21,47.3,-22.83,84,-23,-10,60.88,143,113,58,122,-8.58,-14.33
14,119,14.16,-32,79,24.53,51.02,56.71,46.46,17.54,103,126,47,-11,35,36.5,11,38.96,-22,65,-42,15.64,-41,15,-27,56,39.78,89,58,54.58,102,108,124,46.03,1,-9.51,139,144,0.18,99
2,84,-19.53,-1,105,13.23,5.93,-20,52,88,16.26,42.94,64,57,55,98,-50,74,53,16.19,133,-9,-50,140,-33,42,17,102,118,36,33,-48,43.5,32.35,53,-2.3,60.3,27,20,-17.18
149,123,-3,-11.29,148,48.46,30,72.11,58.07,14,7.75,-12.16,98,3,57.36,119,6,58,-8,65.63,33.84,51,96,56.56,42,140,10.56,-22,3.91,109,2,-48,7.16,6.45,112,60,141,41.42,16.12,114
49.73,-20.96,149,22.11,-6.97,51.57,12.84,-31,-47,86,64.53,54,80,-2.14,101,118,59,-1.12,-24.82,54.26,32,21,138,50.64,-3,34,109,73,-35,-5.81,113,41,37,74.89,-10.75,88,30.63,23,33,84
48.98,33.62,-44,63.99,94,113,144,74.82,81,-12.62,-3.97,104,-12,8.87,0.27,-4.65,84,-42,-34,8.59,35,25.8,106,123,11,26,81,-29,58,-9,147,129,129,51,126,46,8,-17,19,42.4
97,-22.2,101,19.96,-47,30,-39,9.57,-12,26.39,-7.84,-5.92,4,-4.59,73,13,7.04,-19,58,-16.01,53,59.64,13,22,49.19,102,46,22,107,20.55,-9.49,34.67,36,24,27,-18,122,-5,25,5.37
-2.13,91,-14,51.22,57.24,11,-46,35,9,-45,87,-13,73,125,-27,100,-3.61,138,66.9,50.71,55.71,146,39.96,8.73,9,64,61.1,78,25,35.05,13.34,5,9,49,131,132,3.65,7.59,28.23,-2.41
102,110,36,52,10,25.97,-42,66,6.64,22.29,83,81,103,-46,111,68.55,10,3,40.92,118,70,3.9,137,-0.22,16,45.36,111,131,28,-9.44,-8,-26,-3.76,22.77,-26,77,-27,48.78,66,12
39.66,71.85,65,-27,146,149,141,84,23.28,94,-23,58.95,10,55.99,-16,60.62,141,29,70,88,47,-26,20.61,62.23,5,-2.57,20.61,-25,23,6.72,34.43,-3.98,-12.98,65.8,-49,-46,43,16,120,-31
147,37.54,16.18,9,128,-0.09,98,120,-0.8,84,60,37,71.71,9.88,116,-0.01,88,57,23,9.98,46,-24.17,16.26,35.63,55.83,1,84,10.29,-10,70.11,62,14.48,-19,23.49,21.74,17.68,-39,-17,-9.17,-20.42
-2,7.12,0.26,12.83,72.1,117,16,49,6,3,145,53,42.73,40,48.83,23.86,-34,-13.98,10.79,-1.08,55,19.22,36.84,-38,53.38,36,66,98,31.34,42,41,92,4.74,116,62,23.62,60.5,34.23,92,-3.87
87,49.29,71.3,15.37,108,49,36.43,-8,68,-46,11,-7.51,-48,79,-3,77,144,59.45,110,112,-17,21,38.35,88,109,58,61.11,-46,9.41,98,17.43,14.75,60.22,-48,56.53,-47,58,119,57.59,11
68.09,10,36,-15,-16.45,2.98,-17,12.51,66,20.76,49.47,9,-26,141,1.11,17.5,102,24,106,119,72,140,106,62,25,45,17.29,-5.26,-9.36,-20.22,21.17,74,-21,144,-15.15,42.42,73.84,31.21,66,30
48.84,106,3,67,145,5,59.45,10.13,9.21,-49,-35,123,38.76,-24.92,2.98,47.72,51,49,103,58.32,47,119,0.74,-31,110,-24,7,92,-22.56,109,-19.53,-21.21,100,106,7.37,15.65,33.01,-19,137,48
15,-16.01,41.71,69.21,57,31.32,25,85,88,28,-15,29.98,92,10.27,51.26,-0.73,19.52,-4.48,-16.79,-16.49,-8.92,60,-18.24,39.69,73,75,110,67,-4,57.13,31,-31,-7,135,59.25,16.91,135,-43,-2.25,31
59.68,-18.49,-17,-0.81,-23,-4.24,35.27,71,5.38,-7.66,27,22.29,4.52,29,75,92,-6,53,-11.08,66.38,60.47,-47,77,38.44,68.83,28.82,44,141,20.5,-2,117,-10,1,16,-42,140,-36,72.85,54,-1
26,-33,-34,108,45,99,90,141,-1,-4.24,-3.6,63.43,38,-3,13,111,71.15,-48,-22.79,71.91,9.65,126,54,132,101,48.64,55,-5.48,24,70,-16.83,127,90,-19.05,26.97,2.23,70,7.78,56,142
54.99,36,108,26.08,-14.31,99,137,13.98,-45,-31,0.13,73.48,-18.58,14,-49,126,35.14,46.6,40.08,55.36,48,27,149,2.47,141,40,85,93,-18.27,48.03,95,-19,-14.12,13.41,5,15,-50,27.29,131,71
-37,-24.16,-23,40.11,21.62,47,58.58,9.59,-10.92,79,20.82,57,59,32,-11.13,-27,23.65,-30,-15,39,72.09,29.43,19,121,16,69,3.65,88,-35,18,71,30.48,47.57,140,-4.59,-18.62,48,-15,120,19
148,4,66,2.57,76,40.32,49.34,-9,149,-21.57,41.85,2.76,77,19,18,13,2.41,48,-10,14.59,2.25,-49,-20.11,74.78,17,6.97,60,-22.8,125,91,36.07,10,-5,-5.92,100,9,86,-2,18,17
95,79,-12.92,66.15,42,22,16,49.24,22.28,11,37.24,45.38,-23.2,59.63,-10,149,-50,22,110,52,-38,51.61,6,-44,-10.45,89,39.73,-9,-21,18,64.42,124,-50,87,30.53,13.81,108,93,-8,-9.46
64,29.6,-1,-50,21,-16.61,48.07,59,-24,24,30.47,73.36,72,16,48.29,125,23.91,51,19,8.76,56,-20,-20,119,25,-7.98,17,149,50.88,28,26.74,74.74,89,42,139,-6.94,115,124,59.21,74.03
68.97,-7.06,13.96,28,-22,-33,60,8,10,86,-36,105,107,40.69,19.4,50,-13.28,98,-16.4,106,-2.29,8,57.16,-0.24,-10.54,33.15,39.48,115,-20,59,52,2,7.55,21.79,-20,58,103,149,5.48,80
40.83,-15,142,59.14,-4,119,16.69,39.12,-6,64.16,30,7.88,102,47,146,16,12.32,134,-2.48,67,-33,30.95,96,25.02,109,120,136,52.5,31.12,30,-18.21,1.31,72.83,67.04,97,-20.7,38,47.79,51,41
-23.3,-47,-16,73,67.2,62,-11,94,138,-20.99,-30,76,54.5,24.13,6,42.74,52,21.96,-19,139,-26,4,-1.53,116,128,50.08,12,-10,-15.59,19.86,137,123,-39,72,-44,2.48,-34,4.54,48,-23
-45,-11,32.07,50,34.73,92,-9.92,36,41,24,142,-20.42,12.31,148,5,97,33,118,43.74,101,-42,6.63,65,1,-24,4.27,17.68,33,21,87,41.26,114,37.75,11,39,-15.94,-4.75,56,-3,-11.21
-28,111,-19,12,122,66,50.29,42.49,-24.91,103,0.75,29.48,30,21.36,59.45,62,71,22,26.56,-15,-1.37,4.91,30.81,13.9,116,116,20,62.29,4,30.82,14,95,7,109,81,113,81,36.32,132,115
44,-14.69,18,34,124,51.24,16,21.25,66.52,36.41,122,48,1,-18,40.32,100,49.87,101,134,-50,109,-44,134,72,-38,123,10,-7,9.79,56.27,146,-8.2,4,75,38.27,140,-20,80,113,10.73
-44,92,55,49.52,28.21,0.25,-20,-19,107,28.68,15.19,31,120,59,76,100,-15,8.62,57,55.16,49,-12,7.54,11.81,28.47,112,27.34,146,80,-41,50.7,18.64,88,43.54,119,139,31,128,141,118
38,6.35,9.6,58.61,83,34,124,62.75,7,-12,7.02,17.76,34.16,107,40,42,68,-21,50.05,71.59,16,67,64,19.06,14.91,66,134,105,7.27,-10,136,-14,-10,-1.87,-21,70,29.56,-24,84,10.64
15.92,67,145,53.52,114,50.29,23,5,-17.63,47,26.3,-31,17.67,124,44,17,46,72.12,29.26,46,-15.54,-30,136,38,117,7.72,22.91,76,45,148,21,15.61,57.62,26.01,2,34.25,-38,55.9,68,139
-18.78,-7,91,142,47.16,42.5,27.11,8,74,-15.25,38.58,-0.44,-7,-12,119,0.76,65.12,83,38.01,86,53.09,25.82,12.96,35.06,21.31,-6.99,42,73.9,22,8,-8,-29,26.87,59,12,39.83,-2,93,70,115
-7.88,93,-40,-10.35,35,30.19,55,-6.64,46.46,54,-2.71,119,28,61,28.04,-7,4.11,52.88,47.25,-31,2.62,125,140,-2.42,68.95,42.73,-10,58,115,59,23,122,-16.92,35,50,-3.99,71,57,-4,28
109,58,-25,26.16,7,2,-25,93,22,-29,-22.13,11,22.47,10,51.21,-19.64,64.78,93,95,23,59.34,-4.08,147,-11,49,1,-3,18.32,-10.75,107,69,-21,24.55,148,-12.72,89,20.72,95,64.41,10
52.8,142,114,82,-5.33,71.83,53.46,129,66.91,130,33,63,8.76,108,-10.52,47.78,83,47.18,22,-19,77,49,-11,30.85,93,19.37,-3.96,-48,136,118,39.61,22,72,72,51.35,49,79,64.2,85,-39
10.33,-15.05,26,-49,54.93,62,143,107,133,51.31,-18,35,-19.38,19,6.84,-9,-18.55,114,-29,-32,5,22.97,32.28,44.86,13.66,-13.84,-0.15,46.88,-8.56,-25,-10,27,-10,70.27,-12.7,36,-15,29.96,55.65,126
31.35,18.53,17,52.45,-15.27,-29,78,8.21,96,1,73,34,-24.18,8.91,100,69.4,33,25.33,28.22,46.56,29.04,3.58,-20,54.56,12.85,-4.24,45,9.57,54,-39,-16.36,86,27.86,28.32,41.64,65.35,97,-5.43,4.96,24.73
-3,-20.52,118,92,123,-1.53,-24.57,18.63,122,69.3,43,15.99,-2,67,93,102,24.94,135,49.59,5,2.46,70.41,0,84,36,120,20,-39,39,68,64,143,8,33,71.6,84,71.19,22.84,50,46.39
38.51,64,57,-20.69,-41,85,30,-11.44,99,-49,60,38,-8.79,67.93,32.99,30.59,67,6.79,30.92,21,41,-30,107,57,54.66,-17.06,-2.79,6.19,145,-38,41.79,17,-42,3.07,18.56,-17,52.37,64.23,-25,39
-4,58.7,22,34.09,-47,102,-11.19,-2.97,26,45,66,121,89,8,32.53,-11,69.33,-26,0.36,31,88,-14.56,128,2.46,66,65,72.24,109,6.71,65.13,-10,117,128,103,67,9.63,-45,21,116,-13.33
-9.57,48,10,38.44,125,-6,126,-15,66.37,61,38.59,19,69,-22.69,37.1,109,96,-44,55.89,93,27,-1.69,148,-11,112,-39,114,66.04,-18,114,-17,43,-12,-14,-25,1,129,58.04,48.61,-20.18
6,66.37,99,-43,72,51,145,21.33,-19,-24,56.18,-6,116,11,48.31,50,41.44,42,3.34,86,-16,30,-9,-35,113,-1,69,61.13,10,34.28,8,-8.77,-14.71,25,0,51.11,54,136,71,20
38,48.93,52.72,-34,-23,-33,30,-36,-38,140,-49,52.27,146,18.7,-16.1,22,141,49,41.07,104,106,74.25,26.9,41,-39,96,126,35.89,-34,24.38,62,-13.4,24,141,31.57,105,143,147,-19,2.74
57,37.89,-11,26,54,-18.43,127,74.72,50.05,-0.26,43.16,-9.12,21,-23.08,51.41,14.17,3,-19,58,19.24,-24,3.42,24,97,143,43.06,-2.75,-10.5,83,51.71,-45,30.88,64,29,67.39,70,143,143,59,-9
-15.9,-16.94,64,101,95,33,44.9,3,99,80,35.04,54.96,146,70,-14,71.55,7,122,42.06,-9,48,20.76,52.06,5.21,-43,55,50.87,43,23.78,32.69,43.56,148,40,88,-11,43.89,40,71.12,34.89,-19
44,16.45,28,28.99,43,-19.42,61,41,-32,-45,-4,44.58,119,43.74,26.13,-42,-40,90,-19.25,5,106,65.69,71,-4,-15.43,60,54,116,52,70,137,149,-5.83,9.65,-15,118,61.8,134,65.41,50
83,94,124,49,45.61,1.15,57,2,-23,109,54.5,85,-12.04,-21.03,17.72,16.41,22,35.21,51,81,39.09,57.83,32,-44,-17,43,78,-16.09,-41,-10.71,59.28,51.31,68.55,123,63,77,44.32,-12,98,103
51.67,14.45,-21.42,58.31,78,2.53,7,0,70.16,40,0,36,65.19,46,37.02,60,73,-23.89,126,72.41,-12,33,118,80,3.14,-15,31,-23.04,53.57,13,-7.3,28.03,-25,43,116,-7,101,-4.39,56.36,26.9
42.31,14.39,81,9.05,47.23,119,8.48,-39,49.64,19.15,146,-30,-3.22,31.59,75,-18.88,-18,-7.02,39,26,122,-16,28.05,-41,11,-22.09,40.28,24.79,53.87,-38,85,-17.43,-21.22,112,104,-22,67,29.14,-13,37
72.39,13,67.19,27,65,94,-5,-14,45.45,-2,49,25,78,42.14,70.94,142,63,-33,-40,60.72,10.57,4,-31,135,46.45,32.88,-34,67.59,83,100,31.49,56,141,69,140,14.88,40,-48,128,37
138,103,-6,15,0.64,137,111,-40,27,36.44,5,87,99,-39,146,-38,-17,119,0.5,110,46.56,-11,45.46,69,31.15,65.82,71,87,-24,57.38,85,131,137,42.42,65.84,128,88,-8.89,22.47,2.81
14,16.41,78,-34,-5,72.87,-18.49,55.78,28.3,43,73,94,85,33.28,15,32,63,44,26.81,48,42.95,64.37,52.45,-17,25,132,74.08,17.56,-47,142,129,-3.72,26,-10,-18.37,43,-22.97,-1.25,18.73,22
113,-45,85,8.29,37,97,145,-36,43,61,118,26,73,-34,21,52,104,-3,4.78,83,106,37,103,12,4.06,80,34.82,26.65,-19.01,35,38.89,128,-29,11.59,60.08,25,12,-3.21,-28,145
50,63.16,34,27.31,20,127,42,107,-44,41.43,33,17.38,6,26.59,13.05,111,102,55.15,6,-23.15,24.17,-22.72,134,-22.02,21,32,73,55,0,23,5.35,1.41,43.01,-7,44,69.6,56,-1.8,59.74,20.99
71.28,-23,66.01,-27,33.27,46,104,13.58,-44,-33,-34,-7.82,87,19.65,54.1,-8,135,-39,85,95,91,-8,-14,-8,69.63,49.4,17.6,77,53.45,26.92,29.88,-15,-42,13,25,11.68,111,-44,130,130
-6,110,43.75,-37,-39,42.95,-4.39,116,9,-42,-10.28,129,31.68,-16.06,111,47,-7.66,118,-13.88,39.93,59.71,-14.12,-27,-38,28.85,52,-43,-23.83,88,21.2,34,-17.67,89,5.33,99,41.78,96,23.23,30,-45
55.58,113,60,12,45,51,-23,121,137,35,54.72,-49,56,7.75,19.03,108,110,51,30,41.43,12.33,-7.16,90,116,52.13,13.06,40,51.14,5.2,-37,123,9.31,9.72,44,73.12,68,-14,35,30,-41
41,15,7,147,69.16,15,74.39,25,91,55.77,17.89,66,-6,37,123,8.68,14,6.07,-4.29,113,132,-22,52.86,-4.55,45,89,14,116,92,50.43,72,19.42,-47,14,68.14,83,24.83,18.84,-28,72.38
120,46,107,55,109,-38,8.35,65,-4.39,74.1,8.69,15,0,69.59,-2.02,13.48,26.26,81,-21,56,34,5.91,68,20.68,22.42,27,44,25.27,135,32,41.27,121,148,-21.48,148,134,94,22.98,53.63,-43
76,40,84,72.83,54,73.79,55.33,137,54.86,63.51,44.09,121,-15,31.39,36.44,38.18,127,21.4,-21,-14,43.64,35.91,93,98,72.67,-37,32.12,33.38,-23.03,147,43.51,52.62,-50,-18.39,66,-24.65,59.81,-9.86,118,-18
33.03,37,23,-20,7.16,134,-22,-42,94,47,132,36.28,68,41.22,-3,3.59,60.59,42.72,122,5,-44,83,-11,0.1,80,-14.49,142,1,66.5,135,81,10.91,-15.4,-1.48,-9.02,62,10,12,-14.79,116
6,55,-22,116,130,72,94,56.54,60.41,-13.15,111,71,9,23.56,-15,5.29,144,5,-30,34.05,67.49,-16.31,80,-39,-7,-19,23.46,41,135,38,33.97,18.52,-11,-16.97,14.1,-22.67,94,23,42,-16
126,22,75,43.25,1.93,51.92,7.45,69.25,-30,-34,27.35,-18,128,148,51.99,34,28.32,-41,23,9.03,4.22,-2.37,78,31.64,68,136,-22,15.43,107,38,36.2,41.09,18,-31,36.64,73.02,51.79,116,-2.72,41
-7,73.81,63.21,11,-24.54,59,18.94,-30,-10.37,40.93,-22.75,19.7,-21,70,8,47.01,47,1,24.09,63.95,44.89,40.99,147,80,11,-14.88,38,90,72,67.93,-26,14.53,20.21,48.76,38,125,145,36.91,6.31,32.8
-15,15.74,108,65.11,59.49,0.45,130,-7.53,79,16.26,62.54,16,43.93,19,21.2,-16.08,39,-14.16,-23.6,77,53,129,41,146,21,60.25,-0.19,-18,145,54,-14,-40,34.71,-21,65.37,70.9,61.2,35.55,139,6
-50,76,79,-14,16.79,139,70.96,-36,-3.26,25,54,80,48.78,9,7,113,57.6,-0.05,61.67,22.32,6.63,8.46,24.44,21,-12.3,43.69,-13.65,46,74,-31,118,104,-34,8.1,-24.71,44.63,22,110,-28,57.93
111,15.52,-3.87,41.96,14.53,37,-12.61,132,141,60.05,73,73,100,149,59.72,121,33,3.5,39.2,54.34,62,-0.76,-15,36.08,88,-10.04,61.91,-22.6,105,21,104,-16.61,103,37,98,78,28.51,69,123,57.43
21.49,66.6,30,-10,135,61,51,117,72.8,22,68,45.96,98,-6,28.71,-10,-9.54,9,8.9,147,62,11.01,-22.91,54.4,27.87,77,21.76,90,-23,-24,117,51.15,-38,26,86,66,-29,-13.38,8.83,52.75
64,-11,39.61,70.88,0.14,77,45.96,99,60.15,-45,135,-40,-42,106,-11.87,45,37,-23.47,-8.44,112,-28,24.27,119,83,71,13.03,72.67,36,65,-8.74,75,-15.86,67,-14,53.6,95,72,32.76,-10.99,26.87
18,12.53,-46,-20.5,50.09,96,141,55,45,19,8.45,132,-35,-44,-0.67,37.51,51,9.49,1,30.72,13.47,67,-14.76,136,135,112,88,134,80,2.73,46,-5,51.73,125,39.25,100,58.97,7,-23.54,6
23.19,134,71.04,37.27,6.57,-28,31.48,18.23,32.03,10,-18.7,25,36,123,72.42,3.35,-1,111,55.42,58.51,85,34,42,7.76,34.59,-13.14,6.05,24,10.15,91,66.26,59.16,7,-9,127,130,28.53,-10,26.69,-5.48
90,43,-20,101,115,-13,94,3.28,31.61,63.45,-11.33,-14.63,59,96,32.7,11,-20,-3.89,-21,29,122,-18.51,32,12,103,-21,21.01,128,54,8.2,9.17,63.08,12,76,140,138,-7.78,64.87,93,67.38
48.64,76,-11.86,55,-39,-9,-13.86,1.99,69.79,-19.87,66,-12,81,-1.36,146,60.38,22,25,-14,116,48.77,127,84,57.69,51,135,-12.57,21,99,125,136,48.14,52.47,47.46,22.49,148,6.01,33,136,-16.96
58,101,123,115,141,9.73,6,22.03,58.62,6.01,-28,94,110,63,-46,101,36.91,95,35,-50,63.86,147,-17,-16.41,-14.57,-15,-0.37,26.33,-12.36,4,10.43,88,100,135,146,6.19,89,45.71,2.46,-7
107,47,-36,42.73,77,24.35,-18,63,116,55.56,-50,12,75,130,106,45.45,119,135,58.29,28,-16,15.46,58.25,73,102,33.74,32,65,-28,10.34,6,-39,52,-20.24,73,-8.99,89,35.66,124,20.25
49,43.14,75,19,39,126,64,100,54.19,22.46,-7,68.98,63.4,45,72,123,30,-43,-23.65,14,35.35,26,75,93,69,-15,63,-1.02,108,-17,141,107,-2,36,11.82,146,24.92,73,69,32
-13,87,40,-15,39.73,54.18,60.3,-0.43,6,136,87,24.84,62,17,14,63.91,70.57,82,38.38,26.12,72,4,96,-28,28,18,-15.78,-1.19,-18,17,53.66,-26,26,69,110,15.96,49.5,87,2.44,91
48,131,53,105,-11,-6.68,28.84,74.62,70,108,117,-4.53,88,41.04,21.05,-35,86,1,119,46,-18,-4.29,-6,148,8.55,-48,38.94,122,0.95,1.5,121,133,102,125,9,31,-3.42,38,73.52,-47
36.15,0.36,31,-24.29,26,74.8,66.81,72,104,2,100,55,-22.33,38.28,50,7,109,45.44,63,12.86,64.28,57,114,69,1,83,64.94,34.35,121,56,92,39.14,13.47,122,25,120,81,114,-8,129
53.27,60,6,45.49,145,117,8.73,115,-9,137,-30,43,44,102,-31,-17.96,25.9,-34,-29,-42,55,74,70,3,57,14.68,108,28.87,-12,-7,142,78,-21,73.03,74,55,88,40.64,73,126
116,101,-19.08,22.59,20,4.56,53,-1.21,-23,71,59.48,-24.26,36,80,40.79,-10,89,-9.06,124,73.38,16,-16,54.94,2.82,125,50.42,13.67,34.03,-20,-8.71,-47,112,26.69,73,103,49,2.76,107,50.73,55.05
-4.06,55.84,81,17,-21,28.39,121,33,19,69.04,40.06,-18.82,-10.46,105,-5,128,96,-13.27,-7,50.21,113,-45,8.74,67,-17.42,140,49,70.72,142,128,134,143,35,2.17,102,77,60.4,-48,32.46,137
-2.23,14,0.05,2.61,21,-20,-30,62.09,-47,-21,17.3,68,69,-10,-33,69.46,8.68,27,-50,91,-2.72,85,122,-2,47.02,32,-34,61.08,67.37,14,-5.25,47.46,2.68,20,92,20.08,42,45,13.66,7.26
-49,40,125,71.62,86,-7.04,-2.62,49.66,97,65,99,109,-20,92,46,-3.73,114,57,32,142,38.29,82,-11.81,19.43,109,-3,18.2,22,32.39,71.21,-14,43.15,24.4,9.92,-30,71,126,74,58.14,110
71.49,43,-35,149,-18.12,38,41,43,-32,16.03,-48,-7,33,35,96,21.8,69.39,44,18.84,71,118,4,-12,-27,146,53.42,0,16.48,39,50,116,-32,39,-9.67,39,-6.69,123,31,-7,33
60,15.54,52.92,148,11,41.69,47.6,46.46,-10,-10.07,46,144,-20.75,32.03,51.92,41.95,-4.83,60,-19.68,69,11.46,25.54,75,138,121,92,-3.37,-20.24,65,122,8,53.75,53,40.9,8.42,79,88,58.92,59.44,5
-20,43,75,-3.61,86,68.5,59.61,18.78,19.99,51.42,-24.59,43,27.54,124,82,-47,140,-7,-24.5,35.41,-0.75,23,35.92,66.84,8,83,127,55.7,105,143,47.73,-41,74.63,72,-26,30.99,64.53,-21.34,54.62,4.66
3.36,41.7,104,-11,39,40,64,-11,81,-8.59,-15,61.21,-24,105,4,56,-41,34.6,60.19,-15,-3.23,15.43,-9,-17,-5,45,42.56,-3.81,54,143,142,70,43,82,68.51,-27,73.98,73.04,2.27,-6.05
-19,2.56,90,-24.78,-18,69,95,52.01,13.1,24.95,45,45,-26,70.48,67,-4,110,-45,24.31,-22.48,-22.32,37.31,-2,39.15,59.51,108,69,-28,5,23,81,16,-6,49,115,17,96,-1.23,-33,144
37.66,-3.63,71.71,56.03,66,22.65,105,98,74.03,79,64,68.16,-2,147,-50,49.67,27.94,59,84,61,70.08,8.94,-20,65,48,74.6,70.21,17,38.35,1,62.22,17.73,87,17.24,-6.49,48.73,49.72,14,51,16
-29,7,138,67.96,21.64,-16.6,-44,75,9,28.17,-21,128,-0.07,27.74,74,42.78,57.91,57.77,-4.44,50.21,1.38,-1,19,-15,-2,13.91,5.53,-11.31,110,8,15,49,142,14,13,23,91,99,-16,1.72
99,47.49,-2.36,32.94,43,-23,-47,-37,-5,-23.2,-14.74,17.38,-1,-8,-16.26,38.72,60.07,9.58,80,71.97,-37,14,65,-26,61.72,-5,147,9,97,-1,34.81,-11,71,59.36,-19.36,-50,56,-30,-31,147
86,-23.79,13.1,51,38.53,24.5,101,99,-13.82,-4,-14,92,7,6.84,20,-31,18,20,79,58.32,-6.13,50.67,115,-7.6,140,-13.29,52.07,21.34,67,32.7,-22.38,8,22.83,44.97,-40,97,52,23.24,92,-15.23
-18,42.74,2,11,117,97,47.75,127,-25,98,42,34.6,-39,59,112,-18,53.18,83,24,-46,54.99,73,-24,26,-32,33.22,-12,55,-38,-44,17,108,136,57.9,-20.58,19.58,63.78,91,28.06,5.07
55.74,-21,-28,84,96,52.33,-19,-17.58,20.72,100,125,64.14,19.65,-21,64,25,126,79,56.97,-23.16,51,31,44.94,84,61,115,12,-13.15,18.97,-0.93,16.28,-16.31,59.27,-0.02,137,80,20,23.16,26,-30
49,34,46.61,34.85,79,75,-17,-13.8,-47,-8.12,72.55,8,-6.35,49.05,18.18,62,34.58,-39,44,19,48,130,102,-24.67,53.49,-40,73,10,30.73,49,52.61,-3.49,36.44,2,45.58,4,59,33.49,93,62
-21,19.67,-13,16.92,-45,-7,104,4,33.75,50.1,30.51,28,72.76,96,27,64.71,-13,37.68,71,124,-23.22,45,33.2,139,92,13.06,17,94,11,4,128,53.8,-19.85,-14,112,63.78,122,10.99,55.92,99
32,-24.11,40.62,5.2,143,-19.37,83,7,-2.52,133,-37,46.43,-23,45,-19,55,133,50,31,45,122,-4.62,85,73.82,-0.11,28,54.76,46.67,-7,131,-15,43,57,43.47,16.96,-34,50.07,-16,-1.42,108
138,17.1,20,101,97,-22,-19,-32,39.06,-22.76,16,85,-7,30,0,20,-35,141,43.7,132,12.8,-50,-10.64,66.45,-13.37,28.19,144,12.45,32,121,-9,-28,55.01,-19.21,-13,-50,74.59,29,133,57.2
-30,17.11,49,3.82,59,-3,15.12,76,-30,-28,10.05,22.25,41,53.01,108,63,-9.92,-26,41,2.61,-50,52,-39,34,74,64.52,45.93,-16,28,-1,-30,-39,-15.24,-22,6.07,136,52,23.7,15,20.07
87,18,43.69,43.51,31,69,123,15.87,60,5,18.46,-8.59,-2,7,62.6,98,73,99,64.59,16,47,16,-11.27,142,16.55,54,132,58.69,107,20.09,33.13,19,-45,61.9,-34,14,58.07,-44,147,69.02
65.5,122,86,15,-19,132,40,-26,44.99,132,114,-15,2,14.92,36,57.6,136,18.36,143,-20.32,34.71,-23,93,61,44.92,9.75,58,33.84,18,-9,72,22.37,18,-23.56,-24,-2.77,-12.33,-7.49,-9,-45
69.31,6,-35,-30,-41,125,0.4,137,105,22.26,-5,149,7.99,-23.68,23.44,-2.56,83,29.95,28,-23,-0.41,25.61,38,64,13,18.99,9.99,13.5,-30,35.31,92,-10.78,117,0,-42,23,-37,-21.41,70.02,-6.04
107,12,54.66,22.28,-6,67.48,-18,40,-8,109,61.36,2.8,124,126,72,45.25,66.08,95,56,-30,-7.41,31.84,-15.82,144,-11,-4,20.09,131,141,-24,-49,101,-46,117,94,25,77,55,-0.14,7.5
-38,53,53.96,36,103,-18.78,135,-32,-1,68,-29,-8.28,-23,47.43,128,-38,85,59,22,64,15.22,-6.78,-0.3,-19.84,128,147,131,7,41,27,79,14.22,148,-10.23,37.64,-29,69,10,69,4
-4,52.39,-45,51.49,60,126,-38,65.25,95,47,-34,62,60.92,45,135,12.63,86,68,-34,43.35,-22.06,52.96,7.67,105,-49,-10,69,16.55,-7.01,-17.22,10.78,30.66,2,18.24,99,75,14.43,69.33,107,74
88,0.7,-20,93,54,143,-22,-15.87,88,-6,90,79,-11,23.35,-7,144,54,-11.95,85,31,-27,105,71.85,132,127,147,-11.73,58,-46,35.16,-23.37,127,109,-49,115,-6,17,123,6,67
144,24,89,6,-43,2.27,53,-2.43,77,-26,110,54,-20,-22,44,90,-23,91,-10.23,119,13.44,9,7.21,-39,69,-32,117,48,102,17.57,-15.81,-4.17,25.63,-10,-12,-42,1.51,39,13.99,16.25
143,18.86,66,-1.89,40.14,-26,72,26,44,46.27,54.9,15,23.04,15.7,-39,38.87,68.1,146,-1.23,6,-36,-34,14,-24.7,62.63,-17,-47,0.13,87,-6.46,62.73,29,86,-49,29.54,0.94,81,-10,119,40.4
38.73,46.57,-14.18,79,119,6,-24.88,105,20.78,33.91,48.92,-11.64,55.43,118,19,46.05,96,26.42,19,-15,-13.61,35,-26,-8,14,11.42,49.83,68.71,34,134,52,14.46,45,39,-11.9,50,136,-19.39,85,21
148,70.12,88,-16.35,-32,121,13.51,62.83,-7.36,114,51,35.63,119,1.34,100,64,17,118,-5,-20,-1.46,-19.55,-48,82,71,18,38.96,139,56,71.35,111,50.2,61,2,34.18,12,2,42.19,132,107
85,149,140,21,144,62,37.27,61,26.21,15,54.91,117,20,72.6,12,73.97,-7.52,20.59,-4,40,-28,-30,62,-37,118,35,83,5,1.79,63,142,5.18,-8,-4.94,-2.58,-50,32.82,58,40.74,36
2,70.13,33,37.11,147,66.9,2,39.45,-32,126,62,37.29,3.64,-4.8,-22,27,6.62,-17.46,77,-43,70,4,35.98,-49,38,147,-5.54,112,68.88,67,-36,19.8,36,-37,68,144,-14,-12,40,72.25
66,68.67,10.4,123,23.12,10.08,38.86,-10,141,50,107,132,-18.58,145,8.04,-50,122,126,37,74.35,10,-26,63,133,-24.69,37,14,40,94,34.79,72.66,80,-17.35,58.25,22.88,6.47,113,5.12,147,85
48.78,-19,44,-7,-9.12,-4.07,131,28.77,-16.7,17.46,98,63.73,4.8,74.51,19.99,48,131,68,54.06,74.41,149,91,29.15,48.9,73.14,-19.63,42,41,-16.08,103,-20.2,-37,72.67,-2.49,18.46,56.17,-10.31,-19.78,146,58.34
105,22.84,73.87,102,65,-6,-34,4,-28,61.66,1.55,-4.67,10.64,48.49,41,0,141,-13.92,47.45,113,10,48.93,9,2.36,91,67.21,59,7.15,24,44.82,60,-35,10,62,54,52.21,72,19,68,148
68.43,66.54,47,-17.35,2.21,79,58.43,39,85,50.47,-22,49.31,38.95,-21,-20,-27,0.19,66.94,-21.6,28.43,-9.88,-29,60,21.87,115,22.75,44,109,4,-47,61,116,36.97,-24.1,-4.23,-5,0,10.81,0.31,50.14
62,-5,131,20.09,53,104,81,100,56.5,16.09,49,7,-15,71.34,-10,91,-10,14.23,60.66,-10.42,37,34,8,95,136,8,43.99,48.28,37.11,83,80,47,68,4,60.11,116,65.83,16.09,38,73
63.07,6.45,23.73,29.75,-48,-48,22,53,76,62,82,-14,47.65,75,128,58.1,13,89,46.1,-20,-43,12.52,4,-16.6,-31,24,-48,65,83,51.58,76,13,110,1,-31,136,110,7,110,47
22.94,134,40.89,21,14.32,1,-8.17,81,29,28.39,57.94,15.09,2.89,25,-25,-29,25,68,62.84,-22,-5,25.48,-22.17,41.22,-28,139,63,26,82,111,2,74.79,95,-13,-15.25,85,40.73,65.08,103,59.73
0,-21,2.88,-17,-23.81,-31,-13.51,63.55,31,27.78,-46,6.31,28,10.64,11.59,134,25.16,53,16.54,145,56.05,61.5,71,-46,-18,125,13,95,94,-5,4.83,37.47,34.12,-32,112,51.81,-3.14,-16.58,40,85
10.3,51.85,53,66,56,-4,-13.44,21,89,36.76,69,96,69,29.89,36,28.4,54.36,-19.27,103,27,11,46.31,-15.42,-5.67,63,109,73,-3.64,0,7.24,-44,8.54,41,-49,16,-1,65.81,114,-13,33.71
56.3,35.46,41.98,39,-16,27,34.09,85,-50,-24,50.81,110,-22,-19.37,89,5,75,18.38,64,-38,55.26,51.57,60,126,38,70,130,94,101,-6,58,11,39.15,17.64,-4.13,128,16.66,29.77,72.73,9
44,-19.58,-13.7,14.73,49.45,100,136,99,-44,-44,18.93,-6.2,87,120,73.62,107,70.99,10.23,31,27,1,22,33,63.53,34,0,118,2.14,147,120,35,-15.38,44.24,-28,1,8.26,137,29,-9,20.6
-36,78,-37,79,67.22,49,89,120,-4,49.33,60,63,58.72,105,72,11,-34,53.08,66,40.41,8,-23.45,88,38.01,67,36,22,139,71,68.78,79,59.99,54.92,66,135,-14,10.14,69.42,56,23.56
50,34.75,-7.3,22.49,97,27.99,10.41,48.8,65,32.88,141,137,-15.01,121,30,33.79,-36,11.6,61.93,-30,-15,-31,114,56.37,91,21.71,9.04,54.44,4,-35,68,49.99,39,-14,89,146,-44,49,41,39
-35,-23.76,-22.49,2,21.6,1.19,-11,-42,17.51,103,71,10.95,-37,15.29,34.99,25,123,8,133,-5,-4,77,-9,-4.39,90,-3,29.15,-12.14,59.64,52.12,109,98,81,16,36.75,-4.65,28,-24.52,149,-3
61,36.12,11.21,29.12,66.64,-8.32,77,46.55,70.15,-20.82,57,-17,35.66,46,65.9,139,143,-22,59.83,63.09,70,18.59,59.76,-23,148,145,132,66.62,20.35,-6,47.19,-3,99,43,145,11,16.62,22.68,-5,-36
61,5,13,61,22.12,139,-40,-24,115,36.15,18,11.03,13,-6,94,45.7,124,116,51.54,149,-18.15,10,48.23,-38,7.99,30,28.64,-47,110,25.58,52.45,36,5,64.72,-42,-48,-16.39,18,116,138
0,98,-17,117,-22.67,69,-43,112,97,26.05,77,16.82,43.14,-24,131,111,-6.24,-2.85,-3.68,65.57,64,29,5,-45,-1.13,64,-37,104,-9.17,-19.19,1.03,15.13,147,139,27,-2,29.79,78,32.43,58.83
3.21,77,3.1,83,13,-41,-31,15,84,-35,29,30,-42,53,19,73.38,125,12,25.67,37.08,116,59,72.04,112,85,140,-15,10,139,46.16,120,104,54,-30,34.71,3.97,31,25,78,35
-18,41,97,0,-5,52.74,68,39.67,-12.18,34,-18.3,117,49,119,11.16,-22,38,-45,25,31,144,74.95,100,85,99,-21.72,149,-6.63,46.35,107,97,-16.82,18.94,-17.29,137,36.48,-12,57.97,75,70
138,-37,29,113,71.31,31.43,-19.15,-1.36,3,28,35.35,57.29,-16,13.4,-30,59.47,60,33,34.27,91,-23.73,33.01,70.58,-44,9,45,51,131,18.9,20,5.06,48,-3,64.69,68.2,-48,96,-13,-20,110
23,1.47,135,132,25,32.76,98,-3.28,110,38,103,95,56.04,65,36.42,66.42,-9,2.44,101,-5,53.99,-21,-1.3,106,-8,21,17.04,-6.48,-41,40.45,-11.58,-3.6,100,-32,64,45.88,41.95,-19,5.4,-15.65
143,28,90,17.59,-12,2.06,56.38,121,73,-15,72,113,144,22,58,22,-45,71.61,-37,4,8.85,110,105,-22.86,46.06,12,96,17,2.67,86,144,1.24,19,74.94,119,37.23,67,27.63,-2,7.77
3.45,69.26,109,-28,58.02,23,39.64,65.17,-4.2,78,-15,-4.23,48.62,129,-15.38,59,-3,92,1.72,88,23.83,-14.07,126,17,122,138,71.62,60.15,52,19,86,-21,-44,-17,-15.66,67.89,24.86,-3.16,67.26,-26
-12,33.81,98,-40,15,38,-27,57,72.91,-29,19.72,-5.91,124,-24,41,42.28,2.16,-27,81,128,-20,33.12,-24.17,31.38,24.85,55,-8,50.58,57,137,-11.22,15.38,37,31.06,17.09,6.64,-18,6.61,0.82,11.48
3,57.5,77,75,-17.71,34.26,25.61,15.37,39,2.77,-0.38,54.83,20,-34,-14.79,13.2,108,40.78,40,7,-4.55,92,57,117,145,17,23.03,74,72,118,85,-20,-1.79,82,25.14,117,-0.72,-21.22,23,114
59,-8,140,-43,48,-24,129,-26,15.07,67.81,-28,10,111,-50,65,34,-4.89,-24,48.09,33,62.34,-26,119,109,7.55,17.65,68,-18.91,71,41,0,73,124,5,0,55.47,-22,109,23,42.13
28.15,149,67.08,32.9,140,148,54.93,-44,8.09,-45,-0.08,-23,82,3.76,-6,-7,71,40,9.99,122,53,31,50.75,1,59.46,18.45,-15.01,50.57,27.07,57.61,42.86,-3.3,-1,142,-17,40,23,74,137,4.91
29,-32,77,19,11.59,-23.37,-13,-7.47,46.58,54,-17,-5.31,23.49,-23,30,-6,32.62,119,-4.42,-41,-4,10,-1.69,141,34.22,7,100,66,92,34,90,142,114,-12.38,-6.62,-7.85,-24.18,39.3,30,45.21
50.98,118,49,22,57,46.6,59.62,-3.79,-24,115,125,36.79,2.13,67,20,11,43.76,19.97,104,-9,71.2,47,27.99,111,-32,69.91,106,-49,43.27,13.77,40.26,-46,103,6,93,-6.44,-8.19,102,8.48,41
-1.4,-49,49.95,7,-38,65.05,42,28.67,49.31,-19.78,67,-15,133,68.48,-21,13.24,57.51,63.38,-39,147,27,17,2,145,111,-4,62.56,41.94,64,124,-7.73,94,-30,30.54,-5,135,55,39.78,139,122
133,147,72.74,49,69,27.02,4.97,2.55,19.9,142,-12.69,82,15,75,33.07,6,-3.7,26.18,10.67,-28,46.81,144,-17.15,112,110,-3,-50,-5.55,55,-17.51,25.46,94,56,11,114,11.34,67,9.84,-48,-2.11
133,124,41.52,-48,-18.87,75,68.33,144,91,69.21,9,44,-9.13,-48,36,144,-23,4.16,69,45,114,65.52,124,16,45,27,-2,-0.26,-17.78,4.34,73,73.98,16,44,-39,52,94,26.99,66.5,6.32
80,11,65.03,48,-1.27,65.24,46.2,40,72.29,129,-9,98,94,74,33,-24.96,42.1,128,89,-50,22.32,-21,39.81,47,-16.61,149,-17,54.3,41.72,33.34,36,-43,71,-16,28,5.23,31,25.62,-26,6
57.01,127,46.73,30.67,66.85,81,-15.78,122,86,-20.9,38,49.97,80,31.59,39.71,26,6,-2.97,67.1,26.47,58,131,145,-6.67,74.79,37.62,62.84,-20.96,29.96,37,59.09,47.05,38.19,117,103,-22,37,-23.96,105,72
47.41,110,-2,27.11,-37,146,67.25,-27,67.33,23.98,-10,50.25,-15,2.37,-12.66,-16,63.68,47.96,-13,6,40,131,-2.78,16.37,26.49,149,0,69,146,-8.99,5,29.03,72,39.79,-4.51,-47,146,40,52.21,67
52.29,33,37.37,12,37.48,60,55.94,-40,127,30.94,25.67,87,40.05,26,-37,140,-4.31,-40,102,-14.74,105,-47,44.87,-47,26.37,108,96,134,97,137,101,-47,101,-43,56,52,-44,-31,10.76,85
-4.22,58.47,145,44.66,1.19,69,28.8,-0.23,21.93,97,93,12.87,133,90,78,-23.72,6.11,-24.38,145,-18.57,92,37.9,-48,-9.72,15.54,61.48,9.25,55,7,19.54,100,20.54,76,65,19.01,26,21.58,31.38,40.66,-15
78,14.97,-32,79,-20,48.97,66,83,-49,-30,9,78,19,82,-23.8,74.24,56.4,4,29.87,-19,126,-48,-10.53,30.26,27,112,49,28.59,76,-10,-12,20,-1.02,50.35,35.86,58,59,-14,5,98
-6.02,7.74,54.65,-17.91,46,16,74.59,73,115,99,57.29,99,57.61,119,69.69,24,52.04,57.22,-40,-8.47,109,65.05,143,-15.56,81,-20,25,33.89,42,131,-45,125,68,-10,49.43,5.03,39.88,17,-31,145
66.48,-21.61,25.2,34.23,19,58,38.41,64.13,62,-17,72,84,39,141,118,30,29,12,-8.82,5.17,36.76,96,11.17,9,31.24,133,-6.52,103,2.71,0,92,52,103,140,6.77,-22,62.31,72,12,120
-47,0.81,121,15,40.73,-25,-31,105,27.69,-35,0.36,-5.27,44,68.19,82,16,43,37,-12,37.24,28,55,-29,22.52,103,27.11,21.51,73.63,26,46.13,53.82,70.06,45,31,2,41,-23.36,57,12.76,93
-1,6,-26,-29,139,21,120,65.42,31.37,-13.97,-10,60.23,0,15,37.68,-3,36,113,48.07,-20,27.96,-16.47,-37,12,59,17.79,107,70.11,34.07,122,56,-21.8,-41,18,14.23,0,62,91,42,140
100,2,63,61.61,45.52,-44,38,-29,-1.5,61,9.87,-17,119,-39,-16.71,-20.43,28.8,3.58,14.78,-35,39.75,29.75,98,-4,-26,75,-45,38,36.86,23,19.2,60.25,-4,44,-11,116,92,92,128,117
105,125,80,28.2,-34,41,7,61,-19,-37,35.71,25.63,-50,63,77,41.52,-13,-7.24,-35,3,14.63,-15,28.76,27.94,84,-11.59,-20,48.63,60.23,-6,5,109,91,-24.95,-24.39,-19.84,4.62,10.33,1,56.04
7.64,-23.38,1,119,21.27,26.41,7.71,32,18.19,-13,66.47,20.93,43,45,113,39.16,26,70.96,42,116,43.14,0.17,-43,1,37,25,60.82,54.23,33.86,-2.65,1,-16.87,-1,73.29,93,62.4,43.3,88,10,95
-22.51,18,-14,38.26,40.14,7.63,3.17,60.64,32.82,20,116,145,99,-4.88,-14,-43,24.2,-13,-28,-27,-18.27,87,86,41,98,-21.67,-13,94,108,-9,105,28.14,113,81,75,112,63.44,66,52.69,-15.26
41,51.53,142,125,24.76,9,49,-9,50,124,8.31,48,60.62,-14.16,-29,42.98,62,-3,2,98,20,-44,56.97,54.23,79,9.69,-11.99,21.98,146,57.08,148,-8.18,33.22,69.54,97,23.67,143,70.69,-7.35,-6.28
149,133,-48,107,118,24,85,-11.27,72.49,77,-19,74.34,-3.58,-19.81,64.59,31.05,-13.64,147,64.42,11.18,54.1,2,72,6.75,67.6,-12.55,-16,121,25,65.86,0.57,21,66.58,93,102,47.49,71.07,-24.32,37.92,29
105,6.28,7,47.79,44,-11.08,121,5.73,69.39,44,12.55,135,77,50,103,141,85,57,121,141,28.11,-20.05,105,-17,147,-14.09,30.32,-17,138,125,-21,55.55,-8,26.45,-22,118,36.4,110,23,66.57
73.91,-29,-13.11,84,72.86,13,60.34,136,71.26,68.39,-3,41.45,-35,9.23,76,140,-17.05,71,34,14,46.27,55.83,35,-45,43,57.01,7.63,52.85,7,8,16.84,-26,145,101,46.83,-18.16,33,-4,121,108
32,30.19,44.13,8.35,22,7.76,-3.86,-1.72,24.81,-12,-11,-40,69,73.87,41.59,0.65,-11.08,31.59,-15.68,-50,32.56,136,15,97,83,31,74,10,142,129,78,-1.69,55,120,55.33,11.61,-19,-22,55.74,39
118,99,133,25.93,71,32,36,61.54,143,28,-39,30,12,-14.03,32,125,72,123,33.79,-16,142,-6.75,118,59,104,73.37,-16,11,-37,36.54,-28,73,92,-1.39,43,110,69.74,79,113,72
29.1,103,127,129,28,33,108,-11.73,-11,110,22.55,72.62,96,15.94,15.05,26,-37,29.6,141,62,131,2.23,-19,-40,43,106,141,43.38,117,90,131,-12,58.58,-36,141,34.02,-14,41,71.63,73.79
32.5,108,34.47,111,-44,-38,47.04,54.96,89,28.12,-30,6.19,31.09,-17.27,113,119,-35,50,45.92,-6.34,-40,28,55.6,23.89,106,-4.04,-27,102,32.6,-20,-45,37.89,51,51,48,129,143,-9.97,25,72.3
6,35.63,-6.06,-22.27,-36,-34,83,148,47,6.71,74.67,40,-10,4,26.14,12.9,119,56.21,48,105,36,105,-34,31.89,-28,46,-21.55,116,8,122,-22.02,-33,60,-23,72.46,17,27.53,137,31,10
-46,53,1.13,23.96,24.87,106,44.27,30.26,-13,4.45,3.89,-3,145,31,8.44,-10.62,-42,37,-2.67,74,103,61.79,62,-46,29,70,30,10,-43,-39,-22.66,12.7,132,117,27,3.58,-37,-14.61,148,-34
28,-11.49,57,21,124,-16.8,-27,48.94,16.16,-11.54,135,69,57.26,68.15,-13,91,24,49.35,18,31.97,32.23,98,137,26.56,140,137,42.27,65,-37,4.03,19,-28,-16.26,-48,64.03,-43,62.16,111,-33,-4.81
-26,136,9,136,-34,70.06,125,0.2,3,43.97,-39,78,61.13,-36,30,-30,-5.13,67,27,99,29.6,58.26,63,1.5,69,47.55,-25,17,63.89,71,108,17.46,69,32,39,55.1,60.74,40,68,71
145,14.73,95,22,70.59,132,116,70.99,74.54,-12,15,0.92,16.57,-6.62,121,18,-22.21,-9,2.54,16,-0.75,-14,68,56.86,52,29.54,28.17,-29,134,100,39,33.52,-22.74,73.91,28,46,107,148,-35,59.63
-9.06,35,48.04,-27,-21.58,51.31,35.13,115,31.29,-3,53,41,17,-21.16,-20.09,-0.76,4.98,93,134,-30,55.63,-16.95,14,-3.22,102,-18.13,-3,104,147,69.86,74,-1,17.58,14.94,-13.83,49,-17,128,-11.27,-35
139,71,-38,49,105,118,139,38.06,-11.5,56,137,21.04,131,22,-1.71,133,148,93,60.14,0.63,-40,46,-6.23,141,45.97,2,72.75,29,93,81,68,124,7,126,108,25.08,-9,81,41,88
104,17,115,67,-50,88,6,142,131,115,-8,-2,-49,101,27,-5.09,47.91,121,2.11,-6,60,-10,107,35,83,13.36,63.65,42.34,3,-1.2,9.53,86,67.08,-8.08,50.35,32,64,8.78,-18,-42
86,8,141,49,68.35,-39,-8.3,24.85,69,49.87,21,111,41.28,50.01,148,55.78,78,115,-14.76,-15.99,25.71,-15.42,140,134,90,-35,69,28.47,130,12.52,-14.01,-43,78,67.14,73.54,50,136,60.97,71.6,30
135,105,19,-14.69,11.97,23.43,20,57,87,110,51,22,145,-17,61.42,104,8.81,21.66,23.47,41,15,116,139,48,37.52,38.96,36.03,54.43,16,-21.34,42.53,-48,6,-36,26.84,83,77,38.19,-2.66,137
35.77,3.07,52.56,71,-22.12,133,67.44,-14.56,63.69,63.85,-28,-7.6,34,51,36,-24,46.34,90,-28,-2,7.68,-20,66,-13,115,-33,56,-35,147,140,110,11,-12.46,15.41,32,137,103,67.84,123,76
-0.74,-36,48.58,97,51.42,-2.9,50.44,145,56,141,64.76,17.31,14,25,74.97,37.32,33.96,39.95,79,115,53,34.52,9.1,-42,-23.5,-49,-12.32,27,-50,7,98,53,44,54.66,2.11,-44,5.44,31.72,82,23.09
-2.16,-8,63.33,83,-15.06,108,65.24,-4.07,-10,-19.78,-15.48,30,144,19.32,-48,30.62,50.2,21,100,58,67,91,2.46,51,64,114,-11.05,106,129,48,38.86,10,97,70,-15.37,130,56.73,67,-47,110
-4.82,60.02,-47,45.46,60.17,81,42,52.68,-13.57,40,71.76,58,-31,-45,-41,-13,8.75,18.3,-28,7,44,54.11,47.96,70.53,35.41,69,73.54,62,35,26,147,71,33,20.62,-16.59,125,-2.11,-34,9.57,-22.86
-11,-17,67.9,-6.48,17.87,-8,-50,-29,-43,-11.85,43.74,111,-41,39,21.99,15.53,122,6,56,12,75,135,93,-22,36.88,-31,56.97,66,61,-21,140,-13,46,-40,-18.61,36.15,-29,133,15.21,-12.67
-4.23,-26,89,-12,59.11,131,26,15.87,54.25,28.43,6.78,68.76,46,19.19,111,7.01,-11,42.01,6.89,70.54,7,16,58,73.86,95,-47,147,89,118,-20.39,63,77,-6.8,0.58,56,56.38,106,50.63,35.55,7.53
-8,103,17,134,135,-5.23,-26,72.7,100,110,-35,113,55,69.24,29.49,7,99,-32,-46,45,4.75,15,124,138,-25,91,22,43.54,29.99,98,-6.63,-8,61.66,133,-23.41,70,-8.28,-19.85,20.87,30.2
-10.69,7,48.69,147,74,142,14.5,149,-22.03,61.11,-15.92,57.01,-7,39,-22.03,130,128,-29,74.91,96,72,-9,-28,-13.73,67.96,67.19,-2,73,107,-18,137,7.38,-25,47.16,-23.84,84,-10,106,91,63.56
-3,45,60,44.11,38,5,-25,101,130,68,-27,23.01,73.95,17,26.43,12.43,147,-26,73.36,33,32.36,38.97,148,116,84,23,15.41,59,118,55.64,19.11,98,17.12,-42,82,63.56,13,38.5,139,125
22.28,19,13,-44,33,96,59,-3,0.53,62.7,47,-18,51.1,22.8,60,6.62,-8.74,53,65.44,108,25,-29,-22,35.59,80,-14.37,-11.83,69.52,34,-10.68,61,86,-35,-19.98,24,-32,132,138,141,70.24
88,69,20.2,47.78,121,61,48.77,62.03,18,-11.48,0.32,28.07,23.71,-38,109,-36,61,24,27.66,12.77,4,117,108,45,-13.62,147,25,-27,83,51.83,133,50.85,51.5,99,-49,-24.51,19.3,-16,9,-47
14.94,26.58,39,3.82,129,103,126,9,121,65,65,16.53,-2.42,68,15,-7.27,-10,-18,40,21,-34,-43,9.31,109,48.92,145,-16.12,49,130,4,-37,125,3.01,33,31,55.93,75,81,-2.14,13.99
68,79,124,96,125,102,110,12.62,42.14,22,56,64,83,89,134,78,-50,125,148,132,0,11,72,26.71,96,-0.4,62.61,-16.42,110,-7.92,-38,53,141,7.57,129,29.94,89,2,29.24,-34
47.69,1.67,56,32,26,-23.98,5,-16.28,-12.41,96,3.31,39.75,40.38,-20.26,92,123,31.31,-16.38,132,-11.16,84,-48,-20.95,80,46.72,8.14,53,-4.6,-5.5,59,90,79,-26,44.48,-40,-49,-49,63,-12,-19.35
47,146,65,-20.71,30,-38,-4.72,7,-37,34.2,62,34.33,68,63,37.65,-48,-3,-6,-35,74,29,103,11.41,-13,-27,105,39.84,50.31,28.5,71,83,8,-32,56,73,129,-24.97,136,138,82
-36,110,-5.73,74.6,68,56,19,87,39.64,-10,138,106,131,64,-17.18,82,-40,5,-26,2.54,42.45,18.1,27.81,138,6,112,-24.22,133,-1,85,132,73.27,5.62,5,47,89,-9,98,101,0
18,37.13,12.05,2.07,-2,19.07,-47,129,53,1.98,107,12.16,46.27,49,-33,9,-40,31.8,96,38,105,91,-35,27,65.52,-28,-21.67,27.67,-9,100,-3.9,-4,-6,41,70,88,3.97,36,-44,59.85
11,47.28,0,14.32,50,32,36,-36,105,7.14,-38,8.58,129,65,73.8,16,18.07,42,68,-11.33,109,55,65.58,129,66.63,-14.33,-39,121,71,131,148,-33,109,13.46,20.23,60.28,12,45,-32,51.14
56.74,15.65,47.94,111,65.81,-19.19,73,-31,79,90,62.41,35.32,141,-7,-21.63,72,135,55,-2,-38,74,2,-28,46.58,9.67,65.44,-37,11.58,107,-30,-28,-32,62.4,71.11,69.66,89,-13,128,48.41,35.18
-46,-17,38.64,-1.77,21.3,32,30,-3.57,-18.42,120,-9,92,-50,65,115,59.19,-32,21.95,-34,-47,120,135,90,18,-20.11,124,112,5.36,56.62,39.3,33,42.13,65.9,12.23,62,55.56,-33,-39,148,68
12.72,122,-2.58,-2.47,123,46.28,-20,-3.52,143,31.88,105,-8.11,134,-9.79,33,-10,51.74,27,-14.76,77,44,26.63,45.59,41.8,64.3,33,-26,68,-6.26,26,26,137,-5.5,35.46,-8,6.89,17,147,26.5,-21.1
33.99,121,64.78,35.19,-0.31,-2,40.21,8,117,-12.82,106,82,-16.11,57,78,-2.29,-21.32,47,-45,19.06,-34,30.83,86,70.66,58,36,4.97,114,43.92,-34,6,51,55.45,40.55,149,103,67,33,133,29.48
45,19,46,-17,20.34,14.26,12.82,106,-10.68,-36,53.33,-12,73,40.37,-17,-38,19.82,85,17.12,7.55,72.29,-47,-5,0.38,-26,128,-40,149,34,128,-23.46,-17.37,-18.91,18,-1.84,-30,73,108,84,54.7
53,5.09,70.99,90,64.32,54.99,8.45,124,36,17,14,93,89,11,35.53,-11,144,-27,78,-22.26,29.17,11.2,-5.02,-36,-9.2,7.76,62,148,-9,-15,3.48,143,29.25,49,114,145,-22.52,21.11,58.53,61.27
-20.06,54,28,62.57,28,17.54,100,31,124,92,126,-21.38,-9,113,17.43,149,101,-11,-6,90,68.81,7.69,149,14.4,-35,26.88,27,50,14.79,45.78,61,119,85,45,-20,5.12,-41,20,2.48,60
-36,101,-23.72,-17.91,16.84,30,87,-16,1,101,135,44.34,13,9.38,-42,15,20.02,37,-11.5,58.17,-24.12,-24.2,6.08,137,84,9.42,125,46,39.02,105,62.29,65.33,123,-2.55,-24.94,48.54,-50,50,39,32.31
17.86,-21.21,7.83,5.77,78,17,85,70,-23,15.94,48.91,80,11.22,39,-5.32,59.44,46,31,70.63,-0.95,26.86,68.65,95,10,70.35,128,-19.5,119,13.87,-35,33.9,109,83,10,66.04,-10.7,29.42,3,69.41,32
43.49,41.94,-7.09,16,-37,-11,-49,-34,-13,40.58,-27,19.68,58.18,28.93,43,-37,105,16.6,21,3.12,26.47,109,35.22,54.31,40,10,-4,-14,-15.52,116,0.88,135,-10.1,136,66.71,83,10.15,138,-27,8.4
69.18,62.57,77,20.06,44.05,79,43,31.5,148,86,-10,-11.96,-45,123,0.92,55.89,73.28,1,57,56.55,71,104,57,97,-29,0,6,141,63.04,-23.71,51,71,4.91,74,-19.12,9,36.06,23.41,111,21
16,60,74.88,-35,-22,-29,-37,18.01,99,94,148,36.02,64,57,-4.8,60.13,44.2,-50,119,-32,-16.64,115,-20.85,-25,14.02,131,94,129,106,49.4,-1.98,56.17,99,70.07,137,-15,143,3.08,52,-16
33.99,68,141,32.51,-14,93,59,132,-25,-7,-3.93,1.69,108,5,64.41,115,34.68,22,52.62,37.51,142,75,19.06,22,52.58,-49,87,89,61.17,-25,100,22.33,-16,72.06,80,-49,25,11,76,9.8
-2,113,141,148,44.87,22,3.77,-5.86,-49,3.85,59,120,-27,29.27,108,131,-28,139,139,66,-29,127,7,66.88,51,-33,-1.39,-22,-23.97,14,-47,16.16,-46,-6.36,145,8.47,54.02,-9,-25,-11
48.96,69.24,-33,36.32,-27,74.9,138,68.33,-21,-31,-16.22,52,1,78,14,130,-41,87,81,126,9,29,41,44,-1.19,132,18.79,-26,95,83,-15.33,-5,146,47,58,-1.54,129,36.19,36.64,3.67
19.35,26.74,38.03,42,98,50,-7.99,3,-2.66,-4,-23.14,144,4.5,102,17,51.61,22.51,148,135,37,-24,-23.44,59.92,-11,32,46,15.23,11.02,148,-6,-30,73.23,9.91,45,9.75,65.65,102,59,145,51
-45,-6,-18,63,40,4,103,10.11,51,80,49,104,46.07,51.32,31.16,-10,-33,49.5,23,45.64,126,102,74.42,10,40.63,43.46,62,21,57,28,-22.48,51.99,81,-7,-9.35,18.19,-40,71,43.66,121
33.98,-35,-13,56.09,83,109,-33,-4.31,57,-28,63,-22,45,41,-19,65.68,-1.76,13,46,100,11,72.02,30,33.77,39,20,125,63.23,147,-24.39,69,113,21,-13.62,20.23,69,104,-30,1.4,-46
11.34,33,-45,-3.28,46.29,38.91,88,126,117,58.89,52.43,71,69,54.11,6,50,29.12,44.69,54.29,42.04,-50,6.27,6.19,132,24.62,64,-0.13,51,56.79,20.39,3,32,-6.31,119,-22.4,144,95,7.82,136,9
-9.86,33.02,14,18.23,55.21,49,30,58,-15,-16.16,143,10.05,17,13,149,74.83,118,33.91,99,45,62.41,-13.04,147,7,57,32,23.73,41.15,57,43.71,54.37,132,61.03,-7.55,13.04,61.52,68,8,61.85,89
-38,55.42,26,39.54,71.96,124,143,21,16.53,26,92,65.2,144,-5.91,74,45.02,144,9.84,46,75,-1,15.98,21,85,-11.01,-21,-50,-42,94,15,51,11,9.85,66,-29,-22.32,52,129,83,7.63
100,-3.22,98,28,70.34,-24,-1.1,63.9,-1,6.98,13,9.36,25.06,32,-30,3,149,74,7,57,-10.3,50.22,84,79,114,46,17.35,-47,61.98,99,13,18,-28,94,0.56,45.84,-29,27.39,-33,48.08
-47,-27,-5.09,55.1,129,0.51,124,19,30,38.25,23,38.61,97,-35,140,127,55,61,-23,93,11.3,59.06,89,69.73,80,-14,-45,14,6,67,123,146,1,106,69.84,2.86,134,46.25,45.97,6.03
148,14,16.92,-31,-32,31,-0.25,16.62,40.5,12.31,-49,1,34.24,-8,48.48,24,9.47,56.66,-1,10,-7.19,66.97,139,16,-21.87,109,-8.43,-37,12.68,138,11.19,-33,-11.58,-3.13,105,68,-40,9.72,134,14
60.11,-2,9.69,58,60.65,-2.35,51,56.17,-3.16,80,27,7,-15,3,-50,27,42,52.83,45.87,53,128,142,-47,113,20,-46,-31,144,134,27,138,10.03,9,138,137,18.46,4,57,-20,125
14.81,86,63.18,13,27.14,21.04,63,147,24.89,41.95,22.3,-17.9,98,51,21.89,41.24,53.12,-42,34.45,-26,52.56,24.31,60.63,19,-47,-0.59,131,78,-12,85,29,26.45,29.26,-10,-10.9,57.42,42.13,35,-7.88,73
-42,36.24,38,8.57,18,11.26,71,-33,70.67,8,12,104,-8.13,-11.36,53,-6,83,61,-4.16,53,7,85,114,-47,83,-17,-33,-9,64,134,-12.95,-36,10,66.14,139,91,-15.32,100,68,72.07
37.54,143,147,31.36,-45,129,19.11,36.64,17.77,64.03,-1,18,5,66.28,12,40.08,6.58,123,68.78,5.1,35,132,136,-50,126,9.97,90,43,-2,-30,-5.62,-32,139,47.95,38.54,-1.07,118,45,68,107
28,26,-0.36,112,25.16,54,46,-26,79,-43,25,9,0,74.09,10,-8.23,-9.67,136,-8,5.75,-3.81,121,102,67.08,6.87,13,-10.62,54,45,112,122,70.31,87,-13.86,-19,38,28.22,-41,79,-18.79
66.81,126,104,98,38.34,136,20.41,62,-11,71.74,57.33,53,-4.56,146,35,68.83,-14.21,22,29,-39,46.99,127,34.27,-44,144,39,25,36.92,44.71,101,66.23,25,130,12,3.05,85,39.52,90,65.28,6
-9,-1.37,45,-5.52,26,59.76,-38,138,-15.82,117,141,49,28,15,-32,74,50,98,53.44,41.79,71.01,16,-11.08,-22.94,61,-48,68.08,31,33.09,15,53,-41,34.58,8,-41,72,42.82,71,61,25
33.5,16,-7,24,67,33,123,21.77,-36,54.58,86,71.95,34,36,48.37,-1,66.15,98,-13.3,-24,142,-36,60.21,-9.24,38.81,-13.51,11.59,25,13.2,44,11,24,68,71,22.65,61.15,41,131,-47,24.49
144,23.92,83,-12,84,19.23,63,78,92,63,36.44,110,-41,92,110,59,68.53,119,37,62.96,25,69.38,137,31.55,7,57.07,54,22,123,66,31,-33,111,-40,-9,7,21.59,138,65,45
65.03,-21.12,33.08,130,-46,78,48,84,31.53,-26,-10.26,16.45,34.03,86,93,131,46.45,29.16,85,44,114,53.53,40,24,27.75,143,-11.43,-28,-37,57,5.41,24.69,-26,60.72,70.51,60.87,97,74.92,-3,49
-15.31,34,30.24,35.63,67.51,-18.16,-26,29,34.32,-18.53,6.33,51.16,-2,-4.35,-27,84,24,36,-27,99,104,16.41,20.77,68,-44,18.5,-49,-29,114,37,-18.27,48.15,-23.47,-9.31,127,-9.11,129,26,-17,8.53
-4.32,12.75,45,11,54,48.97,12.21,-16.09,126,-16.62,109,44.1,13.36,51,2.36,57.69,23,-29,36.89,109,25,39,97,10.7,38.52,-30,83,6,130,68.8,47,-5,148,14.58,3.07,76,82,27.25,19,122
93,62.4,-44,147,3,12.65,33.98,-14,-23.81,42.25,64.61,44,27,122,-1,77,18.43,63,65.51,134,45,1,-3.88,57.61,41.43,24.89,59,-8,18.93,-40,5,7.1,40.46,128,114,5.14,100,40.98,-11.12,101
-39,122,22,125,26,-17.66,-16.79,66,142,-8.02,-32,-7,59,94,-19.1,133,19.94,66,145,11,22,21.77,83,34,67.96,45,81,-2,44.41,33.17,147,9.67,51.17,53.04,39,18,-5,-2.87,47,76
-11.26,57,-4,17.1,-12,40.29,110,133,116,-4.32,13.52,-16.61,39,-21.92,-5,117,58,60.58,57.87,72.49,-5.68,91,26.01,120,-40,118,15,43,-8.11,22.03,66.63,104,25,-43,-45,28,149,12.26,14.23,-22.28
-28,53,74.33,30.14,22,43.81,-9.91,19,58.82,-43,108,74.76,36,-5.25,17,2,9,-25,9,18.15,66.56,62,55.27,29,68,-34,38,143,43.56,-32,67.42,61,50.49,-50,16,11,52.29,-24,-16,-37
26.08,125,29.79,29.63,30.44,89,-0.84,65,120,61,114,124,-31,22.99,-6.66,-21,52,26.39,-25,57,33,10.26,66.47,-10,36,-13,-19,-26,62.05,-11,98,68,35,-15.05,125,78,65.05,61,4.27,48
99,71.61,-42,72,-11.49,11,32,120,107,28.22,27.9,69.54,12.24,-25,-3,141,7,116,-47,143,94,-21.74,16.84,77,1.56,73.9,10.1,38,-8,16,51.34,35.72,-9.99,-25,32.96,49.45,-2,12.5,31.13,136
5,56,7.91,111,19.92,42.86,79,61.46,-48,55.03,-22.89,7,106,-21.89,103,60,-6,-38,70.13,30,99,-17.54,18.7,72.36,73,2,94,38.15,48,110,142,63.15,76,50,-46,43.78,115,116,56.83,37
26.51,-39,118,39.26,65.73,134,16,38,97,3.93,17,-27,140,122,14.42,16,18.28,75,-2,9,7,-8,128,12.54,1.23,-6.88,5,43,98,74,15.01,4,53.88,45,-31,37,28.33,-13,32.54,31
64.34,16,46.21,19.4,46.72,39,96,-11,133,41,3.11,-21,-36,71.83,134,56.2,130,8,57.96,139,74,29.01,-5,8,97,56,31,-48,140,-10.99,-26,0.43,77,-32,6,140,128,124,1.31,64.74
-9.28,7,147,87,52.82,39,-43,-33,29.82,27,144,124,5,-13,60.4,63,22,59,27,52.07,40,129,-42,53.66,64.39,20,41,35.97,-3.23,56.06,13,-9,-11.77,143,36,68.88,65.82,30.4,61,-37
122,32,15,20.9,130,-24.65,64,9.57,63.14,115,131,71.58,128,-7.18,-7,2.23,143,93,88,63.69,7.21,98,-9,49,-37,46,60,-0.49,20.62,8.3,-23.17,132,106,8.63,-12,35.73,104,91,67.56,-26
68.6,-31,29.91,-6.92,43.48,65,55,24.6,137,103,-25,73,-14,46,-37,-8.13,92,68.33,111,123,69,-1.05,15,74.91,64,47.04,-23.01,-34,59.7,37.53,-3.51,33.22,67.01,-13.08,-1,-28,8.33,61.34,28,-22.58
-9.32,-16.93,39,12.85,40,-25,124,77,-29,-20.64,10,29,55.65,28.72,123,-10.31,51,89,98,47.27,29.47,-42,-32,47.3,106,87,118,35,98,46.07,11.11,30.6,-21,-23,0,72.55,-23.07,39.9,66.01,41
-14.03,2,80,58.39,44.28,-12,48.64,-19,54.55,53.71,15.13,26.07,-13.71,-19.02,79,33,-21,63.82,48.15,4.67,58.23,63.23,99,-29,88,13.1,114,-6.42,0.35,12.32,7,43.13,85,124,0.99,39.94,59.91,59,4.77,4
85,-0.92,23,59.2,30,-19.64,3.23,-8.33,-49,54.83,8.38,4,11.92,102,20,30,7.08,-2.78,69,7.35,66.83,111,0.73,39.86,28.54,61,92,122,58.72,23.98,121,35,6,-23.81,108,-15.58,149,33.89,125,-46
33,0,13.13,87,99,-38,-46,-1.73,66.46,115,-28,-43,66,3.37,38.87,-9.98,49.27,27.98,20.77,51,66,43,80,-19.49,-18.59,25,113,3.54,9.33,28.73,49,-2.93,76,46.89,105,42.91,36,-19,-7.07,96
-30,8.24,61,-6,17.72,-36,24,34.01,128,119,138,7.66,26.6,120,-40,-3,85,38.48,108,28.58,22.2,12.39,94,-46,92,143,-35,33,4,71,57.88,114,90,14.51,-31,53.66,65,-0.42,40,55.31
26.42,8.98,-25,25.51,-23.98,127,134,56.52,67,120,14,-23,1.99,33.09,59.93,76,92,38.73,-16.95,27.9,58,4.19,5.23,-39,3.44,52,12,68.28,14,65,12.88,52.2,70.54,11.12,-24.24,69,26.57,7,3.48,123
60.76,32,95,69.31,40.62,7,95,13,70.36,46,-16,56.1,125,64.92,81,26.33,124,-41,-24.28,29,125,21,13.02,42.75,8.57,30,100,15.27,50.38,117,-24,51,58.16,-9.53,0.57,147,130,-22.51,45,30.12
80,39.03,114,-18,101,108,42.14,38,20.51,5.45,-7,-28,5,25.7,11,-5,-22.55,33.69,12.75,47,81,79,7,-38,149,44.77,-38,131,-0.26,49.83,-6,78,140,103,-23.59,56.88,115,52.97,-23.75,16
113,148,73.84,9.22,120,-44,24,19,88,59.79,17,21.8,0,138,-20.93,40.11,41.23,3.86,59,-9,126,-6,-25,54,-12.83,-7,83,31,97,68.41,100,55.61,71,27,143,55,-49,-2,31.49,-0.82
-12,-46,22,0,133,38.47,31,94,-33,123,67,4,43.53,85,-3,19.38,99,-19.18,-35,106,107,-41,88,22.97,-11.53,-9,57.43,-14.9,104,-8,37.57,82,12,-2.77,-15,11,100,14.46,45,-15
53,-27,70,127,30,0,18.99,-38,69.64,53.28,72.12,51,49.12,-15.46,43,147,29.81,86,33.85,-43,66.52,140,69,43,67,73.69,-18,122,72.64,45,-12.55,-37,-47,149,-43,41.85,133,-8.73,35.71,84
10,9,12.94,4,149,16,66.67,25,46.97,-19.06,20.95,102,52.08,-4.65,-34,-17,59.06,48.85,73.05,51,-44,-39,125,-30,66.94,87,132,-22.37,7,56.77,-15,41.14,102,41.14,143,137,38.37,-42,-24,-9.46
57.09,126,89,84,27.8,14,118,14.32,32.91,-49,35.49,93,100,60,-45,11.47,49.5,19,36.17,-21,92,16.36,89,-21.16,32.8,49.35,-5,-24,15.87,64.48,115,18,-38,62.37,70,0,-3.28,107,58.3,59
91,-4.82,-3.45,18.06,39,2.57,103,73.47,114,-5.72,53.73,108,89,122,-12,-6.19,57.47,60.34,-16,121,-30,112,-19.46,-44,22,108,88,43,13.03,26,47.79,68.71,-21.03,95,7,68.65,81,41.78,-1,-4.99
62.61,-26,0,11,24,78,141,13.11,16.05,41,-48,23,40.28,-10,140,2.31,26,149,-18,29,50,74.94,30.49,113,35.21,15,53.68,40,-21.47,30,36,-3.56,136,-12.95,34.16,63.06,51.6,142,-14.19,-0.96
41,54,9,59.69,129,145,29.42,81,74.86,-16,-48,129,47.38,68,83,21,43.2,60.89,45,81,39.42,149,-4,30.52,9,-32,37,42.84,-9,73.11,25,11.12,140,2,58,6.08,39.16,69.28,72,25.18
34,70.76,46,33,62.18,64.09,1,14.72,122,-17,3,-12,26.95,-30,74.18,106,53.33,39,91,-22.38,5,138,52.18,93,53.65,102,-8.46,-6.38,74,75,27,71.25,-34,70.24,67.14,-2,-3,36,-33,-30
-11,14.32,-12,3,45,-12.66,-10,-14.67,46.12,44.46,114,53,-1.25,38,29.83,25.9,43.67,64,61,87,110,38,3,115,-23.47,-44,99,60,-20.39,-33,-45,66.06,53.11,24.62,48,110,71.19,41.79,63.06,-16.39
12.99,55,71.13,-9,12.15,136,42.08,94,47.17,26,25.29,125,45,44,41.46,14.08,-7.69,42,-48,75,8.5,-23.1,-40,26.72,27.35,36.08,51,38.25,5.59,57,-21.75,-5,46,-17.54,60,75,30.21,48.24,-28,61
26,14.85,-23.92,-49,115,12.99,49,-9,-49,70.29,-19.15,65.72,112,44.7,-35,-49,59,36,37.29,89,75,78,-3.21,140,37.34,107,17,69.15,66.69,51,99,-15.32,41,105,72.47,-24.14,40.01,115,31,28
145,12,-19,-6,2.03,17,-13.65,52,37.49,-16,63,146,15.17,19,34,125,35,80,20,62.52,-45,61,-45,129,60.5,-0.58,-14,33,111,5,17.05,-49,34.92,49,13,-43,-23.71,37.91,11,-10.07
85,28.38,147,72,63.95,142,49.29,19.42,0.91,22.88,65.46,-15,79,142,32.07,102,76,53.84,26.98,100,129,15.23,-9.16,52.08,67,107,3.68,-2,61.42,39.47,120,118,98,31.79,22,54,6.21,63.07,64,20.83
60,29.49,41.42,73.06,1.63,118,33.75,147,32,2.42,67.37,40.49,71.28,67,138,-22,-11.31,61.04,-45,-18.13,69.11,-43,41.45,40,137,59,39.73,-3.28,146,42.77,-15,74.71,6,141,19.34,-26,72.73,23.92,24,66.01
75,61,-9.55,118,23,7,68.64,-30,87,11,139,-2,27.82,63,44.41,89,20,146,121,2.11,-17.58,-8,54.01,6.31,-26,-15.61,20.92,59,17,91,12.27,148,111,-8,4,-1,46.05,42.12,57,23.56
-11.88,68.08,68,83,66.58,42.55,82,54,56,53,15.37,72,3,17.12,-11.19,90,114,21,21,105,58.98,142,63.24,99,-20,136,16,18,37,73,44.85,-48,35,10.77,64,65.52,62,17.25,112,117
17.8,0,15.27,-23.95,46.39,17.7,-49,124,60,29.57,30.2,-37,37.49,144,68.52,-45,29.38,60.1,58.11,82,45.32,-43,57,43.84,119,-40,116,-19.15,-20.02,10.46,28.03,65,103,68,24.24,20.8,19.91,1,71.75,44
16.1,-18.68,-23.96,119,3,-21,-7,10.59,-30,92,14.71,41.9,67,-25,38.93,24.28,93,-11.14,-1.63,39.34,115,30.91,102,-50,-2,8,112,95,-35,95,63.2,5,-24,16,93,36.52,25,71.12,-11.46,53.25
9,-0.02,51.54,64,127,-6.04,102,55.29,6,53.75,-37,-6,107,10,37,-35,7.87,20.43,-34,-27,74,1.03,-26,3.98,21,42.15,24,-50,110,44.77,3.32,38.54,126,-9.39,13,46,39.55,52,-6.14,-11
56,78,-2,126,-0.19,64.47,142,52.06,-5.6,65,144,-14.56,-18.67,100,70,-3,133,40,-34,25,83,95,95,100,-17,-24,25,37,38,-48,3.44,145,11,1,146,-16.97,3.8,6.34,1.4,-39
26,-9,-5,76,11,30,41.16,66,9.96,66.69,34.15,17,44.32,50.66,67.91,-39,57,65.11,-36,126,89,144,71,51.06,70.62,60.44,85,-40,-16,55.63,90,59.55,49,25,30.28,4.59,14.3,125,55.32,-16.9
12.01,-13,148,107,5.39,148,22.71,-34,22,-36,22,-6.63,9,147,46.19,25.7,85,55,-5.51,82,68,-17,51,43.78,-3,37.24,68.68,103,36.84,33.25,10.22,44.42,9.08,11,56,-5,50.53,13.52,-5,32.02
-39,13.2,115,82,62.84,-18,-14.4,-5.65,140,2.14,26.43,59.65,82,-33,36.7,19.7,21.9,1.29,31.64,36,102,37.35,73.51,53.6,70,12,37.13,57,28.58,90,13.1,33,103,-14,67.69,55.69,67,13.18,15,64
52.84,61.45,29,2,34.24,90,113,141,-6.71,88,71.18,7,51.61,126,-9,24,63.71,-21,47.11,70,10.06,73,74,-12.83,-19.79,15.62,-45,9,17.2,4.05,10.19,28,23.7,5.51,43,-28,62,114,-42,53.16
123,41.08,33.88,12,32.14,83,86,92,13.48,130,-15,-23.92,110,-20,44.31,-10,-11,-30,91,67.34,7.72,33,73.45,27,61.36,-8,39.52,26,22,38,110,100,90,55,2.26,-6,21,-35,47.64,27.15
52,9,-11,76,12.34,-35,16.67,-12,20.84,-5,106,56,-23.62,-33,35,35,86,82,-10.13,15,58,-22.93,56.27,-22,141,23.1,102,61.48,11,-0.54,48.24,27,41.31,-0.27,109,2,63,78,25,32
121,28.47,23,-9,86,-1.76,66,108,59.59,86,-15,13,90,62.45,10.72,20.85,55,-2,15.71,-17,66,112,73.34,-27,-19.35,29.04,40.29,72.06,65.07,29,-45,30.94,33.03,117,-25,144,10.84,124,39,47.26
38,116,-24,71.23,-18,133,42.5,30.75,23.62,5,21,24,38.77,131,120,94,10.98,52.79,18,16,66.72,13,80,-39,29.12,30.6,140,3.16,32,17,20.54,-18,23.89,4.54,45,-23.57,-10.37,-22,-7.39,134
55,5,19.07,50.61,36.97,54.85,36,138,58.57,114,130,54,50.16,-32,73.86,51.09,66.33,142,5.15,16,-22.48,77,4,140,124,95,-48,3.71,74.51,90,32,95,34,27,119,77,52,-33,-0.91,61.48
77,65.85,1,-10.72,27.71,4.2,21,21,7.72,-45,95,26,26,-31,15,67,-48,35.56,-4,64,19,35.15,-2,130,12,78,-31,71.34,23.21,27.85,2.37,87,120,46,23.98,16.82,92,26.3,52,75
62.16,-13,63.62,68,-14,-32,143,115,103,115,116,92,128,-6,4,106,-38,11.18,25,149,54,74,55,63.88,34.67,88,73,37.04,5.87,69.32,149,-17.9,41,16,-9.44,143,54.79,14,-23.27,55
-11.52,2.42,112,115,32.85,53.53,47.05,-10,13.41,51.49,-3.67,6,47.48,-15,-45,12,-41,148,-21,13.25,104,-3,24.52,-29,132,113,-48,103,47.53,59,99,23.74,83,82,52.43,147,-13.58,108,-18.72,23
-14,26.19,15.99,70,8,-44,73.55,144,-37,68,102,131,-49,52,32.39,-7,-9,61.07,-37,5,113,131,24,50.39,13,4,29.81,114,15,67.53,87,127,68,-13,134,-5,58.57,-5,-27,66.38
32,86,-31,3.69,-19,-34,-2.27,102,26.55,4,82,47,-3.15,49,-38,-21,-22.07,6.75,55,56.72,25,145,-45,62.9,133,49,101,49.78,64.5,55,44,7.68,142,10,51,92,-20.32,122,15.33,81
-14,41,60.66,44,-15,81,47.81,28,60,1,-4.8,41.84,24,61,48,7.35,74.44,-13,7.81,59.51,55.74,43,-2.91,8.4,-6.25,56.83,88,42.09,-22,7.98,19,-2.94,23.47,50,-34,93,61.84,-20,36.18,70
8.23,63.41,-36,-28,16,46,87,10,59.25,102,60.33,63,43,23.55,131,19.4,26,50.72,4.75,-30,125,148,23,87,-23.26,-14.14,19.6,3,70.47,-16,27,80,52.85,39,-11.72,65.47,72.04,56,55.5,40
-21,26.63,-44,47.14,-10.36,107,37.98,-13,23,19.4,59.67,64,-31,20.4,-16.77,-37,33.43,-14,-20.56,135,91,-16.24,-32,22.48,45,135,-23,51.58,81,-49,130,-22,16.69,71,66,-21,22,77,52.65,116
-10,33.8,52,111,30.74,42,145,-16.34,53.76,140,47.52,87,103,-43,137,51,47.91,32,135,-22.35,23,101,-21,71.81,95,-10,68,1.12,125,66.08,144,10.44,67,74.96,-13,23,94,-15.65,75,35
114,5,35.68,56,-13,146,-28,55.52,33,43.61,68.05,40,117,62.74,33.22,27,0.12,-11.87,141,74.19,-8,97,-31,24.51,37,9,62,-10.43,19.01,124,-19.59,22,52.63,11,84,68,19.78,-2,26.74,-43
-25,-26,54.1,-2.57,114,69.59,116,-48,139,99,30.87,27.92,15,-19.1,107,30,55.43,-36,39,24.52,141,34.07,56,6.31,-13.05,145,-35,44.99,33,24.15,38.7,91,125,5.47,54.85,17.86,114,-38,42.88,40
148,115,-14,63,23.26,62,68,129,45,69,57,-16.26,137,48,-48,143,-21.83,31.04,33,24.24,3.69,13,28.3,74,-6.72,-38,36,9.05,44.89,-9.31,72.6,50,143,70.21,105,38.65,62.81,129,-47,1.03
-20.97,-47,147,-26,36.95,62.51,-1.84,-6.17,46.21,-7,-3,67.53,98,52.51,-42,-16,10.21,-22,30,95,-7.41,50.71,-19,23.01,-50,-8.71,42.39,147,-5,101,-15.79,-39,23.51,24.8,-36,62.17,46.62,58,38.12,39.79
109,50.79,0.12,23,20,81,-5.98,106,-12,129,-1.37,-18.46,5.4,59.29,21,-21,-12.5,143,3.81,33.38,-12,50,84,6,88,98,-16,133,43.26,41.88,100,0.02,19.27,-8.18,67,83,90,57,26,49.2
-28,17,43.46,68.1,-7,72.69,23,50.87,34.25,72,67,54.59,68,62,22,10.86,85,-23,76,46.88,89,-0.22,-23.97,3.26,-11.13,-17.87,14.99,-5,-16.82,126,24.22,-7,-16.12,88,-7.07,34,-49,63,-11,94
-17.55,39.61,-44,33,-10,55.23,97,19.26,27.39,31.27,42.09,93,28.12,-7,64,54.53,76,99,37.86,103,99,56.32,42.67,60.55,-48,58,-30,12.67,-1.43,131,-3.87,-31,-0.08,-5.04,-25,-13,-15.29,56,141,-17
-16.64,97,2.74,57.37,48.24,145,101,27.77,147,10.07,10,59,122,-2.4,63,71.86,72.45,130,139,35,4,67.78,67,43.05,-10.2,112,148,60.26,-6.75,56.91,-17.69,-13.38,31,42,116,-20.19,34,16,62,99
126,-22,-24,-7,60.76,62,47.67,116,74.22,-9.57,12,93,-1,12.29,96,122,58,-3,70.78,74.81,62.98,146,50.18,66.61,101,145,47.7,38.04,21.47,-27,-45,126,128,59,54,42.55,28.53,2.76,-28,70
-43,89,100,-19.55,138,23,70.48,97,149,33,74,65,58.04,105,25,96,16.25,104,30.84,88,33.68,74.32,-18.28,-9,73.01,-22.38,33.67,74.09,9.79,-9.71,121,55.81,-11,139,98,-6.42,86,31.99,-20.39,89
-17.03,41.96,46,71,18.95,29.44,57.88,49.84,70.47,58,110,16.93,68,42.84,-13.01,114,48,-39,16,-30,67,72.15,147,-40,126,60,43.88,-21,125,23,48,-50,70,56,-21,47,144,116,50,34.89
1.26,55,30.79,21,-23.67,53.48,123,74.11,32,24.32,125,44,25,70,70,29,100,19,44,132,5.34,119,56.01,43.18,6,62.57,53,62.54,25,61,110,-38,46.25,-6.75,46.55,-18.31,-21.99,56.17,72,145
45.19,102,145,77,69.72,100,-10.36,106,12.57,124,7.91,10,-23,20.48,-12,130,61.33,-22,54.74,101,133,-17.39,-2.62,5.45,60,-21.49,56,58.67,66,122,124,7.65,115,2,15.05,119,73.51,-12.69,7,30.89
6.18,114,139,85,-24,65,24.29,-29,97,-44,49.61,11.55,104,49,112,45,4.29,136,50.01,136,22.93,46.49,77,61.98,39,61,53,4,-10.71,-17.7,73.28,71.88,22.25,50.62,146,-32,-1,73.78,-0.48,7
112,69,53,117,-5.39,42.71,-16.73,72,44,136,-8,8,-4,-22,-31,89,-16.52,33.74,94,137,132,72.05,-39,89,119,10.73,-21,6,-21.48,131,57,56.91,12.58,64,-14,-11.74,6.05,133,54.43,107
90,-12.68,56.03,18,-3.88,-21.36,-8,122,14,-17,-9.13,55,26.77,96,54,114,-36,45,72.02,65.45,59.51,32.39,3.59,47.56,46,50.89,56,-2.44,99,116,52,-16.71,7,136,55.64,46.29,51.23,146,116,0
37,10.06,63.97,45.19,132,-7.94,135,-36,145,-7.99,40,9,59.03,-8,128,148,65,18,61.63,113,-18,10,58,41.88,65.49,-35,91,-8.77,47,4.32,-45,121,16.71,74.99,17.7,9.03,94,-15.57,1,1
-8.42,59.29,68.98,113,124,17,63,-42,-17.28,40,-25,40.11,-43,44,56,17.32,-17.38,-7,-34,46,73.46,7,47,-20.45,40,29.04,33,30.65,68,147,4.08,-45,31.78,-47,33.54,7,10.93,-35,26.04,-11.78
-11,17.83,63.83,-32,57.78,0.49,141,14.33,58.91,58.48,149,-11,-8,7.95,47,101,-37,52.62,68.84,55.64,57.68,-16,-15,34.73,7.01,72.51,-14.26,120,-14.69,12.57,19,-40,18,63,44,19.16,108,22,11.75,16.16
124,126,146,-8,37.55,46,148,75,-14,19,80,-41,49.33,129,52,56,-26,43,67,34.19,54,38.53,77,10,136,0,37.18,10.09,-19.32,26.66,99,-49,53.4,55,-5.9,110,52.16,31,-8,112
43,67,98,8,102,9.03,22,-36,2,8,-5,7,-40,-22,-11,42.69,103,52.82,26.83,49,50,129,114,1.14,141,80,55.27,48,-32,85,-20.29,55,45.94,-39,116,23,127,26.42,77,-1
6,114,-45,5.04,-15.6,87,107,79,45,29.85,46,23,107,130,34.09,54.47,98,12.61,48,24.39,13.51,82,4.94,46.74,-15.89,85,-14,102,12.17,-19.41,74.62,57.56,-19,-45,-24.65,-25,-9.36,97,5,81
72.2,-12.11,9,53.74,104,62,103,5.39,-37,123,30.31,-6,110,60,33.48,99,70.12,74.33,12.87,67.41,24,17,56,-50,57,2.8,7.79,-10.25,59.74,78,125,30.99,62,97,52,-10,147,78,103,138
-0.59,63.2,104,143,89,32,-15.29,86,-19.13,144,17.23,41.09,43.6,143,123,19,-10.83,126,66.74,94,76,103,69.49,51,-21.79,105,-8.54,39,-8.1,-2.1,5,52,10.92,79,-29,-37,96,74,68.05,-8
107,62.81,-8,28,145,95,-12,20,17,25.77,57.89,-24.06,-11,109,27.49,79,-43,1,63.67,3,-22.29,90,8,31.66,74,114,43.32,65,-9,37.5,112,0.04,-50,35.14,149,11.4,-7,88,135,13.37
73,-12.4,6.85,12.79,63.55,41,71,148,10.72,38,25.11,-21.86,-13,102,27.29,62.04,34.65,-21,71.87,49.04,21,66,7.21,-24.3,-48,93,8.06,29.59,46.42,8,11.5,12,81,-24.43,42.44,7.87,19.28,47,68.44,74.39
82,-22.75,146,86,2.85,-22,61.67,-23,19.07,34.7,34.98,0,116,-0.76,19.08,-0.31,109,134,103,12.81,-23.22,11.74,6,4.72,5,30.26,32.4,-50,63,105,102,69,54,-38,115,90,4.09,-1.76,-5.97,70.49
12,29.11,52,-7,64.67,23.92,136,127,139,32,-21.08,21.36,15,47.84,22,96,37,119,-36,-44,111,15.04,-36,74,70.29,27.34,54,54,39.15,-42,147,116,9,42.58,-5.48,-34,62.14,5.63,-13,136
46,63,39.1,36.77,112,117,35.36,143,-24.49,58.86,5.37,107,-22.86,36,54,85,133,12.96,-35,-44,135,34,-6,133,136,2.63,13.96,-4,67.61,-22,-19,-35,63,13,-19.94,149,30.96,20,128,23.64
-47,149,-15.09,-40,147,-13.95,5,40.26,-29,1,138,-16,35.06,-50,-29,68.2,-7.18,10.63,139,13,16,-11.4,-50,51.51,64.04,-49,24.18,2,0,22,-9.74,64.61,-13.93,78,14,80,132,-7,-10.02,40.11
-38,17.71,-47,16.04,119,4,-50,-25,126,56,96,51,89,-4.4,3.02,110,35,-3.93,25.97,-2,63,132,73,46.99,-31,14.48,137,12.67,26.29,26.47,44,63.29,48,7.83,3,44.63,77,-3,94,-26
-11,132,21.44,55.29,-49,139,132,119,11.04,8.82,15.94,129,57,20.34,56.78,-3.87,-50,-17.86,66,-24,17.07,15,0,-18.47,41.19,4,54,-30,-4.22,-8,-11.49,48,135,-0.57,63.98,-19.25,148,48.08,9,110
31,43.59,38,-49,127,-3.91,8,-22.68,-20,81,-10,7,23.01,29,-2.19,113,2.72,76,19.27,52.65,-37,-3,34,26,17,37.88,32.03,123,28,43,16.31,72,105,-12.57,44.98,83,24,14,13.53,64.62
-4,-21.92,114,60.85,148,33,124,-11,49,-2.32,4.01,15.73,46.78,37.51,71.81,49.03,4,59,-34,29.29,62,32.13,22,139,66.98,64.02,54,30.77,54,74.57,-5.84,29.78,41,149,127,94,140,92,61,89
62.45,124,35,-12,97,13,36,90,38,41.12,-43,12.61,27,100,91,141,-28,5,100,145,7,44.38,37.83,15.21,-41,-24.06,-40,-21,2,57.72,73.12,-46,148,-14.63,38.32,32.37,-9,9.85,98,-42
66.01,19.09,63.55,72,-9,12,0.04,71.35,56.88,-23.06,18.71,95,136,103,69.04,100,54,89,42.13,64,56.48,-15,0,39,31.13,17.25,75,-13,4.44,114,-30,47.96,-42,71,2.51,-15,-24,20,9.51,56
11,0.15,1.22,64,121,-11,21,147,60.34,71.01,-3.89,38,127,-47,63.45,144,16,52.85,-16,24.79,127,-8.31,59.56,-18.35,-48,143,133,147,125,67,119,75,-15,101,71,57,-3.3,5,-23.21,20.75
-22,14.86,148,63.21,7.41,0,71,-5,97,47.91,-22.19,68.14,91,-7.98,4,-1.62,40.59,25.45,70.75,101,73.95,10.32,-7,16.73,-39,27.62,63.1,33.49,8.57,-12,30.81,46.96,133,-34,73.4,-47,40,99,124,116
-26,-18,-5,1,-30,81,95,129,-8.81,61,17.81,-3,68,125,2,-26,76,-37,89,72.58,-9.76,77,19.85,74,135,47.88,64.09,84,120,28.28,-16,58.39,-5,88,-10,59,-5,24.92,42,27
113,96,-18.97,-38,36.29,94,36.9,-21.31,-1.64,26,74.17,12.34,101,63,96,93,23.35,-11.45,18.41,105,-22.07,25.13,12,14,2.48,52,127,15,45,38.8,118,11,30.84,130,51,66.82,0,67.08,88,68
-4.93,-13.21,-6,108,12.31,21.92,121,28,-41,29,5,8.3,16,64.27,36.24,73,134,40,5,58,22,41.19,13.63,29,-45,-45,66,47,-35,120,-39,50.78,-10.23,45,42.49,128,137,-38,53,107
68.12,32.97,9.03,-16.15,149,53,125,-19.47,-0.91,18.02,127,-23,-44,4,-45,-17.87,6.44,23.92,45.47,-33,107,34.69,125,12,59.85,138,-8.19,29.89,141,-16,-44,5,-19,69,-17,34.64,61,-17.55,-48,92
43.73,94,22,-50,-35,-30,46,-6.97,8.81,51.96,4.22,72,51.39,40.7,7,136,36,36,58,37,43.89,11.92,23.03,75,8.66,-1.02,59.37,14.57,17.8,3.19,83,-42,-26,-10,23.56,-11.13,50.49,25,14.84,7
2.41,82,64,-30,24.74,36,68,17,-6,139,109,3.58,65,0.48,103,82,-46,65.48,111,-18.84,71,-31,32.02,37.4,100,53,97,128,60.37,18.61,137,-23,-17,29,4.69,-24.72,-21,20,-23.17,137
56.94,46.71,34.68,78,61.17,-14.75,-31,41.91,64.28,-9.14,-1,48.66,56,17,-19.11,102,66.87,-41,64.74,-23,-6,46.28,141,3,67,68.89,-20.07,-32,54.61,56.87,-26,-13.72,97,-4,-17,36,56.03,32.71,78,76
51.32,85,29.38,66.94,-48,13.95,141,4.98,37.2,33,105,-42,36.38,58.5,120,64,23,26.27,35,6.85,120,40.03,51.3,24.88,104,-43,8.05,85,67,9,-12.85,70.13,-21,49.32,119,98,60.52,59.22,19.28,16
46,2,30.67,-19.85,39,1.78,121,-33,-21.51,10,50.58,9.91,-22.5,44.57,68.62,-48,15.25,107,40.69,48.53,20,42,51,17,24,92,141,-18,49,115,54,17.73,31.06,33.6,38.49,2.72,15,-23.49,0.07,120
71.71,-0.63,75,38,1.96,81,-50,-49,74,85,17,58.27,130,35,11,56.96,60.52,111,28.6,92,22.63,-8,116,135,11.94,73,71,-49,-9,3.99,140,0.73,-22,149,114,14.66,36,-0.6,40,-6.19
70.07,25.83,44.08,12.92,35.23,-18.36,12,75,-17.35,73,22.15,32,-23,109,105,36,70,80,-14.88,33,73.84,0.26,20,-33,-17.78,134,23.69,3,89,1,-28,20,38.79,-8,122,95,13,26,56,-20
114,113,-46,136,1,62,102,75,90,136,145,93,-27,15.75,121,-4.35,-12.26,23,-13.96,-49,-29,143,53.26,138,-43,58,7.1,148,73.08,-33,28,18,49,12,22.72,20,47.99,66.56,61,47
58,6.06,-30,-4,-29,-11.17,80,28,67,49,-19.57,7.86,137,70,-36,141,123,38,-2.76,139,-27,19.4,8.61,42.69,88,71,63.72,24,129,148,68.62,3,-42,-16,73,7,0,43,130,127
18,-20,65.24,46,80,-38,50.38,-17.15,65,45.87,116,15,95,94,134,-11.86,87,18.67,-8.39,-30,55.36,-3,69.16,-2.84,32.3,58,48,45.56,56.75,44,16,58,75,70.1,-11.23,-13,41,-29,136,86
20.87,124,-2,53,107,138,-13.94,66,64.85,51.2,147,-14,102,-5,19.47,111,-16.16,118,31,-10,-21,95,48,-0.6,-29,-7,14.8,42,-21.49,20,68,55.29,-24.12,6,80,-8.38,7.62,60.42,18,52.31
129,74,90,-36,27.46,28,30.11,131,75,6.9,91,33,2,59.69,-11.84,105,61,-30,-33,121,37.42,35,61,22.6,-24,25,100,22.72,-41,-44,128,132,19,3,11,56.61,52,-27,-50,-50
-36,71,103,119,-5,44.72,136,36,84,33.28,-16.23,-8,140,65.69,71.8,44,58.46,-8.59,60.66,-39,-1.48,19,46,41,-33,119,142,58,36,16.92,92,-21,16.59,6.85,41,26.51,18.68,137,17,-3
-48,69,-48,27,30.73,107,1.44,-28,135,61.51,121,47.54,-11,22.06,19.1,-24.97,22.8,133,69.62,131,47,148,16,-12.3,-8.65,28.14,68,21.34,31.33,-13,71.64,56,24.58,-3,48.41,-23.96,-30,-3.75,64.71,5
99,-21.54,44.74,-4.79,-25,-25,3.91,64.43,5.73,-11,-11.16,-28,140,58,48,21.01,129,25.08,56.88,-33,-6,104,102,20.4,-16.74,112,71.27,66.74,69,-18,46.43,4,65.92,93,7,-8.26,137,5.28,-14.11,65.23
14,27.6,1.25,127,-5.56,32,-3.38,-24.7,56.13,-1,74.01,8,31,54,4.86,27,130,20,-1,11,-44,-24.32,68.31,43.9,43.29,36,107,84,57.81,-39,60,-20.52,19.62,-2,-17.53,77,67.53,144,123,4.71
57,114,16,-36,-12.26,58,-1.47,70.39,58,147,18,60,-5,14,-33,61,28.84,46.16,59.61,120,-21.77,25.54,12,117,55,143,14.99,97,18.43,63,29,35,29.61,71.27,66.97,-40,93,54,9,68.17
-32,58,25.72,102,13,46.39,18.25,2,66.11,-3,-25,-12.53,-47,58,10.18,-41,21,-19,-28,148,-21,29,59,31,45.64,51.64,46.9,45.86,10,17,43.83,-37,22,90,67.23,127,55,51.51,42,81
-16,-48,71.9,100,12.49,40,139,62,101,39.24,39.88,69.5,80,3,48.17,42.04,-13.74,102,9.73,25.77,38.97,-24.06,73,16.86,125,138,-1,37.36,-2.41,49,49,91,61,3,43,18,-21.94,73,84,4.87
84,-9.19,18.07,11,17,101,32.48,-26,-15,-13,-14.29,115,132,28,31,15.51,68.55,126,45,67.19,30,138,38.1,-4.69,12.24,-45,13.28,57.89,2.44,106,-28,10.29,12.64,7,70.62,-13,-43,89,68.68,69.39
48.86,2,-11.07,-9,21,58,113,69.51,-8,12.32,52.87,1.44,-8.78,60,-26,72.8,60,63,-47,89,23.78,-44,16,103,74,-10.28,94,-18,7,61.55,19,91,8.18,53,-26,22,76,138,88,23
52,43.32,21.13,45,70.96,70,-32,8.39,91,13.44,-5,113,57.16,149,-3.87,46.98,73.63,89,149,-20.42,-12.25,67.47,118,106,44,49.88,48.25,36.01,75,54.93,50.36,115,135,33.04,25.87,128,99,-29,55.77,-17
12,124,137,52.82,22.97,60.35,131,24.94,26.48,12,110,93,-9.61,44,17,-12,51.26,18,-4.93,35.13,7.14,10,7,109,112,54,-27,60.1,48.49,19,50,13.97,33,104,69.36,114,127,71,124,49.79
-14.41,30,27.61,95,38.45,52.26,64.29,68.2,107,27,27.2,18.28,12.64,80,-14.15,59,90,115,24.42,20.58,-39,-8.3,-14,38.11,3.06,76,23.09,27.04,104,27,74.66,-22.38,144,59,93,-7,-6.48,-16,9.97,36.97
-23,45.52,42,102,43,14,13.9,61.9,57.89,29.63,47,50.44,39,16,-10.24,131,40.11,22.82,1.42,-9,72.72,52,46,0.7,62,41,-36,14.26,-3,9.27,116,122,39.49,98,42.96,-16,116,138,-14,-25
36,2.4,146,-7,-17.41,132,23,61.19,61.38,75,65.85,30.15,-23,-47,-7.57,108,69.31,-2,73.47,-6.46,28.68,-8.85,26.59,-19,119,65,120,55,75,70,34.94,88,-14.77,-6.79,-22.01,-28,111,-24.33,140,-24.36
55,44.19,20.54,101,104,32.09,60,3,-46,101,15,18.93,-24,71.2,-45,83,117,6.98,49.6,23.44,-6.01,-46,13,90,62,101,0.86,84,106,-27,123,7,72.62,34.26,-0.37,45,48.15,139,22.43,107
25.62,-9.44,-20,-4,88,-36,77,-12,76,-13,0.17,29,-1,107,13.12,90,54,112,53,33,74,44,21.87,-9.85,34.98,-47,13.6,58.66,17.33,68.34,18.15,79,-47,60.01,-14.41,27.26,18.5,1.78,22,58.66
-45,76,61,124,54.29,29,-10.78,-25,4.86,-0.64,128,117,-22.07,108,-21.35,39,48,36.82,69.02,-23.25,16.09,143,71,128,51.74,61,134,59,20.26,90,37,-13,84,61,132,33,57.38,9.3,25,49.78
16.16,111,15.68,-16.81,5,34.67,44,27.31,41.15,75,-21,-12,10.08,82,82,50,61.8,30.87,41,2.7,37,58.39,104,105,-29,21.56,131,31,119,-5,58.14,24.61,22,4.12,62,13,6,45,132,38
-20.3,82,128,-41,59,-19.05,56.76,104,21,38.84,28,138,57.62,34.98,69.03,15.8,-15.18,44.25,75,134,107,44,17.28,25,8.02,-12,-24,47,105,60.6,54,47.27,84,-1.47,56,-7,29.66,74,11,-15
-11.05,-4,69.26,-12.69,-3.81,-15.97,-49,-3,-17.97,119,67.2,23.82,20,74,6.88,5,74,68.8,-7,-18.11,70.86,72.12,51.75,-9.32,3.69,-18.27,-18.71,-21.88,63,73.6,27,-22.61,20.21,8,44.07,148,132,39.31,113,91
64.14,145,67,72,4.02,82,29,36.58,18,-10.21,59.53,-9.59,-19,14.96,128,-15,88,-19.41,5.58,25.36,74,-37,116,136,-18.66,141,122,10.39,56.43,-3,6,67.42,108,104,65.32,44.6,19,-20.97,-28,-5.82
36,-18,106,-10.16,125,141,6.66,-22,-42,86,120,42,4.96,7.05,39,71,98,-45,35,93,-22,-12.6,145,3.92,98,-34,84,72,41.93,36,37.18,-8,5,65,-47,110,-3.8,6,101,92
-20,114,-24,87,-13,-3.62,40.33,57.83,20.97,58.17,129,-5.72,68.46,140,48,70,35.91,86,2,147,-6.55,55.89,36,66.37,63.37,121,-23.01,58,48.76,80,35.83,-27,122,47.51,-9.74,122,113,81,116,141
71,132,6,59.94,-18.27,0.52,-25,13.51,142,-8.69,68.58,-1.71,27.52,-22.11,53.94,-21.69,-13,-22,45.74,-42,-35,60.83,106,65.84,49.58,121,43.55,-6,115,80,37.08,123,61.44,72,100,-39,31,3,70,7.1
145,119,13.89,60.12,-7.31,1.45,-11.4,-22.19,63.45,39,45.67,146,69.11,49.49,132,60.8,-14,-33,42,95,31,25,63.45,100,63.19,137,69,33.69,-13,8,-10.22,59,67,-24.21,57,53.17,-5,31,86,16.44
-10,117,138,15.46,33,10.15,-3.72,18.81,64,60,63,-19.19,63.24,-21,49,127,50.12,86,6,108,81,142,-15.95,14.82,91,73,40,90,92,62,113,35.69,33,16,57.64,45,83,106,-21.9,88
8.1,52,-8,-44,57.96,17,65.2,25.06,96,93,19,-3.14,36.7,30.21,1.8,12.91,54,121,15,-8.43,43,-20,48.4,60.79,34,31.39,15.59,20.2,27.81,-16.79,64.55,58.3,50,-44,-19,74.83,42.19,138,133,51.17
116,7,70.18,38.81,75,1.15,-15.44,132,42,9.64,84,46,112,107,-19,-47,59.19,41.85,128,2.12,-19.16,115,60.05,51,87,59.88,88,14.66,-13.26,0.05,-18.5,-17,49.21,47.71,61.52,106,65,78,-24,55
-6,23.52,149,12,-5,12,33,4,37.12,68.45,-0.03,-6.35,29,69,56.32,7.13,45,14.35,11,102,40,-19.7,40,4,131,0.08,27.94,55,41.82,39.85,19.49,2,79,-11,-47,72,-16,20.99,-1.96,48
83,7.87,56,54,12,108,-24.86,55.6,62,-38,44,-8.06,-3.69,34,59.51,40.44,-8.38,-7,74,-33,13.87,3,-16.8,129,87,59.02,1.33,44.7,37.34,-40,65.46,-23.32,-19,11,-5,34.78,68.57,-50,-20.49,142
65,73.02,-17.92,20,121,-9.23,-19,30.14,-21.61,37,24,-18.45,96,63,38.36,59.39,43.8,141,32,14.21,-24.74,19.21,-45,26.63,19.76,-13.66,-14.5,16.3,-22,-21.86,-19.7,-6,141,-5,-13.88,-4.78,37.29,16.3,12.89,64
71.97,110,-17.41,9.49,-11.28,40.93,104,8.34,37.27,-13.5,61.21,-3,5.55,22.54,-10,-13,2.7,50,26.42,50,10,54.39,91,40.22,41,5.71,8,53,-7.23,64,56,9.24,141,15.66,10.88,107,94,72.07,141,50.13
16.96,-4.38,-24.13,66,61.49,74.84,92,6,-35,-24.95,70.9,-14.91,36.66,-14,-0.24,18,61.48,100,145,-13.84,-1,11,70.79,-2,11,116,14,4,-8,125,43.91,98,10.24,74.95,37,5,33,64.7,-0.95,36
2.74,8,-21.93,44,85,57.56,-21.33,29,29.32,74,-18.63,66.18,94,33,71,59.98,104,-12,-49,-7.29,-50,-2,58,27,0.61,34,-15.12,78,19.23,70.7,40.72,10.63,19.29,54.3,49.92,-2.17,-5.63,-20.35,33,2
-46,32,5.5,127,134,5,108,-12,55.25,62.55,30.14,-42,70.08,-14.62,-10.44,50,-25,-16.23,-13,143,-10.9,124,-7,73.11,-7.14,82,12.92,-7.03,-23,-10,51.35,31,-2,13.54,-20,71,-27,59,-9.04,-1
140,52,73,3.18,-23.2,70.75,9,80,46.83,-11,101,135,-37,5.97,-20,-11.99,119,39,40.41,98,48.28,-9.9,97,56.53,-19,37.24,-5.81,39,-1,12,9.81,23.81,-10.65,64.42,34.79,15.38,8,62,-9.78,-8
110,25,5.21,135,-1,-16,15,7.11,128,52,-22,-50,-6,10,61.51,5.36,22.77,1,79,0.81,61.97,-2.9,84,51.22,-48,140,-9,139,88,49.37,69.02,-33,59.6,74.28,33.86,131,-17.95,-24,68.82,88
-25,3.52,49.64,-21,69.91,-3,23.52,7.95,95,132,46.4,22.69,105,40.71,28.07,12.61,-4.53,104,14,27.98,5,87,-38,-21.56,77,106,22.69,11.92,10.84,136,15.11,50,35,10,127,-12,66.45,-7.51,118,87
10.2,68,-15.47,15,-15,38.35,29,51,-24.62,-5.17,113,-49,19.6,22.99,53.46,118,-3.76,26,71.38,86,-18,55.2,141,34.43,14,5,33.42,-37,33,59.41,14,113,79,126,73,124,73,-12.14,47.83,-21.37
6,-34,28,50.75,64.04,63.32,30,-13,43.96,63,3.43,11.92,132,30,24,82,50.27,16,36.94,8,24,16,-11.71,129,69.27,55,18.23,59.52,26,88,-12.15,-1.12,28.97,-20.72,-46,85,99,-25,77,23
-5.62,45.64,11,33.66,7,121,71,17.14,62.46,108,49.36,146,34,27.22,-0.07,-4.43,23.85,-8,64,54.9,-24.52,107,-17.22,36.21,127,54.33,-2,63.88,20.93,132,27.14,31,118,26,44.49,74,59,36.4,29,24.16
76,77,-26,-30,-42,78,12.82,-17.71,73.67,50.96,34.12,-28,8.09,135,58.64,65.2,1,-18,-1.52,3,72,97,-15.65,-12,122,100,18,-11,131,72.78,10.49,12.09,15.79,-1,-18.83,43.04,115,98,51.36,78
32,-2,-11,-20,90,52.04,-50,-10.18,-12,6.72,52,114,20,35,-26,51.64,-17.78,149,70.06,7.94,3.27,-12.36,-32,-2,1.07,67,121,75,124,37,45,103,117,48.6,-4,67,35,35,125,43.43
40.8,46.33,116,12.26,140,68.01,75,64.64,48.99,-7.93,44.35,124,15.01,-43,30.76,45,50,2.2,71,100,96,134,26,25.95,104,5,139,14.5,-26,34.09,74.94,-37,40,98,-10.05,-24.56,55.59,72.27,26.35,116
44.61,-26,-6,37.95,4,66.58,2.73,118,-4,101,32.15,-34,68.79,-24,72.05,-37,2.95,43,146,65.21,37.75,19.1,142,43.33,-44,33,34,-15.17,-50,72,143,-11.55,58,-10.31,82,68.93,30.11,8.89,46,32.19
-20.42,17,87,-14,25,8,63.22,19.88,77,61,67,11.29,-10.53,105,10.47,109,146,138,125,57,-23.44,-39,-12.82,52.81,32,67.45,40,-4.15,114,-34,73.75,96,92,-5,22,59,37.9,42.82,-0.76,-36
52.99,58.4,134,18.48,121,95,-22.08,94,49,63,122,9,64,8.75,72.96,26.19,52,128,107,-29,107,15.25,-24,1.34,77,-35,35.41,15.5,130,144,33,141,64.83,24.13,-23.3,43.83,45,-10.11,72,97
70,142,113,-47,8,-9.4,-15,89,2.66,83,13,27.32,126,-21.49,123,116,14.72,3.66,63,37.23,-14,146,83,16,78,5.18,23,7.63,68.3,102,13,-8,-20.05,46,143,-10,16.88,-21,46,-24
16.06,102,31,70,22,20,52,77,24,32,35,-38,-11,-45,69,48.46,-5.82,114,-3.09,-11,-15.24,-9,-17.35,86,129,-6,4.8,23.32,135,80,118,66.83,-43,-4.02,55,-13,45,86,-10.39,12
-23.36,26.16,145,19.02,-19,-19.92,136,70.67,-23,73.55,9.78,62,100,16.13,-3,-3,35,36.15,70.92,2,-31,-22.84,22,9.17,116,138,52.42,6,7,130,37.11,7,44.26,37.44,-27,-11.63,1.27,27.23,95,47
6.11,117,141,81,44.17,16,-49,44.29,-5,7.83,-42,105,-5,99,-3,36.78,110,-12.48,66,-23.93,12,54,124,68,0.75,119,59.27,64.95,47.89,147,-31,1.97,91,138,25.65,8.74,54,58.79,66,24.34
96,74,102,33,78,42.09,-24.28,-31,82,6.56,105,23.2,123,70.93,1.08,42.31,-15,44.67,-33,97,-10.55,111,-16.1,36,-40,29.25,-44,14,109,2.61,8,-18,112,62.26,47,11.11,-29,8.5,33.82,-46
-43,-24.27,-30,14.27,55,54,149,15.02,-19.78,-30,42.62,110,54.23,-11.84,49,34,-13.87,30.23,133,55.33,37,-24,-38,24.03,96,20.86,104,-12,-23,24,-44,54,-7,10,-21,47,-16,56.53,41.35,120
77,66.77,36,30,33.03,62,133,34,-9.21,-22,9.91,20,-12,0.73,25.12,39.17,-47,-29,59.15,42,60,111,56.17,-18.55,116,15.71,10,-40,74.49,76,124,44.95,58,72,17.47,43.35,-19.54,7.22,144,77
-43,49,110,28,-18,-4.81,17.7,10.34,66.49,28.82,71.61,5.07,-17,102,42.37,48.7,2,19.18,-26,29,52.13,39,29.78,20.27,89,31,32.06,122,12.32,56.16,115,3,69.92,17,56.67,89,-7.07,-17.89,30,14.51
-23.28,-28,133,44,-14.89,96,127,16,79,63.32,51,20.6,-26,52.38,-5,7.7,23.49,130,-22,97,113,35.68,65,5,-26,16.29,114,-44,-41,42.01,-15.99,41,34,111,-32,138,39.44,24.03,5.77,112
37,128,5.32,20.62,32.05,-24,17,-19,10,74.86,47.54,-36,30,-1,128,68,81,123,60,-15,60,29.8,71,96,67,-3.92,-8,10,14,49.71,37.35,109,11.25,72.48,60.67,15.55,60,-22.6,-2,53.1
6.77,-16,116,86,26.18,-11.93,65.86,88,-4.17,57,17.51,-0.12,65,65,22.14,2,56.53,-42,67,102,122,115,17.05,123,-10.37,56.54,33.44,33,-35,73.72,41,-4,-23.15,20.79,-23,14.85,-4,87,-1,51
106,-4,-50,59,76,54.88,61.35,37.03,-31,131,134,83,2.26,71,-18.77,18.95,-15.29,14.1,7.94,98,111,14.11,-28,28.1,-15,119,-3.93,-27,15,17,6,26,-10.37,29,30.06,57,51,140,57.31,17
42.44,63.3,20.26,-17.09,16,46.74,128,42,-23.57,35.94,2,-24,12.67,88,74,24,115,17.76,6,-34,128,-18.88,137,-43,13,50,11.8,73,73,5.46,89,-9,-41,-14,-23,65.46,22,21.37,-11,43.79
57,146,48.81,53.66,39.74,122,-24,31.27,59.26,-17,62.42,24.75,-23.64,56.43,-38,-5,-12.63,38,54,-11,53.33,129,-9,22,0.53,74.54,21,17.68,91,77,58,126,63.55,70.62,1,86,51.54,66,46,29
-22.13,-36,54.19,9,-8.86,-38,63,-3.34,103,51.13,78,-4.23,87,54.45,-1,128,-24.08,26.43,144,78,32.84,3,107,41,17.69,40.99,68.82,69.01,78,14.28,99,8,40,44.2,-34,113,79,100,3.47,141
130,-7,40.3,20,-30,13.97,-16.67,52,17.73,51.92,12.97,83,68.26,58,48.12,52,35.12,45,128,39,73,-6.88,45,-28,-17,40.04,58.57,-5,0,23,149,136,51.37,1,46,143,-6.14,35.38,146,11
125,55.42,144,66,108,-50,-11.09,33.4,19,30.9,15,6,66,53,1,-7,131,-45,136,13,143,63.2,41,-5.8,-21,63.49,63.83,65.13,144,74,25.36,9,64.43,112,13,5,9,-13,-5,52.72
6.28,73,27.49,145,40.46,-19.54,25.29,29,113,143,61.3,19,130,46,49.55,-10,-25,42.77,-4.08,68,62,85,48,-32,129,-21.81,67,23,22.97,-4.68,17.47,38,55.56,44,1.21,137,15.42,-4.13,114,-38
1.37,-19,-19.74,-6.62,30.7,107,17.16,29.05,99,129,92,40.43,20,12,-49,86,126,56.4,57,-18,146,20.83,8,0.8,-25,-19,71,131,149,35,114,51,6.79,2,15.99,-28,-20,28.18,5,19.37
144,4,30,31.72,-46,28.31,54.78,146,59,25,74,62.16,114,3,-28,-7,85,32,43.61,-0.79,86,20.32,22,-15.83,-8,22,93,1.81,84,72,-6,127,73,119,41,54,72.04,56.63,64,8.69
141,-23.87,135,66.94,16.42,40,35.47,37.51,58.29,70,137,54.94,102,50.22,-13.69,44.46,38,55.98,131,71,18.3,-12.29,23.87,-10,135,72.03,9.82,-31,8,14,69,95,33,20,122,-32,72,124,62.27,19
-6,25.19,-40,106,-7.5,35,126,24,84,37,97,-11,-2,-20,108,6.34,21,38,32.73,50.63,-25,124,58,85,112,-41,118,-24,98,107,63,90,89,4,76,0.9,3.32,66,72,61
63,52.87,30.73,47.06,17.05,122,-10.38,70.98,13,55.07,85,-20.21,146,-26,23.12,27.27,72,12.02,119,-38,-29,-39,-18,-13.77,32.26,81,23.73,-25,29.86,-28,103,107,136,-46,-4,120,126,76,101,132
57,0.91,65.24,43.73,9,47.19,-24,-6,14.11,-44,25,-26,130,-9,-21.29,-11,108,-24.57,7.86,60,95,-11.66,56,124,48,35,118,74,4,18.05,128,-42,145,56.02,23.62,-12,69.78,70.99,4,-19.81
-39,41.15,4.32,-2.16,0,39.49,5.89,48.45,37,14.22,147,54,-37,13,141,99,46,-24,95,64,99,38,-44,-7,122,-4,101,98,19.1,4.32,47.89,33,56,107,6.65,56,54,16.41,119,-17.75
45,122,4.37,-2,-30,119,1.84,90,32.01,40.56,66,6,36.07,38.62,-2.74,-15,-38,-41,0,51,7.83,67.02,26.18,-21.64,114,12.47,57,8.26,21.79,15,24.17,125,6,58.5,64,-34,51.66,-3.7,34.32,52.05
6,66.08,-2,66.46,40.12,-7.39,54.79,-1.92,-49,149,69,27.31,143,88,-10,137,46,-12,-12.42,31.58,15,-14.02,9.93,125,119,105,64,-25,-34,-23.47,61.39,137,27,63,-41,144,-19.39,56.06,24.83,-26
130,-39,96,105,12.39,118,76,26,98,23.6,38.74,-23.62,-12,32.26,122,65.1,-32,78,80,8,110,52,133,-23,-11.93,45.56,35.87,-18,52.8,131,56.51,41,103,105,-3,63,-3.21,-6,13.15,-11
35.64,-16,35.33,43.55,41,53,36,28,63,-38,-10,36.99,9,33.87,40.82,146,19,45.47,27.22,120,121,41,16.97,2.7,-5,65,84,-44,-16,-17,73.21,70,-20,43.67,0,29,21.37,105,93,-37
-30,39,-23.8,59.78,14.24,-10.74,8.76,5.84,149,58,-22,55,53.17,106,36,33,44.43,40,28.34,65.68,-41,70,128,-17.48,16.82,19,58,12.43,1.6,68,46.69,-22.58,10,-34,50,90,4,4,78,-8.2
51,45,1.07,-3.55,42.13,59.63,-12.68,19.3,1.36,-23,-7.07,118,-27,-8,1.09,20,-40,41,38.44,107,91,37.86,23.25,-39,48,93,13.8,112,18.05,73,25,38.07,143,106,-3.43,15.51,19.59,32,72.83,39.45
91,48,-3.08,83,11,58,124,112,131,62,34,24.02,-7,56,31,51.91,-17.16,-44,41,51,53.16,126,82,72.79,17.95,97,67.84,70.49,58,3,19.96,-15.26,-14,142,93,16.99,2.43,-8,133,19
116,-41,105,115,72,108,26.39,30,149,23.4,15.79,46.33,-4,-50,50,-12.94,25,74,71,-10.01,99,104,0,-31,44.45,-13,60,62,115,19.68,21,-2.1,139,-38,10.1,-13.07,116,77,58.49,113
72.04,67,-46,59,-13,146,143,133,123,-41,93,-24,22.98,2.6,122,51.26,63,110,75,30,69.01,41,-35,-16,73,58,-5.93,128,-13,28,54,-7,-8.38,12.7,127,1,-25,30.57,132,-19.71
1,15.45,-10,123,132,52.33,94,-38,6.77,79,-9.62,52,104,23,29.81,-23.48,5.99,-2.76,66.18,83,100,8.36,-15,74,62,69.45,84,-43,59.17,-16.92,139,23,-3.3,46.71,-43,80,4.78,71,22,79
141,79,44,21.06,92,20,117,135,63.65,-11.24,26.46,65.18,1,33.87,88,-36,64,23,74.62,8.44,43,46.94,42.65,-0.78,46.66,-3.65,61.33,110,37.07,26.86,31.89,-5.24,-17,-13.91,106,-20,57.17,9.16,33,76
11,136,33.54,-0.76,103,46,-20.11,15.26,49,23,149,96,11.19,37,31,60,90,-49,25,58,53.51,-1,94,69.2,18,70.13,9,-35,-5.58,68,-22,118,58,-17,5.69,73.93,26,-41,22,149
112,108,9.73,46.77,26,56.39,21,3,81,16,47,72,134,-7,67.37,1.16,13.51,26.25,46.06,-0.57,43.96,-13.39,43,129,147,131,11.22,0.47,65,42.07,117,35,73,18.72,46,131,32.34,-9.86,88,66.3
-3.08,143,51.72,-36,52.07,80,-2.85,107,-21,148,-17,-25,148,22.55,63,-28,21.14,59,67,-2.78,71,16.06,106,143,-8,0.38,5,-15,70.16,127,109,33,68,72,55.09,-34,-8.8,10,29.25,122
18.34,13.39,115,64,72,-30,42,-43,30,-20.65,72.66,20.41,126,31.9,119,-41,-15.24,25.35,136,25,30.79,57.19,43,-36,73.37,14,132,-22,53,30,142,128,11,62,61.96,18,-42,-0.82,-41,-17.37
21,54.63,143,145,-16.25,146,90,-23.92,128,94,147,48.78,14,50,1.18,119,10.17,67.09,86,59,115,6.9,79,-15,74,-40,62,31.74,67.38,71,-12,100,4.13,-6,-20.65,36.18,135,147,19.44,104
51.76,103,21,2.68,6.15,82,-16,102,-8,51.65,57,71,-35,-5,57.08,84,-5,-9.6,28,20,14,137,2.11,59.79,25.17,-1,-21.19,47,21.32,9.16,5.4,-40,139,73,-8.6,-46,106,64.16,52.85,76
6,132,-22.05,7,87,26.41,142,-1,127,74.02,27,141,126,0.43,-37,68,-20.98,39.35,-25,-2.96,-13.05,-40,13.25,136,14.34,38.18,-3.26,0.41,58.77,146,36.41,32,20.45,-3,66,134,29,8.72,-29,107
36.46,-15,3.58,22,145,103,7,39,80,-11.66,68.02,43.73,57.96,113,143,23,48,-17.1,69.45,-19,122,5.67,-22.99,-2,21,85,-27,81,16.4,4.01,12.89,19,44,116,125,-48,99,87,51.14,10.56
71.1,60,-17,-7,1.62,87,48.94,128,68.56,-38,55,8.25,71.75,-23.3,-10.65,19,61,-18.55,7.5,118,100,133,10.71,-8,20.04,-13,-44,31.61,19.93,-18,94,-14,86,23.43,-20,6,-18.78,138,118,71.78
117,74,19.2,93,40.38,34.08,142,44,25,68.3,-31,10,76,99,40.45,16,6.08,15.54,-30,-24,19.17,42.94,-11.46,62.58,3.55,59,70,-7,109,92,31,9.78,32,-20,-38,-15,141,120,147,109
45.26,89,85,142,49.06,11.46,-13.83,45.65,55.19,94,-32,26.86,92,138,102,146,-11.97,102,43.03,73,5.38,30.97,11,10.1,79,1.91,50.45,41.01,51.12,94,113,34.81,-43,-28,62.68,36.98,53.93,-0.72,47,121
-17,13.68,-28,31,47.2,33,137,67.08,148,52.84,71,119,103,36.61,33,18,68,56.12,71.3,18,84,50.55,83,51,125,26,-12.62,-15,144,28,36,-6.36,30,30,-36,-24.71,45,-10,0.71,-18.09
15.18,91,48.12,92,73,137,16.79,26,41.11,-5.04,55.9,-22.96,42,26.23,131,6,88,22,40,34.39,67.86,1.8,139,12.39,-12.75,-14,-11.39,22.71,7.32,-18,94,-43,42.44,28.77,57,132,126,23,66,51.42
-6,12,-11.89,22.65,-13.7,-19,-31,58.22,48,10.11,19.89,28,17,67,12,102,125,66,140,0.43,67.89,112,88,21.25,118,-44,14.28,147,-13,-43,54,-32,-34,74,69.43,-29,0.34,17,32,38.61
0.37,57.74,-6.48,58.88,7.05,94,73.49,145,9,14,133,0,86,23.19,25,-40,-12.11,38,138,-22.41,-37,-34,-24,-20,73.99,-25,0.53,45,-11,-36,-44,9,125,138,37.44,-9,139,41.96,28,11
35.69,58.25,109,34.52,-4,-9,36.35,-24,-18,23.72,94,87,-14,2,74.4,54.4,28.27,59,131,42.48,36,50,33.94,-33,15,20,-1.81,-4.57,-3,40,7.01,-18.11,15.64,78,1,33.28,38,50.13,39.66,7
-44,61.56,12,134,26.96,119,-17.53,106,60.71,110,-26,59,-11.79,145,-2.48,22.93,-23,19.48,55.66,62.46,91,-22,121,31.18,105,101,6.87,61.77,34.79,9,-16.46,53.81,24,149,74,5,96,16.42,38.49,-9.61
-9,37.2,149,14,57.19,-19.6,19.6,-3.81,-18.53,-1.51,63,-11.99,42.94,-43,141,71,-20,9.62,125,76,149,-34,75,15.34,67,18,57,11,-6.65,31.89,47.07,134,32,52,139,81,41.24,32.19,137,137
62.56,20.52,-15,69,-8,21.06,8.19,12.79,16.05,13.76,-2,16.28,11.66,7,-13,4.66,94,-3,-49,-10,63,50.16,132,46.62,-27,15,138,-42,105,73,-10.93,-29,119,-37,128,29.09,99,-18.8,87,-9
59.42,56,35.58,52.19,10.2,66,71,40.33,27.76,21.97,-40,90,137,-20.75,26.48,61.35,69,2.99,26.65,37.23,-20,-10,32,-5,113,32,-3,141,138,16.46,31,142,-4.42,-2,68,77,140,135,88,11.02
104,31,7.87,1.25,64.46,92,-21,60,-33,22.42,-23,120,66.27,52.86,33,100,-29,13.13,65.98,19,-4.63,-2.1,-10.35,57.58,-21.95,145,-6.69,17.11,127,61,33,39.16,42,83,70.01,145,-42,47,10.44,25.12
-48,114,36,-49,20,61,33.54,143,69.66,50.1,133,102,-23,95,121,6.08,105,1.3,-23,-6.47,0.69,11,105,14.64,57,55.31,109,74.85,122,-3,112,3,22.27,0.2,-15,93,57.14,-17,42,-11
83,93,106,45,-20,133,33.96,-9,37,51,68.65,-39,14,-29,31,9,97,15.33,119,-4,-9,75,-19.66,8,14.79,75,4,41.1,111,59.86,63.16,72.33,53.46,42.1,-23,127,138,118,-21.18,24.05
-23.7,78,-9,12.6,52,10.74,99,26,-15.69,91,44.8,35.01,100,68,94,55.93,56,66,39,-21.45,7.83,54.06,109,18,58.81,38,23,37.26,135,-8,24.34,1,78,64.86,-2.7,-44,1.19,4.32,37.75,88
68,73,-48,62,-13,-47,132,37,51,40,-45,93,67.52,129,88,39,79,-26,-10.97,4.04,-14,102,37,22.65,123,-1,21,126,143,55.06,71.44,115,53.87,126,144,-47,-4,-17.09,136,-19
13,-0.47,4,138,87,60,45,24,102,13,128,-29,-12.74,52.06,100,36.56,42.68,20,35,15.76,33,1.9,23,80,51,-12,73,-13,56,22.07,-40,-19,29.66,15.91,6,44.75,101,28,28,41.75
104,53,-11.71,-5.36,101,-7.05,24,65.12,96,76,127,104,96,-16,-24,149,34.24,20.82,-32,49.18,61.96,-6,57.22,-9.85,135,98,26,31,51.88,19.67,14.36,27.06,27.36,-6,20.79,-14.61,-1,106,73,-19.85
98,-25,5,73,49,143,81,-17.27,30.93,-50,-6,34,-19.78,-33,55.29,7,28.46,-18,-6.67,72,11.62,57,-18.9,57,-45,-49,-30,71.14,65.23,110,56.35,-22,25,-16.8,47.24,-29,149,53.73,114,115
147,95,25,94,98,48.04,-50,6.75,76,50.01,24.97,-24.01,46,135,-19,-11.66,93,11.43,-12.1,55.79,41,79,2.52,28.95,-9.35,118,41.78,-11.08,106,59.1,116,13.34,35,12.72,1.91,47,-22.46,15,11,-16.72
20.73,8.79,60,-45,77,110,11.87,-5.12,-2,21.87,47.35,3.73,129,92,49.37,18,43.39,47.08,28.64,31.26,-13,-15.09,-9,27.08,-21.14,13.15,144,17.45,22,97,121,50,50,1.58,139,38.53,-47,81,123,127
73,-36,147,35,-27,83,133,100,-45,126,39,131,45.83,57,103,38,132,-40,11.35,-11,121,121,144,49.27,63.12,55,0.77,77,37.02,38.48,39,57,119,68.71,15.16,23,-12,41.65,10.55,67.18
133,-19,-14.76,-14.65,65.26,111,49.2,9,32.63,40,53.35,45,58.89,30.19,-11.88,8,59.81,4.26,-47,10,37.77,48.81,87,81,56.89,-17.91,56.13,47,31.37,138,39,2,91,22.49,72.26,46.9,55,105,24.42,0
27.56,27,60,44,57,128,50.26,53.49,17.54,101,19.86,148,-10.4,-9,64.13,10.89,-21,-39,114,1,9.65,92,131,0.6,144,-11.01,86,4,-2,103,50,16.72,77,-13,-12,26,115,60.67,65,90
-22.57,8,-20.18,98,-2,74,6.27,75,15.93,80,-25,-10,148,121,-15,85,58,81,-25,-15,5.02,-7,48,18.91,138,137,56.68,3,56.26,42,19,117,80,87,100,31.64,49,31,8,-12
-47,132,77,32.63,116,131,19.77,48,98,58,56.08,74.8,30,52.03,135,8,117,58.63,-35,15.4,141,18,-11.89,45.37,15.91,18,146,28.9,-17.49,-30,-21.04,81,109,17.31,58,41.15,-33,115,30,68.88
90,62,63.9,-18,-32,7.58,9.53,122,37.97,31.55,98,27,63.95,40.51,91,54.03,69.23,38,-4.57,48,96,123,87,132,54.87,36.86,44.19,-6,128,-8.19,61,58.62,147,111,-16.84,81,13.04,12.74,56,27.12
11,6,110,128,75,-37,12,-4,138,124,74.19,24,126,118,83,-14.16,-9,15.85,-13.62,-10,12.02,70.42,120,29.58,11,64.95,83,-48,110,80,32.48,62,68,42.88,74.29,-3,108,-44,75,-14
-1.24,61.66,25.96,72.72,-2,27,12,59.66,62.22,110,-37,13.12,12.26,-4.6,76,61.29,47,71,91,-34,-46,26,-12.01,-0.62,57.85,-19.52,35,110,29.03,48.67,68.36,117,-40,15,20.07,-13,112,-47,35.63,16
109,-1,42,56.06,16.1,-49,-40,140,-43,4.87,-32,23.67,66,54.8,-8,26.62,9.76,51.04,60.69,92,25.45,29.75,27.2,68,-7,111,27.59,61,42.43,51,127,34,28.2,6.38,4,-13.36,-21,122,104,68
-20.9,143,-23.5,49.77,-5.07,18.7,-50,11,86,-1.4,143,99,20,50,83,-21.72,116,16.63,42.09,47.24,72.84,133,38,147,-18,-46,91,54,83,-17.69,-4,42.57,46.72,20,-7.62,10,71,57.63,-8.52,69
-29,148,39.65,75,38,-9,96,-2,56.25,32.54,102,29.56,43,38.04,-36,68.79,133,122,32.46,52.56,-12.07,39,66.76,20,86,49.24,-21.19,17.47,50.26,-38,89,-21,100,53.57,-40,18,36,47,120,113
7.14,112,52.05,101,148,57.69,140,99,113,84,77,53.56,59,62.34,120,-48,-38,18,24.01,74.82,43,-17.02,47.18,80,107,90,-44,141,128,-29,49.4,-8,56,58,34.79,72.26,-10.73,137,130,27
112,132,75,119,23,63.13,-13,17.45,-23,97,87,100,91,1,-7.52,135,145,-33,121,133,47.83,-21,-2.06,60.49,146,17.58,51.65,128,-12,-17.24,-45,-3,43,-22,9.74,55.45,60,-38,64,43
31.97,69.27,56.99,-10,45,51,-22.32,3.04,52.51,127,45.65,119,-28,55.46,18.82,72.11,29,120,69,17.19,40,108,-4.13,42,-29,-27,98,-21,39,79,-23,90,49.93,-6,125,21,49,3,36.79,0
30.82,40.88,-29,-22.21,2.76,21.84,0.25,40.03,103,-7.27,8.8,-27,-17.66,112,56,30.36,4,73.37,70.8,81,87,-14,47,49.65,8,-4,-32,67.19,43,55,70,5,-13.18,73.32,46.44,63,-35,125,13.18,-9
37,82,53.46,130,-23.63,57.03,77,88,74.54,15.88,-15.1,-37,6,20.74,51.68,19.52,70.37,90,30.24,34,-50,126,76,-8.48,46.88,-0.31,27,2.78,23,-26,-1,10,-16,-17.22,-8.31,-20.24,42,9,11,48
49.8,-5.41,-15,39,23,149,83,35,35,93,-22.8,105,40.99,17,3.72,54,77,-47,72.33,68,15.84,53.7,-41,0.24,73.39,33.91,121,72.87,-7.37,99,64,145,-4.77,-21,62,2,-24,14.15,74.77,-1.74
43.15,13,-1.67,19,8,23,-48,36.91,5.02,-5.58,-33,41,-18,-49,9,65,98,41.77,66,60,41.84,54.33,64.19,-22,-35,63,47.97,41.82,32,-5,-4,119,-5,9.2,6.3,14,99,92,-33,19.72
120,137,27,13.41,78,-40,40.02,113,123,-27,-27,10,53.86,132,70,116,-30,65.4,-41,-16.41,-49,64,-21.01,3.55,71.54,0.09,138,65,2,-5.44,25,75,89,65.31,68,-33,-48,16,74.72,66
67.81,116,31.74,33,-37,130,-4,2,-32,46.99,102,51.74,16,19,-49,-5.57,69.65,58,74,18,17,-36,9.71,67.6,-8.29,66.44,21,68.84,37.75,122,53.38,73,126,40.16,121,89,42.06,44,24,141
9.44,-15.13,45,46.27,22,-42,30.57,132,29,47.82,-28,84,65,122,24.3,111,112,-15.44,-3,16.96,66,20,44.84,-14.75,-6.09,27,146,5,-33,54.05,-7.85,110,20,-18,-43,71,142,-12.19,98,48.25
15,30.8,70.2,-17,27.77,45.89,136,46,-7.83,30,2.75,128,-27,83,-36,-24.46,35,149,93,15.16,-31,22.97,37.53,129,-4.79,-11.32,73.58,64,108,17,100,20.69,50,28.49,27,11.43,-12,10.05,38.54,-12
12,31,26.89,116,25,-45,28.05,119,54.35,-19.07,28.98,56,-44,40.54,-48,55,27,87,115,-26,19,56.73,71.7,149,-16.62,42.73,-44,5.64,-40,-21.78,47,-24,43.38,43.85,92,59,4.19,73,69.08,27.98
-9.09,29,23.19,-6,6,26.76,103,53,32,7.55,130,60,83,88,24,72.66,102,-8,127,30.28,18.36,134,41.82,22.76,33.12,24.2,43,19,43,-27,4,95,0.18,78,24.83,30,-21.45,16,20.25,27.04
25.9,32,71,-32,17.8,16.77,-14.94,38,75,59,56.11,-30,69,119,36.36,61.89,22,82,10,121,81,-24.62,57,64.34,14,49.65,14,118,34,148,53,128,58,49,100,101,72.67,15.56,-2.61,26
125,108,138,53,-15,104,61.4,57,129,-40,24.05,21.91,57.76,2,52.57,73,-40,70,81,5.94,42.57,86,66,49,46.89,89,-31,74,5,83,120,35.61,64.73,18.7,-39,-1,19,42.46,116,3
-24,-30,45,-40,103,6.13,4,32,-1.4,-22.78,17,15,35.32,31,53.25,71.93,4,-20,50,89,5,70,-23,64,-27,68.93,115,42,-6.35,94,3,-29,-37,113,130,-27,-2.89,3,138,53
29.8,-29,122,33,-24.88,-21.61,105,59,6,131,-14,82,39.25,31.43,67,130,-12,-14.6,32.78,13.58,-46,-38,54.77,20.42,26,30.58,121,37.54,72.85,87,31.82,45,132,123,60,-17,14,123,70.06,51
52,-19.95,49.63,104,13.7,14.91,33.77,30.93,46.44,114,-49,73,97,44,40.56,87,31.7,-25,61.36,-16.86,135,29.56,47.66,91,-12.02,50.14,-9,-25,-3,-48,-6.55,1.24,86,83,53.42,-40,-24,127,127,54.24
103,25.79,-36,33,71,74.76,-24.49,54,-41,20,69.99,9.15,38.99,-1.48,-47,2.03,3.55,53,-30,85,60,25.13,70.15,77,134,32,67,43,3,66.31,10.52,61,25.78,103,23,82,-3.28,66,70,-7
77,-12.11,132,15,111,32.97,-4.12,138,22.38,42,85,64.46,74,-21.8,-5.46,92,-14.74,49,48,70.71,-16,67,-5.37,-1,-26,29,42.06,10.34,-15,-9,14.92,0,34.22,81,-39,40.93,-15,63,-20.68,82
45,23.55,-21.53,-22,-7.43,-16.2,87,-28,21.39,69.85,84,46,61.23,27,-14,-17.2,44,118,-44,60.19,24.54,1,-18.08,144,50.62,73.08,27,71,134,138,-24,129,33.26,80,142,125,-15,-22,56,24
30,99,22.15,31.08,59.07,-16,80,21.68,72,-3,3,34,-7,58.25,-48,46,64,66,85,15.87,50.32,55,63,49.46,-23.67,20,-17.84,2,26.71,-38,9,35.48,-9,26.16,73.83,25,105,128,66.7,55.69
135,-37,19.79,15,-7.55,50.11,21,-8,61,96,100,141,2,-48,-18.86,-15,-27,-42,0.23,36,118,-25,137,-31,12.54,57,80,4,49,46.44,149,13,123,40.67,10.73,14.81,-44,-19.19,-2,37.25
19,-15.31,-39,51.29,-30,3,0.41,128,-31,136,-18.67,48,61,-19,91,71.54,-10.68,-42,6.27,-8.29,-21,25.46,-9,21.02,-23,26.28,-3,116,-9.7,98,134,123,77,127,-18,-31,-11,-0.02,22.83,72
53.55,30,105,46,37.84,126,54.58,124,121,23.92,40,44,-18,87,95,39,136,-41,16,62.43,37.11,43,-11.13,80,119,95,6,53,-42,-41,70,47.65,-3,51.03,24,39.44,68.66,86,66.43,139
74.02,24.92,-24.54,98,22.37,-8,48.62,14.24,124,68.45,86,121,-39,64.54,69.14,122,-19.2,128,-11.22,47.31,114,21.1,73.14,17.99,76,131,38,15,-8.38,28.22,115,-49,66.61,0,44,-15,-1,141,3,130
-36,103,17.11,118,83,30.2,59,-33,88,11,-21.77,108,83,57,60.12,62,9.26,115,-5,9.96,20,99,9.57,62.11,37.85,-22.94,86,-48,40,-44,68,116,-20,122,102,135,16,9.93,23,52
28,-48,-30,1,50,29,12.61,7,56.29,134,-25,24.43,29,10.97,67.06,-11.62,31.05,116,137,147,13.19,62,0.24,31.51,62.37,-11.66,138,73,29.35,-18.5,31.75,18,10,4.49,-15.89,26.36,-17,86,-23.01,124
4.54,5,144,-10,1.53,129,72,71.11,129,70,51.93,3.17,65.41,10.08,31.58,-37,-33,66.99,-4.29,136,45.89,38,16,-6,110,133,86,123,47.97,62.89,24.3,71.87,11.84,9,42.81,28.32,10.76,125,22.4,64.58
93,3.99,-5.56,17.75,-28,133,-12.33,-19,-21,-44,-11.38,10,40.1,128,29,106,17.3,40.27,76,128,15.21,145,23,-43,40,106,-43,-37,27.15,77,59.43,23.45,30.67,27.69,146,-31,11.71,4,7.28,-40
-15.37,-5,125,7,-7,68.22,5,-0.73,41,58,46.79,57.92,127,32,55.29,31.84,140,66,41,50.75,76,88,-10,90,5.04,-29,79,-22,21.15,-42,18.76,128,126,26.26,67.33,55,-9,70,34,86
63,28.19,53.38,-17,64,12,65.96,25.44,-1.96,118,-14,53,134,14.58,63.65,83,59,18,17.71,63,70,-50,29.75,107,31.01,-37,-21.15,41,129,0.47,29.54,-1.24,5,12.85,135,124,-5.86,-7.15,-18,46
32,-49,-4.27,-21.11,57,38.91,85,101,64,23.52,73,43,56,62,38,-12.86,53,130,-24,64.72,-11.65,44,-12.8,88,57.93,46.96,-22.9,95,37.65,13.69,4.56,39,111,64.69,28,-14,99,6,-22,99
24.36,-23,15.68,63.3,69,90,88,59.24,-9.73,-39,6.37,141,7,12,21.48,63.32,128,-0.4,59.35,-4,-30,49.47,40,16.98,51.96,36,58.21,12.29,-22,25.78,-0.49,14,118,51,116,56.2,103,-21,87,74
-12,-40,-17,74.91,-33,12,5,-23.69,104,145,-26,8.36,99,141,-32,22,96,29,124,114,-2.25,-32,-16.61,-6,55.7,-44,-23.19,64.73,12.34,-7.92,73,7.78,84,102,22.22,25,7.91,-23,10,37
74.31,6.82,67,43.84,22.35,71.86,12.56,7,-6.79,-19,-24.34,132,66,59.08,-1.29,59.9,-16.26,99,-5.78,68.86,-3.29,48.29,90,-6.77,8.01,74.13,21.31,97,35.59,20.85,40.2,-24,55,57,26,18.96,92,33.6,3,52.5
83,32.89,120,28.81,110,70,-41,137,-19.44,8,72,149,3,-49,17,42,-1.07,-19,73,144,4.53,58.55,-20,-5,39.71,147,-11.82,6,89,-11,-50,-4,76,31.2,-13,22.43,-31,18,67.29,123
72.19,29,59.24,73.14,-12,133,104,111,52,131,18.38,72,21.96,52,7.3,90,106,-39,-36,5,137,95,72,-5.7,74,40.53,51,14.3,-46,58,57,-27,94,-49,23.63,29.05,-6.07,69,66,3
-11,-25,-2.69,33.67,-14,-48,51,-14,46.22,134,-17.55,26,15,104,7,19.49,0.69,0.73,25.83,75,17.99,-25,33.37,52,134,-33,-24.82,72,24.62,-44,94,137,68.98,-2,-49,-32,-9.84,58.23,49,-16
113,76,121,59.19,27.37,58.65,50,39.15,34,10.33,1.41,104,82,32,141,14,149,40.51,92,86,58.36,3.03,78,122,72.06,16.95,59,34.87,121,9.2,30,-1.12,35,104,-9,-13.2,127,9,3.61,32
29.48,-11.24,22,63,-6,35.21,6,147,-10,75,40.12,-22,19,72,2,128,71,12.4,6,-25,-25,43,55,81,-2,98,35.27,135,-9,112,74.96,-2.5,37.34,8.85,27.51,-31,-18.2,34.76,137,-18
64,3.43,79,17,32,-41,120,-23.6,-18.22,-18.3,148,147,-30,66.02,58,108,-20.59,65.1,106,18.01,16.31,-41,-2.36,43.86,69,41.17,107,141,38.67,61,148,41.15,24,29.93,4,4,119,58,65.36,3
6.17,142,80,64.73,67,53.84,34.48,-29,11.4,67.18,57,133,127,35.88,-38,-31,71.19,45.06,122,-26,-15.05,36.72,74,117,46,-1.23,102,-21.99,35.45,4,69,114,62,61,64.61,25.83,51.62,40,-40,15
5.15,45.1,50,62,-21,89,-31,-50,3.08,-35,83,7.05,15.59,67,116,67,149,99,78,-17,47.57,48,121,49.26,-32,142,15.38,59,68,-12,67,28.69,-23.95,54.61,70.63,-13.72,-7,-23.58,74.89,5
70.48,19,2.34,82,-29,29,18,44,88,137,46,41,38.3,39.21,33,46.72,7.36,48,138,40.68,-9.97,59.94,106,69,11.66,-30,57.31,11.08,-13,39,71,1.02,77,29,21,134,12,148,3,-22.4
-14.13,118,-21.11,13,-33,-17.68,-37,-15,18.37,-3.4,24.01,68,-38,57,-23,-36,-17,57,24,-8,23.49,97,55,33.15,-10.84,132,3.13,-11,-48,33,61,49.22,6.73,28,112,3.24,-19.57,-10,-12,106
-24,38.86,-19,136,73,100,-18.34,8.98,65,20.5,112,63,17.36,24.99,105,59.37,-15.74,-4.53,112,51.32,-45,146,68.48,17.9,49.9,59,-8.45,67,23.83,15,98,127,-6,11.48,-3,83,11.4,-5.83,26.71,-6.24
55,31,97,111,131,83,-26,42,7.26,132,2,33,23.86,98,-47,71,85,0.58,83,62.49,70.61,26,26.72,117,30,-7,9,13.2,-29,22.02,110,-19,17,-13.09,2,-25,57,-6.45,31.55,61
-35,-21,32.57,94,134,75,46.73,72,66.04,3,26.99,25,-42,26.79,23,63.68,-2.65,23.06,87,55,121,15,110,64.89,47.68,45.56,127,128,139,52,4,81,3,134,68.9,-20,-42,45.19,54.78,26
39.46,0.8,63.28,42.37,-18.96,32,74.03,58.53,27.97,91,62,54,50,-39,33,66,112,118,33.3,107,74,35.37,55.89,-12,15,-4.61,41.46,28.52,-22.69,49,-1,91,30.41,25,65,-12.05,35.36,-9.16,95,-8
66,17.67,73.82,11,10.45,1.55,15,-22.19,41.76,38,-5,99,-19.27,57,54.82,-3.16,16,35.03,-24,-43,35.16,131,-30,60,22.71,26,7.48,-29,144,12.94,51.1,8,12,69.99,6,-10,-18.73,39.33,75,101
60,66.6,67.18,9,-40,-39,78,34,20.78,38,56,29,-21.44,-42,19.62,67.49,71,-2.24,-4.23,110,18.27,-25,8.56,32,15,13,38.48,64.93,96,7,-21,25,5.81,-43,-17.37,-4.86,-6.45,35,50,-9.39
8.84,73.33,-5.24,2.2,119,146,65.83,-13.81,-12,53.75,-31,59.53,59,68.42,-43,-17.22,142,105,131,146,114,146,71,-11.52,19,37.14,91,5,-41,111,8,126,11,19.32,147,-15.74,60.79,41.13,-34,-10.59
117,-13,70,16.58,-13,8.98,126,4,135,-3.55,57.53,-30,48.05,-19,-4,22.23,19,41.84,32.64,11,3,136,127,-12,133,14,-50,36,76,-29,15.51,35,-8.38,140,-40,24.53,40,47.78,5.45,66
136,54,139,-14.13,-32,67,58.93,25,10.94,53,112,73.97,-15.73,109,-46,102,35,88,30.38,-12,63,-18.15,1,71.6,62,-32,46.02,-21,-24.39,-15,44,-21.85,-10.52,33.03,26,-7.25,23.46,13,52.29,47.33
59,106,-13.26,43,129,84,142,-14.19,132,84,82,2,-35,98,74,19.62,89,14,87,-13.34,120,18,21.02,4.43,-39,-12,21,46.24,58.32,41.16,-18.1,38.66,122,52.69,12.23,102,126,15.01,70.69,24.36
35,19.5,46.71,108,43.63,78,61.63,118,-26,28.74,145,24.94,7,96,53,34,104,-23,35,102,29,95,20.32,50.14,-35,12.51,28,-8.75,-27,33.62,2,-45,75,40.51,20,-6,119,-4,-6.34,-37
50,30.92,140,55,5.51,106,67,-14.68,7.34,19,-48,21.05,18.43,39.31,59.29,27,54.56,67.87,108,12,-25,-12.94,149,38.9,80,0.64,81,-6,12,56,79,29.03,22.3,15,46,68.2,10.73,20.05,27,66.22
-24,54,-24,75,-2.71,48,74,56.38,18.45,30.1,32.65,-0.47,55,139,140,13,23.97,38.97,14.53,34.77,-20.93,-7.69,-15.83,18,19.97,-20.86,67,26.62,19.83,44.04,11.78,63,-14,77,57,-47,26,137,45,-21
113,-34,120,-18.95,-19.74,-23.3,-17,60,15,-42,50,95,8.86,54,-30,2.29,17,71.75,61.85,64.82,116,-18,-37,-18.18,4.69,20,7.06,8.25,-17,21,138,59.19,114,28,-4.31,-4,-17,16.98,-1.42,-6
-24,111,112,-19.2,98,25,124,28.23,-41,-32,-24.17,57,44,22.86,-18.43,73,26,24.28,76,-13,-15.32,95,-25,22,38,97,100,-12.19,-19,59,-10.8,66,44,15,34.02,30,-15.76,22.35,47,58
124,-41,28.81,45.28,95,123,34,144,143,30,25.6,93,-39,0.98,0.46,74,-17,80,6.13,35,69.83,-18,19.58,14.18,95,93,69.32,-18.93,54,-10,71.82,29,51.28,9,-16,43,20.61,-9,73,148
125,-2,8.17,15,117,68.02,-41,137,109,116,106,22,52,-7.35,105,139,119,55.73,56.05,73.37,56.14,126,69,-34,54,25,146,45.99,49.41,-23,-48,61.8,148,63,-11,135,-43,138,-39,-3
38.54,-26,-7.16,50,78,-25,-1,59.6,45.68,24.58,55,-15,7.24,2.16,103,130,17,56.41,-11.12,28.37,121,14,41,73.78,143,64.97,61.03,39,-29,115,13,134,43,78,-18.68,48,66,35.85,-5.32,-36
37.76,45.8,-48,37,74.64,-16,149,62,148,-20.25,13.97,46.28,88,14.84,22.8,-18,69.51,31,64,74.33,-46,43,59.34,115,-24,91,-18,-16,8.05,68.76,42.3,53,54,-47,-17.74,144,-12,126,144,90
126,68.29,34.97,54,91,15.88,46.61,130,41.05,68.3,103,46,146,102,80,134,67.04,-4,-28,39.3,107,65.71,16,-14.88,127,85,39.88,11.16,24,51.44,41,73,47,-3.74,51.5,10.01,24.53,-45,112,-4
37.56,105,74.91,38,41.92,58.65,-14.68,109,64.79,23,79,-18.19,50,23.88,13.36,53.85,59.26,88,25,6.05,-49,96,34,27,141,-9.2,-14,25.59,-12.9,47,108,138,98,145,-25,-49,111,18,22.59,2
5,106,139,51.48,-14,-24.53,31.03,88,-18,51.47,-30,65,88,-42,74,2,-45,64.95,137,130,129,40.58,-19,24,23,68,31.15,-8,-19,32,19.79,77,123,-16,107,115,38,-2.64,-49,3.66
96,-49,72,-21,74.92,-22.24,59.23,-36,6,19,47.65,62,-14.27,134,53,100,-36,-19.27,-15.36,9.28,-35,60,24.43,49,56.58,13.11,-16.99,41,97,-11,106,-13,104,119,27.68,34,-23,-23.27,29.13,63.03
-40,136,73,-41,119,108,59,-36,-28,-7.52,73,-17,38.86,13,102,-31,0.4,145,70.46,-17,122,129,17.27,46,69.6,26.38,50,-11,30.9,124,-39,-33,44.68,48.46,29.44,-14,34.51,131,33,124
-14,98,-22.17,-10.59,116,44,-11.15,-49,-30,30,5.82,29,-14.4,20,60,31.88,-22,-3.44,94,128,74.3,-41,-23.44,96,44.42,141,73.16,25.08,114,54,26,28.87,-17.24,74,59,122,4,94,61.24,-48
61.53,26.85,83,8,55.58,146,-38,-0.4,96,-41,15.08,88,134,131,-37,-49,126,-4.65,34,109,15.19,71,136,-23,142,7.4,48,25,1.43,55.26,-33,-6.59,9,55,27.75,32,102,93,40,62.63
65.45,56,73.76,39,-4.33,17.2,56.22,63.45,34.48,124,146,22.53,-4,23,-18.74,5,16.53,-38,14,38,29,-0.98,28.15,5,35,137,49,96,55,35.39,32.06,-23.05,-8.81,13,10.74,117,-35,46.76,-36,-50
124,10,49.44,35,54.77,-12.82,23.52,85,-37,17.82,0,9.92,10,52.23,-7.03,100,148,9.91,-4,-4,114,14.56,34,84,56,-30,137,125,59.83,-14.83,68.87,43,-1,69.69,-4,140,1.8,-20.18,66,144
8,45.44,60.01,74,133,120,32.09,-24.2,-22,147,36.46,17.15,23.21,78,7.48,21,110,148,-29,91,16,55.09,50.87,-13.23,22,-43,48.43,106,5.56,67.43,112,63,24.29,-0.17,49,-41,-46,67,39,-14
-9,-49,-23.23,71.25,-11,-37,22,117,-44,67,122,42.74,30,-48,-2.46,50.2,55.61,36,59.14,90,144,91,-6.99,128,69.86,-40,-20,21,41,76,100,98,38.04,-35,57,73.93,53.12,11.87,70.52,73.91
89,89,-21,146,9.53,39.79,121,56.18,40,109,35,71,137,1.8,-26,73.1,44.12,11,12,149,31.51,25.83,-5.38,2,60.66,95,47.43,144,144,118,68,9.61,48.83,64,-10.55,0.36,50.81,62,31,62.97
-5.24,-17.54,118,73.52,49.27,-16.71,-31,26.1,11,47.11,32.02,61.59,-17.58,-45,17.84,-2.52,59.97,20.08,47.28,-37,35,36.13,132,108,-5,-49,14,148,73,28.67,71.74,29,27,2,76,-3.24,51,95,92,-15
0,106,107,67,133,128,-23.38,-21.99,23,-13,42,103,48.6,71,-2.39,111,-48,24,21,118,-39,35,12,-27,4.62,80,8.46,8.49,13,-43,-16,-47,2,60,58,42,-23,14,51,-20.8
-17.72,49.95,59.68,48,-37,10.76,140,99,143,34,-17.72,17,-43,-1.74,15.45,59.4,-10,109,63,67.43,23.41,23,106,127,120,34,-15.26,50.45,48,52,-4.8,-3.79,12.08,58.25,45,-16,114,11,32.97,-36
-36,72,46.69,77,0.12,4,53.88,4,44,67.42,48.71,145,131,102,55.91,57,22.95,55,16,73.45,142,74,69.06,-22.33,0,103,16,-13.39,63,98,105,78,110,16.99,22.56,134,-8.85,68.69,37.22,72.78
67,-10.89,68.58,-8,128,-10,28.57,-27,-10,-29,1.37,95,-10,82,10,-16,2,51,23,66,-17.75,139,148,-41,4,60.29,97,27.35,30,-25,13.11,36,-18,14,23.45,76,-33,5,-17,21.73
2.62,-19.26,-20,-12.57,36.57,41,48,91,62.8,82,148,7.84,88,-37,-2,-30,4,90,124,38.68,64,27.42,3.15,53.07,72,-5.17,-9,13,114,65.52,-20.78,42.48,57,-17.59,55,-40,1,42.8,15.68,-1.43
95,38,116,-17.05,67.72,135,-23.2,64.39,44.01,5.81,62,64,43.77,140,138,-29,-15,60.44,65,87,84,1.04,14.53,28,40,78,13,5,5,91,-2.53,45.2,28.64,77,25,-24,52.2,43.02,-7.26,14.64
140,79,23.91,71,23.51,43.53,-12.97,66.09,66.27,137,73.24,-27,29.74,-49,43.36,20,31,-39,-23,18.62,-7.7,94,38.11,-34,-38,94,22.45,-19,29.91,5.12,-42,63.54,34.67,90,35.1,36.48,129,116,47,116
-46,54.2,-50,70.36,59.36,62.15,-7.83,-40,131,-47,73.66,132,42,67.57,89,35.14,87,19.89,61.9,105,64,43.02,110,-20.51,7,-21,136,-22.99,75,-7.38,57,110,4.33,-44,-29,138,31,-19.98,-8,32.1
62,104,-4,148,31,-1.36,133,58.54,130,-5,32.72,138,20.85,124,-24.32,-16,108,31.32,23,-12,-3.69,47.25,18.42,-22.59,-47,90,40,40,64.98,131,31.76,-44,44,47,65.59,-31,-20,110,-33,93
90,59.52,43.26,108,25,13.81,48.47,61,149,136,148,50,54.14,59.55,36.86,67.36,57,135,51.31,118,93,-47,143,18.12,29,87,12,69.01,-4,-31,39.74,6.37,-16,53.71,-36,-11.17,38.86,89,-34,54.24
79,74.74,135,-14.27,42.16,46,-43,129,-12.27,59.88,-20,46.05,-13,97,-45,17.49,12,71,-5,12,-42,-27,-2.89,65,24,38,38,1.76,69.35,-38,73,33,60.33,109,-18.99,-3.79,70.89,20,-17,111
-24.55,-1,118,60.03,88,-22.93,34.24,3.9,84,51.52,-1.04,-17.07,-5.13,22,48.54,13,-14.92,-8,35,99,-36,56,-5,95,42,77,88,-15,31.89,32,-20,-8.47,107,108,105,54.92,-1.37,82,130,78
34.29,4.07,48.66,138,-50,123,59,-34,120,90,16.5,86,132,149,30,109,149,129,5,71,-22,-3,103,44.32,32,90,-19.97,8,73.4,122,62,44.67,-29,-23,-39,142,-15.86,-16,82,107
125,59,98,123,38,27.34,63,29,20.1,111,-14.34,-20,-16.94,21.14,-21.66,-21.45,120,90,-16,106,75,80,63.56,57.62,-8.51,-23,118,46.4,122,-25,52,126,-44,-26,31,134,-18.77,136,122,108
10.04,54.58,146,-38,124,3.48,90,38.05,116,90,-44,-12,-37,48.29,53,-39,-19,-11,-0.52,136,111,109,-32,22,41,143,-7,-28,92,22.39,88,32.15,63,-4,-17,88,25,77,-19,-40
48,40,-20.76,131,45.71,-6,9.12,51.21,-16.08,47,10,16.3,-28,52.05,-50,69,35,108,28.22,35,57.01,-18,2,-8,87,85,-8.64,-6,66,140,123,51.87,94,13,-48,5.37,32.25,36,-20.44,-37
68,-21,110,22.82,-45,31.22,48,46.03,11.43,18,137,10,136,21,80,117,25,36,8,36.8,-2.12,54.34,-35,-14,139,147,17,46.88,64,96,-23,48,123,-43,65.74,7,71,27.86,100,68.99
92,26.91,49,72.72,49.69,64.02,52.56,-39,20.93,114,116,-5,57.46,-15,71,43.78,48,-26,66,-17,-21,109,129,56,125,51,-20,27.58,64,-6.54,85,-32,46.21,16,44.22,148,50.25,136,14.67,72
125,34,143,88,91,-46,-43,-47,68.61,-17,94,4.11,25.34,60.07,41,75,30,100,43.46,43,27,92,-25,57.51,31,111,13.68,28,88,112,61.74,88,95,137,46.63,147,33,46,-21.65,-28
-19.68,131,4,5,-17,3,21.98,8.35,66,-24,19.71,53.84,100,137,-49,34.32,-19,42.71,-23.3,50,-8.38,14.66,20.74,42,-39,77,12.1,64.99,94,18.89,63,46.91,52.44,131,18.48,-44,7.88,53,65,13
-34,78,-19.11,18.83,22.17,10,94,25,60.13,-44,54.66,24,126,68,23.38,95,51.49,16.32,12.97,-1.41,-6,-23.77,19.17,-36,11.01,19,29.4,100,9.68,73,6,29.77,95,88,146,-30,23.37,30.61,40.12,56.68
37.95,-9,44.23,29.91,38.6,140,60.48,42,-7.09,69,54.37,28.19,55.08,21.16,49,147,-19.85,126,42.61,54,44.37,39.33,49.24,6.69,11.64,113,-39,44,-8.01,68.05,-15.18,-22,110,74.95,149,137,-6,60.11,143,72.79
-17.99,66,-9,4.07,-50,30,145,133,12,-4,122,18,-6,55.44,44.33,125,-17.71,69.57,-25,83,81,31.75,68,68.13,14,31.32,73,84,23.75,18,26.96,-34,31,27,-18.24,-16.57,127,45,68,-17.56
50.8,-3.1,23.49,126,58.09,-23.2,46.36,32,-13,-6,29.03,120,50.64,57.7,127,55,41.31,131,43.62,17.86,-25,-23,-37,1,131,34.38,81,20.76,31.16,3,104,102,32.47,81,142,98,-26,-9.37,42,19.79
-15.69,-23,17,81,22.02,-24.35,67.63,123,137,48.74,53,-44,47.08,35.17,-21,52,13.15,56,17.72,-33,36,-17,0.48,-12.89,96,65,111,59.52,52,-22,46.22,-7.34,62,58,39.71,12.03,29,3.99,67,-49
14.02,-17,-19.24,-1.36,66,-43,4.01,-15.83,64.98,2,66.4,-45,22.24,6,-3.42,141,63,93,-21,84,63,-43,14,-7,28,-19,68,71,-29,109,78,48.49,-3.13,52.63,-44,42.36,-16,72,-38,127
131,-26,-28,113,-28,127,66.19,20,120,-15.67,-47,-9,-3.34,-11.8,82,20.68,-22,133,55.39,35.97,-4,44.22,23,58.64,-9.12,-19.32,127,3.41,17.11,-35,33,-13,-40,-10.85,62,-16.53,102,-47,14,140
-8.74,24,7,44,62,-23,45.09,2,38,39.89,39,74.82,44,1.99,111,121,40.05,51,29,-27,-5.08,7,53.08,71.91,112,134,-42,-37,8,43.08,22.79,44.49,-22.36,6,65.27,-36,5.25,148,-6.81,59
115,11,123,72.43,64,74.89,14.75,71.92,37.47,-4,-28,49.25,-6,37,66.79,16,55,123,18.1,-16.63,10.39,-18.99,77,31.99,-5,-24.04,122,46,55.48,-18,-40,46.92,80,23.41,17,32,11,97,-17.16,-30
58.03,54,28,72,3,-49,98,142,1.07,5,20,58,110,67.71,39.45,108,47.1,65,-10.86,-10,-28,64.77,58,72.27,13,-16.79,30,5,31,20,59.72,-50,90,1,-14,-16,0.13,-10,-50,-11
7.99,23,27,-37,-20.49,5,92,52,8,30,5.03,49.92,15,-16,47.18,20.89,31,130,-18.12,15.3,148,-29,67.95,51.66,-12,-35,98,12,41,0.52,140,108,125,27,130,32.25,30.18,133,63,36.21
5.15,58,33,120,37.26,44,-47,8.66,45,93,12.92,138,60,-13.3,-17.79,-46,52.36,9.9,78,71.88,34.65,101,-6.67,7,69,34.71,149,97,135,54,118,47,63.56,-3,-2.6,53.95,-21.64,125,126,95
53,22.74,3,117,97,56,17.12,36.62,68,-46,73.46,71,32,144,84,20,80,24,70,62,48.77,7,-0.24,-7,52.01,-11.8,13,13,58,16.02,56.58,-23.75,99,86,35,2,62,37,102,-19.88
28,136,-19,23.78,59,61,-17.32,75,134,-5.62,1.23,-50,4.68,130,59,0.35,107,6,50,29,15.15,70,67,65.47,46.6,-9.68,13.04,40.43,16.42,143,65.92,50.4,66,62,-30,54.29,38.49,74,11.96,-50
-14.02,143,59,115,-28,20,80,-19.97,20.29,-21,62.87,24,-17,54.3,-41,-19,-48,-4,66,-19.42,-15.67,-35,-20,70.51,-2,129,114,13.42,-16,24.53,95,84,26.62,92,-10.03,117,-10.07,52.79,-5.78,46.4
76,-29,54.38,-40,-11,47.74,34,51.3,62.46,-47,28,-24.37,-6.34,23.3,66.25,16.55,29.42,39.4,135,108,54.28,-15.98,64,-5.52,11,22,126,-12.54,140,114,46,9,2.88,15.67,27.42,86,2.06,10.21,-9,-6.92
-13,6,38,55.48,52,134,43,142,50.53,-8,-28,138,72.81,34,142,12.05,28.28,91,49.93,73,77,35.62,-37,32.61,-23.11,56,140,-24,86,49,15.8,62,75,7.12,15,64.2,12.87,51.89,145,-18
-39,134,9,-24.29,-7.24,1,-19,103,0,-21,69.04,34.44,147,41,44.19,96,112,68,27.86,-8.16,-50,-15,128,125,-17,2.55,6.34,131,125,140,53.51,-18.79,60.9,38.79,64.23,-15,4.03,42.17,34,49.14
4.38,-4.6,36,32,106,11.15,-31,145,22.15,129,108,-1.83,-17,114,91,-48,-20,130,72,-9,-14,-12.04,52,114,17,131,59,59.6,3,69,26,44,-7,28,47,-30,67,26,22.3,56.25
12.67,76,66,73,23.48,-18,-5.8,22,-13,120,31,131,102,-6.2,95,72,17,8,-12,68,101,33.29,-7.72,18.18,5.5,30.65,-28,48.2,-9.75,64,56,93,-33,-48,33,44,31.38,19.9,-14.02,50.95
61.88,-2.89,65.77,-14,143,74.63,-45,-12,-16,120,-15.05,64.7,85,4,1.63,25,127,7.21,10,29.51,10,-14.38,52.91,-8,-19.01,56,-40,68,35,48.37,54.47,39,39,59,85,115,42.59,-16.95,21,-1
129,-19,128,-10,88,53,-7.24,26.14,-40,-1,64,60,90,18.73,10.49,-26,-24,30.06,24.63,-46,123,54.17,-39,6,104,-16,139,5,54,54.13,89,104,98,68,31,10,100,-15.4,-42,77
71.27,4,142,-26,83,-41,-19,24.51,5.21,10.97,-3.02,-28,49.12,-7.43,-1,16.97,147,72.69,96,69,-30,36.34,79,73,104,125,29,-5.93,7.82,143,41.54,8.94,23.53,62.26,68,32,46,-21.07,61,110
27,25,16.3,49.78,26.22,137,93,24.24,72.84,99,79,56.33,26.32,-15,-29,25,-1.93,129,11,23.24,86,45.49,67.88,109,131,37.02,-36,-5.94,-32,-8.05,139,-10.22,16.22,-2,-38,37.97,-11,84,-4,97
130,83,-22,53,48.67,66.89,140,28.82,-10.85,50,15.6,53.07,-2.91,74,52.05,45,-23.74,-23,-5.02,19.18,19.47,21.63,66,125,51,11.16,101,23.46,59.18,13,26,97,-26,55.68,72.93,39,114,31.48,102,37.48
62,5,35.72,-11.79,18,56.58,50,-21,68.06,-8.87,36,10,63,11.2,70.92,-3.74,133,1,-3.08,81,123,25,32.84,119,-22.15,44.21,-25,61.79,-23.35,36.23,-27,-30,29,-19,79,141,-10.95,71,39,109
29.66,3.12,-1.78,53,22.39,2,7.51,128,-22.89,80,101,54,50,59,64,66.23,65.42,116,65.9,1,35.24,91,68.9,146,38.05,-22.62,0,-2.82,-22,52,131,43,63.14,-19,9,56.22,18,18.84,-4.45,52.43
71.35,94,63,88,71.56,40.48,139,79,0.03,-3.88,1.93,70.32,67.3,-19,4,20,18.31,-30,12,57,70.24,148,33.66,48.93,148,15,133,42.37,30,-12,49,83,47.64,129,128,-27,41,34.53,57,102
-23,133,-3,10,64.39,138,79,144,-17.15,-19.73,141,69,18.98,145,-24,-19.83,31.68,112,-5,-18,34.02,53.33,60,51.16,21.07,13,61.67,34,105,145,22,32,115,-26,135,149,36,32.42,27.3,-0.07
98,135,22,13.9,-20.1,-20,5,8,104,115,148,99,70,-3,102,65,72,-27,121,-26,-44,62.22,-33,4,107,24,84,11.92,-27,64,64.25,7,-4.11,10,102,63,75,-46,91,-15
55,-43,-17,-13,-19,62.75,33.69,91,53.47,21,28,131,-4.07,13.65,149,-18.89,8.99,138,17,19.7,85,15.74,-50,35.26,3.71,26.14,125,48.27,85,26,31,138,17.59,73,-3.04,92,-19.91,107,58.48,-7.2
36,56,4.76,-15.24,56,124,38,36,-37,110,-14.6,49.73,20,-27,35,104,84,38,-11.78,33.85,-10.15,13,23,148,42.96,12.86,24.59,11.13,39.39,-10.94,62.43,118,138,55,27,31,45.26,30,43,2
134,49.76,-28,74,21.13,-24.96,50.2,-20,91,86,92,35.59,99,3,52,76,20,-15.08,-11,37.87,-25,132,111,106,8,-11.57,63.71,5.47,0,1,-24,-7.24,-8,-8.97,-18,49,10,7.7,18.21,-38
120,-29,-10.31,31.69,-48,47,30.82,-28,57,97,25.13,5,-5.63,68.13,22,-2,28.61,62.26,113,7,48,112,38,49,29,37,56.72,17,-23.92,24.7,71,21,18,7.91,71,-20.47,66.31,27,61.13,-25
-6,100,147,55.28,-35,-22,-19,35,19.57,72,34.77,85,-20,-17,66.61,93,94,124,-38,38,105,41.87,36.03,132,128,51.44,-19,52,-23.58,79,71.12,24.16,126,112,-13.22,71.88,60,68.04,-9.2,74
115,-0.56,9.99,-49,45,36.05,-4.96,38.64,-8.66,38.04,47,-27,98,6.2,71.34,38,95,69.13,2,141,31.98,74,124,48,57,9.76,-39,-28,-15.72,61.74,144,39,137,11,-18.67,-28,-4.4,90,3,-23
11,-1.73,-31,140,4,15.92,145,21,24,104,145,73.36,102,29.8,103,68,88,-20,72.86,29,22.26,32.78,47,-2.17,35,-8,84,109,122,27,42.15,35,-24.74,51.25,5.71,-14.43,-37,-24,-13,50.37
19.95,55,18,77,-32,57.13,-13.39,-1.09,90,-22,-50,-43,2,50.59,20,102,40.74,87,27,-22,140,131,-16.11,47,28,131,27.25,109,-47,-49,-22.17,108,3,-45,-45,94,4.29,-20.19,-11.33,-19.44
54,36,52.46,146,110,56.03,13.88,45.5,61.77,88,45,92,-10.98,38.98,114,15,61.76,69,86,-2,80,-1,-33,56.05,48,19,26,68.05,123,44.85,21.8,58.45,14,24.52,100,53.06,-7.81,-33,-12.27,-3
9.59,53,-19,11.81,51.43,130,59.44,32,17,62,53.45,55.66,9,68.59,144,127,57,10.98,103,52,-20,97,2.05,5,-43,23,70.81,35.89,-1.6,48,-23.96,35,111,118,148,49,125,70,-3.04,13
24,119,-30,105,62.37,53,43.81,128,70.67,41,132,32,57,64,86,59.57,67.81,-6.51,-18.59,13.39,37.03,11,44,24.01,144,148,38.12,21.42,12.72,122,97,73,68,-4.46,18,-8.7,131,-30,37,-20.62
141,73.44,5,26.23,72.66,126,14.2,40,-12.79,-0.33,-8.96,66.57,46.22,55.21,16.28,22.03,9,122,-20,19,7.81,66.47,18.72,-19,16,69.11,71,87,-42,51.58,25,24,6,84,-14.56,-0.68,139,60,-19.47,65.62
-36,7,65,21.4,6.17,17.15,35,-8.98,53,47,65,74.27,54.71,7,32.73,-23.92,7.76,66,32,33.41,89,18.3,-28,-2,13,-0.44,67.77,37.6,1.84,122,86,37,6,29,-7.3,3,24.37,18.39,22,115
12,-17,10.04,2.04,42.67,-1.76,50.7,64.66,58,28,109,52,76,59,97,78,70,128,57.27,32.62,-18.62,38,36.19,57.21,100,69.92,-24.14,-14,-49,121,52.94,-23.13,-8,117,63.75,59.17,66,49,2,107
-7,-11.27,143,-26,25,87,49,7,145,29.98,3,18.65,22,101,52.46,24.72,0,12,36,7,-23.08,72.81,-18,114,108,49.11,149,63,-21.66,4.14,64.51,84,-19,22.58,6,-4.42,42,120,104,78
6,49.95,142,125,-11,-35,-28,33.17,63.05,29.2,139,58.05,53.22,-4,-42,105,14.39,104,-4.33,91,104,37,-0.46,-26,-15.6,24,61.32,8,-16.29,88,61.81,68,27,70,3,3.06,-4.5,-4,136,146
-32,-13.24,32.41,53.86,-17,2.52,61,-29,-45,62.02,-11.13,70.95,74,-9,28,52,139,16.6,16,127,-42,20.93,4,87,76,7,-6,-17.1,65,20.68,0.95,49,68,68.31,65.01,4.8,-43,33.66,1,54.04
15.68,39.41,27.3,79,-36,59.99,33.53,101,-8.06,-6,20.39,-18.48,97,104,-31,-50,99,-44,-11.99,-21.39,80,-33,58,132,14.7,85,-1.73,12.77,32.69,31.91,67,-19.61,34.87,36,-25,5.47,-5.74,15.83,-24.21,79
32.37,-26,40,-1,98,35.16,18.5,-25,102,67,53.29,-3.73,45,3.39,128,-15.08,48.89,58,23.14,144,61.58,25.73,-28,29.12,-7,143,17.66,135,-4,57,-24,36,63.94,50,56,21.45,103,11,102,14.85
43.36,65.71,88,121,52,-7.69,-3,16,57.02,42.63,-28,109,42.23,102,19.55,116,80,23.4,53,37,-46,23,18,69,-5,86,109,16,52.37,101,-8.7,115,-18,100,-46,134,121,8.36,112,29
10.3,8,52.34,97,46,111,31,52,17.13,-23,-13,8.11,3,120,51.34,19.9,-12.32,115,97,13.77,111,144,39,43,123,6.75,31.41,70.54,2,61,36.67,-39,14.82,20.14,56.74,148,103,35,40,12
16,59,-17,3,48.09,112,135,62,67,47,107,-13.6,61.82,25,52.37,58,-29,-1,119,-12.2,123,60,-13.23,145,111,117,-3,9.99,8,91,64,19.74,12.22,148,59,29.33,98,-25,19,30.13
125,104,94,16.35,138,51,-16,69.53,27,-24.14,51,-13,77,35,105,45.89,118,69.98,113,-5,23.31,91,73.54,-33,31,-3.31,-50,87,123,101,63,19.13,-22.88,-12.7,101,-3,56.75,122,138,-2.63
-10.92,-48,-0.93,-19.01,86,105,12.64,41,-16.69,-35,48,-21,45,43,22.64,20,48.47,79,-40,82,144,41.54,69.81,26,71.33,-32,5.37,-36,3,24.64,144,51.69,34.65,80,82,17.16,23.04,25.85,139,-6.9
42.26,0,53,35,15.88,13,-11,131,-29,-14,10,-22,102,35,34,59.74,52,-11,2.26,2.59,26.95,-32,-27,53,38.75,57.58,141,30.36,19.87,144,22.22,91,-24.55,54.63,21.1,102,-21.56,-5.45,42.7,32
104,-42,-44,74,65,134,2.17,123,66,25,105,124,148,140,122,78,-2,60.24,111,1.37,-11,60.12,-11.02,75,-7,8,64.48,-8,-0.89,38.96,57.89,89,90,56.55,118,1.12,-13,121,43.16,21
17,58.15,-31,65,44,-35,37.47,-18,73.06,65.58,119,17.08,-37,-16.97,-22,141,121,49.25,60,64.03,-8.53,-19.91,74,85,47,45,-4,-24.99,-19,12.54,9.52,103,18,97,69,-35,22,65,-3,89
39,-23.99,117,73.33,-22,74,-48,106,67,133,56,33,135,121,25.66,50,111,9.07,5,101,4,70,-15,-18,108,97,44.1,119,-19,88,47.66,23,109,12.95,51.02,56,51.57,29.27,-3,-14.28
9.66,8,-30,149,-16.63,-16.99,135,-16.63,-21.28,84,12,-1,-3.16,137,112,142,61,38,119,-49,12.19,72.27,67.49,-36,53.65,-17,45.45,40,91,9.01,-20.16,-24,86,69.81,-2.66,64,-8.87,102,36.55,63.74
43.03,-19,70.97,74,97,63.44,41.86,5.45,65.22,-24,122,13,132,-3,26,76,0.05,-1,-38,79,134,-8.55,99,-46,50,34.69,119,87,8.64,32.11,61.22,71,84,124,78,114,70.67,-14.11,62.35,9
54.69,81,101,94,51,15,-33,10.81,105,92,116,62.59,-27,11.11,-22.17,-2,55.73,49.6,146,58,33.88,63.06,-20.79,-47,20.07,-11.09,-45,128,76,95,145,54.88,64.76,48,137,43,97,-7,-11.53,136
3.05,140,100,80,-13.37,-4.25,68.74,71.89,73.68,62.84,-21.79,11,-45,137,54.11,34.83,-26,-23.77,89,-15.85,38,43.23,65.53,67.85,61.86,96,-7.99,69.28,54,129,-22.63,55,65,-34,-13.56,48.73,74,67,-41,9.86
-43,102,116,51.17,4.34,111,60,-1,27,69.62,59,-29,64,30,55.13,-10.09,33.93,-8,-19.38,5.52,76,84,148,60,28.13,37,24.45,104,-5,21,-38,-8,122,18.42,59,70.91,-2,2.01,31.63,49.73
-31,-20.33,75,15.11,25.33,96,59,84,37.46,55.83,-1.69,-26,-20,58.17,-47,-19,82,24,-17,48,81,-17,28.8,77,105,60.98,65.65,45,137,120,83,133,73,48,-6,14,84,5.43,-31,24.89
88,0.57,-22.54,19.88,125,23.93,33,21,97,25,21.28,142,84,43,73,130,61.58,19,97,148,-13,12.6,145,-13.4,67.58,53,142,71,19,53.1,34,136,-21,29,13,19.78,-9.48,147,2.96,-17
66.07,17.97,139,11.34,104,12.08,146,24,69.38,61.15,-23,-3.6,-27,38,63.75,101,18.2,107,-39,81,-7.87,-20.96,65.32,142,-14.66,80,145,39.25,58.22,45,10.2,-23,2.75,16.16,37.45,144,50.85,-29,126,104
10.06,27,125,125,97,39.4,43.01,45.56,63.88,-2.16,137,34,-4,14.54,30.15,28.63,56.37,133,26.56,21,2,-16,65.06,-50,144,54.77,40,71,13,21,-50,51,22.45,127,11.95,-2.56,45.99,128,123,88
-40,-30,113,-4.22,76,14.21,41,33.66,36.53,30,49,117,16.53,16,-32,35.23,62,118,-35,122,49,1,7,136,137,132,39.35,77,62.43,93,-1.16,-9,-9.78,86,28.48,-3.08,37.58,23.63,-5.55,44
56,21,120,10,-5.66,124,71,-17.55,0,38.04,28.79,31.14,1.53,-38,63.85,24,14,31.79,56,31.66,63.94,137,-46,-6,144,5.39,124,92,74,43.44,44,28.29,4.37,16.17,-30,57,16,13.34,49,-13
28.77,-13,9,-21.02,80,-6.49,82,4,-19,103,1.1,41,45.58,0.81,43.53,-12.18,-43,101,-24,35.73,107,50,72,34.12,142,128,-21.91,-34,20,148,58.83,21,3,126,115,86,-0.61,-4.61,-10,108
11.93,66.87,138,64.43,61.68,95,10.08,136,75,88,62,-3.13,-1.28,-12,25.99,48.25,68.65,141,36.77,127,48.62,3.35,-35,49.91,59.16,53,136,6.48,-43,80,20.79,131,-47,2,-8.31,77,89,-36,50,48
17.68,-24.91,112,8,-18.68,75,-33,125,147,-12.77,0.78,40.55,96,122,75,2.42,66,8.02,85,27.92,12.37,-35,-20.91,-23,141,70,14.33,17.3,29.57,108,113,82,43.07,133,12,19,67,26,68,-19.15
23.96,138,-46,27.92,59.18,17.2,64.72,-11,47,76,42,51.19,41,12,-43,68.29,5,-38,104,129,62,36.03,143,66.89,-22,53.62,-38,58.32,44,131,31.87,-5,36.32,73.42,50,34.52,-16,72.03,39.01,43
141,104,127,24,107,7,106,-1.7,-9.1,15.83,8.24,-30,119,104,9.97,118,95,52.69,69,73,2.8,130,117,66,68.24,-48,-1.74,82,72.02,68.69,-4.88,148,-35,-15,126,-29,-9.22,97,1,-21
81,128,41.24,-21,1.36,63.38,147,68,25.95,127,68,1.15,18.3,56.17,-10.31,67.68,74,53.85,-3,37,67,29,35.34,40.07,93,101,98,-50,126,62.7,47,46.49,42,44.92,115,-10.57,-5,44.76,41.66,66.14
62.13,0,43.64,99,14.06,2.89,-50,42.88,19.21,-10,107,18.75,-25,-20.92,129,52.63,66.14,49,-30,11,72,-6.85,6.12,-22.45,50,76,10,-10,54.01,1.26,-0.02,-26,-13.33,-4,64,-11.67,59.12,110,64,13.18
-48,60.48,128,76,-18.31,51,80,40,50,56.15,53.89,48.02,-20.98,10,20,40.49,67,69,32,45.92,-3,30,27.73,-24,-1.57,47.96,16,8,0.19,44,136,-6,70.08,4,60,-8,104,94,-22.12,139
24.47,147,10.64,14.66,-6.58,131,36,72,7,-17.88,-11,33.77,112,74.18,29,142,109,8,20.82,35.92,8,6,-23,148,141,-18.62,59,-9.01,77,49,74,141,133,68,21.09,122,34,20.6,59.91,44
17.12,76,-36,113,-21.56,43,108,33.89,-2,-23.71,40.16,-32,-8,16.41,62.87,-22.97,92,53.42,41.09,-8.51,122,13.8,47,-16,121,-16.3,31.85,79,-10,72,-8.57,44.19,3,94,-16,94,-22,104,135,11.2
62,74,96,-0.14,-35,37,-33,122,20.39,-5,-8,74,15.12,6,149,63,149,35,59.59,-6.45,100,-17.31,79,7.82,1.88,36.68,4,-6.52,74,-31,53.14,1,10.09,-9,60,73.8,27.84,-35,129,18.53
8,140,44.16,52.68,127,43,-7.63,43,21.24,22.65,61.11,66,87,41,25.66,13,61.57,-22,28.77,2.69,14,74,97,47.09,70.3,56.2,-9.76,17,-30,42.79,21.4,82,72.65,45.28,35,25,32,-36,47.68,98
66.28,0,-25,49,25.65,15.95,140,-3.95,-18.64,18,-10,64.33,66.96,-4.79,146,27,-34,-44,102,32.49,-49,57,7.59,-3.23,-17,90,80,-50,-2,89,58,112,92,-21.79,72,16.87,115,24.81,12.41,82
114,33.88,48.87,13.8,49.98,57,13.44,49.27,129,54.39,94,46.89,99,61.35,-2.97,11.39,53,24.03,29.89,63.78,-13.09,-29,135,-28,-41,116,41.12,46,-1.02,46.4,-14.97,55,16.99,10,20,13.9,-47,0,-4.93,-19.44
92,103,53.5,63.57,7,83,31.55,-17,12.38,126,-34,99,83,40,7,35,14.92,-39,7,-4.03,0.85,36.72,41,-5.12,125,58,121,41.01,26.37,104,130,92,102,49.29,72.61,138,52.91,22.72,52.87,130
134,85,57.38,-22,133,144,-12,40,23,-26,44.05,-45,57.65,70,-17,74.09,34,13.11,67,18.11,47.53,65.73,-6,-35,1.08,122,145,42.68,58,131,-17,-12,17.32,26,136,0.98,-39,56,28,-32
18.55,89,4.47,115,-47,98,18.26,21,17,79,31.06,-5.01,53.83,65.41,-0.91,41.61,146,138,122,11.87,41.5,69,53.5,51.23,74.17,75,-8,74.74,61.1,52.99,-11,-19.63,45,106,-44,97,50,-14.54,-4,37.18
32,37.08,128,59.24,-1.11,-18.2,135,63,-13,20.83,-8.27,-4,108,62,-4,-2.58,-23.11,79,-12.54,-13.96,89,64.75,6.75,-12.69,149,47,27,37,44,-23,-13,-24,9.58,-6.48,50.2,87,22.07,16.73,-10.68,40.44
138,61,-37,129,11.75,53.66,0,-35,89,-1.76,112,-6.81,12,146,23,73,-22.91,-38,10,-12.27,91,134,8.37,26,-1,60,25.27,70.88,74,-41,-0.42,22,21,4.8,4.2,-3.57,21.03,-9.89,53.09,-14
5,0.88,73,35,134,117,-7.12,-11,-3.29,2,33.71,18.98,60,-28,60.32,64.12,-18.44,44.39,-22.18,20.49,18,-3,-9,27,74,21.31,71.56,67.76,107,11.14,105,-30,89,-22,92,18.43,121,93,89,51.52
131,-4,99,-10.58,53,143,109,35.78,24.55,95,65.87,22,-11.62,76,-6,-48,110,-17.61,68.99,47,9.34,-6.57,11,144,56.72,33.5,4.64,67.13,32.88,-41,1,41.16,-8,4,135,141,21,108,3.07,51
-3.9,23.3,59,129,-12.53,85,3.39,-50,6.62,75,-15,85,49,24.59,81,58,-28,136,99,133,66,-7,-29,-2,19,-25,10,12,-1.13,-2,-41,33.27,48.58,-17,67.26,32.91,-0.38,23.02,128,37
98,10.91,70,42.39,79,123,89,-14,123,29.25,6,21.32,110,122,-7.83,42,-14,-3,-32,51,-24,-12.39,-36,8,25.47,10,3.06,62,76,-22.95,70.04,38.28,-26,-13.45,-37,16.62,3.46,79,14.27,-12
-8,46.1,15.9,57.88,81,49,46,35.06,0,66,-15.54,-17,-10.15,63,7.49,126,43.93,81,47.64,4.68,7.35,53.22,32.42,44.37,-43,70.78,47.82,74,65,-11,-2,-3,73.56,85,42.59,-6.67,47.1,63.77,82,70.37
12,6.58,25,57,42,62.24,-2.84,21.38,74.27,-10,98,48.3,22.23,100,137,58,12.98,119,30,72.93,-14,15.39,87,-33,74.63,140,28,-19,61.22,-24.9,16.8,106,-14.52,50,145,147,24,-37,58.81,-2.06
60.1,-15,38,-24.72,8,1.01,69,41,60,-13,42,28,3.84,132,133,66,25,7.14,12,123,11,137,55.89,101,47.96,-23,45.86,54,47.05,30.98,-23,96,-21,-7.74,24.12,1,10.99,43.6,13.28,13.07
1.33,12.32,70.18,-23,54.66,4.34,36,109,62,85,-21,120,11,24,15.43,23.94,7.05,37.76,34,-43,-14,63.21,56,4.69,-26,71,33.81,35,100,49,106,-23,18.06,31.13,61,139,-1.27,28,-26,118
-16.54,-7.79,100,-19,49.72,55,4,-19,67,-17.49,2.29,108,-34,126,43.88,54.72,80,136,38.26,33.34,67.01,78,23.07,93,133,-3.36,73.59,59,-17.92,-50,96,-4,37.47,27.6,94,32,43.49,71,107,3
-9,4,129,112,16,138,56.95,66.21,-14.68,124,-6,26,4,91,39.92,127,95,-11.56,50.33,116,116,41.31,-5.8,65,-39,7,111,90,22.73,60,25,-12.05,64,72,89,74,48,15.12,-16.19,-29
4,-34,44.93,-6,0.49,84,2.7,50.19,57,-1.48,19,-21.83,43.22,91,15,-10.84,14,-33,-46,14.15,-17,19,-2,70.28,-14,-4.61,56,43,-41,-17.11,30.88,-8,-12.35,24.28,11.04,140,104,146,-38,-19.92
117,4.25,19,118,26.1,-24,-27,-22,57,42,76,1.93,148,31.92,53.84,-3,-4,10,-23.94,50.62,-0.94,21.51,-30,-3.72,-43,-24.52,89,21.03,116,-18,13.89,35,-11,6,-0.06,71.49,26.36,141,21,-27
64.18,18.43,149,132,37,8.32,145,65.03,147,60.49,0.86,10,119,23,14,15.32,102,-35,114,47,41,1.18,-11,-16,144,59.22,130,18,37,17,-36,-48,100,104,74.28,120,48,70.18,52,97
15,6.02,4.72,46.48,58,2.98,3.02,50,48.16,1,113,2,23.74,44.65,39,134,-23.47,73,64.03,0.03,71,-18.97,25.91,76,139,49,-42,-47,26,62,132,-47,45.57,-19,29.83,59.01,28.03,74.41,-13.75,5
33.07,76,15,125,55.21,14,-15,74.4,3.59,36.46,125,146,68.18,39.19,114,-13,11.45,53,133,5.56,34.62,63,20,37.72,134,65,80,144,65,-2,20.58,-19.67,48.42,65.32,12.08,-27,85,133,7.48,-15.05
39.05,62,69.78,-43,-17,99,146,142,61.01,15,-22.43,7.24,14,48,104,120,90,1,37.15,37,52.4,-4,114,-3,73.86,92,50,4.46,-17.19,-21,56,71.43,-18,66,57.45,-41,27.47,88,122,47
71.81,-17,-25,56.57,41,-40,-3.64,2,-15,68.44,-40,72,-42,32.83,125,59.55,39.74,57.76,72,47,53,-16,13.62,40.8,-21.42,45.01,56,118,0.97,30,129,-8,-22.49,103,6.36,53,-39,117,116,12
43.29,43.14,7,135,-49,129,-25,-8.39,43,87,-15,16.67,146,24.13,42.09,35.54,-20.87,76,130,31,-21,59,63.86,93,126,-5,143,55.13,48,11,-37,49.22,52,113,64,2,-21,50,-13.29,22
-6.08,-34,-6,132,56.12,142,96,98,144,62,17.21,115,57,-13.99,6.53,-19,38,12.67,84,-12,102,-28,-16,45,12.06,1.92,-42,-21.85,51,-19.47,114,5.39,28.03,6.01,57,107,-18.69,-22.47,5.23,0.9
147,39.85,51,25.25,-5.66,96,69.64,6,-7.63,122,122,56.16,6.62,2,-0.83,148,2,9.71,-9,57,123,53,39.49,61.43,131,28.98,7,-35,65,133,-3.21,146,34,-2.18,-23.69,120,14,-35,108,84
56,2,104,-2.18,10.03,-39,70,94,63.88,8.89,63.24,55,30,-24.68,-14.5,110,-43,31,73.01,70,47,4,28,20.28,-44,11.39,1.14,54,4.52,11.35,38.19,-8.43,91,33.31,9.51,2.42,42.93,146,102,65.94
12,66,-44,34,90,-24.01,39.7,-13,0,118,74,11.96,-12,102,104,-47,-0.8,7.72,53.02,63,69.59,88,62.87,27,52,24.12,131,141,-20,62,104,64.15,43.54,10,39.86,50,51.95,2,88,50
-15,7.23,-21,138,-16,66,-16,-23,-21.99,-18.81,80,38,43.88,19.61,-7,76,132,48,-34,125,-50,-6.41,-18.87,122,-4,69.41,134,-16.97,33.72,19,28,4.98,9,-41,25,29.77,138,-19.49,125,106
8,59.1,74.5,14.76,107,68,45.06,43.41,-20.22,61,39,104,6.51,8.9,45.84,109,42,-1.27,-16,3.08,125,63,16,69,55.61,35,77,-11.64,59.81,-17,52.39,-35,-35,57,144,18.97,29,-45,77,-11
-1.43,67,15.93,-16.95,88,49,61,144,14.87,-24.98,26,48.4,-12,61,-49,21.35,138,4,-1.92,-34,46,52.09,6,17.85,21.38,38.62,43.11,40.72,142,36.5,9,93,31.47,-17,58.29,43,35,-24.96,41.17,-9.18
93,18,-17.7,94,-4,25,24,11.58,29,44,108,-18.77,108,57,112,21,79,-28,25,107,47,39,-2,80,39.3,19,22,121,45.34,59,140,86,112,23.1,-19.45,-3.2,67,5.6,101,133
22.88,127,37.96,56.54,27,23.14,4.5,40.01,31,42,5,-21,51,-1.6,-10.43,11.73,16,72.92,20.4,-23.15,51.97,93,66,7,140,27.48,-13,35.85,-1.06,1.71,-16.54,31,36.52,-3,37,35.2,120,54.47,6.22,-22
-1.87,21.05,51.46,29,1.41,58.51,40,-36,45,57,27.52,-28,18,59.07,118,-2,54.77,62,102,32,49.67,58,25,114,62,142,146,-16,63.98,30.69,5.33,-34,-16,135,78,39,52.79,42,-9.09,-14.02
14.14,134,-39,89,-6.64,90,-20.69,87,63.13,137,42.72,-25,62.62,-16,-12,127,69,14,114,99,-21.18,-6,53.14,89,-19.38,33.15,115,86,28.17,-21,42,-20.13,67.52,2,27.86,18.84,-9,-24.67,54,72.8
19,104,-23,-15,22,25.69,139,44,58.47,102,-42,85,45.91,13,116,14.96,-38,46.55,-45,41,46,-4,46,-23.59,126,82,98,55.7,112,68,25,121,31,12.38,142,89,92,107,23.87,55.62
85,38,43.56,-5,26.35,77,-6,-15.37,-20,16.36,90,-0.62,69,89,-21,14.93,9,108,-2.77,9,34.17,58.53,73.29,130,12.76,145,-5,23,15.8,1.98,-3.01,77,69.25,3.71,60.15,137,57,21.02,0,-19
1,-6,78,147,64.57,110,54,-13.76,-8,47.59,-44,57.21,66,129,64,46.33,5,-16.55,29,-28,50,-12.73,63.12,95,36,80,46.58,-7.77,120,37,57.98,-46,97,57.88,130,-7,-46,19.61,113,-9.27
38,-1.61,-33,86,-23,-14.94,58.87,-8.35,148,73.95,16,96,-9.48,12.75,-30,23.45,-25,148,-48,43.97,-19,88,-22.71,99,-30,66,11.8,5.87,-8.61,-7.12,-8.4,124,-6,116,-47,1,108,-11,11.68,0
42.1,72.8,78,100,15,49,22.57,33.82,14.16,-34,-5.74,1,77,-6.73,70,-9.63,55.27,29.62,9.43,65,71.06,122,109,-44,43.29,109,123,82,52,-19,3.96,-15,-21,84,36,56.71,136,104,-49,141
72,-40,-13.92,51.09,103,26.23,-6.51,-43,59,-50,23.15,52.49,101,101,51.04,-6,56.69,127,-21.58,-2.61,26.67,31.92,-40,43,32.96,41.94,53.64,67,48,133,78,59.5,108,15,55.12,64,53.05,133,25,8
101,75,45,-12.94,28.35,44,8.52,148,62.5,26.48,-14.94,28,80,138,22,3,-49,-24.34,74,6,89,0.57,31.24,97,49,110,127,31.73,-14.23,31,88,1.5,-35,143,140,-21,78,136,-26,12.36
114,-34,47,-47,-20,-26,40,-22.93,64.73,38.12,-6.79,-8,148,124,-45,35.09,-16.16,140,-0.22,-7.51,26.98,134,108,94,21,-40,77,10.57,55,47,5.55,59.06,108,-9,142,144,-50,-18.04,70,4
17,87,71,-14.28,43,-48,-4.48,-2,119,67,50.57,-13,114,-50,48.9,45,0.25,42.4,25.22,67,68,2.51,89,-27,-4,-42,-4,127,5,84,65.5,134,92,-48,70.25,-8,113,30,20.39,15.99
6.12,133,-9.51,90,-23,123,-0.79,13.76,-35,6,46,120,10.54,-37,-2.87,-41,18.11,60,-38,122,108,-14,3.99,66,-5,66.71,-44,127,23,-15,-30,134,38.83,19.54,-1,27,18.81,64,65.41,-13.7
69.27,58.39,18.09,61.92,149,12.52,-16.36,45,64,117,101,70.58,70.93,142,-43,27,68.34,61,73,24.13,-28,-4.7,25.01,62,54,143,48.22,43,64,60.16,96,63,90,80,47.21,41.98,-27,-12.62,-42,-47
-22.99,9,32.24,31.4,103,-15,59,13,91,9,-38,77,-49,-13.27,147,56,-16,-25,67,29.29,-49,28.56,-4.39,66.84,67,11,-23,-2.99,74.97,130,28.69,29,-22,3.98,1.69,-6.78,19,-23,30,48
95,16,10.07,97,37.7,102,106,134,13.85,-12,109,-22.99,27,73,13.17,108,95,-45,49,114,77,47.12,53.31,54,113,56.85,35.62,-17.29,37,5.5,-50,24.4,120,76,-4.89,-21,36,22,27.42,47
6,33,71,13,-0.21,-8.93,63,51.74,-2.69,119,73.26,64,59.72,40.88,38,11.8,121,18.76,89,-11.72,64,-21.05,136,101,-8,-31,-45,55.95,16,59,40.52,39.72,137,-9.43,72.33,108,23.34,52,40.59,1.73
76,8,-43,62,22,-45,40,50,0,-21.52,3,44.3,118,31,-49,4,47,-19,49,27.55,148,-8,-36,-39,-13.82,20.49,-22,-34,-42,-10,-1.08,19.79,13,20.72,-44,-32,21.29,-21.59,58,38.18
0,-3,111,103,24.09,19,42,127,33.46,49.14,52,143,116,-20.21,0,-44,146,4,37.38,-23.21,43.63,128,31.99,-13,-8.52,15,56,46.97,-1.49,24,143,-3.73,39.76,-38,122,-8.79,12.16,137,-23,146
139,-10.33,69.4,112,144,82,147,87,70.51,107,-33,-20,63,2.87,-0.78,13,-14.95,63.05,3.7,78,70,45.73,97,22.85,110,19,52.56,44,0.8,32,1.22,47.88,57.61,80,37.91,16,63,-2,8,107
25.62,69,142,94,26,-33,82,21.02,2,-3.42,-21.73,33,121,31,55.03,51,18,9.48,86,30.87,-24,31.7,19.45,-39,22,-11,69,-16,71,104,-3,6,-28,129,20.06,34.52,26.27,14.64,-32,59
75,-34,101,4,38,38,-42,79,60,45,25.32,127,-11,70.58,-46,6,52,37.8,26.84,125,14,-14.52,46,17,146,120,-14,69,-4.93,-12.61,111,14.45,2,11.99,30.23,81,34.06,25,37,49
-37,67.22,7.99,88,126,-3,73.39,-3,19.85,109,103,22.53,118,107,61.34,56.03,66,21.13,-32,138,116,-47,64.49,-7,32.71,8.56,33,123,57,49.4,109,112,26.97,136,-8.86,27,142,53,-8,26
39,92,148,-21,-3.86,53.17,52,16,37,23,-38,88,-15,73,117,4.37,11,19.35,64,7.1,46,127,5,8.81,43,130,87,145,50.72,49,-48,24,7.39,-21.34,65.6,30.06,-0.01,46.01,145,26.37
2.6,-47,-2.28,17,75,94,41.01,58.09,-1.76,133,47.49,98,33,4.03,-35,50.18,25,17.54,69,73.02,46,19,143,-44,25,-15,59.24,-28,68,-7.24,23,74,128,16,1.4,-20.73,32.54,39,63,67.29
-20,21.01,117,-6.36,142,7,-45,35,69.24,138,-6.11,68.77,-17,81,0.14,11.64,38.96,14.48,122,137,16.42,-5,-4.89,-31,25.87,61.9,-30,23,115,-2.33,78,13,42.25,20,66,53,35.45,45,-32,29
30.19,80,-17,30.65,0.26,47,73.05,3.05,16,-6.2,-22.27,41.56,77,49.17,62.17,26.13,72,72.91,47.8,19,8.31,73.82,50.96,-42,25.28,60.99,100,57,79,36,146,19.65,92,29.35,109,97,31.79,12.44,-29,-22
30.51,-42,90,-22,58,68.66,106,16,-20.43,111,110,115,54.68,131,-4,-29,0,107,98,-13.91,80,-6,-18.03,93,73,78,64.92,1,94,81,22.26,53.2,26.57,145,-7.32,-45,12,37.24,-29,68.28
31,99,63,-7.48,-5.3,-24.26,73,70.46,54,143,-10,65.7,53,148,-6.05,146,8.1,22,34.56,59,-14.1,1,127,65.26,149,-13.43,43.24,-43,115,-34,16.26,-46,-20,64,-19,58.84,4,-46,-21,45.89
-24.53,84,132,116,-2.26,111,83,10.42,49,41,-13,-15.05,34,23.39,64,2.98,115,-5.53,56.96,18.9,45,-22.98,-0.69,-20.23,34.93,53.03,-19.97,99,48.25,50,6.23,62,-10,-34,12,-15.41,58.12,77,28,-3
140,-2,30,69,-15.76,14,100,143,6.77,107,94,81,9.16,114,-4,73,141,3,56,9.9,-28,-24.06,25,96,45,103,65.72,149,32.96,35.19,39.23,-33,39,11,121,24,124,144,-21.31,-8
58.66,94,53.86,38.66,45.43,-50,69,1.21,64,54.82,76,7,-3.45,24.59,56,55.79,-10,-23.78,52.29,-31,10,112,-19.31,57.12,78,114,11.1,119,-6,41,9.1,-18.12,72.79,11.34,11,55.76,103,54.96,-5,71.1
124,90,76,20,21.67,-15,-2,42.14,0.33,-38,72,77,124,-38,103,127,-13.03,148,22,10.1,28.91,43.96,70.16,-29,27,16.35,0.36,35,139,145,11.12,22.77,93,20,50.82,38.44,146,36.8,16,97
36.09,61.41,48.04,73,23.27,-3.93,21.1,47,-25,32.45,-36,15,-6,6.52,-21.69,17.28,41,131,28.95,-41,147,127,-4,3.48,48.25,116,137,37,13,47.11,137,73,55,88,21,26.55,62.95,123,120,83
133,93,77,-27,25,-21.66,41.93,17.51,-20,-9,124,27,66.52,115,-35,33,82,6,-35,-11,45,24.23,46.47,13.09,-8.29,39.64,139,37.15,4.75,33.67,19.66,72,-11,-12.29,48,58,41,3.5,66,-12.05
127,96,37.39,51.88,-26,-11,67,-6,144,77,47.61,68,92,40,18.49,69,71.65,23,21.93,-20,47,38.64,66,2.4,82,68,4.03,7.75,6,50.86,46,100,66.26,71,3.88,13.42,29.96,59,48.7,5.39
-4,-23.64,79,-18.15,101,132,-39,-34,26,75,45.89,47,115,45,-22.31,53.99,56.99,61.08,22.01,-28,87,-18,137,49.86,41.06,9.47,-10.95,52.04,99,50.2,4.72,24,111,145,24.36,-49,80,37.55,66.52,73.63
-10.48,145,22.32,-10,63,64.69,73,15,-4.55,5,-27,73,64.74,-38,26,62.71,67,103,-17,115,8.29,-18.9,108,37.89,122,77,140,145,109,31,89,1,63,18.62,48,7.41,61,62,50,125
33.85,42.58,122,-36,107,51.89,77,148,45,86,-37,20,4.46,66.28,-35,81,71.04,12.62,130,42,4,1,30.07,9,145,-19.02,39.35,68,-46,9,87,47,147,-41,-30,72,23.29,6,115,24.35
-3,41,-19,35.57,23.52,127,138,-17,64,14,54.74,111,127,73.99,-28,-17,56,91,96,13.31,67.18,34.69,17,96,84,71,78,13,54.23,13,6,-8.96,30.3,53.99,-6,-48,45.32,-49,-46,62.29
132,-13,93,60.22,84,83,5.65,27.93,24,100,37.97,-49,47,-33,-24.57,51,90,118,18.63,68.78,23,71,10,58,-7,40.11,63.57,49.16,76,44,12,-23,140,81,-34,57.49,64,70,37.62,66.94
13.67,-11.97,45.67,22,91,-10.96,-6.83,0.47,116,-7.8,32,64,42,104,23,110,-38,80,37,145,82,-49,-33,-19,14,-19,26,146,90,-15,49.87,16.27,27,78,3.49,42.87,-50,12.24,29.82,14.25
147,103,3,66.48,75,42.64,17.88,132,-16.62,-44,17.57,84,52.07,41,-15,-13.66,87,0,19.42,46,-32,62.63,42,15,65,143,16.94,130,61,144,6.85,54.46,106,54,20.73,101,139,107,148,-2
-2,-5.15,-19.6,67.12,40.2,6.39,-8.41,60,-42,33.71,-27,-11.11,32.66,68,127,-13.05,24.96,-5,32,67,69,44.09,67.72,107,122,137,137,-40,143,-13,35,20.93,49,-24,38,-26,38,-21,-11,80
128,-32,-17,82,51.11,37,7,42.06,53,-41,30.52,61.51,-18.2,110,112,60.41,111,134,17.94,-4,13,5.04,-16,98,22,100,71,-34,15,55.24,55.82,110,124,56.58,23.21,-35,100,-6,35.49,10
119,-2.98,46,125,-3,49.59,-47,6,71,62.33,4.95,40,-10,-7,-32,25.08,59,31.48,17,60.48,57,-22.85,42.94,84,42,26.42,36,-9,127,-6,-24.86,-32,80,50.85,67,72.33,-32,-5.1,67,15.52
136,-5.78,62,69,-26,-14.59,46,38.74,102,7.31,-2,-19.87,-23.73,89,-45,38.8,146,79,27,45.92,75,143,-19.69,58.96,74,67,68,55.76,43,12,41.53,39.64,-6,9,7,-8.85,31,-21.81,21.52,45
7.3,-19.99,38,105,13,70,-14.36,-23.86,61,65.68,44.57,109,26,75,-9.47,54.76,70.45,-30,28.31,147,2.27,-32,75,115,-6,14.17,125,-5.72,-5,37,-16,-37,48.11,-5.06,9,31,74,-3.94,33.67,-49
-27,-24.55,105,-7.04,-1.21,97,31,-9.27,-15,124,87,-15.72,-19.55,71,105,16.61,56.56,65,30,-8.66,-27,61.77,11.48,49.08,-43,148,-20,40,56,-5,17.27,137,-6,15.22,144,73,-23,37.59,86,140
62,-16,58,-32,59,-18,2.98,76,81,61,36.67,21,22.16,41,134,-7,82,62.44,-20.84,115,74.22,65,20.22,-30,40.23,47.88,36,66.39,-7,66.86,119,47,67.34,102,-15,52,125,-9.94,2,2.58
-12,-50,57,-10,-5,47.5,-49,56.96,72.14,63,-21.53,-16.12,71.5,35.82,-17.96,-10.42,66.92,63.11,129,73.96,-1,144,62.48,67,133,65,107,-19.66,130,-10,117,-38,27.3,62.83,-16.76,-10.51,75,68.29,-14,123
-17.18,36.91,37,7.64,29.92,-22.57,-22,1.04,121,103,148,75,21.53,-6.27,57.42,-13.45,-23,43.77,-1,20.95,-11.91,111,-48,-10.4,112,122,8,129,5,9.89,132,59,69,111,66.36,136,42,-13.28,-33,103
98,15.13,35,60.97,41.51,-7.46,-12.71,11.16,112,6.38,-8,3.38,134,-24.03,-18,40,-21.06,5.39,-10,24.84,56.09,26,71,34.03,13.7,109,69,56.81,87,22.48,7.63,44.39,122,8,45,6,16,49,31.27,68.17
44.84,130,119,-29,43,-23.42,59.39,48,5,4,42,-25,8,1.18,128,32,-14.33,57.51,51.47,-22.09,72,20.17,103,149,36,46,39,58.2,1.79,63.23,-42,123,59.89,149,65,130,51,16.77,16.19,87
38.43,-38,51.96,-17.1,-12.44,-25,57.35,54.07,-20.33,60,2,67.04,43,7.55,124,66,14.89,-40,-24,68.61,-29,121,148,98,-0.44,38.1,84,1,108,63.68,59.02,140,23,63,58.98,46,25.86,1.36,12.21,46
77,-46,71.22,25.78,130,146,-32,46.38,68.26,45,115,51,-17,-48,72.51,53,65.21,-21.89,-34,-14,70,50.24,98,14,61.03,53,-13.19,16,-19.12,7.27,102,147,110,35.12,5,-9.93,116,-34,30.46,54.8
98,85,118,67.11,12,59,118,50.21,133,-34,59.19,-28,58,125,46.17,125,53.23,63,41.5,28.8,136,41,-37,7.99,20.86,-10.86,19,31.24,23,43.06,-3.72,51.17,-21.48,35.59,70.24,106,14,33,48,21
37,132,67.62,-16.08,19.78,35.25,94,121,16,46,48,68.67,123,41,13.83,44.73,148,79,-25,69,26,70,68,2.21,140,70.41,56,-10,47.62,78,-2,74.99,54.73,55.99,119,-15.46,49.17,69.94,8,96
57.89,8.08,0.45,65,103,59,42,10.75,125,-44,35,138,34,31.05,8.26,68,101,34,57,-19.81,48.18,6.91,124,58.7,2.49,107,67,17.37,74.72,54.36,96,13.34,-18,22.24,74,66,41.74,-10,19.14,15
48.09,-31,5,15,87,-3.97,30,35.41,-11,123,13.27,103,-48,-22,21,30.07,14.88,-8,19.16,58.06,104,-3.2,57.87,20,25.21,71,55,50,52,-21.19,143,-5.27,57,21,3,-6.99,-16.39,-21.87,73.64,-17
72,-27,140,33,32,-11.57,35.85,2,2,-40,50,2.17,-9,-17.9,54,-44,8.56,62,69.85,52.08,77,54.86,15,46,132,117,111,128,24,5.73,128,53.82,62.24,-18.64,82,6.99,103,23,55,91
-7.19,39,135,-17.52,52,47,-3,65,10.77,63.29,11,10.8,-24.36,-11.32,146,31,40,-21.47,54,45.85,61.7,75,118,96,-24,17.57,97,46.64,-32,112,27,27.97,23.13,68,37.04,14.78,33.73,29.61,73,93
115,109,68.23,65.7,-23,-6,16,-22,8,65,33,-8,65,99,-32,14,7,50.49,55,17.57,91,16.15,74,36,133,50.46,117,9,49.73,-22,18.52,8.87,53.93,32,77,113,46.85,46.18,88,-1.19
69.96,0,42.36,136,98,-19,100,48,80,-50,131,74,-8,-50,67,81,82,3.62,113,-32,104,67,-21.01,26,107,146,14.53,51,44.07,123,59,34,51.74,24,21,50,121,-4.12,73.6,49
22.17,17.94,46.7,63,32,15,-34,132,-22,-19,24,-18.58,111,120,36,146,51.3,2,72,23,72.28,42.33,68.88,47,40,24.59,38.53,85,-28,34,-6.98,20.67,123,1.5,75,52,115,-12.49,143,58
11.73,139,21.82,50,63,58,-23,-30,12.28,-6.89,83,-8.82,-11.77,-20.54,28,35.8,66.06,-18,63.72,-22,-20.14,8.5,76,99,3.81,146,-18,49.26,31.97,-17,33,36.05,58,-17.44,47.2,92,17.39,141,122,43
69,90,-37,132,-30,24.28,14.53,-22.98,84,-9.01,8.14,58.63,6.13,100,142,67.29,49.52,59,47.49,43.96,-6,-36,32.3,-17,-18.6,-28,71.98,-7.3,142,71,51.37,48,137,74.03,71,-50,125,-37,13.83,35.34
142,11,51,106,114,59,73,22.02,39.01,17.8,138,-31,30.09,25.74,-45,-6.22,91,99,-29,17.17,65,35,58.35,-22.08,113,-5,63,46.53,34,-50,-18,-35,-2.54,-27,-45,34,32.15,66.2,19,37.53
-3.43,0.55,-6,-3,-23,-11.45,134,11.04,1,148,67.32,0.71,24.71,49,-7.69,34,59.24,103,59.11,-7.68,61.89,107,57.47,138,58.87,38.13,42.69,140,4,-28,19,-20,145,108,29.41,-15,55.27,131,11.07,25.21
51,68.29,6,62.9,54.46,17.05,146,37,17.26,133,13.82,99,57.46,91,82,-7.73,1.3,-43,-23.59,10,124,89,19.28,3,19.72,38.46,-11,-22.54,103,13,108,138,124,141,-12.04,58.59,51.4,73,-7.38,63
13,29.21,75,13,21,-4.57,-50,11.01,-38,-6,-13,-12,-24.74,4,-2.4,45.27,-14.2,15,63.85,0,75,-11.61,144,-2.72,-19,-24.13,54.77,8.39,30,-29,60.83,59,74,127,-2.8,62.89,6,23.04,-6,76
126,140,-34,6.47,4,141,-20,123,-21.9,80,77,17.23,-47,32.87,68.99,15,1,-12,10,38.9,132,47,107,32,-24.76,18,24,9,25,19.66,44,65.11,-27,67.33,-26,128,-10.65,34.35,128,27.92
5.74,-5,67.6,30.11,13.04,-24,7.2,110,-0.45,148,-0.91,7.21,-33,125,102,68.18,31,-30,130,-45,73,-40,15,13.4,43,-39,98,-5,70.97,2.01,-2.55,56.38,71.63,119,17.49,18.81,94,148,-6.78,-15
29,22.15,0.65,-17,-36,101,24,-9.96,69,-44,48.15,25.48,-17.83,33.65,123,-46,28.06,36.84,53,132,74.66,-24.09,70,135,74.25,29,94,47,33,-4.34,72,120,74.26,21.68,45,138,36,16,91,138
3,-18.79,145,148,117,26,-10,101,24,51,-1.15,40,64.23,39.59,-27,1.17,-3,-18,21,4.47,6.44,67.85,-7,65.77,11,66,108,29,82,39,25,-23.01,-20.72,37.82,107,25,134,65.85,-16,-23
16,-41,70.4,-39,51,122,46.82,-31,-23.1,-12,10.71,44,-6,94,-38,63,-4.61,49,-30,29.99,10.43,137,12,4,133,98,44,-34,35.75,-8,26,13,78,3.76,70.82,47.54,-6,59.44,50,-4.37
69.2,21.16,52.51,44,-31,87,72.69,38,-20,135,11.91,-6,74,-33,-32,-0.53,79,-2,-0.08,5.67,-35,-3.26,38,30.43,113,60.31,22,-15,35,-20.01,18,-1.79,13,114,-47,-4.21,-29,110,39.82,14.82
49,72,35.3,74.46,-45,0,-19.05,101,6.07,128,2,-16.86,91,134,26,74,61.8,103,45.41,-35,28,62,30.47,144,9.16,-10.06,-9,-7,29.83,26,143,-11,35.52,-18.32,54.33,-25,57.9,37.44,17,52
69.92,55,52,7,41,73,117,-49,58,32.1,-16.31,-14,48.25,6,21.39,-7.35,33.25,1.42,145,8.7,41.32,2.16,89,143,-33,-39,9.94,28,59,51,49,123,43,49.65,-10.93,61,74,-4.68,73,127
-2,11.7,72.14,64.51,-47,50.18,133,108,38.75,44,22.25,41,109,18,-28,-4.24,125,52.22,110,55.27,29,10.96,129,-10.42,58,34.68,-27,109,14,44,16,69,25,147,80,-47,-6.52,47.86,71.29,74
38.68,64.09,36.9,56,108,122,49.96,57,31.69,117,132,3,-19,111,-0.5,57.88,114,131,-42,40.46,13.59,-38,44.44,-30,105,55.85,59,36,-24.96,134,88,60.08,52.62,29,-15.19,138,45,139,-18.49,36.96
0,54.28,5.35,8.08,98,14.11,-18,67.6,-43,-3,59.85,-14.22,59.7,44.62,51.59,-10,57.63,10,10.76,53.45,108,66.02,52,72,-3,-12,49,1,4,60,65.24,-26,-23.41,-19,68,136,-2.32,3,60.03,-34
-47,148,69,13.44,49.58,89,-7,34.53,71,140,-23.67,71,42,28.9,18.98,-7.69,16.43,72.47,119,128,-41,45.7,-50,42,131,0,-38,43,-3,33,67.45,26,-48,60,89,83,46.72,43,10.77,37.66
4.69,32.5,-1.91,89,12.33,-7,61.74,117,-1.91,39,51.34,-21,92,66.11,86,11.5,50,73,28,37.41,4,26.05,144,30.25,74.88,-35,69.81,112,-41,52,-3,125,127,128,72,61,19.38,9.02,70,137
118,89,37,43,53.08,91,19,95,-19,141,59,7.78,-18.17,-38,7.05,72.05,24.98,21,-40,43.7,54,55.28,57.19,33,19.56,-34,64.82,-0.83,34,35.74,54,-17,103,25,-28,18,54.36,-49,147,-49
39,124,16.91,25.44,53.9,-34,11,120,88,-39,8,67.06,12,4.29,44.7,25,144,75,36.34,36.55,25.3,25.41,24.74,92,106,-11.27,-48,5.21,19.56,-38,19.67,-6.68,104,19.98,1,-37,120,50.54,53.44,30
56.31,0,-7,30,42.57,35,87,64,-20,-38,66,7,-15.32,18,9.8,11,129,-40,7.29,78,54,61,28.84,131,114,59,97,132,-19.06,99,-8,46,-36,9.23,67.22,-1.48,15.9,-32,147,99
41.39,36,39.7,95,-25,25,1.38,-16,35.52,34.93,-33,43.67,61.8,143,74,-8.97,-2.34,117,96,65.14,-11,137,90,58.29,-1.55,5.59,-3,-46,2.51,-33,4,65.81,96,-23.95,118,-11,130,99,40,-14.03
43,147,65.39,32.29,-21.11,-15.43,64.38,104,15,33,7,128,91,29.04,82,65,145,-46,3.59,38,40.59,40.97,-33,-15.2,92,-38,-3,41.27,92,-2,49.56,31.95,-35,110,145,20.35,23.01,129,36,42.26
44,70.25,32,131,143,29,-37,63,-11.05,-39,100,-13.64,59.38,10,6,-22,-29,-19,81,-19,123,5,49.79,49.84,-2.57,82,61,93,89,69,-45,50,28.34,-9.29,42,75,38.14,87,63,99
119,146,147,-29,108,8,7.29,138,71.2,-33,24.84,-22.65,43.93,120,3.95,114,127,65.8,84,127,94,50.89,35.28,29.24,70.56,16.98,-16.84,28.38,-21,57.05,35.01,1,-1.98,134,-24,105,-20.31,23.05,139,28
146,50.11,85,22,43,13.92,66.1,82,-9,-20.72,6.14,100,49.45,43.67,49.9,87,-14,-10.22,53.55,53.88,-4,116,-50,130,141,134,144,134,83,107,-14.27,48,-13.24,133,20.89,118,69,51,27.94,77
61.52,57.06,-15.06,23.85,5.29,4,118,70.87,5.05,111,42,-29,71.44,50.1,-23.39,50,-48,27,122,95,98,110,38,-33,70.64,96,60.54,24.47,12,136,54.88,3.37,133,139,45.44,88,121,118,130,-16
146,-5.4,-8,-42,117,7,22,46.2,125,-0.25,61.28,36.25,147,29,78,47.07,21.96,54.65,19,93,145,-5.93,6.35,19.93,50.28,16,46,5,129,22.67,-17,94,30,-33,97,42,20,-15.28,-2,-21.67
67,1.17,128,67.42,62.08,26,70,61,-31,48.48,57.97,98,-18.88,31.89,79,-30,-14,-31,-44,-20.32,33.32,111,-44,68,53,50.1,106,40.57,115,-0.08,84,-20.42,38.14,85,12.57,26.84,98,59,0,31.48
-7.71,-11,70.86,125,11,22.54,124,-15,-26,67.99,14.41,16.61,83,-1.37,21.01,79,50,29.08,89,103,-13.02,30.58,22.26,74,-14.44,-29,34,-10,15,59.1,-36,-15,70.93,0.49,1,-16,-46,40.5,21.84,-42
6.75,53.76,-17.23,-28,35.06,58.17,67,113,-32,71.29,46,107,53,15,-3,-8,-8.3,71.3,85,14,9,73.14,6,44.43,-10,72.6,42.31,1.28,114,31.93,49.21,-45,-17,41.05,74,39.55,25.57,73.97,-47,37.85
115,55,58,-2,30,35,33,12.4,23.95,60.29,112,102,-20.67,12.1,76,-4.36,55,149,53,117,58.93,-2.86,91,29.38,100,42.48,-6.17,53.03,56.3,-8.99,110,4.85,135,107,-1,-12.5,-5.61,10.52,36,-7.1
125,1,6,123,39.63,58.1,113,-11,15,79,-5.38,-10,32.85,5.36,-8.67,-4,-50,-43,-31,70,-46,-13.82,-30,57.83,39.33,71.02,71.13,39,84,49.25,40.07,8.28,26.07,12,-17.31,122,75,65.85,59,60
62.48,90,137,15,70,56.25,13.06,89,110,18,-24.1,-44,83,135,-11,-4.26,18,1.26,20.48,133,-20.46,-17.03,83,-15,124,12.2,-12.29,69.23,23.25,26.66,4,58,-14.56,-9.61,-32,97,16,-9.97,-43,58.53
53,55,48.03,96,72.7,-47,123,100,3.69,50,32,6,148,16,-50,-40,83,101,104,56,65.74,-40,135,46.48,-44,-2.63,33.98,35.98,21,-36,-20.36,-3,143,86,-49,37.8,58.85,-40,-21,110
132,110,3,52,121,73,-9,65.79,9.85,74,125,16.08,-1,-9.05,13,104,38,-50,7.01,98,17,14.59,113,22.44,70.22,110,6,41,-9,50.48,126,17.86,-9,19,66,32.34,-12.56,0,82,-30
73.24,-28,-27,20,69.89,27.99,66.46,-13.32,-22.64,27.94,107,-14.41,126,-24.68,71,133,38,20,38,-39,96,40.92,-45,56.1,67,61.27,77,-5.4,52.63,6.22,-40,63.27,114,66.58,43,74.4,25,-19.1,-20.15,15.41
-11.1,14,93,-4.55,61,-3,-6.48,59,35.95,-46,43.84,15.56,8.09,58,-11.23,-45,-24.3,74,70.58,128,28,-9.12,-18.35,-4.44,84,121,136,-10.24,92,18.13,18.27,-12.49,71.97,2.79,27.52,-3,-35,44,146,8.44
-0.15,67,78,124,48.35,135,45.09,-25,3.72,28,55,65,-23,1.77,-47,58.21,-12,34,-13,116,23,27.22,-15,-19.43,32.12,123,55.97,7.88,116,16.99,48.45,-20.87,57,146,148,-14,-49,-24,27,11.28
-4.33,104,54,28.24,57.71,99,107,100,52,58.41,-8,10.88,69.02,74.69,8.76,29.93,21,-12.25,-29,140,89,23,40,56,39,109,115,-24,128,-4,-13,-9.28,-17,26,87,15,-40,21.25,-19,94
21.88,-36,40,51.02,43.42,125,-18,-37,7,70,38,76,36.88,60,90,130,17.37,10,44.47,34.32,47,88,10.88,-18.91,-22.86,38.26,-9,60,-12,30.53,25,4.39,56.18,43.22,63,121,4.57,79,-45,75
-19,69,23.56,-3,83,17.66,-15.02,62,-38,15,69.3,16,89,13.29,26,84,82,28.89,117,108,15,26,125,9.03,70,28,98,120,39.01,109,84,27.24,103,-40,12,87,-0.72,-45,119,58.8
119,69.39,-20.06,32.99,74,-50,7.15,91,17,50.37,-2.73,112,23.19,-17.74,15,-10,42,26,29,49.71,-0.36,42,34.42,73,132,-21,63.98,12,33.23,30.32,88,66.52,72,117,42,-7.92,23.98,42.58,-36,51
23,112,94,59.49,-11,-1.34,34,57,47,-6,47.77,-19,45,17.32,-20,28,66.62,34,43,53.22,-0.65,142,57.1,-12.67,136,28.84,35,-14,56,-16.66,5.43,39.13,40,40.55,17.48,49,-13.23,83,140,26.14
90,27.77,69.24,96,47.86,20.48,59,6,37.32,-13.28,12.9,-16,23.91,82,54.78,16.22,44.22,18.34,1.65,-2.76,-16.25,97,52,68.57,73.22,12.39,-30,25.03,-37,-15.26,121,38,-11,-4.99,18.72,-21.87,11,14,6.19,71.35
94,79,122,73.84,50.78,-29,0,1.07,147,-38,48.16,26,48,3.48,56.11,140,10,77,47.65,69.31,-15.37,72,108,4,79,68,45,12.76,-29,15.08,-17.93,13.22,78,87,55,56.76,2,13,12,84
7.63,33,56.57,44,64,20.44,47,108,-17.27,94,61,84,34,34,44.29,16.75,12.32,26,142,96,124,40,9.87,39.63,127,50.5,70.89,136,126,36.9,51,-23.11,-12.3,97,2,-20.35,52.21,55.33,-6.64,14.89
25.45,-48,28,-36,53.23,49,105,42,-43,-43,143,-3.99,129,23.34,35,41.93,22,46.6,3.67,-15,41,148,37,24.35,62,55.43,29.41,4,-36,44,4.01,-10,-0.59,-5.75,-37,63,-48,-37,42,-18.85
-7,131,-37,6,84,0.4,-14.67,12,-21.64,10.94,62,118,53,146,73.41,40,9,123,82,58,35,114,11.23,87,-5.45,72.57,21,-7.72,68.45,41.82,61.53,18.79,28.34,0.99,15.63,119,29.32,75,33,23.07
47.73,7,47,87,59,33,-25,-22.43,10.21,4.91,81,138,87,-11,108,142,14.98,122,-4,51,-18.49,-21.54,127,54,-6,23.01,15.75,-19,5.36,48.03,145,22,-4.76,121,47,47,14.75,2.49,4.92,68
58.37,-7,73.13,21.41,-16,12,-14.02,-12.16,-44,24,109,70,-49,0.64,9.26,70.08,4.91,-6.41,108,26,-10,69.81,64.86,-22,122,-49,22,24.21,4.88,43.36,60,49,43.23,32,29.13,32.32,-14.94,142,8.93,-7.02
59.92,-5,-5.06,134,77,-17,-44,43.71,-4,25.45,65.67,-14,-21,-37,40.13,-29,61.48,-5,35,27.54,-1.12,109,87,7.83,10.87,-24,36.61,140,-22.7,57.22,55.44,22.63,-20,68.88,120,41,25.64,-20.85,73.56,9.73
49,50,31,37,8.56,34,146,21.26,13,-27,-17.86,-24,-47,16,71,-23.03,-8.69,-27,66.45,85,134,66,-31,141,130,-36,30.95,-50,92,89,33.83,-17.33,73,11,23.8,140,55.18,1.53,-35,108
-3.96,73,67,53.81,-21,31,70.63,43,-11,62.69,28.54,-6,52,113,-2.52,40,17,-30,-20.25,52,119,60.47,65.07,24.28,51,2,-16.01,-21.51,26.33,109,12.1,69.88,64,136,97,-45,8.52,91,-31,24.09
-16.48,51.51,38,71.02,60,45.45,-42,-17.73,16.85,1.66,-8,-24,13.95,-17,47.86,54.39,-12,56.56,120,7,26.78,73.41,-15.98,14.34,136,142,22.02,61,4,-19,95,102,47.92,38.67,19,-17,108,127,40,22
31,11,37,6,65,130,49,-7,35,-17.02,19,25.56,34,148,73,18,11.2,-15.78,1.27,101,41,148,45.16,43,90,95,15.67,-16.37,-14.98,16.94,11.81,5,52.27,15.46,126,-17,-49,-2.65,23,20
23,0,12.52,26.8,61.13,62.89,127,-6,8,-16,-12,28,138,87,105,29.34,57,17.58,9.36,76,47.42,30.88,68.01,49.12,82,55,59,83,55.18,-18.23,71.49,-5.68,55.82,-5.23,-16.64,70.04,17.06,101,125,109
-16,114,64.53,90,70.65,86,26.09,109,71.13,-9,26,-24.5,32.81,133,28.8,19.58,-17.41,19,12,-26,28,95,37,92,-14,-6.89,139,109,105,-10.32,54,63.33,25,2,-9.2,7,73.51,-20.36,-1,-20.5
-15.11,47.99,-17.86,13.39,-43,-13.54,125,54.57,58.41,2.29,30.17,-50,14.8,-12,138,-8.36,-21.51,10.98,91,-17.54,10.56,115,37,-22.19,85,40,-47,99,-33,104,-49,146,13,146,57.62,74.04,-13,120,-40,117
122,58.63,-18.97,-43,-32,51.84,65.86,126,29,42,52.01,50.61,31,121,1.63,-18,46,-12.52,38.6,57,-44,80,-16.29,-14.14,49,22,59.24,42.4,-44,144,-50,-14,88,10,-11,125,131,-20,-8.76,125
38.17,8.24,41,73.57,13,12.82,-19,63.09,67.35,65.66,135,25,44,23.39,47,119,-24,138,69.51,48.21,55,102,-7,-27,44.8,2.79,48,22.3,0.22,141,56.43,135,42,-18,127,-0.79,50,99,-14.86,7
-20,140,-39,101,6.87,137,26,-20,-1.01,8,9.93,13.45,-32,76,149,39,14,15.73,30.8,-16.44,44.13,-17,50.05,66,0.66,45.49,9,11,112,35.27,-16,59,13.25,43.13,12.31,27,35.22,148,105,-31
33.92,83,57.23,116,9.24,35,50.79,144,8.59,2.05,83,-19.71,57,131,28,53.91,27,57.93,-10,116,47,20,15,36.66,45,-8.95,103,-34,74.31,59.14,39.83,27.03,97,-37,38.49,37.02,-7,-10,-11,36
30,-15.54,98,-42,-26,123,24.25,31.02,10,44.57,67.38,-2.49,23,47,4.97,65.32,147,-3,11.9,68,102,10,-2.35,82,49.47,89,20,-42,-12,123,27.34,-27,9,138,61.92,55.64,-18,43.37,136,149
125,75,-14,63,81,27.54,59,10,3.46,34,64,-12.52,56.03,8.88,22.1,49,-3.67,-11.6,66.08,46.5,-29,116,65.64,-20,31.56,13.25,-23.31,28,138,26.44,35,65,144,-1.45,47.21,120,-30,142,32.14,-7.99
55.71,60,144,-25,130,15.23,31.5,28.64,10.68,-23,-12.44,-3,64,7.75,23.51,-10,114,2.69,97,20.32,82,57,-12,-39,148,30.13,-15.83,57,-1.76,13.93,14.29,30.15,-19,111,63,125,-22,36.28,-10.03,43
-10,8.15,85,-49,18.14,51,146,61,20,42.83,66.39,9,-40,-16,90,9,25,131,61,-14,74,94,40,-4,-11.41,4.68,38,-4.33,-4.97,-21,-24,91,60,136,-21.52,70.79,-5,110,-40,-17.43
17,55,49.91,34,97,123,57,127,94,-21.94,5,56.08,-14,35.83,62.46,147,-4.21,29,-42,48,-36,-5.14,-13,-5.97,23.05,63,-6.66,115,-10,130,6,-33,115,59.98,112,25,142,119,66.84,-7
50.38,42,1,30,3,75,29.2,72,65,132,96,5.15,3,51.19,70,87,7.82,57.65,-12.69,-18.42,-31,37.36,21.84,8.61,140,-13.08,18.85,88,15,70,9.08,13,-12,57,101,-49,58,-24.59,27,37.93
5.97,92,48,39.43,-14,-7.72,117,38,123,72,41.57,123,72.68,33,-48,52,-21.24,42.59,64.33,29,34,-1,33,84,21.47,29.83,31.4,-39,69.18,48.5,43,125,-43,-1.65,-27,45.71,-26,111,134,37.32
-13,5.9,138,88,-23,46.44,4.48,73,24.65,-0.65,-46,-4,-17.14,65.12,139,70,54.7,51.77,73,133,-36,129,28.28,23,50,-41,99,28.38,-15.09,23.36,48,37.25,33.23,5,144,-5.98,-47,-7,67,46
106,32,35.23,53,128,9,149,23.61,112,64,-46,11.29,-18,8,-13,19.62,43.22,36,70.91,33.51,117,59.03,3.32,42.66,-20,-27,-25,55.78,42.78,1.47,-6.69,-30,23,12.12,118,24.76,147,13,96,24.96
-31,-12,-13.68,19.87,-23,37,-13.77,-37,-37,127,107,-1.76,113,53.48,110,17.72,133,117,-24.23,64.17,3,40,13.69,12,-7.48,-12,58,5.49,55.83,40.49,-11.44,-23.05,108,11.3,-9.37,8,62,13.01,4,52
107,65.01,5.22,32.02,71.51,60,-20.07,91,53,-38,10.41,119,33,50.13,41.76,73.4,-39,31.44,47.6,-23,-24,57.08,4.58,-19.4,79,133,-12.1,52,131,-38,2.96,19.54,85,-3.4,61.31,115,107,-20.84,-17.05,-49
-44,81,131,17,-18,-19,5,57.1,33,62,36.93,18.59,-42,81,9.67,45.24,72.28,-11.87,43.85,-22,37.54,83,41.23,14.89,11.92,41,-20.89,97,0,11.48,121,47,47.96,66,-6.61,36,25,45.01,18,38.81
-16,64.41,123,-11,70,56.56,37.55,30,9.4,141,36,117,141,-23,16.7,-22.97,-9,133,107,-4.3,10.32,73,-17,28.12,111,69.57,-26,-41,2,84,-30,-14,40,54,128,51.79,27,135,29.39,78
138,17.65,2.51,20.65,1.78,115,-4,109,25.12,143,11,-19,94,23,140,83,34,32.47,-38,141,25.33,38.94,17.62,90,84,-9.07,23.31,27,-17,89,26.41,22,47,0,26,-10.08,-25,69,-47,-4
84,26.62,-39,-15.51,39.36,-17,60,45,-11.63,-15,-19.1,-17.61,8.92,84,-18.46,104,74.36,121,59,121,35.16,-42,124,-15.93,-6.03,9,-43,-48,-16.48,42,32.28,30,72,69.73,65.52,115,23,-20,48.93,75
47.37,-22.6,63.05,-23.05,111,138,14,77,138,98,105,83,67.06,147,-16.9,-45,18.48,-27,-17,18,102,-1.01,5.82,35.37,1.63,40.5,59.98,135,39,71,85,24.53,101,1.93,92,9.13,-7,-43,46.15,22
13.39,60,130,35.56,26,51,-46,39.7,76,102,16,4,-2.36,41.24,-5.91,27,48.8,86,-14,50.94,-18,-22,29.26,82,12.31,133,6,129,90,54.37,98,94,148,29.15,44.47,59,52,-14,28.45,37
-13,52.72,-19,-17.99,55.5,69,26.06,16,-25,80,-20,144,28.99,75,-41,52,83,-3,47,-5,75,70,65,-13,55.23,32.66,-24.89,54,14.29,99,-21,-24.58,3,18.94,55,84,13.88,-43,81,74
37.61,60,38,50.02,-24.04,91,127,104,13,8.64,-44,132,16,72,35.53,33.1,23,-27,46.01,54,-12,38.8,-31,66.91,76,21,142,-15.16,143,40.47,97,115,7,38.67,129,4,-47,-10.38,47.26,-16.2
-16,44.63,34,130,56.96,-45,51,64,51,55.66,2,3.47,115,28,56,74.35,13.9,-48,-7,-22.85,48.16,59,21.78,141,11.85,-48,49,-45,58.1,36.39,72,11.11,13,-23,66.52,-9,99,75,-18,-20
50.96,69.38,71.25,-44,22.03,37,79,144,48.01,133,57,52.9,97,19,103,-10.37,140,74,-21,92,134,8,-20,4,54,-41,97,97,-30,50,6,143,18.88,141,145,59,28.38,82,4,87
87,26,144,24.85,139,92,26.83,66.25,3,11,-17,86,148,18.47,121,94,-46,65.99,18.82,111,-7,139,71,-8.7,89,18.07,58.33,-6.22,32.95,129,8,-37,29.27,17.94,7.35,12.63,10,36.81,62.59,58.24
76,61.77,3,-10.24,45,116,26.92,16,-5.02,36,31,106,91,77,144,36.38,110,-24.19,55,15,-31,70.27,-18,26,53,24.68,9.99,67.53,18,-22,35.25,31.17,-23.84,-27,-0.3,67.64,44,123,-21.52,-45
71.76,53,-14.1,30.51,30,35,40.37,-19,92,14,71,3,67.57,141,63,-14.36,66.84,71,32.8,71.62,29.16,-21,-22,73.55,29.37,88,50,-7.06,146,24.67,-8,24,136,-23,115,-18.17,2.11,-24.77,16.6,72.91
36,137,114,-24.01,-12.41,111,-6.28,16.69,-3,109,24.26,-0.92,-19.16,73,-1.31,121,51.73,-2,36,44,-33,23.87,64,-1.4,8.75,2.55,73.49,36,45,-17,0.94,20.52,67.3,39.34,-22,66,114,32.61,131,-16.92
143,34.24,-4.86,11.05,73,-36,32,73,61,55.16,66,16,143,19,20,59.31,38,73,48.18,-40,133,38.96,132,85,92,56,52,143,34.87,2,6.77,-40,16.08,35.25,63,-21.75,17.75,-34,38.81,16.61
51.78,16,78,8.17,125,121,25.7,108,-22,125,41,114,6.04,57,-9,-14.25,143,100,-29,-20.09,-28,53,4,-10.74,131,12.04,-5,49.22,55.67,32.51,61,7.96,102,10.44,50,-1.76,66.6,95,53.4,55.25
17.62,10.26,58.1,-2.33,11.98,30,-1,45,-23.47,149,-20,-46,20,117,-41,145,147,-11.62,119,65,107,-22.28,-32,94,47.06,-41,117,37,53.08,61.11,41.12,-22.5,125,0.59,121,58.85,-12,50.94,66.64,107
-21,-31,32.97,26,134,31,-2.72,142,60,45.63,-6.23,73.12,-1,55,-23.68,16.64,57.59,32,129,124,45.08,14.22,10,116,-50,20,-9.69,66.19,6,51.23,-37,28,15.3,44.78,50.95,106,35,71.92,20,102
41.95,41.78,42.88,53,118,48,68.25,-16.21,130,27.93,9.69,146,84,-0.22,86,18.97,-14.84,130,5,-7.4,-7.36,-4.43,75,-22.7,80,57.21,-35,40.01,129,74,54.75,12,57.91,41.14,4.73,17,43,33.52,40.13,30
-24,53.68,79,33.3,59,121,61.35,90,-47,58.31,-8.34,-50,-11.75,36.85,39.33,-48,145,-33,-38,9,34,137,145,-0.28,107,9,13.17,-46,143,4.15,-21,131,66,29.13,33,41,32.65,40,-47,59.52
34,47.81,146,45,-23.62,16,-23,-4,2,5.85,103,131,110,-3,-3.3,100,105,129,-18.21,-41,-8.88,24,38.39,-15.21,83,-11.57,-37,68.83,54.85,34.55,18.01,25,5,-21,-2,88,-34,7.53,53,33.49
134,115,148,45.78,-48,88,142,44,69,42.52,49,74.27,40.34,95,-18.41,-37,-13,74,71.49,70,-1.68,26.95,-16,134,-17.26,19.04,-10.71,58,77,-4.68,122,7.66,83,54,20,64,12.45,5,61.73,18
14,123,-23,-15,38.81,60.81,1.33,6.66,10,20.88,108,8.56,12.78,63,53.37,51.58,39.8,-45,0.12,52,90,72,122,60.83,-2,-7.28,78,61.83,27,11.15,3.65,103,-20,46.75,28,122,-5.9,54.64,-22.98,-23.09
-0.21,44.01,15.42,52.56,-3.43,26,63.19,26.27,77,-2.4,-25,105,12.8,-21.37,134,53.67,38,145,111,46,-31,0.83,-6,25.74,9.34,36.29,109,-6.76,37,-11,109,68,65,-41,98,131,22.94,-8,28.14,107
70,-33,60.22,-11,71.92,1.44,22,17.67,89,24.84,9,-12.16,116,44,108,-2,146,149,-23.66,17.22,25,84,57,66,58,68.31,39.91,137,72.03,120,31,-7.55,22.33,63.28,-1,15,-32,1.82,54,129
-6.89,41.74,-1.46,33.37,19.48,127,132,2,66.08,80,1.64,72,-3,-12,-29,-6.2,21.59,115,54.57,41.51,120,80,-9.3,66.73,-16.03,86,-36,23.43,-38,-14.65,-6,65,56.04,50.63,91,-4.56,5,12.06,79,48
119,109,-30,65,130,132,-14,16,128,1,46,97,-24.59,58,116,15.67,104,6.47,41.28,-1,-22,-3.09,6,105,70,9.4,8.52,31,46.76,28.7,14.72,68.57,38.92,4.42,133,-2.72,55,126,-15.25,37
-19,-11.2,52.21,88,92,18.79,-45,90,-2.43,44,-23,118,59,89,69,107,84,116,45,44,63.1,31.67,48,29,133,51.21,64.27,92,132,-28,22.26,-38,-31,94,-17.53,74.09,89,69,87,125
50.85,-5.01,20,37.82,20.53,-22,131,-7.51,49,16.82,-13,138,-22,144,70,12,-17,91,-16.52,-4,4.9,53,87,12,33.66,-13.05,-29,13,-6.65,-19.86,-18,18.1,51,27.58,54,11.15,15.5,61,103,122
-4.36,6,43.7,12.08,-12,60.62,40,24.93,85,-18,-43,-28,38.86,148,12.4,143,0,-38,84,-33,37,-22,133,6.89,27.45,97,68,37.41,21,135,38.73,126,141,-5,48,13.86,10.44,90,24.91,65
94,74.77,118,-32,49.23,16,137,52.09,3.85,-30,-50,42,-3.89,138,-24,75,21.87,34,-14.6,37.15,-10,73.3,27,3.91,-11,32,-22.99,64.31,72.45,92,5,-19.09,42.86,-6,123,26,-38,47.85,94,11.65
61,-14,65.55,95,23.23,2,127,17,44.65,56,71,76,2,46.64,21.63,-23.38,-37,22.14,-15.32,39,91,14.3,116,42,139,149,44,118,-5.11,111,-8.62,3.58,73,37.29,82,-9.74,8,25.24,134,49
-17.31,65,147,76,83,91,110,0.96,124,35.12,-42,31.35,-31,-15,88,18.34,-2,43,54,46.39,0.91,129,-13.79,7,-23,12.18,76,85,60.11,112,-33,99,-43,-38,115,35.47,28.34,83,132,21.48
119,129,107,0,97,9.28,-1.92,76,55.23,-18,-18.98,-6,143,97,22,-47,4,30.87,31.69,35.14,42,-15,-4.35,-48,74.88,-23.13,72,24.22,37,55,36.87,147,-32,-15,45.02,76,52,39.43,141,-40
-11.69,-14.71,109,33.36,54.94,-9,25,66.55,17.66,-7,47,81,25.1,116,64,36.42,-6.61,105,25,100,147,9.04,11.07,40,-27,119,64.2,71.47,43.74,43,58,-43,97,61,28.05,87,-7.01,54.92,-17,37
-19.32,62.29,134,-34,64.81,143,-14.62,96,60.57,-14.22,121,-1,127,-42,19.64,111,-3,17.73,29.88,5.79,-12.75,36,33,53.74,107,56.13,-37,56.2,94,-34,-2,-15,57,17.25,-19,39.61,103,113,92,131
-10.68,-2.1,47.88,128,60,43,120,67.72,-18.41,85,1.3,10.55,131,26,12,-17.19,99,65.47,-37,64.58,41.69,24.18,57.86,71,4,35,5,39,4.12,59,13.15,2.34,86,-22.08,-11.44,-15,8.04,48,-37,92
58.88,-20,4,-18.04,26.17,9,-2.64,-9,-14.8,33.6,-23.98,57,115,10.47,119,26,43.89,-19,55,5.86,118,56,149,66.33,40,149,-9,48,52,37.65,44,-2,46,-4,32.01,28.55,72.45,114,76,135
14.56,60.62,63.07,95,18.67,26.34,17.55,-4.92,11.1,15,45,69.36,140,25,134,86,16.73,135,19.5,-16.95,31.21,10,75,18.45,-7,68.02,46.03,36,18.34,117,63,49.56,-7.4,-5,52,-26,-31,49.4,-13.79,140
11,57,-14,44,102,-4,101,2,47.12,35.15,-1,-48,13.68,67.6,7,99,32.51,60.23,12.12,-23.08,-0.24,50,-50,59.76,3.56,63,-40,35.81,7.75,-48,-6.34,62.23,68.3,28.5,18,33.23,79,104,146,1.8
71,36,2.43,53,17.54,51,78,50.34,55.04,-33,25.45,-3,65.78,101,31.85,30,114,103,84,-20,69,45.09,-29,-25,-28,54,-47,-6.59,39,-15.81,131,17,-3,-43,130,-21.52,85,110,4.36,57.81
24.76,64.03,3.81,-23,69,7,6.78,61.07,-19,69.51,75,-46,4,-21.3,68.15,-24,71,105,117,-23.94,124,19,9.73,4,130,86,61.47,4.69,12.14,45,61,-23.71,8,46.41,24,59.08,102,27,36,32.19
111,25.53,1.65,35.82,70.42,40,4,-10,-10.86,48.64,136,-5.41,-23.53,62.94,8.16,87,19,124,12.69,42.24,79,37.61,129,49,61.58,20.15,44.35,73,10.92,49.55,-5,70.64,27,71,76,11.07,47.88,20,-12.28,125
61,26,-4.17,8.52,124,-46,-4.04,23,6.69,73.28,148,29.66,29,53,72.53,19.83,36,-10,104,-15,127,-8,1,-15.36,-16,32,-36,34,-43,95,35,6.01,51.85,56.4,-24,19.81,-33,130,61.68,33
18.04,128,-11.2,12,148,-48,61.09,37,93,67,-3.18,148,93,30.7,8.66,44.13,89,28.58,66.29,133,-0.83,-48,-5.58,2,-8,55.8,51.19,33.42,14.64,48.44,6.18,6.31,62.61,64.12,-1,41.88,149,-46,54,102
103,111,-41,138,16,10.21,25.85,43,14.28,57,80,15.21,-48,3.07,107,56,49,12.14,21.7,137,-28,-7.6,25.4,7.98,21,120,-41,-42,-47,24,-18.88,0.11,-5.49,0.81,43.36,79,-22,-7,39.81,-19.91
66.56,95,-14.72,-11.32,63.5,135,16.98,28,8.43,129,-3,-22,51.56,107,124,135,-4.19,-1.8,-7.87,34,-5.84,72.64,-8.3,81,-23,13.06,90,35,-33,136,84,125,136,-6,-42,25.19,-26,-42,51.25,9
104,13,129,-11,-11.65,12,-15,97,47,-11.49,138,43.97,44,-18,-5.95,111,36,41.59,117,93,14.37,17.4,145,63,-22.45,-25,83,65.67,135,130,15.47,52.55,-3,-23.99,-16.26,-18,59,60.45,-19.3,28.4
8.26,50,-2,-24.73,23,60.45,34.87,27.18,8.5,131,72,148,-36,130,138,39.38,8,-8.09,110,100,44.46,82,40,89,-23.3,64.29,40.88,0.94,70.77,74.82,65.13,-19.15,12,19.62,-3,32.39,-43,46.55,68,50
-7,23.44,-3.94,-17,-39,69.93,-16.49,36,-19,35.44,-13.6,31.87,144,-7,-10.78,1,58,14.64,21,41.16,46.17,25.27,26,-13,74,66.74,-11.47,99,74,6.63,-49,36.25,-38,14.45,8.8,24.81,50,8,136,26
51,-21,147,102,74.98,72,12.99,140,64.28,58.43,49.83,49.6,-17.76,91,-11,56,130,0,48.06,130,116,29.33,23.51,110,17,60.09,10,73.33,77,36,25,59.21,-24,64.31,-21.16,25.82,-32,108,130,145
102,122,47,66.96,57,4.62,-4.04,-10.92,47.36,39,78,69.97,34.48,-21,73,-37,-0.79,79,-19,44,-5.68,-44,1,56.87,59.34,54,41.57,-4.44,133,92,58,119,-35,17.62,45.8,41.95,61,4,33,49.36
127,36,96,74.08,20,54,-1.84,51.1,104,62.14,49,55.04,55,50.72,9.9,60,25,44,94,29.16,27,25,13.35,-8.11,114,92,8.42,49.18,47.51,-44,66.21,24.56,-2.16,89,68.32,53.43,-1.67,137,15.3,66.37
97,-7.23,137,145,72,24.23,12,42.72,17.51,26.79,20.96,81,-24,-34,56.11,25,49.48,148,2,-4,-25,93,27,66.59,-41,-10,76,20.41,-50,105,55.24,51,55.44,-18.3,66,-0.4,27.12,44.77,144,73.64
-1.99,22.24,37,109,-48,7,48,99,74.56,108,17.01,112,82,74.49,130,34.28,13.63,83,-46,15,24.22,148,23,15.45,56,27,2,-21.45,-17,83,36,2.53,70,77,30.63,-22.73,6.74,26,126,-20
105,-25,-24.06,-16,47,36.79,5,-29,33,-22,75,31,-3.49,42.34,-3.65,72.89,-36,124,127,-28,56.99,-23,-11,89,68.38,66,17.4,74.62,33,-0.93,-22,51,137,-25,71.69,110,-4.7,55,130,129
-6,-26,103,60.22,-36,55,142,140,4,32,104,-37,15,21,80,146,141,-50,-7,8,10.78,21,-18.15,44.46,87,52,-17.55,-11.03,101,-25,51.07,110,71.3,1.49,17.82,-17.37,-12,60,-5.96,-22.57
49,125,-22.43,99,32.49,6,0.88,39,58.26,-22.68,-20.01,52,9.59,-2.85,41.83,15,-9.67,13.19,38.98,20.25,22,49.33,39.12,-8.97,15,92,74,17.51,137,100,3.44,68.44,-10,-3.35,74.75,59.09,144,91,65,-29
106,50.3,-20,-24.96,-22,104,73.64,55.8,56.58,-15.57,-39,123,68,-35,-7.85,-1,116,5.68,40.26,-9,62,-9.04,78,43.01,120,141,35.19,14.38,42.01,138,91,24.65,15.05,23.39,49,134,74.67,75,-2.4,-8
-13,-47,20,-13.15,112,70.16,-20,-13.88,61.71,98,53.09,7.74,123,26,-26,33,145,9.53,-36,45,31.67,35.78,114,-15.9,-30,41.02,11.82,74.72,59,95,37.27,-20.7,39,116,-1.44,19.36,10,31.76,74,41.02
-20.66,22.3,112,9,136,120,146,-19,-48,0,-18.69,-11.68,21.18,54,83,33,3,94,72,50.71,22,-40,-13.45,44,22.28,-13,45.34,9,-34,-40,59.09,74.62,79,-23.51,-17.99,44,-27,18,65,62
31,128,90,38,101,-16.07,87,135,116,73,44.05,25.65,28.18,17,33,50,13.38,-1.78,4.15,43,43,12,-42,56,-13,43,149,60,32.61,135,29,8.1,46.97,44,-44,8,57,-15,10.47,99
13,14.33,-20,-4.57,103,-16,-18,-5,1.48,130,-29,104,10.58,23,57,11.2,65,40,-35,35,40.44,-21.34,105,-45,-50,52.08,39,47.66,40.39,37.2,56.73,120,4,91,24.24,1,28,146,2.37,36.41
-14,74,65,144,-39,79,60,145,60.6,-13.54,-21,2.46,66,13,68,94,34,49,97,12.68,-11,7,10,17.03,76,34.1,-44,120,4,90,-27,98,26.75,78,5.33,113,53,6,2.33,54.77
33.54,147,91,-18.81,2,7.29,56.3,-30,-17.37,20.48,101,52.84,96,-40,-18,73,-42,63,92,44,67,120,90,107,58.86,1,-38,74.14,50,-17,75,39,68,122,44,-15.49,-42,71,39.51,8
30,127,5.97,28.24,50.42,68.3,55,77,2.42,38,-23.63,28.06,-4,-13.69,-7.23,6.73,48,30,25,-8.76,-28,-30,24.65,-8.84,49,119,43,54,-9.8,53.81,-21,74.77,12,43,43.24,94,31.9,23.12,48.14,139
31,143,52,-20,45.24,-7.57,52.38,14.59,34,46,4,97,-15.83,114,139,16.08,7.48,44.21,-13.82,-39,46,2,21,45.5,81,18.85,72.94,131,27.78,-9,124,7,-50,40.69,61,49,45,146,143,44
-18.76,5.49,71.64,33.22,1,46.45,54.24,112,20.74,140,8.12,59,25,16,30,14,55,82,32,62,50,89,-13.28,28.24,2,20,87,36,55.56,31.23,41.49,102,0,57.58,40,71,10,52.56,70,-21
-12.21,61,111,74,-45,46,5.69,-29,67,-13,-25,-49,-27,-34,128,-33,64,18,55,120,120,52,-13.11,47.01,21,68,80,19,135,-12.29,87,55.16,55.13,29.77,6,66,53.42,59.47,-30,-10.37
-8,91,27,91,29.47,-5.72,-2.73,-18,-45,147,-11.72,-8,-12.9,-11,137,19,74.12,74,67,-43,65.09,85,-24,19.07,-20.87,96,20.39,44.76,115,-0.78,91,51.46,9,138,52,74,45.64,20,64,-12.66
80,30.15,71.22,49.01,83,64,6.1,142,62.16,70.76,14,-12,-13.83,-34,49,7.22,70.21,-12.53,143,58,-9.96,91,-29,8,-24.24,-10,17.81,101,-50,20,143,-7,75,47.26,5.01,52,34.93,12,75,54
73.56,42.91,109,72.93,66.03,41.57,18.24,126,96,34.34,35.82,96,102,-23,-15,61,44.7,-24,38.25,-40,56,47.44,99,20.99,18,-0.47,123,29.04,10.61,12,69,8.37,55,48,67.46,61.2,4.36,99,40.84,125
123,40.26,140,46,101,50.29,-19,28,93,148,144,52,95,105,-20.03,107,99,14,70,118,-1,-36,29.31,51.31,-43,131,0,54,45,91,36,-14.39,135,36,-9.86,89,13.23,117,72,72.19
114,129,131,76,125,55.75,92,50.29,110,118,109,66.98,40.6,5,98,131,52.66,-22.47,66.7,76,46.32,148,30,6,-3,-49,32.88,40.39,23.66,-7.13,68.55,43.93,-5,16.7,18.14,56,28,58,113,50
38.12,-8,27.42,64.95,13.04,-16,96,-18.49,62,37,-5,57.99,56,30.07,-16,54,-24,46.64,60.67,-15.33,55,-21.05,107,28,-12,29.45,102,69,45,52.55,122,46.19,117,-11,-31,101,60,71.63,0,-7.21
76,39,-23.13,34.51,-31,36,-1.98,79,-20,94,-49,46,10.84,48,71,34,34.01,-23.75,-10.66,15.34,86,-29,104,130,125,54.31,40,17,16.53,-24,-35,149,34,83,125,133,88,88,54,-7
125,-9,146,42.19,14.15,104,-14,47,47.24,119,-21,9,13.17,43.01,65.03,11.83,33,-49,71,-2.02,100,143,34.81,146,34.55,64.17,8.55,-41,-35,56.57,113,-11.41,147,120,114,65,63.01,91,25.26,-22.75
16.79,54.45,-44,69,51.9,13.09,58.86,36,124,64.71,108,126,27,84,64,132,149,112,121,125,66,124,37.53,-6.24,130,122,127,-38,-2,35,58.11,-29,-11.22,-21.65,37.68,48.42,21,64.35,72.24,71.99
54.97,62.97,59,2,126,-50,48.54,49.12,105,-24,27.45,24,15.48,132,-40,-20.82,36.54,70.93,-48,-15,66.15,84,-2,142,50.91,-15.26,59.87,145,28.06,43,34,56,125,14,135,61.74,135,36,85,49.57
91,-22.29,67,24.8,141,64,-5,54,-2,62,-21.51,41,-1.74,52.16,67.44,-7,-13.82,32.64,-44,104,40,14,75,-24.47,65.14,31,-43,-21.39,19.9,28,-23.55,66,95,1.28,27,20,-5.36,32.12,-7.05,-6.89
60.54,41.38,-42,-12.05,1,-35,42.08,-35,21.76,56.06,32.62,54,48.4,17,120,52,-39,10.49,0,36,24.21,25.29,74,54.31,87,133,91,19.06,13.57,34,2,65,28.01,-18,-8,96,114,-1.45,71,2
-24,65,-7.48,87,-7.5,32,39.45,137,-1,-29,-13.24,30,17,-46,68.06,-28,71.82,54,142,143,72.86,-12.2,-22,27,-40,31.32,53.78,34.34,41,15,39.82,-14.77,51.76,70.36,-20,19.3,20.42,24.09,13.45,12
43.04,24.58,108,134,27.07,107,-13,-9.07,49,101,-24.18,-19,35.12,-12.77,-13,-13.37,30,100,28,-3.82,38,49.07,136,99,42,29.48,14.7,69,130,27.12,55.4,-22,28,-10.71,90,10.06,-31,143,37,-35
56,5.93,66.41,39,31.51,39,-20.87,100,113,0.55,23,-0.35,64.34,82,110,28,-7.15,38.27,4.54,147,28.32,15.28,26.46,40,-18.97,46.62,101,61,46.71,58,-7,-24.98,-15,62.88,56.01,137,-10.86,100,27.28,34
63.78,74.32,57,149,142,51.34,34.82,1.69,132,100,-18,49,-7,31.51,-14,-22.18,-41,64,-16,103,144,-3,105,-0.01,16.53,57.94,101,-26,42.28,84,32.16,0.5,-29,39.91,10,42,53,46.08,14.63,19.95
30.31,51.91,-15.28,120,57.02,-9,130,117,-45,67.88,58.92,68.11,-11.71,119,-33,-4.79,135,51.18,-10.92,103,87,61.02,75,57.41,105,0,124,-10.85,-23.38,16.14,-39,18.14,-30,13,113,-7.01,94,126,-44,47.34
21.45,0,-7,56.2,68.47,-43,50.25,59,87,-22,67,114,55.57,70.69,52,51.62,36,1,37,50.33,-9.46,31.2,50,-17,-22.1,129,27.98,18,-44,149,32.56,-19.57,25.32,-6,77,135,107,44.18,-21,31.93
41.55,67.89,90,-9.55,15,9,146,78,14.35,56.55,135,88,-49,139,56,63.37,-19.59,107,103,105,-14.92,-45,41.61,61.08,-13,5,38,120,98,72,101,59,53.31,79,-8,-2.62,-39,47.49,14.71,52
-10.88,0.64,-32,140,109,-5.83,69.11,-41,33.39,78,143,113,46,61,-3.76,98,65,69,28,5.67,58.46,10.31,-10,51.91,72.03,-2,72.44,43,22.59,12,-11.87,38.25,-4,39.72,44.58,36.75,12.12,56.41,59.12,-1.1
147,-50,2,60.07,24,-19,139,-6.2,-50,31.86,143,4,-6,45,127,147,47.45,-45,28.81,-46,105,31,68.77,146,52,15.22,28.91,-9,-36,-4,23,68,141,-9.99,-24,46.62,119,-19.41,79,33.88
91,140,7.75,92,143,-1.33,53.62,38.53,137,-11.64,28,7,-33,74.69,52.9,39.23,64.88,41.83,-41,87,-4,19,15.09,53.96,15.89,-18.81,-24.47,32.97,52,-43,13.72,41.89,74.17,55,38.66,53,74,72,13.89,82
33.82,50.87,-18,24,-1.92,29.62,-23.56,81,9,-21.03,53,49.56,-2.55,-28,115,70,9,20,71.67,-23.6,143,66,43,34,-2.22,133,82,-30,-3,55.71,5.93,141,1.96,0.34,-7,39,73,0.01,-9.36,-29
-2.66,108,143,34.7,23,-13.8,72.8,58,34.23,11.16,33.11,-1,59,-19,-6.08,60.1,53.5,-21,46,-40,-11.68,1.17,-10,-44,47,24.43,18,7,11,98,96,-9.39,96,39,57.92,-24.59,7.29,118,-38,10.04
74,-10,72.1,-0.34,45,-36,4.55,-7,110,-31,83,55,120,14.37,-13,67.69,73.02,48.51,0.63,3.3,-24.42,18.31,134,54.57,7,-4,107,71.99,46.42,-45,104,109,69,52.96,11,137,23,43.11,-3,-17.54
12,0.93,-22.82,22.96,-10.63,71,54.57,24,-18.32,8.7,46.8,103,45.74,23.9,50.97,58,71.16,65,-21.81,5,-2.04,52,12.18,96,-39,-4.43,-16,23.74,38.3,30.35,-15,36,54,83,18.19,53,8.77,56,-4.73,-14.86
28.5,-18.65,75,99,-48,59.5,96,-14,88,17,-2.41,45,107,16,69,50.54,68.2,62,125,140,110,81,-31,-28,-2.01,145,1.23,14,43,1.01,14.12,-10,-36,40,35,76,-37,5,-9,53
143,19,-12,66,71.31,29,5,45,149,23.35,-42,-33,17,-4.91,56.36,-28,141,113,25.18,72.73,87,-47,48.42,52.39,2.6,15,10.54,1,-17.66,53,7.95,-43,60.4,19,136,124,-34,-9,52,44.42
-8.78,61,-14.94,-15,-12.32,69.8,34.45,-46,17.01,-6.05,58,14,53,-39,-35,65.11,63.21,36.74,-7,77,0.73,58,57,44.25,-45,4,101,124,-14,113,-14.75,12.48,97,-26,70,-10,6,42,3,-3
5.84,66,59.57,57.79,91,35.92,74.53,57,90,33.76,-0.6,14,-23.53,2.25,139,-17.29,52.44,-4.78,-9,7.28,-3,33.74,-20,24.78,92,31.58,41,35.86,29.72,72,142,60.57,21,72.06,-36,76,16.6,-50,75,-23
-14.21,103,-17.13,64,10,65.61,32.49,-25,122,32,0.3,-22,22.53,132,-45,61.41,72,-6.38,52.58,-5.67,83,115,-9.37,113,-3.55,130,-5.48,23.38,26,-20.81,109,-6.06,59,1,71,31.31,42.72,2.09,9,-42
97,139,14,14.02,1,68.13,141,39,-9.99,98,102,12,52.41,34,0,118,53.14,123,10,138,132,-42,63,110,43.81,123,24,51.62,58.78,102,-30,44,7.03,8,66.96,104,-6,35,-45,-20
31,88,21,93,20.27,47.13,37.1,-19.63,38,54.76,56,6.21,133,80,66.04,-35,60,5.95,65.13,34.23,126,93,-11,-0.62,64.07,49,34.73,-11,70.02,32,8,80,31.87,-4.22,128,74.58,-2.71,144,105,72.23
-33,48.32,51,148,-14,-10,12,26.5,31,103,114,-20,12,114,-18.05,34,-10.67,-8,-16.33,132,28,39,65.2,67,65,4.25,25.75,91,145,35,47.87,43.87,-30,-16.16,30.68,16.31,15,116,136,-2
43.41,-5.57,64,15,123,-2.6,29,42,65,85,-3.56,41,37.76,24.36,-3.52,126,-7.4,113,-15,-19.95,-15.51,22.33,-10,-24.27,108,72,-22.07,56.14,12.96,112,68.02,54.59,47.22,69.17,88,130,80,60.21,69.91,-7
44,40.91,124,-25,13.47,20.8,108,-18,47.41,53.23,-35,38.19,54,-17,6,-1.24,57.83,-49,138,-16.82,111,52.35,102,55.27,0,61,22,45,20.45,-3,28.91,60,42,-19.57,25,76,136,45,103,17
52,105,32.62,64.83,28,14,110,18,2.1,89,51,42,140,102,-33,144,10.85,68,-16.92,11,114,137,37.99,-6.9,73.39,-11,62.85,90,-3,-41,120,29.76,11.27,61.53,-50,3.15,117,9,47.19,146
14,-15,38,-9,116,-13.47,-0.46,26,-1.67,90,135,112,147,132,-22.45,-1.68,25.98,-12,43,-20.46,0,-14,-48,-12,10,48.43,15,57,126,56,5.69,58.28,21,104,65,6.16,9.5,-3.97,23,124
64,120,13,114,32.17,-8.22,23,-11.88,101,40.37,-36,-2,46.55,46.48,124,28.73,-40,135,-17.73,30.98,52,43.4,118,54,-14,65,26,117,12,26,-14,66.5,-19.56,47,28.15,-42,144,146,67,47
19,81,5.68,-10,33.33,-34,3.7,20.33,138,79,36,136,-10,-5,132,8,122,35.24,6.59,106,63.96,67,40,29,102,-40,78,-4,72.64,5.91,44,141,22,71,-22.34,61.91,38.29,89,126,-23
70.33,-22.25,20,13.76,52.95,-11,39.06,9.68,60.27,132,94,90,28.35,80,-21,118,57,66.52,112,66,141,-23,118,17.08,118,29.69,-22.71,116,60.37,6,29,78,28,42,-21,29.02,68,40.43,10,20.87
2.95,50,20,76,105,86,86,3.62,33.07,132,45.92,103,139,9,30.24,127,137,142,95,-22.11,14,47.09,125,-48,22,-17,37,-16.89,41,42.06,16.4,21.41,34.77,71.48,-14.27,71,35.64,-7,19,14.25
-2,9.78,-10.96,-24,31,60.29,33,145,89,-21.61,61,-13.28,-2.43,73,144,7.79,120,143,38,-44,11,3.66,60.9,38,9.21,36.09,37,-25,59.16,3.08,6,70.89,-5.02,34,52,-27,73,8,20,-1.69
31.05,149,36,18,-4,-12.73,132,-22.82,36.45,7.01,102,-11.99,51.62,-24.12,12,-40,21,58.03,-8.29,33,-16.39,14.81,8,-5.9,19.55,113,59,56.1,30,-6.77,24.34,146,65.46,-0.97,90,15,24,108,-8,-5
8,9,34,135,142,32,-50,121,27,37.86,149,110,72.19,-24.27,42.88,16,98,41,61.38,30.15,104,28,21,66.03,7,76,3.29,-20,-18,-14.08,7,-22.96,93,-44,147,39.13,143,-23,-34,11
5.3,27.6,22.82,4,49.8,-16,110,120,36.65,134,42,70,59.39,58.86,-40,22.76,105,116,-1,43.58,54.84,140,110,41.61,92,149,-18,-0.08,65,96,42.48,57.92,104,-50,13.28,47.6,42.75,80,32,103
12.88,55.68,26.3,-14.43,8.13,-10,11.45,-2.74,54,102,55.73,37.66,38.44,32,141,-33,0.75,49.24,99,-38,61.45,37,139,82,41.22,124,53.9,44.91,-21.01,-35,74,62,41,-12.94,31,66,88,66.38,36,102
54,60.16,69,44.5,-6,9,66.74,8.49,20.02,139,74,146,-42,22,130,38.53,-37,18.9,-37,116,-38,73.98,-6,114,100,40.08,33.63,56.85,59.64,-9,26.85,31.72,-36,116,-8.77,9,88,48,70.9,43.62
17.84,53,16,67.3,36,-44,105,52.15,-6.64,103,8,26,29.86,13.74,59,4.39,-18.34,125,24,29.89,96,-15,40.62,59,18,15,63.68,85,52,109,83,35,36,0,28.07,124,-16,20,47,78
14.78,-14.96,13,98,101,-19,143,17.93,50.19,19.21,51,93,52,126,38,25,20,-9.06,36.71,-22,105,28,23.03,25,47,132,24,-18,135,127,140,51,-23.15,6.44,21.02,-27,-8.24,71,4.17,-33
93,48.17,60,54.57,-0.18,83,135,-20,-5.65,33.32,49,57.21,-24.78,43.25,49,49.46,72.13,121,37.06,-32,103,15.21,46,83,103,25,70,0,-35,-7.23,-14,95,-9,114,84,-25,9,91,-38,-19
-43,74,96,26.26,-18.43,132,-10,44,43.44,-28,149,78,48,19,18.19,50,34,57.12,23.33,60,110,17,25.23,-36,-22,89,39,32,135,3.76,124,1,116,86,123,71,63.56,32.2,70,76
21.98,43.48,9.64,49,85,-7,68.41,65.02,-46,112,27.72,-0.23,35.08,-46,-3.93,30,110,115,-33,27.55,45.8,34.35,-24,9,148,46,-7.16,-17.55,36,-25,10.95,53,10,-19.78,125,26.72,-12.87,21.76,-22.93,48
63,5,16,88,7.02,2.51,145,53.66,103,39,16.81,-27,65,83,149,24.83,25.03,-11.04,-7,134,-15.04,-9,111,-7.92,105,-12,108,44,30.74,41.17,52.73,4.03,63,44.46,-21,52.79,33.21,-45,18.94,-50
-20.38,11.95,33,55,25.91,65,-4.8,48.67,70.11,43.82,-12,-41,141,-29,39.95,-1,59.47,-16.84,106,49,50,-35,-7,3,30.69,42.08,135,113,-23.34,42.32,26.03,61,65,19.55,42,72.21,132,-6,58,59
149,115,-17,39.37,15.93,100,46.08,104,1.12,56,45,54,-7.75,49,80,95,79,66.81,-35,122,49,63.64,-19.49,7,-18,121,112,20.58,7.27,42,-11.75,12.21,-8.72,31.63,54.33,-34,41.26,-19,43.69,64.77
-32,-49,-45,64.67,10.45,-49,-43,127,107,37,5.36,71.72,67.8,55,67,117,37,58.82,8,38.68,45,135,62.26,-31,125,61,-50,59,47,0.21,90,65.92,37.85,50.96,-17.54,-10,44.99,122,40,37.43
39,32,67,-32,70.57,27.92,57.7,16.99,22.86,116,138,14,113,141,-8,8.22,2,6.4,47,64.7,-7,87,-16.68,108,72.06,148,-20.59,19,72,133,60.87,85,-21.84,-38,48,121,29,-23,46.43,-4.09
54.51,41,19,72,12.66,54.36,20.98,13.39,36.46,137,-22,14.29,69.17,44,-13.67,64.1,147,149,67.76,96,65.66,-13.28,-14,-41,74,8.75,55.72,101,-23,-0.3,117,44.58,72.13,18,72,117,21,111,146,-13.3
-48,15.19,77,63.03,35.35,10.44,113,-20.25,65.93,52,130,138,64.61,141,24.62,-1,28.59,-14.38,7.42,95,50.23,46.62,145,117,20,107,20,5.29,83,18,41,78,145,79,-40,50.48,132,-18,54.34,-11.32
22,16,61.68,74,8.84,3,-18.53,55,138,-4.29,81,149,-15,-45,37.21,54,3.49,94,40,-25,17.56,-14.09,-19,66.66,125,31,33,149,142,35.8,-5.61,58,21,43,110,-20.1,-13.09,46,34,-5
54.97,42.01,0.86,31.15,124,33.39,115,-8.69,24.51,-15.94,95,-9.55,25.04,140,82,6,40.19,30.59,65.15,-6,12.81,17.09,-9.59,-22.98,40,94,49,-33,58,-5.25,-3,-27,35,48,20,64,22.03,53.43,45.9,5.3
26,71.11,91,-10,25,-15,24.4,41.74,26.15,47.18,72.72,145,68,128,20.66,57.24,34.9,57.86,12,149,76,51,138,13.42,48.14,140,42.49,118,18.42,-19,44.33,35.84,126,51,87,56.72,64,-26,126,74.84
-36,-44,-32,-7,126,-4,-4,10,125,73.96,14.24,108,149,-1.33,30.86,41,70,2.92,14.95,15.27,-16.01,-42,35.42,52.78,-3.32,31.89,142,-31,19.62,63.08,108,61.53,69,68,-44,-17.87,104,67.8,-50,79
139,-9,134,-41,65.59,108,7.23,9,-23.04,-46,46,40,33.62,10,-23.3,43,31.14,-12.01,20,110,35,-9,10.54,17.15,116,17.32,-49,39,3.96,4,147,113,33.5,2.18,71,44,90,13,-1.62,54.67
25.63,-6,85,147,45.49,-4.16,20,120,74.67,70.68,-19.44,113,-15,129,-40,1.71,148,49.64,-10.12,57.74,-9,112,56,75,-42,52,86,83,48,48.72,-21,-23.79,144,-31,51,117,146,3.49,33,123
-44,100,40,24,-27,20,74.01,-28,-8,-11.95,-49,20,-22.68,39.31,-45,105,72.15,-19,3,-43,11,-16.64,-5.11,-21.17,149,93,45,82,37,24.7,29.6,109,130,43,-12,38.32,-2.43,11.65,-18,19
23.99,147,108,68,32.05,69,13.75,113,38.43,-37,136,62,20,13,-19.9,52.38,39.16,62,-23.38,141,61,22.17,21.36,26,128,91,99,-40,117,33,27.98,141,-24,91,42,-5,-8,2.84,-38,102
46,149,105,-18,-4.61,89,51,5.23,-11,55.49,51.3,118,-18.06,53.92,56.51,73,36,65.23,38.6,80,119,-36,-21.62,-16.45,63.97,-31,72.49,60,52,144,47,30.45,42,-37,24,39.32,18.03,103,38,10.69
25,52,-19.57,72.89,61,13,147,23,-12,-15,-15.97,-13,-26,76,94,59,-38,15.33,57.57,16,-44,-7.45,33,92,103,34.4,44,46,57.24,127,-47,-21,10,47,41.31,125,146,61,-23,31
104,134,143,-17,113,-0.55,40,36,74.6,50,117,138,-9,26.63,132,63.88,23,52.37,33.39,-16,106,54.83,3,71.23,39,-4.38,-20,23,46,-34,35.88,2,104,65,-37,7.87,2,-5.16,-14.1,69.6
57.15,26.09,130,58,138,137,56,105,-48,16.85,17.99,134,-7,45.48,41.5,132,59,-41,39.12,-35,65,88,-17,28,-21,25,58.42,117,28,45.93,33.23,-2.84,27.88,56,108,43.56,109,51.87,43,-36
44,50.46,112,-6,8,-9.41,27.59,-18.91,19.86,46,40,93,-17.07,34.44,37.31,126,34,1.69,136,-17.42,59,123,88,90,4.75,70,1.96,30,116,57,44,43,-17.19,17,9,31,35.7,33.38,138,86
72.06,4.6,57,64,34,25,-17,13,127,-23,30.12,106,3,25.46,37.49,146,57,-13,118,-34,28,-6.78,18.37,20.94,-17.74,75,0,36,22.27,42.98,72.32,-25,-21.08,38.88,120,131,-15,-32,-5,-16
22.44,-19,59,15,13.15,-15.17,149,43.56,57.01,4.25,-17.49,5,57.03,35,80,45.17,-9.79,-23,-6,-14,21,105,-9.86,38,-22.34,10,-1.55,35,-6,136,134,-1.89,54.58,32.76,8.41,118,27.83,49.14,-10,-40
-44,121,-11,45,16.36,-5.81,44,20,57.17,-5.79,-4.45,-40,16.8,-2.42,8,45.01,60.98,-20,86,-2,42,-30,49.36,-14,39.71,21.57,70.86,19.97,-14,27,11.92,-49,27,-39,17.64,18.04,51,0,6.06,70
-16.23,56.55,-17.64,148,126,62,45.54,136,11,125,17.53,8,14.64,-14.8,63,-28,4,68.63,120,114,22,58.23,1,-16.62,68,-31,-18,26.24,47,29.53,48.75,96,-9.33,60,-8.07,31.61,94,53.66,138,66
72.2,-27,7.97,-25,33.04,-2.26,8,48.3,-13.45,45.69,76,1,4,41,61,64.72,15,47.32,-49,77,-39,59,86,25,-23.45,28,16.92,46.19,-8,-7,-27,146,-3,-0.23,135,-37,-19.67,112,113,107
40,143,-46,44.24,1.25,42,55.7,5,-7.55,28.5,51,87,17.73,23,59.33,112,-23.65,72.87,116,18,78,57.26,145,54.04,-2,73.27,1.78,-34,13.72,44.53,20.01,0,40.1,-18,-24.54,-8.49,83,97,18,99
-44,81,27.78,8,140,56.01,12,-10,37,77,80,51.25,-22.78,133,-2.81,52.46,142,-42,77,50,3.86,95,38,129,28.43,21.56,67,72,-10.57,27.45,-34,-6.66,46.84,0.23,58.02,19,-18.08,12,4.66,-6
-16,-23.55,50,-17.2,-3.53,85,49.82,-34,27,144,7.16,-29,-8.36,36.89,38.63,88,-20.5,9.46,-13.58,97,67.98,-18.1,130,121,30.27,110,34.14,-7.31,74.29,-32,-45,63,-25,9,115,35,142,-18.81,146,36.31
26,-3.3,33.79,10.67,64,65,23,10.42,65.1,29.68,47.46,25.22,13,131,129,23.23,127,67.36,142,56,130,17.88,-7.16,-5,-12.17,80,63.63,108,-22,59,16.05,25.68,43.45,0,-17.97,70.91,63.58,-11.56,56,13.04
50.73,55.89,-45,10.4,-11.31,-7.24,41.87,22,45.04,-13,15,64,-43,33.77,-30,42.28,89,-14.31,39,-24.06,106,147,64,-23.32,-5.09,-26,17.09,-3,-13,-31,-12.35,18,-24.26,70,36,8.76,34.65,-43,37.16,43.98
146,-39,39.35,75,43.22,72.27,-22.77,110,-23.26,113,86,-31,-45,139,3.67,-21.72,45,46.94,4.14,1.77,74,69,53,-20,130,3,17,62.44,52,132,42.38,16,44.96,85,2.45,-7,68.76,116,43.27,-49
141,40,2,62.85,-1.51,29,69.93,2.77,-22.3,1,70.69,-16,34.68,-14.44,-19.44,52.1,-9,2.8,65.07,17,36,133,43,-16,58,144,49,8.5,4.49,61.81,46,37,-10.27,33,25.86,-5,72,126,139,18
-13,0.98,79,60,40.57,33.69,8,61,92,18.92,147,15.74,-23.57,6.2,126,-17,27.06,10,74.67,48.51,147,70,-5,-3,-32,-19,45.75,1.78,44,33.7,94,110,-5.74,124,-24.07,88,45.82,-13.32,-12.13,97
132,147,149,-44,39,38.07,-9,88,55,81,-1.45,-9.46,53.2,2.85,131,30.15,-12.59,50,76,-7.72,26.71,2,-45,42.31,0,58,12.5,-45,48,48.29,-7.95,51,-10.04,58.33,-16.25,90,-17,123,33.09,11
94,-42,-13,47.04,17.02,97,19,64.39,123,54,69,45,91,53,39,21,32.44,46,102,39.43,67.95,-16.75,-7.59,58,-3.54,55.69,-41,28,39.67,24,-12,54,53.96,79,67.32,-17.45,63,15,5,11
59,-17,56,35,-19,130,2,34.84,-35,20.15,109,54,63.63,10,-4,-13.81,48.77,-8,0.46,145,137,75,41,-49,33.51,34,15,-12,58.32,47,10.94,6,43,0,-11,31.52,-10,66,73.03,-46
95,70,54.35,72.86,-15,-11.6,102,9,32.03,-0.66,114,-3.05,70.78,148,25.21,-36,91,1.99,19.38,-22,42.87,59.87,107,-48,49,126,58.52,-0.17,70.61,28.03,0.96,-6.38,-1,14.43,-48,13.75,17.69,64.11,130,42.41
-8.7,95,-8.06,57.15,-24.66,70.25,26,61,64.11,4.72,-38,-18,38.89,-25,96,17.26,28,-10.55,91,-14.06,137,-6,27,0,132,112,8.31,70,-15,-19,-17.82,63,14,119,66.58,8.84,4,-21.8,11.46,97
15.12,23,126,4,33,33.07,134,9,30.11,11,44.03,149,48.19,-31,51,-31,66,55.36,-24.76,-49,31.44,48.93,-5,91,16.33,25,97,-2,41,-14.66,26,-5,15.8,5,-14,102,100,-7,64,71.89
80,124,-33,-13,42,-0.96,129,58.15,55.9,128,-12,13,-23,67.95,54,-10,67,17.89,-13.09,95,-33,56.18,-26,101,-15.18,29,14.38,-45,-37,-20.74,-19,-33,-15.6,34.09,2.99,51.7,57.12,61,27.8,17
-42,29.36,-34,67.58,9,-26,2.47,56,20.39,125,29.26,101,27.02,132,74.53,47.77,-23.51,26.54,35,4.4,33,-26,-2,-14.06,23.05,116,63.5,68,58,-31,74,-16.69,56.84,73,112,80,93,31,124,75
5.74,12.23,69,112,37.66,64.12,68,-39,9.22,-10,139,11,-20,113,124,-15,58.61,48.55,13.57,-12,-44,19.13,81,12.65,95,-48,-24,32.68,-17.97,-29,-0.68,131,8.89,2.37,-3,130,-1.73,51.11,5,59
-2,49.18,40,135,-7,74.71,32.81,33,-21.24,-13.89,48.41,65.99,61.67,114,3.9,70.98,27.43,46,102,-23,96,-17.95,27,39.7,120,-24.87,-47,61.06,23,1,76,6,40,73.19,8.09,10,91,6.56,31.49,50
58.74,22,47.93,-8,20.27,-47,30,53,-40,47,30,-2,10,40,-39,-14.26,93,33.43,-7,22.81,26.34,116,1,41,-31,109,0.56,128,56,-43,-12,130,47.15,43,10.68,10.68,-13.77,121,137,99
21.41,25.71,-25,28,73,32,21,-36,51,35,22.92,-1.26,111,138,2.81,148,-48,90,-38,-3.22,50.32,-17,-6.57,21.27,76,9.94,34.56,92,127,26,41.36,25.64,32,15,71.46,78,24.86,-17,-1.18,84
20.96,8,26.76,13.76,61.01,-5.49,-48,0.69,43.99,64.01,47.11,134,-44,122,140,52,1.18,53.01,35.24,57.27,17,-5.94,113,-23.04,12.91,59.68,132,78,142,27.07,17.1,34,25.18,17.79,2.09,55.41,5.67,45.55,87,-12
102,-38,4,109,31.98,30.12,10.41,65.43,-8.62,129,40,7,50.83,79,1.74,71.51,70.88,-12.52,20.84,4,-8.5,110,65.76,46.97,63.51,-41,-8,-21.85,36.63,123,62,134,1,30,134,87,0.75,31,140,59.75
61.6,-21.49,76,-20,-12.04,100,47.61,139,48.62,60,47.87,135,-14,18.96,-14,40.72,70.98,94,92,86,70,-33,94,146,114,35.5,27.67,28,-35,6,22,-10.76,43.13,50,110,32,142,-23.53,-18,-20
59,87,15.31,92,55.62,72,47.94,79,72.23,72,56,20.32,-12.93,139,47.22,4,40,69.17,14,-4,70.51,123,25,28.08,39.65,-4,67,-26,17.68,38,62,68.55,33,36.67,1,46,-2.44,28.47,46.31,18.07
42,25,140,-46,51.63,35,26,-0.02,80,108,66.83,5.94,95,50,47.92,148,4,126,-4,47,66,-3.11,86,71,81,69.25,29.98,41.71,122,127,35.65,-40,-45,14,65.58,125,19.4,100,17,40.54
20.57,70,-20,-3,72.37,113,-15.89,63,107,18.15,129,61,118,55.82,53.76,80,66,10.13,38.12,98,68,141,-50,25.16,1,14,87,4,57.81,-42,30.45,93,36.83,-30,88,46,76,6.44,92,9
28,0,-5.87,52,134,124,0.89,53.49,119,65,114,48,117,13.64,67,32.13,39.9,4.95,71,14,62.76,104,99,44.5,87,-40,-37,-28,41.84,15.87,-20.88,88,19,66.97,90,55.26,-24.81,29,-1.55,140
-2.6,50,4,58.23,-16.09,34,51,65,51,1,8.64,87,24.07,-22,70,21,37,-17,-0.12,56.5,20.62,67,-13.16,-24.42,20.35,62.39,26.26,25,60,45.85,21.31,7.54,-11.14,89,59,18.4,39.01,1,144,61
52.56,53.19,14.18,-17,112,74,45,56.11,-13.17,59.32,91,19,-48,118,36.14,25.22,21.99,4,76,92,-27,62.89,72.94,-12,-38,-9,-24.49,86,3,45.67,-41,-42,-5,126,-38,31,130,77,93,96
-12,33,-15.71,36,68,137,101,118,-44,48,109,-0.87,-46,61.46,40.94,29.71,4.14,7.53,64,34,20,117,-21,69,-21.24,51,39.6,6,55.4,70,102,75,56.02,35.67,45.55,97,-17.85,53.52,45,-23.55
111,126,59,-45,97,20,46.3,-15,107,-18,56.14,70.36,50.35,138,-38,116,26.06,106,65.61,47.76,2,132,-31,-17,121,-4.2,5,-5,108,40.84,-48,90,-3.77,-23.02,-5.96,17.07,28,-1.62,55,-14.97
94,-49,-7.35,-13.17,-49,63,74.69,-15.19,9.59,74.83,73,-10,-28,35.68,66.72,132,75,32.67,127,-7.88,25,138,142,-36,44.3,22,-41,16,35.09,113,40.87,21,29.04,77,102,71.33,-16,88,144,32.86
34,-46,33.15,72.16,135,3,108,-3.14,63,3,0.86,-37,24,37,87,65,138,-41,-43,66,81,117,98,50.09,56.76,-48,-21,42,43.75,1.42,106,33,-19,32.57,-23.27,71,-43,-31,46,42.29
129,128,90,54.92,22.91,2,-49,21.19,11.96,66.6,31,125,67.06,66,70.86,22.76,102,44.95,1.98,-32,42.53,2.14,-29,38.64,25.19,68,-7.89,56,81,25,2,-1,110,39,29.95,-0.3,-20,76,-45,-48
36.49,-31,29.75,47,31.05,37,64,-9.56,122,0.68,32,5,-22.42,-5.7,50.14,14.5,63,86,73,25.57,128,71,46,-13,9,127,9.2,52.99,26,105,36,146,-3.26,25,43.27,32.18,-5.48,59,74,68.83
16.16,74.25,65,-7.2,-17,30.09,-8.22,-2,32,50.89,59.75,83,37,0,-15,46.66,88,64,-27,144,12,45,0.19,44,147,66.89,88,-31,19.15,36,64,-17.01,5.2,3,-3,-48,28,93,-11.48,100
43,48.12,58,138,-29,44,-3,19.79,-39,54,62,116,32.22,4,98,51,-40,3.53,8.52,46,49,36.16,-36,19.88,-11.19,83,66.55,11.98,-25,63.08,54,-10,106,134,65.6,87,122,7,75,-40
-3.04,9.78,131,9,-17.79,11,-2,-19,-4.42,-29,62,40.78,0.12,67.13,30,69.64,49,62,138,111,39.37,-1,17,124,35.81,-34,1.73,-0.67,71.57,114,-36,97,-14,21.74,38.9,-10,-16.34,116,-8,-23.27
30,33.11,118,106,-29,-14.81,141,5.13,107,-8,105,16.28,66.97,-27,-10,20,98,21.58,123,-14.67,26.81,5,36.35,146,113,23,94,-14.66,-25,88,132,60.56,6.16,-26,36,75,88,137,-11.07,72.54
-45,28,91,34.27,6.65,30.76,17,-1.38,-17,39.66,133,63,19.69,-6,70,7.3,105,8.14,8,-34,35,-23,20.14,-10,2,55.49,35,130,-43,27.61,-7.73,114,128,105,-21.9,50.11,6.23,19,-15,51
77,14.63,9,33,33.01,23.54,84,68.07,12,-29,97,-48,94,138,16,103,27,131,77,36.54,34.08,27,-35,61,-49,9.83,-27,28.32,-9,-5.6,44,122,5.31,73,-8,52,35.24,59,70.59,-48
-47,124,20,65,112,48.51,51,55.68,9,65,9,49,35.12,28.57,-5.06,8,66.76,103,18.47,-25,30,33.07,49.97,130,28.11,28,13.81,19,7.34,58.43,23,137,39,140,-20.6,-16.85,90,-10.84,50,148
16.84,38.87,29,-11,53,80,-41,81,-14.65,-4.62,106,-7.59,55.38,111,-29,-3.89,-15,3.88,91,46.53,71.73,-8,92,-19,89,75,60.21,114,41.26,32,75,27.26,73.56,21.77,-35,20,-13,-8,-40,-41
28,72,57.29,-23,-1.93,15,-15.08,92,-32,29.68,8.88,38.68,71,130,58.01,-15,48.12,129,58.81,-40,10,97,-31,1.54,-14,-26,28.3,-2,144,-25,15,36.34,-44,28,24.8,33,-15.74,2.41,55.1,144
18.38,-3.34,7.49,28,13.78,115,14.39,-12,28.94,25.13,32.43,2,79,-19.98,-1.61,-38,-13.73,81,65.03,17.83,33.22,-5,71.8,6.17,139,-34,63,37.49,39,53,35.17,52,-28,-16,63.48,91,49.49,-4,15,69
21.24,61.46,25.99,109,-3.73,26,-16.83,128,124,60,55.06,121,25.11,68.46,-22,58,56,-1.67,43.98,98,21,74,44,7.7,54,-13,119,35,142,13,-14,70.96,55.14,-29,68.5,49,76,-43,73.45,-4.04
33,139,63.51,-20.99,91,-34,51.86,48.05,-1.28,75,27.09,41.92,-3.02,134,23,39.75,-11,45.47,18.73,83,99,134,20.99,133,-40,109,97,47,76,103,33,-11.7,110,-44,74,12.89,55.4,99,-20.3,16.1
98,-16,65.45,6,-16.04,59.27,31,-40,68.24,56.83,104,1.69,40,40.03,7.61,-20.73,39.82,-4.73,6.51,-19.69,-38,135,74,-35,-27,23,-17,-23.08,140,107,65,101,119,116,-3.51,66.52,4.35,76,101,-27
-1.67,123,31,37,149,47.83,148,-41,132,119,100,52.11,124,-33,-18.08,-21,-20,67.56,48,-11.11,-12.42,67,22.99,47.18,136,52.41,-35,23.73,115,18,127,87,65.07,95,89,-32,25,-17,54.36,58.59
118,49,9.41,20.43,81,48.87,-0.9,40,41.08,66.68,-13.14,142,-25,60.46,81,55,148,72.68,26.61,22.99,4.9,104,60.14,-11,-13,132,-29,-11.59,-44,-31,22,23.64,40,-21.4,71.24,-20,32,16.2,91,138
0.19,-1,9.37,69,41,22.03,13.88,45,20.27,16.03,98,53.56,-20,43,-22.31,62,4.13,64.69,-4.39,0,144,-5,-4,125,30,25.8,31,120,-20.65,37.22,-24,147,62.64,-37,17.05,59,7.22,-18.6,72.64,27.12
64,-36,52.66,-50,86,55.62,54,-38,83,-19,116,25.49,121,131,-13.21,54.49,23.04,97,10,47,25.18,114,28.47,-14.8,0,106,7,55.19,30.94,50.04,-15.54,69,127,3,-27,115,6,32.89,-3.01,23
137,28.01,68.02,89,17.03,101,54,-23.56,32.18,-9.92,62,73,84,17.52,27.47,-10.05,20.06,72,113,-45,-11.2,40,108,121,29,-2,16,-20,37,63.18,47,108,-16.15,45.75,8.79,125,13,47,26.12,143
55,141,36,-19.35,68.59,-23,-15,-6.56,51,-25,18,31.12,30.32,8,60,72.24,113,6.69,-1.61,74,-41,44,78,9.27,139,14,70.08,-6,96,41,47.77,40,66.54,113,42,8,61,114,5.57,-15.89
101,-20,-32,-28,69.06,12.22,-41,-18,67,66.98,76,-10,51,13.13,-4,-26,39,-9.02,68,-1.98,29.46,0,48.58,132,6.69,19.1,149,-20.77,11.98,65.21,26.37,-19,-7.89,23,35,46.99,-23.59,132,-23.47,-40
141,-23,64.3,0.29,-13.28,-6,147,16,71,10,-13,-5,61.35,90,134,44,-20.92,28.34,73,88,31,63.04,21.85,5.66,119,-7,29.87,120,35,7,111,143,35,140,85,135,65,22.69,-15,64.53
-23,64,34.9,49.29,-20.72,43.67,66,42.37,46.28,-43,148,83,33.1,39,15,112,102,14,24.7,147,49,-11,-15.2,56,108,-21.24,-14.88,129,7,29.75,96,-5.16,52.78,117,-22,122,-1,33.32,47,70.71
-9.2,100,52.88,-2,-11.92,66,62,31,114,28.3,-9.95,-0.01,-50,-8.05,32.12,93,-8.84,3.26,61.33,134,61.15,98,50.67,55,74.7,125,-18,14.34,115,-12.84,-11,-19,24.76,13.64,11,39.7,33,-12.63,-3,4
-21.92,37.52,58,39,13.96,33,90,43.01,29.87,-3,13,5.51,89,-11,66.88,128,-19.56,73.18,-37,82,73.42,54,-46,74,58.7,43.86,19,4,110,13,61.46,147,20,125,63,47,69,24,-10,50.46
131,31,126,-14,-15.31,67.12,55.7,61,8.94,-20.6,-5,15.82,2.64,-27,32,27.01,24,80,131,2.77,48.68,110,139,103,-26,4.62,-27,60,51,114,-41,15,50,124,15.84,42.06,18.19,-45,56.63,75
-8.4,21,47,74,41.71,113,-3,25.48,27.39,62,32,20.75,-41,-34,17.22,-29,-33,45.34,33.06,2.11,38.78,0,149,68,35,-47,141,61,26,81,132,-11.98,5.69,40,44,68,8,1,55.8,-5.41
74.55,-28,-39,80,8.47,26.2,65,11.88,29.32,129,-7,74,2,140,-4,55.22,-39,8.87,18.81,103,70,28,44.52,13,52.32,40,66.64,94,33.49,-41,48.69,34.93,123,23.71,-20,29.37,25.63,-19.87,20,86
54.47,60.62,61,96,7,-15,44,29,25.41,-8.06,133,5,17.35,64,26.16,35.83,46,-15.51,63.42,69.91,70,57.68,147,-12,62,116,28.88,58,70,-25,-21.82,10.88,-8,49,-12.22,120,89,72.89,131,47
-13,31,56.83,24,133,-17,56,72,23.13,-44,53.73,-7.01,23,133,60.62,121,-19.45,37,43.76,4.29,29,46.86,36,70.06,95,49,130,50,11.63,-22.8,60,37,-29,55.31,21.96,98,44.23,31.27,8,-31
90,51,21.24,56.47,9,74,40,66.05,15.62,57.92,42.49,11,0.33,64.87,10,14.34,22.23,45.65,0,-5.52,-13,2.89,24.33,8.09,-27,148,148,143,100,52.37,-5,144,-15,6,37,-21.41,-19,124,50.43,129
38.23,-29,-8,47,10.21,11,19.86,66,33,27.35,59,7.77,2.8,62,-1,84,59,7.85,140,13,32.48,-33,56,-9,34.48,32.12,57.31,37,-25,-39,-16.51,1,36,-35,78,53.32,13,56.1,74.41,-15.52
70.33,37.2,38.54,-0.28,146,120,65.21,-24.47,-18,39,-14.97,24.91,-39,-40,-44,56.68,52.95,96,139,95,-14,56.08,57.17,12.04,16,105,124,38.73,30.28,13,148,69,69.02,-14.55,36.26,94,62.18,45.43,-40,56.08
103,146,10,-13.82,75,-3,-3,65.28,60,-4,74,7,45,59.54,-27,-39,46,24,8.98,80,51,51,37,48,139,19.69,99,90,102,69.19,-4.38,15,49,30,-7,-38,65,71.56,-9,-3.71
110,44.65,51.12,-18.62,100,12.25,104,44.27,72.91,17.88,-8.37,28.19,24.1,7,37,54.74,-2.62,16.63,149,20.23,55.11,33.92,69.24,76,71.45,71,37.56,18,76,56,29.36,34,-4,14.78,-24,-11.4,83,60.34,-50,51.95
31,45.62,122,32.43,114,-47,79,66,28.98,40,128,-6.75,74,-18.9,44.18,71.22,-10,-9,8,-47,21,143,61.78,32,119,40,-15.66,101,92,48.58,44.9,61,-14.13,64.24,6.3,-9.73,79,64,55.65,81
98,13.61,37,106,98,103,131,-18,49.02,-17,-44,115,-49,11,145,71.9,117,19,-35,28,34.7,31.12,65,28.11,27.61,-22.66,46,45,108,30,39.18,-15.33,-34,-24,19.53,110,104,28.25,94,63.34
-36,28.78,49.53,99,23.68,132,109,-7.47,54.67,36.59,-44,-20,118,11.98,22,52,52.16,98,66,49,92,111,25.92,-16.64,46.03,-37,135,95,104,3.82,133,36,49,137,143,-46,2.18,57,28.64,13.99
-32,8.96,-8,-13,109,8,129,33.19,34.04,99,-0.8,23,9,41.1,-20.39,93,45.64,-18.07,21.77,60.01,-6.55,-26,56,56.94,78,-6,5.21,-19,75,56,26.9,5.95,13.6,33.84,-31,-19.26,-17,-21.56,29.74,15
-18.6,2,56,-13,-5,87,30,99,100,40.01,125,134,21,76,11.06,20,-24.17,63,4,50.53,-29,28,129,22,101,47.19,60.24,5.7,49,34.66,61,0,-36,-12.34,8,115,148,22,110,-12
36,71.76,4.5,0,56.62,-5,8.44,47.49,69.84,62,24.95,117,2,80,147,58.25,-46,-16.67,47,123,-45,61,80,58.48,54,94,-47,-0.93,26.73,19,12.05,-8,47.26,81,61,45.45,28,2,8.19,37.63
76,49,123,55.41,-23,-36,-0.98,61,15.01,148,47.97,146,60.74,46.44,-1.8,-27,97,63,16.91,117,142,-10.48,140,35.53,50,-15.58,24.62,-11.98,-34,31.72,18.72,48,-24,-5,37.88,24,129,107,92,-18
-37,26.63,-41,66.06,1.41,40,31.79,139,137,47,128,-27,43.37,42,62,64,8,63,-25,68.23,21.55,61,35.9,37.48,57,-14,-32,32,138,-2,-0.8,106,69.67,6,111,28,-14,108,-6.27,107
92,48.12,113,76,55.75,-15,52,-37,-20,42.46,57,-15.9,-13,54.43,-19,9.43,8.81,-31,1,-22.89,76,112,4,123,59,39,-2.25,61.58,49.74,49,9.2,124,44,10.26,-17.06,40,23.01,64,-19,93
129,48.82,106,121,69,34,98,128,-12.21,61.41,60.32,-36,127,-34,83,52.48,-17.27,-49,68,126,-40,52,66,17,4.41,76,39,-38,28,8.05,-23,58,-41,18,19,10.65,17.18,126,56.34,132
22.17,62.55,-2,26.56,-44,34,92,54,18,53.77,132,39.51,58,-8.43,-11,64.61,1.08,94,26.56,-9,120,-8,-14.3,37,30,-20,70.37,17.99,28,-33,50,132,49.05,8,18,138,-4.27,-3,52,66
-27,29.12,100,3.91,67.48,-18,-33,16,90,84,65.04,95,55.05,7,-49,84,-47,106,124,32.62,130,-23,9.61,14,51,133,20,27.95,51.92,134,-16,-4.69,57.41,1.65,140,6,30,42,-11,-19.33
28.32,42,-2,-14.39,27.39,-32,55.12,-26,-24,90,-5.42,40.77,45.49,67.92,24,-2.31,39.27,-39,32,71,21.74,81,100,57,18,101,38,102,28,-1,82,79,43.49,-3.67,-7.74,-1,13,-22.8,-44,23
80,49.31,65,48,-22.78,32,31.83,57,-4,-3,1.67,0.75,107,55,141,121,-9.1,66,-11.17,61.79,146,52.84,23.63,-17.96,34,-14,89,77,36.23,0,9.73,15.89,26,139,-19.83,71,1,-14,-39,129
133,64,108,122,34.96,57.74,11,36.27,28,78,-23,119,76,86,22,42.82,-5,-0.46,147,73,58,121,60,11,35,117,85,27.29,139,-7.59,44,31,128,73.9,22.32,42.64,64.05,83,144,-19.85
146,-7.15,25,-15.72,83,32,67.53,143,107,33,-6.22,17.24,-31,-13.28,34,14.45,-5,-23,-48,40.62,-39,-38,10.91,61,-21,71.61,49,65.39,108,-40,-15.89,32.12,118,1.05,80,71,97,9.52,-18,65.74
37.65,20,33,123,87,-16,21,82,118,46,-11.31,78,145,-16,39.85,19.34,63.87,113,9.12,-21.34,13,17.12,37,2.14,125,-6,17,114,26,-23.05,15,11,-23,39.4,102,36.99,39,-27,73,113
-6.21,70,74.83,6.96,-28,-0.07,27.61,77,32.58,136,37.91,85,127,123,-5,63,101,53,102,-24,-0.78,39.47,80,23.23,-12,-6.5,46.57,20.65,25,-48,100,56,121,107,-22.51,-34,7,130,56,84
96,123,-24,98,94,60,28,28,53,11,-21,139,142,-3.41,-6.29,123,57,42,7.91,71,-26,43,-5.41,62.02,63,-0.8,42.07,21,8.58,70.92,3.13,-24.18,124,17.89,-5,-32,34,-17,18,-50
-13,-46,48,40.9,80,137,71,16.84,17.58,69,59.54,63,12.65,67,-3,-16,-6,-16.89,61,-27,-15.45,114,55.46,102,22,79,-3.13,-26,8,-23,52.78,21,63,-17.19,73,112,12,-18,22,126
43,125,85,56.92,111,129,-27,49.19,17.95,-27,145,-27,13.8,138,61.08,61.2,141,-8.02,13,7.01,97,-37,108,-31,23.72,15.71,70,58,83,56.91,-31,-21.19,6,15,-20.87,-31,64.91,63.81,63.17,-15.72
13.53,77,58,86,16.21,16,-10.33,148,-45,2,24,-18,48.61,11.55,46,57.97,74,63.1,101,32.99,102,41,-23.13,-11.9,-33,34.2,7,-12,6,-30,11.43,36,-22.38,39.95,47.52,-23,38.69,-7.46,-20.76,-8.14
21.96,143,24,10.14,68.9,73,6,-2.73,123,10,-18,23,-17.7,31.96,71.08,25.29,91,112,-26,144,2.73,57.84,131,50.34,74.79,71.1,-2.67,110,-12.72,71.28,-9.83,119,-10,116,2,100,79,83,-40,-8
46.6,91,32.32,4,41.56,70,-17,97,95,-49,36,118,36.54,74.65,17.45,66.05,63.96,52,138,100,32,67,107,40.46,-1,9,-5.25,-20,-29,119,23,121,87,-48,5.39,0.49,17,91,-7,3
64,118,48.28,4.72,113,-3.51,45.31,-18,69.43,59.2,-9,23,-9,55,-4,139,-49,17.55,52.03,88,-33,23.3,-14.23,44.02,13.8,78,141,-25,-35,-4.04,122,-4,70.96,2,15.12,10,127,17.94,-15.95,25.19
-14.73,14.07,35,108,33.12,-5.61,133,50.3,35.15,83,107,104,70.1,27.6,60,-28,66.83,-27,109,-11.89,27.64,73,73.11,53.18,11.67,17,26.68,63.12,133,81,38.91,46.59,0,35.14,131,115,-9.2,30.53,128,32.13
36,-9.56,9.34,38.25,33.82,25,42.9,111,95,61.29,26.73,52,8.69,72,137,65,52,74.58,118,67,-24,-40,40,17.47,35,-24,69.91,-46,-22,5,18,131,-33,61,-10.37,119,66,144,21,132
40,74.01,137,11.63,24.7,50.69,64.82,81,130,9,27,-28,36.72,98,103,60,19.55,10.98,16,123,94,70,127,-0.88,56.5,-16,-2,134,34,10,25.73,-7,75,38.89,-45,30.2,-2,90,2.65,91
27,-25,132,28.51,63.7,-0.28,5,2.38,111,14.2,42.42,2.91,15.24,24,-30,-22.32,-16,51.9,-3,5.84,-18.77,55,-33,65.92,103,-10.36,120,6,12.45,119,-47,29,108,-0.53,126,25.85,40,3.2,0.5,74
78,45.13,-14.23,62.46,-42,125,42,97,60.33,-9.06,63.17,24.93,44,-25,142,-17.39,124,48.68,71,113,-32,36,119,-13.25,57,0.71,-27,-3,73,26,6,24.01,-18,57,23.56,88,70,23,106,49.55
-24.25,26,-43,4.17,27,66.73,14.09,17.15,54,34.8,6.58,17.29,37,34.49,19,-12.48,3.55,-8.48,101,59,13,32.68,-49,69.27,72.2,143,-9,-13.26,133,49,74.41,24.93,129,-6,35.22,53.37,43,21.74,73.34,10.04
-16,24.59,66,68,69.7,43.43,48,118,38.89,1.47,-49,7.84,67,130,38,123,14.98,16,136,44.46,11.62,-24,-10,-11,91,67.67,61,123,40.62,124,49.52,-1.39,37,124,-43,71.45,52.35,-22.76,132,-42
65,25,25,128,15,-19.71,-9.77,34,70.27,-14.5,49,12,63.46,124,124,-16,27.5,34.23,85,62,-17.28,-12.12,36,11,-10,40.02,-44,20,-19.27,39.4,0.25,19.67,45.47,103,136,48.32,144,44,21,61
-7.17,43.03,146,36.52,132,-40,14.86,109,143,-37,23.85,-9.19,112,16.88,40.9,3.49,58.18,70.22,-5,75,5,45,-4,-24.84,111,116,3.28,61.24,126,19.55,29,-20.89,54,26.72,47,115,2.56,133,73.14,43.82
119,86,5,130,-10.84,95,65.09,45,18.45,-6,-11,-31,-22.69,31,27,0.93,34,-16.19,112,-19,64,-5.27,70.72,-14.45,78,69,46,142,97,112,108,49.63,5,23.08,86,39.67,91,-23,15.2,-8
-10.37,111,134,72,50.09,-10,123,86,-4,-21,3.84,5,63.95,-14.93,36.96,46,73,64,-18.49,48,15.53,9.54,46.44,116,8.08,42,142,130,61.69,55,49.45,127,-49,71.5,112,130,30.45,-18.7,55,49
114,106,57.56,43.79,39.32,-1,-7,-10.56,42,1.44,14.41,-26,94,-18,67.32,106,50.74,-10,-7,-32,55.72,131,36.57,-39,-47,55,119,-31,73,53.85,43.07,110,135,-50,-11,107,39.81,4.61,-1.87,138
60.06,-45,110,2,134,76,-19,-16.41,49.09,67.53,-1.47,-24.48,25,40,112,26,123,102,22.82,123,2,57.57,105,102,2,60.44,-11,29,38.11,61,2.43,73,62,95,9.5,13,126,68,67.48,127
100,50.17,1.22,68.84,-38,31.4,51,-24.43,7,-23,26,4,58,44.67,106,-17,-14,49.34,98,37.45,-42,40,44.12,-4,-45,127,33.67,18.79,44,36,-22,-1,-35,-47,112,102,145,-17.26,4.87,78
50,136,38,-22,46.22,59.69,-30,80,48.24,-3,-41,120,23.6,-8.75,123,-6,132,34,101,64.25,26,-22,-17,10.21,79,84,20.57,-3,44,10.06,95,52.69,80,9,10.2,24.66,-22,-12.24,1.19,1
26,72,72,-9,-21.28,11,-14,-50,30.09,3.7,-20,-21,-48,57,39,74.8,58.39,53.49,-15,73.73,55.09,64,26,64,72.09,74,48.35,-45,41,93,73,25,2.8,88,-38,-4.97,39.51,20.19,136,-20.87
62,127,-29,13.76,20.78,67.65,28,138,-3.97,127,11.75,13,81,67.31,-29,38.96,-7,-47,19.44,45.85,-20.42,40.35,16.17,64.39,49.55,37,-28,82,34.3,-9,-11.75,101,7.83,-20,-2.86,1,101,19.34,39.9,43.33
67,121,63.94,62,87,63.01,-42,103,-22.25,112,17,41,137,38.75,-40,23,58,11,94,124,143,118,44.76,52,-15.49,54.09,37.73,-5.36,141,62,64,54.04,43.29,111,-1,99,-15.61,-36,0,3.4
-27,53,48,137,17.35,-40,-34,53,74.8,94,0.56,38.76,74.29,82,65,145,7,25.32,73.16,103,127,-11.4,-4.33,2,40,135,-9.31,135,28.01,-40,-18,45.18,58,70,109,-37,-2,24,-16,-37
52,80,13,54.94,48.15,-33,39,-10,-32,24,128,-1,89,11.05,50,49.66,34.12,142,58,-14,-47,51.83,-44,-12,-25,-20.04,103,108,-6.55,89,1,50,64.57,6,-17,127,-0.98,27.58,60.5,40
63,122,-36,-19,134,24.9,0.72,47.9,125,-27,112,11.64,27,24,47,52.03,-9.58,18.6,149,71,119,107,-21.55,16.04,67,97,43.02,113,97,-8,125,-42,59.94,72,10.92,51.51,37.2,-3.63,90,57
25.98,-13,75,31.7,27.76,65.97,19,89,15,53,33,28.85,39.11,29.39,98,-28,141,59,29.09,144,101,55.12,8,-23,13,70,22,43.32,21.29,70,50,-32,-22.14,-17.26,74,49.51,55.7,60.39,15,-13
31.35,26.87,-4.6,73.81,49,8,110,41,-22.63,94,47,-17,-38,-24.75,25.67,106,96,-8.46,-48,110,8,113,12,94,53,73,20,1.76,75,70,84,139,61,142,0.59,21,40,-43,54,76
35,110,43.98,38,-32,53,135,53.84,-34,138,148,117,7,68,18,57.72,27,-13.99,60.27,-8,41.99,-49,-21.08,-24.53,-0.53,-15,21.06,123,114,1.22,35.88,-9.81,63.33,146,99,129,-1.64,93,60,99
76,-49,-14,11.09,-15.96,55.39,15.71,110,118,42.19,-44,63.28,93,5.97,104,37,-5,43,-48,4,44,-14,88,11.61,20,111,132,3.32,-10.16,0.39,49,-12.62,-10.62,70,-31,113,59.54,60,87,13
-6,56.72,120,119,43.57,66,101,59,19.48,14,-21.95,42.53,57.01,71,-14,69.16,-23,2.06,128,29,59,58.4,-14.24,49,145,-31,78,64.94,139,139,-13,17,95,47,8,30,8,72,-29,39
-17.61,-21,52,29,30,84,-17.84,51.86,65.64,45.63,111,15.31,59.26,-23,18.7,-31,-8.51,29.73,33.64,22,138,37,-3.57,55,91,9.49,9,-45,-22.63,134,127,16.68,48,129,38.72,44.05,69.31,-14,115,35
125,26,-14.12,19.15,-2,122,4.86,38.79,141,6.92,53,72.72,2,131,36.39,70.79,63.76,72.64,-1.8,-44,49.89,15.29,108,-37,71,96,57,36.44,129,23.81,29,55.91,94,112,-18.14,49,-23,13.33,46,-17.39
110,23.33,66.33,0,-26,31.01,105,27,-25,-22.62,46.03,92,-44,7.91,89,10.38,121,41.51,4,-14,64,83,125,47.21,92,5.67,-7,64.04,133,1.07,18.57,17,124,35,-28,55,16,-20.86,126,70.39
8.87,114,-17.34,26,-4.71,4,-30,86,42.82,28,84,144,73,61.61,90,6.54,14,103,-47,-6,-5,27,113,32,-25,139,34,-9,49,124,56,63.57,9.65,95,-12,69.03,-8,9,45.54,7.99
-26,35,-7.72,55.9,67.78,-3.87,16,80,11,-22.95,130,107,145,70.56,60,7.09,9,60.37,77,1,-1.97,39,-6.02,41,117,22.65,-13.33,60.95,93,29.69,-48,8.52,10,74.66,15,-23.09,-11.48,68.8,63.11,130
-19,86,-3,50.77,107,30,86,2.89,-22.2,141,35.34,62,-21.74,18,93,60,75,61.91,-7.66,45,16.88,40,69.65,-41,136,31,65,52,24.15,-6.93,-12.43,65.97,144,-2,25.99,-28,-27,66.76,55,40
76,16.94,2.63,71.76,3.26,28.82,7.82,-5.04,83,27.97,28,-14.91,-43,56,64.12,-13,56.39,82,115,-3.11,-5.68,122,0.51,75,30.98,-27,48.4,46.49,37,25,28.22,-20.67,125,141,26,34,9,72,136,91
59,2,-16.26,0,91,7,27,-43,69.71,137,46,16.61,74.56,120,90,146,16,-46,73,38.1,26,38.34,4.34,24.37,33.55,31.99,47,2,-9,26,5,-0.32,41.54,73.69,43.87,48.28,16,-23.97,71,87
132,8.18,24.85,26.28,83,46,112,-15,51,-46,-16.74,70,64,49.34,64.43,-12.04,1.07,2,55.77,-13.53,70.3,82,-22,28.67,78,-3.06,11.55,-36,120,40,27.87,102,-30,-36,-16,-48,138,23,18.73,123
-23.46,72.77,35.86,41.26,3,125,36.45,-8.59,43,-2.78,52,0,-29,-6.93,114,8,21,46.58,-0.35,-38,85,149,65,-8.88,-7,-14.65,-22.99,20.76,140,119,34,-49,71.59,73.4,24,130,108,1,15.16,72.56
134,-21,88,-0.29,69,-7.93,20,149,3.11,127,40.92,5.15,-50,74,146,20.28,133,-45,24.41,46,70.13,11,-4.58,71.23,-3.52,63,69.7,55,91,1,10.19,-2,139,71,135,107,24.58,106,94,-1
121,55.32,-18.95,-1,50,31,101,-42,-14,90,21.41,64.16,10,50.53,116,138,16,44,-10,-36,40.1,28,23,12.27,16,34.32,75,32.26,54.43,15.49,40,132,90,36.7,54,26,46.58,52.78,67,-1
146,-13.49,66.74,-18,4.41,-3.65,49.43,-22.59,68.78,-22.64,128,-37,90,-26,98,125,12.83,3,1,-36,-15.74,113,-30,-40,51,20,122,-1.49,17.99,34,48.53,89,-17.14,83,22.53,-12,77,13.99,-49,11.98
-12.78,72.19,-23,42.21,41.44,129,40.73,100,20,-17,68.98,22,51,29,-33,4.67,129,40,-25,59,64.51,50,138,57,-40,0,130,102,64,3,12,132,60.14,-11,-19,72.07,10,28,126,59.11
-22.69,-17.1,124,89,36,23.75,-13.57,-12,29.22,18,-21,108,54,5,34,-16,138,41,-4.36,12.21,63.13,27,49.91,-24,37.78,-31,3,52.75,44,66.37,-22,78,140,131,35.4,-19.79,-15.42,-20.17,24.21,49.05
113,19,43.66,11,26,147,140,45,-6.24,142,60.53,123,32,51,91,-41,-0.74,10,-6,56,68,0.55,12.99,123,69.63,30,134,8.11,39,50,72.75,-29,31.8,-30,98,21.62,-21,-11.69,-33,-5
48.21,18,59,-8.51,55.35,16,-18.41,133,3,76,62.05,-17.52,-28,-50,47.92,72,-22.8,137,149,104,128,7,106,44.2,32.36,71.64,65.66,105,122,-20,143,106,-7.2,0,18,78,-41,38.17,-20.7,1
-36,1.27,59.01,-11,51.86,83,-3,60.91,-21,77,90,26,141,9.66,43,-2,71.63,61.74,-9,-12,114,138,29.3,29,143,106,80,11,-19,7.91,108,65,16.54,43.09,137,24.61,26,-17.16,7,39
79,48,7,132,57,5,25,5.34,6.38,29.03,72,32,20,42,-22.27,-31,22,11,43.26,6,-40,18,-7.39,-21.35,14,37.45,-26,10.64,131,91,-13,5,105,144,7,98,-35,36,127,30.22
-7.09,33,72.69,74.21,81,109,28.9,-21,143,34,30.28,39,148,17.2,72.59,-11.11,133,15.07,30,-34,-8.51,49,56.27,33.62,-9.61,54,57,107,-18,30.31,105,-0.13,66.54,4,129,-5.24,-11.41,90,111,-23
11.45,36.09,49.14,28.06,117,-32,47.23,41,-28,20.45,-7,-45,-9.36,72,31,60.96,17,30.77,74,42.84,30,123,137,14.14,40,36.21,44.35,12,39.89,48,58.65,83,-48,52.3,-22,-6.87,50,88,32,26.86
-13.15,-45,-9,33.2,40,72.85,57.6,-24.57,-4,137,-4.18,-28,10.91,-18,31,5.4,72.9,48,133,-4.25,9.03,51.3,24.88,-17,63,63.31,45,35.91,-48,28.96,98,-4.92,118,-2.5,-2,42.04,20.88,122,-12,47.81
57.94,47.34,114,53,-41,-12,-14,129,23.1,-4.5,45,-46,-2,-3.38,84,84,140,9.23,124,58,81,-40,88,35,20.78,21.23,57,21,65,-0.4,-20.57,23,55,-22,30,-43,60,89,28,111
63,18.23,-43,23.53,-37,35.36,141,13,64,-3.75,-43,1.89,20,104,134,-13.03,103,59,147,93,92,-10,37,2.29,-4,112,49,14.12,135,85,56,134,130,-27,126,143,98,110,-21,92
65.2,25,137,-31,83,58.45,13,136,37.54,63.9,124,35,58.81,36,2,85,-23.42,10.98,63.63,93,40.52,-33,62,72,45,140,3.49,65.66,58.2,-29,24.82,-37,4,-47,-18.25,-18,61,19.21,3.63,31
61,-35,7.79,55.48,15.28,-11.54,15,57,42.27,8.7,91,22.21,57,71.5,3,125,-20.96,112,145,65,46,106,147,-3,-20.87,36,-23,139,18.35,0.41,43.02,74.04,24.4,64.78,11,15,96,125,-8,-49
-43,-35,41.95,26.01,49,24.85,6.65,-35,72,3,104,93,32.46,-26,-22,38,-17,77,16.51,19.07,148,-21,-13,46.94,17.13,91,45.52,144,5,44.01,71.06,122,57,7.16,76,26.62,122,-39,143,21.13
100,67.86,145,74.45,31.4,33,33,21.2,141,54.86,29.05,4,138,-22,17.04,-22,135,66.89,6,-11.42,114,45,92,7,16.17,12.99,-7.9,55.25,24.03,62,26.48,15.21,-4,42,64.72,42.05,100,71.44,-4,33
12,39.06,61,62,-16.5,27.15,-20,49,41.45,66.1,-31,-36,134,140,-38,-22,117,138,-15.4,46,40.73,44,41.83,58.53,-31,144,95,12,36.55,-43,-17,-10,77,19,-44,-12.43,101,81,15.56,-0.66
30,-18,11,-4,-0.57,-37,37.05,69,-1,60.15,-41,-2,28.88,39.04,13.96,20,32,30.26,-48,-47,26,84,71.96,81,28,-21.64,9,57,23,-3.79,2,41.48,56.73,128,144,46,-45,-17,17.19,113
66,87,56.43,109,130,12,-7,71.35,-4.33,-3,69,27.16,44,14.44,51.73,36.35,56.84,104,74,-5.51,-22.83,68.84,-42,65,58,-5.3,74,6,-8.26,82,23.44,66,133,105,-31,-20.4,13,35,62.29,44.22
100,125,-17.25,106,5,57,-40,-9.49,-41,57.32,110,43.3,23.64,96,6,149,148,9.73,27,-13.01,134,23,40.01,89,53.84,42.9,69.74,60.3,91,-31,123,-19.05,54,-6,-7.17,-23,6.99,27,65.8,20
24.78,27,64.18,60.16,9.58,72,7,103,-3,-25,11,100,39.17,21.8,74.44,21.87,35.85,-31,25.49,30,60.56,41,-10.38,-24,121,60.95,24,53.64,47,147,109,-24,-4.16,78,26.59,67.32,7,32.55,67,57.85
70,65.25,74,7.23,1.84,87,-45,35.06,-31,106,32,104,25,66,50.42,47.57,-22.1,-30,19.8,76,-48,40.99,29.58,30.04,50.2,-3,-2,47,2.59,47.73,-9.6,20.97,-5,88,-42,-1,98,58.89,52.97,145
48.65,46.64,92,-45,31,94,52.22,83,9.16,-21.77,16,5.78,-26,-19,21,125,19,53,93,59,116,-6.99,105,45.93,85,49.07,92,38.32,-15.14,30,-35,42.18,-2,21.57,120,147,62.09,-6.61,67,-34
-12.64,16,-20.41,22,124,87,143,104,-30,32.09,47,138,17.17,60.02,103,27.61,98,63.77,23,102,117,-19,-6.56,60.35,20.37,146,42.32,40.05,20,47,-10.9,70,56.8,-4.58,-25,49,98,-43,58,20.69
125,58,68.8,-7.31,120,137,28.4,92,78,21.47,39.51,-8,-31,94,83,-22,123,73.01,60,84,24.32,69,-11.16,21.15,-32,-3,-11.72,-45,-21.03,15,6,37.78,-49,35.27,-24.63,145,-22,26.57,121,-16
39,90,36,99,108,10.94,68.89,46,-1.7,26.94,-1,12.88,29.77,134,8.05,-22,64,44.07,14.81,20.27,-24.18,30,149,12.68,25,123,-41,82,59,-17,145,-23,45.88,59,-1.02,75,-7.14,55,89,7.08
61.64,48,-48,82,23,41.47,12,119,85,51,52.34,136,77,147,4,131,62,3.37,7,108,13.97,-42,-1,-16.53,74.32,91,15.57,4.97,53,-8.45,-3,49,36.22,119,-8.93,17.54,50,-18.82,101,130
67,0,47.48,-33,-21,11.19,72.16,-4,1.6,107,86,2.81,80,54.43,139,61.01,38,94,42.23,66,63,-34,38.06,126,49.62,110,43,97,52.51,-8,64.67,-36,-5,47,127,59.95,-16,12.56,34.16,41.91
63,84,-44,-47,76,44,53,-14.98,3.67,30,-6,66.51,72.15,58,109,135,31.94,-42,-8.23,51,-17.76,-10.41,-14.62,71,26.3,149,32.42,144,11.07,-0.35,31.46,29.94,-19,57.49,-14.79,44.53,4,129,52.01,2
-11.33,54.55,64,-15,15,123,-32,-3.89,-10.2,6.14,105,1.14,-10.85,8.24,62.07,106,-4,28,147,80,65.25,48,49.53,109,123,-45,-42,-11,71,-20.04,79,21.2,6.04,54,121,129,69,-12.91,131,69
-9,127,-37,19.03,69.31,-17.87,-19.44,73,114,129,74,-4.63,136,3.91,73,64.27,7.58,-12.05,28,11,27,60.32,95,42.49,43.2,128,44.51,68,13.53,64,-47,-23.98,33,26.59,41,-24,-48,-22,31.49,19
59,46.93,-27,71.13,109,-4,121,43.45,14,28.86,129,144,65,-2.73,114,122,-28,61.72,127,-16.45,34.65,21,-4,50,137,130,55.29,111,23,55,-20.45,59,-25,135,-20.6,59.97,47.86,-19,139,34.53
-12.51,58,-10.21,-14,37.53,64,117,-23.96,39.88,70.94,143,78,21,15,45,127,36.96,16.24,16,137,22.91,27.67,72.02,108,25.68,37.45,-7.6,81,147,38.82,-24.61,-29,-49,128,18,-23.98,19,14,29.18,1
-41,87,42.51,24,7.42,-6,96,31.15,43,81,66,0,-23,74,67.91,-38,-34,30,-14.71,66.79,-9.03,36,103,130,123,48.06,15.92,69.14,53,-39,7.23,122,30.39,57.23,52.24,125,50.73,21.76,25.41,-3.66
68,-8.96,34.18,13.42,61,20.79,-14,50,10.52,5,-16.16,-12,27,112,47.89,125,50.61,71.05,52,124,59,46,25.87,112,67,-24,-3,119,25.02,31.92,23.89,3.01,-18.42,-16.75,38,31.28,119,76,84,147
-0.4,-7.29,-41,123,113,74.15,141,8,-18.75,-8.16,125,34.68,20,-46,2.26,23.11,69.71,9,58,-2,35.6,105,-27,46,146,124,-31,143,0,43.32,89,26.83,113,34.8,5.05,19.86,20.67,-20.06,69.88,-19
112,71,80,119,81,41.98,21,17.64,107,11.51,2.47,5.91,15,68,45,23,22,39.41,79,48.91,38.01,58.81,-40,93,-21.87,24,52,38.17,-30,-34,36,0.48,123,135,-2.15,47,5.55,-19,24.19,25
17.49,35.83,25.6,93,52.61,79,54.62,115,126,129,-42,80,27.12,98,63.04,28.55,129,68,64,25.38,3.67,61.72,42.14,15.13,53.64,62,40,73.19,37,61,9.14,9.79,55,55.4,-8.03,127,124,71.61,38.68,148
106,15.59,21,65.02,66.74,105,-22.64,-0.62,54,36.26,2,-1,120,57.2,99,43,12,139,146,22,74.99,68,59.34,-24,-30,69.19,97,49,57.76,26.78,133,116,-2.62,128,73,128,147,29,74.37,131
104,-23.36,3,117,50,-15,18.22,-23,57.77,111,-26,24.93,-11.09,-4,93,118,43,25,6.44,33,18,45.07,-2,62.52,4.95,100,38.05,69.46,143,-6,-45,-17.57,39.73,58,12.73,96,19,-44,16,-4.78
-5,26.54,145,6,15.96,20,32,72,1.36,78,-15.06,15,52,2.46,69.96,-29,137,146,46,145,24,134,55,128,27.17,36,45.82,-22.63,-15.3,56,-10,101,32.74,72.67,63,0,12.24,33,12.05,-36
28,88,88,43.14,110,146,61.75,23,34,34.02,91,107,111,-22.31,0.86,-49,33.22,-32,99,76,-27,138,23,-10.67,127,-13.26,-23.08,61.34,-41,122,-49,126,36.28,-23.7,-35,-30,75,-17,-15.47,-20
20.33,4.36,71.37,-19.19,62.15,41,25,10.32,51.71,7.16,9.24,65,47.49,14.04,39,86,32,4.5,15.75,93,-20.39,39.03,127,93,26.83,61,67.44,-35,53,54.91,76,101,2,-28,14.66,-16,-22,57,107,11.19
-33,-14.31,-22.81,75,59.42,25,8,66,146,70.28,19.29,47,-12.21,86,18.19,50,134,19,58,74.78,1.44,17.38,7.59,47,21,91,30,59.23,92,-7,20.39,132,144,-16.02,-39,72,2.78,129,86,-19
22.2,104,138,-19.76,0,18,-24,-13.89,80,20.49,37,2.6,96,89,-27,-30,58.28,-0.47,52,71,-32,-24,24,-24,72,-24,93,62.65,144,32.88,56,-40,-44,15,92,30.11,97,59,-8.39,41
-15.42,77,122,1,66,17.12,74.23,-19.94,62.72,74,31.19,1,-13.72,72.59,126,101,-18,126,101,94,53.03,79,-18,53,54,-29,67.73,11,98,88,40.66,-21.5,13,-29,-8.15,140,112,102,37.99,65.64
-8.15,-18.65,49,51,46,-6,-7,-33,81,69.27,80,113,1.4,38,8.98,55.4,30.92,27.68,16.38,-29,30,142,87,82,14.99,4,2,0.08,41.44,-13.66,27,33.08,18,127,10.98,74.41,143,-23.03,-9.06,-32
0.99,57,-12.27,20,-12.1,44,62,-19,24.37,28.33,-10,-14.76,29.08,-20,-40,-2,-20.31,111,133,16.62,103,87,131,64.6,58,39.79,118,7.73,-19.85,127,56.24,44.56,101,6.57,76,11,10,123,-15.56,21.44
60,-29,139,-18.62,51,73,102,60.56,57,64,3.22,-2.57,-7.45,134,-21.5,-30,84,-33,-19.86,12.32,-8.79,1.21,32.12,47.22,68.87,14.73,-44,25,9,48,88,-14.31,-4,-6,7,12,91,57.97,35.8,-21
42.53,52,21.32,8.44,-20,61.84,-30,31,89,-47,44.94,76,120,69.48,1.37,0.33,102,32.61,33,-13.63,-44,94,24.86,-27,55,39,59.8,58.62,53.34,-5,51,57.13,7,71.66,-11.02,-26,-12,-24,46,21.26
62,46.68,142,-9,1.89,72.23,-24.56,5.5,57,41.28,81,30,-26,57.26,13.19,-41,124,40.54,49,33.04,-16.25,-5,49,13.25,-16.09,4,-23.63,61.77,55.71,95,40,-23,24,51.08,98,84,143,-23.15,56.96,92
11,-16,67.34,9,20,-49,-3,-18.95,71.6,30,25.37,76,111,141,-13.91,13.41,-1.13,10.66,31,-16.05,47,108,42,3.95,63.43,-24.28,79,-1.9,20,110,-27,35,19,-33,-35,125,-24.85,78,129,-34
29.89,74,48,13,115,33,72,41,94,48.75,53.25,0,1,146,-39,-3,70.75,-29,-24.65,71.82,34.75,4.17,44,110,70.21,-24,9.14,106,26.08,52,28,43,-18.89,-29,-12.56,1,131,54,-9,61
-30,88,93,-46,-19,-11,-24.7,48.8,41,71.19,118,68.81,60,14.06,39.67,44,46,-24.46,131,-7.81,120,-48,48.3,63,3.84,77,84,105,-5.26,12,-24.75,-50,61,93,50,26,110,59,-34,-21.17
-2,105,126,70,74.99,-12,119,19.06,-10,17.39,16.46,-32,36,102,32,-25,-10,-26,94,40.96,85,47.34,17.37,10.66,24,22.57,0.94,132,116,52.28,20,65,-21,59,100,121,-33,3.15,14,-4.72
69,35.7,-45,74.74,89,19,67,99,67.99,-41,-8.1,115,40,68,127,-50,-24.69,9,0,-34,140,-36,10,-25,62.56,-14.39,53.19,64,-44,-30,52.95,89,-12,139,15.9,89,-39,22.36,25,36.67
67.2,27.07,-11.2,36.76,68,147,4.36,65,3.71,58.53,51.61,-38,-20.48,20.21,56,51.56,0,70.37,24,131,58.92,33.51,58,-8,-2.4,42,136,122,124,22.5,69,44.02,-2.42,-26,76,44,54,29,39,102
66,59.39,0.67,88,72.57,-12.49,19.09,84,102,67.8,-13.49,146,61.09,59,31.06,-32,80,50.19,-15,54.13,131,38,129,-9,-44,-42,62,-42,-30,-27,68,51,119,21.62,122,-36,108,19.67,75,66.4
55.06,67,-10.83,27.74,105,3.76,-2.46,115,-23,107,60.76,49,63,121,-6,26,21.55,-44,102,-32,141,69.58,117,-48,62.71,122,43.96,6,61.12,-11.08,7.17,72,44,34.75,15,53.52,72,77,-13.5,137
70.69,149,27.9,47,26,131,-11,61,47,24,15.54,-13.06,23,69.57,43,144,3.61,93,130,140,83,32,124,67.61,-8.97,-28,94,72,43,40.03,77,70.43,-23.86,33,89,18.88,63,24.62,52.8,46.55
60,-33,0,-4.77,125,123,54,55.38,-3.74,35,78,70.7,4.29,-46,148,5.08,59.89,-16,74,-40,-6.99,132,37,136,15.01,82,-24.46,57.5,58.23,4.05,96,31.54,23.07,-48,45.71,6.96,136,120,-6.48,130
41.42,-26,30.32,-17,4.52,65.67,69.35,51,3,9,129,23.86,92,40.15,20,-1.92,55.59,5.31,-29,147,-30,-12.33,70.15,72.27,61.43,6.76,142,32,58.61,47,-6.31,1,73,71.99,9.12,-20,32,65.06,20.86,77
49.65,36,59,139,75,-30,-6.04,-37,52,58.26,66.96,-39,42,69.71,53.54,-0.96,-25,30,82,11.83,8.6,88,149,8.53,130,119,20.51,110,69.1,65.29,48.06,-16.2,38,-16.56,42.92,84,-20.11,67,-23.28,-21.64
-38,27.77,38.18,37,-49,-22,-22.98,28,-44,142,62.76,145,41,104,34.58,145,37,35,103,139,-45,-15,29,-39,47.26,-11.26,-36,-42,-11.2,41,52.73,-24.2,-1.82,116,80,-50,48.51,27.78,29.46,72
3.57,2.08,2,43,65,117,52.06,47,-13.07,24,67.48,-48,-4,32,9.93,-10,35,134,39.92,51.77,4,101,-3.11,35.31,79,105,-3.48,-12,15.62,126,117,48.27,10,-4,122,33,119,51.55,119,48
9,71,49.48,101,-21.84,16,64,45.72,15,119,47,37,-41,62.11,-22.43,-14.22,90,12.47,-11.55,-8,28.48,2,-38,60,0.45,-35,97,54,24,58,-0.56,47,69.29,-33,71,-23.71,-5.76,22,72,39
34,25,68.79,4.45,43,137,55,138,134,41,64,22,-36,65.35,52.89,59,16,18.47,45.92,11.43,139,-6,70,44.43,36.09,5.63,-8,58,131,19.47,-23,114,-4,28,122,94,-37,59.65,19,37
43,54,-21,66,5.42,71,15.33,25.96,76,7.33,126,54,113,116,51.75,46.62,51.44,64,12,88,146,137,50,112,50,-40,-45,32,100,42.15,-24.06,60.24,-0.98,88,93,-24,-12.22,-3.91,-14.1,70.45
23,1.33,149,142,46,11,-40,130,-35,127,69.14,-1,35.64,9.22,-6,50,18,-8,107,62,141,-10,21.88,143,67.96,131,46.45,31.97,53,-19,30,136,12,26,132,-12,62.93,55.01,81,120
62.6,52.99,63.62,-14.66,35,-19.51,49,-31,25.96,-20,7,48.29,105,72,135,43,-46,36.76,66,21,71.95,-15,97,-6,47.67,46.32,-15.65,61.52,53.65,57.89,32.07,48.52,-17,0.7,5,20.06,-44,-7,-13,139
21,-12.14,-18,68,-23.6,1.27,-40,20.56,40,123,115,-4.34,-44,61,39.64,83,58,41.08,3,41,142,90,57,6.34,55.02,100,119,16.21,46.94,-37,-46,27,-21.5,31,123,132,49.31,-21.8,25,0
2.05,24.17,25,-24,-15.32,-19,8.09,66.4,9.88,33,20,3.64,36,74,107,94,136,30.27,62.71,66,23,34,46.72,52.58,27.21,-16.17,2.7,38.8,-29,8.65,97,145,2,88,16.67,-0.06,15.69,70.09,72,0
71.01,22.51,-2,32.52,72,19,-39,-17.04,-19,47,91,9.73,74,-21,59,111,-8,-11.91,-1,-20,55.24,112,50.21,-11,-32,74.53,129,-26,29.55,84,135,26.95,133,104,74,-18.29,108,7,37,-14
10,92,62,54,137,38.37,29,132,61,114,59,145,63,-46,16.22,-15,86,66.02,-4,73,119,73,12.72,57.26,126,45.56,42,-8,124,-48,32,61,55,30,34.38,110,135,72.88,73,-21
100,149,65,49,102,7,-15,72.34,115,40,128,110,100,50,19.6,21.73,41.14,-11.16,15.36,41.74,-1.37,15.56,63,-27,76,82,38.73,-31,36.65,-0.12,25.7,71.05,-49,58,70.25,126,56,-31,109,-47
44.16,-2.41,-9,-22.45,86,140,37,13,72,58.55,-36,-16.08,27.85,-40,69,146,73.16,86,23,49,146,34,36,-18.04,41.64,35,-10.5,90,72.05,25,24,-22.31,-38,34.87,48,54.89,-30,23.57,97,9
18.36,-14.89,-28,53.63,57,37.29,34.3,-16.52,67,-22.09,11.9,9.4,148,38,65.18,48.16,112,58.27,-14,121,89,26.21,36.69,-12.96,148,-2,21.8,117,16.16,9.41,-6.95,27.61,44.31,83,-4.48,12,-20,-45,30,-4.62
101,-3.19,143,58,49,56.53,18,110,-14,-39,23.91,3.11,11,50.35,7.39,-23,34.98,64.44,29,148,108,-6.79,118,54,70.87,-36,72.06,26,105,67.62,69.9,42,60.07,2,-50,46.95,23,54.71,-14,126
17.02,35,68.52,112,104,36.48,15.62,109,14.41,15.66,25,139,144,-20.86,42.01,17,114,25.27,41,40.53,67,48,16.77,36,25.36,30.61,8,63,32,-12,-22.24,6,-13,23.32,6,129,7,43,18.77,7
49,-24.25,147,108,125,34.94,72.88,85,141,107,35.7,-36,70.68,41.16,-7.41,56,116,-5.82,-12.38,-50,68.24,33,106,-21.89,107,83,23.03,53,10.04,68.3,139,139,143,54,117,131,28.74,-32,53.87,-42
89,64,80,-18.24,3.2,66,62,88,-12,69,109,0.65,-33,79,52.24,25,55,90,116,129,-22.31,7,43,129,-17.13,28.84,24.41,17,38,20.06,71,3,72,38,68.1,23.15,126,38,6.76,-10
53.78,27.25,10.3,102,4.31,52,36,119,55.86,-18.95,39.42,89,115,-44,46,148,19.1,3.04,34.28,40.65,127,-33,-40,-0.23,120,22.17,-1.03,-6,-8.27,35,40,54.39,-39,104,21.75,-21,130,48.06,70,99
109,98,83,-44,-13.75,-3.96,25.35,147,55.85,63.01,68.41,143,83,114,-17.15,27.03,61,57,8,-22,55.64,54.07,-5,67.87,21,-13,-4,12.51,-2,9.89,54.92,67.39,144,-32,148,98,7.58,53.32,58,-16
67.06,11,-20.13,18,-41,70,139,34.9,54.91,105,14,3,-3,4.37,31.69,-28,36,45,-49,-38,-1.03,-5,59,71.97,47.91,82,34.68,62.88,-19.55,-2.11,16.89,18,27,-48,34,-26,69,-32,19.12,112
21.32,42.86,72.9,53,-27,34.47,110,70.01,22,-32,-26,44.15,69.27,81,64.39,65.96,92,14.11,118,40.39,-7.24,61,14.43,-7.27,-26,77,67.01,81,74.6,15,34,49,70.28,-10,-40,107,82,-28,136,23
-4.71,139,60,-21,-42,-43,36.58,48.32,51,32,-20.01,112,34.8,-37,90,-8,114,92,43,7.6,56,144,48,84,134,-25,122,61.18,72.76,115,132,117,60.93,123,8.4,-18,52.17,-21.63,39,69
12.65,36.63,-2,133,-6,-2,-10,32,132,140,81,70.09,54.35,-7.22,32.23,29.56,-18.78,29,37.2,58,-20.54,38.5,-11.32,129,37,-12.42,19,112,14,-13.27,-15,61.12,-1.33,8,33,-6.33,11.01,29.11,30.13,38
96,14,115,19,16.48,2.24,72.16,60.49,132,74,14.24,56,-44,19.18,17.01,21,112,16,57.35,-17.88,59,70.21,95,3.07,-1,-7.32,54,-19.74,-44,40.67,-1.36,47.08,93,-22,1,53.01,60.2,64,142,-0.63
15,-32,48,76,56.63,64.07,105,15.88,1.88,24,32.62,74.77,146,1.79,-10,72.42,119,125,86,3,-29,54.59,24,19.34,97,103,64.21,50.72,-2.03,-10,142,3.22,147,71.83,14.17,2.96,97,-29,62,33.04
139,-17,92,80,36.59,21.65,0.57,54.64,40,-21,33,81,63.04,-0.94,92,68.08,14.47,74,-32,69.73,125,27,-20.2,24,64.97,69,24,52.91,52.02,-33,10.16,-24.87,52.34,16,-7.58,61,-24,14.17,24,63.19
27.84,59,-1,98,92,-49,102,130,68,51.86,51.02,-18.34,9.34,-46,50.32,72.53,9.1,-50,21,25.06,-10,47,28.56,57.91,-7,66,94,31,27.63,-47,116,16.35,125,0,56,29.93,53.37,26.72,51.86,-1.87
36.69,33,63.09,35.9,73.55,30,108,-23,-2.81,64.61,107,69,6.19,-14,117,63,4,-27,100,48,32.13,69.3,-3.3,49.92,54.27,114,148,-3.02,7.16,91,75,33,99,7,54.92,81,19.12,73,68.12,53.16
59.59,-14,64,43.9,15,38.05,56,126,3.16,42,57.95,-1.73,17.98,17,28.89,41.98,113,7.89,109,18.69,-3,109,70,-33,122,32.9,53.23,-11,26,78,45,70.88,-4.61,-21.45,23,-35,127,9,-9.85,55.07
-37,147,48.54,-49,103,-20.99,78,51,-40,15,-0.1,111,20.33,92,50.54,3,-43,73.54,0,34.39,146,33,68.16,35.46,-22.75,93,-7,7,7.43,35,-44,138,65,61.36,89,78,10,16,59,141
67,-27,14,43,52,23.77,-2.79,146,33.14,-11,9,-47,-21,47,-41,-38,118,76,-1.02,98,46,8.39,32,5.93,-37,-1,-39,37.15,34.85,60.89,16,69.89,40,135,21,41,149,104,119,41
30.88,-5.17,56,53,112,-48,-17.42,138,65.43,36,44,46.22,10,140,126,0,-9,18.34,131,140,93,-3.57,121,24.27,4.15,148,33,-9,101,142,91,26,13,80,-19,29.35,70,67.09,30.14,145
5.57,75,69.95,85,-9.8,46.54,-9,70,108,149,71.77,34,20.98,-46,46.17,103,66.65,12.49,8.21,120,139,97,12,-9.18,-12.2,-47,-25,44,-4.23,21,1.83,108,66,27,55,-22.07,-47,39.1,-48,80
39,14.43,-22,109,-34,33.8,18,-13.49,-7.75,-7,124,83,-2,-11.24,16,17.16,-20.86,29.2,29,40.81,1,24,70.13,11,20,47.25,56.99,140,30,-7,27.07,-2.14,-15,121,7,39,2.2,111,29.17,9.77
71,54.83,72,-49,38.71,25.75,-37,-38,114,79,80,47.84,49,-14.82,95,13.54,109,56.59,-9.87,83,49,0,11.19,60.6,18.84,54,24.9,129,-33,99,-48,52,-17.59,40.68,69,57,-4.52,1,58.81,19
120,61,-34,124,-48,-17,88,84,87,72.4,-4.54,54,134,132,-20.89,24.29,-14,41.63,-0.61,-13.95,70,118,4.06,40.79,32,75,40,124,97,57,30.11,33.64,-36,63,-26,71.37,18,50.28,48.31,58
-13.58,83,-13.28,-22,-8,40.46,86,130,72.56,57,-50,63.61,25.97,-1.02,62,104,53.15,132,50,-15.02,51,135,43.35,62,142,-17,-20,35.06,5.13,34,59,43,56,-2.28,54,-25,-2,26,142,6
9.57,-47,-19.84,66,65.56,60,117,80,18.05,91,44,-18.76,114,119,127,-22,76,21.5,-18,80,125,57,21,106,70.41,133,121,48.34,107,-18,8.91,44.3,148,67.09,-7,131,-1,28,72,-5
48,42,-22.57,101,38,-24,-18,0.47,63.55,45.36,-19,72,66.74,40.15,23.22,-42,30.44,84,-18.7,47.4,-8.55,138,-41,129,-16,131,107,53.89,26.03,52,-8.61,-33,-9.88,54.91,89,34,125,15,70.74,-11.61
41,27.61,21.08,118,-10,7,70.72,39,-6,-14,-14,83,49.28,63.82,-17.86,106,25.12,-30,17.48,20,147,0.68,-9.83,53.84,42,52,13,-14.87,44.57,28,35,9.18,28.08,-21.89,52.35,105,133,23,48.34,63
109,-1.37,36,-8.54,74,143,138,-45,-43,1.04,-19,13,76,2.97,79,77,37.08,104,-1.99,-25,6,63,45,63.8,-20.02,5,136,-43,-7,75,5,64.37,34.18,36.86,42.4,55,27.25,23,93,-23.44
49.11,133,142,-10,11,41.08,73.59,51.11,-2.39,54.58,9.47,45.86,-3.47,12.96,63,14.11,9.95,137,25.58,7.16,51,15.17,-20.03,43.54,104,36,52,41,7.81,-21.61,52,57,-1.07,70,-34,33.6,8,-40,22.77,-13.96
14.83,-48,99,121,28.7,117,53.89,-16.65,139,-17.65,-13,35,-7.87,7,65,-13.15,-50,-26,-32,-7.85,5.01,-22.29,-7,121,21.94,51.2,80,-44,35,-6.33,-25,3,54.67,38.35,-10,60.76,-49,-27,45.75,131
15.04,103,-13,72,142,64.31,60.28,66.14,57.76,-4.35,56,2,57.31,89,-14,73,122,134,72,-17,64,46.57,-20,56,-19.66,113,4.64,-4,-43,-49,38.03,71.12,94,108,74,60.27,-13.27,69.42,46.78,22.9
-2.81,35,56,9,42.81,22,45,-23,54.11,35.47,-43,68.91,37.84,135,-11.8,-6.46,-36,47.68,74,49,55.03,-20.99,52.96,43.81,24.02,27,13.74,-2,0,47.24,44.56,-19,31.96,74.64,125,-14.39,-11,71.4,35,14
1,131,18.42,71,20,-0.92,127,69.76,12,88,-49,29.31,126,49.33,-43,109,45.05,73.52,52,69,-47,12.51,48,143,33.38,52.49,127,146,-50,-1.3,-5,137,-5,129,0,117,25.37,20.17,-3,62
-32,-1,0,76,-19,9.46,141,74.53,-10,-22.58,17.39,9.36,94,40,10,63.31,76,2.74,143,-22,33.43,116,3.49,29,20.5,20.55,32,50,56,24.46,68.36,137,94,112,0.23,128,-16.34,59,13.72,-19.95
-0.15,99,116,0,-6.89,33.08,1.09,54,32,44.99,77,17.08,22,11.06,-6.5,37,-49,2.29,126,-22,1.92,1,95,25.48,108,65.63,-3.45,50,-28,-25,4,-29,20,-37,51,135,41.82,70.98,11,8.21
-5,-14.21,48,97,65.39,-23.34,38.9,68.82,114,-7,116,138,34,16.08,107,120,33,-1.98,54.1,71,22,-19.61,149,131,-4.68,60.76,26.4,125,-49,81,-49,11.27,87,2,13.31,46.05,25.16,1.75,-41,134
37.51,34.05,11,-4.57,55.05,58.84,-2,55.65,133,-23,90,45,-20,102,142,29.79,113,62.43,5,-1.12,100,-23,133,9,101,116,34,56.3,-11.8,32.9,21.89,-16,21,28,-8.56,133,85,83,29.06,84
1,-4.54,-9.37,72.74,46,131,145,10,64.21,30.37,-0.14,-19.18,-3.79,-9,98,73,10.44,10,46,109,51,127,41,42.92,84,87,44,120,-31,135,3.45,12.94,92,94,45.98,-24,117,73.94,65.77,-29
12,49,4.16,119,95,72,40.41,12.91,1.69,39,141,6,60.1,101,149,7,71.93,17,71.09,77,-17.48,146,-6,13.65,74.43,30,63.53,117,57.49,17,15.02,81,-41,-29,8.76,30,102,-31,-15,1
-20,-0.92,67,-30,142,57,-25,-36,-2,-41,115,10.2,-41,47.11,-25,7,-0.71,70,-4.63,135,-20,102,-47,16,108,5,3,63,48,135,113,-0.58,139,121,93,77,30,-17.42,66.58,-18
64,140,2.98,58.07,10,70.98,58.05,55,-24.66,106,-5.8,-10,38,46,-46,9,62,70,-37,33.63,26.61,34.46,-16,-47,101,34.17,6.39,99,-24.96,44.72,33.01,112,55.55,42.2,58.95,5.5,0.87,50.49,-29,122
7.19,-16.41,69.71,26.07,53.96,106,101,-11,-1.92,-34,35.23,50.64,46.87,20.15,32.36,46,2.74,-15.23,112,17.24,63.55,128,-9,69.8,-39,33.33,-18,4,19.95,21,-18.08,49,116,58.23,149,-0.12,21,57.79,-27,0
-20,30,-8,138,10,-4.26,-24,-2.57,59,28.15,-1,36.68,91,14.85,115,-18.27,47.99,147,73.55,14,110,-31,132,131,36,11,13.6,97,-43,29.61,57.74,-10,87,82,34.45,15.24,88,17,33,-21.34
2.79,-3,7.49,-14.91,99,100,46.28,130,-27,11.88,112,131,-29,134,33,54,32,-7.45,27.66,53,138,85,66,-4,-12.69,17,42,4.29,-39,-11,20,120,37.03,24,120,5.44,55,-28,42.76,119
-21.86,120,73,7.36,143,51.58,7.08,77,-13,34,62,39.74,115,145,124,-49,52,-23.87,40,-22,-8.05,-12.32,-3,2.6,79,-47,53.18,52.13,30.63,62.32,44,-18,-6,44.7,48,115,10.56,-8,42,67
26.66,36,86,-9,4,122,142,11,11,92,12.71,50.56,-9.29,93,-9.89,10,13.57,-45,27,14.6,42.92,-12,10,79,63,60.63,-20,66.15,0,33.48,64,148,104,100,0.46,121,40,74,63,42
1,112,73,105,43.02,90,5,-49,107,27.75,11.68,147,146,-44,-11.11,17.16,28,42,-2,120,-18,70,86,-10.02,-15.66,74.59,54.83,79,143,-45,0.42,2.71,100,14.62,3,134,66,-8.93,16.24,137
38.2,142,9,47.37,5,68,34,-5.77,-0.29,12.74,39.67,-11,44.96,36.44,48.13,-4.16,-17.81,9.31,59,21.46,28,102,138,93,84,-39,38.56,51.18,-48,46.29,22,74.91,82,86,68,11.5,71.14,50.2,92,60.11
22.6,143,136,109,-20,13.58,23.17,87,47.63,47.61,129,49,11.05,56.24,-44,63.55,35,115,4,28.98,70,111,53,66,93,58,17.98,61.6,142,134,53.87,120,105,-43,-3.07,-40,14.93,90,-4.02,121
28.47,-4.69,12,148,29,-2.78,67,16.4,16,67.56,63.1,2,93,35,133,-2.77,12.2,102,67,88,100,54.73,129,-43,10.76,-40,147,64.43,80,-20.38,88,-10,30.1,-6.67,-17.67,93,68,56,63.76,3
79,146,7.59,-47,-8,57,82,-2.92,-5.1,80,-24,94,15,86,-43,8,-22.24,-21,-10,-10.02,24.7,-32,116,25.53,99,-24,28.17,85,69,-2.92,-49,-8.83,56,42.36,45.17,-43,36.97,-12.5,103,3.3
55,66.81,64.06,-38,74,119,25.18,-30,55,120,-9,55.13,-19,108,-24,31.18,49.21,67.47,93,125,19.95,-33,100,127,60.53,-46,21,49.75,-47,33.87,57,67.26,-22.32,-8,13.61,-35,125,16,111,45
144,11.85,39,36.37,45.84,47.62,73,21.33,6,-5,8,0,5,25.79,24.27,39.33,-19.83,53,59,63,4,-4.22,40.9,-36,-23,92,128,-23.08,-16,-21,76,127,-46,-23.51,-5,-38,-36,68,-22.22,1
7,1.57,96,86,9,87,100,6.7,-24,-21,147,32.83,43,-41,-8,72.33,61,56.33,-14,2.48,-34,37.67,62.56,-26,75,1,-8.46,66.82,-6.93,-41,-41,-2,59,-47,80,25,111,41.63,145,89
20.03,-11.9,35.2,148,54.94,21.7,-8,52,69,93,61,6,43,19.35,-25,69.38,128,130,128,30,-9.43,73.23,93,55,-37,13.96,24.23,56.57,80,113,31,82,29.3,146,8,68.81,44,39.24,33.42,-2.28
-39,6.23,128,-44,145,40.62,133,51,26.71,131,-9,60,-40,-8.53,56,-35,67.62,81,72.31,20.59,97,15.02,41.58,143,55,20.09,43.65,-4.6,7.95,48.04,-11,72.95,-13.27,65.69,100,81,113,16.07,100,-15.83
2.01,36,-31,8,62,36.45,48,31,72,107,14.86,28.63,81,113,-2.17,-0.19,57.36,106,-3,20,25.63,20.9,125,26,50.19,43,124,62,39.64,-21,28,-18.91,0.83,-17.87,20.37,37,73,-49,64.69,105
71.76,-49,4.93,8,16.64,-19,2,5.36,53,12.45,-3.2,107,11.12,131,17,27.81,-21,-31,52.01,29,-29,-24.67,-15.59,62,61.19,10.62,57.48,137,-38,-46,115,119,82,129,-42,-14,0.19,126,-4.52,86
-28,32.78,51,-33,64,22,-14,3,24.15,61.28,97,-0.75,92,66,32,-6.93,-24.01,-21.45,77,15,-35,141,148,123,-14.94,66,99,62,89,18.76,56.83,119,121,47,-30,57,6,136,83,103
70.5,-7.58,-25,13,139,87,12.48,105,18.98,22.72,67,90,61.74,55.58,79,17.7,-19,107,-29,21.24,131,130,27.13,-9.49,66.49,-38,-43,41.62,29.83,29.54,24.69,-26,-6.42,57.64,-7.45,126,15,59,106,-30
50.5,62,-9.41,55,-15.59,-2.21,50.86,52.86,48.25,25.21,109,73,51.94,125,52,22.19,-1.8,146,4,70.98,16,102,140,56.49,115,-13,62,-5.72,-0.99,128,44.54,146,-13.52,59.37,-32,55.49,-10.51,27,-19.28,59.19
-41,26.34,36.3,2.99,60.21,36,37.16,29.63,24,-18,83,53.51,-4,141,14.86,59.08,10,26,56.19,100,-15.99,71,42.97,112,-3,65,48.8,87,112,-22,46,-11,-18.03,-18,68.72,84,31.15,144,-10.62,21.66
129,6,30.53,117,42.58,-12,39.07,67.38,8.39,42,94,5,47.31,136,121,32.79,41,-1.72,36.19,111,84,53.64,146,66,-15,141,37.5,-24,-1,-15.56,-19.38,-22.13,71.15,-20,-5.96,7.46,63.28,94,99,-9.28
69,-46,-16,41.98,2,105,-13.96,58.44,80,-37,3.26,39.92,104,86,-44,35.13,-19.54,14.77,7,-17.09,17.14,47.91,45,-18.07,26.29,142,130,-23,-3.76,11,42,77,109,-36,25,131,52.98,100,131,13.16
2,-4,31.55,87,37.69,23,119,21,139,-38,86,14.04,24.41,-47,68,29.36,-13,65,-19.68,8,2.49,130,117,12,-3,74,-23.77,0.59,-32,50.08,37.88,-39,69.83,51.44,64,15,44.78,33.15,-14.66,63.87
28,74,89,48,137,-20,106,70.98,23.92,109,103,3,2.16,-0.32,-35,-31,128,-39,86,125,-3,40.1,102,84,7,-30,112,124,-32,67.32,67.73,-21,41.53,65,36,130,67.32,51.94,6,67.42
78,99,71.6,81,-39,-39,2,-2.32,43.67,20,96,52.33,62,17.86,58,90,123,53,-12,-24.3,129,119,42.31,59,70.13,126,81,16,-29,36.24,148,3.91,-46,63,15,22.11,50.54,-15,-3.13,49.46
69,57,-5.42,63.37,5,0.04,4.27,69,47,68.58,110,80,68,21.76,59,30.34,57.48,-16.34,114,13.92,147,9,-48,59.08,73,39,-9.28,6,51.8,118,135,9,136,4,50,16.31,-10.68,113,61,61.46
28,-1.17,-32,10.48,16,-22,-11.99,47,73.68,12.1,138,139,99,52,-29,71,40,59,5.78,-24.05,25,-42,-16.03,2,23.43,94,98,111,38.75,-20.33,1.74,-14,2,54.1,7,93,12,39,117,61.52
120,32,66.01,-12,13.34,19.73,147,70,-17.24,133,-9.45,16.59,-15.26,-19.76,-26,4.27,30.76,33.99,98,23.25,82,22.22,-0.42,93,61.51,70,69.74,118,20,65.34,21.63,71.7,-16,82,28.83,-23.36,6,147,137,4
-15.12,112,27,49,-43,-40,113,65.61,20,71.81,11,-3,15.76,19.56,87,33.21,129,43.08,83,4,-19,-6,65,45.98,50.7,65,-45,11,29,40.19,-8.7,-23.02,-24,70.24,-2,-14.73,139,146,-31,33
26,-21,-43,52.71,49,64,141,115,126,-50,28.57,-13.05,-10.85,-5,23.43,36,27.38,114,54.15,-12,37,118,135,-13,86,95,59.81,45,59.39,-9.5,12.15,-21.83,46,1,36.86,-20,19.96,97,16,-18.45
18,27.65,9.54,140,3.27,-35,36.01,-23.27,75,25.19,-12.66,-16,22,68.38,-9,-43,25,-8.07,46.91,6.37,15,12,40.32,-9.14,91,17,80,123,50,30.87,-35,8,135,30,-19.06,64.69,71.72,40,120,118
-3,2,133,58.83,129,-29,39.16,-22,56.91,-7,44.83,7,15,14.1,77,-4,47.91,38,4,50.64,-15.18,65,142,41.9,74,3.61,41.67,103,15,55.77,28,13,100,-16,97,88,35,-34,43,-4
-32,21.52,-2.76,-15,33,29,81,55,-24,79,57.65,32,-2,125,-22,-41,-12.01,35,57.97,42,40.39,40.37,59.42,25,-0.34,44,80,49,48.39,45.6,8,5.83,149,118,-32,56,1.05,-19.75,66.92,-25
-25,44.26,98,-19.97,80,22,94,37,59,19,136,19,134,36.29,-26,105,88,-13.01,61,75,107,56,109,29,-42,-11,140,122,2,30.42,103,23.82,-13.82,21,51,19,49,111,-5.47,-27
45,17,-38,131,18.22,3.78,32.44,77,18,4,85,11,26,-49,55.84,22.93,-2.87,-5.79,-23,140,-16,142,97,102,124,-42,-43,56.66,37,71,2,-3.24,92,124,15,-14,35,48,3.58,24.15
94,104,-1.38,42,42.32,47.44,91,17,-17,84,50.6,62.88,-15.4,-18.84,-40,118,-35,31,53,107,26,57.23,80,15,115,33,-0.26,14.04,22.55,58,21.65,40,3,50,20,74,49,105,100,68.52
64.85,132,50.41,-19.41,117,147,19,14.39,74.03,68.96,-28,73.72,81,37.1,107,0.08,40.83,27,-20.14,83,29,114,-44,40,66.13,67.81,16.46,-5.19,17.13,26,-0.37,22,-44,123,7,-3.84,72,35,-17.77,104
67,3.13,-24.68,27,124,20,62,37.54,128,47.09,57.05,119,17,119,50,34,63,74,-24,-46,145,-39,85,63.56,139,5,3,-16,79,-6.74,5.49,39.2,30.29,9.7,4.03,14.33,-43,-2,48,41.16
25.42,-11.99,19,15.53,45.58,23.91,123,14,4.47,84,48,56.83,-31,46.9,-31,23.44,59.14,130,-16.1,135,-13.1,19.91,-15,-21.39,123,87,57.75,2.14,61,15.78,53,-15,69.63,86,10.28,-11.01,22,-34,61.23,48.48
28,6.14,43,21,66,65.8,74,-11.65,-25,31,-16,111,33.92,74.61,-14.12,48,67.37,86,52,24.26,57.2,66,15.6,21.95,30.31,73,27.46,103,-21.71,55.75,122,25.8,68,140,25.93,70,47,61,-16,65
-26,16.68,-22.05,-28,30,11.64,-14,61.23,-29,33,35,18.93,66.75,-19,34.23,-31,78,116,33,-14,114,55,73.42,117,103,-24.89,-2.28,103,6.44,35,40.75,3.51,71,52.66,9,30.26,-22,64.42,79,-19.12
66.57,-5.12,49.9,66.87,0,58,-28,1,64.35,45.08,147,-6.12,45.89,-49,79,96,-12,-17.5,53.48,49.44,71.26,92,-44,2,94,94,61,44,-42,53.75,-8.13,95,86,138,12.61,65.42,38.39,4.34,55.49,-18
40.42,18.95,71.14,66.33,7,117,96,27,-49,90,20.95,125,52.99,35,64.97,-40,33.21,29,90,5,42.57,126,21.16,58,19.6,52,16.77,106,60,19,19,32.06,49.7,74,40.95,146,7.03,-17,133,90
42,49.91,13,80,109,138,-14,26,-24.73,15.09,11,77,32.9,-20.95,-18,21,15.5,-33,91,35,74,72.17,11.71,25.72,29.55,-40,-2,-18.14,109,-19,-2,66,-5,145,117,29.14,119,-7.96,49.21,31.88
3,14,22,-20,22.93,130,53.28,23.5,35.72,52,148,55,6.05,131,111,95,-28,-16.92,104,81,126,-50,16.4,90,-48,-24,14,34,98,57.21,7.59,65.84,24.39,31.25,57.31,93,-49,100,64.36,144
143,36,69.25,94,-34,100,14,36.92,-35,-9.11,28.15,37.42,73.64,40,147,139,37,-6,-6,-32,64,56,105,-6,126,114,4.05,2,-45,71.85,89,-38,72,133,32,8,-23,17.3,-38,19.7
-16.66,128,139,79,29,58.51,62.01,48.45,8,-19.22,116,54.47,28.39,-13.62,59.68,64.01,26,73,-24.56,4.98,33,-41,26.1,77,43.17,40.22,48,-16.81,8,53.52,29.17,46,54.17,-15,17,-49,110,-23.61,-32,-11.22
53.52,-23,145,50.2,-27,69.29,-5,94,40.73,99,134,-1.4,127,138,6.62,-27,-18.31,66,37,-48,-15.22,33,147,28,7.22,19,8.96,32.79,41.37,48.38,-21.14,24,115,64,-2,36.92,56.99,66.19,20.44,-22.66
34.16,17,99,54.89,68,15.95,10.59,109,-4.74,-50,127,9.57,58,87,47,56,90,140,44,-23.27,-41,0,60.7,25,5,-0.01,29,-41,141,148,-36,48.09,84,-47,-13,36.99,12,118,102,31.36
72,116,-41,7.09,83,10.09,69.28,15.97,-50,100,65.28,127,-12.56,11.98,143,131,-11.71,25.33,61.31,95,-20,20,-50,-2.56,31.93,74.05,13.5,26.19,101,-7.97,11,31.37,0.2,-12,-2.63,27,-6,-48,132,18.81
33.87,20.42,-9.16,0.92,-9,42.52,143,-24.25,125,57.42,100,11,52,63,32.24,-43,21,47,-6.81,-35,45.88,75,148,34,-27,-44,17,141,-41,50.82,31,120,138,41.54,38.85,-8.78,57.66,59.6,65,149
125,27.89,-3,-49,38,-5.67,35,41.7,-20.63,78,84,-8,25,50.65,67,9,130,23,30,-19.05,87,50,-47,101,71.11,66,142,67,18,47.85,77,-44,118,17.82,66,26.51,13,19.36,5,120
113,-17,4.03,8.5,62.52,-26,116,57.46,-9,30.42,-20.08,-14,1.95,57.24,76,-4.7,64,-22.25,139,17,122,53.95,9.74,51,30.25,39.19,99,33,37.88,-5.6,28.75,1,136,17,146,24.19,-7.54,137,-38,1
26.11,22.61,108,138,40.06,37.36,63.93,-10,-15.71,63.49,8.33,57.24,48.49,-28,73,72,28.36,-40,28.69,-7,24.93,23.7,-17,121,-18,3,120,-37,43,22,65,81,-4.72,52,7.2,-1.62,34,-7,130,49
-46,138,-10,41.57,62.13,39,81,9,56,41.18,29.8,49.34,99,20.66,54.84,-21.46,109,53.58,44.86,-42,32,14,84,41.65,113,54.41,28.87,45.66,-45,2.18,71,49.86,115,127,19,68.25,99,-16.1,83,5
76,26,10,-43,110,-17.21,81,43.45,86,41.06,29.48,44.68,-0.67,59.52,115,3.97,99,73,148,15,30.78,37.61,104,70.03,30.73,67.46,141,-25,-14.95,6.5,36.85,103,28,11.3,61.91,-1,122,127,-26,2
21.22,11.98,126,-50,111,9,43.77,6.79,14,32.95,-9,61.59,123,34.93,48,84,-38,55.8,2.76,-35,21,70.01,62.49,14,73,34.59,12.05,23,120,90,17.2,12.56,49,57.38,66.95,126,122,122,28,68.3
104,16.08,30,115,-40,55,9.94,71,-46,-28,-39,-13.03,32,56.12,61.46,146,29.51,-21.66,29,22.26,-15,127,-21.12,108,-5,32,144,46,79,42,10,144,73.59,11,13,71,-17,16.8,29.74,45.04
34.4,7.65,40,85,-32,57,-14,119,-38,66.03,71,-9,58,18.98,69.35,-22.72,97,133,29,48,142,135,88,-8.58,91,96,-47,5,39.52,8.17,104,-38,-2.68,26,62,-29,85,-21.92,-23.26,77
15,55,63.73,43.06,-9,105,71,52.55,7,-3.46,-20,35,72.13,97,-2.58,42,111,59,12.85,24,-36,130,11,93,-14.28,99,39.76,79,-17.41,3,34.42,25.76,9.7,-11,50.65,28,18.09,59,-4,132
-13,69.81,103,77,17.56,46.86,62,-20.38,-5.78,37,45.71,91,-48,34.35,39.52,4.22,-31,32.19,59.14,-1.94,1,47,50,29.78,95,35.19,27,50,90,53,-50,10.32,49.68,26.15,51.03,-1.86,-20.13,95,110,18.65
27,28,99,25.37,0,136,46.23,5.55,43,15,20.61,-21,43.24,-49,51.34,54.3,-28,130,46.35,53,24.91,92,131,100,122,-20.89,57.47,67.32,30,3.81,-3,65,-49,-8,80,-48,64,28.38,71,61
-49,43.91,126,-7,77,-20,67.79,8.53,22,12.91,103,137,133,17,-1,29,127,-22.11,110,37.98,67.44,-16,116,-22,50.48,12.37,-28,20,-12.65,33,-9,57.8,-35,-33,1,21.22,21.54,76,132,-6
-24.41,70,53.7,35.93,104,12.43,-18.33,81,-24.7,69.59,32,15,67.14,66.39,-16.67,-1.77,-6.39,-33,128,-39,-49,57.16,39.49,21.97,-11,39,89,95,-11,55,122,68.72,-7,115,92,42,-36,1.45,35.3,73.11
119,14,15.18,13,-23.06,76,60,-2,-11,52,114,-11.83,106,123,122,-4.38,98,-11.48,61.16,31,146,65,-3.56,146,88,-17.85,18,54.51,-15,101,76,38,49,36,134,32,-37,-4.42,86,48.29
31,122,-27,148,-37,21.49,45.62,48,47,2.58,54.61,16.85,56.69,13.62,96,61,61,105,14.3,-17,24.74,-2.57,42.9,-29,105,-45,66,26.56,-17,2,-9.05,-46,131,132,-31,5,69.09,5.05,37.05,-49
56.28,14,63,48.86,101,89,-9.85,69.05,19.72,137,74.95,26.19,22,42,103,80,-1.82,74.06,117,-18,42,-1,26.44,130,33,-46,29,-34,-17.7,123,43,-4.15,45.55,66.91,95,39.72,8.7,106,68,-22
58.22,47,3,69.53,14.01,126,-49,-44,69,-21.99,44,-38,-2,17,32.12,-31,34.35,-24,-46,33.77,141,61.12,106,-10.77,118,-8.53,121,116,54.05,-35,-5,74,18.05,134,72,86,8.51,32.96,-20.81,-46
-33,38,26,-14.23,124,80,124,-32,73.98,-32,-15.44,-16.85,-1.16,11,55.73,-22,38.46,25.74,111,120,118,-3.29,1.99,-29,39,72.76,42,96,70.06,-1.45,28,-16,108,71.54,72,-20.16,62.26,142,91,122
53,6.44,-9,-1.71,113,57.74,31.27,4.08,19.5,-10.54,-5.87,121,136,95,146,19.79,29.25,71.34,25.91,45.45,116,13.51,30.12,23.45,-12,6.52,87,-41,70.93,57,129,109,97,-7.51,-11.3,-8,40.43,-9,65.43,3.34
37.98,17,-25,41.24,110,-37,47.21,25.85,55.12,-6.19,65,20.22,21.85,20,47,109,107,-6.58,55.81,27,78,-14,19,7.32,49,-10.33,66.14,39.88,14.43,114,27,43.72,65.98,127,58.96,-5,126,-28,55.01,81
46.79,58,44,130,92,2,-20.27,-6.3,-3.99,2.78,114,-7.78,-10.33,74.24,-6,78,-6.4,-39,73,24.66,-4.86,79,129,35,142,-35,-16.64,35.79,70,27.03,4,-13,-21.27,45,120,35,-49,37,-12.16,136
56.07,147,64,117,21,17.53,55,26.33,63.75,-49,2.62,-2.19,23.51,-39,-3,-39,6,134,81,0.92,49.98,63.06,110,-8,50,18.03,21.39,-25,18.3,17.53,-31,-28,-1.63,1.49,-44,149,55.87,75,-9.67,-5
90,-45,-24,-14.99,-21,60,-15,103,9.64,67.49,41.62,4,52.05,59,-28,131,48.65,-43,1,43,49.15,130,-4.67,68.18,9.62,46,-11,-4.28,-23.59,77,55,65,54.18,73.22,-7.62,-2,49,53.44,47,50.84
139,-24,-4.1,68.14,37,39.73,105,-41,-16.55,18,78,-9.14,69.44,7,108,108,44.03,36,-42,53.79,0.35,56,34.83,-16.8,101,56,50,67.65,112,142,-18.37,-49,-16,-8,57,18.4,-11.64,-43,1,128
96,3.26,111,14.95,101,113,54.52,45,147,6,-17.74,-9.14,67.05,-36,1.07,-14.11,138,13,36.17,29,36.58,27,-45,-46,31.61,36,146,-41,24.68,-16.81,2,115,113,11,-8.04,65,-11.78,25.54,54,77
91,-13.14,-32,139,48,0.02,5,60,36.49,90,71,-21.35,11.08,-8.77,138,72.67,135,16,-21.17,-32,15.78,67,97,5,1.74,10,103,95,47.61,145,130,123,136,21.88,72,54,124,61.48,133,-7.95
105,47,56.65,22.24,36,-23,63.29,53,-12.53,128,59,9.08,72.99,56.89,-10,127,-0.47,74,119,-16,49.6,-28,44,43,67,47.85,54.92,28.19,144,149,61,18.89,-31,54.24,61.35,-18.48,44.29,-39,34.89,-30
-3,-47,-44,-19.31,6,-3.61,43,88,74.08,-12.72,-19,27.63,113,-34,119,-7,40.21,-11.72,104,29.39,-5.49,10.64,134,125,4.57,43.24,38.83,42.73,-5,9,34,11.99,34,68,-36,99,-0.2,-21.12,76,68.7
-24.52,16,11,10.12,-6.1,123,-5,56,124,49,-33,6,35.25,70.51,-16,2,17.48,129,69,-5.72,27.73,18.03,51.49,42,-13.68,67,50.68,-40,-7,48,-9,-3.42,-5,-6,-28,83,39.93,132,16.79,83
-21,92,127,36.57,49.52,73.9,69,25.19,131,101,60.56,114,19.3,-13.3,97,-30,62,8.36,1.16,-7.32,-26,62,122,64,-11,-12.71,130,39,105,-0.02,-22.15,-16.79,21,5,105,75,65.37,41.71,48.79,46
82,67,5,32.84,12.37,35.03,23,80,82,85,-7.07,86,-17.27,70,47.72,148,141,106,38.82,49.17,83,12.8,100,49,111,21,52,71.29,38,-4,-15.23,-36,66.03,-31,72,62.4,120,130,116,106
30,-14,44,-1.27,140,-35,10,25,112,-19.35,-21,41.36,42,51.78,-26,73,95,14,59.88,51.99,65.7,28,26,129,76,101,-20.43,27.5,104,67.22,-5,-3,8.14,33.02,5,44.87,-14,7.65,62.59,142
-16.79,36,-30,148,-17,-6.77,59,-12,-12.27,137,-49,-3,108,12.51,43.61,89,37,119,114,18,4,44.35,62.29,-16.04,3.55,35.86,7.44,11,131,-41,-22,-15.93,50.35,73,37.93,15.13,-18.65,-23.24,46.84,40.58
5.72,18,42,35,22,7.14,32.61,95,45.62,111,29,138,29,14.83,49.34,75,61,9.31,30.65,96,65.63,-2.44,98,14.35,-16,-12.7,71,102,1.07,-32,-2,0.9,68.63,22.66,129,34.55,-28,39.94,-30,67.23
142,11,-47,115,113,43.59,-13,73.6,56,24,27.86,44,13.26,62,117,131,33,36.78,15,21.07,59,93,5.53,0,57,-17.26,-3.88,12,-23,-12.57,57,58.26,128,133,137,148,78,6.99,97,-46
40.63,148,-21,35,128,-31,67.54,-24,0,46.04,46.55,80,149,59,37.93,-12,45,-7,21,68.33,-12,-14.06,6.44,-42,-31,140,46.67,103,-2,-14,-11,90,16.47,1,0.47,9.59,77,18.81,45.01,48.81
109,121,59.27,13,-12.04,97,56.37,56.85,28.82,21.96,54.28,103,23.34,-14.66,-28,24.72,66.23,45.16,21,110,36.46,36,111,2,110,24.88,98,36.89,-11.89,-37,15.5,140,-7,1,30,45.02,-45,-38,51.35,50
82,14.53,-20,-18.37,78,-4,58.5,43.38,25.95,122,76,143,-12.97,42,74.05,22,100,98,0,73.19,11,124,-26,6,124,79,123,54,146,72.73,138,-42,15.01,-10.88,-16,92,32,-44,-26,-25
30,134,49,41,58,145,139,35.7,-19.52,-0.81,-15.7,95,-16,50,92,-28,-27,18,46,112,67,123,30.47,1.43,-5.64,42,-13.05,6,137,-21.76,75,44.99,-22.62,46.43,10,-6.07,-13,-18,64,121
69.09,37.96,-20.72,107,18,52.16,-49,46,28.79,64.62,103,24.26,-37,10.26,-5.19,37,114,28.04,7.49,31,-31,53,127,-28,28,-15.7,40.04,13.99,15,12,149,75,27,-5.18,28.71,57.61,-34,-39,36.99,-17
49.59,106,-31,45.2,27.94,31,-49,-4,63.27,26.14,8.25,46,48,-37,145,7.86,133,48,14,16,3.16,43,34,25.81,-18,14.05,95,-10,46,138,-17.23,-21.68,4,99,99,60.66,42.18,35.19,-33,115
90,24.47,75,101,133,-11.68,47,24.33,42,63,21,58,41,-36,7.49,55,120,69.57,126,83,65,-24.3,49.56,18,-8,62.9,73.78,-11.27,101,27.79,-3,22.3,147,0,38,38.98,-23.24,95,-41,37
79,71,26,1.02,28.21,90,76,79,127,65.41,-22.39,14,-25,69.42,11,63,-1.98,15.43,-33,107,29,137,34.66,81,70.03,25.5,55.3,41.66,74.79,69.57,27.42,100,126,85,33.13,31.79,106,-45,1.92,-10.39
44,43.91,44.87,-28,123,7.08,106,52,73.6,11.92,39,76,36.9,6.55,5.16,15.92,0,-9.46,75,-38,-31,15.32,36,40.24,61.17,37.44,90,0,9,-36,74.72,55,-14,3.84,6.48,118,72.97,120,-40,148
99,103,58.03,47.57,51,-24,-31,39.44,74.05,64.75,100,-6,-19,90,-21,74.93,52,35.9,67.88,125,61,-12,58,-12,24.29,-46,31.37,54,63.06,1.48,25.62,103,-12,-7.85,6,7.81,34,-44,68.12,65
32.55,-6.91,-0.54,52,32.38,104,-5,58.93,32.9,30.72,20.35,87,65,5,37.69,36,123,4.67,34.33,-5.37,79,-37,-14,19.42,17.03,18,99,-45,-20.45,-12,32.43,77,-15.06,10.32,53.79,73.08,115,29.51,4,64.49
-13.09,42.57,36,91,47,86,91,59.11,33.25,-3,81,-10.38,1,54.13,47,7,68.16,121,53.09,-20,-35,1.81,-3.95,23,-19.94,5.42,-14,-5.86,-46,-33,-49,-30,123,23,102,77,0,-49,79,101
47.81,29,-22.91,20.97,26,25.91,-14.27,111,-37,-1,-40,140,-11.23,26,144,-23.05,68.74,61,139,112,-45,100,42.97,-11.23,29,30,-0.91,7,21.87,-44,-35,-9,126,39.3,55,23.45,8,82,33.05,49
73.78,126,118,16.77,28,78,71.58,10.68,140,-9.79,17,121,-35,-22.04,20.66,56,-20.49,11.25,-14.99,57.03,98,22.97,119,22.01,19.36,46.44,-23,125,-31,-9.14,-21,52,-7.5,-4,11.3,77,9.24,58,-39,42.69
47,-3,-41,-34,61.18,83,35.49,23,-22,-3,40,-21,-8,-0.36,11,55.25,18.34,101,-44,-41,139,34,-14,112,90,112,-25,119,68.74,108,1,71.04,23.32,60,36.68,2.46,34.79,62.48,14,117
46.85,37.48,36,44,-16.25,125,-37,-22.08,-17,-41,104,-38,143,111,28.24,36,53.02,-29,-22.67,29.62,19,121,57,-6,71.65,29,73.49,-5,110,101,-27,56,118,-29,43,-22,71,51.05,29,47
5.22,24.51,4,62,-11,36.94,48,12.8,53,18.11,41.93,11.47,28,105,48,3.7,60,104,27,134,-35,133,-45,43,33,-41,55,-3.24,-2.46,72.77,28.97,62,-16,57.66,35.99,36.16,41,49,63.73,135
23,8,136,-38,47.12,99,128,113,1.73,58.44,-47,36.52,-23,13,139,119,-1,31,12.03,32.48,-4,102,97,29.96,-29,73.89,2.35,-0.47,80,83,44,9,73.37,-12.74,35.45,61.08,-36,25,66,-19
78,22.36,6.51,122,66,91,18,50.63,-11.63,95,53.83,50,79,112,-7,59.33,27.06,-28,65.57,-1.35,135,-40,125,33,-9,-3,2,59,51,66.28,23.72,147,-48,-39,0.15,112,130,31,107,-5.98
120,3,-22,72.75,124,11,119,68.67,58.09,65.18,80,8,17.36,63.36,-33,17.27,65.44,106,67,-16.17,143,-46,141,29,49,56.58,103,3,-8.43,52,60.8,68,-14.31,-48,68.47,7.25,-10.86,-40,54,68.68
66,75,29,55,56.8,38.8,29.41,50.96,60.21,2,10.9,24.35,34.18,55.14,70.48,59.09,74.94,70.2,-50,10,-33,129,44,66.68,-13.95,4,-1.9,84,79,56.59,115,-16,62.97,35.9,8,5.99,-36,5,16.7,1
-24,129,130,-30,133,45.11,29.63,67,59,2.98,100,33.03,45.88,36.62,102,16,35,-17.11,74.87,-33,115,107,-9.33,-0.12,13.6,121,44.19,-19,-42,137,43,13.23,43,25,54.3,62.21,64.36,30.99,23,45
87,-50,-9.3,80,70.98,68,-11,110,121,-7,-27,65.68,103,11.31,102,26.29,31.06,60,-14,13.38,72.78,38,125,40.93,-6,99,1,68,-8.55,-20.85,119,34.95,8.84,78,-34,-17.6,3.99,66,20,35
31.11,104,67,43.93,65.88,19,70,56,-14.36,143,22.06,44,-33,142,79,32.38,-0.38,-40,69.4,57.09,133,104,48,77,51.24,65.98,99,62.35,55.17,-10.35,2,34,32,22.92,41,32.85,148,142,-14,98
48.73,-6,26.93,16,66,115,62,143,1.17,13.93,86,15,59.33,-44,39.39,90,48,126,18.88,69,149,41.2,-18.76,125,118,7,-16.37,41,43,-22,-1.78,-18,70,63.48,77,101,63.75,6,59.03,71.68
40,-16,144,-34,10.43,29,61,-3.85,31.14,74,85,-20,12.85,-35,56.2,14.17,12.7,48,82,-21,-30,8.5,54,136,34.98,137,35,72,-33,17,138,-17.53,69.82,59,69.46,42,45,68,119,-17
1.01,-30,-46,119,-15,16.71,43,38,52.79,44.58,52.6,138,24,22.55,37,35,-18.73,62.91,118,-34,108,61.04,-14,42,136,-1.34,55.92,29,10.58,22.43,69.18,-24.57,51,31.46,19,29,86,-12.77,85,26
-4,13.97,30,80,26.6,58.45,96,4.54,55,119,27.15,47,50,98,62,138,64,139,31,135,81,-21.72,24.18,127,38.48,111,39,25.74,8.4,-10.38,32.54,3.67,-17.76,137,28,63.65,51,50,110,18.49
143,4.54,-31,58.77,26,60.42,43,97,140,-21.54,70,54,119,58.63,91,56.67,-9,54,48,59,52.19,79,30,126,55,42,114,31,21,77,29,145,36,119,43,66,-15,9,3,109
18,72.17,115,36.14,78,-49,-34,62.32,88,48,-47,73.19,12,17,40.28,-29,49.83,-39,-10,4.1,-19.15,97,-24.45,61,129,70.75,66.75,21.08,12.01,18.08,-12.26,-18.72,-32,40.84,81,19.2,-12,14.53,42.68,36.72
43.56,29,-18,52,38.37,113,21,9.06,2.26,135,-20,16,50.26,46.4,61,61.51,67.41,81,-11.59,-33,-23,19.82,-4.84,-26,-12,-17,11,24.61,-21.91,3.42,83,41.08,47,118,7,15.7,81,2.01,43,2.08
31,53,139,-16,-20.75,54,23.72,38,-47,-24.97,58.87,137,-4.63,73.36,77,-8,17.69,105,32.16,-50,-4.17,30.04,-23.36,72.79,-19.65,119,-32,131,137,44.81,-13.88,7.28,61.82,52.76,141,52.84,68,14,67.28,70.34
18,54.65,47.74,16,122,39,75,-6.89,128,111,72.58,42,63.8,-9,32,0.86,64,9,5,75,129,71,17,8.43,72,50.15,-19.74,-0.35,-1,79,9,-23,-26,60.95,-7,-16,28.81,12.36,-6,94
-39,37,-1.92,21.49,1.54,-19,36.48,148,-23,4.56,68.83,62.02,148,14,137,132,45,66,-23,70,-20,22.55,65.01,74,24,37,74,61.8,104,147,38.98,-35,10.54,39,56.31,-12,59.62,33,16.85,-0.68
13.84,59.12,-44,8.32,45.58,63,71.91,1,-45,-5.33,64.38,7.01,33,114,44,16,71.55,68.56,61,57,73.89,-19,68.27,38.58,71.52,0,68,11.34,6.87,123,28.06,73,30,-14,52.33,66,12,50,-12.09,-21.27
-7.65,13,89,78,-26,-39,-23,39.64,24,72,-12.49,20,-3.75,72.35,33.15,73.95,-42,71,130,140,17.07,-32,45,149,-11,-14.45,45.13,6,125,26.55,20.73,30.93,1,25,19,41.21,28.93,119,51.42,-43
0,-14.51,13.18,-12.38,71.82,-49,70.92,12.96,58.45,-20.99,38.14,-15.18,35.25,17,90,31.25,39.83,131,7,103,101,43.41,35.28,71.65,134,-45,27,66,106,62,-6,45,-31,-48,25.29,71.22,24,-34,71,29.06
-28,70.58,6.01,15.84,65,-0.76,-30,136,82,60.6,86,0.61,28,-18,57.14,55,-18,-36,21,140,10.85,56.19,28.44,112,-7.15,73.53,71.4,34,23.02,138,31.45,-11.03,114,85,-15.84,50.55,-16.15,132,-39,-5
-10.31,13.63,-2.14,-34,117,-8.82,-48,100,-44,-12.96,80,80,87,-1.63,2.02,-19.3,53,55.04,31,43,13.79,-17,-21.99,119,-11.25,85,5,17,141,-22.19,35,-37,12.36,121,20,30.82,-26,-30,115,26
109,142,127,-43,74,55,23.99,62.81,64,32.98,-17.39,23.12,4.26,-17.84,91,-40,97,45.35,60,-5,61.33,114,6.99,72,131,92,3,102,5.42,143,27.27,67.9,-29,13,-2,6,-39,7.47,9,123
38.95,23.27,69.28,126,44.73,6,-16.18,69.18,14,-9.08,-8.71,-12,49.01,52,50,105,107,19,65.27,13.34,5.37,81,33.52,146,43.39,44.1,85,5.87,24.5,139,-19,18.48,-15.66,71,33,20.01,-15.77,43.51,-9,92
26,-0.5,32.66,83,10,2.82,103,91,-10,33,-4,-13.04,134,63,20,92,32,-34,58.66,130,65,74,94,112,-6.31,125,-33,32,42.38,79,45.17,46.95,123,70,26,-26,26,32.39,64.23,109
80,91,70.37,54,148,7.21,149,49.4,12,23.58,122,33,13.38,19,137,-19.92,-15,-40,27.41,119,39.11,12.62,-23.43,97,-43,43,56.52,74,-20.34,40.89,75,68.78,43,121,20,52.14,57,52.61,-5,15.9
40.57,66.71,94,94,3,-48,-20.36,141,60.1,68,78,89,42.45,37,-18.19,32.4,105,10.02,34,-46,41,-10,-28,3.44,27.62,17.28,-50,-10,38.18,141,28.12,-24.99,0.79,13.26,43.75,48,-20,82,47,128
-35,6,62,-29,67.73,118,78,85,24.29,93,39,38.72,52.42,35.26,-13.53,58.43,114,103,-4,149,21.19,19.75,-26,140,17.99,85,25.58,11,-22.42,33.78,6.97,44,39.81,57,74.79,-7.97,54,-20,16.5,-4.71
-6.92,75,-22,23,-39,-5.44,89,49,-5.3,72,-31,-50,104,-10.8,49.3,-3,-20,138,35,-30,115,54.37,44,26.52,142,29,48.36,116,37.24,146,-34,94,88,57.05,-6,28.26,46.18,10.37,67,65.61
47,68,-16,77,-39,20.54,82,40,54,-4.26,20,5.14,107,-2,70.48,117,-43,91,20,103,62.56,73.48,52.03,64.16,-50,57.66,119,47.65,37.7,-7.36,15,60,93,32.46,45.7,-23,98,60,9.35,52.75
8,-4.99,30,-16.63,114,27.37,-13,61,17.66,51.89,19.08,-23,-10,28.64,69,-15.33,56.4,-1.38,25,-27,143,85,123,-7.93,-14,1,-24.4,-19,128,17.36,23.61,65,136,62.1,26.76,69.11,-3.69,16,132,39.09
15,44.39,-2.37,62,31.32,118,-47,-3,-1,23,35.19,22.78,-2,72.24,35.49,104,-4.09,44.78,20,11.97,33,90,93,-14,-36,137,11.45,39.51,37.85,25.8,119,59,72,41,19.67,-27,50.81,144,114,25.93
41.42,44,20.88,117,4.33,0.79,103,61,97,-40,-33,35.73,17.05,19,92,83,12.42,-46,59.2,-5.53,-20,137,85,31.66,81,38.6,77,130,63,49,-30,38.74,-5,61,106,12,-17,63.37,48.98,110
38.75,72.32,25,7,12.4,80,137,71,25.57,-6.92,102,67,47,56,-5.9,-1.09,22.48,56,146,-45,130,-18,15.78,44,-42,142,-18,-8.2,91,45.89,101,108,99,41.73,142,24.15,-0.53,48,26.31,-25
7.95,-12.44,-1.95,36.52,-20.65,15,-23,-13.09,68.39,-29,84,-28,54.87,82,92,116,20,14,115,58,61.65,140,-32,32.7,72.52,35.83,-14,-11.88,-13.71,70.36,9.25,-11.76,136,-17.78,21,71,83,58.04,124,10.04
37,6.03,20.25,-32,14,5,30.27,1.99,-14,59,-43,96,40.14,112,57.83,100,33.03,-48,32.89,-30,94,-22.71,106,128,67.14,-31,33.98,68.54,27,82,22.14,-24.26,72.85,45.58,71,4.42,90,-23.58,17.13,55.94
7,-40,9.55,55,64.55,149,29,132,33,52.56,108,34.42,53.71,33,-7,0,68.09,23.44,27,69,20,149,-10.57,136,9,8.23,31,57,-35,4,67.06,147,74.76,-17.71,11,92,74,95,25,92
96,49.53,98,19.01,36.34,-23,-45,19,84,84,57,6.47,-18.19,-46,73.46,33.67,138,119,146,70,1,33,78,20.54,16.22,61,74.07,-20,108,51.87,90,-12,-47,73,90,-16.86,129,66,69.29,52.99
-2.8,36.67,64.36,48,38.65,8,11,85,48.87,98,73,117,2,114,21.01,63,93,115,50,55.73,-31,42.43,-23.58,26.97,57.86,-11.63,41,27.34,-4,-24.31,79,50.18,71.71,-12,-23,25,49,59.52,130,149
52,27,-16,45,-48,8.37,84,-2.76,45.94,74,20,-21.65,40.46,-37,63,39,40.62,47,-16,35.55,60,47.54,39,108,-3.73,138,118,0.33,12,11,28.28,12.67,28.46,88,36.32,34.23,23.54,-19.93,-23,40
81,36.32,102,122,31,97,-9.02,67.59,136,-18.8,-24.33,56,-10.67,106,30.58,29.75,37,15.13,-3,-1.72,7,119,-49,82,110,-17,57.52,91,5.2,-2.17,25,-21.94,-14.55,1.92,-37,22,2.38,111,52.04,-35
1.05,-33,141,121,81,145,-16.68,56.82,46.92,133,41.95,6.05,124,-42,48,-5,-4.98,80,58.97,4.68,22,104,66.08,140,60,22.36,-10.08,-43,48.55,16.71,-11.02,50,34,27,128,-22,48,57,11,0.03
149,97,-18,121,-48,-43,33.95,3.36,-4.25,-13,61.27,5,21,122,-36,113,42,109,-16.59,113,31,-30,48,144,15.05,90,-14.59,55,38.16,-30,8,-49,56.83,-3.25,-15,36.66,74.58,-6.54,113,36
113,-1.09,-9.39,-22,72,-0.62,93,32.14,-16.03,53.93,104,5.33,37,-6.74,59,-36,63.84,7.72,57,10.88,51,23,-9.9,114,70.65,67.65,66,70.31,-22.73,25,84,-13.67,91,6,38.26,-8,57,52,124,61.93
108,-20,58.14,74,11.22,13.62,71,-21.69,-9.03,39,31.65,60,133,52,61.9,-21,-18.84,-3,92,101,113,-1.34,15.74,-6.35,27,64.45,0.95,136,25,117,35,85,34.82,-13,29.85,149,38.36,71,91,126
-1.21,143,28.07,73,95,33,19,91,23,-46,-14.47,19.17,-29,26.83,-18.21,1,-43,143,74,30,-16,105,52,145,20.34,27,6,-41,103,36,8,79,-44,111,-20,68.85,35.08,58.21,-1.13,143
114,38,25.24,45,144,-25,-31,-16.21,112,42.69,120,58,9,94,127,44.46,-20.76,-14,25,12,43.95,12.22,27,34.82,111,60,30.29,66,48,5.16,135,110,147,56,27.51,92,126,141,113,120
37.75,17.55,22,33,49,56.1,89,55.9,-21.9,-19,-19,-47,11.52,42.49,-15,-45,126,5,-27,-19,42.43,46,92,21.79,147,94,0.72,58,1.81,-38,36,50,6,60.61,82,25,62,-16,92,60
23.76,110,34.54,-9.17,-36,71,-7.53,137,-32,40.27,-14,114,93,46,42.4,-4,52,-42,48.1,-10.42,44.41,-21,14,66.13,101,149,53.32,49.95,27,-38,7.84,19.81,47.76,-44,3.75,65.55,58,-13.71,-3,32.24
-2.12,131,-13,110,-18.14,46.28,60,-50,2.89,-4.31,12.72,95,127,38,-42,138,14.72,27.43,24.64,81,23.36,37.77,40.21,-36,-24,71.26,-6,-21.44,52,31,-2.63,4.97,109,134,21,72.8,98,17.68,50.22,119
130,50.54,-30,64,6,14.67,9,38.43,7,-6,141,56.75,-9,53.11,-24,-47,94,30,42,67.32,42.77,100,18,-44,137,79,-16,73,46.49,50.47,49,84,97,-36,-16.65,64,10.79,95,-17.31,53.11
71,37.73,28,37.61,66,73,34.17,87,26,149,115,-21.93,-25,23,37,-8,120,37.85,129,-46,46.58,98,147,45.15,66,142,34.74,-6,59,72.78,-11.27,55.85,71.36,23.5,69,51,7,82,60,58
42.83,-29,41.11,17.48,61.42,60,26.41,68.88,70,17.97,18.8,62.41,-25,-15.47,-16.99,21.84,15.46,34,22,-19,119,-6,-42,-38,107,0,-50,24,-43,-6.25,43.3,34.34,47,88,46.77,-38,43.07,2.07,-20.13,-21.18
-9,68,32.54,14,38.6,18.88,47,0,-19.54,14.06,-12.49,66.77,-16.76,59,62.29,19,69.35,61.11,83,59,74.12,48.75,131,42.85,-11.69,-5.04,33,57.47,114,5,121,140,84,3,64.01,67.7,23,-2.25,61.05,116
-3,66.22,78,147,-18.72,-11.71,6,66,48.49,-0.47,-2.52,71.7,20.33,24.77,-22,-2,55,-21.5,14.07,-10.69,59.3,73.99,41.63,40,63.55,111,7.5,55.66,65,57,7,16,-16.68,63,-17,106,51,6.1,50,49.06
38.95,36.73,49.24,-42,16,114,38.71,53,63.01,33,-36,80,123,69.14,104,65.68,123,58.17,14.26,-19,2.87,101,0,35.45,4.92,34.79,46,108,45,-24.43,15,143,126,15,134,135,14.22,22.94,127,0.98
136,38.14,79,69.42,84,50,50,21,27.57,102,108,59.9,143,29,21,-15.7,37,-4,116,30,55.85,-8.78,138,-17,35,42.35,66,43.75,67.01,38,44.99,56.22,-7,9,35,96,30.76,24.01,50,22.6
57.51,-23.99,133,9.41,-26,2,111,14.31,28.78,-48,63,29.34,32.83,51.85,-12.91,113,-8,113,-18.59,71,33,19.45,26.22,-3,34.72,-23.92,133,-29,66,15.79,-3.73,101,40.11,28.03,-18.12,-14.07,-19,30,-7,-21.73
-22,-17.24,24.74,59,-8.83,89,134,41,23.22,18,40,43.81,36.1,-6,-21.83,-8,133,-2,-48,-4,23.6,53.15,-6.52,22.7,117,12.84,137,-9.17,108,45,146,6.21,45.8,-9.66,63,54.02,40.14,49,30,51
7.21,-16.51,6.81,58.63,35,-15,3.71,61.75,58.37,104,37.76,-16.26,-23.46,32,53.21,-9.76,-3,38.78,73,130,91,-13.38,-5.1,-22.27,38,144,61,126,59,-28,7.42,23,39.85,-22,-18.42,27,44.05,-19.25,25,73.56
63.75,99,-45,73,132,122,93,-18.06,20.43,36.2,21.48,72.14,67.13,70,51.41,-3.78,7.22,-44,71,52.46,-37,40.26,116,39,76,45.85,48.37,84,20,58.26,-16,23,20.62,56.35,71,-35,-4.06,-15,-22.43,78
145,30,110,4.54,-40,22,81,49.34,-10,49.63,47.85,69,17.42,-1,39,146,131,86,60.18,7.28,-4,40,30,-2,105,72,42.42,5.44,-4.45,67.74,85,60.81,30.62,9.2,-14,2.83,83,-49,-14.38,35.07
142,-7,15.53,48,148,-2,77,23.01,-15.63,49,69,30.49,123,137,101,30.58,20,19.86,47.13,-28,72,-37,51,9,0.76,113,-19.72,40.61,-2.42,103,-18,-42,133,61,-3.53,47.96,72,66,148,-12.55
44.24,68.34,27,63,23.46,-0.37,149,14.76,28.54,105,30.79,23,139,-39,43,101,6.06,107,29,36,128,35.64,89,38,69,16,133,79,28,68.84,-8.86,35,42,34,-18.49,34.25,67,3,-22.81,105
72.24,-39,36.06,87,13.99,29.17,66.64,32.2,6.99,132,83,50.87,118,90,33.49,46.9,38.35,-14.35,46.14,-25,-24.01,40.73,100,29.61,68,82,110,45.74,-28,-21,-7,-16.58,-4,-9.73,78,-13,-23.11,133,141,-44
-20.78,-22.18,133,59.55,77,73,125,18,57.75,18,-1,24.64,57.31,136,-4,137,49,100,134,59,52,55.29,-36,114,22.97,103,-41,-38,129,88,65,137,35.34,26,-10.09,-1,33.43,14,70,-18.72
18.86,122,71,-12.14,114,118,91,84,99,51.87,9,109,88,31,-49,81,49.17,-5.44,64.8,5.46,-3,22,98,15.9,30,0.57,52.72,43.25,43.33,143,6.95,26.78,73,47.41,-47,-27,111,47.57,-20,74.71
134,6,34.43,-2.76,-31,-40,49.19,-14.24,60,-13.55,30,53.27,59.68,-37,-14.09,22,-11,120,79,-41,1,69,-16,143,81,-23.93,88,83,-8.46,32,-10,122,47.38,62,136,143,49,138,-18,5.85
123,147,49.52,69,105,46,8.1,25.34,-18.13,53.54,-11.18,-12.99,38.52,-5,47.14,-16,5.98,-7.12,31,18,34.07,129,132,10.97,-27,41.94,28,109,143,56,16,32.16,51.62,121,66.66,51,26.3,-28,39,147
70,22,74,13.94,37,68.94,-3.85,-26,78,-36,-40,6.78,37,65,-22.27,29.14,-16,-16.9,44.96,116,6.78,-11,148,43,70,136,41.51,29.12,43.2,68.79,79,-23,104,58.83,-16,63,29,-8.24,76,111
12.15,-18.64,133,80,137,52,83,54.24,-44,-45,128,132,13,47.73,19,64,12.85,148,23,7,71,6,-44,120,5,-14.42,29,146,-48,-4,100,70,105,53.62,33.16,-20,51.26,-22.78,17,-24.43
-12.5,-20,121,49,8,45.25,4.52,-48,53.71,-15,7,25.11,94,-19,62.32,75,28.02,49,99,92,30.44,27,-17,37.91,-50,11,5.44,-13,42.77,123,72.14,28.6,-19.08,-27,-32,71.83,75,81,31.96,-27
63.38,122,111,-21.14,88,20.52,-35,144,25,28.24,11,6,127,-28,-6.21,-23.84,125,-13,62.26,13.18,6.2,6.83,-18.43,0.05,117,145,103,74.89,49,132,6.38,135,112,0.04,9.84,66.92,-24,39,117,95
122,27,105,46.33,-48,49.42,53.69,44.81,56,4,-0.45,81,49,141,-11.96,7.61,42,35.16,14,3.57,65.18,31.97,33.89,31,2,133,43,59,43,66,-28,53,41,30.76,68,5.13,10.48,30.3,39,97
-11.91,-24,37.61,48,88,-16,64,104,145,-37,61.85,-49,43.27,34,-45,34.76,20,68,9.32,-12.9,-21,73.69,50.39,20.26,4.62,38,-5.56,38.23,9.78,81,-24.08,-36,109,28,148,-40,-10.92,53.28,145,20.86
-35,106,12.45,100,35.48,5.15,51.07,110,75,49.61,-31,131,-42,-39,19,65,17,-9.83,58,-19.63,137,-24.1,-3.84,14.65,-24,12,-14.58,20,58,39,-14,89,30.47,90,113,62.09,101,71.27,-16,93
20,41.24,77,50.41,-37,124,62.52,110,38,-8,63,53,19.95,43,-16.88,96,123,58,30.54,4.36,15,98,125,55,48.04,-14,52.16,-25,69.11,69.15,22.99,51.66,61,-47,103,-10,-29,64.1,125,-8.46
-4,112,18,148,28.75,48.59,47.79,34.52,1.51,106,139,18.26,63.39,63,49,1,49.97,-4,-44,-15,-50,71,45,-10.72,44.4,138,121,94,51.1,57.12,12.32,65,-2,99,98,-17.67,-34,108,2,108
126,69.26,13.65,8.11,96,69.39,31,-28,-11.99,59.95,39,38,130,-24.29,51,-10,136,-17,0,38.46,18,68.86,-13,-41,9.65,87,42,25.43,-15.39,-19,79,-10.87,19.4,122,73.39,-43,-13,-46,65.96,54
40,-9,21,56.16,50,23.68,139,56.16,130,-15.4,-19,148,129,-18,-3.18,-21,-5,5.11,-11,-8,30,-8,35.19,26.19,51.47,40,-41,138,31,72,-12.79,26,46,149,134,35,-13,89,-20,34.48
-15,20.37,54.06,40.65,23,121,24.92,35,148,62.48,43.34,-30,67.16,11,35.48,118,2,-33,58,67,-44,68,34.18,-21,44,24.25,-15.22,17.38,49.17,53.46,-1.14,-9.71,-16.56,-35,124,-10.56,24,95,75,57.6
57,15,-27,-6,130,132,-4,-26,-19,0,28.98,-6.55,58,130,100,52,43.12,133,141,2.63,142,101,46.73,15.5,32,57.27,22.03,52.18,138,69,116,2.39,73.65,40,141,76,-22.71,55,52.02,-29
5.66,101,41,41.32,-6.55,80,2,38.61,-9.55,29.91,18,50.71,126,84,66,13.73,-12.15,-12,22.67,36.36,63.34,11.88,69.79,5,29,120,-6,3,-7,34.88,18,24.33,4,87,146,80,107,67,27.87,-22.09
21.47,14,-8,119,110,141,-23,37.27,-11,2,-3,2.23,89,-9.13,-47,144,72.54,-39,68.97,131,-14.4,65.95,-0.32,74.64,6,6.89,21.71,98,-40,71,88,11.25,123,-28,61.06,25.95,54,18.33,0,-28
92,123,111,-42,114,43.09,9.97,71.96,30.45,78,51,-47,-6,55,20.03,14.74,51.51,26.69,-23,71.95,-9.1,63,72,72.69,84,13.75,42.22,-11.68,2.19,141,22.32,46,66.99,85,126,57.27,64.33,44,-3.71,-20
59.01,128,44,54.24,91,-7,96,-13,5.51,-45,-36,-19.55,14,81,-7.42,41,-30,-17.06,59,-23,64.23,9.81,42,34.96,-41,137,27.59,96,48,36,101,12.21,60.39,47.29,86,-33,142,-14,73.34,5.69
-5.07,69.97,33.24,1,67.69,115,24.94,-14,104,23,139,-42,129,22,37,137,-18.31,138,49,50.88,144,27,15,142,67,-6,55.3,126,139,127,43.79,43,0,30.42,1,42.2,-13.81,4.75,67.59,-28
9.56,-25,68,41.99,55,57.01,-5,143,-37,-30,15,-16,67.02,1.02,13,63,43,-39,-26,117,-1,115,-13.77,-18,106,-17.51,58.01,134,-17.12,19.87,57.64,83,-11.64,47,66,-24.66,42.36,92,-10.58,43.32
-13,36.65,16,149,78,-47,48,56.87,11,45.2,58,-24,136,26,104,-22,-2,-17.51,136,4.25,-40,55,55.46,118,-24,108,15.91,-25,-39,19.16,68.09,148,115,38.52,13.44,-29,32,143,39.25,-44
-12.26,-23.22,-33,-24.03,7.08,5,15,122,87,44.08,34.64,6,53,108,49.74,46.44,28.37,-33,21.66,48.23,46,29,60,94,75,10.51,62.28,51.31,101,58.96,62.33,-8,34,36.93,46,99,113,73,58,95
70,128,80,59.73,105,-18.33,123,132,55,14.9,-47,42.92,98,-6,2.58,123,4.01,144,120,32,102,-32,96,98,2,8,-7,45.45,55,3,148,138,133,53.05,21,0,59,-22.82,-13.56,0
26,19.9,97,42,24,51.14,15.04,42,69.31,105,58,-40,32.28,9,54.78,53.64,143,-1,143,-11.68,134,2.77,13.01,14.74,-22.02,13.45,140,31.95,96,-41,62,43.48,108,146,135,27.88,53.35,50,105,44
33.86,90,55.9,-26,-23,-8,-15.91,60,18.89,62.79,147,117,15.21,72,6,109,35.79,145,147,112,42.43,5.1,72,-11,57.24,-18,148,106,98,-12.26,133,24.08,62,27,-37,22.99,38.82,106,14.98,46.3
72.06,67.09,-49,123,30,85,26,3,96,46.1,11.27,34,-14.53,-21,34.32,-15,32.62,-3,-8.89,61,-26,-1,59.77,47.37,50.63,-12.16,40,71,64,-12.1,36.56,-17,34.06,27.93,-1.86,29,35.27,2.59,137,-23
1,65,13,-6,20,9,26,68.07,137,9,6.47,51,-24,97,84,120,13.18,10.65,-23.79,14.84,-28,36.86,53.69,66.09,20,-9,69.95,46.75,14,-40,16,34,4,8,93,2.09,65.71,13.66,6,-11.49
55,53.82,46,51.89,-2,5.47,82,35.63,10,55.15,-9,71.16,48.02,12.8,61,25,-8.77,24.93,33,-5,34.63,145,45,104,-29,52.53,-15.82,144,-5,9,48,-28,-27,10.89,-13.02,-20,11,106,75,17.45
76,-49,65.61,121,-22,135,6.94,-24,-34,85,-12.01,33.67,17.11,103,95,-30,0.95,14,95,83,83,86,-15.93,21,22.33,54.78,58,43.36,-4.95,-17,37.13,-12,6.57,-7,-15,-38,83,127,9.09,37
-9.77,125,12.1,62,26.12,-20.48,94,-49,4.02,56.91,16.2,-32,135,75,16.48,-4.96,47.41,27,128,134,-3,45.25,-48,123,15,57.94,112,140,112,50.36,83,22,57.12,84,-42,92,-10.57,28.82,104,-2.67
38.58,137,128,-8,149,49,19,25,1,54.2,136,-38,-19.5,-5.44,72.65,32,39,145,92,21,34.25,-30,25.19,-12,69.01,143,26.56,47,123,79,61,-3,11,19.06,41,-49,6,35,52.62,8.5
11,58,61,66.21,60.54,-36,11,45.98,100,27.89,-12,137,63,-23,12,147,-17,94,19,55,144,45.56,-22.19,-18.65,26,-24.44,-14,-30,69.98,3.14,76,-26,47,-21,15,111,58.68,74,45.86,113
-49,130,-3.52,-12.62,40.9,67.87,47.36,31.13,12.23,66.34,53.08,31.36,75,91,38.67,57.23,29,93,34.88,149,-36,1.09,-9.57,137,-20.01,-14.11,78,-17.51,-15.83,36.91,-39,90,60.85,-48,-49,47.45,-1,69.66,59,37
134,-13.36,-24,104,66.73,102,50.71,106,30,22,136,-40,36.4,116,14.64,93,22.07,58,68.98,112,50.55,34.33,11,-32,52.2,28.4,-23,-8.62,56.7,145,55,61,20.51,-2,43,78,139,27,47,65
124,19.57,37.37,-19.19,123,74,107,-6.64,104,124,110,41.12,109,42,12.95,70.47,19.34,-7,135,61,-14,136,80,-8.16,-48,90,-14.62,26,96,14,146,69.51,87,116,47.05,-23,127,133,-9.76,-2.16
34,0,73,67,33,22.99,97,70.4,31.92,-20.01,-33,-9.44,16.05,10.17,49,-9.37,26.93,44.09,-39,9.33,147,32,31.02,9,137,81,65,70.03,72.35,-2.94,-2.92,-14.9,32,98,-42,71,35,97,-16.12,134
69.74,-22,57.9,-40,10.05,21.37,62.61,-6,58,72.6,28,12,50,48.89,-16.89,-28,-35,119,-38,126,65.58,36.18,33.85,95,72.95,-19.6,94,95,-0.27,108,-18.83,55,46,5,137,68,34.95,11.77,18.32,138
30.24,-8,72,93,-16.72,10.91,7.97,-23,29,67.55,57,5,13.25,-18.7,89,8.72,12.07,28,-12.58,-14.16,-13.47,96,88,33,66,66,62.42,93,62.09,74.93,-24,6.63,90,54.52,-3,-28,2,18.85,41.79,19.43
34,16.85,-25,-19.31,6.39,-34,41.17,108,-4.89,18.45,-14.19,85,122,89,-5.99,-7.09,111,37.39,98,98,62,-39,4.33,-6.21,28,99,100,-23,-8,93,1,9.17,-4,13.66,43.01,-3.41,128,113,31.61,21.08
55,-48,-22.64,135,34,55,8.66,11,1.14,-3,-31,73,31.85,-37,148,71.61,47.71,-29,-19.43,22.26,89,-13.63,3.98,40,-40,2.26,6,110,112,110,4.59,129,7,-4,82,58,9,-1.67,83,56
72.45,126,68,-27,47,113,14.99,148,137,0,29.47,11.95,10.15,9,30.68,-24,66.76,93,-34,34.75,-23,-15,-22.28,-19,22.18,9.4,50.17,43,115,93,-6,115,54,-11.97,16,-21.45,-2,42,-16.71,125
42.35,-25,103,15.87,26.35,27,-4.33,96,56.84,55,37,137,31,-9.12,72.54,72.57,-4,96,-13.21,50.35,87,73,6,49.17,-34,-8.57,37,-30,101,-40,24.86,3,-9,56.72,48.19,-12,67.04,-13,6.4,-22
32,-10,-9,32.02,4,53.43,-20,85,-11.18,-21,129,29.69,61.82,6.4,7.19,-14,131,149,66.05,13.98,41,28,27.93,22.24,16.68,-3.6,136,44.11,-4,49.94,-36,51.65,18,103,40,70,42.5,58.25,24.72,12
-6,42,17,56,105,-21,57.53,123,74.04,125,70,65.35,138,-18.88,0.76,-9.33,73.09,-23,62.12,67,-22.51,134,21.38,134,-0.78,29,66.64,-24,31.86,15.9,131,30.32,30,72,48,141,-33,134,11.25,15
117,-1.27,144,117,110,54.26,-4.97,117,25,-3.18,-0.98,139,19,53,-38,19.67,91,-14.88,70,118,-9.1,36.69,-4,46.52,-17,-42,46,-48,115,0,16.39,109,42.36,83,28,102,-17,-4,-22.03,69
25,47,60,-28,31.01,31,64,32.91,65.9,19.99,122,108,28.61,134,31,17.1,109,-43,52,54,22.45,42.91,142,-33,-14.03,-1,-49,-9,-16.54,-37,61.83,7,72.29,121,-7.75,73.08,61,129,-36,76
10,41,25,113,118,-29,-15.16,-49,-43,-6.65,-7.44,-33,22,29.13,38,36.61,37.77,70,46.09,55,38.84,-4,95,-46,-18.65,67,5,11,133,8.47,57,61,140,65.53,32.32,-44,-11,55.65,28,39
58.84,-2.68,71.36,0.56,51.61,138,135,67.04,26,72.79,97,5,24,-10,56.06,-20.43,13,10,-22,-18,83,31,11.99,19,27.47,-19,43,137,-16,141,-11,-47,-8.32,-8.47,38.76,51,78,92,1.37,28
2,-44,48.94,15,126,9,111,-14,136,137,20,-48,142,99,-12,-35,-4.76,70,44,105,37.47,45.98,51,-12.73,-6,13,-49,-14,103,102,31,0,16,-15.76,-33,6.64,-14.12,3.9,144,27
102,71.21,105,55,80,148,12,93,7.35,18.72,-20,57,-15.05,-10.73,110,51,4.67,25,-46,41.6,113,32,54.12,-0.93,49,149,7,92,55.55,69.28,-24,72.41,48.42,65,148,-34,19,72,113,-41
99,11,13.2,34.71,87,25.88,-23,64,142,-4,89,-29,-1,35.41,20.68,66.86,120,108,-30,49.73,33,-6,55.84,-45,61,-8.28,115,66,7.14,-21,42,59.16,35.56,7,-19,11.77,18.24,61,46,16.02
-6.75,74,142,30.13,61,19,112,85,24.01,7.12,14,104,69.56,90,30.55,-4,22.28,1.88,9,120,16.47,25.57,1,47,59,5,73.19,-24,-49,-13.27,25,13,8,-12,-6,61,54,70.5,115,9
48,1.68,5.16,-12.71,71.16,51,130,-3.08,126,-39,46,5,46,51,139,0,101,132,30.44,7,15,47.59,56.37,-1.81,34.25,124,14.89,13,96,61.11,122,7,122,20,-12,19.62,71,15.14,21.44,-41
-32,3,112,96,100,-3,81,0,16,76,130,49,47,112,74.61,-22,54.51,3.99,74.68,18.81,-48,66,-16.54,100,-13.3,38,20.77,13,13.85,46,129,9,-21,92,128,54,70,-4.47,-19,40
148,74,95,3,-10,-14.56,9,48.21,34,104,51,139,61,79,55.08,79,128,-42,-46,49.92,30.69,86,-34,63,-10.56,28.77,60,-13.67,-7.43,47,-39,-45,56,57.69,67,67.13,124,144,42.11,17
47.45,28,-12.2,131,96,-26,-34,-0.83,147,23.85,71.1,98,76,122,56,-13.95,-2,14,59.67,44,-9.11,37,132,-4.74,19.23,47,10.7,-14.04,8.06,-19.84,117,144,26.74,1.95,126,28,21.79,139,-22.97,62.25
25,141,126,-45,16.69,122,29.19,25.99,-15,-25,-23,135,12.74,127,10,74,29.36,22,-46,89,101,77,-11,11.61,87,-15.6,73.3,-1.23,120,70.37,136,109,-38,79,46,-32,32.76,36.85,77,-20.14
73.7,60.82,71.09,2.12,38,34.87,50.13,71.53,79,-49,-14.34,85,126,-43,14,-16,13.86,111,108,58.46,74,17,2,115,0.88,95,51,129,33.71,51,-23,126,111,135,32.36,61,26,-50,4.46,13.09
38.78,9,-20,62,109,144,19.84,125,1,96,-4.26,91,-11,140,122,117,-35,-43,9,10.81,42,49.14,24.34,20,99,15.11,-50,71.75,-25,129,24,57,-46,32,4,-29,-16.57,134,15.59,-39
55,33.37,-15,37.43,63.82,33.82,-17.88,-8,63.11,-26,12.08,62.21,-42,13.68,-17.61,26,-39,-16.71,101,126,-12.79,34,70,19.28,133,101,-24,50.8,-12.62,72,-15,37.05,-34,73,67,84,6.94,1.27,-35,17
60.24,43,56,38,133,74.5,-16.14,56.13,-3,26.84,55,-45,64.85,17,60.54,114,58,40,95,-31,72,30,-21.27,66.35,-14,70.46,102,-50,1.47,-38,67,124,-22.45,-22.45,51,0,41,56.66,133,73.41
-29,0,116,-18.17,25.55,28.36,-32,142,-5,27,-38,-14.33,6.61,-20.49,49.14,107,67.4,28,70.27,45.17,33,-25,32,137,40.14,-47,-19,66.97,0.37,117,-11,-7.82,15,47.73,46.31,-40,75,146,-47,-8
40.12,16.99,58,-10,137,70,32,10.49,63.81,46.85,46.07,38.61,16,-13.45,149,93,37.94,71.55,42.36,122,33.99,3,64,27,-16,-20.23,52.63,72.21,36,45.77,-45,103,84,73.42,109,-44,75,40,125,-4.66
57,54.08,22.54,57,109,-36,31.4,62.97,44.89,129,81,136,13,31,112,111,-22.15,95,-9.05,52,51.94,62,51.03,38,38,74,91,-24,46.45,51,0.68,58.29,30.95,-12.45,20.09,63.73,-24.33,14.9,19,40.76
68.4,96,47,48,102,9,17,113,61.05,47,42.4,37.45,36.63,-12,-15.97,145,-16,73.77,52.15,26,12.09,113,-31,3,139,10.97,26,32,116,129,63,-20,9.96,117,-7.01,42,32,11.55,24,18
58.72,-7,-6,-1.78,25.3,125,107,16,131,-6.24,31,-4,10.02,-9,3,66,22,101,94,36,81,-24,127,37.24,-35,33,-17.69,117,25.45,73.28,17.73,42,16,-47,-43,39,55.2,-2.79,55,-11.9
46.66,48.72,68.32,41,30,14,-3.62,8.66,97,13,-16.04,11.22,92,41.7,140,62.97,39,74.83,6,39.09,-40,71,-17,50.02,22,35,51,11.73,46,14.91,60,38.89,-33,46,12,60.01,54.22,27.51,-44,-21.83
51,60.32,21.73,73.54,143,43,50,52.65,135,63,123,16.06,-17,-12.07,-20.01,43.61,56.4,-11.79,14,14.15,35,76,-22,5.42,45.4,-14.32,47,91,27,16.31,-23.2,96,96,-40,1,30.05,106,56.7,121,37
128,-30,18.2,-37,-1.99,34,62.59,144,-5,36.54,-1.49,-24.07,134,126,24,54.1,-21.82,81,-35,22,48,-20.13,132,61,-42,-29,6,84,56.97,144,71,64.54,-24.02,108,82,70.04,-1,87,-25,126
137,49,9.73,6,74.12,-32,70.17,138,-33,-8.98,56.66,-49,2.43,141,87,62.59,-11,51.01,76,75,70.67,50.95,54.43,72.18,-24,81,31,97,15,62,22,60.32,37.41,5.85,40.78,-34,-22.51,-12,50.57,129
9.4,-12.17,-18,25.68,73,12,46.96,15.28,-46,142,-19.91,70.28,84,-20.44,56.96,75,64.64,55.39,135,142,-24,19,93,43.65,-4,-46,-16,49.78,125,95,42.47,53.15,42,53,143,71,49,102,16.35,44.87
48.46,69.72,127,71.08,-1.19,64,123,-40,-21.94,2,52,34.73,-34,6.68,106,26.24,71.43,83,60,-22,48.41,-16.98,45.41,-5,14.61,58.01,28.85,99,-21,96,-0.46,57.93,108,12,-6,-21.93,1.29,52,63.31,134
63,123,65,-12.83,-12,98,0,-22,-9.38,90,76,-46,144,-24.38,-14.76,23.5,84,7,-9.39,118,48.38,23,-7,145,103,-24.88,11.66,66.69,4,72,-2.76,31.27,-15,-3,-17,117,25,17.9,141,30
100,149,-8,110,62.1,23,-10.1,49,43.81,119,111,72,47.41,39.81,-17,-3.28,-11,9,22,-48,1,56.54,25,34.43,18.52,110,26,-11,-8.67,-35,35.59,69,62.88,57.62,-1,-9.64,26.55,-2,18,134
5,59.56,-21,146,-21.87,4,86,77,8.82,52.46,59.82,63.83,47,26,63.93,54.33,62,46.43,40.77,-1,140,123,-7.15,-24.26,-13.68,67.04,68.06,-5,72.15,-20,65,-13.4,111,19.51,130,-30,15.67,-50,30.08,-37
50.8,-11,9.38,118,55.91,-33,-15.89,125,26.47,-18,57.91,144,61.21,-5,84,100,139,57,53,13,75,56,22,134,48.24,89,-10.63,-7,8.51,-22.63,41,28,142,46.57,140,-2,46,-20.46,50.9,-1.48
-19,26,50,68,29.77,-17.12,20.96,-3,69,35,17.18,90,149,61,18.88,79,8.14,-20.49,10.13,-20.48,136,-3,78,35,37.6,52,-35,2,46.05,2.07,83,-21,-38,101,-43,96,22.22,-36,-3.12,27.28
-6,99,70,36,-11.05,139,-1,134,-9.06,-15.03,-3,-7.36,53.32,75,135,-29,-24,20,-12.76,-19.86,44,42.45,22.1,36.37,113,30,-16,83,-5,3,25,147,-49,81,146,-49,-23.19,-8.97,-18,71.18
58.17,54.53,37,14.79,2,49,35.52,-11.16,-1.73,37.36,70,-20.64,96,-15,-20.77,-23,142,59.38,-13.64,85,82,65,-12.45,56,42.84,-22,66,115,136,52.69,148,74,-18.87,-47,19.66,80,-31,-14.81,22,41.34
4.3,1,48,-2,120,114,83,42,89,37,43,81,60,67,55,37.2,3.04,23.33,24,62,136,59.93,-24,47,149,-11.29,16.57,37,93,65,-29,143,-9.15,-45,25.12,-33,141,-21.33,60.15,78
13,-1,31.88,69,46,24,64.4,-35,-1.46,-38,121,122,-28,88,6,-22,1,-49,-22.64,-25,58.82,49.59,66,94,47,-46,8.49,-19.08,52.05,126,104,30.53,11.67,27,-45,72.15,73.46,96,14.14,123
38,43,-9,6,1,111,55,85,-15.92,60.91,46.26,-39,83,-48,114,-20,56.95,-2,86,17,-6.24,15,-6.97,45.7,139,-12.31,-11.43,56,0,97,64,11.43,3,30,-11.55,70.31,-8,-8,-10,45.96
59.78,-49,19,-15.29,-42,-12.83,-9.64,61.82,99,53.3,13,41,-36,39,-33,38,55,47.84,83,-6.91,25,93,-45,50.61,34.03,64,128,41.29,-18.7,77,67.19,140,-45,51,19.87,11,28,64.05,67.28,101
67.83,46,30,-24.8,-11,89,74.85,2.02,40.78,-31,-2,35.55,9,55.37,70.59,-8.6,122,13,-20,0.37,93,-4,51,7,6,16.28,39.04,63,54.28,-36,-46,92,-5.02,82,-41,34,20,59,142,123
74,30,68,108,-23,-21.8,-14,136,46.41,26.37,105,18.95,135,25.17,-45,80,60.87,145,47.94,-18,-19,57,28,133,-26,121,48.92,13.53,4.47,51.2,-34,68.8,20.83,72.57,129,11,21,19.32,30.58,104
1.87,135,74,77,-31,55,10.4,57,-7.35,74.98,-8.75,51.62,56,-45,32,28.93,-11.08,-28,124,8.74,6.13,0,122,66.2,109,89,147,72.7,45,-23.06,71.51,10,124,24,65.9,-28,101,-50,126,28
-8,115,-12.63,43,64,51,50,12,33,-17.14,128,-18,-19,-14,30.3,10,119,114,41,50.81,-29,128,-27,-3.24,-10,62.51,-33,15.02,25,47.33,-20.95,91,79,96,105,146,28,-27,58,22.44
-13.24,-6.12,30,20.43,52.13,138,83,119,2.84,60.95,21,115,28,60,-44,-19,11,2.21,11,130,38,76,53.79,55,23,40.56,-29,56.39,14,-9.57,53.8,145,2.98,73,83,1,61,-10.77,48,77
1.21,-12.09,49.94,50,125,-37,22,95,76,142,-36,97,133,108,39,-23.14,-20,67,149,103,-6,5,4,118,-5.45,78,-1.65,126,91,11,29,22.06,23.29,117,32.39,50.95,21.67,-1,55,76
133,96,140,35.23,63.75,28,-11,-24.87,38.63,-46,-1.48,21,35.36,39,-24.91,-36,72.59,31,92,21,66,39,31.53,124,51,38.08,-27,57.79,-4,66.98,60.61,-34,135,2,30,115,29.37,60.12,-46,15
-39,19.57,-29,21,-23,77,-7.69,4,-8,-2,72.97,132,27.2,-1.9,18.14,83,149,109,25,-3.62,102,50.28,51,67.76,28.56,44,-3.36,78,59,138,27.47,11,61.39,47,19,133,121,-17.73,-12.85,124
0.73,74.55,25,25.11,-30,28,12,-13,97,56.38,-5.95,30.55,-42,52,52,-42,14.75,14,5,-22.96,28,32.13,4.91,78,-5.66,27.72,-12.82,76,-29,-5,-18,-15,37.57,3.17,26.72,30.88,62,78,146,56
-18.9,20,-22.33,-23,53,83,64.42,148,51.33,-5,47.6,27.75,5.79,-46,3.83,75,-24.73,58,11,-8.91,-45,26.15,-21,129,94,-26,-4,-44,-35,-17,84,66,55.36,48,12.21,-22,132,50.99,-24.08,-6.04
57,22,114,31,5.74,-20.4,84,-49,54,16,-31,76,24,-15,28,-8,118,90,-29,59.88,116,-23.89,88,-17,10.52,-27,112,49,74.04,52,148,-38,68.11,91,-4.12,-18,-34,126,-1.68,38.44
143,53.86,111,29.83,-35,18.08,-4.84,-8,-32,-12.6,6.59,1.29,69.88,-50,12.08,63,-33,126,102,33.8,51,45,12.58,95,40,52.4,1.52,-20,-38,22.45,142,-10,63.15,28.48,70,-11.48,-20.85,96,39.85,58.14
43,85,63,27,-0.9,27.36,80,-39,126,-13.61,61.79,0.16,-5.27,-48,-1.53,65.27,-12.57,23,-8,2.9,-48,108,14,17.4,-35,61.75,129,8.72,20.95,-5,95,134,-7,-6.38,40,40.28,-45,41.47,-35,0.98
-39,124,42,-50,96,104,72.83,-2,-12,35.83,-38,5.72,-12.19,71.28,71,67,-19,-28,87,21.52,36,-32,103,147,71,142,8,-14.19,22,-2.18,-18,67.32,-18,12.12,-18.57,-12.42,59,65.37,98,61
3.59,13,119,56,76,-36,-25,141,97,52.61,66.59,114,90,70.34,45.6,85,134,3,11,43.21,138,22.03,7.46,-23.39,59.31,-4,129,19.14,14.01,-24.16,-13.25,-30,-3.94,91,-34,-20.47,-8.55,49.04,-6.61,122
34.3,9.46,47.06,-32,3.86,24,78,13.45,-21.66,69,-23.02,40,53.66,82,72,99,122,131,-19.8,38.04,-5.04,48.21,-48,45.63,121,37.04,121,71,32,18.08,23,6,-28,21.4,36.29,121,103,0,109,-9.12
111,-50,67.33,45.05,106,65,48,22.88,-29,92,9.84,11,-31,25.58,15.68,141,-0.3,4,57,8,61.69,75,56,68.14,9.05,100,96,82,137,50.94,18.99,86,25,5,29.28,-26,138,-20,91,-7
48.51,63.6,-37,-16,57,6.55,36.25,3.65,-25,113,-40,55.51,-50,35.86,58,38,131,27.38,73.92,-20,3,26.88,43.95,94,40.58,72.3,48,-10,70.14,-22.42,38.98,31,61.44,24.68,39,14,-18.19,108,-5.93,49.54
141,39.57,16.34,8.59,19,-46,26.44,149,100,46,-20,-13,104,-5,68,64.91,89,149,148,60.79,8,47.83,-39,20.74,46,118,58,126,12.4,11.25,123,26.63,39.37,36,6,105,-19.13,-32,57,84
31.02,76,130,138,-18,43,-21,67.55,96,-39,12.18,145,114,43.91,130,87,130,24.99,-17,145,42.41,-48,8.82,-5,61.67,-5,66,26,-26,-44,-9.08,68,112,98,62.14,61.21,46.23,61.04,67.24,8.21
74,22.41,111,7.05,45.72,-5.88,66,-40,-12.69,145,97,-26,35,13.6,54,9.75,102,117,56,85,-41,53,127,-35,58,60,53.02,9,28.95,-5,85,10,36.54,71.6,73,133,-2,-6,78,-21.02
69,-2.96,45,72.02,73,41,145,28,30.26,-16,56.31,67.04,19,-3,64,111,-27,-17,35,95,-45,-48,14.83,-49,-5.9,145,-15,32,-45,33.4,144,-46,135,56.33,35.19,86,27,115,-9.09,48
9.03,-41,103,26,29.79,41.47,51.75,14.7,95,-3.55,-7.81,137,-13.52,118,0.96,-17.54,147,-11,-23,65.22,-7,64.9,136,28,-19.7,23,-31,59.99,29,-14,33.39,22.8,73.37,40.26,30.08,120,-24,83,-15.97,-37
-1,17,73.53,149,4.31,59,21.66,-0.52,47,96,127,-48,37.7,67,58.64,148,107,30.99,-6.84,19,69,41,39,24,46.3,35.9,140,13.18,107,-5,90,29,54.16,-22.28,141,14,35.72,-47,99,54
61.43,55.7,-12.39,63.14,132,1,26.65,125,51,-40,65,-10,37,104,108,33,49.53,99,100,-10,72.44,-6.06,68,-15.27,131,-9,55,11,87,129,14.93,6.64,71,-50,5.31,-5,23,-1,45,4.67
-7,-3.95,1,-18,93,32.34,9,48.92,37.36,74.15,45,112,-9.48,72.88,-23,-9,41,110,119,9.47,65,30,-42,39.97,23,22.31,54.04,105,65.62,32.42,116,144,33.85,65,8.25,-1.58,110,76,72.34,56
59,47,8.33,3,-2.84,54,127,3.55,57.6,11,20,67.16,36,50,69.76,70.48,-24,29.09,37,116,-34,37,121,146,17,-5.18,-9.78,-2.51,76,-27,40,0,101,124,121,114,21.71,-16,-39,-46
121,82,58,4.92,-4.54,52,12.44,0,27.43,64.15,2.23,77,-16,-22.23,29,-17,5,-33,135,124,30.74,149,3.05,17,25.53,89,26.61,43.61,-50,-17,-20.14,141,31,2,51.29,50.83,42.23,80,19.4,-25
105,128,55.38,47.45,69,55,115,54.33,143,-26,-19,34.7,127,-12,34.8,21,55.03,49.67,28.3,-12,-2.88,88,11,19.42,118,45,143,50,65,-21,41.12,68.48,-32,86,93,84,-10,78,59,-9.52
-5.7,13.79,-11,19.13,31,-38,-24.97,43,106,-46,-11.51,29.12,-3,70.72,21.41,131,-24,132,54,-43,136,-21.74,104,78,115,98,-14,131,42,56.95,39.21,63,69,64.66,5,93,10,57,28.54,120
-0.17,68.62,98,31,58.39,38.02,25,118,85,131,73.26,-8.53,-21.77,38.34,26.93,98,13.97,9,14.91,-7.57,66.07,140,139,5,-36,43.47,3.52,13,127,131,-2,25.7,-22.61,27.71,-7,60.58,17.36,-16.79,79,15.92
30.77,57,119,45.6,71.57,53.12,43,129,53,0,114,-28,126,6.19,-23.44,145,-7,18.07,-8,34.89,-28,78,-25,1.61,63.5,9,95,21.11,36,52,35.65,-49,95,127,100,22,41,88,82,24.54
16,133,68,-15,-8.81,-36,61.7,-12,46,-15,-25,74.5,40.86,-6.25,13.79,70.61,17,-9.27,0.1,12.18,51,62,19.01,73.18,12.8,29.35,5.33,30.97,50,-37,113,4,11.82,68,-34,45,-32,-27,26,-8.69
54.96,109,119,11.65,-8.08,145,43.17,-1,142,-32,26,23.69,41.23,45.16,26,137,-39,111,-7,-2.3,56.38,33,134,52,138,4.15,43.09,14,34,67,-14.52,0.33,-21,-14.05,46,75,-1,0,123,5
37,37.85,73,64.79,35,48.01,56.15,-4.73,-13.44,78,58,14.45,104,9.67,28,39,50.45,142,93,100,31.8,18.66,-22.53,90,59,120,68.7,48.04,129,-11.22,23,64.93,94,88,70.66,-2,21,-38,50.31,56.17
-19,-42,147,-16,33.23,-30,62.59,-12.99,11,-44,147,-37,-6.11,80,4.3,75,24.33,-1,25.22,83,67.89,51,1.24,-7,-32,28.57,57.51,19,15,60,21.74,25,61.06,-9,-21.52,3.37,26,46,33.09,-11.45
128,149,104,110,-37,57,69.38,6,113,-36,-46,39.87,88,13,148,10.88,109,57.8,149,59.25,-45,-35,70.16,59,36.72,-44,-24,28.56,51,44.1,116,-18.86,-3,-12.46,-6.67,25,-8,120,-38,-31
29,61,62.11,36.96,-33,-1,-12.87,5,87,-42,0.74,-45,-2,139,-12,30.11,-7,2.36,3,-47,58.79,141,-7.75,43,26,35.49,116,60,4.24,-3,24,36.46,-18,53,139,72,-2.9,78,-5,58
15.09,2.33,91,-10,107,15.56,16.97,26,65.22,36.23,-5.66,45,-38,-4,65.68,34,2,125,100,-26,136,135,17.29,121,-4.75,44,12.44,-46,-47,50,39,142,56.97,57,2,-14.87,-7.21,9,-0.87,42.4
105,15,51,133,33,18.49,70.6,97,12.97,124,1.91,69.9,2.72,5,3,63.74,127,98,54,40.53,60,145,59,-11.95,18.63,50.43,117,140,63,81,8,116,115,105,-22.49,-37,-7,-2,57,24
3.1,-17.73,-8.56,-8.72,48,50,21.88,78,102,54.29,2.59,14.21,141,-15,103,34,61.41,41.09,27,8,-14,129,24.17,0.77,15,-16,-11.31,49,53.73,83,-12.62,34,36.51,43.49,85,-12,89,25.59,72.94,-27
32,74,107,27,-12,-17.49,-6.99,65,-10.52,60.34,-38,42.07,48,-16.45,47.72,38.64,-48,5.42,-17.21,101,-19,3,61.62,108,92,5,140,31,56.51,9,34.67,10.16,80,89,24.83,0.33,39.79,44.77,149,11.28
53.95,-17,78,9,69,68,110,53,38.32,91,-4.47,-44,132,12,74.84,8,37,126,-12,70.09,121,33.2,40.71,42.39,-19.28,138,-34,8.04,-7,116,-50,-24.36,-14,10.36,50.27,132,52.26,103,13.73,50.27
-14.12,63.09,-18.59,33,57,-34,74,59,133,39.09,33.87,11,128,24.77,9.35,138,32.08,43,33.56,-13.97,44.04,44,-9,-24.49,-31,113,58.03,-15.82,11,136,65,13.6,0,69.79,-6.61,25,34.2,95,-33,34.23
-49,135,61.77,-17,-10.67,36.59,-19.99,-24,-11.49,-49,114,41,140,34.84,95,138,59.05,-38,-3.73,3.32,125,-6.01,29.89,16.3,16,-8.19,36.42,58,-8,53.04,147,39.64,-36,60,-20.43,44.98,72.94,-30,-30,25
32,54.56,-37,-16,85,-11,59,136,123,49.42,-14,30.76,103,-2,122,20,39.84,65,65,26.99,49.54,-15.55,4.92,1,36.89,4,3,81,-13.74,74,61,-10,-17,46.61,56,138,30.08,24.93,-21.04,-33
10.56,61.63,43,-18,28,80,60.89,12.79,110,1,46,6.06,32.89,60.71,19.67,12.26,67.82,10,-7.2,-23,-20,47,7.78,40,3.35,133,54.03,27,39,-20.02,93,-22,111,43.01,25.05,79,76,-2,77,41.31
54.03,63,66.76,-16.28,-44,5,-42,110,61,39,-22,-17,105,18.35,3,65,25.13,37,54.17,-10.05,39.42,146,30,68,61.97,28,-11.07,-15.53,6,42.57,21.28,119,61.08,-34,95,38,30.35,65.5,75,70.55
43.44,46,78,-21.09,14.7,28.87,61.07,-37,113,91,36.13,73,149,62.64,61.97,-22,20.11,48.7,-19,-11,-39,11.3,14,42.14,-31,111,-10.92,44.74,48.44,8,84,-22.69,-16,74,4,125,38,13.09,62,50.67
76,137,26.85,114,13.5,54.45,-1,65,36.23,146,38,0.04,-17,13.74,37,148,-22.48,99,-24.22,-2,100,9,42.68,24.32,66,-8.91,72,-17.37,50,48,70.46,-20,20,96,70.82,136,52,-49,66.82,-44
30.31,145,5.19,64.27,16.59,69.7,-40,146,-9.53,148,4.19,130,127,-4,57,25,59.43,-48,-12.78,-29,144,33.79,49,-11.27,11,91,65,130,129,-1,102,-1,-47,-23.3,89,129,64.14,50.05,27,-19.91
-13.16,24.17,145,-2.94,-1.44,108,14.89,57,24,-9,50,68.5,-33,85,74.51,-45,-47,-15.42,118,18.34,-31,49.79,-9,127,32.44,20,-47,5,13,140,108,-6,7.22,104,64,-31,88,-33,14.57,76
134,-37,69,53.79,57.04,95,60,63,-1.91,0.37,100,5.49,80,132,113,-8.51,27.44,54,18,98,-11,-50,41,104,-43,13,-33,1,-20,30,41,136,35.18,109,4,102,54.09,1,-14,63.44
35.66,104,-4,70.7,-16.95,114,121,-25,45.62,71,62.19,77,74,-25,10,-40,124,80,16.99,-13,143,40.89,73,29,53.13,136,-8.96,46.62,-48,-15.48,-48,87,27,81,81,54.5,13,-31,-6.95,87
50,103,62.34,102,-10.22,46.02,18,136,39.92,67,74.75,43.29,2,108,85,84,32,15.54,129,88,29.45,131,71.07,90,-15,36,68.4,-2,-13,108,46.08,10.15,126,20,4.3,-43,37.68,63.42,-46,145
17.83,97,87,2,116,23,-43,13,54,86,9,15,11.98,108,106,48.65,-7.94,83,111,59.87,20,67.64,109,21.37,60.92,5.01,65.77,54.94,-50,101,98,58.91,-36,-34,28,140,-1.72,-42,-13,72.78
44.84,61.94,29.17,60.36,116,72,71.98,-8,98,46.89,70.44,-17,-29,116,63,49,3.01,88,-4.93,-1,74.73,37,25,90,20,0.55,132,42,43.12,-44,-43,49,46.5,102,44.37,14,55,135,-29,64
102,54,70.09,132,148,29,11,140,45,138,68.11,-6.95,44,136,29,33.07,28.03,106,-1.22,43,-14.07,-2.06,4.88,-16,-17,33.35,-24.87,8,78,31.55,141,-13.74,59.77,62.95,46.63,-4.88,63.08,38,-42,19.33
52.6,30.32,-37,-8,61,8,66,-38,50,9,0.44,-23,-42,70,-28,85,-1.64,5.46,-13.31,-2,20.57,51.61,89,-19,62.84,21.81,6,-15,82,-11,139,-49,48,-37,62.1,12,15.14,61.98,-38,-20.62
43,62,18,56,-39,-23.75,44.99,73,17.33,142,48.52,45,7,11,-49,5,-37,54.89,127,32.22,63,141,38,41.64,-14.41,26.3,37,62,67,147,43.31,67.73,146,-3,-20.85,-14,-5,100,-11,12
-27,-24.32,123,54,13,62.99,80,81,-12.21,36,13.11,135,-12,45,-37,-31,106,87,30.2,53.25,63.15,95,70.23,133,25.31,80,4,75,34,2.46,140,41,14.03,114,35.37,56,0,139,27.61,-50
54.3,-2.84,-19,59.5,120,28,18,-3,144,-24,128,-17.21,31,106,73,149,37.08,86,45.47,18.01,-26,-20.63,-15,9,-44,32,-19.14,7,55.47,-33,118,147,45,100,-48,62.51,-9.77,135,119,110
75,98,47,129,-28,42,17.35,9.72,26.91,-12,19.22,32.06,74,82,40,112,37.76,45,132,80,-6.51,20,101,105,-20.08,59.16,21,50,115,-20,27,12.99,48.77,63.54,66,1.17,41,145,-1.42,87
29,-15.69,8.82,42,21.48,-49,149,146,-10.43,-22,12.98,68,102,20.16,-3.24,50,5,-1.76,-38,48,20,146,136,77,-27,121,29,24,64.7,15,-11,99,20.09,30.31,78,1.57,34,25,138,110
59.48,38.49,50.34,50,5.29,39,124,148,66.59,126,-37,9,43,5.15,5,-15,15.64,31.72,103,45.11,-37,-13.55,31.8,65,25,54.32,106,-37,48.45,94,-9,64.29,-36,35.31,51,94,61.43,3,-49,85
86,18.67,-17.81,24,43,-13,61.1,143,-4.16,-15,9,-17.27,-22,-14,11.91,99,45.95,-6.8,-6,17.41,15,51,72,-9.42,-32,4.46,27.2,30.18,134,66,124,97,-42,125,111,136,-27,57,48,26.59
18.59,88,38.55,30,17.53,51.7,51.97,79,51.83,12.14,25,53,-12.84,73,35.75,72,-24,-7.84,-17.42,50,22,93,135,49,130,93,68.73,-20.03,65.01,82,21.47,65,-20,-11,65.69,92,89,50,96,-3.83
16,47.05,143,122,128,-42,-15.95,36,31,72.31,68,-50,8,-7.4,18,-15,6,75,-40,87,14,46.28,-48,85,-16.15,80,71,33,-49,48.74,18,136,23,-13.45,-39,-14.51,21.62,4,58.62,-36
31.6,93,61,3.67,14.71,143,20,89,108,126,0,-30,54.14,12.66,141,134,133,11,115,141,-24,38.11,-16,26,-10,71,-20.84,19,103,10.26,44,139,-12.86,-23,-24.15,17,52,25,-18.31,14
57,71.4,13.27,71.98,52.95,34,26,22.5,44.83,51.55,103,6.27,89,71.22,68.1,62,27,65,85,102,40.14,-49,-48,83,38,-37,25.67,-32,18.88,20.97,44.83,45.32,-36,75,25.44,-11,16.18,24,55.15,5.68
-4,36,70.59,66,23,15,82,148,30.72,67,29.87,66,115,-24.29,56.28,30.64,37,-49,-23.7,38.93,56.93,137,100,119,110,97,71.71,58,52,71.13,60.85,142,-4,-14.18,20,20,-24.65,134,-11.85,63.79
52,88,115,-15.6,91,53,148,38.79,77,3.23,87,7.07,-43,60.54,-9.9,-46,51,3.06,-9,123,98,18.11,32.17,-28,-46,63.95,37,39.58,-23.56,-5,42,131,42,61,-7,26.59,79,56.59,44,125
145,130,-1.32,-21,4,49.03,22.03,121,16.62,49.35,-2,71.48,36.61,11.83,16.21,-9,141,-38,20.99,66.59,-19.45,95,50.95,-5.04,135,-11,-16,68.83,114,14.82,24.06,91,6.88,38,54.34,147,-4.73,108,-4.32,49.8
134,89,88,-11.64,-50,20.38,-17.52,67,31,42.2,70.57,40,46.48,-22,45.89,34,55.54,24.3,39.86,-21.77,16,-33,14.35,6,81,74.31,38.15,9,39.24,49,72.62,25.84,146,69.56,39.9,33,-26,142,148,138
-1,-14,16.36,22.6,94,24,42.98,44,-21,121,31.79,140,128,101,76,13,5.31,-24.99,9.03,130,-42,135,84,82,-2.35,122,77,42.21,-26,-6.8,36,-30,118,95,79,20,103,40.63,87,104
3.28,7,72.59,85,8,40,127,2.27,62.58,-43,-48,35,68,67,0.52,17,-15.92,-4,11.38,64.18,72,68.87,53.93,57.2,-7.88,-22,143,-6,50,-14.88,67.17,71,55,-45,-13.06,128,47.38,114,74,28.4
58,41.06,8,8,61.51,-8.67,63.84,8.84,-20,85,-28,72,67,44,63,147,46.91,-8,76,73,32.11,41.64,29.56,-13,23.15,92,0.75,29,130,53,43,-6,-40,-22,-11,103,32,-48,81,-30
36,56,-21,16.26,24,16,-18,-17,78,21,109,64,-1,35.56,78,72,35.38,-8.91,148,6.08,43.22,59,118,-9.08,141,41,-7.85,27.24,-22,58,6,-45,17,62.08,-15.31,59,61.75,55,-8,42.19
37.77,3.51,113,53.25,142,45.11,37,94,66,-21.76,9.82,52,124,44,22.02,-46,1.71,-29,52.19,31,108,-20,53.54,105,1.38,32,39.92,87,14,121,54,137,111,64,-18,25.72,69.56,60,38,118
7.15,66.07,62.14,111,36,47.03,49,23.11,140,49.56,111,3,53,44,-23,127,28,64.63,68.81,41.46,-15.58,12.55,88,-8.98,103,86,74,12.09,-34,57.02,49.01,90,26.63,-19.86,104,8,106,27.61,135,3.5
14,-6,140,40.85,9.97,68,54.17,38,-5,48,-28,-35,81,63.56,63.27,62.19,39.77,7,55.33,2,149,-12,138,141,38.26,-48,84,-5,-32,-6.9,70.19,54.89,100,56.88,18.49,-22,33.03,17.68,-50,19
-23.29,125,67.16,85,97,59,110,23.37,131,-2.47,92,32,3,-16,47,-49,126,-49,73.02,-31,146,12,78,88,-20,33,46,131,55,124,141,40.95,137,43.43,87,25.73,51,-17.3,143,136
-34,44,113,86,65,41.34,68.1,120,60.49,18,14.67,115,-26,53.97,21,-21.12,63.94,-17.15,143,-28,114,7.64,-20,42.56,47.36,-15,143,134,99,69.35,-22,55.12,95,13,-48,75,34.92,27.03,148,-12.77
-36,5.51,1.28,-6.96,17,13.61,-18,-7.55,-39,66.35,20,-47,46,1.9,29.77,39,45,31,-49,51,-4,-20.26,31.06,-17,-28,4.76,44,0,11.07,57,17.54,39.3,65.98,28,-27,100,-15.17,97,21.55,41
62,59,-14,6,-24,97,48.79,-44,46,4,114,54,15.46,67.03,80,121,-2.67,-42,119,-14,-32,74.65,5,40.55,37,-18.63,28,20,-23.62,117,14,14.7,110,39.39,73.26,19,14,-1.47,-4.02,78
-10.89,21,21,140,53.8,-30,122,83,33.35,-33,-7,28.88,-41,73.94,25.13,28.18,11,136,134,66.11,43,14.6,37.78,-7,52,-22.25,124,47,38.59,52.44,43,11,52.62,-3.67,30.69,-45,22.36,-22,10,-50
-23,78,-20,67,92,74.7,16.75,70,113,-21,113,-31,54,71,103,20,59.12,20,-1.71,5.93,19.66,74.42,82,19,119,18.97,52.38,-4.08,-30,66.89,83,-11.22,-24,63.22,136,65,54.25,-21,77,-32
45,-4.11,21,59.45,42,34,-6,35,90,5.21,-50,49,23.7,-12.45,-7.58,127,-34,125,26,20,2,49,137,127,142,75,128,0,6.96,83,39.84,10.86,31,-19,37,19,-17,35.67,80,51.16
77,-13.82,4,48,81,59.78,37.88,75,17.28,66.99,139,10,49.18,57,20.66,47.05,141,122,-18.8,132,134,-28,40,52,-7.65,138,11,38.85,-38,96,4.36,132,41.52,58,51,-10.17,38.13,71.2,112,113
6.79,93,57,89,106,138,-20,-15.83,-41,-13,11.28,57.96,64,60,8,144,62,118,21.45,133,18.15,-16,45.22,77,58.73,-42,95,57,38,47.63,36.11,59.83,31,-13,56.32,2,134,-22.27,-20,19
34,54.13,32,7.51,5,-9,97,16.39,51.69,65,3.96,101,31.89,43.73,-24.98,-23.72,-33,84,33,-13.38,53,8,30.57,11.63,71.17,-22.87,110,31.41,50.88,82,145,-15,8.6,70,82,23.78,73.22,77,-20,5.44
-46,67.31,34.69,42.01,50.35,126,-47,133,3.14,51.54,2.96,25.62,39.44,111,-34,127,62.62,126,30.78,15.21,-2.05,-24,44.95,-6,80,111,86,-28,-38,66.02,11,-32,63,63,76,2,78,96,44.36,36
-27,-8,81,27.5,55,-20,41.42,46,-9,6.83,38,1.21,109,124,130,-12.91,-45,13.85,-44,-2.92,52.44,-20.23,35,7.81,-6.86,58,-32,-29,-24.75,-43,126,27.36,59.66,104,114,62,64.47,8,128,12.61
-41,95,-24,-18.91,61,62.97,-39,23,-50,97,94,59.42,56,101,5.8,26.91,-6.41,11,-23,58.99,129,64.81,40,74.51,-39,12,53.09,60.82,24.75,60,77,18.41,61.29,-22.61,32.5,140,37,-24.46,-1.31,53
63.45,71,31.28,8.24,-39,72.61,67.71,46.39,93,41.87,60.74,69.05,10,-50,87,-26,149,27,-20.37,-24.46,58.23,141,122,-50,45,58.8,36.83,57.74,135,15.94,58,82,55,92,-31,73.3,123,-10,47,133
27.31,-5.79,-44,54.21,-4,137,80,42,17.03,149,54.52,20,70.52,104,104,94,10.04,108,73,-19,32.22,35,18,-50,45.65,8.29,4,-14,142,79,82,53,19.47,83,-2.35,42.75,-43,-2.65,37.95,49
20,93,52,9,-2.72,11.89,-28,58,19,-17.78,147,88,77,17.78,51.08,-13.62,-48,-28,126,30,54.45,34.6,147,132,-9.16,98,107,-41,11.13,48.91,129,7.24,86,144,105,2,24,85,11,-22.97
44.34,135,18,-24.1,59.36,23.5,-37,52.19,-38,49,110,117,29,-24.28,28.04,66,45,35,-16.56,26.23,57.73,30.99,17.84,32.44,-47,73,36.67,17.62,124,46,-4.98,-22,50,17,60.91,132,29,54,148,105
33,105,70,125,73.16,133,4.02,-14.78,35.9,-12.64,-18.59,116,7.8,96,-14.32,62.31,-7.01,127,143,-18.33,-37,-44,-49,12.25,53,56.38,31,6.21,-13.41,6.82,20,97,-14.75,71,-14.48,24.8,145,118,-41,119
115,-16,143,101,35.29,145,41,16.57,57.33,68,31.86,-46,74.33,32,72.68,-11,42.31,35.32,67.17,126,105,-20.86,40,62,110,42.89,10.59,-28,-24,96,94,126,-14,12.72,13.56,-22.92,82,62.08,144,71.05
-11,45,103,-17.95,41.07,101,37.07,-1.26,3.84,-13.73,20.04,75,19,105,149,19.67,30.47,128,-29,6,32,124,96,1,56.55,2.65,108,135,80,33.53,29.05,6,142,144,74,13.82,110,88,-8.11,-17.56
59,-23.62,-50,-6,74.31,62,139,12,45.48,93,137,-21.45,-13,61.22,3.12,62.14,130,-1,74.62,61.37,98,15.63,55.36,82,23,8.99,-10,-2,115,22,-15.99,-16.92,22,55.93,-46,-35,-42,61.95,4,68
-5,32.99,26,11.83,61.35,-3.58,99,64,92,6.51,-12.9,26.83,-2.52,85,24.03,-27,48,44,-1,2.2,32.2,5,43,-11.54,41.21,68.43,-31,-19.72,76,25,30,-12.53,25.96,103,6.63,-1,39.29,35.7,145,87
8.39,83,89,-41,62.89,-37,-22,42,-3,7.06,61.49,49,14,71.17,15.07,60,50,-7.89,-6,-19.77,49.58,48,30.16,73,-9,-19,44,93,20,123,51.79,132,13.9,28,34.88,13,34.1,117,1,-8.3
-2.23,4.11,76,39,-40,33.95,145,52.33,66,112,119,92,20.7,108,-4.61,83,77,58,55,48.07,10.05,-9.54,12.61,73,35,5,20.03,50.76,112,36.35,67,83,97,-41,49,46.03,-19.16,125,40,117
102,79,-2,28,53.72,94,-16,66,-15,147,-15.44,10.39,87,54.89,31,98,-8.09,46,-17.07,119,34.84,44,136,-14,22.13,-19.41,122,29.65,21,75,-9,28,-4,72,-0.73,97,130,0,5,-15.62
76,88,71,85,-5.34,-11.68,-14.42,66.75,65.23,104,107,18,106,37.57,53.09,-8,78,-9,15.97,-10.45,12,118,19,-15.6,65.23,23.48,-14.68,45,9.5,131,64.86,46,-50,16,55.62,-16,84,68.45,-6,50
55,-3,65.07,87,133,54.15,35,35,65.2,-8.47,-1.63,16.75,18,54,55,19,30.74,100,117,38,-41,24,125,98,10.4,-39,-50,39.02,29.52,72,51.9,68,123,27.74,63,61,37.67,48,125,-19.85
62.85,64,38.46,-27,128,-8,31.95,141,18.73,-18.42,-18,10,16,56.8,39,2.32,59,-10.56,13,143,115,22,40,43,90,49.23,3.29,26,-9,-23,138,40,18.66,59.43,149,48.3,52,34,83,14.04
105,-15.54,17.76,83,29,119,-21.16,91,53,6,47,97,-9,35.56,-7.85,73,29.96,-10.24,62,123,28,-40,18.11,146,19.24,87,42,-17.52,104,31.79,42,148,72.35,50,54.68,12.6,18.02,-22,71.05,34
50.18,113,-17,28.91,33.27,-36,-11.78,44.83,140,108,12.16,42.21,17.83,73.84,112,56.84,85,-46,-13,42.82,18.6,43.54,58,62,-24.16,-7,130,53.82,47.16,50,-14,18.27,69.62,79,65.45,-2.89,82,32.89,-31,22.83
65,4.46,19,10.97,-8,52.88,63.83,-11.66,30,19,64.86,104,104,-40,-43,-6.78,97,6,26.86,110,-14,139,104,113,50.66,42.79,29.87,-37,96,66.77,106,70,-26,-47,-13.83,47.09,72.12,-22.5,133,62
70.04,-13,8,-15.85,39.69,94,67.22,79,56.41,2,70.96,144,73.64,86,14,126,3.54,14,46.06,95,-17.86,54.11,77,139,-23.61,-47,-17.94,50.02,94,37.23,56.84,10,8.71,7,54,-50,142,-22.53,51,27
34.43,0.88,65.52,101,17,22.74,57.04,82,85,42,79,0.24,-20,132,41,51,29.13,66.5,149,43.85,-8.02,24.77,45.63,7,58.62,-11,71,61.17,127,34.77,73.66,-21,72.1,63,-28,-25,48.72,-5,-22.25,100
56,14,60,-20,-23,-14.5,121,-13.62,44,120,63.97,6,-6,-7.65,69,100,66,4,50,1,0,95,-23.13,1.22,-11.22,-5.62,40,146,28.06,58,71,85,-12.81,-1,68,21.38,103,65,62,75
103,21,-2.27,149,-25,135,108,18.28,-18,-22,10,-14,106,131,32.5,43.5,77,122,148,53.49,138,12.12,129,-35,95,94,10,70.45,48,91,14.32,-6.35,5.16,29.23,20,76,79,104,8.52,33
64.77,42.51,60,10.12,27.81,116,116,75,-33,-8,62,34.41,13.17,-36,-8.87,-13.59,35,57.77,40.71,-26,45.71,6.31,51,87,-18.49,66.54,63.97,30.02,34,15.32,-22,147,56.78,-2,-11.88,69,91,-50,-9,55
57.81,-34,26.33,5.37,52,48.85,49.77,-47,42,126,2.09,67,3,130,55.6,74,28,44.7,-24.56,50.93,102,-34,97,36,126,71.61,145,3.1,69.3,29,24,68,10.66,9.83,3,27.21,16.52,89,70.72,93
9,5.7,-38,17.91,49,70,19.37,25.85,6,-41,44,3.77,59.09,-18,66.97,43,34.91,52,-14,49.01,22.48,6.22,148,141,135,126,-1.42,131,-20.66,31.73,147,-5,107,23,-14.23,46.47,-19.95,46,5,45.71
6,-8.04,-1.22,67.65,38,-18.3,11.86,143,63,102,22.36,32,66.78,123,40.72,28,-8.71,56,37,123,124,-30,11.33,63.57,116,63,33,122,-46,38.57,130,2,29.54,144,124,50.76,69.2,18.59,66,104
-9,-19,10,-7.97,133,-30,24.72,119,4.05,-22.76,64.22,48.12,45.67,65,-9.25,5.39,57.54,6.99,-4.68,17.66,117,14.54,-18,-3.03,69.96,82,61,18.81,-19.2,52.32,47.53,89,18.87,4.8,21.31,142,14.11,-22,59.57,109
81,3,19.53,24,4,2,126,-24,-44,118,-0.11,50,115,15,30,-13.1,145,1.86,15,10,-36,26.68,64.81,31.53,8,-41,132,-3.72,83,67.32,48,55,82,36,73.85,133,-2,-20,32,79
35,99,-25,81,81,120,20.14,115,-17.86,11.1,17,28,76,-27,-3.15,26.93,0.68,32.89,107,5,32,36.07,137,32.07,-11.96,33.65,24,99,32,118,50,18,107,-15,38.69,25.37,6,-13,-8.19,92
-28,29.62,-31,-37,-11.14,32.5,49,27,70,11.67,-4,50.75,-28,2.73,124,6,31.93,44.76,29.07,-11.99,-18.23,73.8,-19.29,26.12,-20,22.5,46.75,46,1.56,71,-18.08,130,132,142,134,-11.44,51.46,35,122,143
9.42,-19,67.63,-32,-14,-23,44,-6,15.32,-39,92,97,-46,45,21.44,-17.04,-30,3,-11.08,-3.86,17.63,23.66,48,50.02,-18.09,-1.22,-24.15,73.86,21.18,136,42.51,-20.32,86,-14,8.7,73.37,25.05,-9.69,25,-35
46.61,66,-4,-10,-19.41,2,144,136,-22.38,76,7.97,57,6.18,1.15,-2.06,40.45,47.88,44,45.69,22.67,34,11.13,24,61.13,20,115,32.25,69,0.06,90,-48,7,6.24,148,-5,77,-38,-12.85,-27,13.2
31.37,42.81,103,28,66.76,0.6,3,12,34.11,-15,-3.95,120,95,64.73,23.57,73,26.57,6,146,3.76,-38,34,72,18,-28,104,125,41.31,-46,59.18,59.81,66,4.76,71.74,18,61,53.43,71,50.22,-15.06
131,-49,37,-18,38.42,98,49,9.49,47,-48,-7.31,144,-8,127,-23,39,22.33,-3.23,4,66,54,7,70,106,-16,100,47.47,47.5,63,-25,47.07,47,5.82,6.13,53.02,93,126,41,71.76,99
13.66,-20,77,16.53,-16.9,59.28,74,100,115,-29,-33,18,10.84,130,53,34,80,-16,101,-15.44,132,-18.98,106,32.18,-45,122,-14,130,134,108,13.89,14,7,17.24,-39,23.93,0.65,35,37,59
91,9,94,69,-49,73,21.57,27,-49,-44,59.99,37.07,3.9,32,52.67,-5.69,110,60,5.75,-2.12,77,50.96,5.05,-37,4.49,0.14,130,31.44,69.64,-13.41,76,9.77,-1,-9,59.78,71,-49,-4,67.42,37.56
81,54.24,-1.33,16.2,-50,53.4,3.55,77,53.77,23.85,109,29,-16,139,4.82,99,4,-2,21.24,-24,47.92,1,-5,60.43,103,12,8.3,4.19,69.22,6,-7,143,86,52.19,-7.78,-17,120,-18.28,14,42
27,-17.99,24,58.33,16,77,127,-9.99,13,7.1,-32,41.25,69.2,138,9,44.65,74,-13.02,-21,110,29,22.47,37,100,44,-22,63,-12.87,-17,77,57.95,2.48,-28,71.44,3.06,71,41,69.69,25,54.14
31.14,106,104,-21,24.56,41,-10.28,-19.83,-29,29.5,62.76,20,46,105,51,-19.9,-39,-21,89,40.55,35.47,14,36.08,71,3.64,58.5,70.82,25.86,43.17,109,-16.98,67.35,13.72,117,38.72,32.98,80,143,40.35,37
70,64.49,30.64,107,79,19.4,27.12,115,45.68,81,93,89,34.04,-14.47,-1,145,109,37.18,105,64.32,4,-43,-10.85,117,-24.64,23.96,-6.53,111,-19,106,35,-7.73,1.65,-16.27,122,-27,40,-21,62,47.78
84,11,-11,63.76,55.67,105,37.23,-15,58.7,18,118,55.48,26,76,-47,60.77,2.82,72,54,109,-20,139,50.55,26.44,47.33,-4.02,53.1,7.9,72.41,63.71,61,69.4,-13,126,9,33.81,-14,-13,0,2
83,49.25,-8.86,97,33.94,142,-3,104,-13,-30,52.72,10.43,123,-23,76,22,118,104,23,15.92,78,34,145,51.75,54.42,43,-17,-27,117,6.37,78,30,-27,-6,53.45,-21.57,117,43,-9,-12.06
26,45,28,-8.39,39,46.72,5,112,103,118,100,114,-0.56,-28,-5.64,57.58,62,8,16,42,101,53.99,52.98,19,-1,91,73.46,99,26.65,89,-12,86,143,34,19,138,25.41,-41,19.26,-12.08
7.89,65.03,-14,44.34,23.76,90,55.53,104,53,36.26,122,12,-10,72.61,122,74,63.33,115,21.43,82,-10.84,59.36,8.05,3,6.19,93,58.39,-39,-50,146,-5,9.22,119,64,63,-7.36,75,59,143,40
55.94,75,-13.5,-20.85,-25,144,-35,109,113,-35,4.88,12,56,97,-44,19.03,125,50.35,34.21,9.58,126,-18,24,65,32,-16.8,90,26.27,-15,-49,50.5,144,115,-12,16.7,21,3,21.23,98,-38
-23,58,-31,23.42,148,-45,147,0,52.11,48.58,-19.79,29.01,26,19,9,17.15,68.79,66,28.59,-18,12,-3.53,-15,85,84,-27,67.87,-33,16.79,74.47,22,104,5.11,-18,40,146,105,72.81,54.12,-24.89
138,17,-22.31,52.81,51.03,-24.78,15,-1.55,-47,51.2,23.11,31.58,60,-47,7.55,50,108,-24,-28,-16.36,45,97,134,22.99,126,140,134,28.8,-20.15,2.91,128,53.66,128,39.86,39.62,106,-6,-1.78,7.38,137
78,55.77,72,46,-24.14,26.69,92,19.4,-4,107,63,90,24,25.78,-6,-36,-41,52,-4.11,126,-21,87,52.73,24.86,118,146,28.46,37.91,140,-11.21,5,-18,-46,57,87,131,54.82,119,-32,7
131,30.95,-7.67,-11.47,-18,45,117,130,101,-29,54,-3,-2,15.4,25.45,40.42,-24.15,-22.69,32.46,-19.29,32,64.43,-6.31,4.28,-45,74,43.99,33.49,41,49,2.43,88,139,50.41,61.42,66.47,60,5.15,6,9
-15,66,16.99,44,96,6.45,66,56,2,68.36,3.71,75,134,72.95,-12.36,-28,73,133,134,-38,20.44,-21,117,-9.4,143,98,142,36.75,-12,68.69,67.09,74,6.78,10.02,22.33,104,113,40.16,48.93,93
2.81,7.76,112,-19.24,-19.3,53.63,62.84,146,89,10,11.06,-9.19,99,47.21,40,-38,-19.93,-28,-33,54.34,10.84,68.9,23.2,122,74,23.58,128,2.89,-10,122,131,75,36,104,68.49,-43,84,125,46.58,-21.57
10.73,50,133,135,50,36,-8.39,93,-40,67,70.2,110,83,73,97,90,3,11.7,-11,6,-38,128,43.59,119,74,59.27,114,100,-24.99,116,1.7,43,132,67.35,5.17,47.42,65.97,-27,-8,-21.31
39.37,44,70,-13,50,-43,-2,128,-1,128,-25,-9.93,72,37,61,-10.34,8,22,24.06,99,6,-44,15,94,38.86,110,36.71,-23,9.13,62,13.71,-12.44,109,28,73.86,74,24.51,-10,105,11
67,-48,72,-24,71.95,68.63,42,-12.79,33.49,145,-32,75,23,70.81,4,83,55,-1.41,-1,-48,116,-33,-24.09,-18,74,15,22,-6,43.38,58.64,118,29.63,23.06,56,141,59.62,59.32,13,0,138
48,-6,9.85,-27,47.76,59.9,73,-13,120,134,62.55,61.39,141,37.06,67,119,52.2,4,-15,9.59,89,1.19,56.62,52.94,-46,24,25.98,54,20.63,145,-16.1,61,119,103,20,-8,76,86,136,7
34.88,85,136,-48,64,10,-6.68,5,40,65,-39,46.6,-43,2.18,65.88,3,-15,106,139,-14,6,48.61,41.85,9.37,-24.53,18.88,38,75,64,82,63.51,39.9,-45,-45,70.23,14,40.38,10.94,-36,54
-47,91,57.35,1.74,72.13,8,-6,104,3.29,142,140,92,-24.25,53.25,-27,-26,45,-24,94,-10.58,-28,89,-32,129,119,53.44,55,137,-14.86,-18.81,32.28,-12,-10.94,94,33,78,54,0,51,60.54
-3.16,57.97,12.63,-7.89,-6.03,68.17,2.21,-0.95,-11.73,-15.95,1,18.58,4.49,-13.26,-25,66.04,44,31,131,32,63,-11.38,100,139,-2.95,90,14.4,49,72.34,50,10,32,7,22.75,-3.37,15,111,57,83,50.4
123,71.23,4.26,18,81,59.65,-24.72,-10.72,-39,-17.03,35.82,74.72,16.3,103,25,-46,108,99,34.2,46,96,127,117,11,73,45.27,34.61,133,-36,-7,60.59,-28,53,34.03,114,73.01,-12,18,104,89
-8,65.74,74.53,-50,30.4,-43,96,124,-13,50.35,95,-13.14,132,8.08,62.41,-2.05,33,-48,53,24,113,38.29,-9.55,59,103,101,8.03,54,-20.34,49,10,-22,53.36,1.31,8,13,137,147,49.76,-10
63,87,-38,17.93,-20,19,-6,89,-8,27,2.98,6.95,135,23.48,-22,-47,-10.2,-34,120,50.36,8.75,29,4,45.87,12.8,66.06,-6,13.2,-12,-21,11.02,22.86,114,78,24.98,54.36,36.03,19.14,-11,-0.02
82,70,-4.75,-32,55.15,-26,-23,23.21,119,-2.07,40.3,66.81,6.61,58,126,50.3,13.37,134,52,56,-29,43,-41,-0.95,39,-50,40,57.55,38.23,-43,122,128,23,-14,121,65.48,18.16,-46,138,60.36
-15,41.83,79,71,-3.95,-33,54,54,9,118,-40,92,65,144,60,43.19,43,-5.76,-44,-14.25,46.42,-9.06,140,21,137,6,-3.66,9.8,50.78,30.88,9.35,5,123,133,70.7,-8.34,5.77,145,-9,39.67
139,132,67,-18,33.07,126,44.65,39,121,42.59,21,4.04,104,13,-13.84,143,68.02,22.34,29.41,-6,-4.88,83,101,-44,-21.65,107,122,13,113,-48,134,-10,30.37,99,56.08,137,6,68.42,58,-20.48
60.75,131,-8.18,25.3,-22,105,-45,-6,58.98,65.83,-6.48,-5,136,29.58,52.48,45,-22.57,50.05,7.22,84,7,-28,4.34,-42,147,95,11.57,147,47,-5.07,12.5,135,-23.7,54.14,41.06,70,-43,-13,-45,45
24.97,38,-24.51,4,-46,140,64,35.53,33.69,-13,57.22,19.93,33.33,-1.99,-7.66,107,74.96,28.72,53.51,-32,8,-1.93,93,133,65.18,-7,75,43.86,-21.54,-22.38,78,-6.86,149,14.47,-27,-35,71.2,52,144,-35
-9.16,-41,1,-35,33.26,41,12,36,65,-47,106,0,115,-11.82,93,37,143,90,112,-38,5,126,40.11,112,139,133,96,-46,20.98,54,-23.06,130,107,66.11,-45,14.46,-45,-32,6,-22.56
25,91,54.92,10,68,54.06,7.98,41.7,49,29.66,41,-12,-5,20.83,31.4,38.37,32,28.13,55.08,72.66,-11.57,13.62,28,-3.24,5.96,64,-44,-15.07,42,149,120,13,53,59,4,76,44,0.94,-31,-44
41,136,99,-18,11.86,-32,-18.98,32.96,120,44.69,60,-12.86,16.87,28,0.39,4.49,-33,20,50,27.46,-9.84,91,-2,74.05,129,-12.95,58,127,23,-19.16,8.67,112,26,40.89,35.32,21,109,63.59,-10,3.95
19.4,20.6,-11,-24.32,138,-46,55.35,140,46.03,94,66,25.54,52,2.51,-33,-30,31.8,64.43,15.15,29,-8.05,10.01,18.96,6.97,41,-39,3,-4,63,-31,130,-6.07,65.85,-1.29,62,-27,45,131,55.46,84
141,70,60.05,-5,101,119,99,30,137,38.77,123,1.4,72,54.35,30.66,4.19,8,18,59.97,-21,-35,45,118,53,1.64,-14.31,12,51.56,42.48,105,-44,103,105,40.54,1,89,121,-41,19,-11.54
122,3.24,70.3,61.29,10.74,-1.9,-1.83,-13.31,1,70.71,70.04,8.01,39.44,87,68,108,8,-14,-15,-13.23,139,85,-49,42,84,80,72.38,72.87,30.18,14.44,-4.61,55.49,53.26,-6,5.06,-11,88,139,58.32,46.52
-10.23,49.58,-11,18,71,-19,91,119,67,51.26,24.47,147,74,-15,30.87,40.33,-9.91,65,32.6,81,137,1,33.08,-21.95,63.89,-7,46,81,65.28,104,-24,-45,33,23.3,81,-14.08,8.86,8.92,81,-21
-18.2,78,57,26,-15.04,-5,-5.49,-6.4,-15.8,66.6,-20.87,140,-4,71.85,62.04,42,-11,20.5,27,36,49.27,6,75,84,34,59.81,113,68,15.13,-26,48.84,72,-3.8,149,-20.27,70,52.09,11.12,9,45
61.68,-6,19.8,8,136,90,19.11,43.39,-21.33,123,36,24.24,24.99,22.99,-20,123,-46,7.8,50,47,-5.94,77,-18.93,36.97,88,3.99,129,63,44.96,-3,49,146,5,28,0.92,-12.91,112,51.27,-41,11.33
3,130,9.95,47.06,-41,10.94,144,-0.43,50,26,66.73,70,-5.88,-30,42,118,0.59,86,99,105,139,-23,40.64,39.52,27.62,-2.65,20.2,38.77,-16,-13.78,48,-2,82,7.73,5.19,35.42,-8,16,-34,144
25,91,1.25,33,61,66.22,87,-11,69.77,22,87,125,-27,124,22.7,23,15,30,89,115,144,4,120,93,-16.43,67.12,25.4,135,15,-8.23,-25,70.56,15,70.09,-10.34,38,-40,67.41,6,18
60.13,29,11.75,106,135,43.16,-37,-24,-4,-36,68.46,-13.39,-19.6,44,145,41,-30,72.79,143,30.8,53,4.01,73.22,-24,72.69,5.22,144,63.52,16.34,-16.62,60,86,52,31.25,65.43,19,48.67,-16.44,32.45,26.12
30.18,49.96,31.17,83,69,69,58.62,101,132,7,46.11,87,144,4,-12,12.33,66,105,50,50,-39,124,-12,127,76,37.77,-50,-43,51,-9.75,33.77,15,63,52.52,-22.55,48.86,18.21,67.74,-36,-8
98,10,-5,-32,-24.56,136,-10.84,65,68,-7,-12,53.96,16.26,28,129,61,33.61,38.05,-7,-3.77,-20,33,75,45.08,53.65,2,22.83,107,-17,7.92,69.15,76,46.97,9.46,138,-6,41.42,-19.44,16.68,79
-9,-32,-22.12,80,-7,-31,131,-39,107,5.95,115,-14.08,45,71.94,-14.19,-24.69,5.42,49.35,-1.93,70,12.71,6,25,59,-40,38.79,71,-19,-8,34.17,14,40.16,6.16,142,-8.67,60,69.3,-3.45,-15,29.81
71,21.42,146,87,-23,114,55.75,63,9.94,-15,65.84,35.78,87,-8.19,98,118,-14.57,36,94,-0.96,-30,-12,28.46,-0.1,15.97,110,72,17.61,66,7.38,-23,-10.73,137,7,-30,-9.61,-47,77,-20.54,60
1.41,42,-44,-24.26,21,0,12,31,68,43,61.31,31.65,80,-5,50,95,47.23,7,49.51,71,-7.54,-6,-20.56,28.91,98,122,28.18,36,-23.6,-18.61,56,104,24.09,17.49,0,7.68,-24,3,52.04,30.65
-6.88,39.03,-16.15,34.55,13.95,15.18,68.8,19,110,122,25.7,16.35,-48,56.25,34.91,24,73,9.76,-27,36,58,33,-13,54.35,96,128,72.24,8,-12,60.55,16,25,-17,27.06,121,113,-9.98,58.21,130,10.63
-40,6.37,10,6,38.29,9.99,-25,-27,88,126,43.28,16,73,74.34,-37,64.27,14,76,116,11,-13.16,-15,43,24.78,59.04,27.89,113,71.53,107,61,79,3,13,108,-14.24,111,-24,25.85,70,65.96
3,7.61,-7.38,77,-15.04,107,-11,84,-13,-8.24,-42,32.72,-13,46.37,62,55,93,78,61,-47,12.35,-12,-10,-3.28,141,-45,16.46,-14,28.96,-41,-39,-23.75,100,53.39,-13.86,-10.3,31.68,112,103,-5.66
147,23.99,130,48,120,27.97,-16,-32,40.94,10,-33,28,-2.72,-5,-32,20.41,86,69.76,19,-40,121,-17.2,36,-39,-40,21.88,40.57,121,112,-41,-15,125,-35,13.84,-19,-46,23.22,-24,70.8,-21.67
-16.69,70.98,22.09,53.47,12.63,-8,98,-7.22,56,92,23.8,18,96,122,88,47,76,-21,30,39,116,-47,18,47.79,-8.64,142,59.86,33.74,48.04,119,47.47,8,86,60.47,113,-37,2.51,69.04,144,56
123,131,-32,74.14,3.05,51.76,-48,126,1.39,10,76,19,97,134,-22.07,18.74,32,48.64,10,29.13,14.98,67,24.63,-32,-10,54.2,-6,52,-33,-50,38,19.82,58.65,117,0.75,-15,-23.53,-0.56,69,41.47
59,11.89,74.69,3,43.2,69.8,-24.39,-3.29,116,31.94,33,69,-6.09,132,55.87,126,123,113,-1.1,42.9,14.4,42.41,0.35,125,69.17,68,54,115,-15.45,58,107,41.26,60,63,115,-18.15,73.5,87,2,-3.63
-23.89,18.95,28,75,7.27,25,-18.87,1,18,-15,57,-5.45,-3.34,49.76,122,25.54,103,109,49,37.14,-50,62.74,118,35.82,-30,-11.02,13,80,-0.59,-15,147,78,-10.71,16,14,0,77,18,-14.62,60
65.7,-9.4,69.03,69,66,-26,-13,59,47,-23,77,61,-24,-36,-40,-4.45,-21.83,-38,57.4,16.19,139,103,106,119,-3.85,-12,17.4,50.97,-11,5.02,32,46.31,49.42,10,-21.86,-20,54,-49,55,135
62.38,40.83,3.31,-24,52.89,51.9,15,-3,16,106,5.68,-12,7.77,101,30,11.11,-24.88,66,-26,60.04,80,126,74,74,29.27,62.1,0.72,41,66,89,21.37,13.64,56.72,96,42.57,-21.75,81,7,20,-17.47
26,-0.3,60.25,27,-3.41,-7.2,105,133,-19,0.59,37,100,91,132,-14,18.11,61,-33,38.72,14,9,106,36,58.26,132,53,19.34,41,52.78,35.81,56,146,59.19,57.59,13,40,48.09,51.27,145,75
74.01,107,-10,-16.65,26.21,96,70.85,-9.37,-12,-30,-48,-24.29,125,24,92,28,-5,18.02,83,13,64,-14.36,86,33.99,1.82,114,-15,119,70.05,46,77,18,-9.94,68,30.32,61,101,93,50,71.54
4,12,116,-16,16,23.77,144,-30,-21,23.92,-46,19,23.33,128,54.62,68,2.54,36.91,-4,56.29,66.48,-20.45,-20.36,46,7,-20.31,34.14,-20.42,39,89,97,52,13.99,47.56,58.07,6,142,70.67,10.03,-23.12
-16.03,-47,52.3,49,-31,40,59,115,33.83,122,39,-12,147,-13,128,-20.14,141,73.85,24,110,-15.32,82,126,37,-24,-24,37.31,77,91,-20.73,73,41.05,135,69.14,69.16,48,61.09,73,105,27
17,58.97,16.66,29,62.04,59,140,43.59,2.23,-21,44.49,81,51,21,47,5,103,145,81,31.88,64,119,48,-23.27,144,72.41,120,47.17,-23.23,-18.24,40.72,23.07,30,59.74,22,-27,4.67,132,22.34,67
30.2,-23,26.12,-46,43.71,-0.79,54.28,58.57,-9.72,57.15,48,-28,115,42.27,19.28,143,40,57.4,35,38,23.24,86,113,7,24.27,104,23.39,-13.32,140,16.33,142,119,-13,100,12.56,-37,130,123,21,78
67.79,-19,25.85,72,75,62,62,60.31,69.51,34,27,50,29.93,-39,-1,4.25,-23.85,8.91,1.44,74.43,-46,61,40,-11.8,-17.63,-21.97,-21.38,0,-5,9.26,-35,32,56.6,50.55,33.78,59,41.92,69,26.68,-0.6
-26,10.67,-2.46,54.2,11.29,42.51,68,-17,-16.76,-42,15.33,49,13.6,46.6,122,61.35,144,67.61,43.22,-21.08,67,66.65,116,133,-47,-50,100,27.19,-3,75,141,58,-13.94,-15.97,74.49,123,4.75,56,6,-1.74
10,1,133,49,54.27,66.89,-41,-5,-6.19,104,63,29.45,82,72.21,-13.84,91,39,40.04,17.67,53.54,47,-33,31,0,121,130,88,14.91,21.93,24.92,28,32,-18,148,71,-39,5.2,115,-34,-8.32
6,46,-8,31.74,19.24,-18,26,28.99,37.53,30.63,-6.68,82,20.26,132,141,120,112,129,-24.92,113,43.67,46.4,71.46,2.39,48,6,44,-15,-11.11,-45,61,61.69,7.09,-24.12,-18.54,-50,67,32.17,-40,1.66
-41,147,54.86,68.72,122,-1,136,122,10.89,34,142,29.83,73,72.3,-1,36,43.38,91,85,48.5,45.38,51.04,20.95,34,70.37,51.31,62.43,-11.68,36.35,-36,115,60,39,85,10.71,25.12,92,16.24,-15,-48
28.9,81,44,-29,106,62.48,71.37,71,16.25,42,36.01,-6,88,46.77,-24.51,129,-23.68,42,140,71,115,36.72,104,74,56,-15,25.63,78,34.56,24.22,32.89,34.74,-0.14,98,133,110,41.44,6,51,43.38
34.15,135,62,55,69.43,4.22,-37,-49,36.51,-43,67.21,-6.3,8.01,104,-15,13.41,74,13,1.53,120,10,17.72,69,3,108,22.39,12.07,2.67,15.65,135,32.4,-8.23,146,54,47.11,-32,128,51,98,36
-18,70.4,-9,-40,129,48.49,-23.37,149,143,142,-6.58,-29,56,39.22,145,51.43,33.72,13.16,78,89,0,140,-3,25,-10,68.94,-5,-11.42,-7,14,57,45,38.32,137,-41,75,27.97,120,67.64,-0.8
3,14.81,112,6,1,57,51.64,114,127,-41,9.78,29,27.25,91,102,55,83,17.71,63.08,-0.1,-13.55,114,59.73,22.22,17,-6.64,126,99,41,1,103,82,-10,66.45,33,41.16,129,39,142,11.09
31.44,110,132,64.86,-44,42.54,14,51,-10.12,146,-8,-32,-10.5,98,50.51,8.07,11.91,53.12,-6.15,-1.77,15,35,114,53,-21,130,-14,20,29.29,111,-17.24,141,0,69,3,8,7.56,114,2,53.21
120,9,49,28,92,2,63,17.81,100,67.92,57,-24.61,1,-2.7,-22.43,24,59.62,-21,29,0,44,-15.82,39,-14,-24,-34,-30,41.99,-1,54.91,80,39.17,30.22,46,-16,3.78,31,73.7,93,-35
74.34,-30,40.93,102,140,99,0.24,142,67.53,29.27,-34,13,-43,70.03,50.96,55.18,8,68.5,57.86,-12.68,-17,72,58,5.99,-50,29,62,134,-34,14,69,10.24,131,-19,20.46,119,63,63.25,95,-7.15
-33,-45,47,103,79,21,46.8,40.94,77,55,70.21,-50,13.04,5,8,60,74.55,10,-35,-49,8.28,23.82,98,68,120,87,5,123,-19,-35,51,5.61,23,15,12.55,-7.27,127,-10.57,-47,-35
30.33,72,56.1,71.71,-4.15,35,134,-35,128,26.5,44,48.95,-25,141,29.51,30,112,121,-38,38.81,42,74.8,33,-15.06,81,58.71,64,-22,101,66.91,21,51,119,-12.87,32.1,123,-38,-18,-11,63
76,-50,11.39,146,27,11,-12.83,34,22.4,-49,-8.01,4.09,53.84,33,-49,66.34,56,59.67,23.98,144,8.06,62.18,95,21.25,126,48.28,51.13,-43,29,-18,-41,33,-33,73,136,5,-6.85,-26,65.22,76
36,58,20,100,53,11,136,138,15.61,106,29.47,-19.49,68,-11,-49,35.76,64,-16,57.18,66,100,-42,34,95,57.67,-7,126,41.43,-4,1.22,4.2,-10.34,106,-46,142,67.58,-21.68,57.78,125,105
37.3,144,-3,-1.09,138,128,22,40.1,49,22,100,-37,64,75,33,27,-22,52.38,-35,42.19,57.89,-10.83,68.45,-6.76,0.47,-10,-7,52.12,77,132,31.29,-12,-4,66.58,44,5,140,69,83,14.62
106,17.68,5.84,-32,64.26,49,35.31,20,110,-25,36.01,24,45,-46,42.77,109,26,-30,120,105,33.68,-11.44,121,133,-3.08,70.05,125,54,29,56,9.76,148,73.19,103,112,-15.97,-17,140,-42,-35
25.48,-3.6,-17.65,148,27,95,46.41,23.95,58.73,16.7,-38,135,79,22.15,74,37.25,22,-13,-22,121,72,132,-5.38,70.96,129,114,1,106,42.76,36,-4,99,-8.56,40,42.04,16,108,-9,76,41.44
142,83,44,-8,21,-6.5,33.63,68.82,7,96,29.16,118,81,116,114,128,-27,-23.25,-17.11,-44,84,-47,33,31.68,-4,65,-6,91,5,48,-15.39,111,57,67,-4,32,23,-22,129,124
123,-35,48,68,53.22,-45,26,140,101,31.53,39.01,-8.51,14,142,-34,56.32,82,56.36,74,5.95,-6.46,-18,10.06,26.44,19.83,0,-43,-46,117,59.12,34,139,83,56,70.4,-33,47.31,-38,-1.71,40.72
71.01,46.68,-49,58.18,19,-23.62,31.47,61.11,50,40.81,-39,40.9,-27,11.56,-43,131,45.54,-49,-44,-9,2.13,-1,72,40,-3.4,10.67,-1,-12.41,34.54,51,22.98,35.68,72.36,2.03,65,89,-33,119,130,60
7.39,-17.25,-7.57,12.78,14.08,136,35,133,-15,-14.21,86,45.68,21,7.23,56,-20,-0.5,109,149,30,141,45.09,55,1.36,60.86,16.63,-25,-4.71,28.67,-19,66.74,-11,4,55,-6,128,42.3,1,54.82,6.75
117,6.13,11,-24.31,-23,71.72,-22,58,48,123,2.18,-23.14,2,-10,18,44.71,3.12,37.9,16.58,39.35,-3.16,30,45.26,-23,-4.89,-29,37.93,-34,83,78,127,75,55,53.85,49,19,135,-14,-18.41,112
-26,86,31,73.47,42,67,71,97,59.74,18.88,42,21.76,61.75,17.32,13.02,122,-15,95,34.31,71.06,54.7,-21,-0.74,95,-43,16,53.23,109,135,38.84,22.12,25.84,74.29,56.44,65,145,66.9,60,31,34
17.17,-17.01,12,-1.69,-10,120,40,6,-17,144,74.3,133,4.69,42.68,39.11,56.78,31.88,46.86,16.14,-14.16,-1.34,-27,34,5.08,28,17.84,53.08,-42,57,98,-14,51,59,58,29.79,71,-32,57.64,31,37.38
-5,26.51,47,9.79,29.18,46,45,22,4.71,95,81,9.26,112,51.83,14,39.15,-15.48,56.12,35.4,74.48,2,-17.72,60.41,-4,122,23,-9.37,-16.62,-27,66,65.65,-14.54,-17,-13,142,0,-7.91,-15.6,130,72.15
58.51,-10.64,57.22,65.22,140,27.35,73,22.26,7,-41,47.16,34.73,0,92,-1,15.9,71.14,-17,24.63,-27,93,16,14.8,44,23.62,24,-23.66,-8,41,54.25,23,42.89,-17,-22,84,-37,108,-15.85,123,-19.66
-24.99,49.13,50.77,23.66,-21,42,69,42.13,100,134,25.77,-15.81,98,-40,5.98,59,-49,-0.34,-19,45,23.02,21,133,-27,34,-20.09,83,-18.94,72.7,128,83,58,60,-12,-40,104,107,24,29,88
11.29,-14,79,64,57.65,-19,49,60,36,32.2,48.36,68.81,37,-17,13.42,84,-7.12,105,55.38,-9.98,-20.28,31,-17.24,2,59.67,-2,94,42,22.72,29.91,8,57.44,51.86,57,124,4.35,-45,17,138,92
118,139,16,53,-8.58,3,57.26,-2.13,73.6,-48,-15.67,-16,83,90,44,33,4,8,30,-17.58,111,-6.47,-25,29,134,64.86,-20,12.47,-18,-49,47,63.65,-13.06,53,62.83,39.17,20.24,118,20,42.08
58,-12,57,57.69,12.64,1,-7.2,1,41,-41,-10.25,15,52.05,-17.13,-1.21,-7,31,45.83,49,9,71,50.94,130,-4,48.72,53.64,-27,29,52,145,12.98,27.11,60.24,25.65,24.36,13.2,119,-50,30.68,-15.72
107,109,33,107,97,101,140,94,71.99,72.25,12,146,105,102,16.13,29.67,92,-46,95,73,137,47.44,-7,2.16,-12.91,63.4,14.63,30,-41,-29,141,50.69,-24.11,23.88,-33,-2.5,-15.96,60,40.94,65.6
20.45,106,24,-21.46,-2,47.01,30,-46,8.95,-24,38,142,30.12,86,148,-14,78,-13,9.92,25.2,111,74.63,-20,45.25,104,120,37.64,49.47,105,26,87,-42,-3.14,-2.99,108,140,65,23,-49,23
47.75,32.79,-21,13,120,-14,138,20.04,24.8,34,11,54,0,-26,26.35,68.84,6,143,59,-47,-26,64,41,72,127,105,-12.81,77,31,-23.63,37.47,6.55,12,144,9.71,83,17.77,16.94,46.07,83
142,16,26,137,-16.03,59.28,2,22.48,82,129,64.96,-22,32,66.25,49.25,68.71,127,-21.41,-4,-12.28,50.47,34,68.08,33,32.32,32.43,0,5.49,101,114,85,58.62,-3,122,66.98,58.81,38.14,129,-3.83,-5.39
129,12.73,142,-8.46,97,111,66.7,109,58.27,133,-11.85,111,67,120,-45,-44,39,-14.86,-24.07,-9.12,120,35.43,68,39.05,73.29,-13,6,47,-12.97,141,54,88,50.05,-8.78,2,38.89,0.19,30.11,-24,20.24
43,-39,35,-3,124,-2,95,147,105,0,68.53,52,63.66,3,24.47,50,-24.57,11.45,95,-3.7,58.29,-8.11,42.5,20.21,43,-41,39,60.79,131,107,30.66,6.18,21.05,106,140,53,61,48,109,115
58,18,11.92,56,58,71,3,97,65,83,98,-6,-20,-43,48,-9,106,41,-20,101,-8.31,19.3,58.96,76,48.42,70,33,116,21.36,-33,65,51,122,107,91,48,-1.54,128,33.83,69.01
-4.5,-2.86,27.2,-18.52,38,36,38.28,-30,146,41.24,40.67,88,53.53,17.59,-18.78,-17,71.8,71,49,-15,104,-13.33,1,145,57.31,12,55.98,-23.52,36.67,-23.19,133,101,137,1.23,24,61,-29,32.76,10.95,70.33
129,67.94,78,32.42,67,15.13,127,122,31.94,-15,64.34,11.75,35.95,-22.07,1.17,62.2,120,121,62.37,37.33,20.35,108,149,-31,-15,109,33.71,60.95,65.46,84,94,-43,62.27,47.01,-25,86,57.97,56.94,31,73.46
54,136,88,-43,44.53,63.96,47.25,37,78,38.45,-50,-17,-48,134,15.87,-32,96,48.59,-19.68,38.37,139,96,39,5.03,140,39,-14,21.37,19,124,56,-13.05,54.62,114,25.56,-15.32,59.83,25.24,42,146
0.25,-11,-33,-24,6,129,42.64,-1.85,-36,55,44,-11.12,-3.61,-48,70.72,92,105,102,68,25.99,-2,57.31,-16.86,30,-22.23,61,56.78,30,-48,139,-0.31,39.99,70.41,-16.83,70.35,-9.33,-28,105,43,53
-40,140,66,101,100,70.68,-19.02,64,71,121,-18.32,15.69,-19,-49,12.06,-20,-2,38.05,20.57,135,70,41.2,80,-18,23,8.32,121,42,18,-3.96,118,10,8.15,84,-4.81,124,-2.22,82,-41,-5
145,13.27,34.71,-30,-22,92,2.64,70.72,148,40,-13.29,15,18,99,47,95,109,38,12.28,104,59.47,96,102,8.09,-8.31,1.66,80,35,109,-15.3,18.27,143,91,62.04,69.35,93,104,26,121,44.04
-32,23.32,-16.8,17.24,-1.81,47.58,6,57.66,-36,84,27.78,48,25.29,14.19,96,8.68,8.39,103,96,128,149,15.54,18,139,138,148,7,83,-8.66,59.52,131,23.3,95,96,17,-3,-26,70.21,-11.36,7
141,78,-5,12,88,65,12.21,-4.32,1.69,-0.14,28,128,32,-13,114,3,-14,-6,52.72,146,-21,19,-40,45,9.43,144,48,-9,-7.98,13.45,-13,-35,13,55,41,11.66,-6,26.99,22,114
18.22,38.26,44,113,-37,134,72.54,-1.8,-5,38.16,-21.6,12.98,-10.29,-34,68.2,-11.13,101,-46,27,-40,-20,22.33,90,5,25,48,21,58.75,-12.34,-7.19,-0.86,-3.85,80,-18,-43,16.1,-13,-45,44.88,-10
120,91,-20.65,27.37,-49,-18.26,132,135,115,8,39,115,-14.26,-16,-17.31,95,76,-8.53,-23.52,9,-11,1,9.92,107,-35,12.96,2,74,67,59.83,81,-5.63,21,5,32.96,15.84,53.85,21.09,9,75
71,-13.08,107,134,7,75,-27,55,-34,67.22,71,8.75,118,66,54.94,-33,66.57,44.77,-13.53,45.75,3.54,-49,135,25.1,72.54,23,117,54.75,96,149,-19.1,63,53.15,87,98,-1,-34,108,4.53,94
19.42,20,-22.16,94,39.6,2.22,14.74,61.03,59.68,-16.77,3.39,-1,139,68.27,6,108,20,0,-10,49.92,64,4,29,20.19,-23.37,31,20.53,-20.6,41.88,142,4.01,90,-2.26,23,92,92,73.07,-2.03,45,49.29
-3.1,16.37,61.87,-6.11,51.63,109,35.01,94,-34,22,122,18,71,-23,-47,-8.85,-32,148,5.48,97,123,17,37,14,1.31,30,-36,78,43.2,10.18,68,1.19,27,-13.65,-0.96,26.47,-44,-36,-22,-40
-15.55,71.68,46,132,27.76,147,65.37,40.51,17,28,47,137,117,35.9,111,135,41,-17,23.07,29,3.49,94,47.06,-49,23,90,85,-15.06,50,38.09,51,-6.27,-48,-10.18,62.69,-36,-35,34,7.29,118
80,29.01,-16.75,65,65.19,62.49,-16,33.52,64.66,82,-37,23.38,67.41,79,124,60.99,-16.72,68.89,4.15,72.37,-2.4,142,16,102,20.18,-33,48.13,-17.18,8.14,52,34.22,55,67.44,131,37,-13,26.29,40.8,67.77,50.01
0.9,33,100,9.81,3.77,24,14.43,71.44,-29,45.14,52.74,-0.42,59.67,10.6,38,-42,146,82,28,96,129,-31,-28,-29,95,28.6,113,63.65,59,35,-34,39,43.38,128,79,66.2,27.89,137,54,-29
-41,-0.25,33,38,25,50.7,4.04,106,125,45,-41,16.02,27.12,30.4,21,0,41,-20.03,10,64.11,70.05,102,-12.7,36.55,66.87,50.23,32,142,117,27.57,6,45.08,23.18,23,35.44,138,39.67,49,13,37
17.3,-27,9,47.54,20,-16,86,60.79,-40,-14.77,-50,-47,46,31,101,15,-7,67,87,25.7,72.59,25,-10,55.1,48,-45,41,59.18,67,68.14,68.12,38,54,8.94,45,7.37,27.89,102,124,-36
99,64,61,55.65,56.06,64.67,100,54,26,29,-40,64.17,129,-30,63.81,9.7,97,115,39,-7,-10.23,2,3,63.2,-17,20.52,124,1,-39,18.66,-48,84,136,59.45,54.84,59.48,-11.25,-27,8.42,-9
40.51,118,18.63,-4.07,-21,138,83,34,-17.9,25.48,120,58.06,23,-24,26.08,40.32,5,46.63,26,3,-3.15,-0.35,10,91,-34,59,122,138,106,26.91,147,73,-23.83,118,69.11,62,18.98,70.39,9,14.33
23.15,108,124,47.16,1,119,123,81,-18.34,86,11,28,44.92,18.64,67.07,-22,-25,125,-13.12,1.67,129,44,9,66,-1.93,91,73,32.11,37,44.35,-1.48,-12,11.81,-41,-6.41,141,-36,113,29.01,5.51
-42,104,56,14.18,69.91,35.62,3,51,-1,63,64.66,64.54,-47,-2,46.34,20.96,18.4,26,128,71,5.21,32.34,79,148,69,67,135,149,102,35,36,39.24,82,-48,24.56,-0.54,2.92,58.41,-26,25.18
11.53,35.39,101,51.77,26,113,-4.74,-25,-10.66,136,33.67,52,8,49.1,45,33,100,-40,-15.27,132,33.03,16.28,41.84,66.23,8.68,41.76,53.26,106,-10,-27,81,50.23,30.34,-5.34,54,-42,46,12.08,16.09,28
53,44.56,-16.6,-21.96,3.07,142,19,44.58,40.81,-12,1,-0.08,54.02,37,95,56.22,17.42,101,-0.98,33,123,-29,59,25,141,-27,2.2,49,7.18,57.17,56.05,2.95,30,130,148,66.73,65,48,45.68,63
-41,80,-48,69.15,71.87,35,65,48.15,26.07,35,32.69,-38,-28,42,-26,47.05,126,2,-1.51,97,2.49,74,112,58.6,73,16.81,-1.69,98,13,73.95,-25,-42,-35,-20.02,91,56.36,-31,13.87,67,13
12,95,100,67.02,-16.34,24,72,47,66,62.84,5.9,-25,50.68,-13,53.38,6.41,85,7,-37,147,3.34,57,126,98,32.69,48.69,122,15,-14.02,-3.96,96,17.52,125,-44,144,59,7.48,-1,45.52,40.48
37,66.19,72,97,102,8.06,87,149,-19.17,-29,86,19,-49,148,-1.78,8.67,-23.78,-3,50.77,65,-33,141,-12.74,30.13,40.77,-23,-22,47,66.48,0,38,-33,32,64,126,22,110,15.14,117,-19.18
68.31,17.59,36,-39,-9.68,87,-19,35.64,47.43,64.18,68,50,17.48,133,10,57.3,9.88,-12.11,13.84,143,91,80,-21.79,8.37,76,41.41,58.53,21,19,19,133,-7.83,-13.26,-11.71,-40,49,26.12,-11,28,-49
71.34,45,60.22,52,-11.55,-38,22,50,22.44,27,128,31.36,-17.59,89,39.21,40,148,41.64,112,-24.68,65,-22.68,97,140,44,43,-44,121,79,64,148,15.39,56,57,-21,8,-19.79,17,65,-15
2.15,-38,41.36,32,137,66.42,46,2,50,6,-41,58,1.28,-21.55,-27,126,51,-5.3,109,-11.86,25.87,127,69,86,29.07,131,-37,15,75,-6,50.66,46.43,53,67.26,12.67,51.28,123,-28,89,-13.09
52.03,-14.78,17,51.84,59.76,14.81,-19,106,123,72.62,-17,27.66,34.37,36.15,35.45,-11,-5.76,50.87,115,14,-31,119,112,19.85,36.61,93,83,13.38,-2.58,-6,69.63,21.26,33,65,2.4,127,139,62,118,62
32.93,109,49.44,135,45.95,-15.54,46.97,45,-21.17,78,85,58,43.01,10.94,28.98,39,-1.48,-45,68,128,93,129,68.25,22.28,69,11,-6.44,7.04,-12.02,37,-2.32,37.72,-19.25,19.89,-45,-7,58,-22,34,70
-40,-14.01,7,57,4,51,4.62,16.19,30.75,49,131,24,45,139,76,2,110,35,146,-31,-47,126,86,113,-43,-12,36,19.72,40,112,96,14,127,32,49.7,-36,60.62,-3.88,12,63.08
103,-28,17,-33,60.51,100,42.7,42.33,37,-11.14,125,51.48,106,17,-22,63,-23.26,96,44.55,-12,1,-6,147,9,23.36,-6,36.09,-13,13,-42,139,35.43,57.28,44,72,109,116,44.49,22.51,-5
20.82,67.78,-8.36,82,102,2.93,118,141,61.51,-46,-8.3,19,1,3,21.56,46.57,70,-1.06,-13,-21,3.25,59.7,17,39.05,-17,-5.76,57.96,-5,28.73,-15,-14.39,147,23.66,21.4,41,52.32,10.3,134,11,54
3,34.85,41,25,130,42.2,1.46,-4,106,100,95,68,2.3,33.2,131,90,89,145,34.12,74,-40,-8.99,142,129,45,-14.82,-39,34,74.19,-44,10.29,62,36,78,136,41.29,-12,109,66.38,61
-45,124,46,49,-9,67,41,-17.09,76,21.33,19,107,20.89,63.54,39.78,107,-29,25.83,7,5.14,15.15,-23,29.05,119,142,147,60,14.49,25.94,146,-31,18,44.95,-29,145,136,29.18,114,84,38
-1,10.71,-13,123,74,45,20.55,21.56,46.16,105,36.51,39,85,2,52,46,35.68,79,-10.42,38,27,7.87,22,74,76,-28,-18.27,-7.81,-50,29,26.04,144,148,-17.49,9,53,91,113,-49,95
24,-28,-20,105,46.06,140,127,33.29,20.93,144,-10,145,12,105,8,72.83,53,41.85,-38,13.65,-6.5,58,-13,74.22,29,66,-27,-21,-19.14,27.51,-24,86,34,52,-12,62.07,62,-17.4,30,119
-39,56.49,36.83,134,57,23.7,41.24,2.77,6,37,103,55,-5.82,37.19,31,56,4,124,51.55,1.54,-18,111,-33,-31,64,133,-6,89,12.32,19,-19.17,-9,40.08,8,-16.89,65.24,73,139,125,69
-21.09,16.45,30,69,24.43,50.57,27.97,18,107,121,12,136,2,-3,3,141,-47,2,69.79,-20,47,88,21,-23.84,131,136,-10,-24.4,148,65.83,49.38,32,105,4,85,91,34,63,39.88,13.46
58.97,61,-16.97,91,72.6,21,-7.34,22.58,1.84,22,138,62.43,128,41,2.83,60.55,39,-22.01,71.49,13.88,90,110,-4.86,56,-16.01,62.15,145,135,-2,129,-45,89,-3,111,33,46.39,9.02,7.47,65.95,0.63
55.67,-21,-22,70.42,62,40,69.41,-7.88,54.26,41.89,65.67,54.71,49,120,60.72,32.19,24,68,33,97,6.94,69.38,140,-39,41.89,72.01,73.96,14,45,-2,22.95,149,59.5,94,-5,-5.4,19,37.7,-20,71.35
107,14,8,-38,21.25,68,61,2.62,125,52,107,57,-33,58,-3,119,-14,60,132,36.25,16.1,138,28.09,95,15.04,35.39,94,-17.82,22,50.55,45,103,37,44,67.29,51.48,126,36,137,-4
44.89,96,93,20,-9.59,-36,67,42.07,133,54.21,27.96,6.97,97,-14,-5.56,107,56.65,36.5,-21,93,36,48.32,-31,33,-22.87,-9.46,-41,23,-19,-47,46.22,10,5,53,-6.61,-17.36,41,56.65,-14.61,18.46
-7.26,-47,35.61,17.22,148,72.06,62,67,38.21,61.37,26.66,136,-33,63,-17,20.05,25,85,-21,19.91,99,-45,96,56,71.6,36,58.32,58.56,125,72,103,-1.48,22,-9.22,101,54.13,14.83,-17.46,37,-23
5.94,82,47.24,148,112,18,29.04,72.12,96,9,27.6,92,118,-3,-30,67.73,120,73.7,60.88,53,85,32.75,-45,13,-39,12,-6.42,-9.27,47,-47,30,8,57.23,-12,12.85,45,122,2,8,43
105,-11,27,59.28,64.96,-18.89,108,63.3,79,-1,42,23,-34,91,-13,60.92,-49,47.09,-20,142,36,-7.87,-7.24,72,117,137,66,23,-4.97,139,-26,2,101,3.54,125,12.01,131,-2.04,86,-29
3.22,26.02,92,114,35.01,145,33.98,27,136,127,-36,29,6,52.6,74.63,33,58.14,118,146,106,64.87,23.9,38.49,22.16,36.79,117,51.92,-9.27,44,11,22.13,-11.34,132,22,-1,5.97,16,-16.84,-45,85
1.85,-25,74,-41,136,140,4,-22.77,135,3.06,-11,24.34,14,64,63.18,23,59.38,45,109,-16,47,92,65,75,6.51,5,-15.21,126,147,17.65,36.82,-30,127,-34,-10.18,-4.27,-17.02,48.33,46.86,-6
51,104,-20,79,-4,-14,61.32,-16,113,72,133,20,18.13,132,41.43,139,107,68,124,51.09,71,15,116,28.73,84,13.78,-17,29.14,145,10.48,49.79,131,146,59.29,23,49,53.96,62,63,17
49,95,55.18,22,-37,55,90,-5.96,51.96,105,35.46,0,-38,91,35.48,119,102,31,-46,3,25.28,69.93,48,139,-23.61,-18.41,-33,53.78,-35,-25,-31,84,116,-11.3,0.77,36,123,3.98,46,57.22
-41,0.75,13,-41,87,51.9,22,77,120,61,-9.58,84,-38,46.88,-46,-33,-37,11.13,105,21.16,71,66.55,42.73,24.97,70.71,124,7.57,-4.43,37,7,131,-24,42.72,-11.68,30.75,-13,36,17.94,74.2,10
141,62,55,-50,59,-11.16,0,-11.92,43.07,25,-35,36,-44,47,-6,113,21.29,-6,18.81,91,35.03,29,-2,67.65,46,16,145,37,21,-11,8.25,58.73,-41,-24.36,77,61.32,129,74.5,54.51,36
-22.51,15,-47,65.17,-27,44.03,116,-6.19,104,42,112,40,44.41,-6,14,68,112,63,129,1,-36,-1,90,-40,-50,39,-17,73.32,69.19,38.26,5.8,-18,121,-12,15.03,56,117,-36,140,107
90,30.1,19,44,32,2.94,77,14.34,145,45,119,52.53,62,54.53,5.75,76,-9,133,-13.73,40,29,-29,12,123,133,-46,140,70,115,93,55.58,31,23.81,20,22,55.96,57.21,147,-32,142
61,22.28,51.81,144,4.13,72,-13.87,112,61,-8,33.78,-2.99,65.41,31,36.7,129,-45,125,59.03,109,-2,59,-12,38.12,68.49,-47,11.35,-5.73,44,31,55.71,54.27,-4,3.5,-44,7,32,77,-2,76
50,2,35.03,107,-15,-35,-15,-6,38.93,98,0,110,19.7,97,5,139,17.14,117,-9,29.58,-12.75,6,54,-48,19.69,94,78,-40,-8,-9.13,25.76,23.55,-21,63.05,-29,69,36,129,27.73,-18.11
-18.8,144,62.1,-20.97,-35,39.29,8,-47,96,61.95,49,48,5.63,2,28.92,62.04,71.02,76,52.98,40.41,59,91,-32,-10,125,12,106,-15,-31,49,-12,84,80,-36,127,-1.91,61.11,39.37,-7.98,58
-19,90,-43,-11,13.89,-50,23,0,75,60.03,72.29,-34,80,94,44.36,-24.77,9.88,142,49,118,37.66,-39,-38,126,-13.69,0,114,139,-18.17,71,112,99,-19,49.27,-11.97,14,-14.44,-25,28,-29
13.81,-24.58,73.73,11.71,54.84,108,143,68,-29,-13,101,58,85,-38,130,44.6,147,31.84,-35,43,29,-20,32.61,68,-30,55.87,57.43,44,138,-32,89,35.8,-47,100,71,38.6,12,90,-37,10
-15.86,20.64,136,128,-26,-15.56,4.25,34,-19,-1.19,-8.2,-30,67,-28,64.48,7.85,18.31,-5,26.09,57.88,-45,27.33,-15,60.95,-22.69,-4.4,135,35.46,78,54.78,62,-13,70,45,51,57,7.82,-0.93,-16,-22.53
29,-11,116,13.94,95,-6,62,-46,131,-22.15,39,100,-16,19,25,34.81,61.08,44.5,68.9,6,82,71,-17,-1.55,32,37,32.9,133,7.43,28,53,61,2,17.15,24.02,-1,29.42,5.88,45,47
6.22,31.8,119,13.7,3.33,67.94,49.61,-43,91,59,-37,129,-34,138,95,62,54.46,4,-5.71,25.21,8,-14,-45,32,32,28.59,77,102,-22.02,83,25,53.55,6,57.81,12.78,-45,66.2,40,40,26
66,31.82,25,12,29.93,-5.46,-8.25,120,121,29.27,-42,132,-8.43,40.2,62,-5,43,-30,43,-22,7.38,9.13,36,12,66.11,7,81,1.38,-19.82,20.02,69.66,31.98,-30,148,78,33.09,23,88,23.48,-18
31.33,-31,10,61.42,39,-22.22,142,-23.93,55,2,146,2,77,99,84,40,-14,74,-50,13,74.72,119,-16.73,-41,66.46,-9,147,36,-9,-17.74,129,68,96,37,74,-10.88,119,71.33,-8.4,3.12
127,62,135,-11,15.84,15.18,77,108,146,1,77,-16,20,68.03,67,52.7,5.39,143,7,14.51,-18,79,31.18,6,99,62.49,20.68,96,-17.52,76,40.45,21.67,35,10.26,83,19.37,53,-49,44,46.54
127,13,2.56,59,-8.34,145,77,21.94,50,35.31,109,139,40.78,66.22,13,86,-24.25,77,-18,11,54,27,16.48,38.74,52.75,129,19,64.89,125,-18.54,43.33,43,94,9,77,43,69.17,66,62.78,56.28
9,-31,69,17,53.17,43.91,3.05,-23.27,-6.09,-49,120,64.64,25.01,-48,16,-15,42.15,101,-19.33,-19,-28,-1,46,-8.08,96,65.76,1.68,66.84,-3,-11.42,80,-16.41,-13.61,72,87,146,6,60.43,49.2,61
39,-39,-11.96,72,113,85,34,80,-22.31,-26,65.35,144,57.39,126,12.67,108,-24.04,100,146,43.12,-5,111,124,-13.07,-14,107,60,104,58,-21.79,-2,68.85,37.48,44,73,38.38,119,147,-14.56,-15.62
47.05,117,131,-18,-22.76,-39,-47,11.58,56,90,94,3,99,100,5.34,17,12.97,-44,-0.91,52.54,63.41,85,-46,72,144,76,-46,20.75,14,67,-40,23.06,113,-11,21,-4.41,48.8,40,-33,94
-20.64,-3,-1,56,81,118,13,12,112,-12,-37,55,78,50.96,48.97,70.51,52.05,47,13,-6,65,110,22,39,104,-36,-7,48.12,117,113,7.81,141,24.38,90,115,80,-3,70,6,144
53.17,-15,110,54,8.55,85,61,61,35,15.16,-15,-7.73,-47,47,136,31.44,78,51,49.2,4.53,8,10,108,25.97,125,53.77,94,116,-1.13,42.8,63.91,-46,-5.36,3.12,122,32,-48,56,44,-20.71
58,128,9,-10,50,17.36,68.64,16.28,113,-24.15,-49,3,58.22,-0.08,10.46,78,10.92,-18.98,-27,75,59.52,-11.72,56,-14.75,11,68,2,127,1.94,33.67,16,142,67,41.35,-25,-41,-6.2,100,137,-11
77,35,139,-20.69,32.72,12.18,-22.92,29.29,10,-33,23.4,37,10.7,97,58.35,107,27,-47,-21,91,78,54.82,22,-31,14.24,20.25,12.95,7.64,-0.14,9.59,-4.84,7.86,-50,-23.03,-24,140,69.88,-2.2,25.41,8
47,73.29,55.49,22,-18,48.3,35.31,55,-46,70,8,37.49,-36,78,15.66,139,-21,-29,30,61.84,69.59,67.51,-8.16,-26,65.69,3,-21.87,13,12,-30,66,31.45,72,79,13.14,-34,1,121,7,13
130,147,11,71.52,59.51,-14.55,51.61,13,125,94,-32,40.16,11,29,141,-30,71.85,99,11,-30,6.93,78,63,52,68.37,28.64,0.88,27.77,-11.79,61,52.34,5,40.88,-41,9.87,100,-30,74.28,51,29.33
82,-1.17,29.27,71.63,69,-34,61.63,72.83,34.75,124,33,-11.27,131,93,24,60.96,40,34,-19,109,17,-10.82,9.92,41.11,18,41,54.08,9.77,24.78,-1.23,74,54.76,-33,-8.15,103,6.37,4.3,130,-12,77
19,-2,48.54,74,96,-28,-19.64,12.2,47.32,-22,-12.56,28,21.32,-10,67.45,13,37.84,142,-2.62,84,79,49.3,48,-10,74.43,0,60,-8.2,-15,-0.12,119,66,19.85,30,108,40,12.4,2.34,-9,73
3.76,45.21,142,138,97,-20,66,32,66.47,73,13,-21,44.67,22.07,-47,-34,-14.31,136,13.51,-29,89,8,39.79,4.27,-25,1.03,71.36,55.28,-38,30.89,59,92,18.42,-16,74.97,-41,105,104,-24.85,71.71
-33,54.59,46,-21.94,3.27,61.42,28.77,-10.15,22.91,72.72,9.78,82,41,67.4,83,-22.38,-24,133,-2.64,53,21.95,59,16.73,113,96,85,-1.15,-16,-6.57,35,50.4,30,105,-13.07,-29,126,-3.96,38.96,-17.51,-23.94
63.38,44.52,20,73.04,-27,135,87,0,92,-0.91,58,2.62,131,112,-15,77,38,20.3,59,45,19.23,10.1,16,106,147,39.17,25,87,68.78,101,144,115,59,43.95,-20.96,133,13.33,17.3,24.91,31
-9,32.11,121,56.55,131,23,28,73.18,17,42.54,-25,-8.22,101,101,56.67,72.17,20,99,-16,-10.71,14,55.08,-16.62,63.17,-2.15,53,-5.81,44,41,25.24,130,122,37,-36,51.85,139,55,-36,-46,32
-29,-18,31.95,25.6,61,68,-1.86,143,60.79,113,-43,52.99,29.02,74.48,38.75,89,19,22,-4.04,52,57.18,-14,14.05,-27,41.55,-2,84,113,57.29,117,42.61,114,37.43,142,6.74,39.11,109,79,81,13.13
51.4,65,81,58,48.48,41.74,-10,10,147,142,97,-15.01,-19.98,113,23.34,-10.6,27.06,28.32,1.96,104,68,32.73,112,-20.84,-0.88,42.56,5,68.24,20.81,146,33.69,52,122,36,-15.31,0,-15,-45,-24,33.66
17.43,-49,6,-42,34,1.66,-12.42,42,-27,133,37,97,37,-27,19,39,3.78,-23,50.44,46.22,72,-18.79,32,15.76,121,62.69,100,4.67,25.72,127,146,-10,0,10.36,34,-20.39,53,60.91,42,38.62
10.32,-5.9,59.27,6,48.02,114,55.52,77,29,-23,101,126,39.35,-8,135,98,123,45,64.79,-33,94,95,-18,19,-41,8.6,-1.6,69,45.25,129,20,28,63,60.21,8,28,-37,62.26,-36,25.66
-12,-0.03,-14.4,30.73,8,53,11.44,63.38,114,92,-34,35.06,30,40.23,109,26,27,111,130,-7,5,110,126,97,22.1,120,-22,60.38,53,47.45,105,130,-23.12,120,-21.19,-1,37.31,34.56,123,52.74
137,146,90,17.06,-10.26,37,99,8.22,62,41,55.97,16,-15.06,28,107,131,50,-17,3.53,66.59,0,42.33,35,67.78,19,71,-16,35.59,21.78,117,37.61,-5,55.59,-17.07,95,54,-15.38,-40,31.42,-15.08
-14.84,59.17,16,37.66,58,-48,23.31,104,142,-12.17,64.62,-12,-4,74,20.5,-3,42.72,2,-43,119,29,-42,109,18,-48,5,-1.92,92,-20,22,40.21,-32,-4.46,57,132,57.02,74,-39,130,112
74.71,19.83,114,56.75,-20.17,-13,-1,100,49,36,70.56,-13,35,87,53,-32,65.41,76,2,-10.74,44.2,88,9.61,110,12,-46,43.56,19,34.93,139,145,115,148,31.12,68.23,45,50.7,-39,-34,2
-2,32.46,24.41,3.52,-8,43.79,91,-40,-11,142,59.84,-15,-24,-16.56,-36,30,-34,74,49.51,54.47,119,39,108,-9.38,114,89,74,136,100,92,43,106,65,120,4.7,81,50.27,50.53,1,67.4
27,45,4.13,70,40,30,24.52,10,-6.37,-13.82,60.36,127,-12,42.3,-42,70,50,141,-8.87,90,23.36,60.55,49,-10,-20.97,21.12,94,50.07,14,106,66,-8.81,130,-2,34.47,47,3,-9,32.06,39.63
28.46,-22.88,-50,-42,132,-12,56,86,93,11.56,31.22,58,-40,-44,61.42,29.59,19.05,122,27.45,18.71,99,129,146,69,138,-23.93,-8,-17.4,133,30,14,57,89,6.05,-42,-9.84,-12.39,74.1,1.7,125
43.45,26,19,45,111,-12.95,17.66,48.3,121,-23,100,-29,-3,39.28,112,33,46,104,61,26,98,135,-16,9.17,139,54.09,24.67,92,30.27,6.34,-31,52.98,139,104,-43,37,-30,21,132,-19.97
77,74,-16,74.98,22.93,75,8.23,140,17.8,-26,24.97,25,81,65,8,-4.71,-17,-31,17.74,60.43,47,17.46,38.79,56.99,-23,104,-39,65,148,56.71,49.13,-4,-40,53,56.82,-48,-12,-48,31,46.02
120,-10.32,-23.59,9.99,30,8.71,50,-23.08,133,-6.44,1,117,-6,-20.63,74.71,82,125,-13.98,-50,61.82,26.69,57.97,-30,106,82,3,-7,109,18.91,15.02,-17.12,-5.75,133,-16.95,6,1.15,13,71.49,-8,-25
73,122,-14,128,51.85,46,30,22.23,68,19,14,50,67,54,53,-4.3,-35,-22.24,-15,-3,28,145,1.82,7.91,-2.77,-6,53,-27,55.13,-4.67,-9,-4.97,67.21,68.24,8,-38,-2,99,39.26,144
82,-39,24,-0.54,52.52,116,-9.88,32,35,57.23,59,-1,140,-3.07,49,60.77,17.83,43,56,49.53,115,-36,15.63,81,-20,53,144,146,22,-21.47,105,74.19,145,73.67,34.16,56.58,-11,72,-24.12,58
110,-17.29,56.11,65,128,-32,86,-9.62,-16.87,41.59,-13.07,-5,56.01,-23.3,-36,-22,121,142,38,22,63.87,64,-21.37,43,52.71,-35,57.55,7.57,-2.76,5.16,-44,22.75,65.15,60.19,0.65,122,-6,13.8,8,14.22
43.67,90,54.37,128,9.9,93,22,-9,38.15,-33,13.01,147,-11.99,-40,-35,46,144,116,121,-13.9,40,9.56,10.48,131,76,51.55,78,31,-24.97,-8,31.66,8,-31,143,2.45,-19,5.23,43,109,53.87
-14,-16.59,11,-26,11.38,7,-24.11,140,4,-19.06,26,42.75,40.13,29,-24,96,-9.38,-17,-19,124,113,53.79,36,-16,48.61,30,49.17,98,61.29,-24.2,60,82,-38,24,21.43,-42,-25,-35,67,-13
114,35.01,109,3,7,72.83,-17,0.48,-48,-0.11,39.56,63.4,71.9,-8,5.06,35,10,-33,-19.26,10,28,107,21,1,38,-38,14.06,34.85,22,15,15.22,57,-2,30,39.06,67,-28,115,21,118
-23.91,52.31,13.39,-12,-28,148,51.21,64.02,-43,23.48,-15,-50,-21.32,-41,10.52,91,62.37,29,74,140,120,99,64.16,2,6,10,22.46,118,-41,56,43,65.08,-2.75,136,42,-4.44,-26,60.37,148,-31
-45,50.45,-45,-18.92,133,-31,24.84,8,29.55,8,130,118,-14,46,37,1.11,44.13,-39,143,-11.07,21.24,10.44,73,-12,25.46,46.55,-18,18,66.88,-8.73,128,126,48.99,18.76,12.41,-41,45.81,3,122,-19.65
-29,-0.01,5,85,120,-21,51,62,8.33,4.48,31.44,51.51,-37,18,54.85,31.04,12.12,-27,33.62,22.68,-15.57,-23.09,103,-42,47,42.52,42.02,74.08,82,81,-2.32,-18,69.03,-17,-28,-36,-3,74,-7,5.73
59.33,-19,59.76,98,74,51.17,74.53,39,56,81,47.94,127,-17,82,52.38,105,142,83,70,-10,-33,42,-12,62,18,15.16,26,3.55,56.75,2.24,62.52,50.96,55.77,113,84,135,90,51,-31,42
60.75,-4.42,64.01,-1,-46,18,19.39,144,78,15.73,-21,-9,73.31,-6.11,-14,37,57,61.53,121,83,39.13,10,-24.17,-30,110,109,-45,7.97,32,40.7,-8,83,53,28.2,26,108,23,118,21.37,-8
-15.09,-2.01,-42,58,-2,123,78,37,149,56.08,15.27,21,131,-34,139,77,135,15,-49,3,13.74,5.82,-22,33,22,-27,-8.74,73.27,-10.66,56.56,20.81,14.43,-20,-1.66,66,99,-16.42,-10,4,3.41
116,15.34,-5.2,99,42,32.34,19.63,55.86,34.02,127,52.33,138,-20.07,96,41,30.07,31,-23.63,14,95,-42,65,-4,110,92,-47,-4.36,43,133,-21,134,-19.26,96,3,8,35.67,21.19,-12.92,101,-15.6
-40,-17,43,57,-10.73,138,-26,100,46.61,4.36,28,24,128,-18.25,8,46.93,149,-24.39,51.45,65.31,33.6,-9.21,126,78,21.92,12.61,77,65.16,-13.27,139,-30,11,129,64,33.46,8.58,54,5.5,6,67.19
141,3.47,3.6,-9,46.25,51,124,7.97,43,-41,-16.61,-6,58,39.71,62,27.19,66.9,-16.39,14,25,-21.12,69,0.37,-1.77,-24,8.52,-34,-19.8,68.43,-33,76,87,33,87,72.26,-22.94,38.21,35,-20.15,35.2
122,-18,-11,63.24,39,17,-41,-6.36,64.87,-6,12.49,63.28,37.92,-37,132,18,120,-26,57,-12,-12.87,38.18,60,31.25,-17.35,8.11,36,71,95,120,115,86,-6.5,38.1,-11.07,119,30.51,-40,-43,55.01
-9,29,21,-45,-11,18.16,16.88,86,147,135,50.07,64,36.01,-36,-19.4,38.82,136,-13.85,53.29,61.81,73,46,-5,45,32.33,55,75,-5.01,-2.69,17,45,-28,-24,53.21,-44,35,107,-27,-6.16,-11
0,54.16,118,3,47,7.04,42,1.06,24.18,4,-9,118,8,36.93,-17,120,108,3.4,52.78,65.81,97,-9,-11,70.13,5,-12.44,-5.35,20.42,35,31.59,132,-31,-17.34,74.25,-35,-0.05,98,-2.77,79,-16.15
11,118,38.57,92,3.9,16,17,43,43,40,-10,47.27,54,132,58.19,146,-35,77,37,11,37.83,1.84,43,41,36,39,29,5,63.7,-38,34.88,6,12,-15.25,52.37,110,44.32,-21,34.62,9.69
-10.13,127,22,-24.48,-34,71.8,115,55.04,-12,47,73.33,128,41.9,62,55,-33,13.26,-35,51,5,12,52,54.15,4.08,123,66,37,102,102,90,30.23,73,78,-3,60.39,115,-11.36,1.49,-43,42
-0.87,64,-12,36.15,10.75,67.43,39.47,26,17,-45,114,102,91,52,138,0,-49,-2,2,84,147,25.3,-4.28,11.44,13,-42,138,37,62,-22.85,-40,8.75,134,119,64.63,19.88,104,13,140,-22.02
7.57,-47,-27,121,70,77,-5.29,21.01,52.49,120,91,111,54.96,74,29,29.54,49.57,80,125,108,-27,37,17,34.34,40,62,34.87,133,-43,-9.03,50,16.94,82,103,-2.77,105,-9.59,138,72.2,118
133,107,73.65,58,15.49,-14,71.34,33.84,-43,36.95,8,-16.48,45.99,20.57,14.02,62.68,18.18,31.28,-25,93,-40,108,-13,63.87,67,132,-36,118,-49,55.4,47.2,-47,26,80,-22,21.21,144,59,108,40.27
54.62,5,65.82,21,25,144,134,54,15.49,51.51,40.37,80,25,100,8,133,60.16,88,-3.78,-21.83,2.27,80,-8.23,22.87,126,132,-11.96,36,39,-40,63.24,57,27.72,5.33,-35,-17.45,2.36,60,122,-19
129,-20.64,46,33,-37,-20.95,125,38.28,55.62,-37,119,59.78,101,46.01,0,34,103,141,37.78,27,-37,16.99,86,69,-9,-19.05,63.2,15.75,98,-0.25,47.18,-41,-38,11.61,51,-1.7,137,-5,-49,63.97
-24.82,-41,13.76,61.88,135,-5,-15.52,4.83,-35,8,88,23,126,58.92,-49,-17.16,67,115,6.21,39,-5.55,-7.31,-0.68,5.66,3.85,-5.67,-22.39,33,36.91,14,-16,25.81,-5.04,129,10.34,137,122,65,96,13
111,-14.48,114,18,109,7,76,69.43,-29,112,12,64,-41,12,-27,-17,32,26.98,-20.49,21.74,-8.41,72.6,72.32,36,105,31,-50,8,140,49,93,121,-30,0,30,22,41,98,143,137
4.68,-19,-48,121,104,-30,43,-40,24.25,46.91,133,40,32,39.97,106,106,38.65,83,-5.4,59.4,107,7,142,130,45,21.43,75,25.86,-49,22,-37,75,73.36,27.63,31.83,121,133,68,6,69.82
134,-34,-10,59.93,49,27.61,11,128,29.55,72.44,6.07,-16,80,-26,-11.33,135,-32,124,20,-50,63,72.87,70.63,-21.22,18.25,-24.46,67,143,-22.88,104,-34,-25,10.13,104,-35,31,-4.08,-19,-24.78,107
-19.28,-0.29,-16.41,96,57.04,98,50,96,74.01,-20.69,-8.19,13,-24.7,134,95,48,93,2,-9.78,-15.95,14,-30,111,-15.34,13.42,17.88,-39,68.34,66.71,-28,26.98,60.15,19.73,74.92,39.18,-49,-44,69,134,73.21
25.28,-4.08,-38,104,-5,-11.02,5.56,55,-40,89,60,87,118,63,122,-46,52,51.52,130,50.76,34.07,7,63.5,149,50.27,60.02,-50,21,149,-5,-33,29,-3.16,62.53,-1,70.11,5.75,54.76,32.97,-4
18.97,38.48,31,76,74.68,16.35,44.39,17.37,58,51,117,-31,-32,70.56,38,51.75,33,115,10.04,139,-34,17.65,-9.17,-9,-12.09,147,98,17,129,92,52,61,130,-21,-10.63,135,69.11,9,-26,127
-11,-44,-12,31,97,63.65,42,-13.94,-50,66,117,111,-16.22,21.18,50,89,10.81,17.83,62.13,91,67,135,22.16,107,-6.99,-11.64,71,23.73,24.87,141,104,-39,118,36,-20.71,47,72.08,-6.96,27,132
14,-42,-26,-4.49,-37,127,137,20.08,41.21,48.59,26,-28,2.11,54.5,-2,-13,5.2,59.69,45,66,20.74,7.73,85,-38,9,37,60,26.25,120,148,50.91,3.74,-6,113,-3,41.6,-23.54,15,9,64
4,113,95,55,38.11,149,134,56.18,5.79,14.02,130,36.12,43,149,-11,5.46,66,68,55.71,-25,4,61.46,138,-5.61,21,78,-32,-47,57,74.47,11,-10,44.51,116,2,4.97,75,99,31.82,109
27.12,35,30,56.07,33,28.3,39.16,-0.15,4,44,106,11,-20.18,-39,58.2,136,22.36,-17.24,-1.93,3.58,1,-44,20,104,-22.25,64,31.6,-18,-8.03,98,15,59.06,13,116,66,7,-22,11.04,-47,104
117,-33,112,134,17.94,74.82,73,45,46.85,-21,21.69,-3.2,15,-7.43,64,99,41.11,1.12,66.59,-42,51.23,68.83,56.36,97,-4.96,-40,92,10,52.37,-17,103,133,62.81,125,29,-9.13,59,143,-7.73,145
-11.85,2.24,32,40.87,79,126,7,33,101,116,-21.62,108,59.26,4.67,89,149,63,42.97,4.95,134,127,-50,148,3.09,16,81,27,-43,-34,47.1,69.9,80,34.81,140,39.36,17.35,112,28,139,68.58
27,42.68,59.45,85,-34,12,132,-40,-12.57,111,135,33,110,-36,54.08,41,131,59,-47,-19.29,70,-32,-7,36,21.26,26.71,-9,59,50,23,26,1,21.63,17.36,65,57.29,63.12,-25,56,94
43,-49,10.12,0,-8,126,26,111,44.07,46.26,-11.45,125,-13.03,40,-2,140,99,-14,102,30,1.19,-47,54.87,-30,139,33,62,45.97,38.4,-5.93,87,-18,101,-11,93,23.03,60,61.93,-3,23
41.14,33.5,98,-6,1,-20.19,17,95,23,109,72,-4.39,133,-42,16,72,103,144,10.27,-17.01,-38,68.91,2.53,63,-19.09,-2,-28,133,4,-6.34,46,47,81,72.88,13,29,92,24.93,64,70
47,23.83,34.84,42.86,36.04,-35,40.34,9.36,58.27,45,6.01,39,77,82,-15,108,-17.58,2.08,97,-0.5,-39,-4.47,-45,-34,56,72,-22.65,92,124,33,38,90,-11.78,4,69,140,127,59,124,43.87
59,37,9.24,132,73.5,0.85,44,-11,4,43.83,17.2,-14,44.7,-23,6.58,41.49,59,95,0.16,-30,-24,128,25,21,-7,21.93,-13.04,-47,-4.84,19,138,-48,-17.54,-5,70.58,-1.36,42.35,26.98,-2.13,31.98
56,44,15,29.43,-21.83,94,42,-31,-1,58,-6.02,79,12.41,7.68,-6.61,74.74,-10,43.88,55.73,81,75,1,27.73,144,17.18,60.61,16,98,138,44,-48,91,20.84,132,79,-1.35,15.72,17,-20.87,31.26
1.59,137,43,97,-49,59,10,17.71,15.18,143,25.76,-26,74,57,-38,-9.82,30,107,130,13.27,-24,-24.4,18.16,113,45.35,32.32,-32,13,24.96,44.86,17.28,87,112,-32,32,-5,6.48,136,79,25.17
99,44,70.27,112,0,-3.76,-6,149,111,-2.85,-9.48,-4.55,59,34,4.32,10,14.43,21,0.71,13,119,25,-7,56.18,-17.13,-0.23,87,38,17.93,32.85,26.65,65.76,57,24.56,111,-1.7,60,76,121,123
27.75,15,118,125,28,59,-21.53,83,16.02,69,-11,12.7,16,-29,17,34.44,47.5,14.95,-22,84,42,17.09,66,-39,63.25,40.17,-13.97,63.41,79,-33,56.73,97,7.09,-15.31,131,63,2.17,-0.65,-37,-48
13,91,-0.71,39,50,93,74.31,-33,134,-14,-17.66,-10.37,61,-19.46,-24.14,12.21,18,36,-28,106,-12,124,6,137,19.41,43,28.17,93,33.38,26,31.78,139,13.71,134,-20.55,-6.27,143,-40,3,20
61.13,33.74,24.97,78,8.65,37.46,82,81,-1,-23,71.47,-50,49.37,-15.79,9,67.23,130,46,36,-12.21,143,1.35,35.78,126,148,59,106,16,53,131,137,56.45,31.2,32.24,136,14.31,68,66.26,-3,39.52
6.58,108,135,-21.71,42,39.71,-34,115,124,24,2.58,6,44.87,135,52.67,12,-11,15.26,58.57,58,62,-9,-20,68.3,20,51.04,45.4,26.96,84,58.02,57,-8,54.34,7,50.93,42.74,-12.25,-17,-39,143
89,-14,28,72.91,54,-12.72,28,87,64.5,56,-35,-12,15.84,49.72,141,31.53,62,-10,76,-50,-12,14.29,64.02,13.45,7,145,70.06,-18.73,76,7,12.1,60.06,129,-48,67,23,17,77,41.1,48
129,16.97,26.79,65.75,16,42.57,-28,20.35,29.91,-13,132,74,61,-14.23,142,-21.43,93,44,-31,-13.43,36,-22,144,57.87,96,-11,-39,61.13,16,-11.23,-5.17,-20,59.91,24.66,104,145,59.19,-1,-23.15,-19.04
141,34.04,80,35,74.96,74,119,-42,-10.46,9,2.34,49,31,30.83,-37,138,-13.77,41,-11,-43,12.53,-13.82,125,88,69,7,121,131,43.37,-42,113,135,109,67.05,46,119,-38,47.48,-12.44,84
11.39,116,-40,63.53,-28,37,-14.26,16.59,66.58,28.16,-46,18.42,-11.67,25.59,48,79,16.58,38.45,35.78,64,49,35,-19,45.65,11,13,65.64,6.07,54.19,38.76,-7.82,87,65,-15.4,-48,27.37,-33,56.62,-20,-12
-43,20,71,72.06,72,57.57,0.57,92,-2.75,18,14.22,69.89,1.11,8,-40,20,17,40,-37,77,-23,0,8,-12.75,16,35.11,18,104,128,65,49.69,60,-23.91,143,33.95,139,77,-24.15,8,-2
101,25.19,127,26.15,-29,16.85,-13.13,33,22.15,22,114,-4,66.42,50.14,0.16,146,44.2,146,46.62,-13,24.14,-39,-1.92,45.47,48.48,64.47,18,47.66,50,31,30.92,57,-9,43,67.46,43,-17.19,41.41,15,8
42.69,145,38,-39,46,130,-20.79,38,62.71,-10.58,121,47.75,128,26,102,105,49,120,7.04,62,-10,101,-45,43,23,81,62,143,14,107,5,139,66.36,16.72,-17,-44,72.83,135,40.57,10.04
-17.34,74,93,82,-34,15.22,32,47,135,106,59,-21,41,28.64,122,109,45.13,21.85,98,122,144,59.19,1.19,-35,64,-6.89,22.3,69,72,2.37,-29,11.74,70,62.89,25.73,54,43.71,32,-48,-14
-22.31,-39,90,125,16.81,18,93,51.9,99,45,19,62.32,96,23.86,140,71.89,-43,53.9,-13.27,-7.8,72,-8,-5,3,144,130,-17.88,20,19.34,63.19,18,19,74.8,0,27.86,-2,58.9,-44,-29,34.87
104,49,146,-9.64,-50,-12.96,146,22,4,44,135,2,46,17.07,123,37.11,-28,65,53,-8.54,25,48.85,12,144,70.35,138,55.49,54.07,5.22,112,69,-8.15,-28,101,54.14,-39,-49,26.99,13.81,-34
92,133,15.63,-8,31,-22.11,-23.37,-24.9,62,-46,25,61,9,-26,52.16,23.96,98,125,108,141,71.24,67,113,62.48,49.26,-8,70.71,16.72,23,129,-24,79,130,70.26,81,63.06,97,-41,31.49,60.43
69,42,55,102,10,122,37.66,87,97,69,79,-23,-4.02,-6.72,144,55,126,-17,68,55.33,-42,143,2.32,-19.62,10,-24,22.88,8.38,53.91,22.66,-28,56,149,10,111,23,74.64,76,-25,33.32
63.31,75,-5.61,-10,124,2,-3,12,97,10,3,137,31,44.04,54.79,122,132,-13.06,58.91,-19,-19.61,-7.42,26.29,65.34,-13.86,63,-15.34,84,45.15,85,-41,92,43,2,-15.75,134,-16,-47,33,18.07
47,60.37,40,42.95,24.99,99,8,35,133,125,3,-28,144,78,4,97,-37,123,57.96,122,49,104,42.61,-41,30,121,49.16,-21,34,66.04,68,80,-21,104,46.24,13,34.54,80,0.44,9
12.96,113,121,78,17,17.48,9.86,134,18.64,47,6.39,29.9,23,62.59,35.48,101,124,12.12,39.02,25.34,58,-1.51,-26,-24,-14.68,24,44.77,-48,41.91,142,82,36.98,15,116,9.38,-19.42,37.85,91,32,55.69
42.66,82,140,17,-18.3,133,70,14.15,0,14,70,135,47.25,-19,81,-26,29,-13.49,36.03,26,145,18.47,42,-19,-15,-14.48,-7.47,32,50,-9.87,62,143,40,33.25,41.23,53,61.34,18,4.11,-10.88
49,-17.84,44,12.99,41,117,145,37.66,90,129,72,-4.88,-22,108,128,102,-28,79,-37,70,-22,69,29.1,112,47.59,0.35,93,58.88,84,-47,3.57,135,66.37,34,55.57,74.95,38.88,62,70,-10
-13.66,72.1,-5,20.18,-1.45,123,70,-46,41,58.53,-17.83,22,118,98,58,-9.89,15.47,20,139,63.53,117,85,66.31,15,65.7,84,2.63,67.35,78,-9.12,87,-49,-4.65,-9,28.82,142,-1,86,4.95,101
106,-3,44,16.54,59.76,131,75,-3.98,29,-20.95,72.54,53,42,71.48,-35,-30,-42,50.61,85,102,99,-9.53,-20,22,0,60,29.17,26.03,41.18,134,-6.67,-24.57,64,-10.26,-41,14,41.71,76,-16,44.9
149,113,5.76,-3.61,29,12,54,56,56.54,48,143,24.67,12.18,-33,51.38,-8.43,74.97,-41,41,52.73,-44,25.84,38.95,139,127,63.72,32,132,-31,49.23,36.18,27,-50,-8,49.62,33,7.26,-4,52,53.92
49,128,4.96,119,-24,5.47,60.26,-15.9,3.14,106,22.41,40,-23.56,-1,77,127,116,42.06,145,141,-12,67,29.93,-33,-21,-0.27,38.74,-41,-16,65,73,113,-3.82,5.65,76,149,30,63.16,106,-45
-19,58.99,33,146,-34,-4.18,19.54,45.09,-38,-1.22,148,23,-42,92,105,87,34.11,137,-48,53,98,67,-34,135,-18.13,71,49.08,26,-42,46.5,61.13,20.46,50.96,-30,9.99,111,2.85,46.32,43,38.91
65.62,141,12.02,107,82,65.58,-30,-49,53.21,22,13,111,18,118,18,105,53.11,31.5,4,50.72,63.5,28.16,61.16,25.72,124,5.51,70.44,14,102,51.42,-14,97,86,-8,68.57,-28,-5.42,58.92,55.52,11
149,-16.34,-20.77,2.67,-14.86,2.11,79,72,127,138,26.01,91,97,72.23,-1.52,-20,30,-41,-19,141,18,119,-31,44.98,-18.67,27.15,36,16,10.28,78,146,36,-48,4,-9,35.8,-24.89,-19,99,53
47.1,66,9.5,25.19,2,-13.85,147,56.54,96,-6.74,0.53,30.88,-5,0,35.78,76,-39,6.55,-1,4.04,143,-32,28,46,13.01,51.21,41.3,74,39.72,122,36.15,16.3,65.22,58.21,88,9.35,93,41.84,20.39,-12.8
10,18.4,81,45.9,67.11,75,-46,-7,16,47.58,28.77,86,63,-28,-15.49,-15.4,-26,123,-8.28,30.49,95,10.16,28,-18,-35,-17.35,58,81,-9.14,117,12,71.72,-12,-28,25.07,117,38.77,12,-9.73,3.74
61,145,46.63,130,-8.13,-18.71,18,56,-21,84,7,42,61,-39,38,7.59,-17.18,-22.88,59,54.44,139,93,71.34,144,59.55,82,-15,51,-44,57,63.74,28.4,15.22,109,-3,-15,56,104,-15,47.98
96,55.41,104,38,1,88,72,-42,-32,10,69.72,90,129,-50,80,-18,65.71,52.18,-19.06,52.12,34,37.25,-22,-45,113,-4.03,144,17,44.19,73.4,-14.81,14,135,21.6,9.96,-33,-22,25,-10,110
128,-11.53,-17.59,44,68.89,48,135,23.6,44.69,125,68.67,40,69.69,-47,45.79,124,69,3,127,149,-11.89,68.1,138,33,-30,19,-16.14,39.02,11.03,94,76,30,52.21,91,130,31,-3.88,74,-7.05,11.29
14,145,78,3.59,-50,-15.92,-17,53.88,15.35,43.6,-23,7.61,-25,124,131,37,-24.34,146,27,128,45.39,-17,49.24,-7.42,28.2,8,112,-32,49.67,-13.22,-12.56,33,123,123,10,15,18,22.62,127,16.03
108,-8.21,26.26,44,138,13.39,70.28,140,93,-5,66,-28,-17.4,25.05,45.15,67.62,50.09,11,0.63,-10,25.08,4.62,63.36,27,-33,6,-17.43,1,60,68.22,26.77,-18.84,11,26.01,29,149,48,28,21.65,88
25.66,18.12,20,45.88,127,-13,-23,24,-7.84,101,25,-5.79,41,101,64,50,37.71,3.11,30.71,43.03,138,11.72,40.31,-46,-37,-1,72.72,148,51,60.81,27.8,131,40.86,32.44,69,45.38,117,93,123,-21.67
83,32,-18.49,139,-31,-38,126,84,30.91,-13.79,-44,62.61,19,42.53,-16.76,42,30,-23,-4.19,100,43,-20.62,68,-23,14,29,20,144,146,12.02,-16.87,24.88,58.96,31.77,55.45,63,103,-33,10.22,-13
85,61,64,27.91,-4,-9.03,119,113,35,-18,125,-9,-9.14,58,58,-6,-38,-3.09,-2.89,68.04,43,59,-38,23,-28,84,-13,34,46.61,36.66,107,27,-9.08,127,-31,56,120,41.06,10,-30
118,115,50.08,17,-0.91,57,-31,-17.01,73.05,-5,-45,140,22.46,-19,95,47.97,13.53,-19.33,34.59,96,42.66,69.5,97,35.43,142,130,107,-34,-35,-50,101,117,71,121,56.06,62,45,53.84,-41,31.78
69.31,16,12,43.47,130,113,14.88,109,95,118,-17,-23,133,-2.89,-37,89,53.47,24,24.53,-47,132,21.91,45,-41,45,143,138,17,70,48,75,31,58.08,18.25,11,78,-35,116,69.56,-41
72.55,35,11.39,72,41,-42,-27,3.78,-21.14,80,149,42,11,-35,-0.08,67.5,64,52.22,48,109,51,86,-16.02,23.36,8,5,67,32.91,60,-5.29,137,-7.69,106,-15.86,-48,99,69,21.15,45.7,34
-15,-42,13.33,12,75,-20,147,34,-37,68,96,7,-7,89,88,28,34,-0.74,41,-11.09,-9,-6.38,54.13,50.62,11,-22,9.27,9,144,-27,-22.13,-17.19,88,64.83,31,103,45.47,-16.83,-20.05,40
25,42.49,137,37.73,25,118,20,88,17,25.68,34,30,-15,32,-13.36,2,-22.12,96,47.45,108,7.13,10.9,68,-42,-5,19,100,108,92,-2.73,49.98,90,55.19,61.5,22,-12.77,54.73,17,23.38,0.14
49,-46,-20.41,149,72,9.77,-14,6.45,73,73,-24.81,35,-46,48.29,135,73,30.43,67.11,68.52,147,4.58,4.99,143,1.86,33.27,129,22.55,9.26,-15,8,68.65,81,86,114,22,42.57,94,77,-4.74,-2
55.35,134,62.24,-28,-10.77,56.57,62,-4.91,31.16,135,-40,-14.85,72,-22.22,36.2,73.63,51.54,11.47,115,16.12,149,-12.61,54,44.15,110,52.76,-2.94,109,-32,141,110,142,-4,42,74,-44,-4,72,-33,109
-27,49,-5.17,93,-36,-18.19,59,127,98,-21.1,-12.08,-14.37,-20,-40,83,69.62,98,39,-21.6,-4,131,126,122,27.06,69.31,54,14.86,-45,118,131,-5,116,73.2,7,28,111,17.49,144,86,3.34
91,142,9,103,68.81,41,-20.66,-1,76,-17,-20,141,-24.43,142,-48,8.14,53.05,147,-50,17,35.36,69,78,-33,14,12,-20,-20.08,12.62,49,36.18,61.5,79,-17,58.79,26.33,41.56,94,5.32,30.97
40,-12.52,46.96,21.35,-42,149,14.9,-16.63,64.72,149,33.35,-21,111,-49,61,67,127,65,94,5,-4.69,21.09,72.35,35,50,62,51.77,56.82,44,109,52.43,129,32.18,22.58,124,17.53,141,26,9,0
99,-39,-6.51,50.64,-9.75,44.94,125,119,77,-2.69,43.61,-5.17,23,58.3,51,54.21,1.56,60,-20,138,72.89,56.66,13.23,81,28.31,-7,130,-25,52.86,90,90,4,30.56,46,76,47,-10.93,104,114,123
11,50.35,33.38,-6.1,144,35.15,144,68.99,-11,144,29.09,-18.85,11,88,110,27.91,-44,52.98,23,24.43,67.74,14.01,-26,61,60,34.42,-32,33,40,131,-9.18,-26,101,55,33.81,12.44,133,5.13,55.06,6.73
38,6.38,-11,-39,97,3,39.28,-17.33,4.31,47.29,37.99,50.65,97,111,140,135,22,25,41.86,65.07,10,-26,136,38.66,65.04,6,67,52,41,39.51,-22,30,28.69,37,-33,66.65,65.43,85,14.66,-1.76
132,143,95,78,104,92,44,-21.43,8,33,56.53,42,-3.11,-10.45,84,57.47,-33,22.67,44,141,98,41.49,49.02,74.5,144,40,28.23,-8,32,42.72,-1,55,110,-1.64,-40,-50,-21.07,36.83,86,4
99,9.7,92,27.61,26.98,61.51,-14,-17.83,-15,144,-22,8.24,-13.12,145,117,21.62,11,-22.6,79,123,16,-48,7,20.53,128,-14,-21,6.21,60.46,-23,62.55,52.89,-11.06,-2,8.84,106,9,30.94,26,-48
4.46,33,39.71,-15,63.09,-1.79,21,23.69,-11,111,35.15,-22,-6,-7,129,36,45.35,10,-23.85,123,-17.66,83,-23,23,147,11,37.99,14,-32,-42,-16.37,6,106,58,43,97,-33,31,149,-19
13,137,101,10.91,34.99,115,-2.7,58.7,67,63,-43,89,34,-20.04,90,70.16,103,38.43,53,-48,47.91,64.77,39,72.93,48,49,57,55.85,30,30.66,32,8,41.32,-15,114,-1,24.25,-6.38,81,21.03
43.3,8,-23.37,69.3,-26,-14.32,-21.21,40.16,2.37,8.89,123,128,-23.79,13.2,39.42,-21,38,72.65,-15.63,2,-23,74,56,73.07,94,127,39,38,37.22,-41,90,-37,77,43.62,66,44,54.75,34,30,137
8.91,37,45.86,0.39,-46,106,93,-17,66.94,29.81,74,23.87,61,27.2,52.16,1,26.41,41.62,-15.71,0.64,21.72,55.15,41,-8.02,38.22,77,5.14,2.78,47.22,58.26,135,-12.83,-19,53,48,73,19,15,-29,-7
149,-11.67,38.49,-38,9,31,60,125,13.3,79,49.64,17.32,55,-14.85,39,23,-23.3,8,-10,50.09,96,59,56,63.13,36.33,-32,57,81,2.14,56.01,-15.64,23.23,116,-1.88,17,117,74,123,40,7.55
79,-35,57.02,127,-30,32,145,-40,119,-24.6,8,65.01,12.11,13,-12,43.5,22,140,10,-8,24,38,126,10.92,3,-21,84,62.51,-11,6.61,17,-15.76,148,60.44,-9,91,31,12,58.82,-48
9,116,52,42.3,145,70,5,24,7.93,4.27,11.15,-8.56,-0.98,111,124,71,44,-16,1.27,-17,10.18,-50,23.22,-23.34,16.32,-13.39,68,103,42,125,-37,47.95,-2,22.31,6.27,36.1,49.35,103,74.37,-24.03
119,126,-36,28.62,42.05,140,40,132,8.31,115,67,41.86,31,143,-24.15,8,138,33.14,-23,4,45.76,61,87,120,22,66,47.93,26,-4.68,-16,56,-16,88,20,-42,49,71.13,8.52,11,52.92
108,-9.76,0.62,22,-48,-46,60,82,57.1,14,-32,95,-2,34,26.24,-4,11,-14,-12.15,121,66.51,130,130,87,56.47,-25,-23.31,-3.97,7,133,50,69.92,69.66,15.42,-20.25,-37,-2,133,-22,-4
41,146,-6.43,41.26,136,2.67,9,-18,44.71,34,-16.52,98,119,30,9.43,97,50,146,54,25.49,14.86,-22.74,88,-22,-17,66.97,55.65,6,-12.88,61.49,-0.6,29.08,74.64,52,67.59,3,40.17,48.73,-19.87,41.96
57.81,52,-18,11,48,-35,76,59,27.33,50,65.92,-24.88,44.09,138,12.42,39,39,39,-42,49.01,50.71,141,18,28,67,-36,52.73,-1.37,50,134,79,104,76,36.43,-2.07,50.62,62.92,81,82,-49
138,130,-48,-37,-7.09,55,104,79,36.93,35,-14,35,126,47.6,23.93,-1.46,68.45,39,65.15,50,-35,82,-5,65,37.29,92,33.62,53.6,4,131,-5.75,-27,58,-10,-24,36.91,105,66,142,29
0.11,67,40.79,-13.42,24.82,20,47,38.06,95,124,57.86,-23,-22,68,114,7,3.33,25.34,140,115,79,130,52.92,55,-27,66,-6.62,41,143,75,53.87,19,78,35.2,18.62,-12,53.91,47,79,5
18,78,-20,54.64,128,34,130,-30,-48,-24,12.74,-8,46.21,72,29.35,17,46,83,-3,23.43,55.42,-23.92,94,15,-7,113,18,11.53,-15,67.13,-14,51,130,63.74,-11.51,-19.52,134,122,31.39,-46
96,8.5,-23,58.64,0.59,-1,79,40.68,44.35,78,89,56.39,75,62.18,50,59.61,147,73,19.41,48,59,15,124,61,14,-9.77,-32,52.65,-16.71,-50,133,-28,121,22.36,2.66,22,-0.04,15.31,-17,15.26
-2,52.8,17.39,51.27,-13,83,52,32.56,85,29,-6.07,55,30.8,55.16,45,149,19.02,-18,59.76,67.92,131,97,37,54.44,11,113,-10.57,-4.14,138,98,131,90,5,13,-6.58,62.64,111,-9.85,12,-7
46,43.67,-8.91,111,128,-35,9.57,18,30.76,60,-36,67.82,13.8,134,104,-39,44,25,92,-2,27,30.11,-7.57,51.22,81,50.04,102,-39,92,-17,30,124,73,110,71.49,-48,130,-1,-13,149
47.49,60.15,111,15.83,-4,-3.75,32.05,-41,55,-29,72,-11.87,20,-42,56.69,31.65,30,38,54.01,44.1,128,66.97,-18.09,52,19,62.91,43,34.61,-14.28,64,-6.72,21.42,35,6,-13.54,66.89,102,47,69.29,91
6,2.17,86,38,8,100,-5,30.9,24.75,-11.33,40.91,123,32.27,-2,78,18.07,54,142,74,-29,-6.32,27.24,61,122,60.18,-9.2,26.31,-39,-38,60.38,107,-48,-2,28,-43,40,51,-46,93,147
26,56,109,102,64.6,92,4.8,38,47,69,37,60.24,37.88,-9.09,111,13,28.77,73.59,108,60,-20,-29,-35,-27,110,91,119,42.71,16,37.14,62.8,53,145,97,42.39,13.89,59,35.09,19.22,109
62,79,-18.73,-41,31.03,29,47.93,-44,57.34,44.95,34.19,-30,67,-36,17.15,69.79,88,60.57,23.82,147,8.83,-4.56,101,2,4.2,71.79,65.54,52.31,33,14,149,-3.88,-2.04,-17,54,110,-34,15,1.24,127
14.33,48.78,-16,65.47,49,26.54,135,-19.89,-23.16,33.05,18,13.32,91,114,108,79,33,-23,54,11,24.96,0,142,28.98,32.35,50.76,-38,-22.33,51,131,4.62,27.93,100,-8,28.74,-2.55,-8.03,125,1,32.32
61.5,55.17,-17,-2.5,98,35,36,135,8.49,59.51,56.47,-9,10.57,-5,-20,59.81,97,17,-10.99,-10.45,37.19,43,-4,35,66.48,7,32.7,116,-36,106,73.2,128,1.03,-18.63,101,-14,53,67,-11,14.49
90,146,-2.74,-12.95,-24.39,73.49,134,-26,67.47,18,22.93,17,148,-34,-45,14.15,91,30.69,1,96,41,-2.06,47.49,-32,47,-24.81,68,-22.55,101,-39,83,23.16,70,98,-7,92,35.54,57.26,10,82
-22,132,17,94,-31,-45,39,60.95,2,41,89,130,48.31,73,10.48,-23.3,110,-3,49.01,61.55,-11.26,16.68,6,-6.02,-16,-2,112,84,10.61,34,68.97,47,-18.44,13.16,70.12,24.17,36.71,-10,95,51
4,-31,62.17,40.65,-7.49,131,10.97,-5.23,39.17,-5,34.65,130,13.98,-13,65.58,-18,-24,-20,32.44,58.13,107,96,-16.35,64.5,112,66.8,135,43,6,25.26,34.81,69.02,-32,66.61,-3,-14,13,81,147,80
66.78,-5.44,-11.24,-8,52.9,53.27,4.4,-36,138,125,126,62.5,12.15,139,59.96,81,-15.67,145,30.53,25.25,-20.24,-6.24,-15.59,146,38,120,-21,61,-44,-10,9,-22.61,32,30.69,45.62,86,96,57.2,24.51,-17
-41,71,54.31,52,-47,119,30,11.21,-18.84,-33,5.73,22,-40,36.97,71.92,42,24,29,74.94,11.12,29,-3.26,41,112,29.32,-49,-37,-19.95,1,3.78,42,-40,27,87,39.89,-45,125,41.06,17.35,147
47.5,117,59,16.14,23.45,74,-48,45,30,0,1.9,93,-1,-44,26,38,-0.73,-12,60,46.04,-19.8,19.86,51.93,79,19.49,99,126,-8,130,64.9,93,143,61.64,45.16,33.87,99,123,-47,-6.42,39
93,145,-13.25,-43,25,108,47.2,125,9.88,-2,-1.25,-29,146,87,27.31,-9,31,34.51,37.38,-5.4,115,127,-12,136,0,133,-3,32.08,-35,-20.85,128,-10.27,54,137,-8,53,72.06,108,-20.75,-17.29
22,3.35,149,36.04,118,120,-1,-39,10,14,-13.77,39.09,-32,102,61.14,127,40.8,34.29,28.91,-9.99,63.24,41.3,46.08,34.64,19,-18.88,-17.31,-33,-6,-2.79,-3.51,47.36,126,-8.48,19,96,129,66,29.44,17.07
-41,54.23,63,-21.11,-30,102,39.48,148,-17,-40,64.6,98,145,70,55.49,130,-21,72,102,125,54,55,109,86,44.68,14.92,146,123,-36,47,59.71,130,-23.57,-35,70.19,6.99,44,56,-30,72
93,49.7,28,50.6,-6.11,-20.35,69,125,57,29.69,-5,49,57.2,89,83,30,53.13,6,44,-6,-8,117,105,50.87,32,9.19,119,92,26.78,33.47,-23.55,6,64.98,27.3,14,-35,17.19,96,-48,111
27,89,50,-4.14,134,57.67,57.27,52,55,15.7,61.7,71.96,-26,-22.52,110,59.88,14,90,32,-16,43,66.38,59.62,51.5,52.71,46.68,8.79,37.03,-19,143,0.83,-15,57,12.82,-13.73,-20.85,46,21.84,116,11.13
-47,148,147,97,28,69.54,9.79,98,19.92,-1,87,-18.49,99,-24.34,53,28.19,70.37,74.01,100,-4,-19,58.73,17.44,2.27,48.27,59.53,-8,72,7,4,101,48.29,-34,70,129,72.99,129,68.34,-17,81
-20.74,43.24,31,149,-14.15,52.19,-21.56,-22.19,15,126,2,19.24,145,47,62,-24,36.43,45.67,42.73,138,-35,123,114,-13,-38,106,37,-39,-15,-14,36,7.38,5,-41,-18.69,129,65.09,110,10.51,43
-4,15,146,-33,124,55,13.88,27,136,-25,31.97,-37,142,115,59.6,-21,61.82,72,123,128,116,25.15,41,121,99,0.66,46.81,1.75,127,13.03,1.92,-18.31,-13.59,-11.9,149,-0.62,40.86,149,65.47,109
-21,23,-39,45,146,63.25,-14.35,-18,16.08,24,43,147,37,70.3,-7.3,-17,45,60.09,40.66,25.41,44,68.88,14.8,66.85,-4.39,14.18,31.87,16.8,-9.41,38.13,7,19,68,-4.59,3,12.05,78,127,8,39
-27,54.81,-12.19,17.49,53.54,140,16.22,18.82,39.09,94,128,46.26,-50,145,36.34,16,92,15.95,-17,-16,73,52,-27,16,45,35.14,-8.63,40.37,48.35,-4.23,47.52,-35,2,66.36,-5,62,14,-20.53,110,-21
56,-2.08,-9,77,21,5.94,-25,117,-31,78,-38,121,68.07,43.79,-49,117,-24,59.93,82,-40,148,65.07,149,56.83,47,-20,26,-24,-17.78,82,0.91,27.17,127,-19.19,-25,-12,-16.99,50,92,64
-44,103,44.98,21.04,-0.28,21,15.68,101,-16.39,66.96,74,18.75,-20,29,60,-23,-49,27.03,149,2.24,-28,141,17.83,-14,136,97,127,39.6,30,45,73.53,-7,-45,88,-42,-15.53,40.83,27,92,12
74.22,-47,24,139,81,17.22,140,-49,37,28,43.47,109,76,63.73,77,53,71.93,-6.81,-48,21.42,79,131,134,-10.9,90,117,46,29,51,60.73,87,-11,73,46.24,-0.18,14,-18,-32,-48,40.9
-23.87,1,-10.95,70.17,66.99,23.36,5,9.69,-26,-15.88,-25,-31,-15.75,52,-38,-34,33,121,77,10.58,91,25,126,4.95,31,-12,19,72.69,-22,57.21,-48,8.66,125,143,22.9,128,1.04,1,101,-14
2,-17,20,3,16.36,74,-0.69,-33,-42,19,59.27,55.01,68.23,9.72,-45,-44,41,-19,142,130,144,-19,-22.11,15.44,49,35.01,-13.19,34.24,58,60.28,9.46,63.07,-7.4,117,106,31.24,-46,72.8,10,97
-11.14,40.47,94,-12,11.72,25.98,47,72.08,39.72,-21,55,-24.83,86,16.29,-19,63.4,128,-33,88,21,50.65,-9,54.83,4.78,21.74,58,61.86,129,0,-50,72,42.78,39.05,21.65,-38,52,-24.41,11,-39,-39
-27,28.06,71.97,-5.45,88,61.08,11.55,-17.53,69,77,85,98,11,51,135,26,40.76,0,-21.49,30.68,92,93,101,64.77,5.53,45,27,-16.15,31,65.77,0,37.35,36.16,77,60,106,53.29,-50,57.29,20
131,31,58,56,12,71.37,29,34.79,64.13,45,-23,55,41.75,32,29.97,19,146,93,-35,66.23,-19,-17,45.48,47.65,41.93,58,-31,-16.56,-5.69,45.94,110,23.11,131,63,-8.78,33.67,32,47.19,45,-12.06
0.48,37.69,-13.14,-20,17,-4,64.54,-8,61.09,-24.01,66.64,53.31,-49,34.69,-36,-39,112,81,36.76,108,-29,112,10.38,143,11.85,48,36.74,138,65.88,-10.67,-29,-29,-5.41,-8.55,57.18,97,10.71,73.57,74.1,99
72.42,-43,79,37.1,122,49,71.42,-48,140,13.01,68.06,64.74,113,72,44.2,74,43,93,-40,-5.08,102,112,39,-29,51,33.34,-25,31.61,54,79,107,114,145,61,-41,17.32,88,-3,-33,-21.26
53.86,30,70,53,2.85,67.16,105,-17.68,-17,52.21,-48,-20,39,100,91,148,-0.38,14,55.99,-41,33,49,-45,-18.02,-14.37,136,56,144,63,84,64.24,16.29,-7,73,52.13,106,138,71,49,23.82
-8.36,-18,87,32.65,25.29,20,135,112,21.68,-10.64,40,63.65,-28,-17.67,146,99,-9,18,57,-17.18,24,56.37,-28,57.3,11.55,103,-10,145,-11.97,115,-21,82,-21.65,119,56.93,0,144,-2,29.38,9
8,58.4,21.4,28.65,51.13,121,19.61,-47,61,-8,71,-40,11.53,21,126,32,-10.31,112,2.5,102,-44,7,42.34,14.84,-23.04,25,121,25.99,79,96,13.11,107,-28,79,-37,39.99,-1,67.67,-27,98
-47,-35,10,38,-8,44.92,18,13.37,45.27,30.23,65,15.08,-37,-17,12.28,147,-46,147,-17.91,-17.84,-18,-22,33,7,-4,40.4,-48,125,33,30.54,-13,61.15,70.46,25,16,30.63,27.33,28.64,28,58.08
105,15.99,-22,-12.09,21,-21.54,57,88,135,0.99,122,56.16,16.15,54,-30,102,31.21,106,134,70.09,70.53,69.68,3.02,70.94,48,-49,55.54,23.96,-11.64,146,13.06,2.09,33,54,-22,12,75,92,142,29.97
-13.2,60,-1.1,137,-26,21.07,-42,5.07,147,8.34,-38,39,31.35,67,7,35.14,-6.74,70.99,-40,-18,11.17,7,-30,-22.91,143,36.97,-1.75,18.49,-43,107,47,84,143,65.71,-45,-3.99,5,55.47,108,-35
124,-48,-3.12,-15.83,65,71,19.02,138,53,58,-9.95,-50,21.98,-23,43,19,123,-28,74,100,36,20.5,65,58,72,0.82,29,-19.66,37,-46,43,10.75,26,80,-1,39.59,4.58,75,-21.93,-46
23.14,-24,48.58,76,45,-4,23,28,100,-12.39,24.98,6,107,4.28,6.61,-32,80,16,34,-10.59,-14.4,-8,109,17,112,0.39,34,64,50,0,141,-1,114,80,74.05,25.94,-18.58,-3.35,79,0
48.62,75,106,73.2,77,110,83,-16.62,-12,-33,60,44.95,-1,51.58,-10.43,131,60,26,61.12,57,99,74.71,-9,120,-1,15,20.35,-18.57,83,142,109,97,-15.31,70,-22,7,46,45.67,-1,-11
23.39,9.79,53.55,85,40.51,117,114,1,55,146,33,61.02,28.59,62,137,23.5,21,52.26,41.71,0,-35,-23,51,-24,94,123,26,-43,14,19.17,48.21,-30,20.72,19.37,17.71,-0.46,-49,82,84,130
-22.87,6.39,82,58.16,62,51,-39,-10.12,18.85,124,-17.2,-33,-1,41,14.34,43.75,43.65,-13.97,-16.48,74,57.29,-38,11,-21.76,39.05,7,121,101,-20,-34,120,145,-9,-26,5,68.36,4.46,19.24,29.31,59.69
9.24,118,127,92,138,25,52.46,70,103,121,6.33,-29,49,10,80,33.87,1.11,-22.12,139,-4.99,74,44,36.92,5.33,-0.9,72,138,65.5,93,-42,113,73.81,-50,21,129,89,37,108,136,71
87,35,2.85,-12,43,-43,37,42.47,132,37,20,122,-35,15,87,43.14,76,-18,68.64,21.95,51.08,83,64.68,4.35,-18.63,-16,-13.38,35.16,127,59.16,6,-10,25.34,109,-23,-0.48,64,5.84,145,51
-7.28,54.75,-41,75,-2.67,66,45.89,-5.62,63.64,4.07,112,-3.48,40.78,6.64,-7.79,35.66,-5,60.6,56,63.92,-2.9,77,60,-17.36,64,70,12.53,-7,119,128,65,118,52.44,32.54,35.24,11.89,46,2.21,-26,-21.67
21,77,-8.65,121,-13,28,34.85,-1,62.54,-47,-14.65,19,-24,79,9,67.08,95,101,11.63,69,8.21,-15,-22,-32,47,44,46.1,21,27,-5,-42,112,48,18.62,0,45.99,113,111,62.95,43.2
52,81,20.44,40.97,129,72,65,17,-24.24,64,67.41,-8.23,34,28,-18,-10,-48,-20.87,-14,-24,66,-26,64.82,-28,116,-3.97,20,-0.06,40,16,-3.13,-8.98,-3.09,37.01,30,-17,15.57,66.8,22,111
50,73,94,68.09,-15,25.76,29,66.51,91,56.72,29.69,-17,-37,44,112,84,-24.83,39.92,-21,53,4,112,-47,-15.54,58.31,12,-23,14.36,-7,18,-5.81,13,31,-23,68,137,49.06,62,-24,143
130,77,36,49.04,125,73,88,34.05,63,-27,-14.01,19.69,-40,136,121,33.65,65.73,63,39,15.04,2,52.19,7,0,76,62.41,56.77,9.72,20.59,30,11,-20.07,-15.09,23,24,10.94,96,-28,119,85
-19,2.3,142,-45,53.26,40.17,35,79,27.64,-8,18,13.33,6.9,11.57,143,130,-8.94,-36,84,-12,8,103,61.93,-6.5,106,98,80,58,3,124,-5.17,10,8.36,86,59,55,43,74.99,125,148
57,10.15,24.05,23,87,-18.17,35,12.92,27.67,-37,84,118,-28,45.07,-14.6,-32,127,52.2,48.5,79,-21,83,-3.85,70,-30,67,29,-21,-43,30.32,24,-42,70,126,81,25,8.78,66.67,84,56
26.51,87,-10.62,9.99,-8.9,30,84,147,39,94,-18,119,122,17.75,72.85,-18.44,60,-23.94,40.98,57.98,76,-10,39,29.84,-3,-19.34,97,-24,124,65,48.06,25,12,37.3,26.31,108,43.89,58.71,-46,42.58
49.79,-13.53,19.15,35.36,-5.73,-9.82,10.77,13,131,58,47.68,2.14,25.84,142,52.57,52,70,77,76,24,50.52,62.2,71.14,68,63,66,2,-19.95,13,-19.61,116,-17.94,72.05,113,34.42,52,56,69.73,-14.56,86
74,-28,93,-46,-7.51,-13.1,82,6,25,66,34.46,72,115,68,-9.82,-13,3.39,43.25,-5,-31,86,49.66,124,114,-22,-24.68,46,-19,-12.03,26.11,127,1.35,31,140,17.11,58.55,95,-10.79,27,-26
14.16,67,-3.21,71.35,63.9,132,95,67.85,63.58,143,70.65,73.78,8,93,2,6,72.96,-25,122,74,26.17,88,27.29,144,56,-22,60,47.8,25.89,129,49.46,0.67,18,26.77,51.11,35,57.95,26.51,64,13
121,28,46.97,76,69,33.38,24,35.57,1,-42,36,32.38,120,13,63,45.19,-3.59,40.66,127,70.01,133,99,-18,-17.55,36,52,82,6.72,33,103,-13,-31,68.56,-49,76,54.67,56,19.3,3.39,7
105,17,-15,37.46,39,44,31,126,25,16,98,128,32,144,21,-19.61,-24.8,-27,140,-37,-13.87,26,27.54,127,80,-18,117,57.75,46.21,7,102,55.52,64,-15.97,51.74,11,14.54,127,26,51.02
33.02,1.02,-1,-17.26,74.09,3,148,-1.1,-3,16,78,54,87,80,36.16,2.37,144,93,52.58,100,46,-21,63.29,110,17.41,7,66,108,117,-21.27,41.99,27,-38,-11.71,-37,35.75,0,30,44,8
3.55,144,57.2,110,-37,52.03,67.01,83,-22,53.85,35,104,52,24,-8,67,34.59,85,37.7,3.11,119,122,21,12.15,108,108,132,30,23,41.34,107,-46,96,7,128,-7.47,37.46,-5,43.05,65.76
123,115,-14.37,36,33.89,42,-42,22.14,122,-10,55.29,47,47,83,6.41,116,39,115,35.93,95,101,-21,-22,-8.66,-11,134,13,-15.46,-24.05,72.57,11,-2,73.24,-17,50,131,27.47,-46,-2,-29
11,-47,99,5.77,16.74,31.18,52.26,61.92,50,-33,16.74,-7.12,16,-33,34,-20.85,-41,46.68,40.81,99,9.34,126,19.61,-17.84,-8,74.87,53.82,38.9,71,70.49,73.97,31,-26,-41,14.81,11,-5,48,89,12
54.78,35,31.91,90,47.34,4.77,139,16.78,2.26,-13.82,-15.49,38.05,36,3.33,118,39,72,112,4.23,50,43,-8,-17.03,101,16.12,-29,-29,87,-28,128,83,18.7,-23.65,137,35.74,135,17,70,140,139
35.09,-26,118,140,100,123,-31,88,-35,0.72,20,124,72,-19.91,-7,68.92,-21.84,48.65,43.62,28,-2.02,-24.24,6,85,46,69.08,-3,44,96,36.04,-17.48,-23.15,72,-32,142,-11.77,100,71.65,90,-15
136,114,-2.91,8,27,-3.56,-39,30.84,21.6,-24.22,136,44,7,126,47.74,-8.88,0.94,64.68,24.77,70.05,24.69,-7.71,28,19,2,148,92,13,21.58,33.11,20,31.89,39.45,5.91,-14,29.24,15.31,49,-9.36,104
12,51,22.71,93,144,140,20.35,85,-30,28,-29,-11.41,127,-22.99,39.98,82,41,117,10.2,-14.15,-3.92,145,22.94,9,-13,62,99,4.16,101,136,-5.86,118,92,140,-34,41,-50,1,80,34
124,108,88,-13,71.57,72,130,13,-18,63,63.63,-4,-6.41,102,-14.99,35.71,-21.09,50,51.46,71.27,92,-28,114,-1,63,109,48.07,85,-50,-19.53,19,138,0,112,-41,149,49.59,18,144,129
22,139,39.98,71,33,31.32,118,-45,-44,58.65,35.58,95,53.16,113,74,-1.94,29,-24,92,132,61,13.2,18.07,47,60,-0.82,94,75,144,149,85,114,130,47,65,74,33.49,14,41,64
-26,-18,2.38,-3.66,-2.35,42.14,-16,144,28.38,73.98,34.47,38.8,51.39,-45,129,14,21.93,37,146,5.02,-22,140,66.33,140,-8,-13,114,104,88,-40,62,131,21,54.37,-0.19,-15.03,22.7,20,-30,-9.52
-22.74,-38,133,-6,90,53.1,68,-24.5,-22.75,-25,14,2.45,-5.67,50,130,-23,30,28.5,-37,14.28,-8.08,64.8,33.83,50.37,-3.63,-11,60.33,47.34,-39,135,8.77,49,-9,50,38.17,43.18,56.26,97,-14,29.96
21.21,14.29,58,9.99,-32,-4.94,-3,-21,113,-9.18,1,-38,103,136,128,143,-13.37,74.25,-14.46,43.16,-18,-6.48,122,65.82,-20.7,32,11.4,46.54,116,73.32,-30,87,36,35.14,-6.16,91,-5,148,34,46.88
5,1,39.92,1,119,66.93,36,82,73.72,-10.57,-16,-9.07,66,149,1,1,41.96,23,-12,-8.52,79,-14,-6,40.61,-21.05,-21.38,20,23.94,126,134,141,59,24,4,51.04,0.85,74.48,-36,120,-19.86
94,0.54,28,65,-16.15,47,135,-48,25.35,49.61,-23,-11.34,-39,5.67,62,89,134,53.08,118,20,-47,76,97,-32,72,-43,37.24,135,87,138,-14.74,128,103,61.79,-18.82,-45,47.1,15.17,101,-3
21.39,-13,-8.68,-35,149,60,23,94,105,70.17,52,114,8,67.39,-19,-15.87,-18.56,104,132,135,-23.2,1,131,39,-20,144,-8.09,-12,-26,85,46,100,41.08,-34,-11,66.16,-1,-14.84,33,32.88
-10,-23.15,70,47.45,0.08,20,45,89,-5.28,-25,28,-4.35,4,70.23,90,58.89,59.82,59.07,65,70.52,132,7,52,134,18.13,9.55,-23.59,66.32,-6.27,54,83,23.31,-43,-1.61,73.23,-13.24,27.22,146,106,-50
81,22,30.79,-15.64,-0.75,11,127,32.73,34,-22.49,56,76,12.35,138,65.54,35,87,103,56.04,2.24,8.39,-3.58,37,-33,-49,-48,7,118,2,31.93,15,-24.57,30.95,68.41,54,11,33.46,136,6.23,-34
93,54,55.93,39,6.35,60.98,130,60.66,36,13.4,138,73,117,14,141,42,103,90,110,41,71,28.34,123,127,115,43.03,58.27,-27,18.04,131,22.83,23.51,26,102,8,111,53.61,111,82,6.94
-24,-10.14,99,35,-19,35,125,123,-12.93,24,49.58,45,82,43,-41,57,81,65.95,141,50,115,50.4,63,-11.05,106,103,99,-34,3.76,-15.83,32,121,26.66,-23.27,76,137,50,-30,48.67,43.55
39,48,27,55,23,60.89,35.87,81,44.8,60,18,-17,37,48,5.84,45,59,33,35.34,71.82,-6,35.64,6.52,-18.85,23,56.02,122,14.23,17.49,56.47,102,18.58,13.36,-22,52.17,-7.26,70,79,49.46,72.06
43.14,39,36,30,117,-38,-22,-6.96,63,-14,38,22.79,34,7.86,55.61,64,88,0.38,78,-17,135,53.52,70.98,20.5,127,71,46,136,6.8,12.99,13,73,-14,14,140,-3.47,3,63.39,136,-31
25.85,-2.32,29.37,110,61.09,11,6,90,-35,-31,44.71,108,139,94,8,27,60.63,1.02,4,34,-4.1,24,-16.52,54,-14.53,39,81,64,60.32,-18,72.36,-34,-15,106,66,128,-20,4.53,37,131
-2.45,64.48,16,10,90,-11.78,17.43,13,41.14,69,25,62.22,120,51,56,52.92,1,126,74.56,-24.99,66.09,7,40,44.71,80,8,57.91,-46,89,28.77,69.32,117,-45,46,-2,35,125,56.3,118,-2.07
8.14,-24.61,143,149,21.57,-16.15,37.97,84,40,67,-25,55.95,106,98,120,6.9,0.1,-46,57.35,16.02,136,-1.97,8,-45,-15.15,43,28,15.89,50,33.67,-18,38,37.26,53.83,146,-6,67.38,27,45,45
-12.15,63.61,-26,-1,38.83,-34,43,61.22,7,65.51,66,43,27.64,34.98,64,50.73,70.13,12,113,44.74,137,4,51,-13,37,-50,-21,127,42,128,-3,-19.73,-4.41,6,-8.87,36,-3,58.47,20.34,137
70.73,75,-6.19,-16,102,-7.15,-19.05,146,4.63,-43,-50,50.96,57.47,136,148,-24,10.05,39.14,22.95,67.07,85,13.15,62.5,121,39,29,18,81,1,14,73,-13,70.44,-18.11,42.57,26,28,25.19,-15,68.48
124,65.11,-16,-14,-42,-45,-6,118,87,130,70.37,17.13,5.53,149,-15.64,36.55,87,-7.37,86,73.26,-19.58,9,0,-24,37.74,1,-20.7,39.21,99,130,125,30.39,23.31,51,12.88,20.91,73,1.73,-1,3.28
16,127,52,-49,70,57.04,116,-0.56,73,31,-5.04,4,10.38,11.82,23.22,27.44,19.29,8,118,58,25.81,27.02,-6,44.24,71.16,149,136,-28,-44,135,-10,86,87,24.02,-38,22.28,-41,78,115,-22.58
-23,72,36.19,-33,69.1,111,26.77,72.42,-5.5,39.96,54,13.85,139,47.26,-16,72.7,72,-5,0,-9,44,39.44,120,25,136,-3,130,-1.32,-10.99,65,-41,24.84,57,104,30,69.5,95,70.44,5,141
45.19,119,-22,144,35.27,41,62.14,-7.61,50.37,-6.47,70.08,86,-41,17.33,44.61,-3.99,44,38.97,73,-32,32.6,80,63,65,80,89,132,9.89,13.77,126,8.37,-11,8.93,14,18.06,10,41.55,36.05,138,26.83
90,-45,37.56,1.29,62,37,56,147,-31,-9,44.41,30.91,67.28,45.25,59.21,27,70.33,114,14,-13,-3,54.31,115,49.79,67.55,-28,52.93,4.81,-5,119,137,142,36.95,-18.9,-24.28,107,44,52.1,-14.85,64
-12.08,86,-14,27.99,-11,58,-18.6,85,62,146,66,-49,99,-38,138,17.01,65.81,-20.19,110,6,-11.81,-4.72,44.47,-0.23,-46,123,-22,49,-5,132,23,-25,26.44,55.96,48,43.23,31.97,81,14.54,107
10.11,49.04,-25,29.79,8.36,-8.97,-16.6,-46,131,99,27.96,-14,92,6.11,103,-1,28,147,138,49.69,22.09,58,68,30,6.68,111,87,70,-8.23,35.4,-28,5.45,95,-2,0.38,142,52.13,86,-24,129
-6,-24.2,26.57,-12.96,60,11.41,45,-48,-32,86,11.83,71,25,10.94,28.63,69,61,16,58,-4.74,43,91,38,-8,38,-18.79,60,123,134,-14.3,84,20.01,47.38,21,39,-8.65,107,4,3.18,-49
48,40.85,-17.34,-23.81,55,111,58,26.23,100,73,93,-6,59.3,141,81,47,1,7,-50,-13,52,46.37,17,68,105,-21.78,67,45.48,96,134,-16,105,-17.14,59,132,-6,-38,51,-34,35
5,48.59,115,-18,0,-7.03,-36,-32,-9,31,103,68.28,-3.81,61.26,-43,-12,133,-9.56,78,115,14,51,37.94,9,146,55,75,-4,64,127,-24.93,122,125,46.07,-14,46,118,49,55.51,-9.95
4.48,-2,13,27,115,34.28,43,73.06,24.52,22.75,121,-1.16,23,8,72.74,19,86,49,4.27,31,98,6,134,-6,121,8.5,79,-40,16,-11,-3,48,11,-37,3.39,112,23,64.26,-38,13
12,16.81,32.56,47.84,149,36.01,9,55,126,8.4,42.77,-7.06,-44,-2,1,131,70.97,-9,-7.18,-6.85,79,136,21.5,59.18,117,38.31,64.62,149,-13.73,55.53,-17.97,-18,-3.94,38,-12.72,20.06,11,-44,50.18,67
26,-13,-22.83,-43,-2.39,91,19,44,24.76,20.63,-15.52,120,129,-12.93,45,22,49,138,48.24,-13.32,-12.63,34.74,8,57.53,-1,28.59,-42,126,-30,6,-22.54,81,36.89,94,-24.96,66,-10.09,43.59,-3.15,-16
6.47,24.48,117,-18.48,105,73.47,134,69,31.25,43.01,2,67.32,-14.24,-8,-24.57,-34,93,73,-47,84,11,111,63.23,-43,60,14.71,25.78,78,108,58,95,59.24,20,29.56,102,-39,73,4.95,68.22,73
-22,41.64,116,13.34,52.75,116,92,-21.81,19,-5.71,11,-14.63,48,13,13.75,-24,17.47,-14.88,88,16.98,-2,-14.5,67.34,31,21,16,129,25.51,22,114,39,-3.04,93,-4.34,88,-3.64,-48,7.02,-11,79
88,51.72,-43,39,6.1,149,99,17.5,75,13.74,-10,75,41.87,120,8,22,-18.13,33.17,64.92,-10,57,-3.17,75,53,-12.04,39.05,124,25.04,-26,120,-33,44.21,7.88,83,36.6,27.31,5,108,-18,110
-17.96,14.06,4,7.43,-46,108,78,68.33,58.94,44,62.43,13.92,37,8.98,7.47,49,134,103,21,72,12.39,92,19.7,10.34,89,10,143,59,40.74,45.82,84,123,7.74,38,97,67,32.28,133,-35,85
105,-10,0.2,145,144,61.62,-7,83,69.55,-38,59,7.24,-50,138,39.5,73.59,82,-30,5.97,44,129,54.58,16.59,55.21,42,7,145,44.81,-26,15.36,98,-16.07,90,-49,66.17,-16,66,70,120,108
-22,13.39,95,31.83,45,59.52,52.37,116,-25,94,51,-12.8,66,-2,46,144,-9.25,36.45,-14,-41,30,-23,148,-18,16.32,13,-16.29,-44,42,28,36.15,-40,34,6,-18.93,49,94,127,-9,76
111,-24,4.11,-15.43,30.19,66,-46,-40,-6.37,7,147,58,76,32.86,69,-21,68.34,66,0.84,143,47,34.33,-17.78,64,-35,-13,140,63,53.59,149,66.19,46.69,130,53.26,-1,50,15.03,-21,-28,31.9
-5,-22.36,47,0,-28,19.35,106,73.08,59,-35,49,129,-15.18,42,74,44.05,76,82,37,29,-21.69,127,-2.64,55.28,104,66.6,23,-23.18,-16.8,-16.35,121,33.37,5,54,126,33.06,78,86,-26,76
42.47,102,141,16.83,-38,1.67,124,141,43.53,57.17,-26,12,2.54,-19,-14.57,84,55.13,-14.72,82,30.69,70.34,46.51,54,79,38.03,15,-31,134,-14,46,-6.78,10,18,-14,27.84,104,56,88,109,19
141,120,71,4.92,-6,146,121,4.65,57,49.45,53,35.07,40.58,-28,-20.18,69.49,37.52,54,110,6.31,32.2,-9,-10,22.44,-24.01,54.05,-29,89,119,133,0,-30,136,61.17,58.52,105,-23.89,26,4.92,80
93,61,4,-19,105,71.1,3.08,138,6,-4,-17,49,53,-27,66.68,-7,67,-37,72,84,127,43.67,-9,39.31,26.03,127,76,14,43.02,51,-17,13,6.29,-41,20.31,133,65.75,-24,67.34,-19.82
60.75,3.17,1.34,-46,112,32.87,147,130,-11.06,48.69,72,5,-48,29,92,83,92,131,-15,37.7,32.67,46.99,-17,-18.4,72,33.51,76,105,67,-10,85,-6.23,-30,-20,67,55.99,70.03,5.35,52,41.36
31,-9,-40,-36,59.57,-6.17,73.81,42.78,8.74,24.46,20,48.39,64,16.24,37.69,-21.21,144,44.97,48,41,2.64,42.59,-17,39.69,12.27,23,90,72.68,83,49,-15.25,98,-12.86,67,-28,-31,37.32,64.63,8,22.31
61,27,26.73,38.72,55,91,59,-12.36,137,-24,61,45,104,117,129,141,9,30,77,-45,43.77,62.36,61.88,15,148,16.33,-24.79,33,30.92,64.44,5,51.81,142,123,-10,124,-20.18,41,120,77
6,-39,55,102,22,4.44,32.31,35,-11.49,31.68,120,93,-38,33.42,23.85,62.23,127,54.31,103,144,-39,103,7.08,-19.75,38,72,79,21.99,71.24,48.45,85,71.46,39.09,52,49,95,99,61.56,-29,10.14
22.39,-31,18,49,72,53.43,5.61,-34,4,22.67,36,28.62,82,20.6,22.76,-1,50,10.45,8.24,65,59.67,-11,70.48,34.28,29.69,7.4,120,-21.79,69.05,9,50.36,-15,-30,-45,139,56.13,-1.32,71.77,42,41.81
113,13,-21,22,-12,-19,8.8,-19.79,30,66.63,37.87,-16.26,22.35,90,63.32,36,14,-10.45,54,74,-26,-12.98,-44,107,46.42,55.19,-22.17,106,-5.44,76,65,66.52,-9,-27,148,140,-4.6,-8.24,29,-0.97
64,14.32,-11,10.82,8,139,-33,73,-9.66,-2.42,9.73,55.75,121,-20.89,104,-1.61,118,104,65.54,26,48.55,70.66,68.85,57.77,23,-1.16,-7.07,-19.09,22.58,27,11.08,-13.97,15.74,20,63.09,76,37,-44,34.74,25
35.55,38,97,57,19.02,99,44.84,-21,-46,28.75,69.28,11.83,41,100,14.59,124,13.48,8.24,-14,18,85,-3,12,-11.11,65,-16.24,40.74,49.68,89,5.93,118,41,14,39,61.53,70.63,27,124,-23,87
23.25,5.17,117,15.48,72.66,103,-10.58,9,56,103,8.37,7.15,102,-11.95,-47,130,129,51,-44,138,28,113,-21.64,41,100,40,126,59,39,42.57,49.76,58,0.6,130,61,-15,55,12.05,39,138
-24.14,121,-18.02,-19,9,12.91,83,40.1,65,48,39.2,-24.07,6,-28,-42,46.51,49.99,5,37.98,142,-40,117,84,-18,23.68,4.03,14.21,105,35.46,55,44.25,148,8.19,-41,36.11,84,44,68.17,26.41,134
7,-34,53,147,49.06,78,-36,31,-13.63,25.89,-3.64,123,79,146,42.28,114,115,47,-30,18.59,32,121,110,11.86,49,146,-19,-4.94,83,84,-31,11,34,110,63.72,-8.35,133,104,-2,85
82,115,149,68.78,146,64.98,106,18.77,37.35,29,14.47,-39,-4.41,-27,12.37,0,-7,-2.04,142,-20.62,73,50.02,33.34,-22.36,7.4,1,127,31.38,141,-10.02,96,65,131,55.91,142,44.32,26,53,99,66.85
49,56.21,-13.3,-29,-6.01,132,116,149,23,74.23,36,-5,-2,38,60.64,74,25,126,7,-15.7,40,51.59,34,2,-21.67,-20.4,42.13,16.16,35.97,0,46.6,69.51,-25,144,5.68,-4.43,124,18.28,-5.37,-33
-9,71.17,-37,62,49.6,106,129,-2.38,32,46.6,146,137,124,72.24,72.18,61,-15.62,84,33.16,87,-17.05,98,104,110,-42,10,120,18.03,37.24,-17.89,53,-30,54,48.86,-20,17.89,49,27,-48,96
138,147,91,16,37,12,8.29,60,27.15,-21,-39,127,99,44,29.69,-14.87,37,-20.23,69,9.88,-7.56,138,79,40,-30,28,88,-42,-6.11,7.19,52,-17.21,10,39.9,55,-34,125,147,6.8,15.02
-14.64,-13.89,53.13,10,31.87,-6.54,59,103,-18,-7,146,81,-22,79,-11.41,17,63.49,131,36.67,9,126,-15,63.2,8.92,-10.42,93,3.02,20,62.48,-12.57,148,23,129,-21.79,-4,18.55,50.31,-6.62,-21,30.39
-7,60.72,140,143,60.92,1.97,-21.97,-15,19.68,-11,70,-38,20,33,5.43,32,90,114,48.74,58,25.06,81,33,-14,13.53,39.4,-13.89,-10,-40,43,69,147,17,49.78,44,39.46,-16,-20,-37,-0.6
43,144,2.18,-21,98,7.16,71.68,48,19,28,27,109,-45,32.25,76,18,-23.58,102,36,37,72.69,128,64.41,33,10,95,-35,43,-45,68.75,14.02,-2.98,65.66,1.48,-13,-20,8.27,7,77,1.91
3.21,48,-6.05,25.72,59.02,72,17.1,106,-1,43,69,-18.22,48.17,25.43,-2.79,36.3,11,125,33.53,50.8,126,86,71.71,18,27.91,-12,84,-20,47.32,0,60.44,57.48,57.42,87,50,55.22,-8.27,104,39.72,27
30,37.89,138,-30,42.96,32.16,-25,-23.6,67,12,54,46.05,61.51,9.37,142,105,110,140,39.92,-2.98,56,36.27,88,70.48,65,23.65,-14.42,134,6.36,-21.98,51,35,30.18,-5.24,125,-24,-45,133,42,-20
4,-23,139,93,-16.47,27,102,-4,-23,135,50,2,6,71,25.16,-44,31.85,-49,15.4,3,133,63.11,42.41,122,129,71.77,9,10.77,41.09,-16,-22.91,30.02,6.97,119,-42,69.29,-27,-7,58.47,-16
44,-27,-6,39.79,50.58,3.4,119,65.34,80,113,89,-14,54,144,-25,-16,49,71,65,-6,12,5,127,-21,5.54,88,69,19.32,-42,72.49,48.01,75,113,138,57,56.78,71.15,106,58.92,-18.16
-27,2.13,-17.33,33,38.44,33,148,75,-46,-17,72,-40,-49,48,126,53.45,39,70.4,-23.44,22.41,-10.72,121,116,35,1.26,-6,-4.32,-14,101,-30,19,-5,-5,26.87,12,126,37.44,68,69.44,96
81,-17.84,-8,85,66.21,-19.95,42,84,29,66.09,19,72,67.41,12,57.07,55,49,145,-32,55.2,-11,56.99,149,49,71,-6.86,0.1,-8,-35,56,83,45.53,9,25.82,43,114,65.32,54,2,44.53
17.99,5.13,26.02,27,8.61,39,-8,3,-9.72,9.11,63.66,130,1.32,50,-12.05,59.08,38.34,40.13,53,100,112,23.88,91,104,132,-3.7,64,-27,101,63,20.25,108,63.22,70,93,21.33,130,64,101,-23
-22.54,-21.71,31,119,17,27.45,128,28,49,-41,-5.78,74.17,135,139,23.08,51.2,12.49,5.02,79,21.99,127,44,40.81,-12.31,50.82,68.99,16.48,123,-6,-42,-1.58,-3.01,43.18,-4.04,-9.1,19,132,136,-38,-36
-23.28,-1.24,-43,132,28,111,-47,115,86,-3.05,99,72,88,11.17,45,9.89,-12.82,54,111,23.21,11.7,71,87,51,112,1.98,145,66.75,40,109,141,-43,48.79,98,38,-1.49,148,16.73,-4.81,47.5
48,82,135,61.98,-47,25.59,-35,20,26.26,36,-47,38,80,0,-43,143,62,136,2.49,134,40.77,3.81,116,4.08,136,17,90,-10,119,91,-13,-8.71,52.23,106,32,66.8,-34,124,8.09,0
-25,45,73.55,4,119,101,101,126,30.64,28.64,-8.73,60,-23.12,25.28,-6.78,93,51.2,-6,58,-9,114,71,-10,101,74,76,-19.74,74.55,126,34.12,87,143,59,10,48,53.59,-3,33.92,13.39,-20.71
-14,66,66.18,-15.81,-12,60.24,-2,96,134,123,58.52,45.65,48.19,52.38,-13.79,60,108,14,-24,90,-4.03,112,72,68.27,49.65,-3,76,37,-19.94,32.31,23.59,76,148,102,73.92,97,21.94,57.09,-47,14.03
23,61.1,-47,-24,38,7,142,-8.66,78,41.33,-36,10.72,4,143,126,-38,-7.89,68.51,12,34.7,68.9,16,24,-3.92,67.15,27,57.2,-4.74,-32,70,4,45.67,32.45,148,146,136,66,-27,139,135
106,106,113,9,29,144,-8,15.77,42.65,1,80,71,36.15,145,144,-35,24,100,80,-45,112,44,14,145,26,76,6.78,-36,-31,-10.03,-32,98,11,13.05,115,125,63,-7.67,119,12
44,-27,19.2,102,72,-12,-10.9,134,130,44.65,61,121,-47,148,-31,60,9.92,-13,26.28,-18,-22.27,88,48,60.36,57.58,121,1,44.97,131,109,-10,49,122,143,-4,-45,46.55,0,0.16,76
37,144,44,43,30.79,95,-35,-3.97,-26,62.77,65.4,-6,-22,77,-42,97,31,-13.46,-49,-44,76,75,16,86,50.17,31,65.47,54.49,27,105,45,48,-24,4,6.45,-37,-16,82,43.88,-23.3
5,120,71.76,-11.52,81,-50,-28,32,-44,-17.94,30.12,28,8.46,19.12,113,126,73,20,105,71.62,134,45,-5.72,-9.82,134,-18.08,94,126,28.19,-7,45.52,57,42.54,89,18.18,54.26,-42,33.4,146,-7.44
-12.13,128,54,38.72,1.7,4.34,8,14,54,45.46,-19.56,37.33,27,-9.07,88,-8.15,65.4,18.99,49,-33,-13.98,32.88,18.09,40.2,91,11.66,119,103,71.75,-0.05,10.1,93,49.63,21,32.05,-23,23.48,127,4,-6.07
35,28,-18.57,-20,116,12.75,107,-3.3,44,43,145,106,-10.6,-45,-9,8.56,137,91,16.49,-20.11,72,62.86,104,96,44.94,62,-13.74,41.59,76,133,19,50,130,-2,92,54.02,62,-7.93,53,-22
38,-6.53,122,58,18,8,145,16.6,24,-3.65,40.48,86,108,-32,114,9.46,67,53.99,-21.44,62.27,21.4,0.75,145,-8,98,30.92,-14.04,58,42,147,-38,60,-33,49,88,103,98,74.06,143,2.86
74,32.69,122,75,11.53,106,85,41,21.86,121,17.8,39,58.04,98,-11,19,56,125,76,138,7.34,24.64,16,-24.37,-8.06,-29,109,-21,0.57,-15,52.69,-10.34,15.03,82,69,14.25,-33,-9,65,134
5,40.02,-6.35,68.71,145,7.01,5,84,13,22.44,100,47.33,-21,17,55,20.11,113,52,1,-33,63,2,-4.44,-50,-44,16.71,24,-21.39,147,20.58,72,32,38.79,-17,-31,-17,72,38.59,-7,40.49
11,4,-22.64,48.27,-23,12,-10,1.32,22.67,-49,137,42,-49,50,47.94,89,11.29,36.12,29.4,66,99,83,105,112,9.66,49,98,-31,75,143,103,125,-25,24,145,-10.79,-42,117,28.1,65.13
32,-12,148,72.83,132,-21,-13.02,-1.45,102,102,94,-17.32,127,37.27,148,129,-30,22,30.88,0.97,9,21.94,14,-7,-35,121,60.26,127,36.2,-50,52,40.53,41.34,-18,44.55,-0.92,-28,20.88,-7.71,-30
-1,135,74.74,-1.8,38.31,35.98,-5,35.11,86,67.04,-1.77,115,45.21,77,-14.65,82,106,63.5,-21,97,84,-24.68,28,97,91,32,13.5,140,-46,135,41,52.25,-7,-32,12.53,-30,18,124,-15.89,-10
23.94,-11,36.38,17,27.69,46.82,110,-5.46,116,53,54.79,12.71,22,53,2.33,40.7,63.87,28,64.32,-38,86,116,30.3,75,87,63.31,68.22,61.08,-0.1,113,54,62.2,-0.53,33,80,75,-40,40.53,50.44,-11.98
19.91,50.81,27,63,54,43.83,103,-7.65,83,-13,-13.33,44,59.02,57.4,37.17,13,13.92,-8.44,-17,69.71,-14.68,37,-24.86,127,117,139,74.55,71.39,144,-13,25.17,-2.11,11.71,32.6,46,114,37.81,57.02,16,47.65
48.38,131,-13.54,-48,54.25,25.82,15.82,-11,42.01,55,-19,-50,4.68,-18.96,71.55,83,-35,-39,14.32,97,21.01,24,-37,-31,6,49,-24,1.74,55,57,41.78,5,41.88,50,14.71,-16,-12,110,55.64,124
63.69,-0.5,38.27,22,34.9,-23,108,-20,41.2,5,30.98,102,110,23.82,25,1.14,3,21,55.11,4.73,37,-9,44.6,58.82,63,4,17.49,105,117,110,-17.83,51,110,117,29.43,52.95,-7,-40,-38,24
-17.9,-30,43.83,30,1,54,53.04,105,93,67.43,109,-37,13,36,74.12,-17,31.71,-14.04,21.48,-10.11,-2,-32,68.35,47.99,8.47,51.38,35,7,50,45.75,29.7,41,39,-50,131,34,56,72.76,-46,-49
-22,13.31,4.34,66.97,119,80,41.68,0.3,-41,-41,-31,75,-12.47,61,73.77,132,60,45.61,48.63,71,17.72,-1,99,50.15,43.66,73,69.53,8.73,81,-15,54,1.81,-1.47,93,80,49,49,11.88,10,-44
-20,44.43,19,71.08,-31,48,36,71.4,54.71,94,49,-20,143,149,100,86,36.15,-46,39.88,22,142,29,47,29,38,-12.71,118,-47,78,17,-22,100,90,31,36,9,69.75,115,76,29.12
46,71.78,29.52,-39,42.7,31.95,41.96,126,-7,59,27.14,2.6,-42,-15,38.97,-1,-0.64,7,36.6,82,52.82,50,-31,114,141,-17.72,92,-50,-36,-3.83,-22.24,-15.31,56.12,-15,71,42.85,56,46,42,-5
2,55.94,14,47,-15.88,113,51.61,44,-16.57,44.53,26,22,44.81,23,4.54,-5,74.02,65,10.24,-31,3,40,-6,68.14,37.32,46,-31,58,-6,60,60,4,-13,10,98,78,29.65,103,-10.71,38
93,11.55,37.87,5.72,46.59,48.44,-37,19.23,43.26,109,-10,67.32,49,-44,-20,19.37,11.15,45,139,83,72,132,135,139,-4,-12.71,27,23.73,117,14.16,52,40.79,-8.55,50,12.72,56.67,11,24,-16,46.67
5.91,0.25,78,14.37,71,141,26,-8.15,-23.55,-38,74,-23.77,42.09,125,-11.72,6.43,-17,62.92,-6.36,4,82,3.54,63,134,108,-28,46.11,6,137,30.57,61,64,-13,-4.53,-11.68,14.06,-2.38,-10,14.81,79
-7,145,142,12,-0.39,73,26,85,130,122,118,21,4,-45,65,75,19.74,137,132,-34,-16,-13.86,6,125,-7.82,-14,32.27,3,141,-11.23,23.6,-2,-48,84,59,-41,-39,68,-43,-49
97,52.02,-36,62.98,118,61,-1,-26,136,31.38,4.27,22,5,40.42,-6.64,53.11,43,13,-10,49.4,59.1,71,12,-43,130,77,35,53,44.01,118,-26,52.61,-5,28.63,-4,44,72.65,-3,3.09,7
-13.45,-2,-40,87,115,74,4,21,57.33,-26,36.57,17.62,45,7.19,-49,18,-20,3.03,96,94,121,71.68,115,83,73.11,60.27,-1.62,-1.26,26,107,26.29,-4.32,33.89,6.63,-40,-23,111,40.22,64,31
70,100,1,2,46,-47,142,34.93,-29,133,38.91,11,28,105,96,28.05,69.23,2,-8.84,19.07,93,94,65.01,-3.17,14,-10.42,107,106,-21.87,3.12,-9.33,78,-22,-14.6,67,33,59.91,25.49,73,-35
0.93,-20,-21,111,-1,140,38,89,-33,-13.23,30,69,36.68,110,74.84,138,112,20.46,104,5.2,121,3.41,-23.11,32,73,43.7,33,9.65,135,119,5,15,45,-8,31,-1.28,54,47,-11.45,72
-14,66.23,141,-19.78,53.17,-17.54,-49,14.82,129,-6.3,47.76,-39,24.07,62.43,47,32,32,149,-15,24.46,135,81,56.97,46.98,-1,117,55.45,-24.47,45.09,15.28,-19,28,-48,-6.85,34,68,0.43,115,146,-14.92
53.36,113,32.93,-39,63.75,66.75,77,3.16,45,-38,-10.59,-8,117,-37,37.73,-6.56,-23,29,14.49,130,-9.34,68,-36,99,35,141,-38,34.09,51.74,10,34.91,51,50.73,55,129,-27,44,111,51.2,124
-42,49.97,43.04,6,60,-35,91,-26,27,57,37.34,52.82,58,-43,17.69,32.25,-5.25,52.26,8,-0.25,14.7,118,123,51,-2,56,-12,9.18,51,63.31,51.39,101,61.61,-14.15,122,149,-45,108,17.68,-22
8,147,119,26,41.69,37,-38,140,-33,122,109,81,-16.11,47.23,-42,-14,121,-45,90,-35,20,108,-35,65.87,-7.12,31,139,36.46,-22.56,-49,36,140,110,20.63,64.77,59.02,63.66,-13.01,81,-3.92
-40,-3.88,69.76,-18.77,91,52,143,38.3,-18.88,79,-1.85,97,24.06,46,49,-13,29.72,8.8,-23.1,-22,41,107,98,47.19,52,-23.43,82,13.89,49,84,123,-31,50.54,146,46.18,28.23,97,18.22,117,-23.61
42.25,65.02,15.63,70,51.22,71,-18,69.17,46.51,30,-6.8,142,125,47.67,8.02,94,33.61,-17.2,62,33.06,5.54,-8.32,21.59,106,-19.85,70,-20,86,105,59.4,115,68,-20.48,-3,135,14.87,32.16,-21.22,73.04,41.85
119,17,82,-47,5,24,8.65,2.83,-7.05,-6.48,-31,12.44,48,42,7.32,35,98,67.89,90,5,66,93,11.51,102,86,37.97,-8.76,8,-12.65,60,34.57,45.3,42,49,32.74,90,49.2,42.68,65,18.39
46,-49,-15,-1,4.94,26,4.64,19,-48,-42,0.5,43,63,18,-11,132,60.77,-23.46,73.1,51,74,59.37,-28,74.53,21.32,31.98,67,25.34,44.11,32.69,24,47.14,97,120,53,20.62,92,73.36,17.78,127
48.77,-32,111,17.9,29,-9,53.05,-17.26,71,61.54,127,77,33.2,-46,87,37,46,-5.9,-14.19,31.7,121,146,82,40.75,132,45.59,87,128,67.96,-42,13,-3,-2.93,62.72,-18,85,81,137,-13.39,41.54
16.53,108,143,71,47,40,108,45,-23,-9,64,65,-23.76,43,106,-20,141,-12,133,16,38,137,42.76,-12.74,51.19,57.08,49.86,123,-12,40,123,-23.57,38.37,3,-12.8,62.97,5,8,10,-15
147,7,64,46.72,-12.23,100,7,123,60.86,91,65,21,56,-49,-16,101,8.91,56,131,-25,142,25,31.02,1.44,69,48.96,-0.26,19.01,65,17.24,22,64.81,-17.61,56.85,36,5.84,-20.49,-11,78,-9
9.86,133,-35,51,22.62,70,44.51,2.25,107,7,-39,11.18,12,53,81,77,23.15,119,89,-13,12.92,13.21,148,86,28.15,-26,-2.22,138,64.45,31.38,18,129,53.55,32.3,32.63,4.01,66.13,-6.98,16.02,128
51.94,23,-2,-4.21,124,90,-10,38.11,113,51,-16,25.36,74.69,-41,-1.03,99,32.18,62.6,85,29.06,-15.11,-24.35,28.69,50,107,65.94,22.08,-15.46,30,111,2.38,30,-16.52,-49,-2.66,68.6,85,-7,59.36,101
64.65,-43,77,103,23.72,55.64,103,-0.26,-36,-12,-10,26.15,25.01,-2.48,57.45,24,28.86,-44,-5.97,11.37,-48,147,22,53,108,3.54,98,62.88,31,149,30.35,136,28.84,-16,-1,-29,20.88,134,14,18
-6,0.03,124,-22,137,32,-46,-29,138,-17,-36,-24,-21,-14,3.09,37.17,107,45,42,-6.46,65.37,111,-39,-3,46,18.15,31,13.69,130,56.81,35.12,43,61.23,50.52,64.84,-22.75,38,119,-17.18,34.93
-22.03,60,67.03,99,-8.6,88,32.12,13.98,41.43,58.07,-15.54,32,-7,55.13,94,-6.67,3.42,5,77,53.97,53,-37,-28,4.68,87,73.99,83,119,-18.67,55.46,60,30,54.46,-23.46,48.38,3,95,147,-33,19.47
4,59,68.64,123,65.38,36,13.52,23.34,57.75,80,19.77,106,27.89,144,114,52,-10.31,-18.59,39.97,69.39,-50,-30,118,33.89,-9,104,142,51,-49,5.19,72,47.94,58,-6,4.48,1.77,-16.81,95,-36,-10.79
16.41,45,72.09,-40,35.95,1,59.37,40.62,-9.94,27.2,54,72,-0.98,58.68,40,13.12,4.88,29.76,70,22.8,5.99,133,52,17,21.76,140,-9.86,54,6.94,123,-13.48,146,123,-14.3,-20.08,58.76,76,116,138,61
59.92,-13,-3.89,2.77,96,36.53,26.92,94,40,109,44,133,114,-0.08,-5.34,121,15,22.82,117,70,126,60.03,69.02,146,71,55,124,14.18,25.87,38,-42,-34,-23,129,63,16,-5.7,22,34,75
41.5,37,63.91,121,10.64,32.55,-24.19,90,79,-7.9,20,-44,-34,122,41,47.78,25.83,142,-1,69,3,66,-21.6,94,36,38.41,26.07,-13,83,26,22.98,92,55,49,54,69,148,95,139,53.97
74,93,91,40.62,-12,-34,-49,-7.78,-11,73.02,11,-29,57.45,49,136,19.04,-20,28.97,47,-28,65,-28,34.35,126,120,24.64,-16.27,48.36,-2,18,13,-18.66,134,129,20.97,-16,11.11,21,1,12.03
52,31,60.33,-16.03,-7.94,-32,37.67,54.09,143,32,-21,54.32,133,37,-23.47,38.97,74,140,47,28.52,-39,66.11,48.17,42,7.72,144,-15.98,-10,64.47,55.95,116,134,5.03,2.32,21,12,-12.85,75,125,132
47.62,-21,24,8.71,73,-23,56.43,-26,97,39,-19,38.05,64.97,-23,38.51,42,-50,21,-7,129,-18,66.19,-37,69,29.65,23.27,107,50.3,-1,126,32,47.54,-10.04,-17.75,24.03,-15.37,51.79,-22,78,21
21.28,-9,86,137,13,42,80,-12,-11.86,55,-14.75,123,-17.73,61.93,142,83,23.7,0,-19.31,29.54,14.63,62.15,143,-45,-30,-8.24,138,44.35,66,47.46,39,11,70,61,11.37,-8,59.47,93,38.15,81
70.91,33.37,1,32.71,28.56,85,51.64,19.83,65,146,127,12.01,23,125,96,78,-43,-12.97,-17,14.53,46.54,74,-16.27,60,127,-1.21,-4.55,19,25.65,18.91,107,19.11,12,-6.74,50,60.71,5,148,-0.31,27.75
146,-14,-20,116,124,10,5,24.43,110,60,-17,12.02,-26,53.31,22.95,-1,25,62,139,-34,45.32,13,60.64,127,2,42.29,1,-11,-32,7.32,39.24,-27,46.98,32,-8.68,37.48,14.48,0,-18.51,-20
19,10.39,-19.72,7,25.55,131,31,75,131,-32,-15.53,94,18.43,107,-23.92,28.13,50.37,-4.82,41,23.14,51.63,45.58,-9.1,141,-40,9.84,3.94,1.12,1.74,98,0.6,40.68,-38,108,-10,3,27,-36,13,87
42.49,120,91,85,18.08,126,-0.9,58,-31,13,60,48.74,-19.77,-16.4,38,138,18.42,41,67.36,37.92,56.61,71.24,33,42.25,39.31,60.47,42.93,65,-6,65.34,-21.56,57.65,114,-10.8,-9,43.93,-9.38,40,-27,59
53.62,-14,94,53,-9.97,4,-8.18,123,36.32,53.63,-12.96,5,50.06,106,103,47.57,43.17,125,-22.13,56,-14.86,-38,52.08,-18.64,128,103,58.49,13.88,101,2.06,76,-9,140,60.62,70.16,-6,38.71,22,95,12.04
19.61,77,92,27.38,3.98,2,-40,-4,-17.61,-19,104,27,45.72,63,54,80,-8.8,62,-7.36,94,94,44.41,60.74,42,-19,-50,149,80,-17,-19,-6.16,17,-40,-15.56,99,3,144,-5,44,9.5
-32,-25,111,-18.86,-13.2,1,-6,-18,43.29,72,21.83,-3.57,73,87,16.59,-25,-36,30,27.34,-5.96,73.87,81,43.58,-33,26,47,115,124,146,46.22,-26,-41,3.37,119,-5,-45,29.34,-22.22,-10.93,2
58.98,25,-19.96,50,124,-5,31.61,5.28,53.23,-1.5,36,81,-21.84,36.26,-15.46,-12,108,26,35.93,30,128,71,-3,12.2,-39,73.85,15.71,-9.78,-37,63,-40,98,10.5,2,37,-5.58,51.55,15,86,78
77,25.84,-10.17,-7,64,-22.65,50,-19.5,111,24.76,42.55,47,-18,146,74,62.77,11,7.34,66.05,36,27.99,18.14,69.84,43.14,59,-14.73,-46,-10.44,-36,-16,-25,118,11.97,35.1,26,58,-15,49.99,57.5,47.37
-24,47.35,20,-44,107,23.73,-29,-36,12,93,23.73,61,-14.87,-14,-47,26.72,44,-2.31,94,36,110,124,8,98,33,121,-37,10.66,-0.4,54,11.73,142,126,67.4,6.86,-25,149,24.2,-39,13
5,-16.91,62.01,18.44,100,22,-16.23,140,56,122,45,-13.02,108,62,112,-39,104,105,-22,117,96,143,94,-0.62,72,144,66.25,116,5.73,112,43.55,-24.62,-13.4,61,70.26,31,38.86,107,38.18,124
-31,-18.1,-39,-30,34.37,28.7,122,64.82,-14,75,-20.5,-10,-18,69,68,28,37.39,68,53.15,-14.66,111,20,125,97,-21,-19,43.35,54.66,64.7,21.33,20,110,23.08,27,134,-22.04,54.42,14.3,-17.07,55
100,44.74,8,-11.18,77,-42,104,46.1,40,41.95,60.26,67.44,138,-37,147,5.8,-18,53,-18.9,126,143,-44,82,-19,-8,10.32,134,83,0.52,138,11.53,109,33.85,34.74,50.61,114,30.42,-6,-34,98
27,-47,23.54,1,37,56,5,-23.06,44.3,22,134,41.76,21.15,39,147,-21.61,59,124,11,67,87,100,142,78,46,57.75,80,-18.57,-4,38.58,-40,22,42.93,51.32,-18.29,138,107,88,73.04,-3
131,72,5,65.52,-46,84,4,-19,-47,88,33,0,-1.32,56.55,91,-8.92,2.18,105,38,33,-41,127,8,15.97,-27,-2.87,43.88,107,16.65,25.57,68,108,70.79,98,-37,50,7.22,24.73,74.65,40
120,-30,5.04,140,-4.96,56.85,33.46,27,44,31,65,28,2.97,53.85,130,83,-23,-43,68.85,32.56,-41,71.27,98,46.14,-5,113,29.19,129,60.84,-4.02,65.33,77,28,83,73.65,119,53.9,8.79,-32,-38
46.08,57.05,103,146,95,50,13,31,41,54,60.45,115,18,73,-44,38.64,67,103,52,20,3,75,-2.34,-30,-28,83,66,29.11,-2.19,139,21.4,122,-32,-38,53.82,109,33.74,35.52,33,136
29,53,42,135,-36,17,145,26.34,-14,51.75,23.09,125,106,-3,58,116,53,-38,-5,16,48,50.88,-29,28.38,10,117,35,-23,20,32.62,-8.99,122,-16,51.68,-9.07,102,45,1.83,18,42
-4,14,6.82,29,3.72,88,78,92,53,65,42,36,18.74,-9,62.68,111,8.28,2.43,3.99,132,19.73,131,5,-14.03,71,41,72,116,-20.88,74.99,9,43,29.1,-6.63,39,-21.28,52,116,42.62,71.18
119,14,50.54,39.27,106,33.05,32,14,0,54.68,-17,99,58.95,-1.77,67,44.89,74.31,-1,-34,-14.78,52,10,49,46,2.63,-2,-26,103,-1.71,49.35,25.01,48.36,26.19,-16.94,146,73,5.74,17.42,24,-34
-13,89,108,47.1,-2.24,44,-28,94,139,-11.03,-48,126,136,91,-5.12,-48,17.66,-39,149,66,102,6.38,-49,111,-26,73.84,139,-47,-16.92,40.15,59.6,42.33,-21.04,58.12,70,21,70.2,108,-2.89,0.58
-46,143,33.43,35.31,102,2.46,-14,121,4,14.38,70.21,31.49,64.02,28.74,123,-0.76,149,-8,45,45.87,-12.81,-9.93,38.04,61,28.94,11,7,-19.03,115,-9,131,-8.98,122,60,63.15,4,-39,-27,-14.52,112
-7,24,24.14,67.66,120,-18,144,61,115,16,66,87,-32,52.42,15.05,34.29,-10.43,-35,54,131,55.37,95,-10,58,98,-34,108,64.61,49,14.49,-50,96,-2.97,83,-16,113,-6.28,131,-10,-8
148,100,39.69,83,59,-26,22,96,132,38,89,19.34,71.83,21.57,-23.71,25,144,3.02,86,27,13,4.28,118,-35,58,-10.96,46,33.68,142,-0.35,0.23,-4.65,119,125,27.89,68,67,10.78,21.93,14.71
-33,58.69,33.12,-49,62,38.55,-15,39,142,-28,63.19,86,17.8,65.12,21,138,-5,21.61,-7,137,56.11,-23,125,-16,112,7.86,31,48.17,141,3,102,126,-11.61,26.19,-1,121,132,-27,4.61,140
15.14,55.24,2,68,-0.38,11,-11.72,132,49,32.72,86,61.43,133,31.17,71,-21.33,23.06,3.91,109,20,88,45,-49,-49,25,36,-18.24,37,40.52,-27,62.93,-4,-38,25,90,113,-38,43,10,109
36.94,38.99,20,99,20.93,-34,43.88,9,99,-6,51.89,-29,109,54.12,9.34,69.86,6.32,140,46.75,23.01,71.68,25,-11,40.05,-37,69,46,39,106,-9.99,72,42.2,112,115,50.27,25.89,-20,88,3.24,-10
74,40.1,2,131,-49,39.99,-36,67.89,33.73,-41,33.16,105,43,37.58,79,20,9,61.97,42,45,71.12,68.37,-16.22,35.85,120,-29,-18.6,130,56.7,120,33.33,131,-10,-15,-4.87,113,5,-14.72,-12,91
44,127,41,-10.35,-22.92,29,148,-17,88,143,44.3,87,65,17,10,-4,86,-2.32,44.54,20,-13.47,106,40,-18,-7.51,57,0,67.13,132,30,-33,57,4,64.05,98,13.74,8.91,26.36,70,-24.95
133,-20.51,30.93,40,-13.19,-9,4,43,-46,23.24,87,55.18,-17.1,59,-22,144,68.5,54.97,83,-15.83,59,37,5.66,27.5,77,43.87,8.92,12.43,36.61,-3.84,-5,-22.5,94,46.83,143,-50,-11.83,-9,137,-20
58.57,135,22.02,31.02,27.38,94,30.7,140,4.02,83,111,62.22,79,-14.16,78,6.25,56.24,-22.35,-10.83,112,16,98,136,37,6,65.2,25.4,142,64.53,-3.32,61.17,-21,100,58,45,9,28,-27,-33,34.95
-7,-42,-39,-2.53,85,52.57,78,149,27.39,-2.09,-49,-40,145,-49,33.3,127,149,114,-6.99,139,143,80,28.44,-23,130,-15.54,-10,-23,63.45,87,72,86,90,6.02,31.41,-34,27.35,-47,101,18.51
-17.17,74,81,-38,112,23,86,68,-38,6,-13,59,28.02,51.87,44.41,21.37,-21,103,-20,-46,-15.7,34,-20,37.49,-3,-21,49.83,63.42,-14.16,116,-50,149,30.42,67.96,34,69.22,-15,59.7,57.77,15.56
99,44,147,22.45,34,-14.59,48,53.69,-2.56,-23.83,40.99,7,58.31,147,-19.07,-17.85,79,30,44.41,51.91,-49,25.26,106,-21,71.26,33,45,-15.74,-24.02,26.92,-33,-14,-19,130,77,64,106,7.74,-31,-50
30,16.86,15.26,34.01,55.15,-18.06,29.09,-11.71,101,-16,31.94,43.18,26,73.58,71,24.8,148,146,34,43,-30,27,11,-5,-9.25,45,13,3.26,70.2,68.1,-27,48,64.78,7.93,144,72.14,28.02,3.89,9.35,9.48
77,135,4,22.31,41.01,75,71,-23,73.82,-26,-0.61,-11,95,20,132,94,16.48,12.54,77,70,4.17,110,68.31,-11,108,8.04,126,52,84,44.96,-32,10.95,-24,24,-7.77,-22.69,0,86,6,24
55,-4.09,-48,-26,0,25,5,137,29.77,19.56,-15.96,34.96,91,81,41,21,-12,124,5,25.25,14.7,-16.17,52,-8.54,63.56,-6,67,-31,130,69,-3.16,20,10,-15.83,96,10.6,135,2,126,143
6.25,41.13,-15,112,85,97,1.49,-11,-24.23,-18.41,55.66,-39,82,45.38,18.29,136,-22.6,65,-10.37,74,-49,75,-24,28.34,-2.17,31.83,23.81,73.93,54,-47,-8.61,148,101,149,39.99,25,52,34,118,50
19.06,40,68.73,-37,22,3.51,2,99,28,18,15.37,140,31,-35,77,143,-18,144,96,116,9.76,54.58,-45,26.95,25.07,116,-37,134,50,23,139,-15.99,21.61,19.42,-13.37,102,143,99,138,114
-48,1.31,54.67,-3,-34,-11.84,12.97,18,97,-7.48,148,49.45,-23.93,-31,8.38,-23,8,74.22,113,100,-8.02,99,-25,1,31.62,10,-46,61,67.52,-6.39,-37,106,106,-45,34.4,39,91,14.87,12.06,-8
-6.01,-14.73,-13,-9,142,-21.79,-34,9.67,114,48.34,128,40.3,21,-23.07,41,105,-43,25,29.32,105,8.45,-19.5,41.17,1.68,20,68.88,24.54,-19.55,11.11,31.14,121,85,42,-5,74.96,19.99,59.09,71.44,71.38,58.38
55,78,-15.79,-21,37,110,111,40,2.65,131,61.26,52,132,28,41.1,9,-30,-20,121,-49,-40,-46,31,59.67,130,52,-37,23,8.54,142,-8.81,57.79,25,39.17,25.89,24,28,69,17,11
19.78,-1,-49,13.53,52.35,28.84,41.69,-35,32.33,98,-9,62.79,52.74,41.73,71.59,83,38,103,-15.26,73.91,-23,50.64,-17,54,31.27,24,96,-20.14,32.54,-48,27.51,30.1,-7.6,-13.63,-13,-25,123,46.69,31,42.51
105,106,77,16.44,9,24,60,96,-13.36,74,-17.12,28,60.43,11.81,-7,0.81,35.88,-42,-14.33,39,55.28,-3.85,-11.99,-23,49.72,31.05,138,-39,-20,20.5,138,74,-5.01,-33,111,23.14,-21.13,15.89,2,3.36
46.75,-29,61.32,14.1,-34,117,-13.26,108,124,20,-49,-28,69.16,-33,54.63,50,56.49,-41,-5.76,78,-27,47.61,-38,65.06,36,-20.72,143,118,49.99,8,-9,140,-43,6,53.86,-11.88,33,19,113,40.68
44,39.07,-6.86,111,58,67,70,-8.18,-19.34,-29,68,49.95,88,16.41,71.29,5,97,-9.97,57,122,78,8,19.15,119,89,64.71,0.56,48,73,21,146,-7,-12.76,62.25,59.88,-8,61.45,72,149,-19.96
68.07,-12,49,-31,144,-24.22,-21.85,36,126,-1,76,-38,117,58.57,87,38.79,22.52,-22.47,-40,67.55,-8,81,-7,66,-36,72,28,89,-7,60.24,47.13,37.63,51.19,54.93,121,118,100,33.14,-20.72,105
-21,82,142,-46,65,5,38.28,12,42,32,76,58.25,64.38,0,112,72.1,78,93,-11,52,70.75,-43,43.62,135,-29,118,59.86,30,50,149,68.06,28.83,-4.9,-28,82,-23.46,61.61,87,34.1,77
-49,138,14.97,-14.29,-13,26.43,-4,31,137,128,15.87,47.02,0.56,106,72,100,40,-20,9.77,87,66.73,43.95,39.65,58,81,0.66,65.1,34.54,86,26.45,-21,46,0.89,90,-7,-16,50.56,18.09,35.44,-3.84
73,-3.16,-15.91,2.7,-35,24,141,23,4.22,12.62,88,-22.55,-32,58,41.68,39,33.32,10.26,97,49.36,119,50.55,137,126,124,-36,72.25,115,97,3,16,116,0.56,-16.63,104,53,10.36,105,-20.13,0
23,-22.88,32.59,-11.97,20.27,-26,27.89,70,140,104,120,-33,-3,3,61.93,109,26.53,30.75,-24.8,78,55.42,127,29,-19,112,17.68,40,140,149,50.38,51,19,10,29,29.27,-7.22,103,62,-22.55,121
117,1,11.8,91,91,13,-8,105,78,131,-10.75,-1.25,23.54,-21,-25,142,-0.52,85,6,132,46.72,38,74,20,106,109,142,40.84,-15,-18.97,-8.32,-24.22,62,23,68.86,5,87,-18,60.32,73
95,-12,124,2.7,-8.42,31,60,-2,149,18,34.65,10.27,45.76,38,82,64.12,62.43,47,96,50,77,78,38,54,3,-20,25.65,75,72.52,29,59,-5,144,-6.51,40.17,12.6,14.1,10,89,86
70,-2.99,115,49.55,18.36,132,58.74,39,55,13.63,-22.6,-31,38,113,68,63.9,39,0,-37,104,116,42,17,52.13,73.48,17.17,64.34,115,79,112,149,-37,23.21,-29,62.72,0.71,29.84,9.68,22,42
21.72,116,-3.31,38,3,136,125,74,64.94,-27,141,141,-27,90,140,59,29,23.83,-29,137,10.66,58.77,48.18,-22,61.63,129,87,-5,72.26,21.56,19,45,64,78,61,10.74,13,63.73,-4.33,-24.05
7,16.55,58.52,-14,56.25,72.8,57,-13,141,-7.75,70.22,145,28.43,39,-15.29,120,46.55,54,-19.37,11,6,-10.02,22.04,32.67,18.24,-8.82,3,92,59.88,55.85,76,125,8.87,33.16,37,13,10,61,15.18,-5
-13.52,115,110,6.88,114,53,36,-2.22,98,42.23,16,-5.07,-16.29,11.93,45,132,81,16.64,49,3.23,106,71,-19,17.76,22,51.73,-29,148,-26,101,25,102,30,46.63,48,110,142,72.92,123,-32
-8,-43,15,1,66,1,48.69,141,15,64.97,95,48,22,4.57,145,-47,45.76,40,16,86,58.94,51.88,28.59,22.57,-8,65,-32,24.28,128,21.43,128,100,139,8,-25,36,136,137,42,36.6
26,6.12,-16.28,41,111,-18,53,17.94,136,-33,-4.53,-38,57,1,31.34,57,29,101,56,138,-21,51,6.37,27.53,95,24,109,63.22,-17,30.46,-48,78,35.1,-21,-5.12,-34,63.8,58,-13.86,-19
94,67.29,-10.86,54.63,11,1.12,113,-9,23,51,41.26,8,10,36,37,-47,87,51.72,140,41.94,72.31,-42,-19.4,45.88,64.87,-13.42,42.25,43.85,112,-10,106,30.39,116,-12.42,66.57,61,54.46,147,148,17.37
22.16,132,-6.41,-24,13,70.55,-4.59,-32,14.69,115,37.27,85,101,-7,54,50.79,12.23,59.52,-15.31,131,-12,17.84,-31,100,24.78,106,133,70.9,69,10.5,-4,-2.09,1.21,-29,30.21,-8,10.74,-20.14,115,39.47
107,9.93,67.33,33,-26,-12.99,143,70,44.17,58,56,42.25,-16,123,65,79,7,29.68,-24.9,-29,-46,129,-41,45,-14.9,-10.31,56.81,114,-40,23.6,24.41,90,14.32,-13,48,-15.91,58.02,51,-23.2,20.63
-22,40.85,54,9.69,69,31,29.84,45,42.82,-5,-8,-39,11,-27,12.38,8,-44,-16,-24.2,44,1,-0.87,3,-7,-16.13,16.12,126,83,7.05,73,48.38,-36,110,139,36.75,79,87,95,59,85
149,133,-16.18,137,131,80,-6.27,113,63.25,5,-26,-42,-6,-6.23,24,111,-33,29.37,11,41,26,65.79,-23,65,70.92,131,74,139,38.45,-22,-20.25,2.97,74,-11.9,127,8,83,-9.88,17.48,26
1,-11,128,-20.05,-20.76,73,32.88,137,136,61,21.13,7.69,4.5,-36,-11.95,49.6,-6,73.52,9.64,19,35.02,11.14,-13,58,50,56.54,-49,132,54.65,61.26,95,11,38,-21.1,-2,-11,80,115,116,-18.1
59.32,143,-4,47.48,18.04,57.92,-29,-40,133,69.2,109,8.46,57,-17,20.02,9.44,-7.23,110,53.56,60,64.72,48.29,46.28,-29,47,24,-8.71,62,35.96,42.69,28.92,81,-16,-12.78,-44,20,137,35.02,10.02,35
48.61,89,22.32,-15,148,-8,60.29,-28,-1.2,134,108,19,32.21,19,101,81,-2.78,44,56,74.32,71.61,61,126,-23,136,127,142,-9.48,11.91,27.41,-19,43,2,-8.31,129,-14,-17,-15,46,10
42,82,-12.87,21.32,19,38,51,86,3,139,53,3.95,16,39,63,-42,28.89,37.82,55.46,77,-9.94,10,65.1,63.01,-17,119,64,-11,52.19,-5.02,51,140,15.65,23.87,29.21,49.58,-41,74,-20,128
-37,-13.75,-24,127,56,71,24,-23.51,7,-8.73,129,55.4,28.38,53.67,-4.96,37.78,86,3,65,-20.05,119,100,89,-19.48,55.3,42,13.04,-29,34.78,135,-17,62,83,148,23.74,-15.79,15.46,-11.65,-17.43,81
99,46.84,75,50,-25,148,3.15,19.88,-44,65.37,-9,92,97,-20.05,110,47,36.05,120,9.17,61,-8.85,2,-29,-1,-5,55.89,53.95,46,38.6,118,-22.67,4.63,69,38.55,27,107,-16.47,-30,35.92,-2.02
38.27,36.03,-44,85,-29,-8,32,96,11,-23.78,72,99,70.8,44,-18,97,-12.77,140,30.19,126,145,-34,106,69,126,12.56,40,43.46,-20.08,-16,20,-48,-17,142,-5.98,55,49.25,32.78,-4,40.28
50,55,54.7,22,82,95,112,42.68,-48,53,64.82,5,107,43,55.08,74.52,60.53,71,16.94,68,120,34.65,15,97,26.48,-39,-21.8,-41,28.09,-32,15.1,67,74.54,8,-0.45,55.22,72.54,59,15.13,143
77,42.78,29,27,45,-5.13,46.45,71.27,121,-50,86,63.91,41.64,-6,-11.74,39,80,36,13.36,44.17,71,92,73,-6,84,142,34.77,8,66.95,-34,73,84,-22.01,-3,17,64,45.3,121,15,123
82,69.08,-10.17,17,0.73,-29,80,-41,28,35,-37,72.13,21,17.81,101,61,-16,-21,56.71,123,8,-31,41.99,-19.44,-1.76,26.86,78,55.43,65.36,-28,146,117,-45,-41,106,136,100,125,53.4,0.83
-46,46.25,17.53,5.44,92,103,1.57,31,18.04,17,90,26.42,120,123,148,-8.23,39.62,-17.14,-21.19,-11.38,134,63.51,-7,40.29,-12.13,74.52,23,97,-22,52.54,-14.91,14.93,67.56,66,57.88,0.37,25,143,20.21,35
27.3,133,68.43,55.75,32.38,-21,63,23,63,57.74,6.99,3,55,5,65.47,115,-7,15,-35,-19,17.36,3.15,14.86,52,61,2,-7,64,-36,42,48.93,-2.15,10,55.91,132,-23,-20,-31,127,-20.57
106,90,83,97,3.64,-40,-50,36,133,104,-10,-3,-2.67,54,64.71,148,11,8.41,17.96,16,4,38.89,64,64,23,117,96,56.98,-10,-14.15,124,-50,-8.79,112,45,18.69,-24.29,86,71.38,140
16.63,73.74,133,29.86,96,-25,19,116,4.33,139,94,-11.07,4,29.55,75,116,68,64.24,47,17.67,131,-9,53.01,39.66,56,43,37,-34,37.44,90,-7,26,105,-50,15.46,45,10,145,-4,-50
-21.87,64,42.94,-25,149,5,-20.88,112,49,71.71,131,64.03,80,28,27,46,-47,-31,122,65,30.42,85,48,24.19,2,12.59,101,117,60.17,-11.93,62.91,-1.22,33.3,89,104,9,52.97,-1.62,32,99
23,35.09,-14.34,69,120,44.91,5.7,66,53,-16.4,64.51,83,125,-5.14,-31,65,24.32,122,31.43,87,-19,70,73.38,101,-9,36.03,85,59.9,56.43,68,18,-8.44,107,-22.41,131,107,24,120,126,49.52
118,39,-15.28,-39,16.01,-2.14,117,58,26,7,-4,25.03,-31,-23.05,10.13,38,102,-3,43,15,133,-5.76,61,28,144,-20,22.47,28.81,-24,30,-40,44.61,41.66,-34,106,25,-16.07,46,-2,16
60,112,34,-45,46.73,149,-14.04,-13.21,31.28,52.2,46,3,59.97,-48,47.52,15,-17,-20.58,96,46,13,-13,32.21,12.53,114,81,68.71,15.91,7.97,15.28,56.1,24,18.83,52.03,123,-7.78,30,97,61.76,-4.32
98,65,19.63,25.04,121,44.28,21.4,49.28,-13.18,34.46,46,26.53,94,24,56,-33,72,116,76,47,53,44.78,26.51,2.58,-2,12,140,8,51.79,-16.91,-46,75,29,7.76,22.01,43.85,19,64.17,-11,9
135,23.35,9.32,43,39.85,135,-2,66.3,132,62.75,109,3.69,-36,-28,-7,38,-1.35,33,6,-14.66,9.49,70.8,142,11,48,-11.13,116,-5,29.79,-24.09,1,24,62,-35,34,45.55,-21.57,50.86,68,0.29
97,51.87,40.21,-37,77,59,13.74,-34,53.13,3,49.67,-24.73,33,6.97,17,-14.89,-15,69.45,37.15,45.62,25,-1,85,10,55.17,105,-15.05,-30,-16.86,10.32,40.82,18.84,120,36,-42,73,64.5,17,-42,64
131,-12,49.69,39,74,32,-15.37,131,15.18,68,-37,70,44,58.12,97,-8.19,-6.61,74,-21,3,10,-16.06,15.78,26.92,-48,41.58,57,45.55,143,-21.58,-11.03,132,145,73,46.64,-39,-25,-40,-30,52
37.85,111,144,-0.14,122,-20.61,-10,23.32,-1,113,24.45,58.92,40,37.09,26,-18.06,9,108,40.15,39.91,43,53,58.13,100,41.19,12.45,62,-38,-9,13,92,69.53,102,133,125,71,21,128,21,67.09
75,17,-19,89,29,22.54,22,31.71,-19,-10,71,66.66,-5,13.19,52,-12.59,-25,45.37,2.04,25.32,61,-40,72.42,130,51.9,-21.48,-18.06,-40,-23,2.96,45.21,30,14,-24.05,19.4,40.88,-23,-13,4.17,42.7
-13.38,-14.18,46.4,93,1.02,25.98,38,49,26.39,9.28,12,146,23,70.64,145,60.96,123,-8,-43,-22.84,-19,-48,-17.95,25,-30,24.69,104,41.1,-8.36,90,-33,-20.94,117,57.23,148,-6.67,30.29,-23.9,26.85,48
43.81,-27,19,77,13,68.15,-34,-7,38.07,-2.58,-2,24.44,33.17,141,56,28.66,72,97,67,-3,36.64,50.09,14,86,2.72,72,120,12,118,48,50.4,72,26.01,63.34,73.12,81,134,123,-20,32
-16,61.21,62,135,67,117,-22.88,-24.22,-43,17.35,128,67,108,14,-12,22,-26,20,-24,1.3,44.44,51.59,76,39,60,97,75,75,129,71.2,24.56,141,37,121,68,5,24,61.73,-21.33,48
-24,22,22,19,87,36.88,20,-20.17,82,67,-3.31,-9.49,124,3,32.79,11,-2,111,29,17,-2.05,91,-12.36,-22.47,5,-16.5,-19.3,-23,-44,-4.06,59.61,115,91,77,125,15,2,55,132,41
72.89,-43,-48,-34,60.74,109,23,143,-42,22.1,112,118,-44,-2,-2.74,109,-45,105,18.82,127,36.96,26,80,61,-49,-23,-39,38.65,-16.08,30.85,128,74,6.49,-18.92,64,-41,62,-4.87,12.58,132
52.32,71,35,39.67,69.19,88,2.8,-34,22,-7,47.37,-11.76,102,53.39,-15.93,10.44,113,142,-45,-14,-1.39,64.42,117,84,141,-17.32,143,-13.52,7,-17,0,47.96,69.93,42,23.96,88,48.75,1,4,4
-35,-19.81,-1,29.91,34.35,59.87,61,135,61.97,38.67,56,89,67,77,-15,-41,84,114,-3.33,55,59,52,71.94,49.78,4,-49,-3.47,6.11,-3,-2,3,70,140,-10.66,82,65.64,32,69.36,75,73
-23.19,6,4.05,-7.57,119,45.41,50,63.48,-14.13,2,40.87,84,-19.71,3.32,45,21,125,60,48.92,-20.91,121,58.14,96,75,63,36.73,42.66,63.36,134,94,-15.05,106,61.38,49,43.04,-16.82,46.14,-7.33,-9.81,97
136,23,61,53,9.72,-1,97,-24,96,-18,10,-1,50.89,49.26,-11.02,-18.91,73.06,41.98,-15,27.99,-9.03,-22,5,127,-30,75,33.95,11,25.74,56.06,90,-7.31,-32,119,-8.16,61.1,-23,13.26,51.22,109
38.39,123,39.13,-20,75,44,7,6.17,4.96,13.07,99,44,125,15,38,-50,101,19.89,3,7.1,31.22,-2.64,67.39,68,33.17,11.39,129,111,135,57.49,112,135,28.25,39.86,64.66,69.73,-23.43,113,-6.24,-0.63
-47,148,-3,16.58,132,124,-22.92,54.99,60,113,40,20,-45,-48,10.59,-2.56,1.9,1,21.98,70.6,13,128,-8,63,0.75,100,11,45.2,-13.24,0,8.52,-2.66,23.16,134,41.05,51.92,40.81,56,65,109
-4.75,108,30.79,141,106,-6,7,-15.02,59,72.94,62,115,102,45.94,71.13,-41,17.22,6.33,145,94,58.46,0,76,140,-23.83,48.29,2.63,-26,-15.95,-3.3,-1,47.25,44,-15.05,-1,33,70.17,102,-0.16,84
-48,-7,62,-11,-38,47.68,-39,33.73,2,-28,68.31,19.52,52,98,68.39,-2,49,16.61,1.7,-23,-13.76,14.95,-14,121,46,57.71,26,56.6,110,-1,-13,14,53.32,133,-5,108,26.3,64.53,-0.41,3
60,142,-10.75,-6,5.39,46.79,7.25,104,67,-11.88,-47,25.09,33.95,40,149,87,70.04,118,71.04,15.45,55.16,35.74,57,73.09,35.08,136,-21,75,29.53,124,90,144,41.41,123,48,108,30.34,62.21,62.85,-4.34
0.85,122,52.04,-11,146,22,135,139,39.4,76,4,66.7,-9,123,-15,104,40.2,-10,-20.75,2.16,120,8.36,38,45.55,51,-20.26,-50,138,86,11,64.85,21.41,60,136,48.66,53.95,139,25.09,0.41,62.12
3,55,74,-14,77,-32,51,-39,60,43,62,72.38,22.37,92,-40,39.42,-39,-46,-10,-4.82,58,55,64,14,19.81,3.91,17.57,4,148,5.77,33.61,-10.05,57,6,66,98,59.05,80,64,28
-24,28.27,23.09,43.63,68,39,45,56.2,89,64,23.47,113,1.37,49,22.51,58.04,56.55,-20.26,28,18.89,46,125,24.7,40.02,18,12.17,44,89,46,-26,37,106,12,19,14.23,39,-40,46,-24,8.8
55.12,19.2,144,-3.57,93,39,68.54,74.71,0.39,-12.55,-49,32.54,20.16,52.45,10.22,62.77,-20.92,-6,21.37,78,132,107,2.79,46.58,25.77,31,-30,3.65,20.21,148,49,101,-4,-20,101,33.54,-14,47,-20.13,-41
26.36,20,15.15,46.32,104,93,141,67.24,-24,64.75,12,50,12.65,30,-8.92,106,46.89,20.14,-17,64,17.94,50.2,12,71,28.53,-19,132,107,14.51,23,25,22.62,17.31,39.9,26.61,87,129,-25,118,51
62.88,49.84,37.12,40,94,-12.38,-14.16,144,45.58,46,48.88,72.86,-48,56.91,44,-4,3.39,56.95,46.3,59.11,9,34,30.19,-39,3.47,111,131,47,-27,-1.99,22,54,74,-24.84,143,72.53,105,-25,-29,-49
89,-29,-5,55,-8,-0.29,-35,58.01,60.51,-2,45,29,-8,83,119,7,-5,101,73.28,24,-25,69,4,90,48.83,53.94,46.49,48.43,-5,8.31,25.71,11,86,-2.7,1.92,86,-19.89,17,-29,23
-20.64,140,18.51,-42,55.09,30.39,131,30.77,126,132,6.57,104,52.75,106,17,-7.97,120,108,132,130,21.16,-20,58,-30,2.12,84,9.58,121,76,93,70,22.43,-17.32,12.1,134,65.2,15.03,123,23,39.61
43,144,94,-16,53.46,124,60,46,31.62,43.05,43,34.45,129,-41,69,-15,-50,-38,5.22,-27,112,16.28,59,108,33.14,-10.68,96,146,29.05,-41,56.6,0,26,52.07,-26,14.31,-41,6,6.9,69
-17,-18,27,70.3,18.8,-44,104,-21,0,38,47.6,13.92,99,-19,68.9,-48,6,47.64,47,41,46,116,-12.76,53,50,-38,67.24,9.94,-8,23.32,6,-11.55,83,0,57.46,129,43,7.33,-17.94,17.01
64,-22.95,63.79,7.03,-5.72,67.55,29.49,-5.42,97,1.86,58.8,15.76,5.31,51.43,-12,-19,-19.89,23.28,-11.85,-34,140,48.28,30.13,65.49,20.06,29,54,-20.1,139,24.85,-3,46,34,67.59,39,68.13,12,43.69,108,83
-23,50.25,-34,-4,-37,12.79,5,144,-10,65.84,-20.82,66.84,-41,-43,70.83,33,16.49,6,37,-12.67,-23.97,40.6,-43,27.42,131,-12,-44,12,120,-12,132,128,13.92,3.17,102,43.02,-47,136,131,80
3.29,109,3,63,68.61,69.67,7,2.99,32.19,57,-0.82,127,-12,10,-7.22,97,30,95,149,131,6,1.29,12.1,3.15,-34,37,17.91,101,29,34.77,29.71,26.88,30.8,57,-16.12,21.99,58.31,35.69,-8.23,15
137,-24,53.13,40.68,136,147,97,1,142,72,16,78,43.65,34.36,57,2.25,122,70.42,15.34,1.29,61.93,-19,-23,19.81,58,13,40,70,-25,-21,85,105,69.67,70,46.31,-31,16,-11,62.02,40.33
65.78,-43,101,133,25,94,73.52,13,15.52,10.7,72.43,47.29,25,-35,53.06,4,-17,-35,-4.32,43.5,68,99,49.24,58.24,95,-45,129,69,-5.68,145,61,-32,-26,134,23.44,44.55,16.36,-21.86,103,42
48.64,70.57,-36,-14,66.38,109,-7,23,56.41,38.74,148,73.62,45.8,94,117,-28,32,43.91,114,133,-15,57,96,46.04,38,-14.86,50.63,136,1,6.16,64.82,58.93,35.53,102,1.98,47,37,135,-15.05,27.77
-21,46,-29,86,59,46,110,52.82,23.3,-1,4,10,51,-3.52,64.75,59.03,99,54,62.93,72.31,5.41,31.39,30.41,67,32.86,-13.34,-20.99,63.47,-2.9,8,123,10.8,-49,74,39.88,81,38,18,2.07,-6
22.09,8,0.83,73,23.68,-12,37,113,-8.02,-30,-4,89,-23.57,104,30.2,-17,48.1,28.1,42,126,121,-3.23,71.5,65,-49,-12,98,78,55.77,-4.42,-13,61.31,18.31,141,18.22,129,58,-33,65.8,-32
109,3.2,58.4,65.66,11,74,126,-10,62.38,12,90,10.19,-7,112,73,6,65.55,-24.63,-33,-5.95,99,128,-29,-4.84,58.74,3,28.34,53.63,34.73,37.33,-44,5.47,-16.58,51,25.37,37.1,64,94,46.27,109
27.59,41.83,52.42,23,65.48,67,-22,112,-16,56,-2,90,75,148,-11,67,-28,36,-49,138,-29,23.43,143,63,10,109,-24.76,106,56.36,50,32.82,74,-33,-23.63,9.22,0,96,20,-22,110
51.15,119,-35,126,-47,149,4,116,-1.09,23.31,9.13,109,27.15,57.8,67.9,97,63,142,66.11,104,-14.98,61.83,18.62,47,82,54.02,-42,144,-20.46,96,116,-10.46,-6,62.73,-49,-8,5.53,27.36,-12.88,-29
37.58,4,70,39.71,-5,37.84,114,62.32,54.09,65,36,-16.24,-24.03,142,46.73,6.49,73,-47,44,60,97,-49,64.14,-46,-9,2.25,77,7,65.95,-4.85,16,51.93,55,128,46.28,69,-13.48,-7,81,-14
81,-34,17.74,75,29.76,63.26,33.12,27.44,4.51,31.36,-0.84,3.08,-42,-12,77,146,42,142,-7.91,48.74,76,115,127,109,73,107,84,-38,47,73.71,-8.87,100,-13,78,22,54.49,42,-8,-4.16,16
2.8,28,25.17,-26,-5.04,118,37,53,8,-8.26,55,-20.6,-40,-0.02,76,82,14.02,-30,-44,95,-46,-5,37.83,106,132,-30,16,3.44,5.99,37,-37,23,39.67,6,59.47,-36,8.09,48.03,36,32
41.99,-15,67.35,53,-17.3,-2.26,-37,61.08,-3.66,90,70,113,20,39.47,28.91,22.15,55,59.66,43,38.21,20,123,-49,149,-37,119,136,15.56,3.65,-24.82,-31,143,46.95,59,-37,64.46,-15,50.3,74,-18.04
-9.95,62,11,65.58,71,23,37.69,21.41,72,-30,-13,26.6,144,-6,61.3,93,-29,53,146,-32,-26,-17,-4,-9.54,12,55.29,99,42,147,132,59,71,36.6,54,60.1,3,106,73.11,64.4,70.44
56.4,38,69,-22,46,-20,134,93,-23.78,45.65,70.1,7,56.69,8,-19.37,76,14,67.43,12.13,107,-2,46.19,67,62,-47,144,59.47,54.38,73.31,-26,-13,119,13,32,28.82,-3.47,10,-17,115,-46
34.43,11.36,-5,70.07,-26,132,47.04,73.8,-16,-7,-41,25.8,-5,98,-21.21,-25,8.54,59,62,81,64.12,-30,147,53,-19.16,3.63,-45,0,-35,102,142,42.67,107,47,90,71,17,-10,30.72,-0.71
70.24,11,122,-16.36,-47,-5,24,36.86,95,76,-16.97,62.82,59.97,60,29.26,133,96,11.17,89,53.36,38.38,-24.37,28.08,122,87,37,24,-15.02,5.48,11.12,-21,27,37,40.68,61.87,53.36,116,149,-10.2,-0.04
61,20,-13,63,85,45.47,67.16,135,111,49,30,-19,98,65,-42,123,48,39,148,-22,26,33.79,-15,27,56.55,101,73.47,-5,54,51,11.23,99,63.99,-40,95,-8.1,76,89,105,29.14
81,42.93,62,146,-7,8,28.5,-21,61.78,12.17,80,23,75,51,81,145,-20,127,22,-23.23,95,92,-37,-30,22.84,-50,-14.04,91,64,-45,63.3,-6.24,-24.95,-5.28,92,-50,-8.29,86,38,0.5
66.58,132,14.77,4,35.24,34.58,126,37,102,-14,48.38,112,-45,3.84,132,69,56.21,4.59,73.33,46.51,112,102,-49,56,75,138,101,36.62,56,54.36,-18.73,97,-46,9.11,73.2,38.98,47.4,102,3.58,12.62
92,-40,40.43,11.17,91,-10.14,7,-43,38.87,69,55.41,94,3,13,19,134,16.57,12.71,46,-26,34.83,-19.72,36,0,50.17,99,-9,90,86,28,119,-30,33,2,115,-10.99,22,44.81,40,33.3
48.1,-3,86,9,91,-46,103,-4,26,25.91,60.99,11.32,51.01,-4.47,93,64.93,69.92,36.16,99,32.16,-3,43,131,33,131,40.73,8.67,1,-25,138,55,-16,31.24,141,-42,-6.54,-23.93,-37,147,103
59,4,25.55,121,40,-11,132,-9,-13,-49,33,23,51.51,16,65.39,-6.2,57,127,-17.69,30,11.68,40,21,121,43.37,81,17.95,133,-6.45,70.6,-4,39,21.31,24.2,-6,-49,27,-7.37,-42,4.78
53.64,64,126,31.41,131,39.83,44.3,74,74,38.9,133,70.7,61.68,133,110,-14,123,-27,22,11,19,23,58.06,-14,-12.69,114,-12,-21,-17.76,26,-48,93,106,-13.34,-12,42.94,-28,70.18,145,24.68
-5.31,59.42,-46,66.04,-9.28,51.75,-25,4.23,-3.39,60,136,10.55,17,19.17,59.88,59,112,20.1,129,76,29.79,-15.75,53,57.72,118,4.24,39,-10,83,-7,-11.97,42.51,103,-6.82,-4.36,46,17,-47,78,9.85
23,24.83,94,-21.62,5.07,16.58,134,-11.83,98,47.53,1,2.57,34,40.19,18,65.03,-9,-26,55.92,9,-31,142,121,10.37,-46,67.96,32.63,27,95,-24.64,-7.19,-6,16.95,-49,64,-0.51,73.68,72,30.1,131
-16.64,-50,54.94,-14.72,62.81,-31,15.68,31.47,74.3,20.69,17.11,40.03,51.39,71.78,-20,74,15,7.15,47.24,-48,4,98,20,-32,129,-34,122,2.83,41.12,-42,95,104,-17,4.69,62.49,62,15.28,9,25,71
-43,65.7,40.9,38.62,70,134,137,27.77,120,-4.38,22,-49,12,-24.73,69.07,-13.21,14.19,68,66.29,-10.01,148,29.73,45.12,34,87,-15,15.55,34.12,51,-29,63.13,99,-30,47.94,19.06,69.8,105,55.8,42.61,145
-24.06,-5,-41,12.37,-21.89,112,65.46,3.71,-14,-13,73.63,71.64,65.59,14.85,28.84,27.81,96,-43,68.35,9,-50,53.11,-48,-32,127,69.83,117,64,71,51,94,8.46,17.84,138,4,38.45,60,16,140,141
29,57,36.96,-7,27,3,45.43,86,12,108,16.62,115,143,10.56,69,-36,38.25,-16.71,33,143,71.62,-15.45,-18,26,40.02,25.27,49.98,116,1,69.6,74,16,130,66,34.81,71.99,13,137,-30,-23.99
-6.98,39.65,107,112,-12,15,44,46.79,52.45,-41,6,36.35,9.86,88,145,22.89,-11.64,10,90,102,0,66,145,6,51.98,34,37.45,-12,52,143,143,-24.05,137,-31,131,-14,-9,19.57,95,31.6
18.45,32,24.48,40,-40,31.31,94,71,32,144,115,8,119,-21.26,69,92,139,18.56,43,62.81,141,-39,-22.59,57.94,-10.1,54.23,81,101,42.49,51,69,29.55,13.19,42,4.43,20.21,-15.9,13.46,102,-0.14
32.86,-35,63,27.17,72,10,148,-28,149,102,134,139,21,-7.85,9,-13.41,8.47,80,39,74.37,53.03,38.07,31,95,63,-14.74,-22,45.62,35.35,107,37.75,-3.63,27.53,125,54,-40,-42,-31,47.65,-22
54.55,71.01,-14,-27,42.66,-1.25,132,-8.43,33.9,27.99,5.18,138,37.43,-7.79,133,79,78,-22.1,70,74.22,-22,48,4,-9.19,66,47.05,17,96,60,21,18.84,40,64.81,-10.26,51,60,64.27,108,34.47,24.82
124,-48,22,-12,69,104,-22.34,55.53,68.3,4.4,15,9.64,-29,44,115,104,13,44,22.44,41,-10.69,-20.26,28.05,5.23,139,132,-41,64,-42,-49,60,-10,-7,131,70.08,82,137,0.42,15,58
50.44,135,-12,47,-50,24.54,-25,63.19,29.12,81,-12,8,47,60.05,-41,11.79,146,129,14.31,35,20,62,72.26,69.15,10,54.8,30,131,32,33.46,148,99,-5.82,39,61,35.23,37,57.44,32,64.49
147,60.58,1.84,53.6,49,67.66,10,-44,32.38,62.02,47.95,100,25,76,6,118,52,18,19.89,-4,148,-21.55,-46,75,36.51,137,8,6.72,62,8.21,-1,6.5,31.48,-35,72.51,34.99,63,41.8,76,18.7
-4,4,40,37.86,-38,-3.72,145,72.59,65,107,130,69,101,45,70.89,47.93,-33,12,24,45,39.91,55.36,-33,-13,-23,47.81,77,31.02,109,34.93,12,18.09,-50,144,-21,131,31,66.56,33,-21
62,38,94,23,25,-4,79,1.04,45.53,49.23,35,124,55.91,25,4.18,41.78,51,20,69.84,14,6,69,-15.63,81,112,92,64.82,49,7.32,67,2.73,-2,5.53,37.14,16.15,20.01,72,59.88,24,-10.69
6.62,34.79,8.28,-10.52,-15,-34,9.46,-6.68,27.4,-5.39,63.94,2,9.11,15.02,2.98,9.4,115,19.49,-5.12,23.97,68.11,88,25,-10,49.75,14,45,116,46.3,137,14.45,140,57.76,-16.78,-17.98,-14.03,15.97,-25,-5.94,80
38,149,28.04,87,72.88,38.25,60,66.08,54,7,67,-10.38,-24,1,61.75,65.42,129,-10.21,95,71,13,96,-33,-8.05,96,-18,26.02,56,126,83,74.01,18.67,25.79,131,60,142,-16.78,-32,47,-20
-21,-3,-10.86,11.73,71.08,120,25.29,121,1.21,-30,5.21,1,-17.62,83,49,58.47,-34,-14,39.86,73,34.91,-19.59,45,50,146,22,85,9,52.94,107,-16.23,23.6,8,25.8,-8,-23,28.98,106,-40,46
0.19,43.99,132,71,127,118,-21.45,-22.22,48,2.89,95,-8.93,-39,50.01,12,65,56.98,71.71,-47,116,38.22,6.6,71,36.63,44,-3.2,106,21.46,64.6,4,-17,126,83,17,129,-30,54.06,95,28.14,30
5.95,50,-6.33,68.62,46.45,127,24.52,49.23,105,135,-5.92,72.64,-15.39,14.63,26,0.83,-20.01,29.6,56.59,-2.99,94,22.34,28.73,-12.97,26,-23.06,48.34,39,-33,34,17,2,8.62,64,25.09,73.41,63,13.53,69.55,111
11.63,19,74.2,73,117,135,-19,13.77,54,135,-8,71.28,-13,-15.64,-2,41,-6,-21.46,27,36,29,51.87,68,-20.36,132,2.77,-19,26.8,112,-11.75,-8,9,26,7.35,47.06,148,-24.82,140,61.89,90
25.46,3.89,3.3,109,143,64.27,51,60.57,146,90,-4.05,3,53.01,19.72,-9,-13.41,32.4,149,-4,7.51,55.79,45.76,88,22.99,115,91,-20.83,37.64,32.16,116,59.59,-12.93,20,36,-10.72,131,75,132,106,-0.31
118,-40,-7.31,104,103,41.45,56,98,12.15,55.16,66.27,68.93,58.9,126,20.81,125,132,-7.83,89,-0.8,-1,59,59.26,83,-12.51,93,80,35,4,103,-13.62,4.54,27,13.74,-12,14,94,3.71,36.77,36.65
51,73.4,-15,70,125,116,40.42,105,47,-16,69.29,93,144,61.85,77,6,-44,9.5,-25,96,55,15,41,96,93,-20.74,36.93,27.73,145,147,33,-37,48,-35,56,31.03,-19,37,-5.3,20
48.51,-12.36,120,43.64,13.53,57.3,131,93,69,30.04,67.81,66,68.33,67.48,22.64,12,28.45,59,93,14.47,-22.21,62.69,44.87,116,58,24,30,51.64,-0.36,18,-3.23,108,66,17,73.24,69.18,119,121,38.64,-32
63.76,39.27,-23.47,-15,43,112,-0.81,114,12.36,-16,0,147,24.33,5.1,10,56.3,25.17,42,12.54,-30,93,28,-18,32.56,-3,100,84,39,84,-9.71,7,-44,-49,-48,21.78,35.49,-12.53,34,37.96,42.36
71.57,18.73,2.21,107,64,-27,47,30.43,-37,116,14.33,115,-14.73,137,53,17,90,65.63,40,3,146,69.21,88,-37,16.82,27,-44,106,134,42.62,148,-32,41,23.09,54,-2,70.28,-10,40,-4.37
-23.26,-47,47.31,-4.66,47,-14,37.78,-14,101,140,118,111,98,-1,51,2.29,79,15,-25,-42,99,74.87,-34,7.62,63,-23,-18,53.79,109,36,149,28.86,-47,137,36,30,1.63,31,56,129
41,90,93,-2,58,138,64.62,17.78,10,75,-33,102,-4,-50,23.89,33.38,-18.8,26.02,67,30.81,72,72.49,-49,133,110,49.48,-47,102,-2,-47,31.17,49,59.25,13.75,94,15,24,-10.91,46,37.28
22.86,28,-17.58,27.83,-25,-45,15.17,94,-23.98,71.94,24.71,70.93,103,-23,19,-6.2,-15.38,-7,142,23.17,51.32,135,-43,44,72,55,103,54.64,29,100,34,88,17,34.52,68,-8.79,-5.95,45.48,-44,137
15.25,16,-38,-10,-24,-34,2,61,20.22,69.55,64,111,69.44,-16.84,67.98,48,112,54,-4.11,102,52.45,119,-7.44,147,31.18,28,100,7.32,77,-16,58,-3,-2.68,17.88,28,117,141,22.61,45.6,54.82
-4.71,17,32,0,80,-36,28.91,75,94,121,-3.35,40.12,113,106,47.93,-15.94,21.25,-21,40,15.57,10,30.77,-12.08,30.23,53.14,70.32,17.52,35,71,42.05,28.41,5.1,41.83,13.97,86,68.39,23.71,51.98,16,117
49,-8,59.09,26.66,81,-43,94,53.12,-7.03,26,-17.27,32,32.3,133,55.48,50.94,27,4.69,37,114,-21.33,-6,116,145,-41,131,117,-10.67,-10.67,23,46.62,62,66.99,110,145,-23.72,22,55.82,53,-18.5
-5.93,44.93,-23,106,55.24,25,52,103,113,113,9.04,27.97,-7,49,80,9.69,102,-26,0,23,-34,-37,85,82,127,13.69,73,-27,62,-19.72,18.93,22.87,70.83,62,-43,48,-18,142,-44,21.05
120,11,-2,92,-6.23,133,17.15,-7.16,6,-16,125,9.03,43.38,78,130,3.28,73,133,36.79,138,27,122,39.45,57,40.71,143,-22.27,43.24,59.19,-22.48,-12,-28,17,26.95,-9.94,7.53,46.55,16,99,-11.51
-20,-17,81,15,-12,27.41,47,57,96,4,20,73.54,-14,21,101,69.94,97,-31,61.28,-12,44.3,-38,10,83,70.39,66.2,-15.21,89,-17.25,45.28,-4,61,-20,85,76,133,26,-22.21,48,-4.17
-3.61,59,27,17.25,131,10,102,52,-6,7,-15.56,-21,87,-42,115,33.65,-12,56.7,63.63,96,10.34,53,47.28,19.91,62,128,20.39,-44,114,-26,11,-1.56,44.93,34,21.98,111,-34,92,56.6,-17
132,35,134,72.91,-18.33,24.64,50.01,-4,71.14,43.55,-16.15,9,9,54,44.66,68.59,59.83,27.9,69,94,51.45,22,-12.36,102,-6,37.24,-11,74,71,31.18,17.49,111,68.17,54.6,-4.08,-21,11,-32,-12,20.12
12.11,26.51,111,140,-47,19.94,-24.06,115,-42,7,30.29,142,9.57,-20.61,-35,65.09,53,130,35.17,-1,-0.72,100,69.97,141,-9,55.32,38.37,46,51,124,60,137,36,134,105,22.57,82,107,61,4.91
73.7,25.51,149,12.87,112,96,-25,60,-50,59.86,131,-1.22,67,18,4,5.06,44.38,22.36,-35,107,84,41.87,13,33,52,22,57,-18.17,36.23,25.97,-12,88,-34,7,-4,48.29,67.66,-19.19,0,6
123,139,91,66,6.49,17.02,-15,69.2,17,-17.55,0,39.34,17.5,12.58,30.71,17.94,-8,-18,-1.55,21.35,90,23,94,-8.62,9.87,16,-12.72,-7.71,3.95,45.62,67.49,121,107,104,-23,121,4,67.09,14,4
-48,14,22.37,11.39,-8.95,0.58,-31,67.42,-26,2,18,126,-7.83,105,79,143,115,-19,8.63,8.68,53,1,68.61,-7,68.94,29.51,133,6,72,-18.69,51,-21.71,61.14,140,-19,35,142,145,-20,-18
-39,-35,-38,63.3,55,73.41,62.1,91,22.19,0.66,137,72.02,76,71,111,-29,142,-6,28.9,48.84,-9.23,9,45.26,78,128,28,110,18.87,68.95,111,7,133,142,48.98,-11,-38,50.06,6,9.06,43.65
112,43,140,-15.12,1,39,-18,64,84,97,-17.38,85,18.43,10.53,107,47.33,56.95,135,79,-17,-16.62,-0.08,119,5,97,0.18,1,101,141,102,85,40.55,-22.69,16.04,12.26,-42,-33,59.52,134,16.87
-16.29,86,9.49,-7,87,149,24,4.88,44.17,-36,-5,-17,-17,52.65,-7.37,17,69.22,44,147,119,126,74.66,12,121,126,28.8,90,40.84,-2.29,60,44.84,70.43,4,-8.41,34.15,-15.79,90,50.99,-8,73
1,40,0.67,65,65.95,9.8,59.38,86,61,71,16.47,15,-13,27.06,-11.67,32.08,147,29,21,114,63.26,-17.33,28.37,44,49,31,-23.46,81,37.29,-24.08,31.32,23,41,64,96,-2.79,35.52,-14,45,-34
133,-49,-0.46,64.35,42,42.04,13.4,108,-32,50,56,-18,5.6,60.51,32.58,15,-35,-15,118,95,89,10,118,33.68,49.72,30.39,108,28,89,49,68.44,137,47,86,50.83,66.05,38.31,56.08,15,66.43
36.2,-13,104,129,72.76,135,49,-45,38.56,30.43,6,127,11,0,-2.18,37.59,28,87,-2,81,71,48.03,74,146,-7.85,68,115,40,64,50,56.47,-7.55,55,-24,74,-11.31,20,41.81,-0.57,68
-23.99,60,64,29,122,69,12.45,-25,-14.31,82,34.67,7.01,123,-3,22.22,-21,48.91,105,-21.7,37.2,-3,6,46.86,37,22,-12.71,6.76,-19.31,-46,9.09,-17.03,69.91,131,-3,131,17,38,-1.12,64,-34
-2,-1,55,17,-15.22,22.01,12.64,13.65,45.94,35,100,94,93,10,-47,80,105,-35,90,82,4,82,-17,39,148,11.34,64.22,103,70.96,-48,-39,96,-44,65.93,105,99,38,3,-27,48
11,24,66,68,62.51,-2.64,-33,-16,35,24.34,-7.59,64,18,27,57,-21,19,93,120,86,-3,-21,67.13,11.91,49.18,71,63.69,145,74.9,18,-3.88,57.04,-24,66.56,114,-6,113,3,20.11,141
90,59,4.85,-1.28,11.98,145,44.86,52.68,136,137,-26,-42,50,10.8,-19.04,116,54,-25,-33,8,24.99,-18,-4,1,31.46,133,11.16,-38,76,117,12.09,-9.36,41,15,8.03,92,4.91,38,3,19
85,-18.82,29.92,7.3,50,53,48.07,132,45.44,-7.15,36.7,-18,38.62,-47,110,21,63.99,95,8,-14,3.41,-11.25,-37,146,1.93,73.27,-7.44,25,72.9,67.88,104,136,57.16,25.68,59.71,109,-10,115,18,-9.13
70.67,-5,145,42.18,-15,48,-10.25,70,9,-2,-12,40,-48,70,12,52.89,-41,-24,83,104,-22.13,29.89,10.11,72.43,16,-21.82,-0.12,17,105,0.47,48.12,-13.6,1.55,23,-11.18,-2,68.17,115,62,23.16
8.74,74.92,9.94,16,-38,-27,133,80,-27,33.05,7,60.65,133,20,134,132,127,-19.43,1.22,32.39,57.71,109,-11.25,-20.36,145,12.65,-4.59,34.2,44.72,64,2,-28,96,-13,44.98,-41,8.62,83,63,-14.17
117,33,35,13.29,-38,59,59.76,-30,64.15,13,15.19,105,44.9,144,109,72,111,23.51,33,-32,133,125,69.48,-5.27,47.03,-22,51,-20.92,121,40,64.75,-46,19,109,74.59,66.45,38,83,46.76,70
-30,30.29,66,66.65,65,56.34,11,95,136,109,-17.42,-13.28,68.87,79,-11.52,32.46,49,40,127,69.26,27,38,32,103,42,34.74,117,30,-9.33,-23,134,61,0.99,33,124,-26,-46,138,23,-10.69
63.28,79,-10,38.92,88,-29,96,10.87,6.02,31,78,90,-15.48,65.63,-13,15,71,-10,15,-36,104,80,0.47,-24.58,136,52.84,98,-16.1,73.54,18.84,23.5,79,29,54.77,47,73.84,12,28,72,34.89
99,-8,-33,105,11,42,27.15,-16.29,-5.09,14.15,144,53.59,69,0.7,27,116,96,20.78,130,-44,-33,6,109,24,50.04,51.2,93,53.19,78,-48,119,147,67.2,33.18,60,34,75,132,-17,-4
-11,37.2,61.87,33.4,-9.54,-13.56,76,-24.06,68,-14,-3,136,72.99,-24.83,-13.51,-16,20.47,41,-17.04,87,114,31,117,144,-5,18.52,-7.07,29.4,49.9,8.58,87,62,147,48,-45,65,-50,38,-19.24,-45
10.01,-23.62,-9,3,105,52.93,96,-0.89,57,93,-19,-38,67,70.39,132,30,-40,9.89,140,12,8.05,30.84,-19.53,-9,9,55,-22.09,74,-1.11,5.11,-15,50.57,122,16.97,146,-10.54,80,50.77,110,-47
90,2.67,-17,50.48,-22,-42,42.09,-3.2,67,-22,79,100,33,-13.74,-8,-23,-3.4,-34,1,71,91,-14.87,-7.15,-20.75,53,32,55.87,-9,4,-2.9,51.39,26,34,-26,-5.26,55.53,70.76,-23,146,32.21
85,23,41,121,69.06,-19.31,98,74.36,113,70,46.49,86,-10.55,52.28,102,-20.01,115,-16.66,-5,53,-2,16.21,-1.04,-29,-21.63,97,34.15,-14.05,52.73,94,-23,11.35,17,-18.59,115,27.05,9.31,62,105,-9
48,116,-20,45,28,106,103,5.83,-9.39,96,-21,-23,-8.5,17,47.88,62.49,12,83,-6.08,39.04,40.5,62.01,-25,7.93,-3,-20,-39,3.28,84,91,-15.06,108,35,24,35,68,67,72,40.28,60.24
38.96,129,65,72.36,148,110,18.11,11,-6,31,32.51,91,133,144,19,124,103,-11.67,8.72,37,82,-7.85,34,15.32,132,140,57.55,97,-9.12,13.07,91,36,43.54,-1,-45,3,-28,63.74,17.82,118
-5.54,128,99,70.52,70,46.01,54.47,-3.68,11.48,143,11,8,24.16,93,30.45,106,70,131,123,37,112,116,50.61,70,33.12,76,67,21.8,-2,39.99,64.03,115,62.16,42,26.26,-39,-9.32,12.7,24.53,40.95
149,27,34,116,2.39,-10,36.29,0,50.19,81,116,123,127,-13,19.37,-6.53,28.57,70.74,-8,73.04,-41,26,88,45,-28,34,134,142,-38,99,-21.78,74.96,0.74,103,-5.2,38,57.23,38,66,37.25
121,31,40.78,133,-44,67.65,-19.8,136,107,-18,118,123,20.72,59.22,134,15,17,7.8,24,0.11,86,42.94,27.73,9.79,26,143,35,41.24,52.99,62.53,62.85,48,-21,-6.98,48,-5,-29,-0.75,33,25.89
13,10.17,-15,-0.12,68.04,67.59,-38,-46,82,147,21.62,11.95,37,-18.57,22,93,4.9,95,50.17,27.33,75,43,85,-43,46,122,123,72.05,73.49,66.34,56,23,7,102,-23,71.77,-19,32.91,142,64.22
-13.06,43,20.36,21.33,28,6,142,33.69,45,4.7,92,10.04,36,-18.63,-25,-24,49,-4.45,39,-20,3.17,65,13.37,55.49,58,135,33,-5.26,3,-18.9,55,-16,13.46,5,24.49,-23.46,6.11,35.49,46,83
48,0,18,71,-25,15,-24,-5,105,123,-14,133,85,-50,-24,91,-14.07,-32,109,105,-9,149,85,129,138,-3,110,-4.64,125,65,61,20,34.83,28.38,113,49,-40,51.45,-12.63,9
54.47,40.2,2.07,10.57,73,23.95,100,-21.32,116,105,48.44,74,-25,35.46,57.02,20.7,45,12,109,117,49.43,129,-43,81,22,8,43,142,38.22,19.53,-35,42,42,97,8,-21.25,-17,13.75,47.36,-40
-6,11,-9.79,61,53.24,-24.89,-38,146,46.59,-28,47,134,94,-43,41,133,93,117,-19.85,-10.79,-1,-35,-23,96,-41,21,101,5,84,88,-40,0.32,-23.63,-23.53,-19,57,51,-14,68.67,71
47,-12,135,45,-11.71,2,8.43,134,27,-15.04,-44,54,-15,13,-38,149,28,-40,-42,-1.73,54.56,82,48.17,45.53,51.77,55,-21,13.8,-27,18.93,89,-2.58,-34,42,18,46.31,-43,121,42.69,-6
58.76,14.34,149,38.49,-16.92,37,59.93,63,17.54,56,91,-21,125,9,-4.38,-7,45.15,-7.51,112,64,74,34.33,69.37,18.67,99,98,-38,69.83,4.14,39.54,141,119,-43,72,-5.62,52,107,22.44,53.33,15
76,38,135,54.47,46.84,11.34,39.18,143,-22,-1,-14.66,24,69,44,14.45,47.28,105,33.89,134,26.94,46.61,57,2.47,35,117,44.99,-10.69,24.21,70.28,50.15,101,65,40,74.72,127,70,-43,144,40.91,22
68.33,62.21,-12,19.05,108,131,68,30.75,56.99,115,7,35,-24.14,45,127,148,-16.54,113,105,-3,95,-7,11,60.72,11,11,60.23,64,-40,64,-48,-13.32,74.26,-24.28,65.37,45.57,-17.57,26,3.47,-1
44.95,80,63.16,104,-35,83,24,-18.76,16,44.32,-10.73,-13.72,-10.29,52.17,69.62,-17,135,67,34.63,-11,-8.04,46,21,123,33.13,61,3,57.56,61,-2,-5,127,113,-22,-18,86,96,31.55,-46,-3.72
-36,65.69,34.19,-15.12,0,88,50.35,5.65,124,68.77,-21.88,16,99,117,-24,34.79,43.49,-44,73,73.6,46,27,136,-8.56,86,38.92,65.3,130,35.25,14.98,31.1,52,25.69,102,120,53,-7,63.48,6,52.38
6.98,61.48,41.85,-19.92,16,28,60,114,79,93,55,31.74,60,-26,32,36,68,25.04,135,19.44,52.83,-34,-32,148,29.91,140,41.87,-14,61,-4,130,41.66,-6,107,26,94,10.04,-22.53,-9,-14.78
38,31,-48,103,44.5,64.11,-37,71.19,-7.37,49.6,23,130,28.46,-4,-45,40.31,52.94,-21,-6,51.68,-46,71.59,-7.45,34.87,67,-20.81,61.74,116,-17,41,-19,64,115,-41,-47,7.59,13.52,140,87,116
80,37,31.8,37.04,139,32.98,14.21,33,62,13.59,-24.4,51.64,140,38,-11,42.68,-5.02,72.27,59.49,9,142,13.71,78,24.23,137,65.57,-45,133,-48,86,2,77,95,14.82,-19.69,73.19,44,37,-23,139
111,69.11,65.78,6.21,106,52,53.97,128,128,32,114,87,-22.04,32,85,39,-19.78,1,60.6,16.89,68,35.22,73.33,-16.88,63,-38,54.68,5.97,124,137,105,45,139,88,60.3,92,112,80,50.64,2
-40,-11,32.65,64.87,120,137,61,58.02,54.91,29,14.25,15,-2,-43,50.81,-33,113,58.57,-12.85,12,126,28,38.31,127,-26,105,16.9,84,-28,-10.5,34,72.23,65.05,-13,-6,52.25,36,49.77,-1.88,37
50,10.03,34,1,-7.3,31.7,58.1,83,61.17,51.78,1.95,-20,45.46,-44,40,7,22.98,-23,-38,-38,-49,21,-17.6,-24.07,35,119,-20.5,-25,-24.2,69,29,58.62,126,-6.12,149,-22.75,44.76,53.35,23.35,46.02
48,94,126,-4,38.62,9.78,2,62.14,43.66,13,118,46.09,67.98,65.43,-15,-13,-41,20,42.21,46,46.83,-10.58,5,40.86,26.68,30.65,121,-18.65,10,-18,44.69,7.11,46,22.96,16.15,-18.61,16,32.85,5,4.32
51.09,59.35,21.14,-13,136,128,-40,15,61.85,-10.02,117,7,105,14,-21,85,9.95,122,37.02,22,70,6.17,8.88,-19.33,43,-14.47,7,-1,52.84,1,98,-0.99,25.92,87,92,45.47,-21.5,25,68,34.12
36.25,41,-24,-37,53.01,11,-8.2,0,33,4.07,82,125,16,53,66,-7,-16.45,89,52,-47,72,18.55,-42,34.64,86,46,-10,-2,14.15,-7.42,33.05,20,73.88,-4.85,104,43,-1.47,34.22,21.01,-9
-37,66.81,13,63,-20,147,134,48,49,47,95,-30,-46,65.22,43,51,28.68,101,17.85,9,-1,56,27.29,48.03,140,54.37,103,53.11,119,78,-5.27,129,73.28,-4.85,75,-41,51.61,18,-20,11
48.34,0.07,36,31.38,50,-44,-17.07,47.24,10,-2,62.61,67.14,1.23,61,27,-16,-12,-4,92,-42,-37,17,31,-19.81,0.34,21,26.26,-7.79,57.02,112,-18.57,83,46.65,8.9,129,-24,57.08,56.42,79,111
18.96,-31,65,23.2,-33,16,138,145,72.67,42.41,49.31,84,55.95,80,142,25.1,146,10.73,94,132,125,90,58,-16,-33,-23,60,16.33,66,35.19,-8,107,-1.38,5,25,138,-43,-33,33,73
12,-23.7,49,-38,144,78,55,30,68.26,53.76,-10.65,-27,22.39,49,66.12,51,73.46,30.91,146,61.98,-49,50,56,102,74.32,-6,-2.8,73,-24.49,60,69.8,40.98,37,6.05,27.16,85,-10.72,72,84,98
112,92,31.02,0.97,128,131,15.91,59.92,-10.91,-9.3,17.45,119,-39,43.25,31.8,6.2,69.51,-10,71.11,36.48,-1.44,72,146,-14.51,40.7,-18.11,20.6,17,10.78,70.9,138,18.95,14,83,111,5,30.98,134,57.39,62
-10,20,42.15,6.6,14.82,14.55,23.64,130,102,-11.01,78,-45,-3.33,136,-32,-21,69.74,72,27,14,37,-1,63.63,66.86,123,-16,58.41,39.58,61.87,62,10.94,-6.68,68,140,68.04,70.63,17,18.57,34,46.93
-23,-35,122,146,29.02,94,-30,25,60.52,-29,18.23,-8,-14.42,12.36,-6.63,26.24,33.21,13,78,-27,123,84,65.13,-18.52,-46,-25,-15,-8.29,41.06,-8,144,-39,33,28,-8.49,130,20.96,30.44,86,26.2
94,-19,39,32.11,-11,2.75,-24,38,43.87,73,41.48,89,118,37.3,38.14,-12.01,70.38,148,-13.24,49.05,67.74,36.97,102,-41,81,135,57.54,124,4,-4,16,44.19,19.71,-1.93,-2,55,1.74,69,-23.45,70
40.09,39,1.29,61,15,92,-5,67,26.14,46.33,136,81,70.57,77,-4.76,149,54,25,28,-7,18.83,49,40.43,29,71.93,12.31,137,-18.56,84,63,-1.74,112,40.44,6,65.08,64,15,-10,-33,43.36
6.97,106,62.31,147,-45,18.82,34,117,-12,24,20,23.24,124,30,69,-22,-16.19,57,-10.17,102,-45,84,53.81,33.71,-36,42,15.33,143,29,36.39,70.28,120,19,9,62.75,138,55.61,33,62.08,54.83
95,66.58,34.81,-26,-44,10,-14.67,70,116,-13.9,86,24.67,18.57,-11,20.76,-0.32,61.45,13,122,87,67.81,63.3,110,12.43,-0.28,103,29.78,18,0,-40,-11.09,-6,37,63.33,-9,68.33,90,1,-24.18,0.23
-26,103,28,63,67,25.62,94,47.58,24.65,57.66,-2.22,29.28,-49,49.46,64,-43,77,83,35,31,11,-15.56,-10,117,36,134,9.61,7.05,113,108,134,98,43,132,11,144,94,63.14,-15.36,141
18.71,24.34,76,-28,30,-18.59,40.44,65.09,-12,83,5.55,44,82,6,89,47,47.43,47.43,29.68,143,11,22,17,89,-37,47.58,110,62.83,33,38.97,48.29,0.9,20.96,142,-15,126,51.45,58.3,12,0.66
63.85,-1.01,88,-40,10,-49,15,6,63.71,55.19,9,77,114,98,10.76,124,-1,40.35,71.28,49.81,74.48,61,1.91,34,-45,6.67,7.54,-7,135,0,49.05,36,43.97,83,10,-4.37,68,105,-36,20
140,-7,120,-40,53.56,-2.84,122,-2.94,103,13.73,22,34,-41,17.38,27,17,90,6,95,-14.42,38,143,12,16.03,65.81,88,-18.61,12.46,93,-43,24,53.51,44,9.36,-14.24,1.27,22,28,-17.39,2.83
31.06,61,-21.55,56,2.96,49,50,90,66.69,49,21.72,20,-10,28.01,99,23,145,52.95,-4,142,69,133,100,56,7,86,143,-11.31,-6.81,138,53.25,20.97,31.58,-18,67.68,25.4,49.2,64,102,51.8
21.15,-6,141,36.22,-6,18,-22,68,9.91,93,-13.61,23,5,-50,91,11,-37,81,134,-1.1,71,-13.64,7,54.08,10,4.41,122,-40,85,77,-42,26,21,52,44.84,59.15,61.92,61.45,21,3.67
-40,4.46,56,-3.69,22,-7,-38,6.29,102,-48,-48,-14.45,141,-37,102,1.32,-6,47.16,-13,-16.46,73,-50,4,0,127,79,-27,66.7,21.14,37.97,81,141,34,17.84,97,-13,-46,11,33.11,72.26
105,138,29.57,42.1,70.72,26.44,92,-31,20.5,42,87,-3,28,123,48,-22.55,105,-22,79,37,73.64,104,65.75,96,1.27,134,17.96,-31,113,-22.96,52.86,89,48,-27,134,9.77,21.09,3,37,-20
48,28.94,28.57,144,116,12.78,-16.84,41.66,87,112,-38,12,77,149,70.91,21.89,24,21.96,-27,61.28,-16.42,-46,22.96,9.33,65,106,2,17,73,61,-44,-28,28.05,70.8,49.53,34,69.82,98,-3.36,71
30.92,38.16,-4,54,-38,4.91,-12,45,13.73,15,50.87,13,33,27.35,5.09,62.57,9,47,53.81,-29,-6,-4,-5,11.32,113,35.36,89,59.56,26.24,-8,-22,143,28.8,25.33,-24.61,-38,8.52,56.38,34.55,70
144,20,27.66,27,33.53,110,2.81,-27,56.37,125,90,16,57.79,55.46,-46,53.24,83,4,84,74.74,102,71.7,117,59,45.96,60.22,94,-15.83,31.18,-50,119,26.19,56,22.54,-39,15,8.06,45.2,124,126
120,68,-37,62.31,-23.37,-1,81,-32,-21,46.43,108,15,21.35,149,54.42,-15,-5.69,26,57.45,28.87,-14.83,-0.22,-17,-7.79,39,130,14.72,122,147,5.51,53.73,60.01,24,15.76,11.79,34.88,37.31,129,9,-41
44.91,144,24.41,24.31,78,31,16,-10,49,-16,146,18,139,105,57.15,-19.64,89,31.25,53.38,48.64,-49,25.92,1.04,-12,17.75,36.52,-8,65,60.62,-38,35.83,-23.06,123,79,70,146,19,13,46,119
21.68,-30,118,8,23.01,99,88,-26,73.29,44.45,-14.17,148,-20.24,-17.86,43,-1.87,117,-9.26,-35,8,22,-25,-24,110,35,9,-46,30.92,-32,60,121,145,10,-41,-11.98,112,-16,91,33.71,2
-22.8,9,104,-15,-4.46,37,-9.96,40,58.77,-13,-13,-7.74,76,48,133,28.33,72,-48,-14.15,68.62,-22,-18.67,81,36.52,57,72,-0.33,125,45,118,116,74,65.64,7.36,96,57.13,7,67,26.88,61.79
-8.59,0,-2.33,102,40,140,118,61,133,-7,-10.32,4,36.26,52.56,87,124,31.92,-5,3,63,67,1,-19.23,114,57.65,-16.22,13,27,134,64,139,36.57,-19.39,35,-23,2.99,75,15,44,7.55
119,-3.28,48,70,-4,67.38,69.6,-30,102,70,64,122,-3,45.5,40.17,21.44,-2.35,47.3,-11.47,134,-1.61,-28,16,-7.48,109,121,81,111,73.04,29.48,61,-38,81,126,-11,41.63,82,1.78,-47,52
131,125,115,-19.32,-26,20,13,126,40.75,77,139,60.02,120,52,135,-3,23.07,38,-20.21,62,-42,-23,8.71,74.31,121,51.78,-17,1.78,3,-15,128,-1,130,51.46,-4.94,-12,21,66.17,44,-1
-14,10,-30,-2.8,-14,107,66.2,-19,1,-40,70.64,20,12.55,129,16,53,58,11,8.56,86,95,52,46.25,0.23,49,16,19.84,121,74,45,-37,-14,14.95,107,127,32,18.09,59,29.07,26
15,111,7,-3,28.84,58.32,49.06,24.83,83,146,-16.13,20.08,13.92,7.72,-45,9.44,53,54.11,-19.47,41,-28,-16,61,-20.21,62.19,-22,111,-16.74,-19,48.7,121,-28,59,92,-45,61,-30,30.91,-30,38.84
52.37,-9.86,38.48,69,38.97,-6.74,56,-23.13,96,20,25.43,59,-21.77,20,14,72.25,31,21.85,2.16,52,10,17,19.39,140,141,140,-22.7,51.12,-18.92,13,63.49,-36,69,10.99,-19,-48,53,19.08,53.74,-27
-32,100,31.17,33.99,120,-15.55,-11,95,-12.54,48,25,145,95,27.38,37.9,-44,48,143,76,30.33,52.04,64,47.43,54.59,47,38.57,41.4,70,-50,1.55,119,41.67,44,62,39.11,-17,122,73,-0.45,88
63,2.16,19.37,-35,20.76,43.92,-6.15,7.37,-3,-12.56,12.65,49,-6,44.98,6.23,-6,49.19,67,54,71.03,78,136,35,-18.29,140,-42,19,8,68.16,57.46,49.84,128,47,93,-12.34,-26,53,59,20,70.6
29.45,131,128,58.69,-42,131,67.95,15.02,39.12,40.21,89,-24.07,34,4,62.73,33.08,117,16,145,35.92,149,81,38,43,48,147,-11,-3.98,46,-1,33.79,84,62,6,119,67.5,21,2,82,-31
132,-12.25,-18.58,10.62,103,-36,146,79,105,75,-1.22,64,-3,148,66.14,-4.04,59.75,56,8.23,90,-14.77,5.93,33,-18,-16,25,37,55,130,63,-14,-13.91,19.17,59.55,27,24.35,25,31.3,37,-47
70.79,-6.38,66.41,-4.72,110,-8.8,111,34.82,-48,35.78,59,5.65,-25,46,34,-25,23.51,-20.65,94,60.79,10.1,-20,-37,1.95,7.14,133,31.08,30,-14,37,141,-17.82,52,33.83,145,-35,131,1,37.92,142
43,31.09,-22.42,-2.05,-45,-19,84,27.31,28,3.55,86,50.9,-5,-18.67,-14.69,42.03,-6.94,103,33,-23,65,46,31,-7.14,141,-2,80,21.33,81,39.22,98,50,2,123,-37,30.01,0,30.34,94,51.56
14.11,48.12,-32,-26,14,69,46,59.83,19,17.53,-47,-22,-32,15.12,30.32,61.33,66.11,-1,-16.38,-18.57,19.61,-27,55.53,-24.81,108,-22,56.37,-5.1,34,70,130,-0.08,-22,56,131,141,28,67,-32,36
135,72,22.07,56.59,133,-21,108,124,27,-23,-6.35,83,-6.75,63.32,141,-0.22,35.88,-33,-42,66,54.93,39.7,-22.91,-40,-50,21,-15.43,-1.65,41.86,-42,-13,73,56.47,-12.05,46.96,-23,-10,30,85,-14.71
43.19,48.67,-17,7,6.38,139,69.44,86,3,-17.44,58.38,-2.9,-32,24.61,-9.65,65.5,-47,43.24,-12,125,110,9,-5,-35,134,8.64,95,26.49,66.5,53,-2.82,23,60.91,39,69.32,68,0,-17,73,19
-10,64.93,99,-42,-42,2,54.54,26.73,-22,127,114,47,-27,21,110,12,-33,31,74.66,131,68,-1.06,73.98,57.9,-49,80,133,58,-2.24,8,145,-8.66,28,30.16,-5,149,13.4,59.02,59.3,107
70.4,16,-2.42,116,54,42,-10,35.41,148,89,119,47.77,46.56,52.91,45.01,6.48,44,-43,21,39,-7.17,53.37,68.93,-45,97,83,105,-5.15,16.01,2,48,9.4,53.38,118,61,25.22,-31,29.22,125,12.88
88,-47,-31,72.71,-7.44,38,-5.47,14.12,61,63.6,-43,41.58,66,10.01,109,115,1,-33,60,82,136,64.02,50.73,4.77,68.99,76,2.69,45.61,10.24,4.27,-16.05,43.38,-29,-27,-13,58,113,25,37.45,29.64
41,119,128,55.22,-39,-12.09,37.81,124,-7.27,0.96,43.58,18.74,-16.53,-12.72,35.44,68,26.76,-0.14,21,-11,-13,-11.74,39,15.42,28.81,54.1,139,-11,82,17,62,-1.23,35,57,-37,41.96,65,99,142,85
147,18,-25,30.04,22,55,3.94,8.99,-23.2,99,111,79,-11,-11.81,-3,64,0.54,-5.51,61.42,121,42.01,-14.37,38.49,-1.81,37.09,99,68.45,84,4.64,126,47,68.72,67,4,-32,57,-7.94,34.26,78,-1.39
65,-10.85,-17.69,111,95,78,1.44,48,109,93,1.76,2,48,-18,73.63,18.9,89,-14.09,55.55,-15.04,124,1,62.29,50,20,100,38,13,134,38.96,141,15,-21,9.13,-15,57,64.67,42,112,52
5.48,54.82,-44,60,56.43,124,-17,72,-18.94,43.71,99,100,15.3,100,11.33,43,0,106,15.12,44.59,97,31,30,25,112,99,58,-28,62.86,140,113,41,136,33.14,2.58,25.31,19.7,1.03,51.57,29.5
-22,-2,-32,-49,-23.74,-33,49.67,72.43,8,140,-5.42,73,45,140,98,42.2,26.89,-13.92,41.16,74.8,120,54,34.2,71,-4.76,135,31.57,64.82,1,-9,42.51,29,80,49,40,-1.81,78,97,48,20
45.69,26.83,-15,98,117,-8,67.31,-5,71,146,144,39.41,-39,28.66,3.1,80,40.6,-35,0.49,-15,-30,4,68,37,72.39,108,110,0,98,3.78,49.73,11.76,-21.51,64.56,18.17,18,23.92,12.95,145,35.27
-44,25.33,5,-11.44,59.36,53.11,54.36,42.88,-2.11,141,21,26.11,104,-9,58.73,14.7,94,-21,-3,94,11,-3,-23,44.92,-17.86,16,143,51,8,2,-19,-1,-15.9,80,27,17.59,65.81,-30,-42,12.65
67.41,-1,9.91,108,64.03,75,38,46.71,-21,25.99,139,22.29,3.54,-16.54,89,18.01,139,67,65.68,127,111,36,59.95,2.65,149,39,-32,3.59,25,83,136,105,-37,34.98,-30,19.21,133,74,-24.75,-11
-6.12,38.56,-18.38,6,-37,41,47,-10.46,18,-23,15.47,133,44,-16.86,38,27.06,17.55,70,-3.07,55.28,-27,-14.24,15.14,146,129,-18,46,134,69,-46,52,-21,19,13.66,146,119,13,24,134,-19
0,35,46,-11.9,17,46,46.6,50.85,-6,43.03,15.45,71.02,-29,71.79,-10,67,-21.36,80,28.05,-30,3,128,130,54.22,25.7,-17,94,4.44,125,62.8,66.18,16.43,55,23,53.61,22.39,116,142,-43,-47
-12,57.74,51.88,143,0.35,117,23.72,64,-6,16,3.66,44.88,56.26,46,113,20.2,-20.69,7.03,97,-10,68,4,149,140,-45,-24.24,111,84,35,26.04,113,2,35,60.82,122,49,143,-21.43,5,11.32
91,-14,47,45.61,5,-23.16,4,-31,52,63.62,125,57.04,81,23.14,141,-47,57,38.01,25.13,101,-2,79,19.32,-13.46,41.92,57,59.24,51.49,-27,39.5,36,0.01,-5.36,20.75,136,119,-14.62,118,11,46
58,15,3.39,16.14,34.5,-13,-17.02,83,-7.66,7,68.84,-12,58,12,-5,52,-20.2,18.61,-8,22.77,145,61,6,-9,39.13,133,27,103,148,16.41,-8.27,61.23,7,50.67,95,-24.03,25,-26,96,74.46
58.95,100,127,77,97,99,129,27,-17,48.98,-15.26,24,-25,16,-5.91,119,19.05,5,74,-2,50,80,107,-11.21,83,-23.86,15,69.31,136,21,30.41,44,73.93,61.03,-47,15.01,72.83,-7,10.9,46.48
15.35,56.39,17.36,114,72,18.56,66.17,135,79,135,58.23,-26,141,84,5,120,-44,-2.34,52,-5.33,129,100,66,119,-20.89,61.42,52.32,73.31,19.9,15.6,0.06,44.49,139,3.95,3,143,7,137,45.78,-7
38.41,5.23,37.3,106,86,-15,19.77,33.28,57,9.51,147,2.26,30.78,124,47,5.85,144,11,104,61.65,103,-18.39,19.69,80,58,33,-21.29,64.02,-23.59,149,41.7,109,25.96,68,-12,36,108,69,-21.29,18
49,99,4.47,0,46.97,54.75,-0.15,44.33,100,-0.33,133,-3,113,-21,120,36.99,43.89,1,23,-15,30,43.58,61,33.56,74,63.48,30.97,36.47,-14.86,3.27,-2,142,-45,131,43.46,51,60.39,139,131,50.33
107,29.94,16.79,-5.44,8,47,58,-47,7.16,15,-47,109,114,-21,76,65,65.58,7,118,23,36.33,38,-8.87,56.73,-4,37,116,68.01,115,53,4.42,44,142,20.49,45.54,37.54,10,-3,-19.82,95
53.9,17,54.36,49.69,12.67,7,-21,61.42,98,43.79,-12.82,-11,43,-47,40,86,45.34,-36,102,32.84,113,148,65.78,56,113,29.46,111,122,34,99,18.91,90,-30,28,70.39,70,46.49,39,40,-35
-3.41,-22.19,0.59,-8,-18.44,-1,-48,47.05,51.06,3.86,65.29,144,110,-24.35,6,29.86,-12.71,-50,47,86,123,11.92,35,63.38,-12.47,32.18,40.34,0,139,36,60.71,115,119,-3.46,-2,95,40,73.89,48,-36
36,126,124,11.49,-27,86,44,108,143,14.92,8,-17,37.39,139,-39,-13.84,139,60.07,133,110,46.31,129,56,39,63,127,145,-23.53,73,22,17.56,14.93,15.7,106,129,99,103,-1,-12.04,45.83
8,5.01,1,79,-26,70,-5.22,-27,111,73.42,122,39.16,-17.24,76,31.4,66.45,-8.95,138,100,50.34,-0.54,3.49,-9.85,67.1,12,28.35,-17.77,-25,42,24.58,50.41,-20,61,59,-26,-49,130,145,2.37,74.92
4.93,73,19.41,25.7,-26,21.41,43.05,18.42,106,59.85,97,125,32,27.3,98,-50,43.15,-15.69,-47,87,12,21,26.57,63,-2,37.83,41,136,146,100,-40,76,97,33,123,-1.25,-0.73,96,-4,64.83
90,140,16.66,22,0,-24.86,25,71,-41,37.19,71,36.46,139,59,66.77,53,-11.35,-12,28.89,43,-27,45.72,90,-14.62,145,-36,28.24,2,-22,104,113,-13,119,14,31,93,18.89,16.72,13.11,100
-12,61.45,30.83,-13.02,-23,34.44,24,59,146,85,144,-7.84,73,-4.52,37.23,-17,64,55.72,-16,22,142,67,27.95,9,64.56,34.31,47,45,80,-43,96,29.15,115,-34,51,-41,91,75,-24.33,143
-24.89,43.17,114,17,20.39,34,15.4,-38,20.47,21.25,-7,2,-24,40.75,68,-10.08,75,124,28,117,80,-30,45,27.6,107,77,113,118,-1.27,47,-0.39,-16.01,27,24,110,-1,109,45,27.67,-1.53
71,38,-18.23,-24.36,-40,-50,11.87,-12,49,7.82,23.36,52,23.33,28.78,4,110,32.31,51.8,-46,-3.5,67,-8.39,24.13,139,92,-17.04,22.17,106,-23.4,-23.88,125,-31,-22,118,115,30.35,-47,-15,17,-27
24.94,45.72,82,-8,81,12.16,-7,-26,11,50,-36,67.13,-48,-20.75,84,4,82,42.53,17.24,96,12.82,18.66,72.47,-19.84,-40,18,148,-22.44,83,40.84,29.71,46.48,48.79,-1,3.86,85,-25,148,-18,-38
75,22.04,87,42.65,53.4,11,-33,-31,8.59,37.07,11,70,149,120,124,110,42,8.75,143,-1,35,-20.64,89,-20.7,0,21.24,21.71,31.37,4,-6,28,58.86,-2.86,140,144,-22.08,51,35.99,20,-47
63.69,55.63,-49,-30,-12.53,85,20.62,97,60,15,73.73,90,81,-1.13,65.83,-44,-10.77,-36,-5.06,-7.97,38,-12,-50,68,-21,51.09,-8.82,17,-40,99,-17.75,44.86,28.03,-38,21,11,2,28.31,147,-41
-1.07,67,75,-5.2,31.37,94,81,0.41,63.08,3.19,145,1.11,36.44,86,37.18,7,65,-8.69,15.37,119,-16.01,59.61,-18.26,51.57,33.85,-6.22,117,16,74.22,7.68,130,20.53,42.41,3,65,35.26,149,-30,118,102
-20.96,-12,66,63,44,40.28,43,-27,-37,-27,-10,-1.18,49.48,30.32,18,70,89,36.44,77,-6.77,24.71,-21.29,19.96,-31,66.02,119,-22.42,21,-10.05,141,8.47,-28,19.09,-48,-16,-45,27,26.65,-43,124
29,57.22,-14.75,92,74,79,-24,72,-20,0,-6.76,69,40,28,141,21,22,4.77,105,23,-28,39.04,3,139,78,88,96,-21,76,94,17,-20.16,11,74,-35,-14,119,72.89,-12,10
107,52,68,57.07,39,-1.4,-44,66.55,35.67,42.87,51,119,20.18,68,25.15,-18,14.37,17.32,-15,84,-32,9.69,49.23,69,30.18,-18.27,-36,-20,-2.58,46,-16.11,11.95,141,88,74,-28,-9.56,28.78,-15,20.95
-17.52,148,47.27,128,-8,100,117,142,1.41,34,-10,15.53,2.04,-1.18,80,97,-43,146,5,-1,-7,-11,24.17,55,104,-36,83,45,89,95,21.31,103,-35,-15,-1.82,-39,-23,103,54.48,92
-28,22,98,10,107,91,-46,109,-12.38,64.7,49,129,48,63,48.81,-48,42,-23,-4,43.94,133,10.32,105,149,50,-23.95,91,126,-27,10.78,108,-12.73,14.12,2.46,29.09,-15.29,51.93,-21,62.56,-3
74.23,67.26,20.82,5,-10,80,17,-48,76,48.65,32.01,-12.5,-14.48,1.5,103,-41,54,116,8,104,-15.76,69.97,136,-21.85,37,-12,61.62,116,39.22,30.62,-18.67,85,-6,-19.98,31,40.36,-47,93,86,-7.75
39.8,50,97,90,54,-50,49,100,1.13,-21.51,27.33,8.05,98,73.96,52,68,-38,-2,-21,-38,43.43,21,-40,-26,82,25.61,-14.99,-23.65,97,25.68,-13,4.18,123,-38,99,104,0,-33,-28,61.78
-13.19,82,3,92,-23.92,63.46,45,5.64,26,53,-5.91,38.2,76,-37,-3,69.35,42.46,132,-19.52,67.26,-39,31,55.03,-16.46,10.43,94,-14.75,144,-20,29,29.8,110,74,27.78,53.86,138,20.83,33,15.69,-14.25
87,104,24,10.16,-11,92,32.75,128,8.36,35,122,38.33,14.95,30.52,60,37,132,32,40,31.01,52.04,11,92,117,34.79,52,49,7,-3,126,86,-0.77,-0.14,-8.03,-15.77,134,-45,48.46,15,53.03
-33,56.23,51,-42,145,-46,78,40,2,-19.92,13.22,126,133,120,2,-21.44,64,58.19,61,72.81,118,-23.21,38,40,31,51.4,55.19,-11.37,48.66,-6,59,73,12.4,-10.63,114,-16.6,60.96,84,144,30.55
32.39,69,6.05,39,5.97,91,14,65.8,66,-20,-50,-24.85,2.69,50.74,32.59,41.78,66.16,-10.06,118,52.57,113,139,44,51.89,37.54,66.55,-17.1,-1.92,128,143,117,63.5,132,30,-37,79,113,147,7,15
67,-3.04,67.02,52.92,92,-45,51,-37,-14.59,132,51.65,123,61.37,-13,67.73,50.54,7.09,65.69,14,9,2.19,-14,27.92,-9.45,-46,88,14.63,33,47,105,55.15,6.66,56.55,43.45,76,65.96,57.41,115,141,32.32
31.88,89,27.13,21,-46,-9,-11,14,72,50.46,-38,14.95,30.02,65.22,55,-17,144,122,49.37,18,-5.22,68.26,47,66.87,20.65,67.55,-8,-4,32,-14.63,27.98,-1.22,2.06,73.17,93,-11,71,137,40.87,2.61
-10.58,116,40.6,20.85,17.51,55,115,-23.44,57,90,24.38,49,91,31.23,11,15,139,20.83,84,105,57,111,34.48,15,62,16.25,-28,17.86,16,11.99,-14.82,52,61.63,138,26,-12,-47,106,4,34
137,104,36.55,35.54,17.16,23.78,-4,69,34,-6.26,117,40.72,14,12.24,66.28,7.78,97,69.81,-31,70,135,68.79,17.96,133,-18.11,28,45.85,141,29.06,68.41,-27,-43,24.67,73.62,-14.51,20.78,88,5,-22,62
148,-9.17,-42,67,115,26.53,73.68,25,19,19,118,-41,52,48,-8.75,-32,128,65.81,99,5.55,65.76,-45,13,143,81,108,78,52.15,139,-5.39,-22.11,6.42,-37,59.84,20,83,44.75,67,-42,-7
99,3.74,140,25.72,30.06,98,14,40,115,28,28,27,-3,19,22,5,116,127,124,-26,-2.52,26,63.51,34.14,112,-46,44.53,-7.66,37,74.47,131,55,77,63,6.23,61.96,-20.92,29,-18.22,-45
19.8,17,34,17,-45,96,49.15,105,-6,3.51,44,36.68,-42,45.75,-14.88,77,-23.87,14.57,62,62,-6,1.36,-29,78,-9,111,53.98,8,-48,22,35.49,-20.22,51,45,124,77,55.7,5,-21.72,3
-19.81,-33,-19.39,19,102,20,-15.25,94,-10.74,144,146,45,50.03,25,75,-30,44.9,72,61.02,11,30,19,0.25,54.76,-42,36.93,98,34,121,29.14,84,76,7,73.73,-22.39,98,127,39,9,142
-3,-5,65.42,81,14.2,2.15,46,115,7,6.94,60.16,-49,104,-19.77,-6.68,22.32,35.45,-10.64,-21.33,30,80,-22.09,53.45,21.37,13.51,-45,32.39,-0.79,33.19,-11.84,61,109,21.8,-7,-2,53.64,-11,103,42.15,21
62.08,9.5,129,-7,140,-18.01,-10,136,106,144,45.21,149,72,17.27,106,65.67,-22.23,44.2,46.42,46.29,16,41.76,42,119,-25,39.87,146,12,145,-31,73.36,65.4,69.71,-18,46,113,31,31,25,111
133,18,38,8.44,-31,-17.87,-17,-17,50,32,57,39,-18,-10.29,99,-49,146,-23.52,38.52,32,-19.25,41.15,42,99,-13.99,33.6,15,51,-6,118,6,145,2,11,10,130,73.48,99,136,145
98,117,35,81,41,69,-20,51.04,43,-30,48.39,71,33,68.28,88,26.04,20,65.18,-7.15,-9.95,38,-45,65,142,131,104,33.91,-12.25,21.22,51,149,47,15.12,35,96,-1.31,99,5,31.26,-25
70,110,23.97,52,2.16,108,94,22.54,97,23.33,-45,-23,111,127,38,127,-41,-23,-3.82,-14.2,-21.5,-24.6,90,-35,135,22.74,35.95,62,51.9,72.13,5,-14,3.84,-35,117,10,94,60,34.38,22.22
38.08,62,117,-45,20.71,-9,0,146,48.5,106,3,72,52.2,139,56.09,-6,147,145,69.19,2,-12.35,140,50,24.66,-37,47.76,-25,12,100,-12,121,-9.04,-4.77,111,-21.75,127,22.85,-5.57,-42,74
-1,2.03,123,-18.01,26.51,-12,29.91,96,1,39,28.06,36,105,5.45,-3,-16,63.91,-18,94,118,47,32,138,108,52,39.57,68.82,-45,147,21.89,35,-21.94,-29,19.46,-8,79,-25,-21.24,122,7
119,-20.17,116,62,66,100,130,48,21.07,88,134,120,88,-20.7,40,47.99,-6,49.06,-5,42.16,137,105,-12.73,41.37,63,2,29.95,19.3,37.89,147,-13.19,56.02,-22,68.13,5.86,1.16,11,114,-50,50.82
57.46,-33,107,70,24.47,44,-24,-33,19,54.47,62.94,10.31,-9.29,23,129,77,117,31.59,52.83,97,49,56,-11.73,52.77,86,19,38.8,124,62.14,-22,110,118,18.77,109,26.88,16.46,67,-20,126,70.02
105,113,60.43,-42,5,22,-34,138,15.34,87,51.56,9.71,-12,58.5,136,-13.41,29.65,20.63,38.75,112,55.59,-17.2,88,0.42,26.32,73,34,-1.29,70.71,19,131,136,45,8.02,11.35,62,33.62,-41,-18.63,22.65
7,-3.78,-14,59.6,-20.34,13.11,41,83,-24.35,32.13,-22,-5,5,143,131,-11.05,-13,3,-7.26,8.11,-5.57,12.05,20,41.49,59,49.16,110,101,-16.56,105,64,0,28,91,26,67.19,-21.63,62,128,128
-21,110,-1,50.01,-5.35,-38,62.77,70,46,132,30.49,56.4,59.48,61.25,-18.14,76,24,-1.17,-18.8,64.6,46,66.49,39,136,28.03,13,-42,46.85,47.33,20.05,73,-15.74,20,137,16.06,144,74.84,68.58,-30,29
5,24.26,112,66.79,54.49,-25,43,47.31,96,13,-20.19,-44,31.71,-12,132,47.04,-32,44.26,-3,-19,5.67,72.06,126,55,28,51.73,-19.08,-43,50.77,40.04,11,-30,98,103,51,64.93,59.55,18,26.41,-16
44.3,136,4,7,-13,90,20,52,113,-12,96,97,59,-2.75,-24.94,8.66,28.3,-31,128,14.24,65,26.4,63,54,30.34,55,50.88,-44,84,40.9,30.28,-2.56,28,21.27,-50,47,-18.24,16,83,110
59.05,2,36.03,72,-19,20.92,-18.75,-34,91,24.13,36.75,49,47.16,40,29.86,1,13,135,23,34,39.73,116,80,105,48.12,-13,-27,34,-3.22,53.78,17.57,103,72,64,56.92,35,47.57,73.27,90,123
67,130,142,127,117,-24,11,-10.02,6.5,74.71,9.29,-1,7.36,10.48,13.83,-5.21,-19,-22,97,10.46,57,22.94,65,132,-11,48.87,10.1,-39,44.93,17,9,122,36.49,-38,-45,5.02,58.3,32,-27,63
67,-21,-16,110,-5.79,84,45,-28,61.97,73,31,106,21,101,61.83,-23.8,35.06,-17,49.34,-49,49.24,30.24,-9,-0.48,-27,107,57.65,61,14.21,27.33,41,44.12,26.99,89,-4.62,70,15,10,42,43
46,41,-24.63,-5.02,68,94,57,47,131,-26,143,-46,6.16,14.68,-17,143,49,138,80,64,53,-8.35,113,-13,26,-15.08,20.32,124,30.02,132,-23,-18.2,68,15.04,86,22.73,45,92,48,-45
28.1,78,140,48,-20.34,68,46,137,71.55,127,-3,63.53,2,99,32.02,-20.85,7.25,73.75,-27,-15,72.44,-10.06,75,10.7,51,12,88,100,25.72,35,77,55.8,42,62,98,58.41,-47,-15.82,-21.14,109
5,-20.76,84,61,33,53,68.24,-5.94,44.09,110,66,57,19.86,21.27,37,43,-21,-33,40,-7,59.56,34.21,36,29,58.28,35.74,17.45,-23,73,-16.23,-26,21.98,35.82,56.47,45,96,50,5.61,-8,65
68.8,-20,64.36,15.78,23.23,68.59,26,17,93,6.98,-4.92,-35,13.78,-24,117,-21,32.55,122,22.01,9,99,59,74.75,125,125,-6.39,11,73,-22.03,-21,-11.91,12,-25,-16.85,52.78,-19.19,87,37.3,120,24
135,72.62,39.55,59,136,68.56,147,68.82,3.38,8.66,25.02,90,16.62,55.41,91,63.06,-44,106,36.94,-5,-22,18.32,95,45,71,-11,-18,34,-21.12,8,64.03,35,50,32.77,42,113,127,70.44,-46,0.65
22.22,29,28,15.35,-22.23,3,28.23,147,18.12,113,-20.58,111,-3,53,56.41,36.76,17.15,85,22,28.35,-20.63,27,-27,142,32,44.55,90,9.59,-12,40,16.88,65,53.8,30.97,37,58.67,88,115,-44,50.29
138,31.31,8,92,-8,19,-46,-12.91,-8.61,-44,70.99,18.74,29.4,20.8,92,35,130,-13,41,5,35,19.5,104,55.82,4.58,1,19,16,72,53.25,16.86,14.18,149,130,7.56,3.46,133,23.1,-32,23.77
64,-21.09,52.66,71.69,133,-14.57,129,17.44,0,94,66.11,49.71,120,-5.84,-4.78,15.88,117,39.35,73,-6.21,57.86,-27,90,115,19.48,10.19,-3.49,-7,1,145,41.37,57.69,33,53.8,41.08,37.82,-15.23,41,69.04,3
-16.81,-9.5,143,121,76,92,23.58,67.78,-18,34,90,47.39,16.34,-3,-44,80,125,29,81,-21,69,108,52,-18.74,115,104,-20.87,20,45,61.24,33,-5.42,6.24,100,48.21,108,-34,-39,73,32.47
34.76,145,-8.56,116,26.92,4.91,-12,18,-9.21,81,36.98,74.1,113,92,-10,70,124,32.24,122,73,60,80,106,44.93,129,38,8,79,113,-5,47.87,70,107,96,67.43,65.94,-8.36,44,47,-23
-15.13,80,104,-16.7,-23,24.65,128,0,61.05,35,83,100,117,23.72,17,109,-48,-31,63.38,49,32.6,44.02,32,42,50,45,4.47,13,53,18.49,-9.09,76,11.74,94,-48,140,-22,121,29,24
-26,49,3.09,22.28,57,27.02,63.15,-18,-44,46.68,-28,-15.79,-23,29,-5.18,58.21,-8.82,81,57,-30,105,76,26,-13.31,133,51.2,143,118,13.54,66.94,-0.53,68,149,112,65,36,5,92,-23.62,51
139,23.47,21,7.66,-26,-29,126,-12,143,74,14.32,71,107,-18.18,-23,127,104,17.73,72,138,71,7,-21,-4.45,136,67.84,130,6.5,-20,-1,71,30,-13.63,90,130,-9.79,49.65,-10,56,-48
143,63.86,56.7,-10,119,65.13,54.66,99,64,142,44,24.87,4,123,71.06,137,34,1,-13,18.94,-44,148,9.28,-30,58.04,46.92,-41,133,148,46.33,19.45,-19,55.89,56,-20,39.11,-3,97,122,44.49
57.35,-4,38.18,123,15.56,40.85,93,78,125,34.47,-46,92,13.16,46.41,42.08,-28,-18.74,117,43,100,110,16.39,-22.54,79,-23.8,32,54.3,128,16,135,-11.2,96,146,-15.53,19.46,0.43,37.64,12,130,47.59
6.23,112,7.83,131,109,-47,-19,23.54,4.39,6.96,-39,8,60.28,17.94,24.47,-8,20.19,38.82,148,85,-47,4.03,12.91,67.1,-45,-23.74,36.6,-14.79,-5.17,25.13,-10.33,-7.27,73.05,42.2,15,142,131,15,0,35.95
1.61,57.5,80,-12.9,14,102,-7.78,-25,8.95,-1.96,-35,31,-24.63,9.95,92,-4.7,-18,-39,106,-2.28,31.12,31,115,25.66,2,127,63,23,-1.98,-41,51,7.17,11.56,21.45,127,96,-47,26,46,15.32
-11.47,138,38.8,21.24,-0.2,1.5,51.68,129,5,31.8,49,113,51.32,39.86,74,147,53,-5.91,29.67,35.18,20.74,-48,50.19,109,-24,-24,28.72,-13.02,-14.69,9.03,78,109,113,100,-22,77,107,9.23,103,72.63
61,-13,-1.82,-5,76,132,-49,-13,23.84,65,10.5,23.31,47.5,84,149,15,13.81,14,0.92,-11.4,143,-15.18,115,99,70,28.27,48.12,65.29,-17.42,25.99,40.14,109,86,5,57.73,48,20.5,-27,-17.9,2
100,52.21,19.76,137,46.18,31.9,20,14,46.59,32.25,120,-20.95,-22.71,9.65,34.82,34,81,-26,43.24,4,32,91,79,10,17.57,1.71,75,-19,-15,-1,43,57,149,139,-30,40,-7,-8.3,90,3
-43,83,119,47,17,125,131,-0.95,33,-9.42,27,23.89,147,60.59,4,-19.29,-10.38,-22,61,49,90,79,58,108,-9,49,40,73,20.32,72.74,124,-27,55,-26,26.69,112,15,91,25.37,137
62.12,-15.74,79,-37,-11.69,119,1.08,-43,-16,61,14.2,70,63,-41,2.79,-10.78,-45,56,-24,121,26.14,12,52.95,-38,63.13,22,-5.65,125,-18.59,-20.39,116,146,129,-16,47,138,-32,106,80,63
113,79,141,61,117,53.52,-20.93,67.09,61.59,-34,19,0.15,66.72,-18,114,139,-18.26,91,72,63,24.96,41,-18,-10.01,9,118,-9.76,53,-49,57,-8.47,34,41.91,19.63,15,33,-26,62.75,148,114
149,51.56,-7.65,115,71.43,27.81,-3,92,105,-24,100,121,8.5,70,111,11,12.28,102,-27,-2,-38,33.09,-10.89,35.98,-27,107,73.09,43,34.38,63.89,14.58,12.77,20.31,-29,-45,-19.47,13.63,17,-23,-19
128,29.78,-23.99,13.73,66.42,68.82,41.17,32.66,-12,38,30.44,29.04,26,-35,11,80,124,39.27,18.04,60,149,45.2,65,30.68,77,83,94,51.75,-6.6,114,-3,4,58,78,20,46.96,-30,-50,29,39
89,-23,-22.34,91,115,-2.82,43,36,97,30.42,125,-11,69.63,87,45,6.85,46.98,33,-7.32,-38,12,-5.21,-33,119,30.92,42,-4,141,116,11,145,-40,-12,98,50.81,25.2,-36,110,-17.55,-3
130,40.2,-35,143,2.88,102,18.34,46.32,51.07,8.41,79,133,24,6.01,143,-49,2,0,129,94,37,58.86,-13.43,-4,129,-20,72,54.86,47.78,47,105,22,-3.12,35.6,-36,-13.53,27,68,30.67,7.57
57,19.37,59,16.3,60,13,16,103,6.39,41.95,90,29,-13,20.31,110,12.81,124,22.3,28.22,135,27.97,-34,-1,10,-17,10,23,9.38,72,92,58.56,11.7,-1.49,22.53,-0.83,13,7,-20,45,-11.42
20,-4.71,-19,135,148,-16.06,35,98,24,43.15,92,-38,143,57,14.17,-33,-29,-42,22.17,24,43.47,28.88,115,120,87,-10.85,10.01,-45,106,131,18,5,29,67,29,48.37,4.73,70,77,93
57.28,101,66.06,3,-8,17.22,27,-18.57,11.86,76,43,4,-49,-15.86,62.86,107,39.2,18.53,48,-41,29.45,32.1,117,62.08,119,-6,24.82,96,67.81,19.59,37.28,22,138,49.88,43,28,127,7,41.97,140
-26,52,20,-8,57.8,8,20.66,24,27.9,34.1,99,53,-36,2,6.33,-46,-43,38,53,14.55,42,-13.84,-4.85,-2.91,10,132,108,148,49,24.95,31.57,103,102,119,12,-25,34,-45,28.33,13
28,1,61.23,-9,68.9,-26,29,12,82,32.07,50.33,-49,64.41,0,49,37.17,-13,40.92,69,-4.04,-1.02,147,32.5,-20.41,74.16,-29,41,-19.12,106,38.25,26.97,32.85,-6,11.53,6,64,6,-11.09,47,142
41,2.6,-3,66,55.62,53.11,6.24,-13.25,50,119,52.42,0,-11,146,73.84,-31,58,73.79,57.67,0.05,-4.53,110,-23,18,11.8,2.58,73.19,103,73.96,78,-9,-21.79,-1.55,-25,22.27,102,42.73,71,69.37,-49
71.73,82,40.74,39.7,25,46.43,-21.62,108,63.5,141,72.75,70,44.11,42.7,144,100,110,25.55,56,-38,55.8,112,132,111,-41,63.83,-36,31,-42,50.57,-20.41,-1.16,-3.73,140,26.81,13.82,78,-14.68,32,38.39
24,97,-22,-10.82,43.23,-12.04,22.78,-23,61,70.5,42,24.54,24.53,33,126,-25,72.37,-22,37.91,13.72,78,52.44,141,86,6,-27,146,93,-2.33,106,18.49,126,-50,71.11,-14.47,-17.2,97,-20.37,-8.95,148
61,-10.39,10.54,-10,-11.46,147,51.3,12.88,-10,-40,103,-13,17.83,11,-10,70.98,58,70.63,34,141,-22.74,83,104,124,-9,-18.86,65.71,27.39,65.29,4.43,36.14,-49,28.03,-5,84,-15,69,-24.35,40.45,2
60,-18.53,45.07,50.18,108,1,119,17,45,101,-29,71.85,44.5,148,22.93,-4,-37,-22,7,55.86,54.06,96,111,30,110,4,-18.24,7.51,7.14,-16.02,36.5,114,39,-16,1.68,80,16,32,9,56
22.22,110,74,89,98,21.85,-2.79,8,20.09,7.05,26.23,1,82,0,121,-46,15,60.02,-11,51,3.81,1.17,116,108,17.29,-5,94,-37,10,46.84,71.91,-44,-20.59,139,-40,148,42.61,65,68.11,10.71
11.11,129,-17.31,54.29,6,68.49,47.5,-31,146,60.74,61.99,-0.93,-29,-50,8.89,0,54.43,54.23,-15,-20,68.16,-17,82,41.73,73.65,42.76,0.77,-15,45.56,53,1.73,44.69,29.98,-48,65.76,47.12,103,96,53.35,54
86,79,98,41.23,139,85,113,10.58,40.68,45.27,70,11,41,141,147,50.26,94,65.28,109,89,25.41,17.42,-8.03,70.07,110,114,66.16,-43,36.27,119,15.77,89,17,-22.75,-21,18,87,129,34,2
-1.98,27,33.46,46.77,76,61.93,73,36.47,-29,27.82,115,4.88,47,19,-11,91,-22.52,73,-47,22.91,101,56,74.56,0.49,40,19,132,78,-18.79,-0.82,45,-15.74,111,70.17,143,41.57,20,0,23,-2.7
61.87,-20.11,96,90,27,23,31.11,51.89,-33,-25,27,80,36.29,27,-12.11,75,9.68,141,41,144,100,85,52,24.77,99,-15,23.61,43.93,14.4,-41,62.04,48.64,86,50.41,-1.15,87,53,11,147,53
34.77,70.01,122,6.09,58,-39,-28,-30,32,79,-24.64,-8.15,53.66,-17,125,65.05,72.29,24.72,5,142,147,12,-4,71,108,32,-16,6.7,14,127,140,36.2,122,-41,89,-17,17,144,-22,43
88,126,-16,46,-25,-5.1,-8.75,-28,29,59.73,39.52,10,21.16,20,63,10,-41,-40,69.31,95,14.62,149,-0.92,26,5.92,28,41.83,13,1.62,127,63,98,-6.42,63,2.49,60.32,-15.77,85,75,28.77
-34,39,-34,-5,132,71.34,143,115,20,49,-17,-6.88,-5.27,-24,16.91,8.81,25.82,-8.09,-5.77,18.69,4.26,99,98,-20.13,131,21.28,68,-17.39,124,66,7.39,68.08,141,29,25.38,32,9,59.05,-11,-37
41.23,18.58,14.02,72,66,51.28,23.48,73,42.53,58,81,-12,69.09,46,-20,99,-34,86,-27,62,137,120,40.59,56,51,-28,-12.22,1,68.11,9.29,-18,127,126,-17.48,18.81,106,-16.39,42.57,-5,9.73
4,-22,100,-20.77,34.14,61.83,-23.43,-1,61,54,-3,31,99,47.75,54.8,-23,69.15,132,104,48,139,-10,127,8.48,60,133,24,38,-18.39,30.22,9.39,35,133,-12,33.44,28.36,146,107,45.74,81
34.11,-9.11,-33,-1.22,25.87,32,139,92,95,74,62.84,48.32,81,-14,148,97,-14.4,70.72,-16,-47,36.76,120,53.35,-12.49,77,-5,24.32,22,33.72,14,-29,115,-28,100,-21,35,6.62,37,43,23.75
-42,-12,37.25,130,-10,4.19,106,20.02,-22.1,116,78,-38,28.18,71.52,5,133,28.97,144,63,133,-38,-2.31,-16,77,58,24,44.97,53.91,98,74.41,23,-10,-11,16.11,-3.15,-47,21,-23.67,70.45,70
15,64,-30,-13.73,-33,47,135,-39,-17,-4,7.12,28.92,-9.96,36,-24.59,24.74,59,-2,-14,149,80,2.83,123,-45,46.75,-4,64.24,137,5,130,-12.39,29.35,-20,15.74,-5.22,102,63,65.52,121,-45
143,57.36,33.98,11.79,80,65,15.79,45.7,-29,-42,69,124,69.43,64.52,51.73,112,-20,69,70.03,-39,27.55,0.24,16,2,61.65,-49,53,-14.08,-2.19,29.71,11,-28,79,58,110,147,16,43.05,14.07,120
115,-3,2.94,122,138,55,96,-0.78,3,0.33,-30,20.04,34.52,-22.65,19,20,48,22.78,50.07,121,60.54,113,53,56,58.52,23.97,-29,35.76,-17.67,-18.01,45,-20.91,-33,25,54.73,103,-16.79,27,147,19.71
66,35.72,-18.12,-37,67.1,-9.38,-11.21,68.81,-8.35,89,-39,12.01,44.74,0,67.78,52.35,-11.89,-28,74.41,83,32.41,30.98,142,14,52,80,-13,2.17,31.58,49,137,-48,119,118,-7.84,88,63.78,149,-6.56,30.46
18.35,-23,45,39,18.04,113,49,6.71,-7,57,56.63,106,2.89,0.32,43.35,11,16.17,9.53,141,47.88,26,143,-3.01,10,58,-18.47,47,83,83,58.49,67,123,122,143,74,100,53,113,111,36
-12,3.96,-12.73,-0.6,45,142,34,55,2.77,-47,28.25,-29,16.94,130,42,-35,-11.47,36,64.65,0.29,17.93,62.31,55.39,10,62.28,61,-34,-33,12.12,19,69,7.67,-40,110,-46,21.62,120,46,-41,-39
-32,-42,91,-12,12.07,32.2,37,0.13,5.9,63.24,9.34,58,-2,127,34.89,68.81,-2,53,7.6,-39,70.23,77,104,-26,149,60.36,66,38.89,38,82,94,72,27,118,130,85,-23.87,39.42,48.1,61
14.06,-45,64.4,59.69,15,88,146,148,131,6,51,-0.77,90,-16,-7,-28,52,-31,-33,17,58,4.93,23.31,121,27,28.55,58.77,10,69.81,142,31,5.44,-17.69,22.14,122,75,55,-10.4,-39,66
-41,31,13,35,-20,-26,144,67.69,22,87,19.32,-14,-12,-44,-45,59,40.73,-9.9,-34,-5.35,-39,18.92,-11.67,-34,14.53,6.29,123,22.42,4,-7,21,-0.2,30.34,55,26.6,38,26,4,-19.52,18.3
-40,67.24,-13,76,-11,145,73,-5.79,28.77,-47,50,136,51.97,115,107,149,24,126,-13.31,72.84,-8.94,102,68,-33,-12,50.87,12.02,63.59,-14,-10.2,60.96,2,129,149,15,88,-2,91,47,-19.6
17.81,89,33.35,78,10,-5.58,68.17,46,16,3.07,107,10,37.38,10,106,-50,139,-2.69,47,-35,56.78,68.81,-47,57.09,90,38.43,11,-33,10,63,37,49,131,9.64,-9,34,-42,36.65,-11.47,-9.91
100,-20,-49,37.63,91,90,33.21,29.6,24.43,104,28,111,53.55,22.25,20.56,66.83,13,28,47,4.85,148,70.21,42.5,49,89,56,62.12,131,-20,65.89,-3,-36,41.86,72.09,37,64,32,7.79,66,54
84,-8.97,44.47,65.28,1,39,-24.69,16,22,-5.68,119,135,-20,-3,31.69,68,-7.33,46,104,145,12,81,43,-47,13,33.81,49,5.92,106,74.3,-9.39,22.23,49,71,74.82,-10.73,-14.48,122,-6.87,-35
-8,59.13,55.54,53,-35,46.43,-23.88,15,116,72,-10,112,7.97,43,-19.05,113,140,41.1,56,39,97,65.77,-5,-12,-46,-42,71,29.78,-14.65,126,145,39.94,35.42,23.27,-7.48,54.84,138,37,66.78,71.12
-13.48,125,-11,87,-17.98,48.79,54.24,-10,16.5,76,78,102,62.16,38.29,47,47.48,30,-10.27,-15.39,30.27,25.08,80,57,128,99,-47,99,3,74,-40,106,29.24,14.02,91,3.44,34.25,5.14,-32,135,-29
23,54.08,-5,39,149,16,8,-6.06,-20,-43,-15.86,28.94,83,87,-39,42.2,-35,55,54,8,-16.48,40,57.18,20.42,31.47,-23.55,4,69.51,115,-34,-41,-23,59,65.37,101,43.79,69,-47,-12.87,-9
-17.43,28,-24,-21.09,1,10,48.85,28.8,91,30,64,23,27,69,-17.69,135,9.73,63,-21.68,-24,60,78,51.04,22.42,50.25,134,63,17,65.58,-6.11,-14.7,-6.25,113,45.52,-40,0,-49,66,113,69
-24.21,-1.58,12.14,-16.41,61.86,-9,65,3.08,53,143,-44,-36,15.74,86,130,71.69,40,137,-19.41,57,123,9,66,68,79,112,12,149,10.61,-20.77,35,107,63,-8.76,26,55.48,51,17.25,-30,-15.29
-10.17,50,38,46.82,53.48,-3.61,24,98,-23.58,54,14,41.4,-1.92,-5,62.6,122,-26,-49,75,46.3,25.35,32.57,-9.57,71.94,48.61,-50,29.09,-9.02,4.21,4.83,78,135,-3.38,105,-20.32,52,126,76,-15,44
89,39,-11,4.23,60,-19,110,35.62,97,59.77,-23,9,19.4,129,-7.66,27.93,46.79,-19,103,137,80,-42,51,2.53,144,66,44,30.77,45.6,34,-19.16,-23.21,33,60.78,25.43,29.97,-6,-28,-48,2.81
33.8,-38,5.36,122,-14,47,49.86,-4,-15.71,37,136,9.79,57.06,47,39.42,18,77,24,86,112,37.31,-43,-37,140,-28,132,117,112,-8.01,52,95,42.91,15,31.23,31,-11,26.36,128,68.15,8
123,16.11,23.62,18.28,26,133,16.05,60.22,-49,-18.15,122,94,27.7,71.68,-37,118,56,73,133,69.08,27,21,62.37,15.74,117,26,24,99,-30,-8,7.16,60.36,-11.79,8.74,96,-34,68,-35,63.92,60.74
-22.17,121,34.09,52.1,54,23,132,-37,3,8.99,122,114,98,-23.68,-14.52,7.13,-28,45.37,-12.17,-19,-19,104,4.3,66,62.81,-34,1.26,13.36,58.65,98,63.11,108,49.34,30,121,30,-29,69,22.8,35
14.14,143,32,33.51,80,55.75,-22,-41,56,87,39.58,25,63.06,-20.28,59,117,-6,8.26,16,80,52,57,36.44,56,134,88,17,106,19,39,1.53,116,121,80,73.22,137,69.34,25.19,111,-6.12
110,57.95,125,-26,17,-23.73,-50,116,137,121,-6,85,-45,32.13,123,21.11,-21.33,0.84,68.74,3.68,35.4,1,63,42,-18,72.07,131,7,-27,-46,-14.05,143,28.22,30.24,54.35,116,-19,-8.97,130,-8.31
-39,47.07,-1.53,74.43,70,22,14.24,98,44.5,43,84,145,-38,-13.6,121,18,45.8,74.6,117,-49,110,74.7,37.87,136,63,97,3.65,-43,32.86,107,93,45,-25,53.71,12,14.35,6.76,-24.37,71.52,24.09
28.62,59.39,61.21,-43,18.39,-1,-24.8,19.14,-9.21,-30,-37,109,32,-30,96,-40,140,-13,24.97,117,70,0,52.61,65,42.46,21,69,47,86,73.2,-32,37.19,90,-3,65,25,149,146,-2.44,141
42.87,-23.95,91,-5.54,61.53,100,32.12,61,-12,-7.19,86,103,32,-8.38,42.81,-11.7,33,-13.69,62.2,6.25,144,29.37,9,38,-13.74,20,-5,30,23.14,18,64.76,19.78,33.92,5.96,-25,95,60.87,34,-17.66,-36
5.77,137,137,-28,94,15.54,-5.43,46,79,17.97,62.29,113,8.06,-23.59,-36,86,-1,63.79,6.88,-48,83,72,134,94,15.16,26,-12.75,-39,129,-18.69,68,87,1.69,58.94,60.25,30,111,106,83,28
52.36,-22.7,26.38,16,52,-21,44.62,3.76,-6.77,7.24,8,0,48,20,112,37.03,52.57,37,128,95,88,25.67,61,-10,-8,111,110,-13.92,66.89,-1.74,70,3,19.51,48,101,-4.24,57,-22.67,46.03,55.68
90,-15,-9.01,20.09,10,-49,0,56,49,-50,138,-2,31.66,27.56,23.07,86,-47,24.94,55.92,48.7,-4.65,101,38.88,36,-17,-23,-20.16,28.96,32,-46,50.61,87,-0.9,-11,61.44,133,5.44,-16,74.78,56.49
18.36,56.32,149,-11.9,45,149,-9.31,-5.42,127,73.64,-28,77,5.95,99,-35,111,50.92,-46,15.35,-49,14.24,19.92,49.2,2.13,8,74,47.67,-19,-34,113,71,31.76,5.5,68.39,38.89,106,55.16,-18,28.94,71
-8,134,97,-25,-29,94,-29,130,57.11,-6.49,-4.78,34,47.19,70.42,72.18,31.05,25.12,64.97,74,9,1.3,-18.58,119,103,112,49.16,68.23,-22,60,-1.91,10.79,1.43,-6.32,23,58,-16,-13.1,35,52.19,135
64,24.24,119,13,49.25,-45,49.43,-8.18,60,42.79,-19.78,13,29.54,72.05,100,-3,73,63.08,54,87,3.02,5.94,36,-16,14.59,3.98,119,-18,-10,-44,16.23,55.52,135,-49,19.23,62.78,131,63.68,38.67,125
32,138,87,40,57,23.97,5,24.28,39.44,45.35,-1,-13.92,56.34,10,-20.15,70.34,15.16,120,-30,54,1.52,1,-5,-3.27,145,7.17,31.86,126,45.47,7,-17.41,-34,103,54,72,16.91,114,105,-15.68,4.87
20.53,61.21,39,-1,146,103,25,-23.07,12,68,98,93,52,47.02,-42,1,85,30,47,123,0.32,-38,138,101,-6.81,75,9,16.42,117,-38,-34,26.92,-5.49,120,-32,19.31,12.15,64,45,-47
14.16,130,46,-20,-14,36.34,131,46,78,132,96,-27,87,-21.53,78,10.66,-41,30.53,74,-0.15,33.88,-13,-45,30,136,-10.89,55.84,-8,-10,4,1,10.9,52.29,28.29,-25,-4.24,2.7,33.24,-21.26,42
65,18,117,13,47,115,122,26,79,113,23,143,97,113,31,-20.16,57.9,18,146,-50,48,108,3.52,4.92,45,98,-41,20.24,79,-23.02,-12.1,116,-14,29,53,93,-38,-25,64.15,-18.83
-35,116,26.36,74,30.2,-22.4,25.97,138,22.08,25,-8.62,-38,38,4,-8.59,29,74.54,-39,4,9,-27,33.1,-22,50,70,96,-10,118,-36,100,-10.58,67,39.46,88,13,37,14,7.7,32.92,-36
44,1.3,78,110,24.89,90,-17,-11,96,21.94,61.85,-20.24,-14.02,17,56,0,57.87,-2.81,-43,88,63,5.18,67.48,50.46,74.33,61.4,-43,71.21,118,59.07,76,53,14.24,3.43,72,-27,0.52,140,65.64,36.6
14,67.38,-33,11.72,22,-30,3,84,111,31,10.4,31.4,-18,22.31,-2.42,138,31,2,0.35,21,-15,147,149,72.89,51,-34,25.75,42,122,62,59,60,119,113,14,70.07,59,45,28.55,42.78
24.67,-14,-15,95,34.09,-24.75,-3.56,33.95,-43,86,107,69,120,-32,-8.18,-9.71,-4.74,1.37,73.49,-24.44,61.04,-20,-17.98,32,-7.34,-3,10,46,-27,141,8,64,25.36,58,22.81,34,3.61,21,60,11.28
68.29,136,65.4,114,45.63,44.91,77,59,-7,121,42,-38,45,11,-12,19,33,9,-11,131,18.09,9.25,46.14,45,80,73.64,11,128,65.15,20.76,32.35,-4.14,22,68,142,79,5.8,-12.56,-41,-6.7
-32,148,-15.85,142,26.25,34.4,116,25.6,56.72,122,-25,-38,11,-33,64.17,28.93,21,112,73,12.08,110,58,32.68,-46,11.52,10.3,55.27,33.27,-19.13,66,72,115,36.84,143,25,9,44,-3.62,49.93,69.88
132,81,28.5,63.7,-21,5.04,-7,-13.3,74,61,31.1,32.89,142,66,54.43,78,4.68,-36,111,20.52,70.18,13,43.32,67.24,30.88,108,12.45,54.69,72.1,53.32,125,114,12.91,1.65,69,69.82,-0.83,32,-4.31,84
39.03,102,42,-10,23.27,143,45,16.85,128,72.77,-3.89,126,96,24.72,5,110,-22,2,-9.1,54.4,44,69,86,23,-9,0.8,34.77,62.48,36,-4.53,59,7,142,10,116,74,-15,55.07,-29,106
99,-4,99,10,103,34.38,88,62.53,21.34,47,67.58,136,-16.72,81,57,23.78,7,2,-47,93,6.11,128,68.23,17.04,18,24,131,91,112,80,60.58,-34,98,53,0,-1,-3.72,142,47.98,-15.46
113,-7,46.46,51,-11,19,-31,-46,-7,49.13,82,54.91,70.98,138,-10,44,60.83,-15.05,29.7,18,108,44.32,20.54,63,63,2,77,73.88,40,65,59.86,41.18,-13,3.98,-43,113,-16,11.76,67,20.73
3.35,6.71,42.59,-41,91,135,80,105,47.39,77,35.28,116,28.79,-10,18.79,131,58.44,-49,-20,32.24,34,-44,133,-36,-42,-19.6,67,53,22,126,34,36.93,10,18,96,48.72,-19.25,-22,-11.77,9.61
29,21.2,105,-13.05,91,40.45,-22.25,0.82,-8,24,60.45,106,3.24,1,111,141,2.8,38.76,-46,-11,23.69,65.81,106,34,126,30,106,-48,112,8,-16,46.8,63,148,37.48,-17.59,-16.54,44,27.71,-10
59.48,-36,-6.95,102,140,59,1,144,149,23,-22,45,52,12,67,-24.97,-7,-16.68,-35,-29,122,28,36,140,55,36.07,-29,17.52,64.87,45,-30,88,-24.83,-27,-13.67,7.78,43.95,101,95,148
63.99,2,57.24,28.1,74.01,22.17,74.36,41,6,58.84,105,-14.68,142,22.61,67.3,143,125,21,-11,16.19,86,7,30.66,33,67,-20,7,70,44.07,-46,133,71.28,65,37.63,36,-48,16,-3.34,15.46,30.72
149,9,6,96,-13,63.09,36.37,71.36,77,-14,-50,31,45.67,67,-17.17,109,17.47,61.2,67,20,59,34,-15.01,111,-12.73,67.55,-6.92,-24.94,9.97,43.76,13.89,-14.64,17.95,108,69.67,67.05,16.46,-14.09,133,34.27
51,8,95,-15.1,42,36.47,-24.44,-24.73,-18.49,26,-37,48.74,92,-1.17,-8.17,20.39,-11,42,21,136,127,0.44,72.58,-2,80,-15.75,82,-32,31.87,124,45,-10,149,-7,-21.62,4,72,92,-7.96,64.47
7.6,-1.41,-18,53,3,-21.84,5,127,74.03,112,22,94,19.88,77,71.24,135,25.65,81,25,53.94,24.49,21,38,-0.89,34,102,-10,45.25,67,120,-4.14,-5,73.34,131,-34,44,145,43.27,55,45.77
14.25,44,134,38.93,39,40,115,98,57,118,35.76,67.54,-15.99,-26,-23.14,71.49,64.64,46.86,124,112,20.63,-32,72.3,-23.35,13.73,147,146,32.77,9.04,124,98,-16.33,24.55,140,17.81,25,11.93,104,86,-41
106,-18,6.08,-6,29.63,35.72,-8,-9,-17.71,-42,-28,26,5,24.29,68.62,32,67.27,-4.08,30.56,49.28,108,-29,41,3,109,-12,26,91,29,18,26.26,40.75,7.7,50.58,145,52.66,45.52,-10,-18,68.26
21.09,-36,-45,58.11,55,130,53.43,90,85,52,64.57,-23,48,120,139,26.62,54,36,43,31.29,45.19,111,-12,137,28.98,67,28.47,-6.75,86,13.75,54,-17.72,62.82,27.95,128,0,30.66,127,43,138
71.28,-18.19,-6,116,145,18.36,6,70.03,49.36,-5,73.21,41.51,102,8,75,46.12,144,55,-2.02,100,-2.96,-14.43,40,-5,33,0,62.43,34.97,36.48,-38,109,103,49,-12.14,24.77,3.78,17.65,41.86,11.7,117
-41,77,59.43,44.31,144,5.04,-21,36,65.01,-1.87,27,7.93,13,-4,-48,41.68,69.13,-19.17,-2.02,29.45,-39,76,29,-30,65.47,44.31,-7.46,32.88,16,50,78,41,120,67,-10.06,-4.6,32.07,27.17,29.37,2.19
24.69,16,18,68.34,6,-15,91,97,126,-14,65,8.16,-5,20,34,11,-26,45,78,-34,39,24,24,52.08,49.04,-19.29,112,-9.59,39.3,15,-5,-10.02,-24.14,-16,69,-32,-6.21,93,76,20.34
136,70,-24.01,-10,126,55.07,90,63.12,60.71,33,42.38,22,52,126,142,123,-23.99,48,25.07,104,115,43.96,-1.59,31.64,4,146,112,103,-10.41,111,101,13,69,37.34,82,-28,-5.42,-26,-4.22,44.35
70,-19.75,-47,135,-29,25,142,22.92,20,39.88,-19,44.89,113,17.98,126,70,28.62,16,141,19.85,42,-18.73,62.8,19,42.27,-12,73.05,30.77,-33,122,149,-0.37,-23,24.16,-36,90,126,145,-47,131
37,101,10,2.32,7,62,0.26,104,3.5,131,2,63,73.19,63,112,130,41.22,87,60.92,46,39.72,30,-6.81,19,149,52,-14,40,73.74,-45,-7.2,101,13.88,-2,55,-18.4,33.13,31.71,23,-5.03
-12.63,-10,-27,90,63.83,-12,100,-23.93,-6,-12.11,136,-24.3,44.36,50.58,105,-7,64,67.23,49.98,31.21,61,84,43.57,71.02,88,136,74.57,-32,13.07,12,8,-12.88,74,-23.79,-19,139,80,12,63,83
86,-23.61,32,25,87,98,145,4.95,28.35,-9,-14,2.85,23.49,2,20,70,48,44,146,-11,-49,81,120,0,21.51,-16.23,50.12,75,58.74,31,44,102,-28,-22,88,6,50,99,68.7,81
74,33.99,134,128,23,73.84,55.87,67.99,-26,-24,38.89,136,50,61.97,67,-1.36,42.8,10.89,-30,2.44,38,25.57,-50,-34,80,47.32,-28,-10.46,74.88,106,7.43,-3.11,3.42,-2.33,-4,26.62,48,8,30.1,52
4.12,106,-20,73.11,-9.44,-41,79,-12.02,109,1.04,79,2,10,-23.9,60,87,-47,60.45,54.97,0.29,108,60.69,110,59,68.41,33.4,94,0,89,38.04,-18.61,133,15.73,-1.76,3,-5.04,-10,-12.98,18,-28
30.32,-8,-21,-3.62,-2,106,-16,-9.53,-13.95,-2,6.58,29.77,75,29,69.62,13,-26,50,39.44,65,-15.34,120,-10,101,62.56,-0.55,40.62,143,-23,17.24,111,-24.54,74.84,29.53,78,-5.78,52.08,-30,-35,28
1,128,2,29,-22,118,57,147,98,68,-21,80,22,54.14,30.5,65.96,57.11,43.15,36.88,67.08,28.51,16.45,51.65,81,61.58,-21.58,-44,25.27,-23,97,139,63.91,-33,146,133,104,79,17,147,65.5
-23,92,35,46.96,7.1,122,42.6,21,117,48,14.99,72.59,102,83,37,9.44,61,-2,70.83,-25,-5.27,32.51,-17.33,-18.05,-31,-24,16.47,80,-44,-12.55,27.98,105,58.06,-4.52,71,14.99,83,149,14.07,52
16.46,1.42,3,149,13,26,43,-48,-12.15,148,30,37,95,5.18,93,7.12,12.13,10.13,-11,5,57.91,-33,68,0.77,-8,145,24,60,78,56,70.77,29,83,80,-18.46,90,0.88,55,12.69,105
-36,37,-16.49,-48,101,4.88,52.8,74.29,-47,23.38,78,34.1,42,-18.18,133,128,135,66.24,128,99,-14,20,5.47,130,119,15.5,-20,13.41,66,17,-43,26.32,113,37.32,35,52,73,62,20,70
145,63,97,21,101,14,2.76,53.12,32,73.45,-2.81,2.81,-24.81,122,84,49.71,74,-31,44.9,66,-35,-29,13.71,50.91,20.57,-5.64,45.93,37,-17,12.82,35.98,3.19,57.38,-35,8.97,49,-15.35,63,4,9
86,144,148,-36,96,12,1.08,-2.44,-5,6.84,-3.19,9,61.58,-13.73,11.78,58.2,14.42,-1,65,21.2,32,44.05,110,144,39.28,-11,44.12,136,99,4.68,99,71.96,53,36,60.36,96,-22.34,-47,110,-7.88
3.46,-27,33.27,-20.42,-18,138,29.98,-20.11,60.69,117,37,14.3,8,38,-12.82,132,81,36,-24.24,-30,-2.61,21,134,81,-20,18.92,142,-12.62,112,61.06,93,69,49,26,-26,21,-44,42.9,-22.87,101
98,-21,15,-39,48,27,113,-7.19,58.8,123,45,140,28.28,18.29,73,1.64,75,19,-40,42.91,13,13,-35,130,57.18,23.89,143,64,-16,0.04,135,24.79,-12.64,18.28,22,65,-35,20.48,65.13,-25
46.33,38.8,149,137,-47,50,69,100,111,-24,14.95,9.3,40,20.68,59,-23.23,148,18,135,136,-17,12.51,97,42,65.55,-1.11,-37,-23,-41,60,129,29.22,73.13,53,128,-15.89,55.77,104,82,17
40,59.2,46,71.84,149,147,98,72,36.27,17,84,117,132,148,-50,123,39.08,10,123,28,67.78,43.82,-13.77,139,-15,-8,-11.47,-17,27.06,8,1.89,-22.34,-50,18.16,68.1,72.99,46.2,-11,73.97,34
77,59,136,29,-11,128,15,-23.36,86,0.36,51.46,128,-33,78,120,50,64.37,75,60.42,85,23.67,18.17,26,7.32,92,54,33.4,-7.33,21,121,53.28,93,47.75,130,-25,134,-12.32,96,143,40.2
74,4,5.27,3.82,-23.6,5,56.83,63.11,48.74,147,117,10.45,58,71,13,54.01,-49,64.12,22,10,125,63,-22.9,-6,64.03,1,-9,24,44.99,-42,64,19.98,-23,54,120,-3,34,18.99,-32,78
-38,45.35,145,-3,20.74,61.12,49.6,100,94,39.95,129,67.51,55.3,13,47,-40,50,105,102,15.41,-38,24,12.78,53,115,49,29,146,67,30.63,22,73,16.87,14.11,-6,59.32,114,35.86,75,-4.38
26.99,20.48,-20.7,69.16,39,55,-24.96,43,-40,68.84,67.09,-12.72,105,110,21.23,73.02,-4.85,62,127,18.63,-33,0,46,26.93,24.99,92,22.25,7,49.64,138,-31,22.38,48.21,-42,35,25.58,26,25,141,87
118,141,148,57.99,70.38,-6.49,76,70,82,-13.91,30.07,46,143,-20.7,112,27.93,109,123,-17,-22,20,-10,-2,48,28.69,-1.63,44.86,-2.3,12,-49,7.1,-19.45,128,-22.04,3,7.88,21,17,100,140
-3,33.66,40,-8.25,134,41.83,-21.36,-1.57,100,39.37,78,30.39,15,29.13,67,100,128,52,-20.26,-6,-0.79,118,17.63,54.25,6.73,19,62,44,4.63,-4.68,31.38,10,15,14.5,99,70,55.26,-15,53,68
-21,66,-10.96,-11.53,65,84,71.48,13,25,89,68,-33,-11.97,-10.6,-0.31,47,106,114,2,80,88,-16.08,8.66,90,122,75,-15.3,5.64,-13.11,8,17,5.74,74,97,87,-1,35,57.33,-24.04,-32
-21.44,41,68,25.39,15,-17.28,29.88,-1,-1.54,-13,124,41.42,-7.49,-24,20.96,109,67,-15.29,-22,142,-33,-41,22.52,42,72.13,11,45,-11.37,48,49.01,14,69.16,-44,81,-12.14,-33,122,28.14,-43,-38
57,122,20.53,139,15.42,-12.95,-24,149,-6,45.85,9,109,-2,97,-10.76,57,78,49.69,-44,15,83,97,146,-34,36.44,99,-36,52.93,93,4.2,74,-22.78,-11.3,76,79,35,65.24,2,7,-33
27.54,8,1.99,17,-8.84,-16,-12,139,94,10.22,-35,-9.1,134,31,115,54.19,41,72.97,69.61,67,48,97,67,21.68,5.11,-12,-12.16,19,91,57,-18,-24.88,126,7,80,79,68,22.94,42,88
57,27.3,19.06,-17.89,0.63,53.67,-5.33,137,30,45,131,9,118,13.75,-1,107,30.77,1.55,100,-47,29,63.12,-30,38.9,-30,-13.41,116,134,52,26.95,36,26.94,44,-6,42,130,142,59.66,90,6
34.45,137,-43,74.05,23,14.29,8.62,90,-9,14.2,67.17,128,11,37.47,46.96,-15.7,82,82,141,48,99,-43,88,-3.86,0.23,9,112,94,-37,54.31,24.21,128,65.38,19.57,-50,119,69,36.73,99,53.57
56,66,38.62,-15.57,-13.98,-42,96,44,32,-39,67,24,-9.87,21,-18.74,62.99,21,19.19,17,14.76,57.03,67.16,50,22.71,-12.24,2,12.45,2.32,40,62,57,52,60.79,33.05,55,149,83,64.16,-6,81
57.26,32.27,18,-36,1,-1.86,43,-24.18,138,-29,60.83,62,70.3,67.35,90,112,13.71,40.71,3.99,15,52,32,-23.01,53.65,-27,-39,-4,-30,38.7,131,145,51.48,147,138,27.19,45.99,-2.05,97,71.85,80
46,26,6.87,52.16,68,-1.7,115,-14,49.91,43,123,25,41,25.94,27,-26,-3,130,31,38,42,-15.72,60.1,-29,127,23,31.71,51,73,14.77,-6.53,-13.11,135,44.78,149,35.15,-16,-1,29.72,132
60.95,46.96,59,5.22,23.01,-15,77,53.79,104,57.46,-9.79,143,-24.41,80,-30,120,71.84,-1,62.52,-8.12,51,70,24.63,1,6.83,40,141,143,-42,134,116,115,-37,-23.56,138,73.51,0,136,-5.96,52.41
126,55,11.49,-23.93,-19.07,110,85,68.49,-14,-14,23.29,9,53,128,137,-2.64,72.16,-21,-20.79,57,104,27.37,87,68.63,-30,2.26,149,8.74,-30,115,42,26,7,25,45,106,-12.33,-8,24,-14.15
0,74.54,104,22.21,31.92,64.18,66,7,51.55,97,0,131,34,-20.12,-14,27.65,15.56,10.07,-31,66.27,-38,101,132,44.18,144,119,100,37,145,57.62,-33,-38,11.35,62.21,33,64,-16.63,-50,-27,60
18,9,63.02,12,-18.98,69.62,96,84,98,39,66.51,7.06,105,31.62,-14.5,-16,88,11,-19,10.43,7.27,4,-18.07,6.39,17.42,73,-22,30.01,88,60.7,-19,-14,-38,145,-21.2,69.17,-13.57,130,22.46,49.76
32.12,-37,46.55,69.74,149,56,12.88,-13.34,-4.29,91,95,-7,-18.59,143,-15,85,63.57,-44,61,140,49,26,49,54,49.38,74,32.98,12.32,139,98,36.5,15.01,43.95,47.67,63.49,-18,36,-37,124,-20.48
137,123,76,78,111,-29,-40,14.86,29.54,27.08,71.59,117,74.96,71,-16,75,130,18.03,-26,24.96,141,72.97,-45,40.44,-16.91,131,18,58,45.37,-12,15.07,41,63.52,137,59,-49,49.93,-8,20.89,98
83,60.57,-20,40.19,50.78,10.03,43,-23.93,148,10.3,50,40,53.01,-21.56,75,35.27,-6.69,67,116,12,45.58,55,-24.77,52.53,-15,2.35,-26,-9,-28,28.81,146,13.73,-9.48,37,25.96,115,47,5.33,107,50
101,37.95,138,-18.22,10,101,47.72,48.13,49.74,140,36.28,51.43,31.67,4.75,-11,63.81,-3,49,27.73,112,47,-11.71,-32,60.17,39.07,83,99,64,94,-13.13,-14,40.86,25.79,74.71,125,-13,112,-14,81,-16
30,-6.53,-22.18,25.01,-50,8.04,8.09,-22,93,35.22,-46,33,1,74.47,34,113,-15,-13,-39,47.43,92,4.61,27.42,7,59.85,41,-12.26,25.41,71.55,-7,-7.54,67.7,33.84,-17.13,23,90,74,56.04,131,84
-38,56,-2.01,-24.57,138,-14.46,126,45.22,67.88,60.43,47.42,17,34,35.81,-21.92,37,-2.87,-24,142,63,-1.4,-12,3,66.74,16.08,20,72.41,0.58,10.41,72,134,12.06,71,-14.25,68.31,13.15,38.93,104,38,52
48,120,-15.7,-35,-42,27,32,5,-11.19,20.33,-6.21,61.22,23,13.45,-8.65,8.55,140,36.3,-49,68.43,0.19,69.91,59,23,79,-38,135,-20,66,50.01,42,21.47,72.01,-22.76,31,-0.26,18.71,-8,101,-22.72
114,8.69,125,68.82,52,57.27,65.59,22.68,72,53.59,-32,0,-2,-16.05,-43,22.55,26.61,125,68.02,52.25,67,-11.67,22.97,-10.04,74,-21,24,-45,-4.73,133,57.74,112,35,96,122,52.6,54.58,12.1,-16,48.98
67.29,149,9,73,-24.53,-15.13,21.08,-18.57,15.71,61.26,-44,38,-43,29,42.47,30,24.09,114,111,147,-11,-41,28,4.92,-28,55.33,80,8,72,89,4.23,-10.57,73.05,-15,0,-9,46,11.34,11.21,133
47.01,-8.89,-19,-13,75,-1.82,4.3,17.51,-2,37,-35,-20.83,85,60,77,25.9,63,72.06,74.29,-37,20,5,71.66,55.39,36,45,7,64,120,67,4,22,8.07,-15.38,65.66,9.59,62,62.33,31.87,27
-50,27.04,47.08,-38,25.58,10,11,26.05,97,147,36,80,16.24,-5,38,77,-16.43,48,-13,40,-8.95,108,65.9,40.08,101,-8.06,12.51,70.97,62.13,-43,34,122,-34,-16,52.66,46,121,8.88,115,18.63
28.4,72.62,12.82,14.69,18,-2,-7.41,7,12.29,-3.24,44.36,-1,-2,48,33,76,12,-12.82,6.21,15,145,11,35.99,-5.3,61.49,68,-41,31.31,59.14,3.66,27.35,-2,16,55,-50,-13.81,71.61,139,142,-4.69
44,-17.2,52,81,29,-19.73,-7.61,49,-21.91,17.85,19.4,9,30.94,-23,-19,92,9.69,105,16.35,32,64.14,14,147,8.22,-44,-13.43,31.94,57.37,38,69,65.97,-9.41,-11.98,71.55,0,38,86,-9.84,-20,40.34
-38,58.69,-39,30,-16.97,9.91,1.59,32,-24,36,55.13,33.18,45,32.76,57.81,3.07,93,12.12,-13,-10,81,2.85,22.55,34,30.99,12.12,30,60,-49,31,43.3,46.99,1.08,100,16.98,64.43,22.33,105,18,102
11.47,-17,15.93,0.63,44.03,112,74,104,-14,-10.36,98,128,31,11.72,91,116,-20.79,-8.2,134,129,2,92,92,43,111,37,85,117,-31,-16.38,-5,64.34,-20.9,64.8,41.02,142,-44,66.79,-5.91,49.66
126,19,140,64.15,-21.7,-37,103,83,121,80,50.11,-25,-15,57.83,138,-22.55,-32,41,117,69.7,-8.53,147,24,56,71.21,5,-50,-6.27,31,87,-47,-3.93,-37,92,49.97,-1.55,28.18,9,110,118
50.67,26.67,71.55,36.87,12,9.67,18,-1,66.37,124,-39,-27,87,59.73,40,1,120,-5.92,40.85,134,104,50.73,13,126,119,130,39.61,-20.31,7.38,24,148,94,-18,39.04,74,23,138,57,10,27.88
-40,64.68,-10.04,85,65.88,73,1.47,-38,37,-17.69,59.94,5,92,60.61,53.58,7.76,-43,-33,132,-15.93,-28,-10.13,16.18,-1,103,33,35,61,-23,4.31,-5.62,52,35,119,118,49.84,51,38,39,72.01
142,33,-0.67,-4.47,49.6,30,-16.09,122,105,-17.61,31,-22.15,42,-15,126,73,17,118,63.76,31.43,-15.66,-29,39,4,54,128,147,-12,27,44,-3,37,-1.15,-9.58,14.6,-25,-3,-5,-47,-6.46
10,-7,-7.1,143,113,87,129,141,44,-23.94,33.9,-47,-16.21,129,3.01,20.98,136,108,-6.96,-13.37,148,46.53,41.68,56.84,-23.78,33.82,29.33,34.25,91,85,50,73,45.15,-7.04,38.35,147,10.13,-5,36,54.8
43,74,69,14.35,96,37.11,6.37,-3,29,140,21,-3,24.36,58.71,-23.2,71.28,35.89,59.05,73.07,118,-15.68,11,-34,-2.53,41.63,14,106,40,-6.42,62,103,-7,104,42.3,105,74,124,68,-5.14,-8
109,-7.91,73,9,57,29.4,-8.81,-42,-45,0,-8.07,132,4.38,70,14.2,29.93,27.7,47.02,124,-4,93,12.04,-32,20.04,77,-10.54,-17,11,22,-17.76,-38,35,38.4,20.05,0.45,50.51,57.45,133,29.89,128
-50,97,22.84,132,9,-19,13.72,14.96,-3,149,1,55,67,139,-14.71,139,48.37,10.9,80,-14,92,14.8,50,67.51,33,146,-6.16,41,-47,-25,63.29,68,8.01,65.31,-12,7,53.44,34.27,44.71,38
125,17.04,130,56.58,-30,-16.41,-25,-46,38.65,29,46,147,-23,-23.17,-6.95,66.23,-22.6,79,72,8,16.76,123,131,61,72.17,-49,15.56,-18.45,59,-30,-48,65.96,48,-13,-19.45,30.44,123,75,62.91,108
133,38.92,69.48,19,111,-26,35.78,67,44.35,88,-24.63,73,62.16,-20,34,0,24,91,57.95,92,103,42.24,149,2.67,-1.37,72,139,63.68,23.02,82,79,-14.21,78,8.33,-26,23,78,-12,10,-14.63
25,-33,19.87,33,-13.99,126,-19.62,66,45,25.21,45,-5,104,70,52,145,75,17.9,7.57,0.18,56,63.34,69.67,-22,120,-3,71.63,60.66,81,-18,101,29.6,64,-17,-10,143,98,30.11,69.48,-2.56
-14,-30,67,-19.01,4.18,45,68.58,143,27,-4.77,102,-11,-39,51.89,-0.15,-33,40.14,2.89,35.09,11,-27,81,67.05,10,82,50,71.25,30,-42,29,19,116,-16.03,143,0.32,29.65,9,139,-10.06,-21.59
82,20.48,-9.97,32.05,11.09,73.91,44,-42,-10,30,90,-17.79,10,-19.1,92,100,24.35,34.2,132,17,73.62,82,139,33.11,-9,59,124,27.66,21.04,26.08,78,46.97,123,-3.32,59,20.12,25,79,55.19,23.68
36.12,-24.83,-14.3,47.83,67,16,73,47.6,54.21,-35,141,8,103,35.76,77,11.88,18.16,-0.95,33,73,95,67,131,-9.57,-40,101,1.32,83,5,-23.01,113,17.92,34.68,51,23,88,55.83,103,50.35,59.31
134,57.3,21,62,139,16.63,3,-49,135,123,143,47.97,-20.47,60.98,133,-2.21,50,67,69,44,3,100,10.08,-27,66.89,4.34,132,24,129,54,66,131,129,30.1,106,0.32,29,10.1,-16.78,29.24
8.59,0.12,124,12,97,27,89,-8,57,-4,61.81,46.22,38,-23,-5.03,17,33,-18.43,21.19,88,-3.2,11.66,16,6,13.68,5,56.59,-12.26,129,9.96,-46,28,116,33.2,-30,93,106,4,37.33,64
6.64,71.02,124,51,38.27,-17.98,-19,-10,42,121,55.16,120,30,-15.64,-4,-23,131,2.67,119,60,-40,65,-32,29.66,-3.96,12,50,4,36.47,111,66.43,61,1,43.05,-3.43,-17.36,-18.64,29.74,4,-41
28.93,87,33.3,13.22,70.93,37.24,100,144,49.32,32,21.04,-11.79,58.91,-9.62,149,25.77,10,53,95,135,56,121,95,-48,24.92,87,30.66,106,29.64,129,-17.87,15,107,-8,53.8,137,110,5,-1.52,-16
21,2.83,16.81,21,-17.03,1,56,39.06,-29,67.11,25,57.13,38.87,38.68,29.41,-49,149,-10,46.73,134,99,22.59,69.12,-16.01,39.88,47.15,39.45,57,68.5,55.09,-20.21,91,47.8,60.02,127,56.62,68.3,53,115,-50
132,110,12.38,10.41,-8.01,53.07,-10.53,122,-8,74.44,5.46,148,43.38,126,-3.71,17.2,-12.94,53.06,3.04,56.17,23.85,93,69.63,-2,-21.45,59,94,57.97,8.58,135,56.75,52,48,-13,52.31,108,-48,48,-20.83,-29
-27,95,25,-49,137,60.37,51.3,-14.42,102,10,14.67,-17,27.49,42.27,116,100,41.3,-49,14.91,71.02,84,135,106,54,31.13,59.11,12,-10.11,-2.83,54,55,68,106,67.77,-9,51.82,32,6.96,-40,8
-23.32,29,114,108,-28,141,-3,9.73,109,122,-21.97,32.99,-48,-13,35,74.55,114,35,9.08,10.56,113,52.03,7.79,41.99,112,71,78,66.5,2.4,25,9,30,52.52,-27,14.4,6.37,57.04,-5,15,45
5.5,-10,37,73,6.2,32,-16,-41,42.79,50,-8.13,102,40,14.69,20.87,97,16.65,-14.72,7,-22,5.34,18.19,134,46.96,49.87,136,-46,-5.87,99,-9,62,6.64,-23.49,101,125,128,105,22,16,24.99
28.4,-13.67,148,52.27,19.22,147,3,-42,24.21,-44,47.05,67,-9,-12.69,-29,2.68,123,19,-19,113,63,54.2,5.57,68,6,95,-21.9,-15.11,-14.16,25.84,116,-42,-19.69,69,-1,-10.04,110,56.3,54.09,-23.47
-36,72.36,36,92,-48,84,29,108,8,138,76,-44,-25,57,-21.44,61,-21.68,120,-8,54.18,69.87,-21.76,26,123,33.21,13.77,22.32,99,-19,85,-41,41.67,97,-23.43,33,-16.37,86,-31,81,24
29.26,-2,-14,-9.43,-3.28,132,55,32.9,63.35,25.68,114,148,74.85,126,32.91,52,-11.08,74.45,61,144,24,125,41,-8,86,-9,70.6,40.2,66,-18.95,36.27,-15.47,45,49.64,65,-49,-7.91,-1.42,64.76,3
-25,92,36,18,30.03,86,-8,38.51,-46,1,-13.38,133,7.91,-10.72,-4.31,42.73,41.15,-17,-45,90,114,53.59,50.9,-16.75,121,93,124,124,51.72,-5.3,-17.4,-14,27.47,12.92,145,140,65.97,36.66,11,-14.69
64,12,12.38,109,-8,64.06,-7,23,9.12,31.07,-12,-2.26,35,74.79,29.56,109,125,-44,55,-48,-14,49,139,66,51.59,60.79,110,70.4,52,30.29,19.75,21.4,26,86,25,-16.17,-14.95,88,-1,3
114,22.29,42,5.67,-26,136,31.38,87,54,68.83,105,70,50.66,37.08,85,62,-2.55,135,126,23,121,42,148,-14.54,-4,57.83,46,112,61,123,74.77,86,12,-10.3,126,10.65,23,-1.96,73,88
86,61.41,29,25.27,-16,4,92,4.71,41.24,-13.75,60,128,48.69,-49,-1,3.58,-14.49,122,85,39.95,103,-16,149,-27,8,63,76,122,32.21,48.42,101,-11,9,67,-1.72,-45,125,37,67.81,-21.33
66.85,66,-0.71,71,50.74,33.77,81,39,-26,68.01,-37,56.96,39.88,72.4,79,38.26,99,93,103,-16.1,50.19,36,59.55,22,-11,74.4,25.69,91,47,74.36,42,73,-47,64,-15.69,107,17,121,141,7.93
36.81,-18.66,16.08,60.35,-2.69,2,68,-21.43,-50,10,-14.31,10.42,23.88,74,-1.13,98,94,-6,-15,49,10.83,21,67.09,20,36.98,29.42,-9,50.18,44,40.18,118,68,38.44,58.96,107,67.08,129,125,11.77,0
62.11,-49,113,142,-44,39.33,54.37,-14.34,-44,20,62.72,103,35.19,85,-14.39,32,-11.17,-34,113,-4.47,25.02,-6.86,6,-14.55,15.22,15,21,-46,-11.66,66,13,9.67,-4,42.27,121,1,143,88,-8.99,-5.24
7,15,115,-22.13,67,77,121,-1.11,-38,122,142,-6,32.44,-16.54,123,-42,51.21,46,129,85,118,35.04,-33,7,69.6,-7,44,24.09,-19.78,32.8,7.41,21.66,10,107,95,122,45.27,13,94,125
72.95,78,34,128,32.25,-45,109,-47,-40,-7,60.89,3,-20,9.6,82,28,-10,19.82,96,95,12,51,56.64,30.71,139,80,35,-37,57,17.62,39,122,18,-40,137,28.33,-17,79,56.51,106
13.25,45,84,118,148,-43,149,132,108,-5.74,54.76,45.57,45.42,73.12,25.5,34.8,120,10.75,107,53.88,120,60,62.35,-14.52,29.21,51,21.51,138,143,24,46.56,4,-10.53,-6,20,78,18,76,45.48,9.65
91,63.97,-21,60.84,147,-20.69,-21,28,-27,74.22,67.19,-24,15,-7.31,-16,-24.58,16.76,43.1,-22.37,91,20.3,43.04,60,65.72,-20.37,45,-22.38,121,72.81,106,41.87,37.76,-31,76,-1.39,-24.99,-18.99,51.93,45,52.67
53.36,149,-23.75,113,-36,72,-17.86,122,106,-18.7,23,117,90,11.87,-7,1,63.49,30.9,-11,99,-15,33,109,-21,43.12,-32,55,136,71.49,110,9.17,61.63,25.03,92,32.22,41.82,1,49,5.86,142
21.5,-17,54.86,44.9,46.83,-12.42,-16,37.04,39.93,-7.71,144,113,19.89,33,25,134,31,38.74,17.25,-20.29,98,-36,7.68,82,121,63.3,39.61,31,-29,83,-32,10,121,8.38,-7,-10,-3,40,57.24,37.29
46.28,-10,63.07,103,36.75,56.94,42.66,-1.66,17,40,142,109,51,24.12,-40,-48,131,49.92,69.44,140,46.39,2.31,-17.79,136,56,-19,83,99,120,138,24.97,-10,-13.57,-29,5.52,37.21,72,29,0,65.87
25.69,16.15,12,0,-18.06,3.31,63.67,52.22,121,134,20.02,134,21.54,62,130,144,-1.5,58.44,10.43,27,38.92,72.55,-3,-1.04,47.01,124,41.67,141,-23,141,41.84,0,142,-11.12,40.26,89,-11.21,45.96,56,70
54,28.39,9.96,19,23,73,22.33,-50,123,44,71.88,14,146,-2.45,127,44,96,-19.75,143,60.44,72.81,35.33,-14.17,43.08,-24.31,-5,2.38,24,134,-41,7.16,128,113,65,35,69.62,44.27,-0.07,-32,3.9
70,59,-15,86,140,133,60.6,93,75,147,2,-19.39,79,1.86,1.04,-0.13,-10,64,11,14.53,-8.53,73,49.04,27,7,1,95,-40,9,136,141,146,77,37.55,37,17,-28,39,4.44,46.79
127,-22.16,130,72,-50,15.38,27.31,-17.96,91,132,21.58,58,73.67,67.89,54.73,18.23,46,115,57,51,142,-4.22,9,2,91,84,-13,63.54,-3,-1.85,102,-19,96,68.54,40.88,-1.87,69.12,112,12.04,-13.62
72,-2.24,49,3.78,145,12,-15.51,-21,112,60.18,-12,63.08,55,24,16,-30,-27,-22.54,65.44,47.71,-14,37,1,116,45,96,-45,-30,115,-8,58,22,48.88,65.14,101,118,50.76,123,49.92,14
102,39.99,42.01,11.66,-2,-49,-8.34,47,1.81,-13.37,86,-43,137,30.59,23,14.84,110,102,-48,-11.06,60,118,22.74,-25,14,62,65.75,-39,-12.97,38.2,120,126,67.74,138,57,25.95,34.98,-17,-26,146
80,-40,52.24,14,34,-41,34,137,-5.6,56,-24.18,83,44,-35,-13.7,2,138,26,21,30.39,62,-9,-47,-32,80,72,18,25,139,71,93,-14,146,54,22.22,-2,-8,13.8,56.51,48
53,-7.8,7,17.89,24,-28,43,19,21,-38,72.44,53.47,-2,99,-3.42,138,-26,21.95,-37,-31,-8,-31,44,25,147,12.29,26.13,-19.44,135,69.69,11,39,59,-2.6,34,-23,62,-21.91,105,73.08
23,8,126,16.08,86,-11.81,149,-17.5,-20.02,37,73.99,55.46,51,36,18,16,18.51,6.06,-35,17,97,36,9,-10.34,-50,1,41.22,127,31.78,6.68,114,65.82,122,2.69,139,136,72,-5.41,34.85,45
107,-10.59,34.71,92,65,-48,-23,18,72.7,2.86,17,-15,29.39,17,98,8,31,-18.24,-34,-13,33,36,137,141,1,102,110,3.76,26.31,-0.32,16.58,141,8.06,-3,-31,73,29,2,28.48,134
107,6.64,-35,-30,43,25.99,-40,76,6.91,-13,62.37,20,-29,137,66.67,134,69,14.97,63.13,98,77,104,89,50.3,-2.58,9,29.05,83,66,2,-21,12.5,58,99,22.48,-20.52,65,50.55,67.47,-4.95
16,19,51.03,68.53,99,132,20,28,4,88,129,76,31.04,-19.53,62.03,-37,71,14,90,30.75,18.79,30,50.67,50,58,-4,12,-28,103,33.97,109,-15,89,9.52,63,-3,10.43,-50,91,75
33,-23,108,2.54,103,-35,0.66,97,-28,66.73,77,26,31,37.61,34,10.38,-3,0,-29,31.56,3.48,135,-18,143,29.58,3,-22.98,36.15,73.51,33.44,77,-6,34,92,-21.52,128,-24,94,60.81,-8.37
58,31.89,40.15,35,38,-41,100,66.86,38,14,65.98,-14.57,-6.25,-21.08,24,-47,32,-14,25.05,148,75,101,16,147,15.59,-20,-15.79,22,38,72,-38,125,67.43,3.97,26,60,140,143,-6.97,71
37.16,68.02,44.02,32,25.76,-5.61,96,135,35,8.78,-6.61,3,63.64,139,52,68.32,33.38,68,98,53,100,34,-17,3.77,71,133,62.86,77,35.52,35.03,17,136,84,-34,79,118,21,88,32.85,103
46,115,-12.1,64.42,53,22,34.22,14.95,41.49,11,-16.27,-45,15.38,111,25.55,-20,128,-11,-40,-47,147,-17,-17.07,14.28,93,-32,-50,31.29,78,16.11,67.14,61.46,27.84,-15.04,13.43,41.04,132,-1,-38,-18
-16.74,82,97,-4.84,-25,129,143,37,-9,67.43,-44,-48,10.5,66,-47,-5.87,24,-29,75,50.15,-6,140,46.89,34.88,-12.39,-5.74,-37,95,22.64,100,10,99,58.37,47,62.55,121,30,90,81,87
-21.61,58.78,141,104,68.91,57.37,19.45,81,84,69,47.74,-11,61.61,48.37,59,48,-6.44,9.5,-24.17,50.05,129,63.63,-45,50.63,48,143,-12.98,104,-50,51.62,-9.48,42.09,-24.37,-46,-37,146,30,25.99,27,-10
59,98,48,-47,-16,-10.06,-7,118,91,31,-20,-36,-47,92,127,-28,-10.95,8.05,60.4,-48,113,105,75,27.11,142,44.01,57.24,82,129,114,-22,29,-26,70,37.05,123,-15,123,-5.89,73.66
113,-22.97,17,97,15.21,4,35,45.05,66.4,24,14,105,7.01,-47,-35,-31,69.56,1,-5,40.07,24,45.78,24.82,118,9.97,60,25.95,-30,30.87,70.01,136,-21.18,88,-6,13,1,77,40.88,-11.84,-47
91,28.04,23.47,14,74.55,-2,129,15.46,134,47.73,36.26,64,85,-35,73,54,41.51,88,83,-7,-12.49,7,117,65.77,99,129,65.86,110,44.02,114,9.81,36.66,-3.17,-7,-10,130,76,33.06,96,-8.22
65.64,50,83,118,125,22,54,52.22,43,-42,18.63,74,-19.72,123,37.66,-27,65,108,138,24.54,62.71,-37,59.18,39.77,12,-7.46,-13.06,56.11,105,18.63,-18.12,-32,-13.89,117,49,54.91,40.08,48,53,62.37
2.48,126,44,28.58,58.45,-26,13.04,43.52,143,46,49.59,17.71,-30,-23.12,-33,67.88,26.14,22.4,36.38,21.51,-20,-6,-40,83,126,13,20.01,-27,52.3,50.22,30,-20.73,15.27,52.26,-30,121,126,34.44,130,-45
72,-32,-13,17,29.78,115,67,6.9,-49,-49,90,126,29.04,12,48,58.98,35,31.21,-37,32,-6,-5.14,-14,10,135,-21,17,-13,31.36,93,89,-40,62.44,11.78,115,0.19,68.98,85,104,-31
-23,104,-1.8,-27,118,-0.81,-18,73.11,-17.57,54.79,33.12,52.74,43.32,54,-4.51,-14,-47,118,132,-3.99,2,14.29,64.6,52.07,90,-24.24,40,64,51.14,43.71,37,17.3,41,53.67,128,60,41,37,51.09,108
84,74.75,68,147,-23.64,-50,21,-29,-14.85,1.02,87,133,30.13,10.79,-19.15,119,-22,106,27,48.75,-8.57,39,43.25,61.88,7,29.05,20,137,42,108,98,-12.74,-1,-11,36,-23,115,108,-18,103
13,-11,-17,68,133,100,74,64,4,-0.38,42.76,132,33.35,111,141,52.52,2.61,118,27.01,13.43,-48,-23,-12,57.79,67,33.74,-47,28,-16.2,133,-10.74,51.77,53.05,71.25,-43,131,45.12,8.19,140,44.49
44.17,81,4.64,149,48.08,22,128,143,-10.79,68,20.64,-24,6,146,4,44,43.88,48.57,-18,86,-16.5,-33,104,15.5,-20.04,1.82,80,-48,24,35.94,-4.68,-42,139,15.82,43,36,34,34.91,24,70
132,22,0.31,99,-3,117,53,130,-8.82,10,39.52,14,12.72,29.33,91,8.63,30,15.52,17,46,56.15,19.63,7,-1.33,82,81,91,38,71.11,19,-20.02,23,-7,112,-11,55.46,100,26,69.59,-13.81
104,23.08,-8.1,15,24.55,-12.51,42.14,-34,89,43,23.08,48.13,17.41,11.23,95,-24,34,41,54,-10.73,16,6.01,44.56,19,94,41,-2.37,19.26,148,52,-13.74,18.88,-8.72,133,98,12.53,148,-13.07,85,56
49,-43,130,130,145,11.37,-30,55,119,10.07,69,132,45.33,50,36.96,76,-13.46,-35,29.65,-4,-18,18.54,67.75,28.84,92,10,-35,-19.8,35,120,11.41,-16,81,131,98,-43,38,-20,7,12
115,37.86,39,148,60,-7.28,28.82,66,68,114,-41,75,85,-11.88,-18,-22.08,119,-3,56,-2.99,-4.03,18.3,101,-24,60,111,-19.57,84,37,32.82,6,113,56.76,-11.05,-22.05,-11,125,37,-1,-22.78
17,52.54,15.06,25,52.92,140,40.54,144,37.51,41.06,67.78,23.25,-8.67,13,36,-34,38.11,4,76,66.46,-4.22,119,62,60.77,74.65,32,40,-3.66,22,114,-46,50.2,36.52,17.68,43.19,-33,4.15,-24,110,-33
34,-14.08,37,55.07,56.68,33.81,13.48,34.62,68,88,41.72,14,30.21,-18,-11,59.29,-36,-20,130,16,-22,-1.74,61,66,145,42,-23,5.5,2,73,27.15,-4,17,23,36.78,-13.62,-19.14,-33,53,-7
132,-19,16.99,30.73,104,79,-1,115,14,63.44,116,46.01,39,-44,-41,35,-4.97,-9,143,-2.15,-11,137,55,61.65,34,59.27,-0.77,133,64,2.28,93,33,111,52.15,-14,1.5,-23.28,64.59,32.92,-22
23.94,65.3,29.75,55,55,45.57,34,13,92,80,-3,-7,-29,-17,-29,79,62.03,54.95,-8.07,43.1,143,101,37.65,57.1,57,97,-15.1,53,21,49.66,60.77,-3.86,-19,42,65,7,83,11.59,103,62.75
147,-24.85,8.3,7,122,45.99,109,74.45,-21.7,24.26,-24.3,2.37,-8.89,117,50,-20,30.5,67,110,113,28.34,141,-24,119,67.8,1.78,5,68.18,132,25,-41,67,35.52,44.21,10.95,7.1,-42,59.55,-14.78,71.54
46.17,41,54,111,44.93,33.8,138,74,144,28.11,93,102,9.91,71.33,-39,34.58,121,7.53,148,34.05,21.17,144,-14,23.15,-11.92,40.48,-10.44,-8,-7,18.06,79,28.09,57,-32,-9.86,-43,18.23,-20,-18.23,67.61
37.6,-18.37,118,96,19.59,-24,-29,55.96,22.59,38.3,6.61,-5.54,-31,73.38,48,-25,-11,140,47.25,-41,6.69,18.54,22.09,136,-16.58,126,-13.16,43.15,-19.22,4,-22.94,71,-1,-9.84,19.55,122,56.75,46,-25,31.5
76,128,12,28.48,-35,36.23,-1,20,111,10.59,-41,72,10,26.9,108,44.22,31,61.25,74.58,70.08,40.32,139,-0.53,10,69.85,67,75,-6,44.01,-7.9,35,59.14,33,137,-37,-12.67,-21.83,36,85,-25
19,121,-28,87,105,-33,21.38,68.15,65.27,23.15,51.98,39,31,-32,38,20,-42,109,5,41.08,-9,18.49,69,25.82,92,67,-25,56.43,59,63.17,145,87,-10.81,148,35,125,46.26,-19.24,117,-18.29
86,0,123,135,58,19,139,-26,54.53,-24.25,75,46,11.16,6,18.71,50,47.25,97,121,-24,-19.89,-5.65,-5,139,9,76,-21,-5.69,24,56,62.99,30.78,72.6,-8,19,33,95,74,30,84
71.7,-24,27.97,-34,89,48.07,32,113,135,-46,15.68,14.56,47,-5.31,53,67.84,64.99,5.14,-24.53,26.75,4.76,24.84,-0.61,10,61,136,-14,-22.27,74.19,8.28,92,-21,-17.92,-24,29,45.05,64.01,75,-45,57
71.13,-48,50,119,-9.73,54.61,-21,-2.63,67.8,-24.8,11,55.23,39.43,100,15.15,-7.75,3.19,118,-5.72,-12.89,22,-13,-14,-11.32,134,39,-24,-8,97,39,8.77,37,62,19.98,28.51,-5,33.54,18.1,8,-49
-19.5,35.66,38.71,-21,33.08,64.89,64.7,-6.58,7.14,39.14,26,67.02,141,69.79,-15.52,74,-14.78,66,43.65,23.01,41.91,140,51.69,146,27.23,16,117,-29,-49,-7,24.7,44.28,149,69.03,-21,125,55.18,-27,19.62,148
46.44,-9.51,-5,25,11,-32,-19,62.21,30,-14,61.14,94,106,46.83,51.24,-8,50,-45,107,99,34,3,59,37,-26,146,130,63.59,40.75,7,45.54,141,10,-11,73,32,-1,4,45.59,124
-27,17.39,41.54,43,74,114,65,-49,9.74,-20.17,-15.39,32.83,65.54,109,56.78,-29,89,46,76,95,32.07,19.89,124,-11.22,1.87,16.69,33,-9.96,-42,14,-21,143,134,123,101,-43,113,71.01,56.98,2.99
147,-13,-18,5,-11,60,122,89,85,76,87,14.59,59,-19.29,-1.16,-1,93,81,15.99,136,-17.18,115,8.54,8,124,-19,9,-9,-43,39.92,-8,11.98,71,101,53,143,130,-33,-6,-14
69.1,75,118,143,0.27,60,17.52,58,136,-5,129,16.99,9.07,102,104,78,34,16.76,-0.16,12,64.85,146,-13,120,18.05,63.86,-7.93,-17.99,123,134,5.7,116,36.82,25.4,-17.38,-29,83,-40,136,127
-35,-36,21.09,49,11,26,141,-37,-0.47,66.17,93,139,-1.27,70.81,28,69,114,108,60,61,31.26,10.28,-2.96,40,-3.38,12.92,55,-19.19,-34,40.42,125,2,94,35.63,71.56,47,100,-13.6,-18.48,25.8
32.34,20,36.99,-19.84,1.43,135,110,-43,96,61,-32,-31,48,60.18,-14,45,60,107,-29,35.38,3.22,37.37,-18,-3.96,-3,32,-13.94,45.49,73.62,36,129,109,-19,10,10,69,22.02,118,85,-18
72.28,43,74,47.56,37.99,51.63,62.44,-10.42,9.84,62,19,47,-10.34,37,-38,74.08,147,62.74,-12.33,69,57.84,-8,62.25,-39,73,-40,116,-15.26,25.51,24.78,16,-18,129,8.09,112,-12.01,121,59,-42,-34
107,-49,25,47,146,-29,36.97,46.64,-23.36,54.04,106,-1.63,97,-6.07,60,98,112,125,75,82,129,-24.76,43.71,105,31,140,9.09,45.11,42.29,49.24,-20,44,-15.79,18,74,66,60,111,-9.02,-2.41
101,66,94,38.13,117,-14,68.64,32,-5,5,26,147,75,140,56.58,37,41,8.09,71,-24.17,14.43,101,43.58,-11,94,14,73.98,-4.39,149,129,-14,3.5,1.56,22.38,3,144,69.79,-8,103,-39
-50,53.44,85,110,29,109,-5.18,42,36.9,110,137,-9.99,64.04,21,149,-39,12,7.85,65,38.18,-49,-10,-25,3.5,67.59,52.97,89,32.86,-21.07,46.93,37,64,130,99,105,65.8,-1.12,56.19,65.59,59.43
120,-19.76,67.2,-10.34,-33,-12,145,66.4,51,25.25,76,-2,114,-20,66.66,59,36.64,1,57.83,-17,-19,92,36.53,44,42,135,36,67.2,-16.39,40.92,11.4,11.56,147,-20.92,-10.37,127,49.73,134,112,83
77,16.97,-5.79,85,61,36.39,-37,135,1.26,27,73,-35,-23.6,-20.88,74.54,41,6,98,27.27,55,35,25,-2,124,130,30.41,-34,60.5,8,59.94,46.81,44.17,-35,146,142,50.1,75,124,81,-9
15.43,-2.07,49.16,-3,39,15,30.87,42,12,69.34,91,93,-41,-2.88,37.44,29,42,1,6.81,28.55,17.16,-9.34,-24,84,36.49,24,70.54,144,81,-23,64.96,127,-16.13,73,3,-21.49,43,48.26,71,-13
33.78,-15.45,20.61,129,-2.08,37.22,31.92,66,70.25,13.41,110,-16,47,70,14,51.18,66.83,70.28,-36,79,43.83,149,-11.36,-43,14,61,51,137,-23.68,22.39,24,39.26,126,7.29,72.76,99,-12,56.79,112,37
-8,62.77,12,100,36.66,-34,53.03,46,62.58,24.53,-22,96,13,37.03,105,149,39.35,-15.62,17,17.3,81,53,119,0.34,67.55,64,-26,66.63,53.07,93,9.61,33,115,98,1.01,55,26.29,-45,148,3
39.96,89,12.31,98,39.24,120,30,20,53.96,43,-20.5,139,-9,-18.11,-24.41,0.47,13,13,73,72.84,-41,6,64.32,99,-7,29,34,-15,-4.9,55.05,43.57,110,13.34,15.35,67,39.56,115,39.67,48.33,-20.22
90,105,112,-35,-30,19.89,141,75,60.33,29.51,28.51,106,73.03,50,55,64.04,-26,134,46,27.13,43.91,28.33,74.35,14.29,-17.48,0,-18.89,-14,-11,56,51,74,29,-31,-37,81,-6,132,68.83,-7.86
-49,-42,-37,51.28,85,99,10,117,30.02,89,74.38,93,14,78,26,64.65,-12.98,12,24.63,28.2,137,-17.24,84,57.17,93,-17.16,-15.6,103,113,33,4,-14.66,-28,30.05,2.51,66.52,22,1,8.61,9
-41,46,52.28,16.93,29.92,6.17,142,74.56,24,-21.39,53.8,64.47,-20,25.5,-4.97,40.24,147,72,108,44.87,-3.87,-28,35.4,-1.32,-25,120,-20.72,47,-13.15,44,-41,-10,103,-17.92,123,127,138,83,7.33,35
50.24,45.36,124,52,60,49.73,-10.1,42.44,-13,57.49,-3,61.91,55,52,24.61,-27,47,121,7.11,103,68,57,60,-39,18.2,147,8.71,28,15.37,99,-3.13,-33,88,3,-34,43,5,41,24.41,0.75
111,-39,-48,71,24,36,27.87,144,18.44,75,97,37,130,61,2,43,44.34,17.44,17,6.13,71.25,60.83,68,61.98,49.15,-5,38.77,15.62,-9,31,-44,149,37.37,-15.6,58,-18.9,48,14,26.8,65.39
63.61,42.7,-17,16.02,34.45,42.02,-4,41.05,-23,27.72,93,20,-8.57,54.66,36.56,-34,84,101,110,11,65.56,64.61,56.31,61.01,53.24,80,66.44,99,34.91,40.79,133,82,0,-25,79,41.12,-7,138,93,-13
60,124,118,0,42,34,70.89,149,-8.93,38.6,26.17,71.18,31.72,20.87,33.6,-13,17.91,54,2.23,28.11,14.27,-22,71,-35,66.96,125,118,64,64.87,-38,12,90,1,94,21,-36,-10.24,85,-12.24,4
39.48,0,-24.08,114,129,-10.18,3,-32,72,55.54,5,52,42,-26,31,118,47.48,-18.55,-13,-39,66,56,78,44.35,13.3,-8,42.3,72.05,59.01,29.75,71,-2.51,124,51,24,61.68,75,92,130,24
8.01,27,7.24,1,101,23.11,-27,-23,-20.6,35,133,69.01,52.38,5,-40,8.08,17,119,40.45,4,44,7.1,13,-7,-2.84,-23,53,-11.67,50.69,-38,-14.64,54,75,51,32.04,76,30.95,105,-15.14,85
84,-36,73,38.69,86,5.87,-14.6,3,-15,-5.46,-8.2,40,27.54,40,92,57,110,108,66,65,112,23,26.04,88,19.92,50,101,10.02,27.8,-14.54,-12.88,0.53,105,17.69,22.31,83,-15,44,-7.53,7.68
-29,-1,38,37.44,126,14,12,133,14.99,102,94,103,29.63,115,-22.18,-11,28.93,77,38.27,72.25,51.88,54.96,94,45,-29,-4,-23.12,55.58,15,27.2,-35,63.27,19.74,46.09,-10,23.07,97,-46,113,110
119,5.49,-37,13.72,-4,-48,56.79,47.95,57.2,14,139,133,89,73,-41,69,49.57,-19.39,-31,71.01,2.25,57.1,82,112,35.5,59.05,-16,-36,33,38.31,130,61,37,58.45,86,37,136,-27,56,74
112,37,54.9,3,15.47,87,131,-44,65,-22,131,-50,8.88,-24,-37,35.09,86,-20,11,60,32.67,56.42,-13.07,112,-5.35,23.09,12,52,50,-19.86,85,99,73,26.94,-16,10.78,-8.33,-13.88,-26,-27
62.89,7.34,-18,74.25,11,40,62.54,102,-43,-27,60,-50,118,-43,43,-42,61.53,-8,47,131,82,-11.29,4.22,82,144,23,26.45,-16,-41,43,27.7,145,-38,84,139,-45,31.25,24,-27,21
67.22,46.62,45.87,-23,37,-13.68,4.96,69.48,122,62,41.79,114,-1.85,-32,-4,57.01,32.5,31.65,58.69,-29,60.27,-14,21.86,-6.54,-18.31,26,-46,-11,-14,62,0.48,-23.59,59.47,27.27,-21.04,55.41,54,18.11,-18.7,-48
73,126,111,145,-17.6,72.96,-47,72.13,2,37,84,132,18.72,-9.87,72.47,-5,56.21,36.69,57,-5.23,18.11,79,78,54,15,-5.1,52.14,27.55,-12.39,3,-14.85,61.4,10,26,148,122,5,95,126,-7.15
61.85,123,136,8,-11,74.28,-16,4.8,100,23,-14.37,-31,95,38.3,36.79,49,43,28.17,78,-17,46,36.21,98,-19,124,72.61,-8.04,47,63.56,3.93,-21.56,111,-14,4,52.48,-48,64.74,95,15.08,-6
-10,44,38,95,5.52,22.87,0.64,32.43,-12.08,2.96,35,-45,-11.52,100,-18,-24.49,102,-34,95,55.13,31.46,112,-12.22,19.56,-41,2,92,88,10.14,137,117,3.08,99,-23,-16.29,-2.98,-12.19,-17.71,-13.63,48
80,63.98,107,136,66.68,85,-6,6,15.96,-26,50.34,20.74,116,145,16.52,-6.95,143,26.51,8,64,37.93,-40,0.64,118,-3,78,133,121,-21,30,36.26,78,8,-43,-40,131,120,77,34.41,88
-11,59,44.65,58,62.08,52,-42,-37,-40,64.86,38.61,-23,71,25,73,33.76,9,59,67,6.49,15.1,-11,68,100,22.77,-19.44,54,-27,68,-5.81,27.67,16,38.05,49.15,11,-50,48.74,102,18.87,142